Temperatura,Pressao,Umidade,Altitude,ax,ay,az,gx,gy,gz,vib_x,vib_y,vib_z,Latitude,Longitude,Tempo
22.88,102273.17,54.72,-78.64,5.15,4.12,7.45,-0.001,-0.148,0.028,4.29,-5.48,4.35,0.000000,0.000000,9.70
8.61,99999.10,54.02,110.98,5.21,3.90,7.40,0.078,-0.117,0.043,5.80,-8.82,7.52,0.000000,0.000000,10.85
7.56,99807.09,53.80,127.15,7.26,4.58,9.16,0.040,-0.129,0.298,7.31,-7.39,6.61,0.000000,0.000000,12.00
8.35,99921.63,53.72,117.50,7.95,10.97,12.08,-1.053,-0.255,-0.473,14.34,-10.25,10.69,0.000000,0.000000,13.16
7.36,99776.84,53.61,129.70,9.21,5.07,7.08,-2.076,-0.172,-0.034,8.31,-10.25,7.52,0.000000,0.000000,14.30
8.17,99891.38,53.57,120.05,4.55,-1.15,2.17,-2.460,0.981,2.635,1.27,-5.96,1.18,0.000000,0.000000,15.45
7.80,99844.84,53.51,123.97,12.20,1.84,3.11,-1.918,1.641,-1.225,1.78,-14.54,3.90,0.000000,0.000000,16.60
6.24,99576.30,53.40,146.62,24.33,1.77,3.54,1.268,-0.982,-2.510,1.78,-27.90,0.28,0.000000,0.000000,17.76
8.21,99840.20,53.43,119.65,9.27,-0.46,4.11,-0.424,1.641,-1.095,1.78,-10.73,4.80,0.000000,0.000000,18.91
5.74,99506.81,53.32,152.49,3.75,1.77,9.83,0.178,0.022,0.309,4.79,-5.96,10.24,0.000000,0.000000,20.05
6.63,99642.78,53.32,141.01,3.40,2.64,8.88,0.174,0.088,0.083,6.30,-5.01,8.88,0.000000,0.000000,21.20
7.76,99816.10,53.37,126.39,9.06,0.58,-0.76,1.187,-0.886,1.472,2.78,-8.35,-2.44,0.000000,0.000000,22.36
5.30,99410.30,53.19,160.65,9.94,-0.82,1.68,-0.464,0.358,0.290,-0.23,-9.78,1.18,0.000000,0.000000,23.51
7.51,99775.08,53.23,129.85,10.45,-2.31,-0.45,0.144,0.076,-0.481,-2.75,-10.73,-0.18,0.000000,0.000000,24.66
8.49,99915.36,53.23,118.03,9.62,-1.18,0.50,-0.154,-0.089,-0.089,-2.24,-9.78,-1.99,0.000000,0.000000,25.81
9.08,100030.34,53.24,108.35,9.59,-1.54,1.56,0.021,-0.044,-0.050,-1.74,-8.82,0.73,0.000000,0.000000,26.97
7.54,99764.22,53.13,130.76,9.49,-1.45,0.92,0.011,-0.110,0.061,-1.24,-7.87,-1.08,0.000000,0.000000,28.11
9.65,100095.97,53.18,102.83,9.65,-1.13,0.46,-0.578,0.325,-0.299,-1.74,-9.30,1.18,0.000000,0.000000,29.27
9.20,100037.66,53.15,107.74,9.69,0.47,3.39,-0.168,-0.147,0.035,0.27,-9.78,1.18,0.000000,0.000000,30.42
8.03,99850.31,53.07,123.51,9.13,0.16,3.35,-0.118,0.682,-0.092,1.27,-10.25,2.54,0.000000,0.000000,31.57
7.96,99848.75,53.10,123.64,8.24,0.43,4.91,0.515,-0.864,-0.161,4.29,-10.73,5.71,0.000000,0.000000,32.72
7.18,99720.75,53.06,134.43,10.23,0.03,1.42,0.110,0.178,-0.110,3.29,-14.54,2.54,0.000000,0.000000,33.87
7.67,99814.95,53.09,126.49,9.63,0.18,1.71,-0.004,-0.059,-0.017,3.29,-10.25,2.54,0.000000,0.000000,35.02
7.97,99848.81,53.11,123.63,9.70,0.11,1.72,-0.006,-0.059,-0.017,2.28,-10.25,1.18,0.000000,0.000000,36.17
8.97,100002.77,53.14,110.67,9.62,0.12,1.77,-0.006,-0.065,-0.016,2.78,-13.11,1.18,0.000000,0.000000,37.32
8.58,99952.10,53.14,114.94,9.65,0.15,1.76,-0.006,-0.061,-0.016,2.78,-9.30,-0.63,0.000000,0.000000,38.47
8.47,99924.86,53.13,117.23,9.63,0.12,1.74,-0.006,-0.060,-0.016,1.78,-9.30,0.73,0.000000,0.000000,39.62
9.15,100046.67,53.15,106.98,9.63,0.14,1.74,-0.005,-0.062,-0.016,3.79,-10.25,1.63,0.000000,0.000000,40.78
8.15,99874.64,53.13,121.46,9.62,0.13,1.76,-0.006,-0.063,-0.016,4.29,-10.73,3.44,0.000000,0.000000,41.93
9.13,100028.51,53.14,108.51,9.63,0.14,1.73,-0.005,-0.062,-0.016,3.29,-9.78,1.63,0.000000,0.000000,43.08
8.48,99933.50,53.11,116.50,9.64,0.14,1.75,-0.006,-0.062,-0.016,2.78,-10.73,1.63,0.000000,0.000000,44.23
8.73,99962.19,53.11,114.09,9.65,0.15,1.75,-0.006,-0.063,-0.016,3.29,-11.21,1.63,0.000000,0.000000,45.38
9.00,100017.70,53.11,109.41,9.64,0.13,1.75,-0.007,-0.062,-0.017,1.78,-12.64,1.63,0.000000,0.000000,46.53
11.63,100427.26,53.25,75.01,9.65,0.13,1.74,-0.006,-0.062,-0.016,2.28,-11.21,2.99,0.000000,0.000000,47.69
11.39,100391.56,53.25,78.01,9.63,0.14,1.76,-0.006,-0.062,-0.016,4.79,-9.30,0.73,0.000000,0.000000,48.83
11.54,100416.89,53.28,75.88,9.64,0.13,1.73,-0.006,-0.062,-0.016,2.28,-8.35,2.54,0.000000,0.000000,49.98
8.86,99998.03,53.16,111.07,9.64,0.12,1.75,-0.006,-0.062,-0.016,1.78,-9.78,0.28,0.000000,0.000000,51.13
8.86,99992.99,53.14,111.49,9.65,0.12,1.72,-0.006,-0.061,-0.016,2.28,-11.21,0.73,0.000000,0.000000,52.29
7.95,99837.22,53.08,124.61,9.64,0.11,1.73,-0.006,-0.061,-0.017,3.29,-12.16,0.73,0.000000,0.000000,53.44
8.88,99977.96,53.09,112.76,9.65,0.15,1.77,-0.006,-0.062,-0.016,2.28,-11.21,2.99,0.000000,0.000000,54.59
8.41,99914.55,53.06,118.10,9.64,0.13,1.74,-0.006,-0.062,-0.016,2.78,-10.73,2.54,0.000000,0.000000,55.74
8.41,99902.77,53.06,119.09,9.63,0.14,1.74,-0.006,-0.061,-0.017,5.30,-10.73,1.18,0.000000,0.000000,56.89
9.07,100017.48,53.07,109.43,9.63,0.15,1.75,-0.006,-0.062,-0.016,3.29,-10.73,2.99,0.000000,0.000000,58.04
8.06,99845.17,53.05,123.94,9.65,0.12,1.75,-0.006,-0.062,-0.016,2.78,-10.73,0.73,0.000000,0.000000,59.19
9.13,100013.24,53.06,109.79,9.64,0.13,1.75,-0.006,-0.062,-0.016,2.78,-10.25,0.28,0.000000,0.000000,60.34
7.93,99827.77,53.00,125.41,9.65,0.13,1.75,-0.007,-0.062,-0.015,2.28,-11.21,2.09,0.000000,0.000000,61.49
8.63,99932.22,53.06,116.61,9.64,0.12,1.75,-0.006,-0.062,-0.016,3.29,-12.16,1.18,0.000000,0.000000,62.64
8.96,99998.72,53.04,111.01,9.64,0.13,1.76,-0.007,-0.062,-0.016,2.78,-13.11,2.09,0.000000,0.000000,63.79
8.28,99874.53,53.01,121.47,9.65,0.13,1.75,-0.006,-0.062,-0.016,1.78,-11.68,0.73,0.000000,0.000000,64.95
9.14,100028.03,53.01,108.55,9.65,0.12,1.76,-0.006,-0.062,-0.016,3.29,-10.73,2.99,0.000000,0.000000,66.10
8.24,99874.28,53.00,121.49,9.62,0.12,1.74,-0.007,-0.061,-0.016,2.28,-10.25,2.99,0.000000,0.000000,67.25
9.05,99994.91,53.02,111.33,9.65,0.15,1.76,-0.006,-0.062,-0.016,2.78,-10.73,-1.54,0.000000,0.000000,68.40
8.81,99968.84,53.03,113.53,9.64,0.13,1.74,-0.006,-0.063,-0.016,2.28,-11.21,0.73,0.000000,0.000000,69.55
8.57,99920.45,53.00,117.60,9.64,0.15,1.73,-0.006,-0.062,-0.017,2.78,-11.21,0.28,0.000000,0.000000,70.70
9.16,100028.77,53.03,108.48,9.62,0.13,1.72,-0.007,-0.062,-0.017,3.29,-12.16,1.18,0.000000,0.000000,71.85
8.21,99859.54,52.96,122.73,9.65,0.15,1.74,-0.006,-0.062,-0.017,3.79,-10.73,2.99,0.000000,0.000000,73.00
9.25,100022.62,52.99,109.00,9.66,0.11,1.75,-0.007,-0.062,-0.016,1.27,-10.73,2.09,0.000000,0.000000,74.15
8.64,99934.09,52.98,116.45,9.66,0.13,1.75,-0.006,-0.063,-0.016,2.78,-9.78,1.63,0.000000,0.000000,75.30
8.81,99954.00,52.97,114.78,9.63,0.14,1.74,-0.007,-0.062,-0.016,3.29,-9.30,1.63,0.000000,0.000000,76.45
9.16,100022.98,53.00,108.97,9.66,0.13,1.73,-0.007,-0.062,-0.016,2.28,-10.25,2.09,0.000000,0.000000,77.61
8.27,99865.23,52.95,122.25,9.64,0.13,1.74,-0.008,-0.060,-0.016,2.78,-10.73,3.44,0.000000,0.000000,78.76
9.20,100023.08,52.96,108.96,9.64,0.14,1.73,-0.007,-0.061,-0.015,2.28,-11.21,1.63,0.000000,0.000000,79.91
8.40,99891.07,52.93,120.07,9.67,0.15,1.71,-0.007,-0.061,-0.016,-0.23,-11.21,0.28,0.000000,0.000000,81.06
9.04,99986.38,52.96,112.05,9.64,0.13,1.73,-0.006,-0.062,-0.016,1.78,-11.21,1.63,0.000000,0.000000,82.21
8.98,99988.56,52.95,111.87,9.64,0.13,1.71,-0.007,-0.062,-0.016,2.78,-11.68,1.63,0.000000,0.000000,83.36
8.56,99909.33,52.93,118.54,9.64,0.14,1.73,-0.007,-0.061,-0.017,4.29,-8.82,2.09,0.000000,0.000000,84.51
9.28,100040.60,52.96,107.49,9.64,0.14,1.72,-0.007,-0.061,-0.016,2.28,-10.73,2.54,0.000000,0.000000,85.66
8.32,99874.77,52.92,121.45,9.65,0.14,1.76,-0.007,-0.062,-0.016,2.28,-9.78,-1.54,0.000000,0.000000,86.81
9.30,100027.53,52.94,108.59,9.64,0.14,1.74,-0.006,-0.062,-0.016,1.78,-9.78,1.63,0.000000,0.000000,87.97
8.74,99949.31,52.91,115.17,9.65,0.13,1.73,-0.006,-0.062,-0.016,2.78,-10.73,0.73,0.000000,0.000000,89.12
8.70,99928.30,52.91,116.94,9.65,0.13,1.74,-0.007,-0.062,-0.016,2.28,-10.73,0.73,0.000000,0.000000,90.27
9.24,100030.80,52.93,108.31,9.64,0.14,1.76,-0.006,-0.062,-0.015,2.78,-9.78,0.28,0.000000,0.000000,91.42
8.33,99870.88,52.88,121.78,9.63,0.12,1.76,-0.007,-0.061,-0.016,2.78,-12.16,2.99,0.000000,0.000000,92.57
9.35,100030.89,52.94,108.30,9.63,0.13,1.74,-0.007,-0.061,-0.016,2.28,-11.21,1.63,0.000000,0.000000,93.72
8.58,99916.81,52.90,117.91,9.62,0.13,1.73,-0.006,-0.062,-0.017,3.79,-10.73,2.09,0.000000,0.000000,94.87
8.95,99969.20,52.91,113.50,9.64,0.16,1.76,-0.007,-0.063,-0.016,2.28,-9.78,3.44,0.000000,0.000000,96.02
9.08,99997.84,52.90,111.09,9.63,0.15,1.74,-0.007,-0.062,-0.016,2.28,-9.78,0.28,0.000000,0.000000,97.17
8.45,99883.13,52.88,120.74,9.66,0.12,1.74,-0.007,-0.062,-0.016,2.28,-10.73,-1.08,0.000000,0.000000,98.32
9.26,100028.05,52.91,108.54,9.62,0.13,1.73,-0.007,-0.062,-0.016,2.78,-13.11,0.28,0.000000,0.000000,99.48
8.28,99863.65,52.86,122.38,9.65,0.13,1.74,-0.007,-0.062,-0.016,2.28,-11.68,2.09,0.000000,0.000000,100.63
9.13,99993.69,52.87,111.43,9.65,0.13,1.72,-0.007,-0.062,-0.016,4.29,-13.11,1.18,0.000000,0.000000,101.78
8.79,99947.39,52.88,115.33,9.67,0.14,1.74,-0.007,-0.062,-0.017,3.29,-10.25,0.73,0.000000,0.000000,102.93
8.65,99912.56,52.85,118.26,9.64,0.13,1.74,-0.007,-0.062,-0.016,2.78,-11.21,3.90,0.000000,0.000000,104.08
9.23,100021.37,52.88,109.11,9.64,0.13,1.75,-0.006,-0.062,-0.015,3.29,-10.73,2.54,0.000000,0.000000,105.23
8.22,99847.17,52.84,123.77,9.66,0.11,1.75,-0.007,-0.062,-0.016,2.78,-10.73,2.54,0.000000,0.000000,106.38
9.28,100010.28,52.86,110.04,9.65,0.14,1.73,-0.007,-0.062,-0.016,2.28,-10.25,0.73,0.000000,0.000000,107.53
8.54,99903.38,52.83,119.04,9.64,0.13,1.72,-0.007,-0.060,-0.017,2.28,-10.25,0.28,0.000000,0.000000,108.68
8.93,99957.23,52.84,114.50,9.65,0.14,1.72,-0.007,-0.062,-0.015,2.28,-11.68,2.09,0.000000,0.000000,109.83
9.00,99980.16,52.85,112.57,9.66,0.13,1.76,-0.007,-0.062,-0.016,2.78,-10.73,2.09,0.000000,0.000000,110.98
8.47,99881.83,52.83,120.85,9.66,0.13,1.74,-0.008,-0.063,-0.017,1.78,-11.68,1.63,0.000000,0.000000,112.14
9.24,100016.35,52.85,109.53,9.65,0.12,1.73,-0.007,-0.062,-0.016,2.78,-12.16,2.09,0.000000,0.000000,113.29
8.26,99849.30,52.81,123.59,9.64,0.12,1.73,-0.006,-0.062,-0.016,1.27,-10.25,2.99,0.000000,0.000000,114.44
9.24,100000.50,52.83,110.86,9.64,0.13,1.74,-0.007,-0.062,-0.016,3.29,-8.35,0.73,0.000000,0.000000,115.59
8.77,99936.03,52.83,116.29,9.65,0.14,1.76,-0.008,-0.062,-0.016,3.79,-8.82,2.54,0.000000,0.000000,116.74
8.74,99922.02,52.80,117.47,9.64,0.13,1.72,-0.007,-0.061,-0.017,2.78,-10.73,2.54,0.000000,0.000000,117.89
9.37,100036.57,52.84,107.83,9.64,0.12,1.72,-0.008,-0.062,-0.016,2.78,-10.25,0.28,0.000000,0.000000,119.04
8.30,99851.52,52.80,123.41,9.64,0.12,1.74,-0.006,-0.062,-0.015,2.28,-10.73,0.28,0.000000,0.000000,120.19
9.31,100009.94,52.81,110.07,9.64,0.16,1.77,-0.007,-0.062,-0.016,2.78,-12.64,1.63,0.000000,0.000000,121.34
8.55,99896.86,52.78,119.59,9.65,0.15,1.72,-0.008,-0.062,-0.017,2.78,-12.64,2.09,0.000000,0.000000,122.49
9.05,99967.50,52.80,113.64,9.64,0.12,1.74,-0.007,-0.062,-0.015,-0.23,-11.68,0.28,0.000000,0.000000,123.65
9.02,99973.20,52.81,113.16,9.65,0.13,1.73,-0.009,-0.061,-0.016,3.79,-11.68,1.18,0.000000,0.000000,124.80
8.66,99904.09,52.78,118.98,9.66,0.13,1.68,-0.008,-0.061,-0.017,2.28,-11.21,1.63,0.000000,0.000000,125.95
8.88,99955.28,52.79,114.67,9.75,0.25,1.63,-0.013,-0.022,0.018,3.29,-10.73,1.63,0.000000,0.000000,127.10
6.71,99593.94,52.69,145.13,9.53,0.50,4.84,-1.329,1.097,-0.663,3.29,-9.30,5.26,0.000000,0.000000,128.25
9.38,100015.04,52.80,109.64,0.24,-1.81,-7.56,-0.139,-0.602,-0.029,1.27,0.24,-6.97,0.000000,0.000000,129.40
7.99,99800.97,52.73,127.67,0.42,-11.40,8.99,4.387,0.550,0.767,-8.27,-3.58,11.14,0.000000,0.000000,130.55
-0.59,98434.70,52.32,243.46,7.83,-6.63,1.45,0.209,0.414,-1.649,-6.26,-7.39,-0.63,0.000000,0.000000,131.70
-0.78,98384.94,52.20,247.71,9.40,-1.84,2.50,-0.156,-0.123,0.296,-1.24,-9.30,1.63,0.000000,0.000000,132.85
5.90,99478.60,52.43,154.87,7.29,-5.74,1.03,-0.181,-0.949,1.121,-4.76,-8.35,0.28,0.000000,0.000000,134.00
9.22,99972.84,52.58,113.19,-10.22,0.90,-1.15,0.376,0.454,0.156,1.27,9.78,2.99,0.000000,0.000000,135.15
4.59,99132.69,52.36,174.88,-3.94,-4.77,-7.58,-0.292,0.013,0.083,-4.25,3.58,-5.61,0.000000,0.000000,136.31
0.13,98534.02,52.19,235.00,-0.28,-5.58,-8.60,0.936,0.623,-0.660,-2.24,-0.24,-5.16,0.000000,0.000000,137.46
7.29,99678.84,52.48,137.96,3.31,-2.05,-9.02,-1.336,-0.673,0.299,0.77,-1.67,-6.97,0.000000,0.000000,138.61
9.35,100007.62,52.60,110.26,5.45,2.23,-7.67,-0.094,1.230,0.497,4.79,-4.05,-6.06,0.000000,0.000000,139.76
6.91,99611.16,52.52,143.68,9.76,0.27,-0.17,-0.712,-0.150,-0.142,2.78,-10.25,-2.44,0.000000,0.000000,140.91
9.05,99963.63,52.64,113.97,10.74,0.08,1.72,1.612,-0.559,0.130,2.28,-10.73,-0.63,0.000000,0.000000,142.06
9.32,99997.63,52.63,111.10,9.49,-0.38,1.38,-0.007,-0.065,-0.031,2.28,-11.68,-0.63,0.000000,0.000000,143.21
9.85,100097.66,52.70,102.69,9.70,-0.21,1.50,-0.008,-0.061,-0.014,2.78,-9.78,1.18,0.000000,0.000000,144.36
9.00,99950.70,52.70,115.05,9.70,-0.11,1.42,-0.009,-0.062,-0.014,2.28,-10.73,1.18,0.000000,0.000000,145.52
9.93,100098.54,52.74,102.62,9.68,-0.23,1.49,-0.007,-0.061,-0.019,3.79,-10.73,2.99,0.000000,0.000000,146.67
9.16,99981.80,52.73,112.44,9.71,-0.20,1.49,-0.007,-0.062,-0.014,2.78,-8.82,0.73,0.000000,0.000000,147.82
9.43,100017.48,52.74,109.43,9.70,-0.20,1.49,-0.008,-0.063,-0.015,3.79,-11.68,1.18,0.000000,0.000000,148.97
9.44,100029.78,52.75,108.40,9.68,-0.18,1.47,-0.009,-0.061,-0.016,3.29,-9.30,2.99,0.000000,0.000000,150.12
9.06,99957.34,52.75,114.49,9.69,-0.22,1.48,-0.008,-0.061,-0.017,2.28,-10.25,2.09,0.000000,0.000000,151.27
9.72,100076.13,52.79,104.50,9.69,-0.20,1.49,-0.006,-0.062,-0.015,2.28,-10.25,1.18,0.000000,0.000000,152.42
8.87,99933.10,52.77,116.53,9.69,-0.20,1.47,-0.007,-0.062,-0.016,2.78,-10.25,-1.08,0.000000,0.000000,153.57
9.58,100043.58,52.79,107.24,9.69,-0.21,1.47,-0.007,-0.062,-0.016,2.28,-10.73,0.73,0.000000,0.000000,154.72
9.30,100009.54,52.80,110.10,9.70,-0.20,1.50,-0.006,-0.062,-0.016,2.28,-11.68,1.63,0.000000,0.000000,155.88
9.06,99956.94,52.76,114.53,9.69,-0.21,1.46,-0.006,-0.061,-0.017,3.79,-12.16,1.18,0.000000,0.000000,157.02
9.63,100063.45,52.78,105.57,9.69,-0.20,1.47,-0.008,-0.062,-0.015,2.28,-11.21,0.73,0.000000,0.000000,158.18
8.72,99904.47,52.75,118.95,9.69,-0.20,1.49,-0.007,-0.061,-0.016,4.79,-10.73,0.28,0.000000,0.000000,159.33
9.71,100057.52,52.78,106.07,9.69,-0.21,1.46,-0.007,-0.062,-0.017,2.28,-10.25,1.18,0.000000,0.000000,160.48
9.21,99987.14,52.76,111.99,9.69,-0.21,1.50,-0.007,-0.061,-0.016,3.79,-9.78,2.54,0.000000,0.000000,161.63
9.36,100005.63,52.77,110.43,9.68,-0.19,1.47,-0.007,-0.061,-0.016,3.29,-8.82,2.09,0.000000,0.000000,162.78
9.77,100079.97,52.79,104.18,9.68,-0.20,1.45,-0.007,-0.062,-0.016,2.28,-9.30,-0.18,0.000000,0.000000,163.93
8.80,99913.68,52.75,118.17,9.69,-0.18,1.47,-0.007,-0.062,-0.015,2.28,-9.30,-1.08,0.000000,0.000000,165.08
9.77,100064.94,52.78,105.44,9.70,-0.20,1.49,-0.007,-0.062,-0.015,2.78,-12.16,-0.18,0.000000,0.000000,166.23
9.10,99967.64,52.77,113.63,9.71,-0.22,1.47,-0.007,-0.061,-0.016,2.28,-12.64,1.18,0.000000,0.000000,167.38
9.52,100027.34,52.77,108.60,9.68,-0.19,1.48,-0.008,-0.062,-0.017,3.29,-13.11,0.28,0.000000,0.000000,168.54
9.63,100056.75,52.78,106.13,9.69,-0.20,1.47,-0.008,-0.062,-0.015,2.28,-11.68,1.63,0.000000,0.000000,169.69
9.06,99953.22,52.76,114.84,9.67,-0.21,1.47,-0.007,-0.062,-0.016,3.79,-10.73,0.73,0.000000,0.000000,170.84
9.87,100090.16,52.79,103.32,9.69,-0.20,1.48,-0.007,-0.062,-0.016,3.29,-11.68,0.73,0.000000,0.000000,171.99
8.97,99941.55,52.76,115.82,9.69,-0.21,1.48,-0.007,-0.062,-0.016,3.29,-9.30,2.09,0.000000,0.000000,173.14
9.76,100062.84,52.79,105.62,9.66,-0.21,1.46,-0.008,-0.062,-0.016,3.79,-10.73,1.63,0.000000,0.000000,174.29
9.51,100032.20,52.78,108.19,9.68,-0.21,1.48,-0.007,-0.060,-0.016,2.28,-10.25,-0.18,0.000000,0.000000,175.44
9.24,99977.89,52.78,112.76,9.70,-0.21,1.48,-0.007,-0.062,-0.017,2.78,-10.25,2.99,0.000000,0.000000,176.59
9.71,100066.19,52.79,105.34,9.69,-0.20,1.47,-0.007,-0.061,-0.016,2.78,-11.68,0.73,0.000000,0.000000,177.74
8.88,99923.27,52.76,117.36,9.67,-0.21,1.51,-0.006,-0.061,-0.017,2.78,-10.73,1.18,0.000000,0.000000,178.89
9.80,100064.91,52.79,105.44,9.69,-0.21,1.48,-0.007,-0.061,-0.016,3.29,-13.59,2.09,0.000000,0.000000,180.04
9.67,100057.07,52.78,106.10,9.68,-0.21,1.48,-0.007,-0.062,-0.016,3.79,-10.73,0.28,0.000000,0.000000,181.20
9.29,99985.38,52.76,112.13,9.69,-0.20,1.47,-0.007,-0.062,-0.016,3.29,-8.82,1.63,0.000000,0.000000,182.35
9.58,100041.59,52.78,107.40,9.70,-0.21,1.47,-0.008,-0.061,-0.016,3.79,-9.78,1.63,0.000000,0.000000,183.50
8.81,99905.83,52.75,118.83,9.69,-0.22,1.49,-0.008,-0.062,-0.016,3.29,-10.25,1.63,0.000000,0.000000,184.65
9.77,100075.36,52.78,104.56,9.67,-0.19,1.47,-0.007,-0.061,-0.015,3.29,-10.25,2.09,0.000000,0.000000,185.80
9.31,99989.97,52.77,111.75,9.71,-0.21,1.49,-0.007,-0.062,-0.016,2.78,-9.78,-0.18,0.000000,0.000000,186.95
10.27,100126.93,52.82,100.23,9.70,-0.21,1.50,-0.007,-0.061,-0.016,1.78,-8.82,-4.25,0.000000,0.000000,188.10
9.63,100049.57,52.78,106.73,9.67,-0.18,1.50,-0.008,-0.061,-0.016,2.28,-10.25,0.28,0.000000,0.000000,189.25
9.22,99970.95,52.77,113.35,9.68,-0.21,1.49,-0.007,-0.061,-0.017,2.78,-12.64,-0.18,0.000000,0.000000,190.40
9.84,100077.27,52.79,104.40,9.69,-0.21,1.46,-0.007,-0.061,-0.016,1.78,-14.07,0.28,0.000000,0.000000,191.56
8.97,99931.48,52.76,116.67,9.68,-0.21,1.46,-0.008,-0.061,-0.016,6.80,-10.73,0.73,0.000000,0.000000,192.70
9.68,100037.73,52.78,107.73,9.69,-0.20,1.48,-0.008,-0.062,-0.017,2.28,-11.21,1.18,0.000000,0.000000,193.86
9.43,100008.47,52.77,110.19,9.69,-0.20,1.49,-0.007,-0.062,-0.016,2.78,-10.73,2.09,0.000000,0.000000,195.01
9.28,99976.55,52.76,112.88,9.70,-0.20,1.47,-0.007,-0.061,-0.016,2.28,-10.73,2.09,0.000000,0.000000,196.16
9.93,100092.91,52.80,103.09,9.69,-0.21,1.48,-0.008,-0.062,-0.016,3.79,-10.25,3.90,0.000000,0.000000,197.31
8.94,99922.58,52.74,117.42,9.69,-0.20,1.46,-0.007,-0.061,-0.017,3.29,-9.30,0.73,0.000000,0.000000,198.46
9.90,100072.42,52.77,104.81,9.67,-0.21,1.46,-0.008,-0.062,-0.016,3.29,-10.25,1.18,0.000000,0.000000,199.61
9.39,100001.66,52.79,110.76,9.68,-0.20,1.49,-0.007,-0.061,-0.017,2.28,-9.78,-0.63,0.000000,0.000000,200.76
9.50,100010.49,52.78,110.02,9.69,-0.20,1.48,-0.007,-0.062,-0.016,2.78,-10.73,-0.18,0.000000,0.000000,201.91
9.85,100074.13,52.78,104.67,9.69,-0.20,1.46,-0.007,-0.061,-0.016,2.28,-10.73,2.54,0.000000,0.000000,203.06
8.99,99929.58,52.76,116.83,9.68,-0.20,1.46,-0.008,-0.062,-0.016,2.28,-13.59,2.09,0.000000,0.000000,204.21
9.82,100066.35,52.77,106.12,9.69,-0.20,1.45,-0.008,-0.061,-0.016,3.29,-12.16,0.73,0.000000,0.000000,205.37
9.25,99973.09,52.75,113.17,9.69,-0.21,1.47,-0.008,-0.061,-0.017,4.29,-11.21,2.99,0.000000,0.000000,206.52
9.75,100046.59,52.77,106.98,9.67,-0.20,1.48,-0.007,-0.062,-0.017,3.29,-12.64,3.44,0.000000,0.000000,207.67
9.76,100058.80,52.77,105.96,9.69,-0.22,1.50,-0.006,-0.061,-0.017,2.28,-10.73,1.18,0.000000,0.000000,208.82
9.37,99987.53,52.74,111.95,9.69,-0.20,1.51,-0.007,-0.061,-0.016,4.29,-10.25,2.09,0.000000,0.000000,209.97
10.11,100112.06,52.79,101.48,9.68,-0.20,1.46,-0.007,-0.061,-0.017,3.29,-10.25,1.63,0.000000,0.000000,211.12
9.18,99957.84,52.75,114.45,9.69,-0.21,1.50,-0.007,-0.062,-0.016,3.29,-9.78,1.63,0.000000,0.000000,212.27
10.01,100086.92,52.77,103.59,9.69,-0.22,1.47,-0.007,-0.062,-0.017,3.29,-10.25,0.73,0.000000,0.000000,213.42
9.59,100027.38,52.76,108.60,9.69,-0.22,1.48,-0.007,-0.062,-0.017,2.28,-10.25,1.18,0.000000,0.000000,214.57
9.47,99999.44,52.75,110.95,9.68,-0.21,1.47,-0.008,-0.060,-0.016,2.78,-10.25,0.28,0.000000,0.000000,215.72
10.01,100096.31,52.78,102.80,9.70,-0.21,1.47,-0.007,-0.063,-0.017,2.28,-12.16,-1.08,0.000000,0.000000,216.88
9.04,99928.88,52.73,116.89,9.67,-0.21,1.47,-0.007,-0.061,-0.016,2.78,-10.73,-1.08,0.000000,0.000000,218.03
9.96,100074.89,52.76,104.60,9.68,-0.19,1.48,-0.008,-0.061,-0.017,2.28,-11.68,1.18,0.000000,0.000000,219.18
9.30,99975.53,52.74,112.96,9.68,-0.21,1.45,-0.007,-0.062,-0.016,3.29,-12.16,0.73,0.000000,0.000000,220.33
9.51,100002.72,52.74,110.68,9.70,-0.20,1.48,-0.009,-0.061,-0.016,3.29,-10.73,1.63,0.000000,0.000000,221.48
9.75,100050.97,52.75,106.62,9.69,-0.20,1.50,-0.008,-0.062,-0.016,4.29,-11.21,1.18,0.000000,0.000000,222.63
9.08,99932.00,52.73,116.63,9.68,-0.22,1.46,-0.007,-0.062,-0.016,2.28,-10.73,2.54,0.000000,0.000000,223.78
9.87,100067.43,52.79,105.23,9.68,-0.19,1.48,-0.007,-0.061,-0.016,3.79,-11.21,1.63,0.000000,0.000000,224.93
9.03,99924.77,52.72,117.24,9.68,-0.22,1.47,-0.007,-0.061,-0.016,3.29,-9.30,1.63,0.000000,0.000000,226.08
9.75,100037.01,52.74,107.79,9.67,-0.19,1.53,-0.007,-0.061,-0.016,3.29,-10.73,1.63,0.000000,0.000000,227.23
9.46,100000.20,52.74,110.89,9.69,-0.21,1.48,-0.008,-0.062,-0.016,3.29,-10.25,1.63,0.000000,0.000000,228.39
9.51,99995.88,52.73,111.25,9.69,-0.20,1.50,-0.007,-0.061,-0.016,2.78,-10.25,1.18,0.000000,0.000000,229.54
10.11,100104.30,52.75,102.13,9.70,-0.21,1.47,-0.007,-0.061,-0.016,2.78,-10.73,3.44,0.000000,0.000000,230.69
9.22,99952.45,52.73,114.91,9.69,-0.20,1.46,-0.007,-0.061,-0.015,2.78,-9.78,2.09,0.000000,0.000000,231.84
10.15,100096.72,52.75,102.77,9.69,-0.20,1.48,-0.008,-0.062,-0.018,2.78,-13.59,2.09,0.000000,0.000000,232.99
9.48,100000.28,52.75,110.88,9.69,-0.21,1.49,-0.007,-0.062,-0.017,2.28,-12.16,0.73,0.000000,0.000000,234.14
9.60,100010.67,52.73,110.01,9.69,-0.20,1.47,-0.008,-0.061,-0.016,2.28,-9.30,0.28,0.000000,0.000000,235.29
9.91,100069.88,52.74,105.03,9.68,-0.21,1.47,-0.007,-0.062,-0.016,4.29,-10.73,0.28,0.000000,0.000000,236.44
9.12,99933.86,52.71,116.47,9.66,-0.20,1.48,-0.007,-0.061,-0.017,3.29,-11.68,2.99,0.000000,0.000000,237.59
9.97,100065.95,52.75,104.59,9.70,-0.19,1.47,-0.007,-0.061,-0.016,2.28,-9.30,1.63,0.000000,0.000000,238.74
9.10,99931.42,52.70,116.68,9.69,-0.18,1.48,-0.007,-0.060,-0.015,3.79,-10.25,0.73,0.000000,0.000000,239.89
9.87,100048.02,52.72,106.86,9.67,-0.19,1.47,-0.007,-0.060,-0.016,2.28,-9.78,1.18,0.000000,0.000000,241.05
9.60,100015.06,52.72,109.64,9.69,-0.21,1.50,-0.007,-0.062,-0.016,1.78,-10.25,2.54,0.000000,0.000000,242.20
9.40,99970.52,52.71,113.39,9.70,-0.20,1.47,-0.007,-0.063,-0.015,3.79,-9.78,2.99,0.000000,0.000000,243.35
10.03,100082.19,52.74,103.99,9.68,-0.19,1.50,-0.007,-0.062,-0.016,1.78,-9.78,1.18,0.000000,0.000000,244.50
9.09,99923.23,52.71,117.37,9.67,-0.20,1.48,-0.008,-0.061,-0.016,3.79,-10.25,2.09,0.000000,0.000000,245.65
10.04,100071.42,52.73,104.90,9.70,-0.21,1.49,-0.007,-0.061,-0.016,2.78,-10.73,0.28,0.000000,0.000000,246.80
9.60,100009.35,52.71,110.12,9.68,-0.21,1.49,-0.008,-0.061,-0.016,2.28,-10.25,0.73,0.000000,0.000000,247.95
9.16,99937.16,52.68,116.19,9.69,-0.21,1.46,-0.009,-0.062,-0.015,2.28,-10.25,3.44,0.000000,0.000000,249.10
9.86,100056.50,52.73,106.15,9.70,-0.19,1.45,-0.009,-0.062,-0.016,2.78,-10.25,0.73,0.000000,0.000000,250.25
9.21,99943.89,52.69,115.63,9.70,-0.21,1.46,-0.008,-0.062,-0.017,2.78,-11.68,-1.54,0.000000,0.000000,251.41
10.17,100098.56,52.70,102.29,9.70,-0.21,1.45,-0.007,-0.060,-0.017,3.29,-12.16,2.99,0.000000,0.000000,252.56
9.43,99977.42,52.71,112.80,9.69,-0.20,1.47,-0.008,-0.062,-0.017,2.78,-11.21,0.73,0.000000,0.000000,253.71
12.41,100439.73,52.82,73.97,9.67,-0.20,1.47,-0.008,-0.061,-0.017,2.28,-9.78,1.63,0.000000,0.000000,254.86
12.56,100477.98,52.86,70.76,9.69,-0.21,1.47,-0.007,-0.061,-0.016,1.27,-8.82,1.63,0.000000,0.000000,256.01
11.77,100349.56,52.85,81.53,9.69,-0.22,1.46,-0.008,-0.061,-0.015,2.78,-8.35,2.09,0.000000,0.000000,257.16
11.55,100310.07,52.83,84.84,9.69,-0.20,1.48,-0.009,-0.061,-0.016,2.28,-7.87,0.28,0.000000,0.000000,258.31
11.49,100302.02,52.85,85.52,9.70,-0.21,1.47,-0.008,-0.061,-0.016,2.78,-8.35,0.73,0.000000,0.000000,259.46
12.24,100418.53,52.88,75.74,9.68,-0.20,1.46,-0.007,-0.062,-0.016,1.78,-8.82,-1.54,0.000000,0.000000,260.61
12.21,100437.97,52.94,76.05,9.69,-0.21,1.50,-0.008,-0.062,-0.016,2.28,-9.30,-2.89,0.000000,0.000000,261.76
12.36,100440.79,52.91,73.88,9.67,-0.20,1.46,-0.007,-0.061,-0.017,1.78,-9.78,0.73,0.000000,0.000000,262.91
12.11,100399.83,52.91,77.31,9.70,-0.21,1.49,-0.007,-0.061,-0.016,1.78,-11.21,-1.08,0.000000,0.000000,264.07
11.99,100382.36,52.92,78.78,9.68,-0.21,1.47,-0.007,-0.061,-0.016,4.79,-9.30,0.28,0.000000,0.000000,265.22
11.77,100342.86,52.91,82.09,9.69,-0.20,1.47,-0.008,-0.061,-0.017,1.78,-8.82,1.18,0.000000,0.000000,266.37
11.54,100307.35,52.90,85.07,9.67,-0.20,1.48,-0.008,-0.062,-0.016,2.78,-8.35,0.28,0.000000,0.000000,267.52
11.74,100339.56,52.93,82.37,9.70,-0.24,1.46,-0.006,-0.061,-0.016,2.78,-6.92,0.28,0.000000,0.000000,268.67
11.79,100349.95,52.94,81.50,9.69,-0.23,1.47,-0.007,-0.061,-0.017,2.78,-7.87,0.28,0.000000,0.000000,269.82
12.12,100399.31,52.96,77.36,9.71,-0.19,1.47,-0.007,-0.062,-0.017,1.78,-8.82,-2.44,0.000000,0.000000,270.97
12.13,100402.69,52.97,77.07,9.70,-0.18,1.46,-0.008,-0.061,-0.016,1.78,-8.35,-1.08,0.000000,0.000000,272.12
11.99,100376.31,52.96,79.29,9.69,-0.20,1.49,-0.008,-0.062,-0.016,1.78,-10.25,-0.18,0.000000,0.000000,273.27
11.83,100351.11,52.96,81.40,9.68,-0.20,1.46,-0.008,-0.062,-0.016,1.78,-8.82,0.73,0.000000,0.000000,274.42
11.73,100337.16,52.96,82.57,9.69,-0.20,1.49,-0.008,-0.062,-0.016,1.27,-9.30,0.28,0.000000,0.000000,275.57
12.27,100419.31,52.98,75.68,9.71,-0.20,1.47,-0.008,-0.062,-0.017,1.78,-8.82,1.63,0.000000,0.000000,276.73
12.18,100411.30,53.01,76.35,9.69,-0.21,1.43,-0.007,-0.061,-0.016,2.28,-8.35,2.09,0.000000,0.000000,277.88
12.42,100440.38,53.01,73.91,9.70,-0.19,1.47,-0.008,-0.062,-0.017,3.29,-8.35,2.09,0.000000,0.000000,279.03
12.34,100422.16,53.02,75.44,9.69,-0.20,1.45,-0.008,-0.062,-0.016,2.28,-7.87,2.09,0.000000,0.000000,280.18
12.41,100441.80,53.02,73.79,9.68,-0.21,1.48,-0.007,-0.062,-0.016,1.78,-8.35,1.18,0.000000,0.000000,281.33
11.86,100354.07,53.01,81.15,9.67,-0.20,1.47,-0.007,-0.061,-0.017,1.27,-7.87,-0.63,0.000000,0.000000,282.48
12.16,100397.78,53.03,77.49,9.70,-0.21,1.50,-0.007,-0.061,-0.017,1.78,-8.82,0.28,0.000000,0.000000,283.63
12.13,100396.55,53.03,77.59,9.70,-0.21,1.48,-0.009,-0.061,-0.016,1.27,-11.21,0.28,0.000000,0.000000,284.78
12.53,100456.72,53.06,72.54,9.69,-0.19,1.46,-0.009,-0.061,-0.017,1.27,-8.35,0.28,0.000000,0.000000,285.93
12.51,100456.05,53.07,72.60,9.68,-0.18,1.50,-0.008,-0.062,-0.016,3.29,-9.30,1.63,0.000000,0.000000,287.08
12.52,100452.71,53.08,72.88,9.68,-0.21,1.47,-0.008,-0.062,-0.017,2.28,-9.30,1.63,0.000000,0.000000,288.23
12.64,100470.19,53.08,71.41,9.70,-0.21,1.52,-0.007,-0.061,-0.015,3.29,-7.87,1.63,0.000000,0.000000,289.39
11.99,100373.23,53.06,79.54,9.70,-0.21,1.46,-0.007,-0.061,-0.016,1.78,-8.35,2.54,0.000000,0.000000,290.54
12.28,100417.72,53.08,75.81,9.68,-0.18,1.48,-0.006,-0.062,-0.017,1.78,-8.35,1.63,0.000000,0.000000,291.69
12.35,100427.36,53.10,75.00,9.70,-0.20,1.45,-0.008,-0.063,-0.015,0.77,-7.87,0.28,0.000000,0.000000,292.84
12.50,100451.42,53.10,72.99,9.68,-0.20,1.47,-0.007,-0.061,-0.016,1.27,-8.82,0.28,0.000000,0.000000,293.99
12.61,100465.14,53.10,71.84,9.68,-0.19,1.48,-0.007,-0.061,-0.017,1.78,-10.25,0.73,0.000000,0.000000,295.14
11.91,100347.71,53.07,81.69,9.68,-0.22,1.44,-0.008,-0.061,-0.016,1.27,-8.35,-0.63,0.000000,0.000000,296.29
12.09,100376.89,53.09,79.24,9.69,-0.20,1.47,-0.009,-0.061,-0.016,2.28,-8.35,-0.63,0.000000,0.000000,297.44
12.07,100374.16,53.09,79.47,9.70,-0.21,1.49,-0.007,-0.062,-0.016,1.78,-8.82,0.73,0.000000,0.000000,298.84
12.22,100401.94,53.12,77.14,9.67,-0.20,1.50,-0.007,-0.061,-0.016,3.29,-9.78,1.63,0.000000,0.000000,299.74
12.36,100421.20,53.12,75.52,9.69,-0.19,1.48,-0.008,-0.062,-0.016,1.78,-8.35,1.18,0.000000,0.000000,300.89
12.54,100448.98,53.13,73.19,9.68,-0.21,1.48,-0.007,-0.062,-0.017,0.77,-8.35,2.54,0.000000,0.000000,302.05
12.34,100419.82,53.11,75.64,9.70,-0.19,1.49,-0.007,-0.062,-0.017,1.78,-7.87,1.63,0.000000,0.000000,303.20
11.06,100207.50,53.05,93.46,9.69,-0.21,1.49,-0.007,-0.062,-0.016,1.78,-7.87,-0.18,0.000000,0.000000,304.35
11.33,100252.31,53.07,89.69,9.67,-0.20,1.46,-0.008,-0.061,-0.016,1.78,-8.82,1.18,0.000000,0.000000,305.50
11.68,100311.44,53.09,84.73,9.62,-1.06,2.38,0.188,-0.149,-0.081,1.27,-8.82,-0.18,0.000000,0.000000,306.65
8.58,99813.26,52.98,126.63,5.77,-7.00,-0.94,-0.082,0.004,0.372,-5.76,-6.44,-1.54,0.000000,0.000000,307.80
13.27,100559.83,53.13,63.90,6.88,-2.57,7.05,1.685,0.128,0.543,-1.74,-8.35,5.71,0.000000,0.000000,308.95
13.42,100575.84,53.13,62.56,6.94,-0.63,6.75,-0.179,-0.004,-0.097,0.27,-5.96,6.16,0.000000,0.000000,310.10
12.84,100483.97,53.10,70.26,7.24,0.22,6.63,-0.125,-0.704,0.079,2.78,-7.87,5.71,0.000000,0.000000,311.25
12.74,100469.32,53.10,71.49,7.47,-1.34,5.17,-1.041,0.186,-0.127,0.77,-7.39,5.71,0.000000,0.000000,312.40
9.18,99907.25,52.93,118.71,4.94,-4.30,7.29,-0.579,0.100,0.094,-2.24,-5.48,6.61,0.000000,0.000000,313.55
11.80,100301.47,53.01,85.57,9.26,0.77,3.78,-0.558,-0.801,-0.795,2.28,-7.39,3.44,0.000000,0.000000,314.71
14.00,100662.36,53.09,55.32,8.81,-2.11,0.81,-1.022,-0.857,-2.825,-0.23,-6.92,1.63,0.000000,0.000000,315.86
13.43,100573.82,53.06,62.73,9.74,-0.68,0.97,3.243,0.851,1.828,0.77,-8.82,-2.89,0.000000,0.000000,317.01
13.80,100634.69,53.06,57.63,11.32,-0.66,1.31,-0.059,0.268,0.555,1.78,-10.25,1.63,0.000000,0.000000,318.16
11.44,100256.59,52.96,89.33,9.68,-1.57,1.65,-0.105,-0.081,-0.043,0.77,-8.82,0.73,0.000000,0.000000,319.31
12.01,100345.29,52.99,81.89,9.68,-0.17,1.58,-0.008,-0.062,-0.017,1.27,-9.78,1.18,0.000000,0.000000,320.46
11.94,100340.96,52.99,82.25,9.67,-0.20,1.61,-0.007,-0.061,-0.019,1.78,-9.30,0.73,0.000000,0.000000,321.61
12.03,100348.74,53.01,81.60,9.70,-0.24,1.58,-0.007,-0.061,-0.017,0.27,-8.82,0.28,0.000000,0.000000,322.76
12.34,100399.08,53.00,77.38,9.68,-0.20,1.59,-0.009,-0.061,-0.015,2.78,-9.30,0.73,0.000000,0.000000,323.92
12.33,100400.59,53.00,77.25,9.68,-0.20,1.57,-0.007,-0.061,-0.016,3.79,-8.82,0.28,0.000000,0.000000,325.07
12.16,100368.02,52.99,79.98,9.67,-0.20,1.55,-0.007,-0.061,-0.017,2.28,-9.78,2.54,0.000000,0.000000,326.22
12.09,100354.83,52.99,81.09,9.67,-0.18,1.60,-0.008,-0.062,-0.017,2.28,-7.87,2.99,0.000000,0.000000,327.37
11.93,100333.67,52.99,82.86,9.65,-0.21,1.58,-0.008,-0.061,-0.016,1.78,-8.35,1.63,0.000000,0.000000,328.52
12.39,100404.68,53.00,76.91,9.67,-0.19,1.55,-0.009,-0.061,-0.017,1.78,-7.39,2.09,0.000000,0.000000,329.67
12.35,100403.22,53.01,77.03,9.66,-0.20,1.57,-0.009,-0.061,-0.016,1.78,-8.82,-0.63,0.000000,0.000000,330.82
12.32,100394.70,52.99,77.74,9.67,-0.19,1.58,-0.008,-0.062,-0.016,1.27,-8.35,-0.18,0.000000,0.000000,331.97
12.25,100381.11,52.99,78.88,9.67,-0.20,1.56,-0.008,-0.062,-0.017,1.78,-8.82,0.73,0.000000,0.000000,333.12
12.25,100382.93,52.99,78.73,9.67,-0.21,1.59,-0.008,-0.061,-0.016,2.28,-9.30,-0.63,0.000000,0.000000,334.28
12.17,100366.09,52.98,80.14,9.65,-0.20,1.56,-0.007,-0.062,-0.016,1.27,-10.73,0.28,0.000000,0.000000,335.43
11.95,100327.21,52.99,83.41,9.68,-0.19,1.59,-0.008,-0.062,-0.016,2.78,-9.30,0.28,0.000000,0.000000,336.58
11.91,100323.77,52.98,83.69,9.68,-0.20,1.56,-0.007,-0.062,-0.016,3.29,-9.78,0.73,0.000000,0.000000,337.73
12.48,100414.86,52.98,76.05,9.69,-0.20,1.57,-0.007,-0.062,-0.016,2.78,-7.39,-0.18,0.000000,0.000000,338.88
12.46,100413.63,53.01,76.16,9.67,-0.19,1.55,-0.008,-0.062,-0.016,2.28,-8.35,1.63,0.000000,0.000000,340.03
12.26,100375.02,52.96,79.39,9.68,-0.22,1.55,-0.008,-0.062,-0.016,2.78,-8.82,2.99,0.000000,0.000000,341.18
11.92,100317.86,52.95,84.19,9.65,-0.18,1.57,-0.007,-0.061,-0.016,2.28,-7.39,1.63,0.000000,0.000000,342.33
12.13,100355.59,52.96,81.02,9.69,-0.19,1.56,-0.009,-0.061,-0.016,1.78,-8.35,0.73,0.000000,0.000000,343.48
11.99,100332.80,52.97,82.94,9.69,-0.20,1.57,-0.008,-0.061,-0.015,1.78,-8.35,-1.54,0.000000,0.000000,344.63
12.39,100391.80,52.97,77.99,9.66,-0.20,1.59,-0.008,-0.061,-0.016,2.28,-9.30,-1.99,0.000000,0.000000,345.78
12.61,100433.10,52.98,74.52,9.68,-0.20,1.58,-0.009,-0.059,-0.016,1.27,-8.35,0.28,0.000000,0.000000,346.93
12.57,100419.66,52.97,75.65,9.65,-0.20,1.59,-0.007,-0.061,-0.015,1.78,-10.73,0.28,0.000000,0.000000,348.09
12.46,100384.61,52.98,77.45,9.67,-0.21,1.58,-0.007,-0.062,-0.016,0.27,-9.78,-0.18,0.000000,0.000000,349.24
12.59,100422.84,52.96,75.38,9.66,-0.22,1.55,-0.008,-0.062,-0.016,2.78,-9.30,0.28,0.000000,0.000000,350.39
12.38,100384.92,52.94,78.56,9.66,-0.20,1.59,-0.007,-0.061,-0.017,2.78,-8.35,0.73,0.000000,0.000000,351.54
12.37,100387.17,52.95,78.37,9.66,-0.21,1.57,-0.007,-0.061,-0.016,2.78,-9.78,0.28,0.000000,0.000000,352.69
12.52,100405.58,52.96,76.83,9.67,-0.20,1.58,-0.007,-0.062,-0.015,2.78,-9.78,1.63,0.000000,0.000000,353.84
12.66,100429.97,52.96,74.79,9.67,-0.18,1.59,-0.008,-0.061,-0.016,3.29,-9.30,0.73,0.000000,0.000000,354.99
12.69,100434.52,52.95,74.40,9.68,-0.21,1.60,-0.008,-0.061,-0.016,3.29,-8.82,1.63,0.000000,0.000000,356.14
12.64,100424.70,52.93,75.23,9.67,-0.20,1.56,-0.007,-0.061,-0.015,2.28,-7.39,1.18,0.000000,0.000000,357.29
12.74,100440.84,52.96,73.87,9.67,-0.19,1.58,-0.008,-0.061,-0.017,1.78,-8.82,-1.08,0.000000,0.000000,358.45
12.64,100427.44,52.93,75.00,9.66,-0.19,1.58,-0.008,-0.062,-0.016,1.78,-8.35,-2.44,0.000000,0.000000,359.60
12.79,100443.61,52.93,73.64,9.66,-0.20,1.59,-0.008,-0.061,-0.016,1.27,-8.82,1.63,0.000000,0.000000,360.75
12.74,100441.34,53.02,73.83,9.68,-0.20,1.58,-0.007,-0.062,-0.016,1.78,-10.25,0.73,0.000000,0.000000,361.90
12.46,100393.54,52.91,77.84,9.67,-0.21,1.55,-0.008,-0.061,-0.017,1.78,-10.73,3.44,0.000000,0.000000,363.05
12.46,100389.15,52.90,78.21,9.67,-0.20,1.58,-0.009,-0.062,-0.017,1.78,-10.25,-0.18,0.000000,0.000000,364.20
12.67,100424.34,52.89,75.26,9.67,-0.19,1.60,-0.007,-0.061,-0.015,2.28,-8.82,0.28,0.000000,0.000000,365.35
12.75,100439.09,52.90,74.02,9.69,-0.20,1.58,-0.009,-0.061,-0.016,1.27,-9.30,1.63,0.000000,0.000000,366.50
12.59,100408.34,52.89,76.60,9.67,-0.20,1.59,-0.009,-0.062,-0.017,2.28,-9.30,1.18,0.000000,0.000000,367.65
12.81,100446.39,52.91,73.41,9.68,-0.20,1.59,-0.009,-0.060,-0.017,2.78,-7.87,1.18,0.000000,0.000000,368.80
12.61,100413.84,52.89,76.14,9.67,-0.19,1.61,-0.008,-0.061,-0.017,3.29,-8.35,1.63,0.000000,0.000000,369.95
12.82,100440.84,52.91,73.87,9.66,-0.20,1.58,-0.008,-0.061,-0.017,2.78,-8.82,2.54,0.000000,0.000000,371.10
12.86,100448.98,52.88,73.19,9.69,-0.20,1.59,-0.008,-0.062,-0.016,1.27,-7.39,0.73,0.000000,0.000000,372.26
12.63,100408.79,52.87,76.56,9.68,-0.21,1.59,-0.008,-0.060,-0.017,2.28,-8.35,1.63,0.000000,0.000000,373.41
12.30,100361.97,52.86,80.49,9.68,-0.21,1.58,-0.007,-0.062,-0.016,1.27,-7.87,1.18,0.000000,0.000000,374.56
12.36,100369.09,52.85,79.89,9.66,-0.19,1.57,-0.009,-0.062,-0.017,2.28,-8.82,1.18,0.000000,0.000000,375.71
12.69,100419.25,52.85,75.68,9.67,-0.19,1.58,-0.008,-0.061,-0.016,2.28,-8.82,-0.18,0.000000,0.000000,376.86
12.74,100428.64,52.87,74.90,9.69,-0.19,1.58,-0.008,-0.062,-0.017,1.78,-9.78,1.18,0.000000,0.000000,378.01
12.87,100445.52,52.85,73.48,9.70,-0.18,1.54,-0.008,-0.060,-0.016,1.78,-10.25,0.73,0.000000,0.000000,379.16
12.37,100360.38,52.80,80.62,9.68,-0.18,1.59,-0.007,-0.061,-0.016,1.78,-11.21,1.18,0.000000,0.000000,380.31
12.22,100341.06,52.81,82.24,9.66,-0.21,1.54,-0.009,-0.061,-0.016,1.27,-9.78,0.73,0.000000,0.000000,381.46
12.36,100360.89,52.81,80.58,9.66,-0.14,1.54,-0.009,-0.062,-0.016,1.78,-9.78,1.18,0.000000,0.000000,382.61
12.89,100446.30,52.83,73.42,9.67,-0.18,1.55,-0.008,-0.063,-0.018,1.78,-10.25,0.28,0.000000,0.000000,383.77
12.81,100432.70,52.81,74.56,9.66,-0.16,1.56,-0.007,-0.062,-0.018,2.28,-8.82,0.73,0.000000,0.000000,384.92
12.88,100440.09,52.80,73.94,9.68,-0.21,1.59,-0.008,-0.061,-0.017,1.27,-9.30,2.09,0.000000,0.000000,386.07
12.81,100433.55,52.81,74.49,9.66,-0.18,1.57,-0.008,-0.061,-0.017,2.28,-9.30,2.09,0.000000,0.000000,387.22
13.09,100471.78,52.80,71.28,9.68,-0.19,1.57,-0.007,-0.062,-0.017,2.78,-6.92,1.18,0.000000,0.000000,388.37
12.99,100455.38,52.78,72.65,9.68,-0.18,1.58,-0.008,-0.062,-0.017,2.78,-8.35,2.09,0.000000,0.000000,389.52
12.96,100453.19,52.79,72.84,9.67,-0.18,1.58,-0.009,-0.061,-0.016,2.28,-8.35,1.63,0.000000,0.000000,390.67
12.99,100454.97,52.78,72.69,9.67,-0.20,1.59,-0.008,-0.062,-0.017,1.78,-8.82,-1.99,0.000000,0.000000,391.82
12.60,100410.34,52.76,77.81,9.67,-0.21,1.57,-0.007,-0.061,-0.017,1.78,-8.82,-1.54,0.000000,0.000000,392.97
12.98,100452.49,52.77,72.90,9.67,-0.19,1.60,-0.009,-0.062,-0.017,1.78,-8.82,2.09,0.000000,0.000000,394.12
12.84,100425.11,52.75,75.19,9.68,-0.19,1.57,-0.008,-0.062,-0.017,2.28,-8.35,0.73,0.000000,0.000000,395.28
12.88,100435.13,52.76,74.35,9.68,-0.20,1.59,-0.009,-0.061,-0.016,1.78,-9.30,-0.63,0.000000,0.000000,396.43
12.96,100448.88,52.75,73.20,9.67,-0.18,1.57,-0.008,-0.062,-0.017,1.78,-10.25,2.09,0.000000,0.000000,397.58
12.68,100400.84,52.72,77.23,9.65,-0.17,1.57,-0.008,-0.061,-0.017,1.78,-10.73,0.28,0.000000,0.000000,398.73
12.59,100389.73,52.72,78.16,9.68,-0.19,1.54,-0.008,-0.061,-0.017,2.28,-10.73,0.73,0.000000,0.000000,399.88
12.80,100418.34,52.75,75.76,9.67,-0.20,1.56,-0.008,-0.061,-0.017,1.27,-9.78,1.18,0.000000,0.000000,401.03
12.88,100426.97,52.70,75.04,9.68,-0.20,1.58,-0.009,-0.061,-0.016,1.27,-9.30,0.73,0.000000,0.000000,402.18
11.94,100277.03,52.67,87.62,9.67,-0.19,1.57,-0.007,-0.061,-0.016,3.29,-8.82,0.73,0.000000,0.000000,403.33
12.14,100307.25,52.65,85.08,9.68,-0.19,1.57,-0.009,-0.061,-0.015,1.27,-8.82,0.73,0.000000,0.000000,404.48
11.70,100239.26,52.63,90.79,9.85,-0.14,1.61,-0.009,-0.059,-0.011,3.79,-8.82,1.18,0.000000,0.000000,405.63
11.84,100260.33,52.62,89.02,9.69,-0.16,1.57,-0.009,-0.059,-0.011,1.78,-8.35,1.63,0.000000,0.000000,406.78
12.20,100313.40,52.62,84.57,9.66,-0.19,1.60,-0.007,-0.062,-0.017,2.28,-8.35,2.09,0.000000,0.000000,407.94
12.21,100318.02,52.63,84.18,9.67,-0.21,1.58,-0.008,-0.062,-0.018,2.78,-7.87,2.09,0.000000,0.000000,409.09
12.21,100314.80,52.59,84.45,9.66,-0.21,1.56,-0.010,-0.062,-0.017,2.28,-7.87,1.63,0.000000,0.000000,410.24
12.00,100283.13,52.57,87.11,9.69,-0.21,1.56,-0.009,-0.061,-0.016,1.78,-7.39,1.18,0.000000,0.000000,411.39
11.74,100239.52,52.56,90.77,9.67,-0.21,1.55,-0.008,-0.061,-0.017,2.78,-8.35,1.18,0.000000,0.000000,412.54
11.80,100244.62,52.55,90.34,9.68,-0.21,1.59,-0.007,-0.061,-0.017,1.78,-8.82,1.18,0.000000,0.000000,413.69
12.09,100295.55,52.55,86.06,9.66,-0.21,1.58,-0.007,-0.062,-0.016,1.27,-7.87,-2.44,0.000000,0.000000,414.84
12.42,100343.71,52.55,82.02,9.69,-0.19,1.58,-0.009,-0.062,-0.016,1.78,-7.87,0.28,0.000000,0.000000,415.99
12.19,100310.69,52.51,84.79,9.69,-0.21,1.58,-0.007,-0.062,-0.016,1.27,-8.35,-0.18,0.000000,0.000000,417.14
12.55,100360.25,52.53,80.63,9.67,-0.21,1.57,-0.008,-0.062,-0.017,1.27,-8.35,1.18,0.000000,0.000000,418.29
12.51,100354.39,52.52,81.13,9.68,-0.21,1.56,-0.008,-0.061,-0.016,1.78,-9.78,0.73,0.000000,0.000000,419.44
12.13,100296.54,52.54,85.98,9.69,-0.20,1.56,-0.009,-0.061,-0.016,1.78,-11.68,1.63,0.000000,0.000000,420.60
12.47,100346.08,52.52,81.82,9.66,-0.21,1.58,-0.008,-0.061,-0.017,1.78,-9.30,-1.08,0.000000,0.000000,421.75
12.31,100315.64,52.50,84.38,9.66,-0.19,1.59,-0.008,-0.061,-0.016,0.77,-8.35,0.73,0.000000,0.000000,422.90
12.58,100365.02,52.50,80.23,9.69,-0.20,1.58,-0.007,-0.061,-0.017,0.77,-10.25,-0.63,0.000000,0.000000,424.05
12.18,100295.41,52.46,86.08,9.68,-0.20,1.56,-0.008,-0.062,-0.015,1.78,-10.25,1.18,0.000000,0.000000,425.20
12.07,100281.03,52.45,87.28,9.67,-0.20,1.57,-0.008,-0.061,-0.016,1.27,-9.78,0.73,0.000000,0.000000,426.35
12.04,100270.14,52.47,88.20,9.69,-0.19,1.58,-0.009,-0.060,-0.017,2.28,-8.82,1.63,0.000000,0.000000,427.50
12.26,100306.52,52.44,85.14,9.69,-0.20,1.60,-0.009,-0.061,-0.017,1.78,-9.30,2.54,0.000000,0.000000,428.65
12.14,100286.20,52.44,86.85,9.69,-0.21,1.54,-0.008,-0.062,-0.017,0.77,-9.30,1.63,0.000000,0.000000,429.80
12.84,100401.69,52.46,77.16,9.68,-0.20,1.58,-0.008,-0.061,-0.017,1.78,-7.87,1.18,0.000000,0.000000,430.95
12.67,100374.21,52.45,79.46,9.68,-0.21,1.55,-0.009,-0.061,-0.016,1.78,-8.35,1.63,0.000000,0.000000,432.11
12.83,100394.83,52.43,77.73,9.68,-0.20,1.56,-0.008,-0.061,-0.016,2.78,-7.87,-0.18,0.000000,0.000000,433.26
12.32,100311.73,52.41,84.70,9.69,-0.19,1.59,-0.007,-0.061,-0.017,2.28,-7.87,-0.18,0.000000,0.000000,434.41
12.30,100310.95,52.41,84.77,9.69,-0.19,1.56,-0.009,-0.061,-0.016,2.78,-7.87,1.63,0.000000,0.000000,435.56
12.27,100302.69,52.38,85.46,9.65,-0.19,1.57,-0.009,-0.061,-0.017,2.28,-8.35,1.63,0.000000,0.000000,436.71
12.62,100357.84,52.38,80.84,9.67,-0.22,1.59,-0.008,-0.061,-0.016,2.28,-8.82,1.18,0.000000,0.000000,437.86
12.59,100355.88,52.39,81.00,9.69,-0.22,1.59,-0.007,-0.062,-0.016,1.78,-7.87,1.63,0.000000,0.000000,439.01
12.11,100273.78,52.34,87.89,9.68,-0.21,1.56,-0.009,-0.061,-0.016,1.27,-8.35,-1.08,0.000000,0.000000,440.16
12.11,100277.77,52.33,87.56,9.66,-0.18,1.57,-0.008,-0.061,-0.017,1.78,-8.82,1.18,0.000000,0.000000,441.31
11.61,100189.64,52.29,94.96,9.68,-0.21,1.57,-0.008,-0.062,-0.016,1.78,-8.35,-1.54,0.000000,0.000000,442.47
12.10,100266.58,52.31,88.50,9.71,-0.19,1.58,-0.009,-0.062,-0.017,1.78,-8.35,-1.08,0.000000,0.000000,443.62
12.24,100296.09,52.31,86.02,9.69,-0.21,1.56,-0.007,-0.060,-0.016,1.78,-8.82,1.18,0.000000,0.000000,444.77
12.53,100336.05,52.34,82.66,9.67,-0.21,1.56,-0.009,-0.061,-0.017,1.27,-8.35,-0.18,0.000000,0.000000,445.92
12.53,100341.20,52.31,82.23,9.67,-0.21,1.56,-0.009,-0.062,-0.016,2.28,-8.35,-0.63,0.000000,0.000000,447.07
12.57,100341.36,52.30,82.22,9.67,-0.22,1.59,-0.008,-0.061,-0.016,1.27,-10.25,2.09,0.000000,0.000000,448.22
12.11,100263.08,52.29,88.79,9.69,-0.20,1.59,-0.008,-0.062,-0.016,1.27,-9.30,2.09,0.000000,0.000000,449.37
12.28,100294.72,52.28,86.13,9.68,-0.21,1.56,-0.009,-0.062,-0.017,1.78,-10.25,-0.63,0.000000,0.000000,450.52
12.37,100305.79,52.26,85.20,9.67,-0.22,1.54,-0.008,-0.061,-0.016,1.27,-9.78,0.28,0.000000,0.000000,451.67
12.13,100273.16,52.25,87.94,9.68,-0.21,1.60,-0.009,-0.060,-0.017,1.27,-8.82,-0.18,0.000000,0.000000,452.82
12.54,100330.97,52.25,83.09,9.65,-0.19,1.57,-0.008,-0.062,-0.017,1.78,-10.25,0.28,0.000000,0.000000,453.98
12.61,100338.08,52.25,82.49,9.68,-0.18,1.56,-0.009,-0.061,-0.016,1.78,-9.30,-0.18,0.000000,0.000000,455.13
13.11,100422.52,52.24,75.41,9.85,0.20,1.17,-0.055,0.024,0.082,0.77,-11.21,3.44,0.000000,0.000000,456.27
13.93,100545.27,52.28,65.12,5.67,-7.97,2.68,0.010,-1.012,0.602,-5.76,-5.96,1.18,0.000000,0.000000,457.43
9.26,99809.48,52.01,126.95,7.57,-5.53,-2.52,0.824,-0.383,1.282,-4.76,-5.48,-2.89,0.000000,0.000000,458.58
9.02,99756.55,51.98,131.41,5.56,-8.34,-1.93,0.115,-0.361,0.109,-7.77,-3.58,-1.99,0.000000,0.000000,459.73
10.26,99951.51,51.99,114.99,5.66,-7.42,-2.23,0.628,-0.480,0.257,-7.27,-3.58,-2.44,0.000000,0.000000,460.88
9.30,99800.71,51.93,127.69,6.15,-7.27,-1.75,-0.055,0.040,-0.188,-6.26,-4.53,-1.99,0.000000,0.000000,462.03
9.59,99838.59,51.90,124.50,7.51,-5.97,-1.61,0.033,-0.015,-0.126,-5.76,-5.48,-2.44,0.000000,0.000000,463.18
8.83,99721.72,51.84,134.35,7.27,-6.28,-0.67,-0.076,0.031,-0.064,-5.26,-5.01,-0.63,0.000000,0.000000,464.33
9.62,99838.91,51.84,124.47,9.93,-1.48,0.17,0.200,0.622,-2.437,-1.24,-8.35,-0.63,0.000000,0.000000,465.48
12.91,100377.02,52.00,79.23,9.56,-1.93,1.48,-0.064,-0.008,-0.483,0.27,-8.82,1.18,0.000000,0.000000,466.64
12.46,100304.75,51.98,85.29,10.12,-0.33,0.92,-0.178,-0.196,-0.113,2.78,-7.87,0.73,0.000000,0.000000,467.79
9.86,100003.37,51.91,110.62,9.44,1.02,2.34,-0.224,-0.313,-0.457,4.29,-8.35,2.09,0.000000,0.000000,468.94
12.00,100230.05,51.95,91.56,9.00,1.17,2.68,0.305,-0.156,0.120,4.29,-8.35,3.44,0.000000,0.000000,470.08
13.93,100527.38,52.04,66.62,10.05,-2.38,1.27,0.136,-0.169,0.154,-1.24,-7.39,1.18,0.000000,0.000000,471.24
12.31,100277.41,51.97,87.59,9.64,1.10,-0.04,0.205,-0.018,0.470,3.29,-7.87,-0.18,0.000000,0.000000,472.39
12.14,100246.39,51.96,90.19,9.25,1.66,1.82,-0.626,-0.087,-0.567,4.29,-7.87,1.63,0.000000,0.000000,473.54
12.11,100235.46,51.96,91.11,8.54,1.31,3.51,0.309,-0.240,0.089,3.29,-7.39,3.44,0.000000,0.000000,474.69
11.37,100122.82,51.93,100.57,10.71,-2.94,-0.72,-0.301,-0.626,-0.053,-1.74,-8.35,-0.63,0.000000,0.000000,475.85
9.96,99891.28,51.85,120.06,6.28,-6.25,-2.70,0.130,0.684,0.499,-4.25,-4.53,-2.44,0.000000,0.000000,476.99
9.85,99876.17,51.80,121.33,9.54,-2.13,-0.48,-0.019,0.017,-0.151,-1.24,-7.39,-1.08,0.000000,0.000000,478.15
7.66,99522.66,51.68,151.15,6.39,-4.95,-4.11,0.044,-0.575,-0.178,-4.25,-4.05,-5.16,0.000000,0.000000,479.30
11.57,100148.84,51.79,98.39,8.34,-3.10,0.70,-0.373,-1.224,-0.248,-1.24,-6.92,-1.08,0.000000,0.000000,480.45
11.81,100187.33,51.82,95.15,9.95,-2.48,-0.28,0.802,0.507,-0.019,-0.23,-8.35,-4.25,0.000000,0.000000,481.60
11.85,100197.76,51.84,94.28,4.84,-11.15,1.89,4.098,1.440,4.182,-9.28,-4.53,3.44,0.000000,0.000000,482.75
10.76,100024.75,51.78,108.82,6.62,-6.20,1.17,-0.701,-0.962,-1.295,-4.76,-5.48,2.09,0.000000,0.000000,483.90
16.96,101003.49,51.98,26.80,3.50,-9.10,1.61,-0.157,-0.852,-0.903,-7.27,-1.67,-0.63,0.000000,0.000000,485.05
15.99,100848.10,51.93,39.78,8.76,-3.79,1.62,-0.096,0.010,0.048,-2.75,-7.39,-1.54,0.000000,0.000000,486.20
14.83,100663.41,51.91,55.23,6.35,-3.53,-7.29,-2.235,-1.922,0.714,-1.24,-4.05,-6.97,0.000000,0.000000,487.35
14.72,100642.37,51.92,56.99,6.81,-5.64,-4.20,0.026,-0.848,0.313,-4.76,-4.05,-6.06,0.000000,0.000000,488.50
15.31,100734.98,51.90,49.24,1.87,-6.62,-3.57,0.063,0.553,-1.588,-6.26,-1.19,-4.25,0.000000,0.000000,489.66
14.39,100596.52,51.87,60.83,5.10,-6.87,3.76,-0.286,-0.633,-0.482,-5.76,-6.44,3.44,0.000000,0.000000,490.81
15.15,100714.95,51.89,50.91,8.56,-3.84,3.34,-0.360,0.350,-0.817,-3.25,-9.78,1.63,0.000000,0.000000,491.96
15.11,100692.70,51.81,50.79,9.59,-0.02,1.56,-0.070,-0.050,-0.009,1.27,-9.78,-0.63,0.000000,0.000000,493.11
12.71,100333.28,51.78,82.90,9.72,-0.28,1.47,-0.007,-0.061,-0.024,1.78,-11.21,0.73,0.000000,0.000000,494.26
12.34,100261.70,51.73,88.91,9.68,-0.21,1.50,-0.009,-0.062,-0.011,1.78,-9.78,-0.63,0.000000,0.000000,495.41
12.14,100235.94,51.73,91.07,9.67,-0.19,1.44,-0.009,-0.062,-0.016,1.78,-9.30,0.28,0.000000,0.000000,496.56
12.12,100229.55,51.72,91.61,9.69,-0.22,1.44,-0.008,-0.062,-0.019,1.27,-10.73,1.18,0.000000,0.000000,497.71
12.09,100230.12,51.71,91.56,9.69,-0.24,1.48,-0.008,-0.062,-0.015,1.27,-9.30,-0.18,0.000000,0.000000,498.86
12.27,100255.41,51.71,89.43,9.69,-0.22,1.48,-0.009,-0.062,-0.015,1.78,-8.35,-0.63,0.000000,0.000000,500.01
12.27,100252.66,51.71,89.67,9.69,-0.22,1.49,-0.008,-0.061,-0.016,1.78,-11.21,-0.18,0.000000,0.000000,501.17
11.90,100197.52,51.70,94.30,9.68,-0.21,1.48,-0.008,-0.062,-0.015,1.78,-10.25,0.73,0.000000,0.000000,502.32
12.00,100205.11,51.71,93.66,9.69,-0.20,1.47,-0.008,-0.062,-0.017,1.78,-9.30,1.18,0.000000,0.000000,503.47
11.62,100148.36,51.67,98.43,9.69,-0.20,1.46,-0.008,-0.061,-0.017,2.78,-8.82,-0.18,0.000000,0.000000,504.62
11.95,100196.20,51.71,94.41,9.70,-0.21,1.47,-0.009,-0.062,-0.016,1.78,-10.25,0.28,0.000000,0.000000,505.77
12.23,100244.61,51.69,90.34,9.66,-0.24,1.46,-0.009,-0.062,-0.016,1.78,-9.78,2.09,0.000000,0.000000,506.92
11.75,100167.94,51.66,96.78,9.70,-0.21,1.46,-0.007,-0.061,-0.016,1.27,-9.78,0.28,0.000000,0.000000,508.07
11.93,100192.33,51.65,94.73,9.69,-0.21,1.44,-0.008,-0.060,-0.017,2.28,-9.30,0.28,0.000000,0.000000,509.22
11.96,100200.08,51.66,94.08,9.69,-0.22,1.51,-0.008,-0.062,-0.015,2.78,-9.78,-0.18,0.000000,0.000000,510.37
11.57,100135.98,51.64,99.47,9.68,-0.22,1.50,-0.008,-0.062,-0.017,3.79,-9.78,0.28,0.000000,0.000000,511.52
11.62,100137.17,51.63,99.37,9.68,-0.22,1.48,-0.008,-0.061,-0.017,3.29,-10.25,2.09,0.000000,0.000000,512.67
11.82,100170.07,51.65,96.60,9.69,-0.21,1.46,-0.008,-0.062,-0.016,1.78,-10.73,3.90,0.000000,0.000000,513.83
12.03,100202.89,51.63,93.85,9.68,-0.23,1.45,-0.008,-0.061,-0.015,2.78,-7.87,-0.18,0.000000,0.000000,514.98
12.17,100226.92,51.65,91.83,9.69,-0.20,1.47,-0.009,-0.062,-0.017,1.78,-10.73,2.54,0.000000,0.000000,516.13
11.89,100180.63,51.62,95.72,9.68,-0.22,1.46,-0.008,-0.061,-0.017,2.28,-7.87,-0.18,0.000000,0.000000,517.28
11.53,100117.57,51.59,101.02,9.70,-0.21,1.45,-0.009,-0.062,-0.017,2.28,-9.78,0.28,0.000000,0.000000,518.43
11.94,100188.77,51.60,95.03,9.69,-0.22,1.46,-0.009,-0.061,-0.016,1.27,-9.78,-0.18,0.000000,0.000000,519.58
11.52,100117.83,51.59,100.99,9.72,-0.22,1.46,-0.007,-0.060,-0.016,1.27,-7.87,0.28,0.000000,0.000000,520.73
11.74,100153.75,51.61,97.97,9.70,-0.21,1.47,-0.008,-0.061,-0.017,1.78,-9.30,1.63,0.000000,0.000000,521.88
12.07,100205.83,51.60,93.60,9.69,-0.22,1.44,-0.009,-0.062,-0.016,2.78,-8.82,-0.18,0.000000,0.000000,523.03
12.03,100201.66,51.66,93.95,9.70,-0.21,1.49,-0.009,-0.061,-0.017,1.27,-9.78,2.99,0.000000,0.000000,524.18
11.87,100172.84,51.57,96.37,9.70,-0.21,1.46,-0.008,-0.062,-0.017,1.78,-9.30,1.63,0.000000,0.000000,525.33
11.65,100131.24,51.56,99.87,9.71,-0.22,1.48,-0.009,-0.062,-0.016,0.77,-9.78,0.73,0.000000,0.000000,526.48
11.97,100188.22,51.58,95.08,9.69,-0.21,1.48,-0.009,-0.062,-0.016,1.27,-10.73,2.54,0.000000,0.000000,527.64
11.49,100109.66,51.55,101.68,9.71,-0.21,1.45,-0.008,-0.061,-0.016,1.78,-9.30,1.18,0.000000,0.000000,528.79
12.20,100221.42,51.58,92.29,9.68,-0.21,1.49,-0.008,-0.061,-0.016,1.27,-10.73,1.18,0.000000,0.000000,529.94
11.88,100168.36,51.57,96.75,9.69,-0.23,1.46,-0.009,-0.061,-0.016,1.27,-9.78,0.28,0.000000,0.000000,531.09
11.83,100155.73,51.52,97.81,9.69,-0.21,1.47,-0.008,-0.061,-0.016,1.78,-10.25,1.18,0.000000,0.000000,532.24
11.70,100138.05,51.51,99.29,9.70,-0.22,1.43,-0.009,-0.061,-0.016,1.27,-8.35,1.63,0.000000,0.000000,533.39
11.46,100097.17,51.49,102.73,9.69,-0.21,1.46,-0.009,-0.061,-0.016,2.28,-10.73,-1.08,0.000000,0.000000,534.55
11.37,100084.81,51.49,103.77,9.70,-0.23,1.46,-0.008,-0.062,-0.017,1.78,-10.25,0.28,0.000000,0.000000,535.69
11.56,100110.41,51.49,101.62,9.71,-0.20,1.46,-0.008,-0.061,-0.016,2.78,-10.25,2.54,0.000000,0.000000,536.85
11.95,100170.43,51.47,96.57,9.69,-0.23,1.45,-0.009,-0.061,-0.016,1.78,-10.73,-0.18,0.000000,0.000000,538.00
12.16,100205.20,51.47,93.65,9.71,-0.19,1.48,-0.009,-0.061,-0.015,1.78,-10.25,0.28,0.000000,0.000000,539.15
12.24,100216.31,51.47,92.72,9.69,-0.22,1.47,-0.010,-0.062,-0.018,1.27,-8.82,-0.18,0.000000,0.000000,540.30
11.80,100148.97,51.46,98.38,9.70,-0.21,1.45,-0.009,-0.061,-0.017,1.27,-9.78,-0.63,0.000000,0.000000,541.45
11.82,100149.70,51.44,98.31,9.70,-0.23,1.47,-0.008,-0.062,-0.017,1.78,-10.25,3.44,0.000000,0.000000,542.60
11.73,100134.46,51.46,99.60,9.68,-0.22,1.49,-0.009,-0.062,-0.017,1.27,-10.73,0.28,0.000000,0.000000,543.75
12.40,100243.77,51.47,90.41,9.67,-0.22,1.46,-0.008,-0.061,-0.016,1.27,-10.73,0.73,0.000000,0.000000,544.90
12.23,100210.43,51.44,93.21,9.70,-0.21,1.46,-0.009,-0.061,-0.016,1.78,-9.30,1.18,0.000000,0.000000,546.05
12.29,100222.45,51.44,92.20,9.69,-0.20,1.47,-0.009,-0.060,-0.017,2.78,-10.25,-0.63,0.000000,0.000000,547.20
11.80,100143.41,51.40,98.84,9.69,-0.21,1.46,-0.008,-0.061,-0.017,2.28,-10.25,-1.54,0.000000,0.000000,548.36
11.79,100142.41,51.41,98.93,9.70,-0.22,1.45,-0.009,-0.060,-0.016,1.78,-8.35,-0.18,0.000000,0.000000,549.51
11.60,100109.18,51.39,101.72,9.69,-0.21,1.45,-0.008,-0.062,-0.017,2.28,-8.82,-1.99,0.000000,0.000000,550.66
11.99,100168.23,51.39,96.76,9.69,-0.22,1.44,-0.008,-0.061,-0.017,1.78,-8.82,0.73,0.000000,0.000000,551.81
12.39,100234.34,51.39,91.20,9.70,-0.21,1.47,-0.009,-0.061,-0.015,2.28,-8.35,-3.80,0.000000,0.000000,552.96
12.28,100214.77,51.39,92.85,9.68,-0.22,1.50,-0.008,-0.062,-0.017,1.78,-8.82,-0.63,0.000000,0.000000,554.11
12.69,100281.52,51.40,87.24,9.69,-0.20,1.47,-0.008,-0.062,-0.017,1.78,-8.35,-2.89,0.000000,0.000000,555.26
12.35,100224.59,51.38,92.02,9.69,-0.22,1.45,-0.008,-0.061,-0.017,2.28,-8.35,-1.08,0.000000,0.000000,556.41
12.72,100279.94,51.37,87.37,9.69,-0.21,1.47,-0.009,-0.061,-0.017,2.28,-8.82,-0.18,0.000000,0.000000,557.56
11.84,100141.20,51.34,99.03,9.71,-0.19,1.43,-0.008,-0.061,-0.017,1.78,-8.35,2.09,0.000000,0.000000,558.71
12.18,100194.16,51.34,94.58,9.68,-0.20,1.48,-0.009,-0.061,-0.017,1.78,-8.35,-3.80,0.000000,0.000000,559.86
12.86,100302.29,51.35,85.50,9.69,-0.22,1.47,-0.009,-0.061,-0.017,2.78,-8.35,2.09,0.000000,0.000000,561.01
13.18,100350.30,51.39,81.47,9.69,-0.24,1.44,-0.010,-0.061,-0.018,2.78,-7.87,1.63,0.000000,0.000000,562.17
12.70,100270.98,51.35,88.13,9.69,-0.22,1.46,-0.007,-0.062,-0.017,1.78,-8.35,0.73,0.000000,0.000000,563.32
12.63,100264.52,51.32,88.67,9.70,-0.20,1.47,-0.008,-0.060,-0.017,2.28,-7.87,1.18,0.000000,0.000000,564.47
12.51,100243.45,51.31,90.44,9.69,-0.21,1.45,-0.009,-0.062,-0.017,2.28,-7.87,2.09,0.000000,0.000000,565.62
12.19,100194.64,51.28,94.54,9.69,-0.20,1.46,-0.008,-0.060,-0.016,3.79,-8.35,1.18,0.000000,0.000000,566.77
12.92,100309.77,51.31,84.87,9.68,-0.21,1.47,-0.009,-0.061,-0.016,3.29,-8.82,1.63,0.000000,0.000000,567.92
12.91,100304.77,51.30,85.29,9.67,-0.22,1.46,-0.008,-0.061,-0.017,2.28,-9.30,2.99,0.000000,0.000000,569.07
12.88,100302.77,51.29,85.46,9.69,-0.24,1.46,-0.008,-0.062,-0.017,2.78,-7.39,1.63,0.000000,0.000000,570.22
11.47,100071.67,51.22,104.87,9.70,-0.19,1.47,-0.009,-0.061,-0.016,3.29,-7.87,0.73,0.000000,0.000000,571.37
11.83,100134.77,51.22,99.57,9.69,-0.19,1.46,-0.009,-0.061,-0.016,2.28,-8.82,1.63,0.000000,0.000000,572.52
12.12,100174.25,51.23,96.25,9.70,-0.21,1.44,-0.009,-0.060,-0.016,2.78,-7.87,0.73,0.000000,0.000000,573.67
11.42,100066.28,51.19,105.33,9.68,-0.21,1.46,-0.009,-0.060,-0.016,1.78,-9.30,1.18,0.000000,0.000000,574.83
12.06,100168.52,51.21,96.73,9.70,-0.21,1.46,-0.009,-0.061,-0.016,3.29,-9.78,0.73,0.000000,0.000000,575.98
11.91,100136.41,51.19,99.43,9.72,-0.20,1.46,-0.008,-0.062,-0.017,2.28,-9.30,1.63,0.000000,0.000000,577.13
11.94,100144.41,51.18,98.76,9.70,-0.21,1.47,-0.009,-0.061,-0.016,1.78,-11.21,1.18,0.000000,0.000000,578.28
11.96,100141.56,51.17,99.00,9.69,-0.20,1.44,-0.009,-0.061,-0.015,2.28,-10.73,2.54,0.000000,0.000000,579.43
12.24,100187.95,51.17,95.10,9.69,-0.21,1.46,-0.010,-0.060,-0.016,2.28,-9.78,-0.18,0.000000,0.000000,580.58
12.17,100177.66,51.16,95.97,9.72,-0.21,1.46,-0.009,-0.061,-0.016,1.78,-10.25,0.28,0.000000,0.000000,581.73
12.24,100187.35,51.16,95.15,9.71,-0.20,1.48,-0.008,-0.060,-0.016,2.28,-9.78,-0.63,0.000000,0.000000,582.88
12.75,100269.41,51.17,88.26,9.69,-0.21,1.44,-0.009,-0.061,-0.015,1.27,-11.21,-0.18,0.000000,0.000000,584.04
12.80,100271.40,51.15,88.09,9.69,-0.21,1.48,-0.009,-0.061,-0.016,1.78,-7.87,1.18,0.000000,0.000000,585.18
13.01,100306.30,51.16,85.16,9.72,-0.22,1.44,-0.009,-0.060,-0.016,1.78,-9.78,-0.18,0.000000,0.000000,586.34
12.46,100216.14,51.13,92.73,9.69,-0.21,1.46,-0.009,-0.061,-0.017,2.28,-8.82,-0.18,0.000000,0.000000,587.49
12.38,100208.38,51.06,93.38,9.69,-0.21,1.46,-0.009,-0.061,-0.017,2.28,-8.82,1.18,0.000000,0.000000,588.64
12.52,100224.34,51.13,92.04,9.68,-0.21,1.48,-0.009,-0.061,-0.016,2.28,-8.35,-3.35,0.000000,0.000000,589.79
12.52,100221.77,51.11,92.26,9.69,-0.22,1.45,-0.009,-0.061,-0.017,1.78,-7.87,-1.08,0.000000,0.000000,590.94
12.81,100272.80,51.11,87.97,9.69,-0.20,1.47,-0.009,-0.061,-0.016,2.28,-8.35,-0.18,0.000000,0.000000,592.09
12.40,100201.30,51.07,93.98,9.68,-0.20,1.46,-0.009,-0.062,-0.017,1.78,-8.82,-1.08,0.000000,0.000000,593.24
12.39,100205.55,51.08,93.62,9.70,-0.21,1.46,-0.009,-0.061,-0.016,2.78,-8.82,1.63,0.000000,0.000000,594.39
12.31,100186.08,51.07,95.26,9.70,-0.21,1.45,-0.010,-0.061,-0.016,2.28,-6.92,0.73,0.000000,0.000000,595.54
12.30,100184.44,51.06,95.40,9.70,-0.22,1.47,-0.009,-0.060,-0.017,2.28,-8.35,1.18,0.000000,0.000000,596.69
12.47,100215.70,51.06,92.77,9.70,-0.21,1.46,-0.007,-0.061,-0.016,1.78,-8.35,1.63,0.000000,0.000000,597.84
12.44,100206.06,51.05,93.58,9.69,-0.22,1.48,-0.008,-0.061,-0.015,3.79,-7.87,1.18,0.000000,0.000000,599.00
12.86,100276.47,51.07,87.67,9.69,-0.20,1.49,-0.009,-0.061,-0.017,2.78,-7.87,1.63,0.000000,0.000000,600.38
12.08,100146.19,51.04,98.61,9.70,-0.21,1.45,-0.008,-0.061,-0.016,1.27,-8.82,1.18,0.000000,0.000000,601.30
12.13,100154.08,51.00,97.95,9.71,-0.19,1.47,-0.009,-0.061,-0.017,1.78,-7.87,1.63,0.000000,0.000000,602.45
12.21,100169.05,51.00,96.69,9.68,-0.22,1.44,-0.009,-0.061,-0.017,2.78,-9.30,2.09,0.000000,0.000000,603.60
12.23,100167.78,51.01,96.80,9.70,-0.20,1.45,-0.008,-0.061,-0.017,1.78,-9.30,1.63,0.000000,0.000000,604.75
11.69,100087.43,50.99,103.55,9.70,-0.25,1.49,-0.010,-0.062,-0.016,1.27,-8.82,1.63,0.000000,0.000000,605.90
12.31,100178.54,50.96,95.89,9.69,-0.22,1.46,-0.009,-0.061,-0.016,1.27,-8.82,-0.18,0.000000,0.000000,607.05
12.30,100181.55,50.96,95.64,9.69,-0.22,1.46,-0.008,-0.062,-0.017,0.77,-10.25,1.63,0.000000,0.000000,608.21
11.85,100105.24,50.92,102.05,9.69,-0.22,1.43,-0.009,-0.062,-0.017,1.78,-8.35,-0.18,0.000000,0.000000,609.36
12.49,100202.92,50.97,93.84,9.71,-0.21,1.45,-0.008,-0.061,-0.016,1.78,-9.30,-0.18,0.000000,0.000000,610.51
12.50,100209.45,50.94,93.29,9.71,-0.21,1.47,-0.009,-0.062,-0.017,2.28,-9.30,1.18,0.000000,0.000000,611.66
12.61,100224.88,50.94,92.00,9.69,-0.22,1.45,-0.009,-0.061,-0.016,1.78,-10.25,0.28,0.000000,0.000000,612.81
13.09,100303.91,50.96,85.36,9.70,-0.21,1.48,-0.010,-0.061,-0.016,1.27,-10.25,0.28,0.000000,0.000000,613.96
12.99,100284.39,50.95,87.00,9.69,-0.21,1.46,-0.008,-0.061,-0.016,1.78,-8.82,1.63,0.000000,0.000000,615.11
12.56,100211.91,50.94,93.09,9.70,-0.20,1.46,-0.008,-0.060,-0.016,1.78,-7.87,0.73,0.000000,0.000000,616.26
12.79,100251.16,50.93,89.79,9.70,-0.22,1.48,-0.009,-0.061,-0.016,2.28,-8.82,1.18,0.000000,0.000000,617.41
12.60,100218.75,50.90,92.51,9.69,-0.20,1.48,-0.008,-0.062,-0.017,1.78,-8.35,0.28,0.000000,0.000000,618.56
12.54,100209.97,50.90,93.25,9.70,-0.21,1.43,-0.008,-0.062,-0.017,2.28,-7.87,0.73,0.000000,0.000000,619.71
12.32,100172.13,50.88,96.43,9.69,-0.21,1.46,-0.008,-0.062,-0.017,2.28,-8.35,0.73,0.000000,0.000000,620.86
12.73,100242.22,50.79,90.54,9.69,-0.21,1.45,-0.009,-0.061,-0.017,2.28,-7.87,2.09,0.000000,0.000000,622.02
12.56,100209.75,50.86,93.27,9.70,-0.20,1.46,-0.008,-0.061,-0.016,2.78,-8.35,1.18,0.000000,0.000000,623.17
12.23,100153.59,50.83,97.99,9.70,-0.21,1.45,-0.009,-0.061,-0.016,2.28,-7.87,1.18,0.000000,0.000000,624.32
12.70,100230.88,50.86,91.49,9.70,-0.22,1.46,-0.009,-0.061,-0.017,2.78,-8.35,2.54,0.000000,0.000000,625.47
12.65,100221.74,50.84,92.26,9.71,-0.22,1.47,-0.008,-0.061,-0.016,2.28,-8.82,0.73,0.000000,0.000000,626.62
12.54,100206.98,50.83,93.50,9.70,-0.22,1.47,-0.009,-0.062,-0.016,2.28,-8.35,1.18,0.000000,0.000000,627.77
13.08,100289.16,50.85,86.60,9.70,-0.22,1.46,-0.009,-0.062,-0.017,3.29,-10.25,1.63,0.000000,0.000000,628.92
12.90,100256.62,50.82,89.33,9.67,-0.22,1.47,-0.009,-0.062,-0.016,-0.23,-10.25,0.73,0.000000,0.000000,630.07
13.05,100280.80,50.82,87.30,9.71,-0.23,1.45,-0.009,-0.061,-0.017,1.78,-9.78,1.18,0.000000,0.000000,631.22
13.11,100288.86,50.81,86.62,9.71,-0.22,1.45,-0.009,-0.061,-0.017,1.27,-8.82,-0.63,0.000000,0.000000,632.38
12.53,100198.88,50.78,94.18,9.70,-0.21,1.46,-0.009,-0.061,-0.016,2.78,-9.78,1.63,0.000000,0.000000,633.53
12.52,100197.23,50.77,94.32,9.68,-0.22,1.46,-0.009,-0.061,-0.016,1.78,-10.25,0.73,0.000000,0.000000,634.68
12.14,100159.64,50.74,99.62,9.68,-0.22,1.43,-0.009,-0.062,-0.016,1.78,-8.35,-1.08,0.000000,0.000000,635.83
12.66,100219.08,50.77,92.48,9.69,-0.23,1.45,-0.009,-0.062,-0.016,2.28,-8.35,1.18,0.000000,0.000000,636.98
12.51,100187.86,50.73,95.11,9.70,-0.23,1.47,-0.009,-0.061,-0.016,1.78,-7.87,1.63,0.000000,0.000000,638.13
12.81,100240.08,50.75,90.72,9.70,-0.22,1.45,-0.010,-0.062,-0.017,2.28,-8.35,1.63,0.000000,0.000000,639.28
11.91,100093.47,50.69,103.04,9.71,-0.20,1.45,-0.009,-0.062,-0.017,2.28,-8.82,1.18,0.000000,0.000000,640.43
12.16,100140.19,50.71,99.11,9.69,-0.21,1.46,-0.010,-0.061,-0.016,2.28,-8.35,2.09,0.000000,0.000000,641.58
12.55,100196.25,50.71,94.40,9.70,-0.22,1.46,-0.009,-0.062,-0.017,2.78,-7.39,1.63,0.000000,0.000000,642.73
12.85,100242.44,50.70,90.52,9.68,-0.22,1.45,-0.009,-0.061,-0.017,2.28,-8.35,0.73,0.000000,0.000000,643.88
12.77,100230.70,50.69,91.51,9.70,-0.20,1.46,-0.009,-0.062,-0.016,1.78,-8.82,0.73,0.000000,0.000000,645.04
12.96,100259.13,50.69,89.12,9.69,-0.21,1.45,-0.009,-0.060,-0.016,1.27,-9.78,0.73,0.000000,0.000000,646.19
12.52,100185.52,50.66,95.30,9.68,-0.21,1.48,-0.009,-0.061,-0.015,1.27,-9.30,1.18,0.000000,0.000000,647.34
12.13,100121.23,50.64,100.71,9.69,-0.21,1.44,-0.009,-0.061,-0.016,0.77,-9.78,1.18,0.000000,0.000000,648.49
12.44,100177.52,50.65,95.98,9.70,-0.22,1.44,-0.010,-0.061,-0.016,1.27,-9.78,0.28,0.000000,0.000000,649.64
12.24,100141.41,50.63,99.01,9.69,-0.21,1.45,-0.009,-0.061,-0.017,1.78,-9.78,0.73,0.000000,0.000000,650.79
12.79,100225.94,50.63,91.91,9.70,-0.21,1.45,-0.008,-0.062,-0.016,2.28,-11.68,2.99,0.000000,0.000000,651.94
12.64,100202.18,50.61,93.90,9.69,-0.21,1.47,-0.009,-0.062,-0.017,1.27,-8.82,-0.18,0.000000,0.000000,653.09
12.96,100250.32,50.61,89.86,9.69,-0.21,1.47,-0.008,-0.061,-0.016,1.27,-8.35,-0.63,0.000000,0.000000,654.24
12.77,100221.17,50.61,92.31,9.71,-0.20,1.44,-0.009,-0.061,-0.016,1.78,-8.82,-2.89,0.000000,0.000000,655.39
12.79,100224.35,50.60,92.04,9.70,-0.21,1.48,-0.009,-0.062,-0.017,1.78,-8.35,0.73,0.000000,0.000000,656.54
12.52,100178.05,50.57,95.93,9.71,-0.21,1.46,-0.009,-0.061,-0.016,2.28,-8.82,1.63,0.000000,0.000000,657.69
12.39,100162.91,50.56,97.20,9.67,-0.21,1.46,-0.010,-0.062,-0.017,2.78,-7.39,1.18,0.000000,0.000000,658.85
12.89,100240.37,50.57,90.70,9.71,-0.22,1.44,-0.009,-0.061,-0.016,3.29,-8.35,2.54,0.000000,0.000000,660.00
12.80,100223.48,50.59,92.11,9.71,-0.21,1.47,-0.009,-0.061,-0.016,2.78,-8.82,3.44,0.000000,0.000000,661.15
12.86,100231.22,50.55,91.47,9.70,-0.22,1.44,-0.009,-0.062,-0.016,2.78,-8.82,0.28,0.000000,0.000000,662.30
12.16,100122.27,50.54,100.62,9.68,-0.20,1.46,-0.009,-0.061,-0.017,2.28,-8.82,1.18,0.000000,0.000000,663.45
11.71,100048.39,50.49,106.83,9.71,-0.21,1.47,-0.009,-0.061,-0.017,1.78,-8.82,1.18,0.000000,0.000000,664.60
11.79,100056.20,50.49,106.18,9.70,-0.20,1.46,-0.009,-0.060,-0.016,2.78,-8.35,-0.18,0.000000,0.000000,665.75
12.15,100119.64,50.49,100.84,9.71,-0.21,1.47,-0.009,-0.061,-0.016,1.78,-8.82,-0.18,0.000000,0.000000,666.91
12.56,100174.83,50.52,96.20,9.69,-0.22,1.50,-0.009,-0.062,-0.016,2.28,-10.25,1.63,0.000000,0.000000,668.06
12.81,100221.23,50.49,92.30,9.70,-0.20,1.45,-0.009,-0.061,-0.015,2.28,-10.25,-0.63,0.000000,0.000000,669.21
12.33,100140.44,50.46,99.09,9.70,-0.21,1.47,-0.009,-0.061,-0.016,1.78,-8.82,1.18,0.000000,0.000000,670.36
12.46,100165.52,50.47,96.99,9.70,-0.21,1.45,-0.009,-0.061,-0.017,1.78,-8.82,-1.99,0.000000,0.000000,671.51
12.25,100125.47,50.45,100.35,9.72,-0.23,1.46,-0.009,-0.061,-0.016,1.78,-7.39,-0.18,0.000000,0.000000,672.66
12.29,100132.03,50.44,99.80,9.68,-0.20,1.46,-0.009,-0.060,-0.017,1.78,-8.82,1.63,0.000000,0.000000,673.81
12.70,100201.32,50.45,93.98,9.70,-0.21,1.47,-0.009,-0.061,-0.017,2.78,-7.39,0.73,0.000000,0.000000,674.96
12.62,100182.70,50.43,95.54,9.70,-0.22,1.45,-0.009,-0.062,-0.017,2.78,-9.78,0.28,0.000000,0.000000,676.11
12.57,100174.14,50.42,96.26,9.71,-0.20,1.46,-0.009,-0.062,-0.015,1.78,-7.87,2.09,0.000000,0.000000,677.26
12.59,100177.11,50.41,96.01,9.69,-0.21,1.49,-0.009,-0.060,-0.016,1.27,-8.82,0.73,0.000000,0.000000,678.41
12.81,100218.84,50.42,92.51,9.68,-0.21,1.45,-0.009,-0.061,-0.017,2.78,-8.82,1.63,0.000000,0.000000,679.56
12.69,100193.55,50.40,94.63,9.68,-0.21,1.45,-0.009,-0.061,-0.017,1.27,-9.30,0.28,0.000000,0.000000,680.71
13.16,100268.11,50.40,88.37,9.69,-0.21,1.49,-0.009,-0.061,-0.015,1.78,-10.73,0.73,0.000000,0.000000,681.87
12.96,100236.70,50.41,91.01,9.68,-0.20,1.47,-0.009,-0.061,-0.017,1.78,-8.35,-0.18,0.000000,0.000000,683.02
12.94,100229.26,50.41,91.63,9.69,-0.21,1.45,-0.009,-0.061,-0.017,2.28,-7.39,-1.99,0.000000,0.000000,684.17
12.65,100183.82,50.35,95.45,9.70,-0.20,1.47,-0.009,-0.062,-0.017,1.78,-8.82,-0.63,0.000000,0.000000,685.32
12.35,100136.16,50.34,99.45,9.71,-0.22,1.46,-0.009,-0.061,-0.016,1.78,-8.82,-1.08,0.000000,0.000000,686.47
12.41,100141.71,50.33,98.99,9.69,-0.22,1.46,-0.009,-0.060,-0.016,1.78,-7.87,0.73,0.000000,0.000000,687.62
12.25,100118.32,50.33,100.95,9.69,-0.21,1.48,-0.009,-0.061,-0.017,4.29,-7.87,1.18,0.000000,0.000000,688.77
12.68,100183.54,50.33,95.47,9.69,-0.23,1.47,-0.009,-0.061,-0.015,2.78,-7.87,2.54,0.000000,0.000000,689.92
12.69,100188.56,50.31,95.05,9.69,-0.22,1.48,-0.009,-0.061,-0.016,3.29,-7.87,1.18,0.000000,0.000000,691.07
12.61,100170.02,50.30,96.61,9.70,-0.23,1.48,-0.009,-0.060,-0.017,1.78,-9.30,1.63,0.000000,0.000000,692.22
12.24,100115.20,50.26,101.21,9.70,-0.21,1.45,-0.009,-0.062,-0.015,1.27,-9.30,0.28,0.000000,0.000000,693.38
12.05,100084.63,50.25,103.78,9.69,-0.22,1.48,-0.009,-0.061,-0.016,1.78,-8.82,1.18,0.000000,0.000000,694.53
12.25,100110.20,50.25,101.63,9.71,-0.21,1.46,-0.009,-0.061,-0.016,1.78,-9.78,1.18,0.000000,0.000000,695.68
12.22,100108.98,50.24,101.74,9.69,-0.21,1.47,-0.009,-0.061,-0.017,1.78,-9.30,0.28,0.000000,0.000000,696.83
12.86,100212.05,50.25,93.08,9.69,-0.20,1.48,-0.010,-0.062,-0.017,2.28,-9.30,-0.63,0.000000,0.000000,697.98
12.76,100196.81,50.25,94.36,9.71,-0.21,1.46,-0.009,-0.061,-0.016,1.78,-7.87,-1.99,0.000000,0.000000,699.13
12.31,100117.23,50.22,101.04,9.70,-0.21,1.47,-0.009,-0.062,-0.016,2.28,-8.82,-1.54,0.000000,0.000000,700.28
12.50,100149.03,50.22,98.37,9.70,-0.22,1.45,-0.009,-0.060,-0.015,2.28,-8.82,0.73,0.000000,0.000000,701.43
12.38,100128.99,50.21,100.06,9.70,-0.23,1.43,-0.009,-0.060,-0.017,2.78,-7.87,1.18,0.000000,0.000000,702.58
12.66,100170.00,50.21,96.61,9.68,-0.21,1.47,-0.009,-0.061,-0.017,1.78,-6.92,1.63,0.000000,0.000000,703.73
12.81,100198.15,50.20,94.24,9.69,-0.22,1.46,-0.009,-0.061,-0.017,2.28,-8.35,1.18,0.000000,0.000000,704.89
13.00,100226.48,50.19,91.86,9.69,-0.23,1.47,-0.009,-0.061,-0.015,2.78,-10.25,0.73,0.000000,0.000000,706.04
12.62,100167.25,50.18,96.84,9.69,-0.20,1.45,-0.009,-0.060,-0.016,1.78,-9.30,1.18,0.000000,0.000000,707.19
12.69,100170.31,50.17,96.58,9.69,-0.22,1.45,-0.010,-0.061,-0.018,2.28,-9.78,0.73,0.000000,0.000000,708.34
12.73,100179.36,50.18,95.82,9.70,-0.22,1.47,-0.009,-0.061,-0.015,2.28,-8.35,0.28,0.000000,0.000000,709.49
12.67,100168.36,50.14,96.75,9.69,-0.22,1.44,-0.009,-0.062,-0.017,1.78,-8.82,-1.54,0.000000,0.000000,710.64
12.68,100165.27,50.14,97.01,9.69,-0.21,1.47,-0.009,-0.061,-0.016,1.78,-8.82,-1.08,0.000000,0.000000,711.79
13.00,100219.92,50.15,92.41,9.71,-0.24,1.46,-0.009,-0.062,-0.016,2.28,-8.35,0.73,0.000000,0.000000,712.94
13.16,100241.69,50.13,90.59,9.69,-0.21,1.48,-0.009,-0.061,-0.015,1.78,-8.82,2.09,0.000000,0.000000,714.09
13.06,100227.66,50.12,91.76,9.69,-0.22,1.46,-0.009,-0.061,-0.018,1.78,-8.35,1.63,0.000000,0.000000,715.24
12.49,100134.53,50.09,99.59,9.72,-0.21,1.45,-0.009,-0.060,-0.016,1.78,-8.35,3.44,0.000000,0.000000,716.43
13.04,100225.25,50.11,91.97,9.70,-0.21,1.44,-0.010,-0.061,-0.018,2.28,-8.82,1.18,0.000000,0.000000,717.55
12.64,100157.11,50.08,97.69,9.68,-0.26,1.49,-0.009,-0.061,-0.017,0.77,-8.82,1.63,0.000000,0.000000,718.70
12.95,100202.83,50.09,93.85,9.69,-0.21,1.48,-0.010,-0.061,-0.016,1.78,-9.78,1.63,0.000000,0.000000,719.85
15.51,100604.61,50.17,60.15,11.29,-0.45,1.88,0.697,0.196,0.441,0.27,-10.25,0.28,0.000000,0.000000,721.00
15.95,100680.77,50.18,53.78,7.66,-3.17,1.58,-1.794,1.027,0.739,-2.24,-8.35,-1.08,0.000000,0.000000,722.15
11.63,99987.34,50.00,111.97,10.84,-2.58,0.25,0.222,0.129,-0.206,-1.24,-9.30,-1.08,0.000000,0.000000,723.30
16.17,100709.18,50.12,51.40,8.59,-3.83,3.61,0.056,-0.120,-0.254,-1.74,-7.39,2.99,0.000000,0.000000,724.45
12.75,100166.97,50.02,96.86,8.96,-3.21,2.79,0.399,-0.417,-0.036,-1.24,-8.35,0.28,0.000000,0.000000,725.60
9.32,99624.88,49.87,142.52,9.63,-2.29,1.84,0.535,-0.155,-0.196,-1.24,-7.87,1.18,0.000000,0.000000,726.75
8.97,99558.59,49.79,148.11,9.22,-1.92,1.85,-0.094,-0.049,0.035,-0.23,-7.87,1.63,0.000000,0.000000,727.90
18.14,101012.95,50.09,26.01,9.38,-2.88,2.03,-0.234,0.212,0.503,-2.75,-7.87,1.18,0.000000,0.000000,729.05
17.45,100914.00,50.07,34.27,9.31,-2.78,2.04,-0.041,-0.194,-0.144,-2.24,-7.39,0.73,0.000000,0.000000,730.21
8.43,99476.83,49.77,155.02,9.51,-1.65,0.78,-0.305,-0.131,-0.023,-1.24,-8.35,0.28,0.000000,0.000000,731.36
10.16,99740.96,49.77,132.72,9.41,-1.77,1.27,-0.111,0.404,-0.086,0.27,-10.25,-0.18,0.000000,0.000000,732.51
11.86,99547.87,49.73,106.99,9.79,-0.16,1.71,-0.030,-0.737,0.327,1.27,-9.30,1.18,0.000000,0.000000,733.66
9.01,99559.80,49.71,148.01,9.53,-0.59,-0.20,-0.246,0.113,-0.017,-0.23,-8.35,-3.35,0.000000,0.000000,734.81
8.85,99542.33,49.67,149.49,9.82,-0.38,0.87,0.015,-0.010,-0.018,0.77,-7.87,-1.99,0.000000,0.000000,735.96
9.18,99585.58,49.63,145.84,10.50,-0.32,1.29,0.068,-0.023,0.311,0.77,-9.30,-1.08,0.000000,0.000000,737.11
15.38,100570.13,49.84,63.04,8.25,-1.99,4.38,0.094,0.072,0.172,-0.23,-6.92,4.35,0.000000,0.000000,738.26
15.83,100649.75,49.90,56.37,7.57,-3.04,5.45,0.140,-0.033,-0.021,-2.24,-6.92,6.61,0.000000,0.000000,739.42
17.35,100897.51,50.00,35.65,8.71,-0.88,5.13,-0.331,-0.177,-0.379,0.77,-8.35,4.35,0.000000,0.000000,740.57
15.92,100664.23,49.96,55.16,9.25,-0.65,2.95,0.114,-0.149,0.077,0.77,-8.82,3.90,0.000000,0.000000,741.71
17.19,100867.55,50.01,38.16,9.04,-0.61,1.48,-0.424,-0.287,-0.455,0.27,-7.87,1.18,0.000000,0.000000,742.87
17.52,100917.42,50.03,33.99,9.73,-0.78,1.75,0.133,-0.062,0.017,0.27,-8.82,0.73,0.000000,0.000000,744.02
17.08,100835.17,50.01,40.86,9.34,-1.44,1.46,0.015,-0.201,0.149,-0.74,-8.35,-1.99,0.000000,0.000000,745.17
14.34,100417.48,49.92,75.83,9.29,-2.35,1.97,0.904,-0.160,0.266,-1.74,-7.39,-0.63,0.000000,0.000000,746.32
13.54,100284.65,49.86,86.98,9.37,-0.36,2.61,0.990,-0.252,0.139,1.27,-8.82,0.28,0.000000,0.000000,747.47
11.95,100030.15,49.80,108.37,9.21,-0.83,-0.57,-0.268,0.182,0.177,1.78,-7.39,-1.54,0.000000,0.000000,748.62
15.73,100629.95,49.89,58.03,8.73,-0.37,3.28,-0.054,-1.244,0.647,1.78,-6.92,2.99,0.000000,0.000000,749.77
15.03,100490.26,49.81,67.38,9.34,-2.79,2.44,-1.560,-0.354,-0.160,-1.24,-8.35,2.54,0.000000,0.000000,750.93
14.21,100386.94,49.88,78.39,9.66,-1.58,0.70,0.245,0.093,1.044,-0.23,-7.87,0.28,0.000000,0.000000,752.07
11.17,99909.03,49.71,118.56,6.00,-4.54,5.51,1.178,-0.594,-0.541,-3.25,-5.48,4.80,0.000000,0.000000,753.23
15.03,100513.58,49.82,67.78,8.12,-0.74,5.23,0.145,-0.195,0.085,0.27,-8.35,4.80,0.000000,0.000000,754.37
13.92,100337.40,49.79,82.55,8.60,-1.00,5.03,0.106,-0.040,0.009,0.77,-8.35,3.90,0.000000,0.000000,755.53
13.80,100319.11,49.77,84.09,8.45,-0.89,4.92,0.007,-0.087,-0.057,0.77,-8.35,2.99,0.000000,0.000000,756.68
13.88,100332.67,49.78,82.95,8.49,-0.71,4.81,0.006,-0.035,-0.039,1.27,-7.39,1.63,0.000000,0.000000,757.83
14.40,100411.52,49.79,76.33,8.36,-0.83,4.77,-0.052,-0.014,0.026,0.27,-6.92,2.54,0.000000,0.000000,758.98
14.31,100399.56,49.78,77.34,8.57,-0.67,4.71,-0.072,-0.111,-0.062,1.27,-7.39,6.16,0.000000,0.000000,760.13
14.05,100352.31,49.76,81.30,8.80,-0.91,4.38,-0.004,-0.049,-0.020,1.27,-6.92,3.90,0.000000,0.000000,761.28
13.85,100323.82,49.75,83.69,8.71,-0.98,4.50,-0.006,-0.077,-0.042,1.27,-7.87,4.35,0.000000,0.000000,762.43
13.69,100295.37,49.73,86.08,8.93,-0.72,4.54,-0.272,0.066,-0.163,-0.23,-7.87,4.80,0.000000,0.000000,763.58
12.89,100165.06,49.70,97.02,6.77,0.28,5.93,0.778,-0.421,0.297,0.77,-6.44,5.26,0.000000,0.000000,764.73
15.28,100551.73,49.77,64.58,9.59,1.91,1.11,-0.124,0.145,-0.041,3.29,-9.30,-0.63,0.000000,0.000000,765.89
16.32,100717.59,49.82,50.69,7.95,4.37,1.48,0.457,0.764,0.935,5.80,-8.82,2.09,0.000000,0.000000,767.03
14.26,100394.33,49.72,77.77,9.85,-2.15,0.23,0.008,0.374,0.069,-0.74,-8.35,-1.54,0.000000,0.000000,768.19
14.74,100462.69,49.76,72.04,9.32,-1.57,1.90,0.603,0.247,0.067,-0.74,-8.35,-1.08,0.000000,0.000000,769.34
14.01,100348.22,49.72,81.64,7.96,-1.92,3.24,0.065,0.489,-0.107,-1.24,-5.96,2.54,0.000000,0.000000,770.49
15.16,100525.40,49.75,66.79,9.27,-1.87,3.80,0.166,-0.060,0.047,-1.24,-7.87,3.44,0.000000,0.000000,771.64
14.65,100448.89,49.74,73.20,9.02,-1.11,3.65,0.208,-0.289,0.365,0.27,-8.35,2.99,0.000000,0.000000,772.79
18.61,101073.05,49.85,21.00,8.38,-4.13,3.34,-0.487,0.045,0.302,-3.75,-6.92,2.09,0.000000,0.000000,773.94
18.95,101130.27,49.87,16.23,7.76,-3.77,3.06,-0.211,-0.046,0.120,-3.75,-7.39,1.63,0.000000,0.000000,775.09
18.58,101063.50,49.85,21.79,8.37,-4.27,2.77,0.173,-0.131,0.059,-3.75,-7.39,1.63,0.000000,0.000000,776.24
18.33,101022.35,49.81,25.23,8.24,-4.07,2.81,0.256,-0.063,0.077,-3.75,-7.39,1.63,0.000000,0.000000,777.40
18.19,100998.67,49.83,27.20,8.92,-2.54,2.65,0.263,-0.459,-0.406,-2.75,-7.39,0.73,0.000000,0.000000,778.55
18.11,100993.06,49.83,27.67,10.21,2.44,3.25,0.674,0.111,-0.926,2.28,-9.30,2.99,0.000000,0.000000,779.70
16.31,100703.11,49.78,51.91,9.58,2.52,2.52,0.078,-0.191,0.127,4.29,-8.35,2.54,0.000000,0.000000,780.85
15.38,100560.46,49.75,63.85,7.93,3.73,4.57,0.077,-0.052,-0.112,6.80,-5.96,4.80,0.000000,0.000000,782.00
17.99,100978.06,49.82,28.92,8.49,-2.68,4.83,-0.647,-0.486,0.182,-1.24,-6.92,2.99,0.000000,0.000000,783.15
17.08,100817.72,49.76,42.32,8.50,-2.77,4.25,0.176,-0.078,-0.002,-2.75,-7.39,2.99,0.000000,0.000000,784.30
17.56,100898.92,49.76,35.53,8.65,-2.50,4.10,-0.068,0.045,-0.042,-1.74,-7.87,2.54,0.000000,0.000000,785.45
17.37,100866.19,49.78,38.27,8.48,-2.52,4.14,0.042,-0.024,0.065,-1.24,-6.92,2.99,0.000000,0.000000,786.60
17.18,100836.12,49.72,40.78,8.25,-2.49,4.14,0.358,-0.191,0.036,-2.24,-8.82,2.99,0.000000,0.000000,787.75
18.03,100974.02,49.76,29.26,8.32,-1.15,5.18,-0.023,-0.050,-0.006,-0.23,-7.39,4.35,0.000000,0.000000,788.91
17.50,100889.20,49.73,36.35,8.29,1.77,4.60,0.405,-0.329,-0.485,1.78,-6.92,1.63,0.000000,0.000000,790.06
16.68,100756.71,49.73,47.42,9.10,2.60,4.43,0.060,0.063,0.116,4.29,-7.87,3.44,0.000000,0.000000,791.20
16.50,100731.16,49.72,49.56,9.45,-0.83,3.32,-0.427,-0.307,0.209,0.77,-7.39,3.90,0.000000,0.000000,792.36
15.97,100640.77,49.68,57.12,8.90,-1.49,3.65,0.221,-0.058,-0.096,-0.74,-7.39,2.99,0.000000,0.000000,793.51
17.29,100847.38,49.70,39.84,8.40,-1.70,4.78,0.094,-0.116,-0.048,-1.24,-6.44,3.44,0.000000,0.000000,794.66
17.67,100908.53,49.72,34.73,8.96,-0.92,3.68,0.088,0.008,-0.076,-0.74,-8.35,1.63,0.000000,0.000000,795.81
18.05,100968.78,49.71,29.70,9.08,-2.51,2.63,0.219,0.031,-0.055,-1.24,-9.30,-0.18,0.000000,0.000000,796.96
17.47,100871.55,49.67,37.82,9.09,-3.00,3.13,-0.038,-0.019,-0.283,-2.75,-7.39,-0.18,0.000000,0.000000,798.12
17.34,100851.03,49.66,39.54,8.92,-2.77,2.83,-0.132,-0.122,-0.073,-2.24,-6.92,1.18,0.000000,0.000000,799.27
17.21,100831.43,49.66,41.17,9.26,-2.24,2.79,0.335,-0.019,0.046,-1.74,-7.87,1.18,0.000000,0.000000,800.41
18.45,101028.38,49.70,24.73,11.54,-3.40,2.50,0.853,-0.393,0.092,-2.24,-10.25,1.63,0.000000,0.000000,801.57
18.56,101052.80,49.72,22.69,9.18,-4.28,2.23,-0.824,-0.004,-0.496,-3.25,-6.92,2.54,0.000000,0.000000,802.72
19.33,101171.27,49.74,12.81,9.99,-1.66,2.20,0.356,-0.056,-0.071,-0.74,-7.87,1.18,0.000000,0.000000,803.87
18.05,100969.86,49.72,29.61,9.19,-3.30,1.85,-0.193,0.166,-0.062,-2.24,-8.35,0.73,0.000000,0.000000,805.02
18.20,100991.52,49.72,27.80,8.92,-2.51,1.40,-1.221,0.593,-1.210,-2.24,-7.87,-0.18,0.000000,0.000000,806.17
17.97,100950.04,49.70,31.27,8.82,-0.58,3.92,-0.156,0.018,-0.372,-0.23,-7.87,1.63,0.000000,0.000000,807.32
9.35,99577.78,49.39,146.49,8.25,2.11,4.78,-0.195,-0.173,0.143,4.29,-6.92,2.99,0.000000,0.000000,808.47
10.28,99722.06,49.37,134.32,9.36,-0.38,3.51,-0.000,-0.063,-0.053,0.77,-8.35,2.09,0.000000,0.000000,809.62
10.13,99688.93,49.30,137.11,9.31,-2.04,2.79,0.102,0.094,0.329,-1.24,-6.92,0.28,0.000000,0.000000,810.77
10.60,99773.80,49.27,129.96,9.43,-0.12,2.00,-0.142,-0.030,0.035,0.77,-8.35,0.73,0.000000,0.000000,811.92
10.83,99800.77,49.25,127.68,9.57,-1.31,1.96,0.010,0.132,-0.177,-0.74,-7.39,1.18,0.000000,0.000000,813.07
10.69,99783.03,49.26,129.18,9.04,-0.38,3.62,-0.093,-0.150,-0.087,1.78,-6.92,2.99,0.000000,0.000000,814.23
9.73,99630.06,49.19,142.08,9.15,0.15,3.50,-0.088,-0.072,-0.083,1.78,-9.30,3.44,0.000000,0.000000,815.38
10.07,99682.41,49.19,137.66,9.05,0.05,3.67,-0.050,-0.007,-0.183,1.27,-7.87,2.09,0.000000,0.000000,816.53
9.18,99531.36,49.13,150.41,9.42,0.83,3.56,0.140,0.091,-0.036,1.27,-8.82,1.63,0.000000,0.000000,817.68
12.85,100117.73,49.25,101.00,9.23,-0.65,3.61,-0.041,-0.048,0.424,0.27,-8.35,-0.63,0.000000,0.000000,818.83
9.81,99634.23,49.16,141.73,9.85,0.26,1.81,0.688,-0.329,-0.898,0.77,-8.35,-1.99,0.000000,0.000000,819.98
3.56,98650.00,48.92,225.13,8.97,3.58,1.70,0.029,0.073,0.107,5.30,-8.35,-1.54,0.000000,0.000000,821.13
5.04,98887.97,48.93,204.90,9.34,2.99,1.59,0.271,-0.097,0.024,5.30,-7.87,0.73,0.000000,0.000000,822.28
4.03,98715.13,48.87,219.59,9.21,3.20,1.22,0.148,-0.011,-0.065,5.80,-8.35,1.63,0.000000,0.000000,823.43
9.12,99530.03,49.04,150.53,9.38,2.81,1.45,-0.200,-0.173,0.010,5.30,-8.82,2.09,0.000000,0.000000,824.58
9.46,99580.38,49.09,146.28,9.34,2.17,0.77,-0.247,-0.050,-0.016,4.29,-9.30,0.28,0.000000,0.000000,825.73
9.12,99534.33,49.12,150.16,9.75,1.41,0.97,0.121,0.157,-0.152,2.78,-9.30,-1.08,0.000000,0.000000,826.89
9.48,99586.14,49.11,145.79,9.96,-1.56,0.01,0.045,0.674,-0.298,0.77,-10.73,-1.54,0.000000,0.000000,828.04
17.20,100806.63,49.37,43.25,8.02,-1.03,5.26,0.076,-0.197,-0.510,0.27,-7.39,2.54,0.000000,0.000000,829.19
14.21,100347.98,49.33,81.66,9.98,0.47,2.49,0.334,0.093,0.184,2.28,-8.35,-1.99,0.000000,0.000000,830.34
11.60,99926.41,49.27,117.10,9.67,0.59,2.10,-0.264,0.024,-0.244,3.29,-7.87,1.18,0.000000,0.000000,831.49
13.19,100173.17,49.31,96.34,8.95,1.13,2.17,0.126,-0.101,0.119,3.79,-6.92,1.63,0.000000,0.000000,832.64
17.52,100857.34,49.46,39.01,9.53,-0.47,2.83,0.232,-0.133,0.132,0.27,-7.39,1.63,0.000000,0.000000,833.79
18.34,100997.50,49.51,27.30,9.48,-0.51,2.64,-0.060,-0.049,-0.010,0.27,-8.35,0.73,0.000000,0.000000,834.94
18.06,100950.23,49.50,31.25,9.21,-0.84,2.97,-0.037,-0.071,-0.024,-0.23,-7.87,0.73,0.000000,0.000000,836.10
17.53,100862.26,49.47,38.60,9.28,-0.92,2.81,-0.093,-0.046,-0.024,-0.23,-7.39,1.18,0.000000,0.000000,837.25
18.47,101014.77,49.51,25.86,9.27,-0.98,2.75,-0.158,-0.065,-0.111,-0.23,-8.35,0.28,0.000000,0.000000,838.40
18.55,101028.27,49.53,24.73,9.36,-1.06,2.87,0.041,-0.081,0.013,-0.74,-8.35,-1.08,0.000000,0.000000,839.55
18.60,101032.66,49.55,24.37,9.35,-1.08,2.88,-0.022,-0.058,-0.033,-0.23,-7.87,1.63,0.000000,0.000000,840.70
19.32,101151.40,49.57,14.46,9.31,-0.69,3.19,-0.013,-0.096,0.029,-0.23,-7.87,2.54,0.000000,0.000000,841.85
20.57,101352.52,49.63,-2.29,9.10,0.08,2.51,0.202,0.325,0.784,0.27,-7.87,0.73,0.000000,0.000000,843.00
21.61,101515.20,49.67,-15.82,9.58,-0.61,2.15,0.036,-0.055,-0.030,-0.74,-7.87,0.73,0.000000,0.000000,844.15
21.00,101421.11,49.66,-8.00,9.53,-0.80,2.27,-0.026,-0.033,-0.016,-0.74,-8.35,1.18,0.000000,0.000000,845.30
21.15,101446.23,49.69,-10.09,9.44,-0.97,2.25,0.154,-0.080,0.000,-0.74,-9.30,-0.63,0.000000,0.000000,846.46
20.84,101397.20,49.68,-6.01,9.53,-0.88,2.38,-0.021,-0.053,-0.019,-0.23,-8.82,-0.63,0.000000,0.000000,847.61
20.96,101414.42,49.70,-7.44,9.43,-1.15,2.30,0.164,-0.090,0.060,0.77,-8.82,1.18,0.000000,0.000000,848.75
21.44,101490.31,49.72,-13.75,9.23,-1.27,2.36,-0.011,-0.022,0.006,0.77,-7.87,1.18,0.000000,0.000000,849.91
21.20,101455.77,49.70,-10.88,9.31,-1.41,2.59,0.025,-0.082,-0.036,-1.24,-8.82,1.18,0.000000,0.000000,851.06
20.78,101383.00,49.66,-4.83,9.60,-0.75,2.64,0.122,-0.071,0.014,-0.23,-8.82,2.09,0.000000,0.000000,852.21
20.75,101377.48,49.67,-4.37,9.35,-1.10,2.55,0.049,-0.053,0.014,-2.24,-9.30,0.73,0.000000,0.000000,853.36
20.32,101308.09,49.65,1.11,9.36,-1.32,2.73,-0.018,-0.071,-0.042,-0.74,-7.39,0.28,0.000000,0.000000,854.51
20.90,101401.48,49.69,-6.37,9.60,-1.01,2.81,0.331,-0.166,-0.015,-0.23,-8.35,-0.63,0.000000,0.000000,855.66
20.45,101327.53,49.66,-0.21,9.13,0.07,2.51,0.214,-0.428,-0.571,0.77,-7.87,-1.08,0.000000,0.000000,856.81
22.85,101710.80,49.75,-32.07,10.39,0.55,2.38,-0.222,-0.022,0.179,1.78,-9.30,2.09,0.000000,0.000000,857.96
22.76,101701.20,49.75,-31.27,9.52,-1.03,2.59,0.059,0.260,0.073,-0.23,-8.35,1.63,0.000000,0.000000,859.11
15.67,100570.59,49.53,63.00,9.60,0.91,2.97,0.380,0.058,0.123,1.78,-7.87,2.54,0.000000,0.000000,860.26
11.26,99866.97,49.36,122.10,9.20,0.96,3.36,-2.710,0.027,-0.897,3.29,-9.78,1.63,0.000000,0.000000,861.42
13.49,100219.83,49.40,92.42,9.64,0.76,3.27,-0.025,0.203,0.163,2.28,-10.25,2.09,0.000000,0.000000,862.57
9.95,99651.08,49.25,140.31,6.99,1.31,6.88,-0.218,-0.066,0.009,3.29,-9.30,5.71,0.000000,0.000000,863.72
10.01,99666.20,49.25,139.03,7.33,1.46,6.65,-0.010,-0.062,-0.060,3.79,-6.92,4.80,0.000000,0.000000,864.87
10.22,99692.53,49.20,136.81,7.56,1.69,5.97,0.070,-0.083,0.038,4.29,-6.92,5.71,0.000000,0.000000,866.02
10.71,99769.66,49.23,130.30,7.26,1.60,6.26,-0.117,-0.037,-0.135,5.30,-7.39,7.07,0.000000,0.000000,867.17
9.88,99632.19,49.18,141.90,7.14,1.64,6.57,-0.008,-0.060,-0.063,4.29,-7.39,6.16,0.000000,0.000000,868.32
10.84,99789.17,49.21,128.66,7.19,1.72,6.64,-0.224,-0.027,-0.319,3.29,-7.87,6.61,0.000000,0.000000,869.47
10.68,99760.02,49.19,131.12,7.21,2.38,6.88,-0.179,-0.031,-0.601,4.79,-7.39,6.61,0.000000,0.000000,870.62
13.28,100175.28,49.28,96.16,6.18,0.75,7.33,-0.020,-0.238,0.052,3.29,-5.96,6.61,0.000000,0.000000,871.77
15.11,100465.41,49.35,71.81,6.98,1.40,7.11,-0.135,-0.178,0.139,3.29,-5.96,5.26,0.000000,0.000000,872.93
16.71,100716.94,49.43,50.75,7.03,1.09,6.47,-0.081,-0.041,0.027,2.28,-5.48,6.16,0.000000,0.000000,874.08
12.11,99991.91,49.29,111.58,7.51,0.81,6.77,0.007,-0.082,-0.017,2.78,-6.44,5.71,0.000000,0.000000,875.23
11.39,99870.58,49.24,121.80,7.26,0.51,6.81,0.001,0.004,-0.083,1.78,-7.87,6.16,0.000000,0.000000,876.38
12.70,100080.81,49.28,104.11,6.63,1.06,6.78,0.047,-0.099,-0.092,2.78,-5.96,5.71,0.000000,0.000000,877.53
12.31,100016.52,49.27,109.51,7.48,2.29,6.05,0.158,-0.120,0.047,4.79,-8.82,5.71,0.000000,0.000000,878.68
12.07,99977.39,49.26,112.81,7.47,1.67,5.96,-0.235,0.042,-0.054,3.29,-6.92,2.99,0.000000,0.000000,879.83
13.11,100143.59,49.32,98.83,7.25,0.74,6.60,-0.212,0.026,-0.096,2.78,-6.44,7.07,0.000000,0.000000,880.98
12.97,100122.09,49.29,100.63,7.14,0.44,6.89,-0.001,-0.080,0.045,3.79,-6.44,7.07,0.000000,0.000000,882.13
12.38,100022.38,49.27,109.02,7.66,0.78,6.48,-0.246,0.048,-0.072,4.29,-6.92,6.61,0.000000,0.000000,883.28
11.87,99944.35,49.23,115.12,7.57,0.53,6.24,-0.037,-0.041,-0.076,1.78,-7.87,4.80,0.000000,0.000000,884.43
12.08,99977.10,49.24,112.83,7.81,0.62,6.22,-0.047,-0.092,-0.038,2.28,-6.92,4.35,0.000000,0.000000,885.59
12.28,100008.13,49.24,110.22,8.00,0.08,6.21,-0.085,0.004,-0.119,1.78,-6.92,2.99,0.000000,0.000000,886.74
15.23,100477.41,49.35,70.81,7.53,-0.21,6.39,-0.083,-0.215,0.017,1.27,-7.39,4.80,0.000000,0.000000,887.89
15.19,100467.50,49.35,71.64,7.46,-0.58,6.47,-0.066,0.104,0.338,1.27,-6.44,6.16,0.000000,0.000000,889.04
16.83,100733.16,49.42,49.39,7.31,-0.34,6.31,-0.365,-0.010,-0.122,1.27,-5.96,6.16,0.000000,0.000000,890.19
16.37,100658.28,49.42,55.66,7.38,-0.52,6.65,0.386,-0.053,0.130,0.27,-7.39,6.61,0.000000,0.000000,891.34
15.52,100525.93,49.39,66.74,8.72,-0.43,4.19,-0.455,-2.394,-0.303,1.27,-8.35,2.54,0.000000,0.000000,892.49
8.74,99447.28,49.16,157.52,9.42,-1.54,-0.34,0.100,0.307,0.359,0.77,-10.25,-1.54,0.000000,0.000000,893.64
9.27,99515.48,49.12,151.76,10.23,0.22,-2.11,0.705,-0.567,-0.967,2.28,-8.82,-5.61,0.000000,0.000000,894.79
9.93,99621.28,49.12,142.82,7.61,4.36,-3.61,0.021,-0.280,0.053,7.31,-5.48,-4.71,0.000000,0.000000,895.94
6.72,99123.20,48.99,184.95,7.73,-2.69,-5.56,1.542,-0.262,-0.677,-0.74,-5.96,-5.16,0.000000,0.000000,897.10
9.84,99604.31,49.06,144.25,7.64,-4.38,-2.28,1.351,-0.233,-0.411,-3.25,-5.48,-2.89,0.000000,0.000000,898.25
7.40,99221.13,48.99,176.65,7.98,-2.58,4.72,-0.870,0.199,-1.133,-1.24,-8.82,4.35,0.000000,0.000000,899.40
4.95,98829.52,48.88,209.87,9.70,0.03,0.27,-0.259,-0.411,-0.166,1.27,-8.35,-1.54,0.000000,0.000000,900.55
11.90,99933.91,49.10,116.47,9.44,-2.77,2.01,-0.101,-0.151,1.153,-0.74,-9.30,0.28,0.000000,0.000000,901.70
17.02,100747.30,49.29,48.21,5.71,-6.44,0.80,-0.171,0.063,-0.205,-5.26,-4.53,0.73,0.000000,0.000000,902.85
19.00,101067.24,49.38,21.48,8.78,-1.47,1.20,3.099,-0.253,-1.216,-0.74,-6.44,0.73,0.000000,0.000000,904.00
18.38,100975.63,49.39,29.13,9.83,-0.20,1.90,0.197,0.018,0.143,0.27,-7.87,2.09,0.000000,0.000000,905.15
13.62,100208.53,49.25,93.37,9.68,-0.09,1.75,-0.010,-0.061,-0.015,0.77,-9.30,1.18,0.000000,0.000000,906.31
13.36,100175.13,49.24,96.18,9.67,-0.10,1.70,-0.009,-0.061,-0.018,1.78,-10.73,0.73,0.000000,0.000000,907.46
13.39,100174.64,49.25,96.22,9.65,-0.08,1.69,-0.010,-0.060,-0.016,1.78,-8.35,-0.18,0.000000,0.000000,908.61
13.82,100238.38,49.24,90.86,9.64,-0.10,1.76,-0.010,-0.061,-0.016,2.28,-8.35,1.18,0.000000,0.000000,909.76
13.03,100120.39,49.20,100.78,9.64,-0.10,1.72,-0.009,-0.061,-0.017,1.78,-8.82,1.18,0.000000,0.000000,910.91
13.01,100108.89,49.20,101.74,9.65,-0.10,1.71,-0.010,-0.060,-0.015,1.78,-9.30,2.09,0.000000,0.000000,912.06
13.75,100231.14,49.22,91.47,9.67,-0.10,1.72,-0.010,-0.062,-0.017,1.27,-9.78,2.09,0.000000,0.000000,913.21
12.92,100093.13,49.19,103.07,9.65,-0.10,1.74,-0.010,-0.061,-0.017,1.78,-9.30,0.28,0.000000,0.000000,914.37
12.99,100110.66,49.19,101.60,9.65,-0.10,1.71,-0.009,-0.061,-0.017,2.28,-8.35,0.28,0.000000,0.000000,915.51
12.87,100089.47,49.19,103.38,9.66,-0.10,1.72,-0.010,-0.062,-0.017,2.28,-7.87,2.09,0.000000,0.000000,916.66
12.59,100047.16,49.18,106.94,9.67,-0.10,1.72,-0.010,-0.061,-0.017,3.79,-8.82,2.99,0.000000,0.000000,917.82
13.69,100220.45,49.22,92.37,9.66,-0.09,1.69,-0.009,-0.061,-0.016,3.29,-8.82,0.73,0.000000,0.000000,918.97
13.78,100226.74,49.20,91.84,9.66,-0.11,1.73,-0.009,-0.061,-0.016,1.78,-8.35,-0.18,0.000000,0.000000,920.12
13.49,100180.78,49.19,95.70,9.67,-0.10,1.73,-0.009,-0.061,-0.016,1.78,-9.78,-0.63,0.000000,0.000000,921.27
12.90,100089.16,49.16,103.40,9.66,-0.10,1.74,-0.009,-0.061,-0.016,2.28,-8.82,-1.54,0.000000,0.000000,922.42
13.43,100177.63,49.19,95.97,9.65,-0.11,1.74,-0.009,-0.062,-0.017,2.28,-8.35,1.63,0.000000,0.000000,923.57
13.66,100206.95,49.18,93.50,9.67,-0.09,1.75,-0.010,-0.060,-0.016,2.78,-8.35,2.09,0.000000,0.000000,924.72
12.91,100091.73,49.16,103.19,9.65,-0.10,1.75,-0.010,-0.060,-0.016,2.28,-8.82,1.63,0.000000,0.000000,925.87
13.42,100172.94,49.17,96.36,9.66,-0.10,1.72,-0.010,-0.061,-0.017,1.78,-11.21,0.73,0.000000,0.000000,927.02
12.99,100166.70,49.16,96.89,9.66,-0.11,1.71,-0.010,-0.061,-0.017,2.28,-10.25,1.63,0.000000,0.000000,928.17
13.41,100166.47,49.17,96.91,9.66,-0.10,1.72,-0.009,-0.060,-0.016,2.28,-8.35,1.18,0.000000,0.000000,929.32
13.24,100139.05,49.16,99.21,9.65,-0.09,1.74,-0.010,-0.062,-0.017,1.78,-8.35,2.09,0.000000,0.000000,930.48
13.50,100182.33,49.17,95.57,9.64,-0.09,1.72,-0.010,-0.060,-0.017,3.29,-8.82,1.63,0.000000,0.000000,931.63
13.20,100131.38,49.14,99.86,9.66,-0.10,1.74,-0.009,-0.060,-0.016,0.77,-9.30,1.18,0.000000,0.000000,932.78
13.25,100143.20,49.18,98.86,9.69,-0.09,1.71,-0.010,-0.062,-0.017,1.78,-9.30,1.18,0.000000,0.000000,933.93
13.54,100186.50,49.18,95.22,9.68,-0.09,1.73,-0.010,-0.061,-0.017,1.78,-8.82,0.73,0.000000,0.000000,935.08
13.53,100188.74,49.15,95.03,9.67,-0.10,1.73,-0.010,-0.060,-0.017,1.27,-7.87,-0.63,0.000000,0.000000,936.23
12.86,100076.38,49.13,104.48,9.68,-0.10,1.71,-0.010,-0.061,-0.017,2.28,-6.92,1.63,0.000000,0.000000,937.38
12.97,100091.44,49.14,103.21,9.67,-0.10,1.70,-0.010,-0.061,-0.016,1.78,-8.82,2.54,0.000000,0.000000,938.53
12.99,100097.45,49.13,102.71,9.66,-0.10,1.73,-0.010,-0.060,-0.017,1.78,-9.30,1.18,0.000000,0.000000,939.68
13.34,100148.00,49.14,98.46,9.65,-0.10,1.72,-0.010,-0.062,-0.017,2.28,-9.30,0.28,0.000000,0.000000,940.83
13.38,100160.02,49.14,97.45,9.67,-0.10,1.72,-0.010,-0.062,-0.016,1.27,-7.87,0.28,0.000000,0.000000,941.99
13.44,100166.81,49.13,96.88,9.69,-0.10,1.69,-0.010,-0.062,-0.017,1.78,-7.87,2.99,0.000000,0.000000,943.14
13.05,100109.65,49.12,101.68,9.64,-0.11,1.72,-0.010,-0.061,-0.016,2.28,-8.82,1.18,0.000000,0.000000,944.29
12.76,100056.70,49.11,106.13,9.67,-0.10,1.70,-0.009,-0.061,-0.016,1.78,-8.35,1.18,0.000000,0.000000,945.44
12.83,100070.61,49.11,104.96,9.66,-0.10,1.75,-0.010,-0.060,-0.016,1.27,-10.25,0.73,0.000000,0.000000,946.59
12.97,100090.70,49.09,103.27,9.65,-0.10,1.73,-0.009,-0.061,-0.016,1.78,-8.82,-0.18,0.000000,0.000000,947.74
12.61,100074.16,49.08,108.39,9.66,-0.10,1.71,-0.009,-0.060,-0.015,2.28,-8.82,0.73,0.000000,0.000000,948.89
12.78,100061.67,49.08,105.72,9.66,-0.09,1.72,-0.010,-0.061,-0.016,2.78,-8.35,1.63,0.000000,0.000000,950.04
12.74,100048.53,49.07,106.82,9.67,-0.10,1.74,-0.010,-0.060,-0.018,2.78,-7.87,-0.18,0.000000,0.000000,951.19
12.52,100012.59,49.05,109.84,9.66,-0.10,1.70,-0.010,-0.060,-0.016,1.78,-9.78,0.73,0.000000,0.000000,952.34
12.98,100087.94,49.07,103.51,9.66,-0.10,1.71,-0.010,-0.061,-0.016,1.78,-10.73,-0.18,0.000000,0.000000,953.50
12.70,100042.95,49.06,107.29,9.65,-0.06,1.71,-0.010,-0.060,-0.017,1.78,-8.35,1.18,0.000000,0.000000,954.65
12.94,100082.68,49.06,103.95,9.66,-0.10,1.70,-0.009,-0.061,-0.017,2.28,-8.35,1.63,0.000000,0.000000,955.80
13.92,100238.43,49.09,90.86,9.66,-0.11,1.72,-0.009,-0.062,-0.016,2.28,-9.30,1.63,0.000000,0.000000,956.95
14.06,100258.44,49.10,89.18,9.67,-0.09,1.70,-0.009,-0.060,-0.016,2.28,-9.30,-0.18,0.000000,0.000000,958.10
14.10,100168.40,49.09,96.74,9.66,-0.10,1.74,-0.009,-0.061,-0.017,2.78,-8.82,0.73,0.000000,0.000000,959.25
13.49,100168.64,49.06,96.72,9.66,-0.11,1.71,-0.010,-0.062,-0.016,1.78,-8.35,-1.08,0.000000,0.000000,960.40
13.50,100165.20,49.09,97.01,9.64,-0.11,1.71,-0.009,-0.061,-0.017,2.78,-8.35,1.63,0.000000,0.000000,961.55
13.76,100210.24,49.08,93.23,9.65,-0.10,1.73,-0.010,-0.062,-0.017,1.27,-7.87,1.63,0.000000,0.000000,962.70
13.98,100241.83,49.07,90.57,9.66,-0.12,1.73,-0.009,-0.061,-0.017,1.78,-7.87,1.18,0.000000,0.000000,963.85
14.19,100276.57,49.08,87.66,9.66,-0.10,1.73,-0.009,-0.061,-0.017,1.78,-10.73,-0.18,0.000000,0.000000,965.01
14.24,100283.36,49.06,87.09,9.66,-0.09,1.71,-0.009,-0.060,-0.017,2.28,-8.35,1.63,0.000000,0.000000,966.16
13.24,100096.18,49.02,102.81,9.69,-0.08,1.73,-0.010,-0.061,-0.016,2.28,-8.35,1.63,0.000000,0.000000,967.31
13.03,100088.92,49.03,103.42,9.69,-0.11,1.74,-0.010,-0.061,-0.017,3.29,-7.39,1.63,0.000000,0.000000,968.46
12.99,100079.52,49.01,104.21,9.65,-0.09,1.72,-0.009,-0.060,-0.016,2.28,-9.30,-0.18,0.000000,0.000000,969.61
13.24,100124.91,49.03,100.40,9.66,-0.10,1.71,-0.010,-0.061,-0.017,2.28,-8.35,0.28,0.000000,0.000000,970.76
13.03,100090.92,49.00,103.26,9.67,-0.10,1.73,-0.010,-0.061,-0.016,1.27,-10.73,0.73,0.000000,0.000000,971.91
13.48,100160.92,49.01,97.37,9.67,-0.10,1.72,-0.010,-0.061,-0.017,2.78,-8.82,-0.18,0.000000,0.000000,973.06
14.36,100296.34,49.05,86.00,9.66,-0.10,1.71,-0.010,-0.061,-0.016,2.78,-8.82,2.54,0.000000,0.000000,974.21
13.47,100158.63,49.00,97.56,9.65,-0.10,1.72,-0.010,-0.061,-0.016,2.28,-7.87,0.28,0.000000,0.000000,975.36
13.54,100167.23,49.00,96.84,9.65,-0.09,1.76,-0.010,-0.061,-0.016,0.77,-9.78,-0.18,0.000000,0.000000,976.51
13.68,100183.87,49.01,95.44,9.67,-0.10,1.72,-0.010,-0.061,-0.016,1.27,-9.78,2.54,0.000000,0.000000,977.67
13.61,100177.05,49.00,96.02,9.67,-0.08,1.73,-0.010,-0.061,-0.017,2.28,-8.82,-1.54,0.000000,0.000000,978.82
14.39,100295.11,49.03,86.10,9.66,-0.10,1.72,-0.010,-0.062,-0.017,2.28,-7.39,2.09,0.000000,0.000000,979.97
14.44,100307.42,49.03,85.07,9.66,-0.10,1.74,-0.009,-0.061,-0.017,2.78,-8.35,0.73,0.000000,0.000000,981.12
14.01,100235.09,49.03,91.14,9.67,-0.11,1.73,-0.009,-0.060,-0.016,1.78,-8.35,2.09,0.000000,0.000000,982.27
13.72,100193.69,49.00,94.62,9.65,-0.09,1.70,-0.010,-0.061,-0.017,1.78,-9.78,-2.44,0.000000,0.000000,983.42
13.17,100104.43,48.97,102.12,9.66,-0.12,1.71,-0.009,-0.061,-0.016,1.78,-8.82,-1.08,0.000000,0.000000,984.57
13.18,100103.00,48.97,102.24,9.65,-0.09,1.71,-0.010,-0.061,-0.017,1.78,-7.87,2.54,0.000000,0.000000,985.72
13.37,100135.73,48.98,99.49,9.68,-0.08,1.71,-0.010,-0.061,-0.016,2.28,-8.35,1.63,0.000000,0.000000,986.87
13.47,100147.14,48.97,98.53,9.65,-0.09,1.70,-0.010,-0.062,-0.017,1.78,-9.78,0.73,0.000000,0.000000,988.02
12.68,100021.59,48.93,109.09,9.68,-0.10,1.72,-0.009,-0.061,-0.016,2.28,-9.30,-0.18,0.000000,0.000000,989.18
12.67,100019.30,48.93,109.28,9.67,-0.10,1.72,-0.010,-0.061,-0.017,1.27,-9.30,-0.18,0.000000,0.000000,990.33
12.63,100015.88,48.92,109.57,9.67,-0.11,1.69,-0.009,-0.062,-0.016,1.78,-8.35,1.63,0.000000,0.000000,991.48
12.64,100009.81,48.89,110.08,9.67,-0.10,1.72,-0.010,-0.060,-0.017,1.27,-8.82,2.09,0.000000,0.000000,992.63
13.85,100208.06,48.94,93.41,9.67,-0.09,1.72,-0.011,-0.060,-0.016,1.78,-8.35,-0.63,0.000000,0.000000,993.78
14.44,100301.98,49.00,85.52,9.65,-0.10,1.70,-0.009,-0.060,-0.018,1.78,-11.21,1.63,0.000000,0.000000,994.93
14.79,100350.80,48.99,81.43,9.66,-0.09,1.72,-0.010,-0.061,-0.017,1.78,-8.82,-2.44,0.000000,0.000000,996.08
14.58,100318.30,48.95,84.15,9.67,-0.08,1.72,-0.010,-0.061,-0.017,3.29,-8.82,1.18,0.000000,0.000000,997.23
13.82,100197.14,48.93,94.33,9.65,-0.10,1.68,-0.010,-0.061,-0.017,2.78,-7.39,0.28,0.000000,0.000000,998.38
13.78,100192.48,48.92,94.72,9.67,-0.10,1.73,-0.010,-0.063,-0.018,1.27,-9.78,1.18,0.000000,0.000000,999.53
13.67,100169.67,48.91,96.64,9.68,-0.11,1.72,-0.010,-0.059,-0.016,1.78,-10.25,0.73,0.000000,0.000000,1000.69
13.65,100173.39,48.92,96.32,9.68,-0.10,1.70,-0.010,-0.063,-0.017,2.28,-8.35,-1.54,0.000000,0.000000,1001.84
14.63,100324.02,48.94,83.67,9.64,-0.10,1.74,-0.009,-0.061,-0.018,2.78,-7.87,1.18,0.000000,0.000000,1002.99
13.99,100238.60,48.97,91.98,9.68,-0.09,1.72,-0.011,-0.060,-0.016,2.28,-9.30,1.63,0.000000,0.000000,1004.14
13.59,100157.56,48.90,97.65,9.65,-0.09,1.75,-0.009,-0.061,-0.017,1.78,-9.78,-0.63,0.000000,0.000000,1005.29
13.17,100089.72,48.87,103.36,9.65,-0.11,1.73,-0.010,-0.060,-0.016,2.28,-10.25,0.73,0.000000,0.000000,1006.44
13.37,100123.08,48.90,100.55,9.66,-0.10,1.71,-0.010,-0.061,-0.016,2.28,-8.35,0.28,0.000000,0.000000,1007.59
12.72,100018.20,48.85,109.37,9.65,-0.07,1.72,-0.010,-0.061,-0.017,3.29,-8.82,3.44,0.000000,0.000000,1008.74
12.98,100062.34,48.86,105.66,9.65,-0.10,1.72,-0.010,-0.060,-0.016,3.29,-8.35,1.63,0.000000,0.000000,1009.90
14.75,100336.93,48.89,82.59,9.67,-0.13,1.70,-0.010,-0.060,-0.016,1.78,-6.92,1.63,0.000000,0.000000,1011.05
14.64,100324.08,48.91,83.67,9.67,-0.08,1.72,-0.010,-0.062,-0.017,3.79,-8.35,2.09,0.000000,0.000000,1012.70
14.06,100229.23,48.87,91.63,9.67,-0.09,1.72,-0.010,-0.061,-0.016,2.78,-8.35,1.63,0.000000,0.000000,1013.35
13.93,100207.23,48.87,93.48,9.65,-0.10,1.70,-0.010,-0.060,-0.016,2.28,-7.39,1.18,0.000000,0.000000,1014.51
13.84,100196.30,48.86,94.40,9.67,-0.08,1.68,-0.010,-0.062,-0.017,2.28,-8.35,2.54,0.000000,0.000000,1015.66
13.38,100115.24,48.83,101.21,9.64,-0.11,1.73,-0.010,-0.060,-0.017,2.28,-6.44,0.73,0.000000,0.000000,1016.81
13.80,100187.23,48.85,95.16,9.66,-0.11,1.73,-0.010,-0.061,-0.017,3.29,-9.30,2.09,0.000000,0.000000,1017.97
14.11,100232.20,48.84,91.38,9.67,-0.10,1.71,-0.010,-0.060,-0.016,2.78,-8.35,0.73,0.000000,0.000000,1019.12
13.68,100162.25,48.83,97.26,9.67,-0.10,1.70,-0.010,-0.060,-0.017,2.78,-8.35,1.63,0.000000,0.000000,1020.27
13.05,100063.79,48.79,105.54,9.67,-0.09,1.74,-0.010,-0.061,-0.017,2.28,-9.30,0.28,0.000000,0.000000,1021.43
13.06,100065.77,48.80,105.37,9.66,-0.09,1.72,-0.010,-0.061,-0.017,3.29,-8.82,0.73,0.000000,0.000000,1022.58
13.64,100156.78,48.80,97.72,9.65,-0.10,1.72,-0.010,-0.061,-0.016,1.27,-8.82,1.63,0.000000,0.000000,1023.73
14.00,100212.83,48.80,93.01,9.65,-0.07,1.69,-0.010,-0.061,-0.017,1.78,-9.78,1.63,0.000000,0.000000,1024.88
13.78,100182.11,48.80,95.59,9.67,-0.10,1.71,-0.010,-0.060,-0.016,1.78,-9.30,1.63,0.000000,0.000000,1026.04
14.09,100224.60,48.80,92.02,9.66,-0.06,1.73,-0.010,-0.061,-0.017,2.78,-8.82,2.09,0.000000,0.000000,1027.19
13.52,100134.82,48.77,99.57,9.67,-0.11,1.76,-0.010,-0.061,-0.017,2.78,-9.30,1.18,0.000000,0.000000,1028.34
13.51,100133.28,48.78,99.69,9.68,-0.10,1.75,-0.010,-0.061,-0.017,3.29,-9.78,1.18,0.000000,0.000000,1029.50
13.65,100155.20,48.77,97.85,9.67,-0.10,1.72,-0.011,-0.059,-0.016,1.27,-8.35,1.63,0.000000,0.000000,1030.65
13.47,100129.27,48.76,100.03,9.66,-0.09,1.73,-0.010,-0.061,-0.017,1.78,-9.78,2.54,0.000000,0.000000,1031.80
13.79,100178.94,48.75,95.86,9.67,-0.10,1.72,-0.011,-0.061,-0.017,1.27,-8.35,-0.18,0.000000,0.000000,1032.96
13.98,100204.89,48.75,93.34,9.66,-0.10,1.70,-0.010,-0.060,-0.017,2.28,-9.30,1.18,0.000000,0.000000,1034.11
13.62,100150.17,48.74,98.27,9.66,-0.09,1.73,-0.010,-0.062,-0.017,1.27,-9.30,0.28,0.000000,0.000000,1035.26
13.35,100105.53,48.71,102.03,9.66,-0.08,1.73,-0.010,-0.061,-0.017,1.78,-9.78,1.18,0.000000,0.000000,1036.41
13.46,100124.31,48.72,100.45,9.65,-0.10,1.71,-0.010,-0.061,-0.017,1.78,-9.78,-0.18,0.000000,0.000000,1037.57
13.33,100099.65,48.71,102.52,9.67,-0.10,1.72,-0.009,-0.062,-0.017,1.78,-10.73,-0.18,0.000000,0.000000,1038.72
13.38,100110.44,48.72,101.61,9.65,-0.11,1.72,-0.011,-0.061,-0.017,2.28,-8.82,-0.18,0.000000,0.000000,1039.87
14.00,100208.67,48.71,93.36,9.68,-0.11,1.73,-0.010,-0.061,-0.016,1.27,-10.25,1.18,0.000000,0.000000,1041.03
13.71,100156.97,48.70,97.70,9.66,-0.09,1.74,-0.009,-0.060,-0.017,2.28,-8.82,-1.08,0.000000,0.000000,1042.18
13.56,100135.26,48.68,99.53,9.65,-0.11,1.71,-0.010,-0.060,-0.017,1.78,-10.73,-0.18,0.000000,0.000000,1043.33
13.50,100122.50,48.69,100.60,9.66,-0.09,1.74,-0.010,-0.060,-0.017,1.78,-8.35,0.28,0.000000,0.000000,1044.49
13.38,100106.94,48.67,101.91,9.66,-0.10,1.73,-0.010,-0.061,-0.017,2.28,-9.78,-2.44,0.000000,0.000000,1045.64
13.50,100124.99,48.68,100.39,9.66,-0.11,1.73,-0.011,-0.061,-0.017,1.78,-8.35,0.73,0.000000,0.000000,1046.79
13.76,100169.82,48.69,96.62,9.67,-0.10,1.73,-0.010,-0.062,-0.017,2.28,-8.35,-1.08,0.000000,0.000000,1047.94
13.56,100133.50,48.70,99.68,9.65,-0.09,1.73,-0.009,-0.061,-0.016,1.78,-8.35,0.73,0.000000,0.000000,1049.10
13.71,100153.48,48.67,98.00,9.64,-0.09,1.72,-0.010,-0.060,-0.016,2.28,-8.35,-1.99,0.000000,0.000000,1050.25
13.78,100168.37,48.65,96.75,9.65,-0.09,1.73,-0.010,-0.060,-0.017,2.28,-8.82,-0.63,0.000000,0.000000,1051.40
13.57,100131.33,48.64,99.86,9.67,-0.10,1.72,-0.011,-0.060,-0.017,2.28,-7.87,0.28,0.000000,0.000000,1052.56
13.50,100123.26,48.64,100.54,9.66,-0.10,1.73,-0.010,-0.060,-0.016,1.27,-7.87,-0.63,0.000000,0.000000,1053.71
13.99,100198.89,48.65,94.18,9.67,-0.10,1.71,-0.011,-0.060,-0.017,1.78,-7.87,0.28,0.000000,0.000000,1054.86
13.79,100169.96,48.66,96.61,9.67,-0.08,1.74,-0.010,-0.061,-0.017,3.29,-8.82,0.73,0.000000,0.000000,1056.01
13.91,100188.31,48.64,95.07,9.66,-0.10,1.69,-0.010,-0.060,-0.017,2.78,-7.39,1.63,0.000000,0.000000,1057.17
13.21,100071.13,48.59,104.92,9.66,-0.10,1.72,-0.011,-0.060,-0.016,2.78,-8.35,1.18,0.000000,0.000000,1058.32
13.09,100056.08,48.59,106.19,9.66,-0.10,1.74,-0.011,-0.060,-0.017,2.78,-8.82,1.18,0.000000,0.000000,1059.47
13.16,100063.42,48.59,105.57,9.65,-0.10,1.72,-0.011,-0.062,-0.016,2.78,-8.35,2.54,0.000000,0.000000,1060.63
13.17,100064.98,48.59,105.44,9.65,-0.12,1.71,-0.009,-0.060,-0.017,3.29,-8.35,1.63,0.000000,0.000000,1061.78
13.85,100173.55,48.59,96.31,9.66,-0.09,1.73,-0.010,-0.061,-0.016,2.28,-8.35,0.73,0.000000,0.000000,1062.93
14.08,100209.50,48.60,93.29,9.65,-0.10,1.74,-0.010,-0.061,-0.016,1.78,-8.35,1.18,0.000000,0.000000,1064.08
13.81,100166.47,48.58,96.91,9.69,-0.07,1.73,-0.010,-0.061,-0.017,2.28,-8.82,2.09,0.000000,0.000000,1065.26
13.55,100118.98,48.56,100.90,9.65,-0.09,1.72,-0.010,-0.062,-0.017,2.28,-8.35,-0.63,0.000000,0.000000,1066.39
13.60,100133.34,48.56,99.69,9.64,-0.10,1.71,-0.010,-0.061,-0.017,4.29,-9.78,0.28,0.000000,0.000000,1067.54
13.61,100131.25,48.56,99.87,9.68,-0.10,1.73,-0.010,-0.061,-0.016,2.28,-8.82,1.63,0.000000,0.000000,1068.70
13.81,100166.89,48.56,96.87,9.66,-0.10,1.72,-0.011,-0.060,-0.017,2.28,-8.82,0.28,0.000000,0.000000,1069.85
14.11,100212.06,48.57,93.07,9.67,-0.09,1.70,-0.010,-0.060,-0.016,1.78,-10.25,0.28,0.000000,0.000000,1071.00
14.17,100221.30,48.59,92.30,9.67,-0.10,1.72,-0.010,-0.061,-0.017,1.27,-10.25,1.63,0.000000,0.000000,1072.16
13.72,100145.88,48.53,98.64,9.64,-0.08,1.73,-0.010,-0.062,-0.016,1.27,-9.78,1.63,0.000000,0.000000,1073.31
13.65,100138.47,48.52,99.26,9.67,-0.08,1.71,-0.009,-0.061,-0.016,2.28,-8.82,0.28,0.000000,0.000000,1074.46
13.84,100168.19,48.53,96.76,9.66,-0.10,1.73,-0.010,-0.060,-0.017,1.78,-9.78,-0.63,0.000000,0.000000,1075.62
13.68,100136.50,48.50,99.42,9.66,-0.11,1.74,-0.010,-0.062,-0.017,1.78,-8.35,1.63,0.000000,0.000000,1076.77
13.95,100184.16,48.51,95.42,9.67,-0.10,1.72,-0.010,-0.060,-0.017,2.28,-8.35,-0.18,0.000000,0.000000,1077.92
13.95,100181.90,48.51,95.61,9.65,-0.11,1.70,-0.010,-0.060,-0.017,2.28,-9.78,-0.18,0.000000,0.000000,1079.07
14.33,100144.49,48.47,90.96,9.67,-0.10,1.75,-0.011,-0.061,-0.016,1.78,-9.78,0.73,0.000000,0.000000,1080.23
13.80,100157.80,48.48,97.63,9.67,-0.07,1.72,-0.010,-0.060,-0.017,1.78,-8.82,-2.44,0.000000,0.000000,1081.38
13.52,100108.00,48.47,101.82,9.64,-0.08,1.72,-0.010,-0.062,-0.015,2.28,-8.35,0.28,0.000000,0.000000,1082.53
13.36,100088.95,48.46,103.42,9.67,-0.11,1.70,-0.010,-0.061,-0.018,2.28,-8.35,-0.18,0.000000,0.000000,1083.69
14.11,100206.83,48.47,93.51,9.68,-0.11,1.71,-0.010,-0.060,-0.017,1.78,-8.35,2.54,0.000000,0.000000,1084.84
14.07,100200.37,48.47,94.06,9.66,-0.10,1.73,-0.011,-0.061,-0.017,2.28,-8.35,-2.89,0.000000,0.000000,1085.99
14.24,100224.02,48.47,92.07,9.67,-0.11,1.71,-0.010,-0.061,-0.016,2.78,-8.35,1.63,0.000000,0.000000,1087.14
13.67,100131.92,48.44,99.81,9.67,-0.09,1.71,-0.010,-0.061,-0.017,2.28,-7.87,1.63,0.000000,0.000000,1088.30
13.82,100157.07,48.44,97.70,9.68,-0.11,1.72,-0.010,-0.060,-0.017,2.78,-8.35,1.63,0.000000,0.000000,1089.45
13.88,100166.84,48.44,96.87,9.66,-0.10,1.73,-0.010,-0.060,-0.016,2.28,-7.87,1.63,0.000000,0.000000,1090.60
13.63,100126.70,48.45,100.25,9.67,-0.12,1.72,-0.010,-0.060,-0.017,2.78,-9.30,2.54,0.000000,0.000000,1091.76
14.23,100217.50,48.43,92.62,9.67,-0.09,1.74,-0.010,-0.061,-0.016,2.28,-8.35,0.73,0.000000,0.000000,1092.91
14.49,100262.45,48.43,88.84,9.65,-0.10,1.72,-0.010,-0.060,-0.016,2.28,-8.35,1.18,0.000000,0.000000,1094.06
14.51,100262.60,48.43,88.83,9.66,-0.10,1.70,-0.010,-0.061,-0.016,2.78,-8.35,0.28,0.000000,0.000000,1095.22
14.00,100179.89,48.41,95.78,9.67,-0.10,1.72,-0.011,-0.060,-0.016,2.28,-7.87,1.63,0.000000,0.000000,1096.37
13.94,100174.61,48.40,96.22,9.67,-0.09,1.71,-0.010,-0.060,-0.017,3.29,-9.78,0.28,0.000000,0.000000,1097.52
14.02,100184.90,48.41,95.36,9.65,-0.11,1.71,-0.010,-0.061,-0.016,2.78,-10.25,1.63,0.000000,0.000000,1098.67
13.89,100166.14,48.43,96.93,9.65,-0.07,1.71,-0.010,-0.060,-0.016,1.78,-9.30,0.28,0.000000,0.000000,1099.83
14.17,100211.73,48.41,93.10,9.66,-0.07,1.71,-0.010,-0.061,-0.016,2.78,-9.78,-0.18,0.000000,0.000000,1100.98
14.05,100223.94,48.45,94.73,9.67,-0.10,1.70,-0.010,-0.061,-0.017,2.28,-10.25,0.28,0.000000,0.000000,1102.13
14.21,100211.78,48.40,93.10,9.68,-0.10,1.71,-0.011,-0.061,-0.017,1.78,-9.78,-0.18,0.000000,0.000000,1103.29
14.03,100180.42,48.38,95.73,9.65,-0.10,1.73,-0.010,-0.060,-0.017,1.78,-9.78,2.09,0.000000,0.000000,1104.44
13.31,100071.71,48.35,104.87,9.84,-0.13,1.21,-1.078,-0.041,-0.176,1.78,-9.30,-2.89,0.000000,0.000000,1105.59
14.66,100281.66,48.39,87.23,9.73,-0.19,1.55,-0.009,-0.062,-0.021,1.78,-7.87,-0.18,0.000000,0.000000,1106.75
14.25,100222.50,48.38,92.20,9.74,-0.30,1.50,-0.010,-0.060,-0.013,1.78,-8.82,0.28,0.000000,0.000000,1107.90
13.73,100138.79,48.36,99.23,9.66,-0.39,1.69,-0.001,-0.121,-0.089,1.78,-8.35,0.28,0.000000,0.000000,1109.05
14.32,100222.95,48.35,92.16,9.71,-0.20,1.56,-0.010,-0.062,-0.016,1.78,-8.82,0.73,0.000000,0.000000,1110.20
14.00,100173.55,48.35,96.31,9.63,-0.20,1.53,-0.010,-0.060,-0.019,1.78,-7.87,1.63,0.000000,0.000000,1111.36
13.46,100090.08,48.33,103.33,9.68,-0.24,1.73,0.111,-0.072,0.003,2.28,-8.82,1.18,0.000000,0.000000,1112.51
14.41,100241.23,48.34,90.62,9.68,-0.14,1.55,-0.011,-0.059,-0.008,2.28,-7.87,1.18,0.000000,0.000000,1113.66
14.25,100213.02,48.36,92.99,9.69,-0.24,1.58,-0.010,-0.062,-0.023,3.29,-7.87,1.18,0.000000,0.000000,1114.82
14.76,100298.25,48.36,85.84,9.68,-0.21,1.52,-0.011,-0.060,-0.012,2.78,-7.87,1.18,0.000000,0.000000,1115.97
14.82,100306.53,48.35,85.14,9.69,-0.20,1.53,-0.010,-0.062,-0.018,3.29,-9.30,3.44,0.000000,0.000000,1117.12
14.29,100216.86,48.33,92.67,9.67,-0.22,1.56,-0.010,-0.061,-0.018,2.28,-8.82,1.18,0.000000,0.000000,1118.27
14.65,100273.09,48.33,87.95,9.66,-0.20,1.53,-0.009,-0.060,-0.014,1.78,-8.82,-0.63,0.000000,0.000000,1119.43
14.59,100263.64,48.32,88.74,9.71,-0.21,1.54,-0.010,-0.061,-0.017,1.27,-7.87,1.18,0.000000,0.000000,1120.58
14.63,100272.70,48.32,87.98,9.71,-0.21,1.56,-0.011,-0.060,-0.017,0.77,-8.82,-0.63,0.000000,0.000000,1121.73
14.97,100327.06,48.32,83.42,9.68,-0.21,1.53,-0.010,-0.060,-0.017,1.27,-9.78,0.28,0.000000,0.000000,1122.89
14.72,100279.75,48.30,87.39,9.68,-0.21,1.53,-0.010,-0.060,-0.017,1.78,-11.21,-0.18,0.000000,0.000000,1124.04
14.84,100304.55,48.33,85.31,9.71,-0.21,1.54,-0.011,-0.060,-0.016,1.27,-10.25,0.28,0.000000,0.000000,1125.19
14.67,100271.13,48.28,88.11,9.68,-0.24,1.53,-0.010,-0.062,-0.022,1.78,-9.78,-2.44,0.000000,0.000000,1126.35
14.59,100263.98,48.31,88.71,9.69,-0.20,1.54,-0.011,-0.059,-0.013,1.27,-8.35,0.73,0.000000,0.000000,1127.50
14.40,100229.17,48.27,91.64,9.71,-0.22,1.56,-0.009,-0.061,-0.019,1.78,-9.30,-1.08,0.000000,0.000000,1128.65
14.87,100319.31,48.32,85.52,9.70,-0.24,1.57,-0.011,-0.060,-0.015,2.28,-8.82,-2.89,0.000000,0.000000,1129.81
14.84,100300.28,48.26,85.67,9.69,-0.21,1.54,-0.009,-0.062,-0.016,1.78,-8.82,1.63,0.000000,0.000000,1130.96
14.98,100320.22,48.25,83.99,9.69,-0.22,1.55,-0.010,-0.061,-0.017,2.28,-8.35,-0.18,0.000000,0.000000,1132.11
15.25,100365.92,48.26,80.16,9.69,-0.23,1.56,-0.011,-0.060,-0.016,2.28,-8.35,2.09,0.000000,0.000000,1133.26
14.48,100238.84,48.24,90.83,9.68,-0.20,1.57,-0.011,-0.060,-0.017,2.28,-9.30,1.63,0.000000,0.000000,1134.42
14.45,100235.47,48.26,91.11,9.70,-0.23,1.53,-0.010,-0.061,-0.018,2.78,-9.78,1.63,0.000000,0.000000,1135.57
14.89,100305.34,48.23,85.24,9.70,-0.22,1.53,-0.010,-0.060,-0.017,2.78,-8.82,1.18,0.000000,0.000000,1136.72
15.01,100325.48,48.24,83.55,9.69,-0.21,1.55,-0.010,-0.060,-0.017,2.28,-8.82,1.18,0.000000,0.000000,1137.87
14.70,100273.08,48.22,87.95,9.71,-0.23,1.57,-0.010,-0.061,-0.017,2.28,-7.39,0.73,0.000000,0.000000,1139.03
14.28,100204.89,48.19,93.68,9.69,-0.19,1.52,-0.010,-0.061,-0.016,1.27,-8.35,0.28,0.000000,0.000000,1140.18
14.48,100239.77,48.21,90.75,9.69,-0.23,1.55,-0.010,-0.061,-0.018,2.28,-9.78,0.28,0.000000,0.000000,1141.33
14.60,100253.46,48.19,89.60,9.69,-0.21,1.56,-0.011,-0.060,-0.015,1.78,-10.73,-1.08,0.000000,0.000000,1142.49
14.61,100256.61,48.21,89.33,9.70,-0.20,1.55,-0.010,-0.060,-0.017,0.77,-9.78,-1.99,0.000000,0.000000,1143.64
14.82,100289.11,48.18,86.60,9.70,-0.23,1.55,-0.009,-0.061,-0.016,1.78,-8.35,-0.18,0.000000,0.000000,1144.79
14.93,100304.52,48.18,85.31,9.69,-0.22,1.54,-0.010,-0.062,-0.016,1.78,-8.35,-0.63,0.000000,0.000000,1145.95
15.06,100332.19,48.19,82.99,9.69,-0.20,1.54,-0.010,-0.060,-0.017,1.78,-8.35,-1.08,0.000000,0.000000,1147.10
14.64,100259.02,48.16,89.13,9.71,-0.20,1.54,-0.010,-0.060,-0.017,1.78,-7.87,-2.89,0.000000,0.000000,1148.25
14.55,100250.80,48.19,89.95,9.68,-0.23,1.57,-0.010,-0.061,-0.019,2.28,-7.87,1.63,0.000000,0.000000,1149.40
14.53,100242.30,48.15,90.53,9.69,-0.19,1.54,-0.010,-0.061,-0.015,2.78,-8.35,1.63,0.000000,0.000000,1150.56
14.84,100288.05,48.15,86.69,9.69,-0.22,1.54,-0.010,-0.060,-0.017,2.28,-8.35,1.18,0.000000,0.000000,1151.71
14.75,100279.52,48.16,87.41,9.66,-0.20,1.57,-0.011,-0.061,-0.018,1.78,-8.82,0.73,0.000000,0.000000,1152.86
15.00,100316.01,48.15,84.35,9.69,-0.21,1.54,-0.010,-0.061,-0.016,2.28,-7.87,0.73,0.000000,0.000000,1154.02
14.99,100318.62,48.15,84.13,9.69,-0.21,1.54,-0.010,-0.061,-0.017,1.78,-6.92,1.18,0.000000,0.000000,1155.17
14.48,100231.01,48.14,91.48,9.69,-0.22,1.58,-0.010,-0.060,-0.017,1.78,-9.30,1.18,0.000000,0.000000,1156.32
14.45,100225.47,48.11,91.95,9.69,-0.21,1.57,-0.011,-0.061,-0.016,1.78,-9.30,1.18,0.000000,0.000000,1157.47
14.01,100155.91,48.09,97.79,9.69,-0.23,1.54,-0.011,-0.061,-0.017,1.78,-9.78,0.73,0.000000,0.000000,1158.63
14.07,100160.84,48.10,97.38,9.69,-0.21,1.57,-0.010,-0.062,-0.017,1.78,-8.35,0.28,0.000000,0.000000,1159.78
14.39,100218.45,48.12,92.54,9.69,-0.23,1.55,-0.010,-0.061,-0.017,1.78,-10.25,-1.08,0.000000,0.000000,1160.94
14.53,100237.06,48.09,90.97,9.69,-0.21,1.55,-0.009,-0.062,-0.018,2.28,-10.73,0.73,0.000000,0.000000,1162.09
14.50,100234.22,48.03,91.21,9.69,-0.21,1.56,-0.010,-0.061,-0.017,1.27,-8.35,-1.54,0.000000,0.000000,1163.24
14.68,100258.86,48.07,89.14,9.70,-0.20,1.55,-0.010,-0.060,-0.017,2.28,-8.35,-1.54,0.000000,0.000000,1164.39
14.64,100250.53,48.08,89.84,9.69,-0.22,1.52,-0.010,-0.060,-0.016,2.28,-8.35,-1.54,0.000000,0.000000,1165.55
14.64,100252.97,48.08,89.64,9.67,-0.23,1.56,-0.011,-0.061,-0.017,2.78,-7.39,1.63,0.000000,0.000000,1166.70
15.25,100348.16,48.09,81.65,9.69,-0.21,1.55,-0.010,-0.060,-0.017,2.78,-8.82,1.18,0.000000,0.000000,1167.85
15.19,100343.30,48.08,82.06,9.70,-0.22,1.53,-0.010,-0.061,-0.017,3.29,-8.35,0.28,0.000000,0.000000,1169.00
15.05,100318.05,48.08,84.17,9.69,-0.21,1.58,-0.011,-0.061,-0.016,2.28,-9.30,1.18,0.000000,0.000000,1170.16
14.77,100268.06,48.06,88.37,9.69,-0.22,1.52,-0.010,-0.061,-0.016,2.28,-8.82,0.28,0.000000,0.000000,1171.31
14.83,100279.84,48.04,87.38,9.67,-0.20,1.58,-0.010,-0.060,-0.017,2.78,-8.82,1.18,0.000000,0.000000,1172.46
14.93,100294.69,48.05,86.14,9.68,-0.22,1.53,-0.010,-0.061,-0.017,2.28,-8.82,1.18,0.000000,0.000000,1173.62
14.75,100271.21,48.05,88.11,9.72,-0.21,1.55,-0.010,-0.061,-0.016,3.79,-8.82,0.28,0.000000,0.000000,1174.77
14.96,100300.95,48.07,85.61,9.71,-0.21,1.56,-0.010,-0.060,-0.015,1.78,-9.78,-0.18,0.000000,0.000000,1175.92
15.16,100324.87,48.01,83.60,9.69,-0.21,1.55,-0.012,-0.060,-0.017,1.27,-10.25,-0.18,0.000000,0.000000,1177.08
15.00,100306.77,48.03,85.12,9.69,-0.22,1.54,-0.011,-0.061,-0.017,2.28,-9.30,-0.63,0.000000,0.000000,1178.23
14.62,100243.70,48.00,90.42,9.70,-0.21,1.55,-0.010,-0.060,-0.017,2.28,-9.30,1.18,0.000000,0.000000,1179.38
14.73,100265.98,48.01,88.55,9.70,-0.22,1.55,-0.011,-0.060,-0.016,1.27,-8.35,-1.54,0.000000,0.000000,1180.54
14.25,100185.38,47.99,95.32,9.68,-0.21,1.55,-0.010,-0.060,-0.017,1.78,-8.35,-1.54,0.000000,0.000000,1181.69
14.32,100198.31,47.99,94.23,9.69,-0.20,1.53,-0.011,-0.060,-0.017,2.28,-8.82,0.28,0.000000,0.000000,1182.84
15.21,100336.19,48.02,82.65,9.69,-0.22,1.55,-0.010,-0.060,-0.017,2.28,-7.87,0.73,0.000000,0.000000,1183.99
15.16,100325.79,47.99,83.53,9.70,-0.22,1.57,-0.011,-0.060,-0.016,2.28,-7.39,1.63,0.000000,0.000000,1185.15
14.57,100235.99,47.97,91.06,9.71,-0.22,1.54,-0.011,-0.061,-0.016,2.28,-7.87,1.63,0.000000,0.000000,1186.30
14.65,100245.95,47.96,90.23,9.67,-0.20,1.57,-0.010,-0.060,-0.017,3.29,-7.87,1.63,0.000000,0.000000,1187.45
14.83,100276.33,47.99,87.68,9.69,-0.21,1.57,-0.010,-0.061,-0.017,2.78,-8.82,1.63,0.000000,0.000000,1188.61
14.58,100236.70,47.97,91.01,9.68,-0.22,1.55,-0.011,-0.061,-0.015,3.29,-8.82,0.28,0.000000,0.000000,1189.76
14.72,100297.84,47.97,85.87,9.69,-0.23,1.57,-0.011,-0.060,-0.017,1.78,-8.82,1.18,0.000000,0.000000,1190.91
14.94,100291.48,47.97,86.40,9.69,-0.21,1.56,-0.011,-0.060,-0.017,2.28,-10.25,1.63,0.000000,0.000000,1192.06
15.26,100342.45,47.98,82.13,9.71,-0.22,1.56,-0.011,-0.060,-0.016,1.78,-9.78,0.73,0.000000,0.000000,1193.22
14.96,100293.53,47.96,86.23,9.69,-0.22,1.54,-0.009,-0.060,-0.016,2.28,-10.25,0.28,0.000000,0.000000,1194.37
14.95,100289.55,47.94,86.57,9.71,-0.21,1.56,-0.010,-0.061,-0.017,1.27,-10.73,1.18,0.000000,0.000000,1195.52
14.65,100246.55,47.94,90.18,9.69,-0.23,1.55,-0.011,-0.060,-0.017,1.78,-8.35,-1.54,0.000000,0.000000,1196.68
14.89,100278.78,47.94,87.47,9.69,-0.21,1.56,-0.011,-0.060,-0.016,2.28,-8.82,1.18,0.000000,0.000000,1197.83
15.14,100315.77,47.93,84.37,9.70,-0.21,1.54,-0.010,-0.061,-0.016,2.78,-7.87,-2.44,0.000000,0.000000,1198.98
15.38,100359.19,47.94,80.72,9.69,-0.21,1.52,-0.011,-0.060,-0.016,2.28,-7.87,1.18,0.000000,0.000000,1200.13
14.32,100184.66,47.90,95.38,9.70,-0.22,1.52,-0.010,-0.060,-0.016,2.78,-8.35,1.63,0.000000,0.000000,1201.29
14.41,100203.61,47.90,93.78,9.69,-0.22,1.55,-0.011,-0.061,-0.017,2.28,-7.87,0.28,0.000000,0.000000,1202.44
14.66,100240.61,47.91,90.68,9.69,-0.23,1.55,-0.010,-0.060,-0.017,1.78,-8.35,1.63,0.000000,0.000000,1203.59
14.93,100280.59,47.91,87.32,9.72,-0.21,1.55,-0.011,-0.060,-0.016,2.28,-9.30,1.18,0.000000,0.000000,1204.75
14.98,100292.06,47.90,86.36,9.68,-0.23,1.52,-0.010,-0.060,-0.017,1.78,-8.82,1.18,0.000000,0.000000,1205.90
15.26,100333.20,47.89,82.90,9.69,-0.22,1.56,-0.011,-0.061,-0.016,1.78,-8.82,-0.63,0.000000,0.000000,1207.05
15.26,100335.22,47.89,82.73,9.69,-0.22,1.52,-0.010,-0.061,-0.016,2.28,-9.30,1.18,0.000000,0.000000,1208.21
14.63,100232.33,47.87,91.37,9.69,-0.21,1.52,-0.010,-0.061,-0.016,2.28,-10.73,0.28,0.000000,0.000000,1209.36
14.61,100232.39,47.87,91.37,9.70,-0.21,1.56,-0.010,-0.061,-0.016,2.28,-8.82,-0.63,0.000000,0.000000,1210.51
14.67,100238.50,47.86,90.85,9.68,-0.21,1.55,-0.011,-0.060,-0.016,1.78,-8.35,-0.18,0.000000,0.000000,1211.67
14.87,100268.00,47.86,88.38,9.68,-0.21,1.55,-0.011,-0.060,-0.017,2.28,-8.82,-0.63,0.000000,0.000000,1212.82
15.05,100300.58,47.86,85.64,9.69,-0.22,1.54,-0.010,-0.061,-0.017,2.78,-8.35,1.63,0.000000,0.000000,1213.97
15.12,100306.72,47.86,85.13,9.67,-0.21,1.55,-0.011,-0.060,-0.017,2.28,-8.35,1.63,0.000000,0.000000,1215.12
14.85,100265.88,47.84,88.55,9.69,-0.21,1.54,-0.010,-0.060,-0.017,2.28,-8.35,2.54,0.000000,0.000000,1216.28
14.74,100246.71,47.83,90.16,9.67,-0.23,1.54,-0.010,-0.060,-0.016,2.78,-8.82,0.28,0.000000,0.000000,1217.43
14.77,100249.41,47.83,89.94,9.68,-0.22,1.55,-0.010,-0.061,-0.016,3.29,-6.92,1.63,0.000000,0.000000,1218.58
14.60,100225.48,47.81,91.95,9.69,-0.23,1.56,-0.011,-0.060,-0.016,2.28,-8.35,0.73,0.000000,0.000000,1219.74
15.17,100312.67,47.83,84.63,9.69,-0.23,1.56,-0.011,-0.061,-0.015,2.28,-7.87,-0.18,0.000000,0.000000,1220.89
15.26,100329.11,47.83,83.25,9.68,-0.22,1.58,-0.011,-0.061,-0.017,1.27,-8.35,0.28,0.000000,0.000000,1222.04
15.07,100296.83,47.81,85.96,9.68,-0.21,1.53,-0.010,-0.060,-0.017,1.78,-9.30,-0.18,0.000000,0.000000,1223.20
14.35,100186.49,47.80,95.22,9.71,-0.23,1.53,-0.011,-0.061,-0.016,2.28,-8.82,-0.18,0.000000,0.000000,1224.35
14.30,100175.72,47.77,96.13,9.69,-0.21,1.54,-0.011,-0.061,-0.016,2.28,-8.35,-0.18,0.000000,0.000000,1225.50
14.47,100194.66,47.76,94.54,9.69,-0.21,1.54,-0.010,-0.061,-0.017,1.27,-8.82,0.28,0.000000,0.000000,1226.65
14.95,100275.73,47.79,87.73,9.69,-0.19,1.55,-0.011,-0.061,-0.016,1.27,-8.35,0.28,0.000000,0.000000,1227.81
15.21,100317.08,47.79,84.26,9.69,-0.21,1.52,-0.010,-0.060,-0.017,2.78,-8.35,2.09,0.000000,0.000000,1228.96
14.93,100272.94,47.78,87.96,9.70,-0.23,1.53,-0.010,-0.060,-0.017,1.78,-7.87,1.63,0.000000,0.000000,1230.11
14.71,100236.06,47.76,91.06,9.71,-0.22,1.56,-0.010,-0.060,-0.017,1.78,-6.92,2.09,0.000000,0.000000,1231.27
14.78,100243.95,47.74,90.40,9.70,-0.20,1.55,-0.011,-0.061,-0.016,1.78,-8.35,1.63,0.000000,0.000000,1232.42
14.75,100242.06,47.74,90.55,9.69,-0.21,1.57,-0.010,-0.060,-0.017,2.28,-10.25,0.73,0.000000,0.000000,1233.57
14.78,100242.97,47.73,90.48,9.68,-0.20,1.54,-0.011,-0.060,-0.016,1.78,-9.30,0.73,0.000000,0.000000,1234.72
14.64,100219.91,47.74,92.42,9.71,-0.23,1.56,-0.010,-0.061,-0.017,1.78,-9.30,0.73,0.000000,0.000000,1235.88
15.18,100306.66,47.74,85.13,9.69,-0.21,1.52,-0.010,-0.061,-0.016,1.78,-8.35,0.28,0.000000,0.000000,1237.03
15.27,100321.77,47.73,83.86,9.69,-0.20,1.54,-0.010,-0.061,-0.017,1.78,-8.82,0.28,0.000000,0.000000,1238.18
14.84,100250.16,47.71,89.87,9.70,-0.22,1.53,-0.010,-0.062,-0.016,1.27,-10.73,-1.08,0.000000,0.000000,1239.34
14.86,100249.54,47.71,89.93,9.70,-0.21,1.53,-0.010,-0.060,-0.017,2.28,-8.35,-1.99,0.000000,0.000000,1240.49
14.70,100230.68,47.68,91.51,9.69,-0.21,1.54,-0.011,-0.061,-0.016,1.78,-8.35,-1.54,0.000000,0.000000,1241.64
14.72,100230.04,47.70,91.56,9.68,-0.21,1.55,-0.011,-0.061,-0.017,1.78,-8.82,0.73,0.000000,0.000000,1242.80
15.06,100286.95,47.70,86.79,9.68,-0.22,1.54,-0.009,-0.060,-0.016,2.78,-8.35,1.63,0.000000,0.000000,1243.95
14.32,100163.46,47.67,97.16,9.68,-0.21,1.54,-0.009,-0.061,-0.015,2.28,-7.39,1.63,0.000000,0.000000,1245.10
14.81,100162.91,47.64,89.92,9.68,-0.23,1.53,-0.011,-0.061,-0.017,2.78,-8.82,1.18,0.000000,0.000000,1246.25
14.47,100188.91,47.68,95.02,9.68,-0.21,1.54,-0.010,-0.060,-0.016,2.28,-9.30,1.63,0.000000,0.000000,1247.41
15.00,100271.38,47.67,88.09,9.68,-0.20,1.53,-0.011,-0.061,-0.016,2.28,-8.82,-0.63,0.000000,0.000000,1248.56
14.86,100252.85,47.67,89.65,9.69,-0.22,1.54,-0.011,-0.060,-0.017,1.27,-9.30,0.28,0.000000,0.000000,1249.71
15.35,100331.73,47.65,83.03,9.70,-0.20,1.55,-0.011,-0.060,-0.016,1.78,-9.78,0.28,0.000000,0.000000,1250.87
14.91,100261.91,47.67,88.89,9.71,-0.23,1.55,-0.010,-0.060,-0.016,1.78,-10.73,-1.99,0.000000,0.000000,1252.02
15.16,100300.94,47.64,85.61,9.70,-0.20,1.57,-0.010,-0.061,-0.016,1.78,-7.87,-0.63,0.000000,0.000000,1253.17
14.80,100238.70,47.63,90.84,9.70,-0.22,1.54,-0.010,-0.061,-0.017,2.28,-8.82,-1.54,0.000000,0.000000,1254.33
14.67,100220.91,47.62,92.33,9.69,-0.23,1.54,-0.010,-0.062,-0.015,2.78,-8.35,0.73,0.000000,0.000000,1255.48
14.62,100207.14,47.62,93.49,9.71,-0.22,1.55,-0.011,-0.060,-0.017,2.78,-8.35,2.99,0.000000,0.000000,1256.63
14.59,100206.69,47.61,93.53,9.69,-0.21,1.55,-0.011,-0.061,-0.017,2.28,-8.35,2.09,0.000000,0.000000,1257.78
15.12,100288.55,47.64,86.65,9.68,-0.20,1.54,-0.010,-0.061,-0.017,2.28,-8.35,1.18,0.000000,0.000000,1258.94
14.98,100270.95,47.60,88.13,9.69,-0.20,1.60,-0.011,-0.062,-0.016,1.27,-8.82,1.63,0.000000,0.000000,1260.09
15.02,100272.63,47.60,87.99,9.71,-0.23,1.54,-0.010,-0.062,-0.017,2.28,-8.35,2.09,0.000000,0.000000,1261.24
14.76,100227.13,47.58,91.81,9.70,-0.21,1.52,-0.010,-0.060,-0.017,1.78,-9.30,1.18,0.000000,0.000000,1262.40
14.73,100225.94,47.58,91.91,9.70,-0.21,1.55,-0.011,-0.061,-0.016,1.78,-10.25,-1.08,0.000000,0.000000,1263.55
14.87,100245.59,47.57,90.26,9.71,-0.22,1.54,-0.011,-0.061,-0.016,2.28,-8.35,-1.54,0.000000,0.000000,1264.70
14.33,100159.94,47.57,97.45,9.69,-0.22,1.56,-0.011,-0.060,-0.017,1.78,-8.35,1.63,0.000000,0.000000,1265.85
14.57,100195.61,47.55,94.46,9.69,-0.22,1.56,-0.011,-0.061,-0.017,1.27,-7.87,1.18,0.000000,0.000000,1267.01
14.70,100222.02,47.58,92.24,9.68,-0.20,1.54,-0.011,-0.062,-0.016,2.28,-8.35,0.73,0.000000,0.000000,1268.16
14.96,100255.62,47.57,89.42,9.69,-0.22,1.53,-0.011,-0.060,-0.017,1.78,-7.87,2.09,0.000000,0.000000,1269.31
14.74,100222.39,47.53,92.21,9.71,-0.21,1.54,-0.010,-0.061,-0.016,2.28,-9.30,0.73,0.000000,0.000000,1270.47
14.59,100201.78,47.53,93.94,9.69,-0.24,1.54,-0.010,-0.061,-0.016,1.78,-8.82,1.63,0.000000,0.000000,1271.62
14.40,100168.91,47.51,96.70,9.68,-0.21,1.57,-0.011,-0.061,-0.017,1.78,-9.78,-0.18,0.000000,0.000000,1272.77
15.32,100316.63,47.54,84.29,9.70,-0.23,1.55,-0.010,-0.061,-0.017,1.78,-10.25,-0.63,0.000000,0.000000,1273.93
15.55,100350.25,47.52,81.47,9.69,-0.21,1.57,-0.010,-0.060,-0.016,1.78,-9.78,-1.54,0.000000,0.000000,1275.08
14.76,100220.38,47.50,92.38,9.71,-0.20,1.55,-0.011,-0.061,-0.016,2.28,-8.35,-2.89,0.000000,0.000000,1276.23
15.11,100281.41,47.52,87.25,9.71,-0.21,1.54,-0.011,-0.061,-0.016,2.28,-8.35,1.63,0.000000,0.000000,1277.38
14.93,100251.02,47.50,89.80,9.70,-0.23,1.58,-0.011,-0.060,-0.016,1.78,-7.87,1.18,0.000000,0.000000,1278.54
14.97,100258.59,47.53,89.17,9.71,-0.22,1.54,-0.011,-0.061,-0.017,3.29,-8.82,0.73,0.000000,0.000000,1279.69
15.09,100273.80,47.50,87.89,9.69,-0.21,1.52,-0.011,-0.061,-0.018,2.28,-7.87,2.09,0.000000,0.000000,1280.84
15.32,100312.98,47.50,84.60,9.68,-0.22,1.54,-0.011,-0.059,-0.017,2.28,-7.87,1.18,0.000000,0.000000,1282.00
15.28,100304.00,47.49,85.35,9.68,-0.22,1.54,-0.010,-0.060,-0.017,1.78,-8.35,2.09,0.000000,0.000000,1283.15
15.10,100272.45,47.50,88.00,9.72,-0.23,1.56,-0.010,-0.060,-0.017,2.28,-8.35,1.18,0.000000,0.000000,1284.30
14.97,100256.49,47.48,89.34,9.68,-0.22,1.53,-0.011,-0.060,-0.017,1.78,-8.35,0.73,0.000000,0.000000,1285.46
14.86,100236.36,47.47,91.03,9.69,-0.21,1.56,-0.011,-0.062,-0.016,2.28,-9.78,0.28,0.000000,0.000000,1286.61
14.79,100228.36,47.50,91.71,9.72,-0.21,1.56,-0.011,-0.061,-0.017,1.78,-8.35,0.28,0.000000,0.000000,1287.76
15.42,100324.39,47.46,83.64,9.69,-0.24,1.56,-0.011,-0.060,-0.016,1.78,-8.35,-0.18,0.000000,0.000000,1288.91
15.33,100313.30,47.47,84.57,9.69,-0.20,1.54,-0.011,-0.060,-0.016,1.78,-8.35,-1.99,0.000000,0.000000,1290.07
15.14,100277.95,47.46,87.54,9.70,-0.21,1.57,-0.011,-0.061,-0.016,1.78,-8.35,1.63,0.000000,0.000000,1291.22
14.82,100225.57,47.42,91.94,9.69,-0.22,1.56,-0.010,-0.060,-0.017,2.78,-8.35,2.54,0.000000,0.000000,1292.37
15.00,100259.45,47.44,89.09,9.69,-0.21,1.54,-0.010,-0.061,-0.016,2.78,-8.35,0.28,0.000000,0.000000,1293.53
15.14,100277.95,47.45,87.54,9.71,-0.21,1.55,-0.010,-0.060,-0.017,1.78,-10.25,1.18,0.000000,0.000000,1294.68
15.08,100272.72,47.43,87.98,9.69,-0.20,1.55,-0.011,-0.060,-0.017,2.28,-8.35,1.18,0.000000,0.000000,1295.83
15.24,100294.93,47.42,86.12,9.69,-0.21,1.53,-0.011,-0.060,-0.017,1.78,-11.21,0.28,0.000000,0.000000,1296.99
15.53,100302.20,47.39,82.13,9.68,-0.21,1.52,-0.011,-0.060,-0.017,1.78,-9.30,-0.63,0.000000,0.000000,1298.14
14.81,100223.10,47.39,92.15,9.69,-0.21,1.53,-0.011,-0.060,-0.017,1.78,-8.35,0.73,0.000000,0.000000,1299.29
14.73,100209.43,47.38,93.30,9.70,-0.22,1.56,-0.011,-0.060,-0.015,1.27,-7.87,-0.18,0.000000,0.000000,1300.44
14.67,100202.28,47.38,93.90,9.71,-0.22,1.54,-0.010,-0.059,-0.017,1.78,-7.39,1.18,0.000000,0.000000,1301.60
14.71,100205.34,47.40,93.64,9.69,-0.21,1.56,-0.011,-0.061,-0.017,2.78,-7.39,1.18,0.000000,0.000000,1302.75
14.84,100230.75,47.37,91.50,9.68,-0.21,1.52,-0.011,-0.061,-0.016,1.27,-7.87,1.63,0.000000,0.000000,1303.90
15.20,100283.93,47.37,87.04,9.69,-0.20,1.57,-0.010,-0.061,-0.016,1.78,-9.30,1.63,0.000000,0.000000,1305.06
14.88,100229.97,47.34,91.57,9.69,-0.22,1.56,-0.011,-0.061,-0.016,1.27,-9.30,0.73,0.000000,0.000000,1306.21
14.82,100224.72,47.35,92.01,9.69,-0.23,1.54,-0.011,-0.060,-0.016,1.78,-9.30,0.73,0.000000,0.000000,1307.36
14.39,100151.47,47.33,98.17,9.70,-0.21,1.55,-0.011,-0.062,-0.017,2.28,-10.73,0.73,0.000000,0.000000,1308.51
14.66,100198.30,47.34,94.23,9.70,-0.22,1.58,-0.011,-0.061,-0.015,1.27,-8.82,-1.54,0.000000,0.000000,1309.67
15.10,100266.52,47.37,88.50,9.69,-0.21,1.54,-0.011,-0.060,-0.017,1.78,-7.87,-1.54,0.000000,0.000000,1310.82
15.39,100316.38,47.34,84.32,9.68,-0.22,1.53,-0.011,-0.060,-0.017,1.78,-7.87,1.18,0.000000,0.000000,1311.97
15.47,100323.59,47.33,83.71,9.70,-0.22,1.56,-0.010,-0.062,-0.017,2.78,-8.35,1.18,0.000000,0.000000,1313.13
14.88,100223.41,47.31,92.12,9.69,-0.22,1.54,-0.010,-0.061,-0.015,2.28,-8.35,1.18,0.000000,0.000000,1314.28
15.10,100267.93,47.32,88.38,9.69,-0.21,1.56,-0.010,-0.061,-0.017,1.78,-8.82,1.63,0.000000,0.000000,1315.43
15.14,100268.02,47.32,88.37,9.68,-0.20,1.52,-0.011,-0.060,-0.017,2.78,-9.30,-0.63,0.000000,0.000000,1316.59
15.09,100264.58,47.31,88.66,9.71,-0.22,1.58,-0.011,-0.061,-0.016,1.78,-10.25,-0.63,0.000000,0.000000,1317.74
15.39,100309.47,47.31,84.90,9.70,-0.21,1.55,-0.011,-0.061,-0.015,1.27,-11.21,-0.18,0.000000,0.000000,1318.89
15.43,100318.47,47.31,84.14,9.71,-0.19,1.56,-0.011,-0.060,-0.017,1.78,-8.35,0.73,0.000000,0.000000,1320.04
15.58,100337.36,47.30,82.55,9.69,-0.21,1.54,-0.011,-0.062,-0.017,2.28,-8.35,-0.63,0.000000,0.000000,1321.20
14.94,100232.17,47.27,91.39,9.69,-0.22,1.53,-0.011,-0.060,-0.017,2.78,-7.39,1.18,0.000000,0.000000,1322.35
14.97,100241.34,47.27,90.62,9.68,-0.22,1.52,-0.010,-0.062,-0.018,2.28,-7.87,1.63,0.000000,0.000000,1323.50
14.97,100238.94,47.29,90.82,9.70,-0.23,1.56,-0.012,-0.061,-0.018,2.28,-7.39,1.18,0.000000,0.000000,1324.66
14.99,100241.55,47.28,90.60,9.70,-0.20,1.56,-0.011,-0.060,-0.014,2.28,-7.39,1.18,0.000000,0.000000,1325.81
15.59,100340.72,47.27,82.27,9.71,-0.19,1.56,-0.010,-0.061,-0.017,1.27,-8.35,1.63,0.000000,0.000000,1326.96
15.16,100322.13,47.24,88.26,9.72,-0.20,1.56,-0.010,-0.061,-0.017,1.78,-9.78,-0.63,0.000000,0.000000,1328.12
15.16,100267.94,47.24,88.38,9.70,-0.20,1.55,-0.010,-0.060,-0.016,2.28,-9.78,-1.08,0.000000,0.000000,1329.27
14.99,100242.39,47.22,90.53,9.69,-0.22,1.55,-0.010,-0.060,-0.017,2.28,-8.35,1.63,0.000000,0.000000,1330.42
14.84,100222.94,47.22,92.16,9.69,-0.25,1.57,-0.011,-0.062,-0.017,2.28,-8.82,-0.18,0.000000,0.000000,1331.57
14.66,100188.47,47.20,95.06,9.67,-0.21,1.54,-0.011,-0.061,-0.016,2.28,-7.87,0.73,0.000000,0.000000,1332.73
15.14,100266.84,47.22,88.47,9.70,-0.20,1.54,-0.011,-0.061,-0.017,2.28,-7.87,0.73,0.000000,0.000000,1333.88
15.50,100321.44,47.22,83.89,9.69,-0.19,1.53,-0.011,-0.060,-0.015,2.78,-8.35,1.63,0.000000,0.000000,1335.03
15.22,100273.80,47.19,87.89,9.70,-0.23,1.56,-0.010,-0.061,-0.020,2.28,-9.30,1.18,0.000000,0.000000,1336.19
14.97,100235.69,47.20,91.09,9.68,-0.21,1.54,-0.011,-0.060,-0.014,2.78,-9.30,-1.08,0.000000,0.000000,1337.34
14.92,100225.80,47.18,91.92,9.68,-0.21,1.54,-0.011,-0.061,-0.015,1.78,-8.82,1.63,0.000000,0.000000,1338.49
15.03,100242.61,47.20,90.51,9.69,-0.21,1.53,-0.011,-0.061,-0.017,1.78,-10.73,-1.54,0.000000,0.000000,1339.65
15.13,100259.70,47.18,89.07,9.71,-0.22,1.56,-0.010,-0.061,-0.017,1.78,-8.82,-0.18,0.000000,0.000000,1340.80
15.53,100324.28,47.19,83.65,9.69,-0.21,1.53,-0.011,-0.061,-0.017,1.78,-8.35,0.73,0.000000,0.000000,1341.95
15.27,100279.09,47.18,87.45,9.67,-0.21,1.55,-0.011,-0.060,-0.017,2.78,-8.35,1.18,0.000000,0.000000,1343.10
15.35,100288.39,47.16,86.66,9.69,-0.22,1.56,-0.011,-0.060,-0.016,1.27,-7.87,2.54,0.000000,0.000000,1344.26
15.33,100291.03,47.17,86.44,9.70,-0.22,1.54,-0.010,-0.061,-0.017,2.28,-7.87,1.18,0.000000,0.000000,1345.41
15.26,100273.38,47.15,87.93,9.68,-0.21,1.53,-0.011,-0.061,-0.016,2.78,-9.30,0.28,0.000000,0.000000,1346.56
15.23,100274.28,47.16,87.85,9.70,-0.21,1.55,-0.011,-0.060,-0.016,1.27,-9.78,-0.18,0.000000,0.000000,1347.72
15.67,100342.16,47.17,82.15,9.69,-0.21,1.53,-0.011,-0.060,-0.017,2.28,-7.87,-1.99,0.000000,0.000000,1348.87
15.52,100340.16,47.17,83.79,9.68,-0.23,1.54,-0.010,-0.061,-0.017,1.78,-8.35,-1.54,0.000000,0.000000,1350.02
15.25,100274.58,47.14,87.82,9.68,-0.22,1.53,-0.011,-0.061,-0.016,1.78,-7.87,0.73,0.000000,0.000000,1351.17
14.97,100225.85,47.15,91.92,9.71,-0.19,1.53,-0.011,-0.060,-0.017,2.28,-8.82,0.73,0.000000,0.000000,1352.33
14.81,100205.27,47.11,93.65,9.70,-0.21,1.56,-0.011,-0.060,-0.016,1.78,-7.39,1.18,0.000000,0.000000,1353.48
14.84,100206.94,47.10,93.50,9.69,-0.20,1.56,-0.010,-0.060,-0.017,2.78,-7.87,1.63,0.000000,0.000000,1354.63
14.93,100221.86,47.11,92.25,9.71,-0.20,1.54,-0.011,-0.059,-0.016,3.29,-8.82,1.18,0.000000,0.000000,1355.79
15.57,100324.20,47.12,83.66,9.69,-0.20,1.54,-0.010,-0.060,-0.016,1.27,-8.82,-0.18,0.000000,0.000000,1356.94
15.68,100338.86,47.12,82.43,9.70,-0.21,1.54,-0.011,-0.061,-0.017,1.27,-8.82,1.63,0.000000,0.000000,1358.09
15.74,100353.06,47.11,81.24,9.69,-0.21,1.55,-0.011,-0.061,-0.017,1.27,-9.78,0.28,0.000000,0.000000,1359.25
15.16,100256.70,47.11,89.33,9.70,-0.21,1.54,-0.011,-0.061,-0.017,1.27,-7.87,0.73,0.000000,0.000000,1360.40
15.16,100258.88,47.09,89.14,9.72,-0.23,1.53,-0.010,-0.059,-0.017,1.78,-7.87,-3.80,0.000000,0.000000,1361.55
15.33,100283.61,47.10,87.07,9.69,-0.21,1.53,-0.011,-0.062,-0.017,3.29,-7.87,0.73,0.000000,0.000000,1362.70
15.47,100309.66,47.10,84.88,9.69,-0.22,1.51,-0.011,-0.060,-0.017,1.78,-7.39,1.63,0.000000,0.000000,1363.86
15.84,100364.80,47.09,80.25,9.70,-0.21,1.55,-0.011,-0.061,-0.016,3.29,-8.82,0.28,0.000000,0.000000,1365.01
15.83,100359.42,47.10,80.70,9.69,-0.21,1.56,-0.010,-0.061,-0.017,2.78,-8.35,1.18,0.000000,0.000000,1366.16
15.34,100283.68,47.09,87.06,9.69,-0.21,1.56,-0.011,-0.061,-0.017,-0.23,-9.30,-0.18,0.000000,0.000000,1367.32
15.16,100254.03,47.06,89.55,9.69,-0.19,1.55,-0.011,-0.060,-0.017,1.27,-8.35,-0.63,0.000000,0.000000,1368.47
14.86,100205.39,47.05,93.63,9.69,-0.21,1.56,-0.012,-0.060,-0.016,2.28,-9.78,0.28,0.000000,0.000000,1369.62
14.89,100210.06,47.03,93.24,9.70,-0.23,1.53,-0.011,-0.060,-0.017,1.78,-8.82,0.73,0.000000,0.000000,1370.77
15.51,100304.24,47.05,85.33,9.70,-0.21,1.56,-0.011,-0.059,-0.016,1.78,-8.35,1.18,0.000000,0.000000,1371.93
15.65,100329.58,47.04,83.21,9.70,-0.21,1.54,-0.011,-0.061,-0.018,2.28,-8.35,1.18,0.000000,0.000000,1373.08
15.21,100257.50,47.04,89.26,9.69,-0.24,1.55,-0.012,-0.061,-0.016,2.78,-8.82,0.28,0.000000,0.000000,1374.23
15.16,100251.05,47.01,89.80,9.69,-0.20,1.53,-0.011,-0.061,-0.014,1.78,-8.35,1.18,0.000000,0.000000,1375.39
15.20,100259.02,47.01,89.13,9.68,-0.21,1.54,-0.011,-0.061,-0.019,2.28,-10.25,1.63,0.000000,0.000000,1376.54
15.35,100284.65,47.01,86.98,9.69,-0.22,1.55,-0.011,-0.061,-0.016,2.28,-10.25,0.73,0.000000,0.000000,1377.69
15.38,100288.73,47.00,86.64,9.71,-0.21,1.54,-0.011,-0.059,-0.015,2.28,-10.25,-0.63,0.000000,0.000000,1378.85
15.58,100314.00,47.00,84.51,9.70,-0.23,1.55,-0.011,-0.061,-0.017,1.78,-7.87,-1.08,0.000000,0.000000,1380.00
15.52,100307.05,47.00,85.10,9.71,-0.22,1.56,-0.011,-0.060,-0.016,1.78,-7.87,-1.08,0.000000,0.000000,1381.15
14.92,100211.23,46.99,93.14,9.69,-0.21,1.52,-0.011,-0.060,-0.016,2.78,-7.87,0.73,0.000000,0.000000,1382.30
15.00,100224.55,46.99,92.03,9.70,-0.21,1.54,-0.012,-0.061,-0.016,2.78,-8.35,1.63,0.000000,0.000000,1383.46
15.18,100252.33,46.98,89.69,9.70,-0.25,1.55,-0.010,-0.060,-0.020,2.28,-9.30,1.63,0.000000,0.000000,1384.61
14.69,100208.56,46.96,95.91,9.70,-0.21,1.54,-0.011,-0.060,-0.013,1.27,-9.30,0.73,0.000000,0.000000,1385.76
15.71,100337.36,46.97,82.55,9.69,-0.22,1.54,-0.011,-0.062,-0.019,1.27,-8.82,-1.08,0.000000,0.000000,1386.92
15.54,100305.42,46.96,85.23,9.67,-0.22,1.54,-0.011,-0.060,-0.017,1.78,-12.16,2.09,0.000000,0.000000,1388.07
15.43,100291.63,46.97,86.39,9.69,-0.21,1.54,-0.012,-0.060,-0.016,2.28,-8.35,-0.18,0.000000,0.000000,1389.22
15.29,100264.46,46.95,88.67,9.69,-0.21,1.54,-0.011,-0.061,-0.018,1.27,-8.35,-1.54,0.000000,0.000000,1390.38
14.96,100218.98,46.94,92.49,9.69,-0.22,1.52,-0.010,-0.060,-0.016,1.78,-7.87,0.28,0.000000,0.000000,1391.53
15.05,100228.58,46.94,91.69,9.69,-0.23,1.58,-0.011,-0.061,-0.017,2.78,-7.87,1.18,0.000000,0.000000,1392.68
15.45,100293.39,46.94,86.24,9.70,-0.21,1.54,-0.011,-0.061,-0.018,2.28,-8.35,1.63,0.000000,0.000000,1393.83
15.80,100347.39,46.94,81.71,9.70,-0.22,1.55,-0.011,-0.060,-0.016,0.77,-8.82,0.28,0.000000,0.000000,1394.99
15.79,100340.23,46.93,82.31,9.73,-0.22,1.57,-0.011,-0.060,-0.016,1.78,-9.30,1.63,0.000000,0.000000,1396.14
15.38,100282.50,46.93,87.16,9.71,-0.19,1.58,-0.010,-0.060,-0.017,1.78,-9.78,0.28,0.000000,0.000000,1397.29
14.87,100196.34,46.90,94.40,9.71,-0.21,1.58,-0.011,-0.061,-0.016,1.78,-7.87,-0.18,0.000000,0.000000,1398.45
15.05,100224.75,46.92,92.01,9.69,-0.21,1.54,-0.011,-0.060,-0.017,1.78,-8.82,-1.08,0.000000,0.000000,1399.60
15.04,100225.02,46.90,91.99,9.69,-0.23,1.51,-0.010,-0.061,-0.016,2.78,-8.82,1.18,0.000000,0.000000,1400.75
15.18,100242.14,46.88,90.55,9.70,-0.22,1.56,-0.011,-0.061,-0.016,3.29,-7.39,1.18,0.000000,0.000000,1401.90
15.19,100246.05,46.89,90.22,9.70,-0.21,1.55,-0.010,-0.061,-0.017,2.78,-8.35,0.73,0.000000,0.000000,1403.06
15.86,100351.66,46.90,81.35,9.71,-0.23,1.57,-0.010,-0.061,-0.016,2.28,-9.30,-0.63,0.000000,0.000000,1404.21
15.38,100276.73,46.88,87.64,9.71,-0.21,1.55,-0.011,-0.060,-0.017,1.78,-8.35,-1.08,0.000000,0.000000,1405.36
15.36,100272.03,46.87,88.04,9.69,-0.22,1.54,-0.011,-0.061,-0.016,1.78,-8.35,-1.54,0.000000,0.000000,1406.52
15.40,100282.00,46.77,87.20,9.69,-0.21,1.58,-0.010,-0.060,-0.017,2.28,-8.35,0.73,0.000000,0.000000,1407.67
15.46,100286.20,46.86,86.85,9.69,-0.20,1.54,-0.011,-0.060,-0.017,2.28,-7.87,1.63,0.000000,0.000000,1408.82
15.88,100350.94,46.86,81.41,9.69,-0.20,1.55,-0.011,-0.061,-0.017,3.29,-8.82,2.09,0.000000,0.000000,1409.98
15.83,100346.89,46.87,81.75,9.70,-0.21,1.54,-0.011,-0.060,-0.017,1.78,-7.87,1.18,0.000000,0.000000,1411.13
15.70,100321.86,46.88,83.86,9.68,-0.22,1.55,-0.011,-0.060,-0.017,1.27,-8.82,1.18,0.000000,0.000000,1412.28
15.68,100321.44,46.85,83.89,9.70,-0.22,1.53,-0.011,-0.060,-0.016,1.78,-9.30,-0.18,0.000000,0.000000,1413.44
15.65,100314.17,46.84,84.50,9.70,-0.21,1.54,-0.010,-0.061,-0.017,2.28,-7.39,-1.54,0.000000,0.000000,1414.59
15.47,100286.48,46.84,86.82,9.69,-0.20,1.53,-0.010,-0.061,-0.017,1.78,-8.35,0.28,0.000000,0.000000,1415.74
15.85,100346.17,46.84,81.81,9.72,-0.23,1.54,-0.011,-0.060,-0.017,1.78,-7.87,1.18,0.000000,0.000000,1416.89
15.61,100305.23,46.82,85.25,9.71,-0.22,1.55,-0.011,-0.061,-0.016,2.28,-8.35,0.73,0.000000,0.000000,1418.05
16.00,100369.12,46.84,79.89,9.70,-0.20,1.55,-0.011,-0.060,-0.016,2.28,-7.87,1.63,0.000000,0.000000,1419.20
15.77,100329.30,46.85,83.23,9.69,-0.22,1.56,-0.011,-0.060,-0.016,2.28,-9.30,0.28,0.000000,0.000000,1420.35
15.14,100230.44,46.73,90.98,9.68,-0.21,1.55,-0.011,-0.060,-0.017,1.27,-9.30,0.73,0.000000,0.000000,1421.51
15.49,100287.78,46.82,86.72,9.69,-0.22,1.57,-0.010,-0.060,-0.016,1.78,-9.78,-1.99,0.000000,0.000000,1422.66
15.80,100336.52,46.80,82.62,9.70,-0.21,1.56,-0.012,-0.061,-0.016,1.27,-8.35,-0.18,0.000000,0.000000,1423.81
15.94,100358.67,46.81,80.77,9.70,-0.21,1.54,-0.010,-0.061,-0.017,3.29,-8.35,-0.18,0.000000,0.000000,1424.96
15.80,100332.19,46.82,82.99,9.70,-0.22,1.51,-0.012,-0.062,-0.016,3.29,-8.82,1.18,0.000000,0.000000,1426.12
16.11,100386.80,46.82,78.41,9.70,-0.21,1.54,-0.010,-0.061,-0.016,2.28,-8.35,0.28,0.000000,0.000000,1427.27
15.61,100305.98,46.78,85.19,9.69,-0.21,1.54,-0.011,-0.060,-0.017,1.78,-9.30,1.18,0.000000,0.000000,1428.42
15.58,100295.14,46.79,86.10,9.69,-0.21,1.54,-0.011,-0.060,-0.016,1.78,-8.82,-0.18,0.000000,0.000000,1429.58
15.51,100288.13,46.76,86.69,9.69,-0.23,1.56,-0.010,-0.061,-0.016,1.27,-11.21,0.28,0.000000,0.000000,1430.73
15.85,100338.73,46.76,82.44,9.70,-0.24,1.56,-0.011,-0.060,-0.016,1.78,-8.35,-1.08,0.000000,0.000000,1431.88
15.63,100308.34,46.75,84.99,9.70,-0.21,1.55,-0.011,-0.061,-0.016,2.28,-7.87,1.63,0.000000,0.000000,1433.03
15.63,100306.85,46.77,85.11,9.68,-0.21,1.55,-0.012,-0.061,-0.017,2.78,-6.92,1.18,0.000000,0.000000,1434.19
15.33,100258.88,46.74,89.14,9.69,-0.21,1.52,-0.011,-0.060,-0.016,2.78,-8.35,2.09,0.000000,0.000000,1435.34
15.16,100232.19,46.73,91.38,9.69,-0.21,1.55,-0.011,-0.061,-0.016,2.28,-9.78,2.54,0.000000,0.000000,1436.49
15.20,100233.27,46.71,91.29,9.70,-0.21,1.53,-0.011,-0.061,-0.016,1.78,-9.30,0.28,0.000000,0.000000,1437.65
15.20,100233.38,46.71,91.28,9.69,-0.21,1.55,-0.011,-0.060,-0.017,1.78,-9.30,-1.99,0.000000,0.000000,1438.80
15.87,100341.19,46.73,82.23,9.69,-0.21,1.58,-0.010,-0.060,-0.016,1.78,-8.82,-0.63,0.000000,0.000000,1439.95
15.55,100291.12,46.72,86.44,9.69,-0.22,1.55,-0.010,-0.061,-0.016,1.78,-7.39,1.18,0.000000,0.000000,1441.11
15.29,100244.88,46.70,90.32,9.70,-0.21,1.54,-0.011,-0.060,-0.016,2.28,-8.82,1.63,0.000000,0.000000,1442.26
15.19,100235.98,46.68,91.07,9.70,-0.24,1.56,-0.010,-0.061,-0.017,3.29,-8.35,0.73,0.000000,0.000000,1443.41
15.13,100221.03,46.68,92.32,9.70,-0.22,1.55,-0.011,-0.061,-0.017,1.78,-9.78,1.18,0.000000,0.000000,1444.56
15.25,100241.63,46.68,90.59,9.70,-0.24,1.52,-0.010,-0.060,-0.017,2.28,-9.78,1.63,0.000000,0.000000,1445.72
15.41,100270.96,46.69,88.13,9.70,-0.24,1.56,-0.012,-0.061,-0.017,2.28,-8.35,-1.54,0.000000,0.000000,1446.87
15.71,100311.52,46.68,84.72,9.69,-0.21,1.56,-0.012,-0.060,-0.015,2.28,-8.35,0.28,0.000000,0.000000,1448.02
15.61,100299.78,46.68,85.71,9.67,-0.21,1.55,-0.011,-0.061,-0.017,2.28,-7.87,-1.54,0.000000,0.000000,1449.18
15.21,100234.08,46.66,91.23,9.69,-0.22,1.53,-0.011,-0.062,-0.017,2.28,-8.35,1.63,0.000000,0.000000,1450.33
15.06,100218.77,46.66,93.68,9.71,-0.21,1.55,-0.011,-0.060,-0.016,1.27,-8.35,0.73,0.000000,0.000000,1451.48
15.40,100263.08,46.68,88.79,9.70,-0.22,1.53,-0.011,-0.060,-0.017,2.78,-9.78,2.09,0.000000,0.000000,1452.64
15.10,100210.27,46.64,93.23,9.70,-0.23,1.59,-0.010,-0.060,-0.016,1.27,-9.78,1.18,0.000000,0.000000,1453.79
15.83,100332.22,46.66,82.99,9.68,-0.24,1.52,-0.011,-0.060,-0.016,1.27,-9.78,1.18,0.000000,0.000000,1454.94
15.84,100326.52,46.64,83.46,9.70,-0.23,1.56,-0.010,-0.060,-0.016,1.78,-7.87,-1.08,0.000000,0.000000,1456.10
15.58,100287.98,46.63,86.70,9.70,-0.22,1.55,-0.012,-0.059,-0.017,1.78,-8.35,1.18,0.000000,0.000000,1457.25
15.24,100234.44,46.61,91.20,9.70,-0.23,1.57,-0.011,-0.061,-0.016,3.79,-7.39,0.73,0.000000,0.000000,1458.40
15.34,100248.48,46.61,90.01,9.70,-0.23,1.56,-0.011,-0.061,-0.017,2.28,-9.30,1.18,0.000000,0.000000,1459.55
14.79,100163.89,46.59,97.12,9.69,-0.23,1.55,-0.011,-0.061,-0.015,2.78,-9.78,1.18,0.000000,0.000000,1460.71
15.80,100320.43,46.61,83.98,9.69,-0.21,1.54,-0.011,-0.061,-0.016,2.28,-10.25,1.18,0.000000,0.000000,1461.86
15.44,100266.65,46.61,88.49,9.71,-0.22,1.57,-0.011,-0.060,-0.017,1.27,-9.78,-0.63,0.000000,0.000000,1463.01
15.56,100282.58,46.59,87.15,9.69,-0.21,1.55,-0.011,-0.061,-0.015,1.78,-8.35,-2.44,0.000000,0.000000,1464.17
15.46,100267.51,46.59,88.42,9.68,-0.21,1.54,-0.011,-0.061,-0.016,2.78,-8.35,1.18,0.000000,0.000000,1465.32
15.39,100257.46,46.58,89.26,9.69,-0.21,1.56,-0.013,-0.060,-0.017,1.78,-8.82,1.18,0.000000,0.000000,1466.47
15.52,100273.44,46.56,87.92,9.71,-0.23,1.54,-0.011,-0.062,-0.017,1.27,-8.82,0.73,0.000000,0.000000,1467.62
15.35,100248.13,46.57,90.05,9.70,-0.23,1.55,-0.012,-0.060,-0.016,2.28,-7.87,-0.63,0.000000,0.000000,1468.78
15.79,100314.63,46.56,84.46,9.71,-0.21,1.57,-0.011,-0.061,-0.016,1.27,-9.30,-1.08,0.000000,0.000000,1469.93
15.57,100284.06,46.57,87.03,9.71,-0.21,1.58,-0.011,-0.060,-0.017,1.27,-8.35,-1.08,0.000000,0.000000,1471.08
15.48,100265.32,46.55,88.60,9.72,-0.23,1.54,-0.012,-0.060,-0.014,1.78,-7.39,2.09,0.000000,0.000000,1472.24
15.57,100286.91,46.55,86.79,9.69,-0.20,1.54,-0.011,-0.061,-0.016,2.78,-7.87,1.18,0.000000,0.000000,1473.39
15.21,100226.24,46.54,91.88,9.69,-0.21,1.54,-0.011,-0.060,-0.017,2.28,-10.25,0.28,0.000000,0.000000,1474.54
15.59,100284.95,46.54,86.95,9.70,-0.20,1.56,-0.011,-0.061,-0.018,1.27,-9.78,0.73,0.000000,0.000000,1475.70
15.48,100270.56,46.55,88.16,9.70,-0.22,1.57,-0.010,-0.061,-0.016,1.78,-8.35,-1.08,0.000000,0.000000,1476.85
15.67,100296.12,46.54,86.02,9.70,-0.23,1.57,-0.010,-0.060,-0.015,1.78,-8.82,-1.08,0.000000,0.000000,1478.00
15.66,100296.70,46.55,85.97,9.68,-0.21,1.56,-0.011,-0.060,-0.016,1.27,-7.87,-0.18,0.000000,0.000000,1479.15
15.32,100241.28,46.51,90.62,9.69,-0.22,1.55,-0.011,-0.060,-0.017,2.78,-8.35,0.73,0.000000,0.000000,1480.31
15.34,100246.32,46.51,90.20,9.69,-0.21,1.52,-0.011,-0.061,-0.016,2.78,-9.30,1.63,0.000000,0.000000,1481.46
15.69,100299.53,46.52,85.73,9.69,-0.23,1.53,-0.011,-0.060,-0.015,1.27,-9.30,1.18,0.000000,0.000000,1482.62
15.57,100277.50,46.50,87.58,9.70,-0.21,1.57,-0.010,-0.061,-0.017,1.27,-9.78,1.18,0.000000,0.000000,1483.77
15.84,100323.23,46.50,83.74,9.71,-0.21,1.56,-0.012,-0.061,-0.017,1.78,-9.78,-0.18,0.000000,0.000000,1484.92
16.02,100347.81,46.51,81.68,9.70,-0.21,1.56,-0.011,-0.062,-0.016,2.28,-7.87,0.73,0.000000,0.000000,1486.07
16.03,100353.27,46.51,81.22,9.70,-0.22,1.55,-0.012,-0.060,-0.017,2.78,-8.35,1.18,0.000000,0.000000,1487.22
15.57,100275.49,46.48,87.75,9.69,-0.22,1.56,-0.011,-0.061,-0.017,2.78,-9.30,0.28,0.000000,0.000000,1488.38
15.30,100220.17,46.48,91.60,9.70,-0.24,1.57,-0.011,-0.060,-0.017,2.78,-7.87,1.18,0.000000,0.000000,1489.53
15.37,100247.22,46.47,90.12,9.70,-0.21,1.53,-0.011,-0.060,-0.016,1.27,-7.87,1.18,0.000000,0.000000,1490.68
15.94,100334.08,46.46,82.83,9.70,-0.20,1.54,-0.011,-0.060,-0.018,1.78,-8.82,0.28,0.000000,0.000000,1491.84
15.99,100344.71,46.47,81.94,9.67,-0.25,1.54,-0.010,-0.061,-0.017,1.78,-8.35,-1.54,0.000000,0.000000,1492.99
15.95,100332.28,46.46,82.98,9.71,-0.22,1.51,-0.012,-0.060,-0.016,2.28,-7.87,0.28,0.000000,0.000000,1494.14
15.47,100261.47,46.45,88.93,9.70,-0.22,1.54,-0.011,-0.060,-0.015,2.28,-7.39,1.63,0.000000,0.000000,1495.30
15.29,100230.36,46.45,91.54,9.70,-0.21,1.54,-0.011,-0.061,-0.018,1.78,-7.87,1.18,0.000000,0.000000,1496.45
14.92,100170.41,46.40,96.57,9.71,-0.22,1.57,-0.011,-0.062,-0.018,2.28,-8.82,0.73,0.000000,0.000000,1497.60
15.08,100196.56,46.43,94.38,9.69,-0.22,1.56,-0.011,-0.061,-0.018,1.78,-8.82,-0.18,0.000000,0.000000,1498.76
15.69,100284.38,46.41,87.00,9.70,-0.14,1.55,-0.012,-0.059,-0.016,2.28,-9.30,-1.99,0.000000,0.000000,1499.91
16.16,100366.28,46.42,80.13,9.74,-0.20,1.56,-0.011,-0.062,-0.021,1.27,-8.82,-2.89,0.000000,0.000000,1501.06
15.81,100307.75,46.40,85.04,9.69,-0.23,1.55,-0.011,-0.061,-0.018,1.27,-8.35,1.18,0.000000,0.000000,1502.21
15.53,100266.41,46.39,88.51,9.69,-0.22,1.56,-0.011,-0.061,-0.018,2.78,-7.87,1.18,0.000000,0.000000,1503.37
15.58,100272.30,46.39,88.02,9.70,-0.21,1.54,-0.011,-0.060,-0.016,2.28,-8.82,-0.18,0.000000,0.000000,1504.52
15.67,100287.28,46.39,86.76,9.70,-0.18,1.53,-0.011,-0.061,-0.015,1.27,-10.25,0.73,0.000000,0.000000,1505.67
15.91,100324.67,46.39,83.62,9.70,-0.18,1.54,-0.011,-0.061,-0.015,2.28,-11.21,-0.18,0.000000,0.000000,1506.83
16.39,100396.36,46.39,77.60,9.69,-0.18,1.56,-0.011,-0.061,-0.016,1.78,-8.35,-1.08,0.000000,0.000000,1507.98
16.29,100388.45,46.39,78.27,9.69,-0.21,1.53,-0.011,-0.060,-0.016,1.27,-7.39,2.09,0.000000,0.000000,1509.13
15.61,100273.70,46.36,87.90,9.70,-0.19,1.55,-0.011,-0.059,-0.016,2.78,-8.82,1.18,0.000000,0.000000,1510.29
15.79,100306.77,46.33,85.12,9.70,-0.19,1.55,-0.011,-0.061,-0.017,2.78,-7.87,0.28,0.000000,0.000000,1511.44
15.84,100311.83,46.38,84.70,9.69,-0.21,1.54,-0.011,-0.060,-0.016,1.78,-8.82,2.09,0.000000,0.000000,1512.59
15.85,100309.61,46.37,84.88,9.69,-0.19,1.54,-0.010,-0.060,-0.017,1.78,-9.78,-1.08,0.000000,0.000000,1513.74
15.81,100309.83,46.39,84.87,9.69,-0.18,1.52,-0.011,-0.061,-0.017,1.78,-8.35,-0.18,0.000000,0.000000,1514.90
16.00,100331.66,46.35,83.03,9.70,-0.20,1.56,-0.011,-0.060,-0.016,1.78,-8.82,-2.89,0.000000,0.000000,1516.05
15.94,100331.16,46.36,83.07,9.68,-0.20,1.57,-0.012,-0.060,-0.017,4.29,-8.82,1.63,0.000000,0.000000,1517.20
15.42,100241.19,46.31,90.63,9.69,-0.18,1.53,-0.011,-0.061,-0.016,1.78,-9.30,1.18,0.000000,0.000000,1518.36
15.62,100271.09,46.34,88.12,9.69,-0.19,1.52,-0.011,-0.061,-0.017,1.27,-8.35,0.73,0.000000,0.000000,1519.51
15.31,100228.38,46.33,91.70,9.70,-0.19,1.56,-0.011,-0.061,-0.016,1.78,-8.35,-1.08,0.000000,0.000000,1520.66
15.96,100326.79,46.35,83.44,9.69,-0.19,1.55,-0.011,-0.062,-0.017,1.78,-8.35,0.73,0.000000,0.000000,1521.81
16.09,100348.36,46.34,81.63,9.68,-0.23,1.52,-0.012,-0.060,-0.017,1.78,-7.87,0.73,0.000000,0.000000,1522.97
16.02,100337.70,46.34,82.53,9.69,-0.21,1.53,-0.011,-0.061,-0.017,2.28,-7.39,1.63,0.000000,0.000000,1524.12
15.72,100294.13,46.32,86.18,9.69,-0.19,1.54,-0.011,-0.061,-0.015,2.78,-8.82,1.63,0.000000,0.000000,1525.27
15.38,100233.80,46.33,91.25,9.69,-0.17,1.55,-0.011,-0.061,-0.016,1.27,-9.78,2.09,0.000000,0.000000,1526.43
15.50,100247.24,46.29,90.12,9.70,-0.20,1.54,-0.011,-0.061,-0.015,1.78,-9.30,-1.99,0.000000,0.000000,1527.58
15.54,100259.89,46.29,89.06,9.71,-0.21,1.55,-0.011,-0.060,-0.017,1.78,-8.82,0.73,0.000000,0.000000,1528.73
15.90,100313.91,46.31,84.52,9.73,-0.21,1.54,-0.011,-0.060,-0.016,1.78,-7.87,1.63,0.000000,0.000000,1529.88
16.22,100368.19,46.30,79.97,9.71,-0.20,1.53,-0.011,-0.061,-0.016,3.79,-8.82,1.63,0.000000,0.000000,1531.04
16.23,100364.47,46.30,80.28,9.69,-0.21,1.55,-0.011,-0.061,-0.015,2.78,-8.35,1.18,0.000000,0.000000,1532.19
15.76,100291.28,46.28,86.42,9.68,-0.20,1.54,-0.011,-0.060,-0.017,0.77,-9.30,-0.63,0.000000,0.000000,1533.34
15.94,100318.28,46.28,84.16,9.70,-0.20,1.56,-0.011,-0.060,-0.018,1.78,-9.78,0.28,0.000000,0.000000,1534.50
15.77,100287.48,46.25,86.74,9.71,-0.21,1.54,-0.011,-0.061,-0.017,1.78,-7.87,-0.18,0.000000,0.000000,1535.65
15.61,100266.03,46.27,88.54,9.70,-0.16,1.53,-0.011,-0.060,-0.014,2.28,-7.39,0.73,0.000000,0.000000,1536.80
15.96,100321.17,46.26,83.91,9.72,-0.26,1.59,-0.011,-0.062,-0.019,2.28,-7.87,0.73,0.000000,0.000000,1537.96
15.48,100247.46,46.24,90.10,9.70,-0.26,1.55,-0.013,-0.061,-0.015,1.78,-8.82,1.18,0.000000,0.000000,1539.11
15.39,100227.34,46.23,91.79,9.70,-0.22,1.57,-0.011,-0.061,-0.014,1.78,-9.30,-0.18,0.000000,0.000000,1540.26
15.34,100224.59,46.25,92.02,9.71,-0.17,1.56,-0.011,-0.059,-0.014,1.78,-9.78,1.18,0.000000,0.000000,1541.41
15.22,100203.02,46.23,93.83,9.70,-0.11,1.51,-0.011,-0.062,-0.014,1.78,-8.35,0.73,0.000000,0.000000,1542.57
15.28,100207.57,46.20,93.45,9.65,-0.07,1.54,-0.014,-0.059,-0.009,2.78,-8.35,1.63,0.000000,0.000000,1543.72
15.59,100262.10,46.20,88.87,9.66,-0.19,1.52,-0.011,-0.062,-0.025,3.79,-8.35,-0.18,0.000000,0.000000,1544.87
15.64,100264.41,46.20,88.68,9.72,-0.23,1.57,-0.012,-0.060,-0.015,2.28,-8.35,0.73,0.000000,0.000000,1546.03
15.84,100295.15,46.21,86.10,9.70,-0.20,1.54,-0.009,-0.062,-0.021,1.78,-10.25,-0.63,0.000000,0.000000,1547.18
15.75,100282.52,46.20,87.16,9.74,-0.27,1.55,-0.011,-0.061,-0.021,1.78,-8.35,-1.54,0.000000,0.000000,1548.33
15.70,100275.81,46.18,87.31,9.67,-0.23,1.56,-0.011,-0.061,-0.021,1.78,-7.87,1.63,0.000000,0.000000,1549.48
15.59,100255.82,46.19,89.40,9.70,-0.20,1.54,-0.011,-0.061,-0.014,3.79,-8.35,2.09,0.000000,0.000000,1550.64
15.69,100269.17,46.22,88.28,9.68,-0.21,1.53,-0.011,-0.060,-0.018,1.78,-8.35,1.63,0.000000,0.000000,1551.79
16.34,100378.80,46.19,79.08,9.69,-0.21,1.53,-0.011,-0.061,-0.017,2.28,-8.82,0.73,0.000000,0.000000,1552.94
16.37,100375.63,46.17,79.34,9.70,-0.21,1.56,-0.011,-0.061,-0.015,1.27,-9.78,-1.54,0.000000,0.000000,1554.10
16.33,100376.80,46.19,79.25,9.68,-0.22,1.59,-0.011,-0.061,-0.016,1.78,-8.35,1.18,0.000000,0.000000,1555.26
16.03,100326.14,46.18,83.50,9.71,-0.20,1.53,-0.012,-0.060,-0.017,2.78,-7.39,1.63,0.000000,0.000000,1556.40
15.80,100283.39,46.15,87.08,9.70,-0.22,1.57,-0.010,-0.061,-0.017,2.28,-8.35,1.18,0.000000,0.000000,1557.56
15.77,100285.16,46.16,86.94,9.70,-0.21,1.53,-0.011,-0.061,-0.016,1.78,-9.78,1.63,0.000000,0.000000,1558.71
16.25,100357.11,46.16,80.90,9.68,-0.22,1.55,-0.010,-0.061,-0.017,2.28,-8.35,0.73,0.000000,0.000000,1559.86
15.89,100306.24,46.17,85.17,9.71,-0.22,1.55,-0.011,-0.061,-0.016,1.78,-8.82,1.18,0.000000,0.000000,1561.01
16.51,100402.77,46.19,77.07,9.70,-0.23,1.56,-0.011,-0.061,-0.016,1.78,-8.82,-1.54,0.000000,0.000000,1562.17
15.85,100298.02,46.16,85.86,9.69,-0.22,1.55,-0.012,-0.060,-0.017,2.78,-7.39,0.28,0.000000,0.000000,1563.32
15.90,100299.81,46.13,85.71,9.71,-0.23,1.54,-0.011,-0.060,-0.016,2.78,-8.82,1.18,0.000000,0.000000,1564.47
16.12,100332.67,46.12,82.95,9.71,-0.21,1.56,-0.011,-0.061,-0.017,1.78,-8.35,0.28,0.000000,0.000000,1565.63
16.10,100332.05,46.12,83.00,9.71,-0.21,1.58,-0.010,-0.062,-0.017,1.78,-8.82,-0.18,0.000000,0.000000,1566.78
16.23,100353.39,46.13,81.21,9.69,-0.21,1.56,-0.010,-0.062,-0.017,1.78,-8.82,-2.89,0.000000,0.000000,1567.93
16.41,100383.03,46.14,78.72,9.70,-0.20,1.57,-0.010,-0.061,-0.017,1.78,-7.87,0.73,0.000000,0.000000,1569.08
16.18,100340.58,46.11,82.28,9.69,-0.21,1.56,-0.011,-0.062,-0.017,2.28,-6.44,0.73,0.000000,0.000000,1570.24
15.87,100289.95,46.05,85.57,9.70,-0.21,1.55,-0.011,-0.061,-0.017,2.28,-9.78,0.28,0.000000,0.000000,1571.39
15.99,100314.06,46.11,84.51,9.69,-0.22,1.55,-0.010,-0.060,-0.017,1.78,-9.30,1.18,0.000000,0.000000,1572.54
16.09,100329.72,46.09,83.20,9.68,-0.21,1.56,-0.011,-0.061,-0.016,1.78,-8.82,-1.08,0.000000,0.000000,1573.70
15.95,100305.51,46.11,85.23,9.68,-0.20,1.54,-0.011,-0.061,-0.017,0.77,-7.87,1.63,0.000000,0.000000,1574.85
16.49,100388.99,46.10,78.22,9.69,-0.19,1.55,-0.012,-0.061,-0.017,2.78,-7.87,0.73,0.000000,0.000000,1576.00
16.48,100391.48,46.09,78.01,9.70,-0.20,1.54,-0.011,-0.062,-0.017,2.28,-8.35,1.63,0.000000,0.000000,1577.16
15.87,100291.07,46.08,86.44,9.70,-0.21,1.55,-0.011,-0.060,-0.016,1.27,-8.82,1.18,0.000000,0.000000,1578.31
15.84,100284.86,46.06,86.96,9.70,-0.21,1.56,-0.011,-0.061,-0.017,0.77,-8.82,-0.63,0.000000,0.000000,1579.46
15.90,100295.97,46.07,86.03,9.68,-0.21,1.52,-0.012,-0.060,-0.017,1.78,-10.25,-0.63,0.000000,0.000000,1580.62
15.61,100247.75,46.05,90.08,9.70,-0.21,1.53,-0.012,-0.060,-0.016,1.78,-7.39,-0.18,0.000000,0.000000,1581.77
16.30,100363.38,46.07,80.37,9.69,-0.21,1.55,-0.011,-0.061,-0.017,2.78,-7.87,0.73,0.000000,0.000000,1582.92
16.30,100357.20,46.04,80.89,9.69,-0.22,1.54,-0.011,-0.060,-0.015,2.78,-9.30,0.73,0.000000,0.000000,1584.07
16.17,100337.44,46.07,82.55,9.71,-0.22,1.54,-0.013,-0.060,-0.017,1.78,-8.35,1.18,0.000000,0.000000,1585.23
15.53,100233.98,46.03,91.23,9.69,-0.21,1.57,-0.011,-0.061,-0.016,1.78,-9.78,0.28,0.000000,0.000000,1586.38
16.07,100319.61,46.04,84.04,9.68,-0.20,1.53,-0.011,-0.061,-0.017,1.78,-10.73,-1.08,0.000000,0.000000,1587.54
16.01,100311.34,46.03,84.74,9.69,-0.21,1.54,-0.011,-0.061,-0.017,1.78,-8.35,-1.99,0.000000,0.000000,1588.69
16.31,100359.50,46.04,80.70,9.69,-0.20,1.54,-0.012,-0.061,-0.017,1.78,-8.35,1.18,0.000000,0.000000,1589.84
16.07,100320.13,46.03,84.00,9.70,-0.21,1.57,-0.011,-0.061,-0.017,1.78,-8.35,2.09,0.000000,0.000000,1590.99
16.39,100368.95,46.02,79.90,9.70,-0.20,1.53,-0.011,-0.060,-0.017,2.28,-8.35,-0.18,0.000000,0.000000,1592.15
16.10,100323.95,46.06,83.68,9.68,-0.22,1.54,-0.011,-0.061,-0.016,1.27,-9.78,0.73,0.000000,0.000000,1593.30
15.76,100266.23,46.02,88.52,9.66,-0.21,1.54,-0.011,-0.061,-0.016,1.78,-8.35,-1.08,0.000000,0.000000,1594.45
16.00,100305.94,45.98,85.19,9.69,-0.22,1.54,-0.011,-0.060,-0.016,1.78,-7.39,-0.63,0.000000,0.000000,1595.60
15.94,100296.02,46.00,86.02,9.70,-0.20,1.54,-0.012,-0.061,-0.017,2.78,-7.87,1.18,0.000000,0.000000,1596.76
16.32,100354.64,45.99,81.10,9.72,-0.21,1.55,-0.011,-0.061,-0.016,1.27,-6.92,2.54,0.000000,0.000000,1597.91
16.31,100358.24,46.00,80.80,9.69,-0.20,1.54,-0.011,-0.060,-0.016,2.28,-8.82,0.73,0.000000,0.000000,1599.06
16.28,100349.89,46.00,81.50,9.69,-0.18,1.56,-0.012,-0.061,-0.017,1.27,-10.73,0.28,0.000000,0.000000,1600.22
15.66,100272.34,45.97,90.22,9.70,-0.24,1.53,-0.011,-0.062,-0.021,1.78,-8.35,-0.18,0.000000,0.000000,1601.37
16.00,100301.36,45.98,85.58,9.71,-0.24,1.56,-0.012,-0.060,-0.015,2.28,-8.35,0.73,0.000000,0.000000,1602.52
15.83,100276.81,46.00,87.64,9.69,-0.19,1.54,-0.011,-0.061,-0.015,2.28,-8.35,2.99,0.000000,0.000000,1603.67
15.57,100234.86,45.98,91.16,9.68,-0.20,1.55,-0.012,-0.061,-0.018,1.78,-7.87,1.63,0.000000,0.000000,1604.83
15.88,100284.10,45.96,87.02,9.69,-0.22,1.54,-0.011,-0.061,-0.017,0.27,-9.78,0.28,0.000000,0.000000,1605.98
15.64,100247.31,45.95,90.11,9.68,-0.21,1.57,-0.011,-0.060,-0.016,2.28,-9.78,-1.08,0.000000,0.000000,1607.13
16.15,100325.83,45.95,83.52,9.71,-0.21,1.57,-0.010,-0.061,-0.017,1.78,-8.82,0.28,0.000000,0.000000,1608.29
16.17,100314.27,45.95,84.49,9.69,-0.21,1.52,-0.011,-0.061,-0.017,2.78,-8.35,1.63,0.000000,0.000000,1609.44
15.98,100296.91,45.94,85.95,9.68,-0.21,1.54,-0.011,-0.060,-0.017,2.78,-8.35,1.63,0.000000,0.000000,1610.59
15.94,100290.02,45.93,86.53,9.69,-0.23,1.54,-0.012,-0.060,-0.017,1.27,-8.82,1.18,0.000000,0.000000,1611.75
15.98,100299.02,45.95,85.77,9.70,-0.21,1.53,-0.011,-0.062,-0.016,2.28,-10.25,-0.18,0.000000,0.000000,1612.90
16.26,100341.97,45.94,82.17,9.70,-0.21,1.55,-0.013,-0.060,-0.017,1.27,-8.35,0.28,0.000000,0.000000,1614.05
16.46,100376.36,45.93,79.28,9.69,-0.22,1.57,-0.012,-0.060,-0.017,1.78,-8.35,-0.63,0.000000,0.000000,1615.21
15.91,100282.78,45.93,87.14,9.69,-0.20,1.54,-0.010,-0.060,-0.016,3.29,-8.35,2.54,0.000000,0.000000,1616.36
16.05,100304.05,45.90,85.35,9.70,-0.22,1.57,-0.012,-0.060,-0.017,2.28,-8.82,0.73,0.000000,0.000000,1617.51
15.74,100260.95,45.89,88.97,9.69,-0.20,1.51,-0.010,-0.061,-0.017,1.78,-9.30,0.73,0.000000,0.000000,1618.66
16.39,100360.45,45.90,80.62,9.67,-0.21,1.56,-0.010,-0.061,-0.018,1.27,-10.25,-0.63,0.000000,0.000000,1619.82
16.46,100373.45,45.92,79.53,9.69,-0.22,1.54,-0.012,-0.061,-0.017,1.27,-7.87,-0.63,0.000000,0.000000,1620.97
16.29,100339.69,45.89,82.36,9.69,-0.20,1.56,-0.012,-0.060,-0.017,1.78,-8.35,0.28,0.000000,0.000000,1622.12
16.30,100345.37,45.89,81.88,9.70,-0.21,1.58,-0.012,-0.061,-0.017,2.78,-7.87,1.18,0.000000,0.000000,1623.27
16.21,100333.48,45.88,82.88,9.69,-0.21,1.55,-0.010,-0.061,-0.017,1.78,-8.82,0.73,0.000000,0.000000,1624.43
15.75,100255.59,45.86,89.42,9.68,-0.22,1.57,-0.011,-0.060,-0.016,1.78,-10.73,-1.08,0.000000,0.000000,1625.58
15.58,100229.45,45.86,91.61,9.68,-0.20,1.55,-0.011,-0.062,-0.019,1.78,-8.82,-1.54,0.000000,0.000000,1626.73
16.41,100358.63,45.86,80.77,9.69,-0.22,1.56,-0.011,-0.061,-0.017,1.78,-8.35,-1.99,0.000000,0.000000,1627.89
16.39,100360.12,45.86,80.64,9.69,-0.16,1.52,-0.011,-0.060,-0.013,3.79,-8.35,1.63,0.000000,0.000000,1629.04
17.00,100452.62,45.84,72.89,9.69,-0.20,1.58,-0.011,-0.062,-0.020,2.28,-8.35,2.09,0.000000,0.000000,1630.19
16.10,100308.50,45.84,84.98,9.70,-0.23,1.56,-0.010,-0.061,-0.018,2.28,-9.30,-0.18,0.000000,0.000000,1631.35
16.22,100327.63,45.84,83.37,9.71,-0.20,1.54,-0.011,-0.060,-0.014,1.78,-9.30,-0.18,0.000000,0.000000,1632.50
15.83,100265.15,45.83,88.62,9.71,-0.21,1.56,-0.011,-0.060,-0.014,1.78,-7.87,-1.99,0.000000,0.000000,1633.65
16.04,100302.84,45.83,85.45,9.69,-0.21,1.52,-0.012,-0.061,-0.018,1.78,-8.82,1.63,0.000000,0.000000,1634.81
16.29,100336.84,45.83,82.60,9.72,-0.24,1.54,-0.012,-0.060,-0.015,2.78,-7.87,0.73,0.000000,0.000000,1635.96
16.04,100303.06,45.82,85.43,9.69,-0.23,1.56,-0.011,-0.061,-0.016,2.78,-7.87,1.63,0.000000,0.000000,1637.11
15.88,100268.58,45.80,88.33,9.70,-0.22,1.56,-0.011,-0.060,-0.017,1.27,-9.30,1.18,0.000000,0.000000,1638.27
15.98,100291.34,45.80,86.42,9.71,-0.21,1.54,-0.011,-0.060,-0.016,1.78,-9.30,-0.18,0.000000,0.000000,1639.42
15.94,100280.25,45.79,87.35,9.69,-0.22,1.55,-0.011,-0.061,-0.015,1.78,-8.82,-0.18,0.000000,0.000000,1640.57
15.94,100279.58,45.81,87.40,9.70,-0.24,1.56,-0.010,-0.061,-0.018,2.78,-7.39,0.28,0.000000,0.000000,1641.72
16.34,100347.41,45.80,81.71,9.70,-0.23,1.53,-0.011,-0.061,-0.016,3.79,-8.35,2.09,0.000000,0.000000,1642.88
16.37,100346.05,45.81,81.82,9.71,-0.21,1.54,-0.011,-0.060,-0.015,2.78,-8.35,-0.18,0.000000,0.000000,1644.03
15.66,100240.89,45.79,90.65,9.70,-0.23,1.54,-0.011,-0.061,-0.017,1.27,-9.78,-0.18,0.000000,0.000000,1645.18
15.58,100222.92,45.75,92.16,9.68,-0.21,1.54,-0.011,-0.060,-0.017,1.78,-8.35,-0.63,0.000000,0.000000,1646.34
15.86,100270.23,45.76,88.19,9.69,-0.20,1.52,-0.011,-0.060,-0.016,1.27,-7.87,0.28,0.000000,0.000000,1647.49
15.97,100284.37,45.75,87.00,9.70,-0.21,1.54,-0.011,-0.061,-0.017,2.28,-7.87,1.63,0.000000,0.000000,1648.64
16.18,100316.96,45.76,84.27,9.70,-0.24,1.54,-0.011,-0.060,-0.017,1.78,-9.30,0.28,0.000000,0.000000,1649.79
16.61,100385.13,45.77,78.55,9.69,-0.23,1.54,-0.012,-0.061,-0.015,3.29,-8.35,-0.18,0.000000,0.000000,1650.95
16.26,100324.58,45.76,83.63,9.69,-0.21,1.51,-0.012,-0.061,-0.016,1.78,-9.30,0.73,0.000000,0.000000,1652.10
16.30,100337.34,45.74,82.56,9.69,-0.23,1.54,-0.011,-0.060,-0.018,1.78,-8.35,-1.08,0.000000,0.000000,1653.25
15.87,100265.54,45.74,88.58,9.70,-0.20,1.54,-0.011,-0.061,-0.016,1.27,-7.87,0.28,0.000000,0.000000,1654.40
16.18,100320.13,45.73,84.00,9.70,-0.20,1.57,-0.011,-0.062,-0.015,1.78,-7.87,1.18,0.000000,0.000000,1655.56
16.18,100316.22,45.73,84.33,9.69,-0.22,1.56,-0.012,-0.061,-0.017,2.28,-9.78,0.28,0.000000,0.000000,1656.71
16.37,100345.98,45.74,81.83,9.72,-0.22,1.54,-0.012,-0.061,-0.017,1.27,-10.25,-0.63,0.000000,0.000000,1657.87
16.24,100327.81,45.74,83.36,9.70,-0.21,1.53,-0.011,-0.060,-0.017,1.27,-9.78,-1.08,0.000000,0.000000,1659.02
16.57,100374.45,45.71,79.44,9.71,-0.22,1.55,-0.011,-0.061,-0.018,1.27,-8.35,-0.18,0.000000,0.000000,1660.17
15.87,100267.59,45.73,88.41,9.69,-0.21,1.55,-0.011,-0.061,-0.017,2.28,-7.87,1.63,0.000000,0.000000,1661.32
15.81,100257.86,45.70,89.23,9.70,-0.21,1.54,-0.013,-0.060,-0.014,3.29,-8.35,0.28,0.000000,0.000000,1662.48
15.85,100264.48,45.77,88.67,9.69,-0.21,1.55,-0.010,-0.060,-0.018,1.78,-8.82,-0.18,0.000000,0.000000,1663.63
15.88,100268.90,45.70,88.30,9.70,-0.23,1.55,-0.013,-0.061,-0.017,1.27,-9.78,-0.63,0.000000,0.000000,1664.78
16.48,100363.78,45.70,80.34,9.70,-0.21,1.53,-0.011,-0.061,-0.015,1.27,-7.87,-0.18,0.000000,0.000000,1665.94
16.55,100373.59,45.69,79.51,9.69,-0.22,1.58,-0.011,-0.061,-0.017,2.28,-7.39,-0.18,0.000000,0.000000,1667.09
15.97,100279.09,45.68,87.44,9.70,-0.21,1.55,-0.011,-0.062,-0.017,2.28,-8.82,2.54,0.000000,0.000000,1668.24
16.04,100293.14,45.68,86.27,9.69,-0.21,1.51,-0.012,-0.061,-0.016,2.28,-7.39,-0.18,0.000000,0.000000,1669.39
16.02,100285.20,45.70,86.93,9.69,-0.22,1.55,-0.011,-0.061,-0.017,1.27,-9.30,0.73,0.000000,0.000000,1670.55
15.91,100268.32,45.69,87.96,9.70,-0.23,1.56,-0.012,-0.061,-0.016,1.78,-8.35,-0.63,0.000000,0.000000,1671.70
16.02,100286.30,45.68,86.84,9.72,-0.20,1.53,-0.011,-0.060,-0.016,1.78,-7.87,-1.08,0.000000,0.000000,1672.85
16.54,100367.89,45.67,79.99,9.71,-0.23,1.54,-0.011,-0.062,-0.017,2.28,-7.87,0.73,0.000000,0.000000,1674.01
16.38,100343.70,45.67,82.02,9.71,-0.21,1.54,-0.011,-0.061,-0.017,1.78,-8.35,0.73,0.000000,0.000000,1675.16
16.19,100309.32,45.66,84.91,9.69,-0.20,1.52,-0.011,-0.061,-0.016,1.27,-9.30,1.18,0.000000,0.000000,1676.31
16.18,100315.70,45.66,84.37,9.70,-0.19,1.54,-0.011,-0.061,-0.017,1.78,-9.78,-1.08,0.000000,0.000000,1677.47
16.21,100316.63,45.67,84.29,9.71,-0.20,1.54,-0.011,-0.060,-0.016,1.78,-7.87,-1.54,0.000000,0.000000,1678.62
15.78,100263.34,45.64,89.93,9.70,-0.23,1.56,-0.011,-0.061,-0.016,2.28,-7.87,0.73,0.000000,0.000000,1679.77
16.33,100336.31,45.63,82.64,9.70,-0.21,1.55,-0.011,-0.062,-0.017,1.78,-7.87,2.99,0.000000,0.000000,1680.92
16.33,100333.80,45.63,82.85,9.70,-0.20,1.54,-0.013,-0.060,-0.016,1.27,-8.82,0.73,0.000000,0.000000,1682.08
16.35,100336.30,45.64,82.64,9.70,-0.20,1.52,-0.011,-0.061,-0.017,1.78,-8.82,0.28,0.000000,0.000000,1683.23
15.95,100272.13,45.63,88.03,9.68,-0.21,1.55,-0.011,-0.061,-0.016,1.78,-8.35,-0.63,0.000000,0.000000,1684.38
15.88,100263.91,45.61,88.72,9.70,-0.23,1.57,-0.011,-0.060,-0.017,2.28,-8.35,-1.08,0.000000,0.000000,1685.54
15.49,100197.30,45.60,94.31,9.68,-0.22,1.55,-0.012,-0.060,-0.017,2.78,-7.87,2.99,0.000000,0.000000,1686.69
15.53,100209.97,45.59,93.25,9.73,-0.21,1.54,-0.011,-0.060,-0.017,2.78,-7.87,0.28,0.000000,0.000000,1687.84
16.16,100305.94,45.59,85.19,9.71,-0.20,1.56,-0.011,-0.061,-0.017,1.27,-9.30,-0.18,0.000000,0.000000,1689.00
16.48,100355.16,45.58,81.06,9.69,-0.21,1.53,-0.011,-0.060,-0.017,1.78,-9.78,-0.18,0.000000,0.000000,1690.15
15.90,100263.41,45.58,88.76,9.68,-0.21,1.51,-0.012,-0.060,-0.017,1.27,-7.87,-1.99,0.000000,0.000000,1691.30
16.14,100301.63,45.58,85.55,9.70,-0.21,1.55,-0.011,-0.060,-0.017,2.28,-8.35,1.63,0.000000,0.000000,1692.45
15.90,100261.58,45.57,88.92,9.70,-0.22,1.56,-0.011,-0.060,-0.016,1.78,-8.35,0.28,0.000000,0.000000,1693.61
16.06,100289.36,45.57,86.58,9.69,-0.21,1.55,-0.011,-0.061,-0.016,2.78,-9.78,0.28,0.000000,0.000000,1694.76
16.47,100355.63,45.62,81.02,9.68,-0.23,1.55,-0.011,-0.060,-0.016,1.78,-9.30,0.73,0.000000,0.000000,1695.91
16.52,100360.66,45.57,80.60,9.69,-0.22,1.56,-0.011,-0.061,-0.017,1.78,-7.87,-0.18,0.000000,0.000000,1697.07
16.37,100332.55,45.55,82.96,9.71,-0.20,1.54,-0.011,-0.061,-0.016,1.78,-8.35,1.18,0.000000,0.000000,1698.22
16.23,100313.98,45.54,84.52,9.71,-0.21,1.57,-0.011,-0.060,-0.017,2.78,-8.35,1.18,0.000000,0.000000,1699.37
16.23,100312.83,45.52,84.61,9.69,-0.22,1.55,-0.011,-0.062,-0.017,1.27,-8.82,-0.18,0.000000,0.000000,1700.53
16.11,100297.41,45.52,85.91,9.71,-0.21,1.57,-0.011,-0.061,-0.016,2.28,-9.30,-0.63,0.000000,0.000000,1701.68
16.30,100324.40,45.51,83.64,9.69,-0.23,1.54,-0.011,-0.060,-0.017,2.28,-9.30,-0.63,0.000000,0.000000,1702.83
16.65,100382.58,45.47,78.60,9.69,-0.20,1.54,-0.011,-0.061,-0.017,1.78,-8.82,-2.89,0.000000,0.000000,1703.98
16.43,100345.70,45.50,81.85,9.69,-0.20,1.54,-0.011,-0.061,-0.016,1.78,-7.39,2.09,0.000000,0.000000,1705.14
15.75,100232.07,45.46,91.39,9.71,-0.22,1.55,-0.011,-0.061,-0.017,2.28,-8.35,0.28,0.000000,0.000000,1706.29
15.99,100274.59,45.48,87.82,9.71,-0.21,1.54,-0.010,-0.062,-0.016,1.78,-9.30,-0.18,0.000000,0.000000,1707.44
16.08,100287.80,45.48,86.71,9.71,-0.21,1.53,-0.011,-0.061,-0.017,1.78,-8.82,-0.18,0.000000,0.000000,1708.60
15.99,100275.17,45.48,87.77,9.69,-0.23,1.56,-0.012,-0.060,-0.017,2.28,-8.82,-1.08,0.000000,0.000000,1709.75
16.63,100372.86,45.48,79.58,9.68,-0.23,1.54,-0.011,-0.060,-0.017,3.29,-7.87,1.18,0.000000,0.000000,1710.90
16.56,100349.80,45.44,80.32,9.68,-0.22,1.52,-0.011,-0.061,-0.016,2.28,-8.82,1.18,0.000000,0.000000,1712.05
16.44,100340.52,45.46,82.29,9.67,-0.23,1.53,-0.011,-0.060,-0.016,1.27,-9.78,-1.08,0.000000,0.000000,1713.21
16.15,100295.84,45.44,86.04,9.69,-0.22,1.54,-0.012,-0.060,-0.017,1.27,-9.30,0.28,0.000000,0.000000,1714.36
16.04,100278.05,45.45,87.53,9.69,-0.21,1.54,-0.012,-0.060,-0.017,2.28,-7.87,-2.44,0.000000,0.000000,1715.51
16.16,100296.83,45.47,85.96,9.71,-0.20,1.53,-0.011,-0.060,-0.017,2.78,-7.87,1.63,0.000000,0.000000,1716.67
16.18,100304.87,45.45,85.28,9.68,-0.22,1.55,-0.011,-0.060,-0.016,2.78,-8.35,0.73,0.000000,0.000000,1717.82
16.28,100316.50,45.44,84.31,9.69,-0.20,1.53,-0.011,-0.061,-0.016,1.78,-8.82,-1.08,0.000000,0.000000,1718.97
16.32,100318.58,45.46,84.13,9.69,-0.24,1.54,-0.010,-0.060,-0.017,1.78,-8.82,-1.08,0.000000,0.000000,1720.13
16.14,100293.69,45.44,86.22,9.69,-0.21,1.56,-0.011,-0.060,-0.016,1.78,-8.35,-2.44,0.000000,0.000000,1721.28
16.31,100319.59,45.44,84.05,9.68,-0.22,1.50,-0.011,-0.060,-0.017,1.78,-7.87,2.09,0.000000,0.000000,1722.43
16.44,100345.61,45.44,81.86,9.70,-0.20,1.56,-0.011,-0.060,-0.017,2.78,-8.82,0.73,0.000000,0.000000,1723.58
16.16,100295.48,45.42,86.07,9.70,-0.21,1.54,-0.011,-0.061,-0.017,1.27,-9.30,0.28,0.000000,0.000000,1724.74
16.34,100327.37,45.44,83.39,9.68,-0.21,1.56,-0.011,-0.061,-0.017,1.27,-9.30,-1.08,0.000000,0.000000,1725.89
16.49,100348.07,45.42,81.66,9.70,-0.23,1.57,-0.011,-0.061,-0.016,1.78,-8.82,-1.08,0.000000,0.000000,1727.04
15.84,100239.25,45.40,90.79,9.70,-0.22,1.59,-0.012,-0.060,-0.017,2.28,-8.35,0.73,0.000000,0.000000,1728.19
15.84,100240.42,45.40,90.69,9.69,-0.20,1.54,-0.011,-0.061,-0.017,2.78,-8.35,1.18,0.000000,0.000000,1729.35
15.80,100235.66,45.43,91.09,9.70,-0.21,1.56,-0.012,-0.061,-0.017,1.78,-8.82,0.28,0.000000,0.000000,1730.50
15.86,100249.28,45.40,89.95,9.72,-0.21,1.55,-0.012,-0.060,-0.017,1.78,-10.73,-0.18,0.000000,0.000000,1731.66
15.93,100255.59,45.39,89.42,9.69,-0.20,1.55,-0.012,-0.060,-0.016,0.77,-8.35,-0.63,0.000000,0.000000,1732.81
16.04,100278.95,45.39,87.46,9.69,-0.23,1.57,-0.011,-0.060,-0.016,3.29,-7.39,1.18,0.000000,0.000000,1733.96
15.85,100244.46,45.38,90.35,9.68,-0.21,1.52,-0.011,-0.060,-0.017,0.77,-8.82,1.18,0.000000,0.000000,1735.11
16.23,100298.63,45.37,85.80,9.68,-0.22,1.56,-0.011,-0.062,-0.016,1.78,-10.73,0.73,0.000000,0.000000,1736.27
16.17,100295.37,45.37,86.08,9.69,-0.22,1.54,-0.010,-0.061,-0.016,1.78,-10.25,-1.08,0.000000,0.000000,1737.42
16.11,100282.20,45.37,87.18,9.69,-0.20,1.57,-0.012,-0.061,-0.017,1.78,-8.35,-0.18,0.000000,0.000000,1738.57
16.19,100298.71,45.37,85.80,9.68,-0.22,1.52,-0.012,-0.061,-0.016,3.29,-7.39,1.63,0.000000,0.000000,1739.72
16.78,100392.19,45.38,77.95,9.70,-0.21,1.54,-0.011,-0.061,-0.017,3.29,-7.87,0.28,0.000000,0.000000,1740.88
16.30,100315.64,45.39,84.38,9.69,-0.21,1.53,-0.012,-0.060,-0.017,1.27,-9.30,0.73,0.000000,0.000000,1742.03
16.66,100373.34,45.36,79.53,9.70,-0.22,1.56,-0.011,-0.061,-0.017,1.27,-7.87,1.18,0.000000,0.000000,1743.18
16.44,100333.16,45.36,82.91,9.69,-0.22,1.54,-0.013,-0.061,-0.016,2.28,-8.35,0.73,0.000000,0.000000,1744.34
16.37,100324.53,45.35,83.63,9.71,-0.21,1.56,-0.012,-0.061,-0.016,2.28,-8.35,0.73,0.000000,0.000000,1745.49
16.47,100340.09,45.35,82.32,9.70,-0.22,1.55,-0.011,-0.061,-0.017,2.28,-9.30,1.18,0.000000,0.000000,1746.64
16.26,100309.80,45.35,84.87,9.70,-0.21,1.57,-0.011,-0.061,-0.017,1.27,-10.25,0.73,0.000000,0.000000,1747.80
16.67,100371.30,45.35,79.71,9.70,-0.21,1.56,-0.011,-0.061,-0.016,0.77,-7.39,-2.89,0.000000,0.000000,1748.95
16.45,100337.64,45.35,82.53,9.71,-0.21,1.54,-0.011,-0.061,-0.017,2.28,-7.87,0.28,0.000000,0.000000,1750.10
16.33,100318.35,45.34,84.15,9.69,-0.22,1.52,-0.010,-0.061,-0.017,2.28,-8.35,0.73,0.000000,0.000000,1751.25
16.25,100300.48,45.34,85.65,9.71,-0.22,1.54,-0.011,-0.060,-0.016,2.28,-7.39,0.28,0.000000,0.000000,1752.41
16.15,100287.09,45.32,86.77,9.68,-0.22,1.53,-0.011,-0.060,-0.017,1.78,-9.78,-1.08,0.000000,0.000000,1753.56
16.36,100318.30,45.33,84.15,9.69,-0.20,1.56,-0.011,-0.060,-0.017,1.27,-7.39,-2.44,0.000000,0.000000,1754.71
16.50,100343.34,45.34,82.05,9.69,-0.22,1.55,-0.012,-0.060,-0.016,2.28,-7.39,1.63,0.000000,0.000000,1755.87
16.76,100384.04,45.33,78.64,9.69,-0.20,1.56,-0.012,-0.061,-0.016,1.78,-8.35,0.28,0.000000,0.000000,1757.02
16.51,100345.33,45.34,81.89,9.70,-0.22,1.55,-0.012,-0.059,-0.016,0.77,-7.87,0.73,0.000000,0.000000,1758.17
16.28,100306.98,45.33,85.10,9.73,-0.20,1.54,-0.011,-0.061,-0.017,2.28,-10.25,-1.54,0.000000,0.000000,1759.33
16.23,100296.95,45.32,85.95,9.72,-0.21,1.58,-0.012,-0.060,-0.017,1.27,-8.35,-1.08,0.000000,0.000000,1760.48
16.18,100290.58,45.30,86.48,9.69,-0.21,1.56,-0.011,-0.060,-0.015,2.78,-8.35,1.18,0.000000,0.000000,1761.63
16.27,100302.25,45.30,85.50,9.69,-0.22,1.55,-0.011,-0.060,-0.017,2.28,-7.39,0.73,0.000000,0.000000,1762.78
16.53,100346.84,45.34,81.76,9.70,-0.20,1.56,-0.012,-0.062,-0.017,1.27,-9.30,1.18,0.000000,0.000000,1763.94
16.50,100338.27,45.29,82.48,9.68,-0.21,1.55,-0.011,-0.060,-0.016,1.78,-9.78,0.28,0.000000,0.000000,1765.09
16.75,100331.13,45.27,78.81,9.69,-0.21,1.56,-0.011,-0.060,-0.016,1.78,-8.35,-1.99,0.000000,0.000000,1766.24
16.50,100338.44,45.28,82.46,9.69,-0.20,1.53,-0.011,-0.061,-0.016,2.78,-7.39,1.18,0.000000,0.000000,1767.40
16.25,100299.31,45.27,85.75,9.70,-0.21,1.55,-0.011,-0.061,-0.017,3.29,-7.39,0.28,0.000000,0.000000,1768.55
16.17,100288.19,45.28,86.68,9.70,-0.22,1.54,-0.011,-0.060,-0.017,1.78,-9.30,0.73,0.000000,0.000000,1769.70
15.89,100240.49,45.26,90.69,9.70,-0.20,1.54,-0.011,-0.060,-0.016,1.78,-10.25,0.28,0.000000,0.000000,1770.86
16.36,100320.88,45.27,83.94,9.70,-0.20,1.55,-0.011,-0.060,-0.017,1.78,-8.82,-1.54,0.000000,0.000000,1772.01
16.36,100317.22,45.25,84.24,9.70,-0.23,1.57,-0.013,-0.060,-0.017,3.29,-7.39,1.18,0.000000,0.000000,1773.16
16.24,100346.13,45.28,86.06,9.72,-0.22,1.55,-0.011,-0.060,-0.016,2.28,-8.82,1.18,0.000000,0.000000,1774.31
16.19,100291.55,45.26,86.40,9.70,-0.22,1.57,-0.011,-0.059,-0.017,1.78,-8.82,1.18,0.000000,0.000000,1775.47
16.30,100306.45,45.24,85.15,9.69,-0.21,1.56,-0.012,-0.060,-0.016,1.78,-8.35,-0.63,0.000000,0.000000,1776.62
15.67,100208.10,45.23,93.41,9.71,-0.21,1.55,-0.011,-0.060,-0.016,2.28,-8.35,1.18,0.000000,0.000000,1777.77
16.63,100359.09,45.25,80.73,9.69,-0.22,1.53,-0.011,-0.060,-0.016,1.78,-8.82,0.73,0.000000,0.000000,1778.93
16.73,100378.62,45.25,79.09,9.70,-0.20,1.54,-0.011,-0.060,-0.016,2.28,-9.78,0.73,0.000000,0.000000,1780.08
16.69,100365.24,45.22,80.21,9.69,-0.24,1.58,-0.012,-0.061,-0.016,1.27,-8.35,-0.18,0.000000,0.000000,1781.23
16.21,100273.78,45.20,86.89,9.71,-0.21,1.54,-0.011,-0.061,-0.017,2.28,-8.82,-1.08,0.000000,0.000000,1782.39
16.18,100286.67,45.21,86.81,9.71,-0.20,1.54,-0.012,-0.060,-0.016,2.78,-7.87,1.63,0.000000,0.000000,1783.54
16.25,100296.07,45.21,86.02,9.69,-0.23,1.57,-0.011,-0.061,-0.017,1.27,-8.35,1.63,0.000000,0.000000,1784.69
16.14,100281.59,45.20,87.24,9.69,-0.21,1.54,-0.011,-0.060,-0.016,2.78,-9.30,1.18,0.000000,0.000000,1785.84
16.40,100317.27,45.21,84.24,9.70,-0.22,1.57,-0.011,-0.059,-0.016,1.78,-10.25,0.28,0.000000,0.000000,1787.00
16.35,100311.91,45.20,84.69,9.70,-0.21,1.53,-0.011,-0.060,-0.017,1.78,-9.30,-0.63,0.000000,0.000000,1788.15
16.15,100278.58,45.18,87.49,9.71,-0.20,1.56,-0.011,-0.061,-0.017,2.28,-8.35,1.18,0.000000,0.000000,1789.30
16.09,100273.06,45.24,87.95,9.69,-0.22,1.52,-0.011,-0.060,-0.016,2.28,-8.82,0.73,0.000000,0.000000,1790.46
16.09,100268.39,45.18,88.34,9.70,-0.23,1.54,-0.011,-0.061,-0.016,2.28,-9.78,-0.18,0.000000,0.000000,1791.61
16.32,100303.69,45.19,85.38,9.69,-0.21,1.56,-0.011,-0.061,-0.017,1.78,-9.78,-0.63,0.000000,0.000000,1792.76
16.41,100322.39,45.17,83.81,9.68,-0.22,1.54,-0.011,-0.060,-0.016,1.78,-7.87,-1.54,0.000000,0.000000,1793.92
16.32,100302.09,45.18,85.51,9.71,-0.21,1.55,-0.012,-0.061,-0.016,2.28,-7.87,2.09,0.000000,0.000000,1795.07
16.29,100303.88,45.16,85.36,9.69,-0.21,1.54,-0.011,-0.060,-0.017,3.29,-8.82,0.28,0.000000,0.000000,1796.22
16.01,100253.94,45.14,89.56,9.70,-0.20,1.55,-0.012,-0.061,-0.017,1.27,-8.82,-0.18,0.000000,0.000000,1797.37
15.97,100252.21,45.14,89.70,9.72,-0.21,1.53,-0.012,-0.061,-0.016,1.78,-9.78,-0.18,0.000000,0.000000,1798.53
16.52,100335.09,45.16,82.74,9.71,-0.20,1.53,-0.011,-0.061,-0.017,1.78,-8.35,-2.89,0.000000,0.000000,1799.68
16.85,100385.80,45.18,78.49,9.72,-0.22,1.58,-0.012,-0.060,-0.016,1.78,-7.39,1.18,0.000000,0.000000,1800.83
16.79,100381.69,45.16,78.83,9.70,-0.20,1.57,-0.012,-0.061,-0.017,2.28,-8.82,0.28,0.000000,0.000000,1801.99
16.89,100393.27,45.16,77.86,9.68,-0.23,1.56,-0.011,-0.062,-0.017,1.78,-10.25,0.73,0.000000,0.000000,1803.14
16.63,100351.48,45.14,81.37,9.71,-0.21,1.55,-0.012,-0.061,-0.017,1.27,-8.35,-1.08,0.000000,0.000000,1804.29
16.40,100315.08,45.16,84.42,9.70,-0.22,1.53,-0.012,-0.061,-0.017,1.78,-6.92,1.18,0.000000,0.000000,1805.44
16.09,100271.05,45.15,88.12,9.70,-0.23,1.58,-0.011,-0.060,-0.017,2.28,-9.30,0.73,0.000000,0.000000,1806.60
16.06,100262.06,45.13,88.88,9.69,-0.23,1.56,-0.012,-0.060,-0.017,1.78,-8.35,-0.63,0.000000,0.000000,1807.75
16.57,100336.88,45.12,82.59,9.69,-0.21,1.53,-0.012,-0.061,-0.016,1.27,-10.73,-1.08,0.000000,0.000000,1808.91
16.91,100396.45,45.13,77.60,9.69,-0.21,1.55,-0.011,-0.060,-0.017,0.77,-7.87,-1.08,0.000000,0.000000,1810.06
16.80,100375.38,45.11,79.36,9.70,-0.21,1.54,-0.012,-0.060,-0.016,1.78,-7.87,1.18,0.000000,0.000000,1811.21
16.66,100356.06,45.12,80.98,9.70,-0.21,1.59,-0.011,-0.060,-0.016,1.27,-9.30,1.63,0.000000,0.000000,1812.36
16.39,100309.42,45.10,84.90,9.69,-0.23,1.55,-0.011,-0.061,-0.017,2.28,-9.78,0.28,0.000000,0.000000,1813.51
16.55,100333.18,45.11,82.60,9.71,-0.21,1.57,-0.012,-0.061,-0.017,1.78,-8.35,0.28,0.000000,0.000000,1814.67
16.39,100310.27,45.13,84.83,9.69,-0.21,1.53,-0.012,-0.060,-0.017,3.29,-7.87,0.28,0.000000,0.000000,1815.82
16.29,100290.34,45.08,86.50,9.70,-0.22,1.57,-0.011,-0.061,-0.017,2.78,-8.35,1.18,0.000000,0.000000,1816.97
16.46,100324.50,45.09,83.63,9.68,-0.21,1.55,-0.010,-0.061,-0.017,2.28,-9.78,1.18,0.000000,0.000000,1818.13
16.52,100329.66,45.09,83.20,9.68,-0.20,1.53,-0.012,-0.060,-0.017,2.28,-8.82,-0.63,0.000000,0.000000,1819.28
16.42,100314.27,45.08,84.49,9.69,-0.21,1.58,-0.011,-0.061,-0.017,1.27,-8.82,0.28,0.000000,0.000000,1820.43
16.62,100344.41,45.07,81.96,9.69,-0.20,1.53,-0.011,-0.062,-0.016,2.28,-7.87,1.18,0.000000,0.000000,1821.59
16.66,100349.78,45.10,80.94,9.69,-0.21,1.55,-0.011,-0.061,-0.017,1.78,-9.30,1.63,0.000000,0.000000,1822.74
16.85,100381.42,45.08,78.86,9.69,-0.21,1.54,-0.011,-0.061,-0.016,1.78,-9.30,-1.08,0.000000,0.000000,1823.89
16.77,100365.55,45.07,80.19,9.69,-0.21,1.56,-0.011,-0.061,-0.017,2.28,-8.82,-0.18,0.000000,0.000000,1825.05
16.85,100381.86,45.08,78.82,9.71,-0.20,1.55,-0.011,-0.061,-0.017,2.78,-7.87,0.28,0.000000,0.000000,1826.20
16.42,100311.23,45.04,84.75,9.68,-0.20,1.54,-0.011,-0.061,-0.017,2.28,-7.87,1.18,0.000000,0.000000,1827.35
16.35,100302.55,45.06,85.48,9.71,-0.23,1.56,-0.011,-0.061,-0.015,2.28,-8.35,0.28,0.000000,0.000000,1828.50
16.29,100291.08,45.03,86.44,9.69,-0.22,1.57,-0.011,-0.060,-0.016,1.78,-9.78,-0.18,0.000000,0.000000,1829.66
16.40,100376.06,45.08,84.98,9.70,-0.20,1.54,-0.011,-0.060,-0.016,1.27,-8.35,-0.63,0.000000,0.000000,1830.81
16.82,100374.73,45.05,79.42,9.68,-0.21,1.56,-0.012,-0.061,-0.017,2.78,-7.87,1.18,0.000000,0.000000,1831.96
16.87,100380.37,45.03,78.95,9.68,-0.20,1.56,-0.011,-0.060,-0.017,1.78,-8.35,0.28,0.000000,0.000000,1833.12
16.62,100342.50,45.03,82.12,9.70,-0.21,1.53,-0.012,-0.059,-0.016,1.78,-9.78,0.28,0.000000,0.000000,1834.27
16.52,100326.75,45.05,83.44,9.71,-0.22,1.51,-0.011,-0.060,-0.016,1.78,-11.21,0.28,0.000000,0.000000,1835.42
15.93,100236.05,45.02,91.06,9.67,-0.22,1.54,-0.011,-0.061,-0.017,1.78,-7.87,-0.18,0.000000,0.000000,1836.58
16.50,100325.63,45.02,83.54,9.71,-0.20,1.57,-0.012,-0.061,-0.017,2.28,-6.92,1.63,0.000000,0.000000,1837.73
16.37,100350.98,44.97,85.41,9.69,-0.23,1.52,-0.012,-0.060,-0.016,1.78,-7.87,-0.18,0.000000,0.000000,1838.88
16.92,100389.14,45.02,78.21,9.69,-0.21,1.51,-0.011,-0.061,-0.016,1.27,-7.87,-0.63,0.000000,0.000000,1840.03
16.72,100351.41,45.01,81.38,9.69,-0.22,1.53,-0.012,-0.059,-0.016,1.27,-8.35,-1.54,0.000000,0.000000,1841.19
16.22,100277.30,44.99,87.60,9.69,-0.22,1.58,-0.011,-0.061,-0.017,2.78,-8.82,1.18,0.000000,0.000000,1842.34
16.44,100310.95,44.99,84.77,9.69,-0.21,1.50,-0.011,-0.062,-0.016,2.78,-7.87,0.73,0.000000,0.000000,1843.49
16.28,100288.38,44.99,86.67,9.72,-0.22,1.55,-0.011,-0.060,-0.017,1.78,-8.35,0.28,0.000000,0.000000,1844.64
16.57,100332.09,44.99,83.00,9.70,-0.22,1.54,-0.011,-0.061,-0.017,0.77,-9.30,-0.18,0.000000,0.000000,1845.80
16.86,100381.92,44.97,79.40,9.70,-0.22,1.55,-0.011,-0.060,-0.016,1.78,-8.35,0.73,0.000000,0.000000,1846.95
16.87,100380.78,45.00,78.91,9.69,-0.21,1.56,-0.011,-0.062,-0.017,2.28,-7.39,1.63,0.000000,0.000000,1848.10
16.40,100302.58,44.97,85.47,9.70,-0.23,1.54,-0.011,-0.059,-0.016,1.78,-8.82,1.63,0.000000,0.000000,1849.26
16.36,100297.33,44.97,85.91,9.71,-0.21,1.57,-0.011,-0.061,-0.017,2.28,-8.82,0.73,0.000000,0.000000,1850.41
16.51,100317.50,44.96,84.22,9.69,-0.21,1.55,-0.012,-0.061,-0.016,2.28,-8.35,-0.18,0.000000,0.000000,1851.56
16.28,100288.36,44.99,86.67,9.70,-0.22,1.55,-0.013,-0.061,-0.016,1.78,-7.87,1.18,0.000000,0.000000,1852.72
16.80,100368.79,44.96,79.92,9.72,-0.20,1.53,-0.012,-0.061,-0.016,1.27,-8.82,0.73,0.000000,0.000000,1853.87
16.73,100358.73,45.04,80.78,9.72,-0.21,1.56,-0.012,-0.060,-0.017,1.78,-9.30,1.18,0.000000,0.000000,1855.02
16.78,100364.09,44.97,80.31,9.70,-0.22,1.52,-0.012,-0.060,-0.017,1.78,-8.35,-1.54,0.000000,0.000000,1856.18
16.63,100335.25,44.96,82.73,9.69,-0.22,1.54,-0.011,-0.060,-0.017,2.28,-7.87,-1.08,0.000000,0.000000,1857.33
16.67,100345.41,44.96,81.88,9.71,-0.20,1.55,-0.011,-0.061,-0.017,2.78,-8.35,1.18,0.000000,0.000000,1858.48
16.25,100276.89,44.95,87.63,9.71,-0.21,1.54,-0.011,-0.061,-0.017,1.78,-8.35,1.18,0.000000,0.000000,1859.63
16.42,100307.34,44.94,85.07,9.70,-0.21,1.54,-0.012,-0.060,-0.017,1.27,-9.78,0.73,0.000000,0.000000,1860.79
16.83,100368.89,44.96,79.91,9.71,-0.22,1.56,-0.011,-0.061,-0.017,1.78,-8.82,0.28,0.000000,0.000000,1861.94
16.94,100381.29,44.97,78.52,9.70,-0.21,1.57,-0.012,-0.060,-0.017,1.78,-8.35,1.63,0.000000,0.000000,1863.09
16.72,100351.83,44.94,81.34,9.68,-0.20,1.54,-0.012,-0.060,-0.017,2.28,-8.82,1.18,0.000000,0.000000,1864.25
16.47,100307.78,44.94,85.04,9.71,-0.21,1.55,-0.012,-0.060,-0.017,3.29,-9.78,-0.63,0.000000,0.000000,1865.40
16.68,100346.23,44.96,81.81,9.69,-0.24,1.56,-0.011,-0.061,-0.016,1.78,-9.78,-1.99,0.000000,0.000000,1866.55
16.63,100336.76,44.93,82.61,9.70,-0.21,1.54,-0.012,-0.060,-0.016,1.27,-7.87,1.18,0.000000,0.000000,1867.71
16.42,100306.08,44.92,85.18,9.71,-0.21,1.53,-0.012,-0.061,-0.016,1.78,-7.39,1.63,0.000000,0.000000,1868.86
16.89,100376.63,44.94,79.26,9.71,-0.21,1.53,-0.012,-0.060,-0.016,3.79,-8.82,1.63,0.000000,0.000000,1870.01
16.66,100381.45,44.94,78.85,9.69,-0.23,1.54,-0.011,-0.060,-0.017,1.78,-8.35,-0.18,0.000000,0.000000,1871.16
16.27,100277.97,44.91,87.54,9.69,-0.20,1.55,-0.011,-0.060,-0.017,1.78,-8.35,-0.63,0.000000,0.000000,1872.32
16.47,100307.78,44.92,85.04,9.70,-0.20,1.57,-0.012,-0.060,-0.017,1.78,-7.87,2.09,0.000000,0.000000,1873.47
16.37,100295.86,44.92,86.04,9.69,-0.20,1.58,-0.011,-0.061,-0.016,2.28,-8.35,0.73,0.000000,0.000000,1874.62
16.34,100285.77,44.90,86.88,9.69,-0.22,1.56,-0.011,-0.061,-0.017,2.78,-9.30,0.28,0.000000,0.000000,1875.78
16.88,100377.77,44.92,79.16,9.69,-0.21,1.54,-0.012,-0.060,-0.017,2.28,-10.25,-0.18,0.000000,0.000000,1876.93
16.82,100365.45,44.91,80.20,9.72,-0.21,1.56,-0.012,-0.061,-0.017,1.27,-8.82,-2.44,0.000000,0.000000,1878.08
16.80,100307.98,44.92,80.86,9.69,-0.21,1.53,-0.011,-0.060,-0.016,2.28,-7.87,1.63,0.000000,0.000000,1879.23
16.50,100311.62,44.90,84.72,9.71,-0.22,1.55,-0.012,-0.060,-0.017,1.78,-9.30,0.73,0.000000,0.000000,1880.39
16.69,100342.95,44.90,82.09,9.72,-0.23,1.57,-0.011,-0.060,-0.017,1.27,-9.30,-1.08,0.000000,0.000000,1881.54
16.68,100343.73,44.90,82.02,9.70,-0.21,1.54,-0.012,-0.060,-0.016,1.27,-8.35,-2.89,0.000000,0.000000,1882.69
17.05,100400.04,44.89,77.30,9.69,-0.21,1.53,-0.012,-0.060,-0.017,1.78,-7.39,1.18,0.000000,0.000000,1883.85
16.77,100357.00,44.89,80.91,9.70,-0.21,1.57,-0.012,-0.062,-0.016,3.29,-8.35,0.73,0.000000,0.000000,1885.00
16.83,100362.38,44.89,80.45,9.69,-0.22,1.54,-0.011,-0.060,-0.017,0.77,-9.78,0.73,0.000000,0.000000,1886.15
16.67,100344.10,44.83,82.45,9.70,-0.21,1.55,-0.011,-0.060,-0.017,2.28,-10.25,0.28,0.000000,0.000000,1887.31
16.68,100341.04,44.87,82.25,9.69,-0.20,1.54,-0.011,-0.062,-0.017,2.28,-8.35,0.73,0.000000,0.000000,1888.46
16.69,100343.36,44.88,82.05,9.71,-0.19,1.56,-0.012,-0.060,-0.016,2.78,-7.87,0.73,0.000000,0.000000,1889.61
16.58,100324.64,44.87,83.62,9.69,-0.21,1.54,-0.011,-0.060,-0.017,1.27,-8.82,0.73,0.000000,0.000000,1890.76
16.92,100378.28,44.88,79.12,9.70,-0.22,1.57,-0.012,-0.060,-0.015,1.78,-10.25,0.28,0.000000,0.000000,1891.92
16.92,100381.70,44.85,78.83,9.69,-0.23,1.55,-0.011,-0.060,-0.017,1.78,-8.35,-0.18,0.000000,0.000000,1893.07
17.07,100402.00,44.86,77.13,9.71,-0.21,1.55,-0.011,-0.061,-0.017,2.78,-8.35,-0.18,0.000000,0.000000,1894.22
16.07,100240.66,44.80,90.32,9.70,-0.23,1.57,-0.011,-0.060,-0.017,1.78,-8.35,0.73,0.000000,0.000000,1895.38
16.26,100272.52,44.85,88.00,9.69,-0.21,1.54,-0.011,-0.061,-0.017,1.27,-8.35,-0.18,0.000000,0.000000,1896.53
16.71,100341.39,44.84,82.22,9.71,-0.22,1.59,-0.010,-0.061,-0.016,1.27,-8.35,0.28,0.000000,0.000000,1897.68
16.85,100365.81,44.85,80.17,9.70,-0.22,1.57,-0.012,-0.060,-0.017,1.78,-7.87,0.28,0.000000,0.000000,1898.83
16.91,100374.06,44.85,79.47,9.70,-0.19,1.53,-0.012,-0.061,-0.017,2.28,-8.82,-0.18,0.000000,0.000000,1899.99
16.24,100268.38,44.83,88.34,9.70,-0.22,1.55,-0.012,-0.061,-0.018,1.27,-9.30,0.73,0.000000,0.000000,1901.14
16.13,100246.16,44.81,90.21,9.70,-0.21,1.54,-0.011,-0.060,-0.017,2.28,-9.78,0.28,0.000000,0.000000,1902.29
16.22,100267.77,44.80,88.40,9.69,-0.22,1.55,-0.011,-0.061,-0.017,1.78,-7.87,-1.54,0.000000,0.000000,1903.45
16.57,100319.65,44.81,84.04,9.69,-0.22,1.57,-0.011,-0.061,-0.017,2.78,-6.92,0.73,0.000000,0.000000,1904.60
16.72,100342.30,44.82,82.14,9.71,-0.23,1.54,-0.011,-0.061,-0.016,1.78,-9.78,2.54,0.000000,0.000000,1905.75
17.02,100392.95,44.82,77.89,9.71,-0.22,1.55,-0.012,-0.060,-0.016,1.78,-9.30,0.73,0.000000,0.000000,1906.91
16.72,100342.13,44.81,82.15,9.71,-0.21,1.54,-0.011,-0.061,-0.017,1.27,-8.35,-1.08,0.000000,0.000000,1908.06
16.84,100363.16,44.83,80.39,9.71,-0.21,1.56,-0.011,-0.060,-0.017,2.78,-7.87,2.09,0.000000,0.000000,1909.21
16.57,100317.98,44.80,84.18,9.70,-0.22,1.54,-0.011,-0.061,-0.017,1.27,-7.87,1.63,0.000000,0.000000,1910.36
16.46,100301.55,44.80,85.56,9.69,-0.22,1.54,-0.012,-0.061,-0.016,1.78,-9.78,-0.63,0.000000,0.000000,1911.52
16.49,100304.55,44.80,85.31,9.70,-0.22,1.55,-0.012,-0.061,-0.017,1.78,-8.35,-1.08,0.000000,0.000000,1912.67
17.11,100404.59,44.79,76.91,9.69,-0.21,1.56,-0.012,-0.059,-0.017,2.28,-7.87,1.63,0.000000,0.000000,1913.82
17.07,100399.50,44.79,77.34,9.70,-0.20,1.53,-0.011,-0.060,-0.017,2.28,-7.39,0.73,0.000000,0.000000,1914.98
17.17,100410.56,44.78,76.41,9.68,-0.21,1.52,-0.012,-0.060,-0.017,1.78,-10.25,-0.18,0.000000,0.000000,1916.13
16.62,100325.53,44.78,83.55,9.69,-0.21,1.55,-0.011,-0.060,-0.016,2.28,-9.30,0.28,0.000000,0.000000,1917.28
16.42,100292.31,44.76,86.34,9.69,-0.23,1.54,-0.012,-0.061,-0.017,1.78,-8.35,-0.63,0.000000,0.000000,1918.44
16.53,100312.67,44.77,84.63,9.68,-0.22,1.56,-0.011,-0.060,-0.017,2.28,-8.82,1.63,0.000000,0.000000,1919.59
16.49,100304.22,44.77,85.34,9.71,-0.19,1.55,-0.012,-0.060,-0.016,2.28,-8.82,0.28,0.000000,0.000000,1920.74
16.50,100305.92,44.74,85.19,9.69,-0.20,1.54,-0.011,-0.060,-0.017,1.78,-8.35,-1.54,0.000000,0.000000,1921.89
16.37,100285.67,44.74,86.89,9.71,-0.20,1.57,-0.011,-0.060,-0.016,1.27,-7.87,-0.18,0.000000,0.000000,1923.05
16.21,100255.47,44.75,89.43,9.71,-0.22,1.57,-0.012,-0.060,-0.017,2.28,-7.87,0.73,0.000000,0.000000,1924.20
16.16,100251.41,44.73,89.77,9.69,-0.24,1.56,-0.011,-0.062,-0.017,3.29,-8.35,0.28,0.000000,0.000000,1925.35
16.19,100256.97,44.73,89.30,9.69,-0.23,1.57,-0.011,-0.061,-0.017,2.28,-10.73,1.18,0.000000,0.000000,1926.51
16.54,100315.49,44.73,84.39,9.69,-0.23,1.59,-0.011,-0.060,-0.016,1.78,-9.30,-0.63,0.000000,0.000000,1927.66
16.70,100335.63,44.73,82.70,9.70,-0.21,1.53,-0.011,-0.059,-0.016,2.28,-8.82,1.18,0.000000,0.000000,1928.81
16.82,100357.53,44.70,80.86,9.73,-0.23,1.56,-0.011,-0.060,-0.016,2.78,-8.35,1.18,0.000000,0.000000,1929.96
16.77,100345.21,44.72,81.90,9.69,-0.21,1.53,-0.011,-0.060,-0.017,2.78,-9.78,0.28,0.000000,0.000000,1931.12
16.53,100303.47,44.72,85.40,9.69,-0.22,1.56,-0.013,-0.061,-0.017,0.77,-10.25,-0.63,0.000000,0.000000,1932.27
16.68,100334.03,44.71,82.83,9.72,-0.22,1.55,-0.012,-0.060,-0.016,2.28,-7.87,0.28,0.000000,0.000000,1933.42
16.73,100337.77,44.70,82.52,9.70,-0.22,1.54,-0.013,-0.061,-0.017,2.28,-7.39,1.18,0.000000,0.000000,1934.58
16.71,100336.35,44.71,82.64,9.69,-0.21,1.56,-0.011,-0.061,-0.016,2.28,-9.78,2.99,0.000000,0.000000,1935.73
17.00,100383.63,44.71,78.67,9.69,-0.21,1.56,-0.012,-0.060,-0.017,1.27,-10.73,2.09,0.000000,0.000000,1936.88
16.87,100364.88,44.73,80.25,9.70,-0.23,1.57,-0.011,-0.060,-0.016,1.27,-7.87,-1.08,0.000000,0.000000,1938.04
16.95,100371.75,44.69,79.67,9.69,-0.21,1.57,-0.011,-0.061,-0.016,2.78,-7.39,2.09,0.000000,0.000000,1939.19
16.53,100307.23,44.68,85.08,9.70,-0.20,1.55,-0.012,-0.060,-0.016,2.28,-8.82,0.73,0.000000,0.000000,1940.34
16.61,100319.45,44.69,84.06,9.70,-0.22,1.54,-0.012,-0.059,-0.017,1.27,-9.30,-0.18,0.000000,0.000000,1941.50
16.54,100307.30,44.67,85.08,9.69,-0.22,1.57,-0.012,-0.060,-0.016,1.78,-7.87,-0.63,0.000000,0.000000,1942.65
16.65,100327.38,44.69,83.39,9.70,-0.22,1.54,-0.012,-0.060,-0.016,1.78,-7.39,1.63,0.000000,0.000000,1943.80
16.50,100296.68,44.67,85.97,9.69,-0.22,1.55,-0.011,-0.060,-0.016,1.78,-7.87,-0.18,0.000000,0.000000,1944.95
16.97,100377.98,44.65,79.15,9.71,-0.23,1.55,-0.010,-0.060,-0.016,1.78,-7.87,-0.63,0.000000,0.000000,1946.11
16.73,100333.17,44.68,82.91,9.70,-0.21,1.57,-0.012,-0.060,-0.017,1.78,-8.35,-0.18,0.000000,0.000000,1947.26
16.85,100353.76,44.66,81.18,9.70,-0.20,1.56,-0.011,-0.060,-0.016,1.27,-7.39,1.18,0.000000,0.000000,1948.41
16.60,100318.75,44.67,84.12,9.68,-0.21,1.53,-0.012,-0.059,-0.016,1.78,-8.82,0.73,0.000000,0.000000,1949.57
16.66,100322.06,44.66,83.84,9.69,-0.23,1.57,-0.011,-0.061,-0.017,1.78,-9.78,-0.63,0.000000,0.000000,1950.72
16.82,100350.19,44.66,81.48,9.70,-0.23,1.55,-0.011,-0.060,-0.017,1.78,-10.73,-1.54,0.000000,0.000000,1951.87
17.04,100381.09,44.66,78.89,9.70,-0.21,1.55,-0.011,-0.062,-0.016,1.78,-8.35,-1.08,0.000000,0.000000,1953.03
16.92,100362.48,44.66,79.97,9.70,-0.22,1.54,-0.010,-0.061,-0.017,2.78,-7.87,2.09,0.000000,0.000000,1954.18
16.82,100349.91,44.64,81.50,9.70,-0.22,1.54,-0.013,-0.061,-0.017,1.78,-8.35,0.28,0.000000,0.000000,1955.33
16.66,100323.72,44.63,83.70,9.70,-0.21,1.55,-0.012,-0.060,-0.017,1.78,-11.68,-1.08,0.000000,0.000000,1956.49
16.90,100359.20,44.66,80.72,9.69,-0.23,1.56,-0.012,-0.061,-0.017,1.78,-7.87,-1.08,0.000000,0.000000,1957.64
16.90,100357.70,44.64,80.85,9.69,-0.22,1.55,-0.012,-0.061,-0.017,1.78,-7.87,1.63,0.000000,0.000000,1958.79
17.19,100409.13,44.64,76.53,9.69,-0.21,1.52,-0.011,-0.061,-0.017,2.78,-9.30,0.28,0.000000,0.000000,1959.94
17.08,100389.59,44.63,78.17,9.71,-0.21,1.54,-0.011,-0.061,-0.016,1.78,-8.82,0.28,0.000000,0.000000,1961.10
17.09,100313.79,44.61,77.96,9.69,-0.24,1.55,-0.013,-0.060,-0.016,0.77,-7.39,1.18,0.000000,0.000000,1962.25
16.69,100325.50,44.61,83.55,9.70,-0.22,1.57,-0.012,-0.060,-0.017,2.28,-7.87,1.18,0.000000,0.000000,1963.40
16.61,100310.94,44.60,84.77,9.71,-0.21,1.54,-0.012,-0.060,-0.016,3.29,-9.30,0.28,0.000000,0.000000,1964.55
16.71,100325.84,44.61,83.52,9.69,-0.20,1.53,-0.012,-0.060,-0.016,1.78,-9.30,2.09,0.000000,0.000000,1965.71
17.02,100375.47,44.61,79.36,9.70,-0.20,1.54,-0.012,-0.060,-0.016,1.78,-7.87,2.09,0.000000,0.000000,1966.86
16.91,100361.44,44.60,80.53,9.72,-0.21,1.52,-0.011,-0.060,-0.015,1.78,-7.87,1.18,0.000000,0.000000,1968.01
17.19,100398.02,44.62,77.46,9.70,-0.22,1.55,-0.012,-0.061,-0.016,2.78,-8.35,1.63,0.000000,0.000000,1969.17
16.70,100317.59,44.55,83.41,9.68,-0.22,1.55,-0.011,-0.060,-0.016,1.78,-8.82,0.28,0.000000,0.000000,1970.32
16.91,100356.41,44.59,80.96,9.68,-0.21,1.54,-0.012,-0.061,-0.017,1.78,-9.30,-1.08,0.000000,0.000000,1971.47
16.65,100318.27,44.58,84.16,9.70,-0.21,1.54,-0.010,-0.060,-0.017,2.28,-7.87,2.09,0.000000,0.000000,1972.63
16.50,100294.23,44.58,86.17,9.71,-0.21,1.56,-0.012,-0.061,-0.017,3.79,-8.82,0.28,0.000000,0.000000,1973.78
17.03,100374.19,44.57,79.46,9.69,-0.20,1.55,-0.011,-0.060,-0.017,1.78,-9.30,0.28,0.000000,0.000000,1974.93
16.88,100356.52,44.58,80.95,9.70,-0.21,1.55,-0.013,-0.061,-0.017,1.78,-9.30,0.73,0.000000,0.000000,1976.08
16.86,100345.14,44.56,81.90,9.70,-0.22,1.56,-0.011,-0.061,-0.017,1.27,-7.39,0.73,0.000000,0.000000,1977.24
16.69,100323.08,44.58,83.75,9.69,-0.22,1.56,-0.011,-0.061,-0.016,1.27,-8.82,1.63,0.000000,0.000000,1978.39
16.54,100302.30,44.55,85.50,9.69,-0.21,1.55,-0.010,-0.060,-0.015,0.77,-10.25,1.63,0.000000,0.000000,1979.54
16.57,100297.09,44.58,85.93,9.70,-0.21,1.56,-0.011,-0.060,-0.016,1.78,-8.35,-0.18,0.000000,0.000000,1980.70
16.81,100341.44,44.57,82.21,9.70,-0.23,1.59,-0.011,-0.061,-0.017,2.28,-7.39,0.28,0.000000,0.000000,1981.85
16.94,100358.92,44.56,80.74,9.68,-0.19,1.56,-0.013,-0.060,-0.017,2.28,-8.35,1.63,0.000000,0.000000,1983.00
16.64,100315.30,44.54,84.41,9.69,-0.21,1.55,-0.012,-0.061,-0.016,1.27,-9.30,0.73,0.000000,0.000000,1984.15
16.93,100354.47,44.54,81.12,9.70,-0.22,1.56,-0.011,-0.061,-0.016,1.78,-9.30,-0.18,0.000000,0.000000,1985.31
16.88,100353.70,44.54,81.18,9.69,-0.21,1.58,-0.012,-0.061,-0.017,1.78,-7.87,1.63,0.000000,0.000000,1986.46
16.67,100314.84,44.53,84.44,9.70,-0.22,1.52,-0.012,-0.060,-0.015,2.28,-7.39,0.73,0.000000,0.000000,1987.61
16.64,100305.41,44.52,85.24,9.70,-0.22,1.58,-0.011,-0.061,-0.017,0.77,-8.82,0.73,0.000000,0.000000,1988.77
17.08,100381.30,44.54,78.87,9.70,-0.23,1.54,-0.012,-0.060,-0.017,2.28,-9.78,0.28,0.000000,0.000000,1989.92
17.09,100377.85,44.55,79.16,9.69,-0.22,1.55,-0.012,-0.060,-0.016,1.78,-8.35,0.73,0.000000,0.000000,1991.07
17.20,100400.97,44.52,77.22,9.70,-0.21,1.54,-0.012,-0.061,-0.016,2.78,-7.87,2.09,0.000000,0.000000,1992.23
16.93,100354.61,44.53,81.11,9.71,-0.20,1.58,-0.013,-0.060,-0.017,1.78,-9.30,0.73,0.000000,0.000000,1993.38
16.90,100355.94,44.55,80.99,9.69,-0.21,1.55,-0.012,-0.061,-0.017,1.78,-10.73,-1.08,0.000000,0.000000,1994.53
16.83,100341.04,44.54,82.25,9.70,-0.22,1.57,-0.011,-0.060,-0.017,1.78,-8.82,-1.54,0.000000,0.000000,1995.69
17.23,100399.59,44.52,77.33,9.70,-0.23,1.57,-0.011,-0.059,-0.016,2.78,-8.35,1.63,0.000000,0.000000,1996.84
17.04,100372.33,44.52,79.62,9.71,-0.20,1.54,-0.011,-0.061,-0.017,2.78,-9.30,1.18,0.000000,0.000000,1997.99
17.23,100400.57,44.50,77.25,9.70,-0.23,1.54,-0.011,-0.061,-0.017,1.78,-10.73,0.73,0.000000,0.000000,1999.14
16.96,100361.92,44.50,80.49,9.69,-0.20,1.55,-0.012,-0.061,-0.016,1.78,-8.82,1.63,0.000000,0.000000,2000.30
17.05,100371.12,44.50,79.72,9.67,-0.22,1.55,-0.011,-0.062,-0.017,2.28,-6.92,0.73,0.000000,0.000000,2001.45
17.08,100385.31,44.50,78.53,9.71,-0.22,1.55,-0.013,-0.060,-0.017,2.28,-9.30,1.18,0.000000,0.000000,2002.60
16.83,100338.22,44.48,82.48,9.71,-0.23,1.55,-0.012,-0.060,-0.016,1.78,-9.78,0.28,0.000000,0.000000,2003.76
17.19,100393.34,44.49,77.86,9.69,-0.21,1.57,-0.011,-0.060,-0.017,1.27,-8.35,-1.08,0.000000,0.000000,2004.91
17.01,100368.55,44.48,79.94,9.69,-0.21,1.54,-0.011,-0.060,-0.017,1.78,-6.92,0.73,0.000000,0.000000,2006.06
17.34,100415.50,44.47,76.00,9.69,-0.23,1.55,-0.011,-0.060,-0.017,3.29,-8.82,0.73,0.000000,0.000000,2007.22
16.82,100336.98,44.47,82.59,9.71,-0.21,1.55,-0.012,-0.061,-0.018,1.78,-9.30,0.28,0.000000,0.000000,2008.37
16.88,100343.83,44.49,82.01,9.71,-0.21,1.54,-0.012,-0.060,-0.017,2.78,-9.30,0.28,0.000000,0.000000,2009.52
16.77,100329.43,44.47,83.22,9.68,-0.21,1.55,-0.012,-0.060,-0.017,1.78,-7.87,0.28,0.000000,0.000000,2010.67
17.02,100367.46,44.46,80.03,9.72,-0.20,1.54,-0.011,-0.060,-0.016,1.78,-8.35,-0.63,0.000000,0.000000,2011.83
17.11,100381.02,44.45,78.89,9.69,-0.21,1.55,-0.011,-0.061,-0.017,1.78,-8.35,-0.18,0.000000,0.000000,2012.98
17.24,100402.22,44.45,77.11,9.70,-0.21,1.58,-0.013,-0.060,-0.017,2.28,-7.87,-1.99,0.000000,0.000000,2014.13
16.73,100316.70,44.44,84.29,9.69,-0.24,1.54,-0.012,-0.061,-0.015,1.78,-7.39,0.73,0.000000,0.000000,2015.28
16.74,100322.38,44.43,83.81,9.71,-0.20,1.54,-0.012,-0.061,-0.016,1.78,-7.87,2.09,0.000000,0.000000,2016.44
16.84,100336.17,44.43,82.65,9.71,-0.21,1.54,-0.012,-0.060,-0.017,2.28,-9.30,-0.63,0.000000,0.000000,2017.59
16.85,100343.23,44.44,82.06,9.67,-0.21,1.56,-0.011,-0.061,-0.017,1.27,-8.82,0.73,0.000000,0.000000,2018.74
16.70,100314.84,44.42,84.44,9.69,-0.22,1.57,-0.012,-0.060,-0.016,1.78,-7.87,2.09,0.000000,0.000000,2019.90
16.72,100316.31,44.42,84.32,9.71,-0.22,1.53,-0.012,-0.060,-0.016,2.28,-8.82,0.28,0.000000,0.000000,2021.05
16.74,100323.70,44.41,83.70,9.68,-0.20,1.54,-0.011,-0.060,-0.016,1.78,-10.25,1.18,0.000000,0.000000,2022.20
16.75,100318.23,44.40,84.16,9.69,-0.22,1.55,-0.011,-0.060,-0.017,1.27,-7.39,0.28,0.000000,0.000000,2023.36
16.85,100342.05,44.42,82.16,9.71,-0.24,1.53,-0.011,-0.060,-0.017,2.28,-8.82,1.63,0.000000,0.000000,2024.51
16.73,100317.28,44.41,84.24,9.69,-0.22,1.55,-0.011,-0.061,-0.017,2.28,-8.35,1.63,0.000000,0.000000,2025.66
17.35,100420.33,44.42,75.59,9.69,-0.22,1.54,-0.012,-0.060,-0.016,2.28,-10.73,-2.44,0.000000,0.000000,2026.82
17.15,100383.85,44.41,78.65,9.72,-0.22,1.57,-0.011,-0.061,-0.017,1.78,-8.35,1.63,0.000000,0.000000,2027.97
17.29,100404.41,44.40,76.93,9.70,-0.21,1.58,-0.011,-0.060,-0.017,3.29,-8.35,1.63,0.000000,0.000000,2029.12
16.68,100308.97,44.39,84.94,9.71,-0.20,1.55,-0.012,-0.061,-0.016,2.28,-8.82,1.63,0.000000,0.000000,2030.27
17.02,100359.03,44.38,80.74,9.70,-0.21,1.56,-0.011,-0.060,-0.017,2.28,-10.25,1.18,0.000000,0.000000,2031.43
16.97,100357.83,44.40,80.84,9.69,-0.23,1.54,-0.011,-0.061,-0.017,1.78,-8.82,-0.18,0.000000,0.000000,2032.58
16.96,100351.84,44.39,81.34,9.69,-0.22,1.57,-0.012,-0.061,-0.016,2.78,-7.87,2.09,0.000000,0.000000,2033.73
17.04,100367.23,44.40,80.05,9.68,-0.21,1.57,-0.012,-0.061,-0.017,2.28,-7.87,0.73,0.000000,0.000000,2034.88
17.07,100369.88,44.40,79.83,9.70,-0.22,1.53,-0.012,-0.060,-0.017,1.78,-8.82,1.63,0.000000,0.000000,2036.04
16.98,100354.13,44.38,81.15,9.71,-0.22,1.54,-0.011,-0.062,-0.016,2.28,-8.35,-1.08,0.000000,0.000000,2037.19
16.92,100346.70,44.34,81.77,9.70,-0.20,1.54,-0.012,-0.061,-0.016,2.28,-7.39,1.18,0.000000,0.000000,2038.34
16.70,100308.39,44.35,84.99,9.69,-0.23,1.54,-0.013,-0.061,-0.017,1.27,-7.87,0.73,0.000000,0.000000,2039.50
16.70,100313.41,44.35,84.56,9.70,-0.22,1.59,-0.012,-0.060,-0.017,1.78,-8.35,-0.63,0.000000,0.000000,2040.65
16.93,100346.83,44.34,81.76,9.70,-0.20,1.55,-0.012,-0.060,-0.017,1.78,-7.87,0.73,0.000000,0.000000,2041.80
17.33,100415.88,44.36,75.97,9.69,-0.21,1.53,-0.012,-0.060,-0.016,2.28,-8.82,2.99,0.000000,0.000000,2042.96
17.19,100388.66,44.33,78.25,9.69,-0.21,1.55,-0.012,-0.060,-0.016,1.27,-8.35,1.18,0.000000,0.000000,2044.11
17.13,100355.77,44.32,81.01,9.68,-0.20,1.56,-0.012,-0.061,-0.016,1.27,-8.35,-0.63,0.000000,0.000000,2045.26
16.83,100331.36,44.33,83.06,9.69,-0.21,1.57,-0.012,-0.061,-0.017,1.27,-8.35,-0.18,0.000000,0.000000,2046.42
16.91,100337.80,44.34,82.52,9.70,-0.21,1.54,-0.011,-0.060,-0.016,2.28,-7.87,2.09,0.000000,0.000000,2047.57
16.66,100304.67,44.32,85.30,9.70,-0.21,1.53,-0.012,-0.061,-0.016,2.28,-8.82,0.73,0.000000,0.000000,2048.72
17.15,100381.66,44.31,78.84,9.71,-0.21,1.54,-0.012,-0.061,-0.017,2.28,-7.87,-1.99,0.000000,0.000000,2049.87
17.36,100416.31,44.32,75.93,9.69,-0.20,1.55,-0.013,-0.061,-0.017,1.78,-7.87,-1.99,0.000000,0.000000,2051.03
17.23,100393.72,44.31,77.83,9.71,-0.20,1.54,-0.012,-0.060,-0.017,1.78,-8.35,1.63,0.000000,0.000000,2052.18
17.05,100369.02,44.34,80.55,9.68,-0.21,1.57,-0.011,-0.060,-0.016,3.29,-7.87,0.73,0.000000,0.000000,2053.33
16.95,100347.59,44.29,81.70,9.72,-0.21,1.55,-0.011,-0.061,-0.016,1.78,-9.78,0.73,0.000000,0.000000,2054.49
16.88,100335.91,44.28,82.68,9.72,-0.22,1.56,-0.011,-0.060,-0.017,1.78,-8.82,-1.54,0.000000,0.000000,2055.64
16.79,100323.20,44.28,83.74,9.69,-0.21,1.55,-0.012,-0.060,-0.015,2.78,-8.35,0.73,0.000000,0.000000,2056.79
17.03,100358.75,44.27,80.76,9.71,-0.21,1.55,-0.011,-0.061,-0.017,2.28,-8.35,0.73,0.000000,0.000000,2057.95
17.04,100363.38,44.28,80.37,9.68,-0.21,1.55,-0.012,-0.062,-0.017,2.28,-9.78,-0.63,0.000000,0.000000,2059.10
16.74,100313.41,44.28,84.56,9.71,-0.21,1.55,-0.012,-0.062,-0.017,1.78,-8.82,0.28,0.000000,0.000000,2060.25
16.69,100307.38,44.27,85.07,9.69,-0.22,1.57,-0.012,-0.060,-0.017,2.78,-6.92,0.73,0.000000,0.000000,2061.40
16.37,100256.80,44.25,89.32,9.70,-0.22,1.54,-0.012,-0.061,-0.017,1.27,-8.35,0.73,0.000000,0.000000,2062.56
16.41,100258.76,44.25,89.15,9.71,-0.21,1.53,-0.012,-0.060,-0.015,0.77,-8.35,-0.18,0.000000,0.000000,2063.71
16.64,100300.09,44.26,85.68,9.72,-0.21,1.55,-0.012,-0.060,-0.016,1.78,-8.35,-1.54,0.000000,0.000000,2064.86
17.25,100391.80,44.26,77.99,9.69,-0.22,1.52,-0.011,-0.060,-0.017,2.28,-8.35,1.63,0.000000,0.000000,2066.02
17.16,100381.81,44.24,78.82,9.71,-0.20,1.52,-0.012,-0.061,-0.017,2.28,-8.35,2.54,0.000000,0.000000,2067.17
16.78,100318.73,44.23,84.12,9.68,-0.21,1.55,-0.012,-0.061,-0.017,1.27,-10.25,-0.63,0.000000,0.000000,2068.32
16.74,100313.43,44.23,84.56,9.70,-0.21,1.56,-0.011,-0.061,-0.017,1.27,-10.25,0.28,0.000000,0.000000,2069.48
16.80,100322.34,44.25,83.81,9.71,-0.24,1.56,-0.012,-0.061,-0.017,1.78,-8.35,1.18,0.000000,0.000000,2070.63
16.73,100306.25,44.23,85.17,9.70,-0.21,1.56,-0.012,-0.061,-0.016,2.28,-8.35,1.18,0.000000,0.000000,2071.78
17.24,100392.59,44.24,77.92,9.69,-0.22,1.53,-0.011,-0.060,-0.017,1.27,-8.35,1.18,0.000000,0.000000,2072.93
17.31,100401.23,44.24,77.20,9.69,-0.22,1.56,-0.013,-0.060,-0.016,2.28,-9.78,0.28,0.000000,0.000000,2074.09
17.27,100397.52,44.23,77.51,9.69,-0.22,1.54,-0.013,-0.060,-0.017,1.78,-7.87,0.28,0.000000,0.000000,2075.24
17.03,100355.72,44.22,81.01,9.70,-0.21,1.57,-0.013,-0.061,-0.016,1.78,-8.82,1.18,0.000000,0.000000,2076.39
16.94,100344.38,44.22,81.97,9.69,-0.21,1.56,-0.013,-0.061,-0.017,1.78,-10.25,1.18,0.000000,0.000000,2077.55
16.85,100330.30,44.21,83.15,9.69,-0.22,1.56,-0.013,-0.060,-0.017,2.28,-11.21,0.28,0.000000,0.000000,2078.70
17.48,100427.63,44.24,74.98,9.67,-0.21,1.55,-0.012,-0.061,-0.016,1.78,-8.35,-1.54,0.000000,0.000000,2079.85
17.18,100383.52,44.20,78.68,9.70,-0.23,1.55,-0.012,-0.060,-0.016,2.78,-7.87,1.18,0.000000,0.000000,2081.00
17.20,100381.26,44.19,78.87,9.70,-0.20,1.53,-0.012,-0.061,-0.017,1.78,-8.82,-0.18,0.000000,0.000000,2082.16
16.57,100284.91,44.17,86.96,9.69,-0.19,1.55,-0.012,-0.061,-0.017,1.78,-9.78,-0.63,0.000000,0.000000,2083.31
16.89,100334.75,44.20,82.77,9.71,-0.21,1.55,-0.013,-0.061,-0.016,2.28,-8.82,1.18,0.000000,0.000000,2084.46
16.70,100306.41,44.18,85.15,9.69,-0.20,1.54,-0.012,-0.060,-0.017,2.28,-7.39,-0.18,0.000000,0.000000,2085.62
16.75,100312.39,44.17,84.65,9.69,-0.24,1.54,-0.012,-0.059,-0.017,2.28,-8.82,0.73,0.000000,0.000000,2086.77
17.11,100368.15,44.20,79.51,9.69,-0.22,1.56,-0.011,-0.060,-0.016,1.27,-10.73,-0.18,0.000000,0.000000,2087.92
17.34,100405.81,44.19,76.81,9.70,-0.22,1.54,-0.012,-0.060,-0.016,1.27,-8.35,-0.18,0.000000,0.000000,2089.08
16.96,100339.64,44.16,82.36,9.68,-0.21,1.56,-0.012,-0.061,-0.016,2.78,-6.92,1.63,0.000000,0.000000,2090.23
16.85,100326.94,44.17,83.43,9.70,-0.19,1.57,-0.013,-0.061,-0.017,2.78,-9.78,0.28,0.000000,0.000000,2091.38
16.79,100314.61,44.16,84.46,9.69,-0.21,1.55,-0.012,-0.060,-0.016,1.27,-7.87,-1.99,0.000000,0.000000,2092.53
16.84,100326.05,44.17,83.50,9.69,-0.22,1.56,-0.013,-0.061,-0.016,1.78,-8.82,-0.63,0.000000,0.000000,2093.69
17.12,100368.66,44.16,79.93,9.71,-0.21,1.56,-0.011,-0.060,-0.016,2.28,-7.87,1.63,0.000000,0.000000,2094.84
17.41,100410.70,44.21,75.59,9.70,-0.21,1.53,-0.011,-0.060,-0.016,1.27,-9.30,1.63,0.000000,0.000000,2095.99
17.08,100361.77,44.14,80.51,9.71,-0.23,1.55,-0.012,-0.061,-0.016,1.78,-9.30,-1.08,0.000000,0.000000,2097.15
17.06,100357.69,44.14,80.85,9.71,-0.22,1.55,-0.012,-0.061,-0.016,1.27,-7.87,-1.99,0.000000,0.000000,2098.30
16.99,100348.67,44.13,81.61,9.71,-0.23,1.56,-0.011,-0.061,-0.017,2.78,-7.87,2.09,0.000000,0.000000,2099.45
16.75,100307.70,44.12,85.04,9.69,-0.23,1.53,-0.013,-0.061,-0.017,1.27,-8.35,0.28,0.000000,0.000000,2100.61
16.86,100329.82,44.12,83.19,9.70,-0.19,1.57,-0.011,-0.060,-0.017,1.27,-9.78,-0.63,0.000000,0.000000,2101.76
17.18,100375.65,44.13,79.34,9.71,-0.21,1.55,-0.012,-0.061,-0.016,1.78,-8.35,-0.63,0.000000,0.000000,2102.91
17.13,100371.45,44.12,79.69,9.71,-0.22,1.54,-0.011,-0.062,-0.016,3.29,-8.82,1.18,0.000000,0.000000,2104.06
16.78,100315.05,44.11,84.43,9.69,-0.23,1.54,-0.013,-0.060,-0.016,0.77,-9.30,1.63,0.000000,0.000000,2105.22
16.54,100272.56,44.10,87.99,9.69,-0.21,1.55,-0.011,-0.061,-0.015,2.28,-10.73,-0.18,0.000000,0.000000,2106.37
16.35,100241.44,44.12,90.61,9.69,-0.21,1.55,-0.012,-0.060,-0.016,2.28,-8.35,-1.54,0.000000,0.000000,2107.52
16.44,100255.66,44.08,89.41,9.71,-0.21,1.53,-0.013,-0.060,-0.015,3.29,-8.82,0.73,0.000000,0.000000,2108.68
16.39,100250.64,44.09,89.83,9.67,-0.21,1.53,-0.011,-0.060,-0.017,2.28,-8.82,2.09,0.000000,0.000000,2109.83
16.56,100275.49,44.09,87.75,9.70,-0.20,1.55,-0.012,-0.061,-0.017,2.28,-10.25,0.73,0.000000,0.000000,2110.98
16.75,100308.95,44.09,84.94,9.69,-0.20,1.57,-0.012,-0.061,-0.016,1.27,-8.35,-1.99,0.000000,0.000000,2112.14
16.98,100340.27,44.08,82.31,9.70,-0.22,1.58,-0.012,-0.061,-0.016,2.78,-7.87,0.28,0.000000,0.000000,2113.29
16.95,100334.31,44.08,82.81,9.71,-0.21,1.56,-0.011,-0.060,-0.017,1.78,-9.78,0.73,0.000000,0.000000,2114.44
16.74,100303.89,44.10,85.36,9.70,-0.21,1.55,-0.011,-0.061,-0.017,1.78,-8.82,-1.99,0.000000,0.000000,2115.59
16.92,100330.66,44.07,83.12,9.69,-0.22,1.56,-0.012,-0.060,-0.017,2.28,-8.35,-1.08,0.000000,0.000000,2116.75
17.27,100389.67,44.09,78.17,9.71,-0.20,1.55,-0.012,-0.061,-0.017,2.78,-7.87,1.63,0.000000,0.000000,2117.90
17.20,100377.05,44.10,79.22,9.71,-0.21,1.55,-0.011,-0.061,-0.016,2.78,-9.30,0.73,0.000000,0.000000,2119.05
17.11,100363.16,44.08,80.39,9.70,-0.20,1.54,-0.013,-0.062,-0.016,1.27,-9.30,-0.63,0.000000,0.000000,2120.21
17.17,100372.52,44.06,79.60,9.69,-0.23,1.55,-0.012,-0.061,-0.017,1.78,-7.87,-1.08,0.000000,0.000000,2121.36
17.13,100352.22,44.04,81.31,9.68,-0.19,1.53,-0.012,-0.061,-0.017,3.29,-7.87,0.73,0.000000,0.000000,2122.51
16.98,100342.02,44.07,82.16,9.69,-0.23,1.55,-0.012,-0.062,-0.016,1.27,-7.87,0.28,0.000000,0.000000,2123.66
17.30,100391.04,44.07,78.05,9.70,-0.22,1.55,-0.012,-0.061,-0.016,1.78,-10.73,0.28,0.000000,0.000000,2124.82
17.21,100377.30,44.06,79.20,9.70,-0.23,1.54,-0.011,-0.061,-0.016,1.78,-8.35,-1.54,0.000000,0.000000,2125.97
17.48,100420.52,44.07,75.58,9.70,-0.22,1.52,-0.012,-0.060,-0.016,2.78,-8.82,0.73,0.000000,0.000000,2127.12
16.98,100340.86,44.06,82.26,9.70,-0.21,1.56,-0.012,-0.060,-0.017,0.77,-9.30,0.73,0.000000,0.000000,2128.28
16.95,100337.89,44.05,82.51,9.68,-0.24,1.54,-0.012,-0.060,-0.017,1.27,-9.30,-0.63,0.000000,0.000000,2129.43
16.58,100288.58,44.04,87.61,9.71,-0.21,1.54,-0.012,-0.060,-0.018,1.78,-7.87,-2.89,0.000000,0.000000,2130.58
16.98,100340.67,44.04,82.28,9.70,-0.21,1.53,-0.011,-0.060,-0.016,2.28,-8.35,1.18,0.000000,0.000000,2131.73
17.48,100419.91,44.05,75.63,9.70,-0.21,1.53,-0.011,-0.059,-0.016,2.28,-8.82,-0.18,0.000000,0.000000,2132.89
17.43,100414.56,44.08,76.08,9.71,-0.21,1.56,-0.011,-0.060,-0.017,1.78,-9.78,-1.54,0.000000,0.000000,2134.04
17.20,100377.23,44.06,79.21,9.70,-0.22,1.56,-0.012,-0.061,-0.017,2.28,-7.87,-1.99,0.000000,0.000000,2135.19
16.97,100340.60,44.04,82.28,9.70,-0.22,1.56,-0.011,-0.060,-0.017,1.78,-8.35,1.18,0.000000,0.000000,2136.35
16.82,100312.64,44.02,84.63,9.69,-0.21,1.57,-0.012,-0.061,-0.018,3.29,-9.78,0.73,0.000000,0.000000,2137.50
16.99,100337.53,44.03,81.98,9.70,-0.22,1.55,-0.013,-0.060,-0.015,1.27,-9.78,0.28,0.000000,0.000000,2138.65
16.81,100310.78,44.05,84.79,9.69,-0.20,1.54,-0.012,-0.060,-0.016,2.28,-7.87,0.73,0.000000,0.000000,2139.81
17.48,100414.58,44.02,76.08,9.69,-0.23,1.56,-0.012,-0.060,-0.017,2.28,-8.82,3.44,0.000000,0.000000,2140.96
17.30,100390.54,44.01,78.09,9.70,-0.21,1.55,-0.011,-0.060,-0.016,0.77,-10.25,1.18,0.000000,0.000000,2142.11
16.86,100316.28,44.01,84.32,9.69,-0.22,1.56,-0.011,-0.060,-0.017,1.78,-8.35,-1.54,0.000000,0.000000,2143.27
17.07,100354.67,44.02,81.10,9.70,-0.21,1.57,-0.012,-0.061,-0.016,2.78,-8.35,1.63,0.000000,0.000000,2144.42
17.17,100369.67,44.02,79.84,9.72,-0.21,1.54,-0.012,-0.060,-0.016,2.78,-8.82,1.18,0.000000,0.000000,2145.57
16.97,100340.38,44.03,82.30,9.69,-0.22,1.57,-0.011,-0.061,-0.016,1.27,-8.82,0.28,0.000000,0.000000,2146.72
17.58,100436.91,44.02,74.20,9.70,-0.21,1.56,-0.012,-0.060,-0.017,1.78,-8.35,-1.08,0.000000,0.000000,2147.88
16.87,100317.00,44.00,84.26,9.70,-0.23,1.55,-0.012,-0.059,-0.016,2.28,-7.39,1.18,0.000000,0.000000,2149.03
17.39,100400.80,44.00,77.23,9.70,-0.21,1.54,-0.012,-0.060,-0.018,3.29,-8.35,0.73,0.000000,0.000000,2150.18
17.02,100338.88,43.99,82.43,9.70,-0.21,1.56,-0.012,-0.060,-0.017,1.78,-9.30,1.63,0.000000,0.000000,2151.33
17.01,100342.97,44.00,82.08,9.71,-0.21,1.57,-0.012,-0.061,-0.017,1.78,-8.35,-1.54,0.000000,0.000000,2152.49
17.17,100366.66,44.02,80.10,9.70,-0.22,1.55,-0.011,-0.060,-0.016,2.28,-7.87,1.63,0.000000,0.000000,2153.64
17.11,100362.30,43.99,80.46,9.70,-0.20,1.55,-0.012,-0.060,-0.016,2.78,-9.78,0.28,0.000000,0.000000,2154.79
17.33,100395.47,43.99,77.68,9.68,-0.23,1.55,-0.012,-0.062,-0.017,0.77,-8.82,-0.18,0.000000,0.000000,2155.95
17.44,100407.06,43.98,76.71,9.70,-0.24,1.52,-0.011,-0.061,-0.017,2.28,-7.87,-0.63,0.000000,0.000000,2157.10
17.19,100368.84,43.98,79.91,9.70,-0.23,1.52,-0.011,-0.061,-0.016,2.78,-8.35,0.73,0.000000,0.000000,2158.25
16.87,100317.34,43.97,84.23,9.71,-0.24,1.54,-0.013,-0.059,-0.017,2.78,-9.30,1.63,0.000000,0.000000,2159.41
16.87,100321.52,43.97,83.88,9.69,-0.23,1.54,-0.012,-0.060,-0.017,1.27,-7.87,-1.54,0.000000,0.000000,2160.56
16.93,100329.30,43.98,83.23,9.74,-0.16,1.60,-0.010,-0.063,-0.027,2.28,-8.35,-1.08,0.000000,0.000000,2161.71
16.89,100325.89,43.98,83.52,9.70,-0.25,1.58,-0.014,-0.060,-0.011,2.28,-7.39,0.73,0.000000,0.000000,2162.87
17.36,100396.98,43.98,77.55,9.71,-0.17,1.55,-0.012,-0.060,-0.017,2.28,-8.35,0.73,0.000000,0.000000,2164.02
17.45,100407.64,43.97,76.66,9.69,-0.23,1.57,-0.011,-0.062,-0.020,1.78,-8.82,-0.63,0.000000,0.000000,2165.17
16.94,100329.59,43.97,83.21,9.69,-0.22,1.53,-0.011,-0.060,-0.014,1.27,-7.87,-1.99,0.000000,0.000000,2166.32
16.95,100329.39,43.97,83.22,9.70,-0.21,1.54,-0.011,-0.060,-0.017,2.78,-8.82,1.18,0.000000,0.000000,2167.48
16.91,100326.17,43.96,83.49,9.69,-0.23,1.52,-0.012,-0.062,-0.018,2.78,-9.78,0.73,0.000000,0.000000,2168.63
17.01,100338.88,43.97,82.43,9.64,-0.31,1.46,-0.017,-0.059,-0.015,1.27,-9.30,0.28,0.000000,0.000000,2169.78
17.18,100367.10,43.97,80.06,9.69,-0.18,1.57,-0.012,-0.060,-0.015,1.78,-8.35,-1.99,0.000000,0.000000,2170.94
17.47,100411.19,43.96,76.36,9.72,-0.21,1.54,-0.011,-0.060,-0.018,2.28,-8.35,0.73,0.000000,0.000000,2172.09
17.13,100353.50,43.95,81.20,9.69,-0.23,1.55,-0.012,-0.060,-0.017,1.78,-8.82,1.18,0.000000,0.000000,2173.25
17.06,100344.73,43.95,81.94,9.69,-0.23,1.56,-0.012,-0.060,-0.016,2.28,-10.25,-0.18,0.000000,0.000000,2174.40
17.31,100382.69,43.95,78.75,9.72,-0.20,1.56,-0.012,-0.061,-0.015,2.28,-7.39,1.18,0.000000,0.000000,2175.55
17.27,100380.78,43.96,78.91,9.70,-0.21,1.55,-0.012,-0.060,-0.017,1.78,-7.39,0.73,0.000000,0.000000,2176.70
17.58,100427.80,43.96,74.97,9.70,-0.21,1.54,-0.012,-0.060,-0.017,1.78,-9.78,-1.08,0.000000,0.000000,2177.85
17.42,100405.25,43.96,76.86,9.71,-0.21,1.56,-0.011,-0.060,-0.016,0.77,-8.35,-0.18,0.000000,0.000000,2179.01
17.53,100418.02,43.94,75.79,9.70,-0.21,1.58,-0.012,-0.060,-0.017,2.28,-8.35,1.18,0.000000,0.000000,2180.16
17.22,100366.66,43.96,80.10,9.70,-0.22,1.54,-0.012,-0.061,-0.017,3.29,-8.35,1.18,0.000000,0.000000,2181.31
17.06,100345.91,43.94,81.84,9.70,-0.20,1.54,-0.013,-0.059,-0.015,2.28,-7.39,-1.08,0.000000,0.000000,2182.47
17.20,100367.95,43.94,79.99,9.70,-0.21,1.54,-0.011,-0.060,-0.018,1.78,-7.87,0.28,0.000000,0.000000,2183.62
17.21,100372.03,43.93,79.64,9.71,-0.22,1.56,-0.013,-0.061,-0.016,2.28,-7.39,1.63,0.000000,0.000000,2184.77
17.44,100405.06,43.97,76.87,9.71,-0.22,1.56,-0.012,-0.061,-0.016,1.78,-7.87,-0.63,0.000000,0.000000,2185.93
17.57,100427.66,43.94,74.98,9.69,-0.21,1.55,-0.011,-0.060,-0.017,1.27,-8.82,-0.63,0.000000,0.000000,2187.08
17.15,100356.25,43.93,80.97,9.69,-0.23,1.56,-0.013,-0.060,-0.017,1.27,-7.87,-0.18,0.000000,0.000000,2188.23
17.21,100364.50,43.92,80.28,9.67,-0.22,1.57,-0.011,-0.062,-0.021,3.79,-7.39,0.73,0.000000,0.000000,2189.38
17.22,100368.77,43.93,79.92,9.71,-0.21,1.56,-0.011,-0.061,-0.016,2.28,-9.30,0.73,0.000000,0.000000,2190.54
17.48,100410.90,43.93,76.38,9.69,-0.21,1.54,-0.013,-0.060,-0.015,1.27,-9.30,-0.63,0.000000,0.000000,2191.69
17.10,100349.31,43.92,81.55,9.69,-0.21,1.52,-0.012,-0.060,-0.016,1.78,-7.87,-0.63,0.000000,0.000000,2192.84
17.69,100441.73,43.94,73.80,9.68,-0.21,1.51,-0.011,-0.060,-0.017,2.28,-7.87,1.18,0.000000,0.000000,2194.00
17.58,100428.55,43.92,74.90,9.70,-0.21,1.55,-0.011,-0.060,-0.015,3.29,-9.78,-0.63,0.000000,0.000000,2195.15
17.26,100372.38,43.90,79.62,9.71,-0.22,1.54,-0.011,-0.060,-0.019,1.78,-9.30,-0.63,0.000000,0.000000,2196.30
17.46,100404.09,43.90,76.96,9.72,-0.22,1.55,-0.012,-0.061,-0.017,1.27,-7.87,-1.08,0.000000,0.000000,2197.46
17.39,100396.12,43.93,77.62,9.69,-0.21,1.56,-0.011,-0.060,-0.016,2.28,-8.35,2.54,0.000000,0.000000,2198.61
17.20,100364.78,43.90,80.25,9.69,-0.22,1.58,-0.013,-0.060,-0.016,1.27,-8.82,0.28,0.000000,0.000000,2199.76
17.65,100442.55,43.91,73.73,9.68,-0.22,1.56,-0.012,-0.061,-0.017,0.77,-9.30,-1.08,0.000000,0.000000,2200.91
17.44,100402.83,43.91,77.06,9.66,-0.22,1.54,-0.012,-0.060,-0.017,2.28,-6.92,1.63,0.000000,0.000000,2202.07
17.68,100442.11,43.91,73.77,9.70,-0.20,1.54,-0.013,-0.061,-0.017,2.78,-7.87,0.28,0.000000,0.000000,2203.22
17.18,100363.52,43.89,80.36,9.71,-0.22,1.58,-0.012,-0.062,-0.016,0.77,-9.78,1.18,0.000000,0.000000,2204.37
17.09,100346.17,43.88,81.81,9.71,-0.22,1.54,-0.012,-0.061,-0.017,1.78,-8.35,-0.63,0.000000,0.000000,2205.53
16.79,100301.41,43.87,85.57,9.70,-0.21,1.53,-0.013,-0.061,-0.016,1.78,-8.35,1.18,0.000000,0.000000,2206.68
17.11,100350.35,43.86,81.46,9.71,-0.22,1.54,-0.011,-0.060,-0.016,2.28,-8.35,1.18,0.000000,0.000000,2207.83
17.07,100347.41,43.86,81.71,9.70,-0.22,1.55,-0.012,-0.061,-0.017,1.27,-10.25,1.18,0.000000,0.000000,2208.98
17.71,100445.78,43.84,73.46,9.70,-0.22,1.54,-0.011,-0.060,-0.016,1.78,-7.87,-1.54,0.000000,0.000000,2210.14
17.14,100356.12,43.84,80.98,9.67,-0.20,1.54,-0.011,-0.060,-0.017,2.28,-7.39,1.18,0.000000,0.000000,2211.29
17.19,100359.81,43.84,80.67,9.69,-0.23,1.55,-0.012,-0.061,-0.017,2.28,-9.30,0.28,0.000000,0.000000,2212.44
18.15,100512.93,43.85,67.83,9.71,-0.21,1.54,-0.012,-0.061,-0.016,1.27,-9.78,-0.63,0.000000,0.000000,2213.60
17.25,100369.41,43.84,79.86,9.69,-0.24,1.51,-0.012,-0.061,-0.017,1.78,-8.35,-1.54,0.000000,0.000000,2214.75
18.41,100552.17,43.84,64.54,9.69,-0.19,1.54,-0.013,-0.060,-0.017,2.28,-7.87,1.63,0.000000,0.000000,2215.90
17.47,100406.23,43.84,76.78,9.69,-0.22,1.56,-0.011,-0.061,-0.017,1.78,-9.78,1.18,0.000000,0.000000,2217.05
17.43,100397.33,43.81,77.52,9.69,-0.22,1.54,-0.013,-0.060,-0.015,1.78,-7.87,-1.54,0.000000,0.000000,2218.21
17.27,100373.70,43.82,79.50,9.69,-0.23,1.56,-0.013,-0.060,-0.017,1.27,-7.39,-1.08,0.000000,0.000000,2219.36
17.33,100381.75,43.81,78.83,9.71,-0.21,1.57,-0.012,-0.060,-0.016,2.28,-6.92,0.73,0.000000,0.000000,2220.51
17.23,100365.53,43.80,80.19,9.70,-0.22,1.52,-0.012,-0.060,-0.017,1.27,-9.30,1.18,0.000000,0.000000,2221.67
17.21,100363.33,43.80,80.38,9.69,-0.21,1.57,-0.012,-0.061,-0.017,1.78,-10.25,2.09,0.000000,0.000000,2222.82
17.55,100417.52,43.80,75.83,9.71,-0.20,1.55,-0.012,-0.060,-0.017,2.28,-7.87,-0.18,0.000000,0.000000,2223.97
17.46,100405.30,43.78,76.85,9.69,-0.23,1.53,-0.011,-0.061,-0.017,2.28,-7.87,2.09,0.000000,0.000000,2225.13
17.24,100363.59,43.78,80.35,9.69,-0.21,1.55,-0.012,-0.059,-0.017,1.78,-9.30,0.73,0.000000,0.000000,2226.28
17.20,100364.20,43.79,80.30,9.69,-0.21,1.56,-0.012,-0.060,-0.017,1.78,-7.87,-0.63,0.000000,0.000000,2227.43
17.02,100330.92,43.78,83.09,9.69,-0.22,1.54,-0.012,-0.060,-0.016,1.78,-7.87,1.18,0.000000,0.000000,2228.58
17.37,100382.74,43.78,78.75,9.70,-0.20,1.55,-0.011,-0.060,-0.016,2.28,-7.39,1.18,0.000000,0.000000,2229.74
17.65,100431.42,43.80,74.66,9.70,-0.22,1.57,-0.012,-0.061,-0.017,1.78,-8.82,-1.08,0.000000,0.000000,2230.89
17.50,100402.95,43.76,77.05,9.70,-0.21,1.57,-0.012,-0.062,-0.016,1.78,-7.87,-2.44,0.000000,0.000000,2232.04
17.46,100398.91,43.77,77.39,9.71,-0.21,1.55,-0.012,-0.060,-0.016,2.28,-7.87,1.18,0.000000,0.000000,2233.20
17.08,100334.33,43.77,82.81,9.71,-0.20,1.54,-0.012,-0.060,-0.016,1.27,-8.82,2.09,0.000000,0.000000,2234.35
17.17,100354.21,43.76,81.14,9.71,-0.21,1.51,-0.011,-0.060,-0.017,1.78,-9.30,0.73,0.000000,0.000000,2235.50
17.05,100334.41,43.75,82.80,9.70,-0.21,1.55,-0.011,-0.060,-0.016,1.27,-7.87,-1.54,0.000000,0.000000,2236.66
17.55,100410.15,43.76,76.45,9.71,-0.22,1.54,-0.011,-0.062,-0.016,2.28,-8.82,2.09,0.000000,0.000000,2237.81
17.54,100411.61,43.76,76.33,9.70,-0.19,1.57,-0.012,-0.060,-0.017,2.78,-8.82,-0.18,0.000000,0.000000,2238.96
17.51,100404.13,43.75,76.95,9.70,-0.20,1.57,-0.011,-0.061,-0.017,1.78,-9.78,-1.08,0.000000,0.000000,2240.12
17.16,100350.02,43.75,81.49,9.69,-0.22,1.55,-0.011,-0.060,-0.016,2.28,-8.35,1.18,0.000000,0.000000,2241.27
17.01,100325.69,43.74,83.53,9.68,-0.21,1.55,-0.012,-0.060,-0.016,1.27,-8.35,0.28,0.000000,0.000000,2242.42
17.04,100331.36,43.74,83.06,9.70,-0.22,1.57,-0.013,-0.059,-0.016,2.28,-10.25,2.09,0.000000,0.000000,2243.57
17.23,100357.35,43.74,80.88,9.70,-0.21,1.55,-0.012,-0.061,-0.017,1.78,-8.35,-1.08,0.000000,0.000000,2244.73
17.60,100416.02,43.73,75.96,9.69,-0.17,1.53,-0.010,-0.062,-0.021,2.28,-8.35,1.63,0.000000,0.000000,2245.88
17.91,100468.52,43.74,71.55,9.69,-0.29,1.56,-0.010,-0.062,-0.023,1.78,-7.39,0.28,0.000000,0.000000,2247.03
17.77,100444.95,43.73,73.53,9.69,-0.22,1.60,-0.011,-0.062,-0.021,2.28,-9.78,1.18,0.000000,0.000000,2248.18
17.36,100381.09,43.74,78.89,9.69,-0.23,1.56,-0.012,-0.063,-0.028,0.77,-7.39,0.73,0.000000,0.000000,2249.34
17.35,100376.91,43.72,79.24,9.70,-0.22,1.57,-0.011,-0.062,-0.025,3.79,-6.44,0.28,0.000000,0.000000,2250.49
17.47,100401.98,43.73,77.13,9.70,-0.24,1.52,-0.013,-0.060,-0.013,2.28,-8.82,-0.18,0.000000,0.000000,2251.64
17.48,100399.91,43.73,77.31,9.68,-0.18,1.55,-0.013,-0.060,-0.016,2.28,-9.30,-1.54,0.000000,0.000000,2252.80
17.64,100424.16,43.72,75.27,9.69,-0.24,1.56,-0.011,-0.062,-0.019,1.78,-8.82,-1.08,0.000000,0.000000,2253.95
17.82,100452.91,43.72,72.86,9.72,-0.23,1.54,-0.013,-0.060,-0.016,1.27,-8.35,1.18,0.000000,0.000000,2255.10
17.34,100376.36,43.71,79.28,9.71,-0.21,1.55,-0.011,-0.060,-0.016,2.28,-9.30,0.28,0.000000,0.000000,2256.26
17.16,100347.86,43.70,81.67,9.69,-0.20,1.56,-0.012,-0.061,-0.017,1.27,-8.82,-2.89,0.000000,0.000000,2257.41
17.22,100356.63,43.69,80.94,9.72,-0.21,1.54,-0.012,-0.061,-0.017,2.28,-6.92,0.73,0.000000,0.000000,2258.56
17.18,100351.14,43.71,81.40,9.71,-0.21,1.53,-0.011,-0.061,-0.017,1.78,-8.82,2.09,0.000000,0.000000,2259.71
17.54,100408.35,43.69,76.60,9.70,-0.21,1.53,-0.012,-0.060,-0.017,1.27,-8.82,-0.63,0.000000,0.000000,2260.87
17.78,100444.73,43.68,73.55,9.71,-0.21,1.54,-0.011,-0.060,-0.017,2.28,-8.82,-2.89,0.000000,0.000000,2262.02
17.67,100430.19,43.68,74.77,9.70,-0.21,1.54,-0.012,-0.060,-0.016,1.78,-7.39,1.18,0.000000,0.000000,2263.17
17.38,100378.78,43.68,79.08,9.69,-0.22,1.54,-0.012,-0.060,-0.017,2.28,-8.35,0.28,0.000000,0.000000,2264.33
17.40,100386.06,43.69,78.47,9.69,-0.19,1.55,-0.012,-0.060,-0.016,1.78,-8.82,-0.63,0.000000,0.000000,2265.48
17.22,100355.13,43.67,81.06,9.69,-0.22,1.54,-0.012,-0.061,-0.017,1.78,-7.87,-2.89,0.000000,0.000000,2266.63
17.14,100343.93,43.68,82.00,9.71,-0.21,1.56,-0.013,-0.061,-0.016,2.78,-8.35,1.63,0.000000,0.000000,2267.79
17.24,100363.23,43.67,80.38,9.69,-0.22,1.54,-0.012,-0.061,-0.017,2.78,-9.78,0.28,0.000000,0.000000,2268.94
17.17,100344.34,43.67,81.97,9.70,-0.23,1.57,-0.011,-0.061,-0.017,2.28,-9.78,1.18,0.000000,0.000000,2270.09
17.63,100419.34,43.66,75.68,9.70,-0.23,1.55,-0.011,-0.061,-0.017,1.78,-7.39,0.28,0.000000,0.000000,2271.24
17.13,100340.17,43.65,82.32,9.71,-0.21,1.56,-0.011,-0.060,-0.016,3.79,-8.35,0.73,0.000000,0.000000,2272.40
17.33,100375.25,43.66,79.37,9.71,-0.21,1.53,-0.012,-0.060,-0.017,1.78,-9.78,0.28,0.000000,0.000000,2273.55
16.98,100315.67,43.64,84.37,9.71,-0.21,1.54,-0.013,-0.061,-0.017,1.27,-8.35,-2.44,0.000000,0.000000,2274.71
17.35,100379.50,43.65,79.02,9.70,-0.21,1.55,-0.012,-0.061,-0.016,3.29,-7.87,1.18,0.000000,0.000000,2275.86
17.51,100398.75,43.67,77.40,9.71,-0.23,1.53,-0.012,-0.061,-0.015,2.28,-8.82,-0.18,0.000000,0.000000,2277.01
17.71,100425.55,43.63,75.16,9.70,-0.20,1.53,-0.012,-0.060,-0.017,1.78,-9.78,-0.18,0.000000,0.000000,2278.16
17.43,100387.13,43.64,78.38,9.70,-0.22,1.54,-0.012,-0.060,-0.017,1.78,-8.35,-0.18,0.000000,0.000000,2279.32
17.29,100363.81,43.63,80.33,9.70,-0.22,1.56,-0.013,-0.060,-0.017,2.78,-6.92,1.18,0.000000,0.000000,2280.47
17.21,100353.05,43.64,81.24,9.71,-0.20,1.54,-0.012,-0.061,-0.016,2.28,-9.30,0.28,0.000000,0.000000,2281.62
17.37,100374.64,43.65,79.43,9.72,-0.21,1.53,-0.011,-0.061,-0.017,1.78,-9.78,-0.18,0.000000,0.000000,2282.78
17.35,100374.58,43.63,79.43,9.69,-0.20,1.51,-0.012,-0.060,-0.016,1.78,-7.87,-2.44,0.000000,0.000000,2283.93
17.69,100425.92,43.62,75.12,9.72,-0.19,1.54,-0.012,-0.060,-0.015,1.27,-8.82,1.18,0.000000,0.000000,2285.08
17.51,100376.59,43.60,79.26,9.69,-0.21,1.52,-0.012,-0.061,-0.017,1.78,-9.78,-0.63,0.000000,0.000000,2286.23
17.30,100362.27,43.61,80.46,9.69,-0.22,1.57,-0.011,-0.061,-0.017,1.78,-7.87,0.28,0.000000,0.000000,2287.39
17.19,100345.01,43.60,81.91,9.69,-0.21,1.54,-0.012,-0.060,-0.017,1.78,-8.35,0.73,0.000000,0.000000,2288.54
17.18,100344.28,43.60,81.97,9.70,-0.23,1.54,-0.012,-0.060,-0.016,3.29,-8.82,0.28,0.000000,0.000000,2289.69
17.56,100405.70,43.60,76.82,9.68,-0.20,1.56,-0.011,-0.061,-0.018,2.28,-10.73,-0.63,0.000000,0.000000,2290.85
17.58,100411.40,43.61,76.34,9.69,-0.23,1.55,-0.012,-0.061,-0.017,1.78,-7.87,-0.18,0.000000,0.000000,2292.00
17.04,100320.00,43.59,84.01,9.72,-0.21,1.54,-0.012,-0.060,-0.017,2.28,-7.87,0.73,0.000000,0.000000,2293.15
16.80,100284.39,43.60,87.00,9.70,-0.21,1.54,-0.011,-0.059,-0.017,2.28,-9.30,-0.63,0.000000,0.000000,2294.30
16.94,100306.94,43.58,85.11,9.69,-0.21,1.54,-0.012,-0.060,-0.017,1.27,-10.73,0.73,0.000000,0.000000,2295.46
17.30,100358.38,43.58,80.79,9.69,-0.20,1.55,-0.012,-0.060,-0.016,1.78,-7.87,0.28,0.000000,0.000000,2296.61
17.35,100375.24,43.58,79.38,9.69,-0.22,1.57,-0.012,-0.061,-0.016,2.78,-8.35,0.73,0.000000,0.000000,2297.76
17.55,100398.62,43.59,77.41,9.69,-0.22,1.54,-0.011,-0.061,-0.017,1.27,-9.78,0.28,0.000000,0.000000,2298.92
17.63,100417.33,43.58,75.85,9.70,-0.22,1.53,-0.012,-0.061,-0.017,1.27,-8.35,-0.63,0.000000,0.000000,2300.07
17.54,100398.07,43.58,77.46,9.70,-0.21,1.52,-0.012,-0.060,-0.017,2.28,-6.92,1.18,0.000000,0.000000,2301.22
17.12,100338.05,43.57,82.50,9.69,-0.21,1.56,-0.012,-0.061,-0.016,3.79,-8.35,1.18,0.000000,0.000000,2302.37
17.09,100326.59,43.56,83.46,9.69,-0.20,1.55,-0.012,-0.060,-0.016,2.28,-9.78,-0.63,0.000000,0.000000,2303.53
17.15,100332.26,43.57,82.98,9.72,-0.22,1.56,-0.011,-0.060,-0.017,1.78,-7.87,-0.63,0.000000,0.000000,2304.68
17.44,100384.91,43.56,78.56,9.69,-0.21,1.56,-0.011,-0.061,-0.016,1.78,-7.39,2.99,0.000000,0.000000,2305.83
17.65,100413.52,43.58,76.17,9.71,-0.20,1.56,-0.012,-0.061,-0.017,1.27,-7.87,1.18,0.000000,0.000000,2306.99
17.54,100401.23,43.55,77.20,9.71,-0.21,1.56,-0.012,-0.060,-0.017,1.78,-8.82,0.28,0.000000,0.000000,2308.14
17.47,100388.59,43.55,78.26,9.70,-0.21,1.55,-0.012,-0.061,-0.017,1.78,-8.82,0.73,0.000000,0.000000,2309.29
17.12,100332.64,43.53,82.95,9.70,-0.22,1.54,-0.012,-0.060,-0.017,1.78,-8.35,1.63,0.000000,0.000000,2310.45
17.25,100354.02,43.54,81.16,9.70,-0.22,1.56,-0.011,-0.060,-0.016,1.27,-10.25,1.18,0.000000,0.000000,2311.60
17.30,100358.61,43.54,80.77,9.70,-0.20,1.57,-0.011,-0.060,-0.016,1.27,-7.87,0.28,0.000000,0.000000,2312.75
17.18,100342.47,43.54,82.13,9.70,-0.21,1.56,-0.012,-0.060,-0.017,1.78,-8.35,0.73,0.000000,0.000000,2313.90
17.02,100311.63,43.51,84.71,9.69,-0.22,1.54,-0.012,-0.060,-0.017,1.78,-8.35,1.63,0.000000,0.000000,2315.06
17.45,100381.80,43.52,78.83,9.69,-0.20,1.56,-0.012,-0.060,-0.017,1.78,-8.35,1.18,0.000000,0.000000,2316.21
17.33,100362.85,43.52,80.41,9.71,-0.21,1.55,-0.012,-0.060,-0.016,1.27,-7.87,-0.63,0.000000,0.000000,2317.36
17.29,100359.80,43.54,80.67,9.69,-0.21,1.52,-0.013,-0.061,-0.016,1.78,-8.35,2.54,0.000000,0.000000,2318.52
17.00,100308.25,43.51,85.00,9.68,-0.20,1.54,-0.012,-0.061,-0.018,1.78,-9.78,2.09,0.000000,0.000000,2319.68
17.69,100421.30,43.51,75.51,9.69,-0.21,1.56,-0.012,-0.060,-0.016,2.28,-10.25,-0.63,0.000000,0.000000,2320.82
17.53,100397.66,43.52,77.50,9.71,-0.22,1.54,-0.012,-0.060,-0.016,2.28,-8.35,0.73,0.000000,0.000000,2321.98
17.73,100424.48,43.51,75.25,9.69,-0.21,1.55,-0.012,-0.062,-0.017,1.27,-8.35,1.18,0.000000,0.000000,2323.13
17.10,100324.40,43.49,83.64,9.71,-0.21,1.56,-0.012,-0.061,-0.016,2.28,-9.30,-0.18,0.000000,0.000000,2324.28
17.10,100321.30,43.50,83.90,9.68,-0.23,1.53,-0.012,-0.060,-0.018,2.28,-7.87,-1.08,0.000000,0.000000,2325.43
17.21,100345.28,43.48,81.89,9.69,-0.22,1.54,-0.012,-0.061,-0.016,2.78,-7.87,0.73,0.000000,0.000000,2326.59
17.37,100367.50,43.49,80.03,9.71,-0.21,1.54,-0.012,-0.060,-0.017,2.28,-9.30,0.73,0.000000,0.000000,2327.74
17.54,100392.29,43.47,77.95,9.69,-0.21,1.56,-0.013,-0.061,-0.017,1.78,-8.35,-0.63,0.000000,0.000000,2328.89
17.55,100394.36,43.48,77.77,9.69,-0.22,1.55,-0.011,-0.061,-0.017,1.78,-7.87,-1.99,0.000000,0.000000,2330.05
17.23,100338.70,43.47,82.44,9.72,-0.22,1.55,-0.012,-0.060,-0.016,1.27,-8.35,1.18,0.000000,0.000000,2331.20
17.16,100332.91,43.48,82.93,9.70,-0.21,1.55,-0.013,-0.061,-0.017,2.28,-9.30,-0.18,0.000000,0.000000,2332.35
16.72,100261.17,43.46,88.95,9.70,-0.21,1.53,-0.012,-0.060,-0.017,1.27,-8.35,-0.18,0.000000,0.000000,2333.51
16.82,100280.21,43.46,87.35,9.71,-0.21,1.57,-0.011,-0.060,-0.017,2.28,-7.87,0.73,0.000000,0.000000,2334.66
16.81,100277.74,43.47,87.56,9.68,-0.21,1.57,-0.013,-0.060,-0.016,1.78,-9.30,1.18,0.000000,0.000000,2335.81
16.91,100290.38,43.47,85.71,9.68,-0.21,1.55,-0.012,-0.060,-0.017,1.78,-10.73,-0.18,0.000000,0.000000,2336.97
16.85,100285.06,43.45,86.94,9.69,-0.21,1.56,-0.012,-0.060,-0.017,2.28,-8.35,-1.54,0.000000,0.000000,2338.12
16.69,100251.56,43.44,89.76,9.69,-0.22,1.56,-0.011,-0.060,-0.017,2.28,-8.82,1.18,0.000000,0.000000,2339.27
16.71,100260.52,43.46,89.00,9.70,-0.20,1.55,-0.011,-0.060,-0.016,1.78,-10.25,0.73,0.000000,0.000000,2340.42
17.35,100360.62,43.44,80.60,9.70,-0.21,1.56,-0.011,-0.061,-0.017,1.78,-9.78,0.28,0.000000,0.000000,2341.58
17.01,100309.80,43.44,84.87,9.70,-0.21,1.56,-0.012,-0.060,-0.017,2.28,-7.39,1.18,0.000000,0.000000,2342.73
17.62,100406.49,43.44,76.75,9.70,-0.21,1.57,-0.012,-0.061,-0.017,2.78,-8.82,1.63,0.000000,0.000000,2343.88
17.40,100371.48,43.45,79.69,9.69,-0.23,1.53,-0.012,-0.060,-0.017,1.27,-10.25,2.54,0.000000,0.000000,2345.03
17.74,100419.94,43.44,75.63,9.69,-0.22,1.54,-0.012,-0.060,-0.017,1.78,-8.35,-2.89,0.000000,0.000000,2346.19
18.10,100478.48,43.45,70.72,9.69,-0.19,1.56,-0.012,-0.060,-0.017,1.78,-7.87,0.28,0.000000,0.000000,2347.34
17.35,100361.88,43.43,80.50,9.69,-0.22,1.54,-0.012,-0.060,-0.016,2.28,-8.82,1.63,0.000000,0.000000,2348.49
17.42,100369.36,43.44,79.87,9.72,-0.22,1.55,-0.012,-0.061,-0.017,1.78,-10.73,-1.54,0.000000,0.000000,2349.65
17.28,100351.73,43.44,81.35,9.70,-0.22,1.52,-0.011,-0.060,-0.016,1.78,-8.35,0.73,0.000000,0.000000,2350.80
17.52,100385.60,43.43,78.51,9.70,-0.22,1.57,-0.012,-0.060,-0.017,3.29,-7.87,1.18,0.000000,0.000000,2351.95
17.81,100436.10,43.43,74.27,9.67,-0.19,1.57,-0.012,-0.061,-0.016,0.77,-9.30,1.18,0.000000,0.000000,2353.10
17.52,100383.74,43.41,78.66,9.71,-0.21,1.53,-0.011,-0.059,-0.016,1.78,-9.78,-1.99,0.000000,0.000000,2354.26
18.07,100472.81,43.42,71.19,8.73,-4.30,3.51,0.166,0.943,1.191,-2.75,-7.39,3.90,0.000000,0.000000,2355.41
11.73,99470.28,43.29,155.58,5.98,-6.71,2.38,-1.610,-0.034,-1.121,-4.76,-4.05,2.09,0.000000,0.000000,2356.57
18.63,100548.54,43.35,64.85,2.19,-2.38,9.20,-0.145,-0.564,-0.186,-0.74,-0.72,7.52,0.000000,0.000000,2357.72
20.02,100772.50,43.40,46.10,8.10,-5.97,-0.30,-0.920,-0.089,-0.430,-5.26,-5.96,-3.80,0.000000,0.000000,2358.87
21.20,100960.93,43.47,30.36,5.50,-7.46,-3.13,-0.051,-0.225,0.058,-6.26,-2.15,-2.89,0.000000,0.000000,2360.02
21.25,100970.91,43.46,29.52,4.86,-8.36,-1.33,0.193,0.071,-0.188,-7.27,-3.58,-2.44,0.000000,0.000000,2361.18
19.77,100739.73,43.45,48.84,7.72,-7.41,-1.95,-1.282,0.856,-1.172,-6.77,-6.44,-4.71,0.000000,0.000000,2362.33
17.37,100355.95,43.39,80.99,8.36,-5.16,-1.82,0.525,-1.284,2.045,-4.76,-5.96,-4.25,0.000000,0.000000,2363.48
19.38,100679.56,43.41,53.88,4.14,-8.13,1.45,0.650,-0.318,0.066,-6.77,-2.15,1.18,0.000000,0.000000,2364.63
18.64,100556.97,43.39,64.14,4.07,-7.04,-1.56,-0.748,0.056,-0.226,-6.26,-2.62,-2.89,0.000000,0.000000,2365.79
18.35,100513.09,43.37,67.82,7.94,-3.44,-2.78,-0.064,-0.065,-0.759,-5.26,-6.92,-3.35,0.000000,0.000000,2366.94
17.61,100397.00,43.35,77.55,2.99,-8.98,-1.26,-0.737,-1.220,1.791,-7.27,-0.72,-1.99,0.000000,0.000000,2368.10
18.90,100593.63,43.35,61.07,7.45,-3.72,-6.79,-0.082,-1.328,-0.173,-3.75,-4.05,-6.97,0.000000,0.000000,2369.25
19.26,100656.22,43.37,55.83,4.16,-8.98,-0.90,-0.102,0.719,-0.442,-8.27,-2.62,-1.99,0.000000,0.000000,2370.40
19.47,100684.05,43.37,53.50,9.82,2.70,1.97,-0.471,0.626,-0.143,3.29,-7.39,-1.08,0.000000,0.000000,2371.55
22.83,101220.25,43.43,8.72,5.70,0.70,7.85,0.211,-1.105,0.508,1.78,-4.53,7.97,0.000000,0.000000,2372.70
18.06,100466.25,43.40,71.74,5.18,-8.13,-3.41,0.236,-0.147,0.421,-6.77,-3.10,-4.25,0.000000,0.000000,2373.86
14.52,99916.09,43.27,117.97,4.22,-8.32,7.20,2.856,0.109,0.749,-7.27,-5.01,5.71,0.000000,0.000000,2375.01
16.69,100248.45,43.30,90.02,5.31,-3.86,7.90,-0.123,0.504,0.054,-1.24,-6.92,7.07,0.000000,0.000000,2376.16
15.80,100103.46,43.29,102.20,5.88,-5.57,6.03,-1.643,0.655,-0.795,-2.75,-5.96,7.52,0.000000,0.000000,2377.32
14.50,99907.64,43.25,118.68,4.24,-9.01,0.20,-0.105,-0.060,-0.016,-7.27,-3.10,0.28,0.000000,0.000000,2378.47
16.98,100279.06,43.25,87.45,-2.93,-8.08,-4.61,-0.326,-0.397,1.179,-7.27,3.58,-3.35,0.000000,0.000000,2379.63
18.34,100502.91,43.28,68.67,3.73,-7.80,-4.89,-0.126,0.702,-1.740,-6.77,-1.67,-3.80,0.000000,0.000000,2380.78
17.38,100357.03,43.31,80.90,1.54,-9.54,-2.61,0.514,-0.003,-0.665,-7.77,-0.72,-1.99,0.000000,0.000000,2381.93
18.10,100472.41,43.32,71.23,8.73,1.73,1.37,1.036,0.062,0.105,4.29,-10.25,0.28,0.000000,0.000000,2383.08
13.06,99681.10,43.22,137.77,9.25,0.37,4.09,-0.122,-0.224,-0.017,2.78,-9.78,2.54,0.000000,0.000000,2384.23
13.85,99791.86,43.20,128.43,9.30,0.49,2.89,0.239,0.132,0.135,3.79,-9.78,2.09,0.000000,0.000000,2385.38
14.76,99936.16,43.18,116.28,8.95,-2.53,2.53,-0.022,0.832,2.316,-1.24,-11.21,1.63,0.000000,0.000000,2386.54
13.92,99803.22,43.14,127.48,9.83,-0.56,2.29,-0.067,-0.376,0.028,1.27,-10.73,1.18,0.000000,0.000000,2387.70
15.01,99981.80,43.17,112.44,9.71,-0.21,1.53,-0.014,-0.060,-0.007,2.78,-8.82,0.73,0.000000,0.000000,2388.85
15.31,100019.68,43.13,109.25,9.69,-0.18,1.54,-0.011,-0.061,-0.018,2.28,-12.16,1.63,0.000000,0.000000,2390.00
15.23,100016.50,43.13,109.52,9.71,-0.26,1.52,-0.011,-0.061,-0.019,1.78,-9.78,-1.08,0.000000,0.000000,2391.16
15.14,99990.78,43.08,111.68,9.71,-0.21,1.52,-0.012,-0.060,-0.014,2.28,-9.78,2.54,0.000000,0.000000,2392.31
15.30,100032.11,43.06,108.20,9.71,-0.21,1.53,-0.012,-0.060,-0.017,2.78,-10.73,2.54,0.000000,0.000000,2393.46
15.04,99975.39,43.03,112.98,9.71,-0.22,1.52,-0.011,-0.061,-0.018,2.28,-9.78,-1.54,0.000000,0.000000,2394.61
15.46,100055.66,43.04,106.22,9.71,-0.23,1.54,-0.012,-0.061,-0.016,2.78,-9.78,2.09,0.000000,0.000000,2395.77
14.93,99958.31,43.00,114.41,9.70,-0.21,1.54,-0.012,-0.061,-0.016,2.28,-11.68,0.28,0.000000,0.000000,2396.92
15.57,100074.25,43.01,104.66,9.71,-0.22,1.52,-0.011,-0.061,-0.017,2.78,-10.25,0.73,0.000000,0.000000,2398.07
14.88,99951.27,42.98,115.01,9.71,-0.21,1.52,-0.011,-0.061,-0.016,3.79,-10.25,0.73,0.000000,0.000000,2399.23
15.61,100076.73,43.00,104.45,9.71,-0.22,1.52,-0.011,-0.060,-0.018,2.28,-11.68,-0.63,0.000000,0.000000,2400.38
14.86,99945.34,42.98,115.50,9.72,-0.22,1.53,-0.011,-0.060,-0.017,2.78,-9.78,0.73,0.000000,0.000000,2401.53
15.68,100089.05,43.01,103.41,9.72,-0.21,1.52,-0.012,-0.060,-0.016,4.29,-9.78,0.28,0.000000,0.000000,2402.68
14.74,99924.70,42.99,117.24,9.70,-0.22,1.50,-0.011,-0.060,-0.017,1.78,-13.11,-0.18,0.000000,0.000000,2403.84
15.65,100083.72,43.00,103.86,9.70,-0.23,1.53,-0.012,-0.061,-0.016,3.29,-9.30,1.18,0.000000,0.000000,2404.99
14.62,99906.16,42.99,118.80,9.71,-0.22,1.54,-0.012,-0.060,-0.017,2.28,-11.21,2.09,0.000000,0.000000,2406.14
15.55,100063.91,42.99,105.21,9.71,-0.22,1.56,-0.013,-0.061,-0.017,2.78,-11.68,1.18,0.000000,0.000000,2407.30
14.60,99904.88,42.97,118.91,9.69,-0.22,1.52,-0.011,-0.060,-0.017,3.29,-10.25,0.73,0.000000,0.000000,2408.45
15.67,100075.98,42.98,104.51,9.71,-0.21,1.54,-0.012,-0.060,-0.017,2.78,-10.73,2.09,0.000000,0.000000,2409.60
14.67,99920.48,42.98,117.60,9.71,-0.22,1.52,-0.012,-0.061,-0.017,2.28,-10.73,1.63,0.000000,0.000000,2410.76
15.72,100077.59,42.98,104.38,9.71,-0.21,1.56,-0.011,-0.060,-0.016,1.78,-9.78,2.54,0.000000,0.000000,2411.91
14.86,99950.44,42.98,115.08,9.70,-0.21,1.54,-0.012,-0.061,-0.018,3.79,-12.64,0.73,0.000000,0.000000,2413.07
15.64,100064.08,42.99,105.51,9.70,-0.20,1.53,-0.011,-0.061,-0.017,1.78,-9.78,2.09,0.000000,0.000000,2414.21
14.96,99968.55,42.98,113.55,9.69,-0.23,1.52,-0.012,-0.061,-0.017,1.78,-11.21,0.28,0.000000,0.000000,2415.37
15.53,100047.80,42.98,106.88,9.70,-0.22,1.51,-0.012,-0.060,-0.016,1.27,-11.21,1.63,0.000000,0.000000,2416.52
15.04,99980.83,42.99,112.52,9.69,-0.22,1.53,-0.013,-0.060,-0.016,2.28,-10.25,-0.18,0.000000,0.000000,2417.67
15.45,100033.19,43.00,108.11,9.70,-0.21,1.55,-0.013,-0.060,-0.017,2.78,-10.25,1.18,0.000000,0.000000,2418.83
15.31,100025.84,42.98,108.73,9.72,-0.21,1.56,-0.013,-0.061,-0.016,2.28,-12.16,1.18,0.000000,0.000000,2419.98
15.32,100015.91,42.99,109.57,9.71,-0.22,1.51,-0.012,-0.060,-0.016,1.78,-9.78,1.18,0.000000,0.000000,2421.13
15.47,100053.13,42.97,106.43,9.69,-0.21,1.54,-0.012,-0.061,-0.017,3.29,-10.73,-0.18,0.000000,0.000000,2422.29
15.23,99998.42,42.98,111.04,9.71,-0.22,1.54,-0.012,-0.061,-0.016,1.78,-13.11,-0.18,0.000000,0.000000,2423.44
15.57,100068.25,42.99,105.16,9.70,-0.21,1.53,-0.012,-0.060,-0.016,3.29,-9.78,1.63,0.000000,0.000000,2424.59
15.11,99981.25,42.96,112.48,9.70,-0.23,1.54,-0.012,-0.060,-0.017,2.78,-11.68,1.18,0.000000,0.000000,2425.74
15.59,100071.62,42.99,104.88,9.70,-0.23,1.54,-0.011,-0.061,-0.017,2.78,-12.64,-1.08,0.000000,0.000000,2426.90
14.98,99959.97,42.97,114.27,9.70,-0.20,1.54,-0.013,-0.060,-0.017,3.29,-11.21,2.99,0.000000,0.000000,2428.05
15.76,100099.66,42.98,102.52,9.68,-0.20,1.50,-0.011,-0.060,-0.016,2.78,-10.73,0.73,0.000000,0.000000,2429.20
14.85,99940.66,42.96,115.90,9.71,-0.20,1.51,-0.011,-0.061,-0.016,2.28,-10.25,1.63,0.000000,0.000000,2430.36
15.62,100077.38,42.98,104.40,9.70,-0.21,1.51,-0.012,-0.060,-0.016,4.79,-10.73,0.73,0.000000,0.000000,2431.51
14.59,99898.23,42.96,119.47,9.71,-0.21,1.52,-0.011,-0.061,-0.016,2.78,-13.59,1.63,0.000000,0.000000,2432.66
15.57,100065.25,42.97,105.41,9.71,-0.22,1.54,-0.012,-0.060,-0.017,2.78,-10.73,-1.08,0.000000,0.000000,2433.82
14.60,99902.38,42.95,119.12,9.69,-0.22,1.53,-0.012,-0.060,-0.016,4.79,-10.25,0.28,0.000000,0.000000,2434.97
15.56,100064.67,42.96,105.46,9.71,-0.21,1.53,-0.013,-0.060,-0.017,2.28,-12.16,-1.08,0.000000,0.000000,2436.12
14.65,99911.81,42.95,118.33,9.70,-0.21,1.54,-0.012,-0.061,-0.016,2.28,-10.25,1.63,0.000000,0.000000,2437.27
15.55,100053.99,42.96,105.23,9.69,-0.21,1.51,-0.013,-0.060,-0.017,2.78,-13.11,1.63,0.000000,0.000000,2438.43
14.57,99901.30,42.94,119.21,9.72,-0.21,1.51,-0.012,-0.061,-0.017,1.78,-11.68,1.63,0.000000,0.000000,2439.58
15.65,100064.55,42.95,105.47,9.70,-0.21,1.52,-0.012,-0.061,-0.016,3.29,-10.25,1.63,0.000000,0.000000,2440.73
14.71,99924.13,42.95,117.29,9.70,-0.23,1.54,-0.011,-0.060,-0.017,2.78,-11.21,2.09,0.000000,0.000000,2441.89
15.68,100071.89,42.94,104.86,9.69,-0.20,1.53,-0.011,-0.061,-0.017,1.78,-10.25,-0.63,0.000000,0.000000,2443.04
14.73,99929.13,42.95,116.87,9.71,-0.23,1.52,-0.012,-0.061,-0.016,1.78,-10.25,3.90,0.000000,0.000000,2444.19
15.67,100069.31,42.93,105.07,9.70,-0.22,1.52,-0.012,-0.060,-0.017,3.29,-12.16,1.63,0.000000,0.000000,2445.35
14.97,99967.58,42.94,113.63,9.71,-0.22,1.56,-0.013,-0.060,-0.017,2.28,-10.25,-2.44,0.000000,0.000000,2446.50
15.65,100066.88,42.95,105.28,9.71,-0.21,1.54,-0.011,-0.060,-0.017,4.79,-9.78,2.54,0.000000,0.000000,2447.65
15.07,99985.46,42.95,112.13,9.70,-0.23,1.51,-0.012,-0.061,-0.017,2.78,-8.82,-0.63,0.000000,0.000000,2448.80
15.51,100043.27,42.97,107.26,9.70,-0.23,1.54,-0.011,-0.061,-0.017,1.78,-10.25,0.28,0.000000,0.000000,2449.96
15.07,99986.30,42.94,112.06,9.71,-0.21,1.52,-0.011,-0.061,-0.016,3.29,-9.30,2.09,0.000000,0.000000,2451.11
15.40,100026.16,42.94,108.70,9.71,-0.22,1.54,-0.013,-0.060,-0.017,2.28,-13.59,-1.99,0.000000,0.000000,2452.26
15.14,99997.60,42.93,111.11,9.70,-0.22,1.52,-0.012,-0.061,-0.017,2.28,-9.30,1.18,0.000000,0.000000,2453.41
15.34,100015.94,42.94,109.56,9.71,-0.22,1.52,-0.013,-0.061,-0.016,3.79,-9.78,-0.63,0.000000,0.000000,2454.57
15.45,100048.10,42.95,106.86,9.71,-0.23,1.50,-0.011,-0.061,-0.017,1.78,-10.25,-1.08,0.000000,0.000000,2455.72
15.27,100007.11,42.93,110.31,9.71,-0.22,1.51,-0.013,-0.060,-0.017,3.29,-9.30,2.09,0.000000,0.000000,2456.87
15.55,100066.88,42.95,105.28,9.72,-0.22,1.52,-0.012,-0.060,-0.018,1.78,-12.16,1.18,0.000000,0.000000,2458.03
15.06,99972.59,42.94,113.21,9.71,-0.21,1.51,-0.012,-0.060,-0.017,2.28,-10.25,0.28,0.000000,0.000000,2459.18
15.53,100062.45,42.94,105.65,9.71,-0.21,1.55,-0.011,-0.060,-0.016,2.28,-10.73,1.18,0.000000,0.000000,2460.33
15.01,99967.47,42.92,113.64,9.71,-0.22,1.52,-0.012,-0.060,-0.018,2.28,-13.11,0.73,0.000000,0.000000,2461.49
15.64,100080.19,42.94,104.16,9.69,-0.21,1.52,-0.013,-0.062,-0.017,2.78,-10.73,0.28,0.000000,0.000000,2462.64
14.96,99957.38,42.92,114.49,9.71,-0.21,1.52,-0.011,-0.060,-0.016,2.78,-10.25,1.18,0.000000,0.000000,2463.79
15.56,100069.34,42.96,105.07,9.71,-0.21,1.51,-0.012,-0.060,-0.017,2.28,-11.21,1.18,0.000000,0.000000,2464.95
14.67,99913.09,42.92,118.22,9.71,-0.22,1.54,-0.012,-0.061,-0.017,2.78,-10.25,2.54,0.000000,0.000000,2466.10
15.55,100065.55,42.92,105.39,9.72,-0.22,1.50,-0.012,-0.060,-0.017,2.78,-10.25,-0.18,0.000000,0.000000,2467.25
14.67,99914.34,42.91,118.11,9.71,-0.23,1.53,-0.012,-0.061,-0.017,2.78,-10.73,1.18,0.000000,0.000000,2468.40
15.59,100071.55,42.92,104.89,9.72,-0.22,1.54,-0.012,-0.061,-0.018,2.28,-9.30,2.54,0.000000,0.000000,2469.56
14.62,99905.34,42.89,118.87,9.71,-0.19,1.49,-0.013,-0.060,-0.016,2.78,-11.68,-0.18,0.000000,0.000000,2470.71
15.57,100070.09,42.93,105.01,9.70,-0.20,1.52,-0.012,-0.061,-0.016,2.78,-10.25,0.28,0.000000,0.000000,2471.86
14.54,99896.95,42.90,119.58,9.69,-0.21,1.55,-0.012,-0.061,-0.017,1.78,-9.78,1.18,0.000000,0.000000,2473.01
15.58,100053.23,42.89,106.43,9.70,-0.21,1.53,-0.012,-0.060,-0.018,2.28,-11.68,0.28,0.000000,0.000000,2474.17
14.58,99902.67,42.88,119.10,9.70,-0.21,1.55,-0.012,-0.061,-0.016,2.78,-10.25,-1.99,0.000000,0.000000,2475.32
15.63,100065.00,42.89,105.44,9.70,-0.21,1.51,-0.013,-0.061,-0.017,3.29,-11.21,2.09,0.000000,0.000000,2476.48
14.71,99924.47,42.88,117.26,9.71,-0.21,1.51,-0.013,-0.060,-0.017,2.28,-13.11,3.90,0.000000,0.000000,2477.63
15.65,100068.30,42.87,105.16,9.71,-0.22,1.54,-0.011,-0.060,-0.017,3.29,-10.25,1.18,0.000000,0.000000,2478.78
14.84,99946.30,42.88,115.42,9.70,-0.20,1.51,-0.013,-0.061,-0.017,4.29,-11.68,2.09,0.000000,0.000000,2479.93
15.58,100055.23,42.88,106.26,9.71,-0.22,1.52,-0.012,-0.061,-0.017,2.78,-10.73,-2.89,0.000000,0.000000,2481.09
14.94,99963.03,42.88,114.02,9.70,-0.23,1.52,-0.012,-0.061,-0.017,4.79,-10.25,-0.18,0.000000,0.000000,2482.24
15.42,100031.67,42.88,108.24,9.71,-0.22,1.50,-0.012,-0.061,-0.017,1.78,-12.64,1.63,0.000000,0.000000,2483.39
15.02,99979.09,42.88,112.66,9.70,-0.22,1.54,-0.012,-0.060,-0.016,2.78,-10.25,2.09,0.000000,0.000000,2484.55
15.41,100028.80,42.88,108.48,9.70,-0.22,1.52,-0.012,-0.061,-0.016,1.78,-9.78,0.28,0.000000,0.000000,2485.70
15.08,99988.09,42.87,111.91,9.72,-0.23,1.51,-0.013,-0.060,-0.017,2.78,-12.16,-0.63,0.000000,0.000000,2486.85
15.32,100015.30,42.87,109.62,9.72,-0.20,1.49,-0.011,-0.061,-0.017,2.28,-9.78,0.73,0.000000,0.000000,2488.00
15.21,100009.20,42.88,110.13,9.70,-0.21,1.53,-0.013,-0.060,-0.017,2.28,-10.25,2.54,0.000000,0.000000,2489.16
15.18,99992.98,42.88,111.49,9.72,-0.21,1.51,-0.012,-0.060,-0.017,1.78,-10.25,0.28,0.000000,0.000000,2490.31
15.25,100019.52,42.91,109.26,9.70,-0.21,1.52,-0.012,-0.061,-0.017,3.29,-9.78,1.18,0.000000,0.000000,2491.46
15.07,99972.89,42.89,113.19,9.70,-0.22,1.51,-0.012,-0.060,-0.017,2.78,-12.16,2.09,0.000000,0.000000,2492.62
15.40,100041.18,42.89,107.44,9.72,-0.22,1.51,-0.012,-0.060,-0.017,3.29,-11.21,2.09,0.000000,0.000000,2493.77
15.03,99969.58,42.88,113.46,9.72,-0.21,1.53,-0.013,-0.061,-0.017,3.29,-11.21,1.63,0.000000,0.000000,2494.92
15.51,100061.16,42.89,105.76,9.71,-0.21,1.51,-0.013,-0.060,-0.017,2.28,-11.68,0.28,0.000000,0.000000,2496.08
14.98,99963.55,42.90,113.97,9.70,-0.22,1.56,-0.013,-0.061,-0.017,1.78,-9.78,0.73,0.000000,0.000000,2497.23
15.68,100087.89,42.90,103.51,9.68,-0.22,1.53,-0.012,-0.060,-0.016,3.79,-10.25,0.28,0.000000,0.000000,2498.38
14.73,99921.66,42.88,117.50,9.72,-0.23,1.52,-0.012,-0.061,-0.017,2.28,-12.16,-0.18,0.000000,0.000000,2499.54
15.58,100073.75,42.90,104.70,9.71,-0.19,1.54,-0.012,-0.061,-0.016,3.29,-9.30,1.63,0.000000,0.000000,2500.69
14.78,99931.48,42.90,116.67,9.69,-0.21,1.53,-0.012,-0.061,-0.017,2.28,-11.68,-0.63,0.000000,0.000000,2501.84
15.71,100089.39,42.90,103.38,9.69,-0.20,1.53,-0.013,-0.060,-0.017,1.78,-10.25,1.63,0.000000,0.000000,2502.99
14.75,99925.94,42.91,117.14,9.71,-0.22,1.54,-0.012,-0.061,-0.017,2.78,-10.73,2.54,0.000000,0.000000,2504.15
15.67,100086.19,42.91,103.65,9.69,-0.22,1.52,-0.012,-0.060,-0.017,2.28,-10.73,2.54,0.000000,0.000000,2505.30
14.73,99923.47,42.88,117.35,9.72,-0.22,1.50,-0.012,-0.060,-0.017,2.28,-10.73,-0.18,0.000000,0.000000,2506.45
15.62,100075.78,42.87,104.49,9.72,-0.23,1.52,-0.011,-0.060,-0.017,2.28,-10.25,3.44,0.000000,0.000000,2507.61
14.68,99918.62,42.86,117.75,9.70,-0.22,1.55,-0.013,-0.060,-0.017,1.78,-14.07,-0.18,0.000000,0.000000,2508.76
15.67,100070.48,42.89,104.97,9.71,-0.22,1.50,-0.012,-0.060,-0.016,3.29,-10.25,2.54,0.000000,0.000000,2509.91
14.77,99934.02,42.89,116.46,9.70,-0.22,1.50,-0.012,-0.060,-0.016,2.28,-10.73,1.63,0.000000,0.000000,2511.06
15.63,100066.27,42.88,105.33,9.71,-0.22,1.53,-0.013,-0.061,-0.016,2.78,-10.73,1.18,0.000000,0.000000,2512.22
14.75,99934.86,42.87,116.39,9.70,-0.22,1.54,-0.013,-0.060,-0.016,3.79,-10.73,2.54,0.000000,0.000000,2513.37
15.58,100055.41,42.91,106.24,9.72,-0.21,1.53,-0.011,-0.061,-0.017,2.78,-12.64,2.54,0.000000,0.000000,2514.52
14.84,99948.16,42.87,115.27,9.70,-0.21,1.52,-0.013,-0.059,-0.017,2.78,-10.73,0.28,0.000000,0.000000,2515.68
15.48,100041.78,42.88,107.39,9.69,-0.21,1.52,-0.012,-0.060,-0.016,1.27,-10.25,0.73,0.000000,0.000000,2516.83
14.92,99963.73,42.87,113.96,9.72,-0.22,1.53,-0.013,-0.060,-0.015,1.78,-11.68,-0.18,0.000000,0.000000,2517.98
15.36,100024.52,42.88,108.84,9.72,-0.21,1.52,-0.012,-0.060,-0.017,2.28,-10.73,2.09,0.000000,0.000000,2519.14
15.03,99985.41,42.88,112.13,9.70,-0.22,1.53,-0.011,-0.060,-0.017,1.78,-10.73,0.73,0.000000,0.000000,2520.29
15.29,100016.14,42.89,109.55,9.72,-0.21,1.52,-0.012,-0.060,-0.016,2.78,-11.21,-0.63,0.000000,0.000000,2521.44
15.13,99999.94,42.88,110.91,9.72,-0.20,1.51,-0.013,-0.060,-0.016,3.29,-9.78,2.54,0.000000,0.000000,2522.59
15.22,100001.84,42.88,110.75,9.70,-0.22,1.51,-0.012,-0.061,-0.017,2.28,-12.16,1.18,0.000000,0.000000,2523.75
15.22,100011.77,42.88,109.91,9.69,-0.23,1.54,-0.013,-0.061,-0.016,1.27,-10.25,-0.63,0.000000,0.000000,2524.90
15.12,99987.06,42.89,111.99,9.69,-0.21,1.51,-0.012,-0.060,-0.017,2.78,-10.73,0.28,0.000000,0.000000,2526.05
15.35,100035.48,42.89,107.92,9.71,-0.22,1.52,-0.013,-0.060,-0.017,2.28,-13.11,2.09,0.000000,0.000000,2527.21
15.01,99972.73,42.88,113.20,9.70,-0.21,1.51,-0.012,-0.060,-0.017,2.78,-9.30,1.63,0.000000,0.000000,2528.36
15.49,100060.17,42.88,105.84,9.71,-0.20,1.53,-0.011,-0.061,-0.017,1.27,-9.78,1.63,0.000000,0.000000,2529.51
14.96,99962.73,42.88,114.04,9.71,-0.24,1.51,-0.013,-0.061,-0.016,1.78,-13.11,-0.18,0.000000,0.000000,2530.67
15.60,100079.66,42.88,104.20,9.70,-0.21,1.53,-0.013,-0.060,-0.017,2.28,-10.25,1.63,0.000000,0.000000,2531.82
14.87,99949.39,42.87,115.16,9.69,-0.21,1.53,-0.012,-0.061,-0.017,1.78,-10.25,0.73,0.000000,0.000000,2532.97
15.60,100078.66,42.88,104.29,9.70,-0.21,1.54,-0.011,-0.060,-0.017,2.28,-10.25,1.18,0.000000,0.000000,2534.12
14.81,99940.48,42.87,115.91,9.71,-0.22,1.52,-0.012,-0.061,-0.016,3.29,-8.82,0.73,0.000000,0.000000,2535.28
15.62,100079.86,42.89,104.19,9.72,-0.23,1.52,-0.012,-0.060,-0.017,2.28,-11.68,-0.18,0.000000,0.000000,2536.43
14.67,99915.10,42.89,118.05,9.72,-0.22,1.53,-0.013,-0.061,-0.016,1.78,-10.73,1.18,0.000000,0.000000,2537.58
15.60,100082.83,42.89,103.94,9.70,-0.21,1.53,-0.012,-0.061,-0.017,1.78,-11.21,0.73,0.000000,0.000000,2538.74
14.69,99919.60,42.89,117.67,9.70,-0.21,1.55,-0.013,-0.060,-0.016,2.28,-12.64,0.28,0.000000,0.000000,2539.89
15.62,100081.88,42.91,104.02,9.72,-0.21,1.53,-0.012,-0.060,-0.016,3.29,-9.30,1.63,0.000000,0.000000,2541.04
14.60,99909.53,42.88,118.52,9.69,-0.21,1.51,-0.013,-0.060,-0.016,2.28,-12.64,3.44,0.000000,0.000000,2542.19
15.53,100060.25,42.88,105.84,9.71,-0.21,1.54,-0.012,-0.059,-0.017,2.28,-12.16,-0.18,0.000000,0.000000,2543.35
14.50,99895.51,42.88,119.70,9.71,-0.22,1.54,-0.013,-0.060,-0.017,3.79,-10.25,2.09,0.000000,0.000000,2544.50
15.67,100075.25,42.89,104.57,9.70,-0.21,1.52,-0.012,-0.060,-0.017,2.78,-11.21,0.28,0.000000,0.000000,2545.65
14.79,99941.72,42.90,115.81,9.70,-0.21,1.54,-0.012,-0.060,-0.016,2.28,-10.25,-1.08,0.000000,0.000000,2546.81
15.65,100071.05,42.88,104.93,9.70,-0.20,1.52,-0.013,-0.060,-0.017,2.28,-9.78,0.28,0.000000,0.000000,2547.96
14.83,99952.74,42.88,114.88,9.71,-0.20,1.53,-0.012,-0.060,-0.016,2.28,-12.64,0.28,0.000000,0.000000,2549.11
15.52,100053.13,42.89,106.43,9.69,-0.21,1.52,-0.012,-0.059,-0.017,2.28,-10.25,2.54,0.000000,0.000000,2550.27
14.91,99967.67,42.90,113.62,9.71,-0.21,1.53,-0.012,-0.060,-0.017,2.28,-11.68,3.44,0.000000,0.000000,2551.42
15.38,100031.23,42.89,108.28,9.69,-0.21,1.54,-0.013,-0.060,-0.016,1.78,-12.64,0.28,0.000000,0.000000,2552.57
15.05,99990.27,42.90,111.72,9.70,-0.22,1.54,-0.012,-0.061,-0.017,2.78,-9.78,0.73,0.000000,0.000000,2553.72
15.33,100027.22,42.90,108.61,9.72,-0.21,1.53,-0.012,-0.060,-0.015,2.78,-11.21,-0.63,0.000000,0.000000,2554.88
15.14,100005.01,42.90,110.48,9.71,-0.22,1.52,-0.013,-0.060,-0.016,2.28,-9.78,0.73,0.000000,0.000000,2556.03
15.11,99989.92,42.90,111.75,9.71,-0.21,1.53,-0.013,-0.059,-0.016,5.80,-9.78,2.99,0.000000,0.000000,2557.18
15.32,100034.56,42.90,108.00,9.70,-0.22,1.53,-0.012,-0.061,-0.017,0.77,-11.68,0.28,0.000000,0.000000,2558.34
15.05,99983.94,42.89,112.26,9.73,-0.22,1.53,-0.012,-0.060,-0.017,2.78,-10.73,0.28,0.000000,0.000000,2559.49
15.37,100046.15,42.93,107.02,9.69,-0.22,1.51,-0.011,-0.060,-0.017,1.78,-10.73,0.73,0.000000,0.000000,2560.64
14.92,99959.83,42.92,114.29,9.70,-0.22,1.51,-0.011,-0.059,-0.017,2.78,-11.68,-2.44,0.000000,0.000000,2561.80
15.40,100051.41,42.90,106.58,9.72,-0.22,1.52,-0.012,-0.060,-0.017,1.78,-9.78,1.18,0.000000,0.000000,2562.95
14.74,99932.02,42.89,116.63,9.71,-0.21,1.52,-0.012,-0.060,-0.016,3.29,-10.73,1.18,0.000000,0.000000,2564.10
15.55,100076.57,42.91,104.46,9.72,-0.22,1.54,-0.012,-0.060,-0.017,1.78,-11.68,-0.18,0.000000,0.000000,2565.26
14.65,99918.63,42.90,117.75,9.68,-0.20,1.53,-0.012,-0.061,-0.016,2.28,-9.78,2.09,0.000000,0.000000,2566.41
15.49,100067.49,42.92,105.23,9.70,-0.22,1.50,-0.012,-0.060,-0.018,4.29,-11.68,0.28,0.000000,0.000000,2567.56
14.61,99910.77,42.90,118.41,9.69,-0.21,1.54,-0.012,-0.061,-0.016,2.28,-9.78,4.35,0.000000,0.000000,2568.71
15.53,100069.14,42.92,105.09,9.70,-0.21,1.52,-0.012,-0.060,-0.016,2.78,-10.73,2.54,0.000000,0.000000,2569.87
14.58,99909.94,42.89,118.49,9.73,-0.22,1.49,-0.013,-0.061,-0.016,2.28,-11.21,0.28,0.000000,0.000000,2571.02
15.53,100071.73,42.89,104.87,9.71,-0.23,1.50,-0.013,-0.060,-0.017,2.28,-10.25,1.18,0.000000,0.000000,2572.17
14.53,99900.41,42.91,119.29,9.71,-0.21,1.51,-0.012,-0.060,-0.017,2.78,-11.21,1.63,0.000000,0.000000,2573.32
15.51,100065.20,42.91,105.42,9.68,-0.22,1.51,-0.012,-0.061,-0.017,1.78,-12.16,-0.18,0.000000,0.000000,2574.48
14.55,99906.84,42.91,118.75,9.71,-0.22,1.52,-0.012,-0.060,-0.017,2.28,-10.73,1.18,0.000000,0.000000,2575.63
15.56,100060.45,42.91,105.82,9.71,-0.21,1.54,-0.013,-0.060,-0.017,1.78,-10.73,0.73,0.000000,0.000000,2576.78
14.60,99914.78,42.91,118.08,9.71,-0.22,1.52,-0.012,-0.060,-0.017,2.28,-11.68,-0.18,0.000000,0.000000,2577.94
15.56,100063.34,42.94,105.58,9.70,-0.22,1.54,-0.012,-0.060,-0.017,2.78,-9.30,1.63,0.000000,0.000000,2579.09
14.71,99931.81,42.91,116.64,9.72,-0.21,1.53,-0.012,-0.060,-0.017,2.28,-11.21,0.28,0.000000,0.000000,2580.24
15.51,100055.66,42.94,106.22,9.69,-0.20,1.53,-0.012,-0.060,-0.016,2.78,-10.73,-0.63,0.000000,0.000000,2581.40
14.79,99948.62,42.92,115.23,9.70,-0.23,1.51,-0.012,-0.060,-0.016,3.79,-10.73,2.99,0.000000,0.000000,2582.55
15.41,100040.55,42.92,107.49,9.71,-0.23,1.51,-0.013,-0.060,-0.016,0.77,-12.64,3.44,0.000000,0.000000,2583.70
14.88,99962.11,42.92,114.09,9.71,-0.19,1.52,-0.011,-0.061,-0.017,2.28,-10.73,-1.08,0.000000,0.000000,2584.86
15.31,100023.42,42.92,108.93,9.71,-0.22,1.54,-0.012,-0.060,-0.016,3.79,-9.78,1.63,0.000000,0.000000,2586.01
15.01,99987.07,42.91,111.99,9.69,-0.21,1.54,-0.013,-0.061,-0.017,2.28,-12.16,-1.99,0.000000,0.000000,2587.16
15.24,100011.81,42.92,109.91,9.71,-0.21,1.51,-0.012,-0.060,-0.016,2.78,-10.73,0.28,0.000000,0.000000,2588.31
15.08,100000.83,42.92,110.83,9.72,-0.21,1.52,-0.012,-0.061,-0.017,1.78,-9.78,3.44,0.000000,0.000000,2589.47
15.11,99992.59,42.92,111.53,9.72,-0.22,1.52,-0.013,-0.060,-0.017,2.78,-12.16,1.63,0.000000,0.000000,2590.62
15.18,100018.47,42.92,109.35,9.72,-0.22,1.56,-0.011,-0.061,-0.017,2.28,-9.30,0.73,0.000000,0.000000,2591.77
14.94,99964.19,42.91,113.92,9.69,-0.19,1.51,-0.013,-0.061,-0.017,3.29,-8.82,2.09,0.000000,0.000000,2592.92
15.30,100035.97,42.93,107.88,9.74,-0.22,1.52,-0.012,-0.060,-0.016,2.28,-12.16,0.28,0.000000,0.000000,2594.08
14.82,99947.88,42.91,115.29,9.68,-0.21,1.53,-0.013,-0.060,-0.016,3.29,-9.30,1.63,0.000000,0.000000,2595.23
15.43,100056.52,42.96,106.15,9.70,-0.22,1.53,-0.012,-0.061,-0.017,3.29,-13.11,2.54,0.000000,0.000000,2596.39
14.70,99927.98,42.91,116.97,9.71,-0.24,1.52,-0.012,-0.060,-0.017,1.78,-10.25,2.54,0.000000,0.000000,2597.54
15.49,100068.52,42.92,105.14,9.71,-0.22,1.54,-0.012,-0.061,-0.017,2.78,-10.25,1.18,0.000000,0.000000,2598.69
14.60,99910.70,42.91,118.42,9.70,-0.23,1.53,-0.011,-0.060,-0.017,1.27,-13.11,0.73,0.000000,0.000000,2599.84
15.44,100060.89,42.94,105.78,9.71,-0.22,1.52,-0.013,-0.060,-0.017,1.78,-10.73,-0.63,0.000000,0.000000,2601.00
14.50,99895.75,42.95,119.68,9.70,-0.23,1.52,-0.013,-0.060,-0.017,2.78,-9.78,1.18,0.000000,0.000000,2602.15
15.44,100061.55,42.93,105.73,9.71,-0.20,1.55,-0.013,-0.061,-0.017,2.28,-12.64,1.18,0.000000,0.000000,2603.30
14.46,99892.03,42.90,119.99,9.71,-0.21,1.53,-0.013,-0.061,-0.017,1.78,-10.25,-1.08,0.000000,0.000000,2604.46
15.41,100056.13,42.94,106.18,9.69,-0.24,1.54,-0.012,-0.060,-0.017,3.79,-10.73,-0.18,0.000000,0.000000,2605.61
14.44,99889.08,42.91,120.24,9.69,-0.22,1.53,-0.012,-0.061,-0.016,2.28,-11.68,0.28,0.000000,0.000000,2606.76
15.41,100055.39,42.92,107.41,9.70,-0.23,1.53,-0.012,-0.060,-0.017,3.29,-10.25,1.63,0.000000,0.000000,2607.91
14.43,99890.50,42.91,120.12,9.68,-0.23,1.53,-0.013,-0.060,-0.017,1.27,-10.73,-0.18,0.000000,0.000000,2609.07
15.48,100052.59,42.91,106.48,9.73,-0.20,1.52,-0.013,-0.060,-0.017,2.28,-10.25,-0.63,0.000000,0.000000,2610.22
14.50,99904.65,42.90,118.93,9.69,-0.22,1.52,-0.012,-0.060,-0.017,3.29,-9.78,0.28,0.000000,0.000000,2611.37
15.50,100054.45,42.92,106.32,9.69,-0.21,1.53,-0.011,-0.061,-0.016,2.28,-10.73,-0.18,0.000000,0.000000,2612.53
14.63,99926.00,42.92,117.13,9.72,-0.21,1.54,-0.011,-0.060,-0.016,1.78,-9.78,1.63,0.000000,0.000000,2613.68
15.44,100047.14,42.92,106.94,9.73,-0.22,1.52,-0.012,-0.060,-0.016,4.29,-11.21,1.63,0.000000,0.000000,2614.83
14.71,99939.12,42.92,116.03,9.69,-0.21,1.51,-0.013,-0.061,-0.017,2.28,-12.16,1.18,0.000000,0.000000,2615.98
15.33,100029.72,42.92,108.40,9.69,-0.22,1.54,-0.012,-0.061,-0.017,2.78,-10.73,-1.08,0.000000,0.000000,2617.14
14.78,99951.47,42.93,114.99,9.72,-0.21,1.52,-0.013,-0.059,-0.016,3.79,-10.25,1.63,0.000000,0.000000,2618.29
15.24,100016.63,42.93,109.50,9.70,-0.19,1.53,-0.012,-0.060,-0.017,2.28,-11.68,0.73,0.000000,0.000000,2619.44
14.88,99963.87,42.93,113.94,9.71,-0.23,1.51,-0.011,-0.061,-0.016,2.28,-9.78,1.18,0.000000,0.000000,2620.60
15.10,99990.06,42.92,111.74,9.68,-0.21,1.50,-0.012,-0.061,-0.016,2.78,-12.16,1.18,0.000000,0.000000,2621.75
14.97,99984.25,42.96,112.23,9.71,-0.22,1.54,-0.012,-0.061,-0.016,2.28,-11.21,-0.63,0.000000,0.000000,2622.90
15.08,99989.61,42.93,111.78,9.70,-0.20,1.52,-0.013,-0.060,-0.016,1.78,-9.30,2.54,0.000000,0.000000,2624.05
15.18,100019.88,42.94,109.23,9.71,-0.22,1.54,-0.013,-0.062,-0.016,2.78,-11.21,0.73,0.000000,0.000000,2625.21
14.96,99971.06,42.93,113.34,9.69,-0.22,1.51,-0.013,-0.060,-0.016,2.28,-10.25,2.09,0.000000,0.000000,2626.36
15.29,100037.26,42.95,107.77,9.71,-0.22,1.52,-0.012,-0.061,-0.017,4.29,-8.82,1.18,0.000000,0.000000,2627.51
14.83,99950.43,42.92,115.08,9.70,-0.24,1.52,-0.012,-0.060,-0.017,2.78,-11.21,0.73,0.000000,0.000000,2628.67
15.36,100049.20,42.93,106.76,9.71,-0.22,1.53,-0.013,-0.060,-0.017,1.27,-10.25,2.54,0.000000,0.000000,2629.82
14.70,99927.73,42.91,116.99,9.72,-0.24,1.54,-0.012,-0.060,-0.017,2.78,-10.25,0.73,0.000000,0.000000,2630.97
15.45,100065.19,42.93,105.42,9.72,-0.23,1.52,-0.013,-0.060,-0.016,2.28,-12.16,1.18,0.000000,0.000000,2632.13
14.63,99919.12,42.93,117.71,9.71,-0.20,1.52,-0.013,-0.060,-0.017,3.29,-9.78,2.09,0.000000,0.000000,2633.28
15.44,100061.07,42.94,105.77,9.71,-0.22,1.53,-0.012,-0.062,-0.017,4.79,-11.21,0.73,0.000000,0.000000,2634.43
14.54,99906.20,42.92,118.80,9.70,-0.23,1.55,-0.012,-0.060,-0.018,1.78,-12.64,-1.99,0.000000,0.000000,2635.59
15.43,100063.09,42.94,105.60,9.72,-0.22,1.52,-0.013,-0.060,-0.017,2.78,-8.82,1.18,0.000000,0.000000,2636.74
14.44,99892.05,42.92,119.99,9.69,-0.22,1.51,-0.012,-0.061,-0.017,1.27,-11.68,0.73,0.000000,0.000000,2637.89
15.40,100055.52,42.94,106.23,9.70,-0.22,1.52,-0.013,-0.061,-0.016,1.78,-10.25,-1.54,0.000000,0.000000,2639.05
14.45,99894.44,42.92,119.79,9.72,-0.23,1.51,-0.012,-0.060,-0.017,2.28,-12.16,2.54,0.000000,0.000000,2640.20
15.42,100057.49,42.92,106.07,9.72,-0.20,1.53,-0.012,-0.061,-0.017,2.28,-11.68,2.99,0.000000,0.000000,2641.35
14.46,99896.70,42.92,119.60,9.71,-0.21,1.52,-0.012,-0.061,-0.017,2.78,-10.25,0.28,0.000000,0.000000,2642.50
15.51,100060.11,42.92,105.85,9.71,-0.23,1.53,-0.013,-0.060,-0.017,3.29,-9.30,0.28,0.000000,0.000000,2643.66
14.56,99914.66,42.92,118.09,9.72,-0.22,1.53,-0.012,-0.060,-0.016,1.78,-10.73,0.28,0.000000,0.000000,2644.81
15.52,100064.08,42.94,105.51,9.72,-0.21,1.53,-0.013,-0.060,-0.017,2.28,-9.78,1.18,0.000000,0.000000,2645.96
14.68,99936.13,42.95,116.28,9.71,-0.21,1.53,-0.012,-0.059,-0.017,3.79,-10.25,-0.63,0.000000,0.000000,2647.12
15.41,100044.70,42.93,107.14,9.71,-0.22,1.51,-0.012,-0.061,-0.017,2.28,-10.25,0.73,0.000000,0.000000,2648.27
14.75,99948.91,42.93,115.20,9.72,-0.21,1.52,-0.012,-0.060,-0.017,3.79,-9.30,0.28,0.000000,0.000000,2649.42
15.33,100032.31,42.93,108.19,9.70,-0.22,1.53,-0.013,-0.061,-0.017,3.29,-9.78,2.09,0.000000,0.000000,2650.57
14.90,99975.20,42.94,112.99,9.70,-0.22,1.55,-0.013,-0.061,-0.016,1.78,-10.25,0.28,0.000000,0.000000,2651.73
15.18,100009.31,42.91,110.12,9.71,-0.22,1.53,-0.012,-0.061,-0.016,2.78,-10.25,1.63,0.000000,0.000000,2652.88
14.98,99988.63,42.93,111.86,9.70,-0.22,1.52,-0.012,-0.060,-0.016,1.27,-11.21,0.73,0.000000,0.000000,2654.03
15.07,99992.63,42.92,111.52,9.70,-0.21,1.52,-0.012,-0.060,-0.017,1.78,-9.78,1.18,0.000000,0.000000,2655.18
15.11,100011.75,42.93,109.92,9.73,-0.23,1.51,-0.013,-0.061,-0.017,2.78,-10.25,2.09,0.000000,0.000000,2656.34
14.98,99975.48,42.93,112.97,9.69,-0.20,1.51,-0.013,-0.060,-0.017,2.28,-14.54,0.28,0.000000,0.000000,2657.49
15.26,100037.67,42.94,107.73,9.71,-0.22,1.52,-0.012,-0.061,-0.018,3.29,-9.30,0.28,0.000000,0.000000,2658.64
14.89,99965.06,42.93,113.84,9.71,-0.20,1.55,-0.013,-0.060,-0.016,2.78,-12.16,-1.08,0.000000,0.000000,2659.80
15.30,100041.97,42.94,107.37,9.70,-0.21,1.54,-0.013,-0.060,-0.018,2.28,-9.78,0.28,0.000000,0.000000,2660.95
14.86,99960.02,42.93,114.27,9.74,-0.22,1.53,-0.011,-0.061,-0.017,4.29,-10.25,2.09,0.000000,0.000000,2662.10
15.47,100074.54,42.94,104.63,9.71,-0.22,1.53,-0.013,-0.060,-0.015,2.28,-12.16,1.63,0.000000,0.000000,2663.26
14.63,99923.02,42.93,117.38,9.70,-0.22,1.50,-0.013,-0.060,-0.016,2.28,-10.73,-2.44,0.000000,0.000000,2664.41
15.32,100047.64,42.92,106.90,9.71,-0.23,1.52,-0.011,-0.060,-0.018,1.27,-12.16,0.73,0.000000,0.000000,2665.56
14.31,99873.45,42.91,121.56,9.71,-0.22,1.54,-0.012,-0.061,-0.017,2.28,-12.16,-0.18,0.000000,0.000000,2666.72
15.34,100050.92,42.94,106.62,9.71,-0.19,1.54,-0.012,-0.061,-0.015,1.78,-10.25,1.63,0.000000,0.000000,2667.87
14.40,99884.91,42.92,120.59,9.69,-0.22,1.52,-0.012,-0.060,-0.017,2.28,-9.78,1.63,0.000000,0.000000,2669.02
15.29,100042.65,42.93,107.32,9.70,-0.21,1.52,-0.012,-0.061,-0.015,1.78,-10.25,0.28,0.000000,0.000000,2670.18
14.37,99883.28,42.91,120.73,9.72,-0.23,1.55,-0.012,-0.060,-0.017,2.78,-10.73,1.63,0.000000,0.000000,2671.33
15.46,100067.67,42.92,105.21,9.72,-0.21,1.54,-0.013,-0.061,-0.016,3.29,-11.21,0.73,0.000000,0.000000,2672.48
14.31,99877.45,42.91,121.22,9.69,-0.20,1.53,-0.012,-0.060,-0.016,2.28,-10.25,1.63,0.000000,0.000000,2673.63
15.40,100043.68,42.91,107.23,9.70,-0.22,1.52,-0.012,-0.061,-0.017,2.28,-9.78,1.18,0.000000,0.000000,2674.79
14.41,99892.83,42.92,119.93,9.71,-0.22,1.55,-0.012,-0.060,-0.017,1.78,-13.59,2.09,0.000000,0.000000,2675.94
15.39,100047.11,42.92,106.94,9.72,-0.22,1.55,-0.013,-0.060,-0.017,2.28,-10.73,0.73,0.000000,0.000000,2677.09
14.53,99913.80,42.93,118.16,9.71,-0.22,1.53,-0.011,-0.060,-0.017,3.79,-10.25,0.28,0.000000,0.000000,2678.24
15.47,100056.29,42.93,106.17,9.71,-0.21,1.51,-0.012,-0.061,-0.017,2.78,-11.68,-1.54,0.000000,0.000000,2679.40
14.64,99934.95,42.93,116.38,9.72,-0.23,1.52,-0.013,-0.060,-0.016,2.78,-8.82,1.18,0.000000,0.000000,2680.55
15.20,100013.77,42.94,109.75,9.70,-0.21,1.53,-0.013,-0.060,-0.017,2.28,-10.25,1.63,0.000000,0.000000,2681.70
14.70,99944.80,42.93,115.55,9.70,-0.22,1.55,-0.012,-0.061,-0.017,1.27,-10.25,-1.08,0.000000,0.000000,2682.86
15.07,99994.55,42.92,111.36,9.71,-0.20,1.51,-0.013,-0.060,-0.017,2.78,-10.73,2.54,0.000000,0.000000,2684.01
14.73,99952.13,42.94,114.93,9.71,-0.21,1.52,-0.013,-0.059,-0.016,2.28,-10.73,-0.18,0.000000,0.000000,2685.16
14.94,99973.28,42.92,113.15,9.72,-0.23,1.52,-0.011,-0.060,-0.016,2.78,-10.73,2.09,0.000000,0.000000,2686.32
14.81,99965.42,42.94,113.81,9.70,-0.23,1.53,-0.012,-0.061,-0.017,1.27,-10.25,1.18,0.000000,0.000000,2687.47
14.92,99970.40,42.93,113.40,9.71,-0.22,1.54,-0.013,-0.060,-0.017,1.78,-9.78,0.28,0.000000,0.000000,2688.62
14.93,99986.04,42.97,112.08,9.68,-0.21,1.54,-0.012,-0.060,-0.016,2.28,-10.25,0.73,0.000000,0.000000,2689.77
14.85,99958.22,42.93,114.42,9.70,-0.22,1.52,-0.012,-0.061,-0.017,4.29,-10.73,3.44,0.000000,0.000000,2690.93
15.11,100015.42,42.94,109.61,9.71,-0.21,1.54,-0.013,-0.060,-0.017,1.78,-13.11,-0.63,0.000000,0.000000,2692.08
14.76,99947.65,42.93,115.31,9.70,-0.21,1.51,-0.012,-0.061,-0.017,2.28,-9.78,2.54,0.000000,0.000000,2693.23
15.27,100043.36,42.96,107.26,9.69,-0.21,1.55,-0.012,-0.060,-0.016,4.29,-11.21,1.18,0.000000,0.000000,2694.39
14.66,99929.61,42.95,116.83,9.71,-0.21,1.51,-0.013,-0.061,-0.017,2.28,-11.21,1.18,0.000000,0.000000,2695.54
15.30,100048.78,42.95,106.80,9.71,-0.22,1.53,-0.013,-0.061,-0.016,1.78,-9.78,1.63,0.000000,0.000000,2696.69
14.48,99901.72,42.92,119.18,9.70,-0.21,1.52,-0.013,-0.061,-0.017,2.28,-12.16,-1.08,0.000000,0.000000,2697.85
15.28,100042.04,42.95,107.37,9.71,-0.21,1.52,-0.011,-0.060,-0.017,2.78,-10.73,0.73,0.000000,0.000000,2699.00
14.31,99875.36,42.93,121.40,9.72,-0.24,1.54,-0.013,-0.061,-0.017,3.79,-11.21,0.73,0.000000,0.000000,2700.15
15.13,100020.77,42.94,109.16,9.71,-0.20,1.52,-0.013,-0.060,-0.016,2.78,-11.21,0.28,0.000000,0.000000,2701.30
14.41,99892.16,42.93,119.98,9.71,-0.21,1.54,-0.012,-0.060,-0.016,3.29,-10.25,0.28,0.000000,0.000000,2702.46
15.23,100035.98,42.96,107.88,9.69,-0.22,1.53,-0.012,-0.061,-0.016,2.78,-9.30,1.63,0.000000,0.000000,2703.61
14.24,99864.17,42.91,122.34,9.74,-0.22,1.53,-0.012,-0.059,-0.018,1.78,-11.68,-1.99,0.000000,0.000000,2704.76
15.17,100009.40,42.90,108.60,9.69,-0.21,1.54,-0.013,-0.060,-0.016,3.29,-9.78,2.54,0.000000,0.000000,2705.92
14.34,99882.34,42.91,120.81,9.72,-0.21,1.53,-0.012,-0.060,-0.015,2.78,-11.68,2.09,0.000000,0.000000,2707.07
15.30,100031.28,42.92,108.27,9.70,-0.22,1.52,-0.013,-0.061,-0.016,2.28,-9.78,-1.54,0.000000,0.000000,2708.22
14.28,99874.94,42.92,121.43,9.68,-0.21,1.53,-0.013,-0.061,-0.015,1.78,-10.73,-0.18,0.000000,0.000000,2709.38
15.40,100048.09,42.91,106.86,9.66,-0.18,1.53,-0.014,-0.060,-0.008,2.28,-12.16,0.73,0.000000,0.000000,2710.53
14.35,99887.24,42.91,120.40,9.73,-0.25,1.58,-0.012,-0.063,-0.022,2.28,-10.73,-1.08,0.000000,0.000000,2711.68
15.14,100007.84,42.90,110.24,9.69,-0.22,1.52,-0.013,-0.060,-0.016,3.79,-10.73,0.28,0.000000,0.000000,2712.83
14.51,99915.23,42.92,118.04,9.71,-0.21,1.53,-0.012,-0.060,-0.015,1.78,-13.11,2.99,0.000000,0.000000,2713.99
15.25,100026.19,42.93,108.70,9.70,-0.23,1.53,-0.012,-0.061,-0.016,2.78,-9.30,1.63,0.000000,0.000000,2715.14
14.55,99922.00,42.91,117.47,9.68,-0.21,1.54,-0.012,-0.060,-0.017,4.29,-12.16,-0.63,0.000000,0.000000,2716.29
15.19,100016.11,42.90,109.55,9.69,-0.23,1.52,-0.012,-0.061,-0.016,2.28,-10.73,-1.99,0.000000,0.000000,2717.45
14.79,99961.87,42.92,114.11,9.70,-0.21,1.51,-0.012,-0.060,-0.016,1.78,-10.25,2.09,0.000000,0.000000,2718.60
15.13,100008.20,42.93,110.21,9.72,-0.19,1.50,-0.011,-0.061,-0.017,3.79,-11.21,1.63,0.000000,0.000000,2719.75
14.74,99956.91,42.92,114.53,9.71,-0.22,1.53,-0.013,-0.060,-0.015,1.78,-10.25,-1.08,0.000000,0.000000,2720.91
14.99,99983.55,42.92,112.29,9.70,-0.20,1.53,-0.013,-0.060,-0.015,3.79,-11.21,1.18,0.000000,0.000000,2722.06
14.97,99991.02,42.92,111.66,9.73,-0.25,1.50,-0.015,-0.061,-0.014,2.28,-11.21,2.54,0.000000,0.000000,2723.21
14.86,99961.11,42.92,114.18,9.69,-0.20,1.52,-0.012,-0.060,-0.016,1.78,-10.25,1.18,0.000000,0.000000,2724.36
14.91,99987.59,42.91,111.95,9.70,-0.19,1.52,-0.012,-0.061,-0.016,3.79,-12.16,1.63,0.000000,0.000000,2725.52
14.73,99941.95,42.92,115.79,9.70,-0.22,1.54,-0.012,-0.061,-0.018,1.78,-11.21,0.28,0.000000,0.000000,2726.67
15.03,100006.07,42.92,110.39,9.69,-0.23,1.52,-0.013,-0.060,-0.017,2.78,-10.25,1.18,0.000000,0.000000,2727.82
14.84,99961.46,42.92,114.15,9.72,-0.22,1.53,-0.012,-0.061,-0.016,3.29,-11.21,2.54,0.000000,0.000000,2728.98
15.07,100012.47,42.92,109.85,9.69,-0.21,1.54,-0.012,-0.061,-0.017,2.78,-12.16,-0.63,0.000000,0.000000,2730.13
14.60,99923.09,42.91,117.38,9.71,-0.22,1.54,-0.012,-0.060,-0.016,2.78,-10.25,1.63,0.000000,0.000000,2731.28
15.17,100029.92,42.94,108.39,9.72,-0.24,1.54,-0.012,-0.060,-0.017,3.79,-10.25,1.18,0.000000,0.000000,2732.44
14.44,99898.55,42.92,119.44,9.69,-0.23,1.51,-0.013,-0.060,-0.016,2.28,-10.25,-1.08,0.000000,0.000000,2733.59
15.16,100029.53,42.93,108.42,9.71,-0.22,1.54,-0.012,-0.060,-0.017,2.78,-11.21,2.09,0.000000,0.000000,2734.74
14.58,99918.17,42.91,117.79,9.72,-0.22,1.55,-0.012,-0.060,-0.016,3.29,-10.73,0.28,0.000000,0.000000,2735.89
15.10,100021.55,42.93,109.09,9.69,-0.23,1.52,-0.013,-0.060,-0.017,2.28,-9.78,-1.54,0.000000,0.000000,2737.05
14.19,99859.88,42.91,122.70,9.71,-0.21,1.51,-0.012,-0.060,-0.016,2.78,-11.68,2.09,0.000000,0.000000,2738.20
15.23,100037.66,42.93,107.74,9.70,-0.21,1.55,-0.012,-0.060,-0.017,3.79,-12.64,0.28,0.000000,0.000000,2739.35
14.27,99875.08,42.91,121.42,9.70,-0.20,1.53,-0.012,-0.059,-0.016,1.78,-10.73,2.54,0.000000,0.000000,2740.51
15.26,100042.91,42.92,107.29,9.68,-0.20,1.55,-0.013,-0.061,-0.016,2.28,-11.68,2.54,0.000000,0.000000,2741.66
14.19,99863.05,42.91,122.43,9.71,-0.23,1.52,-0.012,-0.060,-0.016,2.28,-12.16,2.09,0.000000,0.000000,2742.81
15.22,100037.41,42.92,107.91,9.69,-0.21,1.54,-0.012,-0.060,-0.016,3.29,-10.73,0.73,0.000000,0.000000,2743.97
14.28,99877.69,42.92,121.20,9.70,-0.22,1.53,-0.013,-0.060,-0.017,1.27,-11.68,1.18,0.000000,0.000000,2745.12
15.35,100038.58,42.93,107.66,9.72,-0.22,1.52,-0.012,-0.060,-0.017,2.28,-13.59,-1.08,0.000000,0.000000,2746.27
14.35,99889.73,42.93,120.19,9.72,-0.21,1.54,-0.013,-0.060,-0.016,2.78,-9.30,1.63,0.000000,0.000000,2747.42
15.34,100044.52,42.93,107.16,9.69,-0.22,1.54,-0.012,-0.061,-0.016,1.78,-11.68,-0.18,0.000000,0.000000,2748.58
14.46,99909.18,42.93,118.55,9.71,-0.21,1.55,-0.012,-0.061,-0.016,2.28,-10.25,1.18,0.000000,0.000000,2749.73
15.64,100092.91,42.94,103.09,9.70,-0.21,1.53,-0.012,-0.061,-0.017,3.29,-9.78,1.63,0.000000,0.000000,2750.88
14.64,99944.30,42.94,115.59,9.71,-0.23,1.53,-0.013,-0.062,-0.016,0.77,-12.64,-1.54,0.000000,0.000000,2752.04
15.19,100018.54,42.97,109.34,9.69,-0.22,1.51,-0.013,-0.060,-0.017,1.78,-10.25,0.28,0.000000,0.000000,2753.19
14.51,99921.80,42.94,117.49,9.70,-0.19,1.53,-0.012,-0.061,-0.017,3.29,-10.73,-1.08,0.000000,0.000000,2754.34
14.94,99980.02,42.94,112.59,9.70,-0.21,1.56,-0.012,-0.060,-0.017,1.78,-11.21,2.54,0.000000,0.000000,2755.49
14.60,99938.58,42.92,116.07,9.72,-0.21,1.54,-0.014,-0.061,-0.016,2.78,-10.25,1.18,0.000000,0.000000,2756.65
14.94,99979.61,42.92,112.62,9.70,-0.22,1.54,-0.012,-0.060,-0.016,2.78,-12.16,1.63,0.000000,0.000000,2757.80
14.76,99964.70,42.93,113.88,9.68,-0.20,1.52,-0.013,-0.060,-0.018,1.78,-11.68,0.73,0.000000,0.000000,2758.95
14.89,99972.73,42.92,113.20,9.74,-0.21,1.51,-0.013,-0.060,-0.013,2.28,-8.35,1.63,0.000000,0.000000,2760.11
14.80,99971.59,42.93,113.29,9.71,-0.22,1.53,-0.013,-0.060,-0.015,5.80,-8.82,2.09,0.000000,0.000000,2761.26
14.68,99941.77,42.91,115.81,9.69,-0.19,1.52,-0.013,-0.060,-0.017,2.28,-10.25,-0.18,0.000000,0.000000,2762.41
14.72,99958.59,42.93,114.39,9.69,-0.22,1.52,-0.012,-0.060,-0.016,2.78,-9.30,1.63,0.000000,0.000000,2763.56
14.67,99938.47,42.91,116.08,9.72,-0.23,1.50,-0.011,-0.060,-0.017,2.78,-12.64,0.73,0.000000,0.000000,2764.72
14.72,99959.66,42.95,114.30,9.71,-0.23,1.53,-0.011,-0.060,-0.018,2.28,-9.78,-0.18,0.000000,0.000000,2765.87
14.67,99935.33,42.91,116.35,9.71,-0.23,1.54,-0.013,-0.061,-0.014,2.78,-10.25,1.63,0.000000,0.000000,2767.02
14.81,99975.73,42.90,112.95,9.73,-0.23,1.53,-0.012,-0.060,-0.012,2.28,-11.21,3.90,0.000000,0.000000,2768.18
14.48,99911.79,42.91,118.33,9.71,-0.19,1.54,-0.013,-0.060,-0.013,2.78,-10.73,1.18,0.000000,0.000000,2769.33
14.89,99988.89,42.91,111.84,9.72,-0.19,1.53,-0.013,-0.060,-0.015,1.78,-11.21,1.18,0.000000,0.000000,2770.48
14.50,99913.82,42.91,118.16,9.70,-0.21,1.53,-0.012,-0.059,-0.017,2.28,-11.21,0.28,0.000000,0.000000,2771.64
15.03,100010.91,42.92,109.99,9.70,-0.21,1.55,-0.013,-0.060,-0.015,2.28,-9.30,2.99,0.000000,0.000000,2772.79
14.36,99891.13,42.91,120.07,9.71,-0.20,1.55,-0.011,-0.060,-0.017,1.78,-11.21,1.18,0.000000,0.000000,2773.94
15.11,100021.86,42.95,109.06,9.69,-0.20,1.53,-0.012,-0.060,-0.019,2.78,-9.78,1.18,0.000000,0.000000,2775.10
14.48,99907.81,42.93,118.66,9.70,-0.22,1.53,-0.011,-0.060,-0.018,3.79,-9.78,-0.18,0.000000,0.000000,2776.25
15.37,100064.17,42.93,105.51,9.70,-0.20,1.54,-0.013,-0.060,-0.016,2.28,-11.21,2.54,0.000000,0.000000,2777.40
14.49,99914.17,42.93,118.13,9.69,-0.21,1.51,-0.012,-0.060,-0.017,1.78,-9.78,-1.99,0.000000,0.000000,2778.55
15.24,100042.25,42.92,107.35,9.68,-0.20,1.51,-0.013,-0.060,-0.015,3.29,-10.25,0.73,0.000000,0.000000,2779.71
14.11,99852.30,42.90,123.34,9.71,-0.22,1.55,-0.013,-0.060,-0.018,1.78,-10.73,2.09,0.000000,0.000000,2780.86
15.08,100019.84,42.94,109.23,9.72,-0.22,1.54,-0.012,-0.060,-0.014,2.28,-10.25,0.28,0.000000,0.000000,2782.01
14.22,99868.31,42.91,121.99,9.70,-0.20,1.53,-0.012,-0.061,-0.016,1.27,-11.68,0.28,0.000000,0.000000,2783.17
15.12,100027.23,42.92,108.61,9.71,-0.24,1.51,-0.012,-0.060,-0.017,1.78,-10.25,-1.08,0.000000,0.000000,2784.32
14.09,99850.11,42.91,123.52,9.70,-0.22,1.54,-0.013,-0.060,-0.016,3.29,-10.73,2.54,0.000000,0.000000,2785.47
15.08,100021.77,42.89,109.07,9.72,-0.19,1.53,-0.012,-0.060,-0.016,3.29,-11.68,1.18,0.000000,0.000000,2786.63
14.01,99840.82,42.90,124.31,9.70,-0.21,1.54,-0.012,-0.060,-0.017,2.28,-9.78,-0.18,0.000000,0.000000,2787.78
15.01,100007.52,42.89,109.84,9.71,-0.21,1.51,-0.013,-0.060,-0.017,4.79,-10.25,1.63,0.000000,0.000000,2788.93
14.19,99867.22,42.91,122.08,9.71,-0.24,1.52,-0.013,-0.060,-0.017,2.28,-9.78,-1.08,0.000000,0.000000,2790.08
15.28,100037.27,42.91,107.77,9.72,-0.22,1.52,-0.012,-0.060,-0.018,2.28,-10.25,-1.99,0.000000,0.000000,2791.24
14.19,99869.30,42.90,121.91,9.70,-0.24,1.50,-0.011,-0.060,-0.019,4.79,-9.78,-0.18,0.000000,0.000000,2792.39
15.34,100045.03,42.91,107.12,9.73,-0.24,1.52,-0.013,-0.060,-0.014,0.77,-12.16,1.18,0.000000,0.000000,2793.54
14.18,99870.89,42.90,121.77,9.72,-0.20,1.56,-0.012,-0.060,-0.014,2.78,-10.73,0.73,0.000000,0.000000,2794.70
15.18,100017.97,42.90,109.39,9.72,-0.21,1.52,-0.011,-0.060,-0.017,2.28,-10.73,2.99,0.000000,0.000000,2795.85
14.28,99884.35,42.90,120.64,9.71,-0.30,1.53,-0.012,-0.060,-0.018,1.78,-10.73,-0.18,0.000000,0.000000,2797.00
15.13,100011.60,42.90,109.93,9.68,-0.23,1.54,-0.012,-0.061,-0.015,3.29,-9.30,2.54,0.000000,0.000000,2798.15
14.50,99917.80,42.94,117.82,9.71,-0.21,1.54,-0.012,-0.061,-0.015,1.78,-12.16,-0.18,0.000000,0.000000,2799.31
15.39,100054.37,42.91,106.33,9.68,-0.22,1.50,-0.012,-0.061,-0.020,1.27,-10.25,-0.18,0.000000,0.000000,2800.46
14.64,99943.80,42.91,115.63,9.57,-0.50,1.74,-0.005,-0.105,-0.087,2.78,-10.25,0.73,0.000000,0.000000,2801.61
17.81,100438.20,42.97,74.09,9.74,2.75,5.50,-1.802,0.039,0.687,3.79,-10.73,2.99,0.000000,0.000000,2802.76
18.97,100632.92,43.01,57.78,-5.62,-7.75,-1.59,-0.929,0.150,1.180,-6.77,5.96,-1.99,0.000000,0.000000,2803.92
18.15,100491.16,43.01,69.66,8.99,3.99,1.26,1.843,-0.050,1.012,6.30,-8.35,1.18,0.000000,0.000000,2805.07
14.52,99937.89,42.98,116.13,10.47,0.54,1.48,-0.002,-0.011,0.053,4.29,-12.16,3.44,0.000000,0.000000,2806.23
14.70,99951.91,42.95,114.95,9.69,0.11,1.66,-0.011,-0.059,-0.017,3.29,-10.25,0.28,0.000000,0.000000,2807.38
15.31,100050.91,42.97,106.62,9.68,0.16,1.71,-0.013,-0.064,-0.014,2.78,-12.16,3.44,0.000000,0.000000,2808.53
14.49,99920.42,42.96,117.60,9.66,0.15,1.71,-0.012,-0.060,-0.017,2.78,-10.25,0.28,0.000000,0.000000,2809.68
15.52,100077.00,42.96,104.43,9.69,0.15,1.71,-0.012,-0.059,-0.017,2.78,-9.78,-1.54,0.000000,0.000000,2810.84
14.65,99948.28,42.96,115.26,9.66,0.16,1.71,-0.012,-0.062,-0.016,2.78,-10.25,1.18,0.000000,0.000000,2811.99
15.54,100085.02,42.97,103.75,9.66,0.15,1.71,-0.012,-0.060,-0.017,3.79,-10.73,0.73,0.000000,0.000000,2813.15
14.84,99983.38,42.99,112.30,9.74,0.08,1.80,-0.011,-0.056,-0.015,1.78,-12.16,1.18,0.000000,0.000000,2814.30
15.05,100003.63,42.97,110.60,9.68,0.06,1.72,-0.013,-0.061,-0.017,3.29,-10.25,2.09,0.000000,0.000000,2815.45
14.86,99984.09,42.97,112.24,9.69,0.07,1.78,-0.012,-0.063,-0.016,3.79,-11.21,1.18,0.000000,0.000000,2816.61
14.99,99993.80,42.96,111.43,9.66,0.08,1.75,-0.013,-0.060,-0.017,2.78,-9.78,-0.63,0.000000,0.000000,2817.76
14.78,99971.90,42.95,113.27,9.65,0.06,1.74,-0.011,-0.063,-0.017,4.79,-10.25,1.18,0.000000,0.000000,2818.91
14.93,99978.97,42.97,112.67,9.68,0.06,1.72,-0.012,-0.060,-0.017,2.78,-12.64,1.63,0.000000,0.000000,2820.06
14.99,100007.53,42.96,110.27,9.68,0.05,1.78,-0.012,-0.060,-0.017,2.28,-10.25,0.28,0.000000,0.000000,2821.22
14.70,99947.74,42.94,115.30,9.68,0.07,1.70,-0.013,-0.060,-0.016,3.29,-9.30,0.73,0.000000,0.000000,2822.37
15.14,100032.03,42.96,108.21,9.67,0.06,1.75,-0.012,-0.061,-0.016,2.78,-12.16,1.18,0.000000,0.000000,2823.52
13.98,99831.45,42.94,125.10,8.07,1.97,5.62,-1.936,1.549,-1.420,3.79,-9.30,5.71,0.000000,0.000000,2824.68
14.27,99893.63,42.97,119.86,-8.75,-0.23,1.66,0.129,-0.089,-0.037,3.79,6.44,4.80,0.000000,0.000000,2825.83
14.54,99913.63,43.01,118.17,-0.11,7.63,4.20,1.817,-2.832,2.555,11.83,-0.72,2.99,0.000000,0.000000,2826.98
14.76,99973.78,43.00,113.11,8.33,0.38,4.65,-0.492,0.566,0.729,2.78,-9.78,4.80,0.000000,0.000000,2828.14
13.42,99751.31,42.98,131.85,9.55,0.05,1.77,-0.011,-0.072,-0.015,3.29,-11.21,2.54,0.000000,0.000000,2829.29
15.36,100068.97,43.02,105.10,9.66,0.05,1.76,-0.012,-0.059,-0.017,3.29,-11.68,0.73,0.000000,0.000000,2830.45
14.67,99946.81,43.01,115.38,9.67,0.01,1.73,-0.012,-0.063,-0.017,2.28,-12.16,0.28,0.000000,0.000000,2831.60
15.56,100095.69,43.03,102.86,5.13,0.84,8.37,-1.375,2.728,-2.385,3.79,-6.92,9.78,0.000000,0.000000,2832.75
14.32,99895.66,43.00,119.69,-3.01,-5.96,7.76,0.981,-0.410,0.513,-4.76,0.24,9.33,0.000000,0.000000,2833.91
15.90,100138.61,43.02,99.25,7.07,2.02,-6.82,0.352,-0.580,0.010,4.79,-5.96,-8.33,0.000000,0.000000,2835.06
14.34,99896.67,43.01,119.60,5.36,1.68,-8.03,-0.057,0.112,-0.004,4.29,-5.01,-7.87,0.000000,0.000000,2836.21
14.85,99977.20,42.99,112.82,9.49,0.27,3.12,0.000,0.194,-0.235,4.79,-9.78,1.63,0.000000,0.000000,2837.36
14.59,99941.04,43.00,115.87,9.66,0.04,1.73,-0.011,-0.065,-0.017,2.28,-11.21,2.54,0.000000,0.000000,2838.52
15.38,100058.16,43.01,106.01,9.67,0.04,1.69,-0.011,-0.059,-0.016,3.29,-10.73,1.63,0.000000,0.000000,2839.67
14.64,99950.39,43.00,115.08,9.69,0.03,1.74,-0.013,-0.062,-0.017,3.79,-10.25,1.63,0.000000,0.000000,2840.83
15.27,100042.19,43.00,107.35,9.68,0.04,1.76,-0.011,-0.062,-0.016,2.28,-11.68,0.28,0.000000,0.000000,2841.98
14.84,99984.45,43.00,112.21,9.64,0.05,1.73,-0.013,-0.060,-0.017,2.78,-9.78,2.99,0.000000,0.000000,2843.13
15.13,100019.94,43.01,109.23,9.68,0.04,1.75,-0.011,-0.061,-0.016,1.78,-11.21,2.09,0.000000,0.000000,2844.29
14.99,100010.20,43.01,110.05,9.66,0.05,1.73,-0.012,-0.060,-0.018,2.28,-9.78,1.63,0.000000,0.000000,2845.44
15.09,100015.25,42.99,109.62,9.66,0.04,1.74,-0.012,-0.060,-0.016,3.29,-10.25,0.73,0.000000,0.000000,2846.59
15.11,100029.52,42.99,108.42,9.67,0.04,1.74,-0.012,-0.061,-0.017,2.78,-12.16,2.09,0.000000,0.000000,2847.75
14.74,99958.84,43.00,114.37,9.68,0.05,1.76,-0.013,-0.061,-0.017,2.28,-9.78,3.90,0.000000,0.000000,2848.90
15.22,100047.86,43.00,106.88,9.65,0.07,1.75,-0.012,-0.061,-0.016,4.29,-11.21,1.63,0.000000,0.000000,2850.05
14.81,99965.64,42.99,113.80,9.67,0.04,1.74,-0.013,-0.060,-0.017,1.78,-13.11,1.63,0.000000,0.000000,2851.20
15.29,100060.41,43.00,105.82,9.67,0.06,1.73,-0.012,-0.061,-0.017,3.29,-9.78,2.09,0.000000,0.000000,2852.36
14.61,99939.06,42.98,116.03,9.67,0.05,1.75,-0.011,-0.060,-0.017,1.27,-11.21,1.63,0.000000,0.000000,2853.51
15.37,100070.34,43.00,104.99,9.66,0.06,1.74,-0.012,-0.060,-0.018,2.28,-10.25,1.63,0.000000,0.000000,2854.66
14.59,99935.05,42.98,116.37,9.66,0.05,1.74,-0.012,-0.060,-0.017,3.29,-9.30,1.18,0.000000,0.000000,2855.81
15.35,100068.66,42.99,105.13,9.65,0.06,1.75,-0.012,-0.060,-0.015,3.29,-11.21,-0.18,0.000000,0.000000,2856.97
14.48,99916.52,42.98,117.93,9.66,0.06,1.74,-0.012,-0.060,-0.017,2.78,-10.25,-1.08,0.000000,0.000000,2858.12
15.35,100069.50,42.98,105.06,9.66,0.06,1.73,-0.012,-0.060,-0.017,2.28,-9.78,1.18,0.000000,0.000000,2859.27
14.26,99886.48,42.96,120.46,9.66,0.04,1.76,-0.012,-0.060,-0.017,2.78,-12.16,-0.18,0.000000,0.000000,2860.43
15.17,100031.36,42.97,107.43,9.66,0.04,1.74,-0.011,-0.060,-0.016,1.78,-10.25,0.28,0.000000,0.000000,2861.58
14.07,99852.32,42.94,123.34,9.68,0.04,1.74,-0.011,-0.061,-0.018,3.79,-11.68,0.73,0.000000,0.000000,2862.73
15.11,100016.01,42.94,109.56,9.67,0.06,1.74,-0.012,-0.060,-0.017,2.28,-14.07,0.73,0.000000,0.000000,2863.89
14.07,99853.14,42.94,123.27,9.69,0.04,1.74,-0.012,-0.061,-0.017,2.78,-9.30,0.73,0.000000,0.000000,2865.04
15.20,100028.25,42.93,108.53,9.65,0.04,1.75,-0.013,-0.060,-0.017,4.79,-12.16,0.73,0.000000,0.000000,2866.19
14.22,99881.27,42.93,120.90,9.67,0.03,1.75,-0.011,-0.061,-0.016,1.78,-10.73,1.18,0.000000,0.000000,2867.34
15.09,100010.34,42.92,110.03,9.66,0.05,1.75,-0.011,-0.060,-0.017,2.78,-6.92,2.09,0.000000,0.000000,2868.50
14.27,99890.20,42.92,120.15,9.66,0.05,1.75,-0.012,-0.060,-0.017,2.28,-11.68,1.63,0.000000,0.000000,2869.65
15.19,100026.97,42.93,108.63,9.69,0.04,1.74,-0.013,-0.060,-0.016,2.78,-10.25,-2.44,0.000000,0.000000,2870.81
14.48,99920.87,42.94,117.57,9.69,0.05,1.75,-0.011,-0.060,-0.017,3.29,-9.78,1.18,0.000000,0.000000,2871.96
15.12,100016.72,42.92,109.50,9.67,0.05,1.76,-0.012,-0.061,-0.016,1.78,-12.16,1.63,0.000000,0.000000,2873.11
14.63,99950.31,42.92,115.09,9.67,0.04,1.73,-0.011,-0.059,-0.017,1.78,-9.78,0.28,0.000000,0.000000,2874.26
15.08,100009.49,42.93,110.11,9.64,0.05,1.74,-0.013,-0.060,-0.017,2.28,-9.78,2.09,0.000000,0.000000,2875.42
14.59,99944.69,42.93,115.56,9.69,0.05,1.74,-0.012,-0.060,-0.016,2.78,-12.16,1.63,0.000000,0.000000,2876.57
14.90,99980.30,42.92,112.56,9.68,0.06,1.76,-0.012,-0.060,-0.017,3.29,-9.78,0.73,0.000000,0.000000,2877.72
14.66,99954.42,42.96,114.74,9.66,0.04,1.76,-0.013,-0.059,-0.016,3.29,-10.25,-0.18,0.000000,0.000000,2878.88
14.87,99976.89,42.93,112.85,9.67,0.04,1.75,-0.013,-0.061,-0.016,2.78,-10.73,-0.63,0.000000,0.000000,2880.03
14.75,99970.98,42.93,113.35,9.67,0.05,1.74,-0.012,-0.061,-0.016,3.29,-10.25,2.54,0.000000,0.000000,2881.18
14.68,99947.77,42.91,115.30,9.67,0.03,1.73,-0.012,-0.060,-0.017,1.78,-10.73,1.18,0.000000,0.000000,2882.33
14.84,99985.22,42.95,112.15,9.68,0.05,1.76,-0.012,-0.062,-0.017,2.78,-10.73,0.73,0.000000,0.000000,2883.49
14.73,99954.72,42.90,114.72,9.66,0.03,1.75,-0.012,-0.060,-0.016,3.79,-9.78,0.28,0.000000,0.000000,2884.64
15.06,100020.56,42.92,109.17,9.68,0.05,1.75,-0.012,-0.060,-0.017,2.78,-11.21,0.28,0.000000,0.000000,2885.79
14.56,99927.50,42.90,117.01,9.68,0.05,1.75,-0.012,-0.061,-0.016,2.28,-10.73,1.63,0.000000,0.000000,2886.95
15.02,100016.61,42.92,109.51,9.66,0.05,1.74,-0.011,-0.061,-0.016,2.78,-11.21,1.63,0.000000,0.000000,2888.10
14.44,99907.72,42.90,118.67,9.68,0.04,1.78,-0.012,-0.060,-0.017,2.28,-13.11,-0.63,0.000000,0.000000,2889.25
15.09,100025.59,42.93,108.75,9.67,0.06,1.74,-0.012,-0.060,-0.016,2.78,-9.78,2.54,0.000000,0.000000,2890.40
14.36,99896.36,42.91,119.63,9.67,0.05,1.73,-0.013,-0.060,-0.017,3.79,-11.21,1.63,0.000000,0.000000,2891.56
15.16,100039.03,42.90,107.62,9.68,0.05,1.76,-0.012,-0.061,-0.017,2.28,-11.21,-1.54,0.000000,0.000000,2892.71
14.26,99880.00,42.90,121.01,9.68,0.03,1.75,-0.011,-0.061,-0.016,2.28,-7.87,2.54,0.000000,0.000000,2893.86
15.14,100034.78,42.92,107.98,9.67,0.03,1.73,-0.012,-0.060,-0.017,2.78,-11.68,0.73,0.000000,0.000000,2895.02
14.19,99867.31,42.90,122.08,9.68,0.06,1.73,-0.012,-0.060,-0.017,2.28,-10.25,-0.63,0.000000,0.000000,2896.17
15.11,100030.53,42.93,108.34,9.66,0.04,1.75,-0.011,-0.060,-0.017,3.29,-11.21,1.63,0.000000,0.000000,2897.32
14.15,99863.81,42.91,122.37,9.67,0.06,1.76,-0.012,-0.061,-0.017,2.78,-10.73,0.73,0.000000,0.000000,2898.47
15.08,100024.66,42.93,108.83,9.65,0.05,1.76,-0.011,-0.061,-0.017,1.78,-9.78,-0.18,0.000000,0.000000,2899.63
14.12,99861.08,42.91,122.60,9.67,0.06,1.75,-0.013,-0.060,-0.016,2.28,-10.25,0.73,0.000000,0.000000,2900.78
15.07,100023.97,42.92,108.89,9.67,0.05,1.75,-0.013,-0.060,-0.017,2.78,-11.21,-0.18,0.000000,0.000000,2901.94
14.20,99875.66,42.91,121.37,9.67,0.06,1.73,-0.013,-0.060,-0.017,2.28,-9.78,1.18,0.000000,0.000000,2903.09
15.07,100018.45,42.94,108.66,9.67,0.03,1.74,-0.011,-0.059,-0.017,2.28,-10.73,2.99,0.000000,0.000000,2904.24
14.10,99861.30,42.91,122.58,9.65,0.07,1.78,-0.011,-0.061,-0.016,2.28,-10.25,1.63,0.000000,0.000000,2905.39
15.31,100048.43,42.92,106.83,9.68,0.04,1.76,-0.012,-0.060,-0.017,2.78,-9.78,1.18,0.000000,0.000000,2906.55
14.12,99865.08,42.91,122.26,9.68,0.04,1.77,-0.012,-0.061,-0.018,2.28,-12.16,1.18,0.000000,0.000000,2907.70
15.23,100033.08,42.90,108.12,9.67,0.04,1.74,-0.011,-0.060,-0.017,2.28,-10.25,0.28,0.000000,0.000000,2908.85
14.18,99874.73,42.90,121.45,9.68,0.04,1.75,-0.011,-0.061,-0.017,2.78,-10.25,1.18,0.000000,0.000000,2910.00
15.23,100033.84,42.92,108.06,9.67,0.06,1.76,-0.013,-0.061,-0.016,2.28,-11.21,2.54,0.000000,0.000000,2911.16
14.19,99877.02,42.93,121.26,9.68,0.05,1.75,-0.013,-0.060,-0.017,2.28,-9.78,-1.08,0.000000,0.000000,2912.31
15.17,100023.16,42.91,108.96,9.69,0.05,1.75,-0.012,-0.061,-0.016,4.79,-9.78,1.18,0.000000,0.000000,2913.46
14.32,99898.08,42.90,119.48,9.67,0.04,1.73,-0.013,-0.060,-0.016,2.28,-11.21,0.73,0.000000,0.000000,2914.62
15.14,100019.60,42.90,109.25,9.66,0.06,1.75,-0.012,-0.060,-0.017,2.78,-10.25,2.09,0.000000,0.000000,2915.77
14.45,99918.34,42.95,117.78,9.68,0.05,1.73,-0.012,-0.061,-0.017,1.78,-11.21,1.63,0.000000,0.000000,2916.92
15.13,100015.29,42.92,109.62,9.67,0.07,1.73,-0.013,-0.061,-0.017,2.28,-11.68,3.44,0.000000,0.000000,2918.08
14.52,99933.23,42.92,116.52,9.67,0.03,1.76,-0.012,-0.060,-0.016,1.78,-10.25,0.73,0.000000,0.000000,2919.23
15.02,100002.18,42.92,110.72,9.69,0.06,1.74,-0.012,-0.060,-0.017,4.29,-12.16,1.63,0.000000,0.000000,2920.38
14.58,99943.30,42.91,115.68,9.64,0.06,1.72,-0.012,-0.057,-0.017,3.29,-10.73,0.73,0.000000,0.000000,2921.53
14.97,99994.50,42.91,111.37,9.67,0.07,1.69,-0.012,-0.057,-0.017,2.28,-8.82,0.28,0.000000,0.000000,2922.69
14.69,99961.48,42.91,114.15,9.67,0.05,1.73,-0.012,-0.064,-0.017,1.27,-11.68,0.73,0.000000,0.000000,2923.84
14.91,99985.42,42.90,112.13,9.68,0.05,1.77,-0.013,-0.060,-0.017,2.28,-10.25,-0.63,0.000000,0.000000,2924.99
14.79,99977.67,42.92,112.78,9.67,0.04,1.72,-0.012,-0.059,-0.016,2.78,-10.73,1.63,0.000000,0.000000,2926.15
14.76,99962.45,42.92,114.06,9.67,0.04,1.76,-0.012,-0.061,-0.017,1.78,-12.16,-0.18,0.000000,0.000000,2927.30
14.85,99987.37,42.92,111.97,9.67,0.02,1.77,-0.012,-0.061,-0.015,2.78,-10.73,-1.54,0.000000,0.000000,2928.45
14.76,99959.98,42.92,114.27,9.66,0.03,1.75,-0.012,-0.060,-0.016,4.79,-10.25,2.09,0.000000,0.000000,2929.61
14.92,99997.07,42.92,111.15,9.68,0.05,1.73,-0.011,-0.061,-0.015,2.28,-10.73,1.18,0.000000,0.000000,2930.76
14.59,99935.55,42.94,116.33,9.68,0.05,1.77,-0.013,-0.060,-0.017,3.29,-10.73,1.63,0.000000,0.000000,2931.91
14.85,99990.77,42.93,111.68,9.68,0.05,1.75,-0.012,-0.060,-0.016,3.29,-11.68,-1.54,0.000000,0.000000,2933.07
14.52,99922.59,42.90,117.42,9.66,0.04,1.74,-0.013,-0.061,-0.017,2.78,-9.78,0.73,0.000000,0.000000,2934.22
14.98,100014.45,42.92,109.69,9.68,0.05,1.75,-0.011,-0.060,-0.017,3.79,-9.30,0.73,0.000000,0.000000,2935.37
14.40,99905.22,42.90,118.88,9.68,0.03,1.75,-0.012,-0.060,-0.016,1.78,-12.16,-0.18,0.000000,0.000000,2936.52
15.07,100027.30,42.92,108.61,9.63,0.03,1.75,-0.009,-0.069,-0.019,3.29,-10.25,-0.18,0.000000,0.000000,2937.68
14.41,99906.31,42.93,118.79,9.62,0.07,1.77,-0.011,-0.070,-0.016,1.78,-11.21,0.28,0.000000,0.000000,2938.83
15.27,100055.05,42.92,106.27,9.54,0.02,1.72,-0.013,-0.074,-0.014,2.28,-11.68,2.09,0.000000,0.000000,2939.98
14.29,99887.56,42.92,120.37,9.66,0.09,1.67,-0.012,-0.057,-0.017,2.28,-10.25,-1.08,0.000000,0.000000,2941.14
15.18,100042.31,42.94,107.34,9.67,0.05,1.72,-0.013,-0.067,-0.017,3.29,-10.25,0.28,0.000000,0.000000,2942.29
14.21,99872.90,42.90,121.60,9.64,0.05,1.82,-0.012,-0.062,-0.017,1.78,-13.59,0.28,0.000000,0.000000,2943.44
15.12,100029.56,42.92,108.42,9.67,0.04,1.74,-0.013,-0.057,-0.017,3.29,-10.25,1.63,0.000000,0.000000,2944.60
14.13,99861.39,42.94,122.57,9.67,0.05,1.74,-0.011,-0.062,-0.017,1.27,-10.73,1.18,0.000000,0.000000,2945.75
15.12,100033.47,42.91,108.09,9.66,0.03,1.75,-0.013,-0.061,-0.016,1.78,-9.78,0.28,0.000000,0.000000,2946.90
14.11,99862.00,42.91,122.52,9.68,0.04,1.75,-0.012,-0.059,-0.016,2.28,-8.82,3.44,0.000000,0.000000,2948.05
15.09,100032.95,42.90,109.85,9.69,0.03,1.73,-0.013,-0.060,-0.017,1.27,-10.73,1.63,0.000000,0.000000,2949.21
14.14,99865.94,42.91,122.19,9.66,0.06,1.75,-0.011,-0.061,-0.017,1.78,-10.25,-0.18,0.000000,0.000000,2950.36
15.18,100026.16,42.91,108.70,9.67,0.04,1.76,-0.012,-0.059,-0.017,2.28,-9.78,1.63,0.000000,0.000000,2951.51
14.11,99861.11,42.91,122.60,9.68,0.05,1.73,-0.013,-0.059,-0.016,2.28,-12.64,0.28,0.000000,0.000000,2952.67
15.17,100022.67,42.91,109.00,9.66,0.03,1.74,-0.012,-0.061,-0.017,2.28,-10.25,1.18,0.000000,0.000000,2953.82
14.17,99873.50,42.95,121.55,9.69,0.04,1.75,-0.013,-0.060,-0.016,3.79,-12.16,2.54,0.000000,0.000000,2954.97
15.04,100002.66,42.91,110.68,9.67,0.05,1.75,-0.012,-0.061,-0.017,3.29,-9.78,0.28,0.000000,0.000000,2956.12
14.25,99886.42,42.92,120.47,9.68,0.08,1.75,-0.012,-0.060,-0.017,3.79,-11.21,1.63,0.000000,0.000000,2957.28
15.12,100016.05,42.92,109.55,9.70,0.05,1.75,-0.011,-0.061,-0.017,1.78,-12.64,1.18,0.000000,0.000000,2958.43
14.45,99919.17,42.92,117.71,9.67,0.04,1.77,-0.012,-0.060,-0.017,2.78,-10.25,-1.08,0.000000,0.000000,2959.58
15.05,100006.86,42.92,110.33,9.66,0.04,1.73,-0.012,-0.061,-0.017,2.78,-9.78,2.54,0.000000,0.000000,2960.74
14.52,99933.32,42.92,116.52,9.67,0.04,1.72,-0.012,-0.059,-0.017,3.79,-12.16,2.99,0.000000,0.000000,2961.89
14.87,99977.88,42.93,112.77,9.67,0.04,1.75,-0.013,-0.060,-0.017,1.78,-10.25,3.90,0.000000,0.000000,2963.04
14.53,99936.61,42.92,116.24,9.65,0.06,1.75,-0.011,-0.061,-0.017,3.29,-9.78,1.18,0.000000,0.000000,2964.19
14.86,99977.17,42.92,112.83,9.67,0.04,1.76,-0.013,-0.060,-0.016,2.28,-11.68,0.28,0.000000,0.000000,2965.35
14.60,99947.02,42.93,115.36,9.66,0.04,1.75,-0.012,-0.060,-0.017,2.28,-10.25,0.73,0.000000,0.000000,2966.50
14.52,99922.66,42.91,117.41,9.72,0.06,1.76,-0.013,-0.078,-0.015,1.78,-10.73,1.63,0.000000,0.000000,2967.65
14.67,99955.91,42.92,114.62,9.68,0.07,1.76,-0.012,-0.059,-0.017,2.78,-13.11,3.44,0.000000,0.000000,2968.81
14.70,99951.72,42.91,114.97,9.68,0.05,1.75,-0.012,-0.059,-0.017,2.78,-9.78,1.63,0.000000,0.000000,2969.96
14.79,99981.67,42.93,112.45,9.65,0.05,1.74,-0.012,-0.059,-0.017,2.78,-12.64,2.54,0.000000,0.000000,2971.11
14.67,99946.63,42.92,115.40,9.66,0.04,1.75,-0.011,-0.058,-0.017,1.78,-12.16,1.18,0.000000,0.000000,2972.27
14.93,100003.37,42.92,110.62,9.68,0.06,1.74,-0.012,-0.059,-0.017,2.78,-10.25,2.09,0.000000,0.000000,2973.42
14.58,99934.40,42.91,116.43,9.68,0.03,1.71,-0.012,-0.061,-0.017,3.29,-12.16,1.63,0.000000,0.000000,2974.57
15.04,100021.16,42.96,109.12,9.69,0.05,1.76,-0.013,-0.061,-0.017,2.78,-10.73,1.63,0.000000,0.000000,2975.72
14.43,99907.33,42.90,118.70,9.68,0.06,1.72,-0.012,-0.060,-0.017,2.78,-9.78,1.63,0.000000,0.000000,2976.88
15.04,100023.48,42.91,108.93,9.69,0.04,1.72,-0.012,-0.060,-0.017,2.28,-10.73,0.73,0.000000,0.000000,2978.03
14.31,99893.75,42.91,119.85,9.66,0.04,1.75,-0.011,-0.060,-0.017,1.27,-9.78,1.18,0.000000,0.000000,2979.18
15.11,100034.10,42.91,108.03,9.67,0.05,1.73,-0.012,-0.061,-0.017,2.78,-11.68,0.73,0.000000,0.000000,2980.34
14.23,99880.84,42.90,120.94,9.68,0.06,1.74,-0.012,-0.061,-0.017,1.78,-13.11,0.73,0.000000,0.000000,2981.49
15.08,100026.25,42.92,108.70,9.69,0.04,1.72,-0.012,-0.060,-0.018,2.78,-10.73,1.63,0.000000,0.000000,2982.64
14.14,99867.75,42.90,122.04,9.69,0.03,1.75,-0.013,-0.061,-0.017,2.28,-10.73,2.99,0.000000,0.000000,2983.79
15.09,100031.48,42.92,108.25,9.66,0.03,1.74,-0.013,-0.062,-0.017,1.78,-11.68,-0.63,0.000000,0.000000,2984.95
14.12,99863.42,42.90,122.40,9.69,0.05,1.72,-0.011,-0.061,-0.016,2.28,-11.68,1.18,0.000000,0.000000,2986.10
15.13,100037.53,42.88,107.75,9.66,0.04,1.73,-0.011,-0.060,-0.017,2.28,-10.25,-1.54,0.000000,0.000000,2987.26
14.09,99860.68,42.91,122.63,9.65,0.04,1.75,-0.012,-0.060,-0.017,2.28,-9.78,-1.08,0.000000,0.000000,2988.41
15.13,100038.09,42.91,109.08,9.68,0.05,1.72,-0.012,-0.059,-0.017,2.28,-8.82,1.63,0.000000,0.000000,2989.56
14.10,99861.30,42.91,122.58,9.67,0.04,1.73,-0.011,-0.061,-0.016,2.78,-11.21,2.09,0.000000,0.000000,2990.71
15.26,100042.41,42.94,107.34,9.66,0.06,1.72,-0.012,-0.061,-0.016,2.28,-10.25,0.28,0.000000,0.000000,2991.87
14.13,99868.89,42.90,121.94,9.69,0.04,1.75,-0.011,-0.061,-0.017,4.79,-10.73,-0.63,0.000000,0.000000,2993.02
15.16,100027.78,42.91,108.57,9.65,0.02,1.73,-0.012,-0.061,-0.017,1.78,-12.16,-0.18,0.000000,0.000000,2994.17
14.27,99893.05,42.91,119.91,9.67,0.04,1.73,-0.012,-0.061,-0.017,3.29,-10.25,0.73,0.000000,0.000000,2995.32
15.23,100041.32,42.91,107.43,9.67,0.05,1.73,-0.011,-0.060,-0.018,2.28,-11.68,1.18,0.000000,0.000000,2996.48
14.47,99927.27,42.91,117.03,9.67,0.04,1.72,-0.011,-0.061,-0.016,2.78,-14.54,1.18,0.000000,0.000000,2997.63
15.13,100021.45,42.92,109.10,9.70,0.06,1.81,-0.012,-0.059,-0.017,1.78,-10.73,2.54,0.000000,0.000000,2998.78
14.55,99938.30,42.94,116.10,9.67,0.06,1.75,-0.013,-0.058,-0.017,2.78,-11.21,-0.63,0.000000,0.000000,2999.94
15.15,100028.80,42.91,108.48,9.68,0.03,1.72,-0.012,-0.059,-0.017,2.28,-10.73,2.09,0.000000,0.000000,3001.09
14.83,99987.83,42.92,111.93,9.68,0.03,1.76,-0.011,-0.060,-0.017,2.78,-8.82,2.09,0.000000,0.000000,3002.24
14.76,99963.64,42.94,113.96,9.68,0.04,1.74,-0.013,-0.062,-0.017,2.28,-12.16,0.73,0.000000,0.000000,3003.40
14.62,99957.34,42.92,114.49,9.69,0.05,1.70,-0.011,-0.060,-0.017,2.28,-9.78,-0.18,0.000000,0.000000,3004.55
14.65,99949.28,42.91,115.17,9.67,0.05,1.72,-0.013,-0.062,-0.016,3.29,-10.25,0.73,0.000000,0.000000,3005.70
14.80,99985.92,42.92,112.09,9.66,0.05,1.73,-0.012,-0.061,-0.017,1.78,-13.11,0.28,0.000000,0.000000,3006.85
14.66,99949.84,42.91,115.13,9.67,0.04,1.74,-0.011,-0.061,-0.016,3.79,-10.25,2.09,0.000000,0.000000,3008.01
14.83,99993.05,42.93,111.49,9.68,0.04,1.72,-0.011,-0.061,-0.017,1.78,-9.78,0.28,0.000000,0.000000,3009.16
14.52,99929.83,42.89,116.81,9.67,0.06,1.74,-0.011,-0.061,-0.017,1.78,-10.73,0.28,0.000000,0.000000,3010.31
14.94,100008.83,42.90,110.16,9.68,0.06,1.77,-0.012,-0.061,-0.017,2.28,-9.30,2.99,0.000000,0.000000,3011.47
14.45,99919.23,42.90,117.70,9.68,0.05,1.75,-0.011,-0.060,-0.017,2.78,-11.21,0.28,0.000000,0.000000,3012.62
15.12,100037.80,42.91,107.72,9.68,0.03,1.71,-0.012,-0.061,-0.017,2.28,-10.73,-0.18,0.000000,0.000000,3013.77
14.43,99914.14,42.90,118.13,9.68,0.04,1.75,-0.011,-0.062,-0.016,2.28,-10.25,2.54,0.000000,0.000000,3014.93
15.13,100041.94,42.92,107.38,9.68,0.06,1.73,-0.012,-0.061,-0.017,2.28,-12.16,2.09,0.000000,0.000000,3016.08
14.29,99892.98,42.90,119.91,9.67,0.02,1.72,-0.012,-0.061,-0.017,3.29,-9.30,2.09,0.000000,0.000000,3017.23
14.99,100018.44,42.92,109.35,9.66,0.06,1.71,-0.013,-0.064,-0.015,1.27,-10.73,0.73,0.000000,0.000000,3018.39
14.06,99855.75,42.91,123.05,9.67,0.04,1.72,-0.013,-0.063,-0.016,1.78,-13.11,2.99,0.000000,0.000000,3019.54
15.12,100040.30,42.93,107.51,9.66,0.03,1.72,-0.012,-0.060,-0.017,3.79,-8.35,1.63,0.000000,0.000000,3020.69
14.20,99879.98,42.88,121.01,9.67,0.06,1.75,-0.012,-0.059,-0.017,2.28,-11.68,-0.18,0.000000,0.000000,3021.84
15.17,100047.40,42.91,106.92,9.67,0.05,1.72,-0.011,-0.060,-0.017,1.27,-10.25,-0.63,0.000000,0.000000,3023.00
14.22,99882.53,42.89,120.79,9.67,0.05,1.73,-0.012,-0.060,-0.016,3.29,-10.25,2.54,0.000000,0.000000,3024.15
15.12,100022.40,42.89,107.67,9.66,0.05,1.76,-0.011,-0.060,-0.018,2.28,-11.21,2.54,0.000000,0.000000,3025.30
14.13,99870.28,42.90,121.83,9.67,0.04,1.74,-0.013,-0.059,-0.017,1.78,-10.73,1.18,0.000000,0.000000,3026.45
15.20,100037.91,42.89,107.71,9.68,0.06,1.74,-0.013,-0.060,-0.017,1.27,-10.73,2.54,0.000000,0.000000,3027.61
14.07,99861.13,42.88,122.60,9.66,0.05,1.74,-0.012,-0.061,-0.016,1.78,-12.16,1.18,0.000000,0.000000,3028.76
15.26,100044.01,42.90,107.20,9.64,0.04,1.76,-0.011,-0.060,-0.017,3.29,-9.78,2.09,0.000000,0.000000,3029.91
14.24,99890.30,42.90,120.14,9.68,0.04,1.75,-0.011,-0.061,-0.016,0.77,-10.25,0.28,0.000000,0.000000,3031.07
15.07,100014.72,42.91,109.67,9.67,0.05,1.74,-0.013,-0.060,-0.017,1.78,-10.25,2.09,0.000000,0.000000,3032.22
14.20,99884.33,42.89,120.64,9.66,0.05,1.75,-0.012,-0.060,-0.017,3.29,-10.25,2.09,0.000000,0.000000,3033.37
15.14,100025.52,42.90,108.76,9.66,0.06,1.72,-0.013,-0.061,-0.017,0.27,-13.11,-0.63,0.000000,0.000000,3034.53
14.36,99913.02,42.89,118.23,9.69,0.04,1.72,-0.013,-0.060,-0.017,2.28,-10.73,-0.18,0.000000,0.000000,3035.68
15.03,100009.99,42.89,110.06,9.67,0.05,1.73,-0.012,-0.060,-0.017,4.29,-9.30,1.18,0.000000,0.000000,3036.83
14.41,99920.88,42.89,117.56,9.67,0.06,1.73,-0.013,-0.060,-0.017,2.28,-11.68,1.18,0.000000,0.000000,3037.98
14.91,99988.94,42.89,111.83,9.68,0.04,1.72,-0.012,-0.060,-0.017,2.78,-10.25,-0.18,0.000000,0.000000,3039.14
14.34,99908.66,42.89,118.59,9.69,0.04,1.72,-0.011,-0.060,-0.016,1.27,-11.21,0.28,0.000000,0.000000,3040.29
14.81,99971.75,42.91,113.28,9.68,0.06,1.74,-0.011,-0.060,-0.016,2.28,-11.68,2.54,0.000000,0.000000,3041.44
14.44,99926.68,42.89,117.08,9.67,0.04,1.75,-0.012,-0.061,-0.017,3.29,-9.78,2.09,0.000000,0.000000,3042.60
14.78,99972.55,42.91,113.21,9.67,0.05,1.74,-0.012,-0.060,-0.017,1.78,-9.30,-0.18,0.000000,0.000000,3043.75
14.58,99949.81,42.89,115.13,9.67,0.05,1.70,-0.013,-0.060,-0.016,2.28,-10.25,-1.08,0.000000,0.000000,3044.90
14.77,99967.44,42.92,113.64,9.68,0.04,1.73,-0.012,-0.059,-0.016,4.29,-8.82,1.18,0.000000,0.000000,3046.05
14.71,99972.27,42.89,113.24,9.69,0.05,1.72,-0.011,-0.061,-0.016,3.29,-11.68,-0.63,0.000000,0.000000,3047.21
14.73,99961.11,42.88,114.18,9.66,0.06,1.71,-0.012,-0.061,-0.017,2.28,-10.25,-0.63,0.000000,0.000000,3048.36
14.65,99964.45,42.90,113.90,9.65,0.06,1.76,-0.011,-0.059,-0.016,3.29,-10.25,0.73,0.000000,0.000000,3049.51
14.53,99927.38,42.87,117.02,9.67,0.04,1.74,-0.012,-0.060,-0.016,2.28,-9.78,-0.18,0.000000,0.000000,3050.67
14.80,99986.75,42.92,112.02,9.68,0.05,1.74,-0.012,-0.060,-0.017,2.28,-10.25,2.09,0.000000,0.000000,3051.82
14.48,99921.53,42.89,117.51,9.66,0.05,1.74,-0.011,-0.060,-0.017,2.78,-12.16,3.44,0.000000,0.000000,3052.97
14.84,99992.63,42.91,111.52,9.66,0.06,1.73,-0.013,-0.060,-0.017,2.28,-8.82,-1.08,0.000000,0.000000,3054.13
14.44,99916.44,42.91,117.94,9.68,0.04,1.74,-0.012,-0.061,-0.017,2.78,-9.78,1.63,0.000000,0.000000,3055.28
14.97,100014.06,42.90,109.72,9.68,0.03,1.73,-0.013,-0.061,-0.018,2.28,-11.21,1.63,0.000000,0.000000,3056.43
14.32,99898.55,42.88,119.44,9.65,0.04,1.74,-0.013,-0.060,-0.017,1.78,-10.73,-0.18,0.000000,0.000000,3057.59
15.09,100035.98,42.90,107.88,9.67,0.04,1.74,-0.012,-0.059,-0.016,1.78,-9.78,2.99,0.000000,0.000000,3058.74
14.29,99893.81,42.88,119.84,9.67,0.07,1.73,-0.011,-0.060,-0.016,1.78,-11.68,-1.08,0.000000,0.000000,3059.89
15.16,100047.88,42.89,106.88,9.65,0.07,1.71,-0.012,-0.061,-0.017,2.28,-9.78,-0.18,0.000000,0.000000,3061.04
14.29,99891.16,42.88,120.07,9.69,0.03,1.76,-0.012,-0.060,-0.016,2.78,-9.78,2.09,0.000000,0.000000,3062.20
15.15,100043.91,42.90,107.21,9.69,0.04,1.73,-0.012,-0.059,-0.016,1.78,-11.68,1.18,0.000000,0.000000,3063.35
14.30,99895.78,42.87,119.68,9.67,0.06,1.75,-0.012,-0.060,-0.016,2.78,-10.73,-1.99,0.000000,0.000000,3064.50
15.19,100051.06,42.90,106.61,9.68,0.04,1.75,-0.013,-0.061,-0.017,3.29,-9.30,0.73,0.000000,0.000000,3065.66
14.18,99876.72,42.88,121.28,9.65,0.05,1.72,-0.013,-0.061,-0.017,2.28,-13.11,0.28,0.000000,0.000000,3066.81
15.20,100049.86,42.87,106.71,9.68,0.05,1.75,-0.012,-0.060,-0.017,2.28,-9.78,1.63,0.000000,0.000000,3067.96
14.21,99880.61,42.89,120.96,9.68,0.05,1.74,-0.011,-0.061,-0.017,2.78,-10.73,1.18,0.000000,0.000000,3069.11
15.14,100039.08,42.90,108.78,9.69,0.05,1.73,-0.013,-0.060,-0.016,2.78,-11.68,1.18,0.000000,0.000000,3070.27
14.13,99872.78,42.88,121.61,9.68,0.04,1.71,-0.012,-0.060,-0.016,3.29,-10.25,2.09,0.000000,0.000000,3071.42
15.23,100040.59,42.88,107.49,9.67,0.04,1.76,-0.011,-0.060,-0.017,1.27,-10.25,1.63,0.000000,0.000000,3072.57
14.22,99884.21,42.89,120.65,9.66,0.05,1.74,-0.011,-0.060,-0.017,2.28,-10.73,-0.63,0.000000,0.000000,3073.73
15.26,100045.51,42.88,107.08,9.67,0.06,1.73,-0.013,-0.060,-0.017,4.29,-10.73,1.18,0.000000,0.000000,3074.88
14.28,99898.83,42.87,119.42,9.67,0.05,1.74,-0.012,-0.061,-0.016,2.28,-12.64,1.63,0.000000,0.000000,3076.03
15.29,100052.65,42.89,106.47,9.67,0.06,1.74,-0.012,-0.061,-0.015,1.78,-10.73,-1.08,0.000000,0.000000,3077.19
14.37,99913.17,42.88,118.21,9.68,0.03,1.75,-0.012,-0.060,-0.017,3.79,-9.30,-0.18,0.000000,0.000000,3078.34
15.19,100035.39,42.89,107.93,9.68,0.04,1.70,-0.012,-0.060,-0.017,2.28,-11.21,0.73,0.000000,0.000000,3079.49
14.52,99938.41,42.89,116.09,9.65,0.05,1.73,-0.012,-0.060,-0.017,2.78,-9.78,0.28,0.000000,0.000000,3080.64
15.11,100021.86,42.89,109.06,9.66,0.03,1.75,-0.012,-0.062,-0.017,2.78,-8.82,2.09,0.000000,0.000000,3081.80
14.65,99961.17,42.90,114.17,9.67,0.04,1.72,-0.013,-0.061,-0.017,2.28,-13.11,0.28,0.000000,0.000000,3082.95
14.93,99994.87,42.88,111.34,9.67,0.04,1.76,-0.012,-0.061,-0.017,3.79,-9.78,1.18,0.000000,0.000000,3084.10
14.75,99977.08,42.88,112.83,9.67,0.05,1.72,-0.013,-0.060,-0.016,2.28,-9.78,2.99,0.000000,0.000000,3085.26
14.81,99977.15,42.91,112.83,9.67,0.04,1.73,-0.011,-0.061,-0.016,1.78,-9.30,0.28,0.000000,0.000000,3086.41
14.73,99976.02,42.89,112.92,9.68,0.05,1.71,-0.013,-0.060,-0.017,2.28,-9.78,1.18,0.000000,0.000000,3087.56
14.67,99952.39,42.89,114.91,9.65,0.05,1.79,-0.012,-0.062,-0.016,2.28,-9.30,0.73,0.000000,0.000000,3088.71
14.70,99971.13,42.89,113.33,9.67,0.05,1.76,-0.012,-0.061,-0.017,1.78,-9.78,-1.08,0.000000,0.000000,3089.87
14.54,99936.08,42.89,116.28,9.62,0.05,1.69,-0.011,-0.071,-0.016,2.78,-10.73,1.18,0.000000,0.000000,3091.02
14.90,100003.72,42.89,110.59,9.66,0.03,1.78,-0.012,-0.057,-0.017,2.78,-11.21,0.73,0.000000,0.000000,3092.17
14.60,99942.50,42.88,115.74,9.66,0.05,1.70,-0.012,-0.060,-0.016,2.78,-10.25,2.09,0.000000,0.000000,3093.33
15.00,100019.84,42.90,109.23,9.66,0.06,1.77,-0.011,-0.062,-0.016,3.29,-9.78,0.28,0.000000,0.000000,3095.08
14.47,99921.03,42.88,117.55,9.68,0.05,1.76,-0.011,-0.060,-0.016,2.28,-12.16,-0.18,0.000000,0.000000,3095.63
15.10,100034.56,42.90,108.00,9.66,0.05,1.71,-0.011,-0.060,-0.017,1.27,-10.25,2.54,0.000000,0.000000,3096.79
14.32,99897.22,42.89,119.56,9.67,0.06,1.76,-0.012,-0.062,-0.017,4.29,-11.68,-1.54,0.000000,0.000000,3097.94
15.17,100052.42,42.89,106.49,9.67,0.04,1.80,-0.012,-0.060,-0.017,2.28,-10.25,0.73,0.000000,0.000000,3099.09
14.27,99889.78,42.87,120.18,9.67,0.06,1.73,-0.013,-0.059,-0.017,2.28,-11.21,1.63,0.000000,0.000000,3100.24
15.14,100042.19,42.89,107.35,9.66,0.06,1.75,-0.011,-0.062,-0.017,2.28,-12.16,1.18,0.000000,0.000000,3101.40
14.19,99876.54,42.89,121.30,9.67,0.06,1.75,-0.012,-0.062,-0.017,1.78,-10.25,0.28,0.000000,0.000000,3102.55
15.13,100041.45,42.90,107.42,9.67,0.05,1.75,-0.012,-0.061,-0.017,1.78,-11.21,0.28,0.000000,0.000000,3103.70
14.18,99877.83,42.88,121.19,9.69,0.05,1.76,-0.011,-0.060,-0.017,2.28,-13.11,0.28,0.000000,0.000000,3104.86
15.13,100043.36,42.89,107.26,9.66,0.06,1.74,-0.011,-0.061,-0.017,2.28,-9.30,0.73,0.000000,0.000000,3106.01
14.14,99873.83,42.88,121.53,9.68,0.06,1.74,-0.011,-0.060,-0.017,2.28,-8.82,0.28,0.000000,0.000000,3107.16
15.12,100025.80,42.87,107.50,9.69,0.04,1.78,-0.012,-0.060,-0.017,2.28,-9.78,0.73,0.000000,0.000000,3108.32
14.12,99871.73,42.88,121.70,9.67,0.03,1.76,-0.012,-0.060,-0.016,5.30,-10.73,2.09,0.000000,0.000000,3109.47
15.19,100037.23,42.87,107.77,9.67,0.04,1.74,-0.011,-0.061,-0.016,2.28,-11.68,1.18,0.000000,0.000000,3110.62
14.10,99870.78,42.89,121.78,9.65,0.06,1.76,-0.013,-0.060,-0.016,1.78,-10.73,-0.18,0.000000,0.000000,3111.78
15.12,100027.64,42.89,108.58,9.65,0.04,1.73,-0.012,-0.061,-0.017,3.29,-11.21,2.99,0.000000,0.000000,3112.93
14.25,99893.41,42.88,119.88,9.68,0.06,1.75,-0.013,-0.060,-0.017,2.78,-10.25,3.90,0.000000,0.000000,3114.08
15.16,100035.12,42.89,107.95,9.67,0.05,1.75,-0.012,-0.061,-0.017,3.79,-10.25,2.09,0.000000,0.000000,3115.23
14.35,99912.02,42.91,118.31,9.67,0.06,1.76,-0.012,-0.060,-0.017,2.78,-9.30,1.63,0.000000,0.000000,3116.39
15.09,100022.32,42.88,109.03,9.66,0.04,1.77,-0.012,-0.061,-0.017,2.28,-9.78,0.73,0.000000,0.000000,3117.54
14.37,99916.41,42.88,117.94,9.66,0.04,1.74,-0.012,-0.060,-0.017,3.79,-9.30,2.09,0.000000,0.000000,3118.69
15.00,100004.52,42.90,110.52,9.68,0.04,1.74,-0.011,-0.061,-0.017,2.28,-12.16,1.18,0.000000,0.000000,3119.85
14.45,99931.23,42.89,116.69,9.67,0.04,1.75,-0.011,-0.060,-0.016,2.78,-10.73,-0.18,0.000000,0.000000,3121.00
14.92,99993.72,42.88,111.43,9.68,0.04,1.75,-0.012,-0.061,-0.017,3.29,-8.82,-0.18,0.000000,0.000000,3122.15
14.59,99952.53,42.89,114.90,9.65,0.04,1.74,-0.012,-0.060,-0.016,2.28,-12.16,1.63,0.000000,0.000000,3123.30
14.80,99974.17,42.88,113.08,9.68,0.05,1.77,-0.011,-0.061,-0.017,4.29,-9.78,1.18,0.000000,0.000000,3124.46
15.04,100024.16,42.90,108.87,9.69,0.04,1.74,-0.011,-0.060,-0.017,4.29,-11.21,2.99,0.000000,0.000000,3125.61
14.73,99967.21,42.89,113.66,9.66,0.06,1.73,-0.012,-0.060,-0.017,2.28,-9.78,1.63,0.000000,0.000000,3126.76
14.85,99997.36,42.90,111.13,9.66,0.04,1.76,-0.011,-0.059,-0.017,2.28,-9.30,2.09,0.000000,0.000000,3127.92
14.62,99944.88,42.88,115.54,9.65,0.04,1.76,-0.013,-0.060,-0.017,1.27,-11.21,1.18,0.000000,0.000000,3129.07
14.83,99995.31,42.89,111.30,9.67,0.03,1.75,-0.012,-0.061,-0.017,1.78,-10.73,-0.63,0.000000,0.000000,3130.22
14.60,99944.50,42.89,115.58,9.68,0.04,1.76,-0.013,-0.060,-0.017,2.78,-7.39,3.44,0.000000,0.000000,3131.37
14.96,100017.94,42.89,109.39,9.67,0.03,1.77,-0.011,-0.062,-0.016,1.78,-12.64,0.73,0.000000,0.000000,3132.53
14.48,99928.84,42.89,116.89,9.66,0.05,1.77,-0.012,-0.060,-0.017,2.28,-10.25,-0.63,0.000000,0.000000,3133.68
15.06,100031.34,42.90,108.27,9.65,0.04,1.76,-0.013,-0.061,-0.017,3.79,-11.21,0.28,0.000000,0.000000,3134.84
14.35,99906.61,42.89,118.77,9.68,0.05,1.75,-0.012,-0.061,-0.016,1.78,-11.21,-0.18,0.000000,0.000000,3135.99
15.06,100031.75,42.92,108.23,9.68,0.03,1.76,-0.012,-0.060,-0.016,2.78,-10.73,0.73,0.000000,0.000000,3137.14
14.30,99895.95,42.87,119.66,9.68,0.06,1.75,-0.012,-0.060,-0.017,3.79,-10.25,1.18,0.000000,0.000000,3138.29
15.09,100034.00,42.89,108.04,9.67,0.05,1.73,-0.012,-0.062,-0.017,2.28,-10.25,-0.18,0.000000,0.000000,3139.45
14.22,99882.28,42.88,120.81,9.66,0.02,1.76,-0.012,-0.060,-0.016,3.29,-11.21,1.18,0.000000,0.000000,3140.60
15.11,100039.36,42.90,107.59,9.68,0.04,1.76,-0.013,-0.061,-0.017,2.28,-12.16,0.73,0.000000,0.000000,3141.75
14.14,99871.25,42.88,121.74,9.66,0.04,1.78,-0.013,-0.061,-0.017,1.78,-9.30,0.28,0.000000,0.000000,3142.90
15.12,100040.80,42.91,107.47,9.66,0.07,1.74,-0.012,-0.060,-0.017,1.78,-9.78,0.73,0.000000,0.000000,3144.06
14.11,99867.83,42.89,122.03,9.67,0.04,1.77,-0.013,-0.059,-0.017,2.28,-7.87,0.28,0.000000,0.000000,3145.21
15.10,100038.78,42.90,107.64,9.68,0.04,1.76,-0.013,-0.060,-0.016,2.28,-9.78,1.63,0.000000,0.000000,3146.36
14.11,99867.77,42.88,122.04,9.67,0.06,1.75,-0.012,-0.061,-0.016,3.79,-9.30,2.09,0.000000,0.000000,3147.52
15.10,100028.97,42.90,107.86,9.68,0.05,1.75,-0.012,-0.060,-0.016,2.28,-8.82,-0.18,0.000000,0.000000,3148.67
14.10,99865.71,42.91,122.21,9.66,0.06,1.75,-0.012,-0.061,-0.017,2.28,-10.25,1.63,0.000000,0.000000,3149.82
15.16,100030.03,42.89,108.38,9.66,0.04,1.75,-0.013,-0.060,-0.017,1.78,-12.16,0.73,0.000000,0.000000,3150.98
14.10,99866.62,42.89,122.13,9.67,0.07,1.76,-0.012,-0.060,-0.016,2.28,-10.25,1.63,0.000000,0.000000,3152.13
15.16,100029.03,42.89,108.46,9.67,0.06,1.75,-0.011,-0.060,-0.017,4.29,-10.25,1.63,0.000000,0.000000,3153.28
14.25,99894.23,42.89,119.81,9.67,0.05,1.75,-0.012,-0.061,-0.016,4.29,-12.64,1.18,0.000000,0.000000,3154.43
15.22,100039.01,42.89,107.62,9.68,0.04,1.77,-0.012,-0.060,-0.017,2.28,-10.25,-0.18,0.000000,0.000000,3155.59
14.35,99910.78,42.90,118.41,9.68,0.06,1.74,-0.013,-0.060,-0.016,3.79,-9.30,2.09,0.000000,0.000000,3156.74
15.18,100036.32,42.89,107.85,9.65,0.06,1.78,-0.013,-0.060,-0.016,2.28,-12.16,-1.54,0.000000,0.000000,3157.90
14.41,99919.30,42.88,117.70,9.66,0.04,1.73,-0.012,-0.060,-0.017,2.28,-9.30,2.09,0.000000,0.000000,3159.05
15.07,100016.79,42.91,109.49,9.69,0.04,1.75,-0.013,-0.060,-0.017,3.79,-10.73,0.73,0.000000,0.000000,3160.20
14.47,99930.03,42.89,116.79,9.66,0.03,1.74,-0.012,-0.060,-0.017,2.78,-12.16,-1.99,0.000000,0.000000,3161.35
14.97,99999.33,42.89,110.96,9.67,0.06,1.76,-0.013,-0.059,-0.017,2.78,-10.73,0.73,0.000000,0.000000,3162.51
14.53,99942.45,42.90,115.75,9.68,0.07,1.76,-0.012,-0.060,-0.016,1.27,-11.21,1.63,0.000000,0.000000,3163.66
14.87,99985.04,42.88,112.16,9.67,0.05,1.74,-0.012,-0.060,-0.017,3.29,-10.25,-0.18,0.000000,0.000000,3164.81
14.61,99953.48,42.92,114.82,9.67,0.04,1.75,-0.012,-0.060,-0.015,3.79,-11.21,1.18,0.000000,0.000000,3165.96
14.82,99977.02,42.88,112.84,9.66,0.06,1.75,-0.013,-0.060,-0.016,3.29,-11.68,0.28,0.000000,0.000000,3167.12
14.63,99959.41,42.89,114.32,9.67,0.05,1.79,-0.012,-0.060,-0.016,2.28,-10.73,-0.18,0.000000,0.000000,3168.27
14.64,99950.38,42.87,115.08,9.68,0.04,1.73,-0.011,-0.060,-0.016,1.78,-11.68,1.63,0.000000,0.000000,3169.42
14.65,99963.52,42.90,113.97,9.67,0.04,1.76,-0.012,-0.061,-0.017,2.28,-13.11,0.73,0.000000,0.000000,3170.58
14.55,99933.41,42.89,116.51,9.69,0.04,1.72,-0.012,-0.060,-0.017,2.28,-9.78,0.28,0.000000,0.000000,3171.73
14.71,99971.61,42.92,113.29,9.67,0.06,1.75,-0.013,-0.061,-0.017,2.78,-10.25,1.18,0.000000,0.000000,3172.88
14.58,99940.97,42.89,115.87,9.65,0.06,1.73,-0.012,-0.061,-0.017,2.28,-11.21,-0.18,0.000000,0.000000,3174.04
14.77,99984.64,42.89,112.20,9.66,0.04,1.74,-0.013,-0.060,-0.017,1.78,-9.78,0.73,0.000000,0.000000,3175.19
14.44,99917.69,42.90,117.83,9.68,0.05,1.76,-0.013,-0.061,-0.016,3.79,-11.68,-1.54,0.000000,0.000000,3176.34
14.78,99986.94,42.89,112.00,9.66,0.06,1.75,-0.012,-0.061,-0.017,1.78,-9.78,-0.63,0.000000,0.000000,3177.49
14.34,99905.64,42.88,118.85,9.65,0.05,1.73,-0.012,-0.060,-0.017,3.29,-9.30,1.18,0.000000,0.000000,3178.65
14.78,99986.96,42.89,112.00,9.68,0.06,1.75,-0.013,-0.060,-0.017,2.78,-13.11,1.63,0.000000,0.000000,3179.80
14.32,99898.39,42.89,119.46,9.67,0.05,1.79,-0.013,-0.060,-0.016,1.78,-9.78,1.18,0.000000,0.000000,3180.95
14.89,100002.32,42.92,110.71,9.66,0.06,1.76,-0.012,-0.061,-0.017,1.78,-10.73,2.54,0.000000,0.000000,3182.11
14.31,99893.41,42.88,119.88,9.68,0.05,1.79,-0.012,-0.060,-0.017,2.28,-11.68,1.18,0.000000,0.000000,3183.26
14.93,100010.86,42.91,109.99,9.67,0.04,1.75,-0.012,-0.061,-0.017,2.78,-10.73,0.28,0.000000,0.000000,3184.41
14.17,99874.76,42.88,121.45,9.67,0.04,1.77,-0.012,-0.061,-0.017,3.29,-9.78,0.73,0.000000,0.000000,3185.56
15.02,100024.77,42.89,108.82,9.66,0.05,1.75,-0.013,-0.060,-0.017,1.78,-13.59,-1.54,0.000000,0.000000,3186.72
14.20,99877.76,42.87,121.20,9.67,0.05,1.76,-0.011,-0.061,-0.017,3.29,-8.82,1.18,0.000000,0.000000,3187.87
15.00,100022.01,42.90,109.05,9.69,0.05,1.79,-0.012,-0.060,-0.017,3.79,-11.21,1.63,0.000000,0.000000,3189.02
14.03,99851.95,42.88,123.37,9.66,0.04,1.75,-0.013,-0.060,-0.017,2.78,-10.73,0.28,0.000000,0.000000,3190.18
14.98,100020.70,42.88,109.16,9.65,0.06,1.77,-0.011,-0.061,-0.017,2.78,-9.30,1.63,0.000000,0.000000,3191.33
14.03,99852.19,42.89,123.35,9.67,0.04,1.74,-0.013,-0.060,-0.017,0.77,-11.21,1.18,0.000000,0.000000,3192.48
15.00,100021.32,42.91,109.11,9.66,0.05,1.78,-0.011,-0.061,-0.016,2.28,-10.73,-0.18,0.000000,0.000000,3193.64
13.97,99845.67,42.88,123.90,9.66,0.06,1.76,-0.012,-0.060,-0.016,2.78,-11.21,2.99,0.000000,0.000000,3194.79
14.96,100011.21,42.87,109.96,9.68,0.04,1.76,-0.011,-0.060,-0.017,2.28,-10.73,2.99,0.000000,0.000000,3195.94
13.96,99844.03,42.87,124.04,9.66,0.05,1.76,-0.012,-0.061,-0.017,2.28,-10.25,0.28,0.000000,0.000000,3197.09
14.99,100013.95,42.88,110.87,9.66,0.06,1.75,-0.012,-0.061,-0.017,3.79,-11.21,1.18,0.000000,0.000000,3198.25
14.00,99848.25,42.88,123.68,9.68,0.04,1.77,-0.012,-0.060,-0.017,1.78,-12.16,0.73,0.000000,0.000000,3199.40
15.08,100015.59,42.87,109.59,9.65,0.02,1.72,-0.012,-0.060,-0.017,2.78,-10.25,1.63,0.000000,0.000000,3200.55
14.02,99854.19,42.87,123.18,9.66,0.04,1.74,-0.012,-0.060,-0.016,3.79,-10.73,-0.18,0.000000,0.000000,3201.71
15.07,100015.14,42.87,109.63,9.67,0.05,1.76,-0.011,-0.062,-0.017,2.28,-13.11,1.18,0.000000,0.000000,3202.86
14.18,99878.83,42.87,121.11,9.66,0.05,1.77,-0.012,-0.060,-0.017,2.78,-8.82,1.18,0.000000,0.000000,3204.01
15.08,100016.66,42.87,109.50,9.67,0.03,1.74,-0.011,-0.062,-0.016,4.29,-10.73,-0.18,0.000000,0.000000,3205.17
14.12,99872.50,42.89,121.64,9.68,0.05,1.73,-0.012,-0.060,-0.017,2.28,-9.78,0.73,0.000000,0.000000,3206.32
14.95,99993.09,42.88,111.49,9.67,0.06,1.75,-0.011,-0.059,-0.017,2.28,-11.21,1.63,0.000000,0.000000,3207.47
14.19,99883.94,42.88,120.68,9.68,0.03,1.76,-0.013,-0.060,-0.016,0.77,-9.78,-0.18,0.000000,0.000000,3208.62
14.91,99988.00,42.87,111.91,9.68,0.04,1.76,-0.011,-0.060,-0.016,1.78,-10.25,0.28,0.000000,0.000000,3209.78
14.30,99901.19,42.88,119.22,9.67,0.04,1.75,-0.011,-0.061,-0.017,2.28,-11.21,2.99,0.000000,0.000000,3210.93
14.80,99974.00,42.88,113.09,9.66,0.05,1.74,-0.012,-0.061,-0.016,2.28,-10.25,0.73,0.000000,0.000000,3212.08
14.27,99898.55,42.88,119.44,9.66,0.05,1.76,-0.012,-0.062,-0.017,2.28,-10.25,2.54,0.000000,0.000000,3213.24
14.78,99966.06,42.88,113.76,9.66,0.03,1.74,-0.012,-0.060,-0.017,5.30,-11.68,1.63,0.000000,0.000000,3214.39
14.39,99922.48,42.87,117.43,9.68,0.04,1.74,-0.012,-0.060,-0.017,2.28,-12.64,0.73,0.000000,0.000000,3215.54
14.69,99955.72,42.87,114.63,9.67,0.05,1.74,-0.012,-0.062,-0.017,2.28,-8.82,0.28,0.000000,0.000000,3216.69
14.42,99922.61,42.87,117.42,9.67,0.04,1.76,-0.012,-0.060,-0.017,3.79,-11.21,2.54,0.000000,0.000000,3217.85
14.62,99941.86,42.86,115.80,9.66,0.06,1.76,-0.012,-0.061,-0.017,1.78,-9.78,0.73,0.000000,0.000000,3219.00
14.49,99937.81,42.88,116.14,9.69,0.04,1.73,-0.014,-0.060,-0.017,3.29,-9.78,2.99,0.000000,0.000000,3220.15
14.58,99935.08,42.87,116.37,9.66,0.05,1.75,-0.012,-0.060,-0.016,2.28,-11.68,1.63,0.000000,0.000000,3221.31
14.57,99947.44,42.88,115.33,9.68,0.05,1.78,-0.011,-0.060,-0.017,1.78,-10.25,0.28,0.000000,0.000000,3222.46
14.47,99921.28,42.87,117.53,9.68,0.03,1.72,-0.012,-0.061,-0.016,1.27,-11.21,2.99,0.000000,0.000000,3223.61
14.59,99953.59,42.88,114.81,9.66,0.04,1.77,-0.012,-0.060,-0.015,1.78,-10.25,2.99,0.000000,0.000000,3224.77
14.42,99910.78,42.86,118.41,9.67,0.06,1.76,-0.012,-0.061,-0.017,1.27,-10.25,0.28,0.000000,0.000000,3225.92
14.65,99964.78,42.87,113.87,9.68,0.06,1.74,-0.012,-0.060,-0.017,2.28,-11.68,0.73,0.000000,0.000000,3227.07
14.33,99897.02,42.85,119.57,9.68,0.04,1.75,-0.012,-0.060,-0.017,1.78,-10.73,0.28,0.000000,0.000000,3228.22
14.69,99970.05,42.87,113.42,9.68,0.05,1.76,-0.011,-0.060,-0.017,2.78,-10.25,0.73,0.000000,0.000000,3229.38
14.29,99892.47,42.85,119.96,9.66,0.06,1.75,-0.011,-0.061,-0.016,2.78,-10.25,1.63,0.000000,0.000000,3230.53
14.77,99983.41,42.86,112.30,9.68,0.03,1.76,-0.012,-0.061,-0.016,2.28,-13.11,0.73,0.000000,0.000000,3231.68
14.24,99884.03,42.86,120.67,9.65,0.03,1.77,-0.012,-0.060,-0.017,1.78,-9.30,2.54,0.000000,0.000000,3232.84
14.85,99996.63,42.87,111.19,9.66,0.07,1.72,-0.011,-0.060,-0.016,3.79,-10.25,1.18,0.000000,0.000000,3233.99
14.17,99873.09,42.86,121.59,9.66,0.04,1.74,-0.012,-0.060,-0.017,2.28,-10.25,0.28,0.000000,0.000000,3235.14
14.88,99997.52,42.86,111.11,9.68,0.05,1.75,-0.012,-0.061,-0.016,2.28,-10.25,1.18,0.000000,0.000000,3236.30
14.11,99865.49,42.87,122.23,9.69,0.04,1.76,-0.012,-0.060,-0.016,1.78,-12.16,4.80,0.000000,0.000000,3237.45
14.94,100011.66,42.86,109.92,9.66,0.05,1.74,-0.011,-0.060,-0.017,2.78,-10.73,0.28,0.000000,0.000000,3238.60
14.10,99858.98,42.84,122.78,9.65,0.05,1.77,-0.012,-0.060,-0.016,4.79,-9.78,-0.18,0.000000,0.000000,3239.75
14.94,100010.94,42.86,109.98,9.66,0.05,1.76,-0.012,-0.060,-0.017,1.78,-13.11,0.73,0.000000,0.000000,3240.91
14.08,99860.03,42.85,122.69,9.67,0.04,1.76,-0.012,-0.061,-0.017,1.78,-10.25,1.18,0.000000,0.000000,3242.06
15.00,100019.10,42.86,109.30,9.68,0.06,1.72,-0.012,-0.060,-0.017,2.28,-9.78,1.18,0.000000,0.000000,3243.21
14.06,99857.08,42.85,122.94,9.67,0.05,1.75,-0.012,-0.060,-0.016,2.28,-12.64,2.54,0.000000,0.000000,3244.37
14.98,100016.88,42.86,109.48,9.67,0.04,1.72,-0.012,-0.060,-0.016,2.78,-10.25,1.18,0.000000,0.000000,3245.52
13.98,99841.61,42.85,124.24,9.68,0.04,1.75,-0.012,-0.060,-0.017,1.27,-9.78,1.18,0.000000,0.000000,3246.67
14.94,100007.42,42.87,110.28,9.69,0.07,1.75,-0.011,-0.061,-0.017,1.78,-9.78,0.28,0.000000,0.000000,3247.82
13.94,99836.22,42.85,124.70,9.68,0.04,1.77,-0.011,-0.061,-0.015,4.29,-10.73,2.54,0.000000,0.000000,3248.98
14.89,100004.55,42.87,110.52,9.67,0.03,1.76,-0.013,-0.060,-0.016,2.78,-10.73,-1.08,0.000000,0.000000,3250.13
13.95,99837.02,42.85,124.63,9.65,0.04,1.76,-0.012,-0.061,-0.017,2.28,-10.25,-1.99,0.000000,0.000000,3251.29
14.88,100000.00,42.86,110.90,9.67,0.05,1.74,-0.012,-0.060,-0.017,3.29,-10.73,0.73,0.000000,0.000000,3252.44
13.95,99837.77,42.85,124.56,9.65,0.04,1.59,-0.010,-0.048,-0.018,2.78,-10.25,0.28,0.000000,0.000000,3253.59
14.93,99993.02,42.84,110.20,9.65,0.05,1.82,-0.011,-0.069,-0.016,2.28,-10.25,0.28,0.000000,0.000000,3254.74
13.88,99830.81,42.85,125.15,9.66,0.06,1.75,-0.012,-0.057,-0.017,3.29,-9.78,1.63,0.000000,0.000000,3255.89
15.05,100022.40,42.86,109.02,9.68,0.05,1.75,-0.011,-0.060,-0.017,2.28,-12.16,-1.99,0.000000,0.000000,3257.05
13.98,99847.76,42.85,123.72,9.67,0.05,1.75,-0.013,-0.063,-0.016,2.28,-9.78,0.73,0.000000,0.000000,3258.20
15.05,100012.53,42.87,109.85,9.64,0.04,1.72,-0.012,-0.060,-0.017,2.78,-10.73,1.63,0.000000,0.000000,3259.36
14.12,99871.48,42.87,121.72,9.67,0.05,1.76,-0.011,-0.059,-0.016,2.28,-10.25,2.09,0.000000,0.000000,3260.51
15.15,100029.32,42.87,108.44,9.66,0.05,1.76,-0.011,-0.060,-0.017,4.29,-10.73,1.63,0.000000,0.000000,3261.66
14.16,99880.10,42.87,121.00,9.68,0.06,1.75,-0.012,-0.062,-0.016,2.28,-10.25,0.73,0.000000,0.000000,3262.81
15.13,100024.79,42.88,108.82,9.68,0.06,1.76,-0.012,-0.061,-0.017,1.27,-10.25,1.18,0.000000,0.000000,3263.97
14.25,99891.98,42.87,120.00,9.64,0.06,1.79,-0.013,-0.059,-0.017,3.29,-11.68,1.18,0.000000,0.000000,3265.12
15.17,100027.25,42.87,108.61,9.68,0.03,1.76,-0.012,-0.060,-0.016,2.78,-12.16,0.73,0.000000,0.000000,3266.27
14.67,99958.55,42.89,114.39,9.67,0.06,1.76,-0.012,-0.062,-0.017,2.28,-10.25,0.28,0.000000,0.000000,3267.43
15.28,100049.09,42.88,106.77,9.67,0.06,1.75,-0.013,-0.059,-0.017,1.78,-9.78,1.18,0.000000,0.000000,3268.58
14.44,99926.09,42.88,117.13,9.67,0.03,1.79,-0.012,-0.060,-0.016,2.28,-9.78,-1.08,0.000000,0.000000,3269.73
14.81,99973.82,42.88,113.11,9.66,0.04,1.76,-0.013,-0.060,-0.016,1.78,-10.25,0.73,0.000000,0.000000,3270.88
14.75,99971.41,42.87,113.31,9.68,0.05,1.77,-0.012,-0.061,-0.017,1.78,-9.78,2.09,0.000000,0.000000,3272.04
14.75,99966.89,42.87,113.69,9.68,0.05,1.72,-0.012,-0.058,-0.017,2.28,-12.64,-0.63,0.000000,0.000000,3273.19
14.61,99951.49,42.88,114.99,9.65,0.04,1.81,-0.012,-0.064,-0.016,3.79,-9.30,0.73,0.000000,0.000000,3274.34
14.70,99955.96,42.87,114.61,9.67,0.06,1.72,-0.013,-0.057,-0.017,1.78,-10.25,1.18,0.000000,0.000000,3275.50
14.69,99966.16,42.89,113.75,9.66,0.05,1.72,-0.011,-0.062,-0.017,2.28,-10.73,2.54,0.000000,0.000000,3276.65
15.09,100016.84,42.89,109.49,9.66,0.07,1.78,-0.011,-0.062,-0.016,2.28,-10.25,2.54,0.000000,0.000000,3277.80
15.06,100025.56,42.88,108.75,9.66,0.02,1.74,-0.013,-0.060,-0.017,2.28,-9.78,-0.63,0.000000,0.000000,3278.96
14.89,99987.66,42.88,111.94,9.66,0.05,1.77,-0.012,-0.062,-0.016,2.28,-10.25,0.73,0.000000,0.000000,3280.11
15.17,100048.08,42.89,106.86,9.68,0.06,1.76,-0.012,-0.060,-0.017,2.28,-11.21,1.18,0.000000,0.000000,3281.26
15.08,100018.92,42.87,109.31,9.66,0.04,1.73,-0.012,-0.061,-0.017,1.78,-12.64,-0.63,0.000000,0.000000,3282.42
15.79,100146.05,42.92,98.62,9.65,0.06,1.73,-0.012,-0.061,-0.016,2.78,-9.78,1.63,0.000000,0.000000,3283.57
14.94,99998.16,42.89,111.06,9.66,0.02,1.75,-0.012,-0.060,-0.017,3.29,-10.25,1.18,0.000000,0.000000,3284.72
15.64,100123.11,42.92,100.55,9.69,0.04,1.73,-0.013,-0.060,-0.017,2.28,-10.73,-0.18,0.000000,0.000000,3285.88
14.77,99974.59,42.91,113.04,9.67,0.05,1.76,-0.011,-0.058,-0.018,3.29,-8.35,2.09,0.000000,0.000000,3287.02
15.66,100114.28,42.89,100.07,9.68,0.04,1.73,-0.012,-0.063,-0.016,2.28,-10.25,1.63,0.000000,0.000000,3288.18
14.73,99971.09,42.92,113.34,9.67,0.04,1.77,-0.012,-0.059,-0.017,2.28,-10.25,-1.54,0.000000,0.000000,3289.33
15.66,100112.78,42.91,101.42,9.68,0.06,1.75,-0.013,-0.060,-0.017,3.79,-10.25,1.63,0.000000,0.000000,3290.49
14.74,99971.08,42.91,113.34,9.68,0.05,1.72,-0.013,-0.061,-0.016,2.28,-11.68,-0.63,0.000000,0.000000,3291.64
15.68,100117.50,42.91,101.02,9.65,0.05,1.76,-0.011,-0.061,-0.017,2.28,-10.25,-0.18,0.000000,0.000000,3292.79
14.99,100014.95,42.93,109.65,9.70,0.04,1.77,-0.012,-0.062,-0.017,2.78,-11.21,2.09,0.000000,0.000000,3293.94
15.53,100091.32,42.94,103.22,9.67,0.05,1.74,-0.012,-0.061,-0.016,2.28,-11.68,-1.99,0.000000,0.000000,3295.10
15.21,100050.30,42.92,106.67,9.66,0.05,1.75,-0.012,-0.059,-0.017,2.28,-9.30,2.99,0.000000,0.000000,3296.25
15.32,100058.66,42.91,105.97,9.67,0.07,1.76,-0.012,-0.060,-0.017,1.78,-10.25,0.28,0.000000,0.000000,3297.40
15.32,100072.14,42.92,104.84,9.66,0.06,1.74,-0.012,-0.060,-0.017,2.78,-10.73,-0.18,0.000000,0.000000,3298.56
15.16,100033.88,42.91,108.05,9.67,0.06,1.73,-0.013,-0.059,-0.017,3.79,-8.35,1.18,0.000000,0.000000,3299.71
15.49,100098.20,42.91,102.64,9.66,0.06,1.78,-0.011,-0.059,-0.017,2.78,-12.64,1.18,0.000000,0.000000,3300.86
15.05,100015.28,42.90,109.62,9.67,0.03,1.72,-0.012,-0.060,-0.016,2.28,-10.25,1.18,0.000000,0.000000,3302.02
15.67,100127.38,42.92,100.19,9.68,0.06,1.73,-0.011,-0.061,-0.017,4.29,-9.30,-0.18,0.000000,0.000000,3303.17
14.77,99971.44,42.91,113.31,9.68,0.04,1.76,-0.012,-0.060,-0.017,2.28,-13.11,0.73,0.000000,0.000000,3304.32
15.64,100124.87,42.92,100.40,9.68,0.04,1.74,-0.012,-0.059,-0.016,2.78,-10.25,1.63,0.000000,0.000000,3305.48
14.67,99956.97,42.92,114.53,9.67,0.03,1.75,-0.012,-0.061,-0.017,3.29,-11.21,2.09,0.000000,0.000000,3306.63
15.29,100065.66,42.88,105.38,9.65,0.05,1.77,-0.012,-0.061,-0.016,2.28,-11.68,1.18,0.000000,0.000000,3307.78
14.27,99892.39,42.89,119.96,9.65,0.05,1.73,-0.012,-0.060,-0.016,1.78,-8.82,0.73,0.000000,0.000000,3308.93
15.38,100065.58,42.91,105.39,9.69,0.04,1.73,-0.013,-0.060,-0.017,2.78,-11.21,2.54,0.000000,0.000000,3310.09
14.75,99971.89,42.88,113.27,9.68,0.06,1.75,-0.012,-0.061,-0.015,2.78,-10.25,-0.63,0.000000,0.000000,3311.24
15.76,100124.50,42.89,100.43,9.68,0.04,1.79,-0.011,-0.060,-0.017,2.78,-10.73,2.09,0.000000,0.000000,3312.39
14.92,100003.55,42.90,110.61,9.68,0.06,1.72,-0.011,-0.059,-0.017,2.78,-12.16,1.63,0.000000,0.000000,3313.55
15.64,100108.09,42.89,101.81,9.68,0.03,1.75,-0.012,-0.060,-0.016,2.78,-10.73,1.63,0.000000,0.000000,3314.70
17.43,100382.80,42.95,78.74,9.65,0.05,1.75,-0.011,-0.062,-0.017,3.29,-7.39,1.18,0.000000,0.000000,3315.85
18.88,100629.17,42.99,58.09,9.68,0.06,1.76,-0.012,-0.060,-0.016,1.78,-9.30,1.18,0.000000,0.000000,3317.00
18.89,100635.19,43.04,57.59,9.67,0.06,1.77,-0.011,-0.060,-0.017,2.78,-8.35,-0.18,0.000000,0.000000,3318.16
19.16,100673.17,43.05,54.41,9.66,0.04,1.75,-0.013,-0.060,-0.017,2.28,-6.92,1.18,0.000000,0.000000,3319.31
19.15,100671.63,43.07,54.54,9.66,0.03,1.75,-0.012,-0.061,-0.017,1.78,-9.30,1.63,0.000000,0.000000,3320.46
19.12,100673.55,43.08,54.38,9.67,0.05,1.75,-0.011,-0.060,-0.017,1.78,-7.87,1.18,0.000000,0.000000,3321.61
19.13,100675.52,43.12,54.21,9.68,0.05,1.77,-0.011,-0.060,-0.017,1.78,-7.87,0.28,0.000000,0.000000,3322.77
19.26,100701.59,43.17,52.03,9.67,0.07,1.76,-0.012,-0.060,-0.017,2.28,-10.25,-0.18,0.000000,0.000000,3323.92
19.09,100669.70,43.12,54.70,9.68,0.05,1.74,-0.011,-0.060,-0.017,2.28,-9.78,1.63,0.000000,0.000000,3325.07
19.10,100665.75,43.11,55.03,9.67,0.04,1.75,-0.013,-0.061,-0.017,2.78,-8.82,2.09,0.000000,0.000000,3326.23
19.16,100678.78,43.14,53.94,9.67,0.06,1.73,-0.012,-0.060,-0.016,1.78,-7.87,2.09,0.000000,0.000000,3327.38
18.96,100646.63,43.16,56.63,9.67,0.06,1.75,-0.012,-0.058,-0.018,1.78,-9.78,-1.54,0.000000,0.000000,3328.53
19.08,100664.03,43.14,55.18,9.68,0.04,1.77,-0.012,-0.061,-0.016,2.28,-8.35,-3.80,0.000000,0.000000,3329.69
19.07,100666.02,43.16,55.01,9.68,0.07,1.77,-0.011,-0.059,-0.016,0.77,-7.87,0.28,0.000000,0.000000,3330.84
18.83,100625.61,43.16,58.39,9.68,0.05,1.72,-0.012,-0.062,-0.017,1.78,-9.30,-0.18,0.000000,0.000000,3331.99
18.80,100625.61,43.16,58.39,9.66,0.04,1.74,-0.011,-0.061,-0.016,1.78,-8.35,-1.08,0.000000,0.000000,3333.15
18.83,100622.98,43.16,58.61,9.67,0.07,1.75,-0.011,-0.060,-0.015,2.28,-7.87,1.18,0.000000,0.000000,3334.30
18.96,100645.02,43.17,56.77,9.68,0.06,1.77,-0.012,-0.062,-0.016,1.78,-8.35,0.73,0.000000,0.000000,3335.45
18.93,100641.78,43.19,57.04,9.69,0.04,1.75,-0.012,-0.060,-0.016,2.28,-10.25,-0.63,0.000000,0.000000,3336.60
19.09,100668.61,43.19,54.79,9.67,0.05,1.74,-0.012,-0.060,-0.017,2.78,-7.87,1.18,0.000000,0.000000,3337.76
19.09,100675.42,43.20,54.22,9.69,0.06,1.73,-0.011,-0.062,-0.017,2.78,-7.39,1.18,0.000000,0.000000,3338.91
19.03,100660.45,43.19,55.48,9.67,0.04,1.75,-0.011,-0.062,-0.017,1.78,-7.87,0.28,0.000000,0.000000,3340.06
18.99,100648.42,43.21,56.48,9.69,0.04,1.74,-0.013,-0.059,-0.017,1.78,-7.39,-1.08,0.000000,0.000000,3341.22
19.08,100667.31,43.22,54.90,9.68,0.03,1.76,-0.012,-0.062,-0.017,2.28,-6.92,-0.18,0.000000,0.000000,3342.37
19.16,100679.79,43.21,53.86,9.66,0.04,1.77,-0.012,-0.062,-0.016,2.28,-8.82,-0.18,0.000000,0.000000,3343.52
18.99,100652.13,43.25,55.89,9.66,0.05,1.75,-0.012,-0.059,-0.017,2.28,-8.35,-0.18,0.000000,0.000000,3344.67
18.96,100651.97,43.22,56.19,9.64,0.05,1.78,-0.012,-0.061,-0.017,3.29,-8.82,0.73,0.000000,0.000000,3345.83
18.99,100652.20,43.22,56.17,9.67,0.06,1.74,-0.012,-0.060,-0.016,1.78,-9.78,-0.63,0.000000,0.000000,3346.98
18.88,100640.84,43.22,57.12,9.67,0.05,1.74,-0.012,-0.060,-0.017,1.78,-7.87,-0.18,0.000000,0.000000,3348.13
19.00,100656.03,43.21,55.85,9.66,0.05,1.73,-0.011,-0.060,-0.017,2.78,-8.35,1.63,0.000000,0.000000,3349.29
19.04,100659.83,43.21,55.53,9.65,0.05,1.76,-0.013,-0.060,-0.016,1.78,-9.78,1.18,0.000000,0.000000,3350.44
18.99,100657.40,43.23,55.73,9.67,0.04,1.76,-0.011,-0.060,-0.017,1.27,-7.87,1.18,0.000000,0.000000,3351.59
18.99,100654.72,43.22,55.96,9.67,0.05,1.75,-0.012,-0.060,-0.017,2.78,-8.35,2.09,0.000000,0.000000,3352.74
19.02,100661.50,43.23,55.39,9.66,0.06,1.75,-0.011,-0.060,-0.017,2.78,-8.35,0.73,0.000000,0.000000,3353.90
18.95,100647.64,43.24,56.55,9.67,0.05,1.75,-0.013,-0.061,-0.017,1.78,-11.21,1.63,0.000000,0.000000,3355.05
18.97,100643.66,43.24,56.88,9.66,0.06,1.75,-0.012,-0.060,-0.017,2.28,-7.39,2.54,0.000000,0.000000,3356.20
19.14,100675.05,43.24,54.25,9.67,0.06,1.78,-0.013,-0.060,-0.017,2.78,-8.35,1.63,0.000000,0.000000,3357.36
18.84,100627.64,43.23,58.22,9.67,0.06,1.73,-0.011,-0.061,-0.016,1.78,-9.78,1.63,0.000000,0.000000,3358.51
19.10,100670.38,43.26,54.65,9.67,0.04,1.75,-0.011,-0.060,-0.017,2.78,-8.35,0.73,0.000000,0.000000,3359.66
19.07,100666.02,43.25,55.01,9.67,0.04,1.75,-0.012,-0.060,-0.017,2.28,-7.87,2.09,0.000000,0.000000,3360.81
18.95,100646.55,43.23,56.64,9.66,0.06,1.77,-0.012,-0.060,-0.017,1.78,-7.87,0.28,0.000000,0.000000,3361.97
18.89,100637.88,43.23,57.37,9.66,0.05,1.73,-0.012,-0.060,-0.017,1.27,-8.35,0.73,0.000000,0.000000,3363.12
18.96,100640.68,43.21,57.13,9.67,0.06,1.74,-0.012,-0.060,-0.016,2.28,-8.82,1.18,0.000000,0.000000,3364.27
18.81,100621.75,43.22,58.72,9.66,0.04,1.73,-0.012,-0.060,-0.016,2.28,-8.35,0.73,0.000000,0.000000,3365.43
18.90,100634.81,43.23,57.62,9.67,0.05,1.76,-0.011,-0.060,-0.017,1.78,-9.78,-0.18,0.000000,0.000000,3366.58
18.78,100615.61,43.22,59.23,9.68,0.05,1.73,-0.012,-0.060,-0.016,1.78,-7.87,-1.54,0.000000,0.000000,3367.73
18.84,100628.09,43.23,58.18,9.62,0.08,1.73,-0.011,-0.060,-0.017,2.78,-9.78,0.73,0.000000,0.000000,3368.89
18.84,100624.47,43.22,58.49,9.66,0.03,1.88,-0.012,-0.075,-0.016,1.27,-9.78,0.73,0.000000,0.000000,3370.04
18.75,100607.73,43.20,59.89,9.67,0.06,1.72,-0.011,-0.057,-0.018,1.78,-8.82,-1.08,0.000000,0.000000,3371.19
18.66,100594.22,43.21,61.02,9.68,0.06,1.74,-0.012,-0.064,-0.016,4.29,-7.87,1.18,0.000000,0.000000,3372.34
19.06,100657.91,43.22,55.69,9.65,0.05,1.78,-0.011,-0.060,-0.017,1.27,-9.30,1.18,0.000000,0.000000,3373.50
19.00,100653.94,43.21,56.02,9.66,0.04,1.75,-0.012,-0.058,-0.016,1.27,-7.87,0.73,0.000000,0.000000,3374.65
19.09,100662.94,43.22,55.27,9.66,0.04,1.75,-0.012,-0.062,-0.017,2.28,-7.87,0.28,0.000000,0.000000,3375.80
18.93,100637.30,43.20,57.41,9.67,0.07,1.76,-0.012,-0.060,-0.017,1.78,-8.82,0.28,0.000000,0.000000,3376.96
18.99,100649.76,43.23,56.37,9.67,0.05,1.75,-0.013,-0.060,-0.017,1.27,-10.25,1.63,0.000000,0.000000,3378.11
19.14,100671.36,43.21,54.56,9.68,0.05,1.76,-0.011,-0.060,-0.017,2.28,-8.82,-1.99,0.000000,0.000000,3379.26
19.15,100675.90,43.20,54.18,9.66,0.04,1.74,-0.012,-0.061,-0.017,2.78,-6.92,-0.18,0.000000,0.000000,3380.42
19.04,100654.30,43.20,55.99,9.68,0.05,1.75,-0.010,-0.060,-0.018,1.27,-9.30,-0.63,0.000000,0.000000,3381.57
19.03,100651.41,43.22,56.23,9.65,0.05,1.78,-0.012,-0.060,-0.017,1.27,-8.35,-0.18,0.000000,0.000000,3382.72
19.08,100664.97,43.20,55.10,9.66,0.06,1.71,-0.013,-0.061,-0.017,1.78,-7.87,0.28,0.000000,0.000000,3383.87
18.98,100647.38,43.20,56.57,9.67,0.07,1.76,-0.011,-0.060,-0.017,3.29,-9.30,1.18,0.000000,0.000000,3385.03
18.94,100642.46,43.18,56.98,9.66,0.05,1.75,-0.012,-0.060,-0.017,1.27,-9.30,0.28,0.000000,0.000000,3386.18
18.97,100640.69,43.19,57.13,9.67,0.04,1.74,-0.011,-0.060,-0.017,2.78,-8.35,2.09,0.000000,0.000000,3387.33
19.11,100663.13,43.18,55.25,9.66,0.05,1.73,-0.012,-0.060,-0.016,1.78,-7.87,0.73,0.000000,0.000000,3388.49
19.07,100660.39,43.21,55.48,9.64,0.04,1.76,-0.012,-0.060,-0.016,1.78,-9.78,-0.18,0.000000,0.000000,3389.64
18.87,100627.73,43.21,58.22,9.66,0.05,1.77,-0.011,-0.061,-0.017,1.78,-7.87,2.09,0.000000,0.000000,3390.79
19.08,100662.31,43.20,55.46,9.68,0.07,1.76,-0.011,-0.061,-0.016,1.78,-7.87,0.73,0.000000,0.000000,3391.95
19.03,100651.83,43.17,56.20,9.67,0.06,1.73,-0.012,-0.060,-0.016,1.78,-10.25,1.18,0.000000,0.000000,3393.10
19.16,100664.30,43.17,55.15,9.66,0.06,1.76,-0.011,-0.060,-0.017,0.77,-7.87,-1.08,0.000000,0.000000,3394.25
19.17,100673.13,43.16,54.41,9.66,0.05,1.71,-0.012,-0.060,-0.017,2.28,-8.35,2.09,0.000000,0.000000,3395.40
19.13,100667.40,43.17,54.89,9.67,0.05,1.77,-0.012,-0.061,-0.017,0.27,-9.30,1.63,0.000000,0.000000,3396.56
19.17,100671.52,43.16,54.55,9.67,0.05,1.74,-0.011,-0.061,-0.017,1.78,-8.35,0.28,0.000000,0.000000,3397.71
18.83,100618.38,43.15,59.00,9.67,0.05,1.77,-0.012,-0.060,-0.016,3.29,-8.35,1.18,0.000000,0.000000,3398.86
18.85,100619.97,43.14,58.86,9.68,0.05,1.70,-0.011,-0.061,-0.017,3.79,-9.78,-0.63,0.000000,0.000000,3400.02
19.04,100652.62,43.18,56.13,9.66,0.05,1.76,-0.011,-0.061,-0.017,1.78,-10.25,1.63,0.000000,0.000000,3401.17
19.10,100660.63,43.13,55.46,9.66,0.05,1.76,-0.011,-0.060,-0.017,1.78,-8.35,-1.54,0.000000,0.000000,3402.32
18.99,100641.23,43.13,57.08,9.66,0.05,1.74,-0.012,-0.060,-0.016,1.78,-7.87,1.18,0.000000,0.000000,3403.48
18.88,100627.93,43.13,58.20,9.66,0.06,1.75,-0.013,-0.060,-0.016,2.28,-8.82,-0.18,0.000000,0.000000,3404.63
18.97,100638.68,43.12,57.30,9.67,0.05,1.74,-0.012,-0.060,-0.017,1.27,-7.87,-1.99,0.000000,0.000000,3405.78
18.95,100642.95,43.14,56.94,9.67,0.05,1.76,-0.012,-0.060,-0.016,3.29,-8.35,0.73,0.000000,0.000000,3406.93
18.80,100612.18,43.11,59.52,9.68,0.05,1.76,-0.012,-0.060,-0.017,2.78,-9.78,0.28,0.000000,0.000000,3408.09
19.10,100653.24,43.12,56.08,9.68,0.05,1.74,-0.013,-0.060,-0.017,1.27,-8.35,-2.44,0.000000,0.000000,3409.24
18.95,100635.06,43.12,57.60,9.68,0.04,1.74,-0.011,-0.060,-0.016,2.78,-7.87,1.63,0.000000,0.000000,3410.39
19.09,100656.11,43.12,55.84,9.66,0.06,1.72,-0.012,-0.061,-0.017,2.28,-8.35,1.63,0.000000,0.000000,3411.55
18.95,100640.27,43.12,57.16,9.65,0.05,1.77,-0.012,-0.061,-0.016,1.78,-9.30,-0.18,0.000000,0.000000,3412.70
19.00,100643.53,43.11,56.89,9.66,0.05,1.75,-0.011,-0.060,-0.017,2.78,-7.87,1.63,0.000000,0.000000,3413.85
19.00,100640.17,43.11,57.17,9.66,0.04,1.74,-0.013,-0.060,-0.015,1.78,-7.39,-0.18,0.000000,0.000000,3415.01
19.07,100655.86,43.11,55.86,9.66,0.06,1.75,-0.012,-0.060,-0.017,2.28,-8.35,-0.18,0.000000,0.000000,3416.16
19.09,100655.10,43.10,55.92,9.68,0.05,1.73,-0.011,-0.061,-0.017,1.78,-7.87,0.73,0.000000,0.000000,3417.31
19.19,100676.32,43.08,54.15,9.67,0.06,1.77,-0.012,-0.059,-0.016,1.27,-8.35,-0.18,0.000000,0.000000,3418.46
19.03,100645.38,43.09,56.74,9.65,0.04,1.74,-0.011,-0.060,-0.017,1.78,-9.30,0.28,0.000000,0.000000,3419.62
18.94,100629.48,43.08,58.07,9.67,0.06,1.76,-0.012,-0.060,-0.017,1.27,-7.87,-0.63,0.000000,0.000000,3420.77
19.11,100663.36,43.11,55.23,9.66,0.05,1.74,-0.012,-0.061,-0.017,1.78,-7.87,3.44,0.000000,0.000000,3421.92
18.97,100636.11,43.08,57.51,9.68,0.05,1.76,-0.011,-0.060,-0.017,1.27,-8.82,0.73,0.000000,0.000000,3423.08
18.90,100617.03,43.06,59.11,9.67,0.06,1.76,-0.011,-0.060,-0.017,1.78,-9.30,0.28,0.000000,0.000000,3424.23
19.06,100650.14,43.06,56.34,9.66,0.04,1.75,-0.012,-0.060,-0.017,3.29,-8.35,1.18,0.000000,0.000000,3425.38
18.88,100618.06,43.08,59.02,9.64,0.05,1.73,-0.011,-0.060,-0.017,2.78,-6.92,0.73,0.000000,0.000000,3426.53
19.04,100648.42,43.06,56.48,9.67,0.05,1.74,-0.011,-0.060,-0.016,1.78,-8.82,-0.18,0.000000,0.000000,3427.69
19.13,100659.01,43.07,55.60,9.65,0.05,1.78,-0.011,-0.060,-0.016,1.78,-8.35,-0.63,0.000000,0.000000,3428.84
19.01,100635.97,43.05,57.53,9.66,0.05,1.73,-0.011,-0.060,-0.016,1.78,-8.82,0.73,0.000000,0.000000,3429.99
19.20,100670.11,43.08,54.67,9.66,0.04,1.77,-0.011,-0.060,-0.017,1.78,-8.35,0.28,0.000000,0.000000,3431.15
19.32,100683.01,43.03,53.59,9.68,0.06,1.73,-0.011,-0.061,-0.017,1.78,-7.87,-0.63,0.000000,0.000000,3432.30
19.27,100678.23,43.04,53.99,9.65,0.05,1.74,-0.013,-0.060,-0.016,1.78,-7.87,2.99,0.000000,0.000000,3433.45
19.29,100683.68,43.04,53.53,9.68,0.06,1.74,-0.011,-0.060,-0.016,1.78,-8.35,0.28,0.000000,0.000000,3434.60
18.85,100609.67,43.03,59.73,9.66,0.05,1.77,-0.012,-0.061,-0.017,1.78,-8.35,1.63,0.000000,0.000000,3435.76
19.07,100649.84,43.05,56.36,9.67,0.06,1.75,-0.012,-0.059,-0.016,2.28,-7.87,1.18,0.000000,0.000000,3436.91
18.87,100615.16,43.01,59.27,9.66,0.06,1.74,-0.012,-0.060,-0.017,2.28,-8.82,0.73,0.000000,0.000000,3438.06
18.79,100603.59,43.00,60.24,9.66,0.05,1.76,-0.012,-0.060,-0.017,1.78,-9.78,0.28,0.000000,0.000000,3439.22
19.29,100679.92,43.00,53.85,9.67,0.05,1.76,-0.011,-0.061,-0.016,2.28,-8.35,-2.44,0.000000,0.000000,3440.37
19.03,100635.36,43.00,57.58,9.66,0.05,1.74,-0.012,-0.060,-0.016,3.29,-7.87,1.18,0.000000,0.000000,3441.52
18.81,100604.55,42.99,60.16,9.68,0.05,1.74,-0.011,-0.060,-0.017,1.78,-8.82,-0.63,0.000000,0.000000,3442.68
19.01,100633.53,42.99,57.73,9.65,0.03,1.70,-0.011,-0.055,-0.017,2.28,-7.87,-0.18,0.000000,0.000000,3443.83
19.14,100667.66,43.01,54.87,9.64,0.01,1.82,-0.012,-0.077,-0.015,2.28,-6.92,2.09,0.000000,0.000000,3444.98
19.26,100673.41,43.02,54.39,9.66,0.03,1.72,-0.011,-0.058,-0.017,2.28,-7.87,0.28,0.000000,0.000000,3446.13
19.34,100678.39,42.97,53.97,9.76,0.06,1.85,-0.014,-0.035,-0.016,1.78,-8.82,-1.08,0.000000,0.000000,3447.29
19.33,100683.97,42.98,53.51,9.66,0.04,1.78,-0.011,-0.065,-0.017,2.28,-8.35,1.18,0.000000,0.000000,3448.44
19.34,100684.36,42.98,53.48,9.68,0.04,1.70,-0.011,-0.060,-0.017,2.28,-9.30,1.18,0.000000,0.000000,3449.59
19.35,100685.19,42.98,53.41,9.67,0.04,1.77,-0.011,-0.067,-0.017,1.27,-10.73,-1.99,0.000000,0.000000,3450.75
19.24,100675.30,42.96,54.23,9.67,0.06,1.75,-0.012,-0.057,-0.017,1.27,-8.35,-0.63,0.000000,0.000000,3451.90
19.17,100658.44,42.94,55.64,9.67,0.06,1.72,-0.011,-0.060,-0.017,2.28,-8.35,0.73,0.000000,0.000000,3453.05
19.07,100644.20,42.95,56.84,9.68,0.06,1.79,-0.012,-0.062,-0.017,2.28,-8.82,-0.63,0.000000,0.000000,3454.21
19.28,100672.22,42.94,54.49,9.67,0.03,1.75,-0.012,-0.060,-0.017,1.27,-8.35,2.09,0.000000,0.000000,3455.36
19.29,100671.12,42.94,54.58,9.68,0.06,1.75,-0.012,-0.059,-0.017,1.78,-6.92,1.63,0.000000,0.000000,3456.51
19.24,100669.78,42.94,54.69,9.67,0.06,1.76,-0.012,-0.062,-0.017,1.78,-8.35,1.63,0.000000,0.000000,3457.66
19.26,100669.88,42.95,54.69,9.69,0.06,1.80,-0.011,-0.046,-0.017,2.28,-11.68,0.28,0.000000,0.000000,3458.82
19.13,100651.89,42.94,56.19,9.66,0.07,1.77,-0.012,-0.062,-0.015,2.28,-7.87,-2.44,0.000000,0.000000,3459.97
19.19,100656.36,42.93,55.82,9.66,0.03,1.79,-0.012,-0.061,-0.017,3.79,-8.82,2.09,0.000000,0.000000,3461.12
19.12,100642.09,42.93,57.01,9.65,0.07,1.78,-0.012,-0.069,-0.015,1.27,-8.82,0.28,0.000000,0.000000,3462.28
19.28,100669.87,42.94,54.69,9.64,0.04,1.85,-0.011,-0.071,-0.017,1.27,-7.87,0.73,0.000000,0.000000,3463.43
19.17,100649.23,42.90,56.41,9.67,0.04,1.85,-0.013,-0.056,-0.017,2.28,-6.92,0.73,0.000000,0.000000,3464.58
19.25,100646.61,42.88,55.26,9.63,0.04,1.63,-0.011,-0.054,-0.017,2.28,-8.82,0.73,0.000000,0.000000,3465.74
19.21,100660.09,42.91,55.51,9.67,0.06,1.77,-0.013,-0.060,-0.017,1.78,-10.25,-1.08,0.000000,0.000000,3466.89
19.13,100643.05,42.89,56.93,9.66,0.04,1.72,-0.013,-0.058,-0.017,2.28,-8.35,1.18,0.000000,0.000000,3468.04
19.16,100651.72,42.90,56.21,9.66,0.06,1.75,-0.012,-0.063,-0.016,1.27,-6.92,2.09,0.000000,0.000000,3469.19
19.12,100637.08,42.88,57.43,9.66,0.05,1.74,-0.012,-0.060,-0.017,1.27,-10.25,-0.18,0.000000,0.000000,3470.35
19.19,100649.80,42.89,56.37,9.67,0.06,1.74,-0.012,-0.059,-0.016,1.27,-7.87,0.28,0.000000,0.000000,3471.50
19.05,100631.20,42.90,57.92,9.66,0.05,1.75,-0.011,-0.060,-0.016,2.28,-6.44,0.28,0.000000,0.000000,3472.65
19.09,100635.57,42.88,57.56,9.67,0.04,1.77,-0.013,-0.061,-0.016,2.28,-8.35,-0.63,0.000000,0.000000,3473.81
19.07,100636.33,42.88,57.50,9.66,0.05,1.75,-0.012,-0.060,-0.016,2.28,-10.25,1.18,0.000000,0.000000,3474.96
19.14,100643.80,42.86,56.87,9.66,0.04,1.75,-0.012,-0.060,-0.018,2.78,-8.35,1.18,0.000000,0.000000,3476.11
19.20,100650.22,42.85,56.33,9.67,0.04,1.72,-0.011,-0.060,-0.017,1.27,-8.82,0.73,0.000000,0.000000,3477.26
19.06,100631.94,42.84,57.86,9.67,0.04,1.76,-0.012,-0.060,-0.017,1.78,-9.78,1.18,0.000000,0.000000,3478.42
19.11,100634.67,42.87,57.63,9.69,0.06,1.76,-0.011,-0.060,-0.017,2.28,-7.87,-1.54,0.000000,0.000000,3479.57
18.98,100619.97,42.83,58.86,9.65,0.06,1.77,-0.011,-0.060,-0.016,2.78,-8.82,0.73,0.000000,0.000000,3480.72
19.20,100657.43,42.85,55.73,9.67,0.05,1.73,-0.011,-0.061,-0.017,2.28,-9.78,1.18,0.000000,0.000000,3481.88
19.19,100647.23,42.83,56.58,9.67,0.05,1.78,-0.012,-0.060,-0.017,1.27,-7.87,0.73,0.000000,0.000000,3483.03
19.14,100641.86,42.84,57.03,9.65,0.03,1.74,-0.012,-0.060,-0.016,1.78,-7.87,1.18,0.000000,0.000000,3484.18
19.12,100634.88,42.83,57.62,9.66,0.06,1.76,-0.012,-0.060,-0.017,1.78,-9.30,1.18,0.000000,0.000000,3485.34
19.13,100640.70,42.82,57.13,9.67,0.06,1.78,-0.012,-0.060,-0.016,1.27,-9.78,-1.54,0.000000,0.000000,3486.49
19.06,100630.91,42.81,57.95,9.66,0.05,1.75,-0.012,-0.060,-0.017,2.28,-7.87,1.18,0.000000,0.000000,3487.64
19.06,100625.22,42.80,58.42,9.68,0.06,1.74,-0.011,-0.061,-0.017,1.78,-8.82,2.09,0.000000,0.000000,3488.79
17.32,100359.40,42.79,80.70,9.68,0.04,1.72,-0.011,-0.063,-0.017,1.27,-9.78,1.63,0.000000,0.000000,3489.95
11.85,99484.95,42.67,154.33,9.34,-1.59,3.39,-1.047,2.074,1.020,1.27,-9.78,1.18,0.000000,0.000000,3491.10
14.44,99893.05,42.67,119.91,-1.42,6.61,7.43,0.508,-0.407,0.311,9.32,1.67,8.42,0.000000,0.000000,3492.25
15.21,100002.31,42.74,110.71,-3.88,7.35,5.85,0.118,0.981,-0.734,9.82,3.58,6.61,0.000000,0.000000,3493.41
16.54,100217.03,42.80,92.66,6.62,-5.21,5.51,4.183,0.469,1.729,-2.24,-6.92,3.90,0.000000,0.000000,3494.56
17.56,100391.22,42.83,78.04,0.92,-1.82,8.32,0.161,0.092,0.033,-1.74,0.24,7.52,0.000000,0.000000,3495.71
18.52,100533.86,42.85,65.67,1.46,-3.38,9.02,0.204,0.436,0.236,-3.75,-1.67,7.97,0.000000,0.000000,3496.86
16.16,100160.53,42.81,97.40,1.16,-1.46,9.86,0.175,-0.662,-0.544,-0.23,-1.19,10.24,0.000000,0.000000,3498.02
15.23,100009.92,42.79,110.07,9.40,1.76,2.12,-0.141,0.028,0.236,5.80,-8.82,2.09,0.000000,0.000000,3499.17
15.97,100123.48,42.82,100.52,6.63,-3.95,6.72,-1.397,0.797,0.100,-0.74,-7.87,5.26,0.000000,0.000000,3500.33
19.73,100716.90,42.89,50.75,4.56,-8.47,-2.36,0.635,-0.025,-2.815,-7.27,-4.53,-2.44,0.000000,0.000000,3501.48
17.66,100394.92,42.87,77.72,4.90,-5.82,6.22,0.368,-0.096,-0.008,-4.25,-3.58,6.61,0.000000,0.000000,3502.63
15.92,100120.77,42.81,100.75,1.92,-2.73,14.05,1.004,-0.241,0.378,0.77,-4.53,10.69,0.000000,0.000000,3503.79
14.53,99906.16,42.76,118.80,6.15,0.56,5.97,-0.066,0.682,0.341,3.29,-6.92,4.80,0.000000,0.000000,3504.93
14.35,99875.50,42.71,121.39,3.36,-4.32,8.21,-0.208,-0.636,0.977,-2.75,-2.15,4.80,0.000000,0.000000,3506.09
15.24,100003.07,42.69,110.65,0.23,6.61,5.83,-0.388,1.109,-3.312,10.32,-2.15,6.16,0.000000,0.000000,3507.24
14.20,99842.97,42.69,124.13,2.84,1.09,7.95,-2.173,-0.769,1.992,3.79,-5.96,7.07,0.000000,0.000000,3508.39
11.50,99419.03,42.68,159.91,3.99,-0.08,8.30,0.001,-0.235,0.279,3.29,-5.48,6.16,0.000000,0.000000,3509.55
13.67,99760.17,42.67,131.10,8.95,-2.98,2.24,0.207,0.021,0.139,0.77,-8.35,2.99,0.000000,0.000000,3510.70
18.36,100506.16,42.74,68.40,9.69,-0.02,1.79,-0.013,-0.049,-0.015,1.78,-8.82,1.18,0.000000,0.000000,3511.86
18.66,100559.42,42.75,63.94,9.63,-0.03,1.75,-0.012,-0.071,-0.018,2.78,-8.35,1.63,0.000000,0.000000,3513.01
18.70,100560.83,42.73,63.82,9.66,0.01,1.80,-0.012,-0.057,-0.017,2.78,-8.82,2.09,0.000000,0.000000,3514.16
18.52,100535.96,42.71,65.90,9.66,-0.01,1.73,-0.012,-0.058,-0.015,2.78,-10.25,0.73,0.000000,0.000000,3515.32
18.48,100528.53,42.69,66.52,9.67,-0.02,1.77,-0.013,-0.062,-0.017,2.28,-8.35,0.28,0.000000,0.000000,3516.47
18.46,100526.84,42.66,66.66,9.66,0.01,1.80,-0.012,-0.059,-0.015,2.28,-8.35,0.73,0.000000,0.000000,3517.62
18.43,100518.08,42.63,67.40,9.64,0.01,1.76,-0.011,-0.060,-0.017,2.28,-11.21,0.73,0.000000,0.000000,3518.77
18.09,100463.88,42.59,71.94,9.66,-0.02,1.75,-0.013,-0.060,-0.016,2.28,-8.82,0.28,0.000000,0.000000,3519.93
18.02,100456.31,42.57,72.58,9.66,-0.01,1.78,-0.012,-0.060,-0.017,3.79,-8.82,2.99,0.000000,0.000000,3521.08
18.08,100462.22,42.55,72.08,9.66,-0.00,1.75,-0.012,-0.060,-0.015,2.28,-9.78,1.18,0.000000,0.000000,3522.23
17.96,100445.00,42.54,73.53,9.67,0.00,1.77,-0.011,-0.060,-0.016,2.28,-9.30,-0.18,0.000000,0.000000,3523.39
17.97,100446.37,42.52,73.41,9.65,-0.01,1.77,-0.012,-0.060,-0.017,2.28,-7.39,1.18,0.000000,0.000000,3524.54
18.01,100453.63,42.43,72.80,9.67,-0.01,1.75,-0.012,-0.060,-0.017,0.77,-9.78,2.54,0.000000,0.000000,3525.69
18.14,100473.20,42.50,71.16,9.68,-0.01,1.76,-0.013,-0.060,-0.017,2.28,-8.82,-1.08,0.000000,0.000000,3526.84
18.21,100480.96,42.49,70.51,9.67,-0.03,1.80,-0.011,-0.060,-0.017,2.28,-7.87,0.28,0.000000,0.000000,3528.00
18.16,100473.63,42.48,71.13,9.67,-0.01,1.72,-0.012,-0.060,-0.016,1.78,-10.25,1.63,0.000000,0.000000,3529.15
18.25,100486.86,42.47,70.02,9.69,-0.03,1.88,-0.012,-0.088,-0.021,1.78,-8.82,0.73,0.000000,0.000000,3530.30
18.00,100449.81,42.47,73.12,9.65,0.04,1.60,-0.012,-0.034,-0.012,3.29,-7.87,0.73,0.000000,0.000000,3531.45
18.04,100456.27,42.45,72.58,9.64,0.02,1.70,-0.013,-0.058,-0.015,2.28,-8.82,1.18,0.000000,0.000000,3532.61
17.74,100405.28,42.46,76.86,9.67,0.02,1.70,-0.011,-0.063,-0.017,1.78,-9.30,0.73,0.000000,0.000000,3533.76
17.90,100433.21,42.44,74.51,9.68,-0.01,1.84,-0.011,-0.061,-0.017,2.28,-7.87,1.63,0.000000,0.000000,3534.91
18.26,100488.33,42.44,69.89,9.67,-0.01,1.79,-0.012,-0.064,-0.017,1.78,-9.78,1.18,0.000000,0.000000,3536.07
18.27,100491.08,42.43,69.66,9.68,-0.01,1.78,-0.012,-0.055,-0.016,2.28,-10.25,2.54,0.000000,0.000000,3537.22
18.21,100477.47,42.42,70.80,9.68,-0.01,1.77,-0.012,-0.064,-0.016,2.78,-8.35,2.09,0.000000,0.000000,3538.37
18.16,100471.02,42.49,71.34,9.68,-0.02,1.73,-0.011,-0.061,-0.017,2.78,-6.92,1.63,0.000000,0.000000,3539.53
18.23,100481.66,42.42,70.45,9.66,-0.01,1.76,-0.012,-0.061,-0.016,2.28,-10.25,0.73,0.000000,0.000000,3540.68
18.21,100476.44,42.42,70.89,9.66,-0.01,1.77,-0.012,-0.061,-0.016,2.28,-8.35,-1.08,0.000000,0.000000,3541.83
18.21,100480.46,42.42,70.55,9.66,-0.03,1.74,-0.012,-0.059,-0.016,3.79,-8.82,1.18,0.000000,0.000000,3542.99
17.97,100439.41,42.42,73.99,9.67,-0.02,1.77,-0.011,-0.060,-0.017,1.27,-10.25,2.99,0.000000,0.000000,3544.14
18.04,100451.93,42.40,72.94,9.67,-0.03,1.76,-0.011,-0.060,-0.017,1.78,-8.35,-1.99,0.000000,0.000000,3545.29
18.07,100455.47,42.39,72.65,9.67,-0.01,1.75,-0.012,-0.060,-0.016,2.28,-9.30,2.99,0.000000,0.000000,3546.44
17.97,100439.31,42.41,74.00,9.67,-0.02,1.74,-0.012,-0.061,-0.016,1.78,-10.25,-0.63,0.000000,0.000000,3547.60
18.16,100472.36,42.41,71.23,9.67,-0.01,1.77,-0.012,-0.061,-0.016,2.28,-7.87,-0.18,0.000000,0.000000,3548.75
18.07,100455.49,42.40,72.64,9.67,-0.01,1.75,-0.012,-0.060,-0.016,2.78,-9.30,2.99,0.000000,0.000000,3549.90
18.06,100456.70,42.43,72.54,9.66,-0.01,1.76,-0.012,-0.061,-0.017,2.28,-8.35,1.18,0.000000,0.000000,3551.06
18.14,100465.05,42.40,71.84,9.67,-0.01,1.77,-0.012,-0.061,-0.017,1.78,-8.35,-1.54,0.000000,0.000000,3552.21
18.33,100495.41,42.42,69.30,9.67,-0.02,1.79,-0.012,-0.060,-0.016,2.28,-7.87,1.63,0.000000,0.000000,3553.36
18.15,100466.95,42.38,71.69,9.66,-0.00,1.77,-0.012,-0.060,-0.017,2.78,-8.82,0.28,0.000000,0.000000,3554.52
18.13,100459.98,42.40,72.27,9.65,-0.02,1.74,-0.012,-0.060,-0.016,2.78,-8.35,0.28,0.000000,0.000000,3555.67
18.23,100480.73,42.40,70.53,9.68,0.02,1.77,-0.012,-0.060,-0.017,2.28,-7.87,1.18,0.000000,0.000000,3556.82
18.28,100484.59,42.38,70.21,9.68,-0.01,1.77,-0.012,-0.060,-0.017,2.28,-9.30,1.18,0.000000,0.000000,3557.97
18.23,100481.48,42.38,70.47,9.66,-0.00,1.76,-0.012,-0.062,-0.015,2.28,-8.82,0.28,0.000000,0.000000,3559.13
17.96,100432.11,42.37,74.61,9.67,-0.00,1.78,-0.012,-0.060,-0.016,2.28,-8.35,1.63,0.000000,0.000000,3560.28
17.97,100432.64,42.39,74.56,9.68,-0.01,1.75,-0.011,-0.059,-0.017,1.78,-8.82,1.18,0.000000,0.000000,3561.43
17.94,100433.25,42.36,74.51,9.68,-0.00,1.76,-0.012,-0.060,-0.017,1.78,-12.16,0.73,0.000000,0.000000,3562.59
18.02,100442.44,42.37,73.74,9.70,0.00,1.79,-0.012,-0.060,-0.017,3.29,-8.35,1.18,0.000000,0.000000,3563.74
18.07,100452.88,42.36,72.86,9.66,0.01,1.77,-0.012,-0.060,-0.017,2.28,-8.35,1.18,0.000000,0.000000,3564.90
18.01,100441.21,42.36,73.84,9.66,-0.02,1.75,-0.012,-0.060,-0.016,1.78,-10.73,-0.63,0.000000,0.000000,3566.05
18.04,100449.99,42.35,73.11,9.66,-0.00,1.75,-0.012,-0.060,-0.016,3.29,-8.82,1.18,0.000000,0.000000,3567.20
17.90,100422.28,42.35,75.43,9.66,-0.02,1.77,-0.012,-0.061,-0.017,1.78,-8.35,1.18,0.000000,0.000000,3568.35
17.96,100430.48,42.33,74.74,9.67,-0.02,1.74,-0.011,-0.060,-0.016,2.28,-10.25,0.28,0.000000,0.000000,3569.51
18.01,100438.03,42.36,74.11,9.67,-0.02,1.77,-0.012,-0.060,-0.017,1.78,-7.87,0.28,0.000000,0.000000,3570.66
17.95,100428.46,42.33,74.91,9.65,-0.02,1.75,-0.011,-0.061,-0.016,3.79,-8.35,1.18,0.000000,0.000000,3571.81
18.18,100468.59,42.34,71.55,9.66,-0.02,1.73,-0.012,-0.060,-0.017,1.78,-9.78,0.73,0.000000,0.000000,3572.96
18.19,100466.66,42.32,71.71,9.65,0.01,1.75,-0.012,-0.060,-0.017,1.27,-8.35,-0.63,0.000000,0.000000,3574.12
18.19,100470.66,42.30,71.37,9.67,-0.02,1.76,-0.012,-0.061,-0.017,2.28,-8.35,1.63,0.000000,0.000000,3575.27
18.19,100464.63,42.34,71.88,9.68,-0.00,1.76,-0.012,-0.060,-0.016,1.78,-10.73,2.54,0.000000,0.000000,3576.42
18.42,100501.19,42.33,68.81,9.66,-0.02,1.76,-0.012,-0.060,-0.017,1.78,-9.30,-0.63,0.000000,0.000000,3577.58
18.15,100460.75,42.32,72.20,9.67,0.00,1.75,-0.013,-0.060,-0.017,2.28,-8.35,2.09,0.000000,0.000000,3578.73
18.18,100462.48,42.32,72.06,9.66,-0.01,1.78,-0.011,-0.060,-0.016,2.28,-8.82,-0.18,0.000000,0.000000,3579.88
18.29,100482.70,42.32,70.36,9.70,-0.02,1.74,-0.012,-0.061,-0.017,1.78,-8.35,-1.99,0.000000,0.000000,3581.03
18.34,100487.48,42.30,69.96,9.67,-0.02,1.78,-0.013,-0.060,-0.017,3.29,-7.39,2.09,0.000000,0.000000,3582.19
17.90,100412.38,42.29,76.26,9.67,0.01,1.74,-0.011,-0.060,-0.016,2.78,-9.78,0.73,0.000000,0.000000,3583.34
18.30,100479.50,42.32,70.63,9.67,-0.01,1.74,-0.013,-0.059,-0.016,2.28,-7.87,-1.08,0.000000,0.000000,3584.49
18.10,100442.59,42.29,73.73,9.68,-0.00,1.75,-0.013,-0.061,-0.017,2.78,-7.87,1.18,0.000000,0.000000,3585.65
18.16,100457.86,42.30,72.45,9.66,-0.00,1.74,-0.011,-0.060,-0.016,2.28,-8.82,0.28,0.000000,0.000000,3586.80
18.26,100470.85,42.32,71.36,9.66,-0.01,1.79,-0.012,-0.060,-0.017,2.28,-8.35,0.73,0.000000,0.000000,3587.95
18.43,100501.24,42.25,68.65,9.65,-0.02,1.72,-0.011,-0.060,-0.017,3.29,-8.82,2.09,0.000000,0.000000,3589.10
18.44,100500.11,42.28,68.91,9.69,0.01,1.76,-0.012,-0.059,-0.017,2.28,-7.87,0.28,0.000000,0.000000,3590.26
18.48,100504.73,42.27,68.52,9.68,0.00,1.77,-0.012,-0.060,-0.016,2.28,-8.82,-1.54,0.000000,0.000000,3591.41
18.44,100502.80,42.30,68.68,9.67,-0.01,1.75,-0.011,-0.061,-0.017,2.78,-7.39,1.63,0.000000,0.000000,3592.56
18.39,100491.09,42.28,69.66,9.67,0.01,1.77,-0.012,-0.060,-0.017,2.28,-9.30,0.73,0.000000,0.000000,3593.72
18.34,100485.70,42.27,70.11,9.65,-0.01,1.75,-0.013,-0.061,-0.017,1.78,-9.78,2.09,0.000000,0.000000,3594.87
18.35,100483.75,42.29,70.28,9.66,0.00,1.74,-0.011,-0.061,-0.016,2.28,-8.82,1.18,0.000000,0.000000,3596.02
18.50,100507.94,42.26,68.25,9.65,0.01,1.74,-0.012,-0.061,-0.016,2.28,-8.82,0.73,0.000000,0.000000,3597.17
18.24,100463.47,42.28,71.98,9.66,-0.01,1.78,-0.012,-0.060,-0.017,2.28,-10.73,-1.08,0.000000,0.000000,3598.33
18.21,100460.13,42.28,72.26,9.67,-0.01,1.74,-0.012,-0.060,-0.015,2.78,-7.39,1.18,0.000000,0.000000,3599.48
18.16,100454.27,42.26,72.75,9.67,0.00,1.78,-0.013,-0.060,-0.016,2.78,-10.25,2.09,0.000000,0.000000,3600.63
18.18,100455.52,42.29,72.64,9.66,-0.01,1.76,-0.011,-0.061,-0.016,1.27,-9.78,-1.08,0.000000,0.000000,3601.79
18.33,100451.11,42.26,73.01,9.66,-0.01,1.77,-0.011,-0.061,-0.017,3.79,-9.30,1.18,0.000000,0.000000,3602.94
18.25,100468.12,42.24,71.59,9.68,-0.00,1.76,-0.012,-0.060,-0.017,1.78,-9.30,1.63,0.000000,0.000000,3604.09
18.10,100438.58,42.23,74.06,9.67,-0.01,1.78,-0.012,-0.060,-0.016,1.78,-9.78,1.63,0.000000,0.000000,3605.25
18.20,100458.47,42.23,72.40,9.65,-0.01,1.76,-0.012,-0.060,-0.016,2.28,-7.87,0.73,0.000000,0.000000,3606.40
18.31,100472.23,42.24,71.24,9.66,0.01,1.74,-0.012,-0.061,-0.016,3.29,-8.35,1.63,0.000000,0.000000,3607.55
18.23,100463.08,42.24,72.01,9.67,0.02,1.75,-0.012,-0.060,-0.017,1.78,-11.21,1.18,0.000000,0.000000,3608.70
18.32,100475.73,42.23,70.95,9.67,-0.00,1.75,-0.012,-0.060,-0.017,2.28,-8.35,1.18,0.000000,0.000000,3609.86
18.22,100456.31,42.22,72.58,9.69,0.00,1.75,-0.013,-0.060,-0.016,2.28,-9.30,-0.18,0.000000,0.000000,3611.01
18.36,100479.61,42.25,70.62,9.69,-0.02,1.77,-0.012,-0.061,-0.016,2.28,-9.30,0.28,0.000000,0.000000,3612.16
18.67,100526.37,42.22,66.70,9.68,0.00,1.74,-0.011,-0.060,-0.017,2.28,-8.82,1.18,0.000000,0.000000,3613.31
18.13,100443.81,42.22,73.62,9.67,0.00,1.75,-0.012,-0.061,-0.017,2.28,-8.35,1.18,0.000000,0.000000,3614.47
18.17,100448.80,42.21,73.21,9.69,-0.01,1.77,-0.012,-0.060,-0.016,2.78,-8.35,0.28,0.000000,0.000000,3615.62
18.21,100469.42,42.16,72.71,9.68,0.02,1.72,-0.012,-0.060,-0.016,1.78,-7.39,1.63,0.000000,0.000000,3616.77
18.34,100476.44,42.22,70.89,9.67,-0.01,1.75,-0.011,-0.060,-0.017,3.29,-8.35,1.63,0.000000,0.000000,3617.93
18.35,100474.80,42.20,71.03,9.66,-0.02,1.77,-0.011,-0.062,-0.017,2.78,-10.25,0.28,0.000000,0.000000,3619.08
18.47,100496.82,42.20,69.18,9.69,-0.00,1.76,-0.011,-0.059,-0.016,2.28,-8.82,1.18,0.000000,0.000000,3620.23
18.29,100465.70,42.19,71.79,9.65,-0.01,1.76,-0.012,-0.062,-0.017,2.28,-8.35,2.09,0.000000,0.000000,3621.39
18.29,100468.48,42.20,71.56,9.66,-0.01,1.75,-0.012,-0.061,-0.016,2.28,-11.21,1.18,0.000000,0.000000,3622.54
18.56,100508.88,42.21,68.17,9.66,-0.00,1.75,-0.012,-0.060,-0.017,2.28,-7.87,1.18,0.000000,0.000000,3623.69
18.75,100538.59,42.19,65.68,9.68,-0.00,1.74,-0.012,-0.060,-0.016,1.78,-8.35,2.99,0.000000,0.000000,3624.85
18.45,100493.37,42.19,69.47,9.69,0.01,1.75,-0.012,-0.060,-0.017,2.28,-10.25,-0.18,0.000000,0.000000,3626.00
18.42,100487.70,42.17,69.94,9.66,0.00,1.76,-0.011,-0.060,-0.017,1.78,-8.35,1.18,0.000000,0.000000,3627.15
18.33,100473.02,42.17,71.18,9.67,-0.03,1.77,-0.011,-0.060,-0.017,1.27,-8.82,0.28,0.000000,0.000000,3628.31
18.38,100476.97,42.16,70.84,9.69,-0.01,1.78,-0.013,-0.059,-0.016,2.28,-9.30,0.28,0.000000,0.000000,3629.46
18.48,100493.30,42.15,69.48,9.66,-0.01,1.72,-0.012,-0.060,-0.017,2.78,-8.35,0.73,0.000000,0.000000,3630.61
18.45,100490.92,42.17,69.68,9.67,-0.00,1.78,-0.012,-0.061,-0.017,3.79,-7.87,1.18,0.000000,0.000000,3631.76
18.58,100506.44,42.15,68.37,9.68,-0.01,1.76,-0.012,-0.061,-0.017,1.78,-10.73,-0.18,0.000000,0.000000,3632.92
18.65,100522.52,42.16,67.03,9.65,-0.02,1.75,-0.011,-0.060,-0.017,1.78,-7.87,-0.63,0.000000,0.000000,3634.07
18.63,100517.53,42.14,67.45,9.67,-0.01,1.76,-0.013,-0.061,-0.017,1.78,-8.82,1.18,0.000000,0.000000,3635.22
18.36,100474.58,42.14,71.05,9.68,-0.00,1.73,-0.012,-0.060,-0.017,1.78,-9.30,-0.18,0.000000,0.000000,3636.38
18.54,100499.75,42.16,68.94,9.66,0.00,1.76,-0.012,-0.060,-0.018,2.28,-8.82,0.28,0.000000,0.000000,3637.53
18.39,100474.08,42.14,71.09,9.66,-0.01,1.77,-0.012,-0.060,-0.016,1.78,-7.39,0.28,0.000000,0.000000,3638.68
18.68,100525.86,42.13,66.75,9.67,-0.01,1.75,-0.012,-0.060,-0.016,2.78,-9.30,0.28,0.000000,0.000000,3639.84
18.32,100465.25,42.14,71.83,9.67,0.00,1.77,-0.012,-0.061,-0.017,2.28,-8.82,-1.99,0.000000,0.000000,3640.99
18.43,100483.75,42.12,70.28,9.68,-0.02,1.74,-0.011,-0.061,-0.016,3.29,-8.35,0.73,0.000000,0.000000,3642.14
18.10,100428.67,42.11,74.89,9.67,-0.01,1.78,-0.012,-0.060,-0.017,2.28,-6.44,-0.63,0.000000,0.000000,3643.29
18.67,100516.41,42.10,67.54,9.67,-0.01,1.79,-0.012,-0.060,-0.017,1.27,-8.82,-0.63,0.000000,0.000000,3644.45
18.58,100504.90,42.13,68.50,9.66,-0.01,1.75,-0.012,-0.060,-0.017,3.29,-7.39,0.28,0.000000,0.000000,3645.60
18.48,100489.67,42.11,69.78,9.65,-0.00,1.75,-0.011,-0.060,-0.017,2.28,-8.82,0.28,0.000000,0.000000,3646.75
18.52,100495.83,42.10,69.26,9.66,-0.01,1.76,-0.012,-0.061,-0.017,1.78,-7.87,-1.54,0.000000,0.000000,3647.91
18.65,100514.64,42.11,67.69,9.67,0.00,1.74,-0.012,-0.060,-0.016,2.78,-9.78,0.73,0.000000,0.000000,3649.06
18.55,100502.17,42.09,68.73,9.68,-0.01,1.77,-0.012,-0.060,-0.017,2.28,-10.25,-1.08,0.000000,0.000000,3650.21
18.63,100513.86,42.10,67.75,9.66,0.01,1.77,-0.013,-0.061,-0.017,2.28,-8.35,-1.08,0.000000,0.000000,3651.36
18.64,100512.22,42.10,67.89,9.68,0.01,1.77,-0.012,-0.060,-0.016,2.78,-8.35,1.63,0.000000,0.000000,3652.52
18.67,100518.84,42.09,67.34,9.66,0.00,1.76,-0.013,-0.060,-0.017,2.78,-9.78,0.73,0.000000,0.000000,3653.67
18.61,100508.22,42.07,68.23,9.68,-0.02,1.76,-0.012,-0.062,-0.016,2.28,-8.35,1.18,0.000000,0.000000,3654.82
18.49,100492.48,42.08,69.54,9.68,-0.00,1.76,-0.012,-0.060,-0.017,2.28,-7.87,-0.18,0.000000,0.000000,3655.98
18.68,100518.04,42.06,67.40,9.66,-0.01,1.74,-0.012,-0.061,-0.017,1.78,-11.21,-0.18,0.000000,0.000000,3657.13
18.56,100495.64,42.06,69.28,9.66,0.00,1.74,-0.011,-0.061,-0.016,2.28,-7.87,1.63,0.000000,0.000000,3658.28
18.61,100505.97,42.06,68.41,9.66,-0.01,1.76,-0.011,-0.060,-0.017,2.28,-9.78,0.73,0.000000,0.000000,3659.44
18.82,100538.80,42.04,65.66,9.66,-0.02,1.74,-0.012,-0.060,-0.017,2.78,-9.78,-1.08,0.000000,0.000000,3660.59
18.68,100518.80,42.06,67.34,9.66,-0.01,1.76,-0.012,-0.060,-0.016,3.29,-8.82,1.63,0.000000,0.000000,3661.74
18.61,100508.46,42.04,68.21,9.66,-0.00,1.74,-0.012,-0.060,-0.017,2.28,-9.30,0.73,0.000000,0.000000,3662.89
18.42,100477.58,42.05,70.79,9.66,-0.01,1.77,-0.011,-0.061,-0.016,2.28,-10.25,2.09,0.000000,0.000000,3664.05
18.63,100508.23,42.07,68.22,9.66,-0.01,1.75,-0.012,-0.060,-0.017,2.28,-8.82,1.63,0.000000,0.000000,3665.20
18.73,100519.83,42.03,67.25,9.67,0.01,1.73,-0.012,-0.059,-0.017,2.28,-8.35,-0.18,0.000000,0.000000,3666.35
18.71,100521.14,42.05,67.14,9.68,-0.01,1.76,-0.012,-0.061,-0.017,1.78,-8.35,1.18,0.000000,0.000000,3667.51
18.77,100528.73,42.02,66.51,9.68,-0.00,1.74,-0.012,-0.060,-0.016,3.29,-8.82,1.63,0.000000,0.000000,3668.66
18.69,100517.78,42.03,67.42,9.69,-0.00,1.77,-0.012,-0.060,-0.017,1.27,-10.25,1.63,0.000000,0.000000,3669.81
18.67,100509.97,42.03,68.08,9.67,-0.02,1.75,-0.011,-0.060,-0.016,2.28,-8.35,1.18,0.000000,0.000000,3670.96
18.56,100491.56,42.02,69.62,9.67,-0.01,1.77,-0.013,-0.060,-0.017,3.29,-8.82,2.09,0.000000,0.000000,3672.12
18.56,100499.33,42.03,68.97,9.68,-0.02,1.76,-0.012,-0.061,-0.016,1.27,-9.78,0.28,0.000000,0.000000,3673.27
18.48,100483.63,42.02,70.29,9.67,-0.02,1.75,-0.011,-0.060,-0.017,1.78,-8.35,-1.54,0.000000,0.000000,3674.43
18.35,100462.05,42.01,72.10,9.67,-0.00,1.74,-0.011,-0.060,-0.017,2.28,-8.82,2.09,0.000000,0.000000,3675.58
18.27,100444.89,42.01,73.53,9.67,-0.02,1.75,-0.012,-0.060,-0.017,1.78,-8.82,-0.63,0.000000,0.000000,3676.73
18.20,100438.45,42.00,74.07,9.69,-0.01,1.76,-0.012,-0.060,-0.017,2.28,-8.35,-0.63,0.000000,0.000000,3677.88
18.58,100499.47,42.01,68.96,9.67,-0.01,1.77,-0.012,-0.060,-0.016,2.28,-8.82,1.63,0.000000,0.000000,3679.04
18.55,100489.43,42.00,69.80,9.66,-0.01,1.75,-0.012,-0.061,-0.016,2.28,-10.73,1.18,0.000000,0.000000,3680.19
17.79,100371.06,41.99,79.73,9.64,-0.02,1.74,-0.013,-0.063,-0.018,2.78,-8.82,0.73,0.000000,0.000000,3681.34
14.53,99856.46,41.93,122.99,9.54,-0.05,-2.43,-0.015,0.130,-0.023,3.79,-9.30,-3.35,0.000000,0.000000,3682.50
11.57,99385.19,41.85,162.77,4.08,2.07,5.42,3.863,4.742,-0.513,3.79,-6.44,5.26,0.000000,0.000000,3683.64
13.73,99710.39,41.88,135.30,0.80,8.36,7.16,-2.915,-3.242,0.992,11.83,-1.19,7.52,0.000000,0.000000,3684.80
15.74,100033.81,41.93,108.06,8.72,-3.79,2.70,5.853,4.889,-0.245,-2.75,-8.82,1.63,0.000000,0.000000,3685.95
13.67,99708.08,41.93,135.50,-3.67,6.28,5.42,-0.018,-0.317,-0.273,8.31,4.05,5.71,0.000000,0.000000,3687.11
13.40,99663.05,41.96,139.30,7.42,2.96,5.58,0.135,0.545,0.513,7.81,-7.39,6.16,0.000000,0.000000,3688.26
13.19,99627.92,41.95,142.26,-7.04,6.41,5.85,0.142,-0.191,0.369,9.32,5.01,7.97,0.000000,0.000000,3689.41
13.05,99603.82,41.98,144.30,1.29,6.77,6.50,-1.360,-1.722,0.023,9.32,-1.67,4.35,0.000000,0.000000,3690.56
14.12,99771.90,42.03,130.12,8.82,1.35,4.48,0.046,-0.013,-0.036,4.29,-8.35,4.80,0.000000,0.000000,3691.72
14.60,99852.61,42.04,123.31,-3.64,7.84,5.81,1.546,1.233,-1.226,10.32,2.62,6.61,0.000000,0.000000,3692.87
13.52,99683.25,42.04,137.59,-1.43,9.62,1.41,-0.009,-1.028,0.284,12.84,1.67,2.54,0.000000,0.000000,3694.02
15.94,100058.80,42.08,105.96,3.07,2.64,-7.12,1.273,-0.335,1.117,5.30,-2.15,-6.97,0.000000,0.000000,3695.18
14.44,99827.05,42.08,125.47,-2.23,0.76,9.04,2.348,0.814,-0.778,2.78,1.67,8.42,0.000000,0.000000,3696.33
14.53,99843.23,42.09,124.10,-7.44,4.63,5.14,0.772,-0.108,-0.668,7.81,7.39,7.52,0.000000,0.000000,3697.48
12.94,99571.11,42.08,147.06,-3.75,6.27,6.81,0.228,-1.001,0.319,8.81,2.15,7.97,0.000000,0.000000,3698.63
13.62,99693.17,42.09,136.76,8.02,-1.58,5.21,0.784,-0.031,0.480,0.27,-8.35,3.90,0.000000,0.000000,3699.79
14.17,99789.16,42.08,128.66,9.10,1.43,2.97,-0.028,0.276,-0.248,4.79,-8.82,4.80,0.000000,0.000000,3700.94
16.53,100158.26,42.11,97.60,6.26,3.86,5.37,0.263,-0.236,0.450,6.80,-7.39,4.80,0.000000,0.000000,3702.09
15.43,99982.31,42.08,112.39,8.05,0.52,3.72,-1.702,-1.693,-0.364,3.79,-7.87,3.44,0.000000,0.000000,3703.25
16.68,100182.92,42.11,95.52,10.23,-0.90,2.08,0.323,0.245,-0.814,2.28,-9.30,0.73,0.000000,0.000000,3704.40
18.27,100436.78,42.06,74.21,9.69,0.06,1.77,-0.013,-0.056,-0.015,2.78,-9.78,0.73,0.000000,0.000000,3705.55
18.22,100434.02,42.05,74.45,9.67,0.01,1.79,-0.013,-0.059,-0.017,2.78,-8.35,1.18,0.000000,0.000000,3706.71
18.41,100460.50,42.02,72.23,9.68,0.00,1.80,-0.013,-0.057,-0.016,3.29,-9.78,0.73,0.000000,0.000000,3707.86
18.44,100471.39,42.03,71.31,9.65,0.01,1.76,-0.011,-0.060,-0.016,1.78,-8.35,-0.63,0.000000,0.000000,3709.01
18.58,100485.87,41.96,70.10,9.66,0.01,1.80,-0.012,-0.057,-0.017,2.28,-8.35,1.63,0.000000,0.000000,3710.16
18.30,100441.11,41.91,73.85,9.65,0.01,1.76,-0.012,-0.062,-0.017,0.77,-10.25,2.09,0.000000,0.000000,3711.32
18.13,100414.67,41.90,76.07,9.66,0.03,1.85,-0.011,-0.062,-0.016,1.78,-8.82,-0.63,0.000000,0.000000,3712.47
18.28,100438.30,41.87,74.09,9.67,0.02,1.81,-0.011,-0.058,-0.017,2.28,-8.82,2.09,0.000000,0.000000,3713.62
18.25,100435.12,41.85,74.35,9.66,0.01,1.81,-0.013,-0.061,-0.017,2.28,-8.82,-1.99,0.000000,0.000000,3714.78
18.61,100490.38,41.83,69.72,9.68,-0.01,1.80,-0.011,-0.060,-0.017,2.28,-8.82,-2.44,0.000000,0.000000,3715.93
18.53,100478.80,41.83,70.69,9.65,-0.01,1.80,-0.012,-0.062,-0.016,3.29,-7.87,-0.63,0.000000,0.000000,3717.09
18.29,100439.98,41.78,73.95,9.65,-0.01,1.76,-0.013,-0.061,-0.016,1.27,-9.30,2.09,0.000000,0.000000,3718.24
17.92,100377.16,41.77,79.22,9.65,0.06,1.85,-0.011,-0.050,-0.017,1.27,-7.39,1.18,0.000000,0.000000,3719.39
17.89,100375.98,41.77,79.31,9.65,-0.01,1.75,-0.012,-0.059,-0.017,1.78,-8.82,1.63,0.000000,0.000000,3720.54
17.98,100389.21,41.76,78.20,9.67,0.03,1.89,-0.012,-0.063,-0.017,1.78,-9.78,-1.54,0.000000,0.000000,3721.70
18.09,100408.64,41.76,76.57,9.67,0.01,1.76,-0.012,-0.060,-0.017,1.78,-7.39,1.18,0.000000,0.000000,3722.85
18.23,100428.98,41.78,74.87,9.65,0.00,1.78,-0.013,-0.069,-0.016,2.28,-9.30,0.28,0.000000,0.000000,3724.00
18.49,100471.13,41.69,71.33,9.68,0.01,1.84,-0.012,-0.066,-0.017,2.28,-8.82,2.54,0.000000,0.000000,3725.15
18.42,100461.56,41.72,72.14,9.67,0.03,1.72,-0.012,-0.054,-0.017,2.78,-7.39,0.73,0.000000,0.000000,3726.31
18.48,100469.41,41.71,71.48,9.67,0.03,1.77,-0.012,-0.065,-0.017,2.28,-8.35,1.18,0.000000,0.000000,3727.46
18.61,100492.47,41.71,69.55,9.67,0.01,1.75,-0.011,-0.058,-0.016,1.78,-8.82,-1.54,0.000000,0.000000,3728.61
18.65,100495.41,41.68,69.30,9.68,0.02,1.76,-0.011,-0.059,-0.016,1.78,-8.35,1.18,0.000000,0.000000,3729.77
18.67,100502.16,41.71,68.73,9.66,0.02,1.76,-0.013,-0.062,-0.016,1.27,-7.39,-1.08,0.000000,0.000000,3730.92
18.55,100477.58,41.69,70.79,9.69,0.01,1.80,-0.011,-0.060,-0.016,1.78,-7.39,-1.54,0.000000,0.000000,3732.07
18.43,100457.69,41.67,72.46,9.66,-0.00,1.76,-0.012,-0.059,-0.017,2.28,-8.82,2.09,0.000000,0.000000,3733.23
18.45,100465.13,41.68,71.84,9.67,0.02,1.76,-0.013,-0.060,-0.017,1.78,-11.21,-1.08,0.000000,0.000000,3734.38
18.42,100456.97,41.66,72.52,9.66,0.03,1.76,-0.012,-0.060,-0.017,1.78,-8.82,1.63,0.000000,0.000000,3735.53
18.45,100465.48,41.67,71.81,9.67,0.02,1.75,-0.012,-0.061,-0.017,2.78,-9.30,1.18,0.000000,0.000000,3736.68
18.62,100486.59,41.67,70.04,9.67,0.01,1.78,-0.012,-0.061,-0.016,1.78,-9.30,0.28,0.000000,0.000000,3737.84
18.67,100498.38,41.66,69.05,9.68,0.03,1.76,-0.011,-0.060,-0.016,3.29,-7.87,2.09,0.000000,0.000000,3738.99
18.69,100499.75,41.64,68.94,9.68,0.01,1.74,-0.012,-0.060,-0.017,1.78,-9.78,0.73,0.000000,0.000000,3740.14
18.57,100476.97,41.63,70.84,9.68,0.03,1.77,-0.012,-0.061,-0.017,1.78,-8.35,-0.18,0.000000,0.000000,3741.30
18.55,100479.43,41.64,70.64,9.68,0.02,1.75,-0.013,-0.060,-0.017,2.78,-8.35,1.18,0.000000,0.000000,3742.45
18.59,100483.33,41.63,70.31,9.66,0.01,1.78,-0.012,-0.061,-0.016,1.27,-10.73,0.28,0.000000,0.000000,3743.60
18.50,100472.74,41.65,71.20,9.66,0.01,1.73,-0.011,-0.059,-0.016,2.28,-8.35,0.73,0.000000,0.000000,3744.75
18.73,100506.66,41.64,68.36,9.65,0.03,1.72,-0.013,-0.055,-0.017,2.28,-8.35,0.73,0.000000,0.000000,3745.91
18.50,100489.70,41.63,69.78,9.70,0.01,1.78,-0.012,-0.055,-0.016,1.78,-10.73,1.63,0.000000,0.000000,3747.06
18.60,100483.88,41.62,70.27,9.64,0.02,1.77,-0.011,-0.059,-0.016,3.29,-7.87,1.63,0.000000,0.000000,3748.21
18.41,100452.20,41.63,72.92,9.68,0.01,1.73,-0.012,-0.064,-0.017,2.28,-7.87,0.28,0.000000,0.000000,3749.37
18.29,100434.06,41.65,74.44,9.66,0.02,1.75,-0.012,-0.060,-0.017,1.78,-8.82,1.18,0.000000,0.000000,3750.52
18.31,100436.48,41.61,74.24,9.69,0.00,1.77,-0.011,-0.059,-0.016,2.78,-7.87,1.63,0.000000,0.000000,3751.67
18.24,100426.77,41.62,75.05,9.67,0.03,1.74,-0.013,-0.060,-0.016,1.78,-10.25,1.18,0.000000,0.000000,3752.83
18.59,100480.89,41.61,70.52,9.67,0.02,1.75,-0.012,-0.061,-0.017,2.28,-7.87,-1.99,0.000000,0.000000,3753.98
18.63,100484.36,41.63,70.23,9.66,0.01,1.78,-0.012,-0.061,-0.017,1.78,-8.35,2.09,0.000000,0.000000,3755.13
18.64,100489.18,41.62,69.82,9.66,0.03,1.74,-0.013,-0.059,-0.016,2.28,-9.30,0.28,0.000000,0.000000,3756.28
18.51,100468.00,41.60,71.60,9.66,0.01,1.78,-0.012,-0.060,-0.017,2.28,-8.82,1.18,0.000000,0.000000,3757.44
18.46,100462.66,41.60,72.04,9.67,0.01,1.77,-0.012,-0.061,-0.015,3.29,-8.35,1.18,0.000000,0.000000,3758.59
18.36,100442.58,41.60,73.73,9.65,0.01,1.76,-0.013,-0.059,-0.017,2.28,-11.21,-0.63,0.000000,0.000000,3759.75
18.53,100472.09,41.59,71.25,9.65,0.01,1.76,-0.012,-0.061,-0.017,2.78,-8.82,1.63,0.000000,0.000000,3760.90
18.70,100498.47,41.60,69.04,9.69,0.01,1.76,-0.012,-0.061,-0.016,2.78,-9.30,1.18,0.000000,0.000000,3762.05
18.29,100429.02,41.57,74.87,9.69,0.01,1.74,-0.012,-0.060,-0.017,1.78,-7.87,-0.63,0.000000,0.000000,3763.20
18.14,100406.55,41.59,76.75,9.66,0.01,1.78,-0.011,-0.062,-0.017,3.29,-7.39,2.09,0.000000,0.000000,3764.36
18.18,100412.98,41.57,76.21,9.68,0.00,1.73,-0.012,-0.061,-0.016,1.78,-9.30,-1.08,0.000000,0.000000,3765.51
18.17,100415.70,41.57,75.98,9.66,0.01,1.77,-0.012,-0.060,-0.017,2.28,-8.82,-3.80,0.000000,0.000000,3766.66
17.95,100377.62,41.57,79.18,9.66,0.01,1.75,-0.011,-0.062,-0.016,3.79,-7.39,1.18,0.000000,0.000000,3767.81
18.39,100443.49,41.60,73.24,9.66,0.01,1.75,-0.012,-0.062,-0.016,2.28,-8.35,0.28,0.000000,0.000000,3768.97
18.93,100533.69,41.60,66.09,9.68,0.02,1.73,-0.012,-0.061,-0.017,3.29,-8.35,1.18,0.000000,0.000000,3770.12
18.41,100447.93,41.58,73.28,9.66,0.02,1.75,-0.013,-0.061,-0.016,2.78,-8.82,0.28,0.000000,0.000000,3771.27
18.34,100441.64,41.57,73.81,9.67,0.02,1.78,-0.013,-0.061,-0.016,2.28,-9.78,-1.54,0.000000,0.000000,3772.43
18.56,100471.20,41.58,71.33,9.67,0.00,1.76,-0.012,-0.061,-0.017,2.28,-8.35,2.09,0.000000,0.000000,3773.58
18.47,100457.12,41.56,72.51,9.69,0.01,1.75,-0.012,-0.060,-0.017,1.78,-8.82,-0.18,0.000000,0.000000,3774.73
18.69,100495.80,41.57,69.27,9.65,0.01,1.76,-0.013,-0.062,-0.016,2.28,-8.35,-1.54,0.000000,0.000000,3775.89
18.70,100489.17,41.56,69.82,9.67,0.03,1.73,-0.013,-0.060,-0.017,3.29,-7.39,1.63,0.000000,0.000000,3777.04
18.58,100473.41,41.56,71.14,9.67,0.01,1.76,-0.013,-0.060,-0.016,2.28,-9.30,-0.18,0.000000,0.000000,3778.19
18.35,100437.75,41.56,74.13,9.67,0.02,1.76,-0.011,-0.060,-0.017,2.28,-8.35,-1.54,0.000000,0.000000,3779.34
18.46,100456.98,41.58,72.52,9.68,0.01,1.77,-0.012,-0.060,-0.016,2.28,-8.82,1.18,0.000000,0.000000,3780.50
18.36,100435.55,41.55,74.32,9.68,0.02,1.76,-0.012,-0.060,-0.016,1.78,-9.30,0.73,0.000000,0.000000,3781.65
18.37,100441.38,41.56,73.83,9.67,0.02,1.76,-0.012,-0.060,-0.017,2.28,-7.87,1.63,0.000000,0.000000,3782.80
18.81,100510.48,41.55,68.04,9.66,0.01,1.72,-0.012,-0.060,-0.017,1.78,-9.30,1.63,0.000000,0.000000,3783.96
18.77,100499.66,41.54,68.94,9.67,0.03,1.78,-0.012,-0.060,-0.018,2.28,-9.30,-0.63,0.000000,0.000000,3785.11
18.76,100502.70,41.55,68.69,9.67,0.01,1.77,-0.011,-0.060,-0.016,2.28,-7.87,0.73,0.000000,0.000000,3786.26
18.19,100408.45,41.53,76.59,9.68,0.01,1.76,-0.012,-0.061,-0.018,2.28,-8.35,0.28,0.000000,0.000000,3787.41
18.78,100504.38,41.54,68.55,9.64,0.03,1.75,-0.012,-0.061,-0.016,1.27,-7.87,0.28,0.000000,0.000000,3788.57
18.77,100500.09,41.54,68.91,9.67,0.01,1.75,-0.012,-0.060,-0.017,3.79,-7.39,1.18,0.000000,0.000000,3789.72
18.74,100524.66,41.57,68.96,9.67,0.01,1.75,-0.012,-0.061,-0.017,0.77,-9.30,0.28,0.000000,0.000000,3790.87
18.86,100516.94,41.54,67.50,9.70,0.02,1.74,-0.012,-0.060,-0.017,1.78,-8.35,-1.08,0.000000,0.000000,3792.03
18.86,100511.40,41.52,67.96,9.68,0.03,1.75,-0.013,-0.060,-0.017,2.78,-8.35,2.99,0.000000,0.000000,3793.18
18.64,100480.88,41.54,70.52,9.68,0.01,1.74,-0.012,-0.060,-0.017,2.28,-8.82,1.18,0.000000,0.000000,3794.33
18.86,100512.50,41.52,67.87,9.68,0.03,1.73,-0.011,-0.061,-0.017,2.28,-8.35,1.18,0.000000,0.000000,3795.48
18.87,100520.58,41.53,67.19,9.66,0.01,1.74,-0.013,-0.060,-0.017,2.28,-9.30,1.18,0.000000,0.000000,3796.64
18.66,100485.23,41.52,70.15,9.67,0.01,1.73,-0.012,-0.060,-0.017,2.28,-10.25,-0.18,0.000000,0.000000,3797.79
18.75,100494.33,41.52,69.39,9.67,0.00,1.76,-0.012,-0.061,-0.016,0.77,-8.35,2.09,0.000000,0.000000,3798.94
18.81,100502.59,41.52,68.70,9.67,-0.00,1.74,-0.012,-0.060,-0.017,2.28,-9.30,-0.18,0.000000,0.000000,3800.10
18.58,100465.69,41.51,71.79,9.67,0.02,1.76,-0.012,-0.061,-0.016,1.78,-8.35,-1.54,0.000000,0.000000,3801.25
18.48,100454.92,41.51,72.69,9.66,-0.02,1.73,-0.011,-0.060,-0.017,2.78,-7.87,1.63,0.000000,0.000000,3802.40
18.65,100476.59,41.51,70.88,9.68,0.03,1.76,-0.011,-0.060,-0.016,1.78,-9.78,2.09,0.000000,0.000000,3803.56
18.57,100467.66,41.57,71.63,9.66,0.00,1.74,-0.011,-0.061,-0.016,1.27,-7.87,-0.18,0.000000,0.000000,3804.71
18.59,100471.41,41.53,71.31,9.67,0.01,1.76,-0.012,-0.062,-0.017,2.78,-8.35,1.18,0.000000,0.000000,3805.86
18.59,100468.23,41.53,71.58,9.66,0.01,1.76,-0.011,-0.060,-0.017,2.28,-11.21,-1.08,0.000000,0.000000,3807.02
18.66,100481.55,41.53,70.46,9.67,0.01,1.78,-0.011,-0.060,-0.016,2.28,-8.35,0.73,0.000000,0.000000,3808.17
18.66,100475.88,41.49,70.94,9.67,0.02,1.75,-0.013,-0.061,-0.016,1.78,-8.35,0.73,0.000000,0.000000,3809.32
18.54,100460.98,41.50,72.18,9.67,0.04,1.73,-0.012,-0.061,-0.016,1.78,-7.39,1.18,0.000000,0.000000,3810.47
18.61,100470.09,41.49,71.42,9.66,0.01,1.74,-0.012,-0.060,-0.017,2.78,-8.35,2.09,0.000000,0.000000,3811.63
18.64,100474.43,41.51,71.06,9.65,0.01,1.78,-0.013,-0.060,-0.017,1.78,-8.82,-0.63,0.000000,0.000000,3812.78
18.80,100505.13,41.50,68.48,9.67,0.04,1.78,-0.013,-0.061,-0.017,2.28,-8.35,-1.99,0.000000,0.000000,3813.93
18.68,100482.33,41.49,70.40,9.66,0.02,1.79,-0.011,-0.060,-0.017,1.27,-7.87,1.18,0.000000,0.000000,3815.09
18.85,100511.58,41.48,67.94,9.67,0.01,1.72,-0.012,-0.060,-0.016,1.78,-8.82,-1.54,0.000000,0.000000,3816.24
18.65,100474.13,41.48,71.08,9.67,0.01,1.76,-0.011,-0.062,-0.015,2.78,-7.87,1.63,0.000000,0.000000,3817.40
18.56,100463.66,41.49,71.96,9.68,0.01,1.75,-0.011,-0.060,-0.016,2.78,-9.30,0.73,0.000000,0.000000,3818.54
18.63,100472.20,41.48,71.24,9.66,0.03,1.76,-0.013,-0.059,-0.017,2.28,-10.25,2.09,0.000000,0.000000,3819.70
18.81,100500.83,41.48,68.85,9.68,0.02,1.76,-0.012,-0.061,-0.017,3.29,-8.35,1.18,0.000000,0.000000,3820.85
18.82,100503.91,41.48,68.59,9.66,0.01,1.76,-0.012,-0.060,-0.017,1.78,-9.78,1.63,0.000000,0.000000,3822.00
18.87,100509.92,41.46,68.08,9.66,0.02,1.74,-0.012,-0.061,-0.017,2.28,-7.87,-1.08,0.000000,0.000000,3823.16
18.85,100511.48,41.47,67.95,9.68,-0.01,1.74,-0.012,-0.061,-0.017,1.78,-8.82,1.18,0.000000,0.000000,3824.31
18.44,100440.30,41.45,73.92,9.69,0.03,1.75,-0.012,-0.060,-0.016,2.28,-9.78,-1.08,0.000000,0.000000,3825.46
18.50,100458.54,41.43,72.79,9.68,0.01,1.73,-0.012,-0.060,-0.016,2.28,-8.35,-1.54,0.000000,0.000000,3826.62
18.63,100474.98,41.45,71.01,9.66,0.03,1.77,-0.012,-0.060,-0.016,2.28,-9.30,1.18,0.000000,0.000000,3827.77
18.74,100489.58,41.45,69.79,9.67,0.01,1.74,-0.012,-0.061,-0.016,2.28,-9.30,1.63,0.000000,0.000000,3828.92
18.80,100497.69,41.46,69.11,9.68,0.01,1.74,-0.013,-0.061,-0.016,1.78,-9.30,2.09,0.000000,0.000000,3830.07
18.95,100521.70,41.44,67.10,9.69,0.04,1.76,-0.013,-0.059,-0.015,2.28,-9.30,0.28,0.000000,0.000000,3831.23
18.73,100488.41,41.47,69.89,9.69,-0.03,1.86,-0.014,-0.065,-0.017,2.28,-9.30,-0.18,0.000000,0.000000,3832.38
18.55,100455.89,41.44,72.61,9.68,0.04,1.76,-0.012,-0.056,-0.017,3.29,-7.87,0.73,0.000000,0.000000,3833.53
18.65,100471.22,41.45,71.33,9.65,0.02,1.78,-0.012,-0.064,-0.017,0.27,-9.30,1.63,0.000000,0.000000,3834.69
18.57,100458.20,41.43,72.42,9.68,0.00,1.79,-0.012,-0.059,-0.017,1.27,-7.87,0.28,0.000000,0.000000,3835.84
18.88,100510.28,41.45,68.05,9.68,0.01,1.74,-0.012,-0.059,-0.016,3.79,-7.87,1.18,0.000000,0.000000,3836.99
18.99,100530.58,41.43,66.35,9.66,0.02,1.76,-0.012,-0.061,-0.017,1.78,-9.78,1.18,0.000000,0.000000,3838.14
18.61,100465.98,41.43,71.77,9.67,0.01,1.75,-0.013,-0.060,-0.016,2.28,-8.35,0.28,0.000000,0.000000,3839.30
18.67,100479.21,41.42,70.66,9.67,0.01,1.76,-0.012,-0.060,-0.017,1.78,-8.35,0.73,0.000000,0.000000,3840.45
18.49,100449.73,41.43,73.13,9.67,0.01,1.74,-0.013,-0.061,-0.016,1.78,-9.30,-0.18,0.000000,0.000000,3841.60
18.64,100471.48,41.42,71.30,9.68,0.00,1.77,-0.012,-0.061,-0.017,2.28,-7.87,1.63,0.000000,0.000000,3842.76
18.71,100483.00,41.43,70.34,9.66,-0.01,1.73,-0.013,-0.061,-0.017,2.78,-9.30,2.54,0.000000,0.000000,3843.91
18.74,100482.66,41.42,70.37,9.66,0.04,1.76,-0.012,-0.061,-0.017,1.78,-10.25,0.28,0.000000,0.000000,3845.06
18.80,100496.94,41.41,69.17,9.67,0.03,1.78,-0.012,-0.061,-0.017,1.78,-9.30,1.63,0.000000,0.000000,3846.22
18.60,100464.34,41.39,71.90,9.67,0.02,1.76,-0.013,-0.061,-0.017,1.78,-9.30,0.73,0.000000,0.000000,3847.37
18.47,100485.59,41.42,73.79,9.69,0.03,1.73,-0.013,-0.060,-0.017,1.78,-8.35,0.28,0.000000,0.000000,3848.52
18.73,100483.70,41.41,70.28,9.66,0.02,1.74,-0.013,-0.060,-0.017,3.29,-8.35,0.73,0.000000,0.000000,3849.67
18.76,100487.03,41.41,70.00,9.68,0.01,1.77,-0.013,-0.059,-0.017,1.78,-9.78,0.28,0.000000,0.000000,3850.83
18.78,100492.16,41.41,69.57,9.67,0.04,1.75,-0.012,-0.061,-0.017,2.28,-8.35,-2.44,0.000000,0.000000,3851.98
19.09,100538.95,41.42,65.65,9.65,0.03,1.75,-0.012,-0.061,-0.017,2.78,-8.35,0.28,0.000000,0.000000,3853.13
18.74,100487.09,41.40,70.00,9.68,0.02,1.73,-0.013,-0.060,-0.017,2.28,-9.30,0.73,0.000000,0.000000,3854.29
18.69,100476.36,41.40,70.90,9.68,0.01,1.77,-0.012,-0.060,-0.017,2.28,-7.87,1.18,0.000000,0.000000,3855.44
18.68,100473.89,41.39,71.10,9.68,0.01,1.75,-0.012,-0.062,-0.017,2.28,-8.82,2.09,0.000000,0.000000,3856.59
18.58,100458.55,41.39,72.39,9.65,0.01,1.76,-0.012,-0.060,-0.016,1.78,-8.35,1.18,0.000000,0.000000,3857.75
18.82,100496.05,41.41,69.25,9.67,0.02,1.77,-0.012,-0.060,-0.018,2.78,-7.39,2.09,0.000000,0.000000,3859.42
18.77,100488.73,41.38,69.86,9.67,0.03,1.74,-0.012,-0.061,-0.015,2.28,-9.30,1.18,0.000000,0.000000,3860.05
18.69,100474.47,41.38,71.05,9.67,0.01,1.76,-0.012,-0.060,-0.016,2.28,-8.82,-0.63,0.000000,0.000000,3861.21
18.59,100459.52,41.40,72.31,9.67,0.02,1.75,-0.012,-0.062,-0.017,1.78,-8.82,0.73,0.000000,0.000000,3862.36
18.65,100467.11,41.38,71.67,9.68,0.02,1.77,-0.011,-0.059,-0.016,2.28,-9.78,0.73,0.000000,0.000000,3863.51
18.66,100466.73,41.37,71.70,9.65,0.01,1.76,-0.012,-0.060,-0.017,3.29,-8.35,1.18,0.000000,0.000000,3864.66
18.68,100476.06,41.37,70.92,9.68,-0.01,1.74,-0.011,-0.060,-0.017,2.28,-9.30,1.18,0.000000,0.000000,3865.82
18.77,100482.39,41.38,70.39,9.66,0.02,1.74,-0.012,-0.060,-0.016,2.28,-9.30,-0.18,0.000000,0.000000,3866.97
18.78,100486.85,41.37,70.02,9.67,0.02,1.75,-0.012,-0.060,-0.016,2.78,-8.82,1.18,0.000000,0.000000,3868.12
18.42,100429.15,41.36,74.85,9.68,0.02,1.76,-0.011,-0.060,-0.016,1.78,-10.73,0.73,0.000000,0.000000,3869.28
18.45,100434.72,41.36,74.39,9.66,0.02,1.77,-0.013,-0.060,-0.017,1.78,-7.87,0.28,0.000000,0.000000,3870.43
18.60,100459.30,41.35,72.33,9.67,0.01,1.75,-0.011,-0.060,-0.017,1.78,-8.82,0.73,0.000000,0.000000,3871.58
18.62,100457.59,41.34,72.47,9.67,0.01,1.75,-0.012,-0.061,-0.016,2.28,-11.21,-1.08,0.000000,0.000000,3872.74
18.80,100490.78,41.34,69.69,9.68,0.01,1.75,-0.012,-0.060,-0.017,2.78,-7.87,0.73,0.000000,0.000000,3873.89
18.87,100495.26,41.34,69.31,9.66,0.03,1.75,-0.011,-0.060,-0.016,3.79,-8.82,-0.18,0.000000,0.000000,3875.04
18.82,100494.03,41.34,69.41,9.65,0.03,1.75,-0.012,-0.060,-0.016,2.28,-8.82,-1.08,0.000000,0.000000,3876.19
18.61,100454.48,41.33,72.73,9.67,-0.00,1.74,-0.012,-0.060,-0.016,2.28,-7.87,1.18,0.000000,0.000000,3877.35
18.70,100472.14,41.33,71.25,9.64,0.01,1.76,-0.012,-0.061,-0.016,2.28,-10.73,0.28,0.000000,0.000000,3878.50
18.56,100447.06,41.32,73.35,9.65,0.03,1.75,-0.012,-0.060,-0.016,1.78,-8.35,-1.99,0.000000,0.000000,3879.65
18.59,100451.32,41.33,73.00,9.67,0.01,1.75,-0.013,-0.060,-0.018,3.29,-7.87,1.63,0.000000,0.000000,3880.80
19.06,100528.27,41.35,66.55,9.68,0.01,1.76,-0.011,-0.060,-0.017,1.78,-9.30,-0.63,0.000000,0.000000,3881.96
18.83,100492.53,41.32,69.54,9.64,0.03,1.74,-0.012,-0.060,-0.017,2.78,-7.87,1.18,0.000000,0.000000,3883.11
18.88,100501.73,41.32,68.77,9.66,0.02,1.76,-0.012,-0.061,-0.017,2.28,-8.35,2.09,0.000000,0.000000,3884.26
18.80,100483.53,41.31,70.29,9.66,0.02,1.76,-0.012,-0.060,-0.016,2.28,-10.73,2.09,0.000000,0.000000,3885.42
18.83,100489.34,41.31,69.81,9.64,0.02,1.75,-0.013,-0.060,-0.017,2.28,-7.87,1.63,0.000000,0.000000,3886.57
18.83,100490.54,41.34,69.71,9.65,0.02,1.77,-0.012,-0.061,-0.017,1.78,-9.30,-1.08,0.000000,0.000000,3887.72
18.97,100512.08,41.32,67.90,9.67,0.03,1.75,-0.013,-0.060,-0.016,2.28,-8.35,0.28,0.000000,0.000000,3888.88
19.07,100529.48,41.35,66.44,9.68,0.03,1.76,-0.012,-0.060,-0.017,2.78,-7.39,1.63,0.000000,0.000000,3890.03
19.12,100534.84,41.30,65.99,9.64,-0.00,1.74,-0.012,-0.060,-0.017,1.78,-9.30,1.18,0.000000,0.000000,3891.18
18.89,100499.09,41.31,68.99,9.67,0.02,1.75,-0.012,-0.060,-0.017,2.28,-7.39,0.28,0.000000,0.000000,3892.33
18.94,100504.13,41.30,68.57,9.65,0.01,1.76,-0.011,-0.060,-0.017,3.29,-9.30,1.18,0.000000,0.000000,3893.49
19.03,100518.73,41.30,67.34,9.67,0.01,1.74,-0.013,-0.060,-0.017,1.78,-12.64,-0.63,0.000000,0.000000,3894.64
18.96,100510.92,41.30,68.00,9.65,0.01,1.76,-0.011,-0.060,-0.017,2.78,-7.87,2.09,0.000000,0.000000,3895.79
18.99,100511.98,41.30,67.91,9.65,0.01,1.75,-0.013,-0.061,-0.016,1.78,-10.25,2.09,0.000000,0.000000,3896.95
18.97,100515.24,41.30,67.64,9.68,0.01,1.77,-0.012,-0.061,-0.017,1.27,-7.87,-2.89,0.000000,0.000000,3898.10
18.94,100505.45,41.28,68.46,9.67,0.02,1.73,-0.012,-0.061,-0.016,3.79,-8.35,-0.63,0.000000,0.000000,3899.25
18.74,100480.56,41.29,70.54,9.67,0.04,1.74,-0.013,-0.060,-0.016,2.78,-8.35,1.18,0.000000,0.000000,3900.41
18.61,100453.75,41.27,72.79,9.67,0.01,1.76,-0.012,-0.060,-0.017,2.28,-8.35,-2.44,0.000000,0.000000,3901.56
18.66,100458.17,41.27,72.42,9.67,0.01,1.75,-0.013,-0.060,-0.017,2.78,-8.35,1.63,0.000000,0.000000,3902.71
18.51,100437.36,41.29,74.17,9.68,0.03,1.74,-0.013,-0.061,-0.017,1.78,-10.25,0.73,0.000000,0.000000,3903.87
18.41,100420.55,41.28,75.58,9.69,0.02,1.77,-0.011,-0.060,-0.017,2.28,-8.35,1.18,0.000000,0.000000,3905.02
18.67,100462.67,41.30,72.04,9.66,0.02,1.77,-0.012,-0.060,-0.016,1.78,-9.30,0.73,0.000000,0.000000,3906.17
18.68,100459.63,41.27,72.30,9.67,0.04,1.76,-0.012,-0.059,-0.017,1.78,-8.35,-0.18,0.000000,0.000000,3907.32
18.66,100458.42,41.27,72.40,9.68,0.01,1.76,-0.013,-0.061,-0.017,3.29,-7.39,1.63,0.000000,0.000000,3908.48
18.73,100471.88,41.27,71.27,9.66,0.04,1.75,-0.011,-0.060,-0.017,1.78,-9.78,0.28,0.000000,0.000000,3909.63
18.70,100465.84,41.27,71.78,9.68,0.03,1.77,-0.013,-0.060,-0.017,2.78,-8.82,-1.99,0.000000,0.000000,3910.78
18.83,100485.27,41.27,70.15,9.69,-0.00,1.74,-0.012,-0.060,-0.017,2.28,-8.35,0.73,0.000000,0.000000,3911.94
18.83,100485.10,41.26,70.16,9.66,0.03,1.75,-0.012,-0.060,-0.017,2.28,-9.78,-0.63,0.000000,0.000000,3913.09
18.80,100485.75,41.26,70.11,9.68,0.00,1.76,-0.013,-0.060,-0.016,2.78,-8.35,1.18,0.000000,0.000000,3914.24
18.73,100470.18,41.25,71.41,9.68,0.01,1.75,-0.013,-0.060,-0.016,2.78,-7.87,1.18,0.000000,0.000000,3915.39
18.80,100478.73,41.25,70.70,9.67,0.01,1.74,-0.012,-0.060,-0.017,1.78,-8.82,0.28,0.000000,0.000000,3916.55
18.80,100482.00,41.26,70.42,9.69,0.02,1.79,-0.012,-0.061,-0.017,2.28,-8.35,2.99,0.000000,0.000000,3917.70
19.00,100512.63,41.26,67.86,9.68,0.01,1.73,-0.013,-0.060,-0.017,1.78,-11.21,0.73,0.000000,0.000000,3918.85
18.70,100469.11,41.25,71.50,9.66,0.01,1.77,-0.012,-0.061,-0.017,1.78,-7.39,-1.08,0.000000,0.000000,3920.01
18.79,100477.27,41.26,70.82,9.66,0.00,1.73,-0.013,-0.061,-0.017,3.29,-8.35,0.73,0.000000,0.000000,3921.16
18.54,100438.94,41.23,74.03,9.66,0.01,1.75,-0.013,-0.060,-0.017,2.28,-9.30,-0.18,0.000000,0.000000,3922.31
18.57,100443.45,41.25,73.65,9.65,0.03,1.76,-0.011,-0.060,-0.016,2.78,-8.35,1.18,0.000000,0.000000,3923.46
18.79,100478.55,41.24,70.71,9.67,0.01,1.75,-0.013,-0.060,-0.016,0.77,-7.87,0.73,0.000000,0.000000,3924.62
18.66,100456.01,41.22,72.60,9.67,0.02,1.76,-0.012,-0.060,-0.017,2.28,-8.35,0.73,0.000000,0.000000,3925.77
18.87,100489.82,41.23,69.77,9.66,0.01,1.78,-0.012,-0.061,-0.017,3.29,-7.87,2.09,0.000000,0.000000,3926.92
18.93,100501.47,41.23,68.79,9.66,0.03,1.78,-0.013,-0.060,-0.017,2.28,-9.78,1.18,0.000000,0.000000,3928.08
18.87,100491.05,41.23,69.67,9.68,0.02,1.73,-0.012,-0.060,-0.017,1.78,-8.35,-1.54,0.000000,0.000000,3929.23
18.87,100492.72,41.21,69.52,9.67,0.01,1.72,-0.013,-0.062,-0.017,1.78,-8.35,0.73,0.000000,0.000000,3930.38
18.97,100506.11,41.25,68.40,9.67,0.01,1.77,-0.012,-0.060,-0.017,2.28,-9.78,1.63,0.000000,0.000000,3931.54
18.85,100484.23,41.22,70.24,9.67,0.02,1.76,-0.012,-0.060,-0.016,1.78,-7.87,0.73,0.000000,0.000000,3932.69
18.88,100492.53,41.22,69.54,9.67,0.02,1.76,-0.013,-0.061,-0.016,1.78,-7.87,0.28,0.000000,0.000000,3933.84
18.98,100505.42,41.21,68.46,9.68,0.04,1.77,-0.012,-0.060,-0.017,1.78,-9.30,-0.63,0.000000,0.000000,3935.00
19.03,100519.16,41.20,67.31,9.67,0.02,1.78,-0.012,-0.061,-0.017,2.78,-7.87,2.09,0.000000,0.000000,3936.15
18.88,100488.66,41.21,69.87,9.68,-0.00,1.76,-0.012,-0.061,-0.017,2.78,-8.82,0.73,0.000000,0.000000,3937.30
19.04,100499.93,41.16,67.43,9.67,0.02,1.78,-0.012,-0.060,-0.017,2.78,-8.35,0.73,0.000000,0.000000,3938.45
19.05,100516.47,41.20,67.53,9.65,0.00,1.72,-0.012,-0.060,-0.017,1.78,-7.87,1.18,0.000000,0.000000,3939.61
18.90,100490.00,41.20,69.75,9.66,0.01,1.77,-0.012,-0.060,-0.016,2.28,-10.73,0.73,0.000000,0.000000,3940.76
19.02,100516.48,41.20,67.53,9.67,0.01,1.78,-0.012,-0.061,-0.017,2.28,-8.82,-0.18,0.000000,0.000000,3941.91
19.06,100519.38,41.20,67.29,9.68,0.02,1.75,-0.013,-0.060,-0.016,2.28,-8.82,0.73,0.000000,0.000000,3943.07
19.06,100521.13,41.21,67.14,9.67,0.01,1.74,-0.013,-0.060,-0.016,1.78,-9.78,-0.18,0.000000,0.000000,3944.22
18.95,100499.56,41.19,68.95,9.66,0.00,1.77,-0.012,-0.060,-0.017,2.28,-7.87,1.63,0.000000,0.000000,3945.37
18.88,100487.48,41.21,69.96,9.66,0.03,1.76,-0.011,-0.059,-0.017,2.28,-8.82,0.28,0.000000,0.000000,3946.52
18.98,100506.41,41.19,68.38,9.68,0.02,1.73,-0.013,-0.060,-0.017,2.28,-8.82,-1.54,0.000000,0.000000,3947.68
18.91,100494.20,41.17,69.40,9.66,0.01,1.76,-0.013,-0.061,-0.016,1.78,-7.87,1.18,0.000000,0.000000,3948.83
18.80,100476.30,41.17,70.90,9.65,0.01,1.74,-0.011,-0.060,-0.016,2.28,-8.82,-1.08,0.000000,0.000000,3949.98
18.80,100473.35,41.17,71.15,9.65,0.04,1.75,-0.012,-0.060,-0.015,2.28,-8.35,-0.63,0.000000,0.000000,3951.14
18.92,100497.01,41.17,69.16,9.67,0.01,1.75,-0.012,-0.060,-0.017,2.28,-8.82,1.18,0.000000,0.000000,3952.29
18.75,100465.01,41.19,71.85,9.68,0.02,1.75,-0.011,-0.061,-0.017,1.78,-9.30,-0.18,0.000000,0.000000,3953.44
19.06,100513.66,41.16,67.77,9.68,0.01,1.74,-0.012,-0.059,-0.017,2.78,-7.87,0.73,0.000000,0.000000,3954.60
19.04,100513.57,41.16,67.78,9.67,0.03,1.77,-0.012,-0.060,-0.017,4.29,-9.30,0.28,0.000000,0.000000,3955.75
19.08,100519.03,41.16,67.32,9.66,0.02,1.73,-0.012,-0.058,-0.016,1.78,-8.35,0.28,0.000000,0.000000,3956.90
19.04,100514.75,41.16,67.68,9.66,-0.00,1.76,-0.012,-0.062,-0.016,2.78,-8.35,1.63,0.000000,0.000000,3958.06
18.98,100503.55,41.16,68.62,9.66,0.02,1.77,-0.012,-0.062,-0.017,1.78,-9.30,1.18,0.000000,0.000000,3959.21
18.86,100485.67,41.10,70.12,9.65,0.01,1.74,-0.012,-0.059,-0.016,1.78,-8.82,-1.54,0.000000,0.000000,3960.36
18.86,100484.91,41.14,70.18,9.67,0.02,1.75,-0.012,-0.060,-0.016,3.79,-8.82,2.54,0.000000,0.000000,3961.51
18.91,100489.17,41.17,69.82,9.67,0.01,1.76,-0.013,-0.061,-0.017,1.78,-9.78,-0.18,0.000000,0.000000,3962.67
18.96,100498.37,41.15,69.05,9.67,0.02,1.76,-0.012,-0.060,-0.017,2.28,-7.87,1.18,0.000000,0.000000,3963.82
19.19,100533.22,41.14,66.13,9.67,0.03,1.75,-0.012,-0.061,-0.016,2.28,-9.30,0.73,0.000000,0.000000,3964.97
19.20,100537.83,41.15,65.74,9.65,0.00,1.76,-0.012,-0.060,-0.017,2.28,-8.82,-1.08,0.000000,0.000000,3966.13
18.99,100501.83,41.13,68.76,9.67,0.01,1.76,-0.013,-0.060,-0.017,2.78,-9.30,1.18,0.000000,0.000000,3967.28
18.87,100479.59,41.13,70.62,9.67,0.02,1.75,-0.012,-0.060,-0.018,2.28,-10.25,1.18,0.000000,0.000000,3968.43
18.88,100487.58,41.13,69.96,9.66,0.00,1.75,-0.012,-0.060,-0.017,2.28,-7.87,0.73,0.000000,0.000000,3969.58
18.94,100491.98,41.13,69.59,9.67,0.00,1.77,-0.012,-0.060,-0.017,2.78,-8.35,1.18,0.000000,0.000000,3970.74
18.97,100499.27,41.14,68.98,9.66,0.01,1.77,-0.011,-0.060,-0.017,1.78,-10.25,-1.08,0.000000,0.000000,3971.89
19.08,100514.19,41.13,67.73,9.66,0.02,1.79,-0.012,-0.060,-0.017,2.78,-7.87,1.18,0.000000,0.000000,3973.04
18.90,100488.68,41.13,69.86,9.67,0.03,1.77,-0.012,-0.060,-0.016,1.27,-9.30,0.28,0.000000,0.000000,3974.20
18.91,100489.15,41.12,69.82,9.66,0.03,1.73,-0.013,-0.059,-0.018,2.28,-8.35,-1.54,0.000000,0.000000,3975.35
18.93,100491.27,41.12,69.65,9.66,0.01,1.74,-0.012,-0.061,-0.017,2.78,-7.87,0.73,0.000000,0.000000,3976.50
18.97,100498.40,41.12,69.05,9.69,0.01,1.76,-0.013,-0.060,-0.016,2.28,-9.30,-1.08,0.000000,0.000000,3977.66
18.94,100490.88,41.11,69.68,9.67,0.01,1.76,-0.012,-0.060,-0.016,2.78,-8.35,1.63,0.000000,0.000000,3978.81
19.02,100505.37,41.11,68.46,9.68,0.01,1.76,-0.013,-0.060,-0.017,1.78,-8.82,1.63,0.000000,0.000000,3979.96
19.18,100529.55,41.11,66.44,9.68,0.01,1.73,-0.012,-0.060,-0.016,2.28,-8.82,-1.54,0.000000,0.000000,3981.11
19.08,100489.02,41.11,67.48,9.68,0.03,1.77,-0.011,-0.060,-0.017,3.29,-8.35,1.18,0.000000,0.000000,3982.27
18.95,100493.36,41.10,69.47,9.67,0.03,1.74,-0.013,-0.060,-0.017,1.78,-9.78,1.63,0.000000,0.000000,3983.42
18.97,100494.56,41.09,69.37,9.66,0.03,1.74,-0.012,-0.061,-0.017,2.78,-8.82,-0.63,0.000000,0.000000,3984.57
18.85,100477.85,41.09,70.77,9.66,0.01,1.73,-0.012,-0.061,-0.016,1.78,-7.39,1.18,0.000000,0.000000,3985.73
19.06,100512.08,41.08,67.90,9.68,0.01,1.73,-0.012,-0.061,-0.017,1.78,-10.25,2.09,0.000000,0.000000,3986.88
18.67,100449.38,41.08,73.16,9.67,0.02,1.78,-0.013,-0.060,-0.016,2.28,-8.35,1.63,0.000000,0.000000,3988.03
18.67,100448.88,41.08,73.20,9.67,0.01,1.77,-0.013,-0.060,-0.017,1.78,-9.78,1.18,0.000000,0.000000,3989.18
19.24,100534.80,41.08,66.00,9.66,0.01,1.75,-0.013,-0.061,-0.017,1.78,-8.35,-0.63,0.000000,0.000000,3990.34
19.02,100504.00,41.08,68.58,9.68,0.03,1.76,-0.013,-0.060,-0.016,1.78,-7.87,2.09,0.000000,0.000000,3991.49
18.97,100493.80,41.08,69.43,9.68,0.02,1.77,-0.013,-0.059,-0.017,2.28,-9.78,1.18,0.000000,0.000000,3992.64
18.97,100495.64,41.08,69.28,9.67,0.04,1.76,-0.012,-0.061,-0.016,1.78,-9.30,2.09,0.000000,0.000000,3993.80
19.18,100528.16,41.07,66.55,9.67,0.01,1.75,-0.012,-0.060,-0.017,2.28,-9.30,0.73,0.000000,0.000000,3994.95
17.87,100325.17,41.06,83.58,9.67,-0.01,1.82,-0.012,-0.060,-0.017,1.78,-8.82,-0.63,0.000000,0.000000,3996.10
17.55,100268.70,41.07,88.32,9.67,0.01,1.70,-0.012,-0.054,-0.017,4.29,-7.87,1.18,0.000000,0.000000,3997.25
17.18,100223.82,41.07,93.05,9.66,0.02,1.75,-0.012,-0.063,-0.017,1.78,-8.82,1.18,0.000000,0.000000,3998.41
17.40,100244.72,41.03,90.33,9.67,-0.02,1.75,-0.012,-0.067,-0.017,0.77,-8.35,0.28,0.000000,0.000000,3999.56
19.33,100547.13,41.03,64.97,9.67,0.01,1.74,-0.013,-0.057,-0.016,2.78,-8.35,0.28,0.000000,0.000000,4000.71
18.36,100399.94,41.04,77.30,12.63,1.44,0.27,-0.441,-1.299,-0.845,3.29,-13.11,-3.35,0.000000,0.000000,4001.87
18.63,100429.48,41.03,74.83,8.34,3.75,0.07,-0.800,0.574,0.092,6.30,-6.92,-0.18,0.000000,0.000000,4003.02
18.42,100401.34,41.05,77.19,2.57,13.10,-0.85,2.325,0.129,-1.341,15.35,-0.24,-1.54,0.000000,0.000000,4004.18
16.63,100116.99,41.04,101.06,-3.01,9.99,-2.93,0.635,-2.252,1.279,13.34,5.01,-2.89,0.000000,0.000000,4005.33
18.94,100483.17,41.10,70.32,-9.45,0.85,-3.12,-0.924,0.141,-0.255,2.78,10.25,-1.08,0.000000,0.000000,4006.48
19.34,100543.81,41.13,65.24,-9.06,1.48,-1.90,-0.710,0.130,-0.239,3.29,8.82,0.28,0.000000,0.000000,4007.63
19.04,100496.22,41.16,69.23,-9.09,1.72,-1.51,0.423,0.114,0.013,3.29,10.25,-1.08,0.000000,0.000000,4008.78
19.43,100562.25,41.20,63.70,-9.07,1.56,-2.56,-0.067,-0.485,0.130,4.29,9.30,0.73,0.000000,0.000000,4009.94
18.72,100447.11,41.19,73.35,9.68,1.63,-0.74,0.660,1.198,0.268,3.79,-8.35,-4.71,0.000000,0.000000,4011.09
18.32,100391.13,41.18,78.04,9.82,-0.03,1.81,-0.010,-0.065,-0.017,2.78,-8.35,2.09,0.000000,0.000000,4012.24
18.75,100454.28,41.23,72.75,9.67,-0.04,1.77,-0.012,-0.058,-0.015,2.78,-9.30,0.73,0.000000,0.000000,4013.40
19.01,100497.41,41.21,69.13,9.66,-0.02,1.74,-0.013,-0.062,-0.016,2.28,-8.82,-0.63,0.000000,0.000000,4014.55
19.19,100522.58,41.21,67.02,9.67,-0.03,1.72,-0.013,-0.060,-0.017,4.29,-9.30,1.18,0.000000,0.000000,4015.70
19.19,100524.13,41.20,66.89,9.67,-0.08,1.81,-0.013,-0.062,-0.018,1.78,-9.30,-0.18,0.000000,0.000000,4016.86
19.01,100495.06,41.18,69.33,9.68,-0.00,1.73,-0.012,-0.057,-0.016,2.28,-7.87,1.18,0.000000,0.000000,4018.01
19.30,100540.44,41.15,65.53,9.66,-0.04,1.76,-0.012,-0.063,-0.018,2.28,-9.78,1.63,0.000000,0.000000,4019.16
19.62,100589.53,41.14,61.41,9.68,-0.02,1.77,-0.013,-0.059,-0.017,2.28,-9.30,0.28,0.000000,0.000000,4020.31
18.23,100368.25,41.11,79.96,9.56,0.13,1.68,-0.011,-0.080,-0.014,2.28,-8.82,1.63,0.000000,0.000000,4021.47
18.07,100350.31,41.14,81.75,9.75,0.17,1.79,-0.011,-0.029,-0.021,2.28,-8.82,-0.63,0.000000,0.000000,4022.62
18.18,100364.91,41.06,80.24,9.68,0.11,1.72,-0.013,-0.075,-0.012,2.28,-7.87,-1.08,0.000000,0.000000,4023.77
18.39,100394.64,41.06,77.75,9.67,0.12,1.77,-0.013,-0.054,-0.018,3.79,-8.35,0.28,0.000000,0.000000,4024.93
18.30,100382.98,41.03,78.73,9.68,0.13,1.71,-0.013,-0.062,-0.016,1.78,-9.30,-0.18,0.000000,0.000000,4026.08
18.23,100365.83,41.04,80.17,9.70,0.13,1.80,-0.013,-0.060,-0.017,2.78,-8.35,1.18,0.000000,0.000000,4027.23
18.16,100360.05,40.99,80.65,9.67,0.12,1.74,-0.012,-0.059,-0.017,2.28,-7.87,0.73,0.000000,0.000000,4028.38
18.22,100365.53,41.00,80.19,9.67,0.13,1.76,-0.013,-0.061,-0.016,1.78,-8.35,1.63,0.000000,0.000000,4029.54
18.18,100366.59,41.00,80.10,9.67,0.13,1.77,-0.012,-0.059,-0.018,2.78,-7.39,1.18,0.000000,0.000000,4030.69
18.28,100378.80,40.98,79.08,9.69,0.12,1.70,-0.012,-0.062,-0.017,2.78,-11.68,0.73,0.000000,0.000000,4031.84
18.28,100375.64,40.98,79.34,9.68,0.13,1.79,-0.013,-0.065,-0.016,2.78,-8.35,1.18,0.000000,0.000000,4033.00
18.24,100373.57,40.97,79.52,9.68,0.12,1.73,-0.012,-0.058,-0.017,2.78,-8.82,1.63,0.000000,0.000000,4034.15
18.33,100381.88,40.96,78.82,9.69,0.14,1.75,-0.012,-0.050,-0.019,2.28,-7.87,-0.63,0.000000,0.000000,4035.30
18.15,100355.33,40.96,81.05,9.70,0.13,1.80,-0.013,-0.065,-0.014,3.29,-6.92,1.18,0.000000,0.000000,4036.46
18.16,100353.61,40.97,81.19,9.68,0.12,1.77,-0.013,-0.059,-0.017,2.28,-10.25,0.73,0.000000,0.000000,4037.61
18.20,100365.28,40.94,80.21,9.68,0.14,1.75,-0.012,-0.068,-0.014,2.78,-8.82,-1.08,0.000000,0.000000,4038.76
18.32,100382.09,40.93,78.80,9.68,0.13,1.77,-0.012,-0.063,-0.015,3.79,-8.35,0.28,0.000000,0.000000,4039.91
18.23,100370.62,40.95,79.76,9.64,-0.02,1.93,-0.004,-0.108,-0.075,1.78,-9.78,-1.99,0.000000,0.000000,4041.07
18.38,100391.33,40.92,78.03,9.66,0.17,1.80,-0.012,-0.064,-0.015,2.78,-7.87,2.09,0.000000,0.000000,4042.22
18.32,100379.80,40.91,78.99,9.69,0.13,1.72,-0.013,-0.061,-0.017,2.78,-8.82,1.18,0.000000,0.000000,4043.37
18.25,100372.88,40.91,79.57,9.67,0.12,1.76,-0.011,-0.059,-0.017,2.28,-8.35,-0.63,0.000000,0.000000,4044.53
18.11,100346.16,40.91,81.81,9.66,0.14,1.76,-0.013,-0.063,-0.015,2.78,-8.35,1.63,0.000000,0.000000,4045.68
18.01,100334.80,40.90,82.77,9.68,0.14,1.75,-0.012,-0.060,-0.017,2.28,-8.82,2.09,0.000000,0.000000,4046.83
18.27,100373.36,40.89,79.53,9.67,0.13,1.75,-0.011,-0.060,-0.016,2.28,-8.35,-0.18,0.000000,0.000000,4047.99
18.25,100375.97,40.90,79.31,9.68,0.15,1.80,-0.011,-0.059,-0.017,2.28,-8.35,1.63,0.000000,0.000000,4049.14
17.75,100289.69,40.88,86.56,9.67,0.13,1.76,-0.013,-0.057,-0.017,2.28,-10.25,2.99,0.000000,0.000000,4050.29
17.82,100311.48,40.89,84.73,9.68,0.13,1.80,-0.013,-0.068,-0.014,3.29,-7.87,2.54,0.000000,0.000000,4051.44
18.12,100347.72,40.88,81.69,9.65,0.13,1.70,-0.013,-0.060,-0.017,1.78,-8.35,0.73,0.000000,0.000000,4052.60
18.20,100361.24,40.87,80.55,9.69,0.13,1.75,-0.012,-0.062,-0.016,2.78,-8.35,-1.99,0.000000,0.000000,4053.75
18.19,100361.28,40.88,80.55,9.65,0.11,1.71,-0.012,-0.062,-0.016,3.29,-7.87,3.44,0.000000,0.000000,4054.90
18.18,100357.81,40.87,80.84,9.68,0.13,1.77,-0.013,-0.061,-0.017,2.28,-10.25,0.73,0.000000,0.000000,4056.06
18.13,100348.44,40.87,81.62,9.66,0.11,1.71,-0.013,-0.057,-0.017,3.29,-7.87,0.73,0.000000,0.000000,4057.21
18.27,100370.97,40.85,79.73,9.68,0.11,1.75,-0.012,-0.062,-0.016,1.78,-8.82,-0.63,0.000000,0.000000,4058.36
18.01,100330.39,40.86,83.14,9.72,0.15,1.86,-0.013,-0.081,-0.011,2.28,-8.35,0.28,0.000000,0.000000,4059.52
18.05,100334.67,40.85,82.78,9.67,0.13,1.71,-0.011,-0.053,-0.019,2.28,-7.87,0.28,0.000000,0.000000,4060.67
18.09,100340.97,40.84,82.25,9.66,0.13,1.78,-0.012,-0.066,-0.015,2.28,-10.73,-0.63,0.000000,0.000000,4061.82
18.08,100339.23,40.84,82.40,9.68,0.12,1.76,-0.013,-0.057,-0.018,2.78,-8.35,2.09,0.000000,0.000000,4062.97
18.17,100351.81,40.85,81.34,9.68,0.12,1.75,-0.012,-0.062,-0.017,3.29,-8.35,-0.18,0.000000,0.000000,4064.13
18.15,100350.95,40.85,81.41,9.68,0.11,1.74,-0.012,-0.062,-0.015,2.28,-8.35,-0.63,0.000000,0.000000,4065.28
18.11,100344.13,40.84,81.99,9.67,0.12,1.72,-0.012,-0.061,-0.017,4.29,-8.35,1.18,0.000000,0.000000,4066.43
18.22,100364.17,40.87,80.30,9.68,0.11,1.75,-0.012,-0.060,-0.017,2.28,-10.73,-0.63,0.000000,0.000000,4067.59
18.14,100348.67,40.83,81.61,9.68,0.14,1.76,-0.013,-0.063,-0.015,2.78,-8.35,1.18,0.000000,0.000000,4068.74
18.26,100372.41,40.85,79.61,9.66,0.10,1.69,-0.012,-0.059,-0.017,3.29,-7.39,1.63,0.000000,0.000000,4069.89
18.34,100380.78,40.83,78.91,9.69,0.14,1.79,-0.012,-0.063,-0.015,2.28,-7.87,0.28,0.000000,0.000000,4071.04
18.28,100368.45,40.83,79.95,9.66,0.12,1.71,-0.012,-0.057,-0.017,3.29,-8.35,1.18,0.000000,0.000000,4072.20
18.48,100398.61,40.84,77.42,9.68,0.13,1.76,-0.011,-0.060,-0.017,2.78,-8.35,0.28,0.000000,0.000000,4073.35
18.50,100403.45,40.85,77.01,9.69,0.12,1.74,-0.013,-0.061,-0.016,2.28,-8.82,-0.63,0.000000,0.000000,4074.50
18.52,100406.68,40.85,76.74,9.66,0.13,1.76,-0.013,-0.064,-0.016,2.28,-7.39,1.18,0.000000,0.000000,4075.66
18.51,100403.92,40.84,76.97,9.67,0.12,1.73,-0.013,-0.060,-0.017,1.78,-7.87,-1.99,0.000000,0.000000,4076.81
18.59,100423.91,40.84,75.29,9.69,0.13,1.77,-0.012,-0.060,-0.017,2.28,-8.35,2.54,0.000000,0.000000,4077.96
18.61,100416.70,40.86,75.90,9.69,0.13,1.74,-0.012,-0.060,-0.016,1.78,-9.30,2.09,0.000000,0.000000,4079.12
18.44,100412.37,40.79,76.26,9.67,0.12,1.73,-0.012,-0.063,-0.016,3.29,-9.30,0.73,0.000000,0.000000,4080.27
18.53,100408.96,40.82,76.55,9.68,0.12,1.72,-0.011,-0.048,-0.021,2.78,-8.82,2.09,0.000000,0.000000,4081.42
18.57,100416.69,40.83,75.90,9.69,0.11,1.72,-0.013,-0.061,-0.016,2.78,-9.78,0.73,0.000000,0.000000,4082.57
18.45,100399.20,40.83,77.37,9.67,0.11,1.73,-0.013,-0.058,-0.017,2.78,-8.35,1.18,0.000000,0.000000,4083.73
18.46,100399.16,40.81,77.37,9.63,0.08,1.75,-0.013,-0.070,-0.013,1.78,-8.35,1.63,0.000000,0.000000,4084.88
18.34,100381.83,40.82,78.82,9.69,0.12,1.75,-0.013,-0.062,-0.016,2.28,-8.35,-0.63,0.000000,0.000000,4086.03
18.36,100380.77,40.81,78.91,9.69,0.17,1.74,-0.013,-0.066,-0.014,3.29,-8.35,1.18,0.000000,0.000000,4087.19
17.99,100326.09,40.80,83.50,9.68,0.12,1.72,-0.012,-0.063,-0.017,2.28,-9.30,-0.18,0.000000,0.000000,4088.34
17.88,100304.88,40.80,85.28,9.69,0.16,1.78,-0.013,-0.059,-0.017,2.78,-6.92,1.63,0.000000,0.000000,4089.49
18.26,100361.44,40.81,80.53,9.66,0.13,1.70,-0.011,-0.058,-0.018,2.28,-10.73,2.09,0.000000,0.000000,4090.65
18.38,100384.97,40.79,78.56,9.68,0.11,1.78,-0.013,-0.062,-0.015,2.78,-8.82,-0.63,0.000000,0.000000,4091.80
18.27,100367.09,40.79,80.06,9.68,0.13,1.74,-0.013,-0.058,-0.017,2.78,-8.82,0.73,0.000000,0.000000,4092.95
18.39,100385.95,40.79,78.48,9.67,0.11,1.76,-0.012,-0.060,-0.017,2.28,-9.78,2.09,0.000000,0.000000,4094.10
18.09,100336.80,40.79,82.60,9.70,0.15,1.74,-0.013,-0.063,-0.015,2.28,-8.82,0.28,0.000000,0.000000,4095.26
18.00,100326.48,40.78,83.47,9.67,0.13,1.74,-0.012,-0.060,-0.017,1.78,-9.30,1.18,0.000000,0.000000,4096.41
18.03,100329.27,40.77,83.23,9.66,0.13,1.77,-0.012,-0.060,-0.016,2.28,-7.87,-2.89,0.000000,0.000000,4097.56
18.06,100335.97,40.78,82.67,9.67,0.13,1.74,-0.014,-0.060,-0.016,2.78,-8.82,-0.18,0.000000,0.000000,4098.72
18.43,100393.59,40.80,77.84,9.66,0.13,1.77,-0.013,-0.062,-0.016,1.78,-9.78,2.09,0.000000,0.000000,4099.87
18.14,100341.28,40.76,82.22,9.68,0.14,1.75,-0.012,-0.060,-0.017,2.78,-8.35,2.09,0.000000,0.000000,4101.02
18.35,100379.11,40.78,79.05,9.66,0.13,1.74,-0.012,-0.055,-0.018,2.28,-9.30,-0.18,0.000000,0.000000,4102.18
18.16,100343.13,40.76,82.07,9.66,0.11,1.75,-0.013,-0.063,-0.016,2.28,-8.35,0.28,0.000000,0.000000,4103.33
18.10,100336.49,40.79,82.63,9.67,0.13,1.75,-0.013,-0.059,-0.017,3.79,-8.35,2.54,0.000000,0.000000,4104.48
18.16,100346.41,40.76,81.80,9.68,0.15,1.85,-0.012,-0.055,-0.018,2.78,-11.21,0.73,0.000000,0.000000,4105.63
18.35,100378.80,40.77,79.08,9.65,0.11,1.72,-0.012,-0.057,-0.018,2.78,-8.82,1.18,0.000000,0.000000,4106.79
18.36,100377.67,40.77,79.17,9.67,0.12,1.80,-0.013,-0.059,-0.017,1.78,-8.82,0.28,0.000000,0.000000,4107.94
18.16,100350.41,40.73,81.46,9.68,0.13,1.76,-0.012,-0.054,-0.019,1.78,-9.30,-0.63,0.000000,0.000000,4109.09
18.17,100347.44,40.75,81.71,9.65,0.11,1.69,-0.013,-0.061,-0.017,2.78,-7.87,1.18,0.000000,0.000000,4110.25
18.18,100346.83,40.74,81.76,9.67,0.09,1.78,-0.012,-0.060,-0.016,1.78,-10.25,1.18,0.000000,0.000000,4111.40
18.43,100389.99,40.74,78.14,9.66,0.13,1.77,-0.012,-0.058,-0.018,3.29,-7.87,-0.18,0.000000,0.000000,4112.55
18.43,100387.13,40.75,78.38,9.68,0.09,1.76,-0.011,-0.061,-0.017,2.28,-9.30,0.28,0.000000,0.000000,4113.70
18.42,100387.83,40.74,78.32,9.66,0.12,1.74,-0.012,-0.060,-0.017,2.28,-8.35,-0.18,0.000000,0.000000,4114.86
18.37,100376.70,40.75,79.25,9.69,0.13,1.73,-0.011,-0.062,-0.017,3.29,-8.35,0.73,0.000000,0.000000,4116.01
18.30,100371.52,40.74,79.69,9.67,0.13,1.77,-0.013,-0.062,-0.015,2.28,-10.25,0.28,0.000000,0.000000,4117.16
18.35,100374.27,40.73,79.46,9.67,0.12,1.71,-0.013,-0.059,-0.017,2.28,-7.87,-3.35,0.000000,0.000000,4118.32
18.29,100363.59,40.73,80.35,9.69,0.11,1.74,-0.012,-0.062,-0.017,3.29,-9.78,3.90,0.000000,0.000000,4119.47
18.34,100372.88,40.74,79.57,9.69,0.10,1.76,-0.013,-0.065,-0.016,1.27,-9.78,-0.63,0.000000,0.000000,4120.62
18.35,100370.08,40.76,79.81,9.67,0.13,1.77,-0.011,-0.059,-0.017,3.79,-7.87,0.73,0.000000,0.000000,4121.78
18.10,100337.83,40.73,82.51,9.66,0.11,1.74,-0.012,-0.059,-0.017,2.28,-8.35,1.18,0.000000,0.000000,4122.93
18.11,100332.77,40.73,82.94,9.68,0.13,1.77,-0.013,-0.060,-0.016,2.28,-7.87,-1.08,0.000000,0.000000,4124.08
18.18,100347.77,40.74,81.68,9.69,0.13,1.76,-0.012,-0.060,-0.017,2.78,-8.82,1.63,0.000000,0.000000,4125.24
18.16,100340.47,40.74,82.29,9.66,0.11,1.73,-0.013,-0.059,-0.018,2.78,-11.21,-0.18,0.000000,0.000000,4126.39
18.27,100361.91,40.73,80.49,9.67,0.11,1.77,-0.013,-0.061,-0.017,2.78,-7.87,1.63,0.000000,0.000000,4127.54
18.25,100358.80,40.71,80.75,9.68,0.12,1.74,-0.012,-0.060,-0.017,2.78,-9.30,-0.63,0.000000,0.000000,4128.69
18.18,100347.27,40.72,81.72,9.67,0.11,1.75,-0.012,-0.058,-0.018,2.28,-8.35,1.18,0.000000,0.000000,4129.85
18.11,100337.22,40.72,82.57,9.68,0.11,1.73,-0.013,-0.060,-0.017,2.78,-8.35,0.73,0.000000,0.000000,4131.00
18.40,100376.12,40.71,79.30,9.66,0.11,1.73,-0.013,-0.060,-0.017,1.78,-11.68,1.18,0.000000,0.000000,4132.15
18.23,100352.44,40.71,81.29,9.66,0.11,1.70,-0.012,-0.059,-0.017,3.29,-8.82,1.63,0.000000,0.000000,4133.31
18.06,100321.90,40.72,83.85,9.69,0.12,1.76,-0.012,-0.062,-0.017,2.78,-8.82,0.28,0.000000,0.000000,4134.46
18.19,100348.08,40.72,81.65,9.67,0.14,1.76,-0.013,-0.059,-0.017,2.28,-8.35,-1.54,0.000000,0.000000,4135.61
18.43,100384.56,40.73,78.59,9.68,0.13,1.73,-0.012,-0.060,-0.017,2.28,-9.78,1.18,0.000000,0.000000,4136.76
18.35,100373.09,40.73,79.56,9.67,0.13,1.70,-0.012,-0.059,-0.016,1.78,-9.30,0.73,0.000000,0.000000,4137.92
18.35,100369.66,40.71,79.84,9.66,0.12,1.75,-0.012,-0.059,-0.017,3.29,-8.35,0.28,0.000000,0.000000,4139.07
18.51,100392.62,40.71,77.92,9.66,0.11,1.75,-0.012,-0.062,-0.016,1.78,-10.25,0.28,0.000000,0.000000,4140.22
18.28,100357.27,40.70,80.88,9.66,0.12,1.76,-0.012,-0.060,-0.018,2.28,-7.87,-1.99,0.000000,0.000000,4141.38
18.24,100349.40,40.69,81.54,9.67,0.12,1.72,-0.013,-0.061,-0.017,4.29,-8.35,0.73,0.000000,0.000000,4142.53
18.36,100370.95,40.71,79.74,9.69,0.13,1.74,-0.012,-0.061,-0.016,1.78,-12.16,0.28,0.000000,0.000000,4143.68
18.52,100395.95,40.71,77.64,9.67,0.13,1.75,-0.013,-0.060,-0.016,2.28,-6.92,1.18,0.000000,0.000000,4144.83
18.61,100409.76,40.70,76.48,9.67,0.14,1.75,-0.013,-0.060,-0.017,0.27,-8.82,2.09,0.000000,0.000000,4145.99
18.58,100404.58,40.70,76.91,9.67,0.13,1.74,-0.012,-0.061,-0.017,2.28,-7.87,-1.54,0.000000,0.000000,4147.14
18.46,100380.79,40.62,78.42,9.68,0.11,1.74,-0.013,-0.060,-0.016,2.78,-8.82,2.99,0.000000,0.000000,4148.29
18.53,100397.06,40.72,77.55,9.67,0.12,1.76,-0.013,-0.061,-0.017,1.78,-9.30,0.73,0.000000,0.000000,4149.45
18.45,100381.95,40.69,78.81,9.66,0.13,1.76,-0.012,-0.061,-0.017,3.79,-7.39,0.73,0.000000,0.000000,4150.60
18.36,100370.61,40.69,79.76,9.69,0.12,1.77,-0.013,-0.060,-0.017,2.28,-9.30,-0.63,0.000000,0.000000,4151.75
18.39,100372.36,40.71,79.62,9.64,0.12,1.76,-0.012,-0.059,-0.017,2.28,-8.82,-0.18,0.000000,0.000000,4152.91
18.19,100340.95,40.73,82.25,9.68,0.14,1.76,-0.013,-0.061,-0.017,1.78,-9.30,1.63,0.000000,0.000000,4154.06
18.30,100356.20,40.67,80.97,9.66,0.14,1.73,-0.013,-0.060,-0.017,2.78,-11.68,0.28,0.000000,0.000000,4155.21
18.31,100362.93,40.68,80.41,9.66,0.11,1.76,-0.013,-0.059,-0.017,2.78,-8.82,0.28,0.000000,0.000000,4156.36
18.32,100363.24,40.68,80.38,9.67,0.11,1.73,-0.013,-0.060,-0.018,2.28,-10.73,1.63,0.000000,0.000000,4157.52
18.39,100370.63,40.68,79.76,9.67,0.13,1.72,-0.012,-0.060,-0.017,2.78,-8.82,-1.54,0.000000,0.000000,4158.67
18.30,100361.47,40.69,80.53,9.64,0.10,1.72,-0.013,-0.054,-0.019,2.78,-8.35,2.09,0.000000,0.000000,4159.82
18.18,100340.38,40.66,82.30,9.62,0.07,1.66,-0.012,-0.047,-0.020,1.78,-8.35,-0.63,0.000000,0.000000,4160.98
17.85,100290.09,40.67,86.52,9.64,0.07,1.66,-0.012,-0.046,-0.022,4.29,-7.87,2.54,0.000000,0.000000,4162.13
18.20,100341.72,40.67,82.19,9.71,0.12,1.82,-0.013,-0.077,-0.011,2.78,-9.78,1.63,0.000000,0.000000,4163.28
18.22,100347.18,40.68,81.73,9.69,0.14,1.80,-0.012,-0.062,-0.016,3.29,-8.35,1.63,0.000000,0.000000,4164.43
18.39,100372.47,40.67,79.61,9.67,0.15,1.76,-0.011,-0.059,-0.017,1.78,-8.82,0.73,0.000000,0.000000,4165.59
18.36,100370.61,40.68,79.76,9.68,0.12,1.71,-0.013,-0.052,-0.020,3.29,-8.82,-0.18,0.000000,0.000000,4166.74
18.14,100334.58,40.66,82.79,9.65,0.11,1.66,-0.013,-0.061,-0.017,2.78,-8.35,1.18,0.000000,0.000000,4167.89
17.26,100120.19,40.69,100.79,9.66,0.13,1.72,-0.013,-0.061,-0.017,2.78,-11.21,-1.08,0.000000,0.000000,4169.05
17.81,100278.03,40.65,87.53,9.68,0.14,1.74,-0.013,-0.061,-0.016,3.29,-8.82,1.63,0.000000,0.000000,4170.20
18.09,100323.45,40.66,83.72,9.59,0.11,1.67,-0.014,-0.070,-0.015,2.28,-10.25,0.73,0.000000,0.000000,4171.35
18.13,100333.79,40.68,82.85,9.67,0.12,1.73,-0.013,-0.051,-0.019,2.78,-8.82,-0.18,0.000000,0.000000,4172.51
18.25,100350.34,40.66,81.47,9.67,0.10,1.68,-0.013,-0.063,-0.017,2.78,-10.73,2.09,0.000000,0.000000,4173.66
18.07,100324.63,40.65,83.62,9.69,0.12,1.76,-0.012,-0.056,-0.019,2.78,-9.30,-1.54,0.000000,0.000000,4174.81
18.02,100313.31,40.65,84.57,9.66,0.11,1.73,-0.013,-0.062,-0.017,2.78,-8.35,2.09,0.000000,0.000000,4175.97
18.21,100343.78,40.64,82.02,9.66,0.11,1.77,-0.012,-0.061,-0.016,2.28,-9.78,-0.18,0.000000,0.000000,4177.12
18.39,100369.63,40.65,79.85,9.66,0.13,1.76,-0.012,-0.059,-0.016,2.78,-8.82,-0.18,0.000000,0.000000,4178.27
18.35,100383.52,40.67,80.08,9.67,0.11,1.76,-0.012,-0.061,-0.016,2.78,-9.78,1.63,0.000000,0.000000,4179.42
18.22,100343.41,40.65,82.05,9.68,0.12,1.75,-0.013,-0.060,-0.015,1.78,-8.35,0.28,0.000000,0.000000,4180.58
18.22,100342.64,40.66,82.11,9.66,0.12,1.73,-0.013,-0.062,-0.017,3.29,-8.82,2.09,0.000000,0.000000,4181.73
18.28,100358.73,40.64,80.76,9.68,0.14,1.75,-0.013,-0.062,-0.017,2.78,-9.78,-0.63,0.000000,0.000000,4182.88
18.00,100309.14,40.64,84.92,9.66,0.11,1.75,-0.012,-0.056,-0.019,2.78,-8.82,1.63,0.000000,0.000000,4184.04
17.87,100289.95,40.62,86.53,9.65,0.13,1.72,-0.012,-0.059,-0.017,3.29,-8.35,-0.18,0.000000,0.000000,4185.19
18.27,100347.85,40.65,81.67,9.70,0.16,1.82,-0.012,-0.059,-0.018,3.29,-8.82,0.73,0.000000,0.000000,4186.34
17.96,100302.75,40.64,85.46,9.66,0.09,1.72,-0.013,-0.064,-0.016,2.28,-8.82,1.18,0.000000,0.000000,4187.49
18.16,100331.50,40.63,83.05,9.64,0.15,1.74,-0.012,-0.053,-0.021,2.78,-10.25,-0.18,0.000000,0.000000,4188.65
18.16,100334.83,40.58,82.77,9.66,0.17,1.87,-0.011,-0.069,-0.016,3.29,-8.35,1.63,0.000000,0.000000,4189.80
18.02,100312.59,40.62,84.63,9.67,0.12,1.77,-0.014,-0.059,-0.017,2.28,-10.73,2.09,0.000000,0.000000,4190.95
17.44,100220.63,40.64,92.35,9.65,0.12,1.78,-0.013,-0.064,-0.015,2.28,-8.82,1.63,0.000000,0.000000,4192.11
17.51,100226.20,40.60,91.89,9.65,0.09,1.69,-0.013,-0.062,-0.015,3.29,-9.78,1.18,0.000000,0.000000,4193.26
17.09,100164.68,40.60,97.06,9.65,0.09,1.63,-0.013,-0.070,-0.014,2.28,-8.82,1.18,0.000000,0.000000,4194.41
15.64,99936.39,40.57,116.26,9.68,0.11,1.71,-0.013,-0.062,-0.017,2.28,-11.21,2.99,0.000000,0.000000,4195.57
15.94,99974.44,40.54,113.06,9.65,0.11,1.65,-0.012,-0.064,-0.015,2.78,-12.16,1.63,0.000000,0.000000,4196.72
15.72,99945.92,40.54,115.46,9.66,0.10,1.67,-0.012,-0.057,-0.017,3.29,-10.25,1.63,0.000000,0.000000,4197.88
15.83,99954.37,40.51,114.74,9.66,0.11,1.76,-0.012,-0.063,-0.015,2.78,-10.73,2.09,0.000000,0.000000,4199.03
15.74,99948.66,40.52,115.23,9.69,0.11,1.72,-0.013,-0.060,-0.016,2.78,-10.73,1.18,0.000000,0.000000,4200.18
15.81,99952.45,40.50,114.91,9.69,0.09,1.68,-0.013,-0.057,-0.017,3.79,-8.82,2.09,0.000000,0.000000,4201.34
15.82,99961.08,40.50,114.18,9.66,0.10,1.71,-0.012,-0.061,-0.017,3.79,-11.21,-0.18,0.000000,0.000000,4202.49
15.70,99932.70,40.49,116.57,9.71,0.19,1.91,-0.013,-0.069,-0.014,3.29,-10.73,2.09,0.000000,0.000000,4203.65
15.85,99962.24,40.48,114.08,9.68,0.13,1.72,-0.012,-0.058,-0.017,4.79,-9.78,1.63,0.000000,0.000000,4204.80
15.64,99921.22,40.46,117.54,9.68,0.13,1.71,-0.012,-0.059,-0.017,3.79,-11.68,0.73,0.000000,0.000000,4205.95
15.98,99987.08,40.46,111.99,9.68,0.11,1.73,-0.012,-0.060,-0.017,2.78,-10.73,-0.18,0.000000,0.000000,4207.11
15.58,99911.05,40.45,118.39,9.67,0.13,1.72,-0.013,-0.058,-0.018,3.29,-9.78,0.73,0.000000,0.000000,4208.26
16.03,99996.36,40.44,111.21,9.66,0.07,1.70,-0.013,-0.065,-0.015,2.28,-12.16,0.73,0.000000,0.000000,4209.42
15.48,99896.12,40.46,119.65,9.69,0.12,1.69,-0.014,-0.060,-0.017,3.29,-9.78,1.18,0.000000,0.000000,4210.57
16.02,99994.30,40.43,111.38,9.66,0.12,1.72,-0.013,-0.058,-0.018,3.29,-11.21,0.73,0.000000,0.000000,4211.72
15.46,99890.16,40.42,120.15,9.68,0.13,1.75,-0.013,-0.062,-0.017,3.29,-10.25,-1.99,0.000000,0.000000,4212.88
16.11,100007.95,40.42,110.24,9.65,0.08,1.70,-0.013,-0.071,-0.014,4.29,-10.73,2.09,0.000000,0.000000,4214.03
15.42,99887.80,40.41,120.35,9.68,0.12,1.71,-0.012,-0.056,-0.017,2.78,-9.78,2.99,0.000000,0.000000,4215.18
16.17,100018.33,40.41,109.36,9.67,0.12,1.74,-0.012,-0.062,-0.016,2.78,-10.25,-1.99,0.000000,0.000000,4216.34
15.33,99873.09,40.40,121.59,9.67,0.11,1.73,-0.013,-0.059,-0.016,2.78,-10.25,2.09,0.000000,0.000000,4217.49
16.11,100008.13,40.41,110.22,9.69,0.11,1.73,-0.012,-0.064,-0.016,2.78,-11.21,2.54,0.000000,0.000000,4218.65
15.26,99858.22,40.40,122.84,9.68,0.14,1.79,-0.012,-0.057,-0.018,3.79,-10.73,1.18,0.000000,0.000000,4219.80
16.08,99998.95,40.42,110.99,9.67,0.12,1.72,-0.013,-0.060,-0.016,5.30,-12.16,0.28,0.000000,0.000000,4220.95
15.26,99858.06,40.41,122.85,9.67,0.12,1.76,-0.013,-0.062,-0.016,2.28,-9.78,-0.18,0.000000,0.000000,4222.11
16.13,100008.10,40.40,110.22,9.67,0.13,1.74,-0.013,-0.059,-0.018,3.79,-8.35,0.28,0.000000,0.000000,4223.26
15.25,99855.86,40.39,123.04,9.68,0.11,1.74,-0.012,-0.061,-0.016,2.28,-9.78,0.28,0.000000,0.000000,4224.41
16.10,100002.55,40.40,110.69,9.67,0.12,1.74,-0.012,-0.060,-0.016,2.78,-9.78,2.99,0.000000,0.000000,4225.57
15.27,99860.83,40.36,122.62,9.65,0.13,1.72,-0.013,-0.060,-0.017,2.28,-11.68,1.18,0.000000,0.000000,4226.72
16.19,100019.02,40.39,109.30,9.66,0.13,1.74,-0.012,-0.061,-0.016,3.29,-9.30,1.18,0.000000,0.000000,4227.87
15.32,99867.11,40.39,122.09,9.68,0.11,1.76,-0.012,-0.060,-0.017,3.29,-10.73,1.18,0.000000,0.000000,4229.03
16.21,100019.22,40.37,109.29,9.69,0.11,1.75,-0.013,-0.060,-0.017,2.28,-9.78,0.28,0.000000,0.000000,4230.18
15.26,99859.56,40.37,122.73,9.67,0.09,1.72,-0.013,-0.060,-0.017,3.79,-11.21,2.54,0.000000,0.000000,4231.33
16.09,100002.56,40.37,110.69,9.66,0.12,1.76,-0.012,-0.062,-0.016,2.28,-13.59,1.18,0.000000,0.000000,4232.49
15.24,99855.47,40.35,123.07,9.66,0.13,1.77,-0.012,-0.059,-0.017,2.28,-10.25,-0.63,0.000000,0.000000,4233.64
16.02,99990.36,40.33,111.72,9.67,0.11,1.72,-0.013,-0.061,-0.017,3.79,-11.21,1.63,0.000000,0.000000,4234.80
15.16,99843.96,40.38,124.04,9.69,0.14,1.78,-0.013,-0.061,-0.017,2.78,-12.64,0.73,0.000000,0.000000,4235.95
16.07,99995.87,40.34,111.10,9.66,0.12,1.75,-0.012,-0.059,-0.017,3.79,-9.78,1.63,0.000000,0.000000,4237.10
15.23,99852.98,40.35,123.28,9.68,0.12,1.74,-0.013,-0.062,-0.017,3.29,-11.21,0.73,0.000000,0.000000,4238.26
16.05,99996.80,40.38,111.17,9.66,0.14,1.76,-0.013,-0.060,-0.017,2.28,-9.78,0.28,0.000000,0.000000,4239.41
15.21,99852.96,40.35,123.28,9.66,0.12,1.74,-0.013,-0.060,-0.017,4.29,-9.78,2.09,0.000000,0.000000,4240.56
16.16,99995.27,40.36,111.30,9.69,0.13,1.75,-0.012,-0.060,-0.016,2.28,-11.21,1.63,0.000000,0.000000,4241.72
15.13,99840.38,40.35,124.35,9.67,0.12,1.75,-0.013,-0.059,-0.017,2.78,-9.78,0.28,0.000000,0.000000,4242.87
16.15,99994.55,40.35,111.36,9.68,0.13,1.76,-0.012,-0.060,-0.017,3.29,-10.73,1.63,0.000000,0.000000,4244.03
15.23,99853.07,40.35,123.28,9.66,0.11,1.74,-0.013,-0.060,-0.017,2.78,-13.59,0.28,0.000000,0.000000,4245.18
16.10,99988.03,40.36,111.91,9.68,0.13,1.76,-0.013,-0.060,-0.016,3.79,-10.25,2.09,0.000000,0.000000,4246.34
15.26,99860.16,40.34,122.68,9.68,0.14,1.73,-0.013,-0.060,-0.017,3.79,-10.25,-0.18,0.000000,0.000000,4247.49
16.12,99988.04,40.33,111.91,9.69,0.14,1.77,-0.013,-0.060,-0.016,3.29,-10.25,0.73,0.000000,0.000000,4248.64
15.34,99874.00,40.34,121.51,9.67,0.11,1.75,-0.012,-0.060,-0.017,4.29,-9.78,1.63,0.000000,0.000000,4249.80
16.04,99982.77,40.34,112.35,9.66,0.12,1.74,-0.013,-0.061,-0.016,3.29,-10.73,1.63,0.000000,0.000000,4250.95
15.38,99882.88,40.34,120.76,9.66,0.13,1.75,-0.013,-0.059,-0.017,1.78,-9.78,0.28,0.000000,0.000000,4252.11
16.07,99983.97,40.35,112.25,9.67,0.13,1.72,-0.011,-0.060,-0.016,3.79,-9.30,2.54,0.000000,0.000000,4253.26
15.53,99905.98,40.34,118.82,9.66,0.11,1.75,-0.012,-0.061,-0.017,2.28,-12.16,0.73,0.000000,0.000000,4254.41
15.89,99955.59,40.34,114.64,9.68,0.13,1.72,-0.012,-0.060,-0.016,2.78,-10.25,-0.63,0.000000,0.000000,4255.57
15.44,99891.50,40.33,120.04,9.67,0.13,1.77,-0.013,-0.061,-0.017,5.80,-10.25,1.63,0.000000,0.000000,4256.72
15.94,99963.95,40.35,113.94,9.68,0.13,1.77,-0.013,-0.060,-0.017,3.29,-12.64,2.99,0.000000,0.000000,4257.87
15.51,99901.19,40.35,119.22,9.67,0.12,1.74,-0.013,-0.060,-0.017,3.79,-10.73,3.90,0.000000,0.000000,4259.03
15.94,99961.02,40.32,114.18,9.67,0.13,1.76,-0.012,-0.062,-0.017,2.78,-12.16,2.99,0.000000,0.000000,4260.18
15.61,99918.84,40.32,117.74,9.69,0.11,1.75,-0.013,-0.060,-0.016,2.78,-9.78,0.73,0.000000,0.000000,4261.34
15.85,99948.06,40.33,115.27,9.68,0.13,1.74,-0.013,-0.060,-0.017,3.79,-9.78,2.54,0.000000,0.000000,4262.49
15.64,99927.14,40.34,117.04,9.69,0.13,1.76,-0.013,-0.060,-0.016,2.78,-11.68,0.28,0.000000,0.000000,4263.64
15.87,99956.36,40.32,114.58,9.69,0.10,1.79,-0.013,-0.060,-0.017,4.79,-10.25,1.63,0.000000,0.000000,4264.80
15.70,99935.85,40.34,116.30,9.64,0.12,1.75,-0.012,-0.060,-0.018,3.79,-11.68,1.18,0.000000,0.000000,4265.95
15.86,99952.03,40.32,114.94,9.65,0.08,1.70,-0.013,-0.065,-0.015,2.28,-10.25,-0.63,0.000000,0.000000,4267.11
15.76,99946.67,40.33,115.39,9.68,0.13,1.76,-0.012,-0.060,-0.016,3.79,-9.78,1.18,0.000000,0.000000,4268.26
15.85,99950.47,40.33,115.07,9.65,0.12,1.77,-0.011,-0.059,-0.018,0.77,-11.21,1.18,0.000000,0.000000,4269.41
15.71,99938.58,40.33,116.07,9.67,0.13,1.77,-0.013,-0.061,-0.017,3.29,-10.73,-1.08,0.000000,0.000000,4270.57
15.66,99920.91,40.30,117.56,9.69,0.12,1.75,-0.013,-0.061,-0.016,4.29,-10.73,2.99,0.000000,0.000000,4271.72
15.87,99963.17,40.34,114.00,9.67,0.13,1.73,-0.013,-0.059,-0.016,2.78,-11.21,2.54,0.000000,0.000000,4272.87
15.80,99940.97,40.33,115.87,9.67,0.12,1.73,-0.013,-0.060,-0.017,3.29,-9.30,2.09,0.000000,0.000000,4274.03
15.91,99969.48,40.32,113.47,9.68,0.12,1.76,-0.012,-0.061,-0.017,2.78,-11.68,0.28,0.000000,0.000000,4275.18
15.87,99953.09,40.31,114.85,9.69,0.12,1.74,-0.012,-0.059,-0.017,3.79,-9.30,1.18,0.000000,0.000000,4276.33
15.89,99968.84,40.36,113.53,9.67,0.11,1.75,-0.013,-0.060,-0.017,3.29,-10.73,1.18,0.000000,0.000000,4277.49
15.71,99931.01,40.33,116.71,9.67,0.13,1.77,-0.013,-0.061,-0.016,3.79,-10.73,0.28,0.000000,0.000000,4278.64
15.85,99965.39,40.33,113.82,9.68,0.12,1.76,-0.013,-0.061,-0.017,3.29,-9.30,3.44,0.000000,0.000000,4279.79
15.61,99914.77,40.33,118.08,9.68,0.11,1.76,-0.013,-0.060,-0.017,2.28,-11.21,1.18,0.000000,0.000000,4280.95
15.89,99970.03,40.33,113.43,9.68,0.11,1.74,-0.013,-0.062,-0.017,3.79,-10.73,2.54,0.000000,0.000000,4282.10
15.54,99904.33,40.31,118.96,9.69,0.12,1.75,-0.013,-0.061,-0.017,3.29,-11.68,2.09,0.000000,0.000000,4283.26
15.92,99975.93,40.34,112.93,9.70,0.12,1.73,-0.013,-0.058,-0.017,3.29,-10.73,1.18,0.000000,0.000000,4284.41
15.50,99898.11,40.32,119.48,9.66,0.11,1.75,-0.013,-0.060,-0.017,2.78,-9.78,2.09,0.000000,0.000000,4285.56
15.87,99968.20,40.33,113.58,9.68,0.13,1.76,-0.013,-0.062,-0.017,2.78,-11.21,2.09,0.000000,0.000000,4286.72
15.45,99888.61,40.31,120.28,9.67,0.12,1.77,-0.013,-0.060,-0.017,2.78,-10.73,1.63,0.000000,0.000000,4287.87
15.90,99973.99,40.32,113.09,9.67,0.13,1.77,-0.013,-0.060,-0.017,2.78,-9.78,2.09,0.000000,0.000000,4289.02
15.40,99882.34,40.32,120.81,9.68,0.14,1.79,-0.013,-0.062,-0.017,2.78,-12.64,1.63,0.000000,0.000000,4290.18
16.01,99992.09,40.32,111.57,9.69,0.14,1.73,-0.012,-0.058,-0.017,4.79,-9.30,0.73,0.000000,0.000000,4291.33
15.38,99877.69,40.32,121.20,9.68,0.14,1.76,-0.012,-0.060,-0.017,4.79,-11.68,1.18,0.000000,0.000000,4292.49
16.08,100003.53,40.31,110.61,9.66,0.12,1.76,-0.012,-0.062,-0.017,2.78,-10.25,1.63,0.000000,0.000000,4293.64
15.30,99867.27,40.31,122.08,9.66,0.13,1.72,-0.013,-0.060,-0.017,2.78,-10.25,1.63,0.000000,0.000000,4294.79
16.02,99990.55,40.32,111.70,9.67,0.12,1.76,-0.011,-0.061,-0.017,2.78,-12.64,1.18,0.000000,0.000000,4295.95
15.21,99852.98,40.31,123.28,9.66,0.13,1.76,-0.013,-0.060,-0.017,2.78,-9.78,2.09,0.000000,0.000000,4297.10
16.00,99987.43,40.31,111.96,9.67,0.12,1.74,-0.012,-0.060,-0.016,2.28,-10.25,0.73,0.000000,0.000000,4298.26
15.19,99848.04,40.33,123.70,9.66,0.13,1.75,-0.012,-0.060,-0.017,2.78,-10.73,0.28,0.000000,0.000000,4299.41
16.05,99998.38,40.33,111.04,9.67,0.11,1.72,-0.013,-0.062,-0.017,4.29,-9.78,2.99,0.000000,0.000000,4300.56
15.10,99835.48,40.30,124.76,9.67,0.11,1.77,-0.013,-0.062,-0.016,2.28,-12.64,1.18,0.000000,0.000000,4301.72
16.04,99997.97,40.31,111.08,9.66,0.13,1.74,-0.013,-0.059,-0.018,2.78,-9.78,2.09,0.000000,0.000000,4302.87
15.13,99842.88,40.31,124.13,9.67,0.11,1.71,-0.013,-0.071,-0.012,3.79,-9.78,1.18,0.000000,0.000000,4304.03
16.11,100006.53,40.31,110.35,9.67,0.15,1.71,-0.013,-0.056,-0.018,2.28,-12.16,0.28,0.000000,0.000000,4305.18
15.23,99856.58,40.31,122.98,9.70,0.11,1.82,-0.014,-0.069,-0.014,2.28,-10.25,1.63,0.000000,0.000000,4306.33
16.18,100018.11,40.32,109.38,9.68,0.12,1.74,-0.012,-0.056,-0.018,3.29,-11.68,0.73,0.000000,0.000000,4307.49
15.13,99840.22,40.31,124.36,9.65,0.11,1.71,-0.012,-0.062,-0.017,4.79,-9.78,1.63,0.000000,0.000000,4308.64
16.09,100003.01,40.33,110.65,9.68,0.11,1.78,-0.013,-0.068,-0.015,3.79,-10.25,2.99,0.000000,0.000000,4309.79
15.15,99846.16,40.32,123.86,9.66,0.11,1.70,-0.013,-0.060,-0.017,2.78,-9.78,0.28,0.000000,0.000000,4310.95
16.07,99987.71,40.31,110.90,9.70,0.14,1.82,-0.012,-0.062,-0.017,5.80,-9.78,2.09,0.000000,0.000000,4312.10
15.19,99848.89,40.32,123.63,9.69,0.13,1.86,-0.012,-0.066,-0.016,3.29,-13.11,1.63,0.000000,0.000000,4313.26
16.15,100016.41,40.32,109.52,9.65,0.10,1.66,-0.013,-0.070,-0.013,2.28,-10.73,2.09,0.000000,0.000000,4314.41
15.23,99860.42,40.34,122.66,9.69,0.17,1.82,-0.013,-0.069,-0.014,2.28,-10.25,2.54,0.000000,0.000000,4315.56
16.18,100005.52,40.34,110.44,9.65,0.10,1.62,-0.011,-0.057,-0.017,2.78,-9.78,-1.54,0.000000,0.000000,4316.72
15.26,99867.30,40.33,122.08,9.68,0.14,1.74,-0.013,-0.064,-0.016,5.30,-9.78,2.99,0.000000,0.000000,4317.87
16.24,100015.61,40.33,109.59,9.67,0.11,1.74,-0.013,-0.062,-0.017,2.78,-12.64,2.09,0.000000,0.000000,4319.03
15.40,99889.52,40.33,120.21,9.66,0.17,1.66,-0.012,-0.060,-0.016,3.29,-10.73,1.63,0.000000,0.000000,4320.18
16.21,100012.39,40.35,109.86,9.69,0.13,1.74,-0.013,-0.063,-0.015,2.78,-9.78,1.63,0.000000,0.000000,4321.33
15.48,99903.78,40.33,119.00,9.66,0.07,1.68,-0.012,-0.043,-0.022,1.78,-12.64,-0.18,0.000000,0.000000,4322.49
16.06,99987.92,40.34,111.92,9.69,0.11,1.73,-0.013,-0.059,-0.017,3.29,-9.30,1.63,0.000000,0.000000,4323.64
15.39,99889.83,40.35,120.18,9.66,0.10,1.69,-0.013,-0.059,-0.018,3.29,-11.21,1.63,0.000000,0.000000,4324.80
15.98,99977.64,40.33,112.79,9.69,0.11,1.71,-0.013,-0.062,-0.017,3.29,-9.78,0.28,0.000000,0.000000,4325.95
15.48,99906.13,40.33,118.81,9.69,0.09,1.70,-0.013,-0.046,-0.022,3.29,-9.30,0.73,0.000000,0.000000,4327.10
15.95,99969.66,40.36,113.46,9.68,0.13,1.71,-0.013,-0.063,-0.016,1.78,-10.73,0.28,0.000000,0.000000,4328.26
15.47,99903.72,40.34,119.01,9.69,0.14,1.73,-0.013,-0.056,-0.017,2.78,-10.25,1.63,0.000000,0.000000,4329.41
15.87,99958.08,40.33,114.43,9.67,0.11,1.64,-0.013,-0.058,-0.018,2.78,-11.68,2.09,0.000000,0.000000,4330.56
15.58,99925.39,40.36,117.18,9.68,0.13,1.76,-0.012,-0.060,-0.017,2.28,-11.68,1.63,0.000000,0.000000,4331.72
15.78,99946.22,40.34,115.43,9.65,0.13,1.73,-0.014,-0.057,-0.017,2.78,-9.78,2.54,0.000000,0.000000,4332.87
15.60,99926.67,40.35,117.08,9.69,0.12,1.75,-0.013,-0.061,-0.017,4.29,-11.68,0.73,0.000000,0.000000,4334.03
15.71,99937.00,40.34,116.21,9.66,0.13,1.74,-0.013,-0.060,-0.017,3.29,-10.73,0.28,0.000000,0.000000,4335.18
15.72,99948.48,40.37,115.24,9.70,0.12,1.72,-0.013,-0.059,-0.017,4.29,-9.78,1.18,0.000000,0.000000,4336.33
15.68,99930.19,40.35,116.78,9.66,0.11,1.72,-0.013,-0.059,-0.016,2.78,-12.16,1.63,0.000000,0.000000,4337.49
15.70,99946.36,40.37,115.42,9.68,0.13,1.73,-0.013,-0.060,-0.015,2.78,-10.25,-1.08,0.000000,0.000000,4338.64
15.66,99931.14,40.37,116.70,9.67,0.12,1.76,-0.013,-0.060,-0.017,3.79,-10.25,0.73,0.000000,0.000000,4339.80
15.88,99976.48,40.38,112.88,9.69,0.11,1.74,-0.012,-0.058,-0.017,2.28,-12.64,1.63,0.000000,0.000000,4340.95
15.70,99935.38,40.37,116.34,9.68,0.13,1.71,-0.012,-0.059,-0.017,3.29,-8.35,1.63,0.000000,0.000000,4342.10
16.04,100002.39,40.37,110.70,9.67,0.11,1.73,-0.012,-0.062,-0.017,5.30,-11.21,0.28,0.000000,0.000000,4343.26
15.58,99916.96,40.36,117.89,9.67,0.10,1.77,-0.013,-0.062,-0.017,2.28,-10.25,0.28,0.000000,0.000000,4344.41
16.02,100001.30,40.41,110.79,9.70,0.11,1.74,-0.013,-0.062,-0.015,3.79,-10.25,1.18,0.000000,0.000000,4345.57
15.56,99915.70,40.38,118.00,9.67,0.10,1.73,-0.013,-0.062,-0.016,2.78,-11.21,0.73,0.000000,0.000000,4346.72
15.98,99991.02,40.40,111.66,9.68,0.13,1.72,-0.013,-0.060,-0.018,2.28,-9.30,1.63,0.000000,0.000000,4347.87
15.35,99881.80,40.41,120.86,9.69,0.11,1.75,-0.013,-0.060,-0.016,2.78,-10.73,2.54,0.000000,0.000000,4349.03
16.04,100003.16,40.39,110.64,9.68,0.11,1.68,-0.013,-0.055,-0.018,3.29,-9.78,1.18,0.000000,0.000000,4350.18
15.27,99873.50,40.39,121.55,9.69,0.05,1.72,-0.012,-0.055,-0.019,3.79,-12.16,3.90,0.000000,0.000000,4351.34
16.04,100002.75,40.40,110.67,9.69,0.10,1.72,-0.013,-0.060,-0.017,1.78,-12.16,0.73,0.000000,0.000000,4352.49
15.20,99858.34,40.39,122.83,9.68,0.11,1.70,-0.013,-0.061,-0.017,2.28,-10.25,3.44,0.000000,0.000000,4353.64
16.07,100008.58,40.42,110.18,9.70,0.11,1.72,-0.013,-0.065,-0.015,3.79,-10.73,2.09,0.000000,0.000000,4354.80
15.23,99863.91,40.40,122.36,9.69,0.15,1.73,-0.013,-0.058,-0.017,2.78,-11.21,2.09,0.000000,0.000000,4355.95
16.14,100020.19,40.42,109.21,9.67,0.15,1.72,-0.012,-0.062,-0.017,2.78,-8.82,2.09,0.000000,0.000000,4357.11
15.22,99866.76,40.41,122.12,9.69,0.11,1.76,-0.012,-0.061,-0.016,3.79,-11.21,2.09,0.000000,0.000000,4358.26
16.08,100010.54,40.43,110.02,9.66,0.06,1.69,-0.014,-0.051,-0.019,2.78,-9.30,-0.18,0.000000,0.000000,4359.41
15.14,99853.69,40.41,123.22,9.74,0.28,2.02,-0.014,-0.054,-0.018,4.29,-11.21,1.63,0.000000,0.000000,4360.57
16.09,100012.58,40.40,109.85,9.73,0.11,1.78,-0.012,-0.063,-0.015,2.78,-10.25,0.28,0.000000,0.000000,4361.72
15.14,99852.97,40.42,123.28,9.71,0.11,1.77,-0.012,-0.066,-0.014,4.29,-9.78,2.09,0.000000,0.000000,4362.87
16.08,100011.30,40.41,110.95,9.68,0.10,1.72,-0.013,-0.065,-0.015,2.28,-9.30,0.28,0.000000,0.000000,4364.03
15.14,99854.30,40.44,123.17,9.75,0.17,1.75,-0.013,-0.072,-0.012,2.78,-9.78,-0.63,0.000000,0.000000,4365.18
16.09,100000.72,40.43,110.84,9.67,0.13,1.70,-0.012,-0.063,-0.016,4.29,-10.25,1.63,0.000000,0.000000,4366.34
15.11,99852.27,40.43,123.34,9.68,0.11,1.73,-0.013,-0.069,-0.014,2.78,-11.68,2.09,0.000000,0.000000,4367.49
15.98,99985.01,40.43,112.17,9.69,0.12,1.71,-0.013,-0.060,-0.017,2.78,-9.78,0.28,0.000000,0.000000,4368.64
15.16,99856.46,40.43,122.99,9.69,0.10,1.68,-0.012,-0.059,-0.017,3.79,-10.25,1.63,0.000000,0.000000,4369.80
15.97,99982.72,40.44,112.36,9.68,0.13,1.70,-0.013,-0.062,-0.016,2.78,-12.16,0.73,0.000000,0.000000,4370.95
15.19,99864.89,40.44,122.28,9.67,0.10,1.75,-0.012,-0.059,-0.020,2.28,-8.35,1.63,0.000000,0.000000,4372.11
15.99,99985.90,40.44,112.09,9.68,0.11,1.74,-0.013,-0.059,-0.017,4.79,-12.64,1.63,0.000000,0.000000,4373.26
15.34,99889.39,40.46,120.22,9.70,0.10,1.69,-0.013,-0.061,-0.016,2.78,-10.25,2.09,0.000000,0.000000,4374.41
15.88,99967.73,40.46,113.62,9.68,0.12,1.67,-0.013,-0.060,-0.015,2.78,-10.25,0.73,0.000000,0.000000,4375.57
15.27,99882.09,40.46,120.83,9.70,0.11,1.71,-0.012,-0.062,-0.016,2.78,-12.64,1.18,0.000000,0.000000,4376.72
15.89,99970.67,40.46,113.37,9.67,0.09,1.69,-0.013,-0.059,-0.018,3.29,-9.78,1.63,0.000000,0.000000,4377.87
15.36,99895.73,40.47,119.68,9.69,0.11,1.71,-0.014,-0.060,-0.017,3.79,-12.16,1.18,0.000000,0.000000,4379.03
15.78,99954.80,40.46,114.71,9.67,0.11,1.71,-0.012,-0.060,-0.017,2.78,-10.73,-1.54,0.000000,0.000000,4380.18
15.41,99905.15,40.49,118.89,9.68,0.11,1.70,-0.011,-0.060,-0.016,4.29,-11.21,2.09,0.000000,0.000000,4381.34
15.75,99950.29,40.47,115.09,9.68,0.11,1.68,-0.012,-0.059,-0.017,3.29,-10.73,2.09,0.000000,0.000000,4382.49
15.45,99912.90,40.49,118.24,9.68,0.12,1.66,-0.013,-0.060,-0.017,3.29,-10.73,1.63,0.000000,0.000000,4383.64
15.72,99946.33,40.48,115.42,9.66,0.12,1.67,-0.013,-0.060,-0.017,3.29,-11.68,2.54,0.000000,0.000000,4384.80
15.65,99943.71,40.51,115.64,9.65,0.10,1.71,-0.013,-0.062,-0.016,2.28,-12.64,1.18,0.000000,0.000000,4385.95
15.69,99940.98,40.48,115.87,9.61,0.00,1.69,-0.012,-0.012,-0.032,4.29,-9.78,0.28,0.000000,0.000000,4387.10
15.61,99940.78,40.49,115.89,9.69,0.11,1.73,-0.014,-0.069,-0.013,3.29,-10.73,2.09,0.000000,0.000000,4388.26
15.67,99938.33,40.50,116.09,9.67,0.11,1.73,-0.013,-0.060,-0.017,2.28,-9.78,1.18,0.000000,0.000000,4389.41
15.58,99934.16,40.50,116.45,9.67,0.10,1.73,-0.013,-0.061,-0.017,2.78,-13.59,2.09,0.000000,0.000000,4390.57
15.63,99928.75,40.49,116.90,9.69,0.11,1.72,-0.013,-0.061,-0.017,2.78,-10.25,0.73,0.000000,0.000000,4391.72
15.69,99954.07,40.50,114.77,9.68,0.13,1.68,-0.013,-0.062,-0.017,4.29,-10.25,0.28,0.000000,0.000000,4392.87
15.57,99921.94,40.50,117.48,9.66,0.14,1.71,-0.013,-0.060,-0.018,3.29,-12.64,1.18,0.000000,0.000000,4394.03
15.71,99957.25,40.52,114.50,9.71,0.15,1.73,-0.012,-0.062,-0.016,4.79,-9.78,0.28,0.000000,0.000000,4395.18
15.49,99912.99,40.50,118.23,9.66,0.11,1.79,-0.013,-0.058,-0.019,2.78,-12.16,1.18,0.000000,0.000000,4396.33
15.70,99957.80,40.51,114.46,9.68,0.12,1.68,-0.013,-0.058,-0.018,2.78,-10.25,-0.18,0.000000,0.000000,4397.49
15.43,99902.60,40.51,119.10,9.65,0.11,1.71,-0.013,-0.062,-0.015,3.29,-11.21,0.28,0.000000,0.000000,4398.64
15.79,99970.94,40.53,113.35,9.69,0.11,1.70,-0.012,-0.059,-0.017,3.29,-12.64,0.73,0.000000,0.000000,4399.80
15.42,99903.64,40.51,119.02,9.66,0.12,1.67,-0.013,-0.060,-0.017,3.29,-9.30,0.73,0.000000,0.000000,4400.95
15.82,99975.21,40.52,112.99,9.69,0.13,1.84,-0.012,-0.056,-0.018,3.29,-12.64,1.18,0.000000,0.000000,4402.10
15.31,99884.30,40.54,120.64,9.67,0.11,1.70,-0.013,-0.057,-0.017,2.78,-9.78,0.28,0.000000,0.000000,4403.26
15.90,99988.92,40.55,111.84,9.66,0.12,1.71,-0.012,-0.056,-0.017,3.79,-8.82,2.09,0.000000,0.000000,4404.41
15.29,99879.63,40.51,121.04,9.66,0.14,1.69,-0.012,-0.050,-0.019,2.28,-12.64,2.09,0.000000,0.000000,4405.57
16.01,100007.38,40.53,110.28,9.67,0.13,1.75,-0.013,-0.062,-0.016,1.78,-9.78,2.09,0.000000,0.000000,4406.72
15.16,99861.53,40.53,122.56,9.67,0.12,1.76,-0.014,-0.061,-0.016,3.79,-11.21,2.09,0.000000,0.000000,4407.87
15.96,100000.20,40.53,110.89,9.68,0.12,1.73,-0.012,-0.060,-0.017,2.78,-11.68,-0.63,0.000000,0.000000,4409.03
15.13,99860.06,40.53,122.69,9.65,0.10,1.72,-0.013,-0.061,-0.017,3.79,-11.68,2.54,0.000000,0.000000,4410.18
15.93,99997.27,40.53,111.13,9.67,0.12,1.76,-0.013,-0.062,-0.017,2.28,-9.30,0.73,0.000000,0.000000,4411.33
15.11,99854.45,40.53,123.16,9.69,0.13,1.74,-0.013,-0.061,-0.017,2.78,-9.78,-1.08,0.000000,0.000000,4412.49
15.91,99992.34,40.54,111.55,9.67,0.12,1.77,-0.013,-0.060,-0.017,2.78,-9.78,4.35,0.000000,0.000000,4413.64
15.06,99845.27,40.54,123.93,9.66,0.13,1.79,-0.013,-0.060,-0.017,3.79,-10.73,1.18,0.000000,0.000000,4414.80
15.83,99980.66,40.56,112.53,9.73,0.11,1.79,-0.014,-0.072,-0.013,2.78,-10.73,0.28,0.000000,0.000000,4415.95
15.09,99850.02,40.57,123.53,9.69,0.13,1.73,-0.013,-0.057,-0.018,2.78,-11.21,1.18,0.000000,0.000000,4417.10
15.98,100003.52,40.56,110.61,9.66,0.13,1.71,-0.013,-0.060,-0.016,2.78,-10.25,-0.18,0.000000,0.000000,4418.26
15.02,99842.89,40.56,124.13,9.69,0.13,1.72,-0.012,-0.066,-0.015,3.29,-9.30,2.54,0.000000,0.000000,4419.41
15.90,99989.77,40.52,111.76,9.70,0.10,1.78,-0.013,-0.082,-0.010,2.78,-9.78,0.28,0.000000,0.000000,4420.56
14.93,99829.75,40.55,125.24,9.71,0.08,1.69,-0.012,-0.059,-0.018,2.78,-10.73,1.63,0.000000,0.000000,4421.72
15.81,99979.33,40.55,112.93,9.69,0.11,1.75,-0.013,-0.064,-0.015,3.29,-11.68,2.09,0.000000,0.000000,4422.87
14.96,99833.78,40.54,124.90,9.70,0.10,1.68,-0.012,-0.061,-0.017,2.28,-12.64,3.90,0.000000,0.000000,4424.03
15.95,99986.01,40.57,112.08,9.70,0.10,1.74,-0.012,-0.061,-0.016,3.79,-10.25,2.99,0.000000,0.000000,4425.18
15.03,99844.11,40.57,124.03,9.68,0.09,1.74,-0.013,-0.061,-0.016,4.29,-10.73,2.99,0.000000,0.000000,4426.34
16.02,99997.66,40.56,111.10,9.72,0.13,1.73,-0.013,-0.065,-0.017,2.78,-10.25,1.18,0.000000,0.000000,4427.49
15.12,99860.49,40.57,122.65,9.67,0.10,1.71,-0.013,-0.058,-0.017,3.29,-11.21,2.54,0.000000,0.000000,4428.64
16.01,99994.94,40.57,111.33,9.68,0.10,1.72,-0.013,-0.061,-0.017,2.78,-10.73,0.28,0.000000,0.000000,4429.80
15.18,99869.14,40.58,121.92,9.66,0.12,1.65,-0.013,-0.060,-0.017,2.28,-10.25,-0.18,0.000000,0.000000,4430.95
16.04,100004.23,40.58,110.55,9.69,0.10,1.71,-0.013,-0.058,-0.018,4.29,-10.73,-0.18,0.000000,0.000000,4432.11
15.32,99892.63,40.60,119.94,9.67,0.12,1.74,-0.013,-0.062,-0.017,3.29,-12.16,1.63,0.000000,0.000000,4433.26
16.00,99997.78,40.59,111.09,9.68,0.15,1.78,-0.013,-0.057,-0.017,3.29,-9.78,2.09,0.000000,0.000000,4434.41
15.36,99904.31,40.60,118.96,9.65,0.10,1.69,-0.014,-0.063,-0.016,2.78,-10.73,2.09,0.000000,0.000000,4435.57
15.89,99977.80,40.58,112.77,9.68,0.15,1.75,-0.013,-0.060,-0.017,2.78,-10.25,-0.63,0.000000,0.000000,4436.72
15.45,99915.21,40.59,118.04,9.68,0.13,1.77,-0.013,-0.059,-0.018,3.79,-10.73,3.44,0.000000,0.000000,4437.88
15.81,99965.55,40.59,113.80,9.70,0.15,1.71,-0.013,-0.063,-0.015,2.78,-11.21,-0.18,0.000000,0.000000,4439.03
15.58,99940.92,40.60,115.88,9.69,0.13,1.77,-0.013,-0.059,-0.017,3.29,-9.78,1.18,0.000000,0.000000,4440.18
15.75,99958.81,40.60,114.37,9.69,0.12,1.77,-0.013,-0.058,-0.017,3.29,-11.21,2.54,0.000000,0.000000,4441.34
15.61,99945.36,40.63,115.50,9.68,0.12,1.72,-0.012,-0.055,-0.019,2.78,-12.16,-1.08,0.000000,0.000000,4442.49
15.55,99928.13,40.61,116.95,9.68,0.13,1.74,-0.013,-0.061,-0.017,2.78,-10.25,1.18,0.000000,0.000000,4443.65
15.82,99979.77,40.60,112.61,9.66,0.12,1.76,-0.013,-0.060,-0.016,2.78,-9.78,1.18,0.000000,0.000000,4444.80
15.49,99918.02,40.61,117.81,9.69,0.10,1.76,-0.012,-0.061,-0.016,2.28,-11.21,0.28,0.000000,0.000000,4445.95
15.81,99979.80,40.61,112.60,9.70,0.15,1.77,-0.014,-0.060,-0.017,3.29,-9.78,1.63,0.000000,0.000000,4447.11
15.37,99900.53,40.61,119.28,9.67,0.14,1.76,-0.013,-0.059,-0.017,3.79,-11.21,0.73,0.000000,0.000000,4448.26
15.97,100002.00,40.61,110.74,9.67,0.11,1.73,-0.013,-0.058,-0.017,2.78,-10.73,-1.54,0.000000,0.000000,4449.42
15.25,99880.44,40.62,120.97,9.68,0.11,1.74,-0.013,-0.061,-0.017,3.79,-9.30,2.09,0.000000,0.000000,4450.57
15.97,100003.41,40.62,110.62,9.67,0.10,1.73,-0.013,-0.058,-0.017,3.29,-11.68,0.28,0.000000,0.000000,4451.72
15.22,99875.61,40.64,121.38,9.66,0.12,1.75,-0.013,-0.062,-0.016,2.28,-10.73,-1.08,0.000000,0.000000,4452.88
16.02,100012.92,40.63,109.82,9.66,0.11,1.75,-0.013,-0.059,-0.017,3.79,-9.78,0.73,0.000000,0.000000,4454.03
15.13,99858.64,40.63,122.81,9.70,0.11,1.72,-0.013,-0.061,-0.016,3.29,-11.68,0.28,0.000000,0.000000,4455.19
15.90,99993.83,40.63,111.42,9.67,0.11,1.74,-0.012,-0.062,-0.015,3.79,-9.30,0.73,0.000000,0.000000,4456.34
15.01,99841.59,40.64,124.24,9.67,0.12,1.73,-0.013,-0.060,-0.017,1.78,-10.73,1.63,0.000000,0.000000,4457.49
15.94,99998.48,40.64,111.03,9.69,0.16,1.73,-0.013,-0.059,-0.017,2.78,-10.25,-0.18,0.000000,0.000000,4458.65
14.94,99832.34,40.63,125.02,9.67,0.16,1.72,-0.012,-0.060,-0.017,3.79,-8.82,2.54,0.000000,0.000000,4459.80
15.90,99991.11,40.63,111.65,9.66,0.15,1.72,-0.013,-0.058,-0.017,1.78,-11.68,1.18,0.000000,0.000000,4460.96
14.96,99836.52,40.64,124.67,9.67,0.10,1.74,-0.013,-0.060,-0.016,2.28,-9.78,-1.54,0.000000,0.000000,4462.11
15.80,99976.06,40.65,112.80,9.66,0.08,1.74,-0.012,-0.059,-0.017,3.29,-10.25,1.63,0.000000,0.000000,4463.26
14.90,99827.06,40.63,125.47,9.67,0.10,1.74,-0.013,-0.061,-0.016,2.78,-11.21,1.18,0.000000,0.000000,4464.42
15.88,99981.39,40.64,112.47,9.69,0.16,1.70,-0.013,-0.082,-0.010,3.29,-9.78,2.54,0.000000,0.000000,4465.57
14.91,99828.23,40.66,125.37,9.70,0.15,1.78,-0.013,-0.072,-0.013,3.79,-11.68,1.63,0.000000,0.000000,4466.72
15.88,99979.73,40.65,112.61,9.67,0.12,1.77,-0.011,-0.057,-0.018,3.29,-9.78,1.18,0.000000,0.000000,4467.88
14.98,99841.75,40.68,124.23,9.65,0.14,1.72,-0.013,-0.061,-0.017,3.29,-10.73,2.09,0.000000,0.000000,4469.03
15.90,99985.01,40.65,112.17,9.67,0.11,1.72,-0.013,-0.062,-0.017,1.78,-10.25,0.28,0.000000,0.000000,4470.19
15.01,99849.12,40.66,123.61,9.67,0.10,1.72,-0.012,-0.061,-0.017,2.78,-10.73,0.73,0.000000,0.000000,4471.34
15.82,99968.61,40.68,113.55,9.68,0.12,1.72,-0.013,-0.062,-0.017,4.29,-10.73,1.18,0.000000,0.000000,4472.49
15.06,99858.44,40.66,122.82,9.69,0.10,1.77,-0.012,-0.062,-0.016,3.29,-12.16,0.73,0.000000,0.000000,4473.65
15.82,99971.85,40.69,113.27,9.69,0.13,1.74,-0.013,-0.060,-0.017,3.29,-9.78,2.09,0.000000,0.000000,4474.80
15.11,99867.29,40.66,122.08,9.69,0.11,1.74,-0.012,-0.061,-0.017,2.28,-11.21,1.63,0.000000,0.000000,4475.96
15.70,99952.03,40.68,114.94,9.69,0.12,1.72,-0.013,-0.062,-0.017,2.78,-10.25,-0.18,0.000000,0.000000,4477.11
15.25,99889.77,40.68,120.18,9.67,0.13,1.72,-0.014,-0.062,-0.015,4.29,-10.25,1.63,0.000000,0.000000,4478.26
15.69,99948.75,40.66,115.22,9.69,0.11,1.76,-0.013,-0.061,-0.016,3.29,-12.16,2.54,0.000000,0.000000,4479.42
15.32,99902.27,40.67,119.13,9.66,0.12,1.75,-0.013,-0.062,-0.015,3.29,-10.73,-0.63,0.000000,0.000000,4480.57
15.65,99946.05,40.67,115.45,9.68,0.14,1.75,-0.012,-0.062,-0.015,3.79,-11.21,2.54,0.000000,0.000000,4481.73
15.33,99904.36,40.66,118.96,9.66,0.08,1.71,-0.012,-0.051,-0.019,2.28,-12.16,3.90,0.000000,0.000000,4482.88
15.59,99936.79,40.68,116.22,9.69,0.13,1.73,-0.012,-0.062,-0.015,4.29,-9.30,2.54,0.000000,0.000000,4484.03
15.47,99927.40,40.68,117.01,9.67,0.09,1.58,-0.014,-0.060,-0.017,1.27,-11.21,2.09,0.000000,0.000000,4485.19
15.40,99906.02,40.67,118.82,9.72,0.12,1.77,-0.013,-0.063,-0.016,2.78,-10.25,-0.18,0.000000,0.000000,4486.34
15.58,99947.31,40.68,115.34,9.68,0.10,1.73,-0.013,-0.067,-0.015,5.30,-9.30,2.09,0.000000,0.000000,4487.50
15.35,99900.87,40.68,119.25,9.68,0.13,1.76,-0.013,-0.061,-0.016,1.78,-13.59,0.73,0.000000,0.000000,4488.65
15.65,99956.39,40.68,114.57,9.70,0.13,1.73,-0.013,-0.061,-0.017,3.29,-10.73,2.09,0.000000,0.000000,4489.80
15.25,99887.10,40.68,120.41,9.68,0.12,1.72,-0.012,-0.061,-0.017,3.29,-11.68,1.18,0.000000,0.000000,4490.96
15.71,99970.70,40.69,113.37,9.67,0.11,1.74,-0.013,-0.060,-0.017,2.28,-9.78,0.73,0.000000,0.000000,4492.11
15.15,99870.73,40.69,121.79,9.67,0.09,1.74,-0.013,-0.062,-0.016,2.78,-9.78,1.63,0.000000,0.000000,4493.26
15.64,99956.17,40.74,114.59,9.67,0.12,1.78,-0.012,-0.057,-0.017,3.29,-12.16,1.63,0.000000,0.000000,4494.42
14.96,99838.27,40.68,124.52,9.66,0.14,1.74,-0.012,-0.060,-0.018,2.78,-9.78,2.09,0.000000,0.000000,4495.57
15.77,99977.77,40.69,112.78,9.67,0.12,1.74,-0.013,-0.060,-0.018,3.79,-9.30,1.63,0.000000,0.000000,4496.73
15.14,99867.20,40.70,122.08,9.67,0.09,1.70,-0.013,-0.060,-0.016,2.28,-11.21,1.18,0.000000,0.000000,4497.88
15.75,99977.89,40.72,112.76,9.69,0.10,1.76,-0.012,-0.064,-0.016,3.29,-10.25,2.54,0.000000,0.000000,4499.04
15.01,99846.36,40.72,123.84,9.71,0.11,1.75,-0.013,-0.059,-0.015,4.29,-11.21,1.18,0.000000,0.000000,4500.19
15.81,99986.14,40.71,112.07,9.69,0.13,1.81,-0.013,-0.059,-0.018,2.78,-10.25,0.73,0.000000,0.000000,4501.34
14.82,99819.55,40.73,126.10,9.69,0.11,1.71,-0.012,-0.055,-0.018,4.79,-9.30,0.73,0.000000,0.000000,4502.50
15.78,99981.16,40.71,112.49,9.68,0.09,1.72,-0.013,-0.059,-0.016,2.78,-11.68,-0.18,0.000000,0.000000,4503.65
14.89,99830.08,40.69,125.21,9.68,0.12,1.73,-0.013,-0.061,-0.016,2.78,-10.25,0.73,0.000000,0.000000,4504.81
15.83,99990.09,40.71,111.74,9.67,0.17,1.71,-0.012,-0.061,-0.016,3.79,-11.68,2.54,0.000000,0.000000,4505.96
14.83,99819.82,40.70,126.08,9.68,0.11,1.73,-0.012,-0.053,-0.019,3.29,-9.78,1.18,0.000000,0.000000,4507.11
15.79,99979.84,40.70,113.32,9.67,0.12,1.74,-0.014,-0.062,-0.016,3.79,-9.78,1.18,0.000000,0.000000,4508.27
14.81,99820.83,40.70,125.99,9.68,0.12,1.73,-0.013,-0.059,-0.018,3.29,-11.21,2.09,0.000000,0.000000,4509.42
15.78,99969.73,40.71,113.45,9.67,0.09,1.73,-0.013,-0.061,-0.017,1.78,-9.78,1.18,0.000000,0.000000,4510.57
14.88,99830.17,40.70,125.20,9.67,0.13,1.73,-0.011,-0.060,-0.017,3.29,-9.78,2.09,0.000000,0.000000,4511.73
15.77,99968.59,40.70,113.55,9.66,0.11,1.75,-0.012,-0.059,-0.017,2.28,-11.21,0.28,0.000000,0.000000,4512.88
15.00,99850.66,40.71,123.48,9.67,0.11,1.76,-0.013,-0.060,-0.016,2.78,-10.73,-1.08,0.000000,0.000000,4514.04
15.71,99958.76,40.70,114.38,9.68,0.13,1.71,-0.013,-0.062,-0.016,1.78,-10.25,1.63,0.000000,0.000000,4515.19
14.99,99851.41,40.71,123.42,9.68,0.13,1.73,-0.012,-0.059,-0.017,2.28,-13.59,2.09,0.000000,0.000000,4516.35
15.65,99949.22,40.70,115.18,9.67,0.13,1.72,-0.013,-0.060,-0.017,3.29,-9.78,1.18,0.000000,0.000000,4517.50
15.03,99859.19,40.71,122.76,9.69,0.07,1.72,-0.013,-0.062,-0.017,3.29,-10.73,2.09,0.000000,0.000000,4518.65
15.60,99941.01,40.71,115.87,9.67,0.11,1.84,-0.014,-0.064,-0.015,2.78,-10.73,0.28,0.000000,0.000000,4519.81
14.66,99798.98,40.70,127.83,9.71,0.12,1.74,-0.013,-0.058,-0.017,3.29,-10.25,2.09,0.000000,0.000000,4520.96
15.10,99859.98,40.71,122.69,9.66,0.11,1.73,-0.013,-0.060,-0.017,2.78,-11.21,2.54,0.000000,0.000000,4522.12
14.62,99795.00,40.71,128.17,9.70,0.14,1.71,-0.013,-0.064,-0.016,2.28,-10.25,-0.63,0.000000,0.000000,4523.27
15.24,99884.73,40.71,120.61,9.68,0.17,1.72,-0.014,-0.063,-0.015,3.29,-11.21,2.09,0.000000,0.000000,4524.42
14.71,99809.22,40.73,126.97,9.67,0.15,1.74,-0.013,-0.059,-0.017,2.78,-13.11,2.54,0.000000,0.000000,4525.58
15.08,99861.36,40.69,122.58,9.68,0.13,1.74,-0.013,-0.060,-0.017,3.79,-10.25,2.54,0.000000,0.000000,4526.73
14.75,99817.09,40.71,126.31,9.66,0.10,1.69,-0.013,-0.063,-0.016,4.29,-10.25,-0.18,0.000000,0.000000,4527.89
15.19,99876.73,40.69,121.28,9.70,0.16,1.68,-0.013,-0.067,-0.015,2.78,-11.21,0.73,0.000000,0.000000,4529.04
14.79,99825.94,40.71,125.56,9.65,0.07,1.69,-0.013,-0.064,-0.016,3.29,-10.25,2.54,0.000000,0.000000,4530.19
15.14,99871.28,40.72,121.74,9.67,0.13,1.75,-0.013,-0.066,-0.016,1.27,-11.21,1.63,0.000000,0.000000,4531.35
14.87,99833.47,40.72,124.93,9.68,0.12,1.74,-0.012,-0.056,-0.018,2.78,-10.25,0.28,0.000000,0.000000,4532.50
15.14,99872.02,40.72,121.68,9.68,0.15,1.75,-0.012,-0.060,-0.018,2.78,-11.21,2.54,0.000000,0.000000,4533.65
14.96,99852.16,40.72,123.35,9.69,0.10,1.74,-0.012,-0.062,-0.016,3.29,-11.21,2.54,0.000000,0.000000,4534.81
15.12,99867.99,40.72,122.02,9.68,0.11,1.74,-0.013,-0.060,-0.017,3.29,-8.82,2.09,0.000000,0.000000,4535.96
14.95,99851.72,40.73,123.39,9.68,0.12,1.75,-0.012,-0.060,-0.017,2.78,-12.16,2.09,0.000000,0.000000,4537.12
15.07,99861.48,40.73,122.57,9.67,0.13,1.74,-0.012,-0.062,-0.017,3.29,-10.73,-0.63,0.000000,0.000000,4538.27
14.96,99852.75,40.73,123.30,9.68,0.10,1.74,-0.013,-0.060,-0.016,4.79,-9.78,1.18,0.000000,0.000000,4539.42
15.07,99860.00,40.71,122.69,9.68,0.11,1.76,-0.012,-0.059,-0.017,1.27,-11.68,3.44,0.000000,0.000000,4540.58
15.03,99863.11,40.76,122.43,9.69,0.11,1.73,-0.013,-0.061,-0.017,3.29,-9.78,1.18,0.000000,0.000000,4541.73
15.10,99863.49,40.74,122.40,9.66,0.13,1.76,-0.012,-0.060,-0.017,2.78,-10.25,3.44,0.000000,0.000000,4542.89
15.07,99869.98,40.73,121.85,9.68,0.14,1.76,-0.012,-0.060,-0.016,3.29,-13.11,1.63,0.000000,0.000000,4544.04
14.82,99818.88,40.73,126.16,9.67,0.11,1.73,-0.013,-0.060,-0.016,3.29,-10.73,2.54,0.000000,0.000000,4545.19
15.02,99865.96,40.73,122.19,9.66,0.12,1.78,-0.012,-0.062,-0.015,3.29,-11.21,1.63,0.000000,0.000000,4546.35
14.85,99825.53,40.75,125.60,9.65,0.12,1.72,-0.013,-0.059,-0.017,2.28,-12.64,1.18,0.000000,0.000000,4547.50
15.06,99873.52,40.74,121.55,9.67,0.12,1.76,-0.012,-0.062,-0.017,3.29,-9.78,1.63,0.000000,0.000000,4548.66
14.94,99840.56,40.73,124.33,9.69,0.12,1.75,-0.012,-0.060,-0.017,2.28,-12.64,2.99,0.000000,0.000000,4549.81
15.05,99870.23,40.75,121.83,9.66,0.12,1.72,-0.013,-0.060,-0.017,2.78,-10.25,2.54,0.000000,0.000000,4550.96
14.78,99816.41,40.73,126.36,9.68,0.13,1.75,-0.013,-0.060,-0.017,2.28,-9.78,2.09,0.000000,0.000000,4552.12
15.02,99864.48,40.73,122.31,9.67,0.13,1.75,-0.012,-0.060,-0.017,3.29,-11.68,1.63,0.000000,0.000000,4553.27
14.81,99820.25,40.75,126.04,9.69,0.10,1.73,-0.013,-0.059,-0.016,2.78,-10.73,1.18,0.000000,0.000000,4554.43
15.04,99868.27,40.73,121.99,9.66,0.14,1.83,-0.012,-0.066,-0.015,3.29,-11.21,2.09,0.000000,0.000000,4555.58
14.90,99834.46,40.73,124.84,9.68,0.12,1.76,-0.013,-0.057,-0.018,2.78,-10.25,0.73,0.000000,0.000000,4556.73
15.10,99876.75,40.74,121.28,9.66,0.12,1.76,-0.012,-0.061,-0.016,3.29,-9.30,1.63,0.000000,0.000000,4557.89
14.77,99817.02,40.72,126.31,9.69,0.10,1.75,-0.013,-0.062,-0.016,2.78,-11.68,1.63,0.000000,0.000000,4559.04
15.00,99861.81,40.74,122.54,9.67,0.12,1.79,-0.013,-0.062,-0.016,3.79,-11.21,-0.63,0.000000,0.000000,4560.20
14.68,99799.65,40.75,127.78,9.68,0.12,1.76,-0.012,-0.059,-0.018,2.28,-11.21,1.63,0.000000,0.000000,4561.35
15.03,99869.02,40.74,121.93,9.68,0.12,1.73,-0.014,-0.060,-0.017,2.78,-9.78,0.73,0.000000,0.000000,4562.50
14.67,99799.35,40.73,127.80,9.68,0.12,1.74,-0.013,-0.061,-0.017,3.79,-9.78,2.09,0.000000,0.000000,4563.66
15.10,99879.33,40.73,121.06,9.67,0.13,1.77,-0.012,-0.060,-0.016,3.79,-11.68,-0.18,0.000000,0.000000,4564.81
14.77,99814.88,40.72,126.49,9.68,0.12,1.74,-0.012,-0.060,-0.017,2.78,-13.11,2.09,0.000000,0.000000,4565.97
15.04,99871.36,40.73,121.73,9.68,0.13,1.74,-0.012,-0.061,-0.017,3.79,-9.78,3.90,0.000000,0.000000,4567.12
14.74,99813.27,40.73,126.63,9.67,0.14,1.77,-0.014,-0.073,-0.013,3.29,-11.68,1.63,0.000000,0.000000,4568.27
15.17,99889.50,40.75,120.21,9.72,0.13,1.81,-0.013,-0.060,-0.017,2.78,-10.25,1.18,0.000000,0.000000,4569.43
14.71,99806.73,40.73,127.18,9.64,0.10,1.70,-0.012,-0.048,-0.020,2.28,-11.68,1.63,0.000000,0.000000,4570.58
15.07,99874.17,40.74,121.50,9.67,0.13,1.75,-0.013,-0.062,-0.017,2.78,-14.07,1.63,0.000000,0.000000,4571.74
14.67,99800.92,40.77,127.67,9.66,0.11,1.69,-0.012,-0.062,-0.015,3.29,-8.82,1.63,0.000000,0.000000,4572.89
15.36,99920.34,40.74,117.61,9.68,0.10,1.74,-0.014,-0.062,-0.016,5.80,-10.73,0.73,0.000000,0.000000,4574.04
14.82,99822.47,40.74,125.85,9.67,0.11,1.74,-0.013,-0.062,-0.017,2.78,-9.78,-0.63,0.000000,0.000000,4575.20
15.39,99926.42,40.76,117.10,9.69,0.11,1.74,-0.013,-0.061,-0.016,2.28,-11.21,2.54,0.000000,0.000000,4576.35
14.65,99795.33,40.77,128.14,9.68,0.11,1.75,-0.012,-0.061,-0.017,2.28,-10.25,1.63,0.000000,0.000000,4577.51
15.37,99926.95,40.75,117.05,9.68,0.13,1.74,-0.012,-0.061,-0.015,3.29,-10.25,0.28,0.000000,0.000000,4578.66
14.56,99782.48,40.74,129.22,9.69,0.13,1.72,-0.013,-0.059,-0.016,2.78,-9.30,2.54,0.000000,0.000000,4579.81
15.30,99912.20,40.77,118.29,9.69,0.12,1.75,-0.013,-0.060,-0.017,2.78,-11.68,2.09,0.000000,0.000000,4580.97
14.58,99788.40,40.76,128.73,9.67,0.12,1.72,-0.013,-0.061,-0.017,3.79,-10.25,2.09,0.000000,0.000000,4582.12
15.23,99903.91,40.77,118.99,9.70,0.12,1.79,-0.012,-0.066,-0.014,4.29,-12.16,1.63,0.000000,0.000000,4583.28
14.38,99756.16,40.75,131.44,9.67,0.14,1.71,-0.012,-0.058,-0.017,3.29,-10.25,3.44,0.000000,0.000000,4584.43
15.24,99905.28,40.76,118.88,9.66,0.13,1.72,-0.012,-0.061,-0.018,3.79,-9.30,2.09,0.000000,0.000000,4585.58
14.37,99754.53,40.78,131.58,9.67,0.13,1.72,-0.012,-0.067,-0.015,2.78,-11.68,-0.18,0.000000,0.000000,4586.74
15.21,99899.70,40.77,119.35,9.69,0.13,1.76,-0.012,-0.063,-0.015,2.78,-9.78,2.09,0.000000,0.000000,4587.89
14.37,99752.39,40.76,131.76,9.66,0.13,1.75,-0.013,-0.060,-0.018,3.79,-9.30,0.28,0.000000,0.000000,4589.04
15.36,99922.27,40.77,117.45,9.66,0.12,1.73,-0.014,-0.058,-0.017,2.78,-11.21,0.28,0.000000,0.000000,4590.20
14.35,99751.82,40.77,131.81,9.68,0.12,1.70,-0.011,-0.060,-0.016,2.78,-11.21,2.54,0.000000,0.000000,4591.35
15.32,99916.55,40.80,117.93,9.69,0.13,1.76,-0.013,-0.061,-0.017,3.79,-10.25,-1.08,0.000000,0.000000,4592.51
14.39,99760.38,40.79,131.09,9.69,0.13,1.72,-0.013,-0.061,-0.016,3.79,-10.25,2.54,0.000000,0.000000,4593.66
15.29,99912.57,40.80,118.26,9.65,0.13,1.73,-0.013,-0.060,-0.016,4.79,-10.73,2.09,0.000000,0.000000,4594.82
14.19,99726.03,40.77,133.98,9.66,0.13,1.72,-0.013,-0.060,-0.017,2.78,-11.68,1.63,0.000000,0.000000,4595.97
15.15,99890.41,40.78,120.13,9.67,0.11,1.72,-0.012,-0.060,-0.016,2.28,-9.30,0.28,0.000000,0.000000,4597.12
14.36,99754.39,40.78,131.59,9.68,0.13,1.74,-0.012,-0.059,-0.017,2.78,-10.73,1.18,0.000000,0.000000,4598.28
15.27,99908.02,40.78,118.65,9.68,0.13,1.73,-0.013,-0.060,-0.017,2.78,-11.21,-0.18,0.000000,0.000000,4599.43
14.35,99752.16,40.77,131.78,9.66,0.13,1.70,-0.012,-0.061,-0.017,3.29,-8.35,1.63,0.000000,0.000000,4600.58
15.23,99904.14,40.79,118.97,9.69,0.13,1.76,-0.012,-0.060,-0.016,2.78,-10.73,0.73,0.000000,0.000000,4601.74
14.36,99754.23,40.78,131.61,9.68,0.15,1.72,-0.012,-0.058,-0.017,1.78,-9.30,1.63,0.000000,0.000000,4602.89
15.29,99912.96,40.78,118.23,9.69,0.13,1.76,-0.011,-0.067,-0.015,4.29,-11.21,3.44,0.000000,0.000000,4604.05
14.37,99758.03,40.77,131.29,9.66,0.12,1.73,-0.013,-0.057,-0.017,2.78,-11.21,-1.54,0.000000,0.000000,4605.20
15.31,99916.73,40.79,117.91,9.69,0.11,1.81,-0.013,-0.058,-0.018,2.78,-10.25,0.73,0.000000,0.000000,4606.36
14.36,99756.48,40.78,131.42,9.64,0.14,1.66,-0.012,-0.058,-0.018,2.78,-9.30,0.73,0.000000,0.000000,4607.51
15.21,99901.88,40.78,119.16,9.68,0.12,1.72,-0.013,-0.063,-0.016,2.78,-12.16,-0.63,0.000000,0.000000,4608.66
14.38,99760.39,40.77,131.09,9.67,0.13,1.77,-0.012,-0.061,-0.016,3.29,-10.25,1.18,0.000000,0.000000,4609.82
15.37,99925.28,40.79,117.19,9.68,0.12,1.74,-0.012,-0.059,-0.017,2.28,-10.25,1.63,0.000000,0.000000,4610.97
14.37,99757.95,40.78,131.29,9.68,0.12,1.74,-0.013,-0.058,-0.017,2.78,-10.25,-1.54,0.000000,0.000000,4612.13
15.29,99902.48,40.77,118.15,9.67,0.11,1.73,-0.013,-0.059,-0.017,3.79,-10.25,3.90,0.000000,0.000000,4613.28
14.38,99757.67,40.78,131.32,9.67,0.12,1.75,-0.013,-0.060,-0.017,2.78,-11.68,2.09,0.000000,0.000000,4614.43
15.27,99904.77,40.77,118.51,9.67,0.11,1.72,-0.013,-0.060,-0.016,3.29,-10.73,2.09,0.000000,0.000000,4615.59
14.38,99762.06,40.78,130.95,9.68,0.13,1.75,-0.013,-0.063,-0.016,3.79,-10.73,1.18,0.000000,0.000000,4616.74
15.31,99916.60,40.79,118.89,9.67,0.11,1.77,-0.013,-0.058,-0.017,2.28,-12.16,0.28,0.000000,0.000000,4617.89
14.33,99755.81,40.79,131.47,9.68,0.13,1.72,-0.012,-0.058,-0.018,3.79,-9.30,1.63,0.000000,0.000000,4619.05
15.24,99907.86,40.79,118.66,9.67,0.13,1.77,-0.013,-0.063,-0.017,3.29,-10.25,1.18,0.000000,0.000000,4620.20
14.27,99745.50,40.81,132.34,9.67,0.13,1.75,-0.013,-0.060,-0.016,2.78,-10.25,-0.18,0.000000,0.000000,4621.36
15.32,99904.44,40.79,118.95,9.69,0.13,1.74,-0.012,-0.061,-0.017,3.29,-11.21,1.63,0.000000,0.000000,4622.51
14.37,99760.61,40.79,131.07,9.66,0.12,1.73,-0.013,-0.060,-0.017,2.78,-11.68,2.54,0.000000,0.000000,4623.66
15.34,99907.31,40.78,118.71,9.69,0.12,1.70,-0.012,-0.060,-0.017,3.29,-10.25,1.63,0.000000,0.000000,4624.82
14.33,99752.41,40.79,131.76,9.68,0.13,1.74,-0.013,-0.061,-0.017,3.29,-9.78,1.18,0.000000,0.000000,4625.97
15.34,99909.24,40.78,118.54,9.66,0.13,1.77,-0.012,-0.060,-0.017,2.78,-12.16,1.63,0.000000,0.000000,4627.13
14.38,99764.08,40.78,130.78,9.67,0.13,1.71,-0.012,-0.058,-0.018,3.79,-9.78,2.54,0.000000,0.000000,4628.28
15.35,99910.95,40.80,118.40,9.64,0.12,1.71,-0.013,-0.061,-0.017,4.29,-12.16,-0.18,0.000000,0.000000,4629.44
14.43,99769.59,40.80,130.31,9.69,0.11,1.72,-0.012,-0.061,-0.016,2.28,-10.25,0.28,0.000000,0.000000,4630.59
15.20,99887.50,40.78,120.38,9.68,0.15,1.74,-0.012,-0.061,-0.017,3.79,-11.21,2.09,0.000000,0.000000,4631.74
14.46,99772.59,40.79,130.06,9.66,0.11,1.72,-0.014,-0.057,-0.018,2.28,-11.68,0.28,0.000000,0.000000,4632.90
15.28,99900.69,40.79,119.26,9.69,0.10,1.71,-0.012,-0.062,-0.016,2.78,-10.73,-0.63,0.000000,0.000000,4634.05
14.42,99769.38,40.80,130.33,9.64,0.04,1.56,-0.009,-0.101,-0.007,3.29,-10.25,1.63,0.000000,0.000000,4635.20
15.36,99915.31,40.81,118.03,9.69,0.15,1.78,-0.013,-0.059,-0.017,2.78,-13.11,1.63,0.000000,0.000000,4636.36
14.46,99777.06,40.82,129.68,9.66,0.11,1.75,-0.013,-0.062,-0.017,3.79,-9.30,3.44,0.000000,0.000000,4637.51
15.37,99916.94,40.81,117.90,9.67,0.14,1.72,-0.012,-0.060,-0.017,2.78,-12.64,2.09,0.000000,0.000000,4638.67
14.48,99781.34,40.80,129.32,9.69,0.12,1.73,-0.013,-0.060,-0.017,2.78,-9.78,-0.63,0.000000,0.000000,4639.82
15.24,99894.62,40.79,119.78,9.67,0.13,1.75,-0.013,-0.060,-0.016,3.29,-10.25,1.63,0.000000,0.000000,4640.97
14.52,99788.22,40.81,128.74,9.66,0.11,1.73,-0.013,-0.060,-0.017,2.28,-11.68,-0.18,0.000000,0.000000,4642.13
15.32,99907.03,40.80,118.73,9.67,0.11,1.72,-0.013,-0.060,-0.017,3.29,-9.30,2.09,0.000000,0.000000,4643.28
14.60,99801.73,40.80,127.60,9.67,0.11,1.73,-0.012,-0.060,-0.017,3.29,-13.59,1.18,0.000000,0.000000,4644.43
15.37,99914.20,40.81,118.13,9.67,0.10,1.71,-0.013,-0.061,-0.016,2.78,-9.78,1.18,0.000000,0.000000,4645.59
14.57,99795.98,40.81,128.09,9.69,0.11,1.74,-0.013,-0.060,-0.017,3.29,-11.21,2.09,0.000000,0.000000,4646.74
15.27,99902.95,40.80,119.07,9.66,0.12,1.72,-0.012,-0.060,-0.017,2.78,-10.73,-0.18,0.000000,0.000000,4647.90
14.60,99799.48,40.80,127.79,9.70,0.13,1.71,-0.012,-0.061,-0.018,2.28,-10.25,1.18,0.000000,0.000000,4649.05
15.27,99902.12,40.81,119.14,9.67,0.12,1.73,-0.012,-0.061,-0.017,2.78,-12.16,0.73,0.000000,0.000000,4650.20
14.69,99815.61,40.80,126.43,9.69,0.13,1.73,-0.013,-0.058,-0.018,2.78,-10.25,2.54,0.000000,0.000000,4651.36
15.22,99892.61,40.81,119.94,9.67,0.12,1.74,-0.012,-0.061,-0.017,4.29,-9.78,1.63,0.000000,0.000000,4652.51
14.73,99823.88,40.84,125.73,9.70,0.12,1.72,-0.013,-0.059,-0.017,4.79,-13.11,0.28,0.000000,0.000000,4653.67
15.19,99891.45,40.83,120.04,9.67,0.08,1.76,-0.014,-0.066,-0.015,2.78,-10.25,-1.08,0.000000,0.000000,4654.82
14.82,99839.11,40.82,124.45,9.67,0.13,1.76,-0.013,-0.059,-0.017,2.28,-9.78,3.44,0.000000,0.000000,4655.97
15.16,99885.88,40.84,120.51,9.68,0.13,1.75,-0.013,-0.060,-0.017,3.29,-11.68,1.18,0.000000,0.000000,4657.13
14.76,99828.38,40.83,125.36,9.67,0.11,1.72,-0.012,-0.059,-0.017,4.29,-9.78,1.18,0.000000,0.000000,4658.28
15.06,99868.95,40.84,121.94,9.68,0.12,1.73,-0.013,-0.063,-0.016,3.79,-10.25,2.99,0.000000,0.000000,4659.44
14.81,99836.83,40.83,124.64,9.68,0.11,1.75,-0.012,-0.060,-0.017,3.79,-11.21,-1.08,0.000000,0.000000,4660.59
15.19,99888.97,40.83,120.25,9.67,0.12,1.74,-0.013,-0.059,-0.017,4.29,-11.21,1.63,0.000000,0.000000,4661.74
14.85,99844.36,40.83,124.01,9.72,0.13,1.77,-0.013,-0.063,-0.017,3.29,-11.21,0.73,0.000000,0.000000,4662.90
15.06,99866.28,40.82,122.16,9.69,0.12,1.73,-0.012,-0.061,-0.016,2.78,-10.73,1.18,0.000000,0.000000,4664.05
14.89,99851.55,40.83,123.40,9.67,0.11,1.71,-0.012,-0.060,-0.017,3.79,-9.78,1.18,0.000000,0.000000,4665.21
15.01,99863.00,40.82,122.44,9.68,0.12,1.70,-0.013,-0.062,-0.017,2.28,-11.68,-0.63,0.000000,0.000000,4666.36
14.97,99865.05,40.84,122.27,9.66,0.10,1.73,-0.012,-0.061,-0.016,3.29,-9.78,1.63,0.000000,0.000000,4667.51
15.03,99862.44,40.83,122.49,9.68,0.13,1.74,-0.013,-0.062,-0.017,3.79,-10.25,1.18,0.000000,0.000000,4668.67
15.01,99867.68,40.82,122.04,9.68,0.12,1.72,-0.012,-0.060,-0.016,2.78,-10.73,1.18,0.000000,0.000000,4669.82
14.94,99847.84,40.85,123.72,9.69,0.13,1.75,-0.013,-0.062,-0.017,2.78,-10.73,3.44,0.000000,0.000000,4670.98
14.99,99868.16,40.84,122.00,9.67,0.12,1.73,-0.012,-0.060,-0.017,2.78,-13.59,2.09,0.000000,0.000000,4672.13
14.91,99845.25,40.84,123.93,9.69,0.13,1.76,-0.013,-0.062,-0.015,2.78,-9.78,0.28,0.000000,0.000000,4673.28
15.11,99888.44,40.85,120.30,9.67,0.13,1.75,-0.012,-0.060,-0.017,3.79,-9.78,1.63,0.000000,0.000000,4674.44
14.91,99843.34,40.83,124.09,9.68,0.14,1.73,-0.012,-0.058,-0.017,2.28,-10.73,0.28,0.000000,0.000000,4675.59
15.11,99887.93,40.86,120.34,9.67,0.10,1.71,-0.013,-0.061,-0.017,2.78,-10.25,2.09,0.000000,0.000000,4676.75
14.88,99844.15,40.84,124.03,9.68,0.11,1.75,-0.013,-0.061,-0.017,1.78,-11.21,4.35,0.000000,0.000000,4677.90
15.13,99892.45,40.85,119.96,9.67,0.10,1.68,-0.013,-0.059,-0.017,3.29,-10.73,0.28,0.000000,0.000000,4679.05
14.73,99817.16,40.84,126.30,9.67,0.13,1.76,-0.013,-0.061,-0.016,3.79,-9.78,0.73,0.000000,0.000000,4680.21
15.15,99895.00,40.85,119.74,9.67,0.12,1.74,-0.013,-0.058,-0.018,2.78,-9.78,-0.63,0.000000,0.000000,4681.36
14.72,99816.70,40.85,126.34,9.69,0.12,1.72,-0.012,-0.060,-0.017,2.28,-10.25,1.18,0.000000,0.000000,4682.52
15.24,99910.38,40.85,118.45,9.66,0.13,1.72,-0.012,-0.054,-0.019,3.29,-10.25,2.99,0.000000,0.000000,4683.67
14.76,99823.30,40.84,125.78,9.67,0.12,1.70,-0.013,-0.063,-0.016,2.28,-10.25,1.18,0.000000,0.000000,4684.82
15.22,99909.33,40.85,118.54,9.69,0.13,1.78,-0.011,-0.060,-0.016,4.79,-9.78,2.54,0.000000,0.000000,4685.98
14.69,99811.43,40.84,126.78,9.69,0.12,1.76,-0.011,-0.058,-0.018,3.29,-11.21,0.28,0.000000,0.000000,4687.13
15.35,99929.47,40.85,116.84,9.67,0.12,1.74,-0.013,-0.063,-0.015,2.78,-10.25,-0.63,0.000000,0.000000,4688.29
14.68,99811.73,40.85,126.76,9.67,0.13,1.74,-0.012,-0.061,-0.016,2.28,-11.21,2.09,0.000000,0.000000,4689.44
15.34,99928.82,40.89,116.90,9.68,0.13,1.74,-0.012,-0.059,-0.017,2.28,-11.21,0.28,0.000000,0.000000,4690.59
14.55,99790.46,40.89,128.55,9.68,0.11,1.77,-0.013,-0.061,-0.017,3.29,-9.30,1.18,0.000000,0.000000,4691.75
15.31,99922.33,40.86,117.44,9.67,0.12,1.76,-0.013,-0.060,-0.016,3.79,-10.73,2.54,0.000000,0.000000,4692.90
14.49,99779.09,40.85,129.51,9.66,0.12,1.77,-0.013,-0.060,-0.017,3.29,-12.16,1.63,0.000000,0.000000,4694.06
15.47,99929.90,40.89,116.80,9.68,0.11,1.76,-0.013,-0.061,-0.017,3.79,-7.87,1.18,0.000000,0.000000,4695.21
17.30,100229.33,40.92,91.62,9.69,0.13,1.76,-0.012,-0.060,-0.017,2.28,-11.21,1.18,0.000000,0.000000,4696.36
17.43,100265.45,40.95,88.59,9.68,0.11,1.75,-0.013,-0.060,-0.017,2.78,-9.30,0.73,0.000000,0.000000,4697.51
17.70,100291.34,40.96,86.42,9.67,0.12,1.73,-0.013,-0.061,-0.017,2.78,-9.30,0.28,0.000000,0.000000,4698.67
17.48,100257.38,40.97,89.27,9.68,0.12,1.72,-0.012,-0.060,-0.017,2.78,-9.30,0.73,0.000000,0.000000,4699.82
17.38,100246.02,40.98,90.22,9.67,0.13,1.73,-0.013,-0.060,-0.017,2.78,-8.82,3.44,0.000000,0.000000,4700.97
17.55,100268.77,40.99,88.31,9.68,0.12,1.72,-0.013,-0.060,-0.017,2.28,-11.21,-1.08,0.000000,0.000000,4702.13
17.49,100265.28,40.99,88.60,9.66,0.12,1.76,-0.013,-0.061,-0.018,3.29,-9.30,1.18,0.000000,0.000000,4703.28
17.23,100220.98,41.00,92.33,9.67,0.13,1.82,-0.012,-0.058,-0.016,2.28,-11.21,0.28,0.000000,0.000000,4704.43
17.47,100263.10,41.02,88.79,9.65,0.11,1.71,-0.011,-0.058,-0.017,2.28,-8.82,-0.18,0.000000,0.000000,4705.58
17.70,100294.27,41.01,86.17,9.67,0.11,1.78,-0.013,-0.063,-0.017,3.79,-9.78,0.28,0.000000,0.000000,4706.74
17.51,100267.52,40.97,88.42,9.66,0.12,1.73,-0.013,-0.058,-0.017,2.28,-8.35,0.28,0.000000,0.000000,4707.89
17.50,100265.94,41.04,88.55,9.69,0.12,1.78,-0.012,-0.062,-0.016,2.78,-9.30,1.63,0.000000,0.000000,4709.04
17.43,100256.23,41.04,89.36,9.66,0.12,1.77,-0.012,-0.060,-0.016,3.29,-9.30,1.18,0.000000,0.000000,4710.20
17.30,100238.86,41.05,90.82,9.65,0.13,1.76,-0.012,-0.060,-0.017,3.29,-7.87,1.63,0.000000,0.000000,4711.35
17.39,100244.92,41.05,90.31,9.66,0.13,1.74,-0.012,-0.060,-0.017,1.78,-9.30,0.28,0.000000,0.000000,4712.50
17.56,100278.44,41.04,87.50,9.68,0.13,1.75,-0.013,-0.060,-0.017,2.28,-8.35,-0.63,0.000000,0.000000,4713.66
17.64,100285.78,41.05,86.88,9.69,0.12,1.77,-0.012,-0.061,-0.016,2.28,-8.35,2.09,0.000000,0.000000,4714.81
17.65,100293.86,41.11,86.21,9.66,0.14,1.76,-0.012,-0.060,-0.017,1.78,-8.82,1.18,0.000000,0.000000,4715.96
17.48,100262.82,41.07,88.81,9.67,0.13,1.76,-0.013,-0.059,-0.017,2.28,-8.35,2.54,0.000000,0.000000,4717.11
17.59,100286.02,41.09,86.86,9.65,0.13,1.75,-0.013,-0.060,-0.016,2.78,-9.78,1.18,0.000000,0.000000,4718.27
17.21,100222.02,41.09,92.24,9.66,0.13,1.75,-0.013,-0.060,-0.017,2.78,-8.82,-0.18,0.000000,0.000000,4719.42
17.42,100249.42,41.09,89.94,9.67,0.11,1.77,-0.012,-0.060,-0.017,1.78,-8.82,0.73,0.000000,0.000000,4720.57
17.60,100282.66,41.08,87.15,9.68,0.11,1.75,-0.013,-0.060,-0.017,3.29,-8.82,0.73,0.000000,0.000000,4721.73
17.51,100264.02,41.08,88.71,9.69,0.13,1.75,-0.013,-0.060,-0.017,2.28,-8.82,1.18,0.000000,0.000000,4722.88
17.44,100256.95,41.09,89.30,9.66,0.12,1.76,-0.011,-0.060,-0.017,2.28,-9.78,0.28,0.000000,0.000000,4724.03
17.48,100262.15,41.11,88.87,9.67,0.13,1.76,-0.013,-0.060,-0.017,2.78,-8.35,1.63,0.000000,0.000000,4725.18
17.44,100261.02,41.10,88.96,9.68,0.12,1.74,-0.012,-0.060,-0.017,2.28,-10.25,0.28,0.000000,0.000000,4726.34
17.37,100245.17,41.13,90.29,9.66,0.13,1.73,-0.013,-0.061,-0.017,3.29,-8.82,2.99,0.000000,0.000000,4727.49
17.27,100234.47,41.11,91.19,9.67,0.12,1.77,-0.013,-0.060,-0.016,2.78,-8.82,1.18,0.000000,0.000000,4728.64
17.45,100259.23,41.11,89.11,9.66,0.15,1.73,-0.012,-0.060,-0.017,2.28,-10.25,1.63,0.000000,0.000000,4729.80
17.42,100254.20,41.10,89.54,9.66,0.14,1.78,-0.013,-0.061,-0.017,3.29,-8.35,2.09,0.000000,0.000000,4730.95
17.37,100242.33,41.10,90.53,9.68,0.12,1.77,-0.013,-0.061,-0.017,2.78,-9.78,-0.18,0.000000,0.000000,4732.10
17.41,100253.05,41.11,89.63,9.69,0.12,1.75,-0.012,-0.059,-0.017,2.78,-8.35,-0.18,0.000000,0.000000,4733.26
17.37,100246.34,41.11,90.20,9.67,0.12,1.78,-0.012,-0.060,-0.017,3.29,-8.82,1.18,0.000000,0.000000,4734.41
17.39,100248.44,41.12,90.02,9.70,0.12,1.75,-0.011,-0.060,-0.017,2.28,-8.35,-0.18,0.000000,0.000000,4735.56
17.44,100257.51,41.11,89.26,9.68,0.13,1.75,-0.012,-0.061,-0.016,4.79,-8.35,1.63,0.000000,0.000000,4736.71
17.27,100226.44,41.14,91.87,9.66,0.13,1.76,-0.012,-0.061,-0.017,2.28,-9.30,-0.18,0.000000,0.000000,4737.87
17.52,100273.22,41.12,87.94,9.68,0.11,1.74,-0.011,-0.061,-0.017,1.78,-8.35,1.18,0.000000,0.000000,4739.02
17.53,100271.03,41.11,88.12,9.68,0.12,1.76,-0.012,-0.060,-0.017,2.78,-8.35,-0.18,0.000000,0.000000,4740.17
17.52,100272.74,41.14,87.98,9.66,0.11,1.73,-0.013,-0.060,-0.016,1.78,-8.35,0.28,0.000000,0.000000,4741.33
17.54,100273.25,41.11,87.94,9.68,0.13,1.75,-0.012,-0.060,-0.017,2.78,-8.82,1.18,0.000000,0.000000,4742.48
17.53,100268.09,41.14,88.37,9.66,0.12,1.74,-0.012,-0.060,-0.017,2.28,-10.25,1.63,0.000000,0.000000,4743.63
17.39,100247.84,41.11,90.07,9.67,0.11,1.74,-0.013,-0.060,-0.017,2.78,-8.82,1.63,0.000000,0.000000,4744.79
17.72,100300.97,41.10,85.61,9.67,0.14,1.72,-0.012,-0.061,-0.017,2.28,-8.82,0.28,0.000000,0.000000,4745.94
17.54,100273.49,41.11,87.92,9.69,0.12,1.76,-0.013,-0.062,-0.016,2.28,-9.30,-0.63,0.000000,0.000000,4747.09
17.51,100270.20,41.12,88.19,9.69,0.14,1.74,-0.011,-0.060,-0.016,2.78,-7.87,1.18,0.000000,0.000000,4748.24
17.19,100219.19,41.13,92.48,9.67,0.12,1.74,-0.013,-0.061,-0.017,2.78,-8.82,1.18,0.000000,0.000000,4749.40
17.33,100239.27,41.11,90.79,9.66,0.11,1.72,-0.012,-0.061,-0.017,3.29,-8.35,1.63,0.000000,0.000000,4750.55
17.50,100264.36,41.13,88.68,9.67,0.13,1.75,-0.013,-0.059,-0.017,2.78,-10.25,1.18,0.000000,0.000000,4751.70
17.60,100283.58,41.11,87.07,9.67,0.15,1.74,-0.012,-0.060,-0.017,2.28,-8.82,0.28,0.000000,0.000000,4752.86
17.60,100277.38,41.11,87.59,9.66,0.12,1.72,-0.012,-0.061,-0.017,3.29,-9.30,1.63,0.000000,0.000000,4754.01
17.57,100275.73,41.12,87.73,9.68,0.13,1.74,-0.013,-0.060,-0.016,2.28,-10.73,2.99,0.000000,0.000000,4755.16
17.54,100267.88,41.14,88.39,9.68,0.12,1.76,-0.012,-0.061,-0.018,3.29,-9.30,1.18,0.000000,0.000000,4756.31
17.39,100247.34,41.15,90.11,9.68,0.13,1.78,-0.011,-0.061,-0.018,2.28,-9.30,-0.18,0.000000,0.000000,4757.47
17.60,100279.31,41.11,87.43,9.66,0.11,1.77,-0.011,-0.060,-0.017,2.78,-8.82,-0.63,0.000000,0.000000,4758.62
17.67,100291.88,41.13,86.37,9.68,0.11,1.75,-0.012,-0.059,-0.017,1.78,-9.30,-0.18,0.000000,0.000000,4759.77
17.48,100263.33,41.11,88.77,9.67,0.12,1.75,-0.012,-0.060,-0.017,2.78,-9.78,0.73,0.000000,0.000000,4760.93
17.38,100246.80,41.14,90.16,9.66,0.11,1.75,-0.012,-0.060,-0.015,4.79,-8.35,1.63,0.000000,0.000000,4762.08
17.67,100289.36,41.12,86.58,9.68,0.13,1.73,-0.013,-0.060,-0.017,3.29,-9.30,2.54,0.000000,0.000000,4763.23
17.53,100281.86,41.11,87.21,9.66,0.13,1.74,-0.012,-0.060,-0.016,2.28,-8.82,-0.18,0.000000,0.000000,4764.39
17.46,100256.72,41.12,89.32,9.68,0.11,1.77,-0.012,-0.059,-0.017,3.29,-8.82,1.18,0.000000,0.000000,4765.54
17.81,100309.55,41.11,84.89,9.66,0.13,1.76,-0.012,-0.059,-0.017,2.28,-8.82,-0.18,0.000000,0.000000,4766.69
17.69,100293.53,41.11,86.23,9.67,0.14,1.76,-0.012,-0.061,-0.016,2.78,-8.35,1.18,0.000000,0.000000,4767.84
17.65,100283.16,41.13,87.10,9.68,0.12,1.73,-0.012,-0.059,-0.017,1.78,-9.78,-0.18,0.000000,0.000000,4769.00
17.54,100269.14,41.13,88.28,9.67,0.13,1.74,-0.013,-0.059,-0.017,2.78,-8.82,-0.63,0.000000,0.000000,4770.15
17.52,100265.28,41.11,88.60,9.67,0.13,1.74,-0.013,-0.060,-0.017,2.78,-8.35,0.73,0.000000,0.000000,4771.30
17.77,100308.28,41.14,84.99,9.67,0.12,1.78,-0.012,-0.060,-0.017,1.78,-9.30,-0.18,0.000000,0.000000,4772.46
17.49,100257.95,41.10,89.22,9.68,0.12,1.73,-0.013,-0.063,-0.016,3.29,-7.87,1.63,0.000000,0.000000,4773.61
17.44,100274.79,41.07,89.65,9.66,0.12,1.75,-0.013,-0.059,-0.017,2.78,-9.78,2.09,0.000000,0.000000,4774.76
17.64,100282.34,41.11,87.17,9.65,0.11,1.76,-0.011,-0.061,-0.017,1.27,-8.35,-1.54,0.000000,0.000000,4775.92
17.71,100292.14,41.11,86.35,9.66,0.13,1.73,-0.012,-0.059,-0.017,3.29,-8.82,2.09,0.000000,0.000000,4777.07
17.58,100276.34,41.11,87.68,9.66,0.12,1.77,-0.012,-0.060,-0.017,1.78,-9.30,-0.63,0.000000,0.000000,4778.22
17.60,100275.88,41.11,87.72,9.68,0.12,1.76,-0.012,-0.061,-0.016,2.28,-8.82,2.99,0.000000,0.000000,4779.37
17.62,100279.98,41.11,87.37,9.66,0.12,1.76,-0.013,-0.060,-0.017,2.78,-10.25,0.28,0.000000,0.000000,4780.53
17.77,100301.34,41.10,85.58,9.67,0.13,1.75,-0.013,-0.060,-0.017,1.78,-8.35,-2.44,0.000000,0.000000,4781.68
17.61,100279.36,41.10,87.42,9.67,0.10,1.72,-0.012,-0.057,-0.017,1.78,-8.35,1.63,0.000000,0.000000,4782.83
17.75,100299.42,41.11,85.74,9.66,0.12,1.74,-0.013,-0.062,-0.016,2.28,-9.30,-1.99,0.000000,0.000000,4783.99
17.54,100271.13,41.12,88.11,9.68,0.13,1.76,-0.012,-0.059,-0.018,3.29,-7.87,2.09,0.000000,0.000000,4785.14
17.37,100241.47,41.09,90.60,9.67,0.11,1.74,-0.013,-0.060,-0.017,3.29,-9.30,0.73,0.000000,0.000000,4786.29
17.56,100267.75,41.09,88.40,9.68,0.11,1.77,-0.012,-0.062,-0.016,2.78,-8.82,0.73,0.000000,0.000000,4787.44
17.79,100305.27,41.10,85.25,9.68,0.12,1.73,-0.013,-0.059,-0.017,2.78,-8.35,0.28,0.000000,0.000000,4788.60
17.76,100298.78,41.12,85.79,9.68,0.12,1.76,-0.013,-0.061,-0.017,2.28,-10.25,-0.63,0.000000,0.000000,4789.75
17.63,100280.80,41.09,87.30,9.68,0.12,1.73,-0.012,-0.059,-0.016,3.29,-7.87,1.63,0.000000,0.000000,4790.90
17.58,100271.44,41.09,88.09,9.67,0.12,1.76,-0.012,-0.060,-0.017,3.29,-8.82,0.73,0.000000,0.000000,4792.06
17.67,100285.18,41.09,86.93,9.68,0.09,1.73,-0.013,-0.060,-0.016,2.28,-8.82,1.63,0.000000,0.000000,4793.21
17.46,100253.03,41.09,89.63,9.66,0.13,1.76,-0.013,-0.061,-0.017,2.78,-8.82,2.09,0.000000,0.000000,4794.36
17.62,100277.42,41.09,87.59,9.66,0.15,1.76,-0.014,-0.060,-0.017,2.78,-11.68,0.73,0.000000,0.000000,4795.52
17.59,100271.45,41.08,88.09,9.68,0.14,1.75,-0.012,-0.061,-0.017,2.78,-7.87,1.63,0.000000,0.000000,4796.67
17.54,100261.38,41.06,88.93,9.69,0.13,1.75,-0.013,-0.060,-0.017,1.78,-10.25,0.28,0.000000,0.000000,4797.82
17.85,100314.80,41.07,84.45,9.66,0.13,1.76,-0.013,-0.062,-0.017,2.78,-8.82,-1.08,0.000000,0.000000,4798.97
17.67,100284.16,41.07,87.02,9.66,0.12,1.74,-0.012,-0.059,-0.017,3.79,-8.82,2.54,0.000000,0.000000,4800.13
17.42,100249.58,41.09,89.92,9.58,-0.26,1.99,-0.901,-0.039,-0.131,1.78,-8.82,-0.18,0.000000,0.000000,4801.28
18.60,100430.47,41.08,74.74,9.53,-0.49,1.83,-0.027,-0.067,-0.018,1.78,-8.35,1.63,0.000000,0.000000,4802.43
19.13,100515.89,41.11,67.58,9.70,-0.22,1.68,-0.013,-0.060,-0.017,1.27,-9.30,0.28,0.000000,0.000000,4803.59
19.11,100510.95,41.09,68.00,9.66,-0.17,1.66,-0.013,-0.059,-0.015,2.28,-8.35,1.18,0.000000,0.000000,4804.74
19.22,100529.16,41.09,66.47,9.66,-0.22,1.66,-0.013,-0.060,-0.016,4.29,-9.30,0.73,0.000000,0.000000,4805.89
15.52,99954.19,41.04,114.76,9.64,-0.20,1.66,-0.013,-0.060,-0.014,1.78,-9.30,0.73,0.000000,0.000000,4807.05
16.55,100105.31,41.03,102.05,9.67,-0.27,1.69,-0.012,-0.061,-0.017,2.28,-8.35,1.18,0.000000,0.000000,4808.20
17.90,100315.63,41.04,84.38,9.67,-0.24,1.67,-0.012,-0.060,-0.017,1.78,-9.30,-0.18,0.000000,0.000000,4809.35
19.03,100491.06,41.04,69.66,9.69,-0.23,1.70,-0.012,-0.059,-0.017,1.27,-8.35,-0.63,0.000000,0.000000,4810.51
18.61,100431.30,41.03,74.67,9.68,-0.23,1.68,-0.013,-0.060,-0.017,3.29,-9.30,1.18,0.000000,0.000000,4811.66
18.95,100484.30,41.05,70.23,9.69,-0.18,1.68,-0.011,-0.067,-0.024,1.78,-12.16,1.63,0.000000,0.000000,4812.81
19.18,100524.34,41.00,66.87,9.66,-0.24,1.68,-0.013,-0.058,-0.015,3.29,-7.39,1.18,0.000000,0.000000,4813.96
19.21,100525.17,41.04,66.80,9.69,-0.16,1.68,-0.013,-0.060,-0.017,2.28,-9.78,1.63,0.000000,0.000000,4815.12
19.15,100515.85,41.05,67.59,9.69,-0.21,1.71,-0.013,-0.060,-0.017,1.78,-8.35,-0.18,0.000000,0.000000,4816.27
19.07,100505.41,41.08,68.46,9.67,-0.19,1.68,-0.013,-0.059,-0.015,1.27,-8.35,1.18,0.000000,0.000000,4817.42
19.17,100517.69,41.03,67.43,9.69,-0.21,1.66,-0.012,-0.060,-0.018,1.27,-8.35,-0.63,0.000000,0.000000,4818.58
19.16,100517.25,41.04,67.47,9.69,-0.21,1.67,-0.012,-0.060,-0.016,3.29,-6.92,1.18,0.000000,0.000000,4819.73
19.19,100518.95,41.04,67.33,9.70,-0.18,1.68,-0.011,-0.060,-0.017,1.78,-8.82,0.28,0.000000,0.000000,4820.88
19.21,100523.16,41.04,66.97,9.68,-0.20,1.67,-0.012,-0.061,-0.017,1.27,-7.87,-0.18,0.000000,0.000000,4822.04
19.26,100531.89,41.05,66.24,9.70,-0.18,1.70,-0.013,-0.060,-0.016,2.28,-8.82,0.73,0.000000,0.000000,4823.19
19.28,100530.28,41.07,66.38,9.68,-0.19,1.68,-0.012,-0.060,-0.017,1.78,-9.78,-0.18,0.000000,0.000000,4824.34
19.16,100517.68,41.06,67.43,9.69,-0.20,1.68,-0.013,-0.060,-0.016,3.79,-8.82,1.18,0.000000,0.000000,4825.49
19.15,100513.25,41.05,67.80,9.68,-0.21,1.68,-0.013,-0.061,-0.017,2.28,-9.78,0.73,0.000000,0.000000,4826.65
19.10,100505.20,41.06,68.48,9.68,-0.22,1.67,-0.013,-0.060,-0.017,1.78,-8.35,-1.54,0.000000,0.000000,4827.80
18.83,100461.94,41.05,72.10,9.68,-0.19,1.71,-0.012,-0.059,-0.016,2.78,-9.78,1.63,0.000000,0.000000,4828.95
19.26,100531.94,41.05,66.24,9.68,-0.20,1.66,-0.013,-0.060,-0.018,2.28,-12.16,1.18,0.000000,0.000000,4830.11
19.22,100524.15,41.06,66.89,9.69,-0.21,1.70,-0.012,-0.060,-0.017,2.78,-7.87,0.28,0.000000,0.000000,4831.26
19.10,100504.81,41.04,68.51,9.68,-0.19,1.68,-0.013,-0.060,-0.016,1.27,-9.78,1.63,0.000000,0.000000,4832.41
19.12,100508.34,41.05,68.22,9.68,-0.19,1.66,-0.013,-0.060,-0.017,2.28,-8.82,-0.63,0.000000,0.000000,4833.57
19.04,100494.78,41.04,69.35,9.69,-0.20,1.68,-0.014,-0.060,-0.015,2.78,-9.30,0.28,0.000000,0.000000,4834.72
19.01,100485.86,41.07,70.10,9.69,-0.20,1.69,-0.013,-0.061,-0.016,2.28,-9.78,0.28,0.000000,0.000000,4835.87
18.98,100485.03,41.03,70.17,9.69,-0.19,1.67,-0.013,-0.060,-0.017,2.28,-7.87,1.18,0.000000,0.000000,4837.02
19.06,100496.67,41.07,69.19,9.67,-0.21,1.67,-0.013,-0.061,-0.018,2.28,-9.78,-0.63,0.000000,0.000000,4838.18
19.03,100496.15,41.03,69.24,9.69,-0.19,1.65,-0.013,-0.060,-0.017,2.28,-8.82,-0.18,0.000000,0.000000,4839.33
19.10,100503.61,41.02,68.61,9.70,-0.20,1.69,-0.013,-0.060,-0.016,2.78,-8.35,0.28,0.000000,0.000000,4840.48
19.19,100505.47,41.05,67.20,9.69,-0.21,1.68,-0.013,-0.060,-0.017,1.78,-8.35,-2.44,0.000000,0.000000,4841.64
19.06,100497.98,41.05,69.08,8.73,-0.21,1.67,-0.012,-0.062,-0.027,3.29,-8.35,1.18,0.000000,0.000000,4842.79
19.05,100493.67,41.02,69.44,9.64,-0.19,1.63,-0.011,-0.058,-0.014,1.27,-9.78,1.63,0.000000,0.000000,4843.94
19.09,100501.06,41.02,68.83,9.67,-0.18,1.58,-0.011,-0.059,-0.017,1.78,-8.35,-0.63,0.000000,0.000000,4845.10
19.22,100521.69,41.01,67.10,9.67,-0.18,1.67,-0.013,-0.059,-0.015,2.28,-8.82,1.63,0.000000,0.000000,4846.25
19.17,100514.28,41.02,67.72,9.67,-0.20,1.69,-0.014,-0.060,-0.017,1.78,-10.25,-1.08,0.000000,0.000000,4847.40
18.95,100479.11,41.04,70.67,9.68,-0.18,1.67,-0.013,-0.061,-0.017,3.29,-7.87,1.18,0.000000,0.000000,4848.55
19.08,100495.21,41.01,69.32,9.68,-0.19,1.63,-0.012,-0.060,-0.016,1.78,-8.82,-0.18,0.000000,0.000000,4849.71
18.99,100485.39,41.02,70.14,9.67,-0.19,1.64,-0.012,-0.062,-0.019,2.28,-8.35,-0.18,0.000000,0.000000,4850.86
19.08,100496.96,41.03,69.17,9.67,-0.19,1.65,-0.013,-0.058,-0.014,2.28,-9.30,0.73,0.000000,0.000000,4852.01
19.12,100503.81,41.01,68.59,9.69,-0.20,1.67,-0.012,-0.062,-0.019,1.78,-8.35,-0.18,0.000000,0.000000,4853.17
19.21,100515.97,41.00,67.58,9.70,-0.21,1.67,-0.012,-0.059,-0.015,3.29,-8.82,1.63,0.000000,0.000000,4854.32
19.21,100516.15,40.98,67.20,9.69,-0.19,1.68,-0.013,-0.060,-0.016,1.27,-9.78,1.63,0.000000,0.000000,4855.47
19.18,100510.45,41.00,68.04,9.71,-0.19,1.66,-0.013,-0.062,-0.018,2.28,-8.35,1.18,0.000000,0.000000,4856.62
19.18,100511.05,41.00,67.99,9.67,-0.20,1.68,-0.013,-0.060,-0.016,1.78,-8.82,0.28,0.000000,0.000000,4857.78
19.16,100507.83,41.00,68.26,9.69,-0.21,1.66,-0.012,-0.061,-0.017,1.27,-8.35,-1.08,0.000000,0.000000,4858.93
19.17,100506.95,40.99,68.33,9.67,-0.21,1.68,-0.013,-0.059,-0.016,2.78,-8.35,1.18,0.000000,0.000000,4860.08
19.26,100526.06,41.02,66.73,9.69,-0.20,1.70,-0.013,-0.060,-0.016,2.28,-9.30,-0.63,0.000000,0.000000,4861.24
19.10,100493.13,40.99,69.49,9.68,-0.20,1.66,-0.013,-0.060,-0.017,1.78,-7.87,-1.54,0.000000,0.000000,4862.39
19.11,100497.72,40.98,69.11,9.68,-0.20,1.68,-0.013,-0.060,-0.016,2.28,-9.30,0.28,0.000000,0.000000,4863.54
19.28,100523.67,40.97,66.93,9.69,-0.19,1.65,-0.013,-0.059,-0.017,1.78,-8.35,-0.18,0.000000,0.000000,4864.70
19.09,100491.81,40.97,69.60,9.67,-0.21,1.67,-0.012,-0.060,-0.017,2.28,-8.82,1.63,0.000000,0.000000,4865.85
19.12,100500.45,40.96,68.88,9.70,-0.21,1.67,-0.013,-0.059,-0.016,2.78,-8.82,-1.54,0.000000,0.000000,4867.00
19.06,100487.34,40.96,69.98,9.68,-0.19,1.65,-0.013,-0.059,-0.016,2.28,-8.82,0.73,0.000000,0.000000,4868.15
19.07,100487.61,40.95,69.43,9.69,-0.21,1.65,-0.012,-0.059,-0.014,3.29,-9.30,1.63,0.000000,0.000000,4869.31
19.14,100501.44,40.96,68.79,9.68,-0.22,1.70,-0.012,-0.063,-0.020,1.78,-8.82,0.28,0.000000,0.000000,4870.46
19.21,100509.67,40.96,68.10,9.70,-0.24,1.65,-0.011,-0.063,-0.022,2.78,-7.87,1.63,0.000000,0.000000,4871.61
19.12,100496.59,40.94,69.20,9.68,-0.19,1.68,-0.013,-0.059,-0.013,1.78,-10.73,1.18,0.000000,0.000000,4872.77
19.02,100482.11,40.95,70.41,9.68,-0.19,1.67,-0.012,-0.062,-0.018,2.28,-8.35,0.73,0.000000,0.000000,4873.92
19.03,100485.25,40.94,70.15,9.70,-0.21,1.68,-0.013,-0.060,-0.017,3.29,-9.78,2.09,0.000000,0.000000,4875.07
19.23,100515.63,40.96,67.61,9.69,-0.18,1.66,-0.013,-0.060,-0.016,2.28,-8.82,-1.08,0.000000,0.000000,4876.23
19.23,100512.41,40.93,67.87,9.69,-0.20,1.68,-0.013,-0.061,-0.017,1.78,-8.82,1.63,0.000000,0.000000,4877.38
19.29,100524.37,40.93,66.87,9.67,-0.19,1.63,-0.011,-0.065,-0.023,1.78,-10.25,-0.18,0.000000,0.000000,4878.53
19.25,100512.52,40.93,67.87,9.67,-0.20,1.67,-0.012,-0.061,-0.018,2.78,-8.82,2.09,0.000000,0.000000,4879.68
19.10,100489.69,40.92,69.78,9.66,-0.21,1.65,-0.011,-0.060,-0.017,1.27,-8.35,1.18,0.000000,0.000000,4880.84
19.23,100509.00,40.92,68.16,9.68,-0.17,1.64,-0.013,-0.059,-0.014,1.27,-8.35,-1.08,0.000000,0.000000,4881.99
19.09,100492.50,40.87,69.54,9.70,-0.22,1.68,-0.013,-0.062,-0.019,2.28,-8.35,1.63,0.000000,0.000000,4883.14
19.29,100521.27,40.92,67.13,9.67,-0.18,1.64,-0.014,-0.059,-0.015,1.78,-9.30,-0.18,0.000000,0.000000,4884.30
19.13,100494.44,40.92,69.38,9.70,-0.21,1.65,-0.013,-0.061,-0.019,2.28,-7.87,1.63,0.000000,0.000000,4885.45
19.32,100523.16,40.93,66.97,9.69,-0.20,1.65,-0.013,-0.060,-0.016,2.28,-9.78,1.63,0.000000,0.000000,4886.60
19.31,100519.78,40.90,67.26,9.68,-0.20,1.65,-0.012,-0.060,-0.017,2.28,-8.82,-1.54,0.000000,0.000000,4887.76
19.26,100517.17,40.91,67.48,9.69,-0.23,1.67,-0.013,-0.060,-0.017,2.28,-7.87,1.18,0.000000,0.000000,4888.91
19.26,100515.08,40.94,67.65,9.69,-0.20,1.67,-0.013,-0.059,-0.016,1.27,-10.73,0.28,0.000000,0.000000,4890.06
19.30,100517.71,40.90,67.43,9.67,-0.19,1.67,-0.013,-0.060,-0.018,3.29,-7.87,1.18,0.000000,0.000000,4891.21
19.21,100505.38,40.90,68.46,9.69,-0.20,1.67,-0.012,-0.060,-0.017,0.77,-9.78,0.28,0.000000,0.000000,4892.37
19.22,100501.91,40.92,68.75,9.67,-0.21,1.68,-0.013,-0.060,-0.016,1.78,-8.82,-1.08,0.000000,0.000000,4893.52
19.19,100501.98,40.89,68.75,9.67,-0.22,1.67,-0.013,-0.060,-0.017,2.28,-8.82,0.73,0.000000,0.000000,4894.67
19.16,100497.05,40.88,69.16,9.67,-0.18,1.68,-0.013,-0.061,-0.015,1.78,-9.30,-1.54,0.000000,0.000000,4895.83
19.19,100502.42,40.86,68.71,9.70,-0.20,1.64,-0.014,-0.061,-0.017,3.29,-8.82,0.73,0.000000,0.000000,4896.98
19.34,100525.27,40.89,66.80,9.67,-0.19,1.66,-0.013,-0.061,-0.016,0.77,-9.78,-0.18,0.000000,0.000000,4898.13
19.36,100529.05,40.88,66.48,9.69,-0.21,1.64,-0.013,-0.059,-0.017,2.28,-8.82,1.63,0.000000,0.000000,4899.28
19.39,100534.24,40.90,66.05,9.68,-0.20,1.69,-0.012,-0.060,-0.017,3.79,-8.82,-0.18,0.000000,0.000000,4900.44
19.29,100512.97,40.91,67.83,9.69,-0.20,1.67,-0.012,-0.060,-0.017,1.78,-8.35,0.28,0.000000,0.000000,4901.59
19.30,100518.65,40.88,67.35,9.67,-0.19,1.67,-0.013,-0.061,-0.017,2.78,-9.30,0.73,0.000000,0.000000,4902.74
19.27,100511.70,40.87,67.93,9.69,-0.21,1.68,-0.013,-0.060,-0.016,2.28,-12.16,0.73,0.000000,0.000000,4903.90
19.34,100522.84,40.87,67.00,9.71,-0.20,1.66,-0.013,-0.059,-0.017,2.28,-8.35,0.73,0.000000,0.000000,4905.05
19.38,100527.54,40.89,66.61,9.69,-0.21,1.66,-0.012,-0.061,-0.017,0.77,-9.78,-0.18,0.000000,0.000000,4906.20
19.23,100507.06,40.86,68.32,9.67,-0.19,1.67,-0.013,-0.060,-0.017,1.78,-7.39,-0.63,0.000000,0.000000,4907.36
19.32,100521.23,40.87,67.13,9.68,-0.21,1.65,-0.013,-0.060,-0.017,1.78,-8.82,1.18,0.000000,0.000000,4908.51
19.30,100514.19,40.85,67.73,9.69,-0.21,1.68,-0.013,-0.059,-0.018,1.78,-10.73,-0.63,0.000000,0.000000,4909.66
19.30,100528.44,40.83,67.60,9.71,-0.19,1.68,-0.013,-0.060,-0.017,2.78,-7.87,1.63,0.000000,0.000000,4910.81
19.23,100503.04,40.85,68.66,9.68,-0.20,1.66,-0.013,-0.060,-0.016,1.78,-9.78,1.63,0.000000,0.000000,4911.97
19.22,100500.40,40.85,68.88,9.69,-0.21,1.66,-0.013,-0.059,-0.017,1.78,-8.82,-0.18,0.000000,0.000000,4913.12
19.33,100521.03,40.85,67.15,9.66,-0.19,1.68,-0.014,-0.060,-0.017,3.29,-9.30,1.18,0.000000,0.000000,4914.27
19.34,100520.14,40.85,67.23,9.69,-0.21,1.69,-0.012,-0.060,-0.016,2.28,-9.30,-1.54,0.000000,0.000000,4915.43
19.35,100524.39,40.84,66.87,9.67,-0.19,1.66,-0.012,-0.060,-0.017,2.78,-7.87,1.63,0.000000,0.000000,4916.58
19.28,100507.95,40.84,68.25,9.68,-0.20,1.68,-0.012,-0.061,-0.017,2.28,-10.25,0.28,0.000000,0.000000,4917.73
19.60,100560.22,40.84,63.87,9.67,-0.16,1.67,-0.013,-0.057,-0.013,1.78,-8.35,0.28,0.000000,0.000000,4918.88
19.59,100561.98,40.86,63.72,9.68,-0.20,1.67,-0.012,-0.062,-0.019,2.78,-9.30,1.63,0.000000,0.000000,4920.04
19.59,100559.73,40.83,63.91,9.70,-0.22,1.70,-0.013,-0.060,-0.017,2.28,-7.87,-1.54,0.000000,0.000000,4921.19
19.25,100509.84,40.82,68.09,9.69,-0.19,1.67,-0.013,-0.059,-0.016,1.78,-8.35,1.18,0.000000,0.000000,4922.34
19.22,100500.91,40.84,68.84,9.67,-0.20,1.66,-0.013,-0.062,-0.018,2.28,-7.87,0.28,0.000000,0.000000,4923.50
19.59,100555.03,40.80,64.30,9.69,-0.21,1.68,-0.013,-0.060,-0.016,1.27,-7.39,2.09,0.000000,0.000000,4924.65
19.53,100546.52,40.81,65.02,9.68,-0.18,1.68,-0.013,-0.059,-0.016,2.28,-9.30,0.73,0.000000,0.000000,4925.80
19.56,100551.13,40.80,64.63,9.69,-0.20,1.65,-0.013,-0.061,-0.017,1.27,-7.87,-0.63,0.000000,0.000000,4926.96
19.47,100539.28,40.80,65.62,9.69,-0.19,1.67,-0.012,-0.061,-0.017,1.78,-7.39,2.09,0.000000,0.000000,4928.11
19.51,100544.92,40.80,65.15,9.69,-0.19,1.67,-0.012,-0.060,-0.016,1.78,-10.73,-1.54,0.000000,0.000000,4929.26
19.51,100546.34,40.79,65.03,9.68,-0.34,1.72,-0.013,-0.058,-0.013,1.78,-8.35,2.09,0.000000,0.000000,4930.41
19.54,100546.86,40.79,64.99,9.66,-0.09,1.59,-0.014,-0.057,-0.012,1.78,-9.78,-0.63,0.000000,0.000000,4931.57
19.12,100479.39,40.76,70.64,9.68,-0.18,1.67,-0.012,-0.064,-0.022,1.78,-8.35,-0.63,0.000000,0.000000,4932.72
19.51,100545.36,40.79,65.11,9.70,-0.17,1.70,-0.013,-0.062,-0.017,1.78,-9.30,1.18,0.000000,0.000000,4933.87
19.53,100542.58,40.77,65.35,9.68,-0.19,1.64,-0.013,-0.059,-0.015,2.28,-9.78,-1.99,0.000000,0.000000,4935.03
19.50,100545.14,40.77,65.13,9.65,-0.18,1.61,-0.013,-0.060,-0.016,2.78,-8.35,1.63,0.000000,0.000000,4936.18
19.37,100520.20,40.75,67.22,9.69,-0.21,1.66,-0.012,-0.063,-0.018,1.78,-9.78,-0.18,0.000000,0.000000,4937.33
19.42,100526.72,40.79,66.68,9.69,-0.23,1.77,-0.011,-0.081,-0.039,1.78,-7.87,-0.63,0.000000,0.000000,4938.49
19.43,100528.18,40.76,66.55,9.68,-0.19,1.70,-0.013,-0.059,-0.013,2.28,-8.82,1.18,0.000000,0.000000,4939.64
19.39,100521.32,40.74,67.13,9.67,-0.19,1.68,-0.013,-0.060,-0.015,1.78,-8.35,0.28,0.000000,0.000000,4940.79
19.62,100561.06,40.75,63.80,9.70,-0.20,1.65,-0.012,-0.062,-0.019,2.28,-7.87,1.18,0.000000,0.000000,4941.94
19.47,100534.41,40.74,66.03,9.69,-0.20,1.67,-0.012,-0.063,-0.022,1.78,-9.30,-1.08,0.000000,0.000000,4943.10
19.56,100529.50,40.72,64.76,9.68,-0.18,1.66,-0.012,-0.058,-0.015,2.28,-8.82,0.28,0.000000,0.000000,4944.25
19.57,100550.89,40.75,64.65,9.71,-0.19,1.65,-0.013,-0.059,-0.015,2.28,-8.35,0.73,0.000000,0.000000,4945.40
19.34,100512.86,40.73,67.84,9.67,-0.20,1.64,-0.012,-0.061,-0.016,2.28,-8.35,-0.63,0.000000,0.000000,4946.56
19.43,100526.27,40.72,66.71,9.68,-0.17,1.65,-0.013,-0.061,-0.017,2.78,-8.35,0.73,0.000000,0.000000,4947.71
19.58,100551.44,40.73,64.60,9.71,-0.20,1.64,-0.013,-0.060,-0.017,1.78,-9.30,3.44,0.000000,0.000000,4948.86
19.44,100533.20,40.74,66.13,9.67,-0.19,1.67,-0.013,-0.060,-0.015,2.78,-8.35,2.09,0.000000,0.000000,4950.01
19.43,100527.61,40.72,66.60,9.66,-0.15,1.66,-0.014,-0.060,-0.017,2.78,-10.73,1.18,0.000000,0.000000,4951.17
19.68,100564.02,40.75,63.55,9.69,-0.17,1.66,-0.012,-0.062,-0.019,2.28,-8.82,-1.54,0.000000,0.000000,4952.32
19.54,100542.80,40.72,65.33,9.65,-0.23,1.65,-0.017,-0.049,0.002,2.28,-8.82,1.18,0.000000,0.000000,4953.47
19.46,100526.25,40.74,66.71,9.76,-0.29,1.73,-0.012,-0.063,-0.020,1.78,-10.73,1.18,0.000000,0.000000,4954.63
19.41,100521.30,40.70,67.13,9.66,-0.14,1.62,-0.014,-0.057,-0.013,2.78,-6.44,1.63,0.000000,0.000000,4955.78
19.47,100530.63,40.72,66.35,9.71,-0.14,1.62,-0.014,-0.059,-0.015,2.28,-9.78,0.73,0.000000,0.000000,4956.93
19.51,100532.94,40.69,66.15,9.67,-0.15,1.64,-0.013,-0.060,-0.016,2.28,-8.82,1.18,0.000000,0.000000,4958.09
19.53,100542.24,40.71,65.37,9.67,-0.20,1.68,-0.012,-0.061,-0.017,2.78,-9.30,1.63,0.000000,0.000000,4959.24
19.68,100562.86,40.68,63.65,9.69,-0.19,1.66,-0.012,-0.058,-0.013,1.78,-8.35,-0.63,0.000000,0.000000,4960.39
19.66,100560.47,40.69,63.85,9.69,-0.19,1.68,-0.012,-0.060,-0.017,3.79,-7.87,1.18,0.000000,0.000000,4961.54
19.47,100531.45,40.69,66.28,9.67,-0.18,1.64,-0.012,-0.061,-0.019,1.27,-10.73,-0.18,0.000000,0.000000,4962.70
19.48,100533.22,40.74,66.31,9.70,-0.22,1.72,-0.013,-0.062,-0.018,1.78,-7.87,1.63,0.000000,0.000000,4963.85
19.45,100528.36,40.69,66.54,9.69,-0.18,1.67,-0.013,-0.059,-0.014,1.78,-9.78,1.63,0.000000,0.000000,4965.00
19.62,100550.55,40.69,64.68,9.70,-0.20,1.64,-0.015,-0.058,-0.014,2.78,-8.35,-1.08,0.000000,0.000000,4966.16
19.71,100568.19,40.68,63.20,9.67,-0.17,1.67,-0.013,-0.060,-0.017,3.29,-7.87,0.28,0.000000,0.000000,4967.31
19.62,100549.20,40.69,64.79,9.69,-0.18,1.68,-0.014,-0.059,-0.015,2.28,-10.25,0.73,0.000000,0.000000,4968.46
19.54,100539.78,40.68,65.58,9.68,-0.15,1.65,-0.013,-0.060,-0.016,1.27,-8.82,1.63,0.000000,0.000000,4969.61
19.66,100554.79,40.68,64.32,9.70,-0.20,1.65,-0.013,-0.060,-0.018,1.27,-8.82,-0.18,0.000000,0.000000,4970.77
19.66,100553.25,40.68,64.45,9.69,-0.19,1.66,-0.012,-0.059,-0.016,2.78,-8.82,-1.54,0.000000,0.000000,4971.92
19.67,100561.27,40.67,63.78,9.69,-0.19,1.66,-0.012,-0.061,-0.018,2.28,-8.82,1.18,0.000000,0.000000,4973.07
19.72,100564.18,40.66,63.54,9.69,-0.20,1.68,-0.013,-0.060,-0.018,1.78,-10.25,-0.63,0.000000,0.000000,4974.23
19.60,100549.30,40.66,64.78,9.66,-0.19,1.66,-0.013,-0.059,-0.015,2.28,-7.39,2.54,0.000000,0.000000,4975.38
19.53,100537.61,40.66,65.76,9.67,-0.12,1.62,-0.014,-0.059,-0.014,2.28,-8.82,0.73,0.000000,0.000000,4976.53
19.62,100546.09,40.64,65.05,9.70,-0.20,1.70,-0.012,-0.064,-0.021,1.78,-8.82,1.18,0.000000,0.000000,4977.69
19.61,100548.08,40.65,64.89,9.70,-0.21,1.72,-0.013,-0.057,-0.013,1.78,-8.82,0.28,0.000000,0.000000,4978.84
19.62,100546.28,40.65,65.04,9.70,-0.16,1.63,-0.012,-0.060,-0.015,2.28,-8.35,-0.63,0.000000,0.000000,4979.99
19.60,100545.27,40.65,65.12,9.70,-0.25,1.70,-0.013,-0.060,-0.018,2.28,-8.35,2.54,0.000000,0.000000,4981.14
19.76,100570.14,40.64,63.04,9.68,-0.16,1.63,-0.013,-0.059,-0.014,2.28,-10.73,1.18,0.000000,0.000000,4982.30
19.75,100562.92,40.67,63.64,9.70,-0.18,1.68,-0.011,-0.062,-0.019,1.27,-8.35,1.18,0.000000,0.000000,4983.45
19.74,100564.69,40.63,63.49,9.73,-0.29,1.72,-0.013,-0.059,-0.015,2.78,-9.78,0.73,0.000000,0.000000,4984.60
19.88,100585.41,40.63,61.76,9.71,-0.23,1.68,-0.014,-0.057,-0.013,0.77,-8.82,-1.54,0.000000,0.000000,4985.76
19.74,100567.55,40.63,63.25,9.71,0.03,1.65,-0.012,-0.058,-0.014,2.78,-7.87,0.73,0.000000,0.000000,4986.91
19.68,100554.46,40.63,64.35,9.69,-0.21,1.63,-0.013,-0.059,-0.014,1.78,-10.73,-2.89,0.000000,0.000000,4988.06
19.63,100553.73,40.64,64.41,9.68,-0.18,1.68,-0.012,-0.060,-0.017,3.29,-7.87,1.63,0.000000,0.000000,4989.22
19.72,100563.77,40.63,63.57,9.69,-0.19,1.69,-0.012,-0.060,-0.017,1.27,-9.30,0.73,0.000000,0.000000,4990.37
19.50,100526.75,40.61,66.67,9.71,-0.19,1.65,-0.012,-0.060,-0.016,2.28,-8.35,-1.99,0.000000,0.000000,4991.52
19.72,100562.67,40.62,63.66,9.69,-0.21,1.67,-0.013,-0.060,-0.016,3.29,-8.35,1.18,0.000000,0.000000,4992.67
19.72,100557.32,40.61,64.11,9.70,-0.19,1.63,-0.012,-0.059,-0.015,1.27,-10.73,-1.99,0.000000,0.000000,4993.83
19.58,100540.70,40.63,65.50,9.68,-0.17,1.68,-0.012,-0.060,-0.016,1.78,-8.35,0.73,0.000000,0.000000,4994.98
19.68,100552.38,40.64,64.53,9.69,-0.20,1.67,-0.013,-0.060,-0.018,1.78,-9.30,0.73,0.000000,0.000000,4996.13
19.73,100560.05,40.63,63.88,9.69,-0.18,1.67,-0.013,-0.060,-0.017,1.78,-9.30,1.18,0.000000,0.000000,4997.29
19.56,100535.25,40.59,65.96,9.67,-0.19,1.68,-0.013,-0.060,-0.017,2.78,-9.30,-0.63,0.000000,0.000000,4998.44
19.67,100551.36,40.59,64.61,9.71,-0.23,1.70,-0.013,-0.060,-0.016,2.28,-8.82,0.73,0.000000,0.000000,4999.59
19.75,100562.97,40.59,63.64,9.67,-0.17,1.66,-0.012,-0.060,-0.015,3.29,-8.82,2.54,0.000000,0.000000,5000.75
19.66,100545.55,40.61,65.10,9.66,-0.20,1.68,-0.013,-0.058,-0.012,2.28,-9.78,0.73,0.000000,0.000000,5001.90
19.78,100562.57,40.60,63.67,9.68,-0.17,1.62,-0.013,-0.061,-0.016,2.28,-8.35,1.63,0.000000,0.000000,5003.05
19.81,100571.30,40.58,62.94,9.69,-0.17,1.66,-0.011,-0.062,-0.018,1.78,-8.82,-0.18,0.000000,0.000000,5004.21
19.73,100559.13,40.60,63.96,9.69,-0.20,1.65,-0.011,-0.061,-0.017,1.27,-8.35,-0.18,0.000000,0.000000,5005.36
19.37,100501.67,40.58,68.77,9.69,-0.18,1.67,-0.013,-0.059,-0.015,1.78,-8.82,2.09,0.000000,0.000000,5006.51
19.70,100551.52,40.58,64.60,9.70,-0.22,1.64,-0.012,-0.060,-0.016,1.78,-11.68,-0.18,0.000000,0.000000,5007.67
19.72,100557.54,40.58,64.09,9.66,-0.17,1.66,-0.012,-0.060,-0.015,2.28,-7.87,1.18,0.000000,0.000000,5008.82
19.67,100550.04,40.57,64.72,9.69,-0.21,1.67,-0.012,-0.063,-0.020,1.78,-8.82,0.28,0.000000,0.000000,5009.97
19.68,100550.00,40.59,64.72,9.69,-0.23,1.70,-0.013,-0.061,-0.018,2.28,-8.82,0.28,0.000000,0.000000,5011.12
19.50,100523.05,40.57,66.98,9.67,-0.15,1.66,-0.013,-0.058,-0.013,2.28,-7.39,1.18,0.000000,0.000000,5012.27
19.74,100559.34,40.56,63.94,9.69,-0.16,1.63,-0.013,-0.060,-0.016,2.28,-11.21,0.73,0.000000,0.000000,5013.43
19.50,100522.23,40.56,67.05,9.68,-0.17,1.65,-0.013,-0.061,-0.017,2.78,-8.35,2.99,0.000000,0.000000,5014.58
19.64,100541.45,40.56,65.44,9.70,-0.15,1.63,-0.012,-0.060,-0.018,1.78,-8.35,0.28,0.000000,0.000000,5015.73
19.64,100539.91,40.59,65.57,9.68,-0.20,1.72,-0.013,-0.063,-0.019,2.78,-8.82,-0.18,0.000000,0.000000,5016.89
19.61,100539.69,40.55,65.59,9.85,-0.20,1.72,-0.015,-0.055,-0.009,3.79,-9.78,2.09,0.000000,0.000000,5018.04
19.57,100529.77,40.55,66.42,9.66,-0.14,1.65,-0.014,-0.060,-0.016,3.29,-9.30,-0.63,0.000000,0.000000,5019.19
19.17,100465.00,40.55,71.85,9.69,-0.21,1.69,-0.012,-0.061,-0.017,2.28,-8.35,1.63,0.000000,0.000000,5020.35
19.43,100503.53,40.52,68.62,9.66,-0.19,1.71,-0.011,-0.064,-0.023,1.27,-8.82,-0.18,0.000000,0.000000,5021.50
19.37,100497.64,40.53,69.11,9.69,-0.19,1.69,-0.011,-0.060,-0.015,2.28,-8.82,0.73,0.000000,0.000000,5022.65
19.62,100537.53,40.52,65.77,9.70,-0.19,1.68,-0.012,-0.060,-0.017,3.29,-9.78,0.28,0.000000,0.000000,5023.80
19.54,100523.26,40.54,66.97,9.70,-0.20,1.67,-0.013,-0.061,-0.018,1.78,-8.35,-0.18,0.000000,0.000000,5024.96
19.56,100527.63,40.53,66.60,9.69,-0.18,1.65,-0.012,-0.060,-0.017,2.28,-7.87,1.18,0.000000,0.000000,5026.11
19.46,100510.55,40.52,68.03,9.67,-0.22,1.68,-0.010,-0.062,-0.021,1.78,-9.78,-0.18,0.000000,0.000000,5027.26
19.57,100527.89,40.53,66.58,9.68,-0.20,1.67,-0.012,-0.061,-0.018,2.78,-7.39,1.18,0.000000,0.000000,5028.42
19.67,100541.57,40.51,65.43,9.72,-0.22,1.67,-0.013,-0.059,-0.015,0.27,-8.35,0.73,0.000000,0.000000,5029.57
19.40,100503.58,40.53,68.61,9.67,-0.15,1.65,-0.012,-0.063,-0.020,1.78,-7.87,0.28,0.000000,0.000000,5030.72
19.38,100499.33,40.51,68.97,9.66,-0.18,1.68,-0.014,-0.056,-0.009,2.28,-9.78,1.63,0.000000,0.000000,5031.88
19.31,100482.95,40.50,70.34,9.69,-0.16,1.65,-0.015,-0.057,-0.011,2.28,-7.87,-0.18,0.000000,0.000000,5033.03
19.55,100522.95,40.50,66.99,9.68,-0.20,1.66,-0.011,-0.063,-0.021,3.29,-8.35,0.28,0.000000,0.000000,5034.18
19.55,100520.86,40.50,67.17,9.70,-0.23,1.69,-0.012,-0.062,-0.022,1.78,-10.73,0.73,0.000000,0.000000,5035.34
19.52,100522.13,40.51,67.06,9.68,-0.19,1.69,-0.013,-0.059,-0.014,2.78,-8.82,1.18,0.000000,0.000000,5036.49
19.68,100542.95,40.49,65.32,9.69,-0.19,1.68,-0.012,-0.061,-0.016,1.27,-9.78,0.28,0.000000,0.000000,5037.64
19.59,100525.81,40.50,66.75,9.70,-0.17,1.64,-0.013,-0.062,-0.018,2.28,-8.35,-0.63,0.000000,0.000000,5038.79
19.60,100531.08,40.49,66.31,9.70,-0.19,1.68,-0.012,-0.061,-0.018,2.28,-9.30,2.54,0.000000,0.000000,5039.95
19.53,100518.98,40.48,67.32,9.67,-0.16,1.62,-0.013,-0.062,-0.017,1.78,-9.78,0.73,0.000000,0.000000,5041.10
19.63,100535.42,40.49,65.95,9.65,-0.17,1.65,-0.012,-0.060,-0.016,2.28,-7.87,1.18,0.000000,0.000000,5042.25
19.59,100527.33,40.47,66.62,9.69,-0.17,1.64,-0.012,-0.062,-0.018,1.78,-10.25,1.18,0.000000,0.000000,5043.41
19.79,100556.05,40.46,64.22,9.69,-0.18,1.68,-0.012,-0.062,-0.019,1.78,-8.35,-2.44,0.000000,0.000000,5044.56
19.77,100555.01,40.47,64.31,9.68,-0.22,1.69,-0.013,-0.058,-0.014,2.78,-9.78,1.18,0.000000,0.000000,5045.71
19.74,100550.92,40.47,64.65,9.68,-0.18,1.63,-0.012,-0.061,-0.016,1.27,-8.35,0.73,0.000000,0.000000,5046.86
19.66,100538.84,40.47,65.66,9.72,-0.18,1.67,-0.012,-0.064,-0.021,2.28,-8.35,2.54,0.000000,0.000000,5048.02
19.70,100543.88,40.46,65.24,9.67,-0.18,1.65,-0.013,-0.058,-0.014,2.28,-8.35,2.09,0.000000,0.000000,5049.17
19.65,100538.02,40.47,65.73,9.65,-0.18,1.63,-0.012,-0.060,-0.017,2.28,-8.35,2.99,0.000000,0.000000,5050.32
19.63,100532.73,40.44,66.17,9.69,-0.17,1.67,-0.013,-0.061,-0.018,2.78,-6.92,1.18,0.000000,0.000000,5051.48
19.70,100540.63,40.45,65.51,9.67,-0.22,1.67,-0.013,-0.059,-0.017,1.78,-8.35,-0.63,0.000000,0.000000,5052.63
19.77,100553.56,40.48,64.43,9.70,-0.18,1.64,-0.013,-0.060,-0.018,2.28,-8.35,1.63,0.000000,0.000000,5053.78
19.73,100544.02,40.49,65.23,9.71,-0.21,1.69,-0.012,-0.061,-0.018,2.28,-10.73,-0.63,0.000000,0.000000,5054.94
19.68,100542.88,40.45,65.32,9.69,-0.18,1.68,-0.013,-0.061,-0.018,2.28,-7.87,1.18,0.000000,0.000000,5056.09
19.67,100540.55,40.44,65.52,9.67,-0.17,1.63,-0.012,-0.062,-0.019,2.28,-10.25,0.73,0.000000,0.000000,5057.24
19.59,100521.81,40.44,67.09,9.71,-0.23,1.68,-0.012,-0.061,-0.020,2.28,-8.82,0.28,0.000000,0.000000,5058.39
19.33,100485.21,40.44,70.15,9.70,-0.19,1.69,-0.012,-0.059,-0.017,2.78,-10.25,1.18,0.000000,0.000000,5059.55
19.52,100513.97,40.43,67.74,9.71,-0.18,1.68,-0.013,-0.063,-0.020,2.28,-8.82,-1.08,0.000000,0.000000,5060.70
19.07,100443.95,40.43,73.61,9.69,-0.17,1.69,-0.013,-0.059,-0.015,1.78,-9.78,1.18,0.000000,0.000000,5061.85
19.08,100445.48,40.42,73.48,9.69,-0.22,1.69,-0.012,-0.061,-0.018,2.28,-12.16,0.28,0.000000,0.000000,5063.01
19.03,100439.07,40.42,74.02,9.69,-0.19,1.67,-0.013,-0.060,-0.017,2.28,-8.82,1.18,0.000000,0.000000,5064.16
19.28,100478.36,40.42,70.73,9.68,-0.20,1.67,-0.012,-0.061,-0.015,1.78,-10.25,1.18,0.000000,0.000000,5065.31
18.40,100333.54,40.40,82.87,9.67,-0.18,1.67,-0.012,-0.066,-0.027,1.78,-8.82,-1.54,0.000000,0.000000,5066.47
19.25,100468.56,40.41,71.55,9.69,-0.20,1.66,-0.013,-0.058,-0.015,2.28,-8.35,0.73,0.000000,0.000000,5067.62
19.52,100512.13,40.41,67.90,9.69,-0.19,1.64,-0.013,-0.061,-0.018,1.78,-8.82,-1.08,0.000000,0.000000,5068.77
19.56,100521.22,40.44,67.14,9.71,-0.20,1.68,-0.013,-0.062,-0.019,2.28,-8.35,0.73,0.000000,0.000000,5069.92
19.41,100493.88,40.40,69.43,9.72,-0.16,1.61,-0.011,-0.059,-0.017,1.78,-9.78,0.73,0.000000,0.000000,5071.08
19.47,100505.47,40.41,68.46,9.66,-0.21,1.71,-0.013,-0.059,-0.016,1.78,-8.35,1.63,0.000000,0.000000,5072.23
18.57,100363.83,40.40,80.33,9.68,-0.17,1.66,-0.012,-0.062,-0.019,2.28,-10.73,-0.18,0.000000,0.000000,5073.38
18.43,100334.27,40.39,82.81,9.70,-0.21,1.65,-0.014,-0.061,-0.018,1.78,-7.87,0.28,0.000000,0.000000,5074.53
18.99,100427.44,40.39,75.00,9.66,-0.16,1.66,-0.013,-0.060,-0.016,2.78,-9.78,0.73,0.000000,0.000000,5075.69
19.23,100464.61,40.38,71.88,9.69,-0.19,1.71,-0.012,-0.061,-0.018,2.28,-9.30,-0.18,0.000000,0.000000,5076.85
18.99,100427.10,40.39,75.03,9.67,-0.19,1.66,-0.012,-0.060,-0.015,1.27,-8.35,1.18,0.000000,0.000000,5077.99
18.99,100428.56,40.38,74.90,9.68,-0.21,1.72,-0.013,-0.057,-0.012,1.78,-11.68,-0.63,0.000000,0.000000,5079.15
18.12,100291.95,40.37,86.37,9.67,-0.20,1.66,-0.011,-0.060,-0.017,2.28,-8.82,1.63,0.000000,0.000000,5080.30
18.06,100280.61,40.37,87.32,9.69,-0.18,1.66,-0.011,-0.062,-0.017,2.28,-11.21,-1.08,0.000000,0.000000,5081.46
17.78,100418.93,40.36,91.93,9.71,-0.23,1.71,-0.012,-0.061,-0.018,2.28,-9.30,2.09,0.000000,0.000000,5082.61
18.96,100419.72,40.35,75.65,9.69,-0.17,1.63,-0.014,-0.056,-0.013,2.78,-9.30,0.73,0.000000,0.000000,5083.76
18.86,100400.90,40.39,77.22,9.67,-0.21,1.69,-0.012,-0.060,-0.017,2.28,-8.82,-2.44,0.000000,0.000000,5084.91
18.66,100371.35,40.34,79.70,9.69,-0.19,1.66,-0.012,-0.061,-0.018,3.29,-9.78,1.63,0.000000,0.000000,5086.06
18.10,100284.08,40.37,87.03,9.68,-0.19,1.66,-0.012,-0.061,-0.018,2.28,-11.21,0.73,0.000000,0.000000,5087.22
18.06,100282.02,40.35,87.20,9.69,-0.19,1.62,-0.013,-0.060,-0.017,3.29,-7.87,2.54,0.000000,0.000000,5088.37
17.64,100211.24,40.34,93.14,9.70,-0.18,1.63,-0.012,-0.061,-0.018,2.28,-10.25,1.63,0.000000,0.000000,5089.52
18.94,100415.84,40.35,75.97,9.70,-0.23,1.67,-0.012,-0.064,-0.020,2.78,-8.82,2.54,0.000000,0.000000,5090.68
18.48,100341.55,40.33,82.20,9.69,-0.21,1.67,-0.013,-0.059,-0.017,3.79,-9.30,1.18,0.000000,0.000000,5091.83
18.11,100283.94,40.33,87.04,9.68,-0.15,1.67,-0.013,-0.059,-0.014,2.28,-9.30,-0.18,0.000000,0.000000,5092.98
18.46,100339.09,40.33,82.41,9.67,-0.18,1.66,-0.013,-0.061,-0.017,2.28,-9.30,2.54,0.000000,0.000000,5094.14
19.17,100448.69,40.33,73.22,9.68,-0.17,1.67,-0.013,-0.061,-0.018,1.78,-11.68,-0.63,0.000000,0.000000,5095.29
17.13,100134.80,40.31,99.57,9.68,-0.19,1.67,-0.013,-0.060,-0.018,4.29,-9.78,2.54,0.000000,0.000000,5096.44
17.00,100098.73,40.27,102.60,9.70,-0.22,1.67,-0.012,-0.062,-0.018,2.78,-12.16,0.73,0.000000,0.000000,5097.60
16.98,100105.23,40.27,102.05,9.66,-0.16,1.66,-0.012,-0.062,-0.018,3.79,-9.78,0.73,0.000000,0.000000,5098.75
17.01,100100.92,40.25,102.42,9.69,-0.19,1.69,-0.013,-0.062,-0.019,2.28,-12.16,1.63,0.000000,0.000000,5099.90
17.23,100147.45,40.25,98.50,9.71,-0.21,1.69,-0.013,-0.065,-0.020,2.78,-9.78,2.09,0.000000,0.000000,5101.05
16.82,100072.25,40.24,104.83,9.67,-0.18,1.72,-0.014,-0.059,-0.015,3.29,-11.21,0.28,0.000000,0.000000,5102.21
17.41,100173.52,40.22,96.31,9.67,-0.18,1.64,-0.013,-0.060,-0.016,2.28,-10.25,-1.54,0.000000,0.000000,5103.36
16.70,100053.42,40.20,106.41,9.71,-0.20,1.67,-0.012,-0.063,-0.019,2.28,-10.25,-0.63,0.000000,0.000000,5104.52
17.34,100162.03,40.24,97.28,9.69,-0.20,1.67,-0.013,-0.058,-0.015,2.78,-10.25,1.18,0.000000,0.000000,5105.67
16.52,100021.89,40.19,109.06,9.69,-0.20,1.66,-0.013,-0.060,-0.017,2.78,-11.68,2.09,0.000000,0.000000,5106.82
17.33,100163.31,40.19,97.17,9.69,-0.20,1.70,-0.013,-0.062,-0.017,1.78,-9.78,0.28,0.000000,0.000000,5107.97
16.39,99998.48,40.17,111.03,9.69,-0.20,1.67,-0.013,-0.061,-0.016,3.79,-10.73,2.99,0.000000,0.000000,5109.13
17.25,100135.00,40.19,98.51,9.69,-0.20,1.68,-0.013,-0.061,-0.017,2.28,-9.30,1.18,0.000000,0.000000,5110.28
16.40,100002.98,40.16,110.65,9.68,-0.19,1.69,-0.012,-0.061,-0.017,3.29,-9.30,1.63,0.000000,0.000000,5111.43
17.36,100152.80,40.15,98.05,9.69,-0.21,1.63,-0.013,-0.060,-0.016,2.28,-10.73,0.28,0.000000,0.000000,5112.58
16.52,100022.31,40.17,109.03,9.70,-0.18,1.66,-0.012,-0.062,-0.020,1.78,-11.21,1.18,0.000000,0.000000,5113.74
17.45,100163.71,40.15,97.14,9.70,-0.21,1.67,-0.012,-0.060,-0.017,2.28,-13.11,-0.18,0.000000,0.000000,5114.89
16.70,100054.52,40.16,106.32,9.69,-0.19,1.64,-0.013,-0.058,-0.015,3.29,-8.82,2.09,0.000000,0.000000,5116.04
17.29,100142.64,40.18,98.91,9.74,-0.25,1.72,-0.013,-0.058,-0.012,2.28,-11.21,0.28,0.000000,0.000000,5117.20
16.82,100074.42,40.12,104.64,9.69,-0.17,1.61,-0.014,-0.058,-0.014,1.27,-9.78,2.54,0.000000,0.000000,5118.35
17.14,100116.27,40.14,101.12,9.69,-0.20,1.67,-0.012,-0.062,-0.019,2.78,-10.73,0.73,0.000000,0.000000,5119.50
16.93,100090.52,40.11,103.29,9.68,-0.21,1.69,-0.013,-0.060,-0.017,3.29,-9.30,2.09,0.000000,0.000000,5120.66
17.01,100093.38,40.11,103.05,9.67,-0.17,1.70,-0.014,-0.060,-0.017,2.28,-11.68,2.09,0.000000,0.000000,5121.81
17.18,100133.34,40.11,99.69,9.69,-0.21,1.68,-0.013,-0.060,-0.019,3.29,-8.82,1.18,0.000000,0.000000,5122.96
17.01,100093.66,40.11,103.03,9.69,-0.20,1.68,-0.013,-0.058,-0.015,2.78,-12.16,-0.18,0.000000,0.000000,5124.12
17.29,100147.06,40.11,98.54,9.67,-0.21,1.63,-0.012,-0.060,-0.016,2.28,-9.78,-0.63,0.000000,0.000000,5125.27
16.85,100067.83,40.09,105.20,9.67,-0.19,1.69,-0.013,-0.060,-0.016,2.78,-11.21,2.09,0.000000,0.000000,5126.42
17.08,100109.53,40.10,101.69,9.68,-0.21,1.66,-0.014,-0.059,-0.017,1.27,-9.30,-1.08,0.000000,0.000000,5127.57
16.72,100046.47,40.10,106.99,9.69,-0.16,1.66,-0.012,-0.060,-0.018,2.28,-11.68,0.28,0.000000,0.000000,5128.73
17.41,100168.41,40.10,96.74,9.69,-0.19,1.66,-0.012,-0.061,-0.017,2.28,-10.25,-0.63,0.000000,0.000000,5129.88
16.66,100039.72,40.10,107.56,9.70,-0.21,1.70,-0.013,-0.061,-0.018,4.79,-11.68,2.54,0.000000,0.000000,5131.03
17.42,100167.72,40.11,96.80,9.69,-0.21,1.65,-0.013,-0.059,-0.015,2.28,-9.78,-1.54,0.000000,0.000000,5132.19
16.45,100007.78,40.08,110.25,9.69,-0.17,1.64,-0.013,-0.060,-0.016,2.78,-10.25,1.63,0.000000,0.000000,5133.34
17.44,100167.81,40.03,96.60,9.68,-0.21,1.66,-0.012,-0.061,-0.016,2.28,-10.25,1.63,0.000000,0.000000,5134.49
16.59,100026.69,40.09,108.66,9.70,-0.21,1.72,-0.013,-0.059,-0.015,3.29,-9.78,2.54,0.000000,0.000000,5135.64
17.50,100169.73,40.08,96.63,9.66,-0.19,1.67,-0.013,-0.060,-0.016,3.29,-10.25,-0.18,0.000000,0.000000,5136.80
16.61,100031.63,40.07,108.24,9.68,-0.17,1.66,-0.014,-0.058,-0.013,2.78,-9.30,0.73,0.000000,0.000000,5137.95
17.52,100173.84,40.08,96.29,9.70,-0.17,1.63,-0.013,-0.061,-0.019,3.29,-11.68,0.28,0.000000,0.000000,5139.10
16.75,100056.38,40.07,106.16,9.69,-0.20,1.66,-0.013,-0.059,-0.015,3.29,-10.73,3.90,0.000000,0.000000,5140.26
17.43,100157.78,40.08,97.64,9.69,-0.17,1.66,-0.012,-0.059,-0.016,2.28,-12.16,1.18,0.000000,0.000000,5141.41
16.95,100089.62,40.07,103.37,9.60,-0.17,1.64,-0.011,-0.067,-0.025,4.29,-10.73,2.09,0.000000,0.000000,5142.56
17.22,100123.25,40.06,100.54,9.67,-0.20,1.67,-0.013,-0.062,-0.018,2.78,-12.64,2.54,0.000000,0.000000,5143.72
17.05,100104.13,40.06,102.14,9.70,-0.15,1.67,-0.013,-0.057,-0.012,1.78,-9.78,1.63,0.000000,0.000000,5144.87
17.13,100109.11,40.04,101.73,9.70,-0.18,1.64,-0.013,-0.058,-0.013,2.28,-11.68,1.63,0.000000,0.000000,5146.02
17.26,100140.25,40.06,99.11,9.70,-0.23,1.70,-0.013,-0.059,-0.017,2.78,-10.25,0.73,0.000000,0.000000,5147.17
16.95,100081.31,40.06,104.06,9.69,-0.16,1.63,-0.011,-0.062,-0.020,1.78,-11.68,1.18,0.000000,0.000000,5148.33
17.29,100145.73,40.06,98.65,9.70,-0.23,1.68,-0.013,-0.060,-0.015,2.28,-9.30,1.63,0.000000,0.000000,5149.48
16.72,100046.97,40.05,106.95,9.68,-0.19,1.69,-0.012,-0.060,-0.017,2.28,-12.16,-0.18,0.000000,0.000000,5150.63
17.41,100165.13,40.05,97.02,9.67,-0.18,1.66,-0.012,-0.061,-0.019,2.78,-10.25,-1.54,0.000000,0.000000,5151.79
16.59,100026.09,40.07,108.71,9.70,-0.15,1.61,-0.014,-0.056,-0.010,1.78,-10.73,4.35,0.000000,0.000000,5152.94
17.35,100156.38,40.05,97.75,9.68,-0.16,1.65,-0.012,-0.063,-0.020,1.78,-9.78,0.28,0.000000,0.000000,5154.09
16.42,99997.12,40.03,111.15,9.69,-0.21,1.68,-0.012,-0.061,-0.018,3.29,-11.21,2.09,0.000000,0.000000,5155.24
17.32,100150.58,40.04,98.24,9.68,-0.18,1.66,-0.012,-0.061,-0.018,2.28,-9.78,-1.54,0.000000,0.000000,5156.40
16.40,99995.20,40.03,111.31,9.69,-0.18,1.69,-0.013,-0.060,-0.017,3.29,-9.78,1.63,0.000000,0.000000,5157.55
17.28,100142.41,40.06,98.76,9.67,-0.23,1.66,-0.012,-0.061,-0.019,2.28,-10.25,0.73,0.000000,0.000000,5158.70
16.41,99995.66,40.04,111.27,9.71,-0.20,1.69,-0.012,-0.063,-0.020,2.78,-10.73,2.09,0.000000,0.000000,5159.86
17.48,100162.13,40.03,97.27,9.67,-0.19,1.66,-0.013,-0.060,-0.017,2.28,-9.78,-0.63,0.000000,0.000000,5161.01
16.54,100022.67,40.03,109.00,9.68,-0.19,1.65,-0.013,-0.059,-0.015,3.79,-10.73,0.73,0.000000,0.000000,5162.16
17.41,100153.44,40.04,98.00,9.65,-0.18,1.64,-0.011,-0.058,-0.015,2.78,-9.78,1.63,0.000000,0.000000,5163.31
16.67,100043.50,40.03,107.24,9.68,-0.23,1.73,-0.014,-0.061,-0.018,2.78,-10.25,3.44,0.000000,0.000000,5164.47
17.26,100128.22,40.03,100.12,9.68,-0.15,1.63,-0.014,-0.061,-0.017,2.28,-9.78,0.28,0.000000,0.000000,5165.62
16.71,100049.82,40.04,106.71,9.53,-0.26,1.63,-0.019,-0.047,0.002,2.28,-10.25,1.63,0.000000,0.000000,5166.77
17.21,100122.46,40.03,100.60,9.72,-0.22,1.67,-0.013,-0.057,-0.013,2.28,-11.21,-1.99,0.000000,0.000000,5167.93
17.06,100107.27,40.05,101.88,9.71,-0.20,1.67,-0.012,-0.063,-0.019,2.78,-9.78,2.99,0.000000,0.000000,5169.08
17.16,100113.36,40.03,101.37,9.98,-0.46,1.90,-0.014,-0.054,-0.009,1.27,-13.11,-1.08,0.000000,0.000000,5170.24
17.12,100116.86,40.04,101.08,9.70,-0.34,1.76,-0.012,-0.059,-0.015,2.78,-10.25,2.54,0.000000,0.000000,5171.39
17.03,100093.19,40.03,103.07,9.65,-0.21,1.70,-0.012,-0.060,-0.016,2.28,-9.78,-1.08,0.000000,0.000000,5172.54
19.39,100468.59,40.08,71.55,9.70,-0.28,1.79,-0.011,-0.074,-0.041,1.78,-7.87,2.09,0.000000,0.000000,5173.69
19.52,100492.24,40.08,69.56,9.69,-0.23,1.72,-0.013,-0.060,-0.016,1.27,-10.73,-0.18,0.000000,0.000000,5174.85
18.98,100409.55,40.09,76.50,9.67,-0.27,1.72,-0.012,-0.056,-0.013,2.78,-8.35,1.63,0.000000,0.000000,5176.00
19.56,100500.65,40.10,68.86,9.72,-0.28,1.70,-0.012,-0.062,-0.019,1.27,-9.78,0.28,0.000000,0.000000,5177.15
19.42,100478.95,40.11,70.68,9.68,-0.31,1.74,-0.013,-0.061,-0.017,1.78,-8.35,-2.44,0.000000,0.000000,5178.30
19.33,100468.81,40.12,71.53,9.66,-0.24,1.65,-0.013,-0.060,-0.018,1.78,-10.25,-0.18,0.000000,0.000000,5179.46
18.93,100404.04,40.12,76.96,9.70,-0.28,1.72,-0.013,-0.060,-0.017,1.27,-8.82,0.73,0.000000,0.000000,5180.61
18.87,100393.22,40.14,77.87,9.67,-0.23,1.73,-0.013,-0.058,-0.014,2.78,-8.82,1.18,0.000000,0.000000,5181.76
19.41,100477.33,40.14,70.81,9.69,-0.25,1.62,-0.014,-0.071,-0.028,1.78,-10.25,1.63,0.000000,0.000000,5182.92
19.46,100488.73,40.18,69.86,9.68,-0.19,1.65,-0.012,-0.064,-0.023,2.78,-8.82,0.73,0.000000,0.000000,5184.07
19.29,100462.96,40.15,72.02,9.72,-0.13,1.68,-0.013,-0.062,-0.019,1.78,-10.25,-0.18,0.000000,0.000000,5185.22
19.27,100456.07,40.16,72.60,9.71,-0.21,1.71,-0.011,-0.064,-0.022,2.78,-8.82,0.73,0.000000,0.000000,5186.37
19.28,100458.88,40.18,72.36,9.71,-0.23,1.65,-0.014,-0.055,-0.009,1.27,-9.30,0.73,0.000000,0.000000,5187.53
18.97,100406.59,40.19,76.75,9.71,-0.17,1.64,-0.017,-0.052,-0.005,2.28,-8.35,-0.18,0.000000,0.000000,5188.68
19.26,100457.96,40.17,72.44,9.62,-0.16,1.67,-0.011,-0.057,-0.014,1.78,-8.82,-0.63,0.000000,0.000000,5189.83
19.38,100470.72,40.17,71.37,9.71,-0.24,1.72,-0.012,-0.066,-0.024,2.28,-8.82,-0.63,0.000000,0.000000,5190.99
19.47,100494.48,40.18,69.38,9.72,-0.14,1.53,-0.013,-0.056,-0.007,2.78,-8.35,0.73,0.000000,0.000000,5192.14
19.45,100487.53,40.17,69.96,9.74,-0.19,1.68,-0.009,-0.067,-0.026,2.28,-8.82,0.73,0.000000,0.000000,5193.29
19.65,100515.05,40.20,67.65,9.69,-0.18,1.67,-0.013,-0.062,-0.019,2.28,-8.82,2.54,0.000000,0.000000,5194.44
19.63,100517.20,40.19,67.47,9.52,-0.20,1.60,-0.013,-0.056,-0.012,1.27,-10.25,0.73,0.000000,0.000000,5195.60
18.98,100413.56,40.18,76.16,9.60,-0.31,1.77,-0.011,-0.073,-0.036,1.78,-7.87,-1.99,0.000000,0.000000,5196.75
18.76,100379.13,40.18,79.05,9.69,-0.15,1.63,-0.012,-0.061,-0.017,2.28,-10.73,1.18,0.000000,0.000000,5197.90
19.30,100461.33,40.17,72.16,9.67,-0.19,1.69,-0.013,-0.057,-0.012,1.78,-8.35,-0.18,0.000000,0.000000,5199.06
19.27,100456.74,40.24,72.15,9.80,-0.40,1.77,-0.018,-0.041,0.005,2.78,-8.35,1.18,0.000000,0.000000,5200.21
19.48,100494.99,40.18,69.33,9.68,-0.27,1.69,-0.013,-0.059,-0.016,2.28,-11.68,2.09,0.000000,0.000000,5201.36
19.39,100477.25,40.19,70.82,9.64,-0.15,1.63,-0.012,-0.062,-0.021,2.28,-8.82,1.63,0.000000,0.000000,5202.51
18.95,100414.38,40.19,76.09,9.72,-0.25,1.73,-0.012,-0.070,-0.031,2.28,-8.82,1.18,0.000000,0.000000,5203.67
18.92,100401.02,40.18,77.21,9.69,-0.23,1.69,-0.012,-0.058,-0.013,2.78,-8.82,0.73,0.000000,0.000000,5204.82
18.55,100346.19,40.19,81.81,9.70,-0.24,1.67,-0.012,-0.064,-0.021,1.27,-9.30,1.18,0.000000,0.000000,5205.97
19.51,100493.99,40.19,69.42,9.71,-0.17,1.68,-0.013,-0.062,-0.019,1.78,-8.35,-1.08,0.000000,0.000000,5207.13
19.29,100460.44,40.25,72.08,9.56,-0.15,1.65,-0.009,-0.065,-0.019,2.78,-9.30,1.63,0.000000,0.000000,5208.28
19.25,100457.58,40.20,72.47,9.64,-0.16,1.65,-0.014,-0.057,-0.011,2.28,-8.82,-1.08,0.000000,0.000000,5209.43
19.20,100449.15,40.21,73.18,9.67,-0.15,1.62,-0.012,-0.061,-0.018,3.29,-7.39,1.18,0.000000,0.000000,5210.59
18.93,100407.34,40.21,76.68,9.68,-0.19,1.64,-0.013,-0.061,-0.018,1.78,-9.30,-0.18,0.000000,0.000000,5211.74
18.98,100414.59,40.23,76.08,9.70,-0.20,1.71,-0.012,-0.061,-0.018,2.78,-8.82,1.63,0.000000,0.000000,5212.89
19.35,100470.43,40.20,71.39,9.68,-0.16,1.67,-0.013,-0.058,-0.013,2.28,-11.21,0.28,0.000000,0.000000,5214.05
19.12,100431.68,40.21,74.64,9.69,-0.22,1.57,-0.015,-0.060,-0.017,2.28,-8.82,-1.08,0.000000,0.000000,5215.20
18.91,100402.38,40.16,77.10,9.67,-0.16,1.63,-0.014,-0.059,-0.015,2.28,-9.30,0.73,0.000000,0.000000,5216.35
19.20,100447.79,40.24,73.29,9.68,-0.21,1.66,-0.012,-0.063,-0.019,1.27,-8.82,-0.63,0.000000,0.000000,5217.50
18.66,100360.19,40.20,80.64,9.69,-0.23,1.60,-0.013,-0.058,-0.013,2.78,-8.82,0.73,0.000000,0.000000,5218.66
18.02,100262.02,40.21,88.88,9.65,-0.14,1.62,-0.013,-0.058,-0.012,2.78,-9.78,1.18,0.000000,0.000000,5219.81
18.04,100258.27,40.20,89.19,9.64,-0.24,1.65,-0.011,-0.058,-0.014,3.79,-8.35,0.73,0.000000,0.000000,5220.96
18.88,100396.28,40.20,77.61,9.68,-0.16,1.61,-0.013,-0.057,-0.010,1.78,-8.35,2.54,0.000000,0.000000,5222.12
18.83,100390.02,40.21,78.14,9.68,-0.20,1.65,-0.014,-0.060,-0.015,2.78,-9.30,1.63,0.000000,0.000000,5223.27
17.25,100148.80,40.18,98.39,9.69,-0.20,1.64,-0.013,-0.060,-0.016,3.29,-12.16,0.73,0.000000,0.000000,5224.42
18.73,100367.52,40.17,80.02,9.58,-0.12,1.63,-0.013,-0.059,-0.016,2.28,-9.78,1.18,0.000000,0.000000,5225.57
17.30,100155.06,40.19,97.86,9.68,-0.22,1.68,-0.013,-0.060,-0.019,2.78,-9.78,2.09,0.000000,0.000000,5226.73
16.38,99996.49,40.14,111.20,9.66,-0.20,1.66,-0.013,-0.060,-0.015,2.78,-8.82,-0.63,0.000000,0.000000,5227.88
18.19,100137.30,40.18,86.70,9.69,-0.18,1.68,-0.012,-0.059,-0.016,1.78,-8.82,1.18,0.000000,0.000000,5229.03
19.16,100436.66,40.18,74.22,9.69,-0.21,1.70,-0.013,-0.061,-0.017,1.78,-11.68,0.28,0.000000,0.000000,5230.19
19.35,100468.25,40.18,71.58,9.68,-0.18,1.66,-0.013,-0.061,-0.017,1.27,-7.39,2.09,0.000000,0.000000,5231.34
19.49,100492.89,40.20,69.51,9.69,-0.19,1.66,-0.014,-0.061,-0.018,1.78,-9.30,-0.18,0.000000,0.000000,5232.49
19.63,100511.85,40.20,67.92,9.69,-0.19,1.68,-0.014,-0.061,-0.018,2.28,-8.82,2.09,0.000000,0.000000,5233.65
19.18,100445.26,40.21,73.50,9.67,-0.13,1.65,-0.014,-0.058,-0.011,1.78,-8.82,-0.63,0.000000,0.000000,5234.80
19.47,100490.45,40.21,69.71,9.67,-0.17,1.69,-0.013,-0.059,-0.015,2.28,-7.87,-1.54,0.000000,0.000000,5235.95
19.05,100463.56,40.22,71.97,9.68,-0.14,1.65,-0.012,-0.060,-0.016,2.78,-9.30,1.63,0.000000,0.000000,5237.10
18.93,100405.47,40.21,76.84,9.66,-0.15,1.64,-0.014,-0.057,-0.011,2.28,-8.82,-1.08,0.000000,0.000000,5238.26
19.41,100474.91,40.20,71.02,9.67,-0.21,1.68,-0.013,-0.060,-0.018,1.78,-9.30,2.09,0.000000,0.000000,5239.41
19.26,100456.69,40.20,72.54,9.69,-0.20,1.69,-0.013,-0.062,-0.019,1.78,-10.73,-0.18,0.000000,0.000000,5240.57
19.06,100423.75,40.18,75.31,9.69,-0.22,1.64,-0.013,-0.059,-0.016,2.28,-8.82,2.09,0.000000,0.000000,5241.72
19.05,100426.14,40.21,75.11,9.67,-0.18,1.68,-0.014,-0.059,-0.014,2.78,-9.30,-0.18,0.000000,0.000000,5242.87
18.87,100390.87,40.21,78.06,9.70,-0.18,1.71,-0.013,-0.058,-0.014,2.78,-8.35,1.63,0.000000,0.000000,5244.02
18.68,100366.02,40.18,80.15,9.66,-0.18,1.63,-0.013,-0.058,-0.014,1.78,-9.78,1.18,0.000000,0.000000,5245.18
18.96,100409.47,40.20,76.50,9.68,-0.16,1.62,-0.012,-0.060,-0.015,2.28,-8.82,-0.18,0.000000,0.000000,5246.33
19.16,100438.73,40.19,74.05,9.70,-0.19,1.67,-0.012,-0.060,-0.017,3.79,-8.35,1.18,0.000000,0.000000,5247.48
19.42,100481.91,40.22,70.43,9.69,-0.15,1.65,-0.013,-0.061,-0.016,2.28,-8.82,0.28,0.000000,0.000000,5248.63
19.28,100458.45,40.20,72.40,9.68,-0.19,1.66,-0.013,-0.060,-0.017,1.78,-9.78,1.18,0.000000,0.000000,5249.79
19.45,100485.66,40.23,70.12,9.67,-0.18,1.69,-0.013,-0.061,-0.017,2.28,-10.73,1.18,0.000000,0.000000,5250.94
19.30,100461.43,40.22,72.15,9.68,-0.21,1.63,-0.013,-0.060,-0.018,2.78,-9.30,2.09,0.000000,0.000000,5252.09
19.25,100458.08,40.22,72.43,9.69,-0.19,1.65,-0.013,-0.063,-0.019,1.27,-9.78,-1.08,0.000000,0.000000,5253.25
19.24,100451.48,40.21,72.98,9.68,-0.15,1.69,-0.014,-0.061,-0.018,2.28,-7.87,1.18,0.000000,0.000000,5254.40
19.42,100478.38,40.21,70.73,9.70,-0.22,1.68,-0.012,-0.062,-0.018,2.28,-9.78,1.18,0.000000,0.000000,5255.55
19.18,100443.41,40.22,73.66,9.68,-0.17,1.66,-0.013,-0.058,-0.014,1.78,-8.82,1.63,0.000000,0.000000,5256.71
19.28,100455.04,40.21,72.68,9.68,-0.19,1.66,-0.012,-0.059,-0.015,1.78,-10.25,1.18,0.000000,0.000000,5257.86
19.29,100462.52,40.22,72.06,9.68,-0.18,1.67,-0.013,-0.059,-0.015,2.28,-8.35,-1.08,0.000000,0.000000,5259.01
19.01,100414.25,40.20,76.10,9.69,-0.18,1.67,-0.013,-0.060,-0.016,3.79,-9.78,1.18,0.000000,0.000000,5260.16
17.08,100119.41,40.19,100.86,9.69,-0.19,1.69,-0.013,-0.059,-0.015,2.28,-10.73,0.73,0.000000,0.000000,5261.32
18.98,100401.61,40.19,77.16,9.70,-0.19,1.68,-0.012,-0.061,-0.018,2.78,-8.35,2.09,0.000000,0.000000,5262.47
17.58,100200.43,40.19,95.80,9.66,-0.19,1.65,-0.013,-0.061,-0.018,1.78,-7.87,0.28,0.000000,0.000000,5263.62
18.49,100331.11,40.19,83.08,9.67,-0.22,1.71,-0.012,-0.061,-0.019,1.78,-7.39,1.18,0.000000,0.000000,5264.78
17.84,100220.91,40.16,92.33,9.67,-0.18,1.68,-0.013,-0.059,-0.016,1.78,-9.30,1.18,0.000000,0.000000,5265.93
17.65,100194.80,40.16,94.52,9.71,-0.19,1.72,-0.013,-0.060,-0.017,1.27,-7.87,-1.99,0.000000,0.000000,5267.08
17.48,100164.86,40.15,97.04,9.69,-0.18,1.67,-0.012,-0.062,-0.019,1.78,-8.82,2.09,0.000000,0.000000,5268.23
17.52,100171.95,40.14,96.44,9.68,-0.18,1.64,-0.013,-0.062,-0.018,1.27,-8.35,-0.18,0.000000,0.000000,5269.39
17.47,100162.75,40.14,97.22,9.68,-0.21,1.71,-0.011,-0.064,-0.021,1.78,-7.87,1.18,0.000000,0.000000,5270.54
17.31,100139.15,40.14,99.20,9.70,-0.22,1.69,-0.012,-0.058,-0.013,1.27,-9.30,0.73,0.000000,0.000000,5271.69
17.69,100197.14,40.13,94.33,9.69,-0.22,1.66,-0.012,-0.061,-0.017,1.78,-7.87,1.18,0.000000,0.000000,5272.85
17.82,100217.56,40.14,92.61,9.71,-0.22,1.72,-0.012,-0.061,-0.017,0.27,-8.35,1.63,0.000000,0.000000,5274.00
17.29,100132.02,40.12,99.80,9.70,-0.19,1.66,-0.013,-0.061,-0.017,1.27,-8.82,0.28,0.000000,0.000000,5275.15
17.66,100196.94,40.13,94.35,9.68,-0.20,1.74,-0.011,-0.062,-0.021,2.28,-8.82,0.73,0.000000,0.000000,5276.31
17.71,100198.69,40.13,94.20,9.70,-0.26,1.74,-0.011,-0.062,-0.021,1.78,-8.35,-0.18,0.000000,0.000000,5277.46
17.69,100190.71,40.16,94.32,9.68,-0.22,1.70,-0.013,-0.059,-0.015,2.78,-6.92,0.73,0.000000,0.000000,5278.61
18.00,100247.63,40.14,90.09,9.68,-0.18,1.65,-0.012,-0.063,-0.019,1.78,-9.30,-0.18,0.000000,0.000000,5279.77
17.95,100231.48,40.13,91.44,9.70,-0.18,1.68,-0.012,-0.060,-0.017,2.78,-7.87,1.18,0.000000,0.000000,5280.92
17.97,100242.34,40.13,90.53,9.68,-0.15,1.64,-0.012,-0.059,-0.016,2.28,-9.78,1.18,0.000000,0.000000,5282.07
18.27,100284.10,40.12,87.02,9.69,-0.19,1.65,-0.012,-0.060,-0.017,1.78,-8.35,-0.63,0.000000,0.000000,5283.22
18.13,100267.55,40.13,88.41,9.70,-0.21,1.67,-0.013,-0.060,-0.015,2.28,-8.82,0.28,0.000000,0.000000,5284.38
18.15,100267.81,40.12,88.39,9.69,-0.19,1.66,-0.013,-0.058,-0.015,1.27,-7.87,1.63,0.000000,0.000000,5285.53
18.12,100268.66,40.12,88.32,9.68,-0.21,1.64,-0.012,-0.060,-0.016,1.27,-7.87,1.18,0.000000,0.000000,5286.68
18.65,100349.10,40.14,81.57,9.68,-0.19,1.64,-0.012,-0.060,-0.018,1.27,-10.25,0.28,0.000000,0.000000,5287.84
18.61,100344.70,40.13,81.94,9.68,-0.21,1.70,-0.011,-0.062,-0.018,1.78,-7.87,1.63,0.000000,0.000000,5288.99
18.13,100264.70,40.12,88.65,9.69,-0.15,1.62,-0.013,-0.058,-0.013,1.27,-9.78,-0.18,0.000000,0.000000,5290.14
17.98,100234.32,40.13,90.16,9.69,-0.21,1.70,-0.011,-0.059,-0.014,1.27,-8.35,-0.63,0.000000,0.000000,5291.29
18.03,100252.60,40.12,89.67,9.70,-0.16,1.65,-0.014,-0.054,-0.006,1.27,-9.30,1.63,0.000000,0.000000,5292.45
17.95,100235.42,40.13,91.11,9.67,-0.20,1.70,-0.013,-0.060,-0.016,1.27,-7.87,-0.63,0.000000,0.000000,5293.60
18.39,100308.62,40.12,84.97,9.69,-0.21,1.65,-0.013,-0.059,-0.015,2.28,-8.82,2.09,0.000000,0.000000,5294.75
18.38,100304.64,40.11,85.30,9.69,-0.17,1.66,-0.011,-0.060,-0.017,1.78,-8.82,-0.63,0.000000,0.000000,5295.91
18.10,100258.77,40.12,89.15,9.69,-0.18,1.70,-0.013,-0.060,-0.016,2.78,-8.35,1.18,0.000000,0.000000,5297.06
18.15,100265.55,40.11,88.58,9.69,-0.18,1.65,-0.013,-0.060,-0.016,2.28,-8.82,0.73,0.000000,0.000000,5298.21
17.94,100235.54,40.12,91.10,9.69,-0.21,1.66,-0.012,-0.060,-0.017,2.28,-8.35,0.28,0.000000,0.000000,5299.36
17.89,100224.41,40.10,92.04,9.70,-0.22,1.66,-0.013,-0.059,-0.015,1.27,-8.35,1.18,0.000000,0.000000,5300.52
18.07,100256.72,40.12,89.32,9.67,-0.17,1.67,-0.013,-0.059,-0.015,0.77,-8.35,0.28,0.000000,0.000000,5301.67
18.50,100321.77,40.11,83.86,9.70,-0.20,1.66,-0.013,-0.059,-0.016,2.28,-9.30,0.73,0.000000,0.000000,5302.82
19.07,100428.84,40.15,74.88,9.73,-0.14,1.66,-0.013,-0.062,-0.018,1.78,-10.73,0.28,0.000000,0.000000,5303.98
19.17,100426.95,40.13,75.04,9.66,-0.16,1.66,-0.013,-0.059,-0.015,2.28,-7.87,1.63,0.000000,0.000000,5305.13
18.93,100387.22,40.15,78.37,9.68,-0.16,1.64,-0.013,-0.062,-0.018,1.78,-9.78,0.73,0.000000,0.000000,5306.28
19.39,100466.84,40.13,71.69,9.68,-0.21,1.67,-0.013,-0.062,-0.019,1.78,-7.87,-2.44,0.000000,0.000000,5307.44
18.39,100306.84,40.14,85.12,9.57,-0.05,1.67,-0.011,-0.059,-0.018,2.78,-7.39,0.28,0.000000,0.000000,5308.59
18.58,100336.13,40.16,82.66,9.72,-0.22,1.67,-0.012,-0.064,-0.022,2.28,-9.30,-0.63,0.000000,0.000000,5309.74
18.15,100269.22,40.12,88.27,9.69,-0.21,1.67,-0.014,-0.062,-0.019,2.28,-8.35,2.54,0.000000,0.000000,5310.89
18.03,100251.81,40.12,89.74,9.66,-0.20,1.67,-0.013,-0.061,-0.017,1.78,-9.30,-1.54,0.000000,0.000000,5312.05
17.53,100167.13,40.10,96.85,9.70,-0.20,1.65,-0.012,-0.060,-0.018,2.28,-8.35,0.73,0.000000,0.000000,5313.20
17.46,100166.20,40.06,97.82,9.69,-0.22,1.64,-0.013,-0.060,-0.017,2.28,-8.82,2.09,0.000000,0.000000,5314.35
17.48,100161.27,40.08,97.34,9.68,-0.20,1.69,-0.013,-0.059,-0.015,1.78,-7.87,-0.18,0.000000,0.000000,5315.51
17.52,100164.91,40.08,97.04,9.66,-0.16,1.61,-0.013,-0.057,-0.013,2.28,-7.87,-0.63,0.000000,0.000000,5316.66
17.66,100192.02,40.08,94.76,9.68,-0.23,1.68,-0.013,-0.059,-0.018,1.27,-10.25,2.99,0.000000,0.000000,5317.81
17.51,100163.37,40.07,97.17,9.66,-0.17,1.63,-0.012,-0.060,-0.017,2.78,-8.82,1.63,0.000000,0.000000,5318.97
18.14,100263.19,40.08,88.78,9.67,-0.18,1.67,-0.013,-0.060,-0.015,1.78,-9.30,2.09,0.000000,0.000000,5320.12
17.97,100232.89,40.07,91.32,9.70,-0.20,1.62,-0.012,-0.063,-0.020,1.78,-7.87,-1.54,0.000000,0.000000,5321.27
17.46,100158.84,40.07,97.55,9.66,-0.13,1.63,-0.011,-0.062,-0.017,2.78,-9.78,2.54,0.000000,0.000000,5322.42
17.97,100235.00,40.08,91.15,9.68,-0.20,1.67,-0.014,-0.056,-0.010,1.78,-8.35,0.28,0.000000,0.000000,5323.58
17.86,100220.23,40.08,92.39,9.60,-0.33,1.66,-0.014,-0.060,-0.017,2.78,-8.35,1.63,0.000000,0.000000,5324.73
18.13,100260.00,40.08,89.05,9.71,-0.19,1.66,-0.014,-0.058,-0.011,1.27,-10.73,-0.18,0.000000,0.000000,5325.88
18.36,100302.93,40.07,85.44,9.69,-0.22,1.68,-0.013,-0.062,-0.018,1.78,-7.39,2.09,0.000000,0.000000,5327.04
17.65,100183.17,40.04,95.50,9.70,-0.20,1.63,-0.013,-0.059,-0.015,2.78,-9.30,0.73,0.000000,0.000000,5328.19
17.74,100201.17,40.05,93.99,9.68,-0.22,1.64,-0.013,-0.063,-0.018,2.28,-8.82,-2.44,0.000000,0.000000,5329.34
17.97,100235.57,40.04,91.10,9.69,-0.22,1.68,-0.012,-0.061,-0.017,1.27,-8.35,1.18,0.000000,0.000000,5330.50
17.89,100216.78,40.04,92.68,9.68,-0.21,1.65,-0.013,-0.060,-0.015,1.78,-8.35,0.73,0.000000,0.000000,5331.65
18.17,100267.38,40.05,88.43,9.57,-0.36,1.70,-0.007,-0.065,-0.031,2.28,-8.82,-1.08,0.000000,0.000000,5332.80
18.81,100361.92,40.05,80.49,9.70,-0.23,1.70,-0.012,-0.064,-0.021,1.78,-10.73,0.28,0.000000,0.000000,5333.96
18.78,100361.20,40.06,80.55,9.67,-0.19,1.64,-0.012,-0.060,-0.016,2.78,-7.39,1.63,0.000000,0.000000,5335.11
18.51,100318.12,40.06,84.17,9.67,-0.17,1.66,-0.012,-0.065,-0.022,1.78,-8.82,1.63,0.000000,0.000000,5336.26
18.52,100325.21,40.07,83.57,9.69,-0.17,1.65,-0.014,-0.057,-0.013,1.78,-7.87,-1.08,0.000000,0.000000,5337.41
19.04,100402.03,40.08,77.13,9.68,-0.21,1.67,-0.012,-0.061,-0.018,1.27,-7.87,2.99,0.000000,0.000000,5338.57
19.18,100426.66,40.07,75.06,9.68,-0.24,1.68,-0.011,-0.060,-0.018,0.77,-8.35,-1.08,0.000000,0.000000,5339.72
19.21,100427.63,40.07,74.98,9.67,-0.21,1.65,-0.014,-0.059,-0.014,2.28,-8.35,2.09,0.000000,0.000000,5340.87
18.54,100321.39,40.05,83.89,9.75,-0.25,1.72,-0.012,-0.062,-0.020,1.27,-10.25,-0.18,0.000000,0.000000,5342.03
18.70,100348.44,40.05,81.62,9.69,-0.24,1.70,-0.013,-0.062,-0.018,2.28,-8.35,2.09,0.000000,0.000000,5343.18
17.18,100105.86,40.02,102.00,9.68,-0.18,1.68,-0.012,-0.061,-0.018,1.27,-8.82,0.28,0.000000,0.000000,5344.33
17.20,100110.63,40.03,101.60,9.71,-0.21,1.65,-0.012,-0.064,-0.022,1.78,-8.35,0.28,0.000000,0.000000,5345.48
17.26,100119.26,40.01,100.87,9.71,-0.19,1.66,-0.013,-0.063,-0.022,2.28,-7.87,0.73,0.000000,0.000000,5346.64
17.21,100113.77,40.03,101.34,9.70,-0.22,1.65,-0.013,-0.057,-0.014,1.27,-10.25,-1.99,0.000000,0.000000,5347.79
17.14,100097.38,40.01,102.71,9.68,-0.17,1.69,-0.012,-0.061,-0.019,1.78,-8.35,2.54,0.000000,0.000000,5348.94
17.14,100100.70,40.01,102.43,9.69,-0.18,1.64,-0.013,-0.059,-0.015,1.78,-9.78,-1.08,0.000000,0.000000,5350.10
17.11,100092.53,40.01,103.12,9.68,-0.21,1.69,-0.011,-0.061,-0.018,2.28,-8.82,1.18,0.000000,0.000000,5351.25
17.43,100146.73,39.99,98.56,9.66,-0.21,1.68,-0.013,-0.059,-0.015,1.78,-9.30,0.73,0.000000,0.000000,5352.40
17.45,100146.00,40.01,98.63,9.68,-0.21,1.68,-0.013,-0.062,-0.017,1.27,-7.87,-1.08,0.000000,0.000000,5353.56
17.60,100174.73,40.01,96.21,9.68,-0.19,1.69,-0.012,-0.059,-0.014,2.28,-9.78,3.44,0.000000,0.000000,5354.71
17.97,100227.70,40.01,91.76,9.68,-0.19,1.69,-0.012,-0.059,-0.015,1.27,-9.78,-0.18,0.000000,0.000000,5355.86
17.76,100198.53,40.00,94.21,9.68,-0.22,1.66,-0.013,-0.060,-0.016,2.28,-7.87,1.18,0.000000,0.000000,5357.01
17.52,100156.30,39.99,97.76,9.68,-0.19,1.68,-0.013,-0.060,-0.016,1.78,-9.30,2.54,0.000000,0.000000,5358.17
17.88,100211.06,39.99,93.16,9.69,-0.21,1.69,-0.012,-0.059,-0.015,2.28,-8.35,1.18,0.000000,0.000000,5359.32
17.87,100213.00,40.00,93.00,9.68,-0.22,1.68,-0.012,-0.062,-0.019,1.78,-8.35,0.28,0.000000,0.000000,5360.47
17.88,100211.20,39.99,93.15,9.67,-0.20,1.66,-0.013,-0.060,-0.016,1.27,-7.87,-0.63,0.000000,0.000000,5361.63
17.96,100228.34,39.99,91.71,9.67,-0.20,1.67,-0.011,-0.060,-0.015,2.28,-8.35,1.18,0.000000,0.000000,5362.78
18.21,100265.47,39.99,88.59,9.68,-0.19,1.68,-0.012,-0.060,-0.018,1.27,-7.87,-1.54,0.000000,0.000000,5363.93
17.77,100195.16,40.00,94.49,9.68,-0.21,1.67,-0.013,-0.060,-0.017,2.78,-7.87,2.54,0.000000,0.000000,5365.08
18.00,100229.53,40.00,91.61,9.67,-0.20,1.69,-0.013,-0.060,-0.016,1.78,-8.82,-0.18,0.000000,0.000000,5366.24
17.90,100217.41,39.97,92.62,9.69,-0.19,1.66,-0.012,-0.060,-0.017,1.78,-6.92,0.73,0.000000,0.000000,5367.39
17.83,100203.44,39.97,93.80,9.69,-0.21,1.67,-0.012,-0.060,-0.018,1.78,-8.35,1.18,0.000000,0.000000,5368.54
18.84,100366.16,40.01,80.14,9.67,-0.19,1.66,-0.012,-0.059,-0.017,1.27,-7.39,-0.63,0.000000,0.000000,5369.70
19.25,100431.67,39.99,74.64,9.69,-0.21,1.67,-0.012,-0.060,-0.017,3.79,-8.35,1.63,0.000000,0.000000,5370.85
17.95,100225.52,40.01,91.94,9.69,-0.20,1.66,-0.013,-0.061,-0.017,1.78,-8.35,-1.54,0.000000,0.000000,5372.00
17.64,100173.80,39.99,96.29,9.68,-0.18,1.66,-0.012,-0.060,-0.017,2.28,-8.35,1.63,0.000000,0.000000,5373.16
17.55,100156.94,39.97,97.71,9.70,-0.19,1.67,-0.013,-0.060,-0.017,1.27,-8.82,2.54,0.000000,0.000000,5374.31
17.83,100203.27,39.96,93.81,9.69,-0.20,1.68,-0.012,-0.061,-0.017,2.28,-7.87,-2.89,0.000000,0.000000,5375.46
17.56,100158.42,39.96,97.58,9.69,-0.17,1.67,-0.011,-0.060,-0.017,2.78,-8.82,0.73,0.000000,0.000000,5376.61
17.82,100202.57,39.98,93.87,9.69,-0.18,1.64,-0.013,-0.060,-0.017,0.77,-8.35,-1.54,0.000000,0.000000,5377.77
17.99,100226.91,39.97,91.83,9.70,-0.20,1.67,-0.012,-0.060,-0.017,2.78,-9.30,1.63,0.000000,0.000000,5378.92
18.09,100247.59,39.95,90.09,9.68,-0.20,1.66,-0.012,-0.061,-0.017,1.78,-8.82,-0.63,0.000000,0.000000,5380.07
17.84,100202.65,39.94,93.87,9.67,-0.19,1.68,-0.013,-0.060,-0.017,2.78,-7.87,2.09,0.000000,0.000000,5381.23
17.82,100205.66,39.95,93.61,9.69,-0.20,1.69,-0.011,-0.061,-0.017,1.78,-9.78,-1.08,0.000000,0.000000,5382.38
17.76,100192.36,39.93,94.73,9.67,-0.20,1.65,-0.013,-0.060,-0.017,1.27,-8.82,-2.44,0.000000,0.000000,5383.53
17.54,100161.23,39.95,97.35,9.69,-0.20,1.68,-0.013,-0.060,-0.016,1.78,-9.78,0.28,0.000000,0.000000,5384.68
18.25,100270.77,39.95,88.14,9.67,-0.19,1.68,-0.012,-0.060,-0.017,1.78,-8.82,0.28,0.000000,0.000000,5385.84
18.79,100358.16,39.89,80.81,9.68,-0.19,1.69,-0.012,-0.061,-0.017,1.78,-8.35,0.28,0.000000,0.000000,5386.99
18.30,100277.20,39.93,87.60,9.69,-0.19,1.67,-0.013,-0.060,-0.018,1.27,-9.30,-0.63,0.000000,0.000000,5388.14
18.21,100261.89,39.92,88.89,9.68,-0.20,1.68,-0.012,-0.060,-0.017,2.28,-7.87,1.18,0.000000,0.000000,5389.30
18.15,100252.83,39.93,89.65,9.70,-0.18,1.68,-0.012,-0.060,-0.018,1.78,-10.25,0.28,0.000000,0.000000,5390.45
18.21,100261.11,39.92,88.96,9.69,-0.20,1.66,-0.012,-0.061,-0.016,2.28,-7.87,-1.99,0.000000,0.000000,5391.60
18.42,100298.80,39.93,85.79,9.69,-0.20,1.66,-0.012,-0.060,-0.017,0.77,-9.30,0.28,0.000000,0.000000,5392.76
18.03,100231.84,39.92,91.41,9.68,-0.15,1.63,-0.012,-0.064,-0.022,1.78,-8.82,-0.63,0.000000,0.000000,5393.91
17.91,100214.38,39.93,92.88,9.72,-0.25,1.71,-0.013,-0.060,-0.016,1.78,-8.35,2.09,0.000000,0.000000,5395.06
18.18,100254.70,39.92,89.49,9.68,-0.19,1.64,-0.013,-0.059,-0.015,1.78,-8.82,-0.18,0.000000,0.000000,5396.22
17.62,100168.66,39.91,96.72,9.69,-0.19,1.68,-0.012,-0.061,-0.018,2.78,-7.87,1.63,0.000000,0.000000,5397.37
17.97,100220.17,39.90,92.39,9.69,-0.21,1.69,-0.012,-0.061,-0.017,1.78,-8.82,-0.18,0.000000,0.000000,5398.52
17.85,100208.92,39.92,93.34,9.69,-0.15,1.66,-0.013,-0.059,-0.015,1.27,-6.92,1.18,0.000000,0.000000,5399.67
18.00,100226.50,39.92,91.86,9.67,-0.21,1.71,-0.013,-0.061,-0.019,1.27,-8.82,1.18,0.000000,0.000000,5400.83
18.45,100296.07,39.91,86.02,9.69,-0.21,1.68,-0.012,-0.059,-0.016,2.28,-8.82,-1.54,0.000000,0.000000,5401.98
18.36,100281.82,39.90,87.22,9.69,-0.18,1.67,-0.013,-0.060,-0.016,2.78,-8.35,1.18,0.000000,0.000000,5403.13
17.96,100217.13,39.91,92.65,9.68,-0.21,1.69,-0.013,-0.061,-0.018,1.27,-8.35,-2.89,0.000000,0.000000,5404.29
18.01,100227.55,39.90,91.77,9.70,-0.19,1.69,-0.012,-0.060,-0.017,2.28,-7.39,1.63,0.000000,0.000000,5405.44
17.80,100190.20,39.92,94.91,9.66,-0.20,1.64,-0.013,-0.060,-0.019,1.78,-9.30,-0.18,0.000000,0.000000,5406.59
18.39,100285.19,39.91,86.93,9.68,-0.19,1.67,-0.012,-0.059,-0.014,2.28,-7.39,0.73,0.000000,0.000000,5407.74
18.50,100297.98,39.91,85.86,9.67,-0.18,1.66,-0.013,-0.061,-0.015,1.78,-8.82,-0.63,0.000000,0.000000,5408.90
18.76,100347.89,39.90,81.67,9.69,-0.20,1.67,-0.012,-0.062,-0.018,1.78,-8.35,0.73,0.000000,0.000000,5410.05
18.26,100261.52,39.91,88.92,9.69,-0.19,1.65,-0.013,-0.059,-0.016,0.27,-8.35,1.18,0.000000,0.000000,5411.20
18.14,100251.44,39.89,89.77,9.68,-0.21,1.65,-0.012,-0.060,-0.017,1.27,-7.87,1.63,0.000000,0.000000,5412.36
17.44,100134.15,39.88,99.62,9.67,-0.21,1.63,-0.013,-0.061,-0.017,2.28,-7.87,1.18,0.000000,0.000000,5413.51
17.44,100153.41,39.90,98.00,9.67,-0.17,1.67,-0.014,-0.057,-0.011,1.78,-8.82,0.28,0.000000,0.000000,5414.66
18.19,100255.00,39.90,89.47,9.66,-0.21,1.65,-0.011,-0.063,-0.020,2.28,-8.82,1.63,0.000000,0.000000,5415.81
18.51,100299.78,39.88,85.71,9.70,-0.22,1.68,-0.013,-0.059,-0.016,2.28,-8.35,0.28,0.000000,0.000000,5416.97
18.49,100302.02,39.89,85.52,9.69,-0.21,1.69,-0.012,-0.059,-0.014,1.27,-8.35,0.73,0.000000,0.000000,5418.12
17.82,100191.86,39.87,94.77,9.70,-0.17,1.62,-0.011,-0.063,-0.019,1.27,-7.87,0.28,0.000000,0.000000,5419.27
17.54,100151.27,39.88,98.18,9.68,-0.18,1.67,-0.012,-0.061,-0.017,1.27,-7.39,1.18,0.000000,0.000000,5420.43
17.86,100198.48,39.87,94.22,9.67,-0.20,1.69,-0.009,-0.073,-0.036,1.78,-7.39,1.63,0.000000,0.000000,5421.58
17.70,100177.05,39.86,96.02,9.67,-0.19,1.70,-0.014,-0.055,-0.008,1.78,-9.78,0.73,0.000000,0.000000,5422.73
17.91,100206.77,39.86,93.52,9.67,-0.17,1.63,-0.011,-0.062,-0.019,1.78,-7.87,1.63,0.000000,0.000000,5423.89
18.07,100234.76,39.88,91.17,9.72,-0.23,1.72,-0.013,-0.059,-0.015,1.78,-8.35,1.18,0.000000,0.000000,5425.04
17.99,100218.60,39.86,92.52,9.68,-0.20,1.65,-0.011,-0.062,-0.019,1.78,-7.87,0.28,0.000000,0.000000,5426.19
17.93,100213.69,39.86,92.94,9.69,-0.19,1.67,-0.013,-0.059,-0.014,1.27,-8.82,0.28,0.000000,0.000000,5427.34
17.87,100199.89,39.87,94.10,9.66,-0.16,1.67,-0.013,-0.059,-0.015,2.28,-8.82,-1.08,0.000000,0.000000,5428.50
17.87,100197.28,39.85,93.77,9.67,-0.16,1.67,-0.014,-0.054,-0.007,1.78,-8.35,1.18,0.000000,0.000000,5429.65
17.89,100203.15,39.86,93.82,9.68,-0.20,1.64,-0.012,-0.063,-0.022,1.27,-10.73,0.73,0.000000,0.000000,5430.80
17.88,100201.50,39.85,93.96,9.69,-0.22,1.65,-0.013,-0.059,-0.016,3.29,-7.87,1.63,0.000000,0.000000,5431.96
16.09,99921.53,39.84,117.51,9.72,-0.52,1.71,-0.124,-0.079,0.400,1.78,-10.73,-0.18,0.000000,0.000000,5433.11
16.26,99937.73,39.82,116.14,10.36,0.05,1.89,0.004,-0.126,-0.082,4.79,-8.35,1.18,0.000000,0.000000,5434.26
17.54,100143.66,39.84,98.82,9.74,0.01,1.56,-0.018,-0.029,0.018,1.78,-8.82,1.18,0.000000,0.000000,5435.41
17.45,100130.25,39.83,99.95,9.61,-0.67,1.69,-0.012,-0.075,-0.025,0.77,-7.39,-2.89,0.000000,0.000000,5436.57
17.50,100143.05,39.83,98.87,9.68,-0.17,1.71,-0.013,-0.058,-0.013,1.27,-8.35,2.09,0.000000,0.000000,5437.72
18.90,100361.98,39.85,80.49,9.70,-0.17,1.68,-0.012,-0.062,-0.018,1.27,-11.21,1.18,0.000000,0.000000,5438.87
18.38,100282.43,39.86,87.16,9.67,-0.24,1.72,-0.012,-0.062,-0.018,2.78,-8.82,1.63,0.000000,0.000000,5440.03
17.36,100116.50,39.83,101.11,9.69,-0.20,1.71,-0.012,-0.068,-0.026,0.77,-10.73,-0.18,0.000000,0.000000,5441.18
17.29,100105.70,39.84,102.01,9.71,-0.18,1.69,-0.012,-0.063,-0.018,2.28,-8.35,1.63,0.000000,0.000000,5442.33
18.39,100279.88,39.83,87.38,9.70,-0.19,1.66,-0.013,-0.057,-0.012,2.28,-9.30,-0.63,0.000000,0.000000,5443.49
18.44,100290.02,39.85,86.53,9.67,-0.15,1.69,-0.012,-0.061,-0.018,1.27,-8.82,-1.54,0.000000,0.000000,5444.64
18.88,100358.96,39.85,80.74,9.69,-0.18,1.69,-0.013,-0.062,-0.018,2.78,-8.82,0.28,0.000000,0.000000,5445.79
18.81,100353.63,39.84,81.19,9.74,-0.17,1.69,-0.013,-0.059,-0.016,1.27,-10.73,-0.63,0.000000,0.000000,5446.95
18.72,100330.36,39.85,83.14,9.46,-0.31,1.93,-0.011,-0.078,-0.043,2.28,-7.39,1.63,0.000000,0.000000,5448.10
17.71,100171.08,39.82,96.52,9.68,-0.19,1.69,-0.014,-0.058,-0.013,0.77,-8.82,0.73,0.000000,0.000000,5449.25
17.97,100214.31,39.83,92.89,9.66,-0.13,1.67,-0.013,-0.060,-0.017,1.27,-7.87,1.63,0.000000,0.000000,5450.40
18.02,100218.66,39.85,92.52,9.69,-0.19,1.73,-0.012,-0.062,-0.019,2.28,-8.82,0.28,0.000000,0.000000,5451.56
17.83,100190.06,39.83,94.92,9.70,-0.19,1.71,-0.013,-0.062,-0.018,1.78,-8.35,-1.08,0.000000,0.000000,5452.71
17.53,100143.20,39.84,98.86,9.76,-0.26,1.75,-0.012,-0.070,-0.029,2.28,-7.87,1.18,0.000000,0.000000,5453.86
17.27,100107.18,39.85,101.89,9.70,-0.24,1.73,-0.011,-0.066,-0.024,1.27,-10.73,0.73,0.000000,0.000000,5455.02
17.14,100077.31,39.81,104.40,9.67,-0.17,1.69,-0.013,-0.057,-0.013,3.29,-7.87,1.63,0.000000,0.000000,5456.17
17.27,100104.84,39.83,102.09,9.68,-0.17,1.68,-0.013,-0.061,-0.018,1.27,-7.87,-0.18,0.000000,0.000000,5457.32
17.90,100202.20,39.82,93.90,9.68,-0.18,1.69,-0.013,-0.060,-0.017,2.28,-8.35,2.09,0.000000,0.000000,5458.47
18.19,100251.44,39.86,89.77,9.67,-0.15,1.71,-0.013,-0.059,-0.016,1.78,-7.87,1.18,0.000000,0.000000,5459.63
18.18,100245.67,39.81,90.25,9.66,-0.18,1.69,-0.011,-0.062,-0.017,0.77,-8.35,0.28,0.000000,0.000000,5460.78
17.84,100192.94,39.81,94.68,9.68,-0.18,1.69,-0.013,-0.060,-0.016,1.78,-9.30,0.28,0.000000,0.000000,5461.93
17.85,100187.73,39.81,95.12,9.71,-0.26,1.55,-0.014,-0.059,-0.013,1.78,-10.25,-0.18,0.000000,0.000000,5463.09
18.18,100239.63,39.81,90.44,9.72,-0.14,1.68,-0.013,-0.057,-0.013,2.78,-6.92,1.18,0.000000,0.000000,5464.24
18.03,100220.12,39.80,92.40,9.69,-0.21,1.73,-0.012,-0.061,-0.018,1.27,-9.78,2.09,0.000000,0.000000,5465.39
17.85,100190.39,39.81,94.89,9.68,-0.16,1.69,-0.013,-0.059,-0.016,2.78,-7.87,1.18,0.000000,0.000000,5466.55
18.10,100231.16,39.80,91.47,9.69,-0.20,1.69,-0.012,-0.060,-0.017,1.78,-8.35,0.73,0.000000,0.000000,5467.70
18.18,100242.41,39.80,90.53,9.69,-0.20,1.70,-0.012,-0.060,-0.016,1.27,-8.35,0.28,0.000000,0.000000,5468.85
18.46,100288.08,39.81,86.69,9.65,-0.18,1.69,-0.014,-0.055,-0.011,1.78,-8.82,1.18,0.000000,0.000000,5470.00
17.93,100197.55,39.81,94.29,9.71,-0.14,1.66,-0.013,-0.060,-0.017,1.78,-8.35,-0.18,0.000000,0.000000,5471.16
18.11,100230.03,39.80,91.57,9.67,-0.20,1.66,-0.013,-0.060,-0.016,1.78,-8.35,2.09,0.000000,0.000000,5472.31
17.85,100189.31,39.81,94.99,9.67,-0.18,1.70,-0.013,-0.062,-0.017,1.78,-8.82,0.73,0.000000,0.000000,5473.46
17.89,100197.29,39.80,94.32,9.67,-0.20,1.72,-0.013,-0.060,-0.016,2.78,-8.35,1.63,0.000000,0.000000,5474.62
18.16,100238.79,39.79,90.83,9.69,-0.17,1.67,-0.014,-0.059,-0.015,1.78,-9.30,-0.18,0.000000,0.000000,5475.77
18.19,100246.89,39.80,90.15,9.68,-0.27,1.72,-0.013,-0.060,-0.017,1.78,-8.82,1.18,0.000000,0.000000,5476.92
17.93,100200.20,39.79,94.07,9.70,-0.22,1.73,-0.013,-0.059,-0.016,2.28,-8.82,0.28,0.000000,0.000000,5478.08
18.19,100242.80,39.80,90.49,9.70,-0.23,1.73,-0.013,-0.061,-0.018,1.78,-8.35,0.73,0.000000,0.000000,5479.23
17.86,100185.85,39.78,95.28,9.66,-0.16,1.67,-0.013,-0.058,-0.013,2.78,-8.35,1.18,0.000000,0.000000,5480.38
17.81,100178.44,39.79,95.90,9.70,-0.19,1.69,-0.011,-0.065,-0.022,1.78,-10.73,-0.18,0.000000,0.000000,5481.54
17.78,100174.74,39.78,96.21,9.69,-0.17,1.68,-0.012,-0.061,-0.017,3.29,-8.35,1.63,0.000000,0.000000,5482.69
18.38,100269.98,39.78,88.21,9.67,-0.14,1.67,-0.012,-0.061,-0.016,1.78,-9.30,0.73,0.000000,0.000000,5483.84
17.92,100197.93,39.78,94.26,9.67,-0.20,1.74,-0.013,-0.062,-0.017,2.28,-7.87,1.18,0.000000,0.000000,5484.99
17.82,100179.47,39.80,95.81,9.68,-0.17,1.68,-0.013,-0.059,-0.016,3.79,-9.78,0.73,0.000000,0.000000,5486.15
17.79,100179.92,39.77,95.77,9.69,-0.18,1.69,-0.013,-0.060,-0.017,1.27,-7.87,-0.18,0.000000,0.000000,5487.30
17.73,100166.22,39.76,96.93,9.69,-0.18,1.70,-0.013,-0.060,-0.017,2.28,-8.35,2.09,0.000000,0.000000,5488.45
17.71,100168.70,39.77,96.72,9.69,-0.22,1.76,-0.012,-0.063,-0.021,1.78,-7.87,0.28,0.000000,0.000000,5489.60
18.09,100224.41,39.78,92.04,9.66,-0.15,1.66,-0.013,-0.058,-0.013,2.28,-7.39,1.63,0.000000,0.000000,5490.76
18.18,100242.41,39.78,90.53,9.69,-0.18,1.71,-0.012,-0.061,-0.019,1.78,-10.25,1.18,0.000000,0.000000,5491.91
17.64,100149.97,39.76,98.29,9.67,-0.15,1.69,-0.013,-0.060,-0.016,2.78,-7.39,1.18,0.000000,0.000000,5493.06
17.59,100146.55,39.75,98.58,9.67,-0.17,1.68,-0.012,-0.061,-0.017,1.78,-8.82,-0.63,0.000000,0.000000,5494.22
18.13,100232.36,39.76,91.37,9.69,-0.18,1.68,-0.013,-0.061,-0.016,2.28,-8.35,0.73,0.000000,0.000000,5495.37
18.24,100250.38,39.76,89.86,9.69,-0.18,1.68,-0.012,-0.060,-0.017,0.77,-9.30,1.63,0.000000,0.000000,5496.52
18.13,100229.52,39.76,91.61,9.69,-0.19,1.69,-0.013,-0.060,-0.018,1.78,-8.35,-1.08,0.000000,0.000000,5497.68
18.48,100280.55,39.75,87.32,9.69,-0.18,1.71,-0.013,-0.060,-0.016,1.78,-7.87,0.73,0.000000,0.000000,5498.83
18.39,100272.86,39.78,87.97,9.68,-0.18,1.68,-0.012,-0.061,-0.017,1.27,-8.35,0.28,0.000000,0.000000,5499.98
17.98,100201.34,39.75,93.97,9.69,-0.19,1.69,-0.011,-0.060,-0.017,2.28,-8.82,1.63,0.000000,0.000000,5501.13
17.98,100206.16,39.76,93.57,9.70,-0.19,1.68,-0.013,-0.060,-0.017,1.27,-10.25,-1.54,0.000000,0.000000,5502.29
18.17,100233.72,39.75,91.26,9.68,-0.19,1.71,-0.012,-0.060,-0.017,3.29,-7.39,1.18,0.000000,0.000000,5503.44
18.05,100217.53,39.75,92.62,9.68,-0.18,1.69,-0.013,-0.060,-0.017,1.27,-9.78,0.28,0.000000,0.000000,5504.59
18.28,100251.92,39.74,89.73,9.70,-0.18,1.69,-0.012,-0.060,-0.017,2.28,-7.39,0.73,0.000000,0.000000,5505.75
18.44,100279.30,39.74,87.43,9.63,-0.10,1.65,-0.013,-0.056,-0.012,1.78,-9.30,0.28,0.000000,0.000000,5506.90
18.49,100282.75,39.75,87.14,9.68,-0.10,1.67,-0.012,-0.063,-0.021,1.27,-8.82,-1.08,0.000000,0.000000,5508.05
18.02,100213.45,39.73,92.96,9.69,-0.21,1.73,-0.012,-0.062,-0.017,2.28,-7.87,1.18,0.000000,0.000000,5509.21
17.97,100201.90,39.72,93.93,9.66,-0.12,1.68,-0.011,-0.059,-0.014,1.78,-7.87,-1.99,0.000000,0.000000,5510.36
17.91,100175.81,39.71,95.09,9.69,-0.18,1.70,-0.012,-0.060,-0.018,2.28,-8.82,1.63,0.000000,0.000000,5511.51
17.59,100141.97,39.73,98.96,9.69,-0.20,1.68,-0.013,-0.059,-0.015,1.27,-6.92,-1.08,0.000000,0.000000,5512.66
17.93,100191.26,39.74,94.82,9.67,-0.16,1.68,-0.013,-0.060,-0.016,2.28,-7.39,1.18,0.000000,0.000000,5513.82
18.64,100305.98,39.76,85.19,9.67,-0.17,1.68,-0.013,-0.061,-0.019,1.27,-8.82,-0.63,0.000000,0.000000,5514.97
18.31,100252.10,39.72,89.71,9.68,-0.18,1.71,-0.012,-0.060,-0.016,1.78,-7.87,1.63,0.000000,0.000000,5516.12
18.18,100234.78,39.72,91.17,9.66,-0.19,1.69,-0.012,-0.060,-0.017,1.78,-8.82,0.28,0.000000,0.000000,5517.28
18.09,100216.90,39.71,92.67,9.68,-0.19,1.70,-0.013,-0.061,-0.018,1.27,-8.35,-1.54,0.000000,0.000000,5518.43
18.47,100280.83,39.72,87.30,9.69,-0.18,1.70,-0.013,-0.060,-0.017,2.28,-9.78,1.18,0.000000,0.000000,5519.58
18.67,100310.75,39.72,84.79,9.67,-0.17,1.67,-0.012,-0.060,-0.017,1.78,-9.30,2.09,0.000000,0.000000,5520.73
18.88,100346.81,39.72,81.76,9.67,-0.17,1.70,-0.012,-0.060,-0.017,2.78,-6.92,1.18,0.000000,0.000000,5521.89
18.83,100334.52,39.72,82.79,9.68,-0.17,1.67,-0.013,-0.061,-0.016,1.27,-9.30,-0.18,0.000000,0.000000,5523.04
18.65,100310.81,39.70,84.78,9.69,-0.16,1.72,-0.013,-0.060,-0.017,1.27,-7.87,2.09,0.000000,0.000000,5524.19
18.51,100286.11,39.74,86.86,9.67,-0.19,1.71,-0.012,-0.061,-0.017,1.27,-8.35,0.28,0.000000,0.000000,5525.35
18.24,100239.18,39.70,90.80,9.69,-0.17,1.70,-0.013,-0.060,-0.017,1.78,-8.35,-1.08,0.000000,0.000000,5526.50
18.39,100265.05,39.71,88.62,9.68,-0.17,1.67,-0.013,-0.060,-0.016,2.28,-8.82,0.73,0.000000,0.000000,5527.65
19.00,100357.66,39.70,80.85,9.68,-0.18,1.69,-0.012,-0.059,-0.017,1.27,-7.87,-1.54,0.000000,0.000000,5528.81
18.71,100317.72,39.70,84.20,9.68,-0.16,1.68,-0.013,-0.060,-0.016,1.78,-8.35,2.54,0.000000,0.000000,5529.96
18.57,100292.43,39.70,86.33,9.70,-0.18,1.69,-0.013,-0.059,-0.016,1.27,-9.30,1.63,0.000000,0.000000,5531.11
18.27,100247.39,39.71,90.11,9.69,-0.18,1.67,-0.012,-0.060,-0.017,2.78,-7.39,1.63,0.000000,0.000000,5532.26
18.26,100244.38,39.69,90.36,9.67,-0.15,1.69,-0.013,-0.061,-0.017,1.27,-9.78,-0.63,0.000000,0.000000,5533.42
18.23,100244.30,39.69,90.37,9.68,-0.18,1.69,-0.012,-0.060,-0.017,2.78,-8.35,1.63,0.000000,0.000000,5534.57
18.66,100311.02,39.69,84.77,9.65,-0.17,1.68,-0.013,-0.060,-0.017,1.78,-9.78,0.73,0.000000,0.000000,5535.72
18.56,100295.82,39.69,86.04,9.70,-0.18,1.67,-0.012,-0.060,-0.016,1.78,-8.35,-1.08,0.000000,0.000000,5536.88
18.04,100208.77,39.71,93.35,9.69,-0.18,1.67,-0.013,-0.061,-0.016,1.78,-7.87,1.18,0.000000,0.000000,5538.03
17.97,100193.95,39.66,94.60,9.70,-0.17,1.68,-0.013,-0.059,-0.017,1.78,-8.35,-2.44,0.000000,0.000000,5539.18
17.97,100197.06,39.67,94.33,9.67,-0.18,1.67,-0.012,-0.060,-0.017,2.78,-8.35,0.28,0.000000,0.000000,5540.34
17.78,100162.14,39.66,97.27,9.68,-0.18,1.71,-0.012,-0.059,-0.017,2.28,-9.30,0.28,0.000000,0.000000,5541.49
17.91,100184.92,39.66,95.35,9.67,-0.19,1.68,-0.013,-0.060,-0.017,2.28,-7.39,0.73,0.000000,0.000000,5542.64
18.18,100230.59,39.69,91.52,9.69,-0.18,1.69,-0.012,-0.060,-0.017,1.78,-10.25,2.54,0.000000,0.000000,5543.80
17.99,100202.60,39.68,93.87,9.69,-0.16,1.67,-0.012,-0.058,-0.016,1.27,-7.39,0.73,0.000000,0.000000,5544.95
18.24,100236.57,39.65,91.02,9.67,-0.18,1.67,-0.013,-0.060,-0.017,2.28,-7.39,0.28,0.000000,0.000000,5546.10
17.96,100196.88,39.65,94.35,9.67,-0.19,1.69,-0.011,-0.062,-0.017,1.78,-7.87,-2.44,0.000000,0.000000,5547.25
17.99,100198.42,39.64,94.22,9.67,-0.18,1.70,-0.012,-0.060,-0.018,2.78,-8.82,2.09,0.000000,0.000000,5548.41
18.20,100235.63,39.68,91.10,9.69,-0.18,1.71,-0.013,-0.060,-0.016,1.78,-8.82,-1.99,0.000000,0.000000,5549.56
18.50,100283.73,39.65,87.06,9.67,-0.17,1.70,-0.013,-0.059,-0.016,2.28,-8.35,1.18,0.000000,0.000000,5550.71
18.35,100261.84,39.65,88.89,9.69,-0.20,1.70,-0.013,-0.060,-0.016,1.78,-10.73,-1.08,0.000000,0.000000,5551.87
18.47,100271.95,39.65,88.04,9.66,-0.18,1.71,-0.013,-0.060,-0.017,2.28,-8.35,1.63,0.000000,0.000000,5553.02
18.22,100237.55,39.64,90.93,9.69,-0.18,1.68,-0.013,-0.060,-0.016,1.78,-9.78,0.28,0.000000,0.000000,5554.17
17.85,100175.76,39.64,96.12,9.66,-0.20,1.68,-0.014,-0.062,-0.017,1.78,-7.39,2.09,0.000000,0.000000,5555.32
17.79,100165.59,39.65,96.98,9.69,-0.20,1.69,-0.012,-0.061,-0.018,2.28,-9.30,0.28,0.000000,0.000000,5556.48
17.24,100080.88,39.62,104.10,9.68,-0.17,1.68,-0.011,-0.060,-0.017,1.78,-8.35,-0.18,0.000000,0.000000,5557.63
17.36,100098.10,39.63,102.65,9.67,-0.19,1.68,-0.012,-0.059,-0.016,2.28,-8.35,-0.18,0.000000,0.000000,5558.79
17.29,100085.80,39.65,103.69,9.68,-0.18,1.71,-0.013,-0.060,-0.017,2.28,-8.82,-0.63,0.000000,0.000000,5559.94
17.31,100084.48,39.63,103.80,9.67,-0.16,1.68,-0.013,-0.060,-0.016,2.78,-7.87,1.18,0.000000,0.000000,5561.09
17.38,100101.52,39.63,102.36,9.69,-0.21,1.71,-0.012,-0.061,-0.017,1.27,-9.78,0.73,0.000000,0.000000,5562.24
17.24,100074.17,39.63,104.66,9.70,-0.18,1.70,-0.012,-0.059,-0.015,2.28,-7.87,2.54,0.000000,0.000000,5563.40
17.31,100089.07,39.62,103.41,9.69,-0.18,1.66,-0.013,-0.060,-0.016,1.78,-10.25,0.73,0.000000,0.000000,5564.55
18.10,100210.97,39.62,93.17,9.69,-0.18,1.70,-0.012,-0.061,-0.018,2.28,-7.87,1.18,0.000000,0.000000,5565.70
17.88,100178.99,39.61,95.85,9.68,-0.19,1.67,-0.013,-0.060,-0.016,0.77,-8.82,-0.63,0.000000,0.000000,5566.85
18.09,100210.03,39.60,93.24,9.68,-0.15,1.68,-0.013,-0.058,-0.014,1.27,-7.87,-0.63,0.000000,0.000000,5568.01
17.69,100148.03,39.60,98.46,9.68,-0.19,1.69,-0.012,-0.062,-0.019,1.78,-8.82,0.28,0.000000,0.000000,5569.16
17.59,100128.39,39.58,100.11,9.66,-0.15,1.69,-0.013,-0.062,-0.017,1.78,-7.87,-1.08,0.000000,0.000000,5570.31
17.97,100192.78,39.59,94.69,9.69,-0.17,1.71,-0.012,-0.062,-0.018,1.78,-8.35,1.63,0.000000,0.000000,5571.47
17.96,100189.50,39.59,94.97,9.70,-0.18,1.70,-0.013,-0.059,-0.017,1.78,-8.35,-0.63,0.000000,0.000000,5572.62
18.57,100292.34,39.59,86.33,9.70,-0.16,1.71,-0.012,-0.060,-0.015,1.78,-8.35,2.09,0.000000,0.000000,5573.77
18.61,100291.27,39.59,86.42,9.70,-0.21,1.71,-0.013,-0.061,-0.019,1.78,-10.73,0.28,0.000000,0.000000,5574.93
18.53,100267.18,39.61,86.85,9.67,-0.18,1.67,-0.013,-0.060,-0.016,2.28,-8.35,0.73,0.000000,0.000000,5576.08
18.26,100236.31,39.60,91.04,9.66,-0.17,1.69,-0.012,-0.059,-0.016,1.78,-10.73,0.28,0.000000,0.000000,5577.23
18.01,100191.25,39.58,94.82,9.69,-0.18,1.71,-0.012,-0.061,-0.017,1.78,-8.35,1.63,0.000000,0.000000,5578.38
18.57,100289.17,39.59,86.60,9.70,-0.19,1.71,-0.013,-0.061,-0.017,2.78,-9.30,0.73,0.000000,0.000000,5579.54
18.62,100291.30,39.60,86.42,9.67,-0.19,1.69,-0.013,-0.060,-0.016,1.27,-8.35,-1.08,0.000000,0.000000,5580.69
18.81,100326.06,39.60,83.50,9.70,-0.18,1.69,-0.012,-0.059,-0.015,2.28,-8.82,-0.18,0.000000,0.000000,5581.84
19.04,100354.14,39.58,81.15,9.68,-0.16,1.67,-0.013,-0.059,-0.015,2.28,-8.35,0.28,0.000000,0.000000,5583.00
18.94,100345.23,39.59,81.89,9.68,-0.17,1.68,-0.012,-0.063,-0.018,2.28,-8.35,0.73,0.000000,0.000000,5584.15
18.17,100218.22,39.58,92.56,9.69,-0.20,1.70,-0.011,-0.060,-0.018,1.27,-10.25,1.18,0.000000,0.000000,5585.30
18.21,100231.30,39.57,91.46,9.65,-0.15,1.68,-0.012,-0.056,-0.010,1.78,-7.87,2.09,0.000000,0.000000,5586.45
18.16,100220.70,39.58,92.35,9.67,-0.14,1.69,-0.012,-0.061,-0.016,1.78,-8.82,1.63,0.000000,0.000000,5587.61
18.17,100224.58,39.61,92.02,9.71,-0.21,1.71,-0.012,-0.062,-0.019,2.28,-8.35,1.18,0.000000,0.000000,5588.76
19.10,100370.42,39.57,79.78,9.66,-0.19,1.65,-0.013,-0.060,-0.015,0.77,-9.78,-0.63,0.000000,0.000000,5589.91
19.15,100370.17,39.57,79.80,9.69,-0.21,1.70,-0.012,-0.061,-0.018,1.27,-7.87,0.73,0.000000,0.000000,5591.07
18.69,100300.20,39.60,85.67,9.68,-0.18,1.68,-0.012,-0.060,-0.018,2.28,-8.82,0.73,0.000000,0.000000,5592.22
18.28,100237.35,39.60,90.95,9.69,-0.19,1.70,-0.013,-0.060,-0.017,1.27,-7.87,-2.89,0.000000,0.000000,5593.37
18.30,100242.59,39.57,90.51,9.65,-0.18,1.63,-0.012,-0.059,-0.016,1.78,-8.82,1.18,0.000000,0.000000,5594.53
18.11,100207.14,39.57,93.49,9.66,-0.11,1.69,-0.011,-0.062,-0.018,1.78,-8.35,-0.63,0.000000,0.000000,5595.68
18.42,100263.17,39.57,88.78,9.69,-0.21,1.73,-0.012,-0.062,-0.018,2.28,-7.87,1.18,0.000000,0.000000,5596.83
18.34,100245.05,39.56,90.30,9.70,-0.19,1.69,-0.014,-0.058,-0.015,2.28,-10.25,0.28,0.000000,0.000000,5597.98
18.51,100271.87,39.57,88.05,9.68,-0.16,1.68,-0.013,-0.060,-0.016,2.78,-7.39,1.63,0.000000,0.000000,5599.14
18.09,100202.83,39.56,93.85,9.67,-0.17,1.65,-0.012,-0.059,-0.017,2.28,-9.30,0.28,0.000000,0.000000,5600.29
18.22,100226.06,39.55,91.90,9.69,-0.19,1.68,-0.013,-0.059,-0.015,1.78,-8.82,0.73,0.000000,0.000000,5601.44
18.25,100227.08,39.55,91.81,9.68,-0.20,1.69,-0.012,-0.060,-0.017,1.78,-7.87,1.63,0.000000,0.000000,5602.60
17.99,100278.69,39.54,94.66,9.70,-0.18,1.71,-0.013,-0.061,-0.018,2.28,-8.35,0.73,0.000000,0.000000,5603.75
18.57,100282.20,39.55,87.18,9.68,-0.18,1.70,-0.013,-0.058,-0.015,1.78,-8.35,0.28,0.000000,0.000000,5604.90
18.06,100198.32,39.56,94.23,9.67,-0.18,1.67,-0.013,-0.060,-0.017,2.28,-8.35,0.28,0.000000,0.000000,5606.06
18.02,100190.67,39.56,94.87,9.67,-0.18,1.68,-0.012,-0.059,-0.017,1.27,-7.87,0.73,0.000000,0.000000,5607.21
17.44,100096.84,39.53,102.76,9.70,-0.17,1.72,-0.011,-0.062,-0.018,1.27,-7.87,1.63,0.000000,0.000000,5608.36
17.72,100145.06,39.55,98.70,9.70,-0.20,1.69,-0.013,-0.061,-0.015,2.78,-7.87,1.18,0.000000,0.000000,5609.51
17.48,100103.91,39.55,102.16,9.71,-0.23,1.67,-0.013,-0.060,-0.017,1.27,-9.78,-0.18,0.000000,0.000000,5610.67
17.62,100129.31,39.53,100.03,9.67,-0.18,1.68,-0.012,-0.061,-0.018,2.78,-9.30,2.54,0.000000,0.000000,5611.82
17.27,100067.81,39.54,105.20,9.67,-0.22,1.71,-0.012,-0.061,-0.018,1.27,-9.78,-1.54,0.000000,0.000000,5612.97
17.45,100097.99,39.51,102.66,9.69,-0.17,1.66,-0.013,-0.057,-0.012,2.78,-7.87,1.18,0.000000,0.000000,5614.13
18.04,100189.30,39.51,94.99,9.67,-0.16,1.69,-0.012,-0.060,-0.017,1.78,-7.87,1.63,0.000000,0.000000,5615.28
18.01,100188.38,39.52,95.06,9.66,-0.18,1.68,-0.013,-0.061,-0.018,0.77,-7.87,0.73,0.000000,0.000000,5616.43
18.22,100217.54,39.53,92.61,9.66,-0.18,1.69,-0.012,-0.061,-0.019,1.78,-9.30,0.28,0.000000,0.000000,5617.58
18.18,100218.03,39.52,92.57,9.69,-0.20,1.68,-0.014,-0.059,-0.016,1.78,-7.87,-0.18,0.000000,0.000000,5618.74
18.28,100232.33,39.52,91.37,9.67,-0.17,1.69,-0.013,-0.059,-0.016,1.27,-7.39,0.28,0.000000,0.000000,5619.89
18.47,100265.83,39.52,88.56,9.67,-0.18,1.68,-0.013,-0.061,-0.017,1.78,-8.35,-1.99,0.000000,0.000000,5621.04
18.43,100251.19,39.52,89.79,9.67,-0.17,1.70,-0.012,-0.060,-0.018,2.78,-8.82,1.63,0.000000,0.000000,5622.20
18.52,100264.31,39.53,88.69,9.69,-0.22,1.67,-0.012,-0.061,-0.018,1.78,-8.82,0.28,0.000000,0.000000,5623.35
18.32,100237.27,39.55,90.96,9.65,-0.15,1.67,-0.012,-0.060,-0.017,2.78,-6.92,1.63,0.000000,0.000000,5624.50
18.61,100276.99,39.52,87.62,9.73,-0.26,1.71,-0.011,-0.063,-0.020,2.28,-10.73,1.18,0.000000,0.000000,5625.66
19.70,100453.36,39.52,72.82,9.69,-0.21,1.71,-0.013,-0.059,-0.015,2.28,-7.39,1.63,0.000000,0.000000,5626.81
17.66,100134.86,39.50,99.56,10.06,2.23,0.96,0.682,-0.514,-0.422,4.29,-10.73,-0.18,0.000000,0.000000,5627.96
17.43,100092.30,39.50,103.14,7.52,1.91,1.42,-1.019,-0.561,0.735,4.29,-6.44,2.09,0.000000,0.000000,5629.11
15.21,99736.31,39.45,133.12,8.50,-2.75,1.30,0.666,0.233,0.264,-1.24,-9.30,0.73,0.000000,0.000000,5630.26
12.44,99303.20,39.42,169.70,9.03,3.94,-1.26,0.898,0.599,0.838,6.30,-7.39,-2.89,0.000000,0.000000,5631.42
17.42,100076.13,39.47,104.50,8.16,-1.43,-5.01,-0.741,-0.997,0.498,0.77,-6.92,-5.16,0.000000,0.000000,5632.58
8.73,98721.01,39.38,219.09,6.20,-4.22,4.41,2.279,0.116,1.833,-3.25,-5.48,3.90,0.000000,0.000000,5633.72
22.71,100918.95,39.46,33.86,5.54,-6.19,4.36,0.507,-0.003,0.107,-5.26,-3.58,3.44,0.000000,0.000000,5634.88
21.82,100784.80,39.48,45.07,4.04,-3.10,8.24,0.297,0.022,0.159,-3.25,-3.58,6.61,0.000000,0.000000,5636.03
20.17,100521.49,39.50,67.11,3.73,1.87,9.40,1.180,-0.788,1.168,3.29,-2.62,8.42,0.000000,0.000000,5637.18
30.50,102178.31,39.66,-70.80,7.77,2.52,4.07,-0.205,-0.799,-0.111,2.78,-6.92,1.18,0.000000,0.000000,5640.56
20.58,100598.00,39.58,60.70,8.69,3.18,4.15,-0.136,0.499,-0.068,5.30,-7.39,2.99,0.000000,0.000000,5641.71
20.24,100535.61,39.54,65.93,7.35,1.26,5.41,-1.962,-0.792,0.343,2.78,-6.44,2.99,0.000000,0.000000,5642.86
22.32,100864.23,39.57,38.43,9.15,-5.02,3.14,0.667,0.723,-0.406,-5.26,-9.30,1.18,0.000000,0.000000,5644.01
23.60,101071.76,39.57,21.11,4.46,-8.85,2.38,0.003,-0.298,0.357,-7.77,-3.10,1.63,0.000000,0.000000,5645.16
23.34,101027.14,39.57,24.83,8.59,-5.53,-0.24,-0.597,1.047,-2.168,-5.76,-6.44,-2.89,0.000000,0.000000,5646.32
20.66,100601.73,39.57,60.39,8.31,3.72,2.16,-0.598,0.023,-0.713,4.29,-7.39,0.28,0.000000,0.000000,5647.46
24.93,101277.20,39.57,3.98,7.03,-3.42,6.84,1.010,0.390,0.435,-2.75,-5.48,6.16,0.000000,0.000000,5648.61
19.23,100373.44,39.53,79.53,6.19,0.42,7.67,-0.017,0.271,0.126,2.28,-8.82,7.07,0.000000,0.000000,5649.76
20.13,100516.45,39.49,67.54,3.67,-0.49,9.28,0.477,-0.383,0.539,-0.23,-3.58,8.42,0.000000,0.000000,5650.92
18.47,100251.25,39.46,89.78,6.88,2.86,6.87,-0.190,0.073,-0.560,5.30,-5.48,6.61,0.000000,0.000000,5652.07
17.65,100126.94,39.45,100.23,5.36,3.78,6.92,0.105,0.132,-0.034,5.30,-6.44,7.07,0.000000,0.000000,5653.22
19.75,100458.69,39.47,72.38,4.73,5.82,8.80,0.313,-0.313,1.367,7.31,-3.58,7.97,0.000000,0.000000,5654.37
21.17,100679.16,39.47,53.91,6.81,-0.19,7.13,0.735,-0.573,0.986,2.28,-5.01,7.52,0.000000,0.000000,5655.52
30.46,102180.53,39.85,-70.99,8.32,4.12,3.14,-0.061,-0.130,-0.028,4.29,-7.87,2.09,0.000000,0.000000,5662.91
18.61,100290.92,39.75,86.45,8.43,3.97,2.88,0.155,0.067,-0.138,7.31,-6.44,1.63,0.000000,0.000000,5664.06
19.02,100343.66,39.70,82.03,6.22,4.64,5.82,-0.973,0.302,-0.537,6.80,-5.48,2.99,0.000000,0.000000,5665.21
12.00,99241.41,39.60,174.94,5.74,3.33,6.72,-0.184,-0.449,-0.674,4.79,-5.96,6.16,0.000000,0.000000,5666.36
