Temperatura,Pressao,Umidade,Altitude,ax,ay,az,gx,gy,gz,vib_x,vib_y,vib_z,Latitude,Longitude,Tempo
15.27,99905.69,55.24,118.84,9.66,-0.02,1.79,-0.013,-0.057,-0.015,1.78,-8.82,-1.54,0.000000,0.000000,1.41
14.88,99850.07,55.22,123.53,9.69,-0.01,1.76,-0.013,-0.061,-0.017,2.28,-8.35,-0.18,0.000000,0.000000,2.56
15.31,99911.64,55.23,118.34,9.72,0.07,1.69,-0.012,-0.062,-0.014,2.78,-7.87,0.73,0.000000,0.000000,3.72
16.06,100033.65,55.28,108.07,9.61,-0.11,1.84,-0.010,-0.088,-0.035,4.29,-8.82,1.63,0.000000,0.000000,4.87
19.63,100600.98,55.43,60.46,10.78,-0.95,2.64,-0.862,-0.055,-0.064,0.27,-9.30,1.18,0.000000,0.000000,6.02
15.68,99979.63,55.26,112.62,8.95,0.39,1.93,0.087,0.144,-0.151,2.78,-8.35,-0.18,0.000000,0.000000,7.17
16.20,100049.56,55.25,106.73,11.29,-0.72,1.24,-0.032,0.059,0.215,3.29,-11.21,-1.08,0.000000,0.000000,8.33
15.51,99940.27,55.22,115.93,9.68,0.05,1.76,-0.013,-0.060,-0.015,2.28,-7.87,-1.54,0.000000,0.000000,9.48
15.40,99924.63,55.20,117.25,9.66,0.02,1.72,-0.014,-0.065,-0.016,2.28,-8.35,-0.18,0.000000,0.000000,10.63
15.49,99941.59,55.20,115.82,9.67,0.14,2.03,-0.011,-0.050,-0.014,2.28,-7.39,1.18,0.000000,0.000000,11.79
15.35,99922.69,55.19,117.41,9.67,0.04,1.68,-0.013,-0.063,-0.018,2.78,-8.82,0.28,0.000000,0.000000,12.94
15.16,99891.77,55.17,120.02,9.69,0.03,1.75,-0.014,-0.060,-0.017,1.78,-8.82,-0.18,0.000000,0.000000,14.09
14.72,99820.94,55.16,125.98,9.55,-0.04,1.85,-0.011,-0.071,-0.021,2.28,-8.82,-0.18,0.000000,0.000000,15.25
14.17,99729.09,55.10,133.73,9.66,0.06,1.72,-0.013,-0.061,-0.017,2.78,-9.78,-0.63,0.000000,0.000000,16.40
14.60,99802.88,55.12,127.51,9.65,0.00,1.74,-0.013,-0.063,-0.016,2.28,-8.35,-0.63,0.000000,0.000000,17.55
14.15,99727.88,55.08,133.83,9.67,0.05,1.75,-0.013,-0.062,-0.015,2.78,-7.87,0.73,0.000000,0.000000,18.70
13.80,99674.61,55.06,138.32,9.64,0.03,1.75,-0.014,-0.061,-0.015,3.29,-7.87,0.73,0.000000,0.000000,19.86
14.43,99771.84,55.09,130.12,9.52,-0.19,2.02,-0.008,-0.091,-0.052,2.78,-8.82,0.73,0.000000,0.000000,21.01
15.89,100001.06,55.14,110.81,9.64,0.05,1.67,-0.012,-0.061,-0.022,2.78,-7.87,-0.18,0.000000,0.000000,22.16
16.00,100022.72,55.14,108.99,9.65,-0.03,2.02,-0.013,-0.073,-0.019,1.78,-8.35,-0.63,0.000000,0.000000,23.32
15.44,99928.02,55.12,116.96,9.70,0.02,1.73,-0.013,-0.061,-0.016,2.28,-8.35,-1.08,0.000000,0.000000,24.47
14.55,99788.80,55.07,128.69,9.67,0.01,1.68,-0.013,-0.061,-0.018,1.78,-8.35,1.63,0.000000,0.000000,25.62
14.27,99745.27,55.07,132.36,9.69,0.06,1.78,-0.014,-0.059,-0.016,2.78,-7.39,0.73,0.000000,0.000000,26.78
13.74,99666.72,55.02,138.99,9.64,0.01,1.77,-0.013,-0.064,-0.017,3.79,-7.87,1.18,0.000000,0.000000,27.93
13.12,99561.34,54.99,147.88,9.67,0.09,1.65,-0.014,-0.062,-0.015,2.28,-8.35,0.28,0.000000,0.000000,29.08
13.09,99559.03,54.99,148.08,9.68,0.03,1.36,-0.015,-0.100,-0.015,2.28,-8.35,-0.63,0.000000,0.000000,30.24
14.52,99782.16,55.04,129.25,10.49,0.28,2.29,-0.012,-0.178,-0.004,2.28,-11.68,-0.18,0.000000,0.000000,31.39
14.04,99707.19,55.03,135.57,9.67,0.03,1.55,-0.014,-0.063,-0.016,2.78,-8.35,-1.54,0.000000,0.000000,32.54
14.33,99750.08,55.02,131.96,9.64,0.05,1.68,-0.011,-0.063,-0.018,2.28,-6.44,0.73,0.000000,0.000000,33.69
13.91,99687.78,55.02,137.21,9.61,-0.04,1.81,-0.014,-0.065,-0.014,2.78,-8.35,1.18,0.000000,0.000000,34.85
13.35,99600.05,54.99,144.61,9.67,0.02,1.74,-0.013,-0.061,-0.015,1.78,-8.82,2.09,0.000000,0.000000,36.00
12.96,99538.66,54.96,149.80,9.66,0.03,1.77,-0.014,-0.061,-0.016,1.78,-7.39,0.28,0.000000,0.000000,37.15
13.25,99580.47,54.95,146.27,9.69,0.03,1.75,-0.013,-0.061,-0.016,2.78,-10.73,0.73,0.000000,0.000000,38.31
13.16,99562.98,54.95,147.74,7.53,-0.75,1.27,0.002,-0.072,-0.085,1.27,-5.48,-1.08,0.000000,0.000000,39.46
13.82,99670.71,54.97,138.65,9.04,-0.42,1.21,0.003,-0.053,-0.089,1.78,-6.92,-0.18,0.000000,0.000000,40.61
13.79,99666.27,54.98,139.02,8.59,-0.19,1.14,-0.012,-0.052,-0.040,1.78,-6.44,0.73,0.000000,0.000000,41.77
13.83,99669.47,54.97,138.76,8.17,-0.26,1.39,-0.003,-0.099,-0.082,2.28,-5.96,0.28,0.000000,0.000000,42.92
14.22,99736.52,55.03,133.10,8.83,-0.24,1.33,-0.010,-0.086,-0.040,1.78,-8.35,-1.54,0.000000,0.000000,44.07
14.47,99774.13,54.98,129.93,9.53,-0.20,1.49,-0.014,-0.044,-0.014,1.78,-11.21,0.28,0.000000,0.000000,45.23
14.90,99834.05,54.99,124.88,9.68,0.02,1.76,-0.013,-0.063,-0.016,1.78,-6.92,-1.99,0.000000,0.000000,46.38
14.55,99785.15,54.99,129.00,9.68,0.04,1.74,-0.013,-0.061,-0.016,2.28,-8.35,-1.54,0.000000,0.000000,47.53
14.15,99715.83,54.97,134.84,9.66,0.05,1.79,-0.013,-0.060,-0.017,2.28,-7.39,0.28,0.000000,0.000000,48.68
14.66,99802.13,55.00,127.57,9.39,-0.09,-3.01,-0.015,-0.519,-0.034,2.78,-7.87,-3.80,0.000000,0.000000,49.84
15.03,99857.53,55.00,122.90,9.34,0.02,-2.96,-0.014,-0.039,-0.018,2.28,-6.92,-3.35,0.000000,0.000000,50.99
14.69,99805.86,54.98,127.25,9.37,0.00,-2.88,-0.012,-0.047,-0.016,3.79,-7.87,-3.80,0.000000,0.000000,52.14
14.61,99789.53,54.97,128.63,9.40,-0.00,-2.90,-0.013,-0.071,-0.018,2.28,-9.30,-4.71,0.000000,0.000000,53.30
14.55,99779.73,54.97,129.46,9.36,0.00,-3.00,-0.013,-0.056,-0.016,2.78,-7.39,-2.89,0.000000,0.000000,54.45
14.54,99776.67,54.97,129.71,9.38,0.02,-2.98,-0.013,-0.047,-0.017,2.28,-6.92,-5.61,0.000000,0.000000,55.60
14.52,99777.49,55.00,129.64,9.36,0.01,-3.01,-0.014,-0.080,-0.017,3.29,-6.44,-3.35,0.000000,0.000000,56.75
14.19,99720.63,54.95,134.44,9.39,0.03,-2.89,-0.013,-0.023,-0.018,2.28,-8.82,-4.25,0.000000,0.000000,57.91
15.44,99926.92,55.02,117.06,9.68,0.01,1.46,-0.013,0.082,-0.016,2.78,-8.82,-0.18,0.000000,0.000000,59.06
15.33,99900.01,54.99,119.32,9.68,0.05,1.75,-0.014,-0.060,-0.016,1.78,-9.30,-1.54,0.000000,0.000000,60.21
15.81,99975.47,55.04,112.97,9.66,0.03,1.74,-0.013,-0.061,-0.016,1.78,-8.35,-1.08,0.000000,0.000000,61.37
14.61,99788.56,54.98,128.71,9.66,-0.00,1.78,-0.013,-0.063,-0.017,1.78,-7.87,0.73,0.000000,0.000000,62.52
14.71,99799.75,54.96,127.77,9.69,0.05,1.74,-0.013,-0.061,-0.015,2.78,-7.87,1.18,0.000000,0.000000,63.67
14.65,99794.27,54.96,128.23,9.68,0.02,1.76,-0.012,-0.062,-0.016,3.29,-9.30,1.18,0.000000,0.000000,64.82
15.01,99852.00,54.97,123.37,9.67,0.05,1.72,-0.013,-0.061,-0.017,2.28,-8.82,1.18,0.000000,0.000000,65.98
15.17,99880.83,54.97,120.94,9.68,0.02,1.75,-0.013,-0.061,-0.017,2.28,-9.78,-1.54,0.000000,0.000000,67.13
14.87,99828.14,54.95,125.38,9.70,0.03,1.75,-0.013,-0.061,-0.016,1.78,-9.78,-1.54,0.000000,0.000000,68.28
14.96,99843.45,54.95,124.09,9.67,0.03,1.74,-0.012,-0.061,-0.016,2.28,-7.87,-1.99,0.000000,0.000000,69.44
15.08,99859.36,54.95,122.75,9.66,0.02,1.78,-0.014,-0.061,-0.016,3.29,-7.87,-0.18,0.000000,0.000000,70.59
14.74,99809.61,54.94,126.94,9.68,0.04,1.72,-0.013,-0.061,-0.017,1.78,-8.82,1.18,0.000000,0.000000,71.74
14.84,99825.39,54.93,125.61,9.66,0.04,1.72,-0.013,-0.062,-0.017,2.28,-9.78,0.73,0.000000,0.000000,72.89
14.98,99849.52,54.93,123.57,9.67,0.02,1.72,-0.014,-0.060,-0.017,2.28,-9.30,0.73,0.000000,0.000000,74.05
14.56,99778.13,54.91,129.59,9.70,0.02,1.76,-0.014,-0.060,-0.016,1.78,-10.25,1.63,0.000000,0.000000,75.20
14.17,99711.11,54.87,135.24,9.67,0.05,1.73,-0.014,-0.061,-0.017,2.28,-8.35,-2.89,0.000000,0.000000,76.35
14.35,99740.69,54.88,132.75,9.66,0.02,1.77,-0.013,-0.060,-0.017,3.29,-8.35,0.28,0.000000,0.000000,77.51
13.34,99579.36,54.81,146.36,9.74,0.03,1.79,-0.012,-0.064,-0.018,3.79,-7.87,0.73,0.000000,0.000000,78.66
13.00,99527.22,54.80,150.76,9.67,0.03,1.72,-0.013,-0.061,-0.017,2.28,-9.30,2.09,0.000000,0.000000,79.81
14.23,99723.01,54.85,134.24,9.68,0.05,1.74,-0.014,-0.059,-0.015,1.27,-9.78,0.28,0.000000,0.000000,80.96
13.44,99602.60,54.82,144.40,9.66,0.02,1.75,-0.013,-0.061,-0.016,2.28,-11.21,-0.63,0.000000,0.000000,82.12
13.99,99682.05,54.82,137.69,9.65,0.02,1.76,-0.013,-0.060,-0.017,1.78,-8.35,0.28,0.000000,0.000000,83.27
13.15,99545.73,54.78,149.20,9.63,-0.01,1.72,-0.013,-0.062,-0.016,2.78,-8.35,0.73,0.000000,0.000000,84.42
13.06,99530.66,54.77,150.47,9.73,-0.10,1.91,-0.066,-0.086,-0.031,4.79,-8.35,0.73,0.000000,0.000000,85.58
11.52,99283.52,54.69,171.37,5.70,-1.51,1.20,-2.469,0.728,-0.565,1.78,-5.01,0.28,0.000000,0.000000,86.73
13.86,99653.65,54.78,140.09,8.50,-0.22,-0.73,-1.487,0.461,-2.453,2.28,-7.39,-1.99,0.000000,0.000000,87.88
11.44,99256.55,54.69,173.65,10.63,0.81,1.78,2.305,1.141,0.937,1.78,-12.16,1.18,0.000000,0.000000,89.03
6.38,98774.19,54.53,214.57,4.70,0.40,2.78,0.742,0.184,1.198,2.78,-3.58,0.28,0.000000,0.000000,90.18
10.33,99099.84,54.63,186.93,9.34,-0.87,1.10,0.442,-0.014,-3.019,1.78,-8.82,0.73,0.000000,0.000000,91.34
10.30,99091.38,54.63,187.65,8.65,2.10,2.14,-0.333,-0.132,1.100,5.80,-7.87,1.18,0.000000,0.000000,92.49
16.10,100006.05,54.88,110.40,9.69,1.28,1.04,-0.041,0.004,0.021,4.29,-8.82,-1.08,0.000000,0.000000,93.65
17.26,100188.25,54.97,95.07,9.28,2.03,1.13,0.096,-0.032,-0.080,4.29,-8.35,-0.18,0.000000,0.000000,94.80
18.43,100380.42,55.05,78.94,8.89,3.15,1.37,-0.033,-0.106,0.134,5.30,-7.39,-0.63,0.000000,0.000000,95.95
20.23,100663.56,55.17,55.22,8.54,2.92,2.23,0.047,-0.226,0.332,4.29,-6.44,-0.63,0.000000,0.000000,97.10
18.11,100330.69,55.09,83.11,7.73,3.90,1.85,-0.264,0.298,0.150,6.80,-5.48,1.18,0.000000,0.000000,98.26
17.30,100203.14,55.09,93.82,7.17,0.64,2.10,-0.781,-0.001,0.129,2.28,-5.96,1.63,0.000000,0.000000,99.41
22.09,100956.58,55.24,30.72,9.37,-0.01,2.56,0.350,-0.056,0.107,1.27,-7.39,-0.18,0.000000,0.000000,100.56
20.93,100777.36,55.23,45.69,9.49,-0.41,2.72,0.088,-0.052,-0.055,0.27,-8.35,0.73,0.000000,0.000000,101.72
11.58,99305.14,54.81,169.54,6.18,3.31,5.64,-0.015,3.280,-1.748,6.30,-6.44,3.90,0.000000,0.000000,102.87
9.36,98936.73,54.67,200.76,-9.20,-1.05,-0.61,-1.266,0.244,-0.541,0.77,9.78,-1.08,0.000000,0.000000,104.03
13.81,99645.40,54.85,140.79,-10.72,-0.24,-2.00,-2.229,-0.957,-0.080,1.78,12.16,0.73,0.000000,0.000000,105.18
17.42,100212.88,55.06,93.01,-8.66,-1.12,4.34,-0.312,-0.615,0.147,0.27,7.87,6.16,0.000000,0.000000,106.33
17.60,100244.34,55.10,90.36,-7.08,2.01,5.82,0.022,0.493,-0.138,4.29,6.91,7.97,0.000000,0.000000,107.48
17.82,100277.32,55.17,87.59,-7.95,2.66,5.07,0.403,-0.397,0.222,4.29,7.39,5.71,0.000000,0.000000,108.63
19.29,100511.69,55.26,67.94,-7.65,2.37,4.36,-0.131,0.918,0.116,3.29,8.34,5.71,0.000000,0.000000,109.79
17.93,100299.48,55.24,85.73,-9.53,1.12,-0.08,0.263,0.293,-0.235,2.78,10.73,-0.18,0.000000,0.000000,110.94
14.11,99690.33,55.10,137.00,-9.70,1.04,-0.98,0.692,-0.167,-0.030,3.79,11.21,1.63,0.000000,0.000000,112.10
14.90,99823.61,55.15,125.76,-10.44,0.06,-0.99,-0.386,-0.097,-0.035,1.78,10.73,1.18,0.000000,0.000000,113.25
11.50,99284.53,55.00,171.28,-9.44,-0.19,-1.86,-0.017,-0.217,0.132,1.78,9.78,0.28,0.000000,0.000000,114.40
13.74,99632.13,55.08,141.91,-9.25,-0.12,-1.32,-0.152,-0.213,0.054,2.28,8.34,-1.54,0.000000,0.000000,115.56
14.00,99677.60,55.11,138.07,-9.76,-0.06,-2.06,-0.068,0.195,0.282,1.78,10.25,-0.18,0.000000,0.000000,116.71
13.56,99601.08,55.09,144.53,-8.97,-1.79,-1.67,0.172,-0.591,-0.131,0.77,9.78,0.73,0.000000,0.000000,117.86
12.97,99512.38,55.07,152.02,-9.01,0.68,-1.83,-0.065,0.188,0.088,4.29,10.25,1.63,0.000000,0.000000,119.01
15.54,99913.84,55.16,118.16,-9.53,0.38,-2.44,0.181,0.178,-0.003,3.29,10.25,-0.63,0.000000,0.000000,120.17
9.28,98935.91,54.89,200.83,-10.13,-0.41,-0.61,0.160,-0.673,0.440,1.27,9.30,1.18,0.000000,0.000000,121.32
12.75,99461.59,55.00,156.31,-5.69,2.95,7.15,-3.122,-0.927,-1.661,6.30,4.05,7.97,0.000000,0.000000,122.47
13.74,99630.73,55.07,142.02,0.61,-9.00,-2.42,-0.194,-0.593,-0.112,-6.77,1.19,-1.08,0.000000,0.000000,123.63
12.02,99362.25,55.00,164.71,2.64,-9.31,-1.25,0.198,0.021,-0.085,-5.76,-1.67,-0.63,0.000000,0.000000,124.78
13.21,99549.15,55.04,148.91,1.37,-9.49,0.41,0.114,-0.123,-0.224,-6.77,-1.19,-0.18,0.000000,0.000000,125.93
13.53,99593.37,55.04,145.18,0.71,-9.69,1.19,-0.089,0.149,0.129,-6.77,-1.19,1.63,0.000000,0.000000,127.08
13.30,99564.39,55.02,147.62,0.51,-9.75,0.79,-0.031,-0.066,-0.024,-6.77,-1.67,2.99,0.000000,0.000000,128.24
13.09,99522.57,54.99,151.16,-0.87,-11.22,0.60,-0.385,-0.638,-0.095,-7.77,2.15,-1.08,0.000000,0.000000,129.39
12.25,99395.22,54.92,161.92,-2.60,-9.31,0.16,-0.046,-0.188,-0.141,-6.77,4.53,1.18,0.000000,0.000000,130.54
14.30,99713.22,54.99,135.06,-7.77,-3.64,0.72,0.048,1.716,2.769,-1.74,8.34,1.63,0.000000,0.000000,131.69
13.36,99565.29,54.94,147.55,-9.34,1.18,-0.74,-0.014,-0.267,0.114,4.79,9.78,1.18,0.000000,0.000000,132.85
13.51,99586.44,54.95,145.76,-9.58,2.17,0.83,-0.237,-0.427,0.126,3.29,9.30,1.63,0.000000,0.000000,134.00
12.10,99362.97,54.91,164.65,-7.09,0.87,6.39,0.380,-1.350,-0.628,3.29,6.44,7.52,0.000000,0.000000,135.15
5.42,98308.82,54.58,254.20,-3.80,-1.01,9.37,0.049,-0.168,-0.570,1.27,4.05,7.97,0.000000,0.000000,136.31
7.77,98692.47,54.67,221.52,-4.12,-2.54,7.54,0.412,0.650,-1.791,-1.24,5.48,8.42,0.000000,0.000000,137.46
12.09,99360.34,54.87,164.87,-4.69,-0.65,7.37,-0.380,-0.093,0.170,3.29,3.58,7.07,0.000000,0.000000,138.61
10.77,99151.09,54.85,182.59,-1.85,-0.06,9.89,-0.026,-0.195,-0.454,2.28,1.19,9.78,0.000000,0.000000,139.77
13.45,99567.76,54.96,147.34,-1.82,0.66,9.11,-0.245,-0.093,-0.197,1.78,1.67,10.69,0.000000,0.000000,140.92
13.57,99596.80,55.01,144.89,-1.87,-0.54,9.91,-0.260,0.211,-0.041,0.77,2.62,11.14,0.000000,0.000000,142.07
15.61,99900.42,55.09,119.29,-3.89,1.89,8.22,0.567,-0.349,-0.924,3.79,5.48,7.97,0.000000,0.000000,143.22
20.56,100701.94,55.36,52.00,-3.06,0.31,8.91,-0.065,0.540,-0.357,1.27,4.05,9.33,0.000000,0.000000,144.38
15.33,99870.67,55.18,121.79,-2.88,1.96,8.87,-0.136,-0.145,-0.030,4.29,2.15,8.42,0.000000,0.000000,145.53
14.75,99786.20,55.18,128.91,-2.80,1.69,9.12,-0.230,-0.193,0.750,3.79,2.15,8.88,0.000000,0.000000,146.68
15.28,99863.09,55.21,122.43,-3.80,2.27,8.10,0.172,-0.192,-0.026,4.29,4.53,6.16,0.000000,0.000000,147.84
15.73,99938.27,55.26,116.10,-4.15,1.75,8.09,0.114,-0.232,0.035,3.29,5.01,8.88,0.000000,0.000000,148.99
13.16,99527.70,55.15,150.72,-1.85,0.92,9.13,-0.101,-0.197,0.224,3.29,2.15,10.24,0.000000,0.000000,150.14
12.38,99408.30,55.13,160.82,-2.02,1.53,9.57,-0.110,-0.119,-0.135,5.30,1.67,9.33,0.000000,0.000000,151.30
13.87,99639.41,55.18,141.29,-2.72,0.70,9.44,-0.242,-0.114,0.012,2.78,1.67,10.24,0.000000,0.000000,152.45
12.52,99433.78,55.15,158.66,-2.48,0.51,9.58,0.165,-0.063,0.084,2.28,1.19,7.97,0.000000,0.000000,153.61
13.26,99538.84,55.19,149.78,-2.33,1.48,9.38,0.018,-0.035,0.047,3.29,2.62,7.97,0.000000,0.000000,154.75
12.96,99497.31,55.18,153.29,-2.52,2.04,8.92,-0.397,0.331,0.170,4.79,2.62,9.78,0.000000,0.000000,155.91
12.16,99363.80,55.14,164.58,-3.59,1.48,8.72,-0.113,-0.022,0.077,3.79,4.05,8.88,0.000000,0.000000,157.06
12.28,99394.23,55.14,162.00,-3.86,-0.57,8.63,0.014,0.203,-0.435,1.78,2.15,9.33,0.000000,0.000000,158.21
10.46,99094.89,55.03,187.35,-1.78,1.55,9.48,-0.021,-0.107,-0.103,4.79,0.71,8.88,0.000000,0.000000,159.37
9.13,98873.13,54.96,206.16,4.66,4.20,6.72,0.887,-2.925,1.763,6.80,-4.05,5.71,0.000000,0.000000,160.52
11.76,99299.03,55.08,170.06,9.52,0.62,3.74,-0.027,-0.136,0.062,3.79,-8.82,2.09,0.000000,0.000000,161.67
19.51,100519.31,55.44,67.30,8.93,0.27,2.67,0.192,-0.253,-0.073,1.27,-7.39,1.18,0.000000,0.000000,162.82
13.59,99592.38,55.20,145.26,9.18,0.89,1.76,-0.398,0.503,-0.050,3.29,-9.30,1.18,0.000000,0.000000,163.98
13.37,99562.09,55.19,147.82,9.47,-0.01,2.38,0.551,-0.638,0.822,2.28,-10.73,0.73,0.000000,0.000000,165.13
13.18,99524.06,55.16,151.03,9.43,0.10,1.72,-0.012,-0.079,-0.016,2.78,-8.35,1.63,0.000000,0.000000,166.28
13.85,99629.91,55.17,142.09,9.68,0.09,1.66,-0.013,-0.058,-0.017,3.29,-7.39,1.18,0.000000,0.000000,167.44
13.50,99574.94,55.11,146.73,9.68,0.08,1.75,-0.013,-0.061,-0.016,4.29,-8.35,1.63,0.000000,0.000000,168.59
13.42,99565.10,55.10,147.56,9.68,0.03,1.78,-0.014,-0.058,-0.015,2.28,-9.78,0.73,0.000000,0.000000,169.74
13.59,99588.04,55.07,145.63,9.65,0.06,1.73,-0.011,-0.061,-0.017,2.78,-10.25,-1.08,0.000000,0.000000,170.90
13.74,99617.34,55.06,143.15,9.67,0.09,1.76,-0.014,-0.061,-0.016,2.28,-8.35,-1.54,0.000000,0.000000,172.05
13.47,99570.77,54.99,147.09,9.66,0.07,1.73,-0.013,-0.062,-0.016,3.79,-8.35,0.28,0.000000,0.000000,173.20
13.42,99561.28,54.96,147.89,9.67,0.09,1.75,-0.013,-0.060,-0.016,1.27,-8.35,1.18,0.000000,0.000000,174.35
13.54,99575.06,54.92,146.72,9.67,0.07,1.74,-0.014,-0.059,-0.017,2.28,-8.82,-0.63,0.000000,0.000000,175.51
13.28,99539.25,54.89,149.75,9.68,0.09,1.75,-0.014,-0.060,-0.016,2.78,-9.78,-0.18,0.000000,0.000000,176.66
13.35,99549.19,54.88,148.91,9.66,0.09,1.76,-0.013,-0.060,-0.017,2.78,-8.82,0.73,0.000000,0.000000,177.81
14.20,99684.58,54.90,137.48,9.66,0.06,1.78,-0.011,-0.066,-0.020,2.28,-8.35,2.09,0.000000,0.000000,178.97
13.66,99596.45,54.84,144.92,9.67,0.10,1.76,-0.013,-0.059,-0.017,2.78,-8.35,0.73,0.000000,0.000000,180.12
13.67,99602.19,54.82,144.43,9.65,0.03,1.76,-0.013,-0.064,-0.014,2.28,-8.35,-0.63,0.000000,0.000000,181.27
13.66,99592.48,54.79,145.25,9.62,0.17,1.57,-0.013,-0.058,-0.017,2.28,-11.21,-1.08,0.000000,0.000000,182.43
12.55,99423.43,54.73,159.54,9.69,0.09,1.74,-0.013,-0.060,-0.017,2.28,-8.35,0.28,0.000000,0.000000,183.58
13.63,99591.48,54.75,145.34,9.63,0.08,1.76,-0.014,-0.061,-0.015,3.29,-7.87,2.09,0.000000,0.000000,184.73
13.45,99566.27,54.73,147.47,9.66,0.07,1.75,-0.013,-0.061,-0.016,2.78,-8.82,1.18,0.000000,0.000000,185.88
13.73,99604.81,54.72,144.21,9.67,0.10,1.72,-0.012,-0.061,-0.016,3.79,-9.78,0.28,0.000000,0.000000,187.04
13.65,99598.67,54.71,144.73,9.67,0.11,1.75,-0.013,-0.064,-0.015,2.78,-10.73,1.63,0.000000,0.000000,188.19
11.68,99283.00,54.58,171.41,9.83,0.13,1.84,-0.013,-0.063,-0.012,2.78,-8.82,-2.44,0.000000,0.000000,189.35
14.44,99714.11,54.69,134.99,9.60,0.10,1.69,-0.012,-0.060,-0.020,2.28,-7.87,1.18,0.000000,0.000000,190.50
14.25,99684.83,54.68,137.46,9.75,0.12,1.67,-0.014,-0.053,-0.016,2.28,-8.35,0.73,0.000000,0.000000,191.65
12.16,99357.16,54.60,165.14,9.67,0.05,1.76,-0.013,-0.061,-0.017,2.78,-8.82,1.18,0.000000,0.000000,192.80
13.40,99552.71,54.62,148.61,9.67,0.05,1.78,-0.013,-0.062,-0.016,2.28,-8.35,-1.99,0.000000,0.000000,193.96
12.25,99373.75,54.56,163.74,9.68,0.09,1.72,-0.014,-0.060,-0.017,2.28,-8.35,0.73,0.000000,0.000000,195.11
13.22,99522.66,54.58,151.15,9.67,0.11,1.74,-0.013,-0.061,-0.015,3.29,-8.35,0.73,0.000000,0.000000,196.26
14.10,99660.40,54.62,139.52,9.69,0.10,1.75,-0.014,-0.061,-0.016,3.29,-9.30,2.54,0.000000,0.000000,197.42
14.05,99650.26,54.61,140.38,9.67,0.07,1.76,-0.014,-0.060,-0.016,3.29,-9.30,1.18,0.000000,0.000000,198.57
12.93,99475.39,54.58,155.14,9.69,0.04,1.80,-0.014,-0.057,-0.021,2.78,-10.25,-2.89,0.000000,0.000000,199.72
13.99,99639.38,54.60,141.29,9.70,0.09,1.74,-0.013,-0.059,-0.016,2.78,-8.35,-0.18,0.000000,0.000000,200.87
13.99,99642.55,54.60,141.03,9.66,0.09,1.73,-0.013,-0.061,-0.016,2.78,-7.39,0.73,0.000000,0.000000,202.03
12.76,99445.81,54.52,157.64,9.78,0.10,1.73,-0.015,-0.063,-0.011,2.78,-8.35,-0.18,0.000000,0.000000,203.18
14.10,99661.89,54.57,139.39,9.60,0.14,1.80,-0.013,-0.060,-0.022,3.29,-9.78,-0.18,0.000000,0.000000,204.33
12.99,99478.52,54.51,154.88,9.68,0.05,1.79,-0.014,-0.059,-0.016,2.28,-9.30,0.73,0.000000,0.000000,205.49
13.69,99594.14,54.55,145.11,9.71,0.11,1.74,-0.014,-0.063,-0.015,3.29,-8.35,-2.89,0.000000,0.000000,206.64
13.57,99570.70,54.56,147.09,9.67,0.06,1.77,-0.013,-0.061,-0.016,4.29,-7.87,0.73,0.000000,0.000000,207.79
13.64,99588.39,54.55,145.60,9.66,0.10,1.73,-0.013,-0.066,-0.016,4.29,-7.87,-0.18,0.000000,0.000000,208.95
13.33,99535.52,54.52,150.06,9.67,0.11,1.78,-0.014,-0.060,-0.017,2.78,-10.73,1.18,0.000000,0.000000,210.10
13.28,99527.95,54.51,150.70,9.67,0.09,1.75,-0.013,-0.060,-0.017,2.78,-10.25,0.73,0.000000,0.000000,211.25
14.09,99646.15,54.53,140.72,9.67,0.07,1.76,-0.013,-0.060,-0.016,2.28,-8.35,-1.54,0.000000,0.000000,212.40
13.80,99608.59,54.53,143.89,9.66,0.09,1.74,-0.013,-0.061,-0.016,3.29,-8.82,1.63,0.000000,0.000000,213.56
13.48,99556.59,54.50,148.28,9.71,0.06,1.78,-0.013,-0.060,-0.016,2.78,-8.35,0.28,0.000000,0.000000,214.71
13.96,99636.64,54.54,141.53,9.68,0.07,1.80,-0.013,-0.060,-0.017,2.78,-9.78,-1.54,0.000000,0.000000,215.86
14.19,99669.55,54.53,138.75,9.68,0.10,1.75,-0.014,-0.061,-0.016,2.28,-8.35,1.18,0.000000,0.000000,217.01
13.83,99611.67,54.50,143.63,9.68,0.09,1.77,-0.013,-0.062,-0.017,2.28,-8.35,-1.54,0.000000,0.000000,218.17
14.27,99678.22,54.50,138.02,9.65,0.04,1.72,-0.012,-0.053,-0.023,3.79,-7.87,1.63,0.000000,0.000000,219.32
15.81,99923.59,54.62,117.34,9.66,0.09,1.74,-0.015,-0.059,-0.014,1.78,-9.30,-0.63,0.000000,0.000000,220.48
16.28,99992.59,54.60,111.53,9.69,0.11,1.73,-0.014,-0.060,-0.017,1.78,-9.30,0.73,0.000000,0.000000,221.63
17.14,100122.70,54.63,100.58,8.86,-2.31,0.92,-1.147,0.147,0.458,-1.24,-6.92,-1.99,0.000000,0.000000,222.78
20.35,100639.19,54.80,57.26,9.53,1.12,2.45,-0.565,-0.419,-0.951,2.78,-7.87,-0.18,0.000000,0.000000,223.93
22.51,100968.79,54.92,29.70,9.05,2.39,2.79,-0.339,-0.110,0.046,3.79,-6.92,1.63,0.000000,0.000000,225.08
23.84,101195.09,54.99,10.82,8.73,0.16,2.48,-0.396,-0.081,-0.454,1.27,-7.87,0.28,0.000000,0.000000,226.24
23.77,101186.61,55.04,11.53,9.19,1.13,3.62,-0.701,-0.164,0.122,2.28,-8.35,1.63,0.000000,0.000000,227.39
25.19,101403.52,55.10,-6.53,10.72,1.57,2.32,-0.647,0.261,-0.041,2.78,-8.82,-2.89,0.000000,0.000000,228.55
23.12,101080.87,55.06,20.35,9.94,0.38,0.87,-0.235,0.050,-0.207,1.27,-7.87,-1.54,0.000000,0.000000,229.70
23.17,101087.83,55.07,19.76,9.34,0.76,1.91,-0.492,0.181,0.101,2.28,-6.92,0.73,0.000000,0.000000,230.85
23.58,101152.30,55.08,14.39,9.36,1.33,3.08,0.229,0.082,0.142,2.28,-7.39,0.73,0.000000,0.000000,232.00
20.34,100641.26,54.96,57.08,8.60,1.67,2.68,1.335,-0.299,0.303,2.78,-8.35,0.28,0.000000,0.000000,233.15
16.94,100101.67,54.79,102.35,9.86,-0.03,1.64,-0.582,-0.134,-0.705,1.78,-9.30,-1.08,0.000000,0.000000,234.31
18.47,100335.79,54.82,82.69,8.46,0.18,3.83,0.148,0.601,-0.320,2.28,-6.92,-0.18,0.000000,0.000000,235.46
12.72,99434.23,54.54,158.62,7.47,2.03,5.11,-0.205,0.066,0.232,5.80,-6.92,5.26,0.000000,0.000000,236.61
11.09,99175.25,54.40,180.54,5.05,4.11,3.98,0.261,0.289,0.287,7.31,-4.53,3.90,0.000000,0.000000,237.77
10.93,99145.80,54.35,183.03,6.30,2.63,4.92,-0.378,-0.247,-0.352,4.79,-6.44,2.54,0.000000,0.000000,238.92
12.13,99332.84,54.39,167.20,9.59,2.32,3.69,-0.244,-0.418,0.007,4.79,-8.35,1.18,0.000000,0.000000,240.07
11.93,99307.71,54.37,169.32,9.66,3.37,3.64,0.816,-0.396,0.171,5.30,-7.87,2.09,0.000000,0.000000,241.23
11.84,99284.00,54.33,171.33,11.41,2.39,4.16,-0.192,-0.205,-0.098,6.30,-10.25,2.99,0.000000,0.000000,242.38
11.51,99231.44,54.33,175.78,9.54,3.05,4.98,0.341,0.371,0.381,4.29,-8.82,3.44,0.000000,0.000000,243.53
10.86,99124.14,54.28,184.87,7.24,1.90,4.51,1.118,0.087,0.095,4.29,-8.35,1.63,0.000000,0.000000,244.68
11.82,99283.14,54.32,171.40,5.66,1.56,5.15,0.126,0.312,0.457,3.79,-5.01,1.63,0.000000,0.000000,245.84
11.23,99190.22,54.26,179.27,6.06,2.50,5.25,0.035,-0.041,-0.181,5.30,-5.01,5.71,0.000000,0.000000,246.99
12.20,99349.83,54.26,165.76,6.34,2.98,4.20,0.755,0.325,0.013,5.80,-5.48,2.99,0.000000,0.000000,248.14
11.76,99378.93,54.19,172.81,7.18,2.58,3.21,-0.296,0.217,-0.259,5.30,-7.87,2.54,0.000000,0.000000,249.30
11.58,99237.63,54.04,175.26,6.30,2.48,3.33,-0.340,-0.131,0.078,4.79,-5.96,2.99,0.000000,0.000000,250.45
10.53,99080.22,53.88,188.59,6.36,2.62,3.97,-0.680,-0.026,-0.076,4.79,-4.53,2.09,0.000000,0.000000,251.60
11.31,99195.28,53.80,178.84,6.78,1.48,3.72,-0.145,-0.143,0.072,4.79,-5.01,3.44,0.000000,0.000000,252.76
11.88,99286.23,53.77,171.14,7.09,2.33,3.48,0.214,0.092,-0.325,5.30,-5.48,2.99,0.000000,0.000000,253.91
12.14,99323.23,53.71,168.01,7.67,2.00,4.18,0.110,-0.101,0.092,4.29,-7.39,2.99,0.000000,0.000000,255.07
11.67,99255.36,53.67,173.75,8.83,3.22,3.49,0.424,-0.171,-0.008,5.80,-8.82,2.54,0.000000,0.000000,256.22
11.53,99227.42,53.62,176.12,9.80,2.68,6.95,0.551,-0.281,0.012,4.79,-8.35,5.71,0.000000,0.000000,257.37
10.57,99077.06,53.55,188.86,9.87,2.88,7.08,0.527,-0.274,0.454,5.80,-9.30,6.16,0.000000,0.000000,258.52
8.98,98824.41,53.44,210.30,8.65,2.32,7.39,0.199,-0.040,0.399,5.80,-8.82,6.16,0.000000,0.000000,259.67
14.57,99703.84,53.67,135.86,10.44,2.36,3.82,0.130,0.366,1.178,5.30,-9.78,1.63,0.000000,0.000000,260.83
16.70,100034.16,53.78,108.03,7.00,4.78,10.26,0.314,0.189,0.862,6.80,-6.92,6.61,0.000000,0.000000,261.98
19.55,100492.92,53.92,69.51,5.73,4.87,11.13,2.618,-0.602,1.617,7.81,-5.48,9.78,0.000000,0.000000,263.13
17.23,100132.24,53.86,99.78,5.42,6.73,6.91,1.074,0.311,1.534,9.32,-5.01,7.52,0.000000,0.000000,264.28
18.28,100303.95,53.91,85.36,7.04,6.32,4.00,0.820,0.468,0.813,8.31,-6.44,2.09,0.000000,0.000000,265.44
18.83,100383.06,53.93,78.72,8.03,5.28,2.90,0.767,0.253,0.468,7.31,-6.92,0.28,0.000000,0.000000,266.59
18.80,100379.91,53.92,78.98,7.73,4.90,4.74,-0.674,-0.350,-0.010,7.31,-6.92,3.44,0.000000,0.000000,267.75
20.14,100594.17,53.97,61.02,6.24,4.82,2.98,-0.526,0.326,0.441,7.81,-4.53,2.54,0.000000,0.000000,268.90
20.69,100678.29,53.99,53.98,5.43,7.40,4.19,-0.459,0.715,-0.077,9.32,-3.10,2.09,0.000000,0.000000,270.05
18.90,100400.72,53.94,77.24,2.56,4.76,4.26,1.354,-0.612,-0.126,6.80,-2.15,4.80,0.000000,0.000000,271.20
20.03,100577.43,53.94,62.43,2.83,6.76,4.17,-0.053,-0.312,0.147,8.81,-1.19,1.63,0.000000,0.000000,272.36
20.86,100709.11,53.96,51.40,3.21,7.85,2.49,0.106,0.152,0.181,10.82,-1.19,2.09,0.000000,0.000000,273.51
20.76,100694.63,53.95,52.62,2.56,8.28,2.56,-0.143,0.254,0.478,10.32,-0.24,2.54,0.000000,0.000000,274.66
21.69,100838.45,53.98,40.59,2.70,8.03,3.80,0.031,0.135,0.469,9.82,-1.67,2.09,0.000000,0.000000,275.81
21.09,100745.84,53.93,48.33,3.38,7.31,5.11,-0.633,-0.670,0.246,9.82,-3.10,2.99,0.000000,0.000000,276.97
20.26,100608.81,53.89,59.80,5.73,4.09,4.66,-0.854,0.889,-0.037,6.30,-3.58,1.63,0.000000,0.000000,278.12
12.93,99464.94,53.55,156.03,8.50,-1.43,2.51,-0.146,-0.206,0.565,0.27,-5.96,2.09,0.000000,0.000000,279.28
11.67,99260.48,53.41,173.32,7.67,-2.83,2.26,0.083,-0.179,0.276,-0.23,-5.01,2.09,0.000000,0.000000,280.43
12.39,99363.64,53.36,164.59,8.18,-2.48,1.41,-0.205,-0.214,-0.199,-0.74,-6.92,-0.63,0.000000,0.000000,281.58
12.37,99364.11,53.32,164.55,8.21,-2.67,1.72,-0.040,-0.023,-0.157,-0.74,-6.44,-0.18,0.000000,0.000000,282.74
11.95,99284.95,53.24,171.25,8.34,-2.87,2.46,-0.239,-0.305,-0.045,-1.24,-6.92,-0.63,0.000000,0.000000,283.89
11.37,99200.84,53.17,178.37,8.42,-3.27,1.45,0.538,0.269,0.616,-1.74,-5.96,0.28,0.000000,0.000000,285.04
15.44,99829.14,53.26,125.29,8.28,-2.63,1.61,0.415,-0.507,-0.813,-1.24,-6.92,0.73,0.000000,0.000000,286.19
19.78,100525.94,53.40,66.74,6.78,-4.05,2.58,-0.255,-0.208,0.153,-3.25,-5.48,0.73,0.000000,0.000000,287.35
19.33,100458.75,53.35,72.37,6.95,-3.05,3.39,1.190,0.825,0.159,-2.24,-6.92,0.73,0.000000,0.000000,288.50
18.36,100302.42,53.26,85.49,8.07,-2.13,2.15,-0.089,-0.265,0.260,-1.74,-5.96,-2.44,0.000000,0.000000,289.65
17.72,100201.58,53.15,93.96,8.41,-2.45,1.93,1.731,-0.773,0.201,-1.24,-6.44,0.28,0.000000,0.000000,290.80
22.62,100975.72,53.27,29.12,6.62,0.75,3.51,0.708,0.134,-0.106,2.28,-5.01,2.09,0.000000,0.000000,291.96
22.39,100938.58,53.23,32.22,7.24,0.33,2.52,0.396,-0.286,-1.402,0.77,-6.44,1.18,0.000000,0.000000,293.11
19.98,100557.45,53.12,64.10,6.05,2.83,4.25,0.186,0.485,2.958,2.28,-5.01,2.99,0.000000,0.000000,294.26
17.54,100171.91,52.97,96.45,6.80,-4.57,3.29,-0.675,-0.106,-0.214,-2.75,-5.48,-0.18,0.000000,0.000000,295.42
18.45,100318.45,52.97,84.14,5.78,-8.01,3.22,-0.615,-0.941,0.483,-6.26,-3.58,2.09,0.000000,0.000000,296.57
19.78,100525.46,53.00,66.78,7.59,-7.97,2.25,0.567,0.446,-0.773,-6.26,-6.44,0.28,0.000000,0.000000,297.72
20.00,100561.80,53.01,63.74,9.96,-9.20,3.38,0.267,-0.388,-1.509,-8.78,-9.30,1.18,0.000000,0.000000,298.88
17.95,100238.77,52.88,90.83,9.90,-8.33,3.11,-1.894,0.050,-0.334,-7.27,-9.78,-1.08,0.000000,0.000000,300.03
19.53,100486.83,52.90,70.02,8.04,-6.01,3.37,-0.744,0.993,-0.387,-5.26,-6.44,-0.18,0.000000,0.000000,301.18
18.26,100288.81,52.84,86.63,8.44,-5.93,3.03,0.273,0.189,-0.296,-5.26,-6.44,1.63,0.000000,0.000000,302.34
19.46,100475.38,52.85,70.98,10.69,-3.35,2.19,-0.754,0.171,-1.725,-2.24,-9.30,0.28,0.000000,0.000000,303.49
20.24,100597.14,52.86,60.78,8.63,-0.71,1.77,-0.552,-0.320,-0.337,-0.74,-6.92,-0.18,0.000000,0.000000,304.64
15.01,99762.30,52.64,130.93,8.45,2.73,2.57,-0.525,-0.275,0.044,5.30,-8.82,1.63,0.000000,0.000000,305.79
13.00,99444.84,52.56,157.73,10.09,-0.40,2.62,-0.965,0.458,0.574,0.27,-7.39,-1.08,0.000000,0.000000,306.95
21.72,100822.89,52.85,41.89,8.83,-3.78,1.84,-0.191,0.477,0.257,-3.25,-6.44,0.28,0.000000,0.000000,308.10
16.46,99993.64,52.64,111.44,6.70,1.60,8.41,-1.414,-0.226,0.005,4.29,-5.96,6.61,0.000000,0.000000,309.25
17.90,100191.92,52.68,94.77,4.57,-1.11,8.36,-1.212,0.080,-1.486,0.77,-4.05,7.07,0.000000,0.000000,310.41
18.46,100319.30,52.72,84.07,1.67,-0.92,10.39,0.194,0.528,0.237,0.77,-3.58,9.78,0.000000,0.000000,311.56
15.64,99862.20,52.64,122.51,7.40,0.97,5.85,-0.392,-0.806,-0.442,3.29,-6.44,4.35,0.000000,0.000000,312.71
14.55,99694.34,52.57,136.66,8.35,-1.14,5.85,0.985,-0.532,1.574,1.27,-6.92,5.71,0.000000,0.000000,313.86
18.43,100296.93,52.68,85.95,7.79,-0.85,5.82,0.204,-0.143,-0.266,1.78,-7.87,4.80,0.000000,0.000000,315.02
15.71,99879.19,52.57,121.08,7.91,-0.08,7.80,-0.703,0.771,-0.563,2.78,-8.35,6.61,0.000000,0.000000,316.17
13.33,99496.33,52.43,153.37,2.11,5.57,7.94,0.559,0.053,0.537,8.81,-4.05,7.52,0.000000,0.000000,317.32
13.29,99497.68,52.41,153.26,1.40,1.67,9.93,0.737,0.412,0.446,3.79,-2.15,8.42,0.000000,0.000000,318.47
13.72,99554.63,52.40,148.45,-0.43,4.20,9.65,0.340,0.170,0.610,7.81,0.24,9.33,0.000000,0.000000,319.63
12.35,99340.70,52.36,166.53,0.20,3.62,9.00,-0.112,-0.089,1.514,6.30,-1.67,9.33,0.000000,0.000000,320.78
13.18,99466.27,52.37,155.91,3.79,2.56,7.50,0.505,-0.306,1.388,4.79,-3.10,6.61,0.000000,0.000000,321.93
13.97,99606.67,52.39,144.06,7.86,1.78,4.59,0.721,0.322,1.581,4.79,-7.39,2.54,0.000000,0.000000,323.09
12.43,99352.67,52.28,165.52,8.71,2.13,0.09,-0.068,0.897,-0.050,5.80,-5.96,-0.18,0.000000,0.000000,324.24
13.07,99454.37,52.27,156.92,10.20,1.22,0.58,1.086,-0.026,-0.727,2.78,-9.30,0.73,0.000000,0.000000,325.40
13.16,99461.50,52.22,156.32,10.61,-0.14,1.53,-0.351,0.217,0.088,2.78,-10.25,-0.18,0.000000,0.000000,326.55
12.01,99289.52,52.11,170.86,9.47,-1.11,2.25,0.824,0.751,-0.220,1.27,-8.82,-0.63,0.000000,0.000000,327.70
13.30,99480.82,52.08,154.68,8.25,0.02,0.50,0.468,0.119,0.125,2.28,-7.39,-2.44,0.000000,0.000000,328.85
12.81,99415.45,52.04,160.21,7.80,-1.41,2.07,1.890,0.839,-0.537,2.28,-7.39,1.18,0.000000,0.000000,330.01
14.83,99739.47,52.05,132.85,8.11,-2.52,1.37,0.697,0.279,0.407,-0.23,-5.96,-0.63,0.000000,0.000000,331.16
10.54,99046.48,51.76,191.45,10.23,-1.90,1.86,0.072,-0.473,0.235,-0.74,-9.78,0.28,0.000000,0.000000,332.31
12.45,99355.68,51.52,165.26,6.90,-4.89,1.29,0.439,-0.479,0.468,-3.75,-5.01,-2.44,0.000000,0.000000,333.47
10.83,99098.74,50.46,187.02,7.92,-2.20,1.67,0.772,-0.425,0.332,-1.24,-5.96,1.18,0.000000,0.000000,334.62
14.64,99706.43,49.40,135.64,7.01,-0.92,4.05,1.788,-0.255,0.273,0.77,-5.01,2.99,0.000000,0.000000,335.77
15.51,99836.16,48.20,124.70,7.39,-1.09,1.85,1.146,-0.067,0.127,-0.74,-5.48,0.73,0.000000,0.000000,336.92
13.65,99556.21,47.14,148.32,7.01,-1.07,3.07,-0.110,0.132,0.095,0.77,-6.44,2.54,0.000000,0.000000,338.08
14.06,99607.06,46.71,144.02,6.87,-0.43,2.63,1.185,-0.287,0.206,1.27,-5.48,-0.18,0.000000,0.000000,339.23
9.84,98955.74,46.41,199.15,6.91,-1.90,1.89,0.002,-0.177,0.031,-0.23,-5.01,2.09,0.000000,0.000000,340.38
10.24,99003.08,46.32,195.13,7.26,-0.78,2.67,1.718,0.261,0.410,1.27,-5.48,1.18,0.000000,0.000000,341.53
10.58,99071.17,46.38,189.36,7.52,0.31,2.90,0.988,-0.920,-0.241,1.78,-6.44,2.09,0.000000,0.000000,342.69
10.61,99069.88,46.49,189.47,9.04,-0.38,2.84,-0.030,-0.500,-0.197,0.27,-8.35,0.28,0.000000,0.000000,343.84
8.75,98782.48,46.60,213.87,7.18,-4.16,2.16,0.101,0.324,-0.880,-2.24,-5.96,-0.18,0.000000,0.000000,344.99
11.87,99261.95,46.76,173.20,8.25,-1.36,1.64,0.336,-0.026,0.963,1.27,-6.44,0.73,0.000000,0.000000,346.15
15.68,99870.14,47.00,121.84,7.81,-1.58,0.50,0.962,-0.617,0.065,0.27,-5.96,0.28,0.000000,0.000000,347.30
13.84,99582.53,47.11,146.09,6.88,-3.22,0.08,0.339,-0.415,0.599,-2.24,-5.96,-1.08,0.000000,0.000000,348.45
16.06,99921.23,47.25,117.53,6.32,-2.76,0.26,0.442,-0.090,0.654,-1.74,-3.58,-3.80,0.000000,0.000000,349.61
16.39,99972.50,47.26,113.22,7.60,-2.17,0.54,-0.341,-0.521,0.625,0.27,-6.44,-2.44,0.000000,0.000000,350.76
15.88,99890.22,47.29,120.15,11.31,-1.32,3.19,-0.734,-0.283,0.717,0.27,-9.30,2.99,0.000000,0.000000,351.91
16.94,100055.39,47.31,106.24,12.48,1.60,4.44,-1.992,-0.480,0.034,3.29,-11.21,2.09,0.000000,0.000000,353.07
12.80,99413.07,47.21,160.41,12.42,3.39,6.75,-1.662,0.363,0.229,5.80,-11.68,3.90,0.000000,0.000000,354.22
13.46,99508.89,47.15,152.31,13.06,4.35,7.68,-1.129,0.594,-0.013,5.80,-11.68,3.44,0.000000,0.000000,355.37
16.65,100020.97,47.15,109.14,12.46,1.86,4.56,-1.526,0.098,0.140,3.79,-10.25,2.99,0.000000,0.000000,356.53
18.40,100296.75,47.14,85.96,8.06,0.37,2.07,0.618,-0.222,-0.257,1.78,-5.96,1.63,0.000000,0.000000,357.68
18.10,100245.66,47.03,90.25,7.70,0.06,0.88,-0.257,0.083,-0.238,1.78,-5.96,-1.54,0.000000,0.000000,358.83
15.12,99779.34,46.87,129.49,7.85,0.48,0.67,-0.195,-0.063,-0.125,2.28,-6.92,-1.08,0.000000,0.000000,359.98
20.36,100599.91,46.88,60.54,10.34,2.17,0.49,-0.176,-0.332,-0.476,2.78,-7.87,-3.35,0.000000,0.000000,361.14
19.33,100442.81,46.78,73.71,10.66,-1.78,-0.97,-1.433,0.085,-0.343,-0.23,-8.35,-1.54,0.000000,0.000000,362.29
17.28,100121.14,46.64,100.72,9.47,0.24,1.07,-1.309,0.669,0.376,1.78,-7.87,-0.18,0.000000,0.000000,363.44
11.08,99130.37,46.42,184.34,9.26,1.52,1.19,0.318,-0.768,-2.245,3.29,-8.35,-0.18,0.000000,0.000000,364.59
16.80,100035.47,46.50,107.92,6.56,3.05,2.46,-0.891,-0.076,-0.764,5.80,-5.01,-0.18,0.000000,0.000000,365.75
19.56,100237.27,46.54,70.42,5.84,2.80,3.89,1.066,-0.378,-0.819,4.29,-5.48,2.54,0.000000,0.000000,366.90
19.83,100517.36,46.63,67.46,7.32,3.91,3.71,-0.869,0.122,0.523,7.31,-5.01,3.44,0.000000,0.000000,368.05
21.79,100832.84,46.70,41.06,6.27,-6.58,5.73,0.038,-0.261,0.169,-6.26,-5.01,3.90,0.000000,0.000000,369.21
20.85,100685.53,46.67,53.38,7.87,-2.96,5.45,-0.175,-0.182,0.704,-2.24,-5.96,2.99,0.000000,0.000000,370.36
16.36,99979.30,46.60,112.65,7.11,2.06,5.84,1.229,-0.168,0.512,4.29,-5.48,4.35,0.000000,0.000000,371.51
14.48,99669.64,46.55,138.74,6.19,5.50,3.38,0.925,0.443,0.529,8.81,-5.01,2.54,0.000000,0.000000,372.67
17.10,100088.83,46.66,103.43,8.37,-2.69,2.27,-1.490,0.039,-0.178,-0.74,-6.44,0.28,0.000000,0.000000,373.82
18.39,100283.05,46.68,87.11,8.00,-3.49,2.41,0.260,-0.046,-0.202,-3.25,-6.92,2.09,0.000000,0.000000,374.97
17.11,100082.02,46.67,104.00,7.50,-4.14,4.30,0.256,0.273,0.135,-3.25,-7.39,2.54,0.000000,0.000000,376.12
17.07,100074.06,46.69,104.67,9.32,-4.51,5.14,0.304,0.126,-0.920,-3.75,-7.87,2.99,0.000000,0.000000,377.28
16.64,100017.06,46.71,109.47,8.97,-4.84,3.35,-0.350,0.084,-0.107,-3.75,-7.39,2.54,0.000000,0.000000,378.43
13.21,99468.58,46.63,155.72,9.34,-3.04,3.85,-0.428,0.433,0.330,-1.74,-8.82,2.54,0.000000,0.000000,379.58
13.27,99472.02,46.65,155.43,7.61,-2.25,3.90,0.080,0.458,0.286,-0.74,-6.92,2.09,0.000000,0.000000,380.74
14.43,99652.73,46.68,140.17,6.09,-1.68,4.03,-0.298,0.587,0.255,-0.74,-4.53,3.44,0.000000,0.000000,381.89
14.90,99729.69,46.72,133.68,4.96,-2.18,4.51,0.718,0.149,0.184,-0.74,-3.10,2.54,0.000000,0.000000,383.04
15.10,99759.94,46.72,131.12,7.17,-1.02,6.34,0.334,-0.770,0.346,0.77,-5.01,5.26,0.000000,0.000000,384.19
16.41,99973.55,46.79,113.13,7.99,-2.15,6.35,-0.418,-0.450,0.113,-1.24,-6.92,3.90,0.000000,0.000000,385.35
15.38,99811.02,46.76,126.82,9.32,-2.61,8.15,-0.177,-0.417,0.164,-1.24,-8.82,6.16,0.000000,0.000000,386.50
16.81,100031.34,46.81,108.27,11.12,-0.72,9.72,0.128,0.069,0.044,0.27,-9.78,5.26,0.000000,0.000000,387.65
18.36,100279.98,46.88,87.37,6.41,0.11,5.57,1.111,-1.508,-0.051,1.27,-4.53,4.80,0.000000,0.000000,388.81
16.54,99993.11,46.84,111.48,5.24,1.32,5.41,-0.479,-1.011,0.699,2.78,-3.10,3.44,0.000000,0.000000,389.96
14.18,99623.92,46.79,142.60,7.90,-1.62,2.66,0.065,-0.149,-0.001,-0.23,-6.92,0.28,0.000000,0.000000,391.11
16.79,100027.16,46.87,108.62,8.34,3.90,1.91,0.106,0.009,-0.122,5.80,-8.82,0.73,0.000000,0.000000,392.26
17.70,100181.25,46.93,95.66,6.60,3.34,2.29,-0.543,-0.334,-0.617,5.30,-5.96,0.28,0.000000,0.000000,393.42
17.88,100202.93,46.99,93.84,5.07,4.66,3.37,-0.282,-0.554,-0.173,6.80,-3.58,2.99,0.000000,0.000000,394.57
18.15,100242.76,47.06,90.50,5.35,5.57,2.41,0.172,-0.443,-0.243,8.81,-3.58,0.73,0.000000,0.000000,395.72
18.02,100224.02,47.09,92.07,5.47,6.83,2.30,-0.387,0.060,0.520,10.32,-5.48,1.18,0.000000,0.000000,396.88
18.07,100227.51,47.14,91.78,5.60,6.83,2.11,-0.072,-0.393,0.551,9.32,-4.53,2.54,0.000000,0.000000,398.03
17.57,100156.59,47.15,97.74,6.22,5.45,1.63,-0.551,-0.405,0.233,8.31,-5.01,1.18,0.000000,0.000000,399.18
18.10,100229.05,47.19,91.65,8.67,0.88,0.99,-1.113,-0.241,1.285,1.78,-6.44,-0.18,0.000000,0.000000,400.34
18.76,100350.30,47.21,81.47,8.38,-3.29,0.99,-0.167,0.069,0.336,-2.24,-6.44,-1.54,0.000000,0.000000,401.49
20.85,100677.77,47.30,54.03,7.66,-2.99,3.21,-0.090,-0.320,-0.130,-2.24,-7.39,0.28,0.000000,0.000000,402.65
20.98,100697.23,47.29,52.40,8.17,-3.52,3.62,1.039,0.124,0.246,-2.75,-6.44,1.18,0.000000,0.000000,403.80
21.08,100718.96,47.30,50.58,7.89,-5.16,4.59,-0.119,0.637,0.249,-3.75,-6.44,3.44,0.000000,0.000000,404.95
21.99,100855.92,47.34,39.13,6.82,-4.21,4.81,0.642,0.036,0.311,-3.75,-5.48,2.99,0.000000,0.000000,406.10
21.37,100757.64,47.33,47.34,6.66,-5.87,2.17,-0.124,0.095,0.257,-5.26,-5.01,1.63,0.000000,0.000000,407.25
20.34,100594.53,47.29,60.99,7.65,-1.89,4.64,-2.002,0.259,-0.648,-0.74,-5.48,2.09,0.000000,0.000000,408.41
18.07,100233.52,47.24,91.27,9.92,-5.31,3.25,-1.478,0.839,-0.330,-4.25,-7.87,2.09,0.000000,0.000000,409.56
17.50,100134.37,47.20,99.60,7.91,-3.65,2.85,0.110,0.030,-0.090,-3.25,-5.48,2.54,0.000000,0.000000,410.71
19.00,100371.33,47.21,79.70,8.16,-2.14,4.29,-0.615,0.032,-0.691,-0.23,-8.35,3.90,0.000000,0.000000,411.87
16.30,99947.02,47.15,115.36,7.86,1.18,4.43,0.090,0.072,0.240,3.29,-8.82,2.99,0.000000,0.000000,413.02
10.97,99106.45,46.95,186.37,8.79,-0.58,4.32,0.101,-0.386,0.103,0.27,-6.44,-1.54,0.000000,0.000000,414.17
15.11,99743.72,47.01,132.49,9.37,1.57,2.74,-0.554,0.125,-0.496,4.79,-7.87,1.63,0.000000,0.000000,415.33
11.28,99152.91,46.93,182.43,8.86,-0.44,3.31,-0.177,-0.185,-0.191,3.79,-9.30,3.90,0.000000,0.000000,416.48
15.76,99856.35,47.07,123.00,10.59,1.95,3.17,-0.455,-0.333,-0.465,3.29,-10.25,1.18,0.000000,0.000000,417.63
13.45,99500.72,47.04,153.00,9.63,1.55,2.45,0.122,-0.004,0.173,4.29,-10.25,0.73,0.000000,0.000000,418.78
14.72,99691.85,47.08,136.87,9.22,2.38,2.52,-0.627,-0.038,-0.091,4.29,-7.87,0.28,0.000000,0.000000,419.94
15.82,99866.60,47.13,122.14,8.85,2.01,2.74,0.177,0.004,-0.108,4.79,-7.39,2.09,0.000000,0.000000,421.09
14.56,99668.18,47.11,138.86,9.55,0.92,2.29,0.128,0.058,-0.097,4.29,-8.35,1.18,0.000000,0.000000,422.24
15.71,99857.94,47.15,122.87,8.98,0.18,3.47,-0.167,0.577,0.429,2.28,-8.82,1.63,0.000000,0.000000,423.39
17.54,100138.45,47.21,99.26,7.39,2.65,5.97,-0.134,0.471,-0.141,3.79,-5.48,3.44,0.000000,0.000000,424.55
20.23,100565.06,47.29,63.46,6.10,3.36,7.51,-0.208,0.328,0.001,4.29,-4.05,7.07,0.000000,0.000000,425.70
19.76,100502.92,47.34,68.67,5.53,2.63,8.47,0.291,0.306,0.039,3.79,-4.53,6.61,0.000000,0.000000,426.85
21.75,100809.30,47.44,43.02,5.20,2.82,7.77,0.027,-0.115,-0.071,4.29,-4.53,4.80,0.000000,0.000000,428.01
22.20,100886.14,47.49,36.60,5.84,1.34,8.19,-0.203,-0.151,-0.142,2.78,-5.48,6.61,0.000000,0.000000,429.16
9.92,98952.23,47.18,199.45,8.47,0.41,4.54,0.658,-0.050,0.297,3.79,-8.35,4.35,0.000000,0.000000,430.31
11.88,99244.03,47.20,174.71,8.41,0.76,4.94,-0.009,-0.102,-0.016,4.29,-8.35,4.35,0.000000,0.000000,431.47
13.22,99453.03,47.23,157.03,8.18,-1.10,5.37,0.011,-0.063,-0.008,0.77,-8.35,3.44,0.000000,0.000000,432.62
13.46,99495.44,47.24,153.45,8.62,-0.82,4.85,-0.143,0.032,-0.086,1.27,-10.25,2.54,0.000000,0.000000,433.77
13.89,99554.70,47.28,148.44,8.95,-0.08,4.92,0.243,-0.407,-0.146,2.28,-8.35,3.44,0.000000,0.000000,434.93
12.86,99397.72,47.24,161.71,8.94,1.19,3.83,0.044,0.075,-0.243,3.79,-8.35,2.99,0.000000,0.000000,436.08
13.93,99563.48,47.27,147.70,8.90,2.46,3.50,0.018,0.141,-0.014,6.30,-9.78,2.99,0.000000,0.000000,437.23
24.01,101139.77,47.51,15.43,8.59,0.95,4.49,-0.038,0.053,-0.316,1.27,-9.78,0.73,0.000000,0.000000,438.38
21.54,100772.36,47.53,46.11,8.71,1.87,4.38,-0.030,-0.035,-0.027,3.29,-7.39,1.63,0.000000,0.000000,439.54
13.05,99430.94,47.36,158.90,8.28,2.29,4.13,0.109,-0.059,0.102,6.30,-6.92,4.35,0.000000,0.000000,440.69
12.29,99304.24,47.31,169.62,8.84,2.01,4.26,-0.231,-0.014,-0.188,4.29,-9.78,3.90,0.000000,0.000000,441.84
14.50,99653.44,47.38,140.11,9.65,-0.07,3.98,0.521,0.047,-0.038,1.78,-10.73,1.18,0.000000,0.000000,443.00
20.66,100624.86,47.58,58.46,9.69,0.83,3.48,-0.098,-0.045,-0.077,2.28,-7.87,-1.08,0.000000,0.000000,444.15
20.39,100586.11,47.62,61.70,9.18,0.68,3.83,0.135,-0.049,-0.001,3.29,-7.87,3.90,0.000000,0.000000,445.30
19.96,100517.61,47.66,67.44,8.63,1.22,3.67,0.086,-0.094,-0.032,3.29,-7.39,2.09,0.000000,0.000000,446.45
13.92,99567.64,47.51,147.35,9.04,1.15,3.75,-0.640,-0.049,-0.377,3.79,-9.78,2.99,0.000000,0.000000,447.61
13.72,99530.88,47.51,150.46,9.11,1.52,2.86,0.193,0.218,0.042,3.79,-8.35,0.28,0.000000,0.000000,448.76
14.19,99601.91,47.51,144.46,9.06,0.58,3.84,0.205,-0.088,0.279,2.78,-8.35,3.44,0.000000,0.000000,449.91
14.85,99706.20,47.57,135.66,9.09,1.33,3.74,-0.076,-0.047,-0.097,4.79,-7.87,2.54,0.000000,0.000000,451.07
14.81,99696.76,47.56,136.45,8.94,1.12,3.82,-0.031,-0.059,-0.024,3.79,-9.30,2.09,0.000000,0.000000,452.22
14.45,99642.69,47.59,141.01,9.08,1.35,3.63,-0.015,-0.068,-0.032,3.79,-7.87,1.18,0.000000,0.000000,453.37
13.41,99480.04,47.57,154.75,8.99,1.49,3.57,0.016,-0.086,-0.018,4.29,-7.39,2.54,0.000000,0.000000,454.53
14.70,99682.52,47.63,137.65,9.66,0.50,3.53,0.050,0.064,-0.231,4.29,-9.30,1.63,0.000000,0.000000,455.68
14.89,99710.55,47.66,135.29,9.28,0.91,3.67,0.016,0.255,-0.256,1.78,-9.78,0.73,0.000000,0.000000,456.83
15.31,99778.97,47.70,129.52,9.27,1.98,2.47,-0.080,-0.146,-0.179,3.79,-7.87,1.18,0.000000,0.000000,457.99
14.66,99672.27,47.71,138.52,9.16,1.93,2.74,-0.030,-0.163,-0.043,4.79,-7.87,2.54,0.000000,0.000000,459.14
14.68,99676.50,47.71,138.16,9.54,1.99,2.36,-0.285,-0.003,0.145,5.30,-9.30,1.63,0.000000,0.000000,460.29
13.56,99492.72,47.72,153.68,9.57,1.33,3.11,-0.502,-0.044,-0.082,2.78,-9.30,2.54,0.000000,0.000000,461.44
13.73,99525.69,47.74,150.89,8.89,1.15,3.34,0.009,-0.082,0.026,3.29,-10.25,-0.63,0.000000,0.000000,462.60
20.20,100534.72,47.94,66.01,9.18,2.22,3.20,-0.421,-0.167,0.073,4.29,-7.39,1.63,0.000000,0.000000,463.75
17.41,100044.12,47.92,107.19,8.24,-1.11,4.14,0.383,0.104,0.210,0.27,-6.44,2.54,0.000000,0.000000,464.90
9.77,98906.86,47.73,203.30,8.70,-1.21,2.48,-0.082,-0.113,0.247,-0.23,-8.82,2.09,0.000000,0.000000,466.06
7.72,98579.97,47.63,231.09,9.24,-0.92,3.89,0.301,0.517,-0.419,0.77,-8.82,1.63,0.000000,0.000000,467.21
11.10,99101.55,47.70,186.78,9.56,-0.86,5.31,0.510,-0.082,0.771,1.27,-7.39,1.18,0.000000,0.000000,468.36
11.32,99139.73,47.74,183.55,9.20,1.67,3.04,-0.318,-0.149,-0.397,3.29,-7.39,1.63,0.000000,0.000000,469.52
12.66,99346.75,47.81,166.02,8.25,1.55,4.19,-0.116,-0.121,-0.066,2.78,-6.92,2.09,0.000000,0.000000,470.67
12.39,99307.42,47.84,169.35,9.01,0.98,4.24,0.105,-0.116,-0.085,2.78,-8.35,1.63,0.000000,0.000000,471.82
13.01,99401.02,47.88,161.43,8.87,1.16,4.26,-0.070,-0.062,-0.015,2.78,-6.92,2.54,0.000000,0.000000,472.97
13.37,99462.55,47.92,156.23,8.72,1.17,4.38,-0.097,-0.029,-0.062,3.29,-6.44,2.99,0.000000,0.000000,474.13
11.05,99079.86,47.86,188.62,7.46,4.32,4.42,0.152,0.069,-0.270,6.80,-7.87,4.35,0.000000,0.000000,475.28
13.27,99443.02,47.98,157.88,8.95,2.61,4.81,-0.275,-0.392,0.271,4.79,-10.25,2.54,0.000000,0.000000,476.43
16.00,99871.88,48.07,121.69,8.89,3.64,2.86,0.407,-0.166,-0.104,6.30,-7.39,0.28,0.000000,0.000000,477.59
11.51,99174.45,47.99,180.61,9.07,4.10,1.34,-0.146,0.082,0.110,7.31,-7.87,-0.18,0.000000,0.000000,478.74
12.08,99264.52,48.03,172.98,9.62,4.42,-4.52,0.195,0.075,0.221,8.31,-7.87,-5.61,0.000000,0.000000,479.89
13.53,99479.24,48.09,154.82,9.81,1.27,-0.12,-0.838,1.881,-0.438,4.29,-9.78,-1.08,0.000000,0.000000,481.05
18.13,100343.82,48.22,92.43,8.47,4.59,2.08,-0.039,-0.067,-0.082,6.80,-7.39,-1.54,0.000000,0.000000,482.20
20.63,100608.23,48.40,59.85,8.94,3.64,2.35,-0.131,-0.177,-0.128,5.80,-5.96,2.54,0.000000,0.000000,483.35
22.15,100852.38,48.48,39.42,8.94,3.36,2.27,-0.022,-0.042,-0.034,5.30,-7.39,1.18,0.000000,0.000000,484.50
21.58,100768.58,48.50,46.43,8.86,3.71,2.20,0.066,-0.105,0.171,5.80,-7.39,-1.08,0.000000,0.000000,485.66
21.56,100758.91,48.53,47.24,8.92,3.39,2.52,-0.022,-0.101,-0.065,5.30,-7.39,-0.63,0.000000,0.000000,486.81
22.13,100850.87,48.60,39.55,9.12,3.20,2.51,-0.041,-0.068,0.029,5.80,-7.39,1.63,0.000000,0.000000,487.96
19.75,100476.92,48.56,70.85,8.17,3.49,4.31,0.056,-0.290,0.002,6.30,-7.87,3.44,0.000000,0.000000,489.11
22.35,100887.64,48.67,36.48,8.49,3.27,3.54,0.015,-0.043,0.047,4.79,-8.82,1.63,0.000000,0.000000,490.27
22.20,100862.51,48.67,38.58,8.46,3.45,3.73,-0.039,-0.077,-0.002,5.30,-6.44,-0.18,0.000000,0.000000,491.42
21.52,100758.32,48.67,47.29,8.52,2.81,3.38,0.029,-0.038,0.027,4.79,-6.92,2.54,0.000000,0.000000,492.57
21.55,100762.98,48.70,46.90,8.48,2.84,3.45,0.088,-0.082,0.010,4.29,-7.39,2.54,0.000000,0.000000,493.73
21.62,100772.04,48.72,46.14,8.68,3.15,3.25,0.010,-0.064,-0.017,4.79,-7.39,1.18,0.000000,0.000000,494.88
22.09,100845.93,48.76,39.96,8.82,2.78,3.38,-0.013,-0.092,0.031,4.79,-7.39,-0.63,0.000000,0.000000,496.03
20.68,100623.05,48.75,58.61,8.09,3.63,4.22,-0.017,-0.035,0.066,5.30,-5.96,2.99,0.000000,0.000000,497.19
21.31,100720.84,48.77,50.42,8.40,3.29,3.89,-0.011,-0.057,-0.031,4.79,-6.92,3.44,0.000000,0.000000,498.34
20.81,100645.23,48.78,56.75,8.26,3.55,3.48,-0.010,-0.051,-0.072,4.79,-7.39,2.54,0.000000,0.000000,499.49
20.81,100643.41,48.83,56.90,8.47,3.52,3.62,-0.008,-0.045,-0.041,5.80,-6.92,1.18,0.000000,0.000000,500.65
20.77,100635.11,48.82,57.60,8.37,3.52,3.43,-0.116,-0.079,0.109,4.79,-6.44,2.54,0.000000,0.000000,501.80
20.93,100661.84,48.87,55.36,8.62,3.38,3.38,-0.028,-0.070,-0.007,5.30,-7.39,2.54,0.000000,0.000000,502.95
21.89,100810.44,48.90,42.93,8.57,3.44,3.40,0.097,-0.027,-0.021,4.79,-8.82,0.73,0.000000,0.000000,504.10
21.80,100796.30,48.91,44.11,8.64,3.37,3.32,0.011,-0.083,-0.004,4.79,-6.92,-1.99,0.000000,0.000000,505.26
22.00,100833.36,48.94,41.01,8.80,3.21,3.53,-0.195,-0.057,0.025,5.80,-6.92,2.09,0.000000,0.000000,506.41
21.39,100732.63,48.95,49.44,8.87,3.42,2.68,0.568,0.188,0.354,4.79,-6.44,2.09,0.000000,0.000000,507.56
18.08,100212.30,48.87,93.05,9.36,3.07,1.31,-0.233,-0.306,-0.176,5.80,-8.35,-1.08,0.000000,0.000000,508.72
8.46,98696.77,48.59,221.15,8.33,3.70,2.72,-0.420,-0.100,-0.232,6.80,-7.87,0.73,0.000000,0.000000,509.87
9.59,98867.59,48.55,206.63,8.47,3.86,2.43,-0.245,0.014,-0.300,6.80,-7.39,1.63,0.000000,0.000000,511.02
9.61,98860.99,48.55,207.20,8.86,4.19,2.32,-0.070,-0.009,0.019,8.31,-7.87,2.09,0.000000,0.000000,512.17
8.99,98764.09,48.51,215.43,8.46,4.49,2.45,0.223,-0.070,0.134,7.31,-8.35,-0.18,0.000000,0.000000,513.33
10.68,99025.58,48.57,193.23,8.02,2.20,3.57,0.347,-0.379,0.109,4.79,-6.92,0.28,0.000000,0.000000,514.48
13.42,99460.98,48.66,156.36,7.97,0.66,5.01,-0.347,-0.151,-0.066,3.29,-6.92,4.35,0.000000,0.000000,515.63
14.57,99640.41,48.70,141.21,7.86,1.40,1.91,-0.176,0.148,0.140,4.29,-7.87,1.18,0.000000,0.000000,516.79
14.44,99623.16,48.74,142.66,9.60,2.30,2.89,0.198,-0.084,0.029,3.79,-10.25,1.63,0.000000,0.000000,517.94
15.09,99720.40,48.77,134.46,9.14,1.55,3.25,0.094,-0.157,-0.058,3.79,-7.39,0.28,0.000000,0.000000,519.09
13.75,99521.80,48.75,151.22,8.64,0.60,4.16,-0.293,0.134,-0.195,4.29,-7.39,3.44,0.000000,0.000000,520.24
12.12,99251.81,48.70,174.05,9.41,0.54,2.85,-0.103,0.055,-0.156,2.28,-8.35,2.09,0.000000,0.000000,521.40
11.49,99155.86,48.71,182.18,9.55,0.61,3.02,-0.168,0.286,-0.036,3.29,-9.78,0.73,0.000000,0.000000,522.55
12.80,99363.63,48.74,164.59,9.15,0.47,3.70,-0.909,-0.154,-0.426,2.78,-7.87,1.63,0.000000,0.000000,523.70
10.43,98984.74,48.68,196.69,8.22,1.50,3.89,1.090,-0.323,0.466,4.79,-6.44,3.90,0.000000,0.000000,524.86
11.93,99225.57,48.71,176.28,10.86,-0.64,2.10,0.309,-0.316,0.091,2.28,-10.25,0.73,0.000000,0.000000,526.01
13.45,99459.48,48.79,156.49,9.91,-0.26,1.18,-0.093,0.141,-0.596,1.78,-8.82,-2.89,0.000000,0.000000,527.16
15.13,99736.80,48.87,133.08,10.50,0.11,-0.29,1.826,0.850,0.797,2.78,-7.87,-1.08,0.000000,0.000000,528.32
13.61,99489.32,48.84,153.97,9.38,0.06,2.26,-0.315,-0.076,0.069,4.29,-8.82,2.09,0.000000,0.000000,529.47
14.47,99628.23,48.87,142.24,9.74,-0.21,1.46,-0.014,-0.060,-0.016,1.78,-10.73,-0.63,0.000000,0.000000,530.63
14.36,99610.76,48.89,143.71,9.71,-0.24,1.43,-0.014,-0.061,-0.017,2.28,-9.30,-0.63,0.000000,0.000000,531.78
14.32,99605.09,48.91,144.19,9.72,-0.23,1.48,-0.014,-0.060,-0.015,2.28,-7.39,-0.18,0.000000,0.000000,532.93
14.92,99697.69,48.92,136.37,9.71,-0.26,1.41,-0.014,-0.061,-0.015,1.78,-8.35,0.73,0.000000,0.000000,534.08
14.91,99702.08,48.94,136.00,9.74,-0.22,1.43,-0.013,-0.060,-0.018,1.78,-9.78,-1.99,0.000000,0.000000,535.24
13.85,99525.98,48.92,150.87,9.74,-0.22,1.45,-0.013,-0.062,-0.016,1.78,-7.87,-1.54,0.000000,0.000000,536.39
14.50,99632.73,48.95,141.86,9.71,-0.22,1.44,-0.013,-0.060,-0.015,2.78,-8.35,1.18,0.000000,0.000000,537.54
14.24,99589.33,48.96,145.52,9.72,-0.25,1.43,-0.013,-0.062,-0.016,3.29,-9.30,0.73,0.000000,0.000000,538.69
14.18,99581.00,48.97,146.22,9.70,-0.23,1.46,-0.013,-0.061,-0.016,2.28,-12.16,-1.54,0.000000,0.000000,539.85
14.65,99649.46,49.00,140.44,9.74,-0.26,1.49,-0.012,-0.062,-0.020,2.28,-8.35,0.28,0.000000,0.000000,541.00
14.50,99631.70,49.01,141.94,9.75,-0.24,1.41,-0.013,-0.062,-0.018,2.78,-8.82,0.73,0.000000,0.000000,542.15
14.61,99642.84,49.02,141.00,9.73,-0.26,1.45,-0.013,-0.061,-0.019,2.28,-9.30,0.73,0.000000,0.000000,543.31
14.59,99642.90,49.04,141.00,9.73,-0.22,1.44,-0.013,-0.060,-0.016,2.28,-8.35,-0.63,0.000000,0.000000,544.46
14.62,99641.57,49.05,141.11,9.74,-0.20,1.47,-0.014,-0.061,-0.014,3.29,-8.82,0.73,0.000000,0.000000,545.61
14.58,99641.20,49.06,141.14,9.74,-0.23,1.41,-0.015,-0.061,-0.017,3.29,-9.78,-0.63,0.000000,0.000000,546.77
14.48,99622.98,49.07,142.68,9.72,-0.25,1.44,-0.013,-0.061,-0.015,2.28,-9.78,-1.54,0.000000,0.000000,547.92
14.62,99648.47,49.08,140.53,9.71,-0.26,1.45,-0.014,-0.061,-0.017,2.28,-8.35,0.28,0.000000,0.000000,549.07
14.76,99664.74,49.09,139.15,9.70,-0.22,1.45,-0.014,-0.060,-0.017,2.28,-7.87,0.73,0.000000,0.000000,550.22
14.45,99616.95,49.10,143.19,9.72,-0.22,1.41,-0.015,-0.060,-0.013,1.27,-9.78,0.28,0.000000,0.000000,551.38
14.11,99561.98,49.10,147.83,9.70,-0.22,1.45,-0.014,-0.061,-0.015,2.28,-8.35,-1.54,0.000000,0.000000,552.53
14.06,99553.15,49.12,148.57,9.71,-0.23,1.43,-0.014,-0.060,-0.016,3.29,-7.87,0.73,0.000000,0.000000,553.68
13.83,99514.64,49.13,151.83,9.71,-0.26,1.44,-0.014,-0.061,-0.016,1.78,-9.78,-0.18,0.000000,0.000000,554.84
13.89,99527.26,49.15,150.76,9.73,-0.21,1.46,-0.013,-0.062,-0.018,1.78,-10.25,-1.99,0.000000,0.000000,555.99
13.92,99527.40,49.13,150.75,9.73,-0.26,1.43,-0.012,-0.062,-0.017,2.28,-8.82,-2.89,0.000000,0.000000,557.14
13.69,99495.08,49.15,153.48,9.70,-0.29,1.41,-0.012,-0.063,-0.021,2.78,-8.35,0.73,0.000000,0.000000,558.30
15.00,99696.27,49.17,136.49,9.68,-0.21,1.54,-0.013,-0.062,-0.020,2.28,-8.82,0.28,0.000000,0.000000,559.45
14.44,99613.66,49.17,143.46,9.74,-0.25,1.39,-0.014,-0.061,-0.018,2.28,-11.21,0.28,0.000000,0.000000,560.60
14.60,99632.31,49.18,141.89,9.72,-0.25,1.48,-0.013,-0.061,-0.019,2.78,-8.35,0.28,0.000000,0.000000,561.75
14.58,99636.45,49.20,141.54,9.71,-0.22,1.42,-0.014,-0.060,-0.016,2.78,-8.35,0.28,0.000000,0.000000,562.91
14.29,99585.19,49.22,145.87,9.71,-0.26,1.47,-0.014,-0.060,-0.016,2.28,-9.30,-1.08,0.000000,0.000000,564.06
14.23,99578.00,49.20,146.48,9.74,-0.24,1.44,-0.014,-0.060,-0.015,2.78,-8.82,-1.54,0.000000,0.000000,565.21
14.40,99602.53,49.20,144.40,9.73,-0.23,1.46,-0.014,-0.061,-0.016,2.78,-7.87,0.73,0.000000,0.000000,566.37
14.26,99581.63,49.22,146.17,9.73,-0.24,1.42,-0.013,-0.060,-0.016,1.78,-10.25,0.28,0.000000,0.000000,567.52
14.44,99607.16,49.24,144.01,9.74,-0.24,1.45,-0.014,-0.062,-0.018,2.28,-11.68,-1.54,0.000000,0.000000,568.67
13.66,99487.00,49.22,154.16,9.73,-0.24,1.45,-0.015,-0.061,-0.013,1.78,-8.82,-1.54,0.000000,0.000000,569.83
13.85,99517.23,49.23,151.61,9.73,-0.24,1.43,-0.014,-0.061,-0.017,2.78,-8.35,-0.63,0.000000,0.000000,570.98
13.55,99468.81,49.22,155.70,9.72,-0.24,1.45,-0.014,-0.061,-0.017,1.78,-9.78,-0.63,0.000000,0.000000,572.13
13.59,99472.09,49.24,155.42,9.70,-0.23,1.45,-0.014,-0.060,-0.016,2.28,-8.82,-1.99,0.000000,0.000000,573.28
14.28,99584.16,49.29,145.96,9.70,-0.25,1.43,-0.013,-0.060,-0.017,2.28,-7.87,0.73,0.000000,0.000000,574.44
14.32,99583.80,49.29,145.99,9.73,-0.22,1.43,-0.013,-0.061,-0.018,2.78,-8.35,0.28,0.000000,0.000000,575.59
14.29,99582.95,49.32,146.06,9.73,-0.25,1.44,-0.014,-0.061,-0.016,1.78,-8.82,-1.99,0.000000,0.000000,576.74
14.89,99673.22,49.33,138.44,9.71,-0.25,1.44,-0.014,-0.059,-0.016,1.78,-7.87,-1.99,0.000000,0.000000,577.90
15.16,99721.97,49.35,134.33,9.71,-0.23,1.43,-0.015,-0.060,-0.017,3.79,-8.82,1.18,0.000000,0.000000,579.05
15.12,99712.44,49.37,135.13,9.72,-0.25,1.45,-0.014,-0.060,-0.016,2.28,-8.82,-0.63,0.000000,0.000000,580.20
14.75,99657.55,49.39,139.76,9.74,-0.23,1.45,-0.015,-0.061,-0.015,1.78,-8.35,0.28,0.000000,0.000000,581.35
14.49,99609.37,49.37,143.83,9.73,-0.23,1.42,-0.014,-0.060,-0.015,2.78,-8.82,0.73,0.000000,0.000000,582.51
14.45,99605.56,49.38,144.15,9.72,-0.25,1.42,-0.014,-0.062,-0.017,2.78,-8.35,0.28,0.000000,0.000000,583.66
14.52,99614.84,49.39,143.37,9.71,-0.24,1.47,-0.014,-0.061,-0.017,1.78,-10.73,-1.54,0.000000,0.000000,584.82
14.72,99651.05,49.42,140.31,9.72,-0.24,1.43,-0.014,-0.061,-0.017,2.28,-7.87,0.73,0.000000,0.000000,585.97
14.88,99671.74,49.42,138.56,9.73,-0.27,1.43,-0.014,-0.060,-0.016,1.78,-9.30,1.63,0.000000,0.000000,587.12
14.88,99674.17,49.43,138.36,9.74,-0.24,1.43,-0.014,-0.061,-0.016,2.78,-8.35,-1.08,0.000000,0.000000,588.27
14.78,99653.60,49.45,140.09,9.72,-0.25,1.44,-0.014,-0.060,-0.017,2.78,-8.35,-2.44,0.000000,0.000000,589.43
14.37,99592.50,49.45,145.25,9.73,-0.24,1.44,-0.014,-0.060,-0.016,3.29,-7.39,1.18,0.000000,0.000000,590.58
13.79,99501.31,49.43,152.95,9.73,-0.24,1.45,-0.015,-0.060,-0.016,2.28,-8.82,-1.08,0.000000,0.000000,591.73
14.50,99614.66,49.47,143.38,9.74,-0.26,1.44,-0.014,-0.061,-0.015,1.78,-8.82,-0.63,0.000000,0.000000,592.89
15.29,99736.27,49.51,133.12,9.72,-0.24,1.46,-0.014,-0.061,-0.016,2.78,-8.35,0.28,0.000000,0.000000,594.04
14.86,99667.09,49.51,138.96,9.73,-0.25,1.43,-0.014,-0.060,-0.016,2.28,-8.82,-0.18,0.000000,0.000000,595.19
14.81,99658.69,49.51,139.66,9.74,-0.25,1.43,-0.014,-0.060,-0.016,2.28,-10.73,0.73,0.000000,0.000000,596.34
14.42,99598.17,49.51,144.77,9.71,-0.24,1.43,-0.014,-0.060,-0.017,2.28,-8.35,-1.54,0.000000,0.000000,597.50
14.17,99553.72,49.51,148.53,9.71,-0.25,1.44,-0.013,-0.061,-0.016,2.78,-8.35,0.28,0.000000,0.000000,598.65
19.39,100388.48,49.69,78.27,9.35,-0.72,1.95,-1.353,0.004,-0.502,0.27,-9.30,0.28,0.000000,0.000000,599.80
16.39,99903.30,49.61,119.04,8.05,0.79,1.54,-0.982,0.188,0.071,2.78,-6.92,-0.63,0.000000,0.000000,600.95
13.40,99435.14,49.55,158.55,9.00,0.74,0.88,0.593,0.384,-0.362,3.79,-6.92,0.73,0.000000,0.000000,602.11
14.65,99626.48,49.55,142.38,8.08,1.31,1.36,-0.613,-0.251,0.296,4.29,-6.44,0.28,0.000000,0.000000,603.26
17.25,100037.19,49.65,107.78,6.72,0.55,0.38,0.497,0.053,-0.134,3.79,-6.92,-1.54,0.000000,0.000000,604.41
11.47,99130.19,49.49,184.36,6.22,0.65,2.09,-0.177,-0.073,-0.737,3.29,-4.53,1.18,0.000000,0.000000,605.57
12.53,99293.56,49.52,170.52,6.33,2.20,4.28,0.054,-0.167,0.190,5.30,-6.44,2.99,0.000000,0.000000,606.72
21.99,100767.75,49.79,46.50,10.04,3.29,0.12,-0.729,-0.637,-0.213,3.79,-9.30,-3.35,0.000000,0.000000,607.87
25.27,101312.23,49.97,1.06,12.26,2.75,-0.49,0.340,0.217,-0.318,3.29,-9.78,-5.16,0.000000,0.000000,609.03
25.94,101422.77,50.02,-8.14,13.83,3.20,0.73,0.412,0.148,-0.675,6.30,-11.68,-1.99,0.000000,0.000000,610.18
26.14,101456.30,50.03,-10.93,14.80,-0.92,3.38,0.031,0.016,-0.571,-0.23,-13.11,0.28,0.000000,0.000000,611.33
25.32,101325.86,50.02,-0.07,8.65,-0.38,2.57,-0.483,-0.294,0.251,-1.24,-8.35,-0.63,0.000000,0.000000,612.49
24.93,101266.73,50.02,4.85,6.94,1.31,1.69,0.258,-0.476,0.572,1.78,-5.01,-2.89,0.000000,0.000000,613.64
25.14,101295.25,50.02,2.48,7.44,1.88,0.07,0.489,-0.885,0.696,2.78,-5.48,-1.08,0.000000,0.000000,614.79
24.97,101273.55,50.03,4.28,6.76,1.91,0.84,0.467,-0.077,0.386,1.78,-5.48,-1.08,0.000000,0.000000,615.94
25.88,101412.38,50.00,-7.27,6.47,2.51,0.69,0.393,-0.310,0.322,3.29,-4.05,-1.99,0.000000,0.000000,617.09
25.88,101418.28,50.00,-7.76,7.16,2.33,0.60,-0.207,-0.309,-0.188,3.79,-4.53,-0.63,0.000000,0.000000,618.25
25.16,101296.38,49.90,2.38,8.86,2.70,1.38,0.184,-0.325,0.026,4.29,-6.44,-1.08,0.000000,0.000000,619.40
25.12,101294.11,49.86,2.57,9.95,2.66,1.22,0.430,-0.354,-0.212,3.29,-8.35,-2.89,0.000000,0.000000,620.55
24.83,101248.59,49.82,6.36,10.80,3.33,0.81,-0.339,-0.401,-0.720,4.79,-8.82,-2.44,0.000000,0.000000,621.71
25.04,101279.78,49.76,3.77,12.89,5.13,1.82,-0.165,-0.231,-0.402,6.80,-10.25,-0.63,0.000000,0.000000,622.86
25.83,101404.64,49.72,-6.63,14.30,1.52,0.79,0.551,-0.612,-0.420,3.29,-11.68,-1.99,0.000000,0.000000,624.02
25.96,101427.05,49.67,-8.49,12.00,-2.00,-1.28,-0.682,0.190,-0.605,-1.74,-10.73,-2.89,0.000000,0.000000,625.17
26.09,101449.38,49.63,-10.35,10.29,-0.45,-1.95,-0.900,0.445,0.289,-0.74,-8.82,-6.97,0.000000,0.000000,626.32
25.38,101336.16,49.56,-0.93,10.75,1.26,-0.91,-2.144,0.763,1.540,0.77,-8.35,-3.80,0.000000,0.000000,627.47
25.16,101302.30,49.50,1.89,6.46,2.57,0.62,0.532,-0.128,0.672,3.79,-4.53,-1.08,0.000000,0.000000,628.62
25.36,101330.91,49.48,-0.49,5.54,2.20,0.24,-0.630,0.082,0.285,3.29,-5.01,-1.54,0.000000,0.000000,629.78
25.97,101431.81,49.45,-8.89,5.99,2.07,0.08,-0.642,0.275,-0.235,2.28,-4.05,-2.89,0.000000,0.000000,630.93
26.45,101506.14,49.45,-15.07,6.17,2.62,-0.52,-0.464,0.035,-0.217,3.29,-4.05,-1.99,0.000000,0.000000,632.09
26.52,101518.39,49.40,-16.09,5.89,2.50,0.15,-0.178,0.399,-0.269,3.79,-4.53,-1.99,0.000000,0.000000,633.24
25.76,101396.51,49.34,-5.95,7.36,2.32,-0.36,-0.576,0.371,-0.270,2.78,-6.92,-6.52,0.000000,0.000000,634.39
25.70,101389.34,49.33,-5.36,7.02,1.99,0.25,0.042,0.382,-0.431,3.29,-5.01,-1.08,0.000000,0.000000,635.54
25.64,101378.38,49.29,-4.44,9.05,2.49,-0.34,0.283,0.625,-0.451,3.29,-7.39,-2.44,0.000000,0.000000,636.70
25.45,101348.52,49.28,-1.96,10.58,2.98,0.26,0.096,0.475,-0.043,2.78,-9.30,-3.35,0.000000,0.000000,637.85
25.85,101411.47,49.28,-7.20,11.28,3.24,-0.10,0.468,0.412,0.031,3.79,-9.78,-3.80,0.000000,0.000000,639.00
26.24,101471.75,49.29,-12.21,13.06,4.98,1.31,1.163,-0.098,0.139,6.30,-11.21,-1.54,0.000000,0.000000,640.16
26.03,101439.49,49.28,-9.53,13.13,5.69,2.31,1.010,-0.042,-0.124,7.31,-11.68,-0.18,0.000000,0.000000,641.31
25.22,101312.88,49.26,1.01,13.06,3.51,0.98,0.828,-0.001,-0.439,5.30,-11.68,-2.89,0.000000,0.000000,642.46
25.46,101349.03,49.27,-2.00,11.16,3.44,1.78,1.109,-0.254,-0.310,5.30,-9.30,-3.35,0.000000,0.000000,643.62
25.64,101378.20,49.29,-4.43,11.99,3.95,1.89,1.247,0.070,-0.429,5.80,-10.25,-0.63,0.000000,0.000000,644.77
25.73,101390.24,49.30,-5.43,13.73,2.39,2.81,0.868,0.320,0.108,2.78,-13.11,0.28,0.000000,0.000000,645.92
26.40,101497.05,49.33,-14.31,7.56,2.69,0.04,0.210,-0.179,-0.387,3.79,-5.01,-4.71,0.000000,0.000000,647.07
26.29,101479.02,49.34,-12.82,12.65,-2.45,3.17,1.016,0.039,-0.314,-0.74,-10.73,0.73,0.000000,0.000000,648.23
26.45,101506.14,49.34,-15.07,9.70,-1.46,5.43,-0.436,-0.012,-0.175,-1.24,-9.30,2.54,0.000000,0.000000,649.38
25.73,101389.70,49.34,-5.39,8.99,1.40,4.09,-1.008,-0.534,0.188,1.27,-8.35,1.63,0.000000,0.000000,650.53
25.74,101392.53,49.33,-5.62,7.23,2.06,3.52,-0.789,-0.545,0.492,1.78,-5.48,-0.18,0.000000,0.000000,651.69
25.91,101416.20,49.33,-7.59,8.48,2.27,2.22,0.152,-0.920,0.564,3.29,-6.44,1.18,0.000000,0.000000,652.84
25.78,101398.45,49.34,-6.11,7.74,2.01,1.64,0.557,-0.780,0.848,3.29,-6.44,-1.08,0.000000,0.000000,653.99
25.92,101423.02,49.33,-8.16,6.61,1.48,0.57,1.094,-0.276,0.816,2.28,-5.96,-1.99,0.000000,0.000000,655.14
24.86,101250.52,49.28,6.20,6.09,1.59,1.80,0.636,-0.698,0.613,2.78,-4.05,0.73,0.000000,0.000000,656.29
23.16,100983.05,49.24,28.51,5.45,1.48,1.06,0.389,-0.442,0.753,3.29,-3.58,0.28,0.000000,0.000000,657.45
24.14,101138.02,49.24,15.58,6.34,2.05,0.48,0.036,-0.213,0.035,1.78,-5.48,-1.54,0.000000,0.000000,658.61
24.05,101121.62,49.22,16.95,8.72,3.43,1.53,0.172,0.092,-0.580,4.79,-5.96,-1.54,0.000000,0.000000,659.75
24.04,101121.19,49.17,16.98,11.12,2.87,1.10,0.343,-0.029,-0.200,4.29,-8.35,-0.18,0.000000,0.000000,660.91
25.26,101316.26,49.16,0.73,14.81,4.48,2.91,-0.087,-0.276,-0.290,6.30,-13.59,-0.18,0.000000,0.000000,662.06
14.24,99576.45,48.81,146.61,11.31,-0.81,5.18,-0.749,-0.257,-0.191,1.78,-12.16,2.99,0.000000,0.000000,663.22
10.27,98937.96,48.59,200.66,7.42,1.23,10.34,-0.069,0.497,0.086,3.79,-7.39,7.97,0.000000,0.000000,664.37
13.07,99366.63,48.50,164.34,5.81,-2.12,9.97,-0.370,0.156,-0.019,0.27,-5.48,9.33,0.000000,0.000000,665.52
12.64,99303.12,48.42,169.71,4.61,-1.04,8.92,-0.249,0.091,-0.067,2.28,-5.96,7.52,0.000000,0.000000,666.67
17.00,99988.63,48.48,111.86,2.00,-0.99,9.20,-0.097,0.767,-0.352,0.77,-2.15,7.52,0.000000,0.000000,667.83
13.75,99481.74,48.36,154.61,-0.06,0.12,6.03,0.580,0.036,-0.123,3.29,1.19,7.07,0.000000,0.000000,668.98
14.38,99582.73,48.35,146.08,-0.03,1.03,5.02,0.450,0.079,-0.292,3.79,0.24,6.16,0.000000,0.000000,670.13
13.30,99413.18,48.32,160.40,-0.47,1.00,7.28,-0.459,0.358,-0.416,3.29,-0.72,5.71,0.000000,0.000000,671.29
10.60,98988.84,48.23,196.34,-1.26,0.39,10.28,0.316,-0.027,-0.301,3.29,1.19,9.33,0.000000,0.000000,672.44
8.75,98694.49,48.17,221.35,-1.17,-1.81,13.50,-0.433,-0.048,0.038,0.27,-0.24,12.95,0.000000,0.000000,673.59
8.97,98730.02,48.15,218.33,-2.77,-1.18,14.59,-0.362,-0.546,-0.132,1.78,1.19,12.95,0.000000,0.000000,674.75
15.30,99705.91,48.33,135.68,-1.50,-0.34,10.50,0.268,0.166,0.289,1.78,1.19,7.97,0.000000,0.000000,675.90
11.35,99109.13,48.23,186.14,-1.44,8.35,2.33,0.760,0.011,0.472,12.33,2.62,3.44,0.000000,0.000000,677.05
12.36,99257.72,48.25,173.55,-0.40,5.95,0.02,0.117,0.131,0.219,8.81,0.71,0.73,0.000000,0.000000,678.20
12.88,99341.39,48.26,166.47,-0.23,5.88,-0.45,0.057,0.185,0.261,9.82,1.19,-1.99,0.000000,0.000000,679.35
11.70,99150.88,48.22,182.60,-0.66,8.25,-1.54,0.532,0.221,0.253,10.82,1.67,-0.63,0.000000,0.000000,680.51
11.63,99142.08,48.17,183.35,0.41,10.78,1.15,0.508,-0.112,0.468,13.84,-0.24,2.09,0.000000,0.000000,681.66
13.89,99487.37,48.20,154.13,1.01,11.96,3.05,-0.321,-0.320,0.109,15.35,-1.67,1.18,0.000000,0.000000,682.82
12.29,99245.36,48.12,174.60,0.06,14.17,2.71,-0.761,-0.403,-0.474,17.36,2.15,3.44,0.000000,0.000000,683.97
14.14,99527.53,48.10,150.74,1.79,11.45,4.92,-0.178,-0.420,-0.766,13.84,-1.67,4.35,0.000000,0.000000,685.12
15.75,99786.83,48.05,128.86,1.05,9.03,2.48,0.072,-0.139,-0.386,12.33,-2.15,2.54,0.000000,0.000000,686.27
15.00,99669.36,47.89,138.76,1.52,6.86,1.01,0.150,-0.666,-0.185,10.82,0.24,-0.18,0.000000,0.000000,687.43
15.62,99770.16,47.79,130.26,-0.34,5.26,-0.20,0.361,-0.296,-0.077,8.81,1.67,0.73,0.000000,0.000000,688.58
16.27,99871.24,47.69,121.74,0.31,6.66,-0.97,-0.207,-0.797,0.145,8.31,0.71,-1.99,0.000000,0.000000,689.73
15.13,99690.91,47.57,136.95,-0.32,7.85,-0.72,-0.062,-0.685,-0.227,9.82,2.15,-2.44,0.000000,0.000000,690.89
15.07,99678.39,47.48,138.00,-1.20,11.40,0.21,-0.181,0.058,-0.522,13.84,3.58,2.09,0.000000,0.000000,692.04
15.15,99694.59,47.38,136.64,-1.32,12.31,1.30,-0.281,-0.061,-0.170,15.85,2.15,0.28,0.000000,0.000000,693.19
14.20,99538.40,47.25,149.82,-0.82,12.90,-0.59,0.137,0.054,0.189,15.85,3.10,-1.08,0.000000,0.000000,694.35
13.84,99488.91,47.17,154.00,-2.27,15.41,3.97,-0.662,0.053,0.126,19.87,4.05,4.35,0.000000,0.000000,695.50
16.33,99871.34,47.14,121.74,-1.58,10.35,4.65,-0.240,0.582,-0.044,13.84,2.62,5.71,0.000000,0.000000,696.65
14.40,99572.67,47.03,146.93,-1.58,8.49,1.60,0.413,0.702,0.381,11.83,0.71,0.28,0.000000,0.000000,697.80
14.79,99633.27,46.96,141.81,-1.19,5.39,0.02,0.144,0.263,0.428,8.81,3.58,0.73,0.000000,0.000000,698.95
14.61,99603.17,46.91,144.35,-0.34,5.62,-0.01,0.133,0.451,0.523,8.31,1.67,0.73,0.000000,0.000000,700.11
14.34,99561.48,46.86,147.87,-0.70,6.22,-1.23,-0.303,0.407,0.141,8.81,0.71,-2.44,0.000000,0.000000,701.26
15.14,99691.73,46.85,136.88,-0.92,8.53,-0.94,-0.282,0.396,0.214,10.82,3.10,-1.54,0.000000,0.000000,702.42
15.36,99723.77,46.86,134.17,0.21,11.17,-0.14,-0.009,-0.017,0.218,14.85,2.15,0.28,0.000000,0.000000,703.57
15.29,99715.79,46.85,134.85,0.95,13.56,1.87,-0.216,-0.197,-0.247,17.36,-0.72,1.18,0.000000,0.000000,704.72
15.17,99691.60,46.85,136.89,0.92,13.82,1.80,-0.236,-0.501,-0.184,17.36,0.24,-0.63,0.000000,0.000000,705.88
14.19,99534.35,46.81,150.16,2.16,13.07,3.90,0.046,-0.292,-0.461,17.86,-0.72,4.80,0.000000,0.000000,707.03
14.54,99590.31,46.81,145.44,2.82,10.73,2.93,-0.212,-0.684,-0.286,13.84,-2.15,2.99,0.000000,0.000000,708.18
16.34,99876.34,46.86,121.31,3.38,6.19,1.56,0.267,-0.927,0.617,8.81,-2.15,1.18,0.000000,0.000000,709.33
13.02,99347.69,46.73,165.94,5.43,2.15,-0.24,-0.407,-0.198,0.513,5.80,-4.05,-0.63,0.000000,0.000000,710.49
11.82,99170.03,46.68,180.98,5.59,-0.36,-1.00,-0.393,0.209,-0.866,2.28,-5.01,-2.44,0.000000,0.000000,711.64
11.90,99179.85,46.62,180.15,5.30,-0.42,-1.47,-0.469,-0.412,-0.395,2.78,-5.48,-2.44,0.000000,0.000000,712.79
12.96,99335.48,46.57,166.97,7.19,-1.20,-0.17,-0.396,-0.342,-0.552,1.78,-5.48,-0.63,0.000000,0.000000,713.95
13.20,99380.25,46.52,163.19,7.13,-1.62,-0.28,0.095,-0.473,-0.251,1.78,-6.92,-1.99,0.000000,0.000000,715.10
13.27,99386.85,46.47,162.63,7.66,-1.82,-0.14,-0.188,-0.602,-0.678,0.27,-8.82,-2.89,0.000000,0.000000,716.25
12.47,99261.80,46.39,173.21,6.64,-0.89,0.21,1.524,-0.309,-0.224,1.78,-5.48,-0.63,0.000000,0.000000,717.41
11.99,99176.92,46.32,180.40,8.60,-0.11,3.64,-0.272,-0.181,-0.463,3.29,-8.82,2.99,0.000000,0.000000,718.56
13.02,99348.67,46.33,165.86,9.88,2.18,2.05,-0.045,-0.244,0.169,4.29,-9.78,0.28,0.000000,0.000000,719.71
11.28,99069.11,46.27,189.53,9.13,3.68,3.24,-0.016,-0.089,-0.063,6.30,-8.82,0.28,0.000000,0.000000,720.86
12.36,99243.95,46.28,174.72,9.20,2.48,2.38,-0.049,-0.019,-0.015,6.80,-9.30,2.09,0.000000,0.000000,722.02
11.79,99156.81,46.25,182.10,9.02,1.42,3.04,0.301,-0.021,-0.119,4.79,-9.78,2.99,0.000000,0.000000,723.17
12.73,99294.62,46.26,170.43,9.23,3.58,1.89,-0.385,0.295,0.079,5.30,-7.87,0.28,0.000000,0.000000,724.32
11.95,99179.52,46.25,180.18,9.81,1.49,0.30,-1.364,-0.386,0.131,4.79,-8.82,0.28,0.000000,0.000000,725.47
13.08,99352.55,46.28,165.53,9.88,1.62,0.02,0.029,-0.001,0.182,3.79,-8.82,-1.99,0.000000,0.000000,726.63
11.75,99144.22,46.25,183.17,8.31,2.35,0.24,-0.965,0.334,-0.185,5.80,-6.92,-1.54,0.000000,0.000000,727.78
13.06,99345.63,46.27,166.12,10.03,3.31,1.48,1.079,0.750,-0.283,6.30,-8.82,1.63,0.000000,0.000000,728.93
12.69,99292.01,46.28,170.65,9.71,0.28,-0.37,0.689,0.256,0.065,2.78,-9.30,-1.54,0.000000,0.000000,730.09
12.78,99300.36,46.27,169.95,9.83,1.39,-0.22,0.360,0.091,0.129,4.29,-11.21,-2.89,0.000000,0.000000,731.24
13.73,99450.94,46.31,157.21,8.90,-0.28,-1.68,0.412,-0.367,0.451,3.29,-6.92,-1.99,0.000000,0.000000,732.39
14.88,99626.36,46.37,142.39,6.62,0.65,0.02,-0.297,0.613,0.525,3.79,-5.48,-1.08,0.000000,0.000000,733.54
13.50,99416.70,46.34,160.10,7.83,-0.55,-1.44,0.126,0.105,0.459,2.28,-8.82,-2.89,0.000000,0.000000,734.70
14.49,99626.08,46.37,142.42,6.20,-0.48,-1.24,0.055,0.174,-0.295,2.78,-5.48,-0.63,0.000000,0.000000,735.85
13.95,99488.80,46.33,154.01,7.23,0.41,-0.04,-0.078,0.385,0.087,3.79,-6.44,1.18,0.000000,0.000000,737.00
14.55,99531.73,46.32,145.82,7.68,1.14,-0.54,-0.322,0.120,0.069,4.29,-9.30,-0.63,0.000000,0.000000,738.16
13.22,99371.58,46.25,163.92,10.06,-0.73,0.07,-0.097,-0.716,0.382,2.28,-8.82,-1.08,0.000000,0.000000,739.31
14.00,99495.88,46.26,153.41,8.88,0.66,-0.60,-0.166,-0.502,-0.200,3.79,-7.87,-0.63,0.000000,0.000000,740.47
13.08,99349.23,46.23,165.81,13.10,1.71,0.50,-0.439,-0.195,0.142,5.30,-14.07,-0.18,0.000000,0.000000,741.62
12.53,99265.13,46.20,172.93,15.34,2.35,-1.10,0.171,-0.306,-0.293,5.30,-13.59,-1.99,0.000000,0.000000,742.77
12.24,99214.91,46.18,177.18,11.85,2.64,-2.63,-0.164,-0.441,0.243,5.30,-11.21,-3.35,0.000000,0.000000,743.93
11.87,99157.96,46.18,182.00,11.40,2.93,-1.36,-0.088,-0.465,-0.016,5.30,-12.64,-2.44,0.000000,0.000000,745.08
13.79,99455.59,46.24,156.82,9.71,0.36,-2.48,0.363,0.092,-0.193,3.29,-8.35,-4.25,0.000000,0.000000,746.23
13.67,99441.84,46.23,157.98,7.29,-0.76,-1.92,0.972,0.900,-0.545,2.78,-7.39,-1.54,0.000000,0.000000,747.38
13.87,99464.78,46.21,156.04,6.66,0.15,-1.40,0.617,0.272,-0.138,2.28,-7.39,-1.99,0.000000,0.000000,748.53
13.61,99430.65,46.22,158.93,8.37,0.75,-0.30,0.292,-0.014,0.049,3.79,-7.87,-0.63,0.000000,0.000000,749.69
13.40,99392.95,46.22,162.11,10.51,3.96,0.48,-0.154,0.506,-0.135,6.80,-9.30,-0.18,0.000000,0.000000,750.84
12.92,99323.34,46.19,168.00,12.78,2.65,-1.72,0.467,0.051,-0.144,6.30,-12.16,-3.35,0.000000,0.000000,752.00
13.82,99460.14,46.17,156.43,11.79,0.88,-1.98,0.025,-0.320,0.042,4.29,-10.25,-4.25,0.000000,0.000000,753.15
14.68,99593.50,46.20,145.17,9.59,-0.92,-1.00,0.060,-0.642,-0.067,2.28,-8.35,-1.54,0.000000,0.000000,754.30
14.50,99569.64,46.24,147.18,7.41,-1.18,-2.00,-0.240,0.066,-0.069,1.27,-7.39,-3.35,0.000000,0.000000,755.45
14.41,99551.88,46.20,148.68,6.98,-0.18,-1.40,-0.267,-0.106,-0.260,2.78,-5.48,-3.80,0.000000,0.000000,756.61
12.85,99309.99,46.17,169.13,7.01,0.52,-0.76,-0.130,0.102,-0.229,2.78,-5.01,-0.63,0.000000,0.000000,757.76
14.54,99574.58,46.22,146.76,8.23,0.85,-0.41,-0.533,0.338,-0.026,3.79,-8.82,-2.44,0.000000,0.000000,758.91
13.81,99461.09,46.22,156.35,9.81,0.42,0.02,-0.429,0.313,0.237,2.78,-9.30,-1.54,0.000000,0.000000,760.06
13.08,99334.04,46.21,167.10,9.80,0.06,-0.01,-0.063,0.008,0.112,3.29,-8.82,-0.63,0.000000,0.000000,761.22
12.82,99303.06,46.21,169.72,10.73,0.02,-0.39,-0.148,0.674,0.118,3.29,-12.16,-2.44,0.000000,0.000000,762.37
13.33,99374.85,46.23,163.64,11.31,0.51,-0.18,-0.206,0.780,-0.151,3.29,-10.73,-3.35,0.000000,0.000000,763.53
13.77,99450.65,46.27,157.23,13.35,-0.25,-1.50,-0.208,-0.175,-0.350,3.29,-13.11,-2.44,0.000000,0.000000,764.68
12.83,99298.80,46.26,170.08,11.12,1.14,-1.04,0.102,0.041,-0.705,3.29,-10.73,-2.89,0.000000,0.000000,765.83
13.54,99416.17,46.29,160.15,12.57,2.36,0.72,-0.901,-0.777,-0.534,4.79,-12.64,-1.99,0.000000,0.000000,766.99
15.35,99690.30,46.36,137.00,7.77,1.93,1.77,-0.180,-0.045,0.403,4.29,-6.44,2.09,0.000000,0.000000,768.13
13.85,99458.47,46.34,156.57,8.33,1.08,0.79,-0.398,0.704,0.016,3.29,-9.30,-0.18,0.000000,0.000000,769.29
14.28,99520.09,46.38,151.37,9.26,1.08,0.45,-0.209,-0.010,-0.033,3.29,-8.35,-1.99,0.000000,0.000000,770.44
13.84,99458.75,46.40,156.55,8.44,1.40,0.46,-0.611,-0.144,0.209,5.80,-7.87,0.28,0.000000,0.000000,771.59
13.58,99412.27,46.40,160.48,6.97,0.17,-0.33,-0.536,0.014,0.210,1.78,-7.87,0.73,0.000000,0.000000,772.75
13.75,99441.66,46.42,157.99,5.94,0.30,0.82,-0.291,0.281,0.197,3.29,-5.01,-1.08,0.000000,0.000000,773.90
13.87,99464.20,46.44,156.09,6.06,0.59,-0.61,-0.461,0.428,0.141,4.29,-4.53,-0.63,0.000000,0.000000,775.05
14.04,99485.38,46.46,154.30,6.39,0.63,-0.12,-0.448,0.145,0.242,3.29,-5.48,-1.08,0.000000,0.000000,776.21
13.79,99450.67,46.48,157.23,5.49,0.41,-0.55,-0.449,0.189,-0.069,2.78,-4.53,-3.80,0.000000,0.000000,777.36
14.33,99525.58,46.51,150.90,6.73,-0.84,-0.34,-0.077,0.288,0.615,2.28,-5.48,-1.08,0.000000,0.000000,778.51
13.66,99429.25,46.51,159.04,5.64,0.12,-0.06,0.028,-0.200,-0.412,2.28,-5.48,-0.63,0.000000,0.000000,779.67
14.23,99513.50,46.54,151.92,7.32,0.23,-1.04,-0.160,-0.096,-0.119,2.78,-6.44,-4.25,0.000000,0.000000,780.82
13.06,99334.93,46.53,167.02,6.77,0.12,-0.79,-0.127,-0.018,-0.615,3.29,-5.01,-1.08,0.000000,0.000000,781.97
13.82,99452.88,46.55,157.05,9.42,0.74,0.29,-0.084,-0.858,-0.083,3.29,-10.73,0.28,0.000000,0.000000,783.12
13.69,99431.74,46.56,158.83,9.81,0.06,-0.11,-0.188,-0.231,-0.312,2.78,-8.35,-2.89,0.000000,0.000000,784.28
13.17,99347.19,46.55,165.98,10.07,1.15,0.21,-0.087,-0.349,0.233,4.29,-8.82,-1.54,0.000000,0.000000,785.43
13.24,99359.10,46.56,164.98,9.68,1.72,0.78,-0.466,-0.163,-0.352,4.29,-8.82,-1.54,0.000000,0.000000,786.59
13.48,99393.48,46.59,162.07,9.24,1.72,0.47,0.145,0.050,0.198,4.29,-8.82,-3.35,0.000000,0.000000,787.73
13.89,99459.16,46.62,156.51,15.41,2.49,-0.77,-0.546,-0.502,-0.285,4.79,-14.54,-1.54,0.000000,0.000000,788.89
14.22,99451.97,46.59,157.12,14.96,2.64,-1.38,-0.659,-0.559,-0.330,4.79,-14.07,-2.44,0.000000,0.000000,790.05
13.10,99329.81,46.58,167.45,12.67,2.03,-1.93,-0.760,-0.721,-0.049,5.80,-11.21,-6.52,0.000000,0.000000,791.20
13.34,99374.08,46.54,163.71,14.77,1.60,-0.08,0.266,-1.322,-0.289,4.79,-14.54,-2.44,0.000000,0.000000,792.35
14.11,99486.34,46.51,154.22,11.12,2.04,-1.17,0.111,-0.548,-0.460,4.79,-10.73,-3.80,0.000000,0.000000,793.50
14.15,99498.64,46.50,153.18,11.39,1.17,-1.44,0.044,-0.663,-0.590,3.79,-9.78,-2.89,0.000000,0.000000,794.66
13.59,99410.52,46.43,160.63,11.58,2.21,-2.33,-0.540,-0.349,-0.394,4.29,-10.25,-3.80,0.000000,0.000000,795.81
13.62,99414.24,46.38,160.31,12.10,3.31,-3.63,-0.339,-0.797,-0.245,5.80,-11.68,-6.97,0.000000,0.000000,796.96
13.37,99371.19,46.37,163.95,11.63,3.21,-1.63,0.064,-0.561,-0.291,7.31,-10.25,-2.89,0.000000,0.000000,798.11
14.61,99569.42,46.38,147.20,7.48,0.09,-2.26,0.224,0.048,-0.202,2.78,-5.96,-3.80,0.000000,0.000000,799.27
14.24,99506.64,46.32,152.50,7.26,0.09,-0.00,0.395,-0.191,0.517,3.29,-6.44,-1.08,0.000000,0.000000,800.42
14.74,99589.71,46.29,145.49,7.07,1.14,0.17,0.580,0.213,0.085,5.30,-5.48,0.28,0.000000,0.000000,801.57
15.47,99702.23,46.26,135.99,10.18,-1.39,-1.02,0.799,-0.706,-0.559,1.78,-10.25,-3.35,0.000000,0.000000,802.73
13.89,99455.34,46.18,156.84,6.54,0.96,0.21,0.344,-0.033,0.318,3.79,-5.48,-3.80,0.000000,0.000000,803.88
14.68,99571.52,46.14,147.02,7.47,1.79,0.13,0.015,0.044,0.241,5.30,-6.92,0.28,0.000000,0.000000,805.03
14.44,99542.58,46.09,149.47,8.56,2.08,-0.62,-0.381,0.027,0.243,4.79,-8.82,-1.54,0.000000,0.000000,806.18
15.03,99628.49,46.05,142.21,8.21,1.35,1.52,0.303,0.306,0.241,4.79,-7.39,-1.08,0.000000,0.000000,807.33
14.09,99482.86,45.98,154.51,8.62,1.13,-0.12,0.317,0.254,0.116,4.29,-7.39,-1.08,0.000000,0.000000,808.49
14.08,99480.41,45.90,154.72,9.20,1.54,-0.35,0.030,0.439,0.009,4.29,-10.73,-2.44,0.000000,0.000000,809.64
13.27,99355.38,45.84,165.29,8.91,2.81,1.58,0.249,0.547,0.076,5.80,-8.35,-1.99,0.000000,0.000000,810.79
14.47,99568.05,45.81,147.32,8.14,0.46,-0.88,-0.038,-0.036,-0.045,2.78,-7.39,-0.63,0.000000,0.000000,811.95
13.45,99385.22,45.76,162.77,5.08,0.60,-0.73,0.955,0.508,-0.272,2.78,-5.48,-2.44,0.000000,0.000000,813.10
13.49,99390.91,45.73,162.29,7.15,-0.07,-1.40,0.385,-0.227,0.095,2.78,-5.96,-1.54,0.000000,0.000000,814.25
14.14,99486.78,45.71,154.18,7.00,0.65,-1.24,0.540,-0.254,-0.001,4.29,-5.96,-1.54,0.000000,0.000000,815.41
14.19,99499.51,45.71,153.11,6.24,-0.49,-0.32,0.868,-0.406,-0.365,2.28,-7.39,-1.08,0.000000,0.000000,816.56
14.61,99559.13,45.70,148.07,6.72,0.65,-0.41,0.492,0.036,0.112,3.79,-4.53,-1.54,0.000000,0.000000,817.71
14.35,99522.77,45.68,151.14,7.59,1.00,-0.23,0.273,0.046,0.388,4.79,-7.87,-1.08,0.000000,0.000000,818.86
15.52,99706.63,45.67,135.62,9.53,1.82,-0.34,-0.485,0.458,0.189,4.29,-7.87,-1.99,0.000000,0.000000,820.02
15.38,99684.73,45.64,137.47,10.42,2.00,0.78,-0.199,0.490,-0.373,5.80,-9.30,-0.18,0.000000,0.000000,821.17
15.98,99777.34,45.61,129.66,13.50,1.66,0.25,0.676,-0.390,0.274,4.29,-13.59,-0.18,0.000000,0.000000,822.33
14.92,99612.16,45.55,143.59,11.04,1.73,0.67,0.845,-0.809,-0.018,4.29,-9.78,-3.35,0.000000,0.000000,823.48
15.18,99645.49,45.49,140.78,11.17,-0.84,0.18,0.594,-0.164,-0.806,1.78,-9.30,-0.63,0.000000,0.000000,824.63
15.25,99660.83,45.45,139.48,10.02,0.05,-0.98,-0.017,-0.091,-0.397,1.78,-10.73,-2.44,0.000000,0.000000,825.79
14.72,99570.38,45.35,147.12,9.39,-0.42,-0.46,0.123,0.023,-0.490,2.28,-7.87,-4.25,0.000000,0.000000,826.94
13.39,99369.94,45.25,164.06,7.71,0.96,-1.92,-0.202,0.022,-0.204,3.79,-5.48,-1.54,0.000000,0.000000,828.09
12.55,99229.52,45.13,175.94,6.67,-0.12,-1.09,-0.342,0.149,-0.166,2.28,-5.48,-4.25,0.000000,0.000000,829.24
13.17,99324.78,45.08,167.88,11.12,-0.09,-0.57,0.189,-0.601,0.053,2.28,-9.30,-1.08,0.000000,0.000000,830.40
13.57,99397.18,45.02,161.75,13.26,1.10,-1.02,-0.411,-0.151,-0.058,5.30,-13.11,-1.08,0.000000,0.000000,831.55
13.15,99325.93,44.97,167.78,12.01,3.09,-3.41,-0.384,0.162,0.387,5.80,-10.25,-5.61,0.000000,0.000000,832.70
13.47,99395.09,44.93,163.44,8.71,2.00,-1.34,-0.004,-0.303,-0.090,4.79,-7.39,-1.08,0.000000,0.000000,833.86
15.70,99727.70,44.95,133.84,8.70,0.05,-1.26,0.733,0.462,-1.045,3.29,-8.35,-3.80,0.000000,0.000000,835.01
14.19,99494.25,44.91,153.55,10.97,-0.18,-1.78,0.370,0.049,-0.372,2.28,-9.30,-1.54,0.000000,0.000000,836.16
13.92,99445.98,44.83,157.63,9.28,0.89,-1.70,0.351,-0.020,-0.463,3.79,-8.82,-2.89,0.000000,0.000000,837.31
14.90,99597.52,44.83,144.83,8.17,0.20,-0.95,0.241,-0.052,0.062,2.78,-8.35,-2.44,0.000000,0.000000,838.47
15.08,99623.84,44.80,142.61,7.18,0.39,-1.00,-0.023,-0.344,-0.099,2.78,-5.96,-3.35,0.000000,0.000000,839.62
14.35,99512.26,44.75,152.03,6.61,0.67,-0.51,0.057,0.069,-0.120,3.29,-6.44,-0.63,0.000000,0.000000,840.77
14.74,99570.97,44.69,147.07,7.54,1.92,-0.19,0.181,-0.119,-0.072,4.29,-5.48,-3.35,0.000000,0.000000,841.93
14.90,99603.75,44.65,144.30,9.99,3.03,0.52,0.372,0.611,-0.219,6.80,-8.82,-0.18,0.000000,0.000000,843.08
14.51,99532.91,44.59,150.28,13.96,1.50,-1.94,-0.144,0.260,-0.375,4.29,-13.11,-2.89,0.000000,0.000000,844.23
13.90,99437.51,44.57,158.35,11.61,0.92,-3.10,0.095,-0.102,0.075,3.79,-10.25,-5.61,0.000000,0.000000,845.39
14.62,99543.84,44.54,149.36,9.49,-0.44,-1.66,-0.129,-0.074,0.201,3.29,-7.39,-1.99,0.000000,0.000000,846.54
12.82,99266.69,44.48,172.80,8.00,0.67,-1.28,-0.608,0.033,0.498,2.78,-7.87,-2.89,0.000000,0.000000,847.69
13.72,99403.93,44.50,161.18,7.13,0.25,-0.41,-0.253,0.180,-0.220,2.78,-6.44,-3.35,0.000000,0.000000,848.84
13.65,99394.78,44.51,161.96,8.42,-0.70,0.45,0.081,-0.038,-0.092,2.28,-9.30,0.73,0.000000,0.000000,850.00
14.20,99477.27,44.47,154.99,9.55,0.74,1.60,-0.307,-0.609,0.152,3.29,-10.25,0.73,0.000000,0.000000,851.15
14.21,99481.45,44.45,154.63,13.96,0.09,1.61,-0.073,-0.022,0.322,2.78,-13.11,0.28,0.000000,0.000000,852.30
14.75,99562.20,44.44,147.81,13.05,1.28,-1.94,-0.699,0.092,0.579,4.79,-12.16,-3.80,0.000000,0.000000,853.46
14.32,99497.23,44.41,153.30,12.28,2.07,-1.76,-0.654,-0.351,0.276,4.79,-14.54,-3.80,0.000000,0.000000,854.61
14.37,99509.23,44.41,152.28,10.15,0.97,-1.33,0.223,0.094,-0.250,4.29,-8.82,-1.99,0.000000,0.000000,855.76
14.96,99595.39,44.37,145.01,9.43,0.70,-0.89,0.530,-0.151,-0.310,2.78,-9.78,-2.89,0.000000,0.000000,856.91
14.68,99556.72,44.33,148.27,8.82,-0.01,-1.61,0.445,0.521,-0.106,2.78,-7.39,-5.61,0.000000,0.000000,858.07
14.68,99545.06,44.27,149.26,8.76,-0.54,-1.70,0.542,-0.235,-0.311,1.27,-6.44,-1.99,0.000000,0.000000,859.22
14.04,99450.13,44.22,157.28,6.12,1.15,-1.51,0.532,0.528,-0.201,3.79,-5.96,-0.63,0.000000,0.000000,860.37
14.44,99515.61,44.24,151.75,6.65,0.50,-2.84,0.305,0.138,-0.046,3.29,-5.01,-2.89,0.000000,0.000000,861.52
13.86,99425.59,44.24,159.35,8.49,1.34,-2.29,0.103,-0.082,-0.121,4.29,-7.87,-2.89,0.000000,0.000000,862.68
13.74,99400.48,44.26,161.48,9.03,3.12,-1.24,-0.279,-0.489,0.035,6.80,-10.73,-1.54,0.000000,0.000000,863.83
13.50,99368.70,44.29,164.16,9.69,3.31,0.74,-0.087,-0.196,0.171,6.30,-8.35,0.28,0.000000,0.000000,864.98
14.19,99472.03,44.31,155.43,13.45,2.04,-0.69,0.564,0.163,0.008,5.30,-13.59,-3.35,0.000000,0.000000,866.14
14.42,99510.48,44.29,152.18,11.02,-0.07,-2.39,-0.180,-0.420,-0.202,2.78,-9.30,-3.35,0.000000,0.000000,867.29
13.98,99435.48,44.24,158.52,8.77,-0.51,-1.64,-0.012,-0.139,-0.124,1.78,-7.87,-1.54,0.000000,0.000000,868.45
14.77,99560.88,44.22,147.92,7.14,0.05,-0.74,-0.366,0.329,-0.015,2.28,-7.39,-1.99,0.000000,0.000000,869.60
14.23,99521.84,44.17,151.22,8.47,-0.17,0.55,-0.197,-0.113,-0.168,1.78,-7.39,-2.44,0.000000,0.000000,870.75
14.02,99445.09,44.14,157.70,10.60,-0.28,1.31,-0.020,-0.600,-0.104,2.28,-10.73,0.28,0.000000,0.000000,871.90
14.04,99452.59,44.11,157.07,13.86,0.81,-0.31,-0.149,-0.483,0.684,3.29,-15.02,-0.63,0.000000,0.000000,873.06
13.38,99337.42,44.05,166.81,11.24,0.50,-2.79,-0.352,-0.203,0.345,3.29,-9.30,-2.89,0.000000,0.000000,874.21
13.38,99338.89,44.02,166.68,10.19,0.62,-1.97,-0.188,-0.030,0.163,2.78,-9.30,-4.71,0.000000,0.000000,875.36
14.03,99441.16,44.01,158.04,8.29,0.22,-2.00,0.436,0.614,-0.256,2.78,-6.44,-4.71,0.000000,0.000000,876.51
14.26,99479.36,44.00,154.81,6.12,0.11,-1.97,0.642,0.401,-0.119,4.29,-4.05,-2.89,0.000000,0.000000,877.67
14.06,99442.79,43.97,157.90,6.52,-0.45,-1.35,0.750,0.131,-0.627,2.28,-5.96,-2.44,0.000000,0.000000,878.82
13.39,99341.70,43.95,166.45,8.40,0.41,-3.26,-0.092,0.431,-0.256,3.79,-7.39,-2.89,0.000000,0.000000,879.97
13.22,99311.03,43.82,169.04,7.90,1.12,-0.33,0.139,-0.655,0.098,4.79,-7.87,-0.63,0.000000,0.000000,881.13
13.13,99303.20,43.66,169.70,8.95,1.73,1.37,0.880,-0.522,-0.100,4.79,-9.30,-1.54,0.000000,0.000000,882.28
13.52,99354.42,43.62,165.37,5.52,1.60,-0.26,0.115,-0.731,0.007,4.79,-4.05,-1.08,0.000000,0.000000,883.43
13.84,99408.86,43.62,160.77,8.52,1.84,0.63,0.389,-0.766,0.337,4.29,-8.82,-0.18,0.000000,0.000000,884.58
13.69,99390.66,43.64,162.31,8.04,2.33,1.50,-0.371,0.804,0.614,5.80,-6.92,-1.54,0.000000,0.000000,885.74
13.71,99388.11,43.62,162.52,13.51,2.00,-1.58,0.209,-0.167,-0.014,5.80,-12.16,-3.35,0.000000,0.000000,886.89
15.77,99716.53,43.67,134.79,11.99,0.83,0.76,0.147,-0.352,0.456,2.78,-10.73,-2.44,0.000000,0.000000,888.04
15.36,99642.44,43.67,141.04,11.83,0.50,-0.28,-0.041,-0.047,0.225,2.78,-10.25,-1.08,0.000000,0.000000,889.20
15.12,99611.13,43.74,143.68,10.33,0.30,-0.17,0.097,-0.082,0.153,2.78,-9.78,-1.99,0.000000,0.000000,890.35
14.10,99448.45,43.72,157.42,9.37,-0.14,-1.89,-0.066,-0.105,-0.018,2.78,-7.39,-4.71,0.000000,0.000000,891.51
14.33,99484.14,43.75,154.40,7.10,-0.12,-1.28,-0.214,0.020,0.135,2.78,-5.01,-1.99,0.000000,0.000000,892.66
14.63,99525.67,43.77,150.90,7.99,-1.10,-1.54,0.078,-0.137,0.053,1.27,-7.39,-1.54,0.000000,0.000000,893.81
14.56,99521.82,43.82,151.22,7.98,-1.24,-2.00,-0.473,0.092,0.253,1.27,-6.44,-6.06,0.000000,0.000000,894.96
15.25,99621.50,43.86,142.80,7.27,-0.25,-1.62,-0.878,0.275,0.057,2.28,-6.44,-1.08,0.000000,0.000000,896.12
14.76,99545.45,43.88,149.22,6.18,-0.59,-0.46,-0.292,0.123,0.031,2.28,-7.87,-1.54,0.000000,0.000000,897.27
15.95,99736.64,43.91,133.09,6.18,-0.24,-0.61,-0.633,0.466,0.283,2.78,-4.05,-0.18,0.000000,0.000000,898.42
14.05,99442.08,43.87,157.96,6.05,-0.10,0.04,-0.364,0.283,-0.141,2.78,-4.05,-0.18,0.000000,0.000000,899.57
15.23,99623.25,43.87,142.66,4.59,-0.45,-1.74,-1.018,0.074,0.022,2.28,-3.58,-2.44,0.000000,0.000000,900.73
14.44,99499.98,43.84,153.07,5.83,0.37,-0.03,-0.365,-0.368,0.302,2.28,-4.53,-0.18,0.000000,0.000000,901.88
14.50,99513.52,43.86,151.92,7.25,-0.06,-0.28,-0.059,-0.071,-0.089,2.28,-6.92,-0.18,0.000000,0.000000,903.03
14.22,99465.88,43.80,155.95,7.45,-1.09,0.20,0.046,0.095,0.321,0.77,-5.48,-3.80,0.000000,0.000000,904.18
14.79,99557.55,43.78,148.20,11.70,0.65,2.23,0.340,-0.383,0.058,3.79,-11.21,1.18,0.000000,0.000000,905.34
14.90,99567.42,43.78,147.37,13.84,3.03,1.41,0.088,-0.328,-0.622,5.80,-15.02,-1.54,0.000000,0.000000,906.49
14.22,99463.57,43.78,156.14,11.33,1.55,2.63,-0.413,0.327,-0.067,4.29,-10.73,1.63,0.000000,0.000000,907.65
14.28,99469.42,43.76,155.65,10.07,-0.91,0.52,-0.274,-0.341,0.202,1.78,-11.68,-1.54,0.000000,0.000000,908.80
14.39,99493.22,43.76,153.64,10.14,0.60,0.90,-0.208,-0.383,0.594,3.79,-9.30,-2.89,0.000000,0.000000,909.95
14.55,99505.53,43.81,152.60,7.80,-0.41,1.03,-0.063,0.260,0.281,2.28,-7.39,-0.63,0.000000,0.000000,911.10
15.07,99593.41,43.77,145.17,9.64,0.75,1.75,-0.005,-0.127,-0.351,3.29,-10.73,-1.08,0.000000,0.000000,912.26
14.67,99530.62,43.78,150.48,10.95,0.63,1.73,-0.050,-0.965,-0.097,3.79,-9.30,0.73,0.000000,0.000000,913.41
15.26,99623.71,43.79,142.62,12.44,0.97,1.63,-0.510,-0.208,1.162,4.79,-12.64,0.28,0.000000,0.000000,914.56
14.19,99447.77,43.77,157.48,12.95,0.63,2.08,-0.218,-0.299,0.106,3.79,-14.54,2.09,0.000000,0.000000,915.72
14.82,99551.98,43.80,148.67,15.32,1.02,0.04,-0.026,-0.315,-0.187,5.30,-13.59,-1.99,0.000000,0.000000,916.87
15.36,99631.68,43.81,141.94,10.71,2.37,-3.67,-0.569,0.310,0.726,4.79,-10.73,-5.61,0.000000,0.000000,918.02
15.16,99599.49,43.83,144.66,13.29,1.29,-2.84,-0.912,0.140,0.486,3.79,-10.25,-4.71,0.000000,0.000000,919.18
15.19,99601.48,43.84,144.49,11.68,1.79,-1.51,-0.430,-0.117,-0.163,4.29,-10.73,-2.44,0.000000,0.000000,920.33
14.35,99467.23,43.84,155.83,9.74,0.37,-1.75,0.003,-0.270,-0.372,2.78,-10.73,-3.35,0.000000,0.000000,921.48
14.59,99502.88,43.87,152.82,9.79,1.52,-2.03,0.283,0.312,-0.097,5.30,-7.87,-3.35,0.000000,0.000000,922.63
14.86,99549.52,43.91,148.88,7.90,-0.53,-2.97,0.200,0.565,-0.281,2.28,-6.44,-3.35,0.000000,0.000000,923.79
14.31,99464.98,43.94,156.02,6.36,-0.00,-1.52,0.709,0.432,-0.166,2.28,-4.05,-4.25,0.000000,0.000000,924.94
15.05,99578.22,43.94,146.46,7.21,0.31,-1.75,0.172,0.566,-0.149,4.29,-6.44,-1.99,0.000000,0.000000,926.09
14.97,99570.27,43.96,147.13,5.65,1.65,-2.65,0.030,0.425,-0.066,4.29,-5.48,-4.25,0.000000,0.000000,927.24
14.07,99423.13,43.98,159.56,9.58,1.75,-1.70,0.325,-0.294,0.020,4.79,-7.87,-2.44,0.000000,0.000000,928.40
13.55,99346.83,43.98,166.01,10.72,1.52,-1.28,0.059,-0.342,-0.178,5.30,-9.78,-3.35,0.000000,0.000000,929.55
14.18,99439.73,44.01,158.16,12.61,2.36,-2.21,-0.462,0.304,0.201,5.30,-15.98,-4.71,0.000000,0.000000,930.71
13.70,99366.61,44.03,164.34,13.11,1.47,-1.68,-0.481,-0.253,0.043,4.29,-12.16,-2.44,0.000000,0.000000,931.86
14.07,99419.47,44.05,159.87,13.55,1.10,-1.86,-0.167,-0.226,-0.047,4.29,-13.59,-4.25,0.000000,0.000000,933.01
12.88,99234.88,44.05,175.49,12.16,1.01,-1.48,-0.156,-0.257,0.163,3.79,-11.21,-6.52,0.000000,0.000000,934.17
14.26,99444.94,44.08,157.72,12.32,2.27,-0.55,-0.622,-0.172,-0.063,5.80,-11.21,-3.35,0.000000,0.000000,935.32
13.59,99340.90,44.10,166.52,10.01,1.66,-1.26,0.337,0.031,0.069,4.29,-10.73,-1.99,0.000000,0.000000,936.47
13.85,99382.73,44.12,162.98,6.89,1.27,-1.38,0.366,0.301,0.036,4.29,-5.01,-1.54,0.000000,0.000000,937.62
14.40,99467.91,44.13,155.78,8.75,1.65,-1.59,-0.073,-0.486,0.190,4.29,-8.35,-1.08,0.000000,0.000000,938.78
13.84,99383.94,44.14,162.87,9.91,3.72,1.10,-0.249,-0.477,0.141,6.80,-8.82,0.73,0.000000,0.000000,939.93
14.26,99449.84,44.14,157.30,12.30,2.95,-1.04,0.195,0.166,-0.167,5.80,-11.68,-3.35,0.000000,0.000000,941.08
14.23,99444.23,44.14,157.78,13.23,2.30,-0.06,0.546,0.318,0.267,4.29,-13.11,-3.35,0.000000,0.000000,942.23
13.54,99323.60,44.10,167.98,13.50,0.92,-2.69,-1.047,0.500,1.048,4.29,-11.68,-4.25,0.000000,0.000000,943.39
14.61,99496.95,44.13,153.32,11.93,1.03,-2.75,0.038,-0.203,0.063,2.78,-11.68,-3.80,0.000000,0.000000,944.54
14.39,99463.36,44.11,156.16,12.21,0.11,-3.19,-0.254,0.341,0.091,2.78,-10.73,-6.06,0.000000,0.000000,945.69
13.76,99365.82,44.06,164.41,11.94,-0.11,-3.39,0.262,-0.198,0.190,2.78,-10.73,-2.89,0.000000,0.000000,946.85
14.91,99544.81,43.98,149.28,11.69,0.86,-3.60,0.018,-0.048,-0.127,3.29,-9.78,-6.97,0.000000,0.000000,948.00
14.74,99517.27,43.88,151.60,11.01,1.28,-4.08,-0.047,-0.100,-0.006,3.79,-8.82,-5.16,0.000000,0.000000,949.15
14.24,99443.69,43.77,157.82,12.16,1.75,-3.06,0.027,0.287,-0.156,4.79,-11.68,-4.71,0.000000,0.000000,950.31
14.94,99546.63,43.69,149.12,13.22,1.04,-5.39,-0.532,0.227,-0.146,3.79,-10.73,-9.23,0.000000,0.000000,951.46
14.56,99488.80,43.63,154.01,13.41,2.79,-2.29,-0.085,0.011,-0.149,5.80,-12.16,-3.80,0.000000,0.000000,952.61
14.16,99426.73,43.60,159.26,15.21,2.24,0.15,-0.479,0.691,0.364,4.79,-15.50,-2.44,0.000000,0.000000,953.76
14.18,99431.34,43.59,158.87,11.87,3.56,-0.48,-0.353,0.117,0.123,6.80,-10.25,-0.18,0.000000,0.000000,954.92
15.47,99628.78,43.61,142.19,7.74,1.78,-1.16,0.296,0.068,0.126,4.79,-6.92,-0.63,0.000000,0.000000,956.07
14.63,99499.70,43.62,153.09,6.97,1.60,-1.98,0.141,0.166,-0.054,3.79,-5.01,-5.61,0.000000,0.000000,957.22
14.17,99419.71,43.58,159.85,6.20,1.14,-1.28,0.298,0.467,0.278,4.79,-5.01,-1.08,0.000000,0.000000,958.37
14.90,99539.72,43.58,149.71,5.54,0.47,-1.52,0.692,0.197,-0.075,2.78,-5.96,-1.99,0.000000,0.000000,959.53
14.54,99479.19,43.55,154.82,5.87,0.24,-2.10,0.337,0.461,0.005,3.29,-3.58,-1.99,0.000000,0.000000,960.68
14.26,99436.77,43.53,158.41,5.90,0.49,-3.11,0.562,-0.231,0.029,3.79,-6.44,-2.89,0.000000,0.000000,961.83
15.03,99616.95,43.53,143.19,9.28,0.96,-1.09,0.294,-0.070,-0.018,3.79,-7.87,-3.80,0.000000,0.000000,962.99
15.18,99585.52,43.52,145.84,10.39,0.92,-2.03,0.290,0.272,-0.298,4.29,-8.35,-2.44,0.000000,0.000000,964.14
14.72,99514.29,43.50,151.86,0.00,11.51,-1.52,-0.578,0.235,0.294,13.34,1.19,-3.35,0.000000,0.000000,965.29
17.08,99880.28,43.57,120.98,2.20,13.26,-0.27,0.061,0.025,-0.068,16.35,-0.24,0.28,0.000000,0.000000,966.45
16.86,99851.27,43.60,123.43,1.87,14.43,-0.51,-0.627,-0.474,-0.308,17.36,-0.72,-1.08,0.000000,0.000000,967.60
17.05,99879.13,43.69,121.08,1.36,13.69,0.83,-0.423,-0.444,-0.220,17.36,-0.24,-0.63,0.000000,0.000000,968.76
15.37,99620.30,43.68,142.90,2.33,11.61,1.11,-0.019,-0.738,-0.339,15.35,-1.67,1.18,0.000000,0.000000,969.91
15.81,99683.61,43.74,137.56,1.35,8.99,1.28,0.149,-0.357,0.016,12.33,-1.19,1.18,0.000000,0.000000,971.06
16.04,99718.38,43.76,134.63,1.68,9.81,1.87,-0.220,-0.527,-0.252,12.33,-0.72,2.09,0.000000,0.000000,972.21
21.11,100510.20,43.88,68.06,1.51,6.86,0.73,0.404,-0.505,-0.334,9.32,-0.72,1.18,0.000000,0.000000,973.36
15.78,99678.30,43.82,138.01,1.13,5.73,0.25,0.475,-0.487,-0.133,8.31,-0.24,1.63,0.000000,0.000000,974.52
15.88,99692.53,43.85,136.81,-0.35,5.35,-1.11,-0.229,-0.309,-0.145,7.81,2.15,-0.18,0.000000,0.000000,975.67
14.98,99555.16,43.86,148.40,0.27,6.46,-1.41,-0.025,-0.252,-0.213,8.81,0.71,-1.54,0.000000,0.000000,976.82
19.01,100189.02,43.98,95.01,0.70,8.25,-0.68,-0.338,-0.510,-0.299,9.32,1.67,-2.44,0.000000,0.000000,977.98
20.77,100463.05,44.03,72.01,1.08,9.45,-0.39,-0.558,-0.558,-0.285,11.83,2.15,-0.63,0.000000,0.000000,979.13
20.67,100444.70,44.06,73.55,0.33,11.53,-0.36,0.017,-0.148,-0.239,11.83,0.71,-1.99,0.000000,0.000000,980.28
17.40,99929.66,44.04,116.82,0.41,12.91,-0.44,-0.321,0.223,0.013,15.85,2.62,-0.18,0.000000,0.000000,981.44
17.85,100006.45,44.07,110.36,-0.83,13.19,-0.63,0.293,0.229,0.031,15.35,1.67,0.28,0.000000,0.000000,982.59
15.28,99592.56,44.06,145.25,0.58,15.71,0.17,-0.340,0.571,0.334,18.36,1.19,0.73,0.000000,0.000000,983.74
14.51,99473.81,44.03,155.28,0.44,14.75,-0.17,0.047,0.442,-0.018,18.87,2.15,-0.18,0.000000,0.000000,984.89
14.83,99513.86,44.05,151.89,-0.43,10.84,-0.51,0.338,0.600,-0.206,14.34,-0.72,-0.63,0.000000,0.000000,986.05
15.93,99687.48,44.11,137.24,-1.09,7.90,-0.69,0.405,1.216,0.382,11.83,3.10,0.73,0.000000,0.000000,987.20
15.88,99679.26,44.09,137.93,-0.56,4.96,-1.09,0.383,0.517,0.167,7.31,1.19,-1.08,0.000000,0.000000,988.35
14.28,99433.71,44.11,158.67,-0.11,4.75,-1.22,0.241,0.354,0.298,7.31,2.15,-3.35,0.000000,0.000000,989.50
15.60,99654.27,44.15,140.04,-0.24,6.30,-1.09,-0.473,0.597,0.282,9.82,2.15,-1.08,0.000000,0.000000,990.66
15.09,99562.25,44.17,147.81,0.98,8.48,-1.69,-0.435,0.379,-0.119,10.82,1.19,-3.80,0.000000,0.000000,991.81
15.37,99607.20,44.22,144.01,1.18,9.35,-2.21,-0.260,0.256,0.063,12.33,0.71,-0.18,0.000000,0.000000,992.96
15.51,99627.23,44.21,142.32,0.93,12.65,-0.24,0.166,-0.239,0.111,15.85,-1.19,0.28,0.000000,0.000000,994.12
15.84,99681.65,44.22,137.73,0.44,13.87,-0.13,-0.223,-0.267,-0.134,17.36,1.67,0.73,0.000000,0.000000,995.27
14.48,99461.77,44.19,156.29,2.59,13.61,0.98,-0.386,-0.242,-0.781,16.35,-2.15,0.28,0.000000,0.000000,996.43
14.79,99512.85,44.20,151.98,2.57,13.23,2.11,0.247,-0.414,-0.193,16.86,-1.67,1.18,0.000000,0.000000,997.58
14.83,99512.14,44.20,152.04,1.32,10.88,2.00,0.829,-0.329,-0.076,14.34,-0.24,2.09,0.000000,0.000000,998.73
15.10,99557.56,44.22,148.20,1.64,9.68,1.95,0.771,-1.226,-0.279,13.34,-0.72,-1.08,0.000000,0.000000,999.88
16.87,99834.61,44.23,124.83,1.20,7.97,0.85,0.463,-0.713,-0.286,11.83,2.15,2.54,0.000000,0.000000,1001.03
15.80,99670.19,44.21,138.69,1.34,6.35,0.67,0.119,-0.798,-0.561,8.31,-2.15,1.18,0.000000,0.000000,1002.19
16.32,99746.08,44.24,132.29,0.18,5.39,-0.19,0.325,0.039,-0.059,8.31,1.67,-2.44,0.000000,0.000000,1003.34
16.24,99733.69,44.24,133.34,0.07,5.55,-0.56,0.718,-0.508,-0.316,7.81,0.71,0.73,0.000000,0.000000,1004.49
14.93,99525.59,44.25,150.90,4.71,5.65,0.76,-0.692,-0.105,1.488,8.81,-3.10,1.63,0.000000,0.000000,1005.65
14.52,99460.53,44.24,156.40,6.93,-0.52,-1.18,-0.460,-0.596,0.156,3.29,-5.48,0.28,0.000000,0.000000,1006.80
14.70,99486.20,44.23,154.23,8.38,-0.54,-3.59,-0.545,-0.001,0.088,2.28,-8.35,-5.16,0.000000,0.000000,1007.95
14.75,99493.35,44.20,153.63,8.31,-1.63,-2.88,-1.071,0.601,0.675,1.78,-7.39,-3.80,0.000000,0.000000,1009.11
14.33,99423.23,44.11,159.55,9.73,0.43,-4.23,0.401,-0.117,0.548,3.29,-9.30,-4.71,0.000000,0.000000,1010.26
14.81,99502.88,44.04,152.82,11.87,0.36,-3.54,-0.092,0.093,0.293,2.28,-9.78,-6.06,0.000000,0.000000,1011.42
14.54,99465.80,43.96,155.95,11.29,-0.05,-3.39,0.383,0.189,0.119,2.28,-9.30,-4.71,0.000000,0.000000,1012.57
14.74,99492.03,43.84,153.74,12.25,0.58,-2.60,0.154,-0.056,0.011,2.78,-10.25,-4.25,0.000000,0.000000,1013.72
15.02,99536.09,43.72,150.01,12.40,0.85,-2.52,0.427,0.031,-0.170,3.79,-10.25,-4.71,0.000000,0.000000,1014.87
15.40,99593.88,43.65,145.14,11.79,0.63,-2.50,0.292,-0.047,0.008,3.29,-13.59,-4.71,0.000000,0.000000,1016.03
14.61,99475.02,43.59,155.17,11.31,-0.18,-3.28,0.124,-0.293,-0.214,2.28,-9.30,-2.89,0.000000,0.000000,1017.18
13.92,99356.52,43.49,165.19,11.20,0.16,-3.57,0.005,-0.005,0.102,2.78,-11.21,-5.16,0.000000,0.000000,1018.33
14.25,99410.38,43.41,160.64,10.06,0.60,-2.69,0.047,-0.041,-0.191,3.29,-8.82,-3.35,0.000000,0.000000,1019.48
14.33,99425.14,43.34,159.39,9.13,0.55,-2.06,-0.161,-0.128,-0.032,3.79,-6.92,-2.44,0.000000,0.000000,1020.64
14.35,99430.71,43.30,158.92,8.61,0.68,-2.67,-0.046,0.023,-0.049,3.29,-6.92,-5.16,0.000000,0.000000,1021.79
14.69,99480.56,43.25,154.71,8.69,0.19,-1.82,-0.197,0.569,0.283,2.78,-7.87,-1.54,0.000000,0.000000,1022.94
14.97,99524.38,43.23,151.00,7.65,0.09,-2.25,-0.547,0.019,0.074,2.78,-8.82,-4.25,0.000000,0.000000,1024.09
14.40,99441.34,43.21,158.02,10.64,-0.15,-2.58,-0.249,0.064,0.286,3.79,-8.82,-3.35,0.000000,0.000000,1025.25
14.68,99472.38,43.19,155.40,10.32,0.27,-3.81,-0.144,-0.104,0.276,2.28,-10.73,-5.61,0.000000,0.000000,1026.40
14.31,99418.30,43.10,159.97,11.90,0.15,-4.54,0.052,0.141,0.294,3.29,-8.82,-6.06,0.000000,0.000000,1027.55
13.90,99349.45,43.04,165.79,12.35,-0.31,-3.64,0.494,0.188,0.108,1.78,-12.16,-4.71,0.000000,0.000000,1028.71
13.86,99352.34,42.99,165.55,13.79,0.24,-1.80,0.155,0.269,-0.061,3.29,-12.64,-4.25,0.000000,0.000000,1029.86
18.08,100001.88,43.00,110.75,9.09,9.53,3.17,-0.825,0.260,-0.524,12.84,-8.35,2.09,0.000000,0.000000,1031.01
17.83,99967.66,43.00,113.63,4.84,10.00,2.20,-0.020,0.511,-0.324,12.84,-3.58,0.73,0.000000,0.000000,1032.17
18.56,100085.81,43.01,103.69,3.29,8.99,1.60,-0.364,0.665,0.019,11.83,-1.67,1.18,0.000000,0.000000,1033.32
17.89,99981.85,43.03,112.43,3.51,8.38,1.14,0.198,0.817,-0.056,10.82,-4.53,-0.18,0.000000,0.000000,1034.47
17.96,99990.33,43.04,111.72,2.65,9.29,1.52,0.062,0.769,-0.424,12.84,-0.72,1.63,0.000000,0.000000,1035.62
18.21,100030.67,43.06,108.32,2.89,9.11,2.60,0.099,0.361,-0.305,11.33,-2.15,1.63,0.000000,0.000000,1036.78
17.89,99980.42,43.06,112.55,1.87,9.56,3.16,0.344,0.936,-0.177,12.33,-0.72,4.35,0.000000,0.000000,1037.93
18.52,100079.05,43.09,104.25,0.62,10.01,3.33,0.825,1.031,-0.399,13.34,-0.24,2.54,0.000000,0.000000,1039.08
18.86,100130.95,43.12,99.89,1.92,10.04,3.52,-0.310,0.974,0.486,12.84,-0.24,2.09,0.000000,0.000000,1040.24
18.99,100157.39,43.19,97.67,2.06,6.31,1.80,-0.466,-0.186,0.166,9.32,0.24,1.63,0.000000,0.000000,1041.39
17.59,99928.30,43.19,116.94,4.63,8.96,4.97,-1.169,-0.540,-0.126,11.83,-5.01,3.44,0.000000,0.000000,1042.54
14.07,99376.56,43.19,163.50,8.02,-1.90,9.86,-0.260,0.619,0.202,0.77,-6.92,8.42,0.000000,0.000000,1043.69
19.64,100255.69,43.23,89.41,3.12,-10.11,8.94,0.386,-0.408,-1.456,-9.78,-3.58,7.52,0.000000,0.000000,1044.85
19.65,100255.06,43.18,89.46,2.35,-4.21,1.59,-1.002,0.998,0.136,-2.75,-0.72,1.18,0.000000,0.000000,1046.00
21.18,100495.58,43.17,69.28,2.35,-4.00,4.07,-2.051,0.508,0.524,-3.75,-0.72,3.44,0.000000,0.000000,1047.15
20.72,100419.08,43.10,75.70,2.95,-5.99,-0.02,0.338,-0.017,-0.806,-5.26,-0.24,-3.35,0.000000,0.000000,1048.31
20.13,100327.33,43.03,83.40,4.27,-8.34,1.86,-0.409,0.083,-0.324,-7.27,-2.15,0.28,0.000000,0.000000,1049.46
20.65,100409.20,42.99,76.53,3.49,-10.14,1.63,0.539,-0.255,0.195,-8.78,-2.15,-0.63,0.000000,0.000000,1050.61
20.62,100406.67,42.83,76.74,4.77,-9.55,2.54,-0.003,-0.414,-0.284,-7.77,-2.62,1.18,0.000000,0.000000,1051.77
20.53,100391.42,42.79,78.02,4.40,-10.13,4.82,-0.905,-0.325,0.801,-9.28,-2.62,4.35,0.000000,0.000000,1052.92
21.61,100559.61,42.64,63.92,5.20,-11.08,3.92,-1.046,0.120,0.638,-9.28,-3.10,2.09,0.000000,0.000000,1054.07
22.04,100624.63,42.48,58.47,3.89,-12.36,3.23,-0.091,-0.565,0.344,-10.79,-1.67,2.09,0.000000,0.000000,1055.23
21.66,100564.92,42.32,63.47,4.11,-11.60,3.68,0.176,-0.620,-0.018,-10.29,-3.58,0.73,0.000000,0.000000,1056.38
21.24,100503.66,42.26,68.61,3.65,-10.48,3.90,-0.207,-0.241,-0.011,-9.28,-1.67,3.44,0.000000,0.000000,1057.53
21.41,100526.27,42.18,66.71,3.14,-9.54,3.51,0.402,-0.046,-0.163,-8.27,-1.67,2.54,0.000000,0.000000,1058.68
21.53,100545.57,42.15,65.10,3.17,-9.49,4.88,0.073,-0.256,0.168,-8.78,-1.19,2.99,0.000000,0.000000,1059.84
21.53,100544.18,42.19,65.21,3.08,-9.28,3.47,0.370,-0.466,0.054,-8.27,-1.67,2.54,0.000000,0.000000,1060.99
22.13,100640.88,42.18,57.11,3.05,-7.40,3.30,0.510,-0.460,-0.003,-6.77,-3.10,1.18,0.000000,0.000000,1062.14
22.25,100662.00,42.21,55.35,2.69,-7.24,2.50,-0.181,-0.112,-0.127,-6.26,-0.72,1.63,0.000000,0.000000,1063.30
21.43,100530.90,42.22,66.33,2.55,-6.01,3.17,-0.536,0.081,-0.224,-5.26,-1.19,1.63,0.000000,0.000000,1064.45
21.50,100538.63,42.25,65.68,2.36,-8.69,2.57,-0.845,0.525,-0.634,-7.27,-0.24,-1.54,0.000000,0.000000,1065.60
21.56,100551.40,42.28,64.61,2.83,-9.05,4.29,-0.900,1.854,-0.827,-7.27,-0.72,3.90,0.000000,0.000000,1066.76
21.55,100549.80,42.33,64.74,3.65,-9.01,4.38,0.622,0.085,-0.163,-7.77,-4.05,2.54,0.000000,0.000000,1067.91
22.31,100673.06,42.39,54.42,2.64,-8.66,3.51,-0.146,0.283,-0.054,-6.77,-0.24,2.99,0.000000,0.000000,1069.06
22.16,100644.44,42.40,56.82,2.76,-8.51,3.34,0.043,-0.326,0.042,-7.27,-1.19,2.99,0.000000,0.000000,1070.21
21.84,100586.25,42.45,61.69,3.44,-8.64,3.54,0.064,-0.083,0.203,-7.27,-1.67,2.54,0.000000,0.000000,1071.37
20.83,100435.53,42.47,74.32,4.25,-8.57,3.18,-0.164,0.041,-0.172,-7.27,-3.10,2.54,0.000000,0.000000,1072.52
21.02,100461.08,42.51,72.18,4.36,-8.33,2.83,-0.054,-0.067,0.002,-7.27,-3.58,0.28,0.000000,0.000000,1073.67
20.92,100450.19,42.58,73.09,4.33,-8.38,2.77,0.048,0.063,0.097,-7.27,-2.15,1.18,0.000000,0.000000,1074.82
21.09,100475.48,42.63,70.97,4.70,-7.77,2.99,0.250,0.156,-0.026,-6.77,-4.53,1.18,0.000000,0.000000,1075.98
21.46,100526.66,42.70,66.68,4.24,-7.86,3.38,-0.040,-0.051,-0.049,-7.27,-2.15,1.18,0.000000,0.000000,1077.13
21.71,100568.98,42.77,63.13,3.80,-8.37,3.38,0.067,0.050,-0.052,-7.27,-3.10,2.99,0.000000,0.000000,1078.28
20.64,100402.33,42.79,77.10,3.86,-8.30,3.65,0.053,-0.158,0.025,-6.77,-2.15,3.44,0.000000,0.000000,1079.44
22.32,100667.64,42.87,54.87,3.27,-8.13,3.85,0.487,-0.119,0.271,-7.27,-1.19,3.44,0.000000,0.000000,1080.59
22.51,100692.52,42.96,52.79,3.91,-7.04,5.06,-0.203,-0.336,-0.123,-6.77,-3.58,2.54,0.000000,0.000000,1081.75
25.62,101187.25,43.04,11.47,3.65,-7.71,4.61,-0.019,-0.092,0.031,-6.77,-2.62,1.63,0.000000,0.000000,1082.90
25.55,101180.84,43.10,12.01,3.04,-7.78,4.70,-0.006,-0.148,0.128,-7.27,-2.15,2.99,0.000000,0.000000,1084.05
25.22,101131.34,43.16,16.14,2.02,-8.08,5.01,-0.061,-0.110,0.064,-7.27,-0.72,2.99,0.000000,0.000000,1085.20
24.93,101082.66,43.23,20.20,1.90,-8.31,4.78,-0.004,-0.105,0.017,-7.27,-0.24,4.35,0.000000,0.000000,1086.36
24.85,101070.28,43.29,21.23,2.01,-8.32,4.67,-0.031,-0.076,-0.016,-7.77,-1.67,2.09,0.000000,0.000000,1087.51
24.89,101076.00,43.35,20.75,1.89,-8.41,4.60,-0.022,-0.054,-0.001,-7.77,-0.24,3.90,0.000000,0.000000,1088.66
25.49,101166.74,43.43,13.18,2.36,-8.89,3.71,-0.191,-0.099,0.090,-8.27,-1.67,2.09,0.000000,0.000000,1089.81
26.23,101283.30,43.54,3.47,2.93,-10.31,3.78,0.373,-1.483,0.559,-9.78,-2.15,2.09,0.000000,0.000000,1092.12
26.20,101275.92,43.53,4.09,1.04,-9.68,2.41,-0.263,0.497,0.268,-9.28,0.24,0.73,0.000000,0.000000,1093.27
22.18,100643.86,43.46,56.86,1.87,-8.16,4.88,0.359,0.005,0.790,-7.27,-0.24,4.80,0.000000,0.000000,1094.42
22.18,100634.08,43.42,57.68,3.27,-8.74,7.04,0.389,-1.122,-0.543,-8.27,-2.15,2.54,0.000000,0.000000,1095.58
20.84,100418.36,43.39,75.76,6.28,-3.63,0.94,0.640,-0.516,-0.144,-2.75,-3.58,-0.18,0.000000,0.000000,1096.73
20.71,100401.28,43.37,77.19,9.25,-1.88,4.14,-0.401,-0.009,0.342,-1.74,-7.87,1.63,0.000000,0.000000,1097.89
20.81,100413.13,43.36,76.20,9.55,-0.83,1.12,0.221,-0.510,-0.161,0.27,-7.39,-1.08,0.000000,0.000000,1099.04
20.57,100376.97,43.36,79.23,9.80,-1.12,-0.37,-0.299,-0.006,-0.136,-0.74,-7.39,-1.99,0.000000,0.000000,1100.19
20.63,100382.33,43.35,78.78,9.63,-1.29,-0.42,0.035,-0.027,-0.048,-0.23,-7.39,-4.71,0.000000,0.000000,1101.35
20.13,100308.59,43.38,84.97,9.85,-1.05,-0.16,0.171,-0.103,-0.031,0.27,-6.44,-0.63,0.000000,0.000000,1102.50
19.97,100286.89,43.41,86.79,8.83,-6.18,6.77,-0.752,0.215,2.581,-5.76,-8.35,5.26,0.000000,0.000000,1103.65
21.28,100495.83,43.50,69.26,4.67,-10.28,3.62,0.922,-0.308,-0.342,-9.28,-3.10,2.54,0.000000,0.000000,1104.80
21.56,100542.16,43.53,65.38,2.99,-14.27,3.16,0.177,0.011,0.579,-13.80,-1.67,1.63,0.000000,0.000000,1105.96
22.78,100735.31,43.58,49.21,1.40,-8.73,3.31,-0.117,0.519,0.114,-7.27,0.24,1.18,0.000000,0.000000,1107.11
22.82,100740.92,43.59,48.74,2.22,-7.89,2.79,-0.288,-0.120,0.209,-7.27,-0.24,1.63,0.000000,0.000000,1108.26
21.99,100608.73,43.61,59.81,1.87,-8.18,3.62,-0.249,-0.347,0.227,-7.27,-2.62,2.09,0.000000,0.000000,1109.41
22.53,100691.91,43.63,52.84,1.47,-8.05,4.26,0.148,-0.228,0.022,-6.77,1.19,3.44,0.000000,0.000000,1110.57
23.52,100842.02,43.64,40.29,4.20,-6.31,2.31,-0.321,0.184,-0.093,-6.26,-1.67,-1.08,0.000000,0.000000,1112.88
25.09,101094.84,43.67,19.18,5.11,-6.73,3.26,-0.093,0.035,-0.096,-6.26,-5.01,1.18,0.000000,0.000000,1115.18
25.31,101130.95,43.66,16.17,2.79,-8.45,3.40,0.079,-0.014,-0.424,-7.27,-1.19,2.54,0.000000,0.000000,1116.33
24.28,100966.83,43.66,29.90,3.72,-8.10,5.41,-0.385,0.344,-0.056,-7.77,-3.58,3.90,0.000000,0.000000,1117.49
24.92,101067.89,43.66,21.43,4.30,-5.55,2.96,0.272,-0.528,0.010,-5.76,-2.62,-0.63,0.000000,0.000000,1118.64
24.47,100996.36,43.65,27.40,3.57,-7.63,3.94,0.085,-0.090,-0.291,-7.27,-2.15,2.09,0.000000,0.000000,1119.79
25.22,101117.66,43.65,17.28,4.37,-6.71,2.83,-0.317,-0.290,0.030,-5.76,-1.67,2.54,0.000000,0.000000,1122.10
19.98,100294.76,43.56,86.13,4.91,-8.42,2.87,-0.873,0.214,0.273,-7.27,-3.58,1.18,0.000000,0.000000,1123.25
15.82,99641.13,43.47,141.15,7.16,-7.12,-1.19,-0.476,0.506,0.362,-5.26,-5.01,-4.71,0.000000,0.000000,1124.40
12.90,99159.51,43.38,181.87,5.63,-6.05,-1.71,0.132,0.344,-0.051,-2.75,-3.58,-1.99,0.000000,0.000000,1125.56
12.75,99136.27,43.41,183.84,5.89,-8.60,0.23,-0.222,0.473,-0.245,-6.26,-4.53,-1.08,0.000000,0.000000,1126.71
12.59,99115.33,43.43,185.62,6.72,-7.07,0.17,-0.051,-0.114,-0.043,-4.76,-4.53,0.28,0.000000,0.000000,1127.86
12.74,99134.17,43.43,184.02,6.36,-7.37,0.22,0.038,-0.087,-0.018,-5.26,-6.44,-0.18,0.000000,0.000000,1129.02
13.10,99190.88,43.42,179.21,6.18,-7.39,0.29,0.042,-0.081,0.019,-4.76,-4.53,0.28,0.000000,0.000000,1130.17
12.70,99117.71,43.35,185.41,6.27,-7.51,0.36,-0.004,-0.119,-0.020,-5.26,-5.48,-0.18,0.000000,0.000000,1131.32
12.67,99121.04,43.30,185.13,6.43,-7.53,-0.02,-0.118,-0.163,0.039,-5.76,-5.01,-3.80,0.000000,0.000000,1132.48
12.45,99089.16,43.24,187.83,6.44,-7.30,-0.60,-0.104,-0.070,-0.083,-4.76,-5.01,-1.54,0.000000,0.000000,1133.63
14.38,99380.38,43.21,163.18,6.10,-7.77,-2.48,0.261,-0.543,0.078,-6.77,-4.05,-3.80,0.000000,0.000000,1134.78
21.78,100560.41,43.27,63.85,3.41,-9.47,0.55,-0.502,-2.029,0.718,-8.27,-1.67,-0.18,0.000000,0.000000,1135.93
20.57,100356.56,43.23,80.94,8.36,-2.28,4.26,0.971,-1.202,0.029,-0.74,-6.44,2.54,0.000000,0.000000,1138.24
20.06,100277.58,43.21,87.57,9.45,-1.84,1.98,-0.075,-0.120,-0.000,-1.24,-8.35,-0.18,0.000000,0.000000,1139.39
19.81,100237.13,43.21,90.97,9.78,-2.25,1.62,-0.329,0.049,-0.123,-1.24,-7.87,-3.80,0.000000,0.000000,1140.55
19.81,100237.05,43.26,90.98,9.50,-1.85,-0.17,1.119,0.152,-0.075,-1.24,-6.44,-4.25,0.000000,0.000000,1142.85
19.62,100204.72,43.30,93.69,9.47,-1.92,-0.99,-0.016,0.281,-0.084,-0.74,-6.44,-3.35,0.000000,0.000000,1144.01
20.43,100332.52,43.38,82.96,9.66,-1.69,0.71,-0.121,0.195,0.027,-0.23,-8.35,-1.54,0.000000,0.000000,1145.16
20.40,100337.52,43.48,82.54,9.83,-1.12,0.41,-0.062,-0.031,-0.080,0.27,-7.87,-0.63,0.000000,0.000000,1146.31
19.90,100246.81,43.53,90.16,9.58,-1.69,1.19,0.066,-0.007,0.001,-1.24,-7.87,-1.08,0.000000,0.000000,1147.46
19.96,100250.83,43.55,89.82,9.65,-1.26,1.31,-0.039,-0.041,-0.002,-0.74,-6.44,-1.99,0.000000,0.000000,1148.62
19.92,100251.86,43.52,89.73,8.95,-0.69,1.69,-1.129,0.353,-0.406,-0.23,-6.44,0.28,0.000000,0.000000,1149.77
20.96,100418.81,43.48,75.72,8.63,-3.43,2.44,-0.532,0.560,-0.858,-3.75,-6.92,-1.08,0.000000,0.000000,1150.92
22.19,100612.11,43.46,59.52,6.67,-6.33,2.48,0.176,-0.345,0.174,-4.76,-5.01,1.18,0.000000,0.000000,1152.07
22.32,100634.33,43.40,57.66,5.91,-4.47,5.75,0.342,-0.732,0.431,-5.26,-6.92,3.44,0.000000,0.000000,1153.23
20.25,100301.39,43.31,85.57,5.80,-6.41,2.62,1.937,0.354,2.746,-5.26,-4.05,1.63,0.000000,0.000000,1154.38
21.75,100541.77,43.18,65.41,3.79,-5.41,6.18,1.628,-1.757,-1.469,-5.76,-2.62,5.26,0.000000,0.000000,1155.53
20.54,100345.13,43.08,81.90,9.77,-0.74,2.06,0.016,-0.354,-0.153,-0.74,-6.92,-1.54,0.000000,0.000000,1156.69
20.71,100377.23,43.05,79.21,9.75,-0.70,1.84,0.068,0.032,0.070,-0.23,-7.39,0.28,0.000000,0.000000,1157.84
21.04,100424.73,43.00,75.22,9.58,-0.39,1.47,0.178,0.023,-0.100,-0.23,-6.44,-0.63,0.000000,0.000000,1158.99
21.01,100417.15,42.98,75.86,9.50,-0.77,2.23,-0.493,0.174,0.111,1.27,-6.92,0.73,0.000000,0.000000,1160.14
20.93,100404.30,42.95,76.94,9.63,-0.32,2.33,-0.090,-0.049,0.013,0.27,-7.87,-0.63,0.000000,0.000000,1161.30
20.56,100344.14,42.90,81.99,9.47,-0.42,2.59,0.008,-0.112,-0.049,0.77,-7.39,0.73,0.000000,0.000000,1162.45
20.64,100361.13,42.88,80.56,8.59,-6.30,3.07,-2.986,1.921,-0.341,-5.76,-7.39,1.63,0.000000,0.000000,1163.60
23.37,100792.22,42.88,44.45,7.03,-8.63,3.71,-1.439,-0.025,-0.324,-7.77,-6.44,0.73,0.000000,0.000000,1164.76
17.41,99862.57,42.82,122.47,9.66,-5.54,2.47,-0.805,-0.439,-1.147,-4.25,-7.87,0.73,0.000000,0.000000,1165.91
20.68,100366.22,42.78,80.13,8.68,-4.76,-0.15,-0.089,-0.283,-0.464,-3.75,-7.87,-1.54,0.000000,0.000000,1167.07
15.77,99597.78,42.65,144.81,7.85,-3.67,1.79,0.072,-0.238,-0.015,-1.24,-5.48,2.09,0.000000,0.000000,1168.22
20.94,100404.69,42.66,76.91,6.81,-3.60,1.66,0.038,-0.076,-0.185,-2.75,-6.92,-1.08,0.000000,0.000000,1169.37
17.57,99878.88,42.59,121.10,7.06,-3.20,1.15,0.363,-0.639,-0.186,-1.74,-5.48,-0.63,0.000000,0.000000,1170.52
23.65,100833.49,42.64,41.00,6.96,-3.09,0.89,0.325,-0.483,-0.043,-3.25,-6.44,-0.63,0.000000,0.000000,1171.68
23.87,100872.30,42.63,37.76,6.77,-2.76,0.78,0.060,-0.593,0.122,-2.24,-5.48,-1.54,0.000000,0.000000,1173.98
24.51,100972.80,42.65,29.36,7.27,-3.10,1.43,0.133,-0.799,0.115,-2.75,-5.48,-3.80,0.000000,0.000000,1175.13
24.49,100967.44,42.63,29.81,6.52,-4.10,1.58,-0.023,-0.617,0.358,-3.25,-5.01,-0.18,0.000000,0.000000,1176.29
23.92,100880.80,42.67,37.05,6.39,-6.30,-0.50,-0.171,0.384,0.110,-5.76,-3.10,-0.18,0.000000,0.000000,1178.59
21.62,100517.06,42.64,67.48,7.43,-10.27,-0.98,0.407,-0.228,0.643,-8.78,-5.48,-2.44,0.000000,0.000000,1180.90
17.73,99903.32,42.58,119.04,11.59,-7.47,-1.89,0.166,-0.611,0.173,-6.26,-10.25,-9.23,0.000000,0.000000,1183.21
17.32,99825.31,42.55,125.61,12.02,-7.22,-1.44,0.340,-0.264,-0.176,-6.26,-9.78,-4.25,0.000000,0.000000,1184.36
17.38,99837.07,42.57,124.62,11.64,-7.01,-0.07,0.689,0.003,-0.127,-5.26,-10.25,-3.80,0.000000,0.000000,1185.51
17.67,99881.87,42.58,120.85,11.82,-5.70,0.06,0.650,-0.218,-0.287,-3.25,-10.73,-1.99,0.000000,0.000000,1186.87
18.73,100051.27,42.61,106.59,10.68,-6.28,0.50,0.210,0.286,-0.129,-5.26,-8.35,-0.63,0.000000,0.000000,1188.97
19.28,100137.23,42.64,99.36,9.07,-5.30,-0.51,0.344,0.164,-0.076,-3.75,-7.87,-2.89,0.000000,0.000000,1190.12
19.30,100139.08,42.65,99.21,8.46,-5.14,-0.08,0.058,-0.117,0.116,-3.25,-6.44,-1.08,0.000000,0.000000,1191.28
18.78,100055.28,42.68,106.25,8.23,-4.33,0.52,0.195,-0.136,0.229,-3.75,-7.87,-1.99,0.000000,0.000000,1192.43
18.97,100083.61,42.70,103.87,7.20,-4.21,-0.09,0.030,0.090,0.259,-2.75,-5.01,-5.61,0.000000,0.000000,1193.58
18.72,100050.23,42.71,106.68,5.53,-4.11,0.38,-0.306,0.397,0.349,-3.75,-4.53,-0.18,0.000000,0.000000,1194.74
19.37,100147.44,42.75,98.50,5.69,-3.81,-0.31,-0.103,0.187,0.378,-2.75,-4.05,-4.25,0.000000,0.000000,1195.89
20.02,100255.02,42.77,89.47,5.06,-3.74,-0.49,-0.185,0.849,0.396,-3.25,-2.15,-2.44,0.000000,0.000000,1197.04
20.37,100308.70,42.79,84.96,5.48,-4.14,-1.14,-0.426,0.671,0.917,-2.75,-6.44,-4.25,0.000000,0.000000,1198.19
21.75,100522.88,42.87,67.00,6.34,-6.16,-1.31,0.166,1.040,0.563,-6.26,-4.53,-3.80,0.000000,0.000000,1200.50
22.37,100620.31,42.90,58.84,6.46,-6.26,-2.90,0.050,0.167,0.111,-5.76,-3.10,-3.80,0.000000,0.000000,1201.65
22.29,100614.06,42.94,59.36,5.35,-7.27,-2.65,0.085,0.003,-0.388,-6.77,-3.58,-4.71,0.000000,0.000000,1202.81
22.37,100621.09,42.95,58.77,7.05,-9.19,-2.25,-0.541,-1.030,0.066,-8.78,-5.01,-3.35,0.000000,0.000000,1203.96
22.28,100613.41,42.94,59.93,9.65,-10.24,0.04,-0.455,-0.146,0.110,-10.29,-8.82,-3.35,0.000000,0.000000,1205.11
19.92,100230.69,42.96,91.51,10.77,-10.86,-1.04,-0.000,-0.121,-0.269,-8.78,-8.82,-5.16,0.000000,0.000000,1206.27
18.84,100061.88,42.96,105.70,10.75,-10.66,-0.61,0.165,-0.457,-0.390,-8.27,-8.82,-1.99,0.000000,0.000000,1207.42
18.86,100062.98,42.98,105.61,8.23,-7.48,1.68,-0.229,-0.262,-0.153,-6.77,-6.92,-1.08,0.000000,0.000000,1208.57
19.16,100108.68,43.03,101.76,8.37,-9.34,1.87,-0.507,0.449,-0.199,-8.27,-6.44,-0.18,0.000000,0.000000,1209.73
21.05,100411.75,43.13,76.31,5.57,-6.29,1.16,0.026,-0.239,-0.106,-5.26,-5.01,0.73,0.000000,0.000000,1213.18
20.84,100371.42,43.14,79.70,5.86,-5.07,1.40,0.064,-0.341,-0.140,-3.75,-3.10,1.63,0.000000,0.000000,1214.34
20.61,100339.27,43.16,82.39,5.70,-5.13,1.31,-0.035,-0.565,-0.124,-4.76,-5.01,-1.08,0.000000,0.000000,1215.49
20.91,100385.55,43.18,78.51,4.71,-5.07,1.76,-0.025,-0.482,0.095,-4.25,-2.62,-1.99,0.000000,0.000000,1216.64
20.90,100383.41,43.17,78.69,4.42,-5.21,1.98,-0.086,-0.761,0.265,-4.76,-2.62,1.18,0.000000,0.000000,1217.79
20.96,100393.67,43.19,77.83,4.76,-6.91,2.49,-0.305,-0.232,0.455,-6.26,-3.10,-1.08,0.000000,0.000000,1218.95
21.98,100553.17,43.19,64.46,3.39,-7.51,1.93,-0.204,0.197,0.234,-5.26,-2.15,1.18,0.000000,0.000000,1220.10
22.11,100575.58,43.19,62.58,2.84,-9.49,1.24,-0.365,0.055,-0.499,-8.78,-3.10,-0.63,0.000000,0.000000,1221.25
21.82,100526.18,43.18,66.72,4.61,-10.03,1.36,-0.168,0.039,0.096,-8.78,-2.15,0.28,0.000000,0.000000,1222.41
21.84,100525.63,43.13,66.36,7.58,-9.67,3.08,0.405,0.277,-0.022,-8.78,-7.39,0.28,0.000000,0.000000,1223.56
22.16,100583.88,43.13,61.89,6.92,-10.05,2.54,0.446,-0.054,-0.237,-7.77,-5.01,2.09,0.000000,0.000000,1224.71
22.21,100587.34,43.08,61.60,7.40,-8.48,1.22,0.494,0.002,-0.131,-7.27,-6.92,-1.08,0.000000,0.000000,1225.87
23.44,100784.65,43.08,45.09,6.26,-7.61,1.76,0.162,-0.087,-0.076,-5.76,-4.05,-0.18,0.000000,0.000000,1227.02
23.44,100780.45,43.03,45.44,5.40,-6.27,1.65,0.353,-0.170,0.560,-5.26,-4.05,-0.63,0.000000,0.000000,1228.17
23.01,100712.63,42.99,51.11,4.39,-5.49,2.33,-0.290,0.738,0.220,-5.26,-2.15,-1.08,0.000000,0.000000,1229.32
22.43,100622.63,42.95,58.64,3.33,-5.12,1.77,-0.181,1.292,0.404,-4.25,-1.19,-0.18,0.000000,0.000000,1230.48
23.66,100819.21,42.93,42.20,3.97,-5.35,-0.01,0.645,0.552,1.174,-5.26,-2.15,-2.89,0.000000,0.000000,1231.63
23.71,100823.94,42.90,41.80,1.95,-6.85,1.82,-0.295,0.692,-0.491,-6.26,0.24,0.73,0.000000,0.000000,1232.78
22.75,100672.61,42.87,54.46,1.71,-8.78,0.97,-0.805,1.829,-0.203,-7.77,0.24,-1.99,0.000000,0.000000,1233.94
23.26,100750.55,42.83,47.94,0.90,-8.18,3.68,0.111,1.351,-0.968,-7.27,1.19,3.44,0.000000,0.000000,1235.09
23.51,100790.67,42.82,44.58,5.42,-5.28,1.42,0.186,-0.559,-1.103,-5.26,-4.53,-1.08,0.000000,0.000000,1236.24
17.58,99853.55,42.70,123.24,9.76,0.68,1.78,-0.460,-0.129,-0.475,1.27,-6.92,0.28,0.000000,0.000000,1237.39
19.34,100124.91,42.72,100.40,9.33,-2.06,-0.85,1.777,-0.339,-0.557,-1.24,-6.92,-2.89,0.000000,0.000000,1238.55
19.66,100173.48,42.70,96.32,8.27,2.71,5.12,0.276,0.776,-1.454,4.29,-5.48,3.44,0.000000,0.000000,1239.70
15.04,99441.66,42.60,157.99,6.21,-0.79,7.74,-1.002,-0.400,-0.300,1.78,-6.44,5.71,0.000000,0.000000,1242.01
14.85,99414.63,42.59,160.28,8.26,-2.62,5.33,0.084,-0.394,-0.365,-0.74,-8.82,5.26,0.000000,0.000000,1243.16
14.71,99380.67,42.55,163.15,9.76,-0.83,2.77,0.344,-0.215,-0.117,1.78,-8.82,0.73,0.000000,0.000000,1244.31
14.93,99416.47,42.56,160.12,9.01,0.79,2.26,-0.032,-0.344,-0.023,3.79,-8.35,-0.63,0.000000,0.000000,1245.47
14.66,99368.81,42.56,163.04,10.67,2.05,1.79,0.794,-0.014,-0.573,4.29,-9.78,0.73,0.000000,0.000000,1246.62
14.01,99271.20,42.56,172.41,9.38,-0.73,1.21,0.771,-0.128,-0.318,0.77,-8.82,-0.18,0.000000,0.000000,1247.77
14.00,99275.50,42.58,172.05,9.73,-0.56,1.87,-0.058,-0.220,-0.274,2.28,-8.82,0.73,0.000000,0.000000,1248.92
14.03,99272.93,42.58,172.27,9.38,-0.12,1.82,0.196,-0.075,-0.150,3.29,-8.35,1.63,0.000000,0.000000,1250.08
14.39,99328.80,42.60,167.54,9.72,-0.90,1.20,0.066,0.052,0.059,1.78,-9.30,-3.80,0.000000,0.000000,1251.23
13.87,99240.98,42.61,174.97,9.68,-0.59,1.91,0.052,-0.038,-0.057,2.28,-8.82,1.18,0.000000,0.000000,1252.38
13.70,99215.59,42.62,177.12,9.58,-0.66,1.81,-0.036,-0.125,-0.017,1.27,-9.30,-0.63,0.000000,0.000000,1253.54
13.51,99193.91,42.64,178.96,9.80,-0.41,1.69,-0.168,-0.267,-0.192,1.78,-7.87,0.73,0.000000,0.000000,1254.69
13.55,99187.97,42.66,179.46,9.70,-0.17,0.54,1.375,0.572,-0.444,2.78,-8.35,-3.35,0.000000,0.000000,1255.84
14.14,99287.72,42.69,171.02,9.53,-0.80,2.52,-0.663,0.052,-0.263,1.78,-7.39,2.09,0.000000,0.000000,1256.99
14.18,99285.08,42.73,171.24,9.38,-0.11,1.61,0.075,-0.188,-0.087,2.78,-8.35,-1.99,0.000000,0.000000,1258.15
14.12,99278.66,42.74,171.78,9.58,-0.65,1.36,-0.764,-0.352,-0.602,2.28,-8.35,0.28,0.000000,0.000000,1259.30
13.40,99169.86,42.72,181.00,10.26,-0.33,-0.09,0.160,-0.200,-0.379,1.78,-8.35,-1.54,0.000000,0.000000,1260.46
13.63,99204.02,42.76,178.10,9.67,1.30,-0.51,0.210,-0.071,-0.260,4.29,-8.82,-1.54,0.000000,0.000000,1261.61
13.82,99235.42,42.79,175.44,9.70,1.16,0.67,-0.210,0.104,0.290,3.79,-8.35,-2.44,0.000000,0.000000,1262.76
13.60,99189.85,42.81,179.30,10.28,0.30,-0.33,0.014,-0.172,0.115,2.78,-8.82,-1.99,0.000000,0.000000,1263.91
13.62,99202.66,42.82,178.22,9.69,1.30,0.73,0.204,0.045,-0.299,3.79,-8.82,-2.44,0.000000,0.000000,1265.06
13.75,99212.73,42.85,177.36,9.66,1.44,1.77,-0.195,-0.677,-0.382,4.29,-8.35,0.28,0.000000,0.000000,1266.22
13.69,99202.67,42.84,178.22,9.74,0.99,1.71,0.391,-0.178,0.010,3.29,-8.82,-2.44,0.000000,0.000000,1267.37
14.97,99410.08,42.89,160.66,9.33,-0.95,4.18,0.281,-0.005,0.159,1.78,-8.82,3.90,0.000000,0.000000,1268.52
14.66,99357.73,42.90,165.09,9.26,0.41,2.25,0.280,-0.118,0.422,2.78,-8.35,-2.44,0.000000,0.000000,1269.68
14.40,99319.36,42.94,168.34,8.90,-0.27,2.89,-0.607,-0.121,-0.423,1.27,-8.35,1.63,0.000000,0.000000,1270.83
13.16,99121.67,42.91,185.08,9.21,1.75,1.42,-0.344,0.231,0.288,3.79,-8.35,-1.54,0.000000,0.000000,1271.98
16.32,99617.84,42.99,143.11,9.41,0.41,3.16,0.103,-0.172,-0.016,3.29,-8.82,1.63,0.000000,0.000000,1273.14
19.77,100160.64,43.07,97.40,9.09,1.50,4.77,-0.083,-0.420,-0.352,3.79,-7.87,2.09,0.000000,0.000000,1274.29
24.04,100845.03,43.22,40.04,9.29,3.08,2.86,0.108,-0.113,-0.051,4.29,-6.92,1.18,0.000000,0.000000,1275.44
23.42,100747.50,43.26,48.19,8.99,3.28,2.18,-0.074,-0.116,-0.011,3.79,-6.92,-0.63,0.000000,0.000000,1276.60
22.75,100645.25,43.29,56.75,8.95,3.27,2.17,-0.006,-0.038,-0.048,5.80,-7.39,0.28,0.000000,0.000000,1277.75
23.31,100729.88,43.33,49.67,9.37,3.18,1.74,0.047,0.031,-0.043,4.29,-6.44,-1.99,0.000000,0.000000,1278.90
23.70,100791.19,43.37,44.54,8.89,2.47,3.59,-0.173,-0.230,-0.319,4.29,-6.92,1.63,0.000000,0.000000,1280.05
23.46,100755.67,43.40,47.51,8.74,3.41,2.72,-0.086,-0.043,-0.092,4.79,-7.39,-1.08,0.000000,0.000000,1281.21
22.95,100671.86,43.39,54.52,8.73,3.57,2.85,0.090,-0.013,-0.025,5.30,-6.92,1.63,0.000000,0.000000,1282.36
22.65,100620.97,43.42,58.78,8.66,3.46,2.77,-0.058,-0.066,-0.032,4.79,-8.35,-0.18,0.000000,0.000000,1283.51
22.85,100654.17,43.46,56.00,8.97,3.01,2.78,0.024,-0.040,-0.015,3.79,-6.92,2.54,0.000000,0.000000,1284.66
22.84,100654.16,43.45,56.00,9.04,3.02,2.52,0.062,-0.052,0.016,4.29,-9.30,-1.08,0.000000,0.000000,1285.82
22.53,100605.95,43.48,60.04,8.98,3.11,2.48,-0.031,-0.093,0.007,4.29,-6.92,1.63,0.000000,0.000000,1286.97
23.04,100679.94,43.54,53.84,9.01,3.30,2.12,-0.008,-0.087,-0.026,6.30,-5.48,0.28,0.000000,0.000000,1289.28
22.47,100591.02,43.53,61.29,8.99,2.99,1.09,-0.317,-0.250,0.106,4.79,-7.39,-1.08,0.000000,0.000000,1290.43
22.55,100605.50,43.56,60.08,9.23,3.02,1.01,0.488,0.242,0.255,5.30,-5.96,-0.18,0.000000,0.000000,1291.59
22.45,100588.91,43.55,61.46,8.81,2.88,2.77,0.056,0.025,-0.259,4.79,-8.35,-1.08,0.000000,0.000000,1292.74
