Temperatura,Pressao,Umidade,Altitude,ax,ay,az,gx,gy,gz,vib_x,vib_y,vib_z,Latitude,Longitude,Sat,Tempo
28.00,101316.59,70.26,0.70,0.08,-0.19,69.44,1.43,-1.73,9.04,-5.28,11.05,81.52,-27.599996,-48.519985,6,0.15
27.99,101299.77,69.24,2.10,-0.92,-1.08,69.53,-5.77,-9.57,6.35,13.25,-3.48,69.16,-27.599991,-48.519970,6,0.24
27.97,101274.55,70.21,4.20,-0.14,-0.43,68.87,-0.67,5.35,12.92,-2.06,-3.97,68.99,-27.599987,-48.519954,4,0.35
27.95,101240.94,69.51,7.00,0.41,1.01,69.64,-5.66,1.22,-3.48,-7.27,8.11,61.21,-27.599982,-48.519939,8,0.45
27.93,101198.93,69.84,10.50,-0.06,-0.20,69.80,2.07,-0.77,-4.62,5.54,0.89,84.03,-27.599978,-48.519924,4,0.58
27.90,101148.53,69.88,14.70,-0.64,0.81,69.55,1.93,-1.48,3.55,3.20,-5.32,71.21,-27.599973,-48.519909,7,0.70
27.87,101089.76,70.50,19.60,-0.45,-0.58,69.47,-3.44,3.21,8.27,-7.01,9.40,58.72,-27.599969,-48.519894,6,0.80
27.84,101022.63,70.27,25.20,-0.27,-0.14,70.06,-0.37,-8.19,3.51,1.88,8.47,69.15,-27.599964,-48.519878,8,0.91
27.80,100947.16,67.00,31.50,-0.50,-0.99,68.69,-2.95,-5.66,-5.42,15.59,-14.19,72.85,-27.599960,-48.519863,8,1.04
27.75,100863.35,69.24,38.50,0.25,-1.01,69.98,-3.24,-0.90,11.32,-14.19,6.47,81.15,-27.599955,-48.519848,7,1.15
27.70,100771.22,68.92,46.20,-0.26,0.08,70.45,2.13,-7.07,-11.22,-14.15,8.70,59.79,-27.599951,-48.519833,4,1.26
27.65,100670.80,69.42,54.60,0.06,0.49,69.39,7.20,2.35,-2.33,7.40,-5.30,68.30,-27.599946,-48.519818,8,1.37
27.59,100562.10,73.21,63.70,0.23,-0.05,69.65,1.50,-3.27,7.80,2.99,-0.04,85.10,-27.599942,-48.519802,5,1.48
27.52,100445.14,69.16,73.50,-0.86,-0.61,70.33,-7.92,5.81,-18.37,-22.22,7.84,67.01,-27.599937,-48.519787,8,1.58
27.45,100319.96,68.59,84.00,-0.76,0.15,69.45,-1.42,-9.28,-4.20,0.14,-10.02,61.05,-27.599933,-48.519772,4,1.70
27.38,100186.56,68.51,95.20,0.93,-0.01,69.84,5.58,7.58,18.48,9.35,-2.85,74.64,-27.599928,-48.519757,6,1.80
27.30,100044.99,68.45,107.10,0.03,-0.42,69.71,-0.40,6.38,4.95,-10.71,11.03,86.05,-27.599924,-48.519742,5,1.91
27.22,99895.26,68.08,119.70,-0.70,-0.00,70.24,10.54,-3.34,-9.85,-10.02,-8.47,66.73,-27.599919,-48.519726,4,2.02
27.14,99737.42,68.57,133.00,0.38,-0.29,70.16,5.22,3.31,-1.48,10.92,-6.84,54.07,-27.599915,-48.519711,8,2.13
27.04,99571.48,68.70,147.00,0.29,0.15,70.47,10.95,-2.88,-8.63,5.27,13.11,75.65,-27.599910,-48.519696,5,2.25
26.95,99397.49,67.73,161.70,-0.46,0.53,69.27,0.59,-0.83,7.61,-13.33,1.24,77.25,-27.599906,-48.519681,4,2.35
26.85,99215.48,69.08,177.10,-0.77,0.02,68.63,1.61,-5.47,-11.84,0.99,-13.47,64.24,-27.599901,-48.519665,4,2.46
26.74,99025.48,68.27,193.20,-0.77,0.33,70.89,1.46,5.67,-10.04,9.85,7.63,56.33,-27.599897,-48.519650,5,2.58
26.63,98827.54,69.07,210.00,0.52,-0.01,69.56,3.14,2.82,-0.47,-6.13,5.28,69.00,-27.599892,-48.519635,6,2.70
26.52,98621.69,69.26,227.50,1.08,-0.12,69.64,8.91,-0.58,-12.54,-3.38,-9.58,76.88,-27.599888,-48.519620,6,2.80
26.40,98407.97,67.64,245.70,0.46,-0.40,69.91,-3.15,5.13,-2.01,17.80,5.63,60.05,-27.599883,-48.519605,4,2.91
26.28,98186.43,69.38,264.60,0.41,0.01,70.02,-3.15,3.64,-18.30,9.31,-0.04,63.26,-27.599879,-48.519589,7,3.03
26.15,97957.12,67.71,284.20,0.39,-0.38,69.15,-3.79,-0.60,4.61,-9.64,-11.08,70.42,-27.599874,-48.519574,8,3.15
26.02,97720.07,65.92,304.50,-0.85,-0.44,70.63,-10.07,-6.25,3.57,2.69,1.15,83.15,-27.599870,-48.519559,7,3.25
25.88,97475.33,67.11,325.50,0.54,0.44,69.97,7.82,0.59,9.28,5.96,11.79,59.59,-27.599865,-48.519544,5,3.35
25.74,97222.96,67.82,347.20,-0.34,0.76,69.70,4.58,-1.76,12.88,-8.29,-18.95,62.39,-27.599861,-48.519529,7,3.45
25.60,96963.00,66.75,369.60,-0.23,-0.20,69.84,11.74,6.00,25.33,-7.75,0.66,80.20,-27.599856,-48.519513,7,3.57
25.45,96695.51,65.68,392.70,0.80,0.02,69.99,8.07,-3.89,-26.31,4.89,10.01,75.26,-27.599852,-48.519498,7,3.69
25.29,96420.54,67.36,416.50,0.41,1.06,68.93,4.80,-2.14,-10.46,5.46,-12.24,60.38,-27.599847,-48.519483,6,3.79
25.13,96138.14,66.64,441.00,-0.90,0.25,70.32,-1.85,-5.24,12.71,-17.51,-6.92,61.33,-27.599843,-48.519468,6,3.90
24.97,95848.38,67.83,466.20,-0.15,-0.07,69.42,2.38,-3.55,4.91,-2.16,9.48,76.72,-27.599838,-48.519453,8,4.00
24.80,95551.30,67.58,492.10,-0.38,-0.79,69.43,4.67,-3.77,-8.79,11.77,-5.87,75.70,-27.599834,-48.519437,7,4.12
24.63,95246.97,66.50,518.70,0.13,-0.11,69.88,0.47,-3.29,6.30,-8.71,-3.55,55.63,-27.599829,-48.519422,8,4.22
24.45,94935.45,68.46,546.00,-0.07,-0.48,69.88,-0.08,0.77,10.25,-8.74,16.73,72.79,-27.599825,-48.519407,6,4.34
24.27,94616.79,65.17,574.00,0.49,-0.82,70.23,-1.60,-8.26,3.44,9.63,-3.72,83.93,-27.599820,-48.519392,4,4.46
24.08,94291.07,65.02,602.70,-0.38,0.22,69.36,3.23,3.18,-5.97,4.45,-12.35,63.78,-27.599816,-48.519377,7,4.57
23.89,93958.35,63.14,632.10,0.74,0.00,70.12,-5.64,-2.94,-15.45,-8.47,14.27,61.07,-27.599811,-48.519361,4,4.69
23.70,93618.69,64.87,662.20,-0.23,-0.54,69.77,8.66,-5.16,-17.86,2.20,-1.04,65.40,-27.599807,-48.519346,8,4.81
23.50,93272.17,65.23,693.00,0.48,0.56,70.82,0.66,4.95,-2.70,11.63,-5.19,80.87,-27.599802,-48.519331,5,4.91
23.29,92918.84,63.40,724.50,0.16,0.34,69.65,3.37,6.41,-19.83,-12.10,11.20,70.80,-27.599798,-48.519316,6,5.02
23.08,92558.78,64.62,756.70,-0.25,0.01,70.65,3.33,2.87,-1.46,-10.89,1.64,63.01,-27.599793,-48.519301,8,5.14
22.87,92192.06,65.13,789.60,0.79,0.66,70.00,5.19,1.54,-0.48,10.98,-13.42,73.71,-27.599789,-48.519285,6,5.24
22.65,91818.75,65.18,823.20,0.80,0.78,70.38,-4.47,0.62,4.44,0.88,0.67,82.19,-27.599784,-48.519270,8,5.36
22.43,91438.93,63.24,857.50,-1.36,0.26,70.62,-9.36,6.32,-3.62,-13.17,8.62,70.70,-27.599780,-48.519255,6,5.48
22.20,91052.67,61.76,892.50,0.11,0.32,70.05,3.14,1.00,15.35,-4.60,-11.75,56.71,-27.599775,-48.519240,7,5.58
21.97,90660.05,62.03,928.20,0.09,0.61,70.69,0.88,3.34,-14.82,12.81,-1.13,73.45,-27.599771,-48.519225,4,5.69
21.73,90261.14,65.03,964.60,-0.41,-0.03,70.37,15.34,-4.62,-7.12,-6.20,13.98,83.48,-27.599766,-48.519209,5,5.81
21.49,89856.03,60.68,1001.70,0.27,-0.60,70.08,-1.28,7.23,-12.62,-6.09,-12.21,65.59,-27.599762,-48.519194,7,5.91
21.24,89444.79,61.86,1039.50,0.68,-0.38,70.30,1.16,-6.27,-10.04,15.85,-9.30,62.32,-27.599757,-48.519179,5,6.03
20.99,89027.49,61.50,1078.00,0.16,0.05,69.11,7.04,1.43,-3.91,3.88,18.26,76.74,-27.599753,-48.519164,6,6.13
20.74,88604.24,60.96,1117.20,0.34,-0.53,69.96,-0.38,5.43,8.04,-9.37,-5.21,74.76,-27.599748,-48.519149,5,6.24
20.48,88175.10,62.98,1157.10,-0.28,-0.08,70.40,-3.83,-7.44,11.54,-5.01,-6.17,58.27,-27.599744,-48.519133,7,6.34
20.21,87740.16,61.49,1197.70,-0.66,0.02,70.93,6.27,-5.95,2.49,8.61,16.20,60.37,-27.599739,-48.519118,4,6.47
19.95,87299.50,60.44,1239.00,0.25,-0.70,69.37,2.15,4.23,4.49,-11.11,-2.51,80.86,-27.599735,-48.519103,7,6.57
19.67,86853.22,61.00,1281.00,0.70,0.37,70.26,-8.89,2.53,-5.19,-4.74,-5.56,73.65,-27.599731,-48.519088,8,6.68
19.40,86401.39,59.20,1323.70,-0.24,0.57,69.32,3.65,1.25,2.01,9.22,11.89,56.70,-27.599726,-48.519072,6,6.78
19.11,85944.11,58.49,1367.10,0.15,-0.26,69.78,1.84,-2.22,3.46,-0.65,-1.97,71.37,-27.599722,-48.519057,12,6.90
18.83,85489.82,59.30,1410.40,0.24,1.12,-10.02,-0.86,-4.04,-1.73,-0.55,-0.97,-10.08,-27.599717,-48.519042,9,7.00
18.55,85038.49,57.71,1453.61,-0.56,-0.22,-9.96,-1.86,-5.07,-1.70,-1.04,-1.21,-10.44,-27.599713,-48.519027,8,7.12
18.27,84590.12,59.63,1496.71,0.43,0.33,-9.18,1.74,-4.54,0.57,1.10,0.73,-11.40,-27.599708,-48.519012,12,7.23
17.99,84144.67,57.89,1539.72,-0.32,-0.93,-10.32,-0.36,-3.70,-0.28,0.72,-0.29,-12.09,-27.599704,-48.518996,10,7.33
17.71,83702.14,58.19,1582.63,0.40,0.42,-9.61,1.89,-4.72,-0.14,2.04,2.22,-11.77,-27.599699,-48.518981,10,7.45
17.43,83262.50,57.56,1625.44,-0.34,0.21,-9.62,-0.14,-5.80,-1.83,1.00,2.67,-9.79,-27.599695,-48.518966,11,7.55
17.16,82825.73,57.72,1668.15,0.24,0.21,-9.43,1.93,-4.02,0.50,-0.29,2.45,-9.33,-27.599690,-48.518951,11,7.66
16.88,82391.82,55.66,1710.77,0.27,0.37,-9.18,-1.21,-4.02,0.60,-1.30,0.23,-8.56,-27.599686,-48.518936,9,7.77
16.60,81960.74,56.37,1753.29,0.35,-0.51,-10.27,-0.10,-4.88,-0.22,-2.36,-2.20,-7.53,-27.599681,-48.518920,8,7.90
16.33,81532.47,57.36,1795.70,0.16,-0.28,-9.56,0.03,-4.53,0.09,-2.10,-2.69,-7.63,-27.599677,-48.518905,12,8.01
16.05,81107.01,55.36,1838.03,-0.45,0.08,-10.17,0.50,-3.91,0.09,-2.14,-1.83,-7.48,-27.599672,-48.518890,11,8.13
15.78,80684.32,53.78,1880.25,-0.05,-0.13,-9.94,0.43,-4.62,-0.03,-1.06,-1.49,-9.31,-27.599668,-48.518875,8,8.23
15.50,80264.40,55.75,1922.37,-0.44,0.05,-10.10,-0.02,-3.21,0.68,0.09,0.16,-10.69,-27.599663,-48.518860,8,8.33
15.23,79847.21,52.41,1964.40,-0.74,-0.32,-10.49,-0.01,-1.53,-1.72,0.37,1.46,-12.24,-27.599659,-48.518844,9,8.44
14.96,79432.76,54.82,2006.33,-0.14,0.40,-9.20,1.00,-4.20,0.78,2.52,2.32,-10.56,-27.599654,-48.518829,10,8.56
14.69,79021.01,53.31,2048.16,-0.29,-0.84,-10.42,0.66,-3.90,-0.71,1.70,0.98,-12.68,-27.599650,-48.518814,10,8.66
14.42,78611.95,51.34,2089.89,0.96,-0.11,-8.86,-0.64,-3.55,0.66,1.27,1.19,-10.34,-27.599645,-48.518799,11,8.78
14.15,78205.56,53.18,2131.52,0.76,-1.11,-9.23,0.33,-3.89,-1.26,0.04,-1.93,-10.41,-27.599641,-48.518784,9,8.88
13.88,77801.83,52.54,2173.06,0.60,1.29,-9.57,-0.54,-4.96,-0.05,-0.90,-0.02,-9.84,-27.599636,-48.518768,10,9.00
13.61,77400.73,52.18,2214.50,-0.58,-0.98,-9.92,-0.60,-4.11,0.57,-1.66,-1.94,-8.13,-27.599632,-48.518753,11,9.12
13.34,77002.26,51.03,2255.84,-0.10,-0.00,-9.62,-0.62,-1.68,0.01,-1.36,-1.93,-7.55,-27.599627,-48.518738,11,9.22
13.07,76606.38,52.64,2297.08,0.00,-0.39,-9.95,-1.13,-3.52,0.16,-0.61,-0.42,-8.83,-27.599623,-48.518723,12,9.33
12.80,76213.09,52.23,2338.22,0.49,-0.15,-10.25,0.82,-2.29,0.79,1.14,1.26,-8.74,-27.599618,-48.518708,10,9.45
12.53,75822.37,51.42,2379.27,-0.45,0.12,-9.46,-1.46,-4.66,0.52,0.38,1.90,-9.04,-27.599614,-48.518692,11,9.55
12.27,75434.20,51.32,2420.22,0.10,-0.68,-9.99,1.94,-3.13,-0.17,2.83,0.98,-10.86,-27.599609,-48.518677,12,9.67
12.00,75048.57,52.44,2461.07,0.05,-0.24,-9.87,-0.95,-3.09,0.56,1.95,2.06,-11.45,-27.599605,-48.518662,11,9.77
11.74,74665.45,51.18,2501.82,0.89,-0.05,-9.67,-0.21,-4.82,-1.04,1.87,0.54,-12.07,-27.599600,-48.518647,8,9.88
11.47,74284.84,48.93,2542.47,0.35,0.30,-9.54,-0.55,-4.54,-0.29,0.10,-0.94,-11.50,-27.599596,-48.518632,8,9.98
11.21,73906.71,50.08,2583.03,0.01,0.33,-10.23,1.43,-4.01,1.39,-1.26,-2.03,-11.45,-27.599591,-48.518616,9,10.11
10.95,73531.05,49.12,2623.48,-0.07,0.60,-9.64,2.27,-4.63,0.26,-2.09,-0.65,-9.56,-27.599587,-48.518601,11,10.21
10.69,73157.84,48.43,2663.84,-0.82,0.81,-10.30,1.35,-3.79,-1.80,-2.47,0.09,-10.74,-27.599582,-48.518586,9,10.32
10.42,72787.07,48.73,2704.10,-0.10,0.40,-9.51,-1.01,-4.29,-0.02,-1.59,0.88,-8.56,-27.599578,-48.518571,10,10.42
10.16,72418.72,47.28,2744.27,-0.78,0.26,-10.16,-0.28,-4.43,-0.60,-1.67,1.31,-7.24,-27.599573,-48.518556,12,10.54
9.90,72052.78,47.93,2784.33,-0.54,-0.25,-9.55,0.03,-4.72,0.08,1.95,2.33,-8.52,-27.599569,-48.518540,12,10.64
9.64,71689.23,48.53,2824.30,0.86,-0.13,-9.04,-1.07,-4.36,0.23,3.04,1.85,-8.41,-27.599564,-48.518525,10,10.76
9.38,71328.05,47.30,2864.17,0.33,0.56,-9.62,-1.58,-3.38,-0.51,2.22,1.89,-9.58,-27.599560,-48.518510,9,10.87
9.12,70969.22,47.18,2903.94,0.31,-0.40,-9.61,-0.61,-5.71,0.12,1.11,-0.74,-9.15,-27.599555,-48.518495,9,10.97
8.87,70612.74,45.73,2943.61,0.42,0.45,-9.37,-1.22,-4.88,-1.24,-0.64,-2.20,-10.92,-27.599551,-48.518480,8,11.10
8.61,70258.59,45.13,2983.18,0.69,0.22,-9.59,-0.13,-3.51,0.74,-0.17,-2.35,-11.28,-27.599546,-48.518464,9,11.19
8.35,69906.75,44.93,3022.66,-0.52,0.42,-10.83,-0.55,-4.69,1.54,-1.26,-2.02,-13.51,-27.599542,-48.518449,11,11.30
8.10,69557.21,44.76,3062.04,-0.23,-0.19,-9.30,-0.38,-3.97,-0.44,-1.74,-1.30,-10.13,-27.599537,-48.518434,8,11.41
7.84,69209.95,45.34,3101.32,-0.53,0.06,-8.98,-0.06,-3.16,1.13,-1.80,0.16,-8.97,-27.599533,-48.518419,11,11.53
7.59,68864.95,43.44,3140.50,0.38,0.47,-9.90,-0.76,-3.36,-0.41,0.64,3.46,-8.33,-27.599528,-48.518403,8,11.63
7.33,68522.21,43.47,3179.58,0.55,-0.02,-10.55,0.16,-3.64,0.11,1.24,2.79,-8.72,-27.599524,-48.518388,11,11.75
7.08,68181.71,43.04,3218.57,-0.87,-0.44,-9.61,0.32,-2.80,-0.14,0.28,0.29,-7.67,-27.599519,-48.518373,10,11.85
6.83,67843.43,44.88,3257.45,0.04,0.40,-8.79,-0.75,-4.15,1.31,3.46,0.54,-6.22,-27.599515,-48.518358,8,11.96
6.57,67507.35,43.46,3296.24,-0.36,-0.76,-9.69,1.50,-2.44,0.09,1.26,-1.08,-9.86,-27.599510,-48.518343,12,12.06
6.32,67173.47,43.90,3334.93,-0.17,-0.34,-9.05,0.26,-5.10,-1.62,1.40,-1.86,-9.84,-27.599506,-48.518327,10,12.18
6.07,66841.78,40.63,3373.53,-0.50,0.70,-10.16,-0.82,-4.14,-0.65,-1.51,-1.14,-11.92,-27.599501,-48.518312,12,12.29
5.82,66512.24,41.41,3412.02,0.39,-0.26,-10.24,0.28,-4.66,0.58,-0.60,-0.89,-11.59,-27.599497,-48.518297,11,12.39
5.57,66184.86,42.91,3450.42,0.07,0.33,-9.13,1.58,-4.70,-0.27,-2.33,0.09,-11.48,-27.599492,-48.518282,8,12.55
5.32,65859.62,41.80,3488.72,-0.09,0.21,-9.68,-0.58,-4.37,1.39,-2.58,1.90,-11.75,-27.599488,-48.518267,8,12.77
5.08,65536.50,43.23,3526.92,-0.49,0.62,-9.80,-0.07,-3.49,0.44,-2.43,2.14,-11.46,-27.599483,-48.518251,11,12.97
4.83,65215.49,41.42,3565.02,0.13,0.57,-9.78,-1.44,-5.24,0.49,-1.18,0.94,-9.07,-27.599479,-48.518236,12,13.19
4.58,64896.57,40.45,3603.03,-0.04,-0.66,-9.83,-0.26,-3.29,-1.28,0.73,-0.17,-8.73,-27.599474,-48.518221,11,13.43
4.33,64579.74,40.57,3640.93,-0.61,-0.10,-9.64,-0.02,-3.88,0.87,0.49,-0.20,-8.57,-27.599470,-48.518206,10,13.67
4.09,64264.98,39.50,3678.74,-0.18,-0.33,-10.36,0.04,-6.44,0.13,2.70,-1.72,-7.94,-27.599466,-48.518191,12,13.90
3.84,63952.27,39.41,3716.45,0.33,-0.08,-9.32,-0.08,-4.50,0.89,1.31,-0.47,-7.91,-27.599461,-48.518175,8,14.16
3.60,63641.60,40.52,3754.06,0.37,-0.22,-10.14,-0.30,-4.54,0.37,1.08,-2.30,-10.19,-27.599457,-48.518160,11,14.47
3.35,63332.97,39.90,3791.58,0.96,0.37,-10.71,0.13,-4.05,-0.02,0.20,0.16,-11.07,-27.599452,-48.518145,8,14.81
3.11,63026.34,41.13,3828.99,0.57,-0.24,-10.17,-1.65,-4.01,0.98,-1.42,1.36,-12.31,-27.599448,-48.518130,10,15.09
2.87,62721.72,36.99,3866.31,0.07,-0.57,-9.99,-0.96,-4.60,0.53,-1.61,0.86,-12.13,-27.599443,-48.518115,12,15.31
2.63,62419.09,38.94,3903.53,-1.01,-1.16,-9.32,-0.98,-2.68,-2.09,-1.94,1.21,-11.40,-27.599439,-48.518099,8,15.41
2.39,62118.44,38.58,3940.65,0.39,0.42,-9.76,-0.08,-4.26,-0.86,-0.11,2.97,-10.19,-27.599434,-48.518084,10,15.64
2.15,61819.75,39.73,3977.68,-0.57,-0.35,-9.29,-1.60,-3.75,-0.95,0.07,0.20,-10.18,-27.599430,-48.518069,9,15.98
1.91,61523.01,37.63,4014.60,0.63,0.86,-9.34,-0.33,-3.16,0.34,2.16,-0.14,-7.70,-27.599425,-48.518054,11,16.31
1.67,61228.21,37.17,4051.43,-0.71,-0.16,-9.37,0.61,-4.93,0.46,1.01,-2.19,-8.30,-27.599421,-48.518039,9,16.57
1.43,60935.33,36.69,4088.16,0.24,0.08,-9.82,-0.32,-4.67,-0.60,2.16,-1.39,-6.96,-27.599416,-48.518023,10,16.83
1.19,60644.37,35.97,4124.79,0.19,0.22,-10.32,0.08,-2.53,1.63,1.38,-0.77,-8.16,-27.599412,-48.518008,8,17.13
0.95,60355.31,37.11,4161.32,-0.07,-0.37,-10.04,0.69,-4.87,1.19,-0.58,0.20,-8.61,-27.599407,-48.517993,12,17.47
0.71,60068.13,37.62,4197.76,-0.45,0.39,-10.00,-1.92,-4.30,0.37,-0.95,0.83,-10.67,-27.599403,-48.517978,8,17.77
0.48,59782.84,36.36,4234.09,0.63,-0.26,-9.61,0.35,-3.93,-0.56,-0.34,2.08,-11.19,-27.599398,-48.517963,11,18.09
0.24,59499.40,35.51,4270.33,-0.01,-0.30,-10.05,1.03,-3.23,0.38,-2.07,1.68,-12.18,-27.599394,-48.517947,9,18.35
0.01,59217.82,33.93,4306.47,-0.18,-0.87,-10.24,0.92,-3.58,-0.06,-0.97,-1.14,-13.16,-27.599389,-48.517932,8,18.64
-0.23,58938.08,34.05,4342.52,-0.56,0.28,-10.07,0.94,-1.67,0.71,-0.30,-0.35,-11.78,-27.599385,-48.517917,12,18.88
-0.46,58660.17,34.76,4378.46,0.83,-1.09,-9.64,-0.26,-3.71,0.32,1.93,-3.62,-9.95,-27.599380,-48.517902,10,19.16
-0.69,58384.07,32.96,4414.31,-1.03,-0.28,-9.44,-0.97,-4.12,-1.99,0.51,-2.99,-8.88,-27.599376,-48.517887,11,19.41
-0.93,58109.78,35.48,4450.05,0.39,-0.31,-8.75,-1.42,-3.12,-0.35,2.14,-1.89,-7.54,-27.599371,-48.517871,8,19.61
-1.16,57837.28,35.27,4485.70,0.67,-0.38,-9.24,-0.44,-3.82,3.10,2.05,-0.32,-7.99,-27.599367,-48.517856,10,19.88
-1.39,57566.56,36.75,4521.26,-0.06,0.22,-9.06,-1.58,-5.69,-1.07,-0.14,0.49,-7.65,-27.599362,-48.517841,9,20.13
-1.62,57297.61,35.09,4556.71,-0.34,0.19,-10.36,1.00,-4.04,-0.56,-0.17,1.38,-9.32,-27.599358,-48.517826,12,20.38
-1.85,57030.42,32.09,4592.07,0.13,0.06,-9.22,0.42,-3.87,1.70,-2.64,1.70,-8.09,-27.599353,-48.517810,12,20.63
-2.08,56764.97,32.71,4627.32,-0.15,-0.01,-9.80,-0.85,-3.27,1.07,-2.63,1.92,-10.03,-27.599349,-48.517795,12,20.88
-2.31,56501.27,33.35,4662.48,-1.17,0.44,-9.30,-0.95,-5.29,-0.59,-3.33,-0.07,-10.21,-27.599344,-48.517780,10,21.20
-2.53,56239.28,32.75,4697.54,-0.83,-0.60,-10.40,1.14,-2.94,-1.24,-0.87,-2.63,-11.50,-27.599340,-48.517765,12,21.32
-2.76,55979.01,32.49,4732.51,-0.02,-0.05,-10.12,2.05,-3.40,2.36,0.51,-2.31,-11.06,-27.599335,-48.517750,8,21.40
-2.99,55720.44,31.75,4767.37,-0.42,0.36,-9.61,-0.81,-3.40,1.06,1.26,-1.34,-10.55,-27.599331,-48.517734,10,21.50
-3.21,55463.57,31.39,4802.14,-1.32,0.46,-10.10,0.58,-3.26,-0.45,0.56,-0.52,-10.46,-27.599326,-48.517719,10,21.62
-3.44,55208.37,31.13,4836.81,0.37,0.98,-9.60,-1.11,-5.24,-0.33,2.25,2.35,-8.46,-27.599322,-48.517704,12,21.73
-3.66,54954.85,32.22,4871.38,-0.11,0.21,-8.91,-1.67,-4.00,-0.34,1.56,0.60,-6.06,-27.599317,-48.517689,11,21.85
-3.89,54702.98,29.58,4905.85,-0.41,-0.02,-10.09,-0.62,-2.97,0.63,0.10,2.89,-9.86,-27.599313,-48.517674,10,21.97
-4.11,54452.76,31.59,4940.23,0.13,-0.33,-10.23,-0.84,-4.41,-1.28,-0.93,0.73,-8.90,-27.599308,-48.517658,12,22.07
-4.33,54204.18,30.13,4974.50,-0.38,0.29,-10.99,-0.25,-3.61,-0.21,-1.97,1.73,-9.87,-27.599304,-48.517643,10,22.18
-4.56,53957.22,29.45,5008.68,-0.11,-0.11,-9.37,0.96,-5.48,2.84,-2.33,-0.95,-9.11,-27.599299,-48.517628,10,22.28
-4.78,53711.89,28.48,5042.76,-0.45,-0.47,-9.27,-1.80,-4.39,0.61,-1.87,-1.79,-10.09,-27.599295,-48.517613,9,22.41
-5.00,53468.16,28.06,5076.75,-0.07,0.38,-9.81,0.09,-2.70,-1.86,-0.36,-1.93,-12.64,-27.599290,-48.517598,8,22.51
-5.22,53226.02,28.96,5110.63,-0.55,-0.05,-10.54,0.73,-3.08,0.88,0.35,-1.20,-12.72,-27.599286,-48.517582,12,22.62
-5.44,52985.47,27.83,5144.42,0.47,0.34,-9.46,-0.31,-4.52,-1.43,3.07,-0.56,-10.20,-27.599281,-48.517567,9,22.72
-5.66,52746.50,29.67,5178.11,0.16,-0.04,-9.10,-0.27,-5.03,-0.08,1.86,1.43,-11.28,-27.599277,-48.517552,9,22.84
-5.88,52509.09,27.39,5211.70,-0.21,-0.21,-10.93,-0.20,-5.21,-1.22,1.06,0.27,-11.29,-27.599272,-48.517537,10,22.95
-6.09,52273.24,29.25,5245.19,0.03,-0.12,-9.84,0.68,-3.22,-0.04,-0.35,0.75,-9.16,-27.599268,-48.517522,12,23.07
-6.31,52038.93,29.48,5278.58,-0.37,-0.80,-9.99,1.06,-3.30,-0.26,-0.87,0.55,-7.21,-27.599263,-48.517506,9,23.19
-6.53,51806.16,26.95,5311.88,0.30,0.43,-10.50,0.89,-4.55,-1.08,-1.55,1.16,-7.94,-27.599259,-48.517491,8,23.29
-6.74,51574.92,27.37,5345.07,0.48,0.14,-9.72,-1.08,-2.34,0.99,-1.35,-0.31,-7.75,-27.599254,-48.517476,12,23.41
-6.96,51345.19,28.03,5378.17,0.27,0.36,-10.05,-0.45,-5.99,-0.43,-1.35,-1.98,-10.07,-27.599250,-48.517461,8,23.53
-7.17,51116.97,26.06,5411.17,0.88,0.41,-10.20,0.55,-5.13,1.19,0.72,-1.32,-10.25,-27.599245,-48.517446,11,23.63
-7.39,50890.24,27.99,5444.08,-0.20,-0.08,-11.00,-0.57,-5.94,0.01,0.27,-0.60,-12.61,-27.599241,-48.517430,9,23.74
-7.60,50665.00,26.92,5476.88,0.04,0.17,-9.22,-1.21,-4.17,-0.62,1.20,-0.14,-11.01,-27.599236,-48.517415,9,23.84
-7.81,50441.24,27.98,5509.59,0.29,0.08,-9.29,-0.07,-3.97,0.52,1.32,1.69,-10.89,-27.599232,-48.517400,9,23.96
-8.02,50218.95,25.27,5542.20,0.44,0.29,-9.39,-0.04,-4.24,-0.88,2.27,2.84,-11.52,-27.599227,-48.517385,11,24.08
-8.24,49998.12,25.41,5574.71,-0.23,-0.17,-9.48,-1.44,-6.13,0.03,0.50,1.47,-9.49,-27.599223,-48.517370,8,24.18
-8.45,49778.73,24.55,5607.12,0.23,-1.04,-9.83,-0.70,-2.50,-1.32,0.72,0.29,-9.87,-27.599218,-48.517354,11,24.30
-8.66,49560.79,26.19,5639.44,0.19,0.76,-9.64,-1.76,-3.47,0.96,-1.80,0.72,-7.52,-27.599214,-48.517339,12,24.39
-8.87,49344.28,24.40,5671.65,-0.03,-0.19,-9.42,1.38,-5.44,-0.85,-1.02,-2.28,-7.30,-27.599209,-48.517324,10,24.52
-9.07,49129.19,23.45,5703.77,-0.01,-0.24,-10.27,0.70,-2.76,0.15,-0.83,-3.47,-8.11,-27.599205,-48.517309,10,24.63
-9.28,48915.51,23.97,5735.79,-0.45,0.24,-9.84,-0.42,-4.73,-0.15,-1.53,-0.04,-8.66,-27.599201,-48.517294,10,24.75
-9.49,48703.24,23.71,5767.72,0.57,0.06,-9.91,-0.13,-4.70,1.75,0.88,-1.61,-8.47,-27.599196,-48.517278,12,24.85
-9.70,48492.37,24.18,5799.54,-0.03,0.03,-10.36,-0.47,-4.53,0.44,-0.09,1.48,-10.97,-27.599192,-48.517263,8,24.96
-9.90,48282.88,21.45,5831.27,0.01,0.32,-10.30,-0.74,-3.49,0.94,2.53,1.65,-11.70,-27.599187,-48.517248,11,25.06
-10.11,48074.77,24.02,5862.89,-0.90,0.12,-8.90,-0.30,-2.66,0.08,0.51,2.22,-11.23,-27.599183,-48.517233,12,25.18
-10.31,47868.02,22.45,5894.42,0.55,0.28,-9.73,-0.83,-4.48,-0.70,1.28,0.56,-11.49,-27.599178,-48.517217,8,25.28
-10.52,47662.64,22.52,5925.86,-0.20,-1.23,-10.58,0.53,-5.77,1.12,1.19,-0.49,-12.94,-27.599174,-48.517202,9,25.40
-10.72,47458.61,21.75,5957.19,0.03,0.00,-9.85,0.55,-3.77,-0.22,-1.40,-0.27,-9.90,-27.599169,-48.517187,11,25.51
-10.92,47255.93,23.24,5988.43,-0.43,-0.59,-9.75,0.75,-4.19,-0.74,-2.55,-1.90,-9.26,-27.599165,-48.517172,10,25.61
-11.13,47054.57,21.44,6019.56,-0.33,0.45,-10.69,0.46,-4.11,0.84,-2.30,-1.94,-10.44,-27.599160,-48.517157,10,25.73
-11.33,46854.55,21.12,6050.60,0.32,-0.43,-10.05,-1.22,-6.42,0.46,-0.94,-1.93,-7.30,-27.599156,-48.517141,10,25.83
-11.53,46655.84,20.79,6081.54,0.33,-1.00,-9.69,0.30,-4.56,2.63,-0.24,-1.54,-7.44,-27.599151,-48.517126,9,25.95
-11.73,46458.44,21.25,6112.39,-0.47,0.07,-9.52,1.96,-3.38,0.05,0.80,0.27,-7.65,-27.599147,-48.517111,9,26.07
-11.93,46262.34,22.86,6143.13,-0.21,-0.48,-9.33,0.85,-4.21,-0.29,2.64,1.04,-8.73,-27.599142,-48.517096,11,26.19
-12.13,46067.54,19.89,6173.78,0.09,0.03,-9.51,-0.08,-6.12,-1.27,2.10,1.58,-10.07,-27.599138,-48.517081,9,26.32
-12.33,45874.02,19.17,6204.33,0.36,-0.80,-9.63,-0.53,-5.44,-0.44,1.43,0.13,-12.02,-27.599133,-48.517065,12,26.40
-12.53,45681.78,20.47,6234.78,-0.59,-0.42,-9.27,-0.01,-3.73,1.80,-0.19,0.22,-11.52,-27.599129,-48.517050,9,26.50
-12.72,45490.81,19.08,6265.13,-0.03,-0.49,-10.26,-0.77,-4.30,2.13,0.05,-1.46,-12.66,-27.599124,-48.517035,11,26.62
-12.92,45301.10,19.51,6295.39,0.06,0.47,-9.81,-0.56,-3.35,-0.59,-1.32,-1.34,-10.79,-27.599120,-48.517020,11,26.72
-13.12,45112.64,19.00,6325.54,0.17,-0.37,-9.86,-0.72,-5.95,0.27,-2.00,-1.53,-10.30,-27.599115,-48.517005,10,26.84
-13.31,44925.43,18.06,6355.60,0.20,1.23,-10.13,0.49,-4.28,-0.49,-0.62,0.60,-9.16,-27.599111,-48.516989,8,26.96
-13.51,44739.45,19.00,6385.56,-0.16,0.16,-10.54,0.48,-3.63,-0.22,-0.89,0.67,-7.45,-27.599106,-48.516974,8,27.07
-13.70,44554.71,20.19,6415.42,0.33,-0.67,-9.74,-1.09,-4.69,2.93,-0.34,1.72,-8.30,-27.599102,-48.516959,11,27.19
-13.89,44371.18,20.81,6445.19,-0.27,0.20,-9.91,-1.71,-3.43,-1.22,1.31,1.87,-8.98,-27.599097,-48.516944,8,27.31
-14.09,44188.87,17.77,6474.85,-0.32,-0.38,-10.33,1.26,-5.97,-0.27,1.90,0.43,-9.48,-27.599093,-48.516929,10,27.41
-14.28,44007.77,17.85,6504.42,-0.01,0.27,-9.65,-0.20,-3.92,-0.55,2.24,1.09,-9.52,-27.599088,-48.516913,12,27.52
-14.47,43827.87,17.84,6533.89,-0.18,-0.13,-10.36,-0.10,-1.07,0.87,1.27,-1.40,-11.85,-27.599084,-48.516898,10,27.64
-14.66,43649.16,17.38,6563.26,-0.71,0.10,-9.40,0.55,-2.11,0.17,-1.24,-1.47,-11.38,-27.599079,-48.516883,9,27.75
-14.85,43471.63,14.70,6592.54,0.53,-0.30,-10.98,-0.22,-7.08,1.03,-0.11,-1.80,-11.94,-27.599075,-48.516868,8,27.86
-15.04,43295.28,17.98,6621.71,0.09,-0.58,-9.94,-0.01,-3.84,-0.18,-1.72,-1.50,-11.13,-27.599070,-48.516853,8,27.98
-15.23,43120.10,16.21,6650.79,-0.30,0.49,-9.79,2.09,-3.59,0.24,-0.75,-0.11,-10.70,-27.599066,-48.516837,9,28.08
-15.42,42946.09,18.25,6679.77,-0.07,0.32,-9.79,-0.64,-3.22,-0.76,-1.37,2.44,-9.29,-27.599061,-48.516822,11,28.19
-15.61,42773.22,13.96,6708.65,1.78,0.62,-9.84,-0.46,-6.57,-0.74,1.17,2.83,-8.48,-27.599057,-48.516807,10,28.31
-15.79,42601.51,14.81,6737.43,-0.53,0.09,-9.63,-0.79,-5.19,0.26,0.12,3.60,-7.28,-27.599052,-48.516792,10,28.41
-15.98,42430.94,17.54,6766.12,0.02,-0.43,-9.77,-0.27,-3.79,0.01,1.64,-0.80,-8.07,-27.599048,-48.516777,12,28.53
-16.17,42261.50,14.67,6794.70,0.13,0.47,-9.96,0.41,-2.74,-0.98,2.87,0.95,-7.26,-27.599043,-48.516761,12,28.63
-16.35,42093.19,14.25,6823.19,-0.22,-0.07,-10.30,-0.05,-2.87,2.20,1.95,-1.57,-9.84,-27.599039,-48.516746,9,28.74
-16.54,41926.00,16.83,6851.58,-0.06,1.06,-9.71,0.92,-3.89,1.03,1.19,-1.46,-10.59,-27.599034,-48.516731,11,28.86
-16.72,41759.92,14.97,6879.88,-0.33,-0.34,-10.05,-0.83,-4.62,2.10,-1.17,-3.43,-11.08,-27.599030,-48.516716,8,28.98
-16.90,41594.94,15.68,6908.07,-0.33,0.60,-10.20,0.68,-3.95,-0.54,-1.92,-0.87,-13.03,-27.599025,-48.516701,11,29.08
-17.09,41431.07,14.18,6936.17,-0.35,0.42,-10.24,2.90,-3.46,-1.78,-1.76,1.60,-13.37,-27.599021,-48.516685,11,29.20
-17.27,41268.29,14.72,6964.17,0.12,-0.81,-9.77,1.16,-2.54,1.95,-1.63,1.52,-11.20,-27.599016,-48.516670,11,29.30
-17.45,41106.60,14.32,6992.07,-1.28,0.03,-9.12,-1.29,-2.62,0.87,-2.28,2.79,-9.14,-27.599012,-48.516655,12,29.41
-17.63,40945.98,13.30,7019.87,-0.07,0.02,-9.85,0.38,-4.47,-0.13,-0.24,1.36,-8.59,-27.599007,-48.516640,11,29.53
-17.81,40786.44,12.95,7047.57,-0.27,0.22,-10.54,-0.08,-4.63,-0.89,0.62,0.64,-8.48,-27.599003,-48.516625,9,29.63
-17.99,40627.96,13.37,7075.18,-0.15,0.08,-9.25,0.84,-6.11,-1.48,2.35,-0.21,-7.76,-27.598998,-48.516609,12,29.75
-18.17,40470.54,12.64,7102.69,0.69,-0.30,-9.48,-0.13,-2.27,-0.37,2.55,-2.27,-7.24,-27.598994,-48.516594,10,29.85
-18.35,40314.18,13.13,7130.10,-0.28,0.43,-9.51,0.57,-4.94,-0.11,0.28,-1.33,-7.91,-27.598989,-48.516579,10,29.96
-18.52,40158.86,11.82,7157.41,0.32,-0.62,-9.62,0.25,-4.54,-1.88,1.48,-0.94,-9.16,-27.598985,-48.516564,11,30.06
-18.70,40004.58,12.08,7184.62,-0.34,-0.54,-10.80,0.95,-4.00,-0.75,-2.12,-0.23,-12.14,-27.598980,-48.516548,10,30.18
-18.88,39851.34,11.07,7211.74,0.94,0.66,-9.57,-1.83,-4.76,-1.29,-0.49,1.49,-11.51,-27.598976,-48.516533,11,30.28
-19.05,39699.12,12.23,7238.75,-0.32,0.30,-9.45,0.47,-3.73,0.27,-2.04,1.73,-10.57,-27.598971,-48.516518,9,30.40
-19.23,39547.93,10.72,7265.67,-0.78,0.15,-10.09,-0.64,-5.34,0.47,-1.79,1.90,-11.45,-27.598967,-48.516503,9,30.50
-19.40,39397.75,11.13,7292.49,0.13,-0.18,-9.15,-0.58,-4.13,-0.14,-0.64,0.28,-10.99,-27.598962,-48.516488,8,30.62
-19.57,39248.58,11.13,7319.22,-0.08,1.20,-10.41,-2.34,-3.15,-0.43,1.36,0.93,-9.85,-27.598958,-48.516472,8,30.73
-19.75,39100.41,10.96,7345.84,-0.10,0.12,-10.10,-0.33,-4.35,-0.22,1.30,-1.14,-8.44,-27.598953,-48.516457,12,30.83
-19.92,38953.24,11.22,7372.37,0.12,-0.23,-9.71,0.42,-2.97,-1.05,1.77,-1.32,-8.10,-27.598949,-48.516442,11,30.95
-20.09,38807.06,10.72,7398.80,0.28,1.08,-9.61,-0.57,-4.05,1.76,2.21,0.73,-7.95,-27.598944,-48.516427,8,31.05
-20.26,38661.86,7.93,7425.13,0.62,-0.30,-10.47,-1.49,-3.67,0.37,0.58,-1.69,-8.94,-27.598940,-48.516412,12,31.17
-20.43,38517.64,7.82,7451.36,-0.62,0.65,-9.49,1.00,-3.37,0.66,-0.81,1.28,-8.49,-27.598936,-48.516396,8,31.29
-20.60,38374.40,7.94,7477.49,0.00,-0.34,-9.59,-1.02,-4.42,0.40,-0.20,1.72,-9.16,-27.598931,-48.516381,9,31.39
-20.77,38232.12,11.08,7503.53,0.57,0.10,-8.57,1.33,-4.00,0.00,-1.74,1.93,-9.98,-27.598927,-48.516366,12,31.51
-20.94,38090.80,10.22,7529.47,-0.05,0.14,-9.57,-0.74,-3.16,-0.57,-1.68,3.30,-10.88,-27.598922,-48.516351,8,31.62
-21.11,37950.44,9.73,7555.31,-0.14,-0.64,-10.07,-0.76,-4.44,-0.16,-0.96,0.20,-12.67,-27.598918,-48.516336,10,31.72
-21.28,37811.03,9.82,7581.05,-0.55,-0.63,-9.75,0.26,-4.33,1.15,0.61,-1.07,-11.24,-27.598913,-48.516320,9,31.84
-21.44,37672.56,9.62,7606.69,-0.40,0.27,-9.00,-0.59,-4.11,0.99,0.77,-0.95,-9.11,-27.598909,-48.516305,11,31.94
-21.61,37535.03,8.82,7632.24,0.17,0.01,-9.59,2.75,-3.47,-0.68,1.96,-1.95,-7.85,-27.598904,-48.516290,8,32.05
-21.77,37398.44,8.66,7657.69,-0.21,0.06,-9.04,-0.41,-3.00,1.63,1.85,-0.71,-7.89,-27.598900,-48.516275,12,32.16
-21.94,37262.77,8.31,7683.04,0.64,-0.30,-9.71,0.12,-3.93,-1.18,0.88,-1.03,-6.97,-27.598895,-48.516260,12,32.27
-22.10,37128.02,8.17,7708.29,-0.01,-0.13,-10.71,0.72,-2.97,1.60,0.01,-0.42,-8.14,-27.598891,-48.516244,10,32.39
-22.27,36994.18,8.57,7733.44,1.14,-0.30,-9.38,1.69,-3.53,-0.55,0.67,0.61,-7.98,-27.598886,-48.516229,11,32.51
-22.43,36861.26,7.59,7758.50,0.19,0.21,-10.00,-0.49,-3.61,1.41,-1.86,2.94,-9.14,-27.598882,-48.516214,12,32.61
-22.59,36729.25,7.61,7783.46,-0.34,-0.07,-9.29,0.30,-4.07,1.04,-2.49,1.15,-9.15,-27.598877,-48.516199,8,32.73
-22.75,36598.13,6.34,7808.31,-0.02,0.19,-9.74,-1.97,-5.47,1.50,-1.38,-0.50,-10.78,-27.598873,-48.516184,12,32.83
-22.91,36467.91,5.20,7833.08,0.46,-0.12,-9.62,-1.06,-3.97,0.05,0.59,-1.73,-11.86,-27.598868,-48.516168,10,32.94
-23.08,36338.57,8.74,7857.74,-0.26,0.63,-10.59,-0.19,-2.68,-0.75,1.10,-0.91,-11.73,-27.598864,-48.516153,9,33.06
-23.23,36210.12,6.28,7882.30,-0.45,-0.43,-8.96,0.95,-3.84,-1.49,1.77,-1.95,-9.36,-27.598859,-48.516138,10,33.16
-23.39,36082.55,5.59,7906.77,0.22,-0.15,-10.03,1.11,-3.43,0.15,1.98,-0.71,-9.38,-27.598855,-48.516123,12,33.30
-23.55,35955.85,6.95,7931.14,0.10,0.38,-9.46,1.23,-5.93,-0.15,2.21,0.43,-7.88,-27.598850,-48.516108,12,33.40
-23.71,35830.03,9.10,7955.41,-0.14,-0.05,-9.27,1.48,-2.89,1.12,0.93,1.47,-8.20,-27.598846,-48.516092,8,33.50
-23.87,35705.06,7.43,7979.58,0.62,0.63,-8.83,-0.75,-5.54,1.27,-0.25,2.34,-7.59,-27.598841,-48.516077,9,33.62
-24.02,35580.95,6.10,8003.66,-0.47,0.00,-9.10,0.24,-3.18,0.28,-1.18,1.39,-7.15,-27.598837,-48.516062,11,33.73
-24.18,35457.70,5.85,8027.63,0.05,-0.24,-9.65,-0.11,-4.80,1.65,-2.72,0.72,-9.43,-27.598832,-48.516047,8,33.84
-24.33,35335.29,6.80,8051.51,0.65,-0.58,-9.92,0.27,-3.74,0.12,-0.59,-1.76,-11.00,-27.598828,-48.516032,12,33.94
-24.49,35213.73,5.82,8075.29,-0.67,-0.31,-9.82,0.11,-3.96,0.35,-1.91,-2.75,-10.70,-27.598823,-48.516016,10,34.06
-24.64,35093.00,4.47,8098.97,-0.20,-0.95,-10.48,1.14,-4.87,2.66,0.21,-3.55,-12.05,-27.598819,-48.516001,8,34.16
-24.80,34973.11,5.33,8122.56,-0.45,-0.36,-10.13,-0.21,-3.45,0.19,1.01,-2.09,-12.66,-27.598814,-48.515986,10,34.27
-24.95,34854.05,4.99,8146.04,0.23,-0.63,-9.05,1.02,-6.30,-1.12,1.68,-0.02,-10.24,-27.598810,-48.515971,11,34.37
-25.10,34735.81,4.43,8169.43,0.81,-0.50,-9.53,-0.02,-4.47,0.09,1.85,0.72,-10.53,-27.598805,-48.515955,11,34.50
-25.25,34618.39,4.29,8192.72,-0.39,1.04,-9.50,-0.20,-3.27,-0.74,1.17,2.43,-9.92,-27.598801,-48.515940,12,34.61
-25.40,34501.78,3.67,8215.91,-0.52,-0.14,-9.54,-0.27,-3.59,-0.05,-0.18,1.32,-8.03,-27.598796,-48.515925,12,34.73
-25.55,34385.99,4.11,8239.00,-0.05,0.69,-9.56,0.71,-4.22,0.48,-1.11,2.55,-7.11,-27.598792,-48.515910,11,34.83
-25.70,34270.99,4.51,8262.00,-0.73,0.30,-9.50,-0.40,-2.35,0.89,-2.90,0.18,-7.81,-27.598787,-48.515895,10,34.95
-25.85,34156.80,4.23,8284.90,0.05,-0.02,-10.46,-1.13,-4.33,0.30,-2.22,-2.09,-8.98,-27.598783,-48.515879,11,35.05
-26.00,34043.41,3.46,8307.69,-0.38,-0.45,-10.34,-0.40,-2.77,0.70,-0.77,-2.39,-9.78,-27.598778,-48.515864,8,35.18
-26.15,33930.80,3.15,8330.40,-0.05,0.38,-9.79,0.14,-5.85,-1.64,-0.53,-1.62,-11.31,-27.598774,-48.515849,11,35.28
-26.29,33818.98,3.88,8353.00,0.12,0.66,-9.69,1.48,-4.52,-0.73,1.20,-0.05,-11.76,-27.598769,-48.515834,10,35.38
-26.44,33707.95,3.89,8375.50,0.46,0.13,-9.28,0.71,-2.64,-0.02,1.80,0.25,-11.52,-27.598765,-48.515819,8,35.50
-26.59,33597.69,2.00,8397.91,-0.09,0.30,-9.67,2.16,-3.74,-1.44,0.93,2.87,-11.56,-27.598760,-48.515803,10,35.60
-26.73,33488.20,1.74,8420.22,-0.01,-0.12,-9.22,0.09,-5.88,-0.83,1.92,1.59,-11.13,-27.598756,-48.515788,10,35.72
-26.88,33379.48,2.62,8442.43,-0.84,0.26,-10.26,-0.78,-4.54,0.53,0.07,1.99,-10.41,-27.598751,-48.515773,11,36.07
-27.02,33271.53,4.19,8464.54,0.02,-0.01,-9.80,0.27,-4.44,-0.22,-1.12,0.83,-10.10,-27.598747,-48.515758,12,36.35
-27.16,33164.34,3.41,8486.55,0.04,0.34,-9.74,1.08,-3.86,0.62,-2.08,-0.26,-8.30,-27.598742,-48.515743,10,36.58
-27.31,33057.90,3.34,8508.47,-0.64,0.83,-9.58,0.56,-3.93,-1.37,-2.43,-0.53,-7.68,-27.598738,-48.515727,8,36.89
-27.45,32952.21,3.17,8530.29,1.00,-0.68,-9.80,-1.01,-4.55,0.36,-0.64,-3.41,-8.70,-27.598733,-48.515712,12,37.16
-27.59,32847.27,0.87,8552.01,0.18,-0.49,-9.55,0.86,-3.76,-0.25,-0.31,-1.92,-8.21,-27.598729,-48.515697,12,37.37
-27.73,32743.08,2.09,8573.63,0.89,0.15,-8.94,0.20,-6.54,-0.23,1.02,-0.35,-8.15,-27.598724,-48.515682,12,37.63
-27.87,32639.62,0.24,8595.15,0.13,-0.98,-9.44,-0.29,-3.57,-0.24,0.81,0.36,-10.26,-27.598720,-48.515667,9,37.94
-28.01,32536.89,0.60,8616.58,-0.21,-0.44,-9.58,1.20,-4.95,-0.25,1.22,2.68,-11.37,-27.598715,-48.515651,8,38.19
-28.15,32434.90,2.49,8637.91,0.02,-0.59,-10.35,0.30,-2.63,-2.29,1.72,2.11,-13.58,-27.598711,-48.515636,9,38.41
-28.28,32333.64,0.25,8659.14,-0.05,0.43,-11.09,-1.17,-3.41,-0.90,1.09,1.28,-12.68,-27.598706,-48.515621,10,38.59
-28.42,32233.09,2.47,8680.27,0.10,-0.77,-10.38,1.12,-4.96,-0.86,-0.08,-1.18,-12.05,-27.598702,-48.515606,10,38.83
-28.56,32133.27,0.99,8701.30,-0.09,1.25,-10.16,-0.44,-3.66,0.09,-0.44,-0.44,-9.33,-27.598697,-48.515591,9,39.03
-28.69,32034.16,1.39,8722.24,-0.13,-0.04,-10.17,-1.03,-4.03,1.44,-1.92,-1.70,-9.49,-27.598693,-48.515575,9,39.29
-28.83,31935.75,0.00,8743.07,0.44,0.81,-10.25,0.57,-4.51,-0.79,-0.71,-1.58,-8.44,-27.598688,-48.515560,10,39.59
-28.96,31838.06,1.45,8763.81,-0.04,0.20,-10.04,0.87,-3.91,0.51,-2.39,-0.73,-7.98,-27.598684,-48.515545,12,39.83
-29.10,31741.07,0.88,8784.45,-0.20,-0.07,-8.60,0.58,-3.77,-0.21,-0.66,0.40,-6.48,-27.598679,-48.515530,8,40.03
-29.23,31644.77,0.00,8805.00,-0.43,0.22,-9.76,-1.60,-3.38,0.55,0.96,1.24,-8.59,-27.598675,-48.515515,10,40.31
-29.37,31549.18,0.00,8825.44,0.57,0.23,-10.03,-0.26,-3.84,-1.34,1.85,2.24,-9.29,-27.598670,-48.515499,9,40.61
-29.50,31454.27,0.00,8845.79,0.11,-1.19,-10.55,1.03,-3.66,-0.12,1.99,-1.60,-11.43,-27.598666,-48.515484,11,40.87
-29.63,31360.05,0.00,8866.04,0.36,-0.45,-9.62,-1.29,-2.56,-0.29,1.60,1.59,-11.38,-27.598662,-48.515469,10,41.07
-29.76,31266.51,0.00,8886.19,-0.25,0.18,-10.03,-0.67,-4.57,-1.30,0.46,-0.09,-11.99,-27.598657,-48.515454,11,41.32
-29.89,31173.65,0.00,8906.24,-0.53,-0.27,-10.28,-1.05,-4.84,-0.28,-1.46,-2.79,-11.91,-27.598653,-48.515439,9,41.57
-30.02,31081.47,0.00,8926.19,-0.50,0.55,-10.31,0.88,-3.91,-0.30,-2.71,-1.13,-10.03,-27.598648,-48.515423,11,41.83
-30.15,30989.97,0.00,8946.05,-0.49,0.21,-9.31,1.17,-4.64,1.37,-2.36,-1.50,-8.81,-27.598644,-48.515408,11,42.06
-30.28,30899.13,0.00,8965.81,-0.42,0.32,-9.32,0.35,-3.55,-1.59,-1.92,1.13,-8.93,-27.598639,-48.515393,10,42.30
-30.41,30808.95,0.00,8985.47,0.09,-0.63,-9.51,0.78,-4.49,0.29,-0.22,0.17,-7.79,-27.598635,-48.515378,10,42.57
-30.53,30719.44,0.00,9005.03,-0.58,0.21,-9.76,-0.92,-4.53,0.35,-0.59,1.90,-7.50,-27.598630,-48.515362,11,42.77
-30.66,30630.58,0.00,9024.49,0.56,0.19,-9.74,1.66,-3.14,0.79,1.30,2.42,-9.25,-27.598626,-48.515347,9,43.01
-30.79,30542.38,0.00,9043.86,-0.68,0.38,-9.67,-0.32,-3.70,1.89,1.69,1.43,-10.01,-27.598621,-48.515332,9,43.21
-30.91,30454.83,0.00,9063.12,0.89,0.28,-8.96,-0.66,-3.64,-0.77,3.55,-0.91,-11.36,-27.598617,-48.515317,9,43.44
-31.03,30367.93,0.00,9082.29,-0.63,0.59,-9.42,-0.71,-3.65,-0.21,1.09,-1.14,-10.54,-27.598612,-48.515302,8,43.68
-31.16,30281.67,0.00,9101.36,-0.10,0.05,-10.48,-0.84,-4.63,1.10,-1.10,-1.52,-12.95,-27.598608,-48.515286,10,43.99
-31.28,30196.06,0.00,9120.34,0.83,0.14,-9.75,-1.44,-1.97,0.07,-0.16,-0.95,-11.94,-27.598603,-48.515271,9,44.21
-31.40,30111.08,0.00,9139.21,-0.18,0.27,-9.81,0.25,-2.78,-0.13,-1.28,-0.37,-10.80,-27.598599,-48.515256,11,44.44
-31.53,30026.73,0.00,9157.99,-0.06,0.07,-10.72,0.63,-3.76,0.77,-1.81,0.95,-12.19,-27.598594,-48.515241,11,44.70
-31.65,29943.02,0.00,9176.67,0.05,0.46,-9.65,-1.07,-4.14,0.70,-0.75,2.63,-9.05,-27.598590,-48.515226,10,45.05
-31.77,29859.93,0.00,9195.25,0.03,-0.29,-10.17,0.67,-4.58,3.65,0.08,2.43,-8.81,-27.598585,-48.515210,10,45.28
-31.89,29777.46,0.00,9213.73,0.66,0.08,-8.61,1.10,-3.37,-0.14,1.01,2.38,-6.42,-27.598581,-48.515195,9,45.52
-32.01,29695.62,0.00,9232.12,-1.12,0.32,-9.61,-1.08,-5.01,-1.23,0.22,1.65,-7.92,-27.598576,-48.515180,9,45.75
-32.13,29614.39,0.00,9250.40,-0.13,-0.03,-9.47,0.76,-3.43,-0.04,1.35,0.31,-8.25,-27.598572,-48.515165,9,45.99
-32.25,29533.78,0.00,9268.59,1.06,-0.16,-9.70,-0.06,-4.07,0.23,3.19,-0.73,-10.04,-27.598567,-48.515150,11,46.29
-32.36,29453.78,0.00,9286.68,0.96,0.36,-10.68,1.31,-3.85,-0.43,1.64,-1.94,-12.37,-27.598563,-48.515134,8,46.49
-32.48,29374.39,0.00,9304.67,0.63,0.09,-9.85,-0.48,-4.00,0.53,-0.86,-1.05,-11.27,-27.598558,-48.515119,12,46.79
-32.60,29295.60,0.00,9322.57,1.03,-0.30,-10.01,-0.13,-4.26,-1.01,-1.08,-1.44,-12.08,-27.598554,-48.515104,9,47.09
-32.71,29217.42,0.00,9340.36,0.54,-0.72,-10.32,-0.07,-3.96,1.17,-2.10,0.45,-11.08,-27.598549,-48.515089,8,47.31
-32.83,29139.83,0.00,9358.06,0.88,-0.18,-9.50,-1.05,-4.19,-0.23,-0.47,0.84,-10.32,-27.598545,-48.515074,8,47.56
-32.94,29062.84,0.00,9375.66,0.04,0.04,-8.45,1.45,-2.98,1.30,-1.35,2.72,-8.86,-27.598540,-48.515058,10,47.81
-33.06,28986.44,0.00,9393.16,-0.05,0.80,-9.25,-0.13,-5.24,-0.91,-0.26,2.02,-8.55,-27.598536,-48.515043,9,48.06
-33.17,28910.63,0.00,9410.57,-0.56,-0.40,-9.73,2.42,-3.52,-0.09,0.66,-0.57,-7.81,-27.598531,-48.515028,11,48.26
-33.28,28835.41,0.00,9427.87,-0.04,-0.02,-10.66,0.78,-3.22,-0.32,1.60,-0.49,-8.25,-27.598527,-48.515013,9,48.54
-33.39,28760.77,0.00,9445.08,0.04,-0.62,-9.67,-0.34,-2.51,-0.21,1.78,-2.14,-8.28,-27.598522,-48.514998,8,48.84
-33.50,28686.71,0.00,9462.19,-0.32,0.30,-9.48,1.45,-3.48,1.52,1.89,-1.40,-8.29,-27.598518,-48.514982,11,49.13
-33.61,28613.23,0.00,9479.20,-0.32,0.03,-9.47,0.06,-3.62,0.77,-0.66,-0.39,-9.96,-27.598513,-48.514967,9,49.38
-33.72,28540.32,0.00,9496.11,0.32,0.27,-10.17,1.34,-4.69,0.06,-1.99,-0.69,-12.02,-27.598509,-48.514952,8,49.62
-33.83,28467.99,0.00,9512.93,-0.32,-0.02,-9.37,-0.30,-4.27,1.61,-3.16,2.12,-11.29,-27.598504,-48.514937,10,49.83
-33.94,28396.22,0.00,9529.64,0.48,0.44,-8.76,-1.77,-3.06,0.81,-1.25,1.78,-11.46,-27.598500,-48.514922,10,50.03
-34.05,28325.03,0.00,9546.26,-0.30,0.67,-9.45,-0.92,-4.13,0.05,-1.08,2.46,-10.11,-27.598495,-48.514906,10,50.27
-34.16,28254.39,0.00,9562.78,0.41,-0.08,-9.66,1.69,-2.75,1.33,0.92,0.52,-10.00,-27.598491,-48.514891,12,50.54
-34.26,28184.32,0.00,9579.21,0.11,-0.16,-9.87,-1.81,-3.49,0.16,0.53,0.12,-10.19,-27.598486,-48.514876,10,50.80
-34.37,28114.80,0.00,9595.53,0.23,-0.43,-9.45,-1.39,-4.12,2.64,1.27,-2.62,-7.92,-27.598482,-48.514861,10,51.04
-34.48,28045.84,0.00,9611.76,-0.10,1.19,-10.28,-1.63,-3.48,-0.97,1.92,-0.38,-8.25,-27.598477,-48.514846,12,51.34
-34.58,27977.43,0.00,9627.88,0.57,0.57,-9.88,0.08,-2.05,0.01,1.61,-1.03,-6.28,-27.598473,-48.514830,8,51.64
-34.69,27909.58,0.00,9643.91,0.29,-0.44,-10.11,0.21,-4.17,-1.27,0.19,-1.01,-8.62,-27.598468,-48.514815,10,51.90
-34.79,27842.27,0.00,9659.85,-0.26,-0.78,-9.66,-0.79,-2.71,-0.55,-1.32,0.49,-10.63,-27.598464,-48.514800,11,52.17
-34.89,27775.50,0.00,9675.68,-0.27,-0.21,-9.89,1.23,-3.35,0.33,-1.78,1.85,-10.60,-27.598459,-48.514785,8,52.39
-34.99,27709.28,0.00,9691.42,-0.05,-0.32,-10.12,0.70,-4.93,2.56,-1.42,2.11,-10.60,-27.598455,-48.514770,11,52.64
-35.10,27643.59,0.00,9707.05,-0.20,-0.46,-9.71,0.06,-3.79,-0.97,-2.03,0.64,-10.53,-27.598450,-48.514754,12,52.95
-35.20,27578.45,0.00,9722.59,0.32,0.39,-8.69,0.12,-4.69,0.90,-0.32,0.44,-9.96,-27.598446,-48.514739,8,53.25
-35.30,27513.84,0.00,9738.03,0.97,0.42,-9.73,-1.79,-3.46,-0.26,1.69,-0.94,-11.31,-27.598441,-48.514724,12,53.55
-35.40,27449.76,0.00,9753.38,-0.79,0.01,-9.72,-1.14,-4.09,0.72,0.50,-2.30,-9.79,-27.598437,-48.514709,8,53.85
-35.50,27386.21,0.00,9768.62,-0.86,0.06,-9.97,1.66,-3.32,0.39,0.88,-1.98,-9.28,-27.598432,-48.514693,12,54.13
-35.59,27323.18,0.00,9783.77,0.43,-0.44,-9.61,0.42,-4.26,1.28,2.24,-1.51,-7.52,-27.598428,-48.514678,8,54.38
-35.69,27260.68,0.00,9798.82,-0.78,-0.16,-9.87,0.77,-4.62,-0.52,0.70,-0.54,-6.52,-27.598423,-48.514663,11,54.61
-35.79,27198.71,0.00,9813.77,-0.12,0.30,-10.31,1.60,-5.33,0.69,-0.88,1.57,-8.67,-27.598419,-48.514648,8,54.92
-35.89,27137.25,0.00,9828.62,0.15,0.17,-9.74,-0.94,-3.80,-0.80,-1.19,3.42,-8.01,-27.598414,-48.514633,9,55.19
-35.98,27076.31,0.00,9843.38,-0.08,0.71,-9.99,-0.72,-2.93,-0.84,-1.41,1.97,-9.82,-27.598410,-48.514617,8,55.46
-36.08,27015.88,0.00,9858.03,0.44,-0.52,-9.20,-0.35,-3.48,0.82,-2.12,0.64,-10.30,-27.598405,-48.514602,10,55.76
-36.17,26955.97,0.00,9872.59,-0.19,0.23,-10.18,0.25,-3.08,-0.31,-1.41,0.87,-11.80,-27.598401,-48.514587,8,56.06
-36.27,26896.57,0.00,9887.05,-0.70,-0.47,-9.42,-1.24,-2.78,-0.47,-1.72,-2.02,-12.00,-27.598397,-48.514572,11,56.29
-36.36,26837.67,0.00,9901.42,0.47,0.26,-9.55,-0.97,-5.14,0.73,2.95,-1.56,-10.28,-27.598392,-48.514557,12,56.49
-36.45,26779.28,0.00,9915.68,-0.25,0.35,-10.49,-1.10,-5.37,0.01,1.45,-1.51,-11.03,-27.598388,-48.514541,8,56.72
-36.54,26721.40,0.00,9929.85,-1.13,-0.23,-9.96,-0.71,-3.19,-1.11,0.37,-0.30,-10.01,-27.598383,-48.514526,8,56.99
-36.64,26664.01,0.00,9943.92,-0.17,-0.37,-9.85,-1.95,-4.76,1.27,1.77,1.21,-8.83,-27.598379,-48.514511,9,57.23
-36.73,26607.13,0.00,9957.89,-0.25,0.33,-10.58,0.94,-3.38,0.35,0.45,2.28,-8.61,-27.598374,-48.514496,12,57.51
-36.82,26550.74,0.00,9971.76,-0.31,-0.17,-10.10,0.02,-2.40,0.89,-2.41,2.55,-7.61,-27.598370,-48.514481,12,57.78
-36.91,26494.85,0.00,9985.53,-0.89,0.90,-9.84,0.96,-4.37,0.10,-3.11,1.90,-7.86,-27.598365,-48.514465,9,58.11
-36.99,26439.45,0.00,9999.21,0.05,-0.64,-9.80,1.66,-4.85,-2.19,-0.74,-1.81,-9.29,-27.598361,-48.514450,8,58.40
-37.08,26384.53,0.00,10012.78,0.47,0.69,-9.74,-0.75,-2.74,-0.88,-0.75,0.11,-8.94,-27.598356,-48.514435,9,58.67
-37.17,26330.11,0.00,10026.26,0.62,-0.08,-10.74,0.44,-3.86,0.49,0.76,-2.08,-11.62,-27.598352,-48.514420,8,58.97
-37.26,26276.17,0.00,10039.64,0.29,-0.32,-9.40,-1.33,-5.37,1.96,0.89,-2.86,-10.15,-27.598347,-48.514405,12,59.23
-37.34,26222.72,0.00,10052.93,-0.17,0.71,-9.66,-2.23,-4.91,-0.64,0.88,0.02,-11.51,-27.598343,-48.514389,10,59.49
-37.43,26169.75,0.00,10066.11,0.13,0.39,-9.74,0.95,-4.18,0.25,1.50,0.22,-11.33,-27.598338,-48.514374,10,59.74
-37.51,26117.26,0.00,10079.20,0.26,-0.65,-10.95,-0.07,-3.81,-1.12,2.32,0.18,-11.83,-27.598334,-48.514359,8,59.97
-37.60,26065.24,0.00,10092.19,0.88,-0.34,-10.18,-1.80,-2.89,-0.14,2.11,2.16,-9.39,-27.598329,-48.514344,9,60.25
-37.68,26013.71,0.00,10105.08,-0.49,-0.16,-9.71,-0.90,-3.25,-0.95,0.09,1.60,-9.02,-27.598325,-48.514329,10,60.47
-37.77,25962.64,0.00,10117.87,0.70,-0.38,-9.36,-2.68,-4.80,-1.28,-0.38,0.38,-7.22,-27.598320,-48.514313,8,60.67
-37.85,25912.05,0.00,10130.57,0.77,0.31,-10.14,0.23,-4.20,-0.42,-1.89,0.42,-7.13,-27.598316,-48.514298,12,60.86
-37.93,25861.93,0.00,10143.16,0.26,-0.60,-9.97,-0.78,-5.59,-0.14,-0.57,-1.36,-9.97,-27.598311,-48.514283,8,61.12
-38.01,25812.27,0.00,10155.66,-0.53,0.08,-9.25,0.45,-3.97,-1.48,-0.83,-1.66,-8.43,-27.598307,-48.514268,10,61.36
-38.09,25763.08,0.00,10168.06,-0.91,1.34,-9.58,-0.20,-5.13,0.14,-0.80,0.21,-10.71,-27.598302,-48.514253,9,61.57
-38.17,25714.36,0.00,10180.37,-0.27,-0.02,-9.60,-0.42,-5.11,0.47,0.35,-0.75,-11.18,-27.598298,-48.514237,11,61.83
-38.25,25666.10,0.00,10192.57,-0.88,0.16,-9.34,1.26,-3.00,0.75,2.26,0.66,-11.89,-27.598293,-48.514222,8,62.03
-38.33,25618.30,0.00,10204.68,-0.30,0.34,-9.65,0.66,-5.04,-0.07,1.42,1.83,-10.86,-27.598289,-48.514207,9,62.26
-38.41,25570.95,0.00,10216.68,0.24,0.19,-10.20,-1.60,-2.83,-0.35,1.23,2.24,-10.81,-27.598284,-48.514192,12,62.56
-38.49,25524.07,0.00,10228.59,-0.34,-0.07,-9.20,0.12,-3.72,1.25,-0.05,1.17,-8.36,-27.598280,-48.514177,11,62.82
-38.56,25477.64,0.00,10240.41,0.10,0.91,-9.55,-0.11,-2.75,-1.46,-1.55,1.51,-9.00,-27.598275,-48.514161,9,63.05
-38.64,25431.66,0.00,10252.12,0.62,1.08,-9.35,0.12,-5.40,-0.37,-1.57,-0.05,-7.95,-27.598271,-48.514146,11,63.35
-38.71,25386.13,0.00,10263.74,0.03,-0.34,-9.47,1.24,-1.65,2.75,-2.00,-2.64,-6.67,-27.598266,-48.514131,8,63.58
-38.79,25341.06,0.00,10275.25,0.42,0.36,-9.77,-1.13,-2.49,-1.67,-1.51,-2.06,-7.58,-27.598262,-48.514116,9,63.80
-38.86,25296.43,0.00,10286.67,-0.60,0.08,-9.75,-1.26,-4.45,0.14,-1.44,-1.48,-8.84,-27.598257,-48.514100,11,64.10
-38.94,25252.24,0.00,10297.99,-0.35,-0.33,-9.69,-0.05,-2.71,2.14,0.07,0.50,-9.33,-27.598253,-48.514085,11,64.34
-39.01,25208.51,0.00,10309.22,0.63,-0.09,-9.59,0.15,-2.91,0.40,2.01,1.19,-10.92,-27.598248,-48.514070,10,64.54
-39.08,25165.21,0.00,10320.34,-0.36,0.26,-9.93,1.54,-5.42,-0.16,1.64,1.77,-12.11,-27.598244,-48.514055,9,64.81
-39.15,25122.36,0.00,10331.37,-0.04,0.08,-9.68,0.12,-3.17,0.53,1.31,2.80,-12.17,-27.598239,-48.514040,8,65.07
-39.22,25079.94,0.00,10342.30,0.06,0.41,-8.95,-1.18,-5.69,-0.78,0.47,0.86,-11.13,-27.598235,-48.514024,12,65.36
-39.30,25037.97,0.00,10353.13,0.45,-0.38,-10.57,0.85,-3.06,0.07,0.04,-1.22,-12.01,-27.598230,-48.514009,8,65.59
-39.37,24996.43,0.00,10363.86,-1.14,-0.00,-9.94,1.67,-3.88,0.86,-2.32,-0.79,-9.73,-27.598226,-48.513994,10,65.77
-39.43,24955.32,0.00,10374.50,-0.55,0.03,-10.04,-0.35,-3.14,0.02,-1.67,-2.13,-9.62,-27.598221,-48.513979,8,66.04
-39.50,24914.65,0.00,10385.03,-0.05,-0.64,-10.56,2.09,-2.62,-1.33,-1.34,-2.29,-9.09,-27.598217,-48.513964,12,66.28
-39.57,24874.41,0.00,10395.47,0.38,0.32,-8.93,2.25,-3.64,1.17,-0.75,-0.27,-7.31,-27.598212,-48.513948,10,66.55
-39.64,24834.60,0.00,10405.81,0.03,0.75,-10.05,-1.02,-3.62,1.34,-0.82,2.60,-7.59,-27.598208,-48.513933,10,66.78
-39.70,24795.21,0.00,10416.05,-0.13,0.23,-9.91,0.85,-5.01,-0.12,0.97,1.54,-8.53,-27.598203,-48.513918,12,67.07
-39.77,24756.26,0.00,10426.20,-0.01,-0.74,-9.86,0.30,-3.34,1.04,2.25,1.30,-11.33,-27.598199,-48.513903,11,67.37
-39.84,24717.73,0.00,10436.24,-0.30,-1.00,-9.88,-1.63,-3.94,0.78,1.92,0.11,-11.59,-27.598194,-48.513888,8,67.60
-39.90,24679.63,0.00,10446.19,1.43,0.85,-10.13,-0.27,-6.02,-0.35,2.63,1.03,-11.57,-27.598190,-48.513872,11,67.77
-39.96,24641.94,0.00,10456.04,-0.35,0.54,-9.84,-1.07,-5.70,-1.54,0.19,0.12,-11.55,-27.598185,-48.513857,10,68.07
-40.03,24604.68,0.00,10465.79,-0.71,0.09,-11.35,-0.24,-2.93,1.16,-2.05,-3.20,-12.26,-27.598181,-48.513842,12,68.37
-40.09,24567.84,0.00,10475.45,0.53,-0.33,-10.13,1.31,-2.86,-0.89,-0.87,-2.57,-10.71,-27.598176,-48.513827,9,68.62
-40.15,24531.42,0.00,10485.00,-0.47,0.36,-9.37,0.51,-6.13,1.26,-2.68,-1.39,-9.35,-27.598172,-48.513812,10,68.79
-40.21,24495.41,0.00,10494.46,0.26,0.54,-8.47,-0.79,-3.85,0.49,-0.80,0.98,-7.17,-27.598167,-48.513796,9,68.99
-40.27,24459.82,0.00,10503.82,-0.45,-0.44,-9.83,0.78,-4.89,-0.58,-1.25,0.34,-7.20,-27.598163,-48.513781,8,69.22
-40.34,24424.64,0.00,10513.08,0.52,-0.68,-10.26,-1.10,-5.83,-0.03,0.80,1.98,-7.23,-27.598158,-48.513766,8,69.39
-40.39,24389.88,0.00,10522.24,0.08,0.16,-10.60,2.09,-3.97,-0.56,1.59,2.45,-8.84,-27.598154,-48.513751,8,69.69
-40.45,24355.53,0.00,10531.31,-0.68,0.17,-10.69,0.17,-6.54,-0.99,0.77,1.66,-10.11,-27.598149,-48.513736,11,69.91
-40.51,24321.59,0.00,10540.27,-0.31,0.26,-10.43,0.53,-3.18,0.13,2.30,-0.29,-10.72,-27.598145,-48.513720,10,70.21
-40.57,24288.05,0.00,10549.14,1.37,-0.19,-9.58,-2.13,-3.58,-0.65,1.74,-1.75,-10.84,-27.598140,-48.513705,11,70.43
-40.63,24254.93,0.00,10557.91,0.01,-0.14,-10.39,0.79,-2.66,-0.49,-0.21,-2.06,-13.38,-27.598136,-48.513690,8,70.61
-40.68,24222.21,0.00,10566.59,-0.06,-0.28,-9.02,0.15,-3.66,-1.35,-1.05,-1.24,-10.46,-27.598132,-48.513675,10,70.83
-40.74,24189.90,0.00,10575.16,-0.17,0.28,-10.56,0.26,-3.60,1.40,-2.40,-0.05,-11.57,-27.598127,-48.513660,12,71.10
-40.79,24157.99,0.00,10583.64,0.20,0.32,-9.99,0.11,-2.80,-0.66,-1.65,1.01,-10.95,-27.598123,-48.513644,12,71.30
-40.85,24126.48,0.00,10592.02,-0.34,0.41,-9.93,0.49,-3.39,0.42,-0.82,2.03,-9.45,-27.598118,-48.513629,8,71.58
-40.90,24095.38,0.00,10600.30,0.00,0.35,-9.52,-1.37,-3.38,0.13,-0.42,2.27,-8.82,-27.598114,-48.513614,9,71.80
-40.96,24064.67,0.00,10608.48,-0.89,-0.26,-9.95,1.55,-4.70,0.34,1.07,1.77,-7.76,-27.598109,-48.513599,9,72.03
-41.01,24034.37,0.00,10616.56,0.05,-0.15,-9.44,0.39,-6.81,0.13,1.20,0.45,-7.75,-27.598105,-48.513584,11,72.36
-41.06,24004.46,0.00,10624.55,0.01,0.45,-10.18,-0.57,-5.30,-0.21,2.94,-0.52,-9.15,-27.598100,-48.513568,8,72.66
-41.11,23974.95,0.00,10632.44,-0.69,-0.38,-9.58,-0.16,-4.30,-1.34,0.60,-2.57,-9.67,-27.598096,-48.513553,8,72.86
-41.16,23945.84,0.00,10640.23,0.57,0.39,-10.49,0.89,-3.58,-0.19,1.20,-2.13,-10.99,-27.598091,-48.513538,11,73.11
-41.21,23917.12,0.00,10647.92,-0.16,-0.73,-11.15,1.19,-3.22,-0.12,-2.75,-2.46,-12.55,-27.598087,-48.513523,11,73.39
-41.26,23888.79,0.00,10655.51,0.89,-0.10,-9.38,-0.99,-5.32,-0.38,-1.34,0.28,-10.54,-27.598082,-48.513507,12,73.64
-41.31,23860.86,0.00,10663.01,-0.39,0.44,-9.36,-0.40,-3.61,-0.44,-2.38,1.05,-10.12,-27.598078,-48.513492,10,73.86
-41.36,23833.32,0.00,10670.40,-0.49,0.20,-10.66,0.16,-3.20,0.12,-1.97,2.41,-10.60,-27.598073,-48.513477,11,74.14
-41.41,23806.17,0.00,10677.70,-0.58,0.26,-10.80,-1.24,-3.55,-0.06,-0.04,0.95,-10.46,-27.598069,-48.513462,12,74.36
-41.45,23779.41,0.00,10684.90,0.82,0.59,-10.21,0.56,-3.04,-1.81,0.91,2.14,-8.22,-27.598064,-48.513447,11,74.66
-41.50,23753.03,0.00,10692.01,0.67,0.18,-10.07,0.76,-5.52,-0.59,2.35,0.22,-7.41,-27.598060,-48.513431,12,74.97
-41.54,23727.05,0.00,10699.01,-0.59,-0.11,-9.47,0.73,-3.36,1.18,1.66,-1.49,-7.78,-27.598055,-48.513416,8,75.17
-41.59,23701.45,0.00,10705.92,-0.26,0.56,-10.46,-0.37,-3.10,0.90,2.13,-2.51,-8.88,-27.598051,-48.513401,10,75.35
-41.63,23676.23,0.00,10712.73,-0.29,-0.01,-9.70,1.09,-3.76,0.50,0.07,-1.45,-9.79,-27.598046,-48.513386,11,75.57
-41.68,23651.41,0.00,10719.44,-0.06,0.86,-10.22,-1.73,-3.85,-0.97,0.31,1.44,-10.39,-27.598042,-48.513371,12,75.87
-41.72,23626.96,0.00,10726.05,0.27,0.32,-9.75,-0.73,-2.36,0.78,-0.86,0.69,-10.55,-27.598037,-48.513355,11,76.12
-41.76,23602.90,0.00,10732.56,-0.04,0.59,-9.10,1.49,-5.18,0.56,-2.83,2.13,-9.42,-27.598033,-48.513340,9,76.37
-41.80,23579.22,0.00,10738.98,1.18,-0.68,-9.74,-2.81,-6.34,0.87,-0.67,1.66,-12.09,-27.598028,-48.513325,9,76.67
-41.84,23555.92,0.00,10745.30,0.57,-0.43,-10.44,-0.07,-4.26,-0.02,-0.58,0.75,-11.95,-27.598024,-48.513310,8,76.99
-41.88,23533.00,0.00,10751.52,0.28,-0.20,-10.59,-1.00,-3.18,-1.95,0.80,0.54,-10.48,-27.598019,-48.513295,11,77.24
-41.92,23510.45,0.00,10757.64,0.98,-0.01,-10.28,-0.19,-1.51,-0.57,2.22,-0.58,-10.22,-27.598015,-48.513279,12,77.52
-41.96,23488.29,0.00,10763.66,0.09,0.22,-10.42,1.20,-2.44,0.99,2.04,-1.65,-9.67,-27.598010,-48.513264,10,77.71
-42.00,23466.51,0.00,10769.59,0.54,-0.71,-10.05,-0.56,-3.74,-0.54,2.79,-2.37,-7.04,-27.598006,-48.513249,11,77.94
-42.04,23445.10,0.00,10775.42,0.14,-0.14,-10.78,-0.40,-6.01,-0.55,0.16,-1.14,-9.00,-27.598001,-48.513234,9,78.15
-42.08,23424.06,0.00,10781.15,-0.81,-0.41,-9.42,1.64,-5.06,-0.07,-1.50,-0.30,-7.98,-27.597997,-48.513219,9,78.46
-42.11,23403.41,0.00,10786.78,0.49,0.29,-10.17,-1.12,-3.95,-0.78,0.74,1.08,-10.87,-27.597992,-48.513203,10,78.68
-42.15,23383.12,0.00,10792.31,-0.01,0.34,-10.58,-1.35,-3.14,-0.13,-3.17,2.49,-11.65,-27.597988,-48.513188,11,78.87
-42.19,23363.21,0.00,10797.75,-0.42,1.16,-9.77,-1.16,-4.42,-1.66,-3.03,3.38,-12.83,-27.597983,-48.513173,12,79.06
-42.22,23343.67,0.00,10803.09,0.52,0.35,-9.91,-0.36,-3.18,-0.30,-0.86,1.36,-12.04,-27.597979,-48.513158,8,79.34
-42.25,23324.51,0.00,10808.32,-0.74,0.38,-10.29,1.75,-5.67,0.79,-0.64,0.55,-11.79,-27.597974,-48.513143,10,79.64
-42.29,23305.71,0.00,10813.47,0.19,-0.35,-10.82,0.54,-3.34,-0.64,0.32,-1.55,-11.69,-27.597970,-48.513127,12,79.84
-42.32,23287.29,0.00,10818.51,-0.52,-0.09,-9.71,0.59,-4.52,-0.20,1.11,-2.87,-9.73,-27.597965,-48.513112,8,80.06
-42.35,23269.24,0.00,10823.45,0.34,0.38,-10.28,-0.79,-5.98,0.41,2.41,-0.54,-8.45,-27.597961,-48.513097,10,80.35
-42.38,23251.55,0.00,10828.30,0.47,-0.75,-9.32,-1.04,-3.24,-0.14,2.65,-0.20,-7.98,-27.597956,-48.513082,11,80.66
-42.41,23234.24,0.00,10833.05,0.18,0.18,-10.10,0.62,-4.44,-1.12,0.83,0.79,-8.11,-27.597952,-48.513067,10,80.93
-42.45,23217.29,0.00,10837.70,0.36,0.32,-10.66,-1.28,-3.40,-0.01,0.10,1.48,-9.41,-27.597947,-48.513051,9,81.20
-42.47,23200.71,0.00,10842.25,-0.63,-0.04,-9.32,0.27,-4.51,0.71,-2.38,2.29,-8.44,-27.597943,-48.513036,11,81.47
-42.50,23184.49,0.00,10846.71,0.11,-0.57,-10.15,-1.05,-5.39,-1.16,-1.75,1.26,-10.28,-27.597938,-48.513021,12,81.75
-42.53,23168.64,0.00,10851.06,-0.21,0.99,-9.47,-0.56,-3.20,0.22,-2.11,1.73,-10.37,-27.597934,-48.513006,10,82.01
-42.56,23153.16,0.00,10855.32,1.07,0.51,-9.56,2.04,-2.39,-1.29,-0.60,0.16,-10.96,-27.597929,-48.512991,9,82.31
-42.59,23138.04,0.00,10859.48,-0.74,0.40,-9.56,0.49,-4.35,1.16,-0.16,-1.85,-10.45,-27.597925,-48.512975,10,82.57
-42.61,23123.29,0.00,10863.54,-0.29,-0.53,-10.39,0.31,-3.51,-0.74,1.00,-2.10,-11.63,-27.597920,-48.512960,12,82.81
-42.64,23108.90,0.00,10867.51,0.40,-0.24,-9.88,0.15,-4.07,-1.98,1.70,-1.92,-10.93,-27.597916,-48.512945,10,83.11
-42.66,23094.87,0.00,10871.37,-1.06,0.17,-9.47,-1.67,-2.92,2.22,0.09,-0.04,-9.21,-27.597911,-48.512930,10,83.36
-42.69,23081.20,0.00,10875.14,-0.75,-0.34,-9.64,0.21,-4.81,0.67,0.66,1.30,-8.09,-27.597907,-48.512915,9,83.66
-42.71,23067.90,0.00,10878.81,-0.11,-0.16,-8.57,1.07,-2.68,2.82,-0.51,2.85,-6.85,-27.597902,-48.512899,11,83.88
-42.74,23054.96,0.00,10882.38,-0.18,-0.48,-9.80,0.38,-5.92,-1.42,-2.65,1.68,-7.95,-27.597898,-48.512884,9,84.15
-42.76,23042.38,0.00,10885.85,-0.19,0.23,-9.93,-1.93,-2.98,-1.20,-2.91,1.01,-9.07,-27.597893,-48.512869,9,84.35
-42.78,23030.16,0.00,10889.23,-0.28,-1.18,-9.97,0.80,-3.65,0.85,-1.93,-0.14,-8.46,-27.597889,-48.512854,8,84.58
-42.80,23018.30,0.00,10892.51,0.97,0.22,-10.03,1.19,-5.42,-0.61,0.04,-2.31,-10.82,-27.597884,-48.512838,11,84.76
-42.82,23006.80,0.00,10895.68,0.81,-0.81,-9.34,0.11,-5.34,1.33,0.32,-3.00,-10.01,-27.597880,-48.512823,11,85.07
-42.84,22995.66,0.00,10898.77,-0.37,0.43,-9.37,-2.73,-4.02,-0.07,-0.03,-1.73,-10.98,-27.597875,-48.512808,12,85.37
-42.86,22984.88,0.00,10901.75,-0.34,-0.22,-10.27,-0.62,-4.97,0.12,1.10,-1.58,-11.43,-27.597871,-48.512793,8,85.64
-42.88,22974.46,0.00,10904.63,0.56,0.03,-9.78,-0.80,-1.92,-1.18,2.80,0.66,-11.23,-27.597867,-48.512778,11,85.94
-42.90,22964.39,0.00,10907.42,-0.37,-0.08,-8.84,0.79,-3.41,0.13,0.18,1.60,-9.86,-27.597862,-48.512762,10,86.12
-42.92,22954.69,0.00,10910.11,-0.49,0.41,-9.97,-0.30,-3.83,0.70,0.62,3.05,-9.83,-27.597858,-48.512747,9,86.42
-42.93,22945.34,0.00,10912.70,0.45,-0.26,-10.19,-1.90,-4.55,-1.29,-0.74,0.91,-8.34,-27.597853,-48.512732,9,86.66
-42.95,22936.34,0.00,10915.19,0.60,0.74,-10.24,-0.47,-6.45,-0.44,-1.46,1.34,-8.50,-27.597849,-48.512717,8,86.96
-42.96,22927.71,0.00,10917.58,-0.56,-0.19,-10.14,-0.93,-4.28,0.81,-3.15,-1.89,-7.82,-27.597844,-48.512702,10,87.23
-42.98,22919.43,0.00,10919.88,-0.33,0.15,-9.38,0.15,-3.44,0.57,-1.48,-2.26,-8.49,-27.597840,-48.512686,8,87.50
-42.99,22911.50,0.00,10922.08,0.75,0.63,-10.44,-2.35,-4.03,-0.75,0.19,-1.53,-10.99,-27.597835,-48.512671,8,87.69
-43.01,22903.94,0.00,10924.18,0.19,-0.36,-8.71,0.87,-3.36,0.25,0.28,-2.22,-8.94,-27.597831,-48.512656,9,87.86
-43.02,22896.72,0.00,10926.18,0.22,-0.53,-9.76,-0.92,-3.66,1.46,0.94,-0.85,-11.83,-27.597826,-48.512641,9,88.04
-43.03,22889.87,0.00,10928.08,0.31,0.32,-10.01,-1.40,-3.13,-0.46,2.95,1.28,-12.41,-27.597822,-48.512626,12,88.22
-43.04,22883.36,0.00,10929.89,-0.40,0.46,-9.13,0.57,-4.13,-0.55,1.86,2.69,-9.76,-27.597817,-48.512610,8,88.40
-43.06,22877.22,0.00,10931.60,-1.03,0.24,-8.87,-0.22,-4.04,-0.11,1.81,1.24,-10.45,-27.597813,-48.512595,12,88.59
-43.07,22871.42,0.00,10933.21,-0.35,0.02,-10.32,-1.29,-4.00,0.13,-0.42,0.92,-9.95,-27.597808,-48.512580,12,88.78
-43.08,22865.98,0.00,10934.72,0.61,-0.02,-8.99,0.21,-5.08,-0.92,0.67,-0.24,-8.72,-27.597804,-48.512565,10,88.99
-43.08,22860.90,0.00,10936.13,-0.33,-0.49,-9.97,1.94,-5.86,-0.44,-1.20,-2.04,-8.44,-27.597799,-48.512550,10,89.16
-43.09,22856.17,0.00,10937.45,0.53,-0.35,-10.55,0.27,-4.16,-1.49,-2.13,-2.29,-8.99,-27.597795,-48.512534,12,89.41
-43.10,22851.79,0.00,10938.66,0.18,0.25,-9.39,0.09,-3.40,-0.59,-3.05,-1.89,-7.47,-27.597790,-48.512519,9,89.60
-43.11,22847.76,0.00,10939.78,-0.01,-1.41,-9.45,0.30,-4.83,-0.53,0.25,-3.22,-8.55,-27.597786,-48.512504,9,89.79
-43.12,22844.09,0.00,10940.80,0.34,0.22,-9.69,0.15,-2.56,-1.54,0.70,1.04,-10.39,-27.597781,-48.512489,8,90.07
-43.12,22840.78,0.00,10941.73,0.22,0.54,-10.31,-0.24,-5.68,1.24,2.86,2.51,-12.71,-27.597777,-48.512474,12,90.26
-43.13,22837.81,0.00,10942.55,0.76,0.50,-9.00,0.68,-5.48,-0.72,2.29,2.48,-10.41,-27.597772,-48.512458,8,90.44
-43.13,22835.20,0.00,10943.28,-1.30,0.50,-10.01,-0.43,-4.63,1.66,0.83,1.11,-11.44,-27.597768,-48.512443,12,90.64
-43.14,22832.94,0.00,10943.91,-0.12,0.22,-9.50,-0.55,-4.51,-1.78,1.02,0.51,-10.86,-27.597763,-48.512428,8,90.94
-43.14,22831.03,0.00,10944.44,0.36,-0.32,-10.27,1.21,-4.19,-0.22,-0.86,-2.69,-11.30,-27.597759,-48.512413,12,91.17
-43.14,22829.48,0.00,10944.87,0.73,0.48,-10.26,0.84,-3.57,1.05,-0.05,-1.76,-9.60,-27.597754,-48.512398,12,91.38
-43.14,22828.28,0.00,10945.20,-0.21,0.26,-9.20,0.93,-5.36,-0.36,-1.84,-1.56,-6.94,-27.597750,-48.512382,12,91.60
-43.15,22827.43,0.00,10945.44,-0.49,-0.10,-10.29,-0.67,-5.64,0.95,-1.94,-1.18,-7.33,-27.597745,-48.512367,10,91.84
-43.15,22826.94,0.00,10945.58,0.72,-0.55,-9.92,-0.51,-3.69,-1.26,0.70,-1.37,-8.74,-27.597741,-48.512352,12,92.14
-43.15,22826.79,0.00,10945.62,-0.42,0.66,-9.77,-1.13,-4.79,-0.45,0.16,1.67,-8.72,-27.597736,-48.512337,10,92.39
-43.15,22827.00,0.00,10945.56,-0.21,0.24,-10.07,1.66,-5.45,-0.58,4.83,-0.72,-5.61,-27.597732,-48.512322,8,92.64
-43.12,22839.58,0.00,10942.06,-0.03,0.32,0.32,27.67,17.22,3.83,5.57,-6.25,-0.21,-27.597723,-48.512301,6,92.93
-43.10,22852.17,0.00,10938.56,-0.05,0.17,0.33,28.53,10.36,6.33,-1.30,-5.57,-5.18,-27.597714,-48.512281,8,93.23
-43.08,22864.76,0.00,10935.06,-0.40,0.72,0.29,26.47,-7.12,6.33,-4.98,-1.81,-5.29,-27.597705,-48.512261,7,93.46
-43.06,22877.36,0.00,10931.56,-0.98,0.18,0.16,19.62,-16.89,10.45,-3.76,1.55,-3.60,-27.597696,-48.512240,8,93.71
-43.03,22889.96,0.00,10928.06,-0.07,-1.34,0.01,17.55,-23.65,9.71,-1.84,1.87,-0.74,-27.597687,-48.512220,9,93.91
-43.01,22902.57,0.00,10924.56,0.12,-0.69,-0.75,4.94,-28.56,10.72,9.93,-3.49,4.04,-27.597678,-48.512200,8,94.16
-42.99,22915.19,0.00,10921.06,0.11,-0.42,-0.08,-7.66,-31.66,12.81,6.65,-5.18,1.65,-27.597669,-48.512180,9,94.46
-42.96,22927.81,0.00,10917.56,-0.92,-0.09,0.41,-16.98,-24.01,11.97,-0.82,-3.36,0.01,-27.597660,-48.512159,10,94.67
-42.94,22940.43,0.00,10914.06,0.22,-0.45,0.20,-23.90,-14.91,7.36,-0.36,4.76,-3.76,-27.597651,-48.512139,6,94.94
-42.92,22953.06,0.00,10910.56,-0.88,-0.02,0.72,-30.45,-5.29,9.83,-10.09,11.02,-5.88,-27.597642,-48.512119,9,95.19
-42.90,22965.70,0.00,10907.06,0.13,-0.33,0.23,-27.57,7.46,6.29,-0.07,3.21,-4.83,-27.597633,-48.512099,6,95.46
-42.87,22978.34,0.00,10903.56,0.64,-0.76,-0.57,-23.87,20.02,6.94,2.62,-2.45,-0.28,-27.597624,-48.512078,6,95.65
-42.85,22990.99,0.00,10900.06,-0.29,0.08,-0.22,-15.61,25.16,-0.79,6.84,-3.49,3.28,-27.597615,-48.512058,7,95.93
-42.83,23003.64,0.00,10896.56,0.11,0.78,-0.02,-7.88,31.63,0.87,3.57,-1.13,5.59,-27.597606,-48.512038,9,96.23
-42.80,23016.30,0.00,10893.06,-0.52,0.42,-0.40,10.11,27.52,-3.20,-7.22,2.47,-3.07,-27.597597,-48.512017,10,96.46
-42.78,23028.97,0.00,10889.56,-0.37,-0.30,0.56,15.92,23.38,-5.21,-5.81,6.12,-6.72,-27.597588,-48.511997,10,96.70
-42.76,23041.64,0.00,10886.06,0.14,-0.14,0.48,23.42,14.74,-4.73,-2.17,0.40,-8.21,-27.597579,-48.511977,9,96.93
-42.74,23054.32,0.00,10882.56,-0.12,-0.03,-0.22,30.09,3.66,-5.65,4.32,-4.60,-3.92,-27.597570,-48.511957,6,97.20
-42.71,23067.00,0.00,10879.06,0.31,-0.33,-0.15,29.07,-4.81,-7.58,5.46,-6.11,6.01,-27.597561,-48.511936,7,97.41
-42.69,23079.69,0.00,10875.56,0.15,0.82,0.15,21.03,-19.57,-10.46,4.92,1.05,2.21,-27.597552,-48.511916,8,97.64
-42.67,23092.38,0.00,10872.06,0.61,0.67,-0.40,13.48,-29.21,-11.62,-1.77,3.44,5.96,-27.597543,-48.511896,8,97.95
-42.65,23105.08,0.00,10868.56,0.02,-0.36,0.35,2.01,-32.39,-12.22,-4.73,7.43,0.68,-27.597534,-48.511875,6,98.22
-42.62,23117.78,0.00,10865.06,0.22,-0.05,-0.63,-8.30,-28.96,-11.48,-3.17,-0.51,-3.51,-27.597525,-48.511855,8,98.44
-42.60,23130.49,0.00,10861.56,0.32,-0.67,0.53,-19.65,-19.32,-6.98,0.80,-8.26,-6.20,-27.597516,-48.511835,10,98.70
-42.58,23143.21,0.00,10858.06,-0.12,0.65,-0.73,-27.53,-12.93,-9.77,7.07,-3.70,-2.51,-27.597507,-48.511815,6,98.99
-42.55,23155.93,0.00,10854.56,-0.33,-0.73,0.44,-32.84,-2.37,-5.21,4.69,2.66,2.49,-27.597498,-48.511794,8,99.24
-42.53,23168.66,0.00,10851.06,0.10,0.49,-0.18,-29.12,8.22,-8.88,-1.05,7.89,5.18,-27.597489,-48.511774,8,99.56
-42.51,23181.39,0.00,10847.56,-0.20,-0.31,-0.11,-20.98,23.85,-2.88,-8.17,4.38,6.43,-27.597480,-48.511754,8,99.88
-42.49,23194.13,0.00,10844.06,0.62,0.07,0.13,-13.08,26.07,-5.31,-3.68,1.95,0.92,-27.597471,-48.511734,8,100.12
-42.46,23206.87,0.00,10840.56,0.04,-0.53,-0.48,6.50,26.80,0.04,-1.97,-7.15,-6.45,-27.597462,-48.511713,6,100.39
-42.44,23219.62,0.00,10837.06,-0.55,0.09,0.00,11.48,28.01,5.77,5.06,-3.53,-6.98,-27.597453,-48.511693,7,100.73
-42.42,23232.38,0.00,10833.56,0.61,-0.10,-0.23,18.04,21.33,3.14,5.57,6.80,-2.12,-27.597444,-48.511673,6,100.95
-42.40,23245.14,0.00,10830.06,0.73,0.16,0.04,30.36,8.90,6.35,-1.32,4.83,2.37,-27.597435,-48.511652,7,101.21
-42.37,23257.91,0.00,10826.56,0.38,0.31,-0.88,25.27,0.23,7.03,-1.23,1.14,5.22,-27.597426,-48.511632,10,101.45
-42.35,23270.68,0.00,10823.06,-0.10,-0.39,0.62,27.60,-12.11,6.02,-3.93,-3.58,5.90,-27.597417,-48.511612,7,101.75
-42.33,23283.46,0.00,10819.56,-0.55,0.37,-0.12,22.81,-25.57,8.13,-4.67,-7.86,-1.84,-27.597408,-48.511592,7,102.02
-42.30,23296.24,0.00,10816.06,-0.73,0.43,-0.67,8.11,-27.92,6.42,6.14,-2.62,-7.36,-27.597399,-48.511571,8,102.30
-42.28,23309.03,0.00,10812.56,-0.32,-0.83,-0.05,1.51,-29.25,9.20,7.19,7.77,-5.88,-27.597390,-48.511551,6,102.62
-42.26,23321.83,0.00,10809.06,0.19,-0.54,0.78,-13.73,-26.99,7.14,4.98,3.44,1.78,-27.597381,-48.511531,9,102.87
-42.24,23334.63,0.00,10805.56,-0.58,0.98,0.34,-26.59,-20.16,7.89,-1.67,5.44,2.13,-27.597372,-48.511511,7,103.09
-42.21,23347.44,0.00,10802.06,0.79,0.12,0.13,-28.52,-8.16,6.71,-6.93,-6.55,5.83,-27.597363,-48.511490,6,103.29
-42.19,23360.25,0.00,10798.56,-0.25,-0.53,-0.39,-31.17,0.84,4.13,-7.35,-8.89,5.77,-27.597354,-48.511470,10,103.49
-42.17,23373.07,0.00,10795.06,0.05,-0.55,-0.61,-26.53,14.10,3.34,3.61,0.34,-3.83,-27.597345,-48.511450,10,103.72
-42.15,23385.89,0.00,10791.56,-0.07,0.03,-0.09,-19.95,25.86,3.37,5.48,7.55,-4.83,-27.597337,-48.511429,9,103.96
-42.12,23398.72,0.00,10788.06,0.26,0.34,0.48,-5.78,27.27,-3.19,6.12,5.69,-5.51,-27.597328,-48.511409,7,104.22
-42.10,23411.56,0.00,10784.56,-0.38,0.56,-0.01,6.90,30.65,0.19,-1.37,-0.83,-1.24,-27.597319,-48.511389,10,104.46
-42.08,23424.40,0.00,10781.06,-0.04,-0.02,0.01,11.54,26.33,-3.47,-5.36,-8.61,2.09,-27.597310,-48.511369,6,104.70
-42.05,23437.24,0.00,10777.56,-0.05,0.09,-0.04,23.10,20.03,-3.54,-4.43,-4.28,6.27,-27.597301,-48.511348,10,104.97
-42.03,23450.10,0.00,10774.06,-0.43,-0.29,-0.12,26.84,12.05,-5.96,-2.05,2.23,6.09,-27.597292,-48.511328,8,105.18
-42.01,23462.95,0.00,10770.56,0.56,-0.20,-0.99,26.67,-4.86,-6.54,4.03,4.07,-3.95,-27.597283,-48.511308,7,105.45
-41.99,23475.82,0.00,10767.06,-0.09,0.02,0.63,25.07,-14.53,-6.39,4.13,1.12,-1.88,-27.597274,-48.511288,9,105.77
-41.96,23488.69,0.00,10763.56,-0.25,0.30,0.07,19.82,-23.80,-11.47,-3.25,-2.31,-8.08,-27.597265,-48.511267,9,106.01
-41.94,23501.56,0.00,10760.06,1.24,-0.35,0.81,5.31,-28.59,-10.64,-3.42,-8.13,-1.01,-27.597256,-48.511247,8,106.24
-41.92,23514.44,0.00,10756.56,-0.42,0.00,0.72,-3.51,-29.15,-9.06,-5.39,-1.91,4.04,-27.597247,-48.511227,6,106.47
-41.89,23527.33,0.00,10753.06,-0.34,0.24,0.14,-15.55,-27.35,-8.55,-3.42,5.24,5.75,-27.597238,-48.511206,10,106.77
-41.87,23540.22,0.00,10749.56,0.18,-0.18,-0.80,-25.60,-18.53,-6.45,4.99,9.73,4.99,-27.597229,-48.511186,8,107.01
-41.85,23553.12,0.00,10746.06,-0.15,-0.69,-0.59,-30.67,-4.86,-5.29,1.13,1.07,-1.10,-27.597220,-48.511166,8,107.27
-41.83,23566.02,0.00,10742.56,-0.31,0.50,-0.04,-27.90,5.95,-5.11,2.03,-5.80,-5.81,-27.597211,-48.511146,9,107.56
-41.80,23578.93,0.00,10739.06,-1.04,-0.26,0.61,-25.19,16.92,-4.01,-3.71,-3.96,-3.90,-27.597202,-48.511125,8,107.81
-41.78,23591.85,0.00,10735.56,-0.79,0.59,0.60,-18.93,27.29,-4.28,-9.08,-3.60,-0.17,-27.597193,-48.511105,10,108.08
-41.76,23604.77,0.00,10732.06,-0.33,0.39,0.21,-8.41,29.66,-2.72,-5.51,2.72,5.03,-27.597184,-48.511085,10,108.29
-41.74,23617.70,0.00,10728.56,-0.22,-0.17,-0.74,7.72,33.51,0.91,3.75,2.21,8.72,-27.597175,-48.511065,10,108.48
-41.71,23630.63,0.00,10725.06,0.33,-0.16,-0.08,18.30,25.57,5.61,6.60,0.85,5.57,-27.597166,-48.511044,7,108.72
-41.69,23643.57,0.00,10721.56,0.67,0.82,-0.32,26.78,15.93,3.85,2.63,-1.70,-3.18,-27.597157,-48.511024,8,109.02
-41.67,23656.51,0.00,10718.06,-0.16,-0.44,-0.39,29.09,0.30,5.16,2.18,-5.03,-3.54,-27.597148,-48.511004,7,109.28
-41.64,23669.46,0.00,10714.56,0.25,-0.68,0.81,28.51,-7.04,8.50,-3.53,0.11,-5.16,-27.597139,-48.510983,9,109.52
-41.62,23682.42,0.00,10711.06,-0.14,-0.01,-0.15,22.90,-19.86,9.12,-5.07,5.19,1.43,-27.597130,-48.510963,10,109.82
-41.60,23695.38,0.00,10707.56,0.18,-0.13,0.25,14.42,-23.36,9.35,-1.53,4.22,4.31,-27.597121,-48.510943,10,110.08
-41.58,23708.34,0.00,10704.06,-0.56,-0.83,-1.06,1.44,-30.83,8.59,4.51,-3.79,6.21,-27.597112,-48.510923,9,110.34
-41.55,23721.32,0.00,10700.56,-0.57,0.33,-0.03,-10.76,-30.53,10.18,8.80,-7.42,0.85,-27.597103,-48.510902,10,110.62
-41.53,23734.29,0.00,10697.06,0.35,-0.04,0.45,-17.97,-28.55,8.48,-0.00,-0.53,0.86,-27.597094,-48.510882,6,110.94
-41.51,23747.28,0.00,10693.56,0.84,-0.49,0.17,-23.79,-14.43,9.46,-6.74,5.52,-2.49,-27.597085,-48.510862,6,111.23
-41.49,23760.27,0.00,10690.06,-0.37,-0.04,0.03,-32.73,-2.18,7.63,-3.33,4.98,-2.18,-27.597076,-48.510842,6,111.46
-41.46,23773.26,0.00,10686.56,-0.67,-0.05,0.18,-31.06,9.10,6.40,-0.57,0.02,0.20,-27.597067,-48.510821,9,111.66
-41.44,23786.27,0.00,10683.06,-0.02,0.17,0.02,-20.94,19.12,3.67,6.97,-5.86,1.79,-27.597058,-48.510801,9,111.86
-41.42,23799.27,0.00,10679.56,0.85,0.07,0.62,-12.58,28.06,0.39,5.98,-3.81,7.58,-27.597049,-48.510781,6,112.11
-41.39,23812.29,0.00,10676.06,-0.34,0.09,0.23,-3.25,30.79,0.35,-1.29,0.24,5.22,-27.597040,-48.510760,10,112.28
-41.37,23825.30,0.00,10672.56,-0.14,0.44,-0.20,10.71,30.35,-1.29,-6.26,6.55,-2.01,-27.597031,-48.510740,8,112.49
-41.35,23838.33,0.00,10669.06,-0.50,0.18,0.95,20.86,21.63,-2.27,-7.57,6.24,-2.99,-27.597022,-48.510720,6,112.73
-41.33,23851.36,0.00,10665.56,0.51,0.23,0.61,23.72,14.57,-5.60,-4.93,-4.38,-8.98,-27.597013,-48.510700,10,113.01
-41.30,23864.39,0.00,10662.06,-0.70,0.14,-0.13,31.69,3.08,-8.74,2.93,-4.93,-1.02,-27.597004,-48.510679,7,113.27
-41.28,23877.44,0.00,10658.56,0.34,0.77,0.13,29.82,-8.44,-9.11,4.80,-1.64,4.16,-27.596995,-48.510659,10,113.48
-41.26,23890.48,0.00,10655.06,-0.09,0.11,-0.80,23.65,-19.89,-15.46,1.18,-0.90,5.85,-27.596986,-48.510639,10,113.80
-41.24,23903.54,0.00,10651.56,-0.20,-0.68,-0.12,11.95,-27.17,-8.34,-6.00,5.77,3.33,-27.596977,-48.510619,7,114.04
-41.21,23916.60,0.00,10648.06,-0.18,-0.36,0.65,4.27,-26.31,-10.15,-6.32,6.76,-0.53,-27.596968,-48.510598,9,114.36
-41.19,23929.66,0.00,10644.56,0.28,-0.11,0.22,-10.76,-27.52,-10.03,-3.83,-2.59,-7.29,-27.596959,-48.510578,9,114.62
-41.17,23942.73,0.00,10641.06,-1.12,0.16,0.43,-19.55,-19.12,-6.15,3.22,-6.97,-2.29,-27.596950,-48.510558,6,114.90
-41.14,23955.81,0.00,10637.56,-0.54,-0.40,0.75,-25.36,-10.01,-4.96,3.86,-5.92,-1.87,-27.596941,-48.510537,6,115.16
-41.12,23968.89,0.00,10634.06,0.37,0.58,-0.10,-29.55,-0.15,-8.38,6.61,2.75,3.29,-27.596932,-48.510517,10,115.42
-41.10,23981.98,0.00,10630.56,-0.10,-0.04,-0.08,-28.90,12.57,-4.59,-2.48,7.08,7.67,-27.596923,-48.510497,6,115.72
-41.08,23995.07,0.00,10627.06,-0.16,-0.12,0.55,-22.16,20.51,-2.51,-6.49,6.06,7.87,-27.596914,-48.510477,9,115.89
-41.05,24008.17,0.00,10623.56,-0.27,-0.27,-0.58,-11.66,27.74,-1.65,-6.40,-4.32,-2.09,-27.596905,-48.510456,7,116.09
-41.03,24021.28,0.00,10620.06,-0.36,0.31,-0.07,4.04,28.34,-0.59,1.05,-9.26,-5.73,-27.596896,-48.510436,9,116.32
-41.01,24034.39,0.00,10616.56,0.40,-0.12,0.15,10.33,28.97,2.05,4.60,-6.20,-8.67,-27.596887,-48.510416,8,116.56
-40.98,24047.50,0.00,10613.06,-0.08,0.37,-0.09,20.93,18.61,4.31,7.65,5.40,0.01,-27.596878,-48.510396,8,116.86
-40.96,24060.63,0.00,10609.56,0.30,0.04,-0.20,28.55,11.87,6.43,2.17,7.42,2.31,-27.596869,-48.510375,6,117.10
-40.94,24073.75,0.00,10606.06,-0.01,-0.00,0.54,29.07,-4.96,10.05,-3.71,1.18,5.80,-27.596860,-48.510355,7,117.34
-40.92,24086.89,0.00,10602.56,0.01,-0.30,-0.09,29.39,-13.07,10.54,-6.76,-5.47,5.34,-27.596851,-48.510335,8,117.61
-40.89,24100.03,0.00,10599.06,0.25,-0.80,0.03,20.87,-22.74,8.82,-0.02,-6.74,-0.38,-27.596842,-48.510314,7,117.90
-40.87,24113.17,0.00,10595.56,0.87,-0.11,0.15,4.85,-26.48,12.91,5.49,-2.11,-7.00,-27.596833,-48.510294,6,118.10
-40.85,24126.33,0.00,10592.06,-0.27,-0.18,0.28,-6.24,-29.94,11.72,5.54,6.49,-4.65,-27.596824,-48.510274,6,118.30
-40.83,24139.48,0.00,10588.56,-0.62,0.83,-0.68,-17.15,-25.57,11.24,-0.13,1.38,-1.33,-27.596815,-48.510254,9,118.57
-40.80,24152.65,0.00,10585.06,-0.70,0.66,-0.11,-25.17,-17.48,8.25,-2.26,-0.69,2.61,-27.596807,-48.510233,6,118.77
-40.78,24165.82,0.00,10581.56,-0.78,-0.22,0.52,-28.28,-6.91,11.35,-4.81,-5.13,7.29,-27.596798,-48.510213,9,119.07
-40.76,24178.99,0.00,10578.06,-0.57,-1.01,0.40,-31.35,5.39,5.28,0.38,-3.45,0.51,-27.596789,-48.510193,6,119.30
-40.73,24192.17,0.00,10574.56,-0.03,0.76,0.44,-26.66,15.78,7.44,6.10,5.40,-3.44,-27.596780,-48.510173,6,119.57
-40.71,24205.36,0.00,10571.06,0.07,0.25,0.17,-18.63,25.71,1.58,7.59,6.38,-5.76,-27.596771,-48.510152,8,119.85
-40.69,24218.55,0.00,10567.56,-0.09,0.33,0.05,-5.93,33.86,0.54,5.09,2.26,-7.06,-27.596762,-48.510132,10,120.12
-40.67,24231.75,0.00,10564.06,0.05,0.08,-0.00,1.88,29.34,-0.06,-0.71,-4.30,0.40,-27.596753,-48.510112,8,120.38
-40.64,24244.95,0.00,10560.56,0.30,0.12,0.67,11.86,25.34,-0.26,-4.63,-6.25,3.88,-27.596744,-48.510091,8,120.58
-40.62,24258.16,0.00,10557.06,-1.10,-0.03,-0.12,28.31,19.20,-6.76,-3.89,-3.81,4.55,-27.596735,-48.510071,7,120.88
-40.60,24271.38,0.00,10553.56,-0.46,0.03,0.23,27.53,6.95,-9.56,1.77,3.45,4.87,-27.596726,-48.510051,9,121.18
-40.58,24284.60,0.00,10550.06,0.04,0.05,-0.22,30.91,-5.27,-12.75,5.92,4.47,-1.72,-27.596717,-48.510031,9,121.41
-40.55,24297.83,0.00,10546.56,0.45,1.60,0.13,22.86,-12.71,-7.04,5.01,3.17,-5.53,-27.596708,-48.510010,10,121.64
-40.53,24311.06,0.00,10543.06,0.54,-0.63,0.29,21.46,-26.02,-9.49,0.07,-4.43,-4.61,-27.596699,-48.509990,8,121.86
-40.51,24324.30,0.00,10539.56,-0.27,-0.52,0.55,7.05,-26.64,-8.81,-9.99,-4.89,-1.60,-27.596690,-48.509970,7,122.08
-40.48,24337.54,0.00,10536.06,-0.10,-0.14,0.31,-6.76,-28.63,-9.10,-3.66,-0.91,5.54,-27.596681,-48.509950,6,122.31
-40.46,24350.79,0.00,10532.56,0.07,0.24,0.32,-21.01,-26.36,-8.04,-1.07,3.12,6.33,-27.596672,-48.509929,8,122.56
-40.44,24364.05,0.00,10529.06,-0.82,-1.16,0.45,-23.39,-16.60,-9.96,6.95,2.74,2.87,-27.596663,-48.509909,6,122.78
-40.42,24377.31,0.00,10525.56,-0.51,-0.85,-0.11,-25.12,-3.35,-5.42,2.89,-2.99,2.39,-27.596654,-48.509889,8,123.05
-40.39,24390.58,0.00,10522.06,-0.26,0.33,0.54,-29.09,7.94,-4.41,1.60,-4.57,-5.42,-27.596645,-48.509868,10,123.28
-40.37,24403.86,0.00,10518.56,0.07,-0.03,0.10,-27.57,18.56,0.80,-5.65,-4.97,-7.53,-27.596636,-48.509848,6,123.53
-40.35,24417.14,0.00,10515.06,-0.38,0.62,-0.22,-17.67,24.92,-2.20,-6.44,-0.49,0.18,-27.596627,-48.509828,7,123.76
-40.33,24430.42,0.00,10511.56,-0.26,0.18,0.43,-5.59,33.25,3.48,-2.39,3.80,3.75,-27.596618,-48.509808,8,124.00
-40.30,24443.71,0.00,10508.06,0.13,-0.51,-0.51,7.73,26.95,4.10,3.14,2.09,5.76,-27.596609,-48.509787,8,124.20
-40.28,24457.01,0.00,10504.56,0.22,0.21,0.49,16.23,22.64,5.65,7.17,-4.13,5.40,-27.596600,-48.509767,8,124.50
-40.26,24470.31,0.00,10501.06,0.61,-0.57,-1.16,26.56,13.50,6.00,4.12,-7.57,-4.50,-27.596591,-48.509747,6,124.76
-40.23,24483.62,0.00,10497.56,-0.25,0.50,-0.38,30.38,8.24,5.17,-0.19,-5.12,-7.14,-27.596582,-48.509727,10,125.02
-40.21,24496.94,0.00,10494.06,0.12,0.92,-2.03,26.82,-8.83,7.73,-7.16,4.92,-5.91,-27.596573,-48.509706,9,125.27
-40.19,24510.26,0.00,10490.56,-0.87,-0.62,0.37,25.37,-18.97,10.61,-5.61,4.93,-1.71,-27.596564,-48.509686,9,125.55
-40.17,24523.59,0.00,10487.06,0.00,0.02,-0.04,17.74,-26.16,11.48,1.77,4.24,2.69,-27.596555,-48.509666,9,125.78
-40.14,24536.92,0.00,10483.56,-0.28,0.01,-0.41,0.59,-33.04,9.94,5.13,-4.47,5.05,-27.596546,-48.509645,7,126.04
-40.12,24550.26,0.00,10480.06,-0.90,-0.57,0.21,-7.87,-29.12,10.78,1.39,-7.34,3.44,-27.596537,-48.509625,6,126.27
-40.10,24563.60,0.00,10476.56,-0.04,1.05,-0.64,-18.72,-23.70,8.94,-1.23,1.22,-1.26,-27.596528,-48.509605,8,126.52
-40.07,24576.95,0.00,10473.06,0.39,-0.63,0.21,-28.08,-14.02,7.80,-5.71,2.82,-7.12,-27.596519,-48.509585,7,126.71
-40.05,24590.31,0.00,10469.56,0.41,-0.15,-0.45,-27.58,1.85,4.52,-4.20,6.36,-3.38,-27.596510,-48.509564,9,126.97
-40.03,24603.67,0.00,10466.06,0.65,0.52,0.28,-29.30,10.55,6.08,1.99,0.27,-4.62,-27.596501,-48.509544,9,127.21
-40.01,24617.04,0.00,10462.56,-0.06,-0.24,-0.22,-21.89,18.94,5.80,8.20,-7.62,3.90,-27.596492,-48.509524,10,127.48
-39.98,24630.41,0.00,10459.06,-0.31,0.38,0.43,-8.62,27.50,3.65,3.62,-4.46,7.63,-27.596483,-48.509504,7,127.71
-39.96,24643.79,0.00,10455.56,-1.12,0.18,-0.26,-2.20,29.95,1.81,1.78,-2.03,3.15,-27.596474,-48.509483,8,127.95
-39.94,24657.18,0.00,10452.06,-0.05,-0.27,-0.19,12.62,30.98,-2.73,-4.22,3.92,0.89,-27.596465,-48.509463,9,128.22
-39.92,24670.57,0.00,10448.56,0.45,-0.20,-0.31,18.84,20.20,-3.57,-4.62,3.73,-4.42,-27.596456,-48.509443,9,128.45
-39.89,24683.96,0.00,10445.06,-0.51,0.06,0.66,30.09,14.74,-5.03,-3.94,-1.87,-3.44,-27.596447,-48.509422,8,128.68
-39.87,24697.37,0.00,10441.56,-0.28,-0.66,0.14,33.43,-1.76,-6.50,4.88,-5.16,1.79,-27.596438,-48.509402,6,128.92
-39.85,24710.78,0.00,10438.06,-0.12,0.52,-0.59,29.30,-9.88,-11.27,8.50,-2.94,3.70,-27.596429,-48.509382,10,129.22
-39.82,24724.19,0.00,10434.56,-0.03,-0.68,-0.41,20.77,-22.41,-9.19,3.14,2.26,1.55,-27.596420,-48.509362,8,129.52
-39.80,24737.61,0.00,10431.06,0.45,-0.49,-0.29,10.99,-28.36,-10.52,-5.49,6.03,4.85,-27.596411,-48.509341,9,129.82
-39.78,24751.04,0.00,10427.56,0.15,0.08,0.05,-1.16,-31.15,-11.44,-8.81,0.66,-1.89,-27.596402,-48.509321,7,130.08
-39.76,24764.47,0.00,10424.06,-0.18,-0.31,0.19,-16.00,-29.19,-10.01,-2.85,-2.43,-6.27,-27.596393,-48.509301,6,130.37
-39.73,24777.91,0.00,10420.56,-0.30,-0.34,0.20,-19.86,-20.62,-8.47,4.65,-4.57,-6.17,-27.596384,-48.509281,8,130.62
-39.71,24791.35,0.00,10417.06,-0.11,0.08,-0.12,-28.11,-5.44,-8.60,6.47,-2.92,-2.08,-27.596375,-48.509260,6,130.94
-39.69,24804.81,0.00,10413.56,-0.05,0.46,0.50,-31.24,5.71,-5.42,3.32,2.94,2.23,-27.596366,-48.509240,7,131.23
-39.67,24818.26,0.00,10410.06,-0.05,0.71,0.65,-26.16,14.42,-5.58,-0.93,7.46,5.38,-27.596357,-48.509220,7,131.53
-39.64,24831.72,0.00,10406.56,0.11,-0.44,0.30,-21.19,24.67,-1.31,-6.00,0.49,6.04,-27.596348,-48.509199,6,131.81
-39.62,24845.19,0.00,10403.06,-0.17,-0.54,-0.55,-12.69,27.87,-3.59,-6.06,-2.89,-4.41,-27.596339,-48.509179,7,132.03
-39.60,24858.67,0.00,10399.56,0.58,-0.24,-0.26,0.11,26.87,-2.13,1.76,-5.28,-6.15,-27.596330,-48.509159,8,132.33
-39.57,24872.15,0.00,10396.06,-0.16,-0.15,0.60,13.53,26.55,5.80,2.98,-8.85,-0.15,-27.596321,-48.509139,10,132.63
-39.55,24885.63,0.00,10392.56,-0.06,0.29,-0.16,24.10,20.40,3.18,5.48,4.79,0.98,-27.596312,-48.509118,7,132.89
-39.53,24899.12,0.00,10389.06,0.25,-0.74,-0.72,28.02,8.41,6.74,-1.27,8.00,-0.37,-27.596303,-48.509098,10,133.13
-39.51,24912.62,0.00,10385.56,-0.15,0.61,-0.26,28.72,-3.78,7.01,-5.82,-0.34,6.16,-27.596294,-48.509078,8,133.35
-39.48,24926.12,0.00,10382.06,-0.56,0.37,0.20,23.83,-18.43,8.86,-4.01,-4.23,1.73,-27.596285,-48.509058,10,133.58
-39.46,24939.63,0.00,10378.56,-0.25,-0.08,-0.26,18.81,-21.11,11.52,-1.56,-5.40,-2.70,-27.596277,-48.509037,9,133.85
-39.44,24953.15,0.00,10375.06,-0.51,0.72,0.50,3.76,-29.41,12.74,4.28,-1.00,-2.65,-27.596268,-48.509017,7,134.08
-39.42,24966.67,0.00,10371.56,0.79,-0.34,0.23,-6.31,-31.09,7.56,7.20,6.09,-6.54,-27.596259,-48.508997,9,134.35
-39.39,24980.20,0.00,10368.06,0.03,0.15,-0.56,-15.61,-23.36,11.88,2.28,7.17,-3.27,-27.596250,-48.508976,6,134.55
-39.37,24993.73,0.00,10364.56,-0.31,0.56,0.47,-23.18,-17.84,6.29,-5.53,1.50,6.31,-27.596241,-48.508956,7,134.85
-39.35,25007.27,0.00,10361.06,0.57,0.26,-0.30,-30.84,-6.25,5.93,-3.97,-7.70,5.75,-27.596232,-48.508936,8,135.17
-39.32,25020.82,0.00,10357.56,0.25,0.27,0.49,-27.79,8.25,3.74,-2.01,-3.03,1.77,-27.596223,-48.508916,6,135.42
-39.30,25034.37,0.00,10354.06,0.11,-0.69,0.81,-25.91,15.21,7.64,4.69,1.64,1.95,-27.596214,-48.508895,10,135.59
-39.28,25047.92,0.00,10350.56,0.18,0.02,0.51,-14.22,26.31,-0.96,6.60,4.94,-5.39,-27.596205,-48.508875,7,135.86
-39.26,25061.49,0.00,10347.06,-0.09,0.18,-0.67,-2.71,33.79,1.45,5.05,4.84,-5.66,-27.596196,-48.508855,10,136.04
-39.23,25075.06,0.00,10343.56,-0.17,-0.43,-0.27,6.13,32.50,-1.40,-3.92,-5.12,1.62,-27.596187,-48.508835,8,136.31
-39.21,25088.63,0.00,10340.06,-0.59,-0.57,0.51,16.47,26.06,-2.67,-6.60,-9.39,4.05,-27.596178,-48.508814,7,136.56
-39.19,25102.21,0.00,10336.56,-0.15,-0.66,-0.16,26.10,14.87,-4.00,-4.20,-0.79,5.00,-27.596169,-48.508794,6,136.88
-39.16,25115.80,0.00,10333.06,1.09,-0.61,0.28,28.56,4.55,-8.35,4.85,2.65,1.14,-27.596160,-48.508774,9,137.16
-39.14,25129.39,0.00,10329.56,0.53,0.01,0.26,28.15,-9.62,-8.55,8.36,7.92,-1.17,-27.596151,-48.508753,10,137.40
-39.12,25142.99,0.00,10326.06,0.12,0.30,0.32,23.08,-17.79,-14.07,3.91,-0.92,-6.75,-27.596142,-48.508733,7,137.67
-39.10,25156.59,0.00,10322.56,0.71,0.33,0.69,12.53,-25.13,-11.30,1.67,-4.36,-2.93,-27.596133,-48.508713,6,137.97
-39.07,25170.20,0.00,10319.06,-0.72,-0.09,0.56,-0.97,-34.35,-8.35,-7.46,-6.87,0.78,-27.596124,-48.508693,7,138.20
-39.05,25183.82,0.00,10315.56,-0.82,0.51,-0.29,-9.14,-25.24,-9.52,-10.52,3.28,8.58,-27.596115,-48.508672,10,138.43
-39.03,25197.44,0.00,10312.06,0.42,0.20,0.71,-16.66,-21.20,-12.27,-0.41,9.27,7.70,-27.596106,-48.508652,9,138.70
-39.01,25211.07,0.00,10308.56,-0.27,-0.58,-0.48,-25.69,-13.56,-11.64,5.72,4.07,0.66,-27.596097,-48.508632,8,138.93
-38.98,25224.71,0.00,10305.06,0.19,0.10,-0.05,-32.89,-4.12,-5.63,7.52,-2.03,-2.19,-27.596088,-48.508612,7,139.22
-38.96,25238.35,0.00,10301.56,0.21,0.19,-0.51,-24.60,10.02,-1.37,-1.11,-2.21,-7.39,-27.596079,-48.508591,9,139.43
-38.94,25251.99,0.00,10298.06,0.75,0.31,-0.73,-22.76,17.63,-7.64,-2.79,-2.82,-0.97,-27.596070,-48.508571,10,139.65
-38.91,25265.65,0.00,10294.56,-1.44,0.62,0.06,-12.07,29.07,-4.39,-7.02,2.89,-0.75,-27.596061,-48.508551,6,139.93
-38.89,25279.30,0.00,10291.06,-0.60,-1.37,-0.22,-1.22,28.97,-0.01,-0.67,5.12,6.25,-27.596052,-48.508530,10,140.17
-38.87,25292.97,0.00,10287.56,-0.95,-0.69,-0.20,8.70,25.57,0.88,4.93,6.44,5.17,-27.596043,-48.508510,10,140.49
-38.85,25306.64,0.00,10284.06,0.73,-0.31,0.62,20.58,24.67,7.46,8.50,-3.33,2.95,-27.596034,-48.508490,8,140.74
-38.82,25320.32,0.00,10280.56,-0.54,0.40,-0.26,29.08,8.88,3.43,1.98,-6.49,-5.27,-27.596025,-48.508470,8,141.02
-38.80,25334.00,0.00,10277.06,-0.31,0.66,-0.60,31.71,1.68,5.81,-1.71,-2.19,-3.07,-27.596016,-48.508449,9,141.28
-38.78,25347.69,0.00,10273.56,-0.37,-0.30,0.29,25.46,-11.13,12.75,-6.07,3.91,-7.77,-27.596007,-48.508429,9,141.54
-38.76,25361.38,0.00,10270.06,0.05,-0.58,0.21,19.80,-21.38,8.27,-0.90,4.05,1.11,-27.595998,-48.508409,10,141.81
-38.73,25375.08,0.00,10266.56,0.51,0.59,-0.71,10.43,-26.62,9.03,3.41,4.60,4.20,-27.595989,-48.508388,9,142.11
-38.71,25388.79,0.00,10263.06,0.45,0.01,-0.50,0.01,-28.60,11.21,5.74,-3.87,3.38,-27.595980,-48.508368,7,142.29
-38.69,25402.50,0.00,10259.56,0.20,0.08,0.27,-11.25,-25.39,10.75,2.75,-4.87,2.40,-27.595971,-48.508348,10,142.56
-38.66,25416.22,0.00,10256.06,0.12,1.03,-0.00,-20.11,-20.62,7.67,-2.83,1.74,-0.92,-27.595962,-48.508328,8,142.84
-38.64,25429.94,0.00,10252.56,-0.05,-0.03,-0.94,-23.93,-13.49,6.58,-1.73,4.02,-8.28,-27.595953,-48.508307,7,143.13
-38.62,25443.67,0.00,10249.06,-0.76,-0.28,-0.29,-29.82,0.30,9.60,-4.08,4.07,-8.89,-27.595944,-48.508287,10,143.36
-38.60,25457.41,0.00,10245.56,-0.08,-0.17,0.06,-26.65,15.04,6.49,2.88,0.23,-0.41,-27.595935,-48.508267,10,143.60
-38.57,25471.15,0.00,10242.06,-0.34,-0.00,-0.55,-18.78,21.33,4.09,6.07,-5.21,7.06,-27.595926,-48.508247,9,143.83
-38.55,25484.90,0.00,10238.56,0.01,0.24,0.57,-10.16,28.01,1.46,4.82,-2.49,9.69,-27.595917,-48.508226,7,144.06
-38.53,25498.65,0.00,10235.06,-0.41,-0.05,0.60,-0.04,31.05,-1.07,0.95,1.25,0.92,-27.595908,-48.508206,8,144.30
-38.51,25512.41,0.00,10231.56,0.04,0.49,0.18,15.02,27.85,-2.29,-3.81,3.77,-2.42,-27.595899,-48.508186,9,144.57
-38.48,25526.18,0.00,10228.06,-1.04,0.29,0.23,22.93,19.55,-4.75,-5.17,2.55,-5.65,-27.595890,-48.508165,8,144.84
-38.46,25539.95,0.00,10224.56,-0.85,-0.32,1.13,26.14,7.07,-5.20,-4.11,-1.53,-2.31,-27.595881,-48.508145,9,145.10
-38.44,25553.73,0.00,10221.06,-0.03,0.92,0.12,30.33,-1.49,-5.35,7.14,-3.07,1.39,-27.595872,-48.508125,8,145.41
-38.41,25567.51,0.00,10217.56,0.09,0.89,-0.92,29.52,-17.14,-10.18,6.66,-2.45,4.14,-27.595863,-48.508105,8,145.67
-38.39,25581.30,0.00,10214.06,0.22,-0.20,0.00,16.31,-21.24,-9.21,1.07,1.32,3.04,-27.595854,-48.508084,7,145.95
-38.37,25595.10,0.00,10210.56,1.31,0.32,0.34,6.63,-31.06,-7.27,-3.23,3.36,3.26,-27.595845,-48.508064,10,146.19
-38.35,25608.90,0.00,10207.06,-0.09,-1.12,-0.31,-2.47,-29.79,-11.25,-4.10,1.86,-4.81,-27.595836,-48.508044,9,146.44
-38.32,25622.71,0.00,10203.56,0.08,-0.25,0.19,-16.60,-27.30,-13.20,-0.67,-4.95,-5.07,-27.595827,-48.508024,10,146.71
-38.30,25636.53,0.00,10200.06,-0.09,0.04,-0.39,-26.41,-23.00,-8.24,4.34,-6.64,-2.22,-27.595818,-48.508003,6,147.01
-38.28,25650.35,0.00,10196.56,0.56,-0.57,-0.41,-29.12,-7.81,-8.16,5.10,-1.13,1.66,-27.595809,-48.507983,6,147.19
-38.25,25664.17,0.00,10193.06,0.19,-0.21,0.90,-26.09,6.27,-7.65,3.22,3.08,4.35,-27.595800,-48.507963,8,147.44
-38.23,25678.00,0.00,10189.56,0.36,-0.16,0.10,-23.42,13.72,-1.48,-3.86,6.44,6.91,-27.595791,-48.507942,9,147.71
-38.21,25691.84,0.00,10186.06,-0.16,-0.27,-0.06,-13.96,25.61,-5.07,-3.76,1.45,3.41,-27.595782,-48.507922,6,148.02
-38.19,25705.69,0.00,10182.56,0.23,1.27,0.19,-8.92,29.17,4.82,-1.24,-2.49,-1.51,-27.595773,-48.507902,9,148.28
-38.16,25719.54,0.00,10179.06,0.03,0.26,-0.59,1.25,30.92,-1.14,2.96,-4.06,-5.78,-27.595764,-48.507882,7,148.52
-38.14,25733.40,0.00,10175.56,-0.33,-0.47,1.08,17.35,23.98,5.86,8.28,0.85,-5.31,-27.595755,-48.507861,6,148.83
-38.12,25747.26,0.00,10172.06,-0.48,0.32,0.46,24.60,11.88,2.17,4.91,4.33,0.15,-27.595746,-48.507841,6,149.08
-38.10,25761.13,0.00,10168.56,0.59,-0.07,0.68,29.76,5.10,6.13,0.37,1.74,5.62,-27.595738,-48.507821,6,149.28
-38.07,25775.00,0.00,10165.06,0.09,-0.29,0.10,29.88,-4.13,9.14,-5.21,-1.25,7.43,-27.595729,-48.507801,9,149.57
-38.05,25788.88,0.00,10161.56,-0.24,0.38,-0.08,22.07,-20.94,10.04,-8.15,-3.45,3.25,-27.595720,-48.507780,10,149.75
-38.03,25802.77,0.00,10158.06,-0.65,-0.16,0.01,16.73,-22.66,7.45,0.85,-7.24,-0.08,-27.595711,-48.507760,10,150.02
-38.00,25816.66,0.00,10154.56,-1.04,-0.29,-0.17,2.18,-29.40,8.20,6.02,0.51,-8.67,-27.595702,-48.507740,9,150.29
-37.98,25830.56,0.00,10151.06,0.10,-1.17,-0.34,-8.66,-27.77,6.99,7.45,4.53,-3.48,-27.595693,-48.507719,8,150.54
-37.96,25844.47,0.00,10147.56,-0.19,-0.63,0.71,-16.60,-25.20,9.18,-1.28,1.98,1.39,-27.595684,-48.507699,7,150.79
-37.94,25858.38,0.00,10144.06,-0.27,0.38,-0.40,-28.30,-15.41,9.41,-5.26,-0.36,5.78,-27.595675,-48.507679,10,150.99
-37.91,25872.29,0.00,10140.56,0.42,0.18,0.30,-29.39,-10.06,7.92,-5.57,-4.85,7.03,-27.595666,-48.507659,7,151.26
-37.89,25886.22,0.00,10137.06,-0.58,0.46,0.31,-29.42,6.67,5.48,-2.30,-2.92,1.07,-27.595657,-48.507638,9,151.47
-37.87,25900.15,0.00,10133.56,-0.38,-0.30,0.59,-26.78,18.15,2.34,4.64,3.91,-3.81,-27.595648,-48.507618,9,151.71
-37.85,25914.08,0.00,10130.06,0.20,0.25,0.17,-15.18,22.58,4.77,4.84,5.30,-2.69,-27.595639,-48.507598,7,151.98
-37.82,25928.02,0.00,10126.56,0.34,-1.10,0.14,1.48,29.21,0.46,-1.43,2.38,-2.52,-27.595630,-48.507578,8,152.26
-37.80,25941.97,0.00,10123.06,-0.29,-0.02,0.70,9.30,30.77,-3.94,-1.00,-4.21,-1.92,-27.595621,-48.507557,10,152.53
-37.78,25955.93,0.00,10119.56,-0.32,-0.19,-0.17,19.57,24.32,-3.08,-7.23,-8.93,3.90,-27.595612,-48.507537,7,152.78
-37.75,25969.89,0.00,10116.06,0.46,0.18,-0.15,28.18,14.80,-11.01,-1.56,-1.73,2.98,-27.595603,-48.507517,9,153.01
-37.73,25983.85,0.00,10112.56,-0.05,-0.09,0.96,27.27,2.93,-7.39,1.34,6.44,7.80,-27.595594,-48.507496,10,153.23
-37.71,25997.82,0.00,10109.06,0.68,0.14,0.61,28.18,-9.60,-6.54,7.67,5.28,-2.77,-27.595585,-48.507476,7,153.48
-37.69,26011.80,0.00,10105.56,0.04,0.13,-0.45,24.73,-20.24,-7.91,2.32,-1.11,-3.62,-27.595576,-48.507456,6,153.75
-37.66,26025.78,0.00,10102.06,0.03,0.91,0.13,14.94,-25.75,-10.59,-2.96,-7.85,-0.48,-27.595567,-48.507436,9,154.02
-37.64,26039.77,0.00,10098.56,-0.41,-0.53,-0.19,1.62,-27.84,-7.96,-6.66,-4.86,0.01,-27.595558,-48.507415,7,154.26
-37.62,26053.77,0.00,10095.06,0.22,0.46,0.64,-10.63,-27.74,-10.26,-7.74,2.40,4.77,-27.595549,-48.507395,10,154.49
-37.60,26067.77,0.00,10091.56,-0.13,0.30,-0.03,-19.89,-20.21,-8.36,3.54,6.95,0.19,-27.595540,-48.507375,7,154.69
-37.57,26081.78,0.00,10088.06,-0.02,-0.48,0.15,-28.93,-12.92,-6.90,5.37,4.34,2.58,-27.595531,-48.507355,6,154.95
-37.55,26095.80,0.00,10084.56,0.81,0.39,0.78,-32.02,-1.00,-10.22,5.15,-3.81,-1.88,-27.595522,-48.507334,9,155.24
-37.53,26109.82,0.00,10081.06,0.38,0.08,0.21,-28.14,9.87,-7.19,-2.75,-9.48,-5.26,-27.595513,-48.507314,9,155.49
-37.50,26123.84,0.00,10077.56,0.43,0.02,-0.22,-22.04,20.72,-6.34,-12.16,-2.99,-3.90,-27.595504,-48.507294,9,155.79
-37.48,26137.88,0.00,10074.06,-0.54,0.55,-0.65,-11.18,26.32,-1.43,-3.05,4.23,0.34,-27.595495,-48.507273,10,156.07
-37.46,26151.92,0.00,10070.56,0.08,1.00,-0.04,3.41,28.80,-2.44,-2.85,6.75,3.85,-27.595486,-48.507253,7,156.37
-37.44,26165.96,0.00,10067.06,0.39,-0.06,-0.40,13.60,27.74,2.66,6.91,3.03,4.84,-27.595477,-48.507233,9,156.53
-37.41,26180.01,0.00,10063.56,-0.07,-0.01,0.14,23.43,21.87,3.85,6.82,-4.75,1.11,-27.595468,-48.507213,6,156.81
-37.39,26194.07,0.00,10060.06,0.40,0.83,0.76,30.64,12.19,6.05,1.63,-3.66,-4.52,-27.595459,-48.507192,10,157.10
-37.37,26208.13,0.00,10056.56,0.37,0.44,-0.47,26.11,-2.89,5.84,-4.98,1.21,-5.07,-27.595450,-48.507172,7,157.30
-37.34,26222.20,0.00,10053.06,1.03,-0.59,-0.66,23.47,-11.21,10.87,-5.06,2.34,-5.90,-27.595441,-48.507152,7,157.58
-37.32,26236.28,0.00,10049.56,-0.14,-0.17,0.66,21.03,-18.22,7.72,-0.87,5.51,2.85,-27.595432,-48.507132,9,157.80
-37.30,26250.36,0.00,10046.06,0.53,-0.20,0.11,11.34,-27.45,10.18,1.91,-0.57,3.40,-27.595423,-48.507111,10,158.10
-37.28,26264.45,0.00,10042.56,0.09,-0.30,-0.43,-4.77,-27.98,12.14,7.17,-7.98,2.55,-27.595414,-48.507091,9,158.38
-37.25,26278.54,0.00,10039.06,0.49,-0.03,-1.01,-13.93,-26.35,11.45,1.77,-7.38,-0.02,-27.595405,-48.507071,6,158.60
-37.23,26292.64,0.00,10035.56,0.23,0.28,-0.56,-27.73,-16.64,5.93,-3.98,-0.52,-0.34,-27.595396,-48.507050,8,158.83
-37.21,26306.75,0.00,10032.06,-0.28,0.00,-0.45,-29.65,-12.27,10.77,-5.54,6.85,-4.67,-27.595387,-48.507030,9,159.15
-37.19,26320.86,0.00,10028.56,-1.26,0.59,0.63,-29.04,3.90,8.46,-5.49,3.11,-1.48,-27.595378,-48.507010,8,159.44
-37.16,26334.98,0.00,10025.06,0.57,0.04,-0.98,-25.77,15.48,8.20,3.17,-1.41,-1.58,-27.595369,-48.506990,6,159.68
-37.14,26349.10,0.00,10021.56,-0.31,-0.26,0.24,-19.54,22.87,3.97,7.82,-6.81,6.46,-27.595360,-48.506969,8,159.94
-37.12,26363.23,0.00,10018.06,0.14,-0.54,0.60,-8.07,29.24,0.32,2.39,-3.37,6.07,-27.595351,-48.506949,8,160.19
-37.09,26377.37,0.00,10014.56,-0.83,-0.29,-0.70,3.76,30.08,-1.98,-4.34,-0.66,2.90,-27.595342,-48.506929,7,160.32
-37.07,26391.51,0.00,10011.06,0.37,0.35,0.60,13.53,26.13,-4.16,-5.53,5.00,-5.59,-27.595333,-48.506909,10,160.61
-37.05,26405.66,0.00,10007.56,-0.39,-1.53,0.59,22.72,17.64,-2.36,-5.03,-1.38,-2.77,-27.595324,-48.506888,7,160.84
-37.03,26419.82,0.00,10004.06,0.92,0.82,-0.16,30.86,9.08,-6.60,4.02,-3.78,-1.45,-27.595315,-48.506868,10,161.04
-37.00,26433.98,0.00,10000.56,-0.08,-0.68,-0.34,29.72,-4.52,-6.66,4.58,-9.00,0.76,-27.595306,-48.506848,7,161.30
-36.98,26448.15,0.00,9997.06,-0.04,-1.29,0.54,26.30,-17.91,-8.94,4.29,-5.31,5.04,-27.595297,-48.506827,8,161.51
-36.96,26462.32,0.00,9993.56,-0.30,-0.25,-0.16,14.97,-21.88,-5.98,0.48,5.05,4.12,-27.595288,-48.506807,7,161.80
-36.94,26476.50,0.00,9990.06,0.79,-0.95,0.55,6.59,-29.31,-10.76,-5.66,6.95,1.69,-27.595279,-48.506787,6,162.10
-36.91,26490.68,0.00,9986.56,0.92,-0.51,0.77,-6.59,-30.72,-7.94,-5.59,3.65,-1.55,-27.595270,-48.506767,8,162.34
-36.89,26504.88,0.00,9983.06,0.83,-0.21,-1.26,-18.32,-28.35,-10.95,1.20,-2.91,-5.31,-27.595261,-48.506746,7,162.64
-36.87,26519.08,0.00,9979.56,0.01,-0.28,0.44,-26.36,-16.72,-11.33,3.53,-1.47,-2.24,-27.595252,-48.506726,10,162.89
-36.84,26533.28,0.00,9976.06,0.33,0.01,-0.14,-30.90,-10.90,-10.82,6.09,-3.20,-0.19,-27.595243,-48.506706,7,163.14
-36.82,26547.49,0.00,9972.56,0.74,-0.22,-0.39,-33.76,4.88,-7.99,1.85,7.28,5.98,-27.595234,-48.506686,6,163.41
-36.80,26561.71,0.00,9969.06,0.78,0.33,-0.97,-23.33,18.72,-6.98,-2.32,4.65,4.14,-27.595225,-48.506665,7,163.71
-36.78,26575.93,0.00,9965.56,0.18,0.58,-0.17,-14.11,23.59,-2.44,-6.78,1.75,4.13,-27.595216,-48.506645,9,163.98
-36.75,26590.16,0.00,9962.06,-0.38,-0.25,-0.10,-4.89,28.27,0.45,-1.73,-10.29,-2.94,-27.595208,-48.506625,10,164.19
-36.73,26604.39,0.00,9958.56,0.67,-0.82,0.82,6.93,30.10,5.00,1.69,-5.71,-5.51,-27.595199,-48.506604,8,164.41
-36.71,26618.64,0.00,9955.06,0.34,-0.49,-0.11,16.65,24.78,2.40,6.49,1.73,-1.54,-27.595190,-48.506584,7,164.58
-36.69,26632.88,0.00,9951.56,-0.45,0.30,0.37,25.68,13.04,6.30,3.59,5.69,1.44,-27.595181,-48.506564,8,164.78
-36.66,26647.14,0.00,9948.06,0.56,-0.18,-0.10,29.47,1.65,8.33,-2.57,5.04,3.80,-27.595172,-48.506544,10,164.98
-36.64,26661.40,0.00,9944.56,-0.38,0.45,0.70,30.18,-8.82,10.45,-6.29,-2.33,4.37,-27.595163,-48.506523,6,165.21
-36.62,26675.66,0.00,9941.06,0.41,0.43,-0.05,22.72,-20.03,7.87,-3.63,-6.71,1.34,-27.595154,-48.506503,9,165.38
-36.59,26689.94,0.00,9937.56,-0.48,0.73,-0.17,13.34,-26.18,11.73,3.19,-2.11,-1.18,-27.595145,-48.506483,6,165.70
-36.57,26704.21,0.00,9934.06,-0.26,0.03,-0.44,1.29,-27.52,8.75,4.18,3.16,-6.60,-27.595136,-48.506463,9,165.92
-36.55,26718.50,0.00,9930.56,0.01,0.94,-0.73,-7.36,-28.46,11.04,4.58,7.55,-4.41,-27.595127,-48.506442,6,166.20
-36.53,26732.79,0.00,9927.06,1.15,-0.52,-0.67,-20.48,-25.74,7.34,1.20,0.45,1.15,-27.595118,-48.506422,8,166.42
-36.50,26747.09,0.00,9923.56,-0.53,0.25,0.37,-28.93,-10.53,7.85,-6.89,-4.85,3.08,-27.595109,-48.506402,7,166.62
-36.48,26761.39,0.00,9920.06,0.40,0.61,-0.73,-28.13,-0.85,9.41,-3.54,-4.51,5.98,-27.595100,-48.506381,7,166.86
-36.46,26775.70,0.00,9916.56,-0.37,-0.60,-0.09,-27.68,9.59,7.26,-1.31,-0.56,3.99,-27.595091,-48.506361,6,167.06
-36.43,26790.01,0.00,9913.06,0.32,0.39,-0.40,-21.17,18.37,6.33,5.69,5.03,-4.98,-27.595082,-48.506341,8,167.26
-36.41,26804.34,0.00,9909.56,-0.97,0.49,0.71,-15.00,29.73,3.51,6.70,7.87,-6.11,-27.595073,-48.506321,6,167.49
-36.39,26818.66,0.00,9906.06,0.62,-0.48,0.65,2.22,26.89,3.22,0.71,-2.53,-4.11,-27.595064,-48.506300,9,167.81
-36.37,26833.00,0.00,9902.56,-0.53,0.06,-0.27,9.87,29.21,-3.53,-4.44,-5.97,0.09,-27.595055,-48.506280,10,167.99
-36.34,26847.34,0.00,9899.06,0.66,-0.09,0.05,22.12,22.73,-0.92,-2.14,-3.56,4.82,-27.595046,-48.506260,6,168.21
-36.32,26861.69,0.00,9895.56,-0.58,-0.15,-0.30,24.88,13.29,-4.26,-0.55,0.01,4.13,-27.595037,-48.506240,7,168.45
-36.30,26876.04,0.00,9892.06,0.89,-0.59,-0.46,31.73,2.20,-7.31,5.68,6.15,1.39,-27.595028,-48.506219,9,168.71
-36.28,26890.40,0.00,9888.56,0.35,-0.16,-0.48,26.08,-7.54,-7.66,7.24,7.11,-5.37,-27.595019,-48.506199,7,168.96
-36.25,26904.76,0.00,9885.06,-0.33,0.59,-0.93,18.99,-19.93,-7.04,0.47,-1.39,-8.67,-27.595010,-48.506179,7,169.27
-36.23,26919.13,0.00,9881.56,0.55,-0.39,-0.14,12.86,-27.00,-13.11,-3.93,-6.48,-4.83,-27.595001,-48.506158,8,169.47
-36.21,26933.51,0.00,9878.06,1.50,0.78,0.40,1.66,-30.29,-10.27,-4.32,-2.56,2.09,-27.594992,-48.506138,8,169.71
-36.18,26947.90,0.00,9874.56,0.11,0.03,0.08,-13.20,-27.48,-10.30,-2.96,1.00,6.12,-27.594983,-48.506118,9,169.93
-36.16,26962.29,0.00,9871.06,0.05,0.40,0.22,-19.27,-21.26,-7.53,-0.84,6.35,5.42,-27.594974,-48.506098,6,170.20
-36.14,26976.68,0.00,9867.56,0.19,0.11,-0.13,-28.15,-10.30,-6.67,8.83,1.69,-0.04,-27.594965,-48.506077,9,170.43
-36.12,26991.09,0.00,9864.06,-0.09,-0.85,0.08,-26.30,0.82,-8.27,2.29,-3.93,-3.83,-27.594956,-48.506057,7,170.71
-36.09,27005.49,0.00,9860.56,-0.00,0.16,1.12,-25.93,12.52,-4.57,-3.19,-6.97,-3.29,-27.594947,-48.506037,8,171.00
-36.07,27019.91,0.00,9857.06,-0.04,-0.41,-0.98,-20.08,24.16,-5.25,-5.79,-2.27,-2.18,-27.594938,-48.506017,7,171.32
-36.05,27034.33,0.00,9853.56,-0.27,-0.22,-0.42,-10.76,25.52,-1.21,-7.02,4.26,5.09,-27.594929,-48.505996,6,171.50
-36.03,27048.76,0.00,9850.06,-0.57,-0.45,-0.57,3.79,31.19,-1.01,2.12,6.85,4.09,-27.594920,-48.505976,10,171.70
-36.00,27063.19,0.00,9846.56,1.13,0.07,0.02,13.02,23.97,3.59,8.58,-1.23,5.86,-27.594911,-48.505956,6,171.90
-35.98,27077.63,0.00,9843.06,-0.13,-0.27,0.38,26.01,20.66,2.45,6.93,-4.64,-0.02,-27.594902,-48.505935,6,172.08
-35.96,27092.08,0.00,9839.56,-0.13,0.32,0.06,24.70,10.20,5.21,1.57,-5.67,-1.98,-27.594893,-48.505915,9,172.34
-35.93,27106.53,0.00,9836.06,-0.59,0.88,0.33,30.72,-5.86,10.62,-7.30,-1.19,-3.66,-27.594884,-48.505895,7,172.58
-35.91,27120.99,0.00,9832.56,0.01,-0.42,-0.14,27.10,-16.50,8.32,-4.95,4.96,-2.21,-27.594875,-48.505875,6,172.82
-35.89,27135.45,0.00,9829.06,1.86,0.33,-0.41,16.49,-24.07,12.71,1.34,5.86,1.43,-27.594866,-48.505854,9,173.11
-35.87,27149.92,0.00,9825.56,-0.30,-0.49,0.59,9.22,-27.58,9.44,4.95,1.10,3.96,-27.594857,-48.505834,7,173.32
-35.84,27164.40,0.00,9822.06,0.52,0.22,0.16,-7.46,-21.90,8.31,6.22,-7.29,3.99,-27.594848,-48.505814,8,173.63
-35.82,27178.89,0.00,9818.56,0.95,-0.73,0.17,-13.33,-25.20,8.66,5.10,-7.21,-3.90,-27.594839,-48.505794,7,173.97
-35.80,27193.38,0.00,9815.06,0.43,0.23,-0.57,-19.74,-17.19,9.35,-2.74,3.87,-4.08,-27.594830,-48.505773,10,174.17
-35.78,27207.87,0.00,9811.56,-0.54,-0.49,0.20,-27.38,-8.74,9.43,-5.20,5.62,-4.15,-27.594821,-48.505753,8,174.37
-35.75,27222.37,0.00,9808.06,-0.00,-0.76,-0.06,-32.27,3.11,5.32,-3.26,5.64,-1.39,-27.594812,-48.505733,9,174.66
-35.73,27236.88,0.00,9804.56,-0.52,0.11,-0.04,-26.94,14.08,2.70,5.17,-2.44,1.56,-27.594803,-48.505712,6,174.93
-35.71,27251.40,0.00,9801.06,0.28,-0.13,0.49,-16.53,19.98,2.57,8.65,-5.50,5.52,-27.594794,-48.505692,10,175.15
-35.68,27265.92,0.00,9797.56,0.52,0.76,0.04,-7.56,25.56,-0.78,1.79,-2.37,5.51,-27.594785,-48.505672,10,175.39
-35.66,27280.45,0.00,9794.06,-0.46,-0.13,1.24,4.76,29.14,-0.23,-2.44,3.60,1.00,-27.594776,-48.505652,10,175.73
-35.64,27294.98,0.00,9790.56,0.50,0.28,0.58,15.25,23.98,-2.34,-3.48,5.50,-4.51,-27.594767,-48.505631,7,176.02
-35.62,27309.52,0.00,9787.06,0.47,0.62,-0.02,23.19,20.07,-4.41,-3.97,4.82,-7.34,-27.594758,-48.505611,8,176.27
-35.59,27324.07,0.00,9783.56,0.09,-0.10,-0.78,29.01,3.73,-5.04,2.30,-2.82,-4.25,-27.594749,-48.505591,9,176.48
-35.57,27338.62,0.00,9780.06,-0.53,-0.32,-0.83,29.41,-8.22,-9.69,6.95,-8.03,-0.27,-27.594740,-48.505571,10,176.70
-35.55,27353.18,0.00,9776.56,-0.19,0.14,-0.43,27.33,-18.67,-8.93,3.86,-1.40,5.71,-27.594731,-48.505550,10,177.00
-35.52,27367.74,0.00,9773.06,-0.46,-0.88,-0.19,12.47,-24.83,-12.47,-1.02,2.26,4.73,-27.594722,-48.505530,10,177.21
-35.50,27382.31,0.00,9769.56,0.20,0.28,-0.30,9.65,-30.49,-10.77,-6.90,6.39,2.72,-27.594713,-48.505510,10,177.49
-35.48,27396.89,0.00,9766.06,-0.56,-0.16,0.85,-8.30,-30.33,-12.94,-4.95,0.28,-2.89,-27.594704,-48.505489,6,177.70
-35.46,27411.48,0.00,9762.56,-0.15,0.87,1.00,-18.09,-24.32,-10.87,1.25,-6.97,-2.79,-27.594695,-48.505469,8,177.90
-35.43,27426.07,0.00,9759.06,0.78,-0.40,1.00,-27.16,-15.54,-5.28,5.28,-3.58,-0.67,-27.594686,-48.505449,6,178.13
-35.41,27440.66,0.00,9755.56,0.52,-0.18,1.34,-33.22,-0.80,-8.90,2.87,-1.55,4.50,-27.594678,-48.505429,9,178.37
-35.39,27455.27,0.00,9752.06,0.03,0.66,-0.25,-28.03,8.66,-4.77,2.64,2.11,7.22,-27.594669,-48.505408,6,178.63
-35.37,27469.88,0.00,9748.56,-0.14,-0.08,-0.24,-20.30,16.95,-5.60,-4.64,4.83,4.82,-27.594660,-48.505388,8,178.92
-35.34,27484.49,0.00,9745.06,0.87,-0.41,-0.25,-11.20,26.14,-4.22,-6.60,-1.25,2.09,-27.594651,-48.505368,8,179.14
-35.32,27499.11,0.00,9741.56,-0.16,0.51,-0.55,-3.57,30.65,-4.33,-2.76,-3.32,-4.94,-27.594642,-48.505348,6,179.38
-35.30,27513.74,0.00,9738.06,0.72,-0.20,-0.20,6.87,28.99,2.33,3.72,-1.18,-5.12,-27.594633,-48.505327,7,179.61
-35.27,27528.37,0.00,9734.56,-0.30,-0.55,-1.14,18.38,21.29,1.05,3.25,3.98,-5.49,-27.594624,-48.505307,6,179.81
-35.25,27543.02,0.00,9731.06,-0.64,-0.13,-0.64,26.83,15.19,4.26,0.44,7.72,2.04,-27.594615,-48.505287,7,180.05
-35.23,27557.66,0.00,9727.56,0.48,-0.34,0.70,30.75,3.38,3.17,-2.95,-0.29,6.11,-27.594606,-48.505266,9,180.33
-35.21,27572.32,0.00,9724.06,0.05,-0.18,-0.78,32.60,-10.65,10.82,-3.33,-1.94,8.73,-27.594597,-48.505246,10,180.53
-35.18,27586.97,0.00,9720.56,-1.11,-0.01,-0.13,23.89,-22.16,8.85,-5.61,-7.19,-0.74,-27.594588,-48.505226,9,180.82
-35.16,27601.64,0.00,9717.06,-1.70,-0.26,-0.82,15.12,-26.13,10.76,0.54,-5.12,-3.48,-27.594579,-48.505206,7,181.12
-35.14,27616.31,0.00,9713.56,0.49,-0.48,-1.15,3.78,-29.95,10.87,6.78,1.58,-6.32,-27.594570,-48.505185,10,181.35
-35.12,27630.99,0.00,9710.06,-0.24,0.66,0.82,-12.08,-26.23,6.13,6.90,3.53,-5.25,-27.594561,-48.505165,10,181.63
-35.09,27645.68,0.00,9706.56,0.35,0.10,-0.49,-21.61,-22.43,11.63,-5.41,1.43,0.22,-27.594552,-48.505145,8,181.80
-35.07,27660.37,0.00,9703.06,0.74,0.35,-0.40,-29.42,-9.32,6.93,-6.41,-3.95,6.97,-27.594543,-48.505125,7,182.02
-35.05,27675.06,0.00,9699.56,-0.63,-0.26,0.26,-29.77,1.35,8.14,-4.41,-6.21,4.69,-27.594534,-48.505104,6,182.24
-35.02,27689.77,0.00,9696.06,0.03,0.88,0.43,-29.05,11.12,8.43,-1.35,1.52,3.12,-27.594525,-48.505084,9,182.45
-35.00,27704.48,0.00,9692.56,-0.35,-0.35,-0.57,-24.20,19.29,7.87,4.93,4.24,-6.80,-27.594516,-48.505064,10,182.62
-34.98,27719.19,0.00,9689.06,0.46,0.23,0.02,-9.76,29.00,2.22,8.56,4.38,-8.92,-27.594507,-48.505043,8,182.94
-34.96,27733.92,0.00,9685.56,0.31,-0.18,-0.61,0.65,29.00,-1.11,3.19,-0.85,-3.20,-27.594498,-48.505023,9,183.15
-34.93,27748.65,0.00,9682.06,-0.47,0.17,0.70,12.75,31.28,1.46,-5.88,-7.53,3.25,-27.594489,-48.505003,7,183.39
-34.91,27763.38,0.00,9678.56,0.38,0.11,-0.21,26.72,19.34,-0.90,-3.44,-3.37,1.44,-27.594480,-48.504983,7,183.59
-34.89,27778.12,0.00,9675.06,0.36,-0.69,0.19,31.04,7.68,-11.06,2.64,1.99,5.79,-27.594471,-48.504962,7,183.79
-34.87,27792.87,0.00,9671.56,-0.66,1.10,-1.13,29.95,-3.67,-9.67,4.16,8.94,-4.00,-27.594462,-48.504942,8,183.99
-34.84,27807.63,0.00,9668.06,-0.01,0.12,0.56,25.58,-10.04,-6.34,8.09,6.26,-3.99,-27.594453,-48.504922,6,184.24
-34.82,27822.39,0.00,9664.56,0.85,0.27,0.32,20.95,-27.70,-8.94,1.41,-3.82,-4.15,-27.594444,-48.504901,8,184.46
-34.80,27837.15,0.00,9661.06,0.05,-0.78,-0.69,6.60,-30.18,-7.08,-4.44,-4.89,-4.44,-27.594435,-48.504881,6,184.73
-34.77,27851.93,0.00,9657.56,0.49,0.28,0.51,-0.03,-26.90,-8.32,-6.23,-2.20,3.77,-27.594426,-48.504861,8,184.94
-34.75,27866.71,0.00,9654.06,0.43,0.33,0.65,-14.71,-29.18,-12.72,-2.01,4.00,4.65,-27.594417,-48.504841,9,185.25
-34.73,27881.49,0.00,9650.56,-0.26,-0.69,0.09,-25.81,-19.90,-7.22,4.71,5.13,5.52,-27.594408,-48.504820,10,185.46
-34.71,27896.29,0.00,9647.06,-0.20,-0.68,-0.84,-27.05,-8.53,-8.44,9.47,1.46,-2.82,-27.594399,-48.504800,10,185.63
-34.68,27911.08,0.00,9643.56,-0.37,0.19,-0.02,-31.36,6.96,-5.63,3.93,-3.82,-7.65,-27.594390,-48.504780,6,185.86
-34.66,27925.89,0.00,9640.06,0.11,-0.06,-0.38,-23.09,12.44,-6.77,-1.36,-4.02,-6.42,-27.594381,-48.504760,10,186.15
-34.64,27940.70,0.00,9636.56,0.09,-0.95,-0.15,-19.92,25.79,-0.37,-6.05,1.55,-3.05,-27.594372,-48.504739,10,186.37
-34.61,27955.52,0.00,9633.06,0.06,-0.57,-0.05,-6.92,30.42,-3.73,-4.85,2.50,2.81,-27.594363,-48.504719,6,186.57
-34.59,27970.34,0.00,9629.56,0.26,0.70,-0.77,5.97,30.24,0.68,0.57,8.67,4.61,-27.594354,-48.504699,10,186.85
-34.57,27985.17,0.00,9626.06,0.22,-0.10,0.54,15.19,27.87,-0.56,4.56,1.27,6.12,-27.594345,-48.504678,10,187.05
-34.55,28000.01,0.00,9622.56,0.13,-0.13,-0.45,25.03,17.89,3.31,3.23,-6.89,-3.76,-27.594336,-48.504658,8,187.31
-34.52,28014.85,0.00,9619.06,-0.31,0.64,-0.45,28.96,7.28,5.12,0.22,-7.49,-9.19,-27.594327,-48.504638,8,187.52
-34.50,28029.70,0.00,9615.56,1.18,1.05,0.04,28.25,-6.09,6.11,-3.97,1.00,-5.00,-27.594318,-48.504618,9,187.72
-34.48,28044.56,0.00,9612.06,-0.01,0.42,-0.02,28.19,-16.17,11.42,-6.75,5.32,-3.44,-27.594309,-48.504597,7,188.01
-34.46,28059.42,0.00,9608.56,0.53,-0.09,-0.43,20.19,-24.27,10.09,2.19,6.59,5.14,-27.594300,-48.504577,8,188.25
-34.43,28074.29,0.00,9605.06,0.59,0.01,-0.77,6.75,-30.81,9.92,5.88,-1.46,6.15,-27.594291,-48.504557,9,188.47
-34.41,28089.17,0.00,9601.56,0.34,0.58,0.63,-9.40,-31.83,10.97,2.35,-9.02,5.66,-27.594282,-48.504537,6,188.71
-34.39,28104.05,0.00,9598.06,-0.22,-0.43,0.34,-18.82,-23.70,10.83,1.76,-5.86,-0.83,-27.594273,-48.504516,10,188.97
-34.36,28118.94,0.00,9594.56,-0.37,0.56,-0.75,-24.23,-16.24,8.71,-5.64,5.13,-4.99,-27.594264,-48.504496,10,189.17
-34.34,28133.83,0.00,9591.06,0.65,-1.35,-0.41,-28.40,-6.10,2.64,-4.59,5.60,-4.03,-27.594255,-48.504476,9,189.46
-34.32,28148.73,0.00,9587.56,0.11,0.53,-0.22,-29.72,2.68,6.95,-2.04,2.81,-0.89,-27.594246,-48.504455,10,189.77
-34.30,28163.64,0.00,9584.06,-0.40,-0.21,0.08,-22.86,17.13,7.33,1.15,-1.96,2.72,-27.594237,-48.504435,8,190.00
-34.27,28178.55,0.00,9580.56,0.06,-0.53,-0.98,-12.70,23.57,2.29,6.73,-7.21,1.40,-27.594228,-48.504415,8,190.21
-34.25,28193.47,0.00,9577.06,-0.69,0.10,0.10,-3.48,33.48,2.54,-1.49,-1.89,6.56,-27.594219,-48.504395,9,190.48
-34.23,28208.40,0.00,9573.56,-0.28,-0.24,0.30,8.08,29.35,-2.52,-4.75,2.74,1.59,-27.594210,-48.504374,7,190.78
-34.21,28223.33,0.00,9570.06,-0.43,-0.20,-0.13,18.87,27.16,-3.63,-6.77,4.95,-4.41,-27.594201,-48.504354,10,191.09
-34.18,28238.27,0.00,9566.56,-0.03,-0.44,0.89,30.02,15.04,-3.66,-3.80,0.99,-2.91,-27.594192,-48.504334,8,191.33
-34.16,28253.22,0.00,9563.06,-0.88,0.06,-0.45,31.24,3.48,-7.19,2.41,-4.45,-4.50,-27.594183,-48.504314,10,191.53
-34.14,28268.17,0.00,9559.56,0.53,-0.47,0.18,31.46,-6.61,-10.35,7.05,-4.66,4.75,-27.594174,-48.504293,7,191.82
-34.11,28283.13,0.00,9556.06,0.09,-0.19,-0.42,23.57,-16.79,-9.35,3.03,-1.64,4.92,-27.594165,-48.504273,7,192.18
-34.09,28298.09,0.00,9552.56,0.76,-0.14,-0.04,17.63,-25.16,-8.49,-2.71,4.48,4.79,-27.594156,-48.504253,10,192.44
-34.07,28313.06,0.00,9549.06,0.21,-1.12,0.13,3.44,-29.23,-7.36,-7.95,3.18,-0.58,-27.594148,-48.504232,10,192.68
-34.05,28328.04,0.00,9545.56,-0.14,0.50,-0.29,-7.29,-28.15,-12.99,-3.98,1.56,-5.76,-27.594139,-48.504212,6,192.88
-34.02,28343.02,0.00,9542.06,0.50,-0.22,0.37,-21.70,-19.95,-9.20,1.53,-4.11,-5.29,-27.594130,-48.504192,9,193.10
-34.00,28358.02,0.00,9538.56,-0.43,0.50,0.66,-29.49,-12.61,-5.07,6.89,-6.31,-1.72,-27.594121,-48.504172,6,193.30
-33.98,28373.01,0.00,9535.06,0.97,-0.35,-0.25,-29.35,-2.84,-5.72,5.32,-0.77,2.12,-27.594112,-48.504151,7,193.50
-33.96,28388.02,0.00,9531.56,0.36,0.73,0.49,-29.21,10.48,-6.08,-1.09,8.40,5.12,-27.594103,-48.504131,8,193.74
-33.93,28403.02,0.00,9528.06,-0.76,-0.04,0.98,-21.92,21.83,-4.25,-6.06,5.67,6.38,-27.594094,-48.504111,9,193.97
-33.91,28418.04,0.00,9524.56,0.14,0.33,-0.62,-14.03,25.90,-1.80,-5.02,-4.95,-2.69,-27.594085,-48.504091,7,194.24
-33.89,28433.06,0.00,9521.06,0.16,0.39,0.00,-0.79,36.65,-0.93,-1.99,-5.34,-3.08,-27.594076,-48.504070,8,194.44
-33.86,28448.09,0.00,9517.56,0.02,0.58,0.22,8.64,29.14,0.21,3.18,-5.39,-6.54,-27.594067,-48.504050,6,194.67
-33.84,28463.13,0.00,9514.06,-0.33,0.23,0.70,20.64,22.04,3.00,7.27,1.59,-0.28,-27.594058,-48.504030,8,194.93
-33.82,28478.17,0.00,9510.56,0.32,-0.26,-0.18,27.14,16.85,5.73,2.50,6.37,4.15,-27.594049,-48.504009,9,195.18
-33.80,28493.22,0.00,9507.06,-0.30,-0.23,-0.33,27.28,-2.75,8.64,-4.71,2.45,1.40,-27.594040,-48.503989,9,195.45
-33.77,28508.27,0.00,9503.56,-0.91,0.56,0.07,29.31,-12.59,7.77,-6.59,-4.30,5.54,-27.594031,-48.503969,6,195.62
-33.75,28523.33,0.00,9500.06,-0.13,-0.93,0.62,20.44,-22.95,10.39,-1.41,-6.56,-1.28,-27.594022,-48.503949,9,195.82
-33.73,28538.40,0.00,9496.56,0.06,0.13,-0.21,11.28,-28.13,6.05,2.32,-0.59,-6.66,-27.594013,-48.503928,6,196.06
-33.70,28553.48,0.00,9493.06,-0.47,-0.40,0.13,2.83,-29.11,10.96,7.20,4.54,-4.26,-27.594004,-48.503908,9,196.37
-33.68,28568.56,0.00,9489.56,0.49,-0.18,-0.06,-12.03,-27.08,10.20,3.86,4.91,-4.62,-27.593995,-48.503888,8,196.56
-33.66,28583.64,0.00,9486.06,0.18,-0.37,-0.35,-24.98,-19.14,7.97,-2.39,0.23,0.72,-27.593986,-48.503868,7,196.78
-33.64,28598.74,0.00,9482.56,0.15,0.38,0.21,-29.50,-6.93,5.31,-7.27,-6.66,5.08,-27.593977,-48.503847,8,197.03
-33.61,28613.84,0.00,9479.06,-0.05,0.27,-0.60,-29.73,0.08,6.99,-3.65,-2.92,4.19,-27.593968,-48.503827,6,197.26
-33.59,28628.94,0.00,9475.56,-0.90,-0.90,0.73,-26.87,10.41,7.32,2.59,-1.26,-1.15,-27.593959,-48.503807,10,197.46
-33.57,28644.06,0.00,9472.06,0.06,-0.14,-0.29,-21.49,19.81,3.97,5.36,5.17,-3.79,-27.593950,-48.503786,7,197.71
-33.55,28659.17,0.00,9468.56,0.51,0.64,-0.28,-7.88,25.66,2.07,4.14,6.60,-7.15,-27.593941,-48.503766,6,197.93
-33.52,28674.30,0.00,9465.06,0.07,0.39,-0.60,3.57,30.40,-0.30,0.80,-3.35,-4.05,-27.593932,-48.503746,6,198.18
-33.50,28689.43,0.00,9461.56,-0.51,-0.84,-0.05,13.28,28.94,-5.15,-4.62,-7.39,6.11,-27.593923,-48.503726,7,198.46
-33.48,28704.57,0.00,9458.06,-0.08,-0.25,0.37,26.33,16.57,-4.10,-2.89,-5.20,5.85,-27.593914,-48.503705,9,198.72
-33.45,28719.72,0.00,9454.56,-0.18,-0.29,-0.31,26.86,4.78,-2.44,-1.66,1.09,2.29,-27.593905,-48.503685,8,199.05
-33.43,28734.87,0.00,9451.06,-0.75,0.35,-0.09,28.54,-1.20,-8.86,4.63,5.04,1.45,-27.593896,-48.503665,9,199.29
-33.41,28750.03,0.00,9447.56,-0.15,0.41,0.10,25.85,-11.40,-5.32,6.20,5.95,-5.33,-27.593887,-48.503645,10,199.60
-33.39,28765.19,0.00,9444.06,0.71,0.60,-0.11,18.25,-24.36,-8.34,1.50,-1.55,-4.35,-27.593878,-48.503624,7,199.81
-33.36,28780.36,0.00,9440.56,0.21,0.08,-1.06,11.49,-30.41,-10.42,-4.10,-4.35,-3.59,-27.593869,-48.503604,8,200.05
-33.34,28795.54,0.00,9437.06,0.05,0.41,-0.60,-3.93,-28.72,-13.23,-5.46,-3.60,2.23,-27.593860,-48.503584,7,200.31
-33.32,28810.72,0.00,9433.56,-0.11,0.37,0.61,-18.11,-30.33,-11.61,-3.05,4.53,6.97,-27.593851,-48.503563,9,200.51
-33.30,28825.91,0.00,9430.06,-0.31,-0.85,-0.36,-22.83,-19.46,-8.06,1.89,8.37,3.13,-27.593842,-48.503543,10,200.81
-33.27,28841.11,0.00,9426.56,0.23,-0.46,0.57,-29.89,-9.69,-8.65,4.19,3.50,-0.02,-27.593833,-48.503523,8,201.04
-33.25,28856.31,0.00,9423.06,-0.32,-0.28,0.82,-25.33,7.25,-8.48,4.23,-5.01,-5.78,-27.593824,-48.503503,7,201.24
-33.23,28871.52,0.00,9419.56,0.31,-0.82,0.05,-23.36,16.90,-3.22,-5.50,-8.25,-2.72,-27.593815,-48.503482,8,201.48
-33.20,28886.74,0.00,9416.06,-0.58,-0.60,-0.82,-17.35,25.97,-3.71,-7.53,-1.71,-2.97,-27.593806,-48.503462,10,201.71
-33.18,28901.96,0.00,9412.56,-0.12,0.31,-0.68,-6.93,26.76,-0.35,-1.58,3.43,1.38,-27.593797,-48.503442,10,201.93
-33.16,28917.19,0.00,9409.06,-0.79,-0.07,0.06,9.18,28.54,-0.88,1.82,5.88,6.51,-27.593788,-48.503422,6,202.16
-33.14,28932.43,0.00,9405.56,-0.50,0.11,-0.06,19.06,27.95,2.74,3.42,-0.22,2.48,-27.593779,-48.503401,8,202.40
-33.11,28947.67,0.00,9402.06,-0.02,0.71,-0.89,25.71,19.77,7.44,5.19,-4.22,-1.16,-27.593770,-48.503381,10,202.58
-33.09,28962.92,0.00,9398.56,0.06,0.10,0.29,30.59,4.70,6.13,-1.54,-7.20,-4.26,-27.593761,-48.503361,10,202.78
-33.07,28978.17,0.00,9395.06,-0.82,0.91,0.19,30.01,-6.57,8.14,-6.44,3.20,-4.25,-27.593752,-48.503340,10,203.05
-33.05,28993.44,0.00,9391.56,-0.10,-0.37,0.09,22.10,-16.09,9.36,-6.52,5.28,-1.52,-27.593743,-48.503320,8,203.26
-33.02,29008.70,0.00,9388.06,0.38,0.47,-0.06,12.74,-25.84,10.09,-1.24,4.46,4.85,-27.593734,-48.503300,8,203.48
-33.00,29023.98,0.00,9384.56,-0.10,-0.49,-0.52,5.05,-31.88,10.62,4.59,-2.88,3.21,-27.593725,-48.503280,6,203.65
-32.98,29039.26,0.00,9381.06,0.14,-0.19,-0.69,-8.71,-25.70,12.13,4.64,-4.61,7.26,-27.593716,-48.503259,8,203.87
-32.95,29054.55,0.00,9377.56,-0.53,0.22,-0.12,-21.71,-24.52,7.75,0.19,-4.95,1.69,-27.593707,-48.503239,7,204.15
-32.93,29069.84,0.00,9374.06,-0.54,0.18,-1.01,-27.20,-15.73,8.73,-4.70,5.27,-2.07,-27.593698,-48.503219,6,204.39
-32.91,29085.14,0.00,9370.56,-0.79,0.59,-0.10,-28.30,-3.31,8.61,-5.38,7.88,-7.91,-27.593689,-48.503199,7,204.59
-32.89,29100.45,0.00,9367.06,-0.41,-0.09,0.01,-30.22,9.39,6.34,0.48,4.12,3.54,-27.593680,-48.503178,7,204.87
-32.86,29115.77,0.00,9363.56,0.21,0.01,0.26,-22.83,18.07,5.28,4.33,-2.49,4.42,-27.593671,-48.503158,10,205.07
-32.84,29131.09,0.00,9360.06,0.42,-0.20,0.42,-12.86,28.32,2.83,5.69,-5.32,7.07,-27.593662,-48.503138,7,205.32
-32.82,29146.41,0.00,9356.56,-0.36,0.29,0.45,-3.39,30.57,-1.20,3.86,-1.88,5.63,-27.593653,-48.503117,8,205.51
-32.79,29161.75,0.00,9353.06,0.37,0.21,-0.24,14.20,27.02,-3.63,-4.10,7.23,0.31,-27.593644,-48.503097,7,205.72
-32.77,29177.09,0.00,9349.56,0.16,0.10,-0.09,19.01,22.59,-3.56,-4.48,7.39,-7.11,-27.593635,-48.503077,10,206.02
-32.75,29192.43,0.00,9346.06,-0.25,0.51,-0.05,28.48,11.98,-4.53,0.70,2.80,-4.79,-27.593626,-48.503057,7,206.33
-32.73,29207.79,0.00,9342.56,-0.37,0.78,1.36,31.09,0.61,-4.79,1.69,-1.76,-0.92,-27.593617,-48.503036,7,206.57
-32.70,29223.15,0.00,9339.06,-0.30,-0.61,0.68,30.52,-11.80,-6.28,6.45,-5.55,2.23,-27.593609,-48.503016,9,206.80
-32.68,29238.51,0.00,9335.56,-0.00,-0.59,-0.44,20.65,-19.03,-7.91,1.45,0.84,5.66,-27.593600,-48.502996,8,207.01
-32.66,29253.89,0.00,9332.06,0.45,-0.06,0.19,9.54,-26.67,-10.40,-3.67,5.84,1.15,-27.593591,-48.502976,6,207.23
-32.64,29269.26,0.00,9328.56,-0.50,-0.57,0.48,0.22,-36.93,-6.95,-7.46,6.66,2.44,-27.593582,-48.502955,10,207.45
-32.61,29284.65,0.00,9325.06,-0.09,0.07,0.34,-7.53,-28.62,-11.12,-4.04,1.41,-5.36,-27.593573,-48.502935,6,207.71
-32.59,29300.04,0.00,9321.56,-0.09,0.75,-0.11,-21.30,-21.98,-5.51,3.57,-7.71,-3.52,-27.593564,-48.502915,10,207.98
-32.57,29315.44,0.00,9318.06,0.05,0.44,0.68,-25.83,-9.30,-8.32,12.53,-3.47,-2.29,-27.593555,-48.502894,8,208.18
-32.54,29330.85,0.00,9314.56,-0.80,0.05,0.17,-29.22,-1.10,-8.19,0.70,4.24,2.79,-27.593546,-48.502874,7,208.38
-32.52,29346.26,0.00,9311.06,0.37,-0.32,0.49,-27.22,14.72,-1.03,1.73,6.61,5.08,-27.593537,-48.502854,9,208.66
-32.50,29361.68,0.00,9307.56,0.06,-0.34,0.52,-23.08,21.13,-3.29,-8.26,1.38,1.72,-27.593528,-48.502834,9,208.91
-32.48,29377.10,0.00,9304.06,0.23,0.16,0.49,-8.04,29.45,-3.05,-6.96,-2.41,-2.03,-27.593519,-48.502813,9,209.11
-32.45,29392.54,0.00,9300.56,0.06,0.11,0.46,3.07,32.66,-0.83,-1.47,-7.26,-8.91,-27.593510,-48.502793,6,209.31
-32.43,29407.97,0.00,9297.06,-1.19,-0.28,-0.34,8.15,28.54,1.86,2.75,-2.08,-6.28,-27.593501,-48.502773,7,209.55
-32.41,29423.42,0.00,9293.56,0.46,0.23,0.21,23.55,21.07,4.38,6.79,4.29,1.06,-27.593492,-48.502753,6,209.72
-32.39,29438.87,0.00,9290.06,0.06,0.89,-0.07,32.55,11.11,8.21,-0.71,6.12,1.62,-27.593483,-48.502732,6,209.92
-32.36,29454.33,0.00,9286.56,0.45,0.57,0.48,30.76,-0.27,8.17,-4.72,0.74,7.95,-27.593474,-48.502712,7,210.12
-32.34,29469.79,0.00,9283.06,0.99,0.17,0.26,26.83,-12.43,8.17,-6.61,-2.96,4.96,-27.593465,-48.502692,10,210.34
-32.32,29485.26,0.00,9279.56,-0.97,-0.39,-0.51,17.12,-20.76,8.82,0.93,-6.83,2.78,-27.593456,-48.502671,8,210.64
-32.29,29500.74,0.00,9276.06,0.18,-0.13,0.53,9.04,-29.90,10.34,2.37,2.89,-6.24,-27.593447,-48.502651,10,210.87
-32.27,29516.23,0.00,9272.56,-0.55,0.48,-0.15,1.28,-28.97,16.88,5.02,6.10,-7.58,-27.593438,-48.502631,9,211.16
-32.25,29531.72,0.00,9269.06,0.04,0.97,0.35,-15.62,-24.18,8.73,0.23,7.39,-3.62,-27.593429,-48.502611,9,211.46
-32.23,29547.21,0.00,9265.56,-0.66,0.10,0.25,-22.42,-19.32,6.84,-5.74,-1.23,5.97,-27.593420,-48.502590,9,211.68
-32.20,29562.72,0.00,9262.06,-0.10,-0.49,-0.80,-28.06,-5.82,9.15,-6.23,-5.61,6.11,-27.593411,-48.502570,10,211.91
-32.18,29578.23,0.00,9258.56,0.06,-0.58,0.30,-27.20,4.18,8.20,-2.11,-8.33,4.36,-27.593402,-48.502550,10,212.16
-32.16,29593.75,0.00,9255.06,0.21,-0.54,0.74,-27.16,15.91,5.19,2.66,-0.57,-0.72,-27.593393,-48.502530,6,212.45
-32.14,29609.27,0.00,9251.56,-0.01,0.32,0.52,-16.57,21.16,2.57,7.48,8.65,-7.16,-27.593384,-48.502509,9,212.73
-32.11,29624.80,0.00,9248.06,0.92,0.68,-0.24,-6.70,26.33,1.04,1.55,6.47,-7.17,-27.593375,-48.502489,9,213.05
-32.09,29640.34,0.00,9244.56,0.63,-0.16,0.22,3.04,26.03,-2.75,-3.21,-0.50,0.65,-27.593366,-48.502469,8,213.30
-32.07,29655.88,0.00,9241.06,-0.90,-0.45,-0.04,10.88,25.59,-3.94,-1.92,-6.80,3.81,-27.593357,-48.502448,7,213.57
-32.04,29671.43,0.00,9237.56,0.29,-0.73,-0.06,20.86,15.46,-7.01,-4.76,-2.84,8.79,-27.593348,-48.502428,9,213.77
-32.02,29686.99,0.00,9234.06,0.98,-0.31,-0.27,31.01,6.05,-4.55,0.43,4.23,2.40,-27.593339,-48.502408,6,213.94
-32.00,29702.55,0.00,9230.56,0.29,-0.21,0.74,33.00,-4.94,-4.02,5.87,5.45,-0.14,-27.593330,-48.502388,7,214.17
-31.98,29718.12,0.00,9227.06,-0.05,-1.12,0.37,23.63,-16.21,-8.31,4.63,1.69,-4.74,-27.593321,-48.502367,9,214.39
-31.95,29733.70,0.00,9223.56,-0.43,0.39,0.09,15.64,-25.35,-7.72,-3.26,-2.78,-3.83,-27.593312,-48.502347,9,214.68
-31.93,29749.28,0.00,9220.06,-0.17,-0.47,-0.14,5.08,-32.11,-8.62,-3.33,-4.34,-1.20,-27.593303,-48.502327,7,214.92
-31.91,29764.87,0.00,9216.56,0.04,-0.55,0.54,-5.62,-26.97,-11.28,-6.09,-3.37,8.75,-27.593294,-48.502307,8,215.16
-31.88,29780.47,0.00,9213.06,0.32,0.03,-0.37,-16.38,-22.27,-4.73,3.83,3.62,3.16,-27.593285,-48.502286,9,215.41
-31.86,29796.07,0.00,9209.56,0.52,-0.69,0.91,-27.66,-18.87,-8.06,7.28,5.89,4.69,-27.593276,-48.502266,6,215.63
-31.84,29811.68,0.00,9206.06,-0.33,-0.10,0.70,-30.25,-2.42,-6.65,2.89,-0.32,-1.07,-27.593267,-48.502246,6,215.94
-31.82,29827.30,0.00,9202.56,-0.11,0.68,0.30,-26.51,5.15,-2.98,1.43,-2.87,-4.80,-27.593258,-48.502225,7,216.16
-31.79,29842.92,0.00,9199.06,-0.67,-1.50,0.40,-25.83,13.87,-6.44,-2.79,-7.45,-5.44,-27.593249,-48.502205,7,216.36
-31.77,29858.55,0.00,9195.56,0.33,-0.60,-0.45,-13.30,25.64,-0.84,-4.34,-1.85,-0.31,-27.593240,-48.502185,10,216.57
-31.75,29874.19,0.00,9192.06,-0.30,-0.56,-0.32,-1.32,32.19,-1.79,2.31,3.13,7.49,-27.593231,-48.502165,6,216.76
-31.73,29889.83,0.00,9188.56,0.17,0.87,0.27,6.76,30.73,-1.23,2.88,5.95,9.35,-27.593222,-48.502144,8,216.96
-31.70,29905.48,0.00,9185.06,0.06,-0.58,0.35,22.26,23.62,3.49,7.95,-3.99,6.60,-27.593213,-48.502124,9,217.20
-31.68,29921.13,0.00,9181.56,-0.99,-0.40,-0.26,24.67,13.24,4.24,0.25,-4.58,-2.19,-27.593204,-48.502104,10,217.43
-31.66,29936.80,0.00,9178.06,-0.41,-0.12,0.12,32.56,1.53,6.44,-6.45,-5.09,-4.34,-27.593195,-48.502084,7,217.69
-31.63,29952.47,0.00,9174.56,0.37,-0.18,0.45,29.84,-10.10,7.02,-4.01,0.18,-5.87,-27.593186,-48.502063,9,217.95
-31.61,29968.14,0.00,9171.06,-0.21,0.37,-0.91,23.94,-20.69,8.51,-3.12,6.93,-2.48,-27.593177,-48.502043,8,218.25
-31.59,29983.83,0.00,9167.56,0.58,-0.77,-0.39,11.47,-26.07,11.91,0.38,4.85,3.21,-27.593168,-48.502023,8,218.45
-31.57,29999.51,0.00,9164.06,-1.19,-0.21,-0.52,-0.64,-29.05,12.26,3.88,-2.95,5.06,-27.593159,-48.502002,8,218.74
-31.54,30015.21,0.00,9160.56,0.38,0.80,0.18,-6.62,-28.77,8.53,1.48,-8.05,1.22,-27.593150,-48.501982,8,218.97
-31.52,30030.91,0.00,9157.06,0.26,-0.57,0.39,-21.43,-23.17,9.90,-0.59,-0.39,0.55,-27.593141,-48.501962,6,219.15
-31.50,30046.62,0.00,9153.56,-0.76,-0.22,-0.47,-25.87,-14.11,12.14,-7.17,5.43,-9.28,-27.593132,-48.501942,7,219.44
-31.48,30062.34,0.00,9150.06,-0.79,0.20,-0.08,-28.19,1.60,5.61,-6.54,7.39,-1.08,-27.593123,-48.501921,8,219.68
-31.45,30078.06,0.00,9146.56,-0.41,-0.58,-0.50,-27.32,14.23,2.69,2.41,0.21,1.16,-27.593114,-48.501901,7,220.01
-31.43,30093.79,0.00,9143.06,-0.14,-0.37,0.46,-20.84,23.99,3.01,4.67,-4.52,1.38,-27.593105,-48.501881,8,220.26
-31.41,30109.53,0.00,9139.56,-0.67,-0.69,-0.57,-10.46,28.19,0.00,2.21,-3.68,2.33,-27.593096,-48.501861,8,220.48
-31.38,30125.27,0.00,9136.06,-0.19,0.17,-0.54,-3.94,31.32,4.72,0.79,-4.04,3.59,-27.593087,-48.501840,7,220.68
-31.36,30141.02,0.00,9132.56,0.11,-0.36,-0.14,8.05,25.12,-1.84,-5.70,3.41,-1.21,-27.593079,-48.501820,7,220.91
-31.34,30156.77,0.00,9129.06,0.43,0.74,-0.22,21.41,19.53,-7.93,-8.53,3.51,-9.08,-27.593070,-48.501800,9,221.15
-31.32,30172.54,0.00,9125.56,0.87,0.14,-0.41,28.64,8.55,-7.82,0.15,-1.42,-5.04,-27.593061,-48.501779,9,221.40
-31.29,30188.31,0.00,9122.06,-0.37,-0.60,0.15,28.44,-0.94,-6.07,3.81,-6.97,1.64,-27.593052,-48.501759,7,221.59
-31.27,30204.08,0.00,9118.56,0.26,-0.36,0.15,26.04,-11.20,-11.68,5.83,-5.17,3.31,-27.593043,-48.501739,9,221.79
-31.25,30219.86,0.00,9115.06,-0.27,-0.22,0.77,21.54,-23.19,-10.01,0.14,3.04,4.35,-27.593034,-48.501719,10,222.06
-31.23,30235.65,0.00,9111.56,-0.24,1.03,0.71,9.63,-29.34,-9.90,-2.63,6.46,0.85,-27.593025,-48.501698,6,222.35
-31.20,30251.45,0.00,9108.06,-0.17,-0.91,0.33,1.23,-31.74,-12.46,-4.87,1.31,0.58,-27.593016,-48.501678,6,222.57
-31.18,30267.25,0.00,9104.56,-0.90,-0.28,1.13,-13.12,-27.60,-7.28,-4.07,-4.19,-0.66,-27.593007,-48.501658,10,222.87
-31.16,30283.06,0.00,9101.06,-0.29,0.53,-0.10,-22.82,-21.21,-6.30,-0.39,-6.95,-1.53,-27.592998,-48.501638,8,223.11
-31.13,30298.88,0.00,9097.56,0.86,0.78,0.50,-29.82,-10.61,-9.30,6.91,-1.74,-0.55,-27.592989,-48.501617,9,223.34
-31.11,30314.70,0.00,9094.06,0.29,0.28,0.45,-30.37,-0.84,-6.91,0.64,3.32,4.23,-27.592980,-48.501597,6,223.51
-31.09,30330.53,0.00,9090.56,-0.44,-0.39,-0.60,-27.23,16.74,-5.12,-4.52,4.89,5.75,-27.592971,-48.501577,6,223.70
-31.07,30346.36,0.00,9087.06,-0.19,0.58,-0.07,-19.65,23.92,-2.67,-5.21,3.39,5.41,-27.592962,-48.501556,8,223.97
-31.04,30362.21,0.00,9083.56,-0.76,-0.53,-0.48,-9.47,29.38,0.52,-4.98,-3.99,-1.85,-27.592953,-48.501536,7,224.20
-31.02,30378.06,0.00,9080.06,1.00,0.37,0.08,1.32,30.05,1.28,-2.11,-2.95,-4.47,-27.592944,-48.501516,10,224.41
-31.00,30393.91,0.00,9076.56,0.17,-1.30,-0.14,12.72,24.83,1.06,3.83,-0.46,-6.81,-27.592935,-48.501496,7,224.69
-30.97,30409.78,0.00,9073.06,-0.25,-0.51,-0.39,23.98,18.79,4.78,4.64,4.76,-0.59,-27.592926,-48.501475,8,224.94
-30.95,30425.65,0.00,9069.56,-0.60,0.30,-0.38,33.15,12.37,3.52,-2.69,5.65,4.03,-27.592917,-48.501455,7,225.21
-30.93,30441.52,0.00,9066.06,-0.43,-0.78,-0.31,26.15,-2.06,4.47,-7.25,0.55,7.24,-27.592908,-48.501435,7,225.43
-30.91,30457.40,0.00,9062.56,-1.21,0.35,-0.50,28.96,-14.69,9.95,-7.17,-4.74,5.84,-27.592899,-48.501415,7,225.64
-30.88,30473.29,0.00,9059.06,-0.11,-0.24,-0.29,18.95,-21.99,9.36,-1.09,-5.43,-3.27,-27.592890,-48.501394,6,225.85
-30.86,30489.19,0.00,9055.56,-0.65,-1.50,-0.26,8.22,-32.05,10.47,4.80,2.28,-7.11,-27.592881,-48.501374,6,226.05
-30.84,30505.09,0.00,9052.06,-0.21,0.24,-0.15,-3.77,-28.62,6.95,5.95,9.41,-5.07,-27.592872,-48.501354,7,226.29
-30.82,30521.00,0.00,9048.56,-0.02,-0.26,0.38,-15.22,-28.72,12.10,1.72,4.16,-2.29,-27.592863,-48.501333,10,226.51
-30.79,30536.92,0.00,9045.06,0.15,0.91,0.60,-25.60,-17.94,7.55,-2.66,-1.98,5.92,-27.592854,-48.501313,10,226.70
-30.77,30552.84,0.00,9041.56,0.45,0.84,-0.22,-33.01,-6.23,5.68,-5.35,-3.71,3.79,-27.592845,-48.501293,8,226.98
-30.75,30568.77,0.00,9038.06,-0.51,0.22,0.55,-29.15,3.45,8.14,0.12,-6.44,5.31,-27.592836,-48.501273,8,227.25
-30.72,30584.71,0.00,9034.56,0.62,1.22,-0.01,-25.14,16.23,6.30,3.74,4.23,-4.47,-27.592827,-48.501252,7,227.45
-30.70,30600.65,0.00,9031.06,0.92,0.35,0.29,-11.88,24.91,0.76,6.67,7.11,-5.87,-27.592818,-48.501232,8,227.65
-30.68,30616.60,0.00,9027.56,-0.28,-0.00,0.81,-8.09,30.25,4.24,2.67,2.34,-3.82,-27.592809,-48.501212,9,227.85
-30.66,30632.56,0.00,9024.06,0.74,0.06,-0.89,6.25,26.44,0.12,1.29,-1.95,0.28,-27.592800,-48.501191,9,228.08
-30.63,30648.52,0.00,9020.56,-0.20,0.03,0.05,17.42,25.62,-4.48,-8.06,-6.34,1.90,-27.592791,-48.501171,10,228.34
-30.61,30664.49,0.00,9017.06,-0.03,-0.30,0.02,26.40,13.55,-2.01,-5.45,-1.65,5.85,-27.592782,-48.501151,6,228.64
-30.59,30680.47,0.00,9013.56,-1.31,0.47,-0.11,26.99,6.75,-8.01,1.68,1.58,3.59,-27.592773,-48.501131,8,228.90
-30.57,30696.46,0.00,9010.06,-0.11,-0.62,0.00,29.51,-8.44,-7.97,5.27,4.68,-4.25,-27.592764,-48.501110,7,229.12
-30.54,30712.45,0.00,9006.56,-0.14,-0.21,0.37,23.16,-17.13,-12.16,5.36,1.16,-6.04,-27.592755,-48.501090,6,229.33
-30.52,30728.44,0.00,9003.06,-0.01,0.25,-0.22,12.12,-22.87,-8.18,-2.20,-3.55,-6.38,-27.592746,-48.501070,10,229.53
-30.50,30744.45,0.00,8999.56,-0.15,0.16,0.19,4.98,-30.19,-10.20,-6.21,-5.87,-5.23,-27.592737,-48.501050,10,229.76
-30.47,30760.46,0.00,8996.06,-0.83,-0.72,-0.38,-7.14,-27.05,-7.90,-6.59,2.22,4.33,-27.592728,-48.501029,10,229.96
-30.45,30776.48,0.00,8992.56,0.02,0.00,0.16,-16.49,-25.47,-9.03,1.62,4.79,6.11,-27.592719,-48.501009,10,230.25
-30.43,30792.50,0.00,8989.06,-0.82,0.45,0.62,-26.66,-11.47,-8.77,5.65,5.92,1.73,-27.592710,-48.500989,9,230.46
-30.41,30808.53,0.00,8985.56,0.21,0.44,0.36,-27.70,-7.71,-8.91,3.36,1.44,-1.50,-27.592701,-48.500968,7,230.66
-30.38,30824.57,0.00,8982.06,-1.04,-0.24,0.70,-29.52,13.75,-7.03,-1.30,-5.47,-3.87,-27.592692,-48.500948,9,230.93
-30.36,30840.61,0.00,8978.56,-0.41,-1.03,-0.81,-20.11,18.15,-7.38,-2.42,-6.71,-8.23,-27.592683,-48.500928,8,231.16
-30.34,30856.67,0.00,8975.06,0.24,0.59,-0.18,-13.42,26.62,-2.93,-4.37,4.58,0.62,-27.592674,-48.500908,7,231.40
-30.32,30872.72,0.00,8971.56,-0.20,0.25,0.49,0.78,32.47,-0.24,-4.87,6.76,5.90,-27.592665,-48.500887,6,231.68
-30.29,30888.79,0.00,8968.06,0.65,-0.14,-0.53,9.10,27.61,1.33,6.28,2.27,5.22,-27.592656,-48.500867,9,231.90
-30.27,30904.86,0.00,8964.56,-0.27,-0.33,0.04,23.69,20.19,6.11,8.77,-5.06,4.31,-27.592647,-48.500847,7,232.10
-30.25,30920.94,0.00,8961.06,-0.40,0.81,-0.74,27.88,10.16,5.70,2.24,-3.74,-2.38,-27.592638,-48.500827,9,232.33
-30.22,30937.02,0.00,8957.56,0.51,0.57,-0.49,30.83,1.08,8.18,-1.84,-3.93,-8.07,-27.592629,-48.500806,10,232.56
-30.20,30953.12,0.00,8954.06,0.03,0.23,0.84,29.73,-8.03,8.33,-2.39,6.80,-6.68,-27.592620,-48.500786,9,232.80
-30.18,30969.21,0.00,8950.56,1.14,-0.30,-0.64,21.09,-20.17,8.75,-2.39,7.57,-1.93,-27.592611,-48.500766,6,233.03
-30.16,30985.32,0.00,8947.06,-0.34,-0.28,-0.53,9.81,-27.18,11.26,3.19,2.63,5.03,-27.592602,-48.500745,9,233.26
-30.13,31001.43,0.00,8943.56,0.32,-0.02,-0.87,-0.78,-28.78,9.66,7.10,-4.56,5.94,-27.592593,-48.500725,8,233.47
-30.11,31017.55,0.00,8940.06,-0.61,-0.10,0.02,-13.61,-26.44,8.50,4.09,-4.51,4.03,-27.592584,-48.500705,9,233.67
-30.09,31033.68,0.00,8936.56,-0.17,-0.31,0.30,-22.67,-21.92,9.67,-1.78,-0.94,-1.87,-27.592575,-48.500685,7,233.85
-30.06,31049.81,0.00,8933.06,-0.28,0.17,-0.39,-29.52,-10.99,9.33,-7.57,4.08,-8.41,-27.592566,-48.500664,10,234.09
-30.04,31065.95,0.00,8929.56,0.35,-0.09,0.42,-29.07,1.33,6.11,0.24,7.11,-6.52,-27.592557,-48.500644,9,234.31
-30.02,31082.10,0.00,8926.06,0.63,-0.66,-0.17,-24.95,15.96,7.23,3.23,-0.59,1.52,-27.592549,-48.500624,7,234.54
-30.00,31098.25,0.00,8922.56,0.54,-0.06,0.03,-17.89,22.97,0.83,7.19,-6.00,4.89,-27.592540,-48.500604,6,234.77
-29.97,31114.41,0.00,8919.06,-0.72,0.38,0.35,-9.49,29.32,3.16,3.47,-2.03,8.16,-27.592531,-48.500583,7,235.01
-29.95,31130.57,0.17,8915.56,0.02,-0.58,0.70,3.30,29.37,0.93,-0.62,-0.84,3.15,-27.592522,-48.500563,10,235.24
-29.93,31146.75,0.00,8912.06,-0.35,-0.13,-0.94,13.41,26.20,-0.47,-8.60,1.90,-4.55,-27.592513,-48.500543,7,235.54
-29.91,31162.93,0.00,8908.56,0.77,-0.27,0.09,23.41,18.14,-4.28,-4.32,3.95,-7.71,-27.592504,-48.500522,9,235.76
-29.88,31179.12,0.00,8905.06,0.92,-0.65,-0.15,26.78,12.81,-7.60,1.24,-3.04,-7.10,-27.592495,-48.500502,6,236.04
-29.86,31195.31,0.00,8901.56,1.17,0.72,0.06,30.48,-2.93,-7.54,4.27,-7.20,-0.21,-27.592486,-48.500482,10,236.26
-29.84,31211.51,0.00,8898.06,0.13,0.02,0.22,22.71,-14.17,-12.05,4.37,-3.57,4.19,-27.592477,-48.500462,6,236.53
-29.81,31227.72,0.00,8894.56,-0.06,0.03,0.34,19.49,-23.45,-10.97,1.40,3.32,8.04,-27.592468,-48.500441,8,236.85
-29.79,31243.93,0.00,8891.06,-0.48,0.71,-0.93,13.10,-26.80,-8.70,-5.69,7.71,2.41,-27.592459,-48.500421,8,237.06
-29.77,31260.15,0.00,8887.56,-0.34,-0.22,0.31,-2.64,-29.59,-10.00,-4.14,2.30,-5.81,-27.592450,-48.500401,7,237.35
-29.75,31276.38,0.00,8884.06,-0.03,-0.35,0.57,-10.00,-26.88,-8.51,0.02,0.65,-1.46,-27.592441,-48.500381,9,237.58
-29.72,31292.62,0.00,8880.56,0.64,0.77,0.37,-20.60,-20.30,-8.55,5.80,-4.52,-2.10,-27.592432,-48.500360,10,237.77
-29.70,31308.86,0.00,8877.06,-0.64,-0.29,-0.68,-26.89,-8.40,-10.77,5.20,-4.02,-1.55,-27.592423,-48.500340,10,238.07
-29.68,31325.11,0.00,8873.56,-0.45,-0.85,0.37,-23.95,1.78,-5.31,4.93,4.77,7.02,-27.592414,-48.500320,6,238.29
-29.66,31341.36,0.00,8870.06,-0.70,0.14,0.47,-26.93,15.37,-1.88,-5.49,2.54,5.14,-27.592405,-48.500299,7,238.47
-29.63,31357.62,0.00,8866.56,-0.34,-0.17,0.56,-21.77,23.89,-1.00,-3.19,1.94,3.17,-27.592396,-48.500279,7,238.67
-29.61,31373.89,0.00,8863.06,0.15,0.30,-0.12,-6.37,30.45,-0.34,-3.50,-4.57,-4.78,-27.592387,-48.500259,6,238.97
-29.59,31390.17,0.00,8859.56,0.62,-0.19,0.49,3.82,26.53,-0.77,5.31,-6.13,-5.74,-27.592378,-48.500239,6,239.17
-29.56,31406.45,0.26,8856.06,0.34,-0.29,1.09,12.13,26.64,2.68,3.68,-0.10,-4.93,-27.592369,-48.500218,10,239.47
-29.54,31422.74,0.00,8852.56,-0.01,0.04,-0.56,25.23,19.94,4.02,1.49,4.28,-2.41,-27.592360,-48.500198,7,239.68
-29.52,31439.04,0.00,8849.06,0.04,-0.26,0.23,32.26,7.37,6.55,-3.34,7.65,5.30,-27.592351,-48.500178,10,239.93
-29.50,31455.34,0.00,8845.56,0.53,-0.35,0.84,29.18,-8.64,7.17,-2.75,-0.18,8.10,-27.592342,-48.500158,10,240.28
-29.47,31471.65,0.00,8842.06,-0.89,-0.66,0.49,27.38,-18.01,8.05,-5.39,-7.39,1.34,-27.592333,-48.500137,9,240.56
-29.45,31487.97,0.00,8838.56,-0.96,-0.27,0.13,15.40,-27.27,6.06,-2.05,-2.62,-3.63,-27.592324,-48.500117,6,240.77
-29.43,31504.29,0.22,8835.06,-0.49,-0.06,-0.14,2.92,-30.96,8.11,4.97,1.13,-5.73,-27.592315,-48.500097,6,241.07
-29.41,31520.62,0.00,8831.56,0.17,0.45,-0.44,-6.60,-29.39,10.26,2.80,2.40,-4.64,-27.592306,-48.500076,8,241.30
-29.38,31536.96,0.00,8828.06,-0.02,0.53,-0.44,-15.38,-23.01,10.52,-1.90,-0.40,-1.73,-27.592297,-48.500056,10,241.50
-29.36,31553.30,0.38,8824.56,0.08,0.44,-0.33,-24.02,-19.58,10.17,-7.63,-4.78,4.78,-27.592288,-48.500036,7,241.80
-29.34,31569.65,0.00,8821.06,-0.03,-0.46,0.51,-34.81,-0.80,6.77,-3.37,-7.06,5.33,-27.592279,-48.500016,10,242.12
-29.31,31586.01,0.00,8817.56,-0.02,-0.65,0.01,-29.57,9.72,3.99,-3.10,-3.55,5.78,-27.592270,-48.499995,8,242.34
-29.29,31602.37,0.59,8814.06,-0.23,-0.04,0.72,-23.29,18.69,4.64,1.65,4.69,-3.72,-27.592261,-48.499975,6,242.66
-29.27,31618.75,0.26,8810.56,0.37,-1.28,-0.34,-16.66,24.14,1.96,5.13,1.03,-5.55,-27.592252,-48.499955,10,242.87
-29.25,31635.12,0.00,8807.06,0.16,0.03,0.59,-5.12,31.55,-0.74,-4.50,0.32,-3.68,-27.592243,-48.499935,9,243.14
-29.22,31651.51,0.00,8803.56,0.62,0.69,0.11,7.79,30.14,-2.11,-3.29,-5.92,0.07,-27.592234,-48.499914,10,243.36
-29.20,31667.90,0.00,8800.06,-0.24,0.19,-0.13,20.46,22.61,-1.54,-4.47,-4.49,2.86,-27.592225,-48.499894,9,243.65
-29.18,31684.30,0.76,8796.56,0.92,0.76,0.56,26.61,14.53,-3.59,-0.08,-2.81,5.58,-27.592216,-48.499874,7,243.86
-29.15,31700.71,0.70,8793.06,1.03,-0.30,0.08,29.46,3.28,-7.11,4.48,2.18,2.49,-27.592207,-48.499853,7,244.06
-29.13,31717.12,0.28,8789.56,0.27,-0.02,0.52,28.70,-7.11,-6.98,5.61,2.41,1.56,-27.592198,-48.499833,10,244.31
-29.11,31733.54,0.00,8786.06,0.59,-0.35,0.15,20.72,-21.65,-9.85,-0.14,0.14,-6.06,-27.592189,-48.499813,8,244.59
-29.09,31749.97,0.00,8782.56,-1.01,-0.42,0.29,9.47,-25.86,-9.16,-3.74,-8.59,-3.97,-27.592180,-48.499793,10,244.83
-29.06,31766.40,0.00,8779.06,-0.67,-0.66,0.07,0.48,-31.00,-10.90,-3.75,-4.55,3.07,-27.592171,-48.499772,6,245.15
-29.04,31782.84,0.00,8775.56,1.01,-0.32,0.40,-10.31,-27.65,-13.41,-2.92,2.48,5.16,-27.592162,-48.499752,6,245.45
-29.02,31799.29,0.00,8772.06,0.02,-0.58,-0.16,-18.43,-22.94,-6.92,0.67,8.43,3.76,-27.592153,-48.499732,7,245.75
-29.00,31815.74,0.17,8768.56,-0.01,0.44,1.73,-27.50,-9.94,-10.99,3.53,3.33,1.81,-27.592144,-48.499712,6,245.97
-28.97,31832.20,0.00,8765.06,0.25,-0.13,1.27,-29.88,-0.96,-5.11,5.46,-2.92,-2.84,-27.592135,-48.499691,10,246.22
-28.95,31848.67,0.00,8761.56,-0.26,-0.12,0.91,-27.30,9.70,-5.24,-3.88,-4.19,-7.06,-27.592126,-48.499671,8,246.42
-28.93,31865.15,0.00,8758.06,-0.34,0.63,-0.77,-20.47,22.24,-1.50,-3.06,-1.34,-4.01,-27.592117,-48.499651,8,246.72
-28.90,31881.63,0.79,8754.56,-0.60,-0.04,-0.78,-17.40,25.47,-2.50,-5.34,1.34,-1.68,-27.592108,-48.499630,9,246.94
-28.88,31898.12,0.00,8751.06,0.32,0.57,-0.23,2.44,30.47,-1.38,0.31,5.64,4.49,-27.592099,-48.499610,7,247.12
-28.86,31914.61,0.00,8747.56,0.00,-0.14,-0.72,10.77,26.28,2.94,3.96,3.08,4.39,-27.592090,-48.499590,10,247.42
-28.84,31931.11,0.00,8744.06,-0.10,1.12,-0.09,21.94,20.12,2.73,2.81,-1.01,0.00,-27.592081,-48.499570,9,247.72
-28.81,31947.62,0.00,8740.56,-0.54,0.42,-0.24,30.08,9.02,1.07,-2.37,-5.79,-0.63,-27.592072,-48.499549,8,247.94
-28.79,31964.14,0.00,8737.06,-0.05,0.73,-0.03,29.31,0.17,9.19,-5.54,-1.53,-7.72,-27.592063,-48.499529,6,248.23
-28.77,31980.66,0.46,8733.56,-0.69,-0.92,0.50,25.96,-12.24,8.79,-8.30,4.96,-5.52,-27.592054,-48.499509,9,248.48
-28.75,31997.19,0.00,8730.06,0.35,-0.68,-0.23,19.07,-23.46,9.38,-0.78,3.87,0.83,-27.592045,-48.499489,10,248.68
-28.72,32013.73,0.00,8726.56,0.32,-0.21,-0.63,6.79,-30.09,10.86,2.89,0.96,5.04,-27.592036,-48.499468,10,248.97
-28.70,32030.27,0.00,8723.06,-0.14,0.19,0.27,-1.14,-28.86,10.62,6.55,-5.82,6.82,-27.592027,-48.499448,7,249.23
-28.68,32046.82,0.65,8719.56,0.19,-0.47,-0.03,-10.82,-28.82,12.26,1.52,-6.25,-0.96,-27.592019,-48.499428,7,249.41
-28.65,32063.38,0.00,8716.06,-0.47,0.04,-0.09,-24.28,-18.24,9.08,-4.09,1.51,-4.88,-27.592010,-48.499407,6,249.70
-28.63,32079.95,0.00,8712.56,0.53,-0.71,-0.59,-27.18,-6.03,9.55,-5.54,7.02,-8.25,-27.592001,-48.499387,8,249.93
-28.61,32096.52,0.00,8709.06,0.52,-0.08,0.40,-30.55,3.41,6.92,-3.28,6.15,-2.77,-27.591992,-48.499367,10,250.20
-28.59,32113.10,0.90,8705.56,-0.21,0.60,0.19,-26.88,14.08,6.88,4.90,-2.01,4.94,-27.591983,-48.499347,9,250.39
-28.56,32129.68,0.83,8702.06,-0.32,0.06,-0.52,-20.19,19.07,3.56,5.10,-6.47,2.64,-27.591974,-48.499326,7,250.57
-28.54,32146.28,0.87,8698.56,0.30,0.14,0.10,-7.42,26.74,5.25,6.32,-1.15,9.57,-27.591965,-48.499306,10,250.81
-28.52,32162.87,0.64,8695.06,-0.20,0.30,-0.07,4.16,31.41,-0.47,-3.65,2.61,1.62,-27.591956,-48.499286,10,251.03
-28.50,32179.48,2.05,8691.56,-0.16,-0.39,-0.16,16.56,27.04,-4.05,-6.75,6.58,-0.28,-27.591947,-48.499266,8,251.29
-28.47,32196.09,0.00,8688.06,0.34,-0.32,0.20,19.90,18.69,-7.04,-4.20,3.35,-3.84,-27.591938,-48.499245,10,251.50
-28.45,32212.71,0.27,8684.56,0.15,-0.39,0.26,30.93,7.73,-7.57,0.20,-6.10,-1.16,-27.591929,-48.499225,9,251.69
-28.43,32229.34,0.00,8681.06,-0.04,-0.08,0.69,29.70,-2.66,-4.96,6.62,-8.49,0.06,-27.591920,-48.499205,7,251.95
-28.40,32245.98,0.00,8677.56,0.41,0.64,-0.32,23.79,-16.81,-9.84,4.40,-1.72,2.65,-27.591911,-48.499184,7,252.18
-28.38,32262.62,2.03,8674.06,0.03,0.21,0.16,17.73,-28.00,-10.54,0.77,7.39,7.12,-27.591902,-48.499164,6,252.38
-28.36,32279.27,0.00,8670.56,0.10,-0.35,0.76,4.34,-28.17,-6.92,-7.20,4.13,0.12,-27.591893,-48.499144,6,252.67
-28.34,32295.92,1.77,8667.06,-0.29,-0.04,-0.29,-2.39,-27.23,-8.95,-9.58,-1.92,-3.85,-27.591884,-48.499124,6,252.92
-28.31,32312.58,1.22,8663.56,-0.37,-0.26,1.03,-16.39,-26.26,-10.15,-2.68,-6.37,-8.57,-27.591875,-48.499103,8,253.18
-28.29,32329.25,0.01,8660.06,-0.48,-0.92,0.05,-24.77,-15.78,-10.71,3.44,-5.58,-3.47,-27.591866,-48.499083,9,253.42
-28.27,32345.93,0.59,8656.56,-0.36,-1.22,0.79,-27.78,-5.52,-7.18,2.69,-0.46,0.01,-27.591857,-48.499063,9,253.61
-28.24,32362.61,0.00,8653.06,0.64,0.38,0.60,-28.19,5.42,-7.41,0.53,7.90,7.64,-27.591848,-48.499043,8,253.82
-28.22,32379.30,0.00,8649.56,-0.70,-1.34,-1.34,-27.01,17.77,-5.57,-3.35,2.22,3.09,-27.591839,-48.499022,9,254.16
-28.20,32396.00,1.18,8646.06,-0.43,-0.02,0.72,-17.85,28.95,-2.78,-4.74,1.47,0.20,-27.591830,-48.499002,7,254.43
-28.18,32412.70,1.07,8642.56,-0.07,0.23,-0.32,-5.10,28.05,-2.54,-3.12,-6.49,-2.65,-27.591821,-48.498982,8,254.73
-28.15,32429.41,0.50,8639.06,-0.56,1.11,0.01,6.41,30.48,-0.83,5.81,-5.12,-4.25,-27.591812,-48.498961,8,255.03
-28.13,32446.13,0.00,8635.56,-0.03,-0.25,-0.08,17.36,24.21,4.58,6.74,5.26,-5.72,-27.591803,-48.498941,7,255.33
-28.11,32462.85,1.08,8632.06,-0.11,-0.79,-1.09,25.38,13.06,4.20,3.59,2.81,1.08,-27.591794,-48.498921,8,255.51
-28.09,32479.58,0.52,8628.56,0.51,0.05,-0.27,29.57,5.36,5.34,-1.94,3.25,1.66,-27.591785,-48.498901,8,255.76
-28.06,32496.32,0.80,8625.06,0.02,-0.59,0.26,29.95,-8.15,10.67,-10.06,-5.12,2.87,-27.591776,-48.498880,7,255.99
-28.04,32513.07,1.71,8621.56,-0.80,-0.70,0.22,26.01,-17.10,9.98,-6.67,-3.67,2.74,-27.591767,-48.498860,9,256.18
-28.02,32529.82,0.41,8618.06,-0.92,0.31,0.22,15.52,-26.97,5.93,-0.67,-3.22,-5.07,-27.591758,-48.498840,9,256.40
-27.99,32546.58,0.00,8614.56,-0.48,-0.10,-0.27,4.16,-31.90,11.70,3.71,0.74,-7.47,-27.591749,-48.498820,9,256.61
-27.97,32563.35,0.57,8611.06,-0.23,-0.63,0.78,-10.12,-25.98,12.70,4.47,6.09,-4.43,-27.591740,-48.498799,8,256.80
-27.95,32580.12,0.00,8607.56,-0.65,0.49,0.14,-17.30,-24.07,11.52,-1.28,3.55,-0.33,-27.591731,-48.498779,10,257.08
-27.93,32596.90,1.68,8604.06,0.84,-0.10,-1.27,-28.58,-13.15,7.64,-3.65,-5.59,4.21,-27.591722,-48.498759,6,257.37
-27.90,32613.69,0.59,8600.56,-0.37,-0.07,0.57,-29.54,-2.56,7.75,-5.91,-3.79,5.47,-27.591713,-48.498738,8,257.64
-27.88,32630.48,1.73,8597.06,-0.23,-0.31,-1.03,-29.05,13.16,5.33,-0.74,-3.09,-0.33,-27.591704,-48.498718,8,257.94
-27.86,32647.29,0.03,8593.56,0.24,-0.04,0.16,-19.10,20.59,3.46,4.60,1.97,-3.75,-27.591695,-48.498698,8,258.15
-27.84,32664.09,1.71,8590.06,-0.16,-0.45,-1.31,-14.52,23.82,3.38,6.24,4.79,-6.92,-27.591686,-48.498678,10,258.37
-27.81,32680.91,2.06,8586.56,0.42,-0.34,0.24,-5.00,30.47,2.66,2.84,-1.10,-3.51,-27.591677,-48.498657,10,258.57
-27.79,32697.73,1.11,8583.06,-0.29,-0.59,-0.13,10.69,28.71,0.03,-3.99,-3.54,0.37,-27.591668,-48.498637,6,258.83
-27.77,32714.56,2.64,8579.56,-0.03,0.23,0.42,19.52,19.27,-1.73,-5.34,-7.51,4.99,-27.591659,-48.498617,9,259.13
-27.74,32731.40,2.62,8576.06,-0.60,0.12,0.36,28.23,11.13,-6.06,-0.75,3.65,7.17,-27.591650,-48.498597,9,259.35
-27.72,32748.24,1.73,8572.56,0.50,-0.55,0.52,31.46,-2.44,-9.96,4.14,3.07,1.03,-27.591641,-48.498576,8,259.56
-27.70,32765.09,0.00,8569.06,0.06,-0.47,0.62,28.44,-15.61,-7.21,4.68,2.44,-3.12,-27.591632,-48.498556,8,259.82
-27.68,32781.95,0.85,8565.56,0.24,-0.35,0.17,19.57,-22.83,-3.92,-1.25,-0.25,-4.48,-27.591623,-48.498536,6,260.05
-27.65,32798.81,1.87,8562.06,-0.60,-0.43,0.18,13.88,-26.66,-5.62,-1.97,-5.39,-2.70,-27.591614,-48.498515,6,260.23
-27.63,32815.69,0.00,8558.56,-0.39,0.23,-0.89,1.98,-30.31,-8.41,-4.70,-2.74,-0.66,-27.591605,-48.498495,6,260.45
-27.61,32832.57,2.53,8555.06,-0.10,0.68,-0.63,-12.29,-26.51,-5.86,-4.57,4.10,10.39,-27.591596,-48.498475,7,260.65
-27.59,32849.45,2.23,8551.56,-0.33,-1.02,0.49,-21.28,-24.55,-9.63,2.56,7.16,4.34,-27.591587,-48.498455,6,260.92
-27.56,32866.34,1.11,8548.06,-0.31,-0.33,-0.02,-29.43,-6.83,-8.59,4.44,4.66,1.30,-27.591578,-48.498434,9,261.17
-27.54,32883.24,2.44,8544.56,0.08,0.07,-0.32,-29.97,1.31,-5.38,3.43,-4.17,-2.71,-27.591569,-48.498414,6,261.45
-27.52,32900.15,1.90,8541.06,-0.10,-0.58,-0.76,-27.06,10.74,-6.20,-2.47,-9.14,-4.30,-27.591560,-48.498394,7,261.67
-27.49,32917.06,0.23,8537.56,-0.99,0.49,0.00,-21.09,20.76,-4.37,-9.92,-1.73,-3.34,-27.591551,-48.498374,10,261.92
-27.47,32933.99,0.90,8534.06,-0.58,0.11,-0.14,-8.37,28.48,3.12,-5.72,5.34,2.39,-27.591542,-48.498353,8,262.17
-27.45,32950.91,1.21,8530.56,-0.47,-0.27,0.21,4.16,32.07,-1.57,0.24,3.69,5.99,-27.591533,-48.498333,7,262.39
-27.43,32967.85,2.63,8527.06,-0.05,-0.56,0.47,11.32,25.83,3.50,6.84,2.11,6.71,-27.591524,-48.498313,10,262.70
-27.40,32984.79,2.29,8523.56,-0.62,-0.22,-0.69,20.60,19.04,5.99,4.42,-1.29,-2.63,-27.591515,-48.498292,10,262.96
-27.38,33001.74,1.65,8520.06,-0.14,-0.13,0.35,27.21,11.05,5.62,-1.66,-7.74,-5.36,-27.591506,-48.498272,8,263.24
-27.36,33018.70,1.72,8516.56,0.60,-0.23,-0.29,27.50,-5.88,6.60,-2.61,-3.54,-4.01,-27.591497,-48.498252,7,263.53
-27.33,33035.66,1.43,8513.06,-0.39,-0.52,-0.02,25.10,-12.13,7.97,-3.93,5.70,-2.66,-27.591489,-48.498232,7,263.71
-27.31,33052.63,0.76,8509.56,0.07,-0.24,0.48,17.91,-24.99,9.01,-0.14,2.77,0.67,-27.591480,-48.498211,7,264.00
-27.29,33069.61,2.09,8506.06,-0.43,-0.07,-0.15,4.79,-26.18,9.46,1.89,-1.02,4.45,-27.591471,-48.498191,7,264.20
-27.27,33086.59,2.96,8502.56,-0.02,0.15,0.02,1.01,-30.42,11.44,4.28,-6.90,6.92,-27.591462,-48.498171,10,264.42
-27.24,33103.58,2.01,8499.06,0.01,-0.35,-0.51,-17.58,-24.09,12.98,1.84,-3.96,-0.58,-27.591453,-48.498151,8,264.60
-27.22,33120.58,0.99,8495.56,0.21,-0.72,-0.28,-24.39,-15.68,11.55,-3.63,3.45,-2.50,-27.591444,-48.498130,8,264.80
-27.20,33137.59,1.93,8492.06,-0.45,-0.13,0.35,-30.23,-9.52,5.68,-5.96,4.42,-6.73,-27.591435,-48.498110,7,265.05
-27.18,33154.60,2.80,8488.56,0.11,-0.04,-0.14,-28.72,3.97,4.64,-0.38,6.87,-4.09,-27.591426,-48.498090,6,265.35
-27.15,33171.62,2.72,8485.06,0.18,-0.08,0.62,-27.27,13.95,5.44,3.62,-1.79,4.57,-27.591417,-48.498069,10,265.55
-27.13,33188.65,2.23,8481.56,0.11,-0.92,0.30,-15.43,23.85,5.05,4.60,-8.44,6.66,-27.591408,-48.498049,7,265.80
-27.11,33205.68,3.68,8478.06,0.37,0.04,0.69,-6.93,29.95,-0.88,-1.32,-3.34,6.21,-27.591399,-48.498029,6,266.11
-27.08,33222.72,1.45,8474.56,0.19,0.12,0.35,10.71,30.98,-2.61,0.96,3.20,0.98,-27.591390,-48.498009,6,266.39
-27.06,33239.77,0.81,8471.06,-0.93,0.18,-0.54,20.29,25.78,0.40,-7.23,5.37,-3.83,-27.591381,-48.497988,10,266.67
-27.04,33256.82,1.02,8467.56,-0.86,-0.02,0.21,26.90,14.14,-3.88,-2.83,4.92,-5.75,-27.591372,-48.497968,9,266.91
-27.02,33273.89,1.66,8464.06,-0.76,0.18,-0.42,27.45,4.76,-6.75,3.86,-3.08,-5.18,-27.591363,-48.497948,9,267.11
-26.99,33290.96,2.58,8460.56,0.46,-0.33,-0.20,27.56,-7.00,-8.89,6.22,-5.21,2.37,-27.591354,-48.497928,8,267.39
-26.97,33308.03,2.46,8457.06,0.27,0.01,-0.10,25.58,-22.77,-10.19,5.22,-2.03,8.33,-27.591345,-48.497907,10,267.64
-26.95,33325.12,2.60,8453.56,0.12,-0.02,0.29,14.94,-27.06,-7.91,1.23,5.82,5.51,-27.591336,-48.497887,7,267.94
-26.93,33342.21,1.16,8450.06,-0.52,-0.33,-0.17,3.36,-27.62,-7.92,-8.31,4.42,1.50,-27.591327,-48.497867,8,268.25
-26.90,33359.30,3.34,8446.56,-0.15,0.11,0.03,-6.35,-29.86,-8.32,-5.38,1.62,-4.18,-27.591318,-48.497846,8,268.59
-26.88,33376.41,3.41,8443.06,0.03,-0.09,-0.05,-17.24,-23.25,-10.69,3.25,-4.10,-4.21,-27.591309,-48.497826,8,268.90
-26.86,33393.52,3.85,8439.56,-0.51,-0.72,0.80,-27.14,-14.64,-9.70,4.44,-7.03,-2.38,-27.591300,-48.497806,7,269.20
-26.83,33410.64,2.13,8436.06,-0.46,0.95,0.35,-29.21,-6.29,-9.04,4.20,0.38,3.70,-27.591291,-48.497786,10,269.45
-26.81,33427.77,1.73,8432.56,-0.02,-0.07,-0.21,-26.78,7.07,-6.45,-1.37,5.91,5.33,-27.591282,-48.497765,9,269.70
-26.79,33444.90,2.20,8429.06,0.34,-0.14,0.38,-22.95,16.87,-5.52,-5.01,5.26,9.02,-27.591273,-48.497745,9,269.95
-26.77,33462.04,1.32,8425.56,-0.23,-1.01,-0.29,-16.45,25.62,-0.55,-4.20,-2.61,1.81,-27.591264,-48.497725,6,270.22
-26.74,33479.19,2.79,8422.06,-0.33,0.29,0.15,-3.15,30.85,-0.15,-2.05,-5.50,-4.46,-27.591255,-48.497704,9,270.50
-26.72,33496.34,1.82,8418.56,-0.23,-0.46,0.48,9.69,26.85,-0.02,2.72,-3.90,-5.70,-27.591246,-48.497684,6,270.73
-26.70,33513.50,1.99,8415.06,-0.44,-0.63,0.31,21.34,20.95,1.53,6.03,-1.21,-1.99,-27.591237,-48.497664,9,271.00
-26.68,33530.67,2.09,8411.56,0.05,-0.44,0.13,26.59,13.39,6.27,1.03,10.51,3.78,-27.591228,-48.497644,10,271.31
-26.65,33547.85,2.22,8408.06,-0.21,0.72,0.23,25.94,2.71,6.53,-1.51,2.11,7.64,-27.591219,-48.497623,6,271.61
-26.63,33565.03,2.16,8404.56,0.53,-0.53,0.62,24.19,-8.92,7.03,-4.01,-3.83,3.29,-27.591210,-48.497603,7,271.86
-26.61,33582.22,4.62,8401.06,-0.58,-0.34,0.26,21.11,-19.14,7.45,-4.49,-8.08,-0.52,-27.591201,-48.497583,6,272.16
-26.58,33599.42,2.00,8397.56,0.41,0.35,-0.33,11.13,-28.12,11.37,3.71,-3.47,-6.10,-27.591192,-48.497563,8,272.40
-26.56,33616.62,3.98,8394.06,-0.24,0.38,-0.40,2.40,-31.68,8.03,7.60,5.80,-7.72,-27.591183,-48.497542,6,272.67
-26.54,33633.83,2.23,8390.56,0.40,-0.25,0.73,-13.80,-27.63,9.13,4.81,11.16,-1.80,-27.591174,-48.497522,6,272.97
-26.52,33651.05,3.36,8387.06,-0.62,0.14,-0.46,-19.54,-22.91,11.28,-1.59,1.51,4.26,-27.591165,-48.497502,6,273.27
-26.49,33668.28,4.75,8383.56,-0.34,0.43,-0.16,-27.68,-13.53,13.13,-5.04,-6.42,5.48,-27.591156,-48.497481,6,273.55
-26.47,33685.51,2.40,8380.06,-0.87,0.54,-0.75,-32.40,-0.47,10.20,-0.75,-5.30,3.40,-27.591147,-48.497461,8,273.77
-26.45,33702.75,1.46,8376.56,-0.30,0.40,0.28,-27.07,10.44,2.19,1.39,-1.70,0.94,-27.591138,-48.497441,10,274.00
-26.42,33720.00,2.56,8373.06,-0.17,-0.30,-0.23,-24.36,22.45,3.49,8.85,6.55,-4.24,-27.591129,-48.497421,9,274.27
-26.40,33737.25,1.13,8369.56,-0.00,0.07,-0.02,-13.00,31.77,1.00,4.26,7.45,-7.34,-27.591120,-48.497400,8,274.48
-26.38,33754.51,1.60,8366.06,0.80,0.28,-0.22,-0.48,29.56,-3.09,-0.24,-0.64,-5.78,-27.591111,-48.497380,10,274.79
-26.36,33771.78,1.35,8362.56,0.02,-0.17,-0.80,12.40,29.24,-5.44,-5.66,-6.52,-0.05,-27.591102,-48.497360,6,275.08
-26.33,33789.06,4.10,8359.06,0.41,-0.54,-0.06,22.27,17.77,-5.69,-5.14,-6.94,8.47,-27.591093,-48.497340,8,275.28
-26.31,33806.34,4.16,8355.56,-0.41,0.13,0.13,28.08,10.39,-7.09,2.51,2.97,5.98,-27.591084,-48.497319,10,275.46
-26.29,33823.63,3.64,8352.06,0.15,-0.78,-1.02,27.87,-2.75,-4.70,7.79,3.62,-1.46,-27.591075,-48.497299,8,275.71
-26.27,33840.93,2.93,8348.56,-0.38,-0.72,-0.14,23.80,-16.25,-8.04,6.84,3.09,-7.76,-27.591066,-48.497279,9,276.00
-26.24,33858.23,2.68,8345.06,-0.21,-0.44,0.50,16.41,-21.48,-7.18,2.62,-6.22,-3.06,-27.591057,-48.497258,10,276.25
-26.22,33875.54,3.07,8341.56,-0.51,0.78,0.41,6.57,-30.45,-9.37,-5.39,-5.16,0.44,-27.591048,-48.497238,6,276.43
-26.20,33892.86,4.67,8338.06,0.56,0.47,-0.04,-3.76,-27.00,-11.83,-7.44,-0.81,3.60,-27.591039,-48.497218,8,276.69
-26.17,33910.19,3.37,8334.56,-0.14,1.27,0.48,-14.74,-27.19,-8.67,-2.87,3.31,8.78,-27.591030,-48.497198,6,276.96
-26.15,33927.52,3.78,8331.06,0.95,0.45,-0.27,-22.97,-15.12,-11.31,4.55,5.86,4.32,-27.591021,-48.497177,9,277.15
-26.13,33944.86,3.43,8327.56,-0.06,-0.04,0.55,-32.04,-11.06,-13.14,7.18,-0.80,2.94,-27.591012,-48.497157,6,277.39
-26.11,33962.21,3.76,8324.06,0.70,-0.56,0.10,-28.98,1.40,-7.90,1.11,-5.46,-6.09,-27.591003,-48.497137,7,277.67
-26.08,33979.56,3.75,8320.56,1.04,0.07,0.72,-18.38,14.26,-6.70,-3.44,-7.38,-5.63,-27.590994,-48.497117,8,277.90
-26.06,33996.93,2.41,8317.06,-0.82,-0.01,0.17,-17.14,26.32,-1.12,-4.86,-3.02,-1.73,-27.590985,-48.497096,10,278.20
-26.04,34014.30,2.12,8313.56,0.43,0.73,0.90,-10.74,30.03,-2.32,-3.59,2.46,1.29,-27.590976,-48.497076,7,278.43
-26.02,34031.67,3.17,8310.06,0.13,-0.61,1.25,6.40,27.65,2.01,-0.07,2.88,7.21,-27.590967,-48.497056,10,278.66
-25.99,34049.06,4.28,8306.56,-0.59,-0.13,-0.94,16.38,25.87,1.09,4.22,0.87,2.43,-27.590958,-48.497035,7,278.95
-25.97,34066.45,2.67,8303.06,1.07,0.79,0.94,24.37,22.01,3.74,5.21,-0.74,0.62,-27.590950,-48.497015,7,279.16
-25.95,34083.84,3.27,8299.56,0.22,0.60,-0.31,27.79,9.05,2.07,-0.62,-4.67,-4.31,-27.590941,-48.496995,9,279.42
-25.92,34101.25,2.11,8296.06,1.11,0.15,-0.05,28.61,-4.61,5.54,-3.69,1.23,-7.42,-27.590932,-48.496975,7,279.68
-25.90,34118.66,3.44,8292.56,0.55,-0.00,0.20,25.18,-18.23,9.66,-3.89,2.79,-3.15,-27.590923,-48.496954,8,279.90
-25.88,34136.08,3.06,8289.06,-0.04,0.04,0.65,15.89,-23.93,8.38,-1.43,5.91,1.72,-27.590914,-48.496934,7,280.10
-25.86,34153.51,3.46,8285.56,0.10,0.03,0.24,5.33,-36.11,6.52,5.14,2.15,8.08,-27.590905,-48.496914,9,280.35
-25.83,34170.94,5.23,8282.06,0.06,-0.55,0.58,-7.02,-27.49,11.78,2.30,-6.43,4.42,-27.590896,-48.496894,6,280.65
-25.81,34188.38,4.89,8278.56,-0.37,-0.15,0.35,-19.39,-25.05,6.95,0.55,-5.66,-0.42,-27.590887,-48.496873,8,280.91
-25.79,34205.83,4.21,8275.06,-0.30,0.42,-0.30,-22.20,-16.45,7.88,-3.07,3.36,-5.60,-27.590878,-48.496853,6,281.11
-25.77,34223.28,4.69,8271.56,-0.30,-0.11,-0.55,-26.96,-7.27,5.73,-3.09,6.85,-4.91,-27.590869,-48.496833,7,281.39
-25.74,34240.75,4.55,8268.06,0.24,0.40,-0.02,-30.64,8.92,6.01,-1.97,4.05,-1.60,-27.590860,-48.496812,7,281.61
-25.72,34258.22,3.64,8264.56,0.62,-0.23,-0.19,-23.62,19.05,4.55,8.06,-6.31,1.31,-27.590851,-48.496792,10,281.96
-25.70,34275.69,3.49,8261.06,-0.26,-0.18,-0.21,-14.12,29.35,1.07,7.58,-5.25,5.25,-27.590842,-48.496772,9,282.17
-25.67,34293.18,3.17,8257.56,-0.06,-0.45,-0.14,-0.57,32.23,-0.46,3.99,-3.00,4.08,-27.590833,-48.496752,7,282.41
-25.65,34310.67,2.45,8254.06,0.77,0.02,0.39,6.50,28.21,-5.57,-2.08,4.17,-1.37,-27.590824,-48.496731,7,282.67
-25.63,34328.17,3.50,8250.56,-0.61,0.11,-0.45,18.64,23.90,-4.55,-6.57,3.21,-6.51,-27.590815,-48.496711,10,282.83
-25.61,34345.67,3.63,8247.06,0.57,0.17,0.50,26.93,14.61,-7.57,0.99,-2.36,-5.55,-27.590806,-48.496691,7,283.01
-25.58,34363.19,3.77,8243.56,-0.12,0.08,0.19,29.64,3.54,-2.59,-0.00,-7.79,-1.11,-27.590797,-48.496671,7,283.32
-25.56,34380.71,4.75,8240.06,-0.17,0.01,0.76,28.19,-10.61,-5.16,5.90,-5.96,3.15,-27.590788,-48.496650,6,283.58
-25.54,34398.24,3.62,8236.56,0.05,0.38,-0.22,23.88,-17.08,-14.01,1.73,2.55,6.21,-27.590779,-48.496630,7,283.85
-25.51,34415.77,4.68,8233.06,-0.42,0.47,-0.31,12.92,-25.76,-9.45,-4.56,6.42,2.85,-27.590770,-48.496610,10,284.10
-25.49,34433.31,4.18,8229.56,0.37,0.08,-0.25,0.97,-29.02,-8.41,-3.21,4.80,1.47,-27.590761,-48.496589,10,284.35
-25.47,34450.86,3.26,8226.06,0.34,-0.09,0.46,-3.12,-30.62,-6.59,-5.87,-1.51,-3.95,-27.590752,-48.496569,7,284.60
-25.45,34468.42,3.19,8222.56,-0.11,0.42,-0.60,-19.58,-20.69,-8.20,3.83,-0.66,-8.19,-27.590743,-48.496549,7,284.87
-25.42,34485.98,4.60,8219.06,-0.39,0.21,0.22,-26.38,-16.81,-7.83,3.40,-2.34,-3.42,-27.590734,-48.496529,9,285.18
-25.40,34503.55,4.03,8215.56,0.51,0.42,-0.04,-26.20,-0.84,-6.84,2.29,-1.46,2.82,-27.590725,-48.496508,7,285.40
-25.38,34521.13,3.97,8212.06,0.02,0.02,0.24,-24.90,7.55,-7.58,0.22,6.53,6.93,-27.590716,-48.496488,9,285.57
-25.36,34538.72,4.40,8208.56,-0.70,-0.90,0.29,-23.36,19.99,-2.40,-8.25,-0.51,10.48,-27.590707,-48.496468,10,285.82
-25.33,34556.31,4.23,8205.06,-0.12,-0.39,-0.44,-13.15,24.88,-5.30,-4.72,-3.22,0.55,-27.590698,-48.496448,6,286.14
-25.31,34573.91,4.59,8201.56,1.01,-0.06,-0.42,0.85,30.29,-0.67,0.43,-4.43,-5.93,-27.590689,-48.496427,10,286.39
-25.29,34591.52,4.43,8198.06,-0.53,-0.73,0.23,10.96,26.56,1.31,4.02,-3.80,-6.80,-27.590680,-48.496407,9,286.64
-25.26,34609.13,5.44,8194.56,0.09,-0.07,0.24,16.49,20.30,3.41,9.94,1.53,-4.69,-27.590671,-48.496387,8,286.87
-25.24,34626.75,4.23,8191.06,0.21,-0.90,0.48,26.17,12.61,8.22,1.99,6.70,0.74,-27.590662,-48.496366,7,287.09
-25.22,34644.38,4.41,8187.56,0.19,-0.75,0.49,26.44,0.05,5.55,-5.20,1.20,5.50,-27.590653,-48.496346,8,287.29
-25.20,34662.02,5.23,8184.06,-0.53,-0.51,-0.54,29.59,-13.22,7.47,-5.03,-3.41,2.91,-27.590644,-48.496326,6,287.46
-25.17,34679.66,5.77,8180.56,-0.45,0.28,0.08,22.68,-21.99,7.54,-4.09,-5.01,0.45,-27.590635,-48.496306,8,287.76
-25.15,34697.31,4.18,8177.06,-0.07,-0.49,0.40,9.58,-30.17,8.71,4.60,-2.75,-4.48,-27.590626,-48.496285,8,288.06
-25.13,34714.97,4.37,8173.56,-0.14,0.76,-0.12,-0.80,-28.14,7.49,6.32,6.70,-4.68,-27.590617,-48.496265,8,288.28
-25.11,34732.64,2.64,8170.06,-1.07,0.60,-0.58,-13.60,-25.86,10.15,1.25,4.51,-6.07,-27.590608,-48.496245,8,288.46
-25.08,34750.31,6.36,8166.56,-0.60,-0.30,-0.56,-20.36,-19.83,11.90,-3.88,1.45,1.34,-27.590599,-48.496225,7,288.78
-25.06,34767.99,7.44,8163.06,0.17,-0.63,0.39,-25.68,-8.22,6.38,-8.39,-6.35,7.48,-27.590590,-48.496204,9,289.01
-25.04,34785.68,4.79,8159.56,0.26,0.56,0.01,-31.83,1.26,5.20,-5.34,-3.33,3.24,-27.590581,-48.496184,8,289.19
-25.01,34803.37,6.27,8156.06,0.17,-0.28,0.51,-26.49,12.29,5.54,1.86,4.39,0.60,-27.590572,-48.496164,10,289.40
-24.99,34821.07,3.06,8152.56,-0.48,-1.11,0.38,-18.00,24.53,1.93,4.24,0.98,-5.27,-27.590563,-48.496143,9,289.67
-24.97,34838.78,5.17,8149.06,0.22,-1.10,-0.23,-10.87,28.00,3.61,6.28,3.14,-5.85,-27.590554,-48.496123,8,289.92
-24.95,34856.50,4.26,8145.56,0.28,1.01,-0.05,4.33,31.60,0.03,-1.27,0.88,-2.11,-27.590545,-48.496103,8,290.21
-24.92,34874.22,4.09,8142.06,0.49,-0.06,0.19,18.96,25.47,0.19,-4.21,-1.57,1.52,-27.590536,-48.496083,10,290.50
-24.90,34891.95,5.42,8138.56,0.53,-0.75,0.28,26.30,21.97,-4.97,-3.05,-4.18,5.15,-27.590527,-48.496062,9,290.75
-24.88,34909.69,5.39,8135.06,-0.64,-0.22,0.42,29.57,9.63,-6.43,1.71,1.69,6.24,-27.590518,-48.496042,9,291.03
-24.86,34927.44,3.65,8131.56,0.65,0.55,0.14,30.22,-3.64,-10.22,7.66,7.63,0.30,-27.590509,-48.496022,7,291.27
-24.83,34945.19,6.52,8128.06,-0.12,0.01,-0.78,26.60,-14.31,-7.59,6.20,6.77,-6.75,-27.590500,-48.496002,9,291.45
-24.81,34962.95,6.69,8124.56,-0.48,0.35,0.53,19.96,-23.49,-8.42,-1.17,-4.13,-5.09,-27.590491,-48.495981,9,291.67
-24.79,34980.72,2.47,8121.06,0.39,0.20,0.09,10.09,-32.25,-14.38,-2.79,-3.74,-5.30,-27.590482,-48.495961,8,291.97
-24.76,34998.49,4.61,8117.56,0.95,0.11,0.10,-6.95,-28.64,-7.82,-4.63,-4.87,4.00,-27.590473,-48.495941,10,292.21
-24.74,35016.28,2.44,8114.06,-0.00,0.63,-0.52,-15.82,-22.14,-10.43,-3.01,4.82,1.12,-27.590464,-48.495920,8,292.44
-24.72,35034.07,4.55,8110.56,-0.65,0.33,-0.59,-19.89,-16.80,-5.94,5.81,8.46,6.50,-27.590455,-48.495900,8,292.64
-24.70,35051.86,4.45,8107.06,0.07,-0.62,0.28,-24.01,-5.73,-6.19,6.47,-0.86,-1.68,-27.590446,-48.495880,8,292.92
-24.67,35069.67,5.45,8103.56,-0.91,-0.64,-0.29,-31.26,6.55,-8.94,3.10,-9.14,-5.23,-27.590437,-48.495860,10,293.18
-24.65,35087.48,4.91,8100.06,0.29,1.06,0.28,-22.20,20.65,-4.31,-5.49,-1.63,-5.70,-27.590428,-48.495839,6,293.44
-24.63,35105.30,4.92,8096.56,0.06,-0.05,0.46,-15.39,24.66,-4.48,-4.28,-2.80,-1.02,-27.590420,-48.495819,6,293.66
-24.60,35123.12,4.56,8093.06,-1.08,0.21,0.55,-4.26,27.22,0.60,-0.57,4.31,4.76,-27.590411,-48.495799,9,293.98
-24.58,35140.96,4.63,8089.56,0.18,0.85,-0.28,6.66,32.97,2.54,2.41,5.69,6.18,-27.590402,-48.495779,10,294.23
-24.56,35158.80,6.86,8086.06,0.29,0.28,-0.09,17.29,23.89,2.65,8.48,0.49,4.07,-27.590393,-48.495758,8,294.53
-24.54,35176.65,7.18,8082.56,-0.51,0.56,0.34,25.38,13.80,5.65,2.67,-4.20,2.74,-27.590384,-48.495738,9,294.85
-24.51,35194.50,4.17,8079.06,-0.25,-0.58,-0.04,30.30,3.60,6.51,-1.88,-4.28,-8.35,-27.590375,-48.495718,9,295.19
-24.49,35212.36,6.01,8075.56,0.35,-0.19,-1.56,28.21,-5.80,7.69,-8.70,3.28,-7.78,-27.590366,-48.495697,6,295.42
-24.47,35230.23,5.26,8072.06,-0.22,0.26,-0.44,20.97,-16.09,7.84,-3.72,6.95,-1.27,-27.590357,-48.495677,8,295.62
-24.45,35248.11,4.19,8068.56,-0.05,-1.50,0.06,14.11,-24.45,9.03,3.10,3.91,1.34,-27.590348,-48.495657,7,295.85
-24.42,35266.00,5.41,8065.06,-0.23,-0.09,0.24,4.80,-28.52,7.99,6.23,-1.51,8.53,-27.590339,-48.495637,10,296.18
-24.40,35283.89,6.50,8061.56,-0.11,-0.07,0.68,-11.51,-34.15,10.83,5.31,-3.70,5.81,-27.590330,-48.495616,9,296.44
-24.38,35301.79,4.50,8058.06,-0.05,0.38,0.38,-19.41,-21.06,8.18,-1.02,-4.31,-3.71,-27.590321,-48.495596,10,296.76
-24.35,35319.69,3.58,8054.56,-0.13,0.01,-0.06,-24.21,-13.75,7.28,-7.69,0.94,-5.94,-27.590312,-48.495576,10,296.97
-24.33,35337.61,5.50,8051.06,-0.32,0.08,-0.68,-31.79,-1.59,4.69,-9.94,6.68,-5.51,-27.590303,-48.495556,9,297.24
-24.31,35355.53,4.56,8047.56,0.19,-0.42,0.89,-29.63,12.07,7.28,0.61,2.39,0.04,-27.590294,-48.495535,10,297.44
-24.29,35373.46,5.12,8044.06,0.33,0.30,0.77,-23.66,20.59,-1.00,6.61,-4.53,6.11,-27.590285,-48.495515,10,297.71
-24.26,35391.40,5.58,8040.56,0.55,0.12,0.28,-14.77,25.52,1.06,6.22,-4.85,4.58,-27.590276,-48.495495,8,297.92
-24.24,35409.34,6.04,8037.06,-0.56,-0.50,-0.27,-0.66,32.95,-0.46,0.70,-1.78,3.42,-27.590267,-48.495474,8,298.11
-24.22,35427.29,5.52,8033.56,-0.24,-0.60,-0.27,11.79,28.06,-4.98,-5.54,3.85,-1.43,-27.590258,-48.495454,10,298.35
-24.20,35445.25,5.40,8030.06,0.17,-0.96,0.86,17.04,27.94,-4.53,-6.28,6.32,-4.30,-27.590249,-48.495434,9,298.55
-24.17,35463.21,6.86,8026.56,0.49,-0.15,1.30,24.82,11.80,-4.65,-0.89,-0.91,-1.30,-27.590240,-48.495414,10,298.86
-24.15,35481.19,5.04,8023.06,0.52,0.05,-0.46,28.41,1.75,-5.98,2.63,-5.30,-1.43,-27.590231,-48.495393,10,299.08
-24.13,35499.17,4.68,8019.56,-0.09,-0.12,0.33,25.62,-8.70,-6.04,6.39,-6.28,2.97,-27.590222,-48.495373,8,299.35
-24.10,35517.16,6.99,8016.06,-0.23,0.34,-0.54,21.70,-19.03,-7.53,3.04,2.05,7.67,-27.590213,-48.495353,9,299.55
-24.08,35535.15,5.15,8012.56,0.12,0.29,-1.08,10.86,-26.39,-9.59,-2.06,3.41,2.38,-27.590204,-48.495333,7,299.78
-24.06,35553.15,5.48,8009.06,0.41,0.04,0.36,-1.31,-30.49,-11.22,-8.51,3.27,-0.62,-27.590195,-48.495312,10,300.03
-24.04,35571.16,4.57,8005.56,0.40,-0.15,0.37,-9.17,-25.72,-10.24,-4.24,-3.75,-6.84,-27.590186,-48.495292,6,300.27
-24.01,35589.18,7.32,8002.06,-1.09,-0.99,0.12,-24.89,-21.16,-9.10,3.10,-8.25,-6.01,-27.590177,-48.495272,8,300.57
-23.99,35607.21,5.88,7998.56,0.42,0.56,0.34,-29.54,-12.65,-9.09,4.92,-2.45,-1.74,-27.590168,-48.495251,8,300.79
-23.97,35625.24,5.70,7995.06,0.37,0.47,-0.46,-30.96,2.50,-8.18,1.57,2.60,4.06,-27.590159,-48.495231,9,301.06
-23.95,35643.28,4.23,7991.56,-0.71,-0.93,-0.20,-25.67,10.62,-4.20,-0.11,3.60,10.25,-27.590150,-48.495211,9,301.36
-23.92,35661.32,6.04,7988.06,-0.41,-0.51,0.02,-25.24,24.76,-2.67,-5.77,2.06,3.84,-27.590141,-48.495191,6,301.66
-23.90,35679.38,6.78,7984.56,0.09,-0.60,0.27,-12.00,27.57,-5.27,-4.89,-2.30,3.50,-27.590132,-48.495170,8,301.97
-23.88,35697.44,5.64,7981.06,0.51,-0.28,-0.91,2.79,29.10,-0.15,1.19,-7.92,-6.27,-27.590123,-48.495150,6,302.22
-23.85,35715.51,7.87,7977.56,-0.02,-0.59,0.59,12.46,25.83,1.21,7.02,-2.43,-6.16,-27.590114,-48.495130,10,302.48
-23.83,35733.59,5.67,7974.06,-0.91,0.29,0.22,20.48,21.22,6.99,2.46,4.03,-0.44,-27.590105,-48.495110,6,302.81
-23.81,35751.67,7.91,7970.56,0.42,0.20,-0.51,31.69,12.71,3.66,5.24,-2.16,1.15,-27.590096,-48.495089,6,303.03
-23.79,35769.76,6.19,7967.06,-0.02,0.23,0.44,31.18,0.71,10.56,-4.82,0.55,7.21,-27.590087,-48.495069,7,303.26
-23.76,35787.86,5.50,7963.56,-0.19,0.60,-0.39,27.57,-14.68,5.91,-3.37,-2.24,5.16,-27.590078,-48.495049,6,303.50
-23.74,35805.97,8.28,7960.06,0.05,0.57,0.86,18.81,-19.34,10.11,-2.62,-5.17,-2.16,-27.590069,-48.495028,10,303.70
-23.72,35824.08,7.75,7956.56,-0.48,-0.57,0.34,7.47,-28.20,7.08,5.22,-2.93,-7.15,-27.590060,-48.495008,8,303.94
-23.69,35842.20,6.50,7953.06,-0.26,0.85,0.18,-5.14,-28.08,8.98,5.52,3.99,-7.64,-27.590051,-48.494988,10,304.17
-23.67,35860.33,5.12,7949.56,0.14,0.58,0.60,-15.02,-26.86,8.48,4.07,7.55,-2.92,-27.590042,-48.494968,10,304.40
-23.65,35878.47,6.17,7946.06,-0.26,0.56,0.49,-24.92,-19.78,12.70,-2.93,-2.29,5.32,-27.590033,-48.494947,9,304.67
-23.63,35896.61,5.87,7942.56,0.21,-0.40,-0.20,-29.07,-9.84,6.03,-5.12,-7.75,3.50,-27.590024,-48.494927,10,304.93
-23.60,35914.76,4.88,7939.06,-0.14,-0.10,0.05,-28.66,1.54,7.76,0.47,-2.46,3.34,-27.590015,-48.494907,9,305.23
-23.58,35932.92,6.91,7935.56,-0.52,-0.49,-0.49,-23.57,18.25,3.83,3.72,-0.01,-2.78,-27.590006,-48.494887,6,305.47
-23.56,35951.08,7.87,7932.06,0.40,-0.25,1.22,-16.35,20.84,1.57,7.88,7.44,-3.27,-27.589997,-48.494866,9,305.65
-23.54,35969.26,6.90,7928.56,0.67,0.45,-0.06,-5.30,25.01,-0.03,4.77,5.36,-7.64,-27.589988,-48.494846,9,305.89
-23.51,35987.44,7.00,7925.06,0.11,-0.23,0.38,4.54,27.78,-2.81,-0.40,-3.15,-0.89,-27.589979,-48.494826,8,306.19
-23.49,36005.63,3.82,7921.56,0.33,0.65,-0.23,15.67,26.43,-0.19,-6.37,-5.04,4.98,-27.589970,-48.494805,10,306.42
-23.47,36023.82,6.47,7918.06,-0.03,-0.30,0.31,25.35,14.39,-4.87,-3.58,-2.77,8.31,-27.589961,-48.494785,9,306.69
-23.44,36042.02,6.24,7914.56,0.23,-0.50,0.26,29.46,4.19,-6.36,1.13,1.94,4.63,-27.589952,-48.494765,10,306.93
-23.42,36060.23,6.90,7911.06,-0.79,-0.39,-0.35,29.63,-5.25,-9.68,6.13,6.91,-1.49,-27.589943,-48.494745,10,307.16
-23.40,36078.45,5.65,7907.56,-0.12,0.32,0.12,26.67,-14.27,-8.83,4.89,2.66,-5.33,-27.589934,-48.494724,8,307.40
-23.38,36096.68,5.38,7904.06,-0.20,-0.06,-0.05,18.75,-23.01,-8.70,0.50,-4.35,-3.71,-27.589925,-48.494704,6,307.60
-23.35,36114.91,5.32,7900.56,0.42,0.83,0.12,2.19,-31.39,-14.12,-6.99,-4.86,0.11,-27.589916,-48.494684,8,307.80
-23.33,36133.15,6.40,7897.06,-0.42,0.53,-0.13,-6.58,-29.50,-7.07,-5.35,-1.45,3.49,-27.589907,-48.494664,9,308.10
-23.31,36151.40,9.14,7893.56,0.02,-0.51,0.26,-19.22,-25.86,-6.53,0.67,4.91,4.14,-27.589898,-48.494643,10,308.35
-23.29,36169.65,5.62,7890.06,-0.91,-0.42,-0.22,-24.01,-13.15,-8.89,3.77,3.56,4.63,-27.589890,-48.494623,9,308.60
-23.26,36187.92,5.25,7886.56,-0.10,-0.17,-0.36,-31.51,-3.09,-5.76,4.68,4.39,-3.18,-27.589881,-48.494603,7,308.86
-23.24,36206.19,6.69,7883.06,0.18,-0.16,-0.77,-29.73,2.63,-4.25,1.56,-6.17,-5.84,-27.589872,-48.494582,9,309.08
-23.22,36224.46,5.97,7879.56,0.27,0.20,0.41,-28.49,18.49,-0.73,-2.62,-6.27,-4.85,-27.589863,-48.494562,9,309.30
-23.19,36242.75,7.25,7876.06,-0.70,0.15,-0.23,-12.12,32.12,-1.81,-5.90,-1.78,-3.42,-27.589854,-48.494542,8,309.60
-23.17,36261.04,5.39,7872.56,-0.46,0.14,0.21,2.04,29.71,-1.83,3.61,8.13,1.64,-27.589845,-48.494522,7,309.91
-23.15,36279.34,6.82,7869.06,0.11,-0.76,0.19,10.07,28.29,0.82,3.73,5.74,8.64,-27.589836,-48.494501,10,310.18
-23.13,36297.65,7.80,7865.56,-0.07,-0.06,0.85,19.70,20.97,5.05,3.78,-3.83,4.46,-27.589827,-48.494481,8,310.41
-23.10,36315.96,6.21,7862.06,-0.58,0.23,0.18,30.78,13.89,2.02,-0.43,-5.96,-1.45,-27.589818,-48.494461,6,310.64
-23.08,36334.28,6.86,7858.56,0.09,-0.21,-0.16,28.77,5.37,8.68,-1.52,-3.95,-4.92,-27.589809,-48.494441,6,310.87
-23.06,36352.61,8.34,7855.06,-0.07,-0.43,-0.48,33.19,-10.75,9.96,-6.34,5.79,-3.72,-27.589800,-48.494420,9,311.17
-23.04,36370.95,7.77,7851.56,0.56,-0.11,0.17,25.01,-17.88,8.76,-2.74,5.82,2.07,-27.589791,-48.494400,10,311.44
-23.01,36389.30,9.00,7848.06,0.23,-0.36,-0.28,13.42,-27.07,8.25,2.37,0.41,2.54,-27.589782,-48.494380,8,311.74
-22.99,36407.65,6.45,7844.56,0.77,-0.66,0.16,0.16,-29.22,8.34,6.71,-5.17,5.47,-27.589773,-48.494359,6,311.96
-22.97,36426.01,6.44,7841.06,-0.38,0.58,0.71,-5.74,-28.47,10.96,4.31,-4.04,6.10,-27.589764,-48.494339,7,312.18
-22.94,36444.38,6.66,7837.56,0.08,-0.03,-0.36,-17.20,-22.32,6.61,-3.16,-4.11,-0.95,-27.589755,-48.494319,9,312.41
-22.92,36462.75,6.14,7834.06,-1.03,0.88,-0.13,-22.72,-12.39,8.91,-7.47,3.90,-5.67,-27.589746,-48.494299,10,312.65
-22.90,36481.13,5.75,7830.56,0.44,-0.41,0.75,-31.78,1.17,9.24,-0.62,7.27,-3.39,-27.589737,-48.494278,8,312.86
-22.88,36499.52,7.78,7827.06,-0.97,0.23,0.30,-30.02,13.17,2.44,-0.91,1.22,-1.24,-27.589728,-48.494258,8,313.12
-22.85,36517.92,9.66,7823.56,0.23,-0.03,1.25,-20.29,21.71,6.04,2.11,-3.39,5.77,-27.589719,-48.494238,6,313.38
-22.83,36536.32,7.00,7820.06,0.62,0.21,-0.25,-10.59,30.81,2.91,5.61,-3.02,7.21,-27.589710,-48.494217,10,313.62
-22.81,36554.74,8.71,7816.56,0.55,0.75,0.06,-0.76,28.48,-0.64,-1.27,0.41,3.11,-27.589701,-48.494197,10,313.82
-22.78,36573.16,6.37,7813.06,0.23,-0.48,-0.43,11.51,26.91,-3.82,-3.80,7.35,-0.96,-27.589692,-48.494177,6,314.12
-22.76,36591.58,7.26,7809.56,0.14,1.00,0.47,23.80,22.29,-6.11,-5.68,3.54,-7.44,-27.589683,-48.494157,9,314.32
-22.74,36610.02,7.74,7806.06,0.03,0.79,0.24,23.61,11.43,-4.21,-3.21,-4.03,-4.79,-27.589674,-48.494136,6,314.57
-22.72,36628.46,8.73,7802.56,0.96,-0.76,0.33,32.71,1.94,-7.92,6.20,-6.89,-3.11,-27.589665,-48.494116,7,314.83
-22.69,36646.91,7.32,7799.06,0.04,-0.80,0.11,24.83,-11.30,-9.58,2.71,-3.58,2.70,-27.589656,-48.494096,7,315.03
-22.67,36665.37,6.94,7795.56,0.32,0.34,0.86,19.88,-19.47,-12.63,0.50,3.26,6.76,-27.589647,-48.494076,8,315.27
-22.65,36683.83,8.50,7792.06,0.70,-0.25,-0.03,9.86,-26.61,-10.22,-1.13,6.54,2.55,-27.589638,-48.494055,7,315.54
-22.63,36702.30,7.32,7788.56,0.02,-0.41,1.31,-4.86,-29.53,-10.11,-7.15,4.92,0.27,-27.589629,-48.494035,7,315.84
-22.60,36720.78,7.51,7785.06,-0.66,-1.34,0.27,-12.71,-24.31,-9.40,-2.44,-6.06,-4.14,-27.589620,-48.494015,6,316.10
-22.58,36739.27,7.95,7781.56,-0.36,-0.10,0.27,-25.63,-20.82,-7.48,0.12,-4.18,-4.45,-27.589611,-48.493994,9,316.32
-22.56,36757.77,9.48,7778.06,-0.18,0.87,1.58,-28.58,-6.27,-7.14,3.44,-4.09,4.28,-27.589602,-48.493974,9,316.54
-22.53,36776.27,8.02,7774.56,0.94,-0.46,0.15,-26.54,2.76,-10.56,6.01,2.32,9.78,-27.589593,-48.493954,9,316.74
-22.51,36794.78,7.76,7771.06,1.73,-0.35,-0.14,-24.34,10.83,-3.67,-3.22,2.81,7.31,-27.589584,-48.493934,8,316.90
-22.49,36813.30,8.99,7767.56,0.34,0.55,0.27,-20.91,24.93,-1.99,-5.93,1.45,4.26,-27.589575,-48.493913,10,317.14
-22.47,36831.82,8.90,7764.06,0.09,0.60,0.16,-11.70,29.13,-0.51,-3.57,-4.65,-2.05,-27.589566,-48.493893,9,317.37
-22.44,36850.36,5.76,7760.56,-0.04,-0.49,-0.17,-0.80,29.21,4.13,-1.59,-4.87,-4.66,-27.589557,-48.493873,10,317.57
-22.42,36868.90,9.04,7757.06,0.07,-1.24,1.45,15.12,26.93,1.85,7.67,-2.54,-3.57,-27.589548,-48.493853,10,317.77
-22.40,36887.44,6.75,7753.56,0.43,0.52,-0.01,21.35,17.13,6.45,4.36,5.21,-1.11,-27.589539,-48.493832,6,318.04
-22.38,36906.00,7.68,7750.06,0.09,0.26,-0.12,26.82,2.61,4.85,1.35,4.10,5.86,-27.589530,-48.493812,7,318.29
-22.35,36924.56,5.91,7746.56,0.09,0.44,0.66,29.26,-1.64,8.91,-7.42,-0.03,7.62,-27.589521,-48.493792,7,318.51
-22.33,36943.13,7.55,7743.06,-0.16,0.05,0.65,26.64,-15.36,6.60,-7.07,-3.00,2.02,-27.589512,-48.493771,8,318.75
-22.31,36961.71,5.93,7739.56,0.15,0.13,-0.15,16.62,-24.62,9.91,-1.28,-4.86,-3.71,-27.589503,-48.493751,9,319.01
-22.28,36980.30,6.75,7736.06,-0.95,-0.75,0.52,5.80,-28.60,8.35,3.44,-0.42,-5.10,-27.589494,-48.493731,10,319.21
-22.26,36998.89,6.23,7732.56,0.60,-0.36,-0.56,-4.99,-29.31,6.97,7.27,4.96,-3.71,-27.589485,-48.493711,10,319.49
-22.24,37017.49,8.70,7729.06,0.64,-0.08,0.59,-15.08,-25.66,13.21,1.80,4.23,-0.99,-27.589476,-48.493690,9,319.68
-22.22,37036.10,8.46,7725.56,0.37,0.15,0.04,-21.05,-22.16,5.52,-4.10,-2.12,3.63,-27.589467,-48.493670,9,319.91
-22.19,37054.71,10.31,7722.06,-0.35,-1.36,-0.10,-25.46,-7.40,8.72,-4.75,-8.75,3.07,-27.589458,-48.493650,8,320.11
-22.17,37073.34,8.53,7718.56,-0.47,0.35,0.61,-31.42,8.75,8.93,-5.55,-1.48,3.23,-27.589449,-48.493630,10,320.38
-22.15,37091.97,7.93,7715.06,-0.59,0.23,0.05,-23.72,16.90,0.75,4.03,4.19,-3.47,-27.589440,-48.493609,6,320.65
-22.13,37110.61,7.41,7711.56,0.53,-0.85,-0.24,-18.71,22.39,3.11,9.00,7.41,-8.53,-27.589431,-48.493589,8,320.90
-22.10,37129.25,7.69,7708.06,-0.35,0.01,0.11,-4.79,28.05,-0.84,2.82,2.68,-5.70,-27.589422,-48.493569,6,321.13
-22.08,37147.91,8.22,7704.56,0.38,-0.06,-0.24,7.36,27.49,-4.25,-0.21,-3.36,2.60,-27.589413,-48.493548,10,321.35
-22.06,37166.57,7.75,7701.06,-0.32,0.04,0.53,16.24,26.74,-0.88,-5.05,-5.93,8.37,-27.589404,-48.493528,9,321.62
-22.03,37185.24,7.24,7697.56,0.11,0.14,-0.46,25.11,16.25,-2.49,-5.11,-1.44,6.70,-27.589395,-48.493508,7,321.89
-22.01,37203.91,9.37,7694.06,-0.29,0.06,-0.35,25.04,4.26,-7.29,0.22,5.07,3.29,-27.589386,-48.493488,7,322.20
-21.99,37222.60,9.50,7690.56,0.47,-0.20,0.40,28.15,-6.17,-6.26,6.87,5.90,0.47,-27.589377,-48.493467,9,322.42
-21.97,37241.29,8.34,7687.06,0.36,-0.17,-0.19,26.20,-17.78,-6.51,5.52,-1.28,-6.64,-27.589368,-48.493447,9,322.66
-21.94,37259.99,7.83,7683.56,-0.80,0.71,-0.35,10.88,-23.96,-9.44,-4.43,-5.89,-6.66,-27.589360,-48.493427,7,322.96
-21.92,37278.70,9.28,7680.06,-0.28,0.33,-1.02,2.02,-29.32,-8.05,-8.76,-1.81,-1.72,-27.589351,-48.493407,9,323.26
-21.90,37297.41,8.48,7676.56,0.28,0.19,-0.41,-13.21,-30.67,-10.86,-4.24,1.37,7.13,-27.589342,-48.493386,7,323.55
-21.87,37316.13,8.21,7673.06,0.36,-0.68,-0.91,-16.68,-23.97,-7.93,0.52,2.65,0.52,-27.589333,-48.493366,10,323.75
-21.85,37334.86,6.58,7669.56,-0.17,0.28,0.42,-24.57,-13.61,-9.27,5.51,4.13,0.18,-27.589324,-48.493346,8,324.03
-21.83,37353.60,8.47,7666.06,0.46,-0.14,0.71,-28.04,-1.75,-4.51,7.99,-0.32,-0.55,-27.589315,-48.493325,8,324.33
-21.81,37372.35,7.20,7662.56,0.01,-0.70,0.07,-27.95,6.49,-4.39,-3.70,-6.83,-6.20,-27.589306,-48.493305,9,324.63
-21.78,37391.10,8.36,7659.06,-0.36,-0.67,-0.16,-22.35,18.02,-3.71,-7.20,-4.58,-7.55,-27.589297,-48.493285,10,324.87
-21.76,37409.86,9.98,7655.56,0.01,-0.69,0.10,-11.18,29.64,-1.87,-4.17,0.34,-1.18,-27.589288,-48.493265,9,325.19
-21.74,37428.63,10.50,7652.06,-0.15,0.23,-0.59,2.24,28.52,-1.91,0.95,7.12,3.38,-27.589279,-48.493244,8,325.45
-21.72,37447.40,9.22,7648.56,0.31,-0.11,-0.05,8.26,25.88,2.39,6.40,0.40,4.81,-27.589270,-48.493224,8,325.71
-21.69,37466.18,10.78,7645.06,-0.19,-0.16,-0.88,19.02,22.42,6.16,8.42,-1.80,-1.35,-27.589261,-48.493204,10,325.99
-21.67,37484.98,9.22,7641.56,-0.32,-0.44,-0.42,27.29,13.72,2.50,-0.01,-5.33,-1.54,-27.589252,-48.493184,6,326.29
-21.65,37503.77,7.27,7638.06,-0.60,-1.29,-0.52,29.10,-4.94,7.69,-8.19,-6.61,-7.42,-27.589243,-48.493163,6,326.50
-21.62,37522.58,9.51,7634.56,0.60,0.29,0.03,26.35,-15.29,7.70,-4.56,4.04,-5.36,-27.589234,-48.493143,10,326.80
-21.60,37541.39,9.97,7631.06,0.23,0.30,-0.37,18.14,-22.18,7.69,-0.63,8.85,-0.84,-27.589225,-48.493123,8,327.03
-21.58,37560.21,7.63,7627.56,0.55,-0.53,0.11,7.04,-28.85,10.57,7.37,-0.53,6.64,-27.589216,-48.493102,6,327.26
-21.56,37579.04,9.10,7624.06,0.08,0.07,0.00,0.30,-30.94,10.56,4.78,-4.67,4.65,-27.589207,-48.493082,10,327.50
-21.53,37597.88,9.57,7620.56,-0.25,-0.28,-0.95,-11.88,-26.22,9.33,0.84,-1.61,0.44,-27.589198,-48.493062,9,327.76
-21.51,37616.72,8.68,7617.06,0.69,0.09,-0.12,-21.41,-22.40,9.09,-6.24,1.11,-4.40,-27.589189,-48.493042,10,328.00
-21.49,37635.58,10.61,7613.56,0.02,0.41,-0.31,-29.44,-9.95,7.48,-7.93,1.86,-7.35,-27.589180,-48.493021,8,328.30
-21.47,37654.44,7.49,7610.06,-0.27,0.36,-0.91,-29.50,-0.04,6.17,-9.53,5.97,-5.99,-27.589171,-48.493001,8,328.53
-21.44,37673.30,8.02,7606.56,1.07,0.25,0.50,-26.00,13.73,7.38,1.94,-1.52,-0.03,-27.589162,-48.492981,8,328.80
-21.42,37692.18,7.46,7603.06,-0.53,0.71,-0.86,-17.46,22.33,1.22,5.36,-3.85,4.36,-27.589153,-48.492961,7,329.10
-21.40,37711.06,9.31,7599.56,0.49,-0.63,-0.37,-9.69,30.73,-1.02,4.98,-5.58,8.19,-27.589144,-48.492940,9,329.38
-21.37,37729.95,9.22,7596.06,-0.20,-0.18,-0.83,4.39,28.44,0.54,-1.14,-0.76,0.60,-27.589135,-48.492920,6,329.62
-21.35,37748.85,10.99,7592.56,-0.10,-0.88,0.72,14.71,28.87,-3.73,-7.65,7.66,0.24,-27.589126,-48.492900,8,329.84
-21.33,37767.75,10.16,7589.06,-0.37,-1.08,-0.20,27.04,16.91,-2.91,-3.74,1.58,-8.18,-27.589117,-48.492879,7,330.11
-21.31,37786.67,9.03,7585.56,0.36,-0.28,-0.35,30.66,9.97,-3.15,1.63,-1.92,-2.64,-27.589108,-48.492859,8,330.41
-21.28,37805.59,10.25,7582.06,-0.14,-0.89,0.02,28.48,-2.52,-5.08,1.62,-9.60,0.95,-27.589099,-48.492839,7,330.71
-21.26,37824.52,9.85,7578.56,0.93,0.90,-0.55,26.77,-11.36,-6.75,8.94,-2.75,3.58,-27.589090,-48.492819,8,330.94
-21.24,37843.45,10.28,7575.06,-0.36,0.41,-0.02,20.02,-23.14,-10.31,-0.76,2.81,5.52,-27.589081,-48.492798,9,331.23
-21.22,37862.40,10.48,7571.56,-0.04,-0.45,0.20,8.81,-31.33,-11.53,-4.74,6.09,2.99,-27.589072,-48.492778,9,331.51
-21.19,37881.35,11.20,7568.06,0.02,-0.39,0.34,-2.83,-32.19,-9.83,-4.77,4.92,0.15,-27.589063,-48.492758,8,331.82
-21.17,37900.31,9.19,7564.56,0.23,0.16,0.32,-17.18,-26.14,-12.55,0.94,-2.38,-7.38,-27.589054,-48.492738,10,332.12
-21.15,37919.27,11.17,7561.06,0.68,1.35,-0.65,-21.34,-19.79,-7.00,6.14,-6.12,-5.88,-27.589045,-48.492717,6,332.38
-21.12,37938.25,9.74,7557.56,-1.70,1.76,-0.19,-27.07,-7.93,-10.28,7.33,-1.54,1.46,-27.589036,-48.492697,8,332.62
-21.10,37957.23,8.43,7554.06,0.16,0.65,-0.78,-26.65,8.54,-5.31,3.59,5.23,2.88,-27.589027,-48.492677,9,332.85
-21.08,37976.22,9.11,7550.56,0.16,0.20,0.02,-23.03,18.09,-7.52,-4.65,7.29,5.22,-27.589018,-48.492656,9,333.08
-21.06,37995.22,8.94,7547.06,-0.94,-0.26,0.13,-17.13,29.37,2.27,-5.04,0.73,8.14,-27.589009,-48.492636,7,333.35
-21.03,38014.22,9.45,7543.56,0.57,1.03,0.19,-7.71,27.42,-3.01,-5.88,-4.35,-2.57,-27.589000,-48.492616,8,333.54
-21.01,38033.24,11.15,7540.06,0.29,0.50,-0.49,6.87,26.18,-2.19,2.74,-5.54,-2.55,-27.588991,-48.492596,7,333.84
-20.99,38052.26,9.42,7536.56,0.72,0.15,-0.15,15.90,25.58,1.56,5.72,2.58,-4.57,-27.588982,-48.492575,6,334.07
-20.96,38071.29,9.57,7533.06,-0.23,-0.85,0.35,21.58,17.50,7.23,5.45,4.98,-1.35,-27.588973,-48.492555,9,334.29
-20.94,38090.32,8.68,7529.56,-0.23,-0.97,0.92,28.67,4.55,8.00,-3.89,4.64,7.51,-27.588964,-48.492535,9,334.56
-20.92,38109.37,9.21,7526.06,0.37,-1.22,0.17,29.95,-6.32,8.75,-7.30,-2.36,7.12,-27.588955,-48.492515,7,334.87
-20.90,38128.42,10.72,7522.56,-0.58,0.16,-0.16,24.92,-18.51,6.35,-5.15,-4.78,1.11,-27.588946,-48.492494,6,335.21
-20.87,38147.48,8.54,7519.06,-0.27,-0.39,0.15,14.81,-25.20,8.68,-2.11,-4.91,-2.95,-27.588937,-48.492474,9,335.45
-20.85,38166.54,9.40,7515.56,-0.03,1.03,-0.46,3.21,-30.34,11.95,5.90,-0.23,-5.54,-27.588928,-48.492454,6,335.78
-20.83,38185.62,9.91,7512.06,-0.04,0.79,0.09,-4.63,-30.94,13.32,5.76,5.51,-0.43,-27.588919,-48.492433,6,336.03
-20.81,38204.70,8.78,7508.56,-0.46,0.09,0.19,-17.95,-24.87,9.17,-1.20,4.61,-2.42,-27.588910,-48.492413,10,336.23
-20.78,38223.79,12.13,7505.06,0.06,-0.94,-0.08,-28.63,-14.97,8.49,-2.88,-7.54,0.93,-27.588901,-48.492393,10,336.45
-20.76,38242.89,8.81,7501.56,0.39,-0.47,-0.88,-31.37,-3.47,8.58,-4.39,-5.04,5.14,-27.588892,-48.492373,9,336.61
-20.74,38261.99,9.87,7498.06,-0.13,0.74,-0.30,-31.28,5.18,7.17,-1.86,-1.69,1.55,-27.588883,-48.492352,8,336.91
-20.71,38281.11,10.95,7494.56,0.65,-0.32,0.44,-24.79,19.29,2.73,0.20,3.66,-3.48,-27.588874,-48.492332,10,337.20
-20.69,38300.23,10.14,7491.06,0.04,0.94,-0.31,-15.71,24.75,3.81,5.95,7.39,-9.84,-27.588865,-48.492312,10,337.42
-20.67,38319.36,11.19,7487.56,-1.01,0.40,-0.26,-1.15,28.88,-0.88,0.40,2.76,-6.19,-27.588856,-48.492292,10,337.63
-20.65,38338.49,10.31,7484.06,-0.31,-0.42,-0.27,6.83,27.68,-1.67,-4.49,-3.55,0.56,-27.588847,-48.492271,8,337.96
-20.62,38357.64,9.38,7480.56,-0.43,0.06,0.05,20.87,24.36,-3.10,-6.97,-5.84,0.90,-27.588838,-48.492251,6,338.16
-20.60,38376.79,12.47,7477.06,-0.05,-0.31,0.52,25.67,14.61,-5.77,-3.79,-3.06,6.03,-27.588830,-48.492231,9,338.36
-20.58,38395.95,10.71,7473.56,0.29,0.41,0.23,31.54,1.80,-9.17,2.13,2.12,3.25,-27.588821,-48.492210,6,338.62
-20.56,38415.12,10.71,7470.06,0.13,0.12,-0.45,27.54,-9.25,-7.35,7.07,7.40,-2.09,-27.588812,-48.492190,10,338.86
-20.53,38434.29,11.02,7466.56,-0.08,0.72,-0.54,19.70,-18.30,-7.86,3.59,1.78,-12.21,-27.588803,-48.492170,6,339.18
-20.51,38453.47,11.11,7463.06,-0.41,-0.68,-1.02,16.67,-28.14,-10.59,-1.04,-9.17,-1.27,-27.588794,-48.492150,6,339.39
-20.49,38472.67,10.49,7459.56,-0.85,0.26,-1.31,0.90,-31.49,-9.85,-8.78,-3.38,-1.37,-27.588785,-48.492129,8,339.66
-20.46,38491.86,11.99,7456.06,1.08,-1.06,0.00,-12.90,-25.75,-8.86,-3.09,-0.96,5.46,-27.588776,-48.492109,6,339.86
-20.44,38511.07,11.15,7452.56,0.26,0.71,0.25,-23.88,-23.58,-6.40,1.36,6.24,7.15,-27.588767,-48.492089,8,340.06
-20.42,38530.28,11.38,7449.06,-0.94,-0.25,-1.10,-25.39,-9.58,-7.74,6.60,5.12,-4.19,-27.588758,-48.492069,7,340.23
-20.40,38549.51,10.86,7445.56,-0.41,-0.57,-0.36,-28.24,-0.48,-11.29,2.59,-3.99,-7.87,-27.588749,-48.492048,10,340.46
-20.37,38568.74,10.24,7442.06,0.50,-0.19,-0.06,-27.87,9.66,-4.36,-0.33,-7.58,-7.05,-27.588740,-48.492028,8,340.78
-20.35,38587.97,11.09,7438.56,-0.21,-1.14,-0.84,-19.94,20.98,-3.54,-5.24,-6.43,-6.07,-27.588731,-48.492008,9,341.01
-20.33,38607.22,10.77,7435.06,-0.12,0.41,-1.38,-14.89,28.79,-1.96,-2.67,6.28,-0.32,-27.588722,-48.491987,7,341.27
-20.31,38626.47,10.27,7431.56,-0.90,0.31,-0.13,1.29,30.18,-1.99,-0.92,2.89,4.93,-27.588713,-48.491967,8,341.47
-20.28,38645.73,10.24,7428.06,0.09,-0.91,-0.43,14.23,27.78,3.54,5.84,1.23,4.93,-27.588704,-48.491947,8,341.69
-20.26,38665.00,11.28,7424.56,0.30,0.39,0.38,21.46,23.36,-0.45,7.55,-1.75,3.36,-27.588695,-48.491927,8,341.89
-20.24,38684.28,11.05,7421.06,-0.25,0.08,0.31,32.85,8.92,5.29,-0.79,-5.37,-7.13,-27.588686,-48.491906,10,342.13
-20.21,38703.56,8.71,7417.56,0.42,-1.08,0.20,28.30,-0.35,11.41,-3.74,-2.40,-4.95,-27.588677,-48.491886,7,342.35
-20.19,38722.85,11.75,7414.06,0.23,0.27,-0.38,28.46,-11.93,10.86,-5.38,3.56,-2.04,-27.588668,-48.491866,6,342.59
-20.17,38742.15,10.73,7410.56,0.73,0.59,-0.20,22.65,-23.91,8.73,-7.09,5.84,2.33,-27.588659,-48.491846,10,342.79
-20.15,38761.46,8.42,7407.06,-0.15,-0.05,0.05,7.05,-29.07,12.37,4.34,2.11,6.63,-27.588650,-48.491825,6,343.01
-20.12,38780.77,9.33,7403.56,1.09,0.41,-0.08,-3.96,-29.18,5.73,6.55,-4.17,5.38,-27.588641,-48.491805,9,343.31
-20.10,38800.10,11.75,7400.06,-0.08,-0.12,-0.27,-13.30,-25.86,7.56,-0.28,-3.34,0.86,-27.588632,-48.491785,8,343.57
-20.08,38819.43,10.72,7396.56,0.09,0.18,0.70,-23.16,-21.64,7.72,-0.19,0.48,-0.93,-27.588623,-48.491764,10,343.87
-20.05,38838.76,9.61,7393.06,-0.63,-0.54,0.43,-30.75,-11.22,7.51,-4.65,5.46,-3.14,-27.588614,-48.491744,7,344.11
-20.03,38858.11,13.62,7389.56,0.29,-0.48,0.02,-30.48,4.03,5.02,-2.03,6.56,-3.52,-27.588605,-48.491724,10,344.41
-20.01,38877.47,11.78,7386.06,0.13,-0.63,-0.48,-27.26,13.94,7.85,0.75,-2.31,-0.07,-27.588596,-48.491704,9,344.65
-19.99,38896.83,11.57,7382.56,-0.12,-0.53,-0.12,-19.70,23.66,4.88,4.09,-3.66,4.25,-27.588587,-48.491683,7,344.88
-19.96,38916.20,10.75,7379.06,-0.19,0.84,0.46,-7.28,30.99,0.68,6.17,-1.20,8.23,-27.588578,-48.491663,8,345.12
-19.94,38935.57,12.12,7375.56,-0.06,-0.26,-0.84,7.16,28.99,-0.83,-0.60,0.82,1.52,-27.588569,-48.491643,7,345.35
-19.92,38954.96,10.60,7372.06,-0.07,0.23,0.39,14.26,25.27,-3.09,-7.39,5.98,-4.14,-27.588560,-48.491623,6,345.62
-19.90,38974.35,11.18,7368.56,0.05,0.13,-0.69,26.98,22.11,-2.84,-5.13,2.45,-7.34,-27.588551,-48.491602,10,345.85
-19.87,38993.75,10.39,7365.06,-0.61,0.47,0.80,26.51,7.70,-10.33,0.83,-2.84,-0.69,-27.588542,-48.491582,8,346.12
-19.85,39013.16,11.43,7361.56,-0.08,0.27,-0.01,25.48,-3.40,-8.96,6.77,-5.56,1.34,-27.588533,-48.491562,9,346.38
-19.83,39032.58,11.38,7358.06,-0.73,0.06,0.50,25.59,-17.36,-6.05,3.02,-3.91,4.91,-27.588524,-48.491541,6,346.62
-19.80,39052.00,11.70,7354.56,-0.65,-0.05,0.30,15.38,-25.43,-9.07,-0.90,3.13,6.01,-27.588515,-48.491521,9,346.92
-19.78,39071.44,12.58,7351.06,-0.31,0.77,-0.19,6.07,-27.55,-10.82,-3.35,6.29,0.04,-27.588506,-48.491501,8,347.22
-19.76,39090.88,11.16,7347.56,-0.56,0.42,0.70,-4.81,-33.56,-13.54,-4.69,-1.53,0.00,-27.588497,-48.491481,10,347.49
-19.74,39110.32,10.84,7344.06,-0.39,1.08,0.02,-18.42,-23.75,-8.31,-0.77,-5.88,-2.35,-27.588488,-48.491460,10,347.77
-19.71,39129.78,11.13,7340.56,0.81,-0.22,0.08,-26.55,-18.06,-11.04,1.94,-4.73,-4.35,-27.588479,-48.491440,7,348.09
-19.69,39149.24,11.64,7337.06,0.96,0.55,0.26,-28.87,-4.88,-6.29,4.55,0.10,0.27,-27.588470,-48.491420,6,348.36
-19.67,39168.71,12.03,7333.56,0.19,-0.23,-0.99,-27.65,8.36,-11.53,3.48,5.46,2.19,-27.588461,-48.491400,7,348.63
-19.65,39188.19,11.49,7330.06,-0.17,0.17,-0.06,-25.53,17.45,-4.05,-5.46,6.49,2.07,-27.588452,-48.491379,6,348.88
-19.62,39207.68,13.22,7326.56,0.39,-0.35,-0.17,-9.98,21.33,-3.27,-1.70,-3.68,-0.25,-27.588443,-48.491359,10,349.18
-19.60,39227.17,11.43,7323.06,-0.45,-0.18,0.10,-7.07,28.89,-0.47,-2.83,-1.39,-4.64,-27.588434,-48.491339,7,349.38
-19.58,39246.68,12.11,7319.56,-0.21,-0.42,-0.16,3.21,34.78,1.23,3.52,-2.98,-0.79,-27.588425,-48.491318,6,349.63
-19.55,39266.19,11.98,7316.06,-0.59,0.06,0.29,17.41,22.84,1.42,4.11,-3.41,-0.28,-27.588416,-48.491298,6,349.87
-19.53,39285.71,11.59,7312.56,0.86,0.33,0.11,26.96,15.49,3.02,2.46,8.61,1.69,-27.588407,-48.491278,7,350.11
-19.51,39305.23,12.01,7309.06,-0.01,0.25,0.62,32.06,4.36,8.83,-1.69,5.26,1.20,-27.588398,-48.491258,6,350.34
-19.49,39324.77,12.83,7305.56,-0.12,-0.15,-0.27,34.53,-9.01,5.46,-5.16,-0.78,5.15,-27.588389,-48.491237,7,350.64
-19.46,39344.31,12.58,7302.06,-0.15,0.03,0.08,23.69,-17.37,4.74,-3.96,-4.96,0.11,-27.588380,-48.491217,7,350.94
-19.44,39363.86,11.46,7298.56,0.24,0.23,-0.14,12.18,-26.92,9.42,0.27,-4.05,-3.37,-27.588371,-48.491197,8,351.20
-19.42,39383.42,10.55,7295.06,0.41,-0.07,-0.54,1.19,-33.85,9.88,6.75,3.55,-7.47,-27.588362,-48.491177,9,351.44
-19.40,39402.98,11.66,7291.56,-0.02,-0.49,-0.43,-8.05,-28.48,10.73,3.74,5.70,-3.60,-27.588353,-48.491156,6,351.65
-19.37,39422.56,14.08,7288.06,0.23,-0.13,-0.86,-22.74,-25.27,6.88,-2.88,1.00,-0.21,-27.588344,-48.491136,6,351.90
-19.35,39442.14,9.91,7284.56,-0.04,-0.01,-0.27,-28.08,-11.87,10.29,-3.93,-4.99,3.26,-27.588335,-48.491116,6,352.22
-19.33,39461.73,11.36,7281.06,-0.14,0.30,0.19,-31.10,-3.79,7.26,-7.02,-6.58,3.22,-27.588326,-48.491095,9,352.47
-19.30,39481.32,10.84,7277.56,-0.87,-0.66,0.65,-28.69,12.21,5.57,0.27,0.50,1.69,-27.588317,-48.491075,8,352.69
-19.28,39500.93,10.86,7274.06,-0.76,0.84,0.35,-19.46,20.56,2.99,3.74,7.85,-4.29,-27.588308,-48.491055,10,352.89
-19.26,39520.54,12.00,7270.56,0.83,-0.18,-0.45,-10.44,25.77,3.11,5.80,2.85,-9.33,-27.588299,-48.491035,8,353.11
-19.24,39540.16,13.04,7267.06,-0.45,0.48,0.25,1.35,30.92,-4.51,0.10,1.15,-3.60,-27.588291,-48.491014,8,353.35
-19.21,39559.79,11.15,7263.56,0.11,0.58,-0.28,9.68,27.15,-2.50,-1.00,-4.53,1.12,-27.588282,-48.490994,7,353.56
-19.19,39579.43,12.03,7260.06,0.26,-0.22,-0.60,23.73,24.65,-2.96,-3.14,-4.56,4.66,-27.588273,-48.490974,6,353.82
-19.17,39599.07,13.82,7256.56,0.33,0.52,0.82,25.81,11.12,-5.54,0.61,-1.89,4.90,-27.588264,-48.490954,6,354.13
-19.14,39618.72,12.30,7253.06,-0.02,0.28,-0.04,29.17,-1.47,-8.67,2.66,12.39,1.55,-27.588255,-48.490933,9,354.41
-19.12,39638.38,10.82,7249.56,-0.65,-0.51,0.80,27.04,-9.87,-8.68,5.12,5.57,-2.91,-27.588246,-48.490913,9,354.68
-19.10,39658.05,10.58,7246.06,0.52,-0.78,0.17,20.46,-22.34,-13.67,0.74,-3.37,-5.57,-27.588237,-48.490893,10,354.98
-19.08,39677.73,11.35,7242.56,0.88,-0.29,0.91,14.12,-28.67,-7.97,0.42,-5.51,-0.57,-27.588228,-48.490872,8,355.27
-19.05,39697.41,13.94,7239.06,0.44,0.61,-0.08,1.14,-29.12,-9.52,-4.39,0.28,0.36,-27.588219,-48.490852,9,355.55
-19.03,39717.10,9.92,7235.56,0.69,0.54,0.81,-13.35,-27.13,-7.36,-2.47,-0.17,7.05,-27.588210,-48.490832,6,355.83
-19.01,39736.80,12.34,7232.06,0.66,0.11,0.73,-19.73,-22.74,-5.74,1.02,5.64,6.12,-27.588201,-48.490812,9,356.09
-18.99,39756.51,12.81,7228.56,0.13,0.05,-0.12,-28.56,-10.01,-8.34,7.03,3.26,1.78,-27.588192,-48.490791,9,356.32
-18.96,39776.23,13.29,7225.06,0.88,1.04,-0.31,-30.22,3.48,-10.59,9.99,0.03,-1.48,-27.588183,-48.490771,8,356.57
-18.94,39795.95,10.92,7221.56,-0.28,0.21,1.24,-27.30,14.77,-2.94,-2.26,-7.57,-3.37,-27.588174,-48.490751,8,356.79
-18.92,39815.68,11.08,7218.06,-0.47,0.30,-0.80,-17.87,22.53,-0.81,-2.97,-1.72,-2.05,-27.588165,-48.490731,6,357.09
-18.89,39835.42,12.29,7214.56,0.14,0.25,0.13,-10.86,27.11,-1.20,-2.38,5.90,0.43,-27.588156,-48.490710,10,357.32
-18.87,39855.17,10.83,7211.06,0.28,0.14,0.84,3.17,29.52,2.49,-0.04,7.90,6.05,-27.588147,-48.490690,8,357.52
-18.85,39874.92,14.27,7207.56,0.28,0.10,-0.54,13.37,25.87,3.43,7.66,1.60,5.38,-27.588138,-48.490670,8,357.79
-18.83,39894.69,12.88,7204.06,0.30,0.86,0.08,30.25,16.43,5.44,5.05,-6.63,0.63,-27.588129,-48.490649,10,358.10
-18.80,39914.46,13.14,7200.56,0.11,0.13,-0.08,23.56,7.35,6.06,0.69,-6.50,0.25,-27.588120,-48.490629,7,358.38
-18.78,39934.24,11.72,7197.06,-0.23,-0.07,-0.37,27.60,-7.76,10.11,-5.79,1.98,-7.07,-27.588111,-48.490609,6,358.64
-18.76,39954.02,10.91,7193.56,-0.38,-0.32,0.11,26.78,-13.42,8.06,-8.28,8.30,-0.63,-27.588102,-48.490589,8,358.98
-18.74,39973.82,12.80,7190.06,0.75,0.76,0.46,18.98,-22.72,6.39,2.67,9.75,2.14,-27.588093,-48.490568,6,359.26
-18.71,39993.62,12.29,7186.56,1.01,-0.54,0.01,7.45,-29.06,11.84,5.01,1.52,7.19,-27.588084,-48.490548,6,359.50
-18.69,40013.43,12.87,7183.06,0.42,-0.51,0.14,-5.94,-31.01,8.44,6.97,-7.03,5.64,-27.588075,-48.490528,8,359.80
-18.67,40033.25,12.73,7179.56,0.22,-0.24,0.52,-12.46,-27.27,8.02,5.06,-5.02,0.68,-27.588066,-48.490507,8,360.07
-18.64,40053.08,12.46,7176.06,0.32,0.85,0.05,-23.20,-16.27,10.46,-2.55,4.25,-3.09,-27.588057,-48.490487,9,360.27
-18.62,40072.91,13.26,7172.56,0.29,0.36,0.79,-27.90,-6.39,6.78,-2.13,7.01,-6.36,-27.588048,-48.490467,7,360.51
-18.60,40092.75,14.28,7169.06,-1.02,0.04,0.51,-25.79,7.34,3.26,-2.01,5.59,-5.16,-27.588039,-48.490447,7,360.77
-18.58,40112.60,12.71,7165.56,1.05,-0.52,-0.60,-28.42,14.32,5.72,1.25,-1.12,0.93,-27.588030,-48.490426,6,361.04
-18.55,40132.46,11.86,7162.06,-0.59,-0.06,-0.60,-14.50,28.30,3.62,6.77,-9.55,4.65,-27.588021,-48.490406,9,361.24
-18.53,40152.33,11.32,7158.56,0.11,0.40,0.62,-3.25,26.64,-3.29,4.18,1.17,8.17,-27.588012,-48.490386,8,361.49
-18.51,40172.20,11.59,7155.06,1.17,-0.08,-0.06,4.20,26.77,3.70,0.01,3.13,0.81,-27.588003,-48.490366,8,361.75
-18.49,40192.09,12.30,7151.56,0.06,-0.10,-0.03,16.28,22.07,-0.71,-4.05,3.27,-4.89,-27.587994,-48.490345,8,362.07
-18.46,40211.98,11.33,7148.06,-0.78,-0.45,0.38,25.90,16.68,-5.61,-4.41,2.66,-5.54,-27.587985,-48.490325,8,362.35
-18.44,40231.87,13.68,7144.56,0.27,1.14,0.46,31.05,4.46,-5.41,3.05,-2.11,-0.09,-27.587976,-48.490305,10,362.52
-18.42,40251.78,14.54,7141.06,1.32,0.56,-0.61,27.58,-3.75,-9.42,8.84,-5.56,2.86,-27.587967,-48.490284,7,362.82
-18.39,40271.70,11.64,7137.56,-0.36,0.55,-0.55,24.95,-17.47,-5.80,3.68,-1.78,5.63,-27.587958,-48.490264,9,363.06
-18.37,40291.62,13.42,7134.06,-0.16,-0.22,0.25,14.38,-26.25,-6.02,-5.94,-0.29,4.39,-27.587949,-48.490244,9,363.22
-18.35,40311.55,12.18,7130.56,0.39,0.56,0.12,7.06,-35.96,-10.95,-6.14,3.78,0.23,-27.587940,-48.490224,7,363.42
-18.33,40331.49,13.89,7127.06,0.35,-0.39,-0.38,-4.12,-31.74,-12.00,-7.21,-0.02,-2.92,-27.587931,-48.490203,10,363.66
-18.30,40351.43,12.34,7123.56,-0.63,0.41,-0.11,-15.78,-24.10,-6.70,1.61,-4.26,-7.24,-27.587922,-48.490183,10,363.96
-18.28,40371.39,13.38,7120.06,0.16,-0.56,0.16,-27.57,-16.32,-8.47,4.53,-2.24,-2.19,-27.587913,-48.490163,6,364.26
-18.26,40391.35,12.98,7116.56,-0.42,-0.51,0.34,-29.46,-3.14,-10.44,5.11,-0.93,1.97,-27.587904,-48.490143,7,364.44
-18.23,40411.32,13.30,7113.06,-0.12,-0.17,0.18,-27.77,11.54,-10.20,2.80,2.46,6.17,-27.587895,-48.490122,9,364.62
-18.21,40431.30,13.49,7109.56,-0.17,-0.02,0.46,-23.54,22.46,-4.59,-4.37,4.61,3.95,-27.587886,-48.490102,6,364.79
-18.19,40451.28,13.03,7106.06,0.49,-0.29,0.18,-13.32,23.98,-2.45,-5.54,-1.31,-2.58,-27.587877,-48.490082,10,365.02
-18.17,40471.28,12.61,7102.56,0.49,-0.08,-0.02,-4.76,28.89,2.35,-0.44,-4.18,-5.40,-27.587868,-48.490061,8,365.29
-18.14,40491.28,14.99,7099.06,0.23,-0.13,0.34,6.71,27.66,4.15,6.70,-2.11,-4.00,-27.587859,-48.490041,7,365.56
-18.12,40511.29,13.84,7095.56,-0.60,-0.45,0.19,20.76,24.71,5.44,4.05,2.01,-3.85,-27.587850,-48.490021,8,365.87
-18.10,40531.31,12.27,7092.06,-0.61,0.47,0.18,25.96,14.38,3.71,2.52,5.62,0.77,-27.587841,-48.490001,9,366.17
-18.08,40551.33,14.38,7088.56,0.23,0.39,0.91,27.97,5.12,3.17,-1.08,5.68,3.95,-27.587832,-48.489980,6,366.45
-18.05,40571.37,13.73,7085.06,-0.30,0.38,0.33,31.43,-7.81,8.84,-6.81,-2.42,5.71,-27.587823,-48.489960,7,366.71
-18.03,40591.41,12.45,7081.56,-0.57,0.15,0.03,20.46,-16.12,10.41,-2.47,-8.72,0.97,-27.587814,-48.489940,7,366.95
-18.01,40611.46,13.70,7078.06,0.71,0.52,-0.40,9.83,-31.98,6.84,4.47,-0.26,-2.57,-27.587805,-48.489920,6,367.22
-17.98,40631.52,12.09,7074.56,1.32,-0.02,0.34,3.09,-29.63,11.78,6.57,5.47,-4.79,-27.587796,-48.489899,9,367.43
-17.96,40651.58,13.31,7071.06,0.71,-0.23,0.31,-9.84,-29.27,7.39,4.01,5.56,-0.44,-27.587787,-48.489879,7,367.60
-17.94,40671.66,12.19,7067.56,-0.05,-1.16,-0.52,-19.45,-19.96,4.50,-3.13,-1.46,1.87,-27.587778,-48.489859,9,367.87
-17.92,40691.74,14.09,7064.06,0.42,-0.31,0.66,-26.90,-15.46,9.60,-7.12,-0.83,7.32,-27.587769,-48.489838,6,368.07
-17.89,40711.83,15.35,7060.56,-0.17,-0.59,0.23,-34.64,-0.81,6.21,-3.82,-5.58,2.64,-27.587761,-48.489818,6,368.27
-17.87,40731.93,13.01,7057.06,0.45,-0.36,-0.03,-28.02,10.73,7.69,1.45,-0.77,-1.08,-27.587752,-48.489798,8,368.54
-17.85,40752.03,13.55,7053.56,0.21,-0.42,0.01,-22.38,21.03,4.43,3.21,2.79,-0.86,-27.587743,-48.489778,7,368.77
-17.83,40772.15,14.93,7050.06,0.48,-0.50,-0.01,-7.76,29.67,3.73,4.43,2.43,-6.25,-27.587734,-48.489757,8,369.08
-17.80,40792.27,12.78,7046.56,0.49,0.22,1.06,-0.91,29.57,0.32,0.59,-3.12,-0.49,-27.587725,-48.489737,10,369.34
-17.78,40812.40,13.08,7043.06,0.59,0.04,-0.70,10.80,29.55,-0.02,-4.39,-5.89,1.20,-27.587716,-48.489717,10,369.63
-17.76,40832.54,13.60,7039.56,0.48,0.15,0.11,20.76,23.64,-2.54,-5.34,-2.83,6.39,-27.587707,-48.489697,9,369.93
-17.73,40852.69,12.72,7036.06,-0.13,-0.71,-0.14,31.24,9.13,-5.53,-2.70,3.44,5.57,-27.587698,-48.489676,7,370.18
-17.71,40872.84,14.47,7032.56,-0.60,0.31,-0.12,32.06,-2.25,-10.37,4.90,6.21,1.21,-27.587689,-48.489656,8,370.41
-17.69,40893.00,14.21,7029.06,-0.32,-0.93,0.40,22.76,-10.53,-5.77,5.01,0.15,-3.22,-27.587680,-48.489636,8,370.61
-17.67,40913.18,13.51,7025.56,-0.31,-0.29,-0.24,19.70,-23.77,-6.78,-2.05,-3.31,-5.86,-27.587671,-48.489615,6,370.93
-17.64,40933.35,14.00,7022.06,0.33,1.07,-0.02,9.20,-28.00,-11.80,-5.06,-7.48,-1.34,-27.587662,-48.489595,8,371.12
-17.62,40953.54,13.11,7018.56,0.20,0.03,-0.29,-4.19,-26.94,-13.38,-7.32,-1.79,6.78,-27.587653,-48.489575,9,371.36
-17.60,40973.74,15.49,7015.06,0.05,-0.27,-0.30,-12.16,-24.35,-7.81,-0.74,2.43,2.77,-27.587644,-48.489555,6,371.70
-17.58,40993.94,13.02,7011.56,0.25,0.30,0.42,-23.74,-16.18,-7.77,4.15,4.81,5.17,-27.587635,-48.489534,7,371.98
-17.55,41014.15,15.90,7008.06,0.83,-0.53,-0.56,-33.67,-7.10,-7.91,5.49,1.42,-1.09,-27.587626,-48.489514,6,372.24
-17.53,41034.37,14.69,7004.56,-0.12,0.26,0.06,-29.09,1.91,-3.99,0.84,-5.84,-5.57,-27.587617,-48.489494,6,372.47
-17.51,41054.60,13.45,7001.06,0.18,0.68,-0.04,-25.61,13.79,-3.35,-3.78,-7.04,-6.75,-27.587608,-48.489474,9,372.74
-17.48,41074.83,14.12,6997.56,0.12,0.77,-0.31,-17.23,23.12,0.13,-9.19,-0.56,-4.99,-27.587599,-48.489453,10,373.00
-17.46,41095.07,13.45,6994.06,0.37,1.25,0.38,-9.16,31.41,-6.24,-2.15,7.06,3.26,-27.587590,-48.489433,8,373.24
-17.44,41115.33,12.46,6990.56,-0.09,0.29,-0.40,0.24,25.81,2.77,2.73,4.77,3.69,-27.587581,-48.489413,6,373.47
-17.42,41135.58,14.17,6987.06,-0.15,0.06,0.20,13.98,28.09,2.30,2.16,-1.14,2.63,-27.587572,-48.489392,7,373.70
-17.39,41155.85,14.50,6983.56,-0.78,0.61,0.15,21.56,17.95,3.76,1.95,-4.22,-2.05,-27.587563,-48.489372,6,373.94
-17.37,41176.13,14.81,6980.06,-0.50,-0.13,1.20,28.82,9.73,8.06,-2.22,-5.35,-4.66,-27.587554,-48.489352,10,374.24
-17.35,41196.41,14.68,6976.56,0.54,0.77,0.38,28.08,-3.03,8.88,-3.78,0.38,-8.40,-27.587545,-48.489332,7,374.48
-17.32,41216.70,14.43,6973.06,-0.30,-0.43,-0.70,25.24,-18.09,10.32,-2.90,10.05,-2.54,-27.587536,-48.489311,9,374.69
-17.30,41237.00,14.89,6969.56,-0.37,-0.14,-0.40,14.37,-21.50,12.21,0.85,0.29,4.35,-27.587527,-48.489291,9,374.95
-17.28,41257.31,14.44,6966.06,0.55,-1.34,-0.25,1.46,-32.86,8.24,5.65,-0.99,4.67,-27.587518,-48.489271,10,375.25
-17.26,41277.63,14.25,6962.56,0.08,0.19,0.12,-5.03,-28.81,7.52,5.61,-8.82,6.58,-27.587509,-48.489251,7,375.43
-17.23,41297.95,15.14,6959.06,0.46,0.17,-1.59,-19.33,-26.99,8.01,2.81,-4.25,-2.48,-27.587500,-48.489230,6,375.65
-17.21,41318.28,14.01,6955.56,-0.56,-0.83,-0.09,-23.68,-14.75,8.84,-7.17,-0.17,-1.61,-27.587491,-48.489210,9,375.91
-17.19,41338.62,16.14,6952.06,-0.28,-0.03,0.24,-29.97,-3.11,9.14,-6.92,5.79,-6.02,-27.587482,-48.489190,7,376.13
-17.17,41358.97,15.12,6948.56,-0.36,0.07,0.81,-29.37,6.81,7.83,-2.52,2.98,-1.68,-27.587473,-48.489169,6,376.35
-17.14,41379.33,13.88,6945.06,-0.81,-0.78,-0.42,-20.53,20.82,2.45,0.67,-5.62,2.02,-27.587464,-48.489149,7,376.63
-17.12,41399.69,15.74,6941.56,0.48,-0.07,0.29,-15.38,23.04,0.26,9.51,-7.66,8.37,-27.587455,-48.489129,6,376.85
-17.10,41420.07,14.90,6938.06,-0.91,-0.59,-0.32,-7.30,31.14,-1.01,0.48,-2.74,1.19,-27.587446,-48.489109,7,377.12
-17.07,41440.45,15.97,6934.56,0.51,0.27,0.63,6.55,24.71,-1.54,-5.14,5.57,-0.08,-27.587437,-48.489088,6,377.39
-17.05,41460.84,14.06,6931.06,-0.25,0.04,0.34,18.82,21.19,-7.17,-6.99,8.38,-1.54,-27.587428,-48.489068,6,377.64
-17.03,41481.23,13.88,6927.56,-0.59,0.34,-0.77,22.72,13.47,-5.93,-2.13,2.43,-8.11,-27.587419,-48.489048,7,377.92
-17.01,41501.64,14.95,6924.06,-0.25,-0.30,0.12,25.67,2.73,-6.93,3.26,-6.82,-4.35,-27.587410,-48.489028,8,378.24
-16.98,41522.05,14.57,6920.56,0.36,0.15,0.23,28.56,-8.01,-7.94,6.57,-4.02,3.21,-27.587401,-48.489007,9,378.46
-16.96,41542.47,14.52,6917.06,0.41,-0.94,0.70,24.68,-17.89,-5.86,2.43,2.01,4.29,-27.587392,-48.488987,8,378.72
-16.94,41562.90,13.57,6913.56,0.11,0.19,0.47,12.22,-27.82,-6.80,-3.60,7.40,2.99,-27.587383,-48.488967,8,379.01
-16.92,41583.34,15.19,6910.06,0.25,-0.70,0.25,2.06,-29.95,-10.70,-5.74,4.93,-0.78,-27.587374,-48.488946,8,379.26
-16.89,41603.79,14.97,6906.56,0.36,-0.36,-0.34,-9.74,-26.96,-10.44,-3.64,2.26,-5.05,-27.587365,-48.488926,6,379.56
-16.87,41624.24,15.57,6903.06,0.46,-0.99,-0.41,-21.07,-25.55,-10.00,-0.15,-11.22,-6.06,-27.587356,-48.488906,10,379.80
-16.85,41644.70,15.97,6899.56,-0.65,0.25,0.17,-26.09,-19.14,-11.02,1.20,-2.88,0.61,-27.587347,-48.488886,6,380.01
-16.82,41665.17,16.02,6896.06,-0.15,0.02,0.12,-29.97,-0.18,-9.22,3.39,-0.95,1.73,-27.587338,-48.488865,9,380.27
-16.80,41685.65,15.31,6892.56,0.27,-0.44,0.97,-28.16,11.65,-5.75,-1.60,4.06,8.94,-27.587329,-48.488845,10,380.51
-16.78,41706.14,15.59,6889.06,-0.01,-0.85,0.18,-22.73,23.09,-1.12,-6.18,3.13,8.07,-27.587320,-48.488825,6,380.74
-16.76,41726.63,16.07,6885.56,-0.01,0.31,0.23,-11.26,28.58,-1.64,-7.48,-0.68,-1.07,-27.587311,-48.488805,10,380.97
-16.73,41747.14,15.34,6882.06,-0.58,1.02,-0.31,0.65,29.80,-2.30,-2.21,-4.58,-5.27,-27.587302,-48.488784,10,381.21
-16.71,41767.65,14.81,6878.56,0.06,0.73,0.23,11.86,26.84,-0.55,3.35,-0.77,-7.30,-27.587293,-48.488764,6,381.44
-16.69,41788.17,14.65,6875.06,-0.13,0.08,0.84,20.69,18.89,3.84,4.37,2.02,-0.04,-27.587284,-48.488744,9,381.67
-16.67,41808.69,14.58,6871.56,0.09,0.12,0.23,29.25,14.20,6.70,0.97,6.04,5.27,-27.587275,-48.488723,6,381.97
-16.64,41829.23,14.54,6868.06,0.36,-1.33,-0.21,29.63,1.12,6.03,-4.29,-1.31,1.01,-27.587266,-48.488703,10,382.21
-16.62,41849.77,15.89,6864.56,-0.29,0.31,0.16,33.28,-9.77,8.38,-5.20,-5.78,4.02,-27.587257,-48.488683,6,382.51
-16.60,41870.33,14.21,6861.06,0.07,-0.49,0.21,20.43,-25.03,6.01,-4.92,-4.08,0.22,-27.587248,-48.488663,9,382.78
-16.57,41890.89,14.85,6857.56,0.39,-0.50,-0.80,8.32,-27.33,8.81,6.98,-0.62,-5.34,-27.587239,-48.488642,10,383.02
-16.55,41911.45,13.81,6854.06,-0.16,0.19,0.72,-0.43,-30.68,9.41,3.74,4.86,-4.56,-27.587231,-48.488622,7,383.32
-16.53,41932.03,15.76,6850.56,0.54,0.58,0.03,-12.01,-26.75,10.52,4.34,4.35,-1.12,-27.587222,-48.488602,7,383.63
-16.51,41952.62,14.33,6847.06,-0.48,0.56,0.23,-26.60,-19.45,11.42,-2.77,1.64,6.07,-27.587213,-48.488582,7,383.85
-16.48,41973.21,14.97,6843.56,0.37,-0.03,-0.36,-28.86,-8.18,8.17,-6.15,-8.01,7.49,-27.587204,-48.488561,10,384.05
-16.46,41993.81,14.38,6840.06,0.55,0.32,0.39,-30.85,1.44,7.71,-2.91,-8.92,2.97,-27.587195,-48.488541,8,384.25
-16.44,42014.42,13.67,6836.56,0.42,0.30,-0.32,-25.81,15.28,0.30,2.90,-0.88,1.85,-27.587186,-48.488521,9,384.52
-16.41,42035.04,15.15,6833.06,0.19,0.50,-1.12,-21.24,18.77,2.74,6.12,7.15,-7.20,-27.587177,-48.488500,6,384.72
-16.39,42055.66,15.53,6829.56,-0.04,-0.68,0.10,-8.95,27.43,-0.14,3.23,4.46,-7.61,-27.587168,-48.488480,9,385.02
-16.37,42076.30,16.00,6826.06,-0.18,-0.94,0.29,3.06,32.99,-0.21,-1.79,-2.33,-2.70,-27.587159,-48.488460,6,385.25
-16.35,42096.94,13.08,6822.56,0.15,1.29,-1.14,13.59,26.74,-4.59,-5.19,-3.39,1.25,-27.587150,-48.488440,6,385.52
-16.32,42117.59,17.28,6819.06,0.47,-0.62,0.93,24.63,19.33,-4.70,-5.42,-3.63,8.05,-27.587141,-48.488419,6,385.82
-16.30,42138.25,15.26,6815.56,0.30,0.32,-0.42,33.14,9.40,-5.14,-0.32,2.78,1.12,-27.587132,-48.488399,7,386.09
-16.28,42158.91,14.83,6812.06,0.42,-0.37,-0.23,27.94,-2.96,-8.69,7.27,6.98,1.18,-27.587123,-48.488379,8,386.29
-16.26,42179.59,15.62,6808.56,-0.16,0.14,-0.44,29.26,-15.68,-5.36,7.01,1.81,-3.27,-27.587114,-48.488359,8,386.53
-16.23,42200.27,16.57,6805.06,0.15,0.03,-0.81,17.06,-26.02,-9.11,-1.89,-0.02,-4.81,-27.587105,-48.488338,8,386.79
-16.21,42220.96,15.10,6801.56,0.41,0.36,1.25,8.81,-25.47,-9.28,-5.00,-1.80,-0.11,-27.587096,-48.488318,8,387.03
-16.19,42241.66,15.41,6798.06,0.84,0.48,0.51,-5.01,-29.47,-7.17,-7.13,-0.69,4.68,-27.587087,-48.488298,8,387.31
-16.16,42262.37,15.65,6794.56,0.01,0.14,-1.00,-14.32,-26.66,-9.38,-0.47,0.45,5.43,-27.587078,-48.488277,10,387.53
-16.14,42283.08,16.42,6791.06,0.01,0.05,-0.77,-21.34,-20.12,-6.74,4.43,6.12,3.73,-27.587069,-48.488257,10,387.79
-16.12,42303.81,15.46,6787.56,0.04,-0.42,0.07,-29.21,-4.41,-8.27,2.85,-1.02,-2.57,-27.587060,-48.488237,6,388.06
-16.10,42324.54,16.46,6784.06,-0.09,0.14,0.41,-26.53,6.89,-5.69,1.44,-2.52,-2.90,-27.587051,-48.488217,10,388.34
-16.07,42345.28,13.81,6780.56,0.10,0.37,-0.17,-26.97,18.80,-6.36,-5.59,-6.54,-5.05,-27.587042,-48.488196,7,388.50
-16.05,42366.03,15.88,6777.06,-0.74,-0.20,-0.30,-18.36,24.19,-3.02,-8.25,-1.04,-0.37,-27.587033,-48.488176,9,388.80
-16.03,42386.79,15.56,6773.56,0.09,-0.16,-0.10,-6.83,27.55,2.63,-4.30,4.74,4.72,-27.587024,-48.488156,10,389.08
-16.01,42407.55,16.25,6770.06,0.93,-1.04,-0.20,7.06,31.51,1.38,7.21,1.49,7.55,-27.587015,-48.488136,10,389.34
-15.98,42428.33,17.28,6766.56,-0.21,0.43,-1.36,17.74,26.22,1.35,8.76,0.85,2.91,-27.587006,-48.488115,7,389.63
-15.96,42449.11,13.97,6763.06,0.01,-0.55,0.41,22.97,17.16,3.66,7.41,-6.02,-1.63,-27.586997,-48.488095,9,389.92
-15.94,42469.90,14.86,6759.56,-0.67,-0.64,0.09,30.59,4.17,9.78,-2.73,-5.95,-5.31,-27.586988,-48.488075,10,390.22
-15.91,42490.70,16.25,6756.06,-1.48,-0.52,-0.77,27.15,-6.49,8.59,-3.84,0.55,-6.62,-27.586979,-48.488054,7,390.46
-15.89,42511.50,16.85,6752.56,-0.35,0.59,-0.37,22.14,-17.87,6.03,-4.60,6.53,-4.81,-27.586970,-48.488034,10,390.66
-15.87,42532.32,15.53,6749.06,0.40,-0.53,-0.64,13.88,-22.47,8.31,4.85,0.97,2.98,-27.586961,-48.488014,10,390.96
-15.85,42553.14,16.03,6745.56,-0.33,-0.60,0.08,2.91,-28.32,9.47,7.00,-3.03,8.96,-27.586952,-48.487994,7,391.22
-15.82,42573.97,14.72,6742.06,-0.47,-0.10,-0.54,-11.28,-26.42,9.42,1.59,-3.28,0.49,-27.586943,-48.487973,6,391.46
-15.80,42594.81,17.28,6738.56,0.11,0.28,-0.70,-21.29,-24.09,8.02,-1.89,-4.48,0.23,-27.586934,-48.487953,10,391.66
-15.78,42615.66,17.32,6735.06,0.31,-0.16,-0.24,-27.79,-13.23,8.74,-6.32,0.93,-6.26,-27.586925,-48.487933,8,391.90
-15.76,42636.51,15.95,6731.56,-0.09,-0.20,-0.11,-27.70,2.00,4.86,-4.12,5.29,-4.88,-27.586916,-48.487913,10,392.10
-15.73,42657.38,15.80,6728.06,0.04,-1.38,0.38,-28.01,9.41,4.33,-1.24,0.15,-0.99,-27.586907,-48.487892,7,392.34
-15.71,42678.25,15.70,6724.56,-0.04,0.50,0.10,-20.95,21.44,7.81,5.27,-4.71,5.86,-27.586898,-48.487872,6,392.53
-15.69,42699.13,16.21,6721.06,-0.33,-0.13,0.29,-12.82,28.74,2.74,4.48,-4.28,9.19,-27.586889,-48.487852,10,392.77
-15.66,42720.02,15.62,6717.56,0.25,0.10,0.06,-0.89,29.31,-1.19,3.35,0.51,7.07,-27.586880,-48.487831,9,393.03
-15.64,42740.92,16.77,6714.06,0.41,0.96,0.34,8.01,25.50,-3.45,-5.46,3.30,-3.27,-27.586871,-48.487811,10,393.33
-15.62,42761.82,17.36,6710.56,-0.39,-0.42,-0.57,22.09,21.32,-7.57,-7.02,9.68,-6.01,-27.586862,-48.487791,6,393.53
-15.60,42782.74,16.04,6707.06,1.16,-0.19,0.45,26.98,10.51,-3.82,-2.10,-2.33,-4.70,-27.586853,-48.487771,8,393.73
-15.57,42803.66,17.94,6703.56,0.24,0.59,-0.04,36.00,1.35,-4.38,4.04,-8.27,-3.93,-27.586844,-48.487750,7,393.99
-15.55,42824.59,15.48,6700.06,-0.55,-0.27,-0.34,30.05,-10.62,-8.44,3.12,-4.02,2.34,-27.586835,-48.487730,8,394.27
-15.53,42845.53,15.36,6696.56,-0.34,0.11,-0.01,24.61,-22.97,-8.26,-1.64,0.94,4.73,-27.586826,-48.487710,9,394.45
-15.50,42866.48,15.29,6693.06,0.67,0.62,-0.83,8.95,-30.71,-10.31,-4.58,7.66,1.61,-27.586817,-48.487690,8,394.61
-15.48,42887.43,17.50,6689.56,0.25,-0.47,0.07,2.05,-29.51,-9.33,-5.63,4.83,-1.67,-27.586808,-48.487669,8,394.82
-15.46,42908.40,16.01,6686.06,-0.37,1.12,0.50,-14.47,-28.31,-10.08,-3.03,-2.28,-2.06,-27.586799,-48.487649,10,395.12
-15.44,42929.37,17.34,6682.56,0.04,-0.48,0.28,-23.88,-23.00,-11.23,3.01,-4.69,-3.51,-27.586790,-48.487629,10,395.38
-15.41,42950.35,16.52,6679.06,0.32,-0.38,0.54,-29.93,-12.62,-7.58,9.34,-4.93,-0.82,-27.586781,-48.487608,6,395.68
-15.39,42971.34,16.50,6675.56,-0.05,-0.35,-0.46,-33.11,-1.86,-5.58,5.29,2.24,5.02,-27.586772,-48.487588,7,395.88
-15.37,42992.33,17.42,6672.06,0.11,-0.19,-0.56,-26.61,13.68,-4.51,-1.70,5.18,5.44,-27.586763,-48.487568,7,396.18
-15.35,43013.34,16.82,6668.56,0.06,0.77,0.38,-19.05,23.11,-5.29,-5.34,3.74,3.37,-27.586754,-48.487548,9,396.48
-15.32,43034.35,16.50,6665.06,0.15,0.26,0.32,-13.49,30.50,-1.98,-2.96,-1.95,-0.60,-27.586745,-48.487527,6,396.68
-15.30,43055.37,16.81,6661.56,0.13,-0.11,-0.10,0.93,30.64,3.18,2.16,-2.41,-9.89,-27.586736,-48.487507,10,396.88
-15.28,43076.40,16.33,6658.06,0.31,-0.43,-0.58,8.94,27.98,0.24,5.88,-2.95,-6.49,-27.586727,-48.487487,10,397.08
-15.25,43097.44,17.95,6654.56,-0.66,0.51,-0.41,21.42,16.47,6.16,6.97,2.76,2.20,-27.586718,-48.487467,6,397.28
-15.23,43118.49,17.68,6651.06,-0.54,0.82,-0.31,28.42,8.02,4.01,-0.70,3.82,4.38,-27.586709,-48.487446,8,397.55
-15.21,43139.54,17.00,6647.56,-0.32,-1.03,-0.86,28.24,0.64,2.04,-5.83,0.40,8.23,-27.586701,-48.487426,8,397.82
-15.19,43160.61,18.14,6644.06,-0.23,0.57,0.29,26.69,-13.57,6.70,-5.81,-4.07,6.42,-27.586692,-48.487406,10,398.13
-15.16,43181.68,15.27,6640.56,0.13,0.17,-0.22,18.86,-22.80,8.15,2.23,-7.38,-2.85,-27.586683,-48.487385,6,398.33
-15.14,43202.76,18.91,6637.06,0.44,-0.21,0.20,7.37,-29.28,11.41,4.85,-2.45,-4.97,-27.586674,-48.487365,7,398.59
-15.12,43223.85,16.80,6633.56,0.41,0.20,-0.24,-5.61,-31.39,10.67,4.32,9.51,-6.32,-27.586665,-48.487345,10,398.83
-15.10,43244.94,16.67,6630.06,-0.59,-0.32,0.41,-16.14,-23.87,11.50,1.15,6.46,2.70,-27.586656,-48.487325,9,399.13
-15.07,43266.05,17.48,6626.56,0.24,-0.97,0.09,-26.24,-19.13,10.78,-2.54,-1.29,3.35,-27.586647,-48.487304,9,399.43
-15.05,43287.16,16.76,6623.06,0.09,-0.05,0.32,-27.96,-6.31,2.59,-6.67,-4.07,8.13,-27.586638,-48.487284,10,399.63
-15.03,43308.28,17.48,6619.56,0.16,-0.30,-0.92,-32.94,4.85,6.03,-1.20,-5.30,-0.09,-27.586629,-48.487264,7,399.93
-15.00,43329.41,16.00,6616.06,0.15,-0.39,0.00,-25.77,14.28,3.81,3.59,-1.83,-4.56,-27.586620,-48.487244,7,400.20
-14.98,43350.55,17.10,6612.56,0.85,0.49,-0.00,-16.85,23.62,4.53,4.02,6.45,-7.40,-27.586611,-48.487223,6,400.40
-14.96,43371.70,17.72,6609.06,-0.06,-0.07,0.33,-8.60,27.87,2.94,3.65,5.42,-5.87,-27.586602,-48.487203,9,400.54
-14.94,43392.85,17.33,6605.56,-0.04,0.56,0.57,3.72,32.69,0.72,-4.35,-2.02,-1.27,-27.586593,-48.487183,7,400.81
-14.91,43414.02,17.85,6602.06,0.50,-0.28,-0.27,17.83,30.60,1.87,-7.10,-5.11,5.65,-27.586584,-48.487162,7,401.04
-14.89,43435.19,18.50,6598.56,0.47,0.63,0.08,24.31,18.18,-8.81,-5.34,0.66,7.23,-27.586575,-48.487142,7,401.32
-14.87,43456.37,18.01,6595.06,-0.05,-0.02,-0.63,27.80,6.82,-3.01,4.16,0.92,4.60,-27.586566,-48.487122,8,401.54
-14.85,43477.56,17.60,6591.56,-0.18,0.01,0.43,33.29,-3.72,-7.89,7.16,5.50,-0.45,-27.586557,-48.487102,6,401.80
-14.82,43498.75,16.12,6588.06,0.69,-0.34,0.07,22.21,-14.88,-9.51,8.10,2.68,-8.46,-27.586548,-48.487081,10,402.00
-14.80,43519.96,18.28,6584.56,-0.08,-0.37,0.08,18.77,-26.25,-7.14,-1.79,-4.71,-4.79,-27.586539,-48.487061,8,402.24
-14.78,43541.17,16.70,6581.06,0.61,0.14,0.53,5.71,-31.10,-6.19,-4.40,-6.17,-0.50,-27.586530,-48.487041,8,402.47
-14.75,43562.39,17.54,6577.56,-0.45,0.09,-0.49,-8.01,-26.77,-11.05,-6.63,3.77,5.07,-27.586521,-48.487020,7,402.74
-14.73,43583.62,18.12,6574.06,0.54,0.13,-0.03,-20.58,-26.05,-9.87,-0.06,5.66,3.92,-27.586512,-48.487000,8,402.99
-14.71,43604.86,18.23,6570.56,0.14,0.69,-0.56,-25.66,-16.31,-6.74,6.40,5.72,3.83,-27.586503,-48.486980,10,403.29
-14.69,43626.11,17.67,6567.06,-0.00,0.19,-0.05,-29.65,-3.25,-7.54,8.11,2.78,-0.91,-27.586494,-48.486960,7,403.59
-14.66,43647.37,17.29,6563.56,0.29,0.41,0.20,-29.17,6.61,-3.74,0.43,-5.95,-4.08,-27.586485,-48.486939,10,403.82
-14.64,43668.63,16.98,6560.06,0.36,0.57,0.10,-25.26,18.46,-5.13,-5.80,-4.53,-5.64,-27.586476,-48.486919,9,404.13
-14.62,43689.90,16.48,6556.56,-0.19,0.46,-0.80,-15.00,28.08,-0.59,-4.65,0.93,2.10,-27.586467,-48.486899,8,404.41
-14.59,43711.18,18.31,6553.06,0.09,-0.28,0.31,-6.88,30.75,-2.81,-5.24,6.16,5.96,-27.586458,-48.486879,9,404.66
-14.57,43732.47,15.34,6549.56,0.28,-0.46,0.44,9.79,30.48,-1.83,4.30,4.29,7.61,-27.586449,-48.486858,6,404.93
-14.55,43753.77,17.06,6546.06,-0.07,0.03,-0.21,18.98,26.14,1.40,9.89,-2.08,-0.22,-27.586440,-48.486838,10,405.18
-14.53,43775.08,18.24,6542.56,0.73,-0.70,0.20,24.22,17.89,6.46,0.67,-4.80,0.17,-27.586431,-48.486818,6,405.41
-14.50,43796.39,17.95,6539.06,0.46,0.40,0.18,31.97,3.99,9.81,-3.79,-5.75,-5.48,-27.586422,-48.486797,8,405.65
-14.48,43817.71,17.97,6535.56,0.06,0.25,0.64,30.56,-6.93,8.90,-2.72,-1.31,-3.45,-27.586413,-48.486777,7,405.90
-14.46,43839.04,19.01,6532.06,0.39,-0.72,0.10,21.57,-18.70,7.20,-2.83,5.20,-2.10,-27.586404,-48.486757,7,406.18
-14.44,43860.38,16.19,6528.56,0.63,-0.27,-0.05,10.92,-25.05,7.92,0.43,1.47,6.67,-27.586395,-48.486737,6,406.45
-14.41,43881.73,16.49,6525.06,0.10,-0.05,0.29,-1.73,-31.11,8.01,6.76,-6.31,5.97,-27.586386,-48.486716,10,406.73
-14.39,43903.09,16.62,6521.56,-0.21,-0.66,-0.27,-11.76,-24.00,11.23,6.02,-8.14,6.77,-27.586377,-48.486696,10,406.95
-14.37,43924.45,18.21,6518.06,0.24,-0.41,-0.19,-19.67,-19.73,9.33,1.27,-3.42,-4.72,-27.586368,-48.486676,10,407.18
-14.34,43945.82,17.86,6514.56,-0.21,-0.47,-0.21,-22.06,-15.52,9.72,-3.06,0.23,-4.79,-27.586359,-48.486656,8,407.43
-14.32,43967.21,16.16,6511.06,0.10,-0.29,0.43,-31.48,-0.94,10.04,-3.21,5.89,-3.79,-27.586350,-48.486635,6,407.66
-14.30,43988.60,17.73,6507.56,0.36,-0.25,-0.40,-29.52,10.04,5.81,1.69,-1.57,-3.25,-27.586341,-48.486615,8,408.01
-14.28,44009.99,16.68,6504.06,0.65,-0.54,0.01,-22.65,22.17,4.20,8.41,-2.30,7.26,-27.586332,-48.486595,7,408.26
-14.25,44031.40,17.44,6500.56,-0.47,0.07,0.60,-12.05,28.00,-0.33,7.90,-6.29,6.25,-27.586323,-48.486574,7,408.49
-14.23,44052.82,19.46,6497.06,0.21,0.35,0.28,3.85,28.92,1.03,-0.19,1.46,2.26,-27.586314,-48.486554,7,408.85
-14.21,44074.24,18.37,6493.56,-0.95,1.46,-0.42,12.08,27.17,-4.88,-5.53,7.58,-0.85,-27.586305,-48.486534,7,409.11
-14.19,44095.67,17.77,6490.06,0.52,0.25,0.69,23.13,25.35,-3.90,-4.71,6.81,-4.08,-27.586296,-48.486514,8,409.35
-14.16,44117.11,18.27,6486.56,0.11,0.99,0.32,26.32,13.10,-5.29,-3.28,0.31,-7.43,-27.586287,-48.486493,9,409.60
-14.14,44138.56,19.31,6483.06,0.35,-0.19,0.06,32.57,-1.41,-9.34,5.78,-7.30,-2.69,-27.586278,-48.486473,9,409.83
-14.12,44160.02,17.74,6479.56,0.02,0.26,0.53,28.91,-14.26,-8.44,5.02,-0.74,5.49,-27.586269,-48.486453,8,410.05
-14.09,44181.49,18.84,6476.06,-0.38,-0.76,0.28,22.75,-21.60,-9.65,1.14,0.68,2.09,-27.586260,-48.486433,9,410.28
-14.07,44202.96,16.01,6472.56,0.37,-0.43,0.60,7.73,-24.86,-11.29,-1.84,4.85,6.09,-27.586251,-48.486412,8,410.53
-14.05,44224.44,18.02,6469.06,-0.74,-0.50,0.22,-1.84,-33.51,-12.58,-6.74,2.86,-2.84,-27.586242,-48.486392,6,410.86
-14.03,44245.93,17.48,6465.56,-0.31,-0.28,0.13,-14.50,-26.44,-6.65,-0.99,0.24,-6.99,-27.586233,-48.486372,10,411.14
-14.00,44267.43,21.09,6462.06,-0.69,-0.45,-0.31,-25.97,-19.19,-12.94,3.30,-7.98,-3.80,-27.586224,-48.486351,8,411.41
-13.98,44288.94,17.33,6458.56,-0.17,-0.16,0.42,-25.92,-9.42,-3.55,7.85,-3.24,2.32,-27.586215,-48.486331,10,411.64
-13.96,44310.46,18.47,6455.06,0.65,-0.42,0.00,-29.99,0.95,-7.03,2.51,6.77,2.46,-27.586206,-48.486311,7,411.94
-13.94,44331.98,19.36,6451.56,0.48,-0.65,-0.16,-24.49,15.52,-6.95,-0.29,6.73,5.40,-27.586197,-48.486291,9,412.30
-13.91,44353.52,18.48,6448.06,-0.64,-0.61,0.17,-18.75,22.89,-0.47,-6.76,2.11,1.18,-27.586188,-48.486270,6,412.56
-13.89,44375.06,17.69,6444.56,-1.09,0.03,-0.01,-11.61,27.68,0.28,-6.36,-4.77,-2.68,-27.586179,-48.486250,8,412.87
-13.87,44396.61,16.79,6441.06,0.30,0.28,-0.53,5.39,32.10,0.52,3.74,-5.65,-5.73,-27.586170,-48.486230,10,413.12
-13.84,44418.17,17.23,6437.56,0.50,-0.37,-0.18,13.42,31.25,4.92,8.29,-1.96,-7.89,-27.586162,-48.486210,10,413.37
-13.82,44439.74,17.08,6434.06,0.12,-0.62,-0.68,25.20,13.80,3.37,5.04,5.75,-0.21,-27.586153,-48.486189,7,413.66
-13.80,44461.31,16.26,6430.56,0.17,-0.45,0.08,30.33,8.31,8.46,-1.86,5.09,4.34,-27.586144,-48.486169,10,413.91
-13.78,44482.90,18.42,6427.06,0.73,0.16,-0.42,29.30,-1.50,6.44,-5.98,1.45,8.82,-27.586135,-48.486149,7,414.16
-13.75,44504.49,18.16,6423.56,-0.02,-0.46,0.84,25.08,-15.53,9.62,-4.77,-8.52,3.11,-27.586126,-48.486128,7,414.36
-13.73,44526.09,19.42,6420.06,0.11,0.14,1.20,19.37,-25.24,9.66,-3.67,-3.38,1.29,-27.586117,-48.486108,8,414.56
-13.71,44547.70,22.15,6416.56,-0.11,1.01,-0.52,5.60,-32.39,13.80,6.58,6.33,-6.84,-27.586108,-48.486088,8,414.87
-13.68,44569.32,18.48,6413.06,0.25,-0.78,-0.11,-6.84,-27.99,10.67,4.65,6.28,-5.80,-27.586099,-48.486068,6,415.12
-13.66,44590.94,19.38,6409.56,-0.22,0.39,0.23,-17.94,-25.75,12.01,2.18,2.75,-1.19,-27.586090,-48.486047,8,415.34
-13.64,44612.58,18.50,6406.06,0.32,0.54,-0.13,-23.21,-14.14,12.68,-4.74,-1.05,3.80,-27.586081,-48.486027,7,415.55
-13.62,44634.22,18.79,6402.56,-0.28,-0.36,0.28,-27.59,-3.32,10.59,-6.49,-4.91,5.38,-27.586072,-48.486007,9,415.86
-13.59,44655.88,19.95,6399.06,0.55,0.36,0.58,-30.53,8.99,5.26,-2.58,-0.99,1.79,-27.586063,-48.485987,8,416.05
-13.57,44677.54,20.96,6395.56,-0.80,0.03,-0.47,-24.26,15.80,5.19,2.52,2.76,-2.18,-27.586054,-48.485966,7,416.36
-13.55,44699.21,18.53,6392.06,-0.31,-0.42,-0.44,-15.05,23.27,4.12,5.71,5.01,-10.18,-27.586045,-48.485946,10,416.62
-13.53,44720.88,18.08,6388.56,-0.61,-0.15,0.25,-7.05,25.71,-0.04,1.50,2.68,-5.48,-27.586036,-48.485926,10,416.83
-13.50,44742.57,17.61,6385.06,-0.30,0.34,-0.44,3.73,31.50,0.15,-2.47,-6.34,-1.81,-27.586027,-48.485905,9,417.05
-13.48,44764.27,17.96,6381.56,0.86,0.82,0.56,18.13,23.85,-3.33,-5.97,-4.99,2.53,-27.586018,-48.485885,10,417.33
-13.46,44785.97,19.99,6378.06,0.11,-0.32,-0.42,22.75,18.27,-3.41,-2.29,-0.76,4.58,-27.586009,-48.485865,9,417.50
-13.43,44807.68,18.26,6374.56,-0.59,0.44,0.46,27.53,9.14,-9.44,3.31,2.77,0.95,-27.586000,-48.485845,7,417.70
-13.41,44829.40,20.22,6371.06,-1.32,0.08,0.64,29.90,-7.51,-9.30,6.07,5.74,0.50,-27.585991,-48.485824,10,418.03
-13.39,44851.13,19.45,6367.56,-0.61,-0.04,0.09,22.32,-16.82,-8.95,4.53,-2.18,-5.44,-27.585982,-48.485804,6,418.25
-13.37,44872.87,18.66,6364.06,-0.76,0.49,-0.92,16.38,-26.84,-11.61,0.33,-6.82,-4.91,-27.585973,-48.485784,7,418.50
-13.34,44894.61,18.41,6360.56,-0.51,-0.20,-1.09,1.05,-31.20,-10.81,-4.61,-6.39,-2.48,-27.585964,-48.485764,6,418.83
-13.32,44916.37,18.93,6357.06,-1.23,0.06,0.26,-4.12,-25.15,-11.78,-3.98,2.40,6.51,-27.585955,-48.485743,9,419.14
-13.30,44938.13,19.08,6353.56,0.38,0.26,0.27,-17.87,-19.49,-9.75,3.54,3.84,6.58,-27.585946,-48.485723,8,419.34
-13.28,44959.90,19.18,6350.06,0.03,-0.42,0.09,-26.70,-11.88,-9.46,6.40,4.31,2.89,-27.585937,-48.485703,8,419.58
-13.25,44981.68,19.46,6346.56,-0.41,0.39,0.98,-29.82,0.15,-9.98,3.90,-2.01,-0.21,-27.585928,-48.485682,8,419.91
-13.23,45003.47,19.92,6343.06,0.38,0.26,0.23,-27.07,10.04,-7.25,1.58,-4.71,-3.11,-27.585919,-48.485662,6,420.12
-13.21,45025.27,20.59,6339.56,0.11,0.48,0.33,-23.22,23.90,-3.91,-5.05,-1.23,-3.30,-27.585910,-48.485642,9,420.37
-13.18,45047.07,20.28,6336.06,0.07,-0.99,0.55,-12.66,28.02,-2.19,-2.74,-0.67,3.20,-27.585901,-48.485622,6,420.69
-13.16,45068.89,20.49,6332.56,0.69,0.91,-1.12,-0.96,29.78,-1.88,-0.18,8.50,2.84,-27.585892,-48.485601,7,421.03
-13.14,45090.71,18.47,6329.06,-0.05,0.13,0.94,10.51,27.62,3.05,6.18,3.16,6.05,-27.585883,-48.485581,9,421.36
-13.12,45112.54,17.64,6325.56,0.45,0.21,0.13,21.27,22.48,1.70,2.80,-4.09,2.40,-27.585874,-48.485561,10,421.66
-13.09,45134.38,18.66,6322.06,0.51,-0.12,-0.04,26.43,12.32,4.80,-1.89,-5.90,-0.55,-27.585865,-48.485541,6,422.01
-13.07,45156.23,19.11,6318.56,0.33,-0.33,0.24,28.24,0.74,8.24,-3.79,-4.45,-3.49,-27.585856,-48.485520,9,422.23
-13.05,45178.09,19.54,6315.06,0.24,-0.86,0.33,30.38,-11.17,11.03,-3.87,3.40,-7.65,-27.585847,-48.485500,9,422.44
-13.03,45199.95,19.74,6311.56,0.46,-0.08,-0.17,23.03,-21.59,6.46,0.40,6.61,1.87,-27.585838,-48.485480,10,422.70
-13.00,45221.83,18.54,6308.06,-0.50,-0.63,-0.47,13.54,-27.16,12.31,4.89,-0.61,3.33,-27.585829,-48.485459,7,423.01
-12.98,45243.71,19.34,6304.56,-0.27,0.09,0.18,-1.53,-27.13,9.94,8.51,-2.79,5.33,-27.585820,-48.485439,7,423.34
-12.96,45265.60,17.84,6301.06,0.01,-1.06,0.11,-9.10,-31.91,10.17,0.78,-8.95,4.95,-27.585811,-48.485419,6,423.59
-12.93,45287.50,19.41,6297.56,-0.76,-0.23,-0.01,-23.14,-21.93,9.51,0.46,1.94,-2.88,-27.585802,-48.485399,7,423.91
-12.91,45309.41,17.70,6294.06,-0.38,-1.17,-0.27,-27.17,-14.35,7.23,-6.61,2.05,-7.55,-27.585793,-48.485378,10,424.14
-12.89,45331.33,20.64,6290.56,0.80,0.80,-0.04,-29.06,2.49,7.04,-1.30,5.93,-4.60,-27.585784,-48.485358,10,424.41
-12.87,45353.25,19.34,6287.06,-0.42,0.62,0.70,-26.11,15.48,4.41,2.68,1.84,4.13,-27.585775,-48.485338,8,424.62
-12.84,45375.19,19.88,6283.56,-0.34,0.04,-0.56,-19.73,18.86,3.58,5.77,-7.85,-0.21,-27.585766,-48.485318,9,424.81
-12.82,45397.13,21.36,6280.06,0.61,-0.82,0.07,-9.37,27.75,1.53,3.15,-8.90,0.51,-27.585757,-48.485297,9,425.00
-12.80,45419.08,21.64,6276.56,0.04,0.58,-0.13,2.06,30.03,0.69,0.32,-1.95,4.63,-27.585748,-48.485277,9,425.22
-12.77,45441.04,19.65,6273.06,0.47,0.41,-1.12,16.34,28.24,-4.01,-5.46,7.94,-4.58,-27.585739,-48.485257,7,425.47
-12.75,45463.01,18.62,6269.56,-0.52,-1.01,0.13,24.16,20.45,-7.17,-7.26,1.44,-4.04,-27.585730,-48.485236,10,425.73
-12.73,45484.99,22.67,6266.06,0.53,0.54,-0.29,27.79,8.38,-4.28,1.48,-0.62,-2.48,-27.585721,-48.485216,9,426.03
-12.71,45506.98,21.86,6262.56,-0.36,-0.24,0.33,29.53,-6.60,-7.21,5.59,-6.67,-2.64,-27.585712,-48.485196,6,426.23
-12.68,45528.97,18.63,6259.06,0.04,-0.37,-0.16,26.11,-13.15,-9.50,8.16,-2.30,3.76,-27.585703,-48.485176,9,426.48
-12.66,45550.97,19.63,6255.56,-0.20,0.39,0.57,17.64,-23.50,-10.95,-1.91,3.49,5.66,-27.585694,-48.485155,10,426.67
-12.64,45572.98,20.25,6252.06,0.32,-0.41,-0.29,7.17,-29.38,-9.85,-5.08,6.48,-0.26,-27.585685,-48.485135,8,426.89
-12.62,45595.01,19.60,6248.56,-0.10,0.51,-0.22,-4.34,-31.17,-11.52,-5.88,2.54,-5.97,-27.585676,-48.485115,10,427.14
-12.59,45617.03,20.22,6245.06,0.63,-0.34,0.32,-12.53,-28.81,-9.48,0.47,-4.67,-3.26,-27.585667,-48.485095,8,427.41
-12.57,45639.07,20.89,6241.56,-0.70,0.19,-0.37,-21.01,-19.36,-10.49,5.00,-7.21,-4.30,-27.585658,-48.485074,7,427.70
-12.55,45661.12,19.08,6238.06,0.21,0.61,0.42,-29.16,-4.59,-12.08,6.35,1.54,0.42,-27.585649,-48.485054,7,427.98
-12.52,45683.17,19.40,6234.56,-0.75,0.30,0.26,-31.03,5.30,-6.36,2.83,8.56,5.73,-27.585640,-48.485034,7,428.33
-12.50,45705.24,20.03,6231.06,0.12,0.42,0.42,-25.76,14.74,-6.76,-5.00,4.32,9.07,-27.585632,-48.485013,6,428.55
-12.48,45727.31,19.96,6227.56,-0.34,0.25,-0.27,-16.58,22.44,-1.15,-9.01,-2.92,1.11,-27.585623,-48.484993,10,428.78
-12.46,45749.39,20.61,6224.06,-1.04,-0.07,-0.47,-3.83,31.82,-0.37,-4.58,-4.62,-4.67,-27.585614,-48.484973,7,429.11
-12.43,45771.48,18.84,6220.56,-0.01,-0.81,0.60,4.97,29.36,1.82,2.26,-6.61,-4.77,-27.585605,-48.484953,7,429.30
-12.41,45793.58,19.23,6217.06,0.91,0.68,-0.20,18.07,24.51,4.47,4.60,0.57,-5.36,-27.585596,-48.484932,8,429.59
-12.39,45815.68,20.17,6213.56,-0.35,-1.16,-0.25,27.73,14.54,8.29,3.74,1.34,0.90,-27.585587,-48.484912,6,429.87
-12.37,45837.80,18.67,6210.06,0.22,-0.25,0.28,29.39,5.78,6.10,-2.49,5.58,6.93,-27.585578,-48.484892,9,430.17
-12.34,45859.92,20.24,6206.56,-0.02,0.59,-0.27,30.79,-6.93,3.50,-5.94,0.48,4.57,-27.585569,-48.484872,8,430.48
-12.32,45882.05,20.05,6203.06,0.12,-0.48,0.31,18.41,-20.10,9.24,-1.26,-3.36,1.70,-27.585560,-48.484851,10,430.76
-12.30,45904.20,21.19,6199.56,0.09,-0.24,0.26,13.77,-21.89,9.53,4.47,-6.61,-1.81,-27.585551,-48.484831,6,431.01
-12.27,45926.35,20.25,6196.06,-0.01,0.14,-1.33,2.96,-31.85,7.82,4.55,2.14,-7.44,-27.585542,-48.484811,9,431.25
-12.25,45948.50,19.04,6192.56,-0.35,0.24,0.32,-11.68,-27.26,12.39,4.17,7.39,-3.04,-27.585533,-48.484790,6,431.47
-12.23,45970.67,20.12,6189.06,0.07,0.67,-0.31,-17.39,-22.83,4.66,-0.70,3.75,-2.71,-27.585524,-48.484770,8,431.65
-12.21,45992.85,20.44,6185.56,0.85,0.34,0.27,-25.22,-15.14,8.82,-3.85,-0.83,3.60,-27.585515,-48.484750,7,431.98
-12.18,46015.03,20.73,6182.06,-0.05,0.15,0.11,-30.25,-3.56,5.26,-3.08,-6.24,5.99,-27.585506,-48.484730,8,432.20
-12.16,46037.22,21.03,6178.56,0.18,0.34,0.07,-27.66,8.17,9.77,-2.36,-0.57,2.91,-27.585497,-48.484709,8,432.44
-12.14,46059.43,18.59,6175.06,-0.44,1.04,0.24,-28.39,15.43,6.31,3.83,5.10,-3.46,-27.585488,-48.484689,8,432.72
-12.12,46081.64,20.70,6171.56,-0.25,0.15,1.54,-13.30,27.96,2.83,6.58,7.33,-7.25,-27.585479,-48.484669,7,433.09
-12.09,46103.86,19.19,6168.06,0.21,-0.77,-0.22,-4.91,27.48,1.59,1.27,0.35,-3.96,-27.585470,-48.484649,6,433.26
-12.07,46126.08,20.63,6164.56,-0.77,0.21,-0.18,9.17,29.86,-2.43,-2.29,-5.28,1.86,-27.585461,-48.484628,6,433.44
-12.05,46148.32,20.42,6161.06,-1.22,-0.10,0.52,20.85,22.51,-4.69,-6.32,-6.85,5.47,-27.585452,-48.484608,8,433.69
-12.02,46170.57,21.15,6157.56,-0.31,-0.64,0.25,29.37,14.37,-7.24,0.51,-2.87,6.18,-27.585443,-48.484588,7,433.87
-12.00,46192.82,21.49,6154.06,-0.24,-0.25,-0.18,29.39,2.03,-8.03,0.24,8.08,-0.05,-27.585434,-48.484567,7,434.05
-11.98,46215.08,21.18,6150.56,0.24,0.05,-0.59,29.43,-5.93,-6.47,9.09,7.41,-5.37,-27.585425,-48.484547,10,434.22
-11.96,46237.35,20.41,6147.06,1.00,-1.09,0.27,24.49,-20.45,-10.58,3.84,-1.88,-5.70,-27.585416,-48.484527,9,434.42
-11.93,46259.63,19.55,6143.56,0.44,0.44,-0.62,13.22,-29.76,-11.89,-1.94,-5.39,-2.52,-27.585407,-48.484507,8,434.58
-11.91,46281.92,21.40,6140.06,-0.39,-0.34,-0.95,0.19,-28.45,-10.95,-5.20,-3.43,0.28,-27.585398,-48.484486,7,434.87
-11.89,46304.22,21.37,6136.56,0.33,-0.33,0.29,-10.96,-31.74,-12.15,-3.71,2.41,7.50,-27.585389,-48.484466,10,435.20
-11.86,46326.52,21.72,6133.06,-0.02,-0.06,-0.29,-22.01,-19.49,-10.09,-2.29,2.50,7.07,-27.585380,-48.484446,10,435.53
-11.84,46348.84,22.51,6129.56,0.05,0.09,0.27,-29.43,-10.35,-7.04,8.06,3.97,3.31,-27.585371,-48.484426,6,435.76
-11.82,46371.16,21.97,6126.06,-0.35,-0.05,0.26,-29.68,-1.79,-5.97,2.21,1.12,-5.66,-27.585362,-48.484405,9,435.95
-11.80,46393.49,19.26,6122.56,-0.09,-0.61,0.37,-24.86,12.14,-5.08,-0.57,-8.78,-2.88,-27.585353,-48.484385,10,436.19
-11.77,46415.84,21.22,6119.06,-0.75,-0.04,0.21,-19.92,21.43,-1.79,-6.40,-4.23,-2.99,-27.585344,-48.484365,6,436.48
-11.75,46438.18,21.50,6115.56,-0.08,1.07,0.49,-8.85,26.49,-3.17,-7.14,4.51,2.12,-27.585335,-48.484344,6,436.73
-11.73,46460.54,18.24,6112.06,0.45,0.12,-0.23,3.21,27.53,2.33,-2.63,7.72,5.18,-27.585326,-48.484324,8,436.97
-11.71,46482.91,21.14,6108.56,-0.15,-0.89,0.48,9.31,28.77,1.60,5.46,-0.65,7.11,-27.585317,-48.484304,10,437.20
-11.68,46505.29,21.11,6105.06,0.41,0.80,-0.25,24.79,20.69,8.13,9.69,-1.57,-0.02,-27.585308,-48.484284,10,437.40
-11.66,46527.67,22.01,6101.56,0.40,-0.10,-0.01,29.12,10.39,0.35,1.95,-1.26,-4.20,-27.585299,-48.484263,9,437.65
-11.64,46550.06,19.57,6098.06,0.33,-1.09,-0.11,31.40,0.48,1.84,-3.86,-3.59,-5.97,-27.585290,-48.484243,7,437.92
-11.61,46572.46,19.94,6094.56,0.33,-0.56,0.18,27.74,-13.39,8.12,-4.75,5.61,-3.07,-27.585281,-48.484223,8,438.19
-11.59,46594.88,21.16,6091.06,-0.91,0.98,0.66,17.40,-24.48,9.63,-0.40,5.76,3.17,-27.585272,-48.484203,7,438.44
-11.57,46617.29,21.82,6087.56,0.20,0.90,0.08,10.97,-27.62,10.81,7.88,1.16,5.98,-27.585263,-48.484182,9,438.73
-11.55,46639.72,21.55,6084.06,-0.01,0.01,-0.22,-2.41,-31.05,11.99,7.93,-6.30,4.62,-27.585254,-48.484162,10,438.90
-11.52,46662.16,23.56,6080.56,0.55,1.11,-0.06,-12.30,-30.14,9.46,2.90,-5.05,0.22,-27.585245,-48.484142,8,439.06
-11.50,46684.60,22.02,6077.06,0.08,0.02,-0.17,-22.72,-18.24,8.83,-5.55,-1.64,-1.21,-27.585236,-48.484121,10,439.34
-11.48,46707.06,22.45,6073.56,0.55,0.32,0.38,-29.78,-10.61,6.95,-7.31,5.67,-6.43,-27.585227,-48.484101,7,439.61
-11.46,46729.52,19.81,6070.06,0.08,0.90,-0.38,-32.44,3.45,6.86,-1.91,2.57,-6.91,-27.585218,-48.484081,10,439.90
-11.43,46751.99,20.34,6066.56,0.57,-0.11,0.27,-25.33,14.79,5.13,5.21,-1.84,-1.29,-27.585209,-48.484061,10,440.12
-11.41,46774.47,20.16,6063.06,-0.89,-0.39,0.74,-19.33,24.76,2.69,3.13,-6.58,6.17,-27.585200,-48.484040,6,440.40
-11.39,46796.96,20.58,6059.56,-0.13,0.33,-0.12,-10.14,29.63,-0.04,6.44,-1.08,6.66,-27.585191,-48.484020,9,440.58
-11.36,46819.46,21.14,6056.06,0.22,-0.44,-0.67,4.62,27.27,-1.83,-2.10,1.49,0.25,-27.585182,-48.484000,6,440.73
-11.34,46841.97,22.97,6052.56,0.22,0.06,-0.17,14.37,25.78,0.01,-4.90,4.27,-1.35,-27.585173,-48.483980,10,440.89
-11.32,46864.48,21.14,6049.06,-0.39,0.24,-0.64,23.65,14.08,-7.90,-7.18,3.44,-8.66,-27.585164,-48.483959,9,441.12
-11.30,46887.01,20.44,6045.56,-0.04,-0.26,0.43,30.86,7.32,-7.56,3.52,-1.16,-2.88,-27.585155,-48.483939,10,441.39
-11.27,46909.54,21.12,6042.06,-0.24,-0.03,0.13,31.24,-7.79,-9.85,7.76,-6.13,1.97,-27.585146,-48.483919,9,441.67
-11.25,46932.08,20.70,6038.56,-0.25,0.94,-0.08,27.61,-18.64,-14.07,2.36,-1.66,6.72,-27.585137,-48.483898,6,442.01
-11.23,46954.63,21.81,6035.06,-0.97,0.55,0.27,18.72,-23.12,-10.31,0.21,6.77,5.15,-27.585128,-48.483878,8,442.36
-11.21,46977.19,21.17,6031.56,0.78,0.32,-0.03,7.67,-28.43,-9.42,-2.78,6.23,0.06,-27.585119,-48.483858,9,442.69
-11.18,46999.76,22.05,6028.06,1.57,0.86,0.66,-4.72,-28.17,-9.64,-5.28,0.54,-7.20,-27.585110,-48.483838,8,442.90
-11.16,47022.34,22.18,6024.56,-0.09,-0.04,0.20,-15.60,-27.80,-6.63,0.66,-2.48,-7.03,-27.585102,-48.483817,8,443.06
-11.14,47044.92,22.85,6021.06,-0.44,0.31,0.39,-27.10,-14.41,-5.55,5.22,-4.95,-4.56,-27.585093,-48.483797,9,443.22
-11.11,47067.52,22.09,6017.56,0.25,-0.26,0.13,-26.85,-5.01,-5.99,4.66,-1.66,1.94,-27.585084,-48.483777,9,443.48
-11.09,47090.12,20.34,6014.06,-0.27,0.03,0.27,-29.61,5.09,-10.16,-0.14,4.64,4.19,-27.585075,-48.483757,10,443.75
-11.07,47112.73,20.52,6010.56,0.43,0.15,-0.98,-26.33,19.94,-4.35,-5.34,5.40,6.27,-27.585066,-48.483736,7,444.08
-11.05,47135.35,20.33,6007.06,-0.32,-0.01,-0.31,-19.07,27.52,-7.92,-6.84,2.36,0.17,-27.585057,-48.483716,8,444.31
-11.02,47157.98,21.56,6003.56,0.42,0.61,-0.20,-2.53,27.66,1.31,-0.17,-5.08,-8.47,-27.585048,-48.483696,9,444.47
-11.00,47180.62,22.73,6000.06,0.28,0.44,0.35,10.03,28.63,1.42,4.80,-3.40,-5.63,-27.585039,-48.483675,7,444.78
-10.98,47203.27,21.72,5996.56,1.49,0.32,0.65,18.74,23.22,2.43,10.06,1.22,-7.74,-27.585030,-48.483655,9,445.14
-10.95,47225.93,21.15,5993.06,-0.49,-0.27,-0.20,24.28,16.00,7.08,-0.26,5.58,-0.24,-27.585021,-48.483635,10,445.42
-10.93,47248.59,19.66,5989.56,-0.38,-0.82,-0.36,30.87,2.46,9.92,-3.16,2.80,4.27,-27.585012,-48.483615,8,445.70
-10.91,47271.26,21.07,5986.06,-0.25,-0.28,0.36,29.11,-6.94,9.15,-7.03,0.31,5.94,-27.585003,-48.483594,6,445.95
-10.89,47293.95,23.75,5982.56,-0.41,-0.31,0.08,24.89,-18.96,5.20,-4.43,-7.07,1.22,-27.584994,-48.483574,10,446.19
-10.86,47316.64,22.85,5979.06,-0.18,-0.70,0.62,16.17,-28.63,10.48,0.10,-3.63,-4.68,-27.584985,-48.483554,10,446.37
-10.84,47339.34,23.33,5975.56,-0.29,-0.40,0.60,5.91,-32.55,8.73,5.43,3.71,-7.70,-27.584976,-48.483533,8,446.55
-10.82,47362.05,23.33,5972.06,0.31,0.59,0.37,-7.75,-28.80,11.05,3.03,3.95,-5.62,-27.584967,-48.483513,6,446.75
-10.80,47384.76,23.32,5968.56,-0.21,-0.30,-0.04,-19.19,-25.51,9.88,-1.04,-0.61,0.80,-27.584958,-48.483493,8,447.03
-10.77,47407.49,22.84,5965.06,-0.14,0.17,-0.65,-26.98,-11.33,6.67,-5.02,-2.17,5.68,-27.584949,-48.483473,10,447.28
-10.75,47430.23,21.76,5961.56,0.10,-0.14,-0.65,-31.06,-2.86,6.60,-5.96,-4.88,5.02,-27.584940,-48.483452,8,447.50
-10.73,47452.97,21.38,5958.06,-0.17,0.33,0.40,-25.24,8.79,5.97,3.90,-1.31,2.83,-27.584931,-48.483432,10,447.83
-10.70,47475.72,22.44,5954.56,0.34,-0.03,-0.00,-16.02,15.95,6.04,4.37,6.66,-2.08,-27.584922,-48.483412,6,448.15
-10.68,47498.48,22.46,5951.06,0.56,0.37,0.61,-12.60,27.88,3.38,3.70,4.71,-6.44,-27.584913,-48.483392,9,448.48
-10.66,47521.26,22.64,5947.56,-1.08,-0.11,0.55,-0.14,30.24,1.63,0.37,0.03,-3.53,-27.584904,-48.483371,9,448.69
-10.64,47544.04,22.34,5944.06,0.73,0.14,0.01,10.95,28.75,-1.09,-4.82,-7.44,2.87,-27.584895,-48.483351,9,448.89
-10.61,47566.82,22.64,5940.56,0.34,0.40,0.21,22.36,23.07,-2.89,-4.64,-1.64,4.87,-27.584886,-48.483331,7,449.20
-10.59,47589.62,21.29,5937.06,-1.03,0.14,0.06,31.94,13.48,-1.59,-2.60,-0.09,7.68,-27.584877,-48.483310,8,449.40
-10.57,47612.43,21.77,5933.56,-0.02,-0.27,-0.16,29.98,3.18,-9.38,5.02,3.36,-0.82,-27.584868,-48.483290,9,449.59
-10.55,47635.24,22.99,5930.06,0.18,-0.75,0.19,24.64,-15.16,-9.30,7.43,3.24,-4.72,-27.584859,-48.483270,6,449.83
-10.52,47658.07,23.09,5926.56,0.33,0.03,-0.17,22.93,-22.13,-9.61,2.32,-0.09,-5.68,-27.584850,-48.483250,6,450.15
-10.50,47680.90,22.64,5923.06,0.28,0.58,0.51,10.17,-25.68,-10.31,-5.17,-3.28,-1.90,-27.584841,-48.483229,8,450.34
-10.48,47703.74,24.35,5919.56,-0.12,0.14,-0.15,-0.18,-31.25,-6.24,-9.81,-3.45,-0.39,-27.584832,-48.483209,9,450.64
-10.45,47726.59,22.01,5916.06,0.47,-0.39,-0.29,-12.15,-26.15,-6.35,-2.50,2.90,5.46,-27.584823,-48.483189,8,450.90
-10.43,47749.45,22.95,5912.56,-0.26,0.89,-0.23,-21.63,-18.31,-8.74,2.88,7.62,8.89,-27.584814,-48.483169,7,451.08
-10.41,47772.32,22.56,5909.06,-0.61,0.45,0.20,-28.75,-11.18,-9.58,7.41,3.31,0.13,-27.584805,-48.483148,10,451.29
-10.39,47795.19,22.64,5905.56,-0.21,0.39,-0.10,-30.02,1.69,-8.71,4.97,-4.84,-0.95,-27.584796,-48.483128,6,451.59
-10.36,47818.08,21.30,5902.06,0.18,-0.20,-0.46,-24.13,14.47,-5.51,-0.76,-6.82,-5.37,-27.584787,-48.483108,8,451.83
-10.34,47840.97,23.10,5898.56,0.28,-0.27,0.51,-18.26,22.61,-6.26,-5.88,-3.30,-1.68,-27.584778,-48.483087,6,452.01
-10.32,47863.88,21.78,5895.06,0.17,0.15,-0.47,-9.65,30.94,-4.55,-3.14,4.33,-1.01,-27.584769,-48.483067,10,452.36
-10.30,47886.79,23.59,5891.56,-0.09,0.00,0.02,1.14,24.98,2.55,-0.51,7.00,3.24,-27.584760,-48.483047,9,452.56
-10.27,47909.71,23.50,5888.06,0.90,0.00,0.03,12.56,28.25,3.05,6.70,-1.82,8.58,-27.584751,-48.483027,8,452.75
-10.25,47932.64,21.48,5884.56,-0.04,1.01,0.32,22.82,17.82,3.43,4.91,-3.75,1.09,-27.584742,-48.483006,10,453.04
-10.23,47955.58,21.68,5881.06,0.06,-0.59,0.64,28.54,11.93,4.92,-1.97,-9.25,-3.82,-27.584733,-48.482986,10,453.39
-10.20,47978.53,24.68,5877.56,-0.11,-1.05,-0.01,29.55,-3.81,3.73,-7.72,-0.58,-6.60,-27.584724,-48.482966,9,453.58
-10.18,48001.49,22.97,5874.06,0.41,0.45,-0.30,22.69,-10.96,9.88,-5.36,9.44,-5.19,-27.584715,-48.482946,9,453.79
-10.16,48024.45,23.28,5870.56,1.45,0.96,0.30,18.05,-25.20,8.83,1.53,3.56,1.33,-27.584706,-48.482925,9,454.01
-10.14,48047.43,21.44,5867.06,-0.84,-0.41,0.54,10.88,-27.85,6.92,1.90,-0.42,4.04,-27.584697,-48.482905,9,454.33
-10.11,48070.41,21.91,5863.56,0.46,0.31,0.14,-3.66,-26.78,7.93,5.66,-5.76,7.14,-27.584688,-48.482885,6,454.58
-10.09,48093.40,24.27,5860.06,0.40,-0.22,0.71,-13.41,-26.26,7.28,-0.78,-4.29,3.64,-27.584679,-48.482864,10,454.79
-10.07,48116.40,21.52,5856.56,-0.41,-0.03,-0.59,-20.34,-20.23,9.87,-4.23,0.04,-4.63,-27.584670,-48.482844,10,455.04
-10.04,48139.41,24.87,5853.06,-0.80,1.44,-0.31,-28.11,-7.84,5.91,-9.59,6.74,-6.96,-27.584661,-48.482824,7,455.36
-10.02,48162.43,21.81,5849.56,0.36,-0.53,-0.02,-32.28,8.66,7.05,-2.29,3.47,-2.51,-27.584652,-48.482804,6,455.61
-10.00,48185.46,23.06,5846.06,0.50,0.22,0.11,-22.98,19.60,3.25,5.46,-0.54,3.26,-27.584643,-48.482783,6,455.90
-9.98,48208.50,24.35,5842.56,-0.18,-0.05,-0.33,-15.31,27.00,5.07,7.54,-5.41,7.44,-27.584634,-48.482763,8,456.14
-9.95,48231.54,23.71,5839.06,0.66,-0.35,0.38,-7.78,30.30,1.02,2.25,-1.16,5.09,-27.584625,-48.482743,6,456.34
-9.93,48254.60,22.93,5835.56,-0.09,0.27,0.59,4.51,29.92,-1.12,-2.20,4.45,0.54,-27.584616,-48.482723,10,456.67
-9.91,48277.66,24.39,5832.06,-0.11,0.15,-0.64,16.89,25.67,-1.54,-9.94,4.28,-2.97,-27.584607,-48.482702,8,456.92
-9.89,48300.73,23.67,5828.56,0.23,0.94,1.08,25.66,16.75,-6.43,-3.58,-1.67,-4.86,-27.584598,-48.482682,10,457.25
-9.86,48323.82,23.99,5825.06,0.33,0.54,0.75,29.90,6.13,-6.87,2.21,-3.45,-3.78,-27.584589,-48.482662,7,457.48
-9.84,48346.91,23.25,5821.56,0.36,0.35,-0.68,31.69,-3.77,-9.58,5.26,-6.00,5.85,-27.584580,-48.482641,6,457.69
-9.82,48370.01,24.03,5818.06,-0.14,-0.19,-0.07,23.11,-18.09,-10.97,6.29,-2.89,4.23,-27.584572,-48.482621,6,457.90
-9.79,48393.11,24.57,5814.56,0.33,0.17,0.30,17.28,-27.62,-8.82,-0.98,3.91,6.11,-27.584563,-48.482601,10,458.19
-9.77,48416.23,24.58,5811.06,-0.74,-0.69,1.12,4.47,-30.73,-9.38,-5.81,5.86,-0.32,-27.584554,-48.482581,8,458.42
-9.75,48439.36,24.01,5807.56,0.62,0.38,-0.45,-8.37,-28.63,-9.99,-4.25,-0.70,-5.76,-27.584545,-48.482560,8,458.70
-9.73,48462.49,23.99,5804.06,-0.57,-0.54,1.15,-20.32,-20.75,-8.89,1.45,-5.43,-2.49,-27.584536,-48.482540,6,458.92
-9.70,48485.64,23.51,5800.56,-0.24,1.95,0.67,-25.69,-10.13,-8.58,3.36,-3.39,-2.34,-27.584527,-48.482520,6,459.15
-9.68,48508.79,22.18,5797.06,0.06,0.33,-0.64,-29.22,-2.42,-7.16,6.16,-1.77,0.16,-27.584518,-48.482500,7,459.47
-9.66,48531.95,24.13,5793.56,-0.72,-0.04,-0.36,-28.45,8.25,-5.10,4.33,6.57,2.36,-27.584509,-48.482479,8,459.73
-9.64,48555.12,23.39,5790.06,-1.18,0.37,-0.55,-23.35,18.60,-6.52,-5.53,2.98,5.95,-27.584500,-48.482459,9,459.92
-9.61,48578.30,21.43,5786.56,-0.11,-0.20,-0.46,-14.89,28.27,-0.99,-6.85,-2.84,-1.00,-27.584491,-48.482439,6,460.14
-9.59,48601.49,24.48,5783.06,-0.08,-0.74,0.11,-2.95,30.49,0.95,-0.06,-7.49,-2.50,-27.584482,-48.482418,6,460.37
-9.57,48624.69,22.86,5779.56,0.20,0.29,0.43,12.14,30.95,-0.17,7.43,-3.76,-5.90,-27.584473,-48.482398,8,460.65
-9.54,48647.90,22.89,5776.06,0.37,-0.18,-0.52,16.09,22.43,3.98,3.61,3.08,0.06,-27.584464,-48.482378,8,460.94
-9.52,48671.11,22.04,5772.56,0.50,0.20,0.51,27.88,10.69,6.52,1.56,7.82,-0.88,-27.584455,-48.482358,6,461.20
-9.50,48694.34,22.83,5769.06,0.56,0.71,-0.37,28.08,0.16,9.21,-3.77,3.42,3.76,-27.584446,-48.482337,10,461.47
-9.48,48717.57,24.13,5765.56,-0.01,0.14,-0.09,29.50,-10.95,6.95,-5.05,1.20,4.72,-27.584437,-48.482317,8,461.73
-9.45,48740.81,23.28,5762.06,0.36,-0.21,-0.00,19.84,-20.99,7.59,-2.35,-5.77,-0.66,-27.584428,-48.482297,8,461.94
-9.43,48764.07,22.44,5758.56,0.14,-0.40,0.38,15.57,-28.27,12.15,1.85,-4.99,-1.05,-27.584419,-48.482277,6,462.14
-9.41,48787.33,24.60,5755.06,0.02,-0.29,-0.26,1.64,-29.69,6.07,5.68,2.39,-4.93,-27.584410,-48.482256,7,462.39
-9.39,48810.60,22.85,5751.56,-0.10,0.10,-0.37,-8.20,-25.71,8.36,7.77,5.12,-3.98,-27.584401,-48.482236,10,462.62
-9.36,48833.88,23.71,5748.06,0.22,-0.75,-0.86,-21.77,-19.67,7.40,-4.74,-0.53,0.96,-27.584392,-48.482216,9,462.94
-9.34,48857.16,23.87,5744.56,0.45,-0.09,-0.06,-30.15,-14.09,7.71,-5.73,0.65,4.89,-27.584383,-48.482195,8,463.28
-9.32,48880.46,23.03,5741.06,-0.09,0.62,-0.71,-31.42,-0.76,7.25,-6.41,-2.33,5.36,-27.584374,-48.482175,7,463.59
-9.29,48903.77,23.28,5737.56,0.17,0.00,0.33,-29.29,13.32,3.75,0.76,0.32,0.34,-27.584365,-48.482155,10,463.81
-9.27,48927.08,24.16,5734.06,-0.47,0.44,0.26,-22.26,23.79,4.81,5.42,5.94,-2.20,-27.584356,-48.482135,10,464.11
-9.25,48950.40,24.13,5730.56,0.09,-0.34,0.07,-10.82,27.24,2.04,4.93,6.57,-6.04,-27.584347,-48.482114,9,464.29
-9.23,48973.74,24.63,5727.06,0.44,-0.49,-0.38,4.32,28.82,3.02,-0.85,-2.08,-2.90,-27.584338,-48.482094,7,464.62
-9.20,48997.08,24.04,5723.56,-0.51,-0.21,-0.66,10.61,21.21,-3.20,-8.97,-5.04,1.08,-27.584329,-48.482074,6,464.86
-9.18,49020.43,24.37,5720.06,0.10,-0.29,0.64,22.63,18.45,1.04,-3.80,-6.77,6.56,-27.584320,-48.482054,6,465.09
-9.16,49043.79,23.02,5716.56,0.45,-0.15,-0.86,29.34,9.45,-5.12,-1.06,-0.98,2.08,-27.584311,-48.482033,7,465.34
-9.13,49067.16,22.98,5713.06,-0.33,-1.21,0.28,33.23,-4.96,-9.93,1.93,7.26,1.55,-27.584302,-48.482013,6,465.58
-9.11,49090.53,24.80,5709.56,-0.83,0.90,0.05,25.82,-11.88,-10.84,5.36,3.23,-3.34,-27.584293,-48.481993,9,465.89
-9.09,49113.92,25.56,5706.06,-0.94,0.52,0.01,17.55,-21.14,-7.65,2.23,-0.91,-6.95,-27.584284,-48.481972,9,466.15
-9.07,49137.32,24.03,5702.56,-0.12,0.54,0.59,11.63,-27.99,-11.02,-1.88,-4.63,-1.55,-27.584275,-48.481952,6,466.45
-9.04,49160.72,26.60,5699.06,-0.86,0.47,0.87,-0.84,-30.86,-11.87,-5.70,0.45,0.10,-27.584266,-48.481932,9,466.72
-9.02,49184.14,24.74,5695.56,0.06,-0.50,-0.41,-12.53,-29.05,-7.55,-2.26,4.08,1.04,-27.584257,-48.481912,8,467.00
-9.00,49207.56,24.56,5692.06,-0.13,0.45,-0.21,-23.08,-20.37,-8.48,4.74,8.77,4.26,-27.584248,-48.481891,8,467.22
-8.98,49230.99,24.83,5688.56,-0.33,-0.65,-0.13,-29.33,-10.44,-9.35,4.96,3.83,-0.35,-27.584239,-48.481871,8,467.48
-8.95,49254.43,23.64,5685.06,-0.20,0.02,1.07,-27.61,3.87,-10.56,0.43,-3.42,-5.20,-27.584230,-48.481851,10,467.67
-8.93,49277.88,23.97,5681.56,-0.15,-0.01,0.58,-23.27,13.74,-1.43,-5.09,-6.80,-4.74,-27.584221,-48.481831,9,467.86
-8.91,49301.34,25.20,5678.06,-0.79,-0.06,0.08,-19.16,21.29,-6.56,-2.94,1.99,-4.14,-27.584212,-48.481810,7,468.11
-8.88,49324.81,25.76,5674.56,-0.29,0.86,0.57,-7.14,28.03,-0.28,-3.79,7.76,2.56,-27.584203,-48.481790,9,468.31
-8.86,49348.28,25.21,5671.06,-0.13,-0.10,-0.41,2.75,30.17,1.00,0.08,5.90,2.61,-27.584194,-48.481770,7,468.56
-8.84,49371.77,25.49,5667.56,0.00,-0.39,-0.05,18.48,27.50,2.05,7.27,0.33,6.36,-27.584185,-48.481749,6,468.81
-8.82,49395.27,23.76,5664.06,0.09,-0.62,0.47,25.77,22.73,7.07,1.80,-4.91,1.77,-27.584176,-48.481729,6,469.12
-8.79,49418.77,25.27,5660.56,0.11,0.10,-0.49,31.04,5.56,5.50,0.91,-3.96,-6.89,-27.584167,-48.481709,8,469.37
-8.77,49442.28,22.62,5657.06,-0.71,-0.39,-0.69,29.06,-0.87,7.95,-6.11,2.15,-6.68,-27.584158,-48.481689,9,469.59
-8.75,49465.81,24.14,5653.56,0.01,0.28,-0.12,23.55,-16.46,8.50,-6.18,7.76,-0.72,-27.584149,-48.481668,6,469.79
-8.73,49489.34,23.43,5650.06,0.29,-0.24,0.32,15.72,-25.38,11.89,4.01,4.58,1.11,-27.584140,-48.481648,6,470.00
-8.70,49512.88,25.21,5646.56,-0.40,1.25,0.73,7.61,-33.36,12.49,3.09,-0.51,6.04,-27.584131,-48.481628,8,470.24
-8.68,49536.43,23.95,5643.06,-0.14,0.13,0.18,-5.93,-27.30,8.77,5.84,-2.98,4.92,-27.584122,-48.481608,9,470.46
-8.66,49559.99,26.38,5639.56,-0.68,0.02,0.30,-17.14,-23.87,11.71,-2.15,-4.45,1.54,-27.584113,-48.481587,8,470.71
-8.63,49583.55,24.95,5636.06,-0.03,0.36,0.61,-29.01,-16.21,8.64,-3.44,3.20,0.29,-27.584104,-48.481567,7,471.02
-8.61,49607.13,25.98,5632.56,0.26,-0.11,0.48,-22.42,-4.84,7.82,-5.98,6.06,-3.88,-27.584095,-48.481547,6,471.32
-8.59,49630.72,23.66,5629.06,-0.06,-0.66,0.25,-28.61,7.77,7.62,-3.18,5.09,-6.60,-27.584086,-48.481526,9,471.53
-8.57,49654.31,25.06,5625.56,0.74,-0.65,0.91,-26.04,18.77,4.19,8.54,-3.50,2.29,-27.584077,-48.481506,7,471.78
-8.54,49677.91,24.29,5622.06,0.59,0.59,-0.61,-16.58,24.58,1.40,8.11,-3.59,4.79,-27.584068,-48.481486,6,472.00
-8.52,49701.53,24.05,5618.56,-0.53,-0.17,-1.15,-1.05,30.71,-0.72,-0.77,-2.99,4.82,-27.584059,-48.481466,6,472.35
-8.50,49725.15,25.24,5615.06,-0.05,0.67,-0.02,6.16,34.27,2.07,-0.89,2.32,0.01,-27.584050,-48.481445,10,472.58
-8.48,49748.78,25.13,5611.56,0.10,0.04,0.33,17.14,22.72,-1.86,-6.82,10.42,-4.20,-27.584042,-48.481425,6,472.88
-8.45,49772.42,23.85,5608.06,0.24,0.41,-0.46,26.66,11.68,-5.74,0.33,2.33,-4.88,-27.584033,-48.481405,6,473.14
-8.43,49796.07,26.28,5604.56,-0.85,-0.15,-0.41,31.35,3.23,-8.67,6.71,-3.87,-2.42,-27.584024,-48.481385,6,473.32
-8.41,49819.73,25.56,5601.06,0.57,-0.81,-0.54,27.78,-7.37,-11.05,8.28,-6.82,4.60,-27.584015,-48.481364,8,473.52
-8.38,49843.40,24.61,5597.56,-0.08,-0.92,0.75,26.89,-19.62,-11.21,7.10,-2.08,3.69,-27.584006,-48.481344,9,473.71
-8.36,49867.07,27.57,5594.06,0.41,0.02,-0.16,16.11,-28.79,-8.98,-4.28,5.52,4.74,-27.583997,-48.481324,6,473.94
-8.34,49890.76,26.27,5590.56,-0.31,-0.69,0.45,5.75,-29.12,-8.93,-3.51,5.55,0.65,-27.583988,-48.481303,6,474.16
-8.32,49914.45,25.15,5587.06,0.32,-0.06,-0.78,-9.26,-27.80,-12.05,-5.04,-2.89,-6.34,-27.583979,-48.481283,8,474.44
-8.29,49938.16,24.28,5583.56,-0.57,-0.80,0.59,-20.24,-22.47,-12.11,1.43,-6.53,-3.23,-27.583970,-48.481263,7,474.71
-8.27,49961.87,25.81,5580.06,0.35,-0.36,-1.08,-29.32,-11.53,-11.03,3.31,-3.28,-4.88,-27.583961,-48.481243,7,474.88
-8.25,49985.59,26.01,5576.56,-0.25,0.16,1.12,-28.13,-1.65,-7.38,5.13,4.42,2.55,-27.583952,-48.481222,10,475.14
-8.22,50009.33,25.53,5573.06,0.00,0.42,-0.52,-26.19,11.26,-4.18,0.56,5.05,3.53,-27.583943,-48.481202,8,475.41
-8.20,50033.07,25.92,5569.56,-0.30,0.01,-0.54,-19.19,19.10,-2.55,-2.30,1.41,2.82,-27.583934,-48.481182,9,475.68
-8.18,50056.82,26.30,5566.06,0.88,0.26,-0.26,-13.97,28.22,-1.86,-8.77,-1.65,-0.00,-27.583925,-48.481162,10,475.94
-8.16,50080.57,27.09,5562.56,-0.59,-0.09,0.20,-1.41,34.37,0.25,0.52,-7.38,-6.69,-27.583916,-48.481141,10,476.16
-8.13,50104.34,26.78,5559.06,-0.22,0.33,-0.50,12.65,27.07,1.61,4.85,-1.92,-7.34,-27.583907,-48.481121,8,476.38
-8.11,50128.12,25.48,5555.56,-0.54,0.50,0.56,21.76,21.07,7.82,7.91,4.05,-3.44,-27.583898,-48.481101,8,476.58
-8.09,50151.91,24.02,5552.06,-0.28,-0.15,-0.74,28.17,9.33,5.35,0.36,8.66,4.34,-27.583889,-48.481080,8,476.78
-8.07,50175.70,23.80,5548.56,-1.49,0.10,0.22,32.83,2.26,6.07,-5.58,1.39,3.70,-27.583880,-48.481060,10,476.96
-8.04,50199.50,26.10,5545.06,0.10,-0.19,0.74,26.46,-13.57,10.24,-5.55,-6.40,6.60,-27.583871,-48.481040,7,477.18
-8.02,50223.32,26.55,5541.56,-0.47,0.18,-0.16,23.56,-20.38,4.20,-0.90,-6.82,-2.67,-27.583862,-48.481020,8,477.39
-8.00,50247.14,26.42,5538.06,-0.79,0.06,0.43,12.63,-31.13,10.73,4.38,-2.56,-4.93,-27.583853,-48.480999,10,477.69
-7.97,50270.97,25.18,5534.56,-0.74,0.43,0.28,0.82,-29.52,11.15,4.73,5.13,-6.30,-27.583844,-48.480979,9,477.94
-7.95,50294.81,26.25,5531.06,-0.01,0.00,-0.98,-13.73,-29.76,9.80,5.58,7.23,-3.39,-27.583835,-48.480959,10,478.18
-7.93,50318.66,23.83,5527.56,0.31,0.46,-0.37,-25.07,-20.92,10.84,-3.98,-4.47,1.38,-27.583826,-48.480939,9,478.43
-7.91,50342.52,26.29,5524.06,-0.42,0.19,0.29,-28.28,-8.15,8.46,-8.67,-3.17,7.88,-27.583817,-48.480918,10,478.64
-7.88,50366.39,26.35,5520.56,-0.30,-0.24,-0.09,-29.99,6.35,7.81,-3.36,-6.46,5.52,-27.583808,-48.480898,9,478.83
-7.86,50390.27,26.72,5517.06,-1.30,-0.40,0.79,-28.56,15.74,9.65,1.39,3.71,-0.27,-27.583799,-48.480878,8,479.10
-7.84,50414.16,25.26,5513.56,-0.77,-0.94,-0.77,-17.79,19.05,0.78,5.66,5.46,-3.05,-27.583790,-48.480857,9,479.38
-7.82,50438.05,26.07,5510.06,-0.38,-0.75,0.32,-10.90,27.75,0.83,2.45,3.71,-3.38,-27.583781,-48.480837,9,479.61
-7.79,50461.96,25.26,5506.56,-0.13,0.23,-0.41,1.80,27.94,-0.28,-1.79,-0.28,-3.38,-27.583772,-48.480817,9,479.86
-7.77,50485.87,27.37,5503.06,0.16,-0.51,-0.49,16.57,25.77,-4.25,-4.21,-6.40,1.69,-27.583763,-48.480797,6,480.06
-7.75,50509.80,24.71,5499.56,-0.45,0.07,-0.23,25.20,17.61,-3.93,-8.09,-4.90,3.64,-27.583754,-48.480776,9,480.27
-7.72,50533.73,24.47,5496.06,0.17,-0.00,-0.20,30.73,7.97,-7.54,1.59,2.12,0.77,-27.583745,-48.480756,8,480.50
-7.70,50557.67,25.29,5492.56,0.57,0.21,0.56,30.41,-3.80,-3.77,3.63,6.76,0.39,-27.583736,-48.480736,10,480.74
-7.68,50581.62,26.32,5489.06,-0.44,0.35,0.53,24.08,-17.89,-8.26,2.78,4.33,-3.71,-27.583727,-48.480716,10,480.98
-7.66,50605.58,28.25,5485.56,-0.57,0.12,0.20,21.51,-24.35,-7.27,2.17,-2.93,-3.61,-27.583718,-48.480695,10,481.25
-7.63,50629.55,26.81,5482.06,0.31,-0.68,-0.49,5.89,-33.27,-7.79,-2.96,-3.42,-0.91,-27.583709,-48.480675,7,481.49
-7.61,50653.53,27.24,5478.56,-0.17,0.07,-0.05,-5.50,-31.76,-9.55,-3.96,-1.57,2.71,-27.583700,-48.480655,8,481.71
-7.59,50677.52,26.42,5475.06,-1.01,0.57,-0.42,-17.00,-22.35,-9.76,-4.28,4.79,6.33,-27.583691,-48.480634,7,481.93
-7.57,50701.51,26.14,5471.56,-0.23,-0.40,-0.81,-21.61,-14.39,-6.95,4.09,5.50,-0.55,-27.583682,-48.480614,6,482.18
-7.54,50725.52,26.42,5468.06,0.11,0.72,0.19,-26.38,-5.83,-6.60,8.71,2.04,1.27,-27.583673,-48.480594,7,482.40
-7.52,50749.54,27.80,5464.56,0.08,-0.72,-0.36,-27.69,4.09,-5.00,4.29,-5.23,-4.77,-27.583664,-48.480574,7,482.64
-7.50,50773.56,27.92,5461.06,-0.39,-0.67,-0.48,-28.39,17.10,-5.40,-2.73,-7.16,-8.53,-27.583655,-48.480553,10,482.89
-7.47,50797.59,27.70,5457.56,0.30,0.53,0.15,-15.63,24.07,-3.09,-8.69,0.85,-0.39,-27.583646,-48.480533,8,483.11
-7.45,50821.64,26.32,5454.06,-0.85,-0.22,-0.17,-4.56,33.04,-1.65,-3.77,4.67,-0.16,-27.583637,-48.480513,6,483.37
-7.43,50845.69,26.25,5450.56,-0.40,0.04,-0.41,7.67,27.86,3.83,2.93,4.87,4.93,-27.583628,-48.480493,8,483.63
-7.41,50869.75,26.32,5447.06,0.19,-0.46,0.50,19.54,28.52,0.79,7.43,1.54,5.13,-27.583619,-48.480472,6,483.89
-7.38,50893.82,24.73,5443.56,-0.35,-0.39,0.54,23.57,15.26,5.87,0.33,-5.41,0.65,-27.583610,-48.480452,7,484.14
-7.36,50917.90,25.00,5440.06,0.55,0.74,0.54,28.95,5.30,2.23,-1.67,-4.47,-3.08,-27.583601,-48.480432,9,484.41
-7.34,50941.99,25.87,5436.56,-0.03,0.41,0.33,30.89,-6.20,8.07,-7.18,1.05,-7.89,-27.583592,-48.480411,9,484.61
-7.31,50966.09,28.01,5433.06,-0.35,-0.43,0.48,23.67,-18.22,9.86,-6.17,4.16,-0.28,-27.583583,-48.480391,7,484.83
-7.29,50990.20,26.14,5429.56,0.67,0.64,0.26,16.75,-24.68,9.34,6.31,0.92,3.76,-27.583574,-48.480371,6,485.13
-7.27,51014.31,26.26,5426.06,-0.26,-0.61,-1.02,5.81,-28.04,10.68,4.07,-5.40,4.59,-27.583565,-48.480351,9,485.41
-7.25,51038.44,27.41,5422.56,0.28,-0.69,0.24,-10.61,-29.37,6.64,4.84,-11.09,3.05,-27.583556,-48.480330,7,485.69
-7.22,51062.58,27.44,5419.06,-0.91,-0.66,0.39,-20.50,-24.54,11.28,1.48,-3.02,-2.14,-27.583547,-48.480310,7,485.96
-7.20,51086.72,27.48,5415.56,-0.10,1.09,0.15,-27.25,-11.50,8.82,-4.19,4.59,-6.21,-27.583538,-48.480290,6,486.16
-7.18,51110.87,27.09,5412.06,0.11,0.44,-0.71,-30.95,-3.91,7.46,-3.87,7.74,-6.60,-27.583529,-48.480270,9,486.46
-7.16,51135.04,27.36,5408.56,-0.29,-0.06,-0.42,-27.27,8.20,6.11,0.55,2.20,-2.20,-27.583520,-48.480249,7,486.71
-7.13,51159.21,25.65,5405.06,0.25,0.40,-0.66,-22.99,22.69,4.75,7.34,-8.14,5.48,-27.583511,-48.480229,8,486.96
-7.11,51183.39,26.75,5401.56,0.29,-0.14,-0.27,-15.18,27.59,0.15,4.83,-6.70,4.93,-27.583503,-48.480209,7,487.24
-7.09,51207.58,26.45,5398.06,0.97,-0.26,-0.13,-1.48,29.85,-0.52,1.57,-1.44,2.70,-27.583494,-48.480188,8,487.58
-7.06,51231.78,26.20,5394.56,0.03,0.24,0.24,11.15,24.52,-0.51,-5.71,4.89,-6.58,-27.583485,-48.480168,7,487.86
-7.04,51255.99,27.09,5391.06,-0.11,0.46,0.32,19.73,23.11,-1.68,-7.70,5.49,-3.32,-27.583476,-48.480148,9,488.18
-7.02,51280.21,26.11,5387.56,-0.11,0.29,-0.96,24.62,12.61,-4.60,-0.18,2.51,-6.33,-27.583467,-48.480128,9,488.40
-7.00,51304.44,26.85,5384.06,-0.38,0.63,0.29,29.88,3.77,-10.42,5.20,-6.80,-2.75,-27.583458,-48.480107,7,488.65
-6.97,51328.67,27.61,5380.56,-0.86,0.32,-0.18,28.94,-6.86,-7.72,6.55,-5.18,2.88,-27.583449,-48.480087,7,488.85
-6.95,51352.92,27.85,5377.06,0.30,0.51,0.09,23.34,-23.22,-8.05,0.22,-0.07,7.86,-27.583440,-48.480067,8,489.05
-6.93,51377.18,28.07,5373.56,0.05,-0.41,0.41,13.37,-26.98,-9.24,-3.95,3.58,4.86,-27.583431,-48.480046,9,489.35
-6.91,51401.44,27.01,5370.06,0.16,-0.97,-0.31,-0.98,-29.17,-8.38,-9.54,4.09,-1.01,-27.583422,-48.480026,7,489.60
-6.88,51425.72,26.74,5366.56,0.89,-0.16,0.67,-7.53,-28.86,-13.02,-4.27,-2.99,-4.17,-27.583413,-48.480006,9,489.93
-6.86,51450.00,26.41,5363.06,-1.11,0.89,0.63,-17.42,-22.44,-8.71,1.26,-5.74,-3.89,-27.583404,-48.479986,8,490.26
-6.84,51474.29,26.32,5359.56,-0.54,-0.72,0.73,-31.09,-11.97,-6.30,4.47,-7.88,0.25,-27.583395,-48.479965,8,490.61
-6.81,51498.59,28.28,5356.06,0.61,0.07,0.31,-29.33,-1.44,-5.33,3.95,5.67,5.09,-27.583386,-48.479945,10,490.82
-6.79,51522.90,27.72,5352.56,-0.32,0.01,-0.34,-25.27,9.95,-6.27,-5.28,5.46,5.11,-27.583377,-48.479925,6,491.05
-6.77,51547.23,28.04,5349.06,0.14,0.38,-0.41,-21.79,22.08,-3.40,-7.93,2.07,3.64,-27.583368,-48.479905,6,491.27
-6.75,51571.56,27.47,5345.56,0.13,0.09,0.89,-8.24,28.67,-2.27,-7.40,-2.82,-3.78,-27.583359,-48.479884,6,491.52
-6.72,51595.89,27.54,5342.06,-0.41,0.18,0.26,3.74,33.51,0.90,-1.84,-5.78,-5.50,-27.583350,-48.479864,6,491.79
-6.70,51620.24,27.74,5338.56,0.03,-0.10,-0.37,12.72,28.09,2.29,8.40,-0.39,-8.87,-27.583341,-48.479844,9,491.99
-6.68,51644.60,27.87,5335.06,0.34,0.53,-0.12,17.35,20.97,3.23,4.90,1.18,-5.87,-27.583332,-48.479823,7,492.21
-6.66,51668.97,28.27,5331.56,0.16,0.45,-0.28,29.08,8.45,8.08,-1.99,7.50,2.03,-27.583323,-48.479803,10,492.41
-6.63,51693.34,26.00,5328.06,0.57,-0.18,-0.28,28.12,-4.18,7.99,-6.90,2.12,3.02,-27.583314,-48.479783,8,492.76
-6.61,51717.73,28.24,5324.56,-0.11,0.79,0.11,25.69,-16.59,11.57,-5.80,-1.82,5.35,-27.583305,-48.479763,10,492.97
-6.59,51742.13,28.13,5321.06,0.15,-0.06,0.79,21.80,-27.13,12.38,-1.63,-3.54,-2.15,-27.583296,-48.479742,9,493.32
-6.56,51766.53,27.43,5317.56,-0.89,-0.81,0.51,6.04,-31.07,9.31,3.35,-1.34,-6.20,-27.583287,-48.479722,8,493.54
-6.54,51790.94,26.76,5314.06,0.21,0.34,0.42,-3.29,-30.51,11.71,6.43,6.56,-5.68,-27.583278,-48.479702,6,493.77
-6.52,51815.37,26.16,5310.56,-0.43,-0.12,-0.16,-17.04,-29.37,10.39,-0.82,2.00,-0.65,-27.583269,-48.479682,10,494.02
-6.50,51839.80,27.44,5307.06,0.48,-0.35,0.53,-20.49,-15.72,7.29,-6.17,-0.56,3.83,-27.583260,-48.479661,7,494.32
-6.47,51864.24,28.77,5303.56,0.53,-0.86,-0.77,-29.62,-7.25,8.75,-6.66,-4.19,2.90,-27.583251,-48.479641,6,494.57
-6.45,51888.69,27.62,5300.06,0.06,0.34,0.06,-29.62,6.59,8.77,-5.68,-2.94,4.41,-27.583242,-48.479621,8,494.80
-6.43,51913.15,28.05,5296.56,-0.44,-0.88,0.61,-24.80,12.53,3.60,1.15,0.74,-1.35,-27.583233,-48.479600,8,495.13
-6.40,51937.62,27.18,5293.06,0.71,0.09,0.42,-17.02,25.97,3.90,3.41,6.45,-6.52,-27.583224,-48.479580,10,495.38
-6.38,51962.10,27.88,5289.56,-0.86,-0.98,-1.30,-10.23,25.67,0.08,0.84,4.39,-7.56,-27.583215,-48.479560,6,495.61
-6.36,51986.59,27.76,5286.06,-0.64,1.01,-0.09,6.20,30.30,-2.02,-2.59,-0.68,-1.25,-27.583206,-48.479540,7,495.85
-6.34,52011.09,28.71,5282.56,0.66,0.77,0.11,16.12,24.35,-0.80,-2.21,-5.18,3.05,-27.583197,-48.479519,8,496.10
-6.31,52035.59,27.55,5279.06,0.05,0.22,-0.28,24.98,15.86,-7.89,-4.10,-5.16,6.66,-27.583188,-48.479499,7,496.41
-6.29,52060.11,28.48,5275.56,0.41,0.43,-0.09,27.47,3.96,-2.86,0.83,3.97,1.94,-27.583179,-48.479479,8,496.65
-6.27,52084.64,26.72,5272.06,1.58,-0.17,-0.24,30.92,-4.24,-6.59,6.00,5.69,-1.45,-27.583170,-48.479459,9,496.88
-6.25,52109.17,28.27,5268.56,-0.85,0.00,0.80,23.19,-17.38,-10.23,6.89,3.61,-2.93,-27.583161,-48.479438,10,497.18
-6.22,52133.72,27.65,5265.06,-0.28,-0.19,0.20,14.55,-26.87,-11.00,2.12,-5.06,-3.49,-27.583152,-48.479418,6,497.46
-6.20,52158.27,28.28,5261.56,0.09,0.49,-0.59,2.59,-25.91,-7.64,-5.42,-7.16,-1.92,-27.583143,-48.479398,8,497.68
-6.18,52182.83,28.67,5258.06,0.11,0.19,0.47,-6.30,-29.40,-9.49,-8.29,-1.38,1.06,-27.583134,-48.479377,7,497.90
-6.15,52207.41,25.79,5254.56,-0.39,0.47,0.23,-19.09,-20.12,-10.23,-1.84,5.66,4.93,-27.583125,-48.479357,9,498.13
-6.13,52231.99,29.01,5251.06,-0.19,-0.15,0.01,-24.68,-12.24,-12.51,6.69,6.23,1.98,-27.583116,-48.479337,9,498.40
-6.11,52256.58,27.45,5247.56,1.00,-0.11,-0.77,-27.46,-4.99,-7.54,7.02,2.39,-1.09,-27.583107,-48.479317,10,498.68
-6.09,52281.18,26.58,5244.06,0.69,0.61,-0.18,-28.67,8.74,-7.38,5.05,-8.08,-4.74,-27.583098,-48.479296,10,498.91
-6.06,52305.79,28.84,5240.56,-0.87,0.17,-0.31,-18.80,21.03,-1.48,-6.81,-6.22,-7.13,-27.583089,-48.479276,10,499.19
-6.04,52330.41,29.20,5237.06,-0.48,-0.03,-0.20,-17.48,26.59,-4.25,-4.50,1.85,0.11,-27.583080,-48.479256,10,499.46
-6.02,52355.04,28.91,5233.56,0.33,0.40,-0.29,-2.13,30.57,3.51,-0.46,1.72,4.07,-27.583071,-48.479236,10,499.75
-6.00,52379.68,27.57,5230.06,0.09,-0.28,-0.62,7.08,27.80,2.78,3.25,7.45,6.44,-27.583062,-48.479215,7,499.99
-5.97,52404.32,28.26,5226.56,1.67,0.26,0.42,15.81,25.75,3.96,8.21,0.07,5.10,-27.583053,-48.479195,8,500.32
-5.95,52428.98,26.68,5223.06,0.19,-0.07,-0.06,26.28,9.91,4.24,2.53,-6.48,-2.11,-27.583044,-48.479175,6,500.61
-5.93,52453.65,28.57,5219.56,0.67,0.29,0.74,27.84,1.52,6.91,-2.14,-4.06,-1.53,-27.583035,-48.479154,7,500.83
-5.90,52478.32,29.05,5216.06,0.48,0.64,0.09,27.67,-6.91,7.70,-6.83,3.41,-4.04,-27.583026,-48.479134,10,501.16
-5.88,52503.01,27.31,5212.56,-0.68,-0.72,0.08,23.03,-18.93,7.67,-5.00,1.50,-0.91,-27.583017,-48.479114,10,501.40
-5.86,52527.70,28.58,5209.06,0.76,0.27,-0.28,13.53,-25.93,9.39,3.16,3.01,5.17,-27.583008,-48.479094,9,501.63
-5.84,52552.41,27.45,5205.56,-0.28,0.37,-0.44,0.75,-26.31,6.17,7.24,-2.17,2.31,-27.582999,-48.479073,8,501.86
-5.81,52577.12,28.83,5202.06,0.73,-0.82,0.34,-10.64,-26.84,12.15,3.48,-5.19,4.35,-27.582990,-48.479053,6,502.13
-5.79,52601.84,29.55,5198.56,0.59,0.62,0.23,-21.47,-21.98,8.78,-0.39,-1.89,-1.31,-27.582981,-48.479033,9,502.36
-5.77,52626.57,27.37,5195.06,0.29,0.31,-0.02,-27.93,-13.27,11.90,-5.16,5.38,-9.58,-27.582973,-48.479013,7,502.60
-5.75,52651.32,29.12,5191.56,-0.58,0.13,0.24,-30.58,-6.62,6.15,-6.40,6.15,-5.39,-27.582964,-48.478992,7,502.82
-5.72,52676.07,30.01,5188.06,0.48,0.34,-0.06,-31.85,12.19,6.24,-0.16,3.93,-1.56,-27.582955,-48.478972,8,503.15
-5.70,52700.83,29.27,5184.56,-0.33,-0.33,1.06,-21.86,16.52,5.58,6.47,-3.02,2.22,-27.582946,-48.478952,7,503.46
-5.68,52725.60,29.11,5181.06,-0.28,0.62,0.52,-12.94,28.98,-3.74,4.46,-4.48,3.58,-27.582937,-48.478931,10,503.80
-5.65,52750.38,29.82,5177.56,0.90,-0.13,0.24,0.10,28.19,3.75,0.52,2.09,3.92,-27.582928,-48.478911,6,504.00
-5.63,52775.17,27.83,5174.06,0.63,-0.02,0.25,7.79,26.41,-1.73,-3.47,6.28,-1.37,-27.582919,-48.478891,6,504.32
-5.61,52799.96,29.94,5170.56,0.12,-0.39,-0.10,21.08,19.20,-4.49,-6.09,2.08,-6.72,-27.582910,-48.478871,10,504.55
-5.59,52824.77,30.60,5167.06,-0.42,-1.06,1.02,27.76,13.76,-8.62,-0.80,-4.09,-6.29,-27.582901,-48.478850,8,504.80
-5.56,52849.59,27.96,5163.56,0.51,0.28,0.22,31.52,2.34,-5.14,5.16,-9.69,-2.35,-27.582892,-48.478830,9,505.02
-5.54,52874.41,29.14,5160.06,0.62,-0.75,0.05,27.31,-13.09,-6.85,10.62,-8.67,5.43,-27.582883,-48.478810,10,505.35
-5.52,52899.25,28.69,5156.56,0.75,-0.47,0.29,24.55,-22.04,-6.81,0.94,-0.31,6.67,-27.582874,-48.478790,7,505.65
-5.49,52924.10,28.70,5153.06,-0.05,-0.39,0.77,11.26,-27.37,-8.56,-3.26,8.09,3.83,-27.582865,-48.478769,8,505.91
-5.47,52948.95,29.13,5149.56,-0.01,0.03,-0.22,-2.43,-31.65,-10.48,-6.97,4.31,-2.50,-27.582856,-48.478749,8,506.15
-5.45,52973.82,29.03,5146.06,-1.29,-1.16,-0.41,-11.05,-22.61,-9.34,-5.45,-1.02,-2.01,-27.582847,-48.478729,8,506.40
-5.43,52998.69,29.96,5142.56,0.39,-0.13,0.08,-20.08,-21.11,-8.77,2.92,-7.23,-5.36,-27.582838,-48.478708,10,506.65
-5.40,53023.57,29.07,5139.06,-0.05,-0.63,0.06,-32.22,-5.39,-9.87,5.37,-5.81,-0.36,-27.582829,-48.478688,8,506.88
-5.38,53048.46,29.83,5135.56,0.10,0.30,0.21,-25.39,4.35,-9.59,3.36,1.81,7.25,-27.582820,-48.478668,9,507.10
-5.36,53073.37,29.13,5132.06,-0.59,0.49,-0.78,-23.07,16.61,-2.65,-1.52,7.61,8.45,-27.582811,-48.478648,6,507.38
-5.34,53098.28,29.63,5128.56,1.34,-0.05,-0.63,-18.62,23.15,-3.70,-4.88,3.00,2.82,-27.582802,-48.478627,9,507.61
-5.31,53123.20,29.56,5125.06,0.76,0.82,0.57,-8.65,27.92,-2.29,-4.00,-3.47,0.83,-27.582793,-48.478607,9,507.82
-5.29,53148.13,29.61,5121.56,-0.45,0.16,-0.10,2.37,30.93,-1.31,-1.48,-4.29,-6.32,-27.582784,-48.478587,8,508.13
-5.27,53173.07,28.38,5118.06,-0.39,-0.22,0.65,14.92,23.76,3.59,5.42,-1.74,-4.69,-27.582775,-48.478567,10,508.40
-5.24,53198.02,29.07,5114.56,0.17,0.45,-0.56,21.97,19.14,2.28,3.83,9.43,-1.93,-27.582766,-48.478546,6,508.72
-5.22,53222.98,31.07,5111.06,-0.60,-0.20,-0.31,28.11,7.22,4.89,-3.72,4.91,7.70,-27.582757,-48.478526,8,508.94
-5.20,53247.95,28.70,5107.56,0.09,-0.13,0.10,30.68,-6.59,7.06,-8.22,-0.77,6.76,-27.582748,-48.478506,10,509.18
-5.18,53272.92,28.86,5104.06,-0.25,-0.15,-0.87,25.95,-17.65,5.41,-5.00,-5.39,1.56,-27.582739,-48.478485,7,509.40
-5.15,53297.91,28.93,5100.56,0.05,0.53,0.07,13.91,-23.22,6.93,-0.60,-6.49,-3.89,-27.582730,-48.478465,6,509.63
-5.13,53322.91,30.02,5097.06,0.70,-0.01,0.30,5.51,-25.82,11.38,4.07,2.68,-1.81,-27.582721,-48.478445,6,509.90
-5.11,53347.92,28.34,5093.56,0.24,-0.49,-0.48,-3.97,-26.93,9.20,5.07,3.34,-6.31,-27.582712,-48.478425,10,510.16
-5.09,53372.93,28.47,5090.06,-0.14,0.36,0.38,-16.09,-27.63,10.21,-0.97,8.13,2.43,-27.582703,-48.478404,8,510.38
-5.06,53397.96,29.45,5086.56,-0.08,0.62,0.08,-23.17,-17.22,8.63,-5.26,-1.48,5.88,-27.582694,-48.478384,8,510.65
-5.04,53422.99,28.72,5083.06,0.08,-0.23,0.50,-31.42,-6.81,7.22,-4.83,-5.82,7.48,-27.582685,-48.478364,10,510.88
-5.02,53448.04,30.02,5079.56,0.54,-0.42,-0.69,-30.09,5.64,5.84,-2.80,-3.76,3.13,-27.582676,-48.478344,6,511.19
-4.99,53473.09,28.58,5076.06,0.02,-0.02,0.46,-27.55,15.21,2.59,5.47,4.25,-4.63,-27.582667,-48.478323,8,511.46
-4.97,53498.15,29.44,5072.56,0.39,0.39,0.73,-15.56,25.93,2.87,8.91,6.74,-2.64,-27.582658,-48.478303,9,511.66
-4.95,53523.23,30.20,5069.06,0.30,-0.50,0.40,-9.09,29.65,4.22,3.78,2.82,-3.27,-27.582649,-48.478283,9,511.88
-4.93,53548.31,30.61,5065.56,-0.38,0.30,0.45,6.23,26.98,-3.20,-4.16,-2.59,-1.12,-27.582640,-48.478262,6,512.19
-4.90,53573.40,29.95,5062.06,-0.06,-0.02,-0.52,18.10,25.19,-4.05,-8.01,-4.08,2.88,-27.582631,-48.478242,9,512.41
-4.88,53598.50,29.06,5058.56,0.47,-0.49,-0.46,23.64,14.03,-3.43,-0.19,-2.83,3.64,-27.582622,-48.478222,7,512.72
-4.86,53623.61,29.47,5055.06,0.40,0.20,-0.38,31.07,6.12,-5.06,5.71,3.83,2.84,-27.582613,-48.478202,7,512.94
-4.84,53648.73,30.15,5051.56,1.12,0.64,0.53,27.47,-10.32,-4.97,6.77,8.82,-0.95,-27.582604,-48.478181,6,513.18
-4.81,53673.86,27.22,5048.06,0.17,0.08,0.11,20.50,-21.07,-7.79,4.08,4.67,-0.39,-27.582595,-48.478161,8,513.40
-4.79,53699.00,30.53,5044.56,-0.09,-0.27,-0.54,11.19,-24.22,-7.02,-1.16,-2.40,-3.34,-27.582586,-48.478141,7,513.69
-4.77,53724.15,28.57,5041.06,0.48,-1.03,0.06,7.07,-29.63,-8.56,-6.29,-4.56,-3.56,-27.582577,-48.478121,10,514.00
-4.74,53749.31,30.23,5037.56,0.24,-0.95,-0.04,-9.57,-26.04,-8.00,-5.59,-0.06,4.99,-27.582568,-48.478100,9,514.35
-4.72,53774.48,28.68,5034.06,-0.05,0.34,-0.32,-21.51,-21.61,-10.88,-1.17,7.77,4.64,-27.582559,-48.478080,8,514.71
-4.70,53799.66,29.87,5030.56,0.82,-0.59,0.68,-25.10,-14.17,-10.70,2.81,4.31,1.31,-27.582550,-48.478060,8,514.96
-4.68,53824.84,30.64,5027.06,-0.88,0.08,0.21,-32.15,-3.12,-7.87,5.86,-0.63,0.19,-27.582541,-48.478039,8,515.22
-4.65,53850.04,28.75,5023.56,-0.36,0.17,0.55,-30.67,13.27,-8.84,-1.55,-7.59,-9.08,-27.582532,-48.478019,9,515.43
-4.63,53875.25,28.99,5020.06,-0.21,-0.97,0.46,-20.49,20.85,-3.53,-9.03,-7.30,-1.58,-27.582523,-48.477999,8,515.68
-4.61,53900.46,29.11,5016.56,-0.71,-0.21,0.53,-15.15,28.35,-3.89,-5.32,1.96,-1.24,-27.582514,-48.477979,6,515.94
-4.58,53925.69,30.47,5013.06,0.37,-1.38,0.62,-3.64,31.85,-3.64,-0.31,9.39,5.70,-27.582505,-48.477958,10,516.32
-4.56,53950.92,29.69,5009.56,-0.59,1.17,-0.62,12.22,27.82,-0.81,-0.00,5.43,7.89,-27.582496,-48.477938,8,516.52
-4.54,53976.17,29.33,5006.06,-0.33,0.33,-0.38,24.99,18.46,6.57,3.62,-4.40,-0.35,-27.582487,-48.477918,9,516.79
-4.52,54001.42,29.45,5002.56,-1.18,-0.31,-0.45,26.96,12.06,5.59,3.28,-6.60,-0.67,-27.582478,-48.477898,9,517.07
-4.49,54026.68,30.27,4999.06,-0.86,0.24,1.08,31.94,1.80,4.99,-4.58,0.64,-7.65,-27.582469,-48.477877,10,517.35
-4.47,54051.96,29.26,4995.56,0.14,0.40,0.66,27.97,-13.96,11.71,-7.20,3.90,-2.48,-27.582460,-48.477857,6,517.55
-4.45,54077.24,28.56,4992.06,0.68,-0.28,0.97,21.24,-20.30,6.81,2.02,1.53,2.05,-27.582451,-48.477837,6,517.80
-4.43,54102.53,29.92,4988.56,0.04,-0.34,0.12,7.07,-26.85,11.63,3.17,-0.20,3.42,-27.582443,-48.477816,6,518.02
-4.40,54127.84,30.86,4985.06,-0.65,0.17,1.28,-4.53,-32.38,10.54,5.54,-2.44,5.88,-27.582434,-48.477796,6,518.29
-4.38,54153.15,30.36,4981.56,-0.08,0.17,-0.49,-15.70,-24.70,13.20,2.13,-8.99,0.34,-27.582425,-48.477776,7,518.49
-4.36,54178.47,29.05,4978.06,0.32,-0.23,-0.12,-21.31,-21.42,9.62,-4.78,-0.68,-6.70,-27.582416,-48.477756,9,518.82
-4.33,54203.80,30.20,4974.56,1.29,-0.15,0.16,-29.45,-10.33,10.65,-5.43,4.39,-5.00,-27.582407,-48.477735,8,519.08
-4.31,54229.14,30.94,4971.06,-0.39,0.25,-0.22,-30.46,2.17,8.15,-4.18,5.09,-2.85,-27.582398,-48.477715,10,519.41
-4.29,54254.49,30.27,4967.56,0.18,-0.80,0.49,-29.29,15.77,10.58,2.85,0.25,-0.51,-27.582389,-48.477695,6,519.64
-4.27,54279.85,31.21,4964.06,0.02,0.19,0.05,-20.01,23.75,2.53,5.25,-4.54,3.99,-27.582380,-48.477675,7,519.89
-4.24,54305.22,31.04,4960.56,-0.69,0.31,0.30,-8.52,27.12,1.33,1.82,-2.93,3.42,-27.582371,-48.477654,6,520.11
-4.22,54330.60,30.55,4957.06,0.05,0.08,0.73,4.80,31.07,-1.40,-0.18,-0.09,3.76,-27.582362,-48.477634,10,520.32
-4.20,54355.98,31.61,4953.56,0.12,0.60,-0.23,13.78,27.44,0.39,-6.67,7.33,-4.29,-27.582353,-48.477614,8,520.54
-4.18,54381.38,31.24,4950.06,0.25,-1.02,-0.21,22.45,18.92,-1.09,-3.76,4.14,-6.11,-27.582344,-48.477593,6,520.80
-4.15,54406.79,29.89,4946.56,-0.60,0.04,-0.37,34.54,5.64,-6.32,0.06,-1.74,-4.70,-27.582335,-48.477573,9,520.99
-4.13,54432.21,31.61,4943.06,-0.24,-0.23,-0.07,28.02,-0.76,-7.62,5.56,-6.33,-0.38,-27.582326,-48.477553,6,521.24
-4.11,54457.63,29.87,4939.56,-0.16,0.47,-0.68,26.66,-14.11,-8.40,2.06,-3.76,6.00,-27.582317,-48.477533,9,521.50
-4.08,54483.07,28.84,4936.06,-0.09,0.10,1.33,19.83,-26.52,-4.55,3.66,1.70,7.55,-27.582308,-48.477512,9,521.80
-4.06,54508.52,28.84,4932.56,0.12,-0.16,0.15,7.10,-30.22,-6.94,-3.22,4.44,3.06,-27.582299,-48.477492,7,521.99
-4.04,54533.97,30.65,4929.06,0.30,0.87,0.24,-2.71,-30.12,-8.68,-7.30,5.50,-2.87,-27.582290,-48.477472,9,522.22
-4.02,54559.44,30.02,4925.56,-0.54,-0.58,0.42,-12.52,-23.75,-8.77,-1.09,-6.70,-5.20,-27.582281,-48.477452,8,522.43
-3.99,54584.91,30.19,4922.06,0.18,0.66,1.02,-24.35,-22.52,-7.64,0.93,-6.56,-1.52,-27.582272,-48.477431,9,522.66
