Temperatura,Pressao,Umidade,Altitude,ax,ay,az,gx,gy,gz,vib_x,vib_y,vib_z,Latitude,Longitude,Tempo
31.98,101832.56,43.71,-42.17,6.12,6.32,3.82,0.088,-0.135,-0.038,5.80,-7.39,0.73,0.000000,0.000000,4.95
17.13,99485.64,43.40,154.28,4.66,3.89,7.51,-0.865,0.477,-0.192,5.80,-4.05,7.97,0.000000,0.000000,6.10
20.96,100076.28,43.35,104.49,6.00,4.91,6.45,0.671,-0.429,0.290,7.31,-4.05,7.07,0.000000,0.000000,7.25
17.72,99573.61,43.24,146.85,6.41,6.07,4.68,0.061,0.364,0.022,7.81,-5.96,3.44,0.000000,0.000000,8.40
17.15,99467.53,43.18,155.81,5.07,5.62,6.21,-0.471,0.307,-0.229,7.81,-5.01,6.61,0.000000,0.000000,9.55
17.50,99524.70,43.15,150.98,3.74,6.14,6.74,0.362,0.023,-0.182,7.31,-3.58,6.16,0.000000,0.000000,10.70
17.51,99531.94,43.10,150.37,3.11,7.83,5.33,-0.035,-0.008,-0.014,10.82,-2.15,6.61,0.000000,0.000000,11.86
17.72,99560.56,43.13,147.95,4.98,5.89,4.23,0.480,-0.856,1.071,8.81,-3.58,3.90,0.000000,0.000000,13.01
16.68,99410.66,43.10,160.62,10.92,-0.65,1.77,0.088,0.004,-0.682,1.27,-10.25,-0.18,0.000000,0.000000,14.16
18.88,99734.15,43.10,133.30,1.16,1.20,6.24,-3.736,-5.013,1.345,2.78,-2.15,5.71,0.000000,0.000000,15.31
18.22,99653.80,43.08,140.08,9.89,-0.10,2.00,-0.029,0.041,0.049,3.29,-9.78,0.73,0.000000,0.000000,16.46
14.01,98976.63,43.00,197.38,9.67,0.01,1.68,-0.012,-0.063,-0.019,2.28,-9.78,2.09,0.000000,0.000000,17.61
14.11,98990.00,42.97,196.24,9.68,0.03,1.73,-0.013,-0.061,-0.016,2.28,-7.87,1.63,0.000000,0.000000,18.76
14.42,99043.13,42.97,191.74,9.70,0.06,1.73,-0.014,-0.060,-0.014,1.78,-9.30,0.73,0.000000,0.000000,19.91
14.06,98979.07,42.94,197.17,9.64,0.05,1.72,-0.014,-0.058,-0.014,2.28,-12.16,-0.18,0.000000,0.000000,21.07
14.20,99002.44,42.92,195.19,9.66,0.07,1.72,-0.013,-0.065,-0.017,3.79,-8.82,2.09,0.000000,0.000000,22.22
14.04,98976.67,42.91,197.37,9.52,-0.02,1.67,-0.013,-0.065,-0.021,3.79,-9.30,1.18,0.000000,0.000000,23.37
14.52,99044.75,42.90,191.60,9.73,0.06,1.76,-0.011,-0.070,-0.027,3.29,-7.87,1.18,0.000000,0.000000,24.52
15.76,99247.11,42.93,174.45,9.72,0.07,1.76,-0.016,-0.047,-0.007,2.78,-8.35,-0.63,0.000000,0.000000,25.67
15.30,99165.88,42.91,181.33,9.54,-0.36,1.52,-0.006,-0.022,-0.064,1.78,-12.16,1.18,0.000000,0.000000,26.82
15.14,99150.62,42.90,182.63,9.69,0.01,1.67,-0.014,-0.057,-0.018,2.28,-11.21,1.63,0.000000,0.000000,27.97
15.00,99130.19,42.89,184.36,9.71,0.08,1.70,-0.013,-0.056,-0.013,2.78,-9.78,2.09,0.000000,0.000000,29.12
15.25,99156.19,42.87,182.15,9.67,0.02,1.65,-0.013,-0.066,-0.022,3.29,-8.82,0.28,0.000000,0.000000,30.27
15.19,99155.70,42.85,182.20,9.68,0.00,1.75,-0.011,-0.061,-0.025,2.78,-8.82,1.63,0.000000,0.000000,31.42
15.12,99134.43,42.82,184.00,9.71,0.07,1.73,-0.014,-0.060,-0.013,2.28,-8.82,0.28,0.000000,0.000000,32.57
14.70,99073.69,42.84,189.15,9.63,0.12,1.67,-0.014,-0.060,-0.014,1.78,-12.16,-0.18,0.000000,0.000000,33.73
15.20,99156.52,42.84,182.13,9.72,0.03,1.76,-0.014,-0.061,-0.016,1.78,-9.30,2.54,0.000000,0.000000,34.88
15.21,99156.44,42.83,182.13,9.69,0.05,1.73,-0.014,-0.062,-0.017,2.78,-8.35,0.73,0.000000,0.000000,36.03
15.52,99203.60,42.83,178.14,9.69,0.02,1.71,-0.013,-0.062,-0.019,3.29,-8.82,0.73,0.000000,0.000000,37.18
14.79,99159.20,42.79,187.77,9.63,0.06,1.69,-0.014,-0.063,-0.019,2.28,-8.35,-0.63,0.000000,0.000000,38.33
15.10,99130.86,42.82,184.30,9.83,-0.03,1.89,0.006,-0.185,-0.143,2.28,-11.68,-2.44,0.000000,0.000000,39.48
18.14,99610.14,42.88,143.76,-9.39,0.54,1.14,0.193,0.577,0.023,2.28,8.82,2.54,0.000000,0.000000,40.63
17.23,99464.75,42.87,156.04,-9.76,0.61,0.50,-0.239,-0.233,0.083,3.29,9.30,2.54,0.000000,0.000000,41.78
14.67,99064.58,42.85,189.92,-5.74,1.67,8.13,0.644,-0.603,0.576,4.79,5.48,11.14,0.000000,0.000000,42.93
13.51,98862.22,42.85,204.79,5.43,-1.84,8.31,0.106,-1.776,0.194,0.27,-5.96,8.88,0.000000,0.000000,44.08
16.19,99296.23,42.86,170.29,9.56,-1.54,0.07,-0.061,-0.302,-0.097,0.27,-8.82,-2.44,0.000000,0.000000,45.24
14.24,99003.53,42.84,195.10,9.54,-0.67,2.52,-0.217,0.740,0.338,0.77,-9.78,0.73,0.000000,0.000000,46.39
17.22,99456.63,42.89,156.73,7.88,-1.84,5.89,0.194,-0.032,-0.182,0.27,-8.82,5.26,0.000000,0.000000,47.54
16.52,99352.45,42.91,165.54,9.39,-1.67,2.76,-0.163,-0.234,0.025,0.77,-8.35,2.99,0.000000,0.000000,48.69
15.37,99251.00,42.87,174.12,9.99,-1.08,2.23,0.039,2.030,0.290,1.27,-8.82,2.99,0.000000,0.000000,49.84
17.18,99458.13,42.89,156.60,7.75,-1.54,7.46,0.443,-1.646,0.062,0.27,-6.92,5.26,0.000000,0.000000,50.99
16.70,99384.34,42.89,162.84,10.31,0.35,2.25,0.144,-0.445,-0.377,1.78,-12.16,2.09,0.000000,0.000000,52.14
15.99,99263.11,42.84,173.10,9.58,-0.77,0.18,-0.034,-0.021,0.042,1.78,-9.78,-1.54,0.000000,0.000000,53.29
17.66,99529.73,42.87,150.55,8.96,-1.71,3.35,0.350,-0.236,-0.172,-1.24,-7.87,3.90,0.000000,0.000000,54.44
16.23,99298.98,42.84,170.06,9.73,-1.65,0.29,0.159,-0.479,-0.178,1.27,-9.30,0.73,0.000000,0.000000,55.59
17.03,99429.40,42.84,159.03,10.12,-0.46,-0.70,0.056,-0.166,-0.163,1.78,-7.87,-1.54,0.000000,0.000000,56.75
16.89,99411.23,42.86,160.57,9.07,-0.63,0.83,0.238,-0.385,-0.131,0.77,-6.92,-1.08,0.000000,0.000000,57.90
17.68,99529.44,42.86,150.58,10.01,-1.65,0.47,0.014,0.060,-0.281,-0.23,-9.30,-1.54,0.000000,0.000000,59.05
17.77,99547.99,42.85,149.01,18.66,0.25,0.05,-0.967,1.522,-0.699,2.28,-17.88,-2.44,0.000000,0.000000,60.20
16.31,99310.14,42.82,169.12,10.47,0.99,0.77,0.207,-0.030,-0.411,2.78,-9.30,-0.63,0.000000,0.000000,61.35
14.78,99087.47,42.78,187.98,9.42,-0.62,0.29,-0.113,-0.018,-0.189,3.29,-9.30,1.18,0.000000,0.000000,62.50
17.86,99548.37,42.80,148.98,9.64,-0.69,0.97,-0.736,0.006,-0.567,-0.23,-7.39,0.73,0.000000,0.000000,63.65
17.11,99432.03,42.81,158.81,9.12,-0.55,2.77,-0.213,0.034,-0.106,0.77,-8.82,0.28,0.000000,0.000000,64.80
17.68,99529.05,42.81,150.61,9.90,0.48,1.80,0.268,-0.046,-0.006,2.28,-8.82,-0.63,0.000000,0.000000,65.95
15.45,99174.89,42.75,180.57,4.10,-1.71,8.08,-4.025,-0.046,1.503,0.27,-2.62,7.07,0.000000,0.000000,67.10
13.46,98865.40,42.70,206.82,3.87,6.71,-3.39,-3.982,-1.321,-2.916,9.32,-1.67,-2.89,0.000000,0.000000,68.26
17.02,99413.50,42.76,160.38,3.42,9.34,-4.20,-0.091,-1.192,-0.801,11.83,-1.19,-4.71,0.000000,0.000000,69.41
16.16,99284.61,42.77,171.28,-1.47,-8.25,16.23,3.528,0.163,0.164,-8.27,-2.62,18.39,0.000000,0.000000,70.56
17.08,99428.34,42.79,159.12,9.64,20.27,-20.16,7.324,-0.881,1.935,15.85,-5.48,-19.65,0.000000,0.000000,71.71
17.81,99545.34,42.79,149.23,6.45,16.11,-3.57,-4.259,-0.686,-1.909,20.37,-3.58,-7.87,0.000000,0.000000,72.86
19.56,99826.22,42.78,125.54,9.28,19.94,-9.16,-2.741,-0.147,-0.533,24.90,-5.01,-10.14,0.000000,0.000000,74.01
17.31,99473.57,42.69,155.30,4.00,5.76,5.94,-0.008,-0.358,0.516,7.81,-2.62,3.90,0.000000,0.000000,75.16
17.99,99577.80,42.64,146.49,-9.57,0.13,-0.66,-0.031,0.295,-0.159,1.27,10.25,-0.18,0.000000,0.000000,76.31
17.35,99464.11,42.64,156.10,-9.53,0.34,-0.89,-0.179,-0.023,0.530,1.78,9.78,0.73,0.000000,0.000000,77.46
16.05,99264.83,42.63,172.95,-9.29,-0.30,0.22,0.405,0.225,-0.421,2.28,9.30,3.44,0.000000,0.000000,78.61
16.30,99297.34,42.65,170.20,-9.80,0.25,-0.28,-0.353,-0.593,0.216,2.28,10.25,2.09,0.000000,0.000000,79.77
18.74,99693.02,42.68,136.77,-9.04,1.46,-1.10,-0.211,0.358,0.468,2.78,11.21,2.09,0.000000,0.000000,80.92
18.76,99699.06,42.70,136.26,-8.47,1.72,-4.21,-0.043,-0.490,0.352,3.79,9.30,-1.54,0.000000,0.000000,82.07
19.01,99732.70,42.70,133.42,-8.93,1.81,-2.96,0.117,-0.147,-0.051,3.29,10.25,-1.99,0.000000,0.000000,83.22
18.57,99665.39,42.70,139.10,-9.10,1.10,-3.08,0.344,-0.301,-0.056,2.78,9.30,-0.63,0.000000,0.000000,84.37
19.11,99753.00,42.72,131.71,-8.62,0.49,-3.67,-0.595,-0.093,-0.272,1.78,9.30,-1.08,0.000000,0.000000,85.52
17.39,99482.63,42.66,154.53,-9.47,-0.08,-2.96,-0.204,0.101,-0.042,2.28,11.21,1.18,0.000000,0.000000,86.67
20.04,99890.30,42.70,120.14,-10.06,0.22,-2.54,-0.396,0.250,-0.043,1.27,11.68,0.28,0.000000,0.000000,87.82
23.47,100437.13,42.76,74.18,-10.31,0.38,-0.62,0.218,-0.498,-0.160,0.77,12.16,-0.18,0.000000,0.000000,88.98
16.80,99404.72,42.65,161.12,-9.55,0.18,-0.77,0.202,-0.275,-0.115,1.27,8.82,-1.54,0.000000,0.000000,90.12
22.43,100267.23,42.69,88.44,-9.41,-0.00,0.48,0.027,-0.102,-0.079,0.77,10.25,2.09,0.000000,0.000000,91.27
20.29,99927.50,42.66,117.01,-9.67,-0.38,0.74,0.283,0.096,-0.035,0.77,11.21,4.35,0.000000,0.000000,92.42
19.85,99865.02,42.64,122.27,-9.75,-0.52,-0.10,-0.317,-0.095,-0.059,0.77,11.21,2.09,0.000000,0.000000,93.58
18.43,99644.17,42.61,140.89,-9.82,-0.41,-1.13,-0.157,0.480,-0.163,0.77,10.25,-1.08,0.000000,0.000000,94.73
17.98,99561.42,42.58,147.88,-9.58,1.31,-0.25,0.423,0.110,0.069,2.28,9.78,1.18,0.000000,0.000000,95.88
14.35,99010.89,42.51,194.47,-9.96,0.92,-0.74,0.046,0.050,-0.328,3.79,9.78,1.18,0.000000,0.000000,97.03
16.18,99276.75,42.48,171.94,-8.28,-4.79,0.46,0.260,-0.130,0.828,-2.75,8.82,4.35,0.000000,0.000000,98.18
22.59,100287.94,42.58,86.70,-9.80,-0.48,0.09,-0.215,-0.074,0.204,-0.23,11.68,2.99,0.000000,0.000000,99.33
18.70,99675.88,42.53,138.22,-9.51,0.43,0.53,-0.101,-0.090,0.008,1.27,11.21,0.28,0.000000,0.000000,100.48
17.01,99398.52,42.51,161.64,-9.07,0.28,1.09,-0.255,-0.105,-0.196,0.77,9.30,1.63,0.000000,0.000000,101.63
18.31,99615.75,42.52,143.29,-9.59,0.06,0.58,-0.117,-0.086,-0.043,1.27,9.30,3.44,0.000000,0.000000,102.78
18.60,99665.89,42.52,139.06,-2.60,-9.41,-1.63,0.214,-0.384,-0.712,-6.26,4.53,0.73,0.000000,0.000000,103.94
13.86,98913.45,42.44,202.74,0.13,-10.53,-0.49,-0.408,-0.311,0.127,-7.77,2.15,-0.63,0.000000,0.000000,105.09
16.55,99320.67,42.40,168.23,2.89,-8.24,-4.30,0.074,-0.235,-0.093,-6.77,-0.24,-6.97,0.000000,0.000000,106.24
17.57,99481.73,42.40,154.61,8.18,-3.84,0.67,-0.302,0.270,-0.307,-2.75,-5.96,-2.89,0.000000,0.000000,107.39
21.05,100048.69,42.51,106.81,9.10,0.66,3.24,-0.193,-0.337,-0.018,1.78,-8.82,1.63,0.000000,0.000000,108.54
18.80,99698.19,42.52,136.33,10.07,1.50,1.55,-0.081,0.053,-0.243,2.78,-9.30,1.18,0.000000,0.000000,109.69
19.50,99802.13,42.54,127.57,8.70,1.39,2.45,-0.074,-0.504,0.065,3.29,-8.35,0.28,0.000000,0.000000,110.84
17.31,99466.14,42.52,155.93,9.52,-1.15,1.25,0.128,-0.103,-0.386,1.27,-7.87,0.28,0.000000,0.000000,111.99
16.42,99326.52,42.51,167.73,9.64,0.27,1.71,-0.015,-0.050,-0.007,2.28,-8.35,-0.18,0.000000,0.000000,113.14
16.89,99392.80,42.49,162.13,9.70,0.13,1.68,-0.015,-0.053,-0.005,1.78,-11.68,0.73,0.000000,0.000000,114.29
16.04,99262.11,42.50,173.18,9.69,0.12,1.65,-0.015,-0.061,-0.011,1.78,-10.73,1.63,0.000000,0.000000,115.45
20.54,99964.25,42.56,113.91,9.79,0.27,1.63,-0.017,-0.085,0.006,1.27,-8.35,1.18,0.000000,0.000000,116.59
16.51,99336.02,42.52,166.93,9.87,0.25,1.43,-0.029,-0.044,-0.014,2.78,-7.87,-0.63,0.000000,0.000000,117.75
20.55,99973.50,42.58,113.13,9.38,-0.33,2.30,0.005,-0.077,-0.131,0.27,-7.39,1.63,0.000000,0.000000,118.90
16.63,99354.52,42.53,165.36,9.75,0.11,1.79,-0.017,-0.097,-0.008,1.78,-8.35,-0.18,0.000000,0.000000,120.05
21.71,100146.54,42.59,98.58,9.68,0.17,1.68,-0.013,-0.055,-0.017,1.78,-10.73,-0.63,0.000000,0.000000,121.20
22.28,100240.17,42.63,90.71,9.69,0.16,1.63,-0.014,-0.068,-0.012,-0.23,-8.82,0.28,0.000000,0.000000,122.35
21.69,100144.88,42.64,98.72,9.73,0.17,1.66,-0.015,-0.057,-0.003,2.28,-7.39,0.28,0.000000,0.000000,123.50
21.32,100088.38,42.64,103.47,9.79,0.02,1.65,-0.015,-0.067,-0.013,1.78,-7.39,0.73,0.000000,0.000000,124.65
21.40,100103.68,42.65,102.18,9.73,0.23,1.85,-0.004,-0.086,-0.069,0.77,-7.39,-1.99,0.000000,0.000000,125.81
21.89,100183.52,42.66,95.47,9.68,0.20,1.58,-0.015,-0.046,-0.018,1.27,-8.82,-1.54,0.000000,0.000000,126.95
21.37,100096.52,42.66,102.78,9.70,0.16,1.47,-0.015,-0.060,-0.017,0.77,-8.82,0.73,0.000000,0.000000,128.11
16.85,99397.56,42.60,161.72,9.74,-0.02,1.44,-0.017,0.021,-0.036,2.78,-7.87,-1.08,0.000000,0.000000,129.26
15.90,99230.89,42.54,175.83,9.73,0.09,1.64,-0.015,-0.053,-0.016,3.79,-7.87,1.63,0.000000,0.000000,130.41
15.91,99235.87,42.54,175.40,9.72,0.22,1.62,-0.014,-0.060,-0.016,2.28,-7.87,0.73,0.000000,0.000000,131.56
15.65,99200.91,42.54,178.36,9.71,0.17,1.61,-0.016,-0.063,-0.011,1.78,-8.35,-0.63,0.000000,0.000000,132.71
15.91,99230.51,42.53,175.86,9.68,0.15,1.64,-0.015,-0.058,-0.018,1.78,-12.16,2.09,0.000000,0.000000,133.86
15.38,99157.29,42.53,182.06,9.74,0.26,1.63,-0.014,-0.060,-0.009,2.28,-9.78,1.18,0.000000,0.000000,135.01
15.71,99195.22,42.49,177.67,9.73,0.17,1.59,-0.015,-0.060,-0.009,2.28,-8.82,1.18,0.000000,0.000000,136.16
15.21,99111.61,42.49,185.93,9.60,-0.02,1.76,-0.013,-0.066,-0.024,3.29,-8.82,2.54,0.000000,0.000000,137.31
16.22,99279.91,42.53,171.68,9.77,0.05,1.95,-0.011,-0.104,-0.030,2.78,-7.87,1.63,0.000000,0.000000,138.46
16.42,99309.08,42.52,169.21,9.52,0.57,1.73,-0.010,-0.089,-0.030,2.28,-8.35,-0.18,0.000000,0.000000,139.62
17.76,99522.99,42.56,151.12,9.66,0.21,1.60,-0.015,-0.052,-0.007,1.78,-9.30,0.28,0.000000,0.000000,140.77
17.94,99548.52,42.57,148.97,9.71,0.21,1.66,-0.012,-0.069,-0.020,1.78,-9.78,-0.18,0.000000,0.000000,141.92
18.08,99576.28,42.58,146.62,9.69,0.17,1.56,-0.016,-0.059,-0.007,3.79,-8.35,1.63,0.000000,0.000000,143.07
15.70,99204.33,42.55,178.08,9.89,0.18,1.73,-0.019,-0.074,0.011,3.79,-8.35,2.09,0.000000,0.000000,144.22
16.34,99291.48,42.54,170.70,9.72,0.15,1.68,-0.014,-0.065,-0.013,2.28,-8.35,2.09,0.000000,0.000000,145.37
16.04,99249.45,42.53,174.25,9.64,0.14,1.63,-0.011,-0.056,-0.025,2.28,-8.35,0.28,0.000000,0.000000,146.52
15.79,99207.52,42.52,177.81,9.72,0.17,1.69,-0.015,-0.063,-0.014,2.78,-10.25,-1.99,0.000000,0.000000,147.67
16.00,99243.63,42.53,174.75,9.60,0.17,1.80,-0.014,-0.082,-0.022,2.28,-8.35,-0.18,0.000000,0.000000,148.82
15.87,99232.14,42.53,175.72,9.73,0.17,1.68,-0.013,-0.060,-0.021,3.79,-10.73,1.18,0.000000,0.000000,149.97
16.25,99280.79,42.53,171.60,9.74,0.18,1.57,-0.014,-0.066,-0.019,3.29,-8.82,1.18,0.000000,0.000000,151.12
15.49,99162.84,42.51,181.59,9.66,0.11,1.69,-0.014,-0.051,-0.020,2.78,-8.35,1.63,0.000000,0.000000,152.28
16.97,99388.91,42.53,162.45,9.72,0.22,1.53,-0.014,-0.066,-0.006,1.78,-8.35,-0.18,0.000000,0.000000,153.43
16.90,99382.04,42.55,163.04,9.71,0.15,1.64,-0.011,-0.066,-0.023,1.78,-8.82,1.18,0.000000,0.000000,154.58
15.53,99168.83,42.54,181.08,9.68,0.18,1.68,-0.017,-0.067,-0.013,2.28,-8.82,0.73,0.000000,0.000000,155.73
15.80,99204.87,42.53,178.03,9.70,0.16,1.63,-0.014,-0.065,-0.024,2.28,-10.25,1.63,0.000000,0.000000,156.88
15.51,99162.14,42.53,181.65,9.84,0.01,1.73,-0.015,-0.052,-0.015,3.29,-8.35,0.28,0.000000,0.000000,158.03
17.64,99493.44,42.55,153.62,9.70,0.10,1.64,-0.015,-0.071,-0.011,2.28,-7.87,2.09,0.000000,0.000000,159.18
18.03,99550.16,42.56,148.83,9.45,0.16,1.71,-0.019,-0.040,0.006,2.78,-7.39,1.63,0.000000,0.000000,160.33
16.80,99368.72,42.56,164.16,9.70,0.04,1.75,-0.014,-0.074,-0.026,2.78,-8.82,-0.18,0.000000,0.000000,161.48
17.90,99534.55,42.58,150.14,9.75,0.18,1.55,-0.015,-0.068,-0.020,2.28,-10.25,-0.18,0.000000,0.000000,162.64
16.11,99260.44,42.56,173.32,9.74,0.11,1.60,-0.014,-0.055,-0.025,3.29,-8.82,-0.18,0.000000,0.000000,163.79
16.71,99349.90,42.55,165.75,9.69,0.20,1.63,-0.016,-0.083,-0.003,3.29,-8.82,0.73,0.000000,0.000000,164.94
16.39,99297.03,42.54,170.23,9.69,0.03,1.62,-0.016,-0.047,-0.011,3.29,-9.30,1.18,0.000000,0.000000,166.09
16.88,99378.23,42.56,163.36,9.62,0.18,1.83,-0.020,-0.029,0.016,2.78,-8.82,1.18,0.000000,0.000000,167.24
16.92,99377.69,42.55,163.40,9.77,0.01,1.58,-0.013,-0.070,-0.025,2.28,-8.35,1.18,0.000000,0.000000,168.39
15.96,99231.40,42.54,175.78,9.63,0.11,1.64,-0.014,-0.073,-0.022,2.78,-8.82,0.28,0.000000,0.000000,169.54
16.69,99339.58,42.54,166.63,9.88,-0.08,1.88,-0.002,-0.079,-0.103,2.28,-11.21,0.73,0.000000,0.000000,170.69
16.16,99261.74,42.53,173.21,9.69,0.19,1.65,-0.012,-0.059,-0.021,2.28,-11.21,-0.63,0.000000,0.000000,171.84
17.80,99536.42,42.55,149.99,9.69,0.23,1.66,-0.014,-0.045,-0.012,2.28,-9.30,-0.63,0.000000,0.000000,172.99
17.46,99462.70,42.54,156.22,9.72,0.15,1.62,-0.014,-0.063,-0.011,3.29,-8.82,2.09,0.000000,0.000000,174.14
16.39,99299.93,42.53,169.98,9.70,0.17,1.68,-0.015,-0.061,-0.019,2.78,-8.35,2.09,0.000000,0.000000,175.29
15.25,99111.72,42.51,185.92,9.75,0.09,1.59,-0.012,-0.059,-0.022,1.78,-8.35,0.28,0.000000,0.000000,176.45
15.71,99185.29,42.51,179.69,9.72,0.08,1.62,-0.015,-0.059,-0.010,1.78,-9.30,1.18,0.000000,0.000000,177.60
15.71,99184.78,42.48,179.17,9.69,0.08,1.65,-0.014,-0.063,-0.018,2.28,-10.73,1.18,0.000000,0.000000,178.75
15.62,99173.33,42.50,180.70,9.69,0.12,1.67,-0.013,-0.062,-0.017,2.28,-9.30,1.18,0.000000,0.000000,179.90
17.50,99471.17,42.54,155.50,9.71,0.06,1.68,-0.014,-0.029,-0.029,3.29,-9.30,0.28,0.000000,0.000000,181.05
15.43,99139.82,42.49,183.54,9.65,0.03,1.63,-0.014,-0.027,-0.006,4.29,-8.35,1.63,0.000000,0.000000,182.20
15.72,99184.24,42.49,179.78,9.43,0.33,2.23,0.121,-0.027,-0.024,3.29,-7.87,1.18,0.000000,0.000000,183.35
16.18,99261.57,42.54,173.23,9.67,0.39,1.93,0.013,-0.094,-0.047,2.28,-7.87,-0.63,0.000000,0.000000,184.50
16.09,99245.46,42.52,174.59,9.75,0.10,1.71,-0.010,-0.051,-0.045,2.28,-11.21,2.09,0.000000,0.000000,185.65
16.11,99253.06,42.51,173.95,9.72,0.17,1.64,-0.013,-0.056,-0.033,2.28,-9.78,-0.18,0.000000,0.000000,186.81
15.88,99213.45,42.51,177.30,9.87,0.25,1.50,-0.019,-0.027,0.003,2.78,-10.73,-0.18,0.000000,0.000000,187.96
16.13,99254.70,42.51,173.81,9.66,0.17,1.67,-0.014,-0.070,-0.019,3.79,-9.30,1.18,0.000000,0.000000,189.11
16.12,99250.44,42.50,174.17,9.68,0.13,1.73,-0.015,-0.059,-0.016,3.29,-9.30,2.09,0.000000,0.000000,190.26
16.41,99288.93,42.49,170.91,9.77,0.18,1.70,-0.016,-0.065,-0.008,3.29,-8.35,2.54,0.000000,0.000000,191.41
16.19,99257.37,42.50,173.58,9.69,0.16,1.65,-0.014,-0.067,-0.018,2.28,-8.35,-0.18,0.000000,0.000000,192.56
15.67,99171.66,42.49,180.84,9.76,0.15,1.64,-0.015,-0.046,-0.013,1.78,-11.21,1.63,0.000000,0.000000,193.71
15.52,99151.84,42.49,182.52,9.76,0.11,1.61,-0.014,-0.063,-0.021,1.78,-9.78,0.28,0.000000,0.000000,194.86
14.85,99050.83,42.50,191.08,9.65,0.18,1.71,-0.014,-0.059,-0.017,2.78,-8.82,1.63,0.000000,0.000000,196.01
16.00,99223.34,42.49,176.46,9.62,0.15,1.77,-0.014,-0.054,-0.017,2.78,-8.82,2.99,0.000000,0.000000,197.16
16.19,99255.84,42.49,173.71,9.24,0.18,3.31,-0.018,0.086,-0.006,2.78,-6.92,4.35,0.000000,0.000000,198.31
16.00,99222.35,42.47,176.55,8.65,0.19,4.62,-0.025,-0.185,0.001,3.29,-6.92,4.35,0.000000,0.000000,199.46
15.74,99184.97,42.49,179.72,7.88,0.22,6.24,0.157,0.327,0.164,2.28,-7.39,3.90,0.000000,0.000000,200.61
15.82,99205.66,42.50,177.96,8.70,-0.27,5.14,-0.198,-0.134,0.200,2.28,-8.35,4.35,0.000000,0.000000,201.77
17.17,99411.28,42.51,160.56,5.56,1.35,7.94,0.711,0.524,0.313,3.29,-6.44,7.07,0.000000,0.000000,202.91
17.45,99458.78,42.52,156.55,-1.35,0.16,9.65,-0.022,-0.060,-0.018,0.77,0.71,9.33,0.000000,0.000000,204.07
16.35,99276.20,42.48,171.99,-1.38,0.18,9.72,-0.012,-0.058,-0.016,2.28,1.67,9.78,0.000000,0.000000,205.22
16.09,99235.52,42.50,175.43,-1.43,0.28,9.67,-0.014,-0.070,-0.016,2.78,1.19,8.42,0.000000,0.000000,206.37
15.70,99179.77,42.50,180.16,-1.36,0.21,9.66,0.004,-0.057,-0.015,2.28,1.67,10.24,0.000000,0.000000,207.52
15.67,99171.70,42.52,180.84,-1.42,0.26,9.73,-0.017,-0.063,-0.016,1.78,1.19,7.97,0.000000,0.000000,208.67
15.80,99198.20,42.53,178.60,-1.37,0.22,9.69,-0.013,-0.060,-0.016,2.28,1.67,7.97,0.000000,0.000000,209.82
16.26,99264.57,42.53,172.98,-1.36,0.24,9.74,-0.014,-0.061,-0.017,2.28,-0.72,8.88,0.000000,0.000000,210.98
16.54,99307.50,42.56,169.34,-1.33,0.20,9.74,-0.015,-0.061,-0.015,0.77,-0.24,8.42,0.000000,0.000000,212.13
16.96,99377.98,42.56,163.38,-1.35,0.17,9.73,-0.015,-0.060,-0.017,2.78,0.24,10.24,0.000000,0.000000,213.28
16.84,99352.19,42.56,165.56,-1.35,0.17,9.66,-0.016,-0.060,-0.016,2.28,1.19,10.69,0.000000,0.000000,214.43
16.37,99284.81,42.58,171.26,-1.38,0.17,9.72,-0.015,-0.058,-0.015,2.78,1.67,11.59,0.000000,0.000000,215.58
16.56,99306.75,42.59,169.40,-1.36,0.19,9.75,-0.015,-0.061,-0.018,2.28,1.67,9.78,0.000000,0.000000,216.73
16.52,99302.70,42.59,169.75,-1.33,0.19,9.81,-0.015,-0.058,-0.017,2.28,1.19,10.24,0.000000,0.000000,217.88
16.33,99279.75,42.60,171.69,-1.32,0.21,9.69,-0.017,-0.060,-0.017,1.78,1.67,7.97,0.000000,0.000000,219.03
16.39,99281.57,42.58,171.54,-1.35,0.17,9.71,-0.017,-0.065,-0.017,2.28,-0.24,9.78,0.000000,0.000000,220.18
15.68,99167.31,42.58,181.21,-1.35,0.20,9.74,-0.013,-0.062,-0.016,2.28,0.24,10.69,0.000000,0.000000,221.34
15.97,99210.06,42.58,177.59,-1.39,0.18,9.74,-0.014,-0.061,-0.017,2.78,0.71,11.59,0.000000,0.000000,222.49
15.90,99207.67,42.58,177.79,-1.36,0.16,9.74,-0.015,-0.063,-0.017,3.29,1.67,9.78,0.000000,0.000000,223.64
15.85,99202.92,42.60,178.19,-1.36,0.18,9.79,-0.014,-0.059,-0.015,3.29,1.67,10.69,0.000000,0.000000,224.79
15.88,99204.13,42.59,178.09,-1.32,0.14,9.67,-0.014,-0.061,-0.016,1.78,2.15,8.88,0.000000,0.000000,225.94
15.66,99169.67,42.59,181.01,-1.31,0.13,9.66,-0.013,-0.059,-0.016,2.28,0.71,8.88,0.000000,0.000000,227.09
17.60,99465.93,42.60,155.94,-1.36,0.20,9.73,-0.014,-0.062,-0.016,2.28,-1.19,7.07,0.000000,0.000000,228.24
17.19,99400.59,42.62,161.47,-1.34,0.18,9.69,-0.013,-0.060,-0.016,1.78,-0.72,8.88,0.000000,0.000000,229.39
17.53,99459.81,42.64,156.46,-1.35,0.18,9.73,-0.015,-0.060,-0.015,3.29,-0.24,9.33,0.000000,0.000000,230.54
17.11,99388.57,42.64,162.48,-1.34,0.17,9.72,-0.013,-0.060,-0.016,2.28,2.62,9.78,0.000000,0.000000,231.69
17.27,99420.88,42.65,159.75,-1.33,0.15,9.67,-0.014,-0.061,-0.015,3.29,1.67,11.59,0.000000,0.000000,232.85
16.17,99240.28,42.62,175.03,-1.35,0.16,9.70,-0.014,-0.061,-0.017,2.28,1.67,9.33,0.000000,0.000000,233.99
16.40,99281.20,42.62,171.57,-1.36,0.18,9.71,-0.016,-0.060,-0.015,2.28,1.19,7.52,0.000000,0.000000,235.15
16.50,99296.29,42.63,170.29,-1.37,0.17,9.71,-0.014,-0.061,-0.016,2.28,1.19,8.88,0.000000,0.000000,236.30
16.24,99251.44,42.61,174.09,-1.33,0.17,9.73,-0.016,-0.060,-0.016,1.78,-0.72,10.24,0.000000,0.000000,237.45
15.50,99142.66,42.61,183.30,-1.35,0.14,9.70,-0.015,-0.061,-0.017,2.28,-0.24,7.52,0.000000,0.000000,238.60
15.56,99144.38,42.61,183.15,-1.36,0.18,9.73,-0.015,-0.059,-0.015,1.78,1.19,9.33,0.000000,0.000000,239.75
15.67,99165.70,42.61,181.35,-1.34,0.16,9.72,-0.015,-0.060,-0.017,3.79,0.71,10.24,0.000000,0.000000,240.90
15.17,99090.89,42.61,187.69,-1.29,0.20,9.65,-0.017,-0.061,-0.018,2.78,0.71,10.24,0.000000,0.000000,242.05
15.51,99133.46,42.60,184.08,-1.38,0.14,9.72,-0.014,-0.062,-0.016,3.29,1.19,10.69,0.000000,0.000000,243.20
16.65,99316.95,42.62,168.54,-1.31,0.18,9.70,-0.014,-0.059,-0.016,1.78,1.67,9.78,0.000000,0.000000,244.35
16.88,99350.00,42.62,165.75,-1.32,0.18,9.69,-0.018,-0.056,-0.017,1.78,1.19,8.88,0.000000,0.000000,245.50
16.72,99326.02,42.64,167.77,-1.31,0.16,9.66,-0.014,-0.060,-0.016,2.28,0.71,10.24,0.000000,0.000000,246.66
16.65,99318.09,42.65,168.45,-1.32,0.16,9.64,-0.017,-0.059,-0.017,2.28,-1.19,10.24,0.000000,0.000000,247.81
16.68,99321.89,42.63,168.12,-1.33,0.19,9.69,-0.015,-0.060,-0.017,3.29,0.24,9.33,0.000000,0.000000,248.96
16.73,99330.98,42.63,167.35,-1.34,0.18,9.71,-0.015,-0.060,-0.017,2.28,0.71,9.33,0.000000,0.000000,250.11
17.02,99366.70,42.62,164.33,-1.33,0.16,9.69,-0.014,-0.061,-0.017,2.78,1.19,11.59,0.000000,0.000000,251.26
16.66,99314.89,42.63,168.72,-1.35,0.17,9.71,-0.015,-0.061,-0.016,2.78,1.67,9.78,0.000000,0.000000,252.41
16.67,99320.33,42.63,168.26,-1.35,0.17,9.72,-0.014,-0.060,-0.015,2.78,1.19,8.88,0.000000,0.000000,253.56
16.54,99293.91,42.62,170.49,-1.33,0.18,9.69,-0.014,-0.060,-0.018,2.28,1.19,8.88,0.000000,0.000000,254.71
16.83,99345.37,42.64,166.14,-1.33,0.16,9.73,-0.015,-0.060,-0.016,2.78,-0.72,11.14,0.000000,0.000000,255.86
17.23,99402.31,42.64,161.32,-1.33,0.19,9.73,-0.016,-0.061,-0.016,1.78,-0.72,8.88,0.000000,0.000000,257.01
16.81,99338.29,42.63,166.74,-1.34,0.16,9.69,-0.015,-0.061,-0.017,1.78,0.24,10.24,0.000000,0.000000,258.17
16.92,99358.06,42.66,165.06,-1.34,0.16,9.67,-0.015,-0.059,-0.016,2.78,1.67,10.24,0.000000,0.000000,259.32
16.80,99333.97,42.64,167.10,-1.33,0.18,9.70,-0.015,-0.059,-0.017,2.78,3.58,10.69,0.000000,0.000000,260.47
16.70,99320.70,42.66,168.22,-1.30,0.15,9.72,-0.014,-0.060,-0.016,2.78,1.67,10.24,0.000000,0.000000,261.62
16.70,99316.61,42.65,168.57,-1.36,0.19,9.70,-0.013,-0.062,-0.015,2.78,2.15,9.33,0.000000,0.000000,262.77
18.92,99662.13,42.69,139.37,-1.36,0.19,9.72,-0.011,-0.057,-0.017,0.77,2.15,8.42,0.000000,0.000000,263.92
22.60,100244.36,42.76,90.36,6.40,6.13,-1.32,1.167,-0.293,-0.169,7.81,-5.01,-3.80,0.000000,0.000000,265.07
23.34,100359.50,42.80,80.70,8.00,3.80,-2.82,1.545,0.008,-0.006,5.30,-5.96,-4.25,0.000000,0.000000,266.22
22.29,100189.36,42.79,94.98,2.26,-4.71,7.70,0.953,0.816,-0.042,-4.25,-2.62,8.42,0.000000,0.000000,267.37
16.47,99281.53,42.71,171.54,5.83,-1.41,8.87,-0.167,-1.109,0.382,0.77,-5.96,8.42,0.000000,0.000000,268.52
16.80,99321.03,42.67,168.20,9.79,0.09,4.42,0.421,0.410,0.195,2.78,-8.82,3.90,0.000000,0.000000,269.67
14.89,99011.42,42.62,194.43,10.31,0.87,6.71,0.269,-0.099,-0.430,2.28,-9.78,6.16,0.000000,0.000000,270.83
18.42,99585.84,42.66,145.81,10.15,-3.39,0.61,-1.459,-0.221,-0.839,-2.24,-8.35,-1.99,0.000000,0.000000,271.98
17.20,99396.19,42.63,161.84,9.74,0.14,1.58,-0.010,-0.026,-0.038,1.78,-8.35,0.28,0.000000,0.000000,273.13
16.74,99325.17,42.58,167.85,9.74,0.13,1.55,-0.014,-0.063,-0.015,2.28,-11.68,2.09,0.000000,0.000000,274.28
16.19,99230.04,42.55,175.90,9.73,0.06,1.65,-0.014,-0.067,-0.019,2.28,-9.30,1.18,0.000000,0.000000,275.43
16.01,99204.45,42.56,178.07,9.85,0.16,1.57,-0.015,-0.043,-0.016,1.78,-9.78,1.18,0.000000,0.000000,276.58
16.31,99256.59,42.55,173.65,9.70,0.05,1.51,-0.015,-0.051,-0.019,3.29,-9.30,0.28,0.000000,0.000000,277.73
17.13,99380.73,42.54,163.15,9.64,0.12,1.47,-0.015,-0.063,-0.015,2.78,-9.30,1.18,0.000000,0.000000,278.88
17.63,99460.88,42.54,156.37,9.73,0.13,1.54,-0.014,-0.064,-0.011,2.28,-7.87,1.18,0.000000,0.000000,280.03
22.78,100266.88,42.60,88.47,9.11,-4.83,0.49,0.085,0.946,0.010,-3.75,-6.44,0.28,0.000000,0.000000,281.18
16.55,99283.16,42.50,171.40,8.35,-4.34,4.08,-0.135,-0.148,-0.066,-2.75,-7.39,2.54,0.000000,0.000000,282.34
16.02,99213.14,42.45,177.33,9.15,-3.80,3.22,0.145,0.145,-0.115,-1.74,-8.35,2.99,0.000000,0.000000,283.49
15.84,99171.59,42.43,180.85,8.61,-3.76,3.32,-0.178,-0.156,0.088,-1.74,-11.21,2.09,0.000000,0.000000,284.64
17.00,99357.52,42.46,165.11,8.49,-3.73,2.12,-0.191,-0.265,0.195,-2.75,-8.82,1.63,0.000000,0.000000,285.79
20.47,99896.91,42.47,119.58,6.06,-6.00,3.30,-0.818,-0.484,0.411,-4.25,-5.96,2.09,0.000000,0.000000,286.94
22.95,100291.34,42.53,86.42,7.70,-4.67,-3.86,0.013,-0.134,0.072,-4.25,-4.53,-3.80,0.000000,0.000000,288.09
20.59,99921.41,42.51,117.52,7.38,5.03,-4.23,-0.250,-0.096,-0.270,6.80,-4.05,-4.25,0.000000,0.000000,289.24
19.67,99783.26,42.50,129.16,10.04,-1.11,0.73,1.323,0.745,0.110,0.27,-8.35,-0.18,0.000000,0.000000,290.39
16.21,99230.52,42.46,175.86,9.42,-0.50,2.70,-0.159,-0.678,-0.208,1.27,-7.87,0.28,0.000000,0.000000,291.54
14.25,98922.27,42.39,201.99,9.92,-0.74,-1.48,0.058,0.434,-0.017,1.27,-8.35,-2.44,0.000000,0.000000,292.70
11.84,98545.89,42.30,233.99,8.32,-0.89,10.37,0.317,-2.274,1.266,2.28,-11.68,3.90,0.000000,0.000000,294.94
14.25,98927.28,42.39,201.57,-0.08,-75.57,16.53,-1.295,14.200,-1.023,1.78,-12.16,-1.99,0.000000,0.000000,296.23
14.50,98956.69,42.35,199.07,-0.08,-75.57,16.53,-1.295,14.200,-1.023,4.79,-10.73,15.67,0.000000,0.000000,297.52
13.60,98839.34,42.33,209.03,-0.08,-75.57,16.53,-1.295,14.200,-1.023,-0.74,-9.78,-0.63,0.000000,0.000000,298.80
18.16,99532.50,42.38,150.32,-0.08,-75.57,16.53,-1.295,14.200,-1.023,2.28,-10.25,-0.63,0.000000,0.000000,300.07
20.18,99839.09,42.41,124.45,-0.08,-75.57,16.53,-1.295,14.200,-1.023,5.80,-8.82,1.63,0.000000,0.000000,301.33
21.64,100093.59,42.46,103.03,-0.08,-75.57,16.53,-1.295,14.200,-1.023,0.27,-6.92,0.73,0.000000,0.000000,302.60
22.06,100148.43,42.48,98.42,-0.08,-75.57,16.53,-1.295,14.200,-1.023,-0.74,-10.25,-1.08,0.000000,0.000000,303.87
22.79,100268.59,42.51,88.33,-0.08,-75.57,16.53,-1.295,14.200,-1.023,-0.23,-7.39,-2.89,0.000000,0.000000,305.13
22.99,100304.48,42.52,85.31,-0.08,-75.57,16.53,-1.295,14.200,-1.023,-0.74,-8.82,-1.54,0.000000,0.000000,306.40
21.83,100111.69,42.51,101.51,-0.08,-75.57,16.53,-1.295,14.200,-1.023,0.77,-8.82,1.18,0.000000,0.000000,307.66
21.91,100128.36,42.52,100.11,-0.08,-75.57,16.53,-1.295,14.200,-1.023,1.27,-11.68,-2.44,0.000000,0.000000,308.93
18.49,99602.72,42.43,144.39,-0.08,-75.57,16.53,-1.295,14.200,-1.023,4.79,-8.82,0.73,0.000000,0.000000,310.19
16.28,99244.73,42.38,174.65,-0.08,-75.57,16.53,-1.295,14.200,-1.023,2.28,-9.78,-0.18,0.000000,0.000000,311.46
17.13,99366.59,42.35,164.34,-0.08,-75.57,16.53,-1.295,14.200,-1.023,3.29,-11.21,2.54,0.000000,0.000000,312.73
16.53,99288.02,42.35,170.99,-0.08,-75.57,16.53,-1.295,14.200,-1.023,3.79,-9.30,2.09,0.000000,0.000000,313.99
16.62,99284.18,42.32,171.31,-0.08,-75.57,16.53,-1.295,14.200,-1.023,3.29,-13.11,2.09,0.000000,0.000000,315.26
15.53,99131.79,42.32,184.22,-0.08,-75.57,16.53,-1.295,14.200,-1.023,1.78,-11.21,2.54,0.000000,0.000000,316.52
14.68,98977.22,42.28,197.33,-0.08,-75.57,16.53,-1.295,14.200,-1.023,2.78,-10.73,7.07,0.000000,0.000000,317.79
15.79,99169.42,42.29,181.03,-0.08,-75.57,16.53,-1.295,14.200,-1.023,1.78,-11.21,1.63,0.000000,0.000000,319.06
14.43,98939.77,42.24,200.51,-0.08,-75.57,16.53,-1.295,14.200,-1.023,3.79,-11.21,5.26,0.000000,0.000000,320.32
15.45,99113.57,42.26,185.77,-0.08,-75.57,16.53,-1.295,14.200,-1.023,3.29,-10.73,2.54,0.000000,0.000000,321.59
14.43,98941.00,42.24,200.40,-0.08,-75.57,16.53,-1.295,14.200,-1.023,4.29,-12.16,1.63,0.000000,0.000000,322.85
15.16,99076.13,42.24,188.94,-0.08,-75.57,16.53,-1.295,14.200,-1.023,3.79,-11.21,1.63,0.000000,0.000000,324.12
14.81,99002.36,42.26,195.20,-0.08,-75.57,16.53,-1.295,14.200,-1.023,3.29,-13.59,-1.08,0.000000,0.000000,325.39
15.88,99159.00,42.24,181.92,-0.08,-75.57,16.53,-1.295,14.200,-1.023,3.79,-11.68,2.09,0.000000,0.000000,326.65
15.10,99053.03,42.25,190.90,-0.08,-75.57,16.53,-1.295,14.200,-1.023,3.79,-10.73,0.28,0.000000,0.000000,327.92
15.14,99041.96,42.23,191.84,-0.08,-75.57,16.53,-1.295,14.200,-1.023,2.78,-10.73,2.09,0.000000,0.000000,329.18
14.99,99035.05,42.24,192.42,-0.08,-75.57,16.53,-1.295,14.200,-1.023,2.78,-11.21,1.18,0.000000,0.000000,330.45
14.93,99009.55,42.23,194.59,-0.08,-75.57,16.53,-1.295,14.200,-1.023,2.78,-10.73,-1.99,0.000000,0.000000,331.72
15.25,99078.53,42.24,188.74,-0.08,-75.57,16.53,-1.295,14.200,-1.023,4.79,-10.25,1.18,0.000000,0.000000,332.98
15.56,99116.13,42.22,185.55,-0.08,-75.57,16.53,-1.295,14.200,-1.023,3.79,-10.25,1.63,0.000000,0.000000,334.25
15.47,99115.38,42.23,185.61,-0.08,-75.57,16.53,-1.295,14.200,-1.023,2.78,-10.73,2.54,0.000000,0.000000,335.51
14.63,98959.96,42.20,198.79,-0.08,-75.57,16.53,-1.295,14.200,-1.023,1.27,-11.68,2.54,0.000000,0.000000,336.78
15.48,99115.25,42.23,185.62,-0.08,-75.57,16.53,-1.295,14.200,-1.023,3.29,-10.25,2.09,0.000000,0.000000,338.05
14.34,98912.44,42.20,202.83,-0.08,-75.57,16.53,-1.295,14.200,-1.023,2.28,-11.68,1.18,0.000000,0.000000,339.31
15.48,99110.09,42.23,186.06,-0.08,-75.57,16.53,-1.295,14.200,-1.023,3.79,-11.68,1.18,0.000000,0.000000,340.58
14.54,98945.28,42.20,200.04,-0.08,-75.57,16.53,-1.295,14.200,-1.023,2.28,-10.73,0.73,0.000000,0.000000,341.84
15.43,99103.55,42.19,186.61,-0.08,-75.57,16.53,-1.295,14.200,-1.023,2.78,-13.11,0.73,0.000000,0.000000,343.11
16.83,99350.31,42.26,165.72,-0.08,-75.57,16.53,-1.295,14.200,-1.023,4.79,-11.68,4.35,0.000000,0.000000,344.37
14.88,98992.70,42.21,196.02,-0.08,-75.57,16.53,-1.295,14.200,-1.023,1.78,-10.25,6.61,0.000000,0.000000,345.66
15.22,99073.56,42.21,189.16,-0.08,-75.57,16.53,-1.295,14.200,-1.023,2.78,-13.59,3.44,0.000000,0.000000,346.93
14.53,98940.08,42.20,200.48,-0.08,-75.57,16.53,-1.295,14.200,-1.023,4.29,-12.16,2.54,0.000000,0.000000,348.19
15.67,99142.85,42.24,183.28,-0.08,-75.57,16.53,-1.295,14.200,-1.023,3.29,-11.68,3.44,0.000000,0.000000,349.46
14.73,98974.33,42.20,197.57,-0.08,-75.57,16.53,-1.295,14.200,-1.023,1.78,-12.16,2.09,0.000000,0.000000,350.72
15.81,99164.58,42.22,181.44,-0.08,-75.57,16.53,-1.295,14.200,-1.023,2.78,-11.21,3.44,0.000000,0.000000,351.99
14.76,98981.94,42.20,196.93,-0.08,-75.57,16.53,-1.295,14.200,-1.023,3.29,-11.21,2.54,0.000000,0.000000,353.26
15.79,99159.33,42.20,183.78,-0.08,-75.57,16.53,-1.295,14.200,-1.023,2.28,-10.73,2.54,0.000000,0.000000,354.52
15.00,99023.24,42.20,193.42,-0.08,-75.57,16.53,-1.295,14.200,-1.023,3.79,-13.59,5.26,0.000000,0.000000,355.79
15.90,99153.25,42.21,182.40,-0.08,-75.57,16.53,-1.295,14.200,-1.023,2.78,-10.73,1.63,0.000000,0.000000,357.05
15.07,99038.45,42.20,192.13,-0.08,-75.57,16.53,-1.295,14.200,-1.023,3.29,-14.54,2.99,0.000000,0.000000,358.32
15.50,99090.48,42.19,187.72,-0.08,-75.57,16.53,-1.295,14.200,-1.023,3.29,-11.68,2.54,0.000000,0.000000,359.59
15.25,99067.77,42.21,189.65,-0.08,-75.57,16.53,-1.295,14.200,-1.023,1.78,-10.73,2.09,0.000000,0.000000,360.85
15.15,99035.58,42.19,192.38,-0.08,-75.57,16.53,-1.295,14.200,-1.023,2.28,-12.64,2.09,0.000000,0.000000,362.12
15.67,99135.64,42.22,183.90,-0.08,-75.57,16.53,-1.295,14.200,-1.023,1.78,-11.21,2.54,0.000000,0.000000,363.38
15.04,99015.43,42.19,194.09,-0.08,-75.57,16.53,-1.295,14.200,-1.023,2.28,-10.73,1.63,0.000000,0.000000,364.65
15.82,99161.63,42.21,181.69,-0.08,-75.57,16.53,-1.295,14.200,-1.023,1.78,-12.16,0.73,0.000000,0.000000,365.92
14.89,98993.02,42.19,195.99,-0.08,-75.57,16.53,-1.295,14.200,-1.023,4.29,-9.78,2.99,0.000000,0.000000,367.18
15.63,99129.26,42.20,184.44,-0.08,-75.57,16.53,-1.295,14.200,-1.023,2.28,-10.73,3.44,0.000000,0.000000,368.45
14.63,98955.84,42.18,199.14,-0.08,-75.57,16.53,-1.295,14.200,-1.023,3.29,-11.21,1.63,0.000000,0.000000,369.71
15.61,99126.02,42.20,184.71,-0.08,-75.57,16.53,-1.295,-28.220,2.248,2.78,-10.25,3.44,0.000000,0.000000,370.98
14.43,98926.00,42.19,201.68,-0.08,-75.57,16.53,-1.295,14.200,-1.023,2.78,-10.73,2.54,0.000000,0.000000,372.25
15.63,99107.58,42.20,186.27,-0.08,-75.57,16.53,-1.295,14.200,-1.023,3.29,-12.16,1.63,0.000000,0.000000,373.51
14.69,98969.65,42.19,197.97,-0.08,-75.57,16.53,-1.295,14.200,-1.023,2.78,-10.73,1.63,0.000000,0.000000,374.78
15.53,99092.52,42.19,187.55,-0.08,-75.57,16.53,-1.295,0.000,0.000,2.28,-10.25,5.71,0.000000,0.000000,376.04
14.85,98997.45,42.19,195.61,-0.08,-75.57,16.53,-1.295,14.200,-1.023,2.28,-10.73,2.54,0.000000,0.000000,377.31
15.38,99069.98,42.18,189.46,-0.08,-75.57,16.53,-1.295,14.200,-1.023,2.28,-11.21,1.63,0.000000,0.000000,378.58
14.81,98983.80,42.19,196.77,-0.08,-75.57,16.53,-1.295,14.200,-1.023,2.78,-11.21,5.26,0.000000,0.000000,379.84
15.11,99027.02,42.19,193.10,-0.08,-75.57,16.53,-1.295,0.000,0.000,2.78,-12.16,-0.63,0.000000,0.000000,381.11
15.40,99094.02,42.20,187.42,-0.08,-75.57,16.53,-1.295,14.200,-1.023,3.79,-10.25,4.80,0.000000,0.000000,382.37
14.93,99000.23,42.18,195.38,-0.08,-75.57,16.53,-1.295,14.200,-1.023,3.29,-10.73,-1.08,0.000000,0.000000,383.64
15.47,99103.06,42.19,186.66,-0.08,-75.57,16.53,-1.295,14.200,-1.023,2.28,-11.21,-1.08,0.000000,0.000000,384.91
14.91,98993.60,42.18,195.94,-0.08,-75.57,16.53,-1.295,14.200,-1.023,3.79,-10.73,2.54,0.000000,0.000000,386.17
15.72,99144.88,42.18,183.11,-0.08,-75.57,16.53,-1.295,14.200,-1.023,2.78,-11.21,1.18,0.000000,0.000000,387.44
14.71,98962.88,42.16,198.55,-0.08,-75.57,16.53,-1.295,14.200,-1.023,3.29,-13.11,2.99,0.000000,0.000000,388.70
15.79,99152.91,42.19,182.43,-0.08,-75.57,16.53,-1.295,14.200,-1.023,4.79,-10.73,2.54,0.000000,0.000000,389.97
14.37,98913.13,42.15,202.77,-0.08,-75.57,16.53,-1.295,14.200,-1.023,2.28,-11.21,2.09,0.000000,0.000000,391.24
15.76,99148.03,42.17,182.84,-0.08,-75.57,16.53,-1.295,14.200,-1.023,2.78,-10.25,3.44,0.000000,0.000000,392.50
14.62,98955.09,42.13,199.21,-0.08,-75.57,16.53,-1.295,14.200,-1.023,4.79,-10.25,2.09,0.000000,0.000000,393.77
14.94,98996.63,42.12,195.68,-0.08,-75.57,16.53,-1.295,14.200,-1.023,2.28,-10.73,2.09,0.000000,0.000000,395.03
14.84,98996.73,42.13,195.67,-0.08,-75.57,16.53,-1.295,14.200,-1.023,1.27,-14.07,3.90,0.000000,0.000000,396.30
15.77,99128.66,42.13,184.49,-0.08,-75.57,16.53,-1.295,14.200,-1.023,2.78,-10.73,3.44,0.000000,0.000000,397.57
15.08,99037.38,42.13,192.22,-0.08,-75.57,16.53,-1.295,14.200,-1.023,2.78,-10.73,0.28,0.000000,0.000000,398.83
15.38,99067.38,42.13,189.68,-0.08,-75.57,16.53,-1.295,14.200,-1.023,2.28,-12.16,0.73,0.000000,0.000000,400.10
15.00,99025.84,42.12,193.20,-0.08,-75.57,16.53,-1.295,14.200,-1.023,4.29,-10.73,4.35,0.000000,0.000000,401.36
14.96,99006.55,42.12,194.84,-0.08,-75.57,16.53,-1.295,14.200,-1.023,2.78,-10.25,0.28,0.000000,0.000000,402.63
15.08,99039.81,42.13,192.02,-0.08,-75.57,16.53,-1.295,14.200,-1.023,0.77,-10.25,0.73,0.000000,0.000000,403.90
14.41,98911.22,42.11,202.93,-0.08,-75.57,16.53,-1.295,14.200,-1.023,2.78,-10.73,2.99,0.000000,0.000000,405.16
15.13,99043.50,42.14,191.71,-0.08,-75.57,16.53,-1.295,14.200,-1.023,2.28,-11.21,5.26,0.000000,0.000000,406.43
14.24,98888.80,42.11,204.83,-0.08,-75.57,16.53,-1.295,14.200,-1.023,2.78,-12.16,0.28,0.000000,0.000000,407.69
15.11,99044.77,42.12,191.60,-0.08,-75.57,16.53,-1.295,14.200,-1.023,4.29,-9.78,3.44,0.000000,0.000000,408.96
14.03,98853.25,42.10,207.85,-0.08,-75.57,16.53,-1.295,14.200,-1.023,2.28,-10.25,5.71,0.000000,0.000000,410.23
14.99,99027.32,42.12,193.08,-0.08,-75.57,16.53,-1.295,14.200,-1.023,1.78,-13.11,2.99,0.000000,0.000000,411.49
13.94,98841.05,42.10,208.89,-0.08,-75.57,16.53,-1.295,14.200,-1.023,4.29,-11.21,2.09,0.000000,0.000000,412.76
14.95,99019.27,42.11,193.76,-0.08,-75.57,16.53,-1.295,14.200,-1.023,2.28,-10.25,3.44,0.000000,0.000000,414.02
13.94,98842.38,42.10,208.78,-0.08,-75.57,16.53,-1.295,14.200,-1.023,2.78,-12.16,2.09,0.000000,0.000000,415.29
14.98,99024.48,42.10,193.32,-0.08,-75.57,16.53,-1.295,14.200,-1.023,4.79,-11.21,3.90,0.000000,0.000000,416.56
13.92,98841.63,42.10,208.84,10.01,151.65,-6.79,0.000,26.189,-1.023,2.28,-10.73,1.63,0.000000,0.000000,417.82
15.14,99047.13,42.07,191.40,-0.08,-75.57,16.53,-1.295,14.200,-1.023,2.28,-12.64,4.35,0.000000,0.000000,419.09
13.99,98854.47,42.08,207.75,-0.08,-75.57,16.53,-1.295,26.189,-1.023,4.29,-12.16,2.99,0.000000,0.000000,420.35
15.12,99027.20,42.09,193.09,-0.08,-75.57,16.53,-1.295,14.200,-1.023,3.29,-10.25,2.09,0.000000,0.000000,421.62
14.19,98889.77,42.09,204.75,-0.08,-75.57,16.53,-1.295,14.200,-1.023,3.29,-14.54,2.54,0.000000,0.000000,422.89
15.20,99035.47,42.08,192.39,-0.08,-75.57,16.53,-1.295,14.200,-1.023,3.79,-12.16,0.73,0.000000,0.000000,424.15
14.37,98918.69,42.10,202.30,-0.08,-75.57,16.53,-1.295,14.200,-1.023,2.28,-10.73,3.44,0.000000,0.000000,425.42
15.01,99008.13,42.09,194.71,-0.08,-75.57,16.53,-1.295,14.200,-1.023,2.78,-11.68,2.54,0.000000,0.000000,426.68
14.57,98952.91,42.09,199.39,-0.08,-75.57,16.53,-1.295,14.200,-1.023,2.78,-13.59,4.35,0.000000,0.000000,427.95
14.68,98953.34,42.09,199.35,-0.08,-75.57,16.53,-1.295,14.200,-1.023,3.29,-9.78,2.99,0.000000,0.000000,429.21
18.62,99580.66,42.17,146.25,-0.08,-75.57,16.53,-1.295,14.200,-1.023,1.78,-8.35,0.73,0.000000,0.000000,430.48
18.41,99545.16,42.21,149.25,-0.08,-75.57,16.53,-1.295,14.200,-1.023,3.29,-9.78,-0.18,0.000000,0.000000,431.75
18.51,99570.55,42.25,147.11,-0.08,-75.57,16.53,-1.295,14.200,-1.023,2.28,-8.35,0.73,0.000000,0.000000,433.01
18.19,99518.97,42.27,151.46,-0.08,-75.57,16.53,-1.295,14.200,-1.023,1.78,-8.82,0.28,0.000000,0.000000,434.28
18.38,99547.54,42.29,149.05,-0.08,-75.57,16.53,-1.295,14.200,-1.023,2.78,-9.30,0.73,0.000000,0.000000,435.54
17.50,99408.95,42.29,160.76,-0.08,-75.57,16.53,-1.295,14.200,-1.023,2.28,-9.30,1.63,0.000000,0.000000,436.81
18.01,99486.08,42.30,154.24,-0.08,-75.57,16.53,-1.295,14.200,-1.023,2.28,-10.25,0.73,0.000000,0.000000,438.08
17.72,99448.55,42.32,157.41,-0.08,-75.57,16.53,-1.295,14.200,-1.023,3.29,-7.39,1.63,0.000000,0.000000,439.34
17.23,99366.73,42.32,164.33,-0.08,-75.57,16.53,-1.295,14.200,-1.023,1.78,-8.35,1.18,0.000000,0.000000,440.61
17.85,99459.09,42.32,156.52,-0.08,-75.57,16.53,-1.295,14.200,-1.023,2.78,-7.87,1.63,0.000000,0.000000,441.87
18.07,99503.92,42.36,152.73,-0.08,-75.57,16.53,-1.295,14.200,-1.023,3.29,-8.35,2.09,0.000000,0.000000,443.14
17.57,99426.19,42.36,159.30,-0.08,-75.57,16.53,-1.295,14.200,-1.023,2.28,-9.30,0.73,0.000000,0.000000,444.41
17.25,99373.45,42.36,163.76,-0.08,-75.57,16.53,-1.295,14.200,-1.023,2.28,-9.30,1.63,0.000000,0.000000,445.67
18.08,99498.94,42.38,153.15,-0.08,-75.57,16.53,-1.295,14.200,-1.023,1.78,-9.30,-1.08,0.000000,0.000000,446.94
18.00,99488.38,42.39,154.05,-0.08,-75.57,16.53,-1.295,14.200,-1.023,1.78,-10.25,1.63,0.000000,0.000000,448.20
17.57,99430.44,42.39,158.94,-0.08,-75.57,16.53,-1.295,14.200,-1.023,3.29,-8.35,0.73,0.000000,0.000000,449.47
17.96,99478.61,42.40,154.87,-0.08,-75.57,16.53,-1.295,14.200,-1.023,2.28,-12.16,0.28,0.000000,0.000000,450.74
18.51,99572.75,42.43,146.92,-0.08,-75.57,16.53,-1.295,14.200,-1.023,2.78,-7.39,0.28,0.000000,0.000000,452.00
18.31,99537.63,42.43,149.88,-0.08,-75.57,16.53,-1.295,14.200,-1.023,2.28,-8.82,-1.99,0.000000,0.000000,453.27
18.12,99530.30,42.40,150.50,-0.08,-75.57,16.53,-1.295,14.200,-1.023,2.78,-9.78,1.63,0.000000,0.000000,454.53
18.67,99593.97,42.45,145.13,-0.08,-75.57,16.53,-1.295,14.200,-1.023,2.28,-7.39,2.09,0.000000,0.000000,455.80
18.84,99623.03,42.46,142.67,-0.08,-75.57,16.53,-1.295,14.200,-1.023,2.78,-11.21,-0.18,0.000000,0.000000,457.07
18.57,99586.01,42.48,145.80,-0.08,-75.57,16.53,-1.295,14.200,-1.023,3.29,-9.30,0.73,0.000000,0.000000,458.33
14.21,98891.76,42.38,204.58,-0.08,-75.57,16.53,-1.295,14.200,-1.023,2.78,-10.73,2.09,0.000000,0.000000,459.60
15.09,99049.25,42.37,191.22,-0.08,-75.57,16.53,-1.295,14.200,-1.023,2.78,-11.68,2.09,0.000000,0.000000,460.86
14.14,98880.77,42.32,205.52,-0.08,0.01,0.18,0.000,0.000,0.000,3.29,-11.68,1.18,0.000000,0.000000,462.12
15.24,99067.45,42.33,189.67,-0.08,-75.57,16.53,-1.295,14.200,-1.023,2.78,-11.21,1.63,0.000000,0.000000,463.40
14.08,98869.33,42.30,206.49,-0.08,-75.57,16.53,-1.295,14.200,-1.023,2.28,-11.68,2.54,0.000000,0.000000,464.66
15.26,99067.98,42.27,189.68,-0.08,-75.57,16.53,-1.295,14.200,-1.023,-0.23,-11.68,3.44,0.000000,0.000000,465.93
14.19,98892.77,42.33,204.50,-0.08,-75.57,16.53,-1.295,14.200,-1.023,3.79,-11.68,2.09,0.000000,0.000000,467.19
15.23,99044.14,42.32,191.65,-0.08,0.01,0.18,0.000,0.000,0.000,2.78,-11.21,1.18,0.000000,0.000000,468.45
14.38,98920.75,42.31,202.12,-0.08,-75.57,16.53,-1.295,14.200,-1.023,2.78,-12.16,2.99,0.000000,0.000000,469.73
15.12,99029.11,42.31,192.93,-0.08,-75.57,16.53,-1.295,0.000,0.000,3.29,-9.78,2.99,0.000000,0.000000,470.99
14.63,98961.86,42.32,198.63,-0.08,-75.57,16.53,-1.295,14.200,-1.023,2.28,-11.21,2.54,0.000000,0.000000,472.26
14.90,98992.63,42.31,196.02,-0.08,-75.57,16.53,-1.295,13.190,2.248,2.78,-10.73,4.35,0.000000,0.000000,473.52
14.75,98985.05,42.32,196.66,-0.08,-75.57,16.53,-1.295,14.200,-1.023,2.28,-10.73,2.54,0.000000,0.000000,474.79
14.76,98969.54,42.30,197.98,-0.08,-75.57,16.53,-1.295,14.200,-1.023,3.29,-10.73,2.09,0.000000,0.000000,476.06
14.90,99010.61,42.31,194.50,-0.08,-75.57,16.53,-1.295,14.200,-1.023,4.29,-11.21,2.09,0.000000,0.000000,477.32
14.51,98932.13,42.27,201.16,-0.08,-75.57,16.53,0.000,0.000,0.000,3.29,-10.25,1.63,0.000000,0.000000,478.59
15.10,99045.16,42.30,191.57,-0.08,-75.57,16.53,-1.295,14.200,-1.023,2.28,-11.21,1.63,0.000000,0.000000,479.85
14.34,98901.63,42.28,203.74,-0.08,-75.57,16.53,-1.295,14.200,-1.023,2.28,-13.59,2.54,0.000000,0.000000,481.12
15.27,99070.13,42.30,189.45,-0.08,-75.57,16.53,-1.295,14.200,-1.023,5.30,-12.16,3.44,0.000000,0.000000,482.39
14.19,98880.97,42.29,205.50,-0.08,-75.57,16.53,-1.295,14.200,-1.023,2.28,-11.21,2.09,0.000000,0.000000,483.65
15.20,99058.20,42.28,190.46,-0.08,-75.57,16.53,-1.295,14.200,-1.023,1.78,-13.11,3.90,0.000000,0.000000,484.92
14.14,98872.63,42.27,206.21,-0.08,-75.57,16.53,-1.295,14.200,-1.023,5.30,-10.73,3.90,0.000000,0.000000,486.18
15.34,99079.08,42.29,188.69,-0.08,-75.57,16.53,-1.295,14.200,-1.023,2.78,-11.68,5.71,0.000000,0.000000,487.45
14.06,98860.75,42.25,207.22,-0.08,-75.57,16.53,-1.295,0.000,0.000,3.29,-11.68,0.28,0.000000,0.000000,488.71
15.27,99019.22,42.27,189.94,-0.08,-75.57,16.53,-1.295,14.200,-1.023,3.79,-13.11,3.44,0.000000,0.000000,489.98
14.23,98890.52,42.22,204.69,-0.08,-75.57,16.53,-1.295,14.200,-1.023,3.79,-10.25,2.09,0.000000,0.000000,491.25
15.28,99053.25,42.22,190.88,-0.08,-75.57,16.53,-1.295,14.200,-1.023,2.28,-13.59,2.99,0.000000,0.000000,492.51
14.40,98920.16,42.22,202.17,-0.08,-75.57,16.53,-1.295,14.200,-1.023,2.78,-10.25,0.73,0.000000,0.000000,493.78
15.10,99017.05,42.21,193.95,-0.08,-75.57,16.53,-1.295,14.200,-1.023,2.78,-11.68,2.09,0.000000,0.000000,495.05
14.48,98933.13,42.23,201.07,-0.08,-75.57,16.53,-1.295,14.200,-1.023,2.28,-11.21,5.26,0.000000,0.000000,496.31
14.87,98981.45,42.21,196.97,-0.08,-75.57,16.53,-1.295,-28.220,2.248,3.79,-12.64,2.09,0.000000,0.000000,497.58
14.67,98963.28,42.22,198.51,10.01,151.65,-6.79,0.000,0.000,0.000,4.79,-10.73,2.54,0.000000,0.000000,498.84
14.72,98955.90,42.21,199.14,-0.08,-75.57,16.53,-1.295,14.200,-1.023,3.29,-11.21,2.09,0.000000,0.000000,500.11
14.97,99015.40,42.22,194.09,-0.08,-75.57,16.53,-1.295,14.200,-1.023,2.28,-10.73,3.90,0.000000,0.000000,501.38
14.47,98920.12,42.19,202.17,-0.08,0.01,0.18,0.000,0.000,0.000,4.29,-11.68,2.54,0.000000,0.000000,502.64
15.03,99025.11,42.21,193.27,-0.08,-75.57,16.53,-1.295,0.000,0.000,2.28,-11.68,2.09,0.000000,0.000000,503.91
14.33,98896.92,42.19,204.14,-0.08,-75.57,16.53,-1.295,14.200,-1.023,2.28,-11.68,3.90,0.000000,0.000000,505.17
15.14,99041.96,42.20,191.84,-0.08,-75.57,16.53,-1.295,14.200,-1.023,4.79,-12.16,3.90,0.000000,0.000000,506.44
14.13,98864.92,42.17,206.86,-0.08,-75.57,16.53,-1.295,14.200,-1.023,1.78,-10.73,1.18,0.000000,0.000000,507.70
15.07,99029.70,42.20,192.88,-0.08,-75.57,16.53,-1.295,14.200,-1.023,2.28,-15.02,3.90,0.000000,0.000000,508.97
14.09,98860.51,42.17,207.24,-0.08,-75.57,16.53,-1.295,-28.220,2.248,3.79,-11.21,1.63,0.000000,0.000000,510.24
15.20,99050.97,42.17,191.07,-0.08,-75.57,16.53,-1.295,14.200,-1.023,1.78,-10.25,2.54,0.000000,0.000000,511.50
14.06,98854.23,42.14,207.77,-0.08,-75.57,16.53,-1.295,0.000,0.000,2.78,-12.64,1.63,0.000000,0.000000,512.77
15.15,99041.50,42.16,191.88,-0.08,-75.57,16.53,-1.295,14.200,-1.023,1.27,-13.11,2.99,0.000000,0.000000,514.03
14.07,98858.38,42.13,207.42,-0.08,-75.57,16.53,-1.295,14.200,-1.023,3.29,-10.73,1.63,0.000000,0.000000,515.30
15.20,99051.92,42.15,191.39,-0.08,-75.57,16.53,-1.295,14.200,-1.023,2.28,-11.21,-1.08,0.000000,0.000000,516.57
14.22,98886.81,42.13,205.00,-0.08,-75.57,16.53,-1.295,13.190,2.248,3.79,-11.21,2.54,0.000000,0.000000,517.83
15.29,99045.13,42.11,191.57,-0.08,-75.57,16.53,-1.295,0.000,0.000,3.79,-9.30,2.54,0.000000,0.000000,519.10
14.34,98906.92,42.12,203.30,-0.08,-75.57,16.53,-1.295,14.200,-1.023,2.28,-10.73,3.44,0.000000,0.000000,520.36
15.20,99033.77,42.10,192.53,-0.08,-75.57,16.53,-1.295,14.200,-1.023,2.28,-11.21,0.73,0.000000,0.000000,521.63
14.56,98943.29,42.09,200.21,-0.08,-75.57,16.53,-1.295,14.200,-1.023,1.78,-11.68,1.63,0.000000,0.000000,522.90
14.98,98998.27,42.09,195.54,-0.08,-75.57,16.53,-1.295,14.200,-1.023,2.78,-11.68,3.90,0.000000,0.000000,524.16
14.59,98952.38,42.10,199.44,-0.08,-75.57,16.53,-1.295,14.200,-1.023,2.28,-13.59,1.63,0.000000,0.000000,525.43
14.79,98967.46,42.07,198.16,-0.08,-75.57,16.53,-1.295,14.200,-1.023,1.78,-11.21,3.44,0.000000,0.000000,526.69
14.74,98975.75,42.09,197.45,-0.08,-75.57,16.53,-1.295,0.000,0.000,2.78,-11.21,6.16,0.000000,0.000000,527.96
14.72,98955.00,42.06,199.21,-0.08,-75.57,16.53,-1.295,14.200,-1.023,3.29,-11.68,1.63,0.000000,0.000000,529.23
14.87,98997.02,42.06,195.65,-0.08,-75.57,16.53,-1.295,13.190,2.248,0.27,-11.68,3.44,0.000000,0.000000,530.49
14.48,98919.81,42.04,202.20,-0.08,-75.57,16.53,-1.295,14.200,-1.023,3.79,-10.73,2.99,0.000000,0.000000,531.76
15.02,99019.00,42.06,193.78,-0.08,-75.57,16.53,-1.295,14.200,-1.023,1.27,-14.54,6.61,0.000000,0.000000,533.02
14.28,98889.88,42.05,204.74,-0.08,-75.57,16.53,-1.295,14.200,-1.023,2.28,-11.68,3.90,0.000000,0.000000,534.29
15.18,99045.52,42.06,191.53,-0.08,-75.57,16.53,-1.295,14.200,-1.023,2.28,-10.73,2.54,0.000000,0.000000,535.56
14.22,98876.95,42.03,205.84,10.01,151.65,-6.79,0.000,0.000,0.000,2.78,-11.21,1.63,0.000000,0.000000,536.82
15.23,99052.97,42.07,190.90,-0.08,-75.57,16.53,-1.295,14.200,-1.023,0.77,-15.02,4.80,0.000000,0.000000,538.09
14.12,98860.88,42.04,207.20,-0.08,-75.57,16.53,-1.295,14.200,-1.023,2.78,-11.21,3.44,0.000000,0.000000,539.35
15.18,99046.78,42.05,191.43,-0.08,-75.57,16.53,-1.295,14.200,-1.023,2.78,-11.21,1.18,0.000000,0.000000,540.62
14.01,98844.15,42.05,208.63,10.01,151.65,-6.79,0.000,0.000,0.000,2.78,-12.16,0.73,0.000000,0.000000,541.88
15.20,99047.37,42.06,191.38,-0.08,127.41,16.53,-1.295,26.189,-1.023,3.29,-11.68,1.63,0.000000,0.000000,543.15
14.00,98843.84,42.04,208.65,-0.08,-75.57,16.53,-1.295,13.190,2.248,3.29,-11.21,2.09,0.000000,0.000000,544.42
15.17,99042.38,42.05,191.80,-0.08,-75.57,16.53,-1.295,-28.220,2.248,2.28,-13.59,4.35,0.000000,0.000000,545.68
14.04,98851.77,42.04,207.98,-0.08,-75.57,16.53,-1.295,14.200,-1.023,3.79,-11.21,2.09,0.000000,0.000000,546.95
15.25,99057.21,42.03,190.54,-0.08,-75.57,16.53,-1.295,14.200,-1.023,3.29,-10.73,2.54,0.000000,0.000000,548.22
14.23,98883.47,42.04,205.29,-0.08,-75.57,16.53,-1.295,14.200,-1.023,2.28,-11.68,6.16,0.000000,0.000000,549.48
15.27,99040.00,42.03,192.00,-0.08,-75.57,16.53,-1.295,14.200,-1.023,3.29,-12.16,4.35,0.000000,0.000000,550.75
14.37,98906.70,42.03,203.31,10.01,151.65,-6.79,0.000,0.000,0.000,3.29,-11.68,3.44,0.000000,0.000000,552.01
15.21,99028.82,42.04,192.95,-0.08,-75.57,16.53,-1.295,14.200,-1.023,2.28,-10.73,4.35,0.000000,0.000000,553.28
14.53,98936.42,42.04,200.79,-0.08,-75.57,16.53,-1.295,14.200,-1.023,3.79,-11.68,2.09,0.000000,0.000000,554.55
15.02,99001.28,42.03,195.29,-0.08,-75.57,16.53,-1.295,14.200,-1.023,3.79,-10.25,2.54,0.000000,0.000000,555.81
14.60,98950.67,42.04,199.58,-0.08,-75.57,16.53,-1.295,0.000,0.000,2.28,-11.21,1.63,0.000000,0.000000,557.08
14.79,98964.39,42.04,198.42,-0.08,-75.57,16.53,-1.295,0.000,0.000,2.78,-13.11,3.90,0.000000,0.000000,558.34
14.73,98970.91,42.04,197.86,-0.08,-75.57,16.53,-1.295,14.200,-1.023,4.79,-11.68,1.18,0.000000,0.000000,559.61
14.64,98939.51,42.05,200.53,-0.08,-75.57,16.53,-1.295,14.200,-1.023,2.78,-11.21,2.54,0.000000,0.000000,560.88
14.86,98990.56,42.06,196.20,-0.08,-75.57,16.53,-1.295,14.200,-1.023,2.78,-12.16,0.73,0.000000,0.000000,562.14
14.46,98912.89,42.04,202.79,-0.08,-75.57,16.53,-1.295,0.000,0.000,0.77,-13.11,2.99,0.000000,0.000000,563.41
15.11,99032.61,42.06,192.63,-0.08,-75.57,16.53,-1.295,14.200,-1.023,3.29,-11.68,2.09,0.000000,0.000000,564.67
14.31,98888.25,42.04,204.88,-0.08,-75.57,16.53,-1.295,14.200,-1.023,2.28,-14.54,2.99,0.000000,0.000000,565.94
15.18,99045.95,42.05,191.50,-0.08,-75.57,16.53,-1.295,-28.220,2.248,3.29,-11.21,3.44,0.000000,0.000000,567.21
14.19,98870.83,42.04,206.36,-0.08,-75.57,16.53,-1.295,14.200,-1.023,4.79,-9.78,2.54,0.000000,0.000000,568.47
15.16,99041.69,42.06,191.86,10.01,151.65,-6.79,0.000,0.000,0.000,2.78,-11.21,0.73,0.000000,0.000000,569.73
14.10,98855.33,42.04,207.68,-0.08,-75.57,16.53,-1.295,13.190,2.248,1.78,-11.21,0.73,0.000000,0.000000,571.00
15.20,99045.27,42.07,191.56,-0.08,-75.57,16.53,-1.295,26.189,-1.023,4.29,-8.82,2.09,0.000000,0.000000,572.27
14.01,98843.56,42.04,208.68,-0.08,-75.57,16.53,-1.295,14.200,-1.023,2.78,-10.73,0.73,0.000000,0.000000,573.54
15.19,99045.56,42.06,191.53,-0.08,-75.57,16.53,-1.295,14.200,-1.023,2.28,-11.68,2.54,0.000000,0.000000,574.80
13.97,98838.27,42.04,209.13,-0.08,-75.57,16.53,-1.295,14.200,-1.023,3.79,-10.73,2.09,0.000000,0.000000,576.07
15.16,99036.95,42.04,192.26,-0.08,-75.57,16.53,-1.295,14.200,-1.023,3.79,-10.73,2.54,0.000000,0.000000,577.33
13.96,98837.39,42.02,209.20,-0.08,-75.57,16.53,-1.295,0.000,0.000,2.78,-10.73,-0.18,0.000000,0.000000,578.60
15.15,99035.53,42.03,192.38,-0.08,-75.57,16.53,-1.295,14.200,-1.023,3.29,-12.16,2.09,0.000000,0.000000,579.87
14.20,98879.23,42.03,205.65,-0.08,-75.57,16.53,-1.295,14.200,-1.023,2.78,-10.25,1.18,0.000000,0.000000,581.13
15.26,99035.02,42.02,192.43,10.01,151.65,-6.79,0.000,0.000,0.000,2.78,-11.21,3.90,0.000000,0.000000,582.39
14.34,98903.93,42.02,203.55,-0.08,-75.57,16.53,-1.295,13.190,2.248,4.29,-10.25,2.54,0.000000,0.000000,583.66
15.17,99021.38,42.01,193.58,-0.08,-75.57,16.53,-1.295,14.200,-1.023,4.29,-11.68,2.09,0.000000,0.000000,584.93
14.44,98920.12,42.02,202.17,-0.08,-75.57,16.53,-1.295,14.200,-1.023,3.29,-12.16,6.61,0.000000,0.000000,586.20
15.12,99016.64,42.00,193.98,-0.08,-75.57,16.53,-1.295,13.190,2.248,3.29,-11.68,1.63,0.000000,0.000000,587.46
14.59,98943.06,42.01,200.23,-0.08,-75.57,16.53,-1.295,14.200,-1.023,2.28,-10.73,1.18,0.000000,0.000000,588.73
14.90,98982.06,42.00,196.92,-0.08,-75.57,16.53,-1.295,0.000,0.000,2.28,-11.68,3.90,0.000000,0.000000,589.99
14.78,98978.07,42.01,197.26,-0.08,-75.57,16.53,-1.295,14.200,-1.023,1.78,-13.11,2.99,0.000000,0.000000,591.26
14.78,98960.75,42.00,198.73,-0.08,-75.57,16.53,-1.295,14.200,-1.023,2.78,-11.68,2.09,0.000000,0.000000,592.52
14.87,98990.92,41.99,196.17,-0.08,-75.57,16.53,-1.295,14.200,-1.023,2.78,-11.21,2.54,0.000000,0.000000,593.79
14.61,98931.14,41.99,201.24,-0.08,-75.57,16.53,-1.295,14.200,-1.023,2.28,-10.25,1.18,0.000000,0.000000,595.06
15.02,99017.08,42.00,193.95,-0.08,-75.57,16.53,-1.295,14.200,-1.023,2.78,-12.16,1.18,0.000000,0.000000,596.32
14.41,98903.97,42.00,203.55,-0.08,-75.57,16.53,-1.295,14.200,-1.023,2.78,-11.21,1.63,0.000000,0.000000,597.59
15.16,99038.86,42.01,192.10,-0.08,-75.57,16.53,-1.295,14.200,-1.023,2.28,-10.25,-0.18,0.000000,0.000000,598.86
14.23,98876.81,42.00,205.85,-0.08,-75.57,16.53,-1.295,14.200,-1.023,2.78,-12.64,2.54,0.000000,0.000000,600.12
15.11,99031.62,42.04,192.71,-0.08,-75.57,16.53,-1.295,14.200,-1.023,1.78,-11.21,2.99,0.000000,0.000000,601.39
14.14,98861.55,41.99,207.15,10.01,151.65,-6.79,0.000,0.000,0.000,3.29,-9.78,1.18,0.000000,0.000000,602.65
15.09,99026.05,42.02,193.19,10.01,151.65,-6.79,0.000,0.000,0.000,2.28,-11.21,2.99,0.000000,0.000000,603.92
13.98,98837.22,42.00,209.21,-0.08,-75.57,16.53,-1.295,14.200,-1.023,1.78,-11.68,3.90,0.000000,0.000000,605.18
15.19,99039.52,42.02,192.04,-0.08,-75.57,16.53,-1.295,14.200,-1.023,3.29,-10.73,2.54,0.000000,0.000000,606.45
13.92,98826.56,41.99,210.12,-0.08,-75.57,16.53,-1.295,14.200,-1.023,2.28,-10.73,1.63,0.000000,0.000000,607.75
15.10,99027.38,42.04,193.07,-0.08,-75.57,16.53,-1.295,0.272,0.000,2.28,-15.02,4.80,0.000000,0.000000,608.98
13.87,98822.86,42.01,210.43,-0.08,-75.57,16.53,-1.295,14.200,-1.023,3.79,-10.73,1.63,0.000000,0.000000,610.25
15.05,99019.97,41.99,193.70,-0.08,0.01,0.18,0.000,0.000,0.000,3.29,-11.68,0.28,0.000000,0.000000,611.51
13.94,98834.16,42.01,209.47,-0.08,-75.57,16.53,-1.295,14.200,-1.023,2.78,-10.73,1.18,0.000000,0.000000,612.78
15.17,99020.00,42.01,193.70,-0.08,-75.57,16.53,-1.295,13.190,2.248,3.79,-11.21,1.63,0.000000,0.000000,614.05
14.17,98870.50,42.01,206.39,-0.08,-75.57,16.53,-1.295,14.200,-1.023,3.29,-8.35,2.54,0.000000,0.000000,615.31
15.16,99019.27,42.01,193.76,-0.08,-75.57,16.53,-1.295,14.200,-1.023,2.28,-10.73,1.63,0.000000,0.000000,616.58
14.27,98890.18,42.02,204.72,-0.08,-75.57,16.53,-1.295,-28.220,2.248,2.78,-15.02,2.99,0.000000,0.000000,617.84
15.01,98996.23,42.02,195.72,-0.08,-75.57,16.53,-1.295,14.200,-1.023,3.29,-10.25,1.63,0.000000,0.000000,619.11
14.47,98921.33,42.03,202.07,-0.08,-75.57,16.53,-1.295,14.200,-1.023,3.29,-11.21,4.35,0.000000,0.000000,620.38
14.83,98967.78,42.03,198.13,-0.08,-75.57,16.53,-1.295,14.200,-1.023,2.78,-13.59,4.80,0.000000,0.000000,621.64
14.60,98944.44,42.04,200.11,-0.08,-75.57,16.53,-1.295,0.000,0.000,3.29,-12.16,2.54,0.000000,0.000000,622.91
14.71,98949.95,42.03,199.64,-0.08,-75.57,16.53,-1.295,14.200,-1.023,2.78,-10.25,2.54,0.000000,0.000000,624.17
14.85,98988.52,42.05,196.37,-0.08,-75.57,16.53,-1.295,14.200,-1.023,2.78,-10.73,3.44,0.000000,0.000000,625.44
14.68,98943.52,42.06,200.19,-0.08,-75.57,16.53,-1.295,14.200,-1.023,3.29,-14.07,3.44,0.000000,0.000000,626.71
14.97,99004.84,42.06,194.99,-0.08,-75.57,16.53,-1.295,14.200,-1.023,1.78,-11.21,3.44,0.000000,0.000000,627.97
14.37,98895.41,42.03,204.27,-0.08,-75.57,16.53,-1.295,14.200,-1.023,2.78,-11.21,3.44,0.000000,0.000000,629.24
15.08,99024.95,42.06,193.28,-0.08,-75.57,16.53,-1.295,0.000,0.000,3.29,-12.16,2.54,0.000000,0.000000,630.50
14.16,98863.61,42.02,206.97,-0.08,-75.57,16.53,-1.295,14.200,-1.023,3.79,-12.16,2.54,0.000000,0.000000,631.77
15.12,99031.88,42.06,192.69,-0.08,-75.57,0.18,0.000,0.000,0.000,1.78,-10.25,1.18,0.000000,0.000000,633.03
14.09,98852.15,42.01,207.95,-0.08,-75.57,16.53,-1.295,14.200,-1.023,2.78,-11.21,0.73,0.000000,0.000000,634.30
15.10,99027.64,42.05,193.05,-0.08,-75.57,16.53,-1.295,14.200,-1.023,3.79,-12.64,1.63,0.000000,0.000000,635.57
13.99,98834.88,42.02,209.41,-0.08,-75.57,16.53,-1.295,14.200,-1.023,4.79,-11.68,2.54,0.000000,0.000000,636.83
15.20,99041.44,42.05,191.88,-0.08,-75.57,16.53,-1.295,14.200,-1.023,2.28,-11.68,6.16,0.000000,0.000000,638.10
13.99,98839.27,42.01,209.04,-0.08,-75.57,16.53,-1.295,14.200,-1.023,2.78,-14.07,5.26,0.000000,0.000000,639.37
15.14,99032.13,42.04,192.67,-0.08,-75.57,16.53,-1.295,0.000,0.000,3.29,-11.68,1.18,0.000000,0.000000,640.63
13.98,98837.39,42.01,209.20,-0.08,-75.57,16.53,-1.295,14.200,-1.023,3.29,-9.78,1.18,0.000000,0.000000,641.90
15.11,99010.00,42.03,192.98,-0.08,-75.57,16.53,-1.295,-28.220,2.248,2.28,-11.21,2.54,0.000000,0.000000,643.16
14.12,98860.48,42.00,207.24,-0.08,-75.57,16.53,-1.295,14.200,-1.023,5.30,-12.64,2.09,0.000000,0.000000,644.43
15.30,99039.81,42.01,192.02,-0.08,-75.57,16.53,-1.295,14.200,-1.023,4.79,-7.87,2.99,0.000000,0.000000,645.69
14.27,98888.09,42.00,204.89,-0.08,-75.57,16.53,-1.295,14.200,-1.023,2.28,-10.25,4.35,0.000000,0.000000,646.96
15.23,99025.81,41.98,193.21,-0.08,-75.57,16.53,-1.295,14.200,-1.023,2.78,-12.64,1.63,0.000000,0.000000,648.23
14.50,98924.73,41.99,201.78,-0.08,-75.57,16.53,-1.295,14.200,-1.023,3.79,-11.21,1.18,0.000000,0.000000,649.49
15.26,99045.89,42.00,191.50,-0.08,-75.57,16.53,-1.295,14.200,-1.023,2.78,-10.73,1.18,0.000000,0.000000,650.76
14.65,98951.28,42.02,199.53,-0.08,-75.57,16.53,-1.295,14.200,-1.023,2.78,-11.21,2.09,0.000000,0.000000,652.03
14.92,98982.66,42.00,196.87,-0.08,-75.57,16.53,-1.295,14.200,-1.023,3.29,-12.16,1.63,0.000000,0.000000,653.29
14.81,98980.38,42.00,197.06,-0.08,-75.57,16.53,-1.295,0.000,0.000,3.79,-11.68,2.09,0.000000,0.000000,654.56
14.74,98953.73,42.01,199.32,-0.08,-75.57,16.53,-1.295,0.000,0.000,1.78,-11.21,1.18,0.000000,0.000000,655.82
14.83,98986.09,42.00,196.58,-0.08,-75.57,16.53,-1.295,14.200,-1.023,3.29,-12.64,2.09,0.000000,0.000000,657.09
14.49,98915.93,41.98,202.53,-0.08,-75.57,16.53,-1.295,14.200,-1.023,3.29,-11.68,2.99,0.000000,0.000000,658.36
15.14,99033.13,42.02,192.59,-0.08,-75.57,16.53,-1.295,14.200,-1.023,2.78,-11.21,0.28,0.000000,0.000000,659.62
14.42,98901.94,41.99,203.72,-0.08,-75.57,16.53,-1.295,0.000,0.000,2.28,-10.73,1.18,0.000000,0.000000,660.89
15.28,99058.48,42.02,190.44,-0.08,-75.57,16.53,-1.295,0.000,0.000,2.78,-11.21,1.63,0.000000,0.000000,662.15
14.14,98859.58,42.00,207.32,-0.08,-75.57,16.53,-1.295,14.200,-1.023,2.78,-10.73,1.18,0.000000,0.000000,663.42
15.17,99038.41,42.02,192.14,-0.08,-75.57,16.53,-1.295,14.200,-1.023,2.78,-11.68,4.80,0.000000,0.000000,664.69
13.38,98739.96,41.97,217.48,-0.08,-75.57,16.53,-1.295,14.200,-1.023,3.29,-13.59,2.09,0.000000,0.000000,665.95
15.10,99025.22,42.00,193.26,-0.08,-75.57,16.53,-1.295,14.200,-1.023,3.29,-11.21,3.44,0.000000,0.000000,667.22
13.94,98828.32,41.97,209.97,10.01,151.65,-6.79,0.000,0.000,0.000,2.28,-10.73,0.73,0.000000,0.000000,668.48
15.22,99043.77,41.99,191.68,-0.08,-75.57,16.53,-1.295,14.200,-1.023,1.78,-11.21,1.18,0.000000,0.000000,669.75
13.89,98820.92,41.97,210.60,-0.08,0.01,0.18,0.000,0.000,0.000,2.28,-10.73,1.63,0.000000,0.000000,671.01
15.12,99026.13,41.99,193.18,-0.08,-75.57,16.53,-1.295,14.200,-1.023,1.78,-10.73,2.54,0.000000,0.000000,672.28
14.27,98882.80,41.97,205.34,-0.08,-75.57,16.53,-1.295,13.190,2.248,2.28,-11.21,3.44,0.000000,0.000000,673.55
15.21,99026.09,41.96,193.18,-0.08,-75.57,16.53,-1.295,14.200,-1.023,4.29,-11.21,4.35,0.000000,0.000000,674.81
14.32,98895.45,41.96,204.27,-0.08,-75.57,16.53,-1.295,14.200,-1.023,2.28,-11.21,1.63,0.000000,0.000000,676.08
15.21,99025.46,41.96,193.24,-0.08,-75.57,16.53,-1.295,14.200,-1.023,2.28,-10.73,-2.44,0.000000,0.000000,677.35
14.50,98924.96,41.97,201.76,-0.08,-75.57,16.53,-1.295,14.200,-1.023,2.78,-10.73,2.54,0.000000,0.000000,678.61
15.03,98998.36,41.94,195.53,-0.08,-75.57,16.53,-1.295,14.200,-1.023,2.78,-10.73,2.09,0.000000,0.000000,679.88
14.92,98994.95,41.96,195.82,-0.08,-75.57,16.53,-1.295,14.200,-1.023,3.29,-10.73,2.99,0.000000,0.000000,681.14
14.71,98944.30,41.93,200.12,-0.08,-75.57,16.53,-1.295,14.200,-1.023,2.78,-13.11,1.63,0.000000,0.000000,682.41
15.16,99034.22,41.95,192.49,-0.08,-75.57,16.53,-1.295,14.200,-1.023,2.78,-12.16,0.73,0.000000,0.000000,683.67
14.81,98962.92,41.94,198.54,-0.08,-75.57,16.53,-1.295,14.200,-1.023,3.29,-10.25,3.44,0.000000,0.000000,684.94
14.94,99001.37,41.95,195.28,-0.08,-75.57,16.53,-1.295,0.000,0.000,2.28,-11.21,4.35,0.000000,0.000000,686.20
14.50,98915.81,41.92,202.54,10.01,151.65,-6.79,0.000,-28.220,2.248,2.28,-13.59,2.54,0.000000,0.000000,687.47
15.13,99031.16,41.94,192.75,-0.08,-75.57,16.53,-1.295,14.200,-1.023,3.29,-12.64,0.73,0.000000,0.000000,688.74
14.08,98847.78,41.92,208.32,-0.08,-75.57,16.53,-1.295,14.200,-1.023,2.78,-10.73,3.44,0.000000,0.000000,690.00
14.89,98994.10,41.94,195.90,-0.08,-75.57,16.53,-1.295,14.200,-1.023,3.29,-13.59,2.99,0.000000,0.000000,691.27
13.97,98832.02,41.92,209.66,-0.08,-75.57,16.53,-1.295,14.200,-1.023,3.79,-12.16,1.18,0.000000,0.000000,692.54
14.81,98978.41,41.94,197.23,-0.08,-75.57,16.53,-1.295,14.200,-1.023,2.78,-12.16,4.35,0.000000,0.000000,693.80
14.04,98842.86,41.90,208.74,-0.08,-75.57,16.53,-1.295,14.200,-1.023,2.28,-10.73,2.99,0.000000,0.000000,695.07
15.04,99012.86,41.93,194.30,-0.08,-75.57,16.53,-1.295,14.200,-1.023,2.78,-13.11,2.99,0.000000,0.000000,696.33
13.81,98807.30,41.91,211.76,-0.08,-75.57,16.53,-1.295,14.200,-1.023,3.29,-10.73,1.63,0.000000,0.000000,697.60
15.02,99010.94,41.93,194.47,-0.08,-75.57,16.53,-1.295,14.200,-1.023,2.78,-11.68,2.99,0.000000,0.000000,698.87
13.90,98823.44,41.91,210.39,-0.08,-75.57,16.53,-1.295,14.200,-1.023,2.28,-11.21,2.09,0.000000,0.000000,700.13
15.03,99008.86,41.93,194.22,-0.08,-75.57,16.53,-1.295,14.200,-1.023,3.29,-12.64,0.73,0.000000,0.000000,701.40
13.83,98815.84,41.89,211.03,-0.08,-75.57,16.53,-1.295,14.200,-1.023,3.29,-10.73,2.09,0.000000,0.000000,702.66
15.00,98989.72,41.90,196.27,-0.08,-75.57,16.53,-1.295,14.200,-1.023,2.78,-11.21,5.71,0.000000,0.000000,703.93
13.97,98838.50,41.90,209.11,-0.08,-75.57,16.53,-1.295,14.200,-1.023,2.28,-13.11,2.99,0.000000,0.000000,705.20
14.99,98988.01,41.89,196.41,-0.08,-75.57,16.53,-1.295,14.200,-1.023,3.79,-11.68,2.54,0.000000,0.000000,706.46
14.21,98878.69,41.90,205.69,-0.08,-75.57,16.53,-1.295,14.200,-1.023,3.29,-10.73,2.54,0.000000,0.000000,707.73
15.09,99005.94,41.88,194.89,-0.08,-75.57,16.53,-1.295,13.190,2.248,2.78,-11.68,0.73,0.000000,0.000000,708.99
14.47,98922.49,41.89,201.97,-0.08,-75.57,16.53,-1.295,14.200,-1.023,1.78,-12.64,4.35,0.000000,0.000000,710.26
14.86,98967.95,41.88,198.12,-0.08,-75.57,16.53,-1.295,14.200,-1.023,2.78,-12.64,2.54,0.000000,0.000000,711.53
14.72,98963.70,41.89,198.48,-0.08,-75.57,16.53,-1.295,14.200,-1.023,1.78,-10.25,4.35,0.000000,0.000000,712.79
14.74,98951.56,41.87,199.51,-0.08,0.01,0.18,0.000,0.000,0.000,2.28,-11.21,4.35,0.000000,0.000000,714.05
15.11,99027.99,41.90,193.02,-0.08,0.01,0.18,0.000,0.000,0.000,2.78,-11.68,2.09,0.000000,0.000000,715.32
14.72,98947.84,41.88,199.82,-0.08,-75.57,16.53,-1.295,14.200,-1.023,3.79,-10.25,4.35,0.000000,0.000000,716.59
15.20,99040.70,41.89,191.94,-0.08,-75.57,16.53,-1.295,14.200,-1.023,2.78,-10.73,5.26,0.000000,0.000000,717.86
14.18,98863.37,41.87,206.99,-0.08,-75.57,16.53,-1.295,14.200,-1.023,2.78,-13.11,3.44,0.000000,0.000000,719.12
15.43,99078.05,41.88,188.78,-0.08,-75.57,16.53,-1.295,14.200,-1.023,1.78,-11.68,3.90,0.000000,0.000000,720.39
14.32,98884.59,41.86,205.19,10.01,151.65,-6.79,0.000,0.000,0.000,2.78,-10.73,0.28,0.000000,0.000000,721.65
14.99,99007.31,41.85,194.78,-0.08,-75.57,16.53,-1.295,13.190,2.248,2.78,-13.59,2.54,0.000000,0.000000,722.92
13.97,98830.59,41.85,209.78,10.01,151.65,-6.79,0.000,0.000,0.000,0.27,-9.78,2.54,0.000000,0.000000,724.18
15.20,99039.70,41.87,192.03,-0.08,-75.57,16.53,-1.295,14.200,-1.023,3.79,-11.21,2.54,0.000000,0.000000,725.45
14.06,98845.92,41.85,208.48,-0.08,-75.57,16.53,-1.295,14.200,-1.023,2.78,-10.73,3.44,0.000000,0.000000,726.72
15.36,99064.48,41.86,189.93,-0.08,-75.57,16.53,-1.295,14.200,-1.023,3.29,-11.21,1.18,0.000000,0.000000,727.98
13.96,98831.88,41.85,209.67,-0.08,-75.57,16.53,-1.295,14.200,-1.023,2.78,-11.21,2.99,0.000000,0.000000,729.25
15.08,99020.12,41.87,193.74,-0.08,-75.57,16.53,-1.295,0.000,0.000,3.29,-11.68,2.99,0.000000,0.000000,730.51
14.02,98843.44,41.86,208.69,-0.08,-75.57,16.53,-1.295,14.200,-1.023,2.78,-10.73,2.09,0.000000,0.000000,731.78
15.13,99009.59,41.87,194.58,-0.08,-75.57,16.53,-1.295,14.200,-1.023,3.29,-14.07,2.54,0.000000,0.000000,733.05
14.31,98889.34,41.86,204.79,-0.08,-75.57,16.53,-1.295,-28.220,2.248,6.30,-11.68,1.63,0.000000,0.000000,734.31
15.17,99014.24,41.86,194.19,-0.08,-75.57,16.53,-1.295,14.200,-1.023,2.28,-10.73,-0.18,0.000000,0.000000,735.58
14.50,98923.66,41.87,201.87,-0.08,-75.57,16.53,-1.295,14.200,-1.023,2.78,-13.59,0.28,0.000000,0.000000,736.85
14.88,98971.38,41.86,197.82,-0.08,-75.57,16.53,-1.295,14.200,-1.023,3.79,-8.82,1.63,0.000000,0.000000,738.11
14.65,98949.61,41.90,199.67,10.01,151.65,-6.79,0.000,0.000,0.000,2.28,-10.73,0.28,0.000000,0.000000,739.37
14.95,98981.79,41.88,196.94,-0.08,-75.57,16.53,-1.295,14.200,-1.023,2.78,-15.02,0.73,0.000000,0.000000,740.64
14.66,98951.42,41.90,199.52,10.01,151.65,-6.79,0.000,0.000,0.000,3.79,-11.68,3.44,0.000000,0.000000,741.91
14.72,98947.72,41.88,199.83,-0.08,-75.57,16.53,-1.295,14.200,-1.023,3.29,-10.25,1.63,0.000000,0.000000,743.18
14.84,98972.16,41.90,197.76,-0.08,-75.57,16.53,-1.295,14.200,-1.023,2.78,-10.73,2.09,0.000000,0.000000,744.44
15.33,99042.19,41.93,191.82,-0.08,-75.57,16.53,-1.295,14.200,-1.023,9.82,-8.35,2.99,0.000000,0.000000,745.71
22.67,100206.59,42.06,93.53,-0.08,-75.57,16.53,-1.295,14.200,-1.023,8.31,-4.05,5.71,0.000000,0.000000,746.97
20.51,99868.41,42.10,121.98,-0.08,-75.57,16.53,-1.295,14.200,-1.023,6.80,-7.39,4.80,0.000000,0.000000,748.24
20.43,99843.16,42.12,124.11,-0.08,-75.57,16.53,-1.295,14.200,-1.023,7.31,-7.87,4.80,0.000000,0.000000,749.50
21.46,100027.08,42.16,108.63,-0.08,-75.57,16.53,-1.295,14.200,-1.023,9.32,-5.96,4.80,0.000000,0.000000,750.77
20.34,99840.86,42.18,124.30,-0.08,-75.57,16.53,-1.295,14.200,-1.023,9.82,-5.01,5.71,0.000000,0.000000,752.04
21.03,99945.28,42.18,115.51,-0.08,-75.57,16.53,-1.295,14.200,-1.023,10.32,-5.48,-1.99,0.000000,0.000000,753.30
21.66,100058.91,42.22,105.95,-0.08,-75.57,16.53,-1.295,14.200,-1.023,10.32,-6.44,-0.63,0.000000,0.000000,754.57
19.42,99693.03,42.20,136.77,-0.08,-75.57,16.53,-1.295,14.200,-1.023,6.80,-6.92,-6.52,0.000000,0.000000,755.83
20.57,99873.35,42.22,121.57,-0.08,-75.57,16.53,-1.295,14.200,-1.023,5.30,-7.39,-4.25,0.000000,0.000000,757.10
18.31,99532.03,42.20,150.36,-0.08,-75.57,16.53,-1.295,14.200,-1.023,4.29,-9.78,2.99,0.000000,0.000000,758.37
15.98,99148.28,42.15,182.82,-0.08,-75.57,16.53,-1.295,14.200,-1.023,2.78,-7.87,6.61,0.000000,0.000000,759.63
14.75,98973.23,42.15,197.67,-0.08,-75.57,16.53,-1.295,14.200,-1.023,-0.74,-11.21,11.14,0.000000,0.000000,760.92
15.16,99025.70,42.13,193.22,-0.08,-75.57,16.53,-1.295,14.200,-1.023,4.29,-9.30,7.07,0.000000,0.000000,762.18
15.87,99130.43,42.13,184.34,-0.08,-75.57,16.53,-1.295,14.200,-1.023,1.78,-8.82,6.61,0.000000,0.000000,763.47
16.12,99185.52,42.16,179.67,-0.08,-75.57,16.53,-1.295,14.200,-1.023,1.78,-9.78,7.97,0.000000,0.000000,764.74
14.11,98855.11,42.12,207.69,-0.08,-75.57,16.53,-1.295,14.200,-1.023,2.78,-9.78,7.52,0.000000,0.000000,766.00
15.26,99048.83,42.14,191.25,-0.08,-75.57,16.53,-1.295,14.200,-1.023,3.29,-8.82,18.39,0.000000,0.000000,767.29
12.76,98656.88,42.08,224.55,-0.08,-75.57,16.53,-1.295,14.200,-1.023,5.30,-10.73,8.42,0.000000,0.000000,768.58
16.39,99214.78,42.12,177.19,-0.08,-75.57,16.53,-1.295,14.200,-1.023,0.77,-10.25,8.88,0.000000,0.000000,769.84
17.54,99405.68,42.14,161.04,-0.08,-75.57,16.53,-1.295,14.200,-1.023,6.30,-7.39,7.97,0.000000,0.000000,771.11
17.66,99414.56,42.14,160.29,-0.08,-75.57,16.53,-1.295,14.200,-1.023,8.81,-3.58,7.97,0.000000,0.000000,772.37
18.24,99502.09,42.14,152.89,-0.08,-75.57,16.53,-1.295,14.200,-1.023,7.81,-5.01,6.16,0.000000,0.000000,773.64
18.83,99608.27,42.15,143.92,-0.08,-75.57,16.53,-1.295,14.200,-1.023,9.32,-4.05,6.61,0.000000,0.000000,774.90
17.29,99352.89,42.15,165.50,-0.08,-75.57,16.53,-1.295,14.200,-1.023,8.81,-4.53,8.88,0.000000,0.000000,776.17
18.88,99583.21,42.14,146.04,-0.08,-75.57,16.53,-1.295,14.200,-1.023,0.27,-9.78,6.16,0.000000,0.000000,777.44
16.11,99179.04,42.13,180.22,-0.08,-75.57,16.53,-1.295,14.200,-1.023,-3.75,-10.25,6.16,0.000000,0.000000,778.70
14.53,98915.84,42.09,202.54,-0.08,-75.57,16.53,-1.295,14.200,-1.023,-2.24,-10.25,3.44,0.000000,0.000000,779.97
13.78,98806.75,42.07,211.80,-0.08,-75.57,16.53,-1.295,14.200,-1.023,-3.25,-9.78,0.73,0.000000,0.000000,781.23
15.71,99101.58,42.08,186.78,-0.08,-75.57,16.53,-1.295,14.200,-1.023,2.78,-7.39,7.52,0.000000,0.000000,782.50
17.86,99450.16,42.12,157.28,-0.08,-75.57,16.53,-1.295,14.200,-1.023,1.27,-3.10,12.50,0.000000,0.000000,783.77
16.22,99182.30,42.10,179.94,-0.08,-75.57,16.53,-1.295,14.200,-1.023,3.79,-5.96,11.14,0.000000,0.000000,785.03
16.10,99176.42,42.10,180.44,-0.08,-75.57,16.53,-1.295,14.200,-1.023,3.79,-10.73,7.07,0.000000,0.000000,786.30
13.28,98719.38,42.04,219.23,-0.08,-75.57,16.53,-1.295,14.200,-1.023,-3.75,-8.82,5.26,0.000000,0.000000,787.56
13.40,98751.02,42.01,216.54,-0.08,-75.57,16.53,-1.295,14.200,-1.023,-4.76,-5.01,6.16,0.000000,0.000000,788.83
11.66,98457.47,41.96,241.52,-0.08,-75.57,16.53,-1.295,14.200,-1.023,-3.75,-8.35,3.90,0.000000,0.000000,790.10
16.49,99234.27,42.03,175.54,-0.08,-75.57,16.53,-1.295,14.200,-1.023,3.29,-12.16,2.54,0.000000,0.000000,791.36
15.35,99046.74,42.04,191.43,-0.08,-75.57,16.53,-1.295,14.200,-1.023,3.79,-11.21,3.90,0.000000,0.000000,792.63
15.12,99024.80,42.05,193.29,-0.08,-75.57,16.53,-1.295,14.200,-1.023,2.28,-10.73,3.44,0.000000,0.000000,793.89
14.21,98870.20,42.03,206.41,-0.08,-75.57,16.53,-1.295,14.200,-1.023,2.78,-13.11,2.09,0.000000,0.000000,795.16
15.66,99103.64,42.02,186.13,-0.08,-75.57,16.53,-1.295,14.200,-1.023,2.78,-11.68,3.44,0.000000,0.000000,796.43
14.89,98978.45,42.04,197.22,-0.08,-75.57,16.53,-1.295,14.200,-1.023,2.28,-11.21,6.61,0.000000,0.000000,797.69
15.69,99097.67,42.05,187.11,-0.08,-75.57,16.53,-1.295,14.200,-1.023,1.78,-13.59,1.63,0.000000,0.000000,798.96
14.78,98963.18,42.04,198.52,-0.08,-75.57,16.53,-1.295,14.200,-1.023,4.29,-9.78,0.28,0.000000,0.000000,800.22
15.42,99053.16,42.04,190.89,-0.08,-75.57,16.53,-1.295,14.200,-1.023,2.78,-10.25,2.09,0.000000,0.000000,801.49
15.03,99004.95,42.06,194.98,-0.08,-75.57,16.53,-1.295,14.200,-1.023,2.28,-14.54,4.35,0.000000,0.000000,802.76
15.23,99022.64,42.06,193.48,-0.08,-75.57,16.53,-1.295,14.200,-1.023,3.29,-11.21,2.99,0.000000,0.000000,804.02
15.33,99053.61,42.07,190.85,-0.08,-75.57,16.53,-1.295,14.200,-1.023,4.29,-9.78,1.63,0.000000,0.000000,805.29
15.10,99003.56,42.06,195.09,-0.08,-75.57,16.53,-1.295,14.200,-1.023,2.28,-10.73,3.90,0.000000,0.000000,806.55
15.52,99086.40,42.08,188.07,-0.08,-75.57,16.53,-1.295,14.200,-1.023,2.28,-12.16,-0.18,0.000000,0.000000,807.82
14.88,98968.98,42.07,198.03,-0.08,-75.57,16.53,-1.295,14.200,-1.023,3.79,-11.21,2.99,0.000000,0.000000,809.09
15.66,99110.89,42.10,185.99,-0.08,-75.57,16.53,-1.295,14.200,-1.023,3.29,-11.21,6.16,0.000000,0.000000,810.35
14.66,98935.84,42.09,200.84,-0.08,-75.57,16.53,-1.295,14.200,-1.023,2.28,-11.21,0.28,0.000000,0.000000,811.62
15.66,99107.95,42.11,186.24,-0.08,-75.57,16.53,-1.295,14.200,-1.023,3.29,-9.78,2.54,0.000000,0.000000,812.88
14.60,98927.30,42.11,201.57,-0.08,-75.57,16.53,-1.295,14.200,-1.023,2.78,-9.78,2.54,0.000000,0.000000,814.15
15.64,99100.16,42.12,186.90,-0.08,-75.57,16.53,-1.295,14.200,-1.023,2.78,-11.68,4.35,0.000000,0.000000,815.42
14.57,98927.19,42.12,201.57,-0.08,-75.57,16.53,-1.295,14.200,-1.023,2.78,-11.68,2.09,0.000000,0.000000,816.68
15.77,99106.39,42.11,186.37,-0.08,-75.57,16.53,-1.295,14.200,-1.023,4.79,-10.25,1.63,0.000000,0.000000,817.95
14.95,98989.12,42.13,196.32,-0.08,-75.57,16.53,-1.295,14.200,-1.023,2.28,-11.21,2.99,0.000000,0.000000,819.21
15.65,99086.52,42.13,188.06,-0.08,-75.57,16.53,-1.295,14.200,-1.023,2.28,-11.21,1.63,0.000000,0.000000,820.48
15.17,99025.31,42.14,193.25,-0.08,-75.57,16.53,-1.295,14.200,-1.023,1.27,-11.21,2.09,0.000000,0.000000,821.74
15.37,99044.80,42.14,191.60,-0.08,-75.57,16.53,-1.295,14.200,-1.023,2.78,-10.73,3.44,0.000000,0.000000,823.01
15.43,99069.24,42.14,189.52,-0.08,-75.57,16.53,-1.295,14.200,-1.023,2.28,-12.16,2.09,0.000000,0.000000,824.28
15.06,98995.27,42.13,195.80,-0.08,-75.57,16.53,-1.295,14.200,-1.023,3.29,-12.16,2.99,0.000000,0.000000,825.54
15.57,99093.86,42.13,187.44,-0.08,-75.57,16.53,-1.295,14.200,-1.023,3.29,-9.78,1.63,0.000000,0.000000,826.81
14.88,98967.91,42.11,198.12,-0.08,-75.57,16.53,-1.295,14.200,-1.023,2.28,-13.59,0.73,0.000000,0.000000,828.08
15.63,99100.10,42.14,186.91,-0.08,-75.57,16.53,-1.295,14.200,-1.023,2.28,-10.73,2.54,0.000000,0.000000,829.34
14.65,98930.83,42.12,201.27,-0.08,-75.57,16.53,-1.295,14.200,-1.023,3.29,-10.25,1.63,0.000000,0.000000,830.61
15.62,99097.63,42.14,187.12,-0.08,-75.57,16.53,-1.295,14.200,-1.023,2.28,-10.73,2.09,0.000000,0.000000,831.87
14.62,98927.45,42.11,201.55,-0.08,-75.57,16.53,-1.295,14.200,-1.023,2.28,-13.11,5.26,0.000000,0.000000,833.14
15.64,99100.08,42.15,186.91,-0.08,-75.57,16.53,-1.295,14.200,-1.023,3.29,-9.78,3.90,0.000000,0.000000,834.40
14.71,98946.39,42.11,199.94,-0.08,-75.57,16.53,-1.295,14.200,-1.023,2.78,-11.21,4.80,0.000000,0.000000,835.67
15.77,99104.14,42.10,186.56,-0.08,-75.57,16.53,-1.295,14.200,-1.023,1.78,-11.68,1.18,0.000000,0.000000,836.94
14.95,98987.26,42.12,196.48,-0.08,-75.57,16.53,-1.295,14.200,-1.023,4.79,-11.21,2.54,0.000000,0.000000,838.20
15.61,99079.48,42.12,188.66,-0.08,-75.57,16.53,-1.295,14.200,-1.023,2.28,-11.21,2.54,0.000000,0.000000,839.47
15.17,99024.97,42.12,193.28,-0.08,-75.57,16.53,-1.295,14.200,-1.023,2.78,-12.16,1.18,0.000000,0.000000,840.74
15.31,99032.28,42.12,192.66,-0.08,-75.57,16.53,-1.295,14.200,-1.023,3.29,-10.73,1.18,0.000000,0.000000,842.00
15.30,99048.41,42.12,191.29,-0.08,-75.57,16.53,-1.295,14.200,-1.023,4.79,-11.21,2.54,0.000000,0.000000,843.27
15.18,99012.36,42.10,194.35,-0.08,-75.57,16.53,-1.295,14.200,-1.023,2.28,-11.21,2.54,0.000000,0.000000,844.53
15.53,99084.68,42.11,188.21,-0.08,-75.57,16.53,-1.295,14.200,-1.023,2.28,-13.11,1.63,0.000000,0.000000,845.80
14.82,98957.47,42.09,199.00,-0.08,-75.57,16.53,-1.295,14.200,-1.023,2.28,-10.73,1.18,0.000000,0.000000,847.06
15.63,99100.18,42.12,186.90,-0.08,-75.57,16.53,-1.295,14.200,-1.023,1.78,-10.73,5.71,0.000000,0.000000,848.33
14.56,98915.23,42.09,202.59,-0.08,-75.57,16.53,-1.295,14.200,-1.023,1.27,-12.64,2.54,0.000000,0.000000,849.60
15.60,99096.54,42.11,187.21,-0.08,-75.57,16.53,-1.295,14.200,-1.023,4.29,-9.78,1.63,0.000000,0.000000,850.86
14.48,98905.59,42.09,203.41,-0.08,-75.57,16.53,-1.295,14.200,-1.023,2.78,-9.78,1.63,0.000000,0.000000,852.13
15.56,99087.05,42.11,188.01,-0.08,-75.57,16.53,-1.295,14.200,-1.023,2.78,-10.25,-0.63,0.000000,0.000000,853.40
14.50,98912.58,42.09,202.81,-0.08,-75.57,16.53,-1.295,14.200,-1.023,1.78,-11.68,1.18,0.000000,0.000000,854.66
15.65,99083.39,42.09,188.32,-0.08,-75.57,16.53,-1.295,14.200,-1.023,3.79,-10.73,2.99,0.000000,0.000000,855.93
14.80,98959.88,42.10,198.80,-0.08,-75.57,16.53,-1.295,14.200,-1.023,2.28,-10.25,2.09,0.000000,0.000000,857.19
15.60,99076.53,42.09,188.90,-0.08,-75.57,16.53,-1.295,14.200,-1.023,2.78,-12.64,2.54,0.000000,0.000000,858.46
15.03,98998.56,42.09,195.52,-0.08,-75.57,16.53,-1.295,14.200,-1.023,3.79,-10.25,0.73,0.000000,0.000000,859.72
15.35,99037.41,42.09,192.22,-0.08,-75.57,16.53,-1.295,14.200,-1.023,2.28,-10.25,2.09,0.000000,0.000000,860.99
15.31,99044.78,42.11,191.60,-0.08,-75.57,16.53,-1.295,14.200,-1.023,2.28,-11.21,2.09,0.000000,0.000000,862.26
15.19,99013.27,42.11,194.27,-0.08,-75.57,16.53,-1.295,14.200,-1.023,2.28,-12.16,2.99,0.000000,0.000000,863.52
15.47,99070.86,42.11,189.39,-0.08,-75.57,16.53,-1.295,14.200,-1.023,4.29,-10.25,1.63,0.000000,0.000000,864.79
15.04,98989.11,42.12,196.32,-0.08,-75.57,16.53,-1.295,14.200,-1.023,2.28,-11.21,2.54,0.000000,0.000000,866.05
15.75,99116.83,42.14,185.49,-0.08,-75.57,16.53,-1.295,14.200,-1.023,3.29,-12.16,1.18,0.000000,0.000000,867.32
14.72,98941.31,42.11,200.38,-0.08,-75.57,16.53,-1.295,14.200,-1.023,4.79,-9.30,3.44,0.000000,0.000000,868.59
15.68,99105.47,42.15,186.45,-0.08,-75.57,16.53,-1.295,14.200,-1.023,2.28,-10.73,2.09,0.000000,0.000000,869.85
14.65,98929.39,42.11,201.39,-0.08,-75.57,16.53,-1.295,14.200,-1.023,2.78,-12.16,0.73,0.000000,0.000000,871.12
15.68,99106.28,42.13,186.38,-0.08,-75.57,16.53,-1.295,14.200,-1.023,1.78,-10.25,0.73,0.000000,0.000000,872.38
14.62,98928.09,42.11,201.50,-0.08,-75.57,16.53,-1.295,14.200,-1.023,2.28,-10.73,5.26,0.000000,0.000000,873.65
15.73,99094.47,42.13,187.38,-0.08,-75.57,16.53,-1.295,14.200,-1.023,2.28,-13.59,0.73,0.000000,0.000000,874.92
14.87,98968.46,42.13,198.07,-0.08,-75.57,16.53,-1.295,14.200,-1.023,3.79,-11.68,2.54,0.000000,0.000000,876.18
15.63,99080.67,42.13,188.55,-0.08,-75.57,16.53,-1.295,14.200,-1.023,3.29,-10.73,1.63,0.000000,0.000000,877.45
15.07,99002.11,42.13,195.22,-0.08,-75.57,16.53,-1.295,14.200,-1.023,2.28,-13.11,2.99,0.000000,0.000000,878.71
15.52,99061.22,42.12,190.20,-0.08,-75.57,16.53,-1.295,14.200,-1.023,1.78,-12.64,5.26,0.000000,0.000000,879.98
15.36,99050.05,42.14,191.15,-0.08,-75.57,16.53,-1.295,14.200,-1.023,3.29,-10.73,2.54,0.000000,0.000000,881.25
15.25,99018.91,42.14,193.79,-0.08,-75.57,16.53,-1.295,14.200,-1.023,1.78,-10.25,-2.44,0.000000,0.000000,882.51
15.54,99080.39,42.13,188.58,-0.08,-75.57,16.53,-1.295,14.200,-1.023,2.28,-12.16,1.63,0.000000,0.000000,883.78
15.04,98987.38,42.11,196.47,-0.08,-75.57,16.53,-1.295,14.200,-1.023,3.29,-9.78,1.18,0.000000,0.000000,885.04
15.72,99111.39,42.13,185.95,-0.08,-75.57,16.53,-1.295,14.200,-1.023,2.78,-10.25,1.63,0.000000,0.000000,886.31
14.73,98939.00,42.11,200.57,-0.08,-75.57,16.53,-1.295,14.200,-1.023,1.78,-13.11,1.63,0.000000,0.000000,887.58
15.69,99103.68,42.14,186.60,-0.08,-75.57,16.53,-1.295,14.200,-1.023,3.79,-11.21,1.63,0.000000,0.000000,888.84
14.67,98930.89,42.13,201.26,-0.08,-75.57,16.53,-1.295,14.200,-1.023,3.29,-11.68,2.09,0.000000,0.000000,890.11
15.67,99101.02,42.13,186.83,-0.08,-75.57,16.53,-1.295,14.200,-1.023,2.28,-9.78,-0.63,0.000000,0.000000,891.37
14.57,98916.03,42.13,202.52,-0.08,-75.57,16.53,-1.295,14.200,-1.023,4.29,-11.21,2.99,0.000000,0.000000,892.64
15.52,99144.86,42.13,183.11,-0.08,-75.57,16.53,-1.295,14.200,-1.023,3.79,-12.16,1.63,0.000000,0.000000,893.91
14.96,98978.95,42.14,197.18,-0.08,-75.57,16.53,-1.295,14.200,-1.023,2.78,-11.21,7.07,0.000000,0.000000,895.17
15.74,99093.01,42.13,187.51,-0.08,-75.57,16.53,-1.295,14.200,-1.023,2.78,-12.64,0.28,0.000000,0.000000,896.44
14.89,98974.28,42.14,197.58,-0.08,-75.57,16.53,-1.295,14.200,-1.023,2.28,-11.21,0.73,0.000000,0.000000,897.70
15.74,99091.94,42.14,187.60,-0.08,-75.57,16.53,-1.295,14.200,-1.023,3.29,-10.73,2.09,0.000000,0.000000,898.97
15.19,99023.90,42.15,193.37,-0.08,-75.57,16.53,-1.295,14.200,-1.023,2.28,-13.11,-0.63,0.000000,0.000000,900.24
15.13,98999.77,42.14,195.42,-0.08,-75.57,16.53,-1.295,14.200,-1.023,0.77,-12.64,2.54,0.000000,0.000000,901.50
15.84,99124.15,42.15,184.87,-0.08,-75.57,16.53,-1.295,14.200,-1.023,2.78,-9.30,1.18,0.000000,0.000000,902.77
15.37,99035.06,42.15,192.42,-0.08,-75.57,16.53,-1.295,14.200,-1.023,1.78,-11.21,1.18,0.000000,0.000000,904.03
15.86,99132.16,42.16,184.19,-0.08,-75.57,16.53,-1.295,14.200,-1.023,1.78,-14.07,3.90,0.000000,0.000000,905.30
15.35,99033.41,42.16,192.56,-0.08,-75.57,16.53,-1.295,14.200,-1.023,0.77,-11.21,1.18,0.000000,0.000000,906.57
15.79,99117.05,42.17,185.47,-0.08,-75.57,16.53,-1.295,14.200,-1.023,2.78,-10.73,1.18,0.000000,0.000000,907.83
14.75,98941.05,42.14,200.40,-0.08,-75.57,16.53,-1.295,14.200,-1.023,2.28,-12.64,0.28,0.000000,0.000000,909.10
15.71,99103.58,42.18,186.61,-0.08,-75.57,16.53,-1.295,14.200,-1.023,2.28,-12.64,2.54,0.000000,0.000000,910.36
14.62,98925.44,42.17,201.72,-0.08,-75.57,16.53,-1.295,14.200,-1.023,2.78,-10.25,2.09,0.000000,0.000000,911.63
15.84,99108.73,42.16,186.17,-0.08,-75.57,16.53,-1.295,14.200,-1.023,2.78,-9.78,2.09,0.000000,0.000000,912.89
14.80,98953.81,42.16,199.31,-0.08,-75.57,16.53,-1.295,14.200,-1.023,1.78,-10.73,0.73,0.000000,0.000000,914.16
15.77,99097.55,42.15,187.12,-0.08,-75.57,16.53,-1.295,14.200,-1.023,2.28,-10.73,2.54,0.000000,0.000000,915.43
15.08,99000.48,42.19,195.35,-0.08,-75.57,16.53,-1.295,14.200,-1.023,2.78,-10.25,-2.89,0.000000,0.000000,916.69
15.35,99031.08,42.16,192.76,-0.08,-75.57,16.53,-1.295,14.200,-1.023,2.28,-14.07,1.18,0.000000,0.000000,917.96
15.21,99025.39,42.18,193.24,-0.08,-75.57,16.53,-1.295,14.200,-1.023,2.78,-12.16,2.09,0.000000,0.000000,919.22
15.20,99008.14,42.15,194.70,-0.08,-75.57,16.53,-1.295,14.200,-1.023,3.29,-10.73,2.99,0.000000,0.000000,920.49
15.52,99072.32,42.17,189.26,-0.08,-75.57,16.53,-1.295,14.200,-1.023,2.78,-11.21,-0.18,0.000000,0.000000,921.76
15.16,99001.63,42.16,195.26,-0.08,-75.57,16.53,-1.295,14.200,-1.023,2.78,-12.64,3.90,0.000000,0.000000,923.02
15.72,99107.89,42.18,186.25,-0.08,-75.57,16.53,-1.295,14.200,-1.023,2.78,-11.21,3.44,0.000000,0.000000,924.29
14.91,98962.43,42.17,198.58,-0.08,-75.57,16.53,-1.295,14.200,-1.023,2.28,-10.73,0.73,0.000000,0.000000,925.56
15.71,99106.41,42.18,186.37,-0.08,-75.57,16.53,-1.295,14.200,-1.023,3.29,-12.64,0.73,0.000000,0.000000,926.82
14.55,98904.63,42.17,203.49,-0.08,-75.57,16.53,-1.295,14.200,-1.023,1.78,-10.25,2.54,0.000000,0.000000,928.09
15.63,99092.27,42.20,187.57,-0.08,-75.57,16.53,-1.295,14.200,-1.023,3.29,-12.16,2.09,0.000000,0.000000,929.35
14.68,98929.51,42.17,201.38,-0.08,-75.57,16.53,-1.295,14.200,-1.023,1.78,-10.25,3.90,0.000000,0.000000,930.62
15.78,99117.59,42.17,185.67,-0.08,-75.57,16.53,-1.295,14.200,-1.023,1.27,-12.16,3.90,0.000000,0.000000,931.88
14.82,98956.17,42.18,199.11,-0.08,-75.57,16.53,-1.295,14.200,-1.023,2.78,-9.30,0.28,0.000000,0.000000,933.15
15.70,99083.45,42.18,188.32,-0.08,-75.57,16.53,-1.295,14.200,-1.023,2.78,-10.73,0.73,0.000000,0.000000,934.42
14.89,98970.02,42.18,197.94,-0.08,-75.57,16.53,-1.295,14.200,-1.023,2.28,-13.11,2.54,0.000000,0.000000,935.68
15.56,99062.84,42.18,190.07,-0.08,-75.57,16.53,-1.295,14.200,-1.023,3.29,-11.68,2.54,0.000000,0.000000,936.95
15.11,99006.34,42.19,194.86,-0.08,-75.57,16.53,-1.295,14.200,-1.023,3.29,-11.21,1.63,0.000000,0.000000,938.21
15.31,99023.35,42.17,193.41,-0.08,-75.57,16.53,-1.295,14.200,-1.023,2.78,-12.16,1.63,0.000000,0.000000,939.48
15.22,99027.20,42.19,193.09,-0.08,-75.57,16.53,-1.295,14.200,-1.023,2.28,-13.59,1.63,0.000000,0.000000,940.75
15.06,98983.84,42.17,196.77,-0.08,-75.57,16.53,-1.295,14.200,-1.023,3.29,-10.73,2.09,0.000000,0.000000,942.01
15.54,99078.31,42.21,188.75,-0.08,-75.57,16.53,-1.295,14.200,-1.023,1.78,-10.73,-0.63,0.000000,0.000000,943.28
14.99,98974.35,42.19,197.57,-0.08,-75.57,16.53,-1.295,14.200,-1.023,1.27,-13.11,3.44,0.000000,0.000000,944.54
15.74,99109.78,42.21,186.09,-0.08,-75.57,16.53,-1.295,14.200,-1.023,4.29,-12.16,0.73,0.000000,0.000000,945.81
14.65,98920.84,42.19,202.11,-0.08,-75.57,16.53,-1.295,14.200,-1.023,2.28,-10.73,7.52,0.000000,0.000000,947.08
15.67,99095.78,42.21,187.27,-0.08,-75.57,16.53,-1.295,14.200,-1.023,2.28,-14.07,0.73,0.000000,0.000000,948.34
14.63,98916.52,42.19,202.48,-0.08,-75.57,16.53,-1.295,14.200,-1.023,2.28,-9.30,2.99,0.000000,0.000000,949.61
15.80,99114.33,42.22,185.70,-0.08,-75.57,16.53,-1.295,14.200,-1.023,3.79,-10.25,1.63,0.000000,0.000000,950.87
14.67,98927.13,42.20,201.58,-0.08,-75.57,16.53,-1.295,14.200,-1.023,2.28,-14.07,3.90,0.000000,0.000000,952.14
15.77,99093.61,42.19,187.46,-0.08,-75.57,16.53,-1.295,14.200,-1.023,1.78,-11.21,1.18,0.000000,0.000000,953.41
14.85,98958.91,42.20,198.88,-0.08,-75.57,16.53,-1.295,14.200,-1.023,2.78,-9.30,0.73,0.000000,0.000000,954.67
15.72,99085.27,42.19,188.16,-0.08,-75.57,16.53,-1.295,14.200,-1.023,2.28,-11.68,2.99,0.000000,0.000000,955.94
15.07,98996.71,42.19,195.67,-0.08,-75.57,16.53,-1.295,14.200,-1.023,4.29,-11.21,1.63,0.000000,0.000000,957.20
15.47,99046.22,42.19,191.48,-0.08,-75.57,16.53,-1.295,14.200,-1.023,3.79,-11.21,0.28,0.000000,0.000000,958.47
15.25,99025.97,42.19,193.19,-0.08,-75.57,16.53,-1.295,14.200,-1.023,1.78,-10.73,1.18,0.000000,0.000000,959.74
15.23,99008.48,42.19,194.68,-0.08,-75.57,16.53,-1.295,14.200,-1.023,2.78,-13.59,1.18,0.000000,0.000000,961.00
15.44,99057.92,42.21,190.48,-0.08,-75.57,16.53,-1.295,14.200,-1.023,2.78,-11.21,0.28,0.000000,0.000000,962.27
15.07,98985.95,42.19,196.59,-0.08,-75.57,16.53,-1.295,14.200,-1.023,2.78,-10.25,2.09,0.000000,0.000000,963.53
15.69,99099.34,42.22,186.97,-0.08,-75.57,16.53,-1.295,14.200,-1.023,2.78,-12.64,0.73,0.000000,0.000000,964.80
14.88,98955.16,42.19,199.20,-0.08,-75.57,16.53,-1.295,14.200,-1.023,2.28,-12.64,2.54,0.000000,0.000000,966.07
15.78,99112.86,42.22,185.83,-0.08,-75.57,16.53,-1.295,14.200,-1.023,3.79,-9.78,2.54,0.000000,0.000000,967.33
14.71,98926.65,42.20,201.62,-0.08,-75.57,16.53,-1.295,14.200,-1.023,2.78,-11.21,2.54,0.000000,0.000000,968.60
15.74,99106.69,42.21,186.35,-0.08,-75.57,16.53,-1.295,14.200,-1.023,3.29,-14.54,2.09,0.000000,0.000000,969.86
14.64,98919.00,42.19,202.27,-0.08,-75.57,16.53,-1.295,14.200,-1.023,3.29,-11.21,2.99,0.000000,0.000000,971.13
15.68,99076.86,42.19,187.19,-0.08,-75.57,16.53,-1.295,14.200,-1.023,2.28,-10.25,-2.44,0.000000,0.000000,972.40
14.82,98949.71,42.18,199.66,-0.08,-75.57,16.53,-1.295,14.200,-1.023,2.78,-12.64,2.09,0.000000,0.000000,973.66
15.82,99100.31,42.18,186.89,-0.08,-75.57,16.53,-1.295,14.200,-1.023,2.28,-11.21,0.73,0.000000,0.000000,974.93
15.00,98981.56,42.19,196.96,-0.08,-75.57,16.53,-1.295,14.200,-1.023,2.78,-9.78,1.18,0.000000,0.000000,976.19
15.61,99065.20,42.18,189.87,-0.08,-75.57,16.53,-1.295,14.200,-1.023,2.78,-10.73,2.99,0.000000,0.000000,977.46
15.17,99012.55,42.20,194.33,-0.08,-75.57,16.53,-1.295,14.200,-1.023,1.78,-13.59,4.80,0.000000,0.000000,978.73
15.49,99044.31,42.18,191.64,-0.08,-75.57,16.53,-1.295,14.200,-1.023,3.79,-11.21,0.73,0.000000,0.000000,979.99
15.41,99053.48,42.20,190.86,-0.08,-75.57,16.53,-1.295,14.200,-1.023,3.29,-10.73,0.73,0.000000,0.000000,981.26
15.13,98991.77,42.18,196.09,-0.08,-75.57,16.53,-1.295,14.200,-1.023,2.28,-12.64,1.63,0.000000,0.000000,982.52
15.69,99097.25,42.20,187.15,-0.08,-75.57,16.53,-1.295,14.200,-1.023,4.29,-10.73,1.63,0.000000,0.000000,983.79
15.01,98973.98,42.18,197.60,-0.08,-75.57,16.53,-1.295,14.200,-1.023,2.78,-10.73,0.73,0.000000,0.000000,985.05
15.77,99110.48,42.19,186.03,-0.08,-75.57,16.53,-1.295,14.200,-1.023,2.28,-12.64,3.90,0.000000,0.000000,986.32
14.78,98938.87,42.17,200.58,-0.08,-75.57,16.53,-1.295,14.200,-1.023,4.29,-11.21,0.28,0.000000,0.000000,987.59
15.79,99113.86,42.19,185.74,-0.08,-75.57,16.53,-1.295,14.200,-1.023,4.29,-11.21,1.18,0.000000,0.000000,988.85
14.68,98923.70,42.17,201.87,-0.08,-75.57,16.53,-1.295,14.200,-1.023,2.28,-10.73,1.63,0.000000,0.000000,990.12
15.74,99103.38,42.18,186.63,-0.08,-75.57,16.53,-1.295,14.200,-1.023,2.78,-12.64,0.73,0.000000,0.000000,991.39
14.69,98926.65,42.17,201.62,-0.08,-75.57,16.53,-1.295,14.200,-1.023,1.78,-11.21,2.54,0.000000,0.000000,992.65
15.94,99114.52,42.17,185.68,-0.08,-75.57,16.53,-1.295,14.200,-1.023,1.78,-10.73,2.09,0.000000,0.000000,993.92
14.98,98976.52,42.17,197.39,-0.08,-75.57,16.53,-1.295,14.200,-1.023,1.78,-13.59,1.18,0.000000,0.000000,995.18
15.74,99085.58,42.16,188.14,-0.08,-75.57,16.53,-1.295,14.200,-1.023,4.79,-11.68,2.99,0.000000,0.000000,996.45
15.14,99007.80,42.17,194.73,-0.08,-75.57,16.53,-1.295,14.200,-1.023,2.78,-9.78,2.09,0.000000,0.000000,997.71
15.52,99050.05,42.16,191.15,-0.08,-75.57,16.53,-1.295,14.200,-1.023,2.28,-10.73,-0.18,0.000000,0.000000,998.98
15.35,99040.53,42.18,191.96,-0.08,-75.57,16.53,-1.295,14.200,-1.023,0.77,-12.16,2.99,0.000000,0.000000,1000.25
15.24,99005.80,42.15,194.90,-0.08,-75.57,16.53,-1.295,14.200,-1.023,3.29,-11.68,2.99,0.000000,0.000000,1001.51
15.59,99081.92,42.19,188.45,-0.08,-75.57,16.53,-1.295,14.200,-1.023,2.28,-10.73,-0.63,0.000000,0.000000,1002.78
15.16,98993.73,42.17,195.93,-0.08,-75.57,16.53,-1.295,14.200,-1.023,2.28,-11.68,0.73,0.000000,0.000000,1004.05
15.84,99121.17,42.18,185.12,-0.08,-75.57,16.53,-1.295,14.200,-1.023,2.28,-10.25,-1.99,0.000000,0.000000,1005.32
14.81,98939.24,42.17,200.55,-0.08,-75.57,16.53,-1.295,14.200,-1.023,3.29,-10.25,2.99,0.000000,0.000000,1006.59
15.64,99083.78,42.16,188.11,-0.08,-75.57,16.53,0.000,0.000,0.000,3.29,-10.73,-1.99,0.000000,0.000000,1007.86
14.83,98949.66,42.18,199.67,-0.08,-75.57,16.53,-1.295,14.200,-1.023,1.78,-10.73,-0.63,0.000000,0.000000,1009.13
15.61,99063.16,42.18,190.04,-0.08,-75.57,16.53,-1.295,14.200,-1.023,1.78,-8.82,2.54,0.000000,0.000000,1010.40
15.24,99022.17,42.18,193.51,-0.08,-75.57,16.53,-1.295,14.200,-1.023,3.29,-13.11,0.73,0.000000,0.000000,1011.67
15.06,98976.75,42.16,197.37,-0.08,-75.57,16.53,-1.295,14.200,-1.023,2.78,-10.73,2.99,0.000000,0.000000,1012.94
15.75,99104.56,42.19,186.53,-0.08,-75.57,16.53,-1.295,26.189,-1.023,1.78,-11.21,2.99,0.000000,0.000000,1014.21
14.65,98916.52,42.17,202.48,-0.08,-75.57,16.53,-1.295,14.200,-1.023,3.79,-13.11,2.54,0.000000,0.000000,1015.48
15.73,99100.92,42.19,186.84,-0.08,-75.57,16.53,-1.295,14.200,-1.023,2.78,-10.25,3.90,0.000000,0.000000,1016.75
14.87,98953.14,42.19,199.37,-0.08,-75.57,16.53,-1.295,14.200,0.000,4.79,-10.25,1.18,0.000000,0.000000,1018.01
15.73,99081.55,42.18,188.48,-0.08,-75.57,16.53,-1.295,14.200,-1.023,3.79,-11.68,1.18,0.000000,0.000000,1019.29
15.29,99025.13,42.18,193.26,-0.08,-75.57,16.53,0.000,0.000,0.000,2.28,-13.59,2.54,0.000000,0.000000,1020.55
15.19,98998.08,42.17,195.56,-0.08,-75.57,16.53,-1.295,14.200,-1.023,2.28,-10.25,2.09,0.000000,0.000000,1021.82
15.70,99094.93,42.20,187.35,-0.08,-75.57,16.53,-1.295,14.200,-1.023,1.27,-11.68,2.09,0.000000,0.000000,1023.09
14.79,98934.52,42.18,200.95,-0.08,-75.57,16.53,-1.295,14.200,-1.023,1.78,-14.54,2.09,0.000000,0.000000,1024.36
15.72,99097.14,42.20,187.16,-0.08,-75.57,16.53,-1.295,14.200,-1.023,2.78,-10.25,0.73,0.000000,0.000000,1025.63
14.83,98947.16,42.20,199.88,-0.08,-75.57,16.53,0.000,0.000,0.000,1.27,-11.21,2.99,0.000000,0.000000,1026.90
15.87,99102.53,42.20,186.70,-0.08,-75.57,16.53,-1.295,14.200,-1.023,2.28,-12.64,2.54,0.000000,0.000000,1028.17
15.31,99028.59,42.21,192.97,-0.08,-75.57,16.53,-1.295,14.200,-1.023,3.29,-10.73,1.63,0.000000,0.000000,1029.44
15.41,99031.45,42.20,192.73,-0.08,-75.57,16.53,-1.295,14.200,-1.023,2.28,-12.16,1.63,0.000000,0.000000,1030.71
15.72,99097.62,42.21,187.12,-0.08,-75.57,16.53,-1.295,14.200,-1.023,2.78,-13.59,1.18,0.000000,0.000000,1031.98
14.84,98940.84,42.21,200.42,-0.08,-75.57,16.53,0.000,0.000,0.000,3.79,-9.78,2.09,0.000000,0.000000,1033.25
15.76,99104.11,42.22,186.57,-0.08,-75.57,16.53,-1.295,14.200,-1.023,4.79,-10.73,5.26,0.000000,0.000000,1034.52
14.71,98923.41,42.19,201.90,-0.08,-75.57,16.53,-1.295,14.200,-1.023,2.28,-14.07,2.09,0.000000,0.000000,1035.79
15.86,99098.66,42.21,187.03,-0.08,-75.57,16.53,-1.295,14.200,-1.023,2.78,-11.68,2.54,0.000000,0.000000,1037.06
15.24,99013.95,42.20,194.21,-0.08,-75.57,16.53,-1.295,14.200,-1.023,2.78,-11.68,1.18,0.000000,0.000000,1038.33
15.41,99030.78,42.20,192.78,-0.08,-75.57,16.53,0.000,0.000,0.000,2.28,-12.16,0.73,0.000000,0.000000,1039.60
15.63,99083.00,42.21,188.36,-0.08,-75.57,16.53,-1.295,14.200,-1.023,2.78,-10.25,1.18,0.000000,0.000000,1040.87
14.83,98939.97,42.20,200.49,-0.08,-75.57,16.53,-1.295,14.200,-1.023,3.29,-10.25,2.09,0.000000,0.000000,1042.14
15.79,99108.11,42.21,186.23,-0.08,-75.57,16.53,-1.295,14.200,-1.023,2.78,-9.78,-0.18,0.000000,0.000000,1043.41
14.66,98917.72,42.19,202.38,-0.08,-75.57,16.53,-1.295,14.200,-1.023,2.28,-10.73,1.63,0.000000,0.000000,1044.68
15.79,99089.43,42.19,187.81,-0.08,-75.57,16.53,0.000,0.000,0.000,3.29,-12.16,1.63,0.000000,0.000000,1045.95
15.15,99001.33,42.20,195.28,-0.08,-75.57,16.53,-1.295,14.200,-1.023,2.78,-14.07,2.09,0.000000,0.000000,1047.22
15.41,99028.81,42.20,192.95,-0.08,-75.57,16.53,-1.295,14.200,-1.023,3.29,-10.25,1.63,0.000000,0.000000,1048.49
15.58,99074.47,42.20,189.08,-0.08,-75.57,16.53,-1.295,14.200,-1.023,4.29,-12.16,3.44,0.000000,0.000000,1049.76
14.91,98951.87,42.19,199.48,-0.08,-75.57,16.53,-1.295,14.200,-1.023,2.28,-10.73,0.28,0.000000,0.000000,1051.03
15.76,99104.27,42.21,186.55,-0.08,-75.57,16.53,0.000,0.000,0.000,2.78,-11.21,2.99,0.000000,0.000000,1052.30
14.69,98919.33,42.20,202.24,-0.08,-75.57,16.53,-1.295,14.200,-1.023,5.80,-11.68,1.63,0.000000,0.000000,1053.57
15.83,99091.04,42.20,187.67,-0.08,-75.57,16.53,-1.295,14.200,-1.023,2.78,-14.54,1.63,0.000000,0.000000,1054.84
15.14,99001.38,42.20,195.28,-0.08,-75.57,16.53,-1.295,14.200,-1.023,2.28,-9.78,1.18,0.000000,0.000000,1056.11
15.47,99038.39,42.20,192.14,-0.08,-75.57,16.53,-1.295,14.200,-1.023,2.28,-9.30,2.54,0.000000,0.000000,1057.38
15.73,99099.40,42.22,186.97,-0.08,-75.57,16.53,0.000,0.000,0.000,2.28,-13.11,2.09,0.000000,0.000000,1058.65
15.16,98992.03,42.22,196.07,-0.08,-75.57,16.53,-1.295,14.200,-1.023,2.28,-10.25,1.63,0.000000,0.000000,1059.92
15.92,99127.38,42.21,184.59,-0.08,-75.57,16.53,-1.295,14.200,-1.023,1.27,-10.73,-0.18,0.000000,0.000000,1061.19
14.83,98941.33,42.20,200.37,-0.08,-75.57,16.53,-1.295,14.200,-1.023,2.28,-13.11,1.63,0.000000,0.000000,1062.46
15.99,99118.02,42.20,185.39,-0.08,-75.57,16.53,-1.295,14.200,-1.023,3.29,-10.25,0.28,0.000000,0.000000,1063.73
15.24,99010.93,42.21,194.47,-0.08,-75.57,16.53,0.000,0.000,0.000,3.29,-11.68,3.44,0.000000,0.000000,1064.99
15.51,99042.91,42.21,191.76,-0.08,-75.57,16.53,-1.295,14.200,-1.023,2.28,-13.59,1.18,0.000000,0.000000,1066.27
15.64,99081.95,42.21,188.45,-0.08,-75.57,16.53,-1.295,14.200,-1.023,2.78,-10.73,1.63,0.000000,0.000000,1067.54
14.97,98959.53,42.19,198.83,-0.08,-75.57,16.53,-1.295,14.200,0.000,3.79,-9.30,-0.18,0.000000,0.000000,1068.81
15.80,99109.13,42.20,186.14,-0.08,-75.57,16.53,-1.295,14.200,-1.023,2.28,-12.16,3.90,0.000000,0.000000,1070.08
14.87,98947.78,42.19,199.83,-0.08,-75.57,16.53,0.000,0.000,0.000,2.28,-11.21,-0.63,0.000000,0.000000,1071.34
16.59,99213.77,42.18,177.28,-0.08,-75.57,16.53,-1.295,14.200,-1.023,3.29,-11.21,2.09,0.000000,0.000000,1072.62
15.81,99104.53,42.19,186.53,-0.08,-75.57,16.53,-1.295,14.200,-1.023,2.78,-12.64,2.54,0.000000,0.000000,1073.89
16.01,99123.05,42.16,184.96,-0.08,-75.57,16.53,-1.295,14.200,-1.023,1.78,-11.21,2.99,0.000000,0.000000,1075.16
16.14,99162.02,42.16,181.66,-0.08,-75.57,16.53,-1.295,14.200,-1.023,3.29,-9.78,4.35,0.000000,0.000000,1076.42
15.30,99011.48,42.12,194.42,-0.08,-75.57,16.53,0.000,0.000,0.000,2.28,-13.59,1.18,0.000000,0.000000,1077.69
16.16,99159.53,42.14,181.87,-0.08,-75.57,16.53,-1.295,14.200,-1.023,2.28,-10.73,-1.08,0.000000,0.000000,1078.97
15.24,99007.86,42.08,194.73,-0.08,-75.57,16.53,-1.295,14.200,-1.023,1.78,-10.73,0.28,0.000000,0.000000,1080.23
16.25,99161.61,42.09,181.69,-0.08,-75.57,16.53,-1.295,14.200,-1.023,1.78,-11.21,1.63,0.000000,0.000000,1081.50
15.83,99107.19,42.09,186.31,-0.08,-75.57,16.53,-1.295,14.200,-1.023,2.78,-11.21,0.73,0.000000,0.000000,1082.77
15.76,99084.66,42.07,188.22,-0.08,-75.57,16.53,0.000,0.000,0.000,3.29,-11.21,2.99,0.000000,0.000000,1084.04
16.12,99159.80,42.08,181.85,-0.08,-75.57,16.53,-1.295,14.200,-1.023,1.27,-13.11,-0.18,0.000000,0.000000,1085.31
15.26,99006.69,42.04,194.83,-0.08,-75.57,16.53,-1.295,14.200,-1.023,1.78,-10.73,-1.99,0.000000,0.000000,1086.58
16.10,99153.39,42.07,182.39,-0.08,-75.57,16.53,-1.295,14.200,-1.023,1.27,-11.21,2.09,0.000000,0.000000,1087.85
15.24,99009.50,42.05,194.59,-0.08,-75.57,16.53,-1.295,14.200,-1.023,2.28,-14.07,2.09,0.000000,0.000000,1089.12
16.05,99129.44,42.04,184.42,-0.08,-75.57,16.53,0.000,0.000,0.000,1.78,-10.25,3.90,0.000000,0.000000,1090.39
15.79,99102.38,42.07,186.71,-0.08,-75.57,16.53,-1.295,14.200,-1.023,3.79,-10.25,2.54,0.000000,0.000000,1091.66
15.52,99044.55,42.04,191.62,-0.08,-75.57,16.53,-1.295,14.200,-1.023,2.78,-10.73,2.99,0.000000,0.000000,1092.93
16.05,99148.63,42.06,182.79,-0.08,-75.57,16.53,-1.295,14.200,0.000,2.78,-10.73,-1.54,0.000000,0.000000,1094.20
15.18,98994.03,42.05,195.90,-0.08,-75.57,16.53,-1.295,14.200,-1.023,2.78,-11.21,2.99,0.000000,0.000000,1095.47
15.32,99030.89,42.02,192.78,-0.08,-75.57,16.53,0.000,0.000,0.000,2.28,-11.21,1.63,0.000000,0.000000,1096.74
14.44,98884.50,42.03,205.20,-0.08,-75.57,16.53,-1.295,14.200,-1.023,2.28,-10.25,-0.63,0.000000,0.000000,1098.01
15.51,99041.58,42.03,191.87,-0.08,-75.57,16.53,-1.295,14.200,-1.023,2.78,-12.16,2.09,0.000000,0.000000,1099.28
14.99,98975.33,42.05,197.49,-0.08,-75.57,16.53,-1.295,14.200,-1.023,1.78,-12.64,1.63,0.000000,0.000000,1100.55
15.12,98981.75,42.03,196.94,-0.08,-75.57,16.53,-1.295,14.200,-1.023,2.78,-11.21,5.26,0.000000,0.000000,1101.82
15.50,99060.16,42.04,190.29,-0.08,-75.57,16.53,-1.295,26.189,-1.023,2.78,-11.21,2.54,0.000000,0.000000,1103.09
14.86,98943.11,42.04,200.22,-0.08,-75.57,16.53,-1.295,14.200,-1.023,2.78,-14.07,2.54,0.000000,0.000000,1104.36
15.53,99065.44,42.06,189.85,-0.08,-75.57,16.53,-1.295,14.200,-1.023,2.28,-10.73,2.09,0.000000,0.000000,1105.63
14.60,98904.23,42.05,203.52,-0.08,-75.57,16.53,-1.295,14.200,0.000,2.28,-9.78,3.44,0.000000,0.000000,1106.90
15.48,99035.91,42.03,192.35,-0.08,-75.57,16.53,-1.295,14.200,-1.023,2.28,-13.59,2.54,0.000000,0.000000,1108.17
15.98,99136.53,42.07,183.82,-0.08,-75.57,16.53,0.000,0.000,0.000,2.28,-10.25,1.63,0.000000,0.000000,1109.44
14.73,98918.22,42.02,202.34,-0.08,-75.57,16.53,-1.295,14.200,-1.023,2.78,-10.73,0.73,0.000000,0.000000,1110.71
15.65,99080.19,42.04,188.60,-0.08,-75.57,16.53,-1.295,14.200,-1.023,2.78,-11.21,1.18,0.000000,0.000000,1111.98
15.22,98997.84,42.05,195.58,-0.08,-75.57,16.53,-1.295,14.200,-1.023,2.78,-9.78,2.09,0.000000,0.000000,1113.25
16.00,99138.48,42.08,183.65,-0.08,-75.57,16.53,-1.295,14.200,-1.023,2.78,-9.78,1.63,0.000000,0.000000,1114.52
14.89,98947.38,42.05,199.86,-0.08,-75.57,16.53,0.000,0.000,0.000,2.28,-11.21,1.18,0.000000,0.000000,1115.78
15.85,99122.11,42.03,185.04,-0.08,-75.57,16.53,-1.295,14.200,-1.023,1.78,-9.78,5.71,0.000000,0.000000,1117.06
14.23,98850.79,42.03,208.06,-0.08,-75.57,16.53,-1.295,14.200,-1.023,3.79,-10.73,2.54,0.000000,0.000000,1118.33
16.01,99120.78,42.05,185.15,-0.08,-75.57,16.53,-1.295,14.200,-1.023,1.78,-11.68,1.63,0.000000,0.000000,1119.60
14.94,98967.72,42.03,198.13,-0.08,-75.57,16.53,-1.295,14.200,-1.023,1.78,-10.73,0.28,0.000000,0.000000,1120.87
15.43,99031.91,42.04,192.69,-0.08,-75.57,16.53,0.000,0.000,0.000,2.28,-11.68,1.63,0.000000,0.000000,1122.13
15.99,99136.97,42.07,183.78,-0.08,-75.57,16.53,-1.295,14.200,-1.023,2.28,-10.73,1.18,0.000000,0.000000,1123.41
13.91,98791.15,42.03,213.13,-0.08,-75.57,16.53,-1.295,14.200,-1.023,1.78,-10.73,1.63,0.000000,0.000000,1124.68
15.09,98995.05,42.03,195.82,-0.08,-75.57,16.53,-1.295,14.200,-1.023,3.29,-11.68,-0.63,0.000000,0.000000,1125.95
13.69,98763.84,41.99,215.45,-0.08,-75.57,16.53,-1.295,14.200,-1.023,2.28,-11.68,2.54,0.000000,0.000000,1127.22
15.44,99027.95,42.02,193.02,-0.08,-75.57,16.53,0.000,0.000,0.000,2.28,-10.73,2.99,0.000000,0.000000,1128.48
14.74,98931.22,42.02,201.23,-0.08,-75.57,16.53,-1.295,14.200,-1.023,2.28,-12.16,2.99,0.000000,0.000000,1129.75
15.08,98975.81,42.01,197.45,-0.08,-75.57,16.53,-1.295,14.200,-1.023,2.78,-10.73,2.09,0.000000,0.000000,1131.02
15.18,99008.45,42.04,194.68,-0.08,-75.57,16.53,-1.295,14.200,-1.023,2.78,-10.73,1.63,0.000000,0.000000,1132.29
14.56,98892.22,42.01,204.54,-0.08,-75.57,16.53,-1.295,14.200,-1.023,1.78,-13.11,2.09,0.000000,0.000000,1133.57
15.33,99033.02,42.03,192.60,-0.08,-75.57,16.53,0.000,0.000,0.000,2.28,-11.21,2.54,0.000000,0.000000,1134.83
14.30,98853.13,42.01,207.86,-0.08,-75.57,16.53,-1.295,14.200,-1.023,2.28,-11.21,0.28,0.000000,0.000000,1136.10
15.31,99024.35,42.01,193.33,-0.08,-75.57,16.53,-1.295,14.200,-1.023,2.28,-9.78,4.35,0.000000,0.000000,1137.37
14.50,98889.04,42.02,204.81,-0.08,-75.57,16.53,-1.295,14.200,0.000,2.28,-15.02,2.09,0.000000,0.000000,1138.64
15.41,99023.98,42.01,193.36,-0.08,-75.57,16.53,-1.295,14.200,-1.023,1.78,-11.21,-0.18,0.000000,0.000000,1139.92
14.96,98967.41,42.02,198.16,-0.08,-75.57,16.53,0.000,0.000,0.000,3.29,-10.73,1.63,0.000000,0.000000,1141.18
15.07,98970.53,42.00,197.90,-0.08,-75.57,16.53,-1.295,14.200,-1.023,2.78,-8.82,0.73,0.000000,0.000000,1142.45
15.30,99025.22,42.03,193.26,-0.08,-75.57,16.53,-1.295,14.200,-1.023,2.28,-10.73,1.18,0.000000,0.000000,1143.72
14.62,98900.75,42.00,203.82,-0.08,-75.57,16.53,-1.295,14.200,-1.023,3.29,-10.73,-0.63,0.000000,0.000000,1144.99
15.41,99043.13,42.03,191.74,-0.08,-75.57,16.53,-1.295,14.200,-1.023,2.78,-12.64,2.54,0.000000,0.000000,1146.26
14.37,98862.06,42.00,207.10,-0.08,-75.57,16.53,0.000,0.000,0.000,2.28,-10.73,0.73,0.000000,0.000000,1147.53
15.38,99035.23,42.00,192.26,-0.08,-75.57,16.53,-1.295,14.200,-1.023,2.78,-11.68,2.54,0.000000,0.000000,1148.80
14.49,98887.07,41.99,204.98,-0.08,-75.57,16.53,-1.295,14.200,-1.023,2.78,-11.68,-1.08,0.000000,0.000000,1150.07
15.34,99010.82,41.99,194.48,-0.08,-75.57,16.53,-1.295,14.200,0.000,3.79,-10.25,0.73,0.000000,0.000000,1151.34
15.03,98975.70,42.00,197.46,-0.08,-75.57,16.53,-1.295,14.200,-1.023,1.78,-11.68,2.54,0.000000,0.000000,1152.61
14.92,98945.84,41.99,199.99,-0.08,-75.57,16.53,-1.295,-28.220,2.248,2.78,-12.64,1.63,0.000000,0.000000,1153.88
15.46,99048.25,42.01,191.30,-0.08,-75.57,16.53,-1.295,14.200,-1.023,2.78,-9.30,0.73,0.000000,0.000000,1155.15
14.94,98952.07,41.98,199.46,-0.08,-75.57,16.53,-1.295,14.200,-1.023,3.29,-10.73,2.09,0.000000,0.000000,1156.42
15.25,99013.05,42.00,194.29,-0.08,-75.57,16.53,-1.295,14.200,-1.023,2.28,-10.73,0.73,0.000000,0.000000,1157.69
14.49,98881.17,41.97,205.48,-0.08,-75.57,16.53,-1.295,14.200,-1.023,2.78,-10.25,2.09,0.000000,0.000000,1158.96
15.65,99057.48,41.98,190.52,-0.08,-75.57,16.53,0.000,0.000,0.000,2.78,-9.78,2.99,0.000000,0.000000,1160.23
14.73,98923.22,41.99,201.91,-0.08,-75.57,16.53,-1.295,14.200,-1.023,2.28,-12.16,3.44,0.000000,0.000000,1161.50
15.66,99061.53,41.99,190.18,-0.08,-75.57,16.53,-1.295,14.200,-1.023,2.78,-10.25,1.18,0.000000,0.000000,1162.77
15.67,99081.32,42.00,188.50,-0.08,-75.57,16.53,-1.295,14.200,0.000,3.79,-13.59,2.09,0.000000,0.000000,1164.04
14.92,98945.48,41.98,200.02,-0.08,-75.57,16.53,-1.295,14.200,-1.023,2.28,-12.64,1.18,0.000000,0.000000,1165.31
15.69,99084.64,42.00,188.22,-0.08,-75.57,16.53,0.000,0.000,0.000,2.28,-11.21,2.99,0.000000,0.000000,1166.58
14.65,98903.03,41.98,203.63,-0.08,-75.57,16.53,-1.295,14.200,-1.023,4.79,-12.16,3.44,0.000000,0.000000,1167.85
15.73,99088.55,42.00,187.89,-0.08,-75.57,16.53,-1.295,14.200,-1.023,2.78,-11.21,4.35,0.000000,0.000000,1169.12
14.48,98882.36,41.98,205.38,-0.08,-75.57,16.53,-1.295,14.200,0.000,2.78,-10.73,2.54,0.000000,0.000000,1170.39
15.77,99075.89,41.99,188.96,-0.08,-75.57,16.53,-1.295,14.200,-1.023,2.28,-10.73,2.09,0.000000,0.000000,1171.66
14.94,98959.06,41.98,198.87,-0.08,-75.57,16.53,0.000,0.000,0.000,2.28,-10.73,1.63,0.000000,0.000000,1172.92
15.11,98972.30,41.97,197.75,-0.08,-75.57,16.53,-1.295,14.200,-1.023,2.78,-10.25,2.99,0.000000,0.000000,1174.20
15.28,99013.75,41.99,194.23,-0.08,-75.57,16.53,-1.295,14.200,-1.023,3.79,-11.68,-0.18,0.000000,0.000000,1175.47
14.84,98928.63,41.97,201.45,-0.08,-75.57,16.53,-1.295,14.200,0.000,2.78,-10.73,-1.54,0.000000,0.000000,1176.74
15.42,99037.42,41.99,192.22,-0.08,-75.57,16.53,-1.295,14.200,-1.023,3.79,-9.78,3.44,0.000000,0.000000,1178.01
14.61,98895.45,41.98,204.27,-0.08,-75.57,16.53,0.000,0.000,0.000,3.79,-10.25,2.09,0.000000,0.000000,1179.27
15.41,99032.95,41.96,192.60,-0.08,-75.57,16.53,-1.295,14.200,-1.023,2.28,-10.25,2.99,0.000000,0.000000,1180.55
14.80,98928.64,41.99,201.45,-0.08,-75.57,16.53,-1.295,14.200,-1.023,3.29,-12.16,3.90,0.000000,0.000000,1181.82
15.71,99062.55,41.99,190.09,-0.08,-75.57,16.53,-1.295,14.200,-1.023,2.28,-12.16,2.09,0.000000,0.000000,1183.09
15.00,98968.54,41.98,198.07,-0.08,-75.57,16.53,-1.295,14.200,-1.023,2.78,-11.21,2.09,0.000000,0.000000,1184.36
15.04,98958.13,41.98,198.95,-0.08,-75.57,16.53,0.000,0.000,0.000,2.28,-10.73,2.09,0.000000,0.000000,1185.62
15.45,99040.16,41.99,191.99,-0.08,-75.57,16.53,-1.295,14.200,-1.023,2.78,-10.73,3.44,0.000000,0.000000,1186.89
14.66,98898.24,41.98,204.03,-0.08,-75.57,16.53,-1.295,14.200,-1.023,2.28,-10.73,-1.54,0.000000,0.000000,1188.17
15.32,99017.66,41.98,193.90,-0.08,-75.57,16.53,-1.295,14.200,-1.023,2.28,-11.21,2.99,0.000000,0.000000,1189.43
14.38,98858.40,41.99,207.42,-0.08,-75.57,16.53,-1.295,14.200,-1.023,2.78,-11.68,1.18,0.000000,0.000000,1190.70
15.35,99020.73,41.97,193.26,-0.08,-75.57,16.53,-1.295,-28.220,2.248,2.28,-10.25,0.28,0.000000,0.000000,1191.97
14.44,98870.81,41.97,206.36,-0.08,-75.57,16.53,-1.295,14.200,-1.023,2.28,-10.25,0.73,0.000000,0.000000,1193.24
15.35,99001.60,41.97,195.26,-0.08,-75.57,16.53,-1.295,14.200,-1.023,2.78,-14.07,5.26,0.000000,0.000000,1194.51
14.86,98941.94,41.98,200.32,-0.08,-75.57,16.53,-1.295,14.200,-1.023,2.78,-10.25,2.09,0.000000,0.000000,1195.78
15.07,98960.70,41.98,198.73,-0.08,-75.57,16.53,-1.295,14.200,-1.023,2.28,-10.73,2.09,0.000000,0.000000,1197.05
15.50,99043.92,42.00,191.67,-0.08,-75.57,16.53,0.000,0.000,0.000,1.78,-11.21,3.90,0.000000,0.000000,1198.32
14.60,98887.75,41.98,204.92,-0.08,-75.57,16.53,-1.295,14.200,-1.023,2.78,-10.73,2.54,0.000000,0.000000,1199.59
15.35,99022.17,41.99,193.51,-0.08,-75.57,16.53,-1.295,14.200,-1.023,1.27,-11.21,1.63,0.000000,0.000000,1200.86
14.42,98859.44,41.98,207.33,-0.08,-75.57,16.53,-1.295,14.200,0.000,1.78,-13.11,2.54,0.000000,0.000000,1202.13
15.49,99043.22,41.99,191.73,-0.08,-75.57,16.53,-1.295,14.200,-1.023,3.29,-10.73,1.18,0.000000,0.000000,1203.40
14.64,98900.31,41.98,203.86,-0.08,-75.57,16.53,0.000,0.000,0.000,4.79,-10.25,0.73,0.000000,0.000000,1204.67
15.45,99017.48,41.98,193.91,-0.08,-75.57,16.53,-1.295,14.200,-1.023,2.28,-13.59,2.99,0.000000,0.000000,1205.94
15.04,98968.95,41.99,198.03,-0.08,-75.57,16.53,-1.295,14.200,-1.023,2.78,-10.73,2.09,0.000000,0.000000,1207.21
14.97,98943.02,41.98,200.23,-0.08,-75.57,16.53,-1.295,14.200,-1.023,2.28,-11.21,-1.54,0.000000,0.000000,1208.48
15.30,99016.48,42.00,194.00,-0.08,-75.57,16.53,-1.295,14.200,-1.023,2.28,-10.73,2.99,0.000000,0.000000,1209.75
14.59,98882.31,41.97,205.38,-0.08,-75.57,16.53,-1.295,26.189,-1.023,2.28,-10.25,1.63,0.000000,0.000000,1211.02
15.50,99043.09,41.99,191.74,-0.08,-75.57,16.53,-1.295,14.200,-1.023,2.28,-12.16,2.54,0.000000,0.000000,1212.29
14.39,98855.52,41.95,207.66,-0.08,-75.57,16.53,-1.295,14.200,-1.023,2.28,-11.21,4.80,0.000000,0.000000,1213.56
15.54,99032.44,41.97,192.64,-0.08,-75.57,16.53,-1.295,14.200,0.000,1.78,-11.68,1.18,0.000000,0.000000,1214.83
14.81,98929.54,41.96,201.37,-0.08,-75.57,16.53,-1.295,14.200,-1.023,2.78,-13.11,1.63,0.000000,0.000000,1216.10
15.38,99006.64,41.96,194.83,-0.08,-75.57,16.53,0.000,0.000,0.000,2.28,-10.25,0.73,0.000000,0.000000,1217.37
15.23,98999.82,41.98,195.41,-0.08,-75.57,16.53,-1.295,14.200,-1.023,2.28,-9.78,1.18,0.000000,0.000000,1218.64
15.01,98951.83,41.96,199.48,-0.08,-75.57,16.53,-1.295,14.200,-1.023,2.78,-13.59,0.73,0.000000,0.000000,1219.91
15.60,99064.02,41.99,189.97,-0.08,-75.57,16.53,-1.295,14.200,0.000,2.78,-10.73,1.63,0.000000,0.000000,1221.18
14.56,98880.44,41.95,205.54,-0.08,-75.57,16.53,-1.295,14.200,-1.023,3.79,-9.78,0.28,0.000000,0.000000,1222.45
15.54,99049.98,41.98,191.16,-0.08,-75.57,16.53,0.000,0.000,0.000,2.28,-13.59,1.63,0.000000,0.000000,1223.72
14.57,98889.54,41.96,204.77,-0.08,-75.57,16.53,-1.295,14.200,-1.023,2.28,-10.73,1.63,0.000000,0.000000,1224.99
15.67,99050.59,41.97,191.10,-0.08,-75.57,16.53,-1.295,14.200,-1.023,3.79,-11.68,2.54,0.000000,0.000000,1226.26
14.99,98958.03,41.97,198.96,-0.08,-75.57,16.53,-1.295,14.200,0.000,2.78,-14.07,1.63,0.000000,0.000000,1227.53
15.22,98981.59,41.96,196.96,-0.08,-75.57,16.53,-1.295,14.200,-1.023,2.78,-10.73,2.54,0.000000,0.000000,1228.80
15.34,99016.16,41.97,194.02,-0.08,-75.57,16.53,0.000,0.000,0.000,3.79,-11.21,4.35,0.000000,0.000000,1230.06
14.78,98912.25,41.95,202.84,-0.08,-75.57,16.53,-1.295,14.200,-1.023,2.78,-13.11,-0.18,0.000000,0.000000,1231.34
15.55,99051.36,41.97,191.04,-0.08,-75.57,16.53,-1.295,14.200,-1.023,2.28,-11.21,1.18,0.000000,0.000000,1232.61
14.55,98880.33,41.95,205.55,-0.08,-75.57,16.53,-1.295,14.200,0.000,3.79,-13.11,1.63,0.000000,0.000000,1233.88
15.36,99031.18,41.93,195.22,-0.08,-75.57,16.53,-1.295,14.200,-1.023,2.78,-15.02,5.26,0.000000,0.000000,1235.15
14.72,98911.34,41.96,202.92,-0.08,-75.57,16.53,0.000,0.000,0.000,2.28,-9.30,1.63,0.000000,0.000000,1236.41
15.39,99008.89,41.96,194.64,-0.08,-75.57,16.53,-1.295,14.200,-1.023,3.79,-12.64,2.99,0.000000,0.000000,1237.69
15.18,98986.20,41.97,196.57,-0.08,-75.57,16.53,-1.295,14.200,-1.023,2.28,-10.25,1.18,0.000000,0.000000,1238.96
15.08,98956.44,41.95,199.09,-0.08,-75.57,16.53,-1.295,14.200,-1.023,3.29,-9.78,1.63,0.000000,0.000000,1240.22
15.55,99053.73,41.97,190.84,-0.08,-75.57,16.53,-1.295,14.200,-1.023,3.29,-11.21,2.09,0.000000,0.000000,1241.50
14.68,98895.21,41.94,204.29,-0.08,-75.57,16.53,0.000,0.000,0.000,2.28,-14.54,6.61,0.000000,0.000000,1242.76
15.66,99065.13,41.97,189.87,-0.08,-75.57,16.53,-1.295,14.200,-1.023,2.78,-9.78,1.18,0.000000,0.000000,1244.03
14.51,98871.71,41.95,206.28,-0.08,-75.57,16.53,-1.295,14.200,-1.023,1.27,-11.68,2.09,0.000000,0.000000,1245.30
15.73,99061.06,41.94,190.22,-0.08,-75.57,16.53,-1.295,14.200,-1.023,2.28,-10.25,-0.18,0.000000,0.000000,1246.58
14.83,98931.84,41.95,201.18,-0.08,-75.57,16.53,-1.295,14.200,-1.023,3.29,-10.25,3.90,0.000000,0.000000,1247.84
15.45,99014.66,41.95,194.15,-0.08,-75.57,16.53,0.000,0.000,0.000,1.27,-11.68,1.63,0.000000,0.000000,1249.11
15.37,99022.66,41.96,193.47,-0.08,-75.57,16.53,-1.295,14.200,-1.023,1.78,-11.21,-1.08,0.000000,0.000000,1250.38
14.94,98935.08,41.92,200.90,-0.08,-75.57,16.53,-1.295,14.200,-1.023,2.28,-10.25,2.54,0.000000,0.000000,1251.65
15.57,99051.91,41.96,190.99,-0.08,-75.57,16.53,-1.295,14.200,0.000,2.28,-11.68,1.18,0.000000,0.000000,1252.92
14.50,98868.14,41.92,206.59,-0.08,-75.57,16.53,-1.295,14.200,-1.023,2.28,-10.73,5.26,0.000000,0.000000,1254.19
15.55,99048.52,41.96,191.28,-0.08,-75.57,16.53,0.000,0.000,0.000,3.29,-10.25,1.18,0.000000,0.000000,1255.46
14.43,98860.45,41.93,207.24,-0.08,-75.57,16.53,-1.295,14.200,-1.023,2.78,-10.73,0.73,0.000000,0.000000,1256.73
15.54,99028.78,41.94,192.95,-0.08,-75.57,16.53,-1.295,14.200,-1.023,2.28,-10.25,0.73,0.000000,0.000000,1258.00
14.69,98904.75,41.93,203.48,-0.08,-75.57,16.53,-1.295,14.200,0.000,4.79,-9.30,0.73,0.000000,0.000000,1259.27
15.19,98972.08,41.92,197.76,-0.08,-75.57,16.53,-1.295,14.200,-1.023,2.28,-12.16,1.18,0.000000,0.000000,1260.54
15.64,99059.20,41.96,190.37,-0.08,-75.57,16.53,0.000,0.000,0.000,1.27,-11.68,2.99,0.000000,0.000000,1261.81
15.49,99013.27,41.96,194.27,-0.08,-75.57,16.53,-1.295,14.200,-1.023,-2.24,-10.25,3.90,0.000000,0.000000,1263.08
15.13,98973.87,41.95,197.61,-0.08,-75.57,16.53,-1.295,14.200,-1.023,-3.25,-7.87,2.09,0.000000,0.000000,1264.35
16.97,99242.02,41.97,174.88,-0.08,-75.57,16.53,-1.295,14.200,-1.023,-0.23,-8.82,0.73,0.000000,0.000000,1265.62
18.86,99540.23,41.99,149.66,-0.08,-75.57,16.53,-1.295,14.200,-1.023,-3.25,-2.15,2.54,0.000000,0.000000,1266.89
21.26,99919.42,42.03,117.69,-0.08,-75.57,16.53,0.000,0.000,0.000,-2.75,-4.05,-4.71,0.000000,0.000000,1268.16
20.88,99866.53,42.07,122.14,-0.08,-75.57,16.53,-1.295,14.200,-1.023,-1.24,-17.88,1.18,0.000000,0.000000,1269.43
22.00,100051.59,42.12,106.56,-0.08,-75.57,16.53,-1.295,14.200,-1.023,-4.25,-5.01,-6.52,0.000000,0.000000,1270.70
20.08,99742.91,42.13,132.56,-0.08,-75.57,16.53,-1.295,14.200,0.000,-5.76,-5.48,-1.99,0.000000,0.000000,1271.97
19.71,99686.83,42.10,137.29,-0.08,-75.57,16.53,-1.295,14.200,-1.023,-7.77,-1.19,-1.99,0.000000,0.000000,1273.24
20.38,99786.44,42.11,128.89,-0.08,-75.57,16.53,0.000,0.000,0.000,-8.27,-0.72,0.28,0.000000,0.000000,1274.51
20.43,99811.73,42.13,126.76,-0.08,-75.57,16.53,-1.295,14.200,-1.023,-7.77,-2.15,-0.18,0.000000,0.000000,1275.78
17.46,99325.55,42.07,167.81,-0.08,-75.57,16.53,-1.295,14.200,-1.023,-3.25,-9.30,-1.08,0.000000,0.000000,1277.05
18.03,99410.77,42.04,160.61,-0.08,-75.57,16.53,-1.295,14.200,-1.023,-0.74,-9.30,-0.63,0.000000,0.000000,1278.32
17.11,99282.02,42.05,171.50,-0.08,-75.57,16.53,-1.295,14.200,-1.023,-0.23,-8.82,-1.99,0.000000,0.000000,1279.59
23.24,100242.78,42.15,90.49,-0.08,-75.57,16.53,-1.295,26.189,-1.023,0.77,-7.39,-1.54,0.000000,0.000000,1280.86
20.28,99769.85,42.12,130.29,-0.08,-75.57,16.53,-1.295,14.200,-1.023,2.28,-12.16,1.63,0.000000,0.000000,1282.13
20.92,99882.45,42.15,120.80,-0.08,-75.57,16.53,-1.295,14.200,-1.023,4.79,-6.92,1.63,0.000000,0.000000,1283.40
17.39,99313.66,42.07,168.82,-0.08,-75.57,16.53,-1.295,14.200,-1.023,-0.23,-6.44,5.26,0.000000,0.000000,1284.67
18.49,99504.55,42.08,152.68,-0.08,-75.57,16.53,-1.295,14.200,-1.023,-0.23,-8.35,7.52,0.000000,0.000000,1285.94
17.26,99297.58,42.02,170.18,-0.08,-75.57,16.53,0.000,0.000,0.000,1.78,-5.96,7.52,0.000000,0.000000,1287.20
16.66,99205.66,42.04,177.96,-0.08,-75.57,16.53,-1.295,14.200,-1.023,11.33,-5.48,6.16,0.000000,0.000000,1288.48
16.82,99243.64,42.08,174.75,-0.08,-75.57,16.53,-1.295,14.200,-1.023,2.28,-8.82,6.16,0.000000,0.000000,1289.74
17.01,99264.78,42.09,172.96,-0.08,-75.57,16.53,-1.295,14.200,-1.023,1.78,-9.30,4.35,0.000000,0.000000,1291.01
18.77,99536.02,42.14,148.78,-0.08,-75.57,16.53,-1.295,14.200,-1.023,5.80,-9.30,6.16,0.000000,0.000000,1292.28
16.65,99206.98,42.13,177.85,-0.08,-75.57,16.53,0.000,0.000,0.000,0.77,-5.96,2.54,0.000000,0.000000,1293.55
16.75,99220.38,42.14,176.72,-0.08,-75.57,16.53,-1.295,14.200,-1.023,0.27,-4.53,11.14,0.000000,0.000000,1294.83
16.42,99186.20,42.11,179.61,-0.08,-75.57,16.53,-1.295,14.200,-1.023,1.27,-5.01,8.88,0.000000,0.000000,1296.09
14.93,98937.39,42.10,200.71,-0.08,-75.57,16.53,-1.295,14.200,-1.023,2.28,-5.96,17.48,0.000000,0.000000,1297.39
14.96,98953.80,42.08,199.32,-0.08,-75.57,16.53,-1.295,14.200,-1.023,-4.25,-10.25,2.99,0.000000,0.000000,1298.66
16.74,99226.69,42.07,176.18,-0.08,-75.57,16.53,-1.295,14.200,-1.023,-20.34,-4.53,3.90,0.000000,0.000000,1299.93
13.45,98686.44,41.96,222.03,-0.08,-75.57,16.53,-1.295,14.200,-1.023,-7.27,-5.01,1.63,0.000000,0.000000,1301.19
14.30,98837.98,41.94,209.15,-0.08,-75.57,16.53,0.000,0.000,0.000,-8.27,-4.05,0.28,0.000000,0.000000,1302.46
19.60,99640.52,42.00,141.20,-0.08,-75.57,16.53,-1.295,14.200,-1.023,-6.26,-4.53,1.18,0.000000,0.000000,1303.73
19.98,99699.86,42.08,136.19,-0.08,-75.57,16.53,-1.295,14.200,-1.023,-5.26,-6.44,-1.08,0.000000,0.000000,1305.01
19.86,99715.23,42.13,134.89,-0.08,-75.57,16.53,-1.295,14.200,-1.023,-6.26,-6.44,-1.54,0.000000,0.000000,1306.27
20.10,99743.63,42.14,132.50,-0.08,-75.57,16.53,-1.295,14.200,-1.023,-5.76,-5.48,-1.54,0.000000,0.000000,1307.54
21.13,99904.70,42.16,118.93,-0.08,-75.57,16.53,0.000,0.000,0.000,-6.26,-5.01,0.73,0.000000,0.000000,1308.81
20.53,99822.39,42.17,125.86,-0.08,-75.57,16.53,-1.295,14.200,-1.023,-5.76,-6.44,-0.18,0.000000,0.000000,1310.08
13.71,98727.66,42.02,218.53,-0.08,-75.57,16.53,-1.295,14.200,-1.023,-5.26,-8.82,-3.35,0.000000,0.000000,1311.35
22.86,100185.69,42.13,95.29,-0.08,-75.57,16.53,-1.295,14.200,-1.023,7.31,-7.87,0.73,0.000000,0.000000,1312.62
18.56,99520.72,42.14,151.31,-0.08,-75.57,16.53,-1.295,14.200,-1.023,2.28,-10.73,5.26,0.000000,0.000000,1313.89
17.50,99334.93,42.09,167.02,-0.08,-75.57,16.53,0.000,0.000,0.000,1.78,-8.82,7.07,0.000000,0.000000,1315.16
20.40,99807.75,42.16,127.09,-0.08,-75.57,16.53,-1.295,14.200,-1.023,0.27,-9.78,7.07,0.000000,0.000000,1316.43
15.34,98998.42,42.07,195.53,-0.08,-75.57,16.53,-1.295,14.200,-1.023,1.78,-9.78,2.99,0.000000,0.000000,1317.70
16.50,99193.73,42.04,178.97,-0.08,-75.57,16.53,-1.295,14.200,-1.023,1.78,-14.07,2.09,0.000000,0.000000,1318.97
15.78,99071.83,42.06,189.30,-0.08,-75.57,16.53,-1.295,14.200,-1.023,1.27,-11.21,-1.08,0.000000,0.000000,1320.24
18.49,99485.78,42.10,154.27,-0.08,-75.57,16.53,0.000,0.000,0.000,6.80,-7.39,5.71,0.000000,0.000000,1321.51
17.91,99414.06,42.12,160.33,-0.08,-75.57,16.53,-1.295,14.200,-1.023,7.81,-10.25,6.61,0.000000,0.000000,1322.78
16.14,99127.17,42.09,184.61,-0.08,-75.57,16.53,-1.295,14.200,-1.023,2.28,-11.21,2.54,0.000000,0.000000,1324.05
17.86,99429.30,42.13,161.07,-0.08,-75.57,16.53,-1.295,14.200,-1.023,1.27,-10.25,0.28,0.000000,0.000000,1325.32
17.01,99264.45,42.11,172.98,-0.08,-75.57,16.53,-1.295,14.200,-1.023,5.80,-10.25,1.63,0.000000,0.000000,1326.59
18.07,99424.73,42.14,159.43,-0.08,-75.57,16.53,0.000,0.000,0.000,6.30,-9.78,0.73,0.000000,0.000000,1327.86
17.38,99332.44,42.13,167.23,-0.08,-75.57,16.53,-1.295,14.200,-1.023,3.79,-11.68,3.44,0.000000,0.000000,1329.13
17.87,99395.47,42.15,161.90,-0.08,-75.57,16.53,-1.295,14.200,-1.023,0.77,-9.78,1.63,0.000000,0.000000,1330.40
16.18,99127.95,42.12,184.55,-0.08,-75.57,16.53,-1.295,14.200,-1.023,1.27,-10.25,0.73,0.000000,0.000000,1331.67
15.79,99074.66,42.10,189.06,-0.08,-75.57,16.53,-1.295,14.200,-1.023,1.27,-12.16,0.73,0.000000,0.000000,1332.94
16.01,99096.45,42.09,187.22,-0.08,-75.57,16.53,0.000,0.000,0.000,2.78,-13.11,1.18,0.000000,0.000000,1334.21
16.20,99145.16,42.10,183.09,-0.08,-75.57,16.53,-1.295,14.200,-1.023,1.27,-10.73,0.28,0.000000,0.000000,1335.48
15.82,99067.55,42.08,189.67,-0.08,-75.57,16.53,-1.295,14.200,-1.023,3.79,-11.68,2.54,0.000000,0.000000,1336.75
18.09,99440.12,42.15,158.12,-0.08,-75.57,16.53,-1.295,14.200,-1.023,5.80,-8.82,4.35,0.000000,0.000000,1338.02
16.68,99208.98,42.14,177.68,-0.08,-75.57,16.53,-1.295,14.200,-1.023,7.31,-9.30,4.35,0.000000,0.000000,1339.29
23.20,100226.41,42.25,91.87,-0.08,-75.57,16.53,0.000,0.000,0.000,4.79,-9.78,1.18,0.000000,0.000000,1340.55
23.87,100332.14,42.30,82.99,-0.08,-75.57,16.53,-1.295,14.200,-1.023,3.29,-11.68,-0.63,0.000000,0.000000,1341.83
17.48,99338.72,42.21,166.70,-0.08,-75.57,16.53,-1.295,14.200,-1.023,4.79,-7.87,-3.80,0.000000,0.000000,1343.10
18.02,99407.31,42.18,160.90,-0.08,-75.57,16.53,-1.295,14.200,-1.023,7.31,-8.82,-2.44,0.000000,0.000000,1344.37
20.05,99746.63,42.21,132.25,-0.08,-75.57,16.53,-1.295,14.200,-1.023,2.78,-11.21,1.63,0.000000,0.000000,1345.64
18.29,99462.75,42.20,156.21,-0.08,-75.57,16.53,0.000,0.000,0.000,2.78,-9.30,1.18,0.000000,0.000000,1346.90
16.92,99241.09,42.18,174.96,-0.08,-75.57,16.53,-1.295,14.200,-1.023,2.28,-12.16,2.54,0.000000,0.000000,1348.18
15.99,99112.09,42.17,185.89,-0.08,-75.57,16.53,-1.295,14.200,-1.023,4.29,7.39,4.35,0.000000,0.000000,1349.44
15.94,99087.57,42.16,187.97,-0.08,-75.57,16.53,-1.295,14.200,0.000,3.29,7.87,-0.63,0.000000,0.000000,1350.71
16.15,99134.72,42.16,183.97,-0.08,-75.57,16.53,-1.295,14.200,-1.023,2.28,9.78,1.63,0.000000,0.000000,1351.98
14.41,98846.05,42.11,208.46,-0.08,-75.57,16.53,-1.295,26.189,-1.023,3.29,5.48,2.09,0.000000,0.000000,1353.25
15.67,99060.38,42.08,190.27,-0.08,-75.57,16.53,-1.295,14.200,-1.023,1.78,9.78,7.52,0.000000,0.000000,1354.52
13.39,98686.02,42.08,222.07,-0.08,-75.57,16.53,-1.295,14.200,-1.023,-4.76,-7.39,14816.51,0.000000,0.000000,1355.80
16.37,99152.02,42.11,182.51,-0.08,-75.57,16.53,-1.295,14.200,-1.023,-4.76,-5.96,5.71,0.000000,0.000000,1357.06
15.42,99016.00,42.12,194.04,-0.08,-75.57,16.53,-1.295,14.200,-1.023,-0.23,-6.92,-0.18,0.000000,0.000000,1358.34
14.31,98826.95,42.07,210.09,-0.08,-75.57,16.53,0.000,0.000,0.000,-2.24,-6.44,9.33,0.000000,0.000000,1359.60
15.41,99013.05,42.10,194.29,-0.08,-75.57,16.53,-1.295,14.200,-1.023,-0.74,-8.35,5.26,0.000000,0.000000,1360.87
14.66,98870.75,42.06,206.37,-0.08,-75.57,16.53,-1.295,14.200,-1.023,1.27,-7.39,6.61,0.000000,0.000000,1362.14
14.37,98848.13,42.03,208.29,-0.08,-75.57,16.53,-1.295,14.200,-1.023,0.77,-7.39,7.07,0.000000,0.000000,1363.41
11.50,98390.44,42.00,247.24,-0.08,-75.57,16.53,-1.295,14.200,-1.023,-5.26,-3.58,2.09,0.000000,0.000000,1364.71
14.01,98775.64,42.03,214.45,-0.08,-75.57,16.53,-1.295,14.200,-1.023,-0.74,-5.96,6.61,0.000000,0.000000,1365.99
13.42,98702.25,42.04,220.69,-0.08,-75.57,16.53,-1.295,14.200,-1.023,3.79,-9.78,12.05,0.000000,0.000000,1367.28
13.25,98669.20,42.03,223.50,-0.08,-75.57,16.53,-1.295,14.200,-1.023,3.29,-9.30,6.61,0.000000,0.000000,1369.56
15.21,98976.91,42.17,197.36,-0.08,-75.57,16.53,-1.295,14.200,-1.023,2.28,0.24,9.78,0.000000,0.000000,1370.83
17.33,99286.98,42.13,171.08,-0.08,-75.57,16.53,-1.295,14.200,-1.023,-1.24,0.24,9.78,0.000000,0.000000,1372.10
19.00,99574.87,42.17,146.74,-0.08,-75.57,16.53,-1.295,14.200,-1.023,1.27,0.24,10.24,0.000000,0.000000,1373.37
17.78,99366.69,42.16,164.33,-0.08,-75.57,16.53,0.000,0.000,0.000,0.27,2.62,8.42,0.000000,0.000000,1374.64
20.45,99753.00,42.22,128.69,-0.08,-75.57,16.53,-1.295,14.200,-1.023,-1.24,-0.24,8.88,0.000000,0.000000,1375.91
20.20,99750.59,42.20,131.91,-0.08,-75.57,16.53,-1.295,14.200,-1.023,-1.24,2.15,8.88,0.000000,0.000000,1377.18
20.92,99863.34,42.21,122.41,-0.08,-75.57,16.53,-1.295,14.200,-1.023,0.27,2.15,9.78,0.000000,0.000000,1378.45
20.57,99806.61,42.22,127.19,-0.08,-75.57,16.53,-1.295,14.200,-1.023,-0.74,1.19,8.42,0.000000,0.000000,1379.72
20.44,99792.81,42.24,128.35,-0.08,-75.57,16.53,-1.295,26.189,-1.023,-0.74,2.62,8.88,0.000000,0.000000,1380.99
21.71,99987.20,42.26,111.98,-0.08,-75.57,16.53,-1.295,14.200,-1.023,-2.24,3.58,9.78,0.000000,0.000000,1382.26
21.46,99942.09,42.25,115.78,-0.08,-75.57,16.53,-1.295,14.200,-1.023,-1.74,1.19,8.88,0.000000,0.000000,1383.53
21.07,99892.06,42.25,119.99,-0.08,-75.57,16.53,-1.295,14.200,-1.023,0.27,1.67,7.07,0.000000,0.000000,1384.80
21.67,99975.55,42.25,112.96,-0.08,-75.57,16.53,-1.295,14.200,-1.023,-2.75,1.67,7.97,0.000000,0.000000,1386.07
21.54,99955.44,42.24,114.65,-0.08,-75.57,16.53,0.000,0.000,0.000,-2.24,1.67,8.88,0.000000,0.000000,1387.33
19.28,99616.88,42.24,143.19,-0.08,-75.57,16.53,-1.295,14.200,-1.023,2.28,-0.72,8.42,0.000000,0.000000,1388.61
19.93,99703.84,42.24,135.86,-0.08,-75.57,16.53,-1.295,14.200,-1.023,0.27,0.71,11.59,0.000000,0.000000,1389.88
22.57,100114.24,42.26,101.30,-0.08,-75.57,16.53,-1.295,14.200,-1.023,-1.74,2.15,9.78,0.000000,0.000000,1391.15
21.04,99880.38,42.27,120.97,-0.08,-75.57,16.53,-1.295,14.200,-1.023,-2.75,3.10,8.42,0.000000,0.000000,1392.42
22.07,100042.41,42.29,107.34,-0.08,-75.57,16.53,-1.295,26.189,-1.023,-0.74,2.62,11.14,0.000000,0.000000,1393.69
21.07,99885.57,42.28,120.54,-0.08,-75.57,16.53,-1.295,14.200,-1.023,-1.24,1.67,9.33,0.000000,0.000000,1394.95
21.22,99922.73,42.29,117.41,-0.08,-75.57,16.53,-1.295,14.200,-1.023,0.77,1.67,9.33,0.000000,0.000000,1396.22
20.09,99729.41,42.27,133.70,-0.08,-75.57,16.53,-1.295,14.200,-1.023,-2.24,1.19,8.88,0.000000,0.000000,1397.49
20.91,99854.16,42.27,123.18,-0.08,-75.57,16.53,-1.295,14.200,-1.023,-1.74,1.19,10.24,0.000000,0.000000,1398.77
20.93,99869.94,42.28,121.85,-0.08,-75.57,16.53,0.000,0.000,0.000,0.27,3.58,9.33,0.000000,0.000000,1400.03
20.03,99726.19,42.31,133.97,-0.08,-75.57,16.53,-1.295,14.200,-1.023,1.78,1.67,9.78,0.000000,0.000000,1401.30
20.47,99783.98,42.28,129.10,-0.08,-75.57,16.53,-1.295,14.200,-1.023,-1.24,1.19,10.69,0.000000,0.000000,1402.57
20.62,99819.68,42.30,126.09,-0.08,-75.57,16.53,-1.295,14.200,-1.023,-1.74,2.15,8.88,0.000000,0.000000,1403.84
21.66,99984.53,42.32,112.21,-0.08,-75.57,16.53,-1.295,14.200,-1.023,2.78,3.10,9.33,0.000000,0.000000,1405.11
21.99,100031.27,42.33,108.27,-0.08,-75.57,16.53,0.000,0.000,0.000,0.27,0.71,8.88,0.000000,0.000000,1406.38
21.26,99818.08,42.31,118.18,-0.08,-75.57,16.53,-1.295,14.200,-1.023,1.27,0.71,7.97,0.000000,0.000000,1407.65
20.60,99817.05,42.32,126.31,-0.08,-75.57,16.53,-1.295,14.200,-1.023,-0.23,3.10,9.33,0.000000,0.000000,1408.92
21.16,99897.38,42.32,119.54,-0.08,-75.57,16.53,-1.295,14.200,-1.023,0.77,4.53,8.88,0.000000,0.000000,1410.19
19.29,99603.45,42.27,142.98,-0.08,-75.57,16.53,-1.295,14.200,-1.023,1.27,1.67,9.78,0.000000,0.000000,1411.46
21.14,99888.98,42.32,120.25,-0.08,-75.57,16.53,0.000,0.000,0.000,-4.25,-1.19,7.52,0.000000,0.000000,1412.73
22.36,100086.53,42.33,103.63,-0.08,-75.57,16.53,-1.295,14.200,-1.023,-1.74,3.58,9.78,0.000000,0.000000,1414.00
20.22,99741.06,42.30,132.72,-0.08,-75.57,16.53,-1.295,14.200,-1.023,-0.74,0.71,9.33,0.000000,0.000000,1415.27
17.42,99319.94,42.28,168.29,-0.08,-75.57,16.53,-1.295,14.200,-1.023,0.27,-0.72,9.78,0.000000,0.000000,1416.54
21.91,100001.16,42.33,110.81,-0.08,-75.57,16.53,-1.295,14.200,-1.023,-0.74,3.10,9.78,0.000000,0.000000,1417.81
19.81,99702.77,42.34,135.95,-0.08,-75.57,16.53,0.000,0.000,0.000,0.77,1.19,11.59,0.000000,0.000000,1419.08
8.31,97877.89,42.13,291.03,-0.08,-75.57,16.53,-1.295,14.200,-1.023,3.79,-6.44,17.03,0.000000,0.000000,1420.37
11.22,98325.61,42.14,252.77,-0.08,-75.57,16.53,-1.295,14.200,-1.023,5.80,1.67,11.14,0.000000,0.000000,1421.66
13.84,98764.02,42.18,215.44,-0.08,-75.57,16.53,-1.295,14.200,-1.023,6.30,-8.82,17.48,0.000000,0.000000,1422.95
8.31,97890.08,42.08,289.99,-0.08,-75.57,16.53,-1.295,14.200,-1.023,8.31,-4.53,14.31,0.000000,0.000000,1424.24
11.38,98339.36,42.08,251.59,-0.08,-75.57,16.53,-1.295,14.200,-1.023,9.82,1.19,28.80,0.000000,0.000000,1425.53
13.62,98722.22,42.13,218.99,-0.08,-75.57,16.53,-1.295,14.200,-1.023,5.80,0.24,9.78,0.000000,0.000000,1426.80
10.28,98181.91,42.05,265.03,-0.08,-75.57,16.53,-1.295,14.200,-1.023,3.29,2.62,14.76,0.000000,0.000000,1428.09
13.09,98619.20,42.09,227.75,-0.08,-75.57,16.53,-1.295,14.200,-1.023,3.79,-5.96,4.80,0.000000,0.000000,1430.37
12.15,98507.27,42.23,237.28,-0.08,-75.57,16.53,-1.295,14.200,-1.023,1.27,1.19,10.69,0.000000,0.000000,1431.66
12.45,98545.58,42.17,234.02,-0.08,-75.57,16.53,-1.295,14.200,-1.023,2.28,-12.64,12.50,0.000000,0.000000,1432.95
9.18,98023.73,42.07,278.55,-0.08,-75.57,16.53,-1.295,14.200,-1.023,2.78,-6.92,10.24,0.000000,0.000000,1434.23
7.34,97721.97,42.02,304.39,-0.08,-75.57,16.53,-1.295,14.200,-1.023,4.29,-8.35,6.61,0.000000,0.000000,1435.53
8.69,97953.16,42.01,284.59,-0.08,-75.57,16.53,-1.295,14.200,-1.023,6.30,-8.35,6.61,0.000000,0.000000,1437.81
17.26,99277.28,42.30,171.90,-0.08,-75.57,16.53,-1.295,14.200,-1.023,0.77,-5.01,9.78,0.000000,0.000000,1439.08
15.82,99071.28,42.28,189.35,-0.08,-75.57,16.53,-1.295,14.200,-1.023,2.28,-8.82,7.52,0.000000,0.000000,1440.35
15.97,99071.92,42.28,189.30,-0.08,-75.57,16.53,-1.295,14.200,-1.023,2.78,-11.21,0.28,0.000000,0.000000,1441.62
20.79,99831.11,42.35,125.13,-0.08,-75.57,16.53,-1.295,14.200,-1.023,0.77,-9.30,3.90,0.000000,0.000000,1442.89
12.80,98578.22,42.22,231.24,-0.08,-75.57,16.53,-1.295,14.200,-1.023,3.79,-10.73,4.35,0.000000,0.000000,1444.16
19.73,99654.84,42.30,139.99,-0.08,-75.57,16.53,-1.295,14.200,-1.023,-1.74,-8.82,3.44,0.000000,0.000000,1445.43
19.57,99640.37,42.34,141.21,-0.08,-75.57,16.53,-1.295,14.200,-1.023,-1.74,-12.16,2.09,0.000000,0.000000,1446.70
16.27,99117.06,42.31,185.47,-0.08,-75.57,16.53,-1.295,14.200,-1.023,-0.23,-8.82,0.73,0.000000,0.000000,1447.97
17.23,99258.44,42.28,173.49,-0.08,-75.57,16.53,0.000,0.000,0.000,-0.23,-8.82,2.54,0.000000,0.000000,1449.24
14.88,98904.06,42.26,203.54,-0.08,-75.57,16.53,-1.295,14.200,-1.023,-1.74,-8.82,1.63,0.000000,0.000000,1450.51
16.23,99097.69,42.25,187.11,-0.08,-75.57,16.53,-1.295,14.200,-1.023,-1.24,-7.87,2.09,0.000000,0.000000,1451.78
15.92,99075.14,42.27,189.02,-0.08,-75.57,16.53,-1.295,14.200,-1.023,-1.74,-8.82,2.54,0.000000,0.000000,1453.05
14.89,98891.85,42.25,204.57,-0.08,-75.57,16.53,-1.295,14.200,-1.023,-0.74,-11.68,2.54,0.000000,0.000000,1454.32
16.61,99182.59,42.28,179.92,-0.08,-75.57,16.53,0.000,0.000,0.000,-1.24,-7.87,1.63,0.000000,0.000000,1455.59
14.99,98911.63,42.25,202.90,-0.08,-75.57,16.53,-1.295,14.200,-1.023,-0.74,-8.35,2.09,0.000000,0.000000,1456.86
16.03,99065.47,42.24,189.84,-0.08,-75.57,16.53,-1.295,14.200,-1.023,-0.74,-10.73,0.73,0.000000,0.000000,1458.13
14.38,98824.55,42.25,210.29,-0.08,-75.57,16.53,-1.295,14.200,-1.023,-0.74,-10.73,0.28,0.000000,0.000000,1459.40
17.44,99282.80,42.27,171.43,-0.08,-75.57,16.53,-1.295,14.200,-1.023,0.77,-8.82,2.99,0.000000,0.000000,1460.67
16.61,99177.52,42.30,180.35,-0.08,-75.57,16.53,0.000,0.000,0.000,0.77,-8.82,1.18,0.000000,0.000000,1461.93
15.80,99033.20,42.29,192.58,-0.08,-75.57,16.53,-1.295,14.200,-1.023,-1.24,-10.73,4.80,0.000000,0.000000,1463.21
16.21,99117.66,42.31,185.42,-0.08,-75.57,16.53,-1.295,14.200,-1.023,-0.74,-9.30,1.18,0.000000,0.000000,1464.48
14.17,98779.28,42.26,214.14,-0.08,-75.57,16.53,-1.295,14.200,-1.023,0.27,-8.35,2.99,0.000000,0.000000,1465.75
15.78,99022.61,42.24,193.48,-0.08,-75.57,16.53,-1.295,14.200,-1.023,1.78,-10.25,3.44,0.000000,0.000000,1467.02
14.17,98785.17,42.24,213.64,-0.08,-75.57,16.53,0.000,0.000,0.000,-0.74,-9.30,2.99,0.000000,0.000000,1468.28
15.54,98986.95,42.24,196.50,-0.08,-75.57,16.53,-1.295,14.200,-1.023,1.27,-10.25,2.99,0.000000,0.000000,1469.56
16.77,99196.97,42.28,178.70,-0.08,-75.57,16.53,-1.295,14.200,-1.023,-0.74,-7.87,-0.18,0.000000,0.000000,1470.83
20.06,99704.50,42.37,135.80,-0.08,-75.57,16.53,-1.295,14.200,0.000,-4.25,-11.21,2.54,0.000000,0.000000,1472.10
19.85,99496.92,42.40,136.92,-0.08,-75.57,16.53,-1.295,14.200,-1.023,-2.75,-7.87,2.09,0.000000,0.000000,1473.37
18.72,99511.23,42.42,152.11,-0.08,-75.57,16.53,-1.295,26.189,-1.023,-2.24,-8.82,0.73,0.000000,0.000000,1474.64
18.65,99490.16,42.43,153.90,-0.08,-75.57,16.53,-1.295,14.200,-1.023,-3.25,-10.25,1.63,0.000000,0.000000,1475.91
18.97,99554.49,42.46,148.46,-0.08,-75.57,16.53,-1.295,14.200,-1.023,-3.25,-7.39,0.73,0.000000,0.000000,1477.17
16.69,99189.75,42.43,179.31,-0.08,-75.57,16.53,-1.295,14.200,-1.023,-2.24,-10.25,0.28,0.000000,0.000000,1478.45
17.38,99289.30,42.44,170.88,-0.08,-75.57,16.53,-1.295,14.200,-1.023,-1.74,-10.25,-1.08,0.000000,0.000000,1479.72
16.27,99137.39,42.45,183.75,-0.08,-75.57,16.53,0.000,0.000,0.000,-2.24,-8.82,-2.89,0.000000,0.000000,1480.98
14.94,98910.27,42.41,203.01,-0.08,-75.57,16.53,-1.295,14.200,-1.023,-1.24,-7.87,0.28,0.000000,0.000000,1482.25
21.59,99960.95,42.54,114.19,-0.08,-75.57,16.53,-1.295,14.200,-1.023,-1.74,-10.73,-1.99,0.000000,0.000000,1483.53
17.95,99388.38,42.51,162.50,-0.08,-75.57,16.53,-1.295,14.200,-1.023,-1.24,-9.30,-1.08,0.000000,0.000000,1484.79
19.56,99640.02,42.56,141.24,-0.08,-75.57,16.53,-1.295,14.200,-1.023,-1.24,-9.30,0.73,0.000000,0.000000,1486.06
19.12,99584.56,42.57,145.92,-0.08,-75.57,16.53,0.000,0.000,0.000,-1.74,-9.78,-1.54,0.000000,0.000000,1487.33
18.04,99405.99,42.56,161.01,-0.08,-75.57,16.53,-1.295,14.200,-1.023,-1.74,-11.21,-0.63,0.000000,0.000000,1488.60
21.02,99868.77,42.60,121.95,-0.08,-75.57,16.53,-1.295,14.200,-1.023,-1.74,-9.30,1.18,0.000000,0.000000,1489.87
21.87,100008.09,42.66,110.22,-0.08,-75.57,16.53,-1.295,14.200,-1.023,-1.74,-8.82,-0.63,0.000000,0.000000,1491.14
27.57,100900.80,42.75,35.38,-0.08,-75.57,16.53,-1.295,14.200,-1.023,-0.23,-7.39,1.63,0.000000,0.000000,1492.41
27.20,100850.20,42.79,39.61,-0.08,-75.57,16.53,0.000,0.000,0.000,0.77,-8.35,0.28,0.000000,0.000000,1493.68
18.41,99446.52,42.63,157.58,-0.08,-75.57,16.53,-1.295,14.200,-1.023,1.78,-7.87,6.16,0.000000,0.000000,1494.95
17.02,99253.39,42.58,173.92,-0.08,-75.57,16.53,-1.295,14.200,-1.023,1.78,-10.73,4.80,0.000000,0.000000,1496.22
13.36,98655.41,42.48,224.67,-0.08,-75.57,16.53,-1.295,14.200,-1.023,0.27,-10.25,2.99,0.000000,0.000000,1497.49
13.00,98618.73,42.44,227.79,-0.08,-75.57,16.53,-1.295,14.200,-1.023,-0.23,-11.21,1.63,0.000000,0.000000,1498.76
13.18,98624.36,42.38,227.31,-0.08,-75.57,16.53,0.000,0.000,0.000,-0.23,-10.25,0.73,0.000000,0.000000,1500.03
13.48,98693.27,42.40,221.45,-0.08,-75.57,16.53,-1.295,14.200,-1.023,-1.74,-9.30,-1.54,0.000000,0.000000,1501.30
12.56,98522.53,42.36,235.98,-0.08,-75.57,16.53,-1.295,14.200,-1.023,-1.24,-9.30,0.28,0.000000,0.000000,1502.57
11.53,98384.44,42.34,247.75,-0.08,-75.57,16.53,-1.295,14.200,-1.023,-2.24,-10.25,1.63,0.000000,0.000000,1503.84
14.74,98874.71,42.39,206.03,-0.08,-75.57,16.53,-1.295,14.200,-1.023,-2.24,-9.30,-1.99,0.000000,0.000000,1505.11
15.52,99016.55,42.47,193.99,-0.08,-75.57,16.53,0.000,0.000,0.000,-0.23,-10.25,1.18,0.000000,0.000000,1506.38
14.08,98775.33,42.47,214.47,-0.08,-75.57,16.53,-1.295,14.200,-1.023,-2.75,-9.78,1.63,0.000000,0.000000,1507.65
13.44,98691.21,42.47,221.63,-0.08,-75.57,16.53,-1.295,14.200,-1.023,-2.24,-10.25,2.54,0.000000,0.000000,1508.92
15.21,98955.08,42.50,199.21,-0.08,-75.57,16.53,-1.295,14.200,0.000,-0.74,-8.82,0.28,0.000000,0.000000,1510.19
17.56,99309.55,42.53,169.17,-0.08,-75.57,16.53,-1.295,14.200,-1.023,-4.76,-5.96,-1.99,0.000000,0.000000,1511.46
18.60,99484.95,42.59,154.33,-0.08,-75.57,16.53,0.000,0.000,0.000,-4.25,-7.39,1.18,0.000000,0.000000,1512.73
15.45,98975.79,42.54,197.45,-0.08,-75.57,16.53,-1.295,14.200,-1.023,1.27,-6.92,6.16,0.000000,0.000000,1514.00
32.53,101779.13,44.31,-37.74,9.00,2.14,3.07,1.282,-0.166,0.975,2.28,-7.87,0.73,0.000000,0.000000,1690.85
12.00,98536.66,43.85,234.78,8.50,-1.21,4.38,0.577,-0.195,0.006,1.27,-12.16,5.26,0.000000,0.000000,1692.07
11.10,98388.21,43.65,247.43,8.68,-1.98,3.79,-0.417,-4.383,-0.136,0.27,-13.59,4.80,0.000000,0.000000,1693.23
22.30,100132.48,43.75,99.76,7.61,3.21,2.91,-0.354,-0.686,-0.199,4.29,-6.44,1.18,0.000000,0.000000,1694.37
13.63,98771.63,43.59,214.79,3.05,9.05,4.66,-0.117,-0.381,-0.314,11.83,-6.92,4.80,0.000000,0.000000,1695.53
15.74,99113.09,43.58,185.81,-2.04,-1.06,8.70,1.889,0.060,-1.437,3.29,0.71,11.14,0.000000,0.000000,1696.68
15.30,99028.41,43.55,192.99,-0.94,2.87,7.79,0.465,0.076,1.234,4.79,-0.24,9.78,0.000000,0.000000,1697.84
15.73,99105.23,43.54,186.47,-0.80,9.33,3.45,-1.028,0.525,1.895,10.32,0.24,7.97,0.000000,0.000000,1698.99
16.25,99175.56,43.50,180.51,0.35,10.44,4.89,-0.900,-0.529,0.134,15.85,-0.72,6.61,0.000000,0.000000,1700.15
15.37,99039.92,43.48,192.01,6.69,4.74,7.12,0.656,-0.244,0.513,7.31,-8.35,12.50,0.000000,0.000000,1701.30
18.19,99550.53,43.54,153.59,7.84,0.68,5.55,-0.180,-0.133,0.533,4.79,-11.68,6.61,0.000000,0.000000,1702.45
14.69,98929.55,43.46,201.37,8.08,0.27,6.09,-0.234,0.054,-0.174,2.28,-10.25,6.61,0.000000,0.000000,1703.61
15.41,99055.39,43.45,190.70,7.85,1.15,6.16,0.097,-0.149,-0.188,4.29,-8.82,8.42,0.000000,0.000000,1704.76
16.37,99182.94,43.44,179.89,9.16,5.73,3.60,0.002,-0.603,-1.014,9.32,-10.73,4.80,0.000000,0.000000,1705.91
14.31,98878.43,43.42,205.71,5.48,4.75,7.33,-0.059,-0.024,0.630,7.31,-9.78,12.05,0.000000,0.000000,1707.09
12.97,98652.52,43.33,224.92,-2.57,3.90,9.88,0.069,1.938,-0.760,8.31,0.24,24.27,0.000000,0.000000,1708.26
17.98,99455.63,43.44,156.81,-8.35,-1.53,1.26,0.621,1.100,-0.276,0.77,6.91,4.80,0.000000,0.000000,1709.42
16.73,99245.85,43.42,174.56,-9.58,-1.34,-0.15,0.246,-0.154,0.341,0.77,8.34,3.90,0.000000,0.000000,1710.57
14.40,98887.53,43.37,204.94,-18.86,0.76,0.87,0.177,0.038,0.004,2.28,6.44,1.18,0.000000,0.000000,1712.83
15.32,99028.53,43.44,192.98,-0.08,-75.57,16.53,-1.295,14.200,-1.023,4.79,8.34,1.18,0.000000,0.000000,1714.10
17.55,99392.08,43.45,162.19,-0.08,-75.57,16.53,-1.295,14.200,-1.023,-0.23,7.39,-1.54,0.000000,0.000000,1715.37
15.28,99014.48,43.36,194.17,-0.08,-75.57,16.53,-1.295,14.200,-1.023,-1.74,8.34,2.09,0.000000,0.000000,1716.63
15.92,99140.56,43.31,186.57,-0.08,-75.57,16.53,-1.295,14.200,-1.023,-1.74,7.87,1.18,0.000000,0.000000,1717.90
14.94,98959.83,43.32,198.80,-0.08,-75.57,16.53,-1.295,14.200,-1.023,-31.40,4.53,0.73,0.000000,0.000000,1719.17
15.51,99052.44,43.30,190.95,-0.08,-75.57,16.53,-1.295,14.200,-1.023,-0.74,5.01,2.09,0.000000,0.000000,1720.43
14.06,98834.12,43.25,209.48,-0.08,-75.57,16.53,-1.295,14.200,-1.023,1.27,5.01,3.44,0.000000,0.000000,1721.70
14.58,98900.81,43.21,203.81,-0.08,-75.57,16.53,-1.295,14.200,-1.023,0.77,7.87,2.09,0.000000,0.000000,1722.96
13.70,98774.84,43.21,214.52,-0.08,-75.57,16.53,-1.295,14.200,-1.023,0.27,8.34,2.09,0.000000,0.000000,1724.23
15.69,99066.16,43.20,189.78,-0.08,-75.57,16.53,-1.295,14.200,-1.023,14.85,5.48,6.16,0.000000,0.000000,1725.50
14.18,98845.91,43.17,208.48,-0.08,-75.57,16.53,-1.295,14.200,-1.023,-6.26,-0.72,2.09,0.000000,0.000000,1726.76
13.72,98757.89,43.07,215.96,-0.08,-75.57,16.53,-1.295,14.200,-1.023,1.78,9.78,1.63,0.000000,0.000000,1728.03
12.39,98564.17,43.02,232.44,-0.08,-75.57,16.53,-1.295,-28.220,2.248,1.78,7.87,-4.25,0.000000,0.000000,1730.30
12.51,98577.98,43.08,231.26,-0.08,-75.57,16.53,0.000,0.000,0.000,-0.74,8.34,-4.25,0.000000,0.000000,1732.57
12.98,98649.05,43.08,225.21,-0.08,-75.57,16.53,-1.295,14.200,-1.023,-2.24,5.96,2.99,0.000000,0.000000,1733.84
16.15,99151.91,43.08,182.52,-0.08,-75.57,16.53,-1.295,14.200,-1.023,-3.75,5.96,5.26,0.000000,0.000000,1735.10
22.17,100087.41,43.18,103.55,-0.08,-75.57,16.53,-1.295,14.200,-1.023,0.27,4.53,7.52,0.000000,0.000000,1736.37
21.30,99954.97,43.16,114.69,-0.08,-75.57,16.53,-1.295,14.200,-1.023,-0.74,15.97,16.57,0.000000,0.000000,1737.64
21.86,100040.84,43.09,107.47,-0.08,-75.57,16.53,-1.295,14.200,-1.023,0.77,3.58,-4.71,0.000000,0.000000,1738.90
22.05,100074.58,43.00,104.63,-0.08,-75.57,16.53,-1.295,14.200,-1.023,2.28,2.15,12.05,0.000000,0.000000,1740.17
17.80,99418.88,42.86,159.92,-0.08,-75.57,16.53,-1.295,14.200,-1.023,1.27,1.19,8.42,0.000000,0.000000,1741.43
16.28,99176.23,42.78,180.46,-0.08,-75.57,16.53,-1.295,14.200,-1.023,1.78,4.05,9.78,0.000000,0.000000,1742.70
17.54,99365.03,42.75,164.47,-0.08,-75.57,16.53,-1.295,14.200,-1.023,2.28,3.58,8.88,0.000000,0.000000,1743.97
19.62,99707.59,42.79,135.54,-0.08,-75.57,16.53,-1.295,14.200,-1.023,-1.74,6.44,7.52,0.000000,0.000000,1745.23
28.00,101012.33,42.92,26.06,-0.08,-75.57,16.53,-1.295,14.200,-1.023,-4.76,7.87,0.73,0.000000,0.000000,1746.50
27.48,100938.72,42.94,32.21,-0.08,-75.57,16.53,-1.295,14.200,-1.023,-0.23,11.68,6.61,0.000000,0.000000,1747.77
22.68,100210.09,42.83,93.24,-0.08,-75.57,16.53,-1.295,14.200,-1.023,-8.78,2.15,1.18,0.000000,0.000000,1749.03
22.54,100158.63,42.79,97.56,-0.08,-75.57,16.53,-1.295,14.200,-1.023,11.33,3.10,8.42,0.000000,0.000000,1750.30
15.75,99094.79,42.64,187.36,-0.08,-75.57,16.53,-1.295,14.200,-1.023,3.29,6.44,8.88,0.000000,0.000000,1751.56
17.87,99407.68,42.59,160.87,-0.08,-75.57,16.53,-1.295,14.200,-1.023,5.30,-1.67,10.24,0.000000,0.000000,1752.83
13.41,98723.16,42.50,218.91,-0.08,-75.57,16.53,-1.295,14.200,-1.023,11.83,-1.19,3.90,0.000000,0.000000,1754.10
26.19,100698.57,42.65,52.29,-0.08,-75.57,16.53,-1.295,14.200,-1.023,12.33,-8.82,-4.25,0.000000,0.000000,1755.36
22.92,100218.36,42.67,92.55,-0.08,-75.57,16.53,-1.295,14.200,-1.023,3.79,-8.35,-18.29,0.000000,0.000000,1756.63
20.92,99897.52,42.67,119.53,-0.08,-75.57,16.53,-1.295,14.200,-1.023,2.78,-1.67,6.16,0.000000,0.000000,1757.89
23.29,100278.98,42.70,87.45,-0.08,-75.57,16.53,-1.295,14.200,-1.023,2.28,-3.58,-12.40,0.000000,0.000000,1759.16
18.74,99565.23,42.65,147.55,-0.08,-75.57,16.53,-1.295,14.200,-1.023,-7.27,0.24,-6.52,0.000000,0.000000,1760.42
16.65,99220.00,42.55,176.75,-0.08,-75.57,16.53,-1.295,14.200,-1.023,-7.27,0.71,-4.25,0.000000,0.000000,1761.69
17.98,99430.88,42.54,158.90,-0.08,-75.57,16.53,-1.295,14.200,-1.023,-6.26,-6.92,4.35,0.000000,0.000000,1762.96
16.04,99132.06,42.52,184.20,-0.08,-75.57,16.53,-1.295,14.200,-1.023,-9.28,5.96,1.18,0.000000,0.000000,1764.22
16.31,99155.26,42.47,182.23,-0.08,-75.57,16.53,-1.295,14.200,-1.023,3.79,-1.19,8.42,0.000000,0.000000,1765.49
16.25,99156.80,42.46,182.10,-0.08,-75.57,16.53,-1.295,14.200,-1.023,5.80,-2.15,12.50,0.000000,0.000000,1766.75
15.90,99110.02,42.47,186.07,-0.08,-75.57,16.53,-1.295,14.200,-1.023,8.31,1.19,12.05,0.000000,0.000000,1768.02
18.30,99492.73,42.53,153.68,-0.08,-75.57,16.53,-1.295,14.200,-1.023,4.29,1.19,13.40,0.000000,0.000000,1769.29
13.97,98796.67,42.45,212.66,-0.08,-75.57,16.53,-1.295,14.200,-1.023,-0.74,-5.96,11.59,0.000000,0.000000,1770.57
15.71,99067.39,42.45,189.68,-0.08,-75.57,16.53,-1.295,14.200,-1.023,-1.74,-4.05,8.88,0.000000,0.000000,1771.84
14.78,98933.30,42.45,201.06,-0.08,-75.57,16.53,-1.295,14.200,-1.023,-2.24,-2.15,8.88,0.000000,0.000000,1773.10
15.79,99079.28,42.46,188.67,-0.08,-75.57,16.53,-1.295,14.200,-1.023,1.27,-13.59,4.80,0.000000,0.000000,1774.37
17.08,99300.55,42.50,169.93,-0.08,-75.57,16.53,-1.295,14.200,-1.023,0.77,-9.78,2.09,0.000000,0.000000,1775.64
14.15,98823.41,42.46,210.39,-0.08,-75.57,16.53,-1.295,14.200,-1.023,3.29,-8.82,4.80,0.000000,0.000000,1776.90
16.82,99255.60,42.52,173.73,-0.08,-75.57,16.53,-1.295,14.200,-1.023,2.78,-11.21,-0.18,0.000000,0.000000,1778.17
16.23,99153.44,42.54,182.39,-0.08,-75.57,16.53,-1.295,14.200,-1.023,2.28,-11.21,0.73,0.000000,0.000000,1779.43
17.44,99340.23,42.55,166.57,-0.08,-75.57,16.53,-1.295,14.200,-1.023,3.79,-12.16,4.35,0.000000,0.000000,1780.70
16.77,99243.75,42.58,174.74,-0.08,-75.57,16.53,-1.295,14.200,-1.023,2.78,-10.73,1.63,0.000000,0.000000,1781.97
17.53,99348.70,42.58,165.86,-0.08,-75.57,16.53,-1.295,14.200,-1.023,3.29,-9.30,-3.80,0.000000,0.000000,1783.23
17.20,99312.14,42.59,168.95,-0.08,-75.57,16.53,-1.295,14.200,-1.023,6.80,-0.72,-10.14,0.000000,0.000000,1784.50
15.44,99031.52,42.58,192.72,-0.08,-75.57,16.53,-1.295,14.200,-1.023,1.27,-1.19,-9.23,0.000000,0.000000,1785.76
14.88,98956.49,42.56,199.09,-0.08,-75.57,16.53,-1.295,14.200,-1.023,8.31,-0.24,3.44,0.000000,0.000000,1787.03
14.01,98798.73,42.50,212.49,-0.08,-75.57,16.53,-1.295,14.200,-1.023,6.30,-10.73,0.28,0.000000,0.000000,1788.30
14.83,98941.16,42.49,200.39,-0.08,-75.57,16.53,-1.295,14.200,-1.023,4.29,-10.73,0.28,0.000000,0.000000,1789.56
13.80,98762.60,42.46,215.56,-0.08,-75.57,16.53,-1.295,14.200,-1.023,3.29,-10.25,1.18,0.000000,0.000000,1790.83
18.84,99559.36,42.54,148.05,-0.08,-75.57,16.53,-1.295,14.200,-1.023,6.30,-10.73,-1.54,0.000000,0.000000,1792.10
14.21,98827.58,42.49,210.03,-0.08,-75.57,16.53,-1.295,14.200,-1.023,3.79,-11.21,4.35,0.000000,0.000000,1793.36
15.24,98986.34,42.48,196.55,-0.08,-75.57,16.53,-1.295,14.200,-1.023,1.27,4.53,15.67,0.000000,0.000000,1795.64
16.24,99163.40,42.57,181.54,-0.08,-75.57,16.53,-1.295,14.200,-1.023,5.80,-3.10,12.50,0.000000,0.000000,1796.90
15.86,99088.04,42.47,187.93,-0.08,-75.57,16.53,-1.295,14.200,-1.023,10.32,-5.48,0.73,0.000000,0.000000,1798.17
19.02,99567.43,42.45,147.37,-0.08,-75.57,16.53,-1.295,14.200,-1.023,9.82,-4.05,2.54,0.000000,0.000000,1799.44
17.17,99296.96,42.45,170.23,-0.08,-75.57,16.53,-1.295,14.200,-1.023,7.31,-11.68,3.44,0.000000,0.000000,1800.70
17.18,99286.97,42.42,171.08,-0.08,-75.57,16.53,-1.295,14.200,-1.023,8.81,-9.78,6.16,0.000000,0.000000,1801.97
21.34,99955.63,42.51,114.64,-0.08,-75.57,16.53,-1.295,14.200,-1.023,5.80,-8.82,1.18,0.000000,0.000000,1803.23
21.31,99943.33,42.55,115.67,-0.08,-75.57,16.53,-1.295,14.200,-1.023,3.29,-7.39,9.33,0.000000,0.000000,1804.50
19.34,99634.66,42.55,141.69,-0.08,-75.57,16.53,-1.295,14.200,-1.023,-0.74,-6.92,8.88,0.000000,0.000000,1805.77
18.73,99551.81,42.57,148.69,-0.08,-75.57,16.53,-1.295,14.200,-1.023,2.78,-7.87,6.61,0.000000,0.000000,1807.05
14.94,98944.58,42.47,200.10,-0.08,-75.57,16.53,-1.295,14.200,-1.023,0.77,-7.39,12.50,0.000000,0.000000,1808.32
15.81,99073.52,42.41,189.16,-0.08,-75.57,16.53,-1.295,14.200,-1.023,-2.75,-7.39,3.90,0.000000,0.000000,1809.58
19.39,99649.16,42.49,140.47,-0.08,-75.57,16.53,-1.295,14.200,-1.023,2.28,-10.25,-0.63,0.000000,0.000000,1810.85
14.94,98945.50,42.41,200.02,-0.08,-75.57,16.53,-1.295,14.200,-1.023,2.28,-10.73,1.18,0.000000,0.000000,1812.12
14.94,98959.00,42.40,198.87,-0.08,-75.57,16.53,-1.295,14.200,-1.023,2.28,-12.64,2.09,0.000000,0.000000,1813.38
14.64,98893.89,42.38,204.40,-0.08,-75.57,16.53,-1.295,14.200,-1.023,1.78,-12.64,3.90,0.000000,0.000000,1814.65
15.51,99045.77,42.39,191.51,-0.08,-75.57,16.53,-1.295,14.200,-1.023,3.29,-11.21,1.18,0.000000,0.000000,1815.91
14.09,98804.98,42.36,211.95,-0.08,-75.57,16.53,-1.295,14.200,-1.023,1.78,-10.73,5.26,0.000000,0.000000,1817.18
15.12,98985.22,42.38,196.65,-0.08,-75.57,16.53,-1.295,14.200,-1.023,2.78,-14.54,3.90,0.000000,0.000000,1818.45
14.61,98885.06,42.37,205.15,-0.08,-75.57,16.53,-1.295,14.200,-1.023,2.28,-10.73,3.44,0.000000,0.000000,1819.71
14.90,98950.82,42.39,199.57,-0.08,-75.57,16.53,-1.295,14.200,-1.023,3.29,-11.21,1.63,0.000000,0.000000,1820.98
14.22,98823.63,42.37,210.37,-0.08,-75.57,16.53,-1.295,14.200,-1.023,3.29,-11.68,1.63,0.000000,0.000000,1822.24
15.25,99004.22,42.38,195.04,-0.08,-75.57,16.53,-1.295,14.200,-1.023,4.79,-11.68,2.09,0.000000,0.000000,1823.51
14.22,98824.10,42.35,210.33,-0.08,-75.57,16.53,-1.295,14.200,-1.023,4.29,-11.21,2.54,0.000000,0.000000,1824.78
15.19,98992.27,42.37,196.05,-0.08,-75.57,16.53,-1.295,14.200,-1.023,2.78,-10.73,1.18,0.000000,0.000000,1826.04
14.11,98807.64,42.34,211.73,-0.08,-75.57,16.53,-1.295,14.200,-1.023,2.78,-12.64,3.44,0.000000,0.000000,1827.31
15.14,98982.00,42.37,196.92,-0.08,-75.57,16.53,-1.295,14.200,-1.023,4.29,-10.73,1.63,0.000000,0.000000,1828.57
14.08,98804.20,42.34,212.02,-0.08,-75.57,16.53,-1.295,14.200,-1.023,4.29,-11.21,2.99,0.000000,0.000000,1829.84
15.01,98969.88,42.35,198.69,-0.08,-75.57,16.53,-1.295,14.200,-1.023,2.78,-10.73,2.54,0.000000,0.000000,1831.11
14.32,98844.16,42.33,208.62,-0.08,-75.57,16.53,-1.295,14.200,-1.023,3.79,-12.64,1.63,0.000000,0.000000,1832.37
15.29,98988.53,42.32,196.37,-0.08,-75.57,16.53,-1.295,14.200,-1.023,2.78,-10.73,1.63,0.000000,0.000000,1833.64
14.24,98832.94,42.32,209.58,-0.08,-75.57,16.53,-1.295,14.200,-1.023,2.28,-11.21,2.54,0.000000,0.000000,1834.90
15.15,98966.84,42.31,198.21,-0.08,-75.57,16.53,-1.295,14.200,-1.023,3.79,-12.64,2.09,0.000000,0.000000,1836.17
14.41,98860.63,42.32,207.23,-0.08,-75.57,16.53,-1.295,14.200,-1.023,4.29,-11.68,1.63,0.000000,0.000000,1837.44
15.11,98958.85,42.31,198.89,-0.08,-75.57,16.53,-1.295,14.200,-1.023,3.79,-11.68,2.99,0.000000,0.000000,1838.70
14.57,98887.05,42.30,204.98,-0.08,-75.57,16.53,-1.295,14.200,-1.023,2.78,-11.21,-0.18,0.000000,0.000000,1839.97
14.99,98940.18,42.31,200.47,-0.08,-75.57,16.53,-1.295,14.200,-1.023,2.78,-12.16,2.99,0.000000,0.000000,1841.23
14.48,98875.04,42.30,206.00,-0.08,-75.57,16.53,-1.295,14.200,-1.023,4.29,-10.73,2.99,0.000000,0.000000,1842.50
14.85,98916.84,42.29,202.45,-0.08,-75.57,16.53,-1.295,14.200,-1.023,3.79,-10.25,2.09,0.000000,0.000000,1843.77
14.70,98908.63,42.31,203.15,-0.08,-75.57,16.53,-1.295,14.200,-1.023,2.78,-11.21,-0.18,0.000000,0.000000,1845.03
14.60,98875.92,42.30,205.93,-0.08,-75.57,16.53,-1.295,14.200,-1.023,2.28,-13.11,1.63,0.000000,0.000000,1846.30
14.68,98902.56,42.31,203.67,-0.08,-75.57,16.53,-1.295,14.200,-1.023,4.29,-11.21,2.54,0.000000,0.000000,1847.56
14.58,98871.77,42.29,206.28,-0.08,-75.57,16.53,-1.295,14.200,-1.023,3.79,-10.73,3.44,0.000000,0.000000,1848.83
14.74,98918.50,42.30,202.31,-0.08,-75.57,16.53,-1.295,14.200,-1.023,2.28,-13.59,2.99,0.000000,0.000000,1850.10
14.70,98890.47,42.28,204.69,-0.08,-75.57,16.53,-1.295,14.200,-1.023,3.29,-15.02,4.80,0.000000,0.000000,1851.36
14.84,98933.12,42.29,201.07,-0.08,-75.57,16.53,-1.295,14.200,-1.023,4.29,-10.73,2.99,0.000000,0.000000,1852.63
14.44,98848.35,42.29,208.27,-0.08,-75.57,16.53,-1.295,14.200,-1.023,2.28,-10.25,2.99,0.000000,0.000000,1853.89
14.90,98938.93,42.30,200.58,-0.08,-75.57,16.53,-1.295,14.200,-1.023,2.28,-11.21,1.18,0.000000,0.000000,1855.16
14.35,98834.52,42.29,209.44,-0.08,-75.57,16.53,-1.295,14.200,-1.023,3.79,-12.64,1.63,0.000000,0.000000,1856.43
15.24,98995.37,42.31,195.79,-0.08,-75.57,16.53,-1.295,14.200,-1.023,3.79,-10.25,2.54,0.000000,0.000000,1857.69
14.49,98857.11,42.28,207.53,-0.08,-75.57,16.53,-1.295,14.200,-1.023,3.29,-11.21,8.88,0.000000,0.000000,1858.96
15.36,99013.22,42.31,194.27,-0.08,-75.57,16.53,-1.295,14.200,-1.023,2.78,-11.68,2.54,0.000000,0.000000,1860.22
14.23,98817.89,42.28,210.86,-0.08,-75.57,16.53,-1.295,14.200,-1.023,3.79,-10.73,0.73,0.000000,0.000000,1861.49
15.40,99019.46,42.30,193.75,-0.08,-75.57,16.53,-1.295,14.200,-1.023,3.79,-11.21,2.99,0.000000,0.000000,1862.76
14.70,98889.80,42.29,204.75,-0.08,-75.57,16.53,-1.295,14.200,-1.023,2.28,-10.73,2.54,0.000000,0.000000,1864.02
15.34,99008.89,42.31,194.64,-0.08,-75.57,16.53,-1.295,14.200,-1.023,2.78,-13.59,3.44,0.000000,0.000000,1865.29
14.23,98817.39,42.28,210.90,-0.08,-75.57,16.53,-1.295,14.200,-1.023,3.79,-11.21,2.99,0.000000,0.000000,1866.55
15.28,98996.98,42.30,195.65,-0.08,-75.57,16.53,-1.295,14.200,-1.023,3.79,-11.21,2.09,0.000000,0.000000,1867.82
14.38,98843.59,42.28,208.67,-0.08,-75.57,16.53,-1.295,14.200,-1.023,2.78,-10.73,2.99,0.000000,0.000000,1869.09
15.16,98976.70,42.30,197.37,-0.08,-75.57,16.53,-1.295,14.200,-1.023,0.77,-14.07,3.44,0.000000,0.000000,1870.35
14.33,98833.63,42.28,209.52,-0.08,-75.57,16.53,-1.295,14.200,-1.023,3.79,-11.68,2.99,0.000000,0.000000,1871.62
15.48,99021.71,42.29,192.99,-0.08,-75.57,16.53,-1.295,14.200,-1.023,2.78,-11.21,2.54,0.000000,0.000000,1872.88
14.70,98892.30,42.29,204.54,-0.08,-75.57,16.53,-1.295,14.200,-1.023,2.28,-15.02,4.35,0.000000,0.000000,1874.15
15.65,99036.20,42.29,192.32,-0.08,-75.57,16.53,-1.295,14.200,-1.023,4.79,-11.21,0.73,0.000000,0.000000,1875.41
14.12,98801.94,42.28,212.21,-0.08,-75.57,16.53,-1.295,14.200,-1.023,4.29,-10.25,2.99,0.000000,0.000000,1876.68
15.16,98955.74,42.29,199.15,-0.08,-75.57,16.53,-1.295,14.200,-1.023,2.78,-11.21,5.26,0.000000,0.000000,1877.95
14.25,98824.55,42.28,210.29,-0.08,-75.57,16.53,-1.295,14.200,-1.023,2.28,-12.16,4.35,0.000000,0.000000,1879.21
15.06,98939.20,42.28,200.56,-0.08,-75.57,16.53,-1.295,14.200,-1.023,2.78,-11.21,2.54,0.000000,0.000000,1880.48
14.57,98875.49,42.28,205.96,-0.08,-75.57,16.53,-1.295,14.200,-1.023,4.29,-9.78,2.09,0.000000,0.000000,1881.74
15.28,98975.19,42.28,197.50,-0.08,-75.57,16.53,-1.295,14.200,-1.023,2.78,-10.73,1.63,0.000000,0.000000,1883.01
14.78,98909.06,42.29,203.11,-0.08,-75.57,16.53,-1.295,14.200,-1.023,2.78,-12.64,2.99,0.000000,0.000000,1884.28
15.05,98936.42,42.29,200.79,-0.08,-75.57,16.53,-1.295,14.200,-1.023,2.28,-9.30,2.09,0.000000,0.000000,1885.54
14.67,98892.34,42.29,204.53,-0.08,-75.57,16.53,-1.295,14.200,-1.023,4.29,-10.25,2.09,0.000000,0.000000,1886.81
14.99,98926.45,42.29,201.64,-0.08,-75.57,16.53,-1.295,14.200,-1.023,3.29,-11.21,3.44,0.000000,0.000000,1888.07
14.93,98933.73,42.30,201.02,-0.08,-75.57,16.53,-1.295,14.200,-1.023,3.29,-13.11,2.99,0.000000,0.000000,1889.34
15.05,98936.42,42.29,200.79,-0.08,-75.57,16.53,-1.295,14.200,-1.023,3.29,-11.68,3.90,0.000000,0.000000,1890.61
15.11,98962.14,42.30,198.61,-0.08,-75.57,16.53,-1.295,14.200,-1.023,3.79,-9.78,2.54,0.000000,0.000000,1891.87
14.73,98886.06,42.29,205.07,-0.08,-75.57,16.53,-1.295,14.200,-1.023,2.78,-10.25,2.09,0.000000,0.000000,1893.14
15.16,98969.91,42.31,197.95,-0.08,-75.57,16.53,-1.295,0.000,0.000,2.78,-12.16,-0.18,0.000000,0.000000,1894.40
14.52,98856.75,42.27,207.56,-0.08,-75.57,16.53,-1.295,14.200,-1.023,4.79,-10.73,1.63,0.000000,0.000000,1895.67
15.30,98995.48,42.29,195.78,-0.08,-75.57,16.53,-1.295,14.200,-1.023,2.78,-10.25,0.28,0.000000,0.000000,1896.94
14.41,98835.91,42.27,209.33,-0.08,-75.57,16.53,-1.295,14.200,-1.023,2.78,-11.21,1.63,0.000000,0.000000,1898.20
15.52,99028.22,42.30,193.00,-0.08,-75.57,16.53,-1.295,14.200,-1.023,2.78,-11.68,2.99,0.000000,0.000000,1899.47
14.46,98841.95,42.29,208.81,-0.08,-75.57,16.53,-1.295,14.200,-1.023,4.29,-10.25,3.44,0.000000,0.000000,1900.73
15.44,99015.78,42.31,194.06,-0.08,-75.57,16.53,-1.295,14.200,-1.023,2.28,-10.73,-0.18,0.000000,0.000000,1902.00
14.38,98831.27,42.28,209.72,-0.08,-75.57,16.53,-1.295,14.200,-1.023,2.28,-13.11,1.18,0.000000,0.000000,1903.27
15.36,99002.52,42.31,195.18,-0.08,-75.57,16.53,-1.295,14.200,-1.023,3.79,-12.16,2.09,0.000000,0.000000,1904.53
14.28,98816.86,42.28,210.94,-0.08,-75.57,16.53,-1.295,14.200,-1.023,4.29,-11.21,2.54,0.000000,0.000000,1905.80
15.23,98980.56,42.32,197.04,-0.08,-75.57,16.53,-1.295,14.200,-1.023,3.29,-11.21,4.80,0.000000,0.000000,1907.06
14.15,98798.52,42.28,212.50,-0.08,-75.57,16.53,-1.295,14.200,-1.023,2.28,-13.11,3.90,0.000000,0.000000,1908.33
15.27,98983.88,42.31,196.76,-0.08,-75.57,16.53,-1.295,13.190,2.248,4.79,-9.30,0.28,0.000000,0.000000,1909.59
14.64,98880.05,42.29,205.58,-0.08,-75.57,16.53,-1.295,14.200,-1.023,2.78,-11.21,3.44,0.000000,0.000000,1910.86
15.27,98987.11,42.25,196.49,-0.08,-75.57,16.53,-1.295,14.200,-1.023,2.28,-11.21,6.61,0.000000,0.000000,1912.15
14.92,98930.19,42.31,201.32,-0.08,-75.57,16.53,-1.295,14.200,-1.023,2.28,-12.16,1.18,0.000000,0.000000,1913.41
14.86,98904.33,42.30,203.52,-0.08,-75.57,16.53,-1.295,14.200,-1.023,3.29,-11.68,2.09,0.000000,0.000000,1914.68
15.10,98957.94,42.32,198.97,-0.08,-75.57,16.53,-1.295,14.200,-1.023,3.29,-10.25,3.44,0.000000,0.000000,1915.95
14.74,98879.80,42.31,205.60,-0.08,-75.57,16.53,-1.295,14.200,-1.023,2.28,-11.21,0.73,0.000000,0.000000,1917.21
15.19,98973.38,42.32,197.65,-0.08,-75.57,16.53,-1.295,14.200,-1.023,2.78,-12.64,2.99,0.000000,0.000000,1918.48
14.63,98867.08,42.31,206.68,-0.08,-75.57,16.53,-1.295,14.200,-1.023,3.29,-11.21,1.63,0.000000,0.000000,1919.74
15.36,99003.05,42.31,195.14,-0.08,-75.57,16.53,-1.295,14.200,-1.023,4.29,-9.78,1.18,0.000000,0.000000,1921.01
14.57,98860.25,42.30,207.26,-0.08,-75.57,16.53,-1.295,14.200,-1.023,2.78,-10.73,-0.18,0.000000,0.000000,1922.28
15.44,99017.02,42.32,193.95,-0.08,-75.57,16.53,-1.295,14.200,-1.023,1.78,-10.73,1.18,0.000000,0.000000,1923.54
14.51,98849.24,42.31,208.19,-0.08,-75.57,16.53,-1.295,14.200,-1.023,3.29,-9.78,2.99,0.000000,0.000000,1924.81
15.45,99012.32,42.32,194.35,-0.08,-75.57,16.53,-1.295,14.200,-1.023,2.28,-11.21,1.63,0.000000,0.000000,1926.07
14.32,98817.25,42.30,210.91,-0.08,-75.57,16.53,-1.295,14.200,-1.023,2.78,-12.64,0.73,0.000000,0.000000,1927.34
15.42,99007.19,42.32,194.79,-0.08,-75.57,16.53,-1.295,14.200,-1.023,3.29,-12.16,2.54,0.000000,0.000000,1928.61
14.28,98810.88,42.29,211.45,-0.08,-75.57,16.53,-1.295,14.200,-1.023,4.29,-10.73,2.54,0.000000,0.000000,1929.87
15.51,99022.67,42.32,193.47,-0.08,-75.57,16.53,-1.295,14.200,-1.023,2.78,-11.21,1.63,0.000000,0.000000,1931.14
14.44,98838.44,42.29,209.11,-0.08,-75.57,16.53,-1.295,14.200,-1.023,2.28,-13.59,2.09,0.000000,0.000000,1932.40
16.18,99122.21,42.28,185.03,-0.08,-75.57,16.53,-1.295,14.200,-1.023,-3.75,-6.44,0.73,0.000000,0.000000,1933.67
12.56,98538.55,42.24,234.62,-0.08,-75.57,16.53,-1.295,14.200,-1.023,-5.76,-2.62,3.44,0.000000,0.000000,1934.94
14.68,98882.92,42.26,205.33,-0.08,-75.57,16.53,-1.295,14.200,-1.023,-7.77,-2.62,0.28,0.000000,0.000000,1936.20
13.34,98657.84,42.21,224.46,-0.08,-75.57,16.53,-1.295,14.200,-1.023,-7.27,-4.53,1.63,0.000000,0.000000,1937.47
17.00,99510.06,42.26,178.11,-0.08,-75.57,16.53,-1.295,14.200,-1.023,-3.25,-0.72,-6.52,0.000000,0.000000,1938.73
26.94,100799.38,42.44,43.85,-0.08,-75.57,16.53,-1.295,14.200,-1.023,2.78,2.15,-9.23,0.000000,0.000000,1940.00
27.25,100850.68,42.54,39.57,-0.08,-75.57,16.53,-1.295,14.200,-1.023,-0.23,1.19,-10.59,0.000000,0.000000,1941.27
26.11,100673.58,42.56,54.38,-0.08,-75.57,16.53,-1.295,14.200,-1.023,-1.24,2.62,-9.23,0.000000,0.000000,1942.53
25.30,100544.78,42.59,65.16,-0.08,-75.57,16.53,-1.295,14.200,-1.023,-2.75,3.10,-11.04,0.000000,0.000000,1943.80
28.86,101107.18,42.65,18.15,-0.08,-75.57,16.53,-1.295,14.200,-1.023,-2.24,0.24,-9.69,0.000000,0.000000,1945.06
28.16,101001.45,42.68,26.97,-0.08,-75.57,16.53,-1.295,14.200,-1.023,-2.24,1.19,-8.78,0.000000,0.000000,1946.33
27.27,100867.16,42.68,38.19,-0.08,-75.57,16.53,-1.295,14.200,-1.023,-1.74,-0.24,-9.23,0.000000,0.000000,1947.60
19.78,99678.34,42.56,138.01,-0.08,-75.57,16.53,-1.295,14.200,-1.023,0.27,-2.15,-9.23,0.000000,0.000000,1948.86
15.87,99070.67,42.47,189.40,-0.08,-75.57,16.53,-1.295,14.200,-1.023,5.30,0.24,-4.71,0.000000,0.000000,1950.13
24.83,100467.45,42.60,71.64,-0.08,-75.57,16.53,-1.295,14.200,-1.023,12.33,-0.24,2.99,0.000000,0.000000,1951.39
23.23,100228.70,42.62,91.68,-0.08,-75.57,16.53,-1.295,14.200,-1.023,7.81,-6.92,1.18,0.000000,0.000000,1952.66
24.85,100478.55,42.67,70.71,-0.08,-75.57,16.53,-1.295,14.200,-1.023,3.79,-7.87,2.99,0.000000,0.000000,1953.92
14.78,98894.84,42.48,204.32,-0.08,-75.57,16.53,-1.295,14.200,-1.023,4.29,-7.39,6.61,0.000000,0.000000,1955.21
16.31,99119.70,42.45,185.25,-0.08,-75.57,16.53,-1.295,14.200,-1.023,-1.74,-1.19,7.97,0.000000,0.000000,1956.48
14.84,98901.41,42.40,203.76,-0.08,-75.57,16.53,-1.295,14.200,-1.023,-1.24,-3.58,10.24,0.000000,0.000000,1957.74
17.16,99251.02,42.40,174.12,-0.08,-75.57,16.53,-1.295,14.200,-1.023,1.27,-2.62,11.14,0.000000,0.000000,1959.01
17.75,99360.73,42.44,164.84,-0.08,-75.57,16.53,-1.295,14.200,-1.023,-1.24,-2.62,8.42,0.000000,0.000000,1960.28
17.62,99323.48,42.42,167.99,-0.08,-75.57,16.53,-1.295,14.200,-1.023,-1.24,-2.62,8.42,0.000000,0.000000,1961.54
18.55,99487.27,42.44,154.14,-0.08,-75.57,16.53,-1.295,14.200,-1.023,-0.23,-4.53,7.97,0.000000,0.000000,1962.81
17.97,99367.17,42.43,164.29,-0.08,-75.57,16.53,-1.295,14.200,-1.023,-2.24,-4.05,9.33,0.000000,0.000000,1964.07
19.84,99659.47,42.43,139.60,-0.08,-75.57,16.53,-1.295,14.200,-1.023,-0.74,-9.78,1.63,0.000000,0.000000,1965.34
24.26,100377.39,42.56,79.20,-0.08,-75.57,16.53,-1.295,14.200,-1.023,1.27,-9.30,0.28,0.000000,0.000000,1966.60
25.93,100642.95,42.62,56.94,-0.08,-75.57,16.53,-1.295,14.200,-1.023,0.77,-7.39,1.63,0.000000,0.000000,1967.87
13.39,98675.05,42.46,223.00,-0.08,-75.57,16.53,-1.295,14.200,-1.023,4.29,15626.28,9.78,0.000000,0.000000,1969.16
19.40,99623.59,42.55,142.63,-0.08,-75.57,16.53,-1.295,14.200,-1.023,9.32,-2.15,-5.61,0.000000,0.000000,1970.42
18.36,99448.97,42.57,157.38,-0.08,-75.57,16.53,-1.295,14.200,-1.023,10.82,-0.24,-5.16,0.000000,0.000000,1971.69
19.99,99705.84,42.60,135.69,-0.08,-75.57,16.53,-1.295,14.200,-1.023,10.32,0.24,-3.35,0.000000,0.000000,1972.96
19.46,99634.33,42.63,141.72,-0.08,-75.57,16.53,-1.295,14.200,-1.023,10.32,-0.72,-5.16,0.000000,0.000000,1974.22
15.98,99076.61,42.56,188.90,-0.08,-75.57,16.53,-1.295,14.200,-1.023,5.30,-9.78,2.99,0.000000,0.000000,1975.49
17.88,99397.06,42.58,161.76,-0.08,-75.57,16.53,-1.295,14.200,-1.023,6.80,-11.21,3.90,0.000000,0.000000,1976.75
15.80,99047.11,42.52,191.40,-0.08,-75.57,16.53,-1.295,14.200,-1.023,8.31,-11.68,-1.99,0.000000,0.000000,1978.02
18.26,99476.29,42.53,157.60,-0.08,-75.57,16.53,-1.295,14.200,-1.023,5.30,-9.78,2.54,0.000000,0.000000,1979.28
18.48,99471.47,42.57,155.48,-0.08,-75.57,16.53,-1.295,14.200,-1.023,5.30,-10.25,3.90,0.000000,0.000000,1980.55
15.30,98975.58,42.51,197.47,-0.08,-75.57,16.53,-1.295,14.200,-1.023,2.78,-10.73,5.26,0.000000,0.000000,1981.82
15.15,98954.87,42.50,199.23,-0.08,-75.57,16.53,-1.295,14.200,-1.023,2.28,-13.11,2.09,0.000000,0.000000,1983.08
15.85,99055.38,42.49,190.70,-0.08,-75.57,16.53,-1.295,14.200,-1.023,2.78,-12.16,4.80,0.000000,0.000000,1984.35
15.50,99015.95,42.49,194.04,-0.08,-75.57,16.53,-1.295,14.200,-1.023,3.79,-10.73,1.63,0.000000,0.000000,1985.62
16.15,99096.00,42.50,187.25,-0.08,-75.57,16.53,-1.295,14.200,-1.023,10.32,-7.39,0.28,0.000000,0.000000,1986.90
14.75,98790.14,42.44,213.21,-0.08,-75.57,16.53,-1.295,14.200,-1.023,9.82,-6.92,2.54,0.000000,0.000000,1988.17
17.23,99263.38,42.49,173.08,-0.08,-75.57,16.53,-1.295,14.200,-1.023,7.31,-5.96,-1.08,0.000000,0.000000,1989.43
14.39,98799.87,42.44,212.39,-0.08,-75.57,16.53,-1.295,14.200,-1.023,4.29,-10.25,2.09,0.000000,0.000000,1990.70
17.61,99324.88,42.50,167.87,-0.08,-75.57,16.53,-1.295,14.200,-1.023,2.78,-9.30,0.73,0.000000,0.000000,1991.96
16.00,99068.92,42.46,189.55,-0.08,-75.57,16.53,-1.295,14.200,-1.023,0.77,-12.64,4.35,0.000000,0.000000,1993.23
17.15,99266.02,42.49,172.85,-0.08,-75.57,16.53,-1.295,14.200,-1.023,1.78,-9.78,1.63,0.000000,0.000000,1994.50
16.83,99204.19,42.49,178.09,-0.08,-75.57,16.53,-1.295,14.200,-1.023,-6.77,-2.62,2.54,0.000000,0.000000,1995.76
14.20,98803.64,42.41,212.07,-0.08,-75.57,16.53,-1.295,14.200,-1.023,-8.27,-1.67,1.18,0.000000,0.000000,1997.03
11.53,98348.83,42.29,250.79,-0.08,-75.57,16.53,-1.295,14.200,-1.023,-0.74,-7.39,0.73,0.000000,0.000000,1998.30
14.47,98831.75,42.32,209.68,-0.08,-75.57,16.53,-1.295,14.200,-1.023,0.77,-8.82,2.54,0.000000,0.000000,1999.56
15.01,98909.02,42.33,203.12,-0.08,-75.57,16.53,-1.295,14.200,-1.023,1.27,-9.30,1.18,0.000000,0.000000,2000.83
16.29,99124.79,42.40,184.81,-0.08,-75.57,16.53,-1.295,14.200,-1.023,4.79,-13.59,4.35,0.000000,0.000000,2002.09
18.55,99462.06,42.45,156.27,-0.08,-75.57,16.53,-1.295,14.200,-1.023,2.28,-10.25,3.44,0.000000,0.000000,2003.36
17.48,99312.89,42.46,168.89,-0.08,-75.57,16.53,-1.295,14.200,-1.023,1.27,-9.30,1.18,0.000000,0.000000,2004.62
15.89,99053.02,42.43,190.90,-0.08,-75.57,16.53,-1.295,14.200,-1.023,0.77,-11.21,5.26,0.000000,0.000000,2005.89
16.43,99137.55,42.41,183.73,-0.08,-75.57,16.53,-1.295,14.200,-1.023,1.27,-8.82,2.09,0.000000,0.000000,2007.16
13.98,98753.11,42.38,216.36,-0.08,-75.57,16.53,-1.295,14.200,-1.023,-0.23,-8.82,1.63,0.000000,0.000000,2008.42
14.82,98870.05,42.34,206.43,-0.08,-75.57,16.53,-1.295,14.200,-1.023,0.77,-10.25,1.63,0.000000,0.000000,2009.69
17.95,99379.91,42.43,163.22,-0.08,-75.57,16.53,-1.295,14.200,-1.023,1.27,-10.73,1.18,0.000000,0.000000,2010.95
17.43,99288.80,42.46,170.92,-0.08,-75.57,16.53,-1.295,14.200,-1.023,2.78,-10.25,2.09,0.000000,0.000000,2012.22
17.93,99385.31,42.48,162.76,-0.08,-75.57,16.53,-1.295,14.200,-1.023,2.28,-10.25,0.73,0.000000,0.000000,2013.49
17.19,99252.72,42.48,173.98,-0.08,-75.57,16.53,-1.295,14.200,-1.023,2.78,-11.68,-0.18,0.000000,0.000000,2014.75
16.72,99195.43,42.49,178.83,-0.08,-75.57,16.53,-1.295,14.200,-1.023,3.29,-11.21,3.44,0.000000,0.000000,2016.02
15.77,99033.57,42.46,192.55,-0.08,-75.57,16.53,-1.295,14.200,-1.023,2.78,-10.73,0.28,0.000000,0.000000,2017.28
16.55,99151.33,42.46,182.57,-0.08,-75.57,16.53,-1.295,14.200,-1.023,3.29,-12.64,3.90,0.000000,0.000000,2018.55
15.65,99014.80,42.46,194.14,-0.08,-75.57,16.53,-1.295,14.200,-1.023,3.79,-9.30,2.09,0.000000,0.000000,2019.82
16.62,99156.89,42.44,182.09,-0.08,-75.57,16.53,-1.295,14.200,-1.023,2.28,-10.73,3.44,0.000000,0.000000,2021.08
15.66,99021.91,42.46,193.54,-0.08,-75.57,16.53,-1.295,14.200,-1.023,2.78,-10.25,3.90,0.000000,0.000000,2022.35
17.95,99366.92,42.48,164.31,-0.08,-75.57,16.53,-1.295,14.200,-1.023,3.29,-11.21,-1.08,0.000000,0.000000,2023.62
17.14,99257.22,42.48,173.60,-0.08,-75.57,16.53,-1.295,14.200,-1.023,3.79,-9.78,3.90,0.000000,0.000000,2024.88
17.20,99251.82,42.50,174.05,-0.08,-75.57,16.53,-1.295,14.200,-1.023,2.28,-9.78,2.09,0.000000,0.000000,2026.15
16.82,99210.30,42.48,177.57,-0.08,-75.57,16.53,-1.295,14.200,-1.023,2.78,-9.78,0.73,0.000000,0.000000,2027.41
15.56,98989.83,42.47,196.26,-0.08,-75.57,16.53,-1.295,14.200,-1.023,2.78,-10.25,2.09,0.000000,0.000000,2028.68
17.38,99278.13,42.49,170.45,-0.08,-75.57,16.53,-1.295,14.200,-1.023,2.78,-10.25,0.73,0.000000,0.000000,2029.94
16.35,99126.12,42.49,184.70,-0.08,-75.57,16.53,-1.295,14.200,-1.023,1.27,-10.73,0.73,0.000000,0.000000,2031.21
17.83,99347.08,42.51,165.99,-0.08,-75.57,16.53,-1.295,14.200,-1.023,1.27,-10.73,1.63,0.000000,0.000000,2032.48
18.39,99447.38,42.55,157.51,-0.08,-75.57,16.53,-1.295,14.200,-1.023,4.79,-9.30,2.54,0.000000,0.000000,2033.74
16.38,99120.01,42.52,185.22,-0.08,-75.57,16.53,-1.295,14.200,-1.023,1.78,-9.78,-0.18,0.000000,0.000000,2035.01
16.78,99197.99,42.51,178.61,-0.08,-75.57,16.53,-1.295,14.200,-1.023,2.28,-12.64,2.54,0.000000,0.000000,2036.27
18.39,99436.33,42.54,158.44,-0.08,-75.57,16.53,-1.295,14.200,-1.023,-0.74,-9.30,1.18,0.000000,0.000000,2037.54
16.72,99186.67,42.53,179.57,-0.08,-75.57,16.53,-1.295,13.190,2.248,-2.24,-8.82,1.63,0.000000,0.000000,2038.80
16.94,99209.57,42.53,177.63,-0.08,-75.57,16.53,-1.295,14.200,-1.023,0.77,5.96,3.44,0.000000,0.000000,2040.07
15.45,98982.98,42.46,196.84,-0.08,-75.57,16.53,-1.295,14.200,-1.023,-6.26,6.44,6.16,0.000000,0.000000,2041.34
14.53,98833.99,42.43,209.49,-0.08,-75.57,16.53,-1.295,14.200,-1.023,1.27,8.34,5.71,0.000000,0.000000,2042.60
14.83,98870.87,42.39,206.36,-0.08,-75.57,16.53,-1.295,14.200,-1.023,0.77,7.39,3.44,0.000000,0.000000,2043.89
14.46,98832.27,42.40,209.63,-0.08,-75.57,16.53,-1.295,14.200,-1.023,1.78,6.44,5.26,0.000000,0.000000,2045.15
13.80,98710.34,42.37,220.00,-0.08,-75.57,16.53,-1.295,14.200,-1.023,0.77,7.87,6.16,0.000000,0.000000,2046.44
16.05,99067.44,42.40,189.68,-0.08,-75.57,16.53,-1.295,14.200,-1.023,-6.77,4.05,3.90,0.000000,0.000000,2047.71
13.08,98593.45,42.32,229.94,-0.08,-75.57,16.53,-1.295,14.200,-1.023,1.27,-7.87,1.18,0.000000,0.000000,2048.97
14.26,98793.21,42.33,212.95,-0.08,-75.57,16.53,-1.295,14.200,-1.023,1.27,-11.21,1.63,0.000000,0.000000,2050.24
12.83,98548.79,42.29,233.75,-0.08,-75.57,16.53,-1.295,14.200,-1.023,-0.74,-9.30,1.18,0.000000,0.000000,2051.51
14.09,98767.39,42.33,215.15,-0.08,-75.57,16.53,-1.295,14.200,-1.023,1.27,-9.78,5.71,0.000000,0.000000,2052.77
13.09,98589.78,42.29,230.26,-0.08,-75.57,16.53,-1.295,14.200,-1.023,-1.24,-8.82,2.99,0.000000,0.000000,2054.04
15.29,98955.47,42.34,199.17,-0.08,-75.57,16.53,-1.295,14.200,-1.023,-0.74,-12.16,2.99,0.000000,0.000000,2055.30
12.93,98557.23,42.28,233.03,-0.08,-75.57,16.53,-1.295,14.200,-1.023,4.29,5.96,7.97,0.000000,0.000000,2056.57
12.35,98491.75,42.28,238.60,-0.08,-75.57,16.53,-1.295,14.200,-1.023,0.27,-8.35,5.26,0.000000,0.000000,2057.83
14.04,98728.31,42.29,218.47,-0.08,-75.57,16.53,-1.295,14.200,-1.023,0.27,-11.21,2.09,0.000000,0.000000,2059.10
15.05,98916.83,42.34,202.45,-0.08,-75.57,16.53,-1.295,14.200,-1.023,1.27,-11.21,3.44,0.000000,0.000000,2060.37
13.40,98628.38,42.30,226.97,-0.08,-75.57,16.53,-1.295,14.200,-1.023,1.78,-8.35,2.99,0.000000,0.000000,2061.63
15.09,98893.09,42.36,204.47,-0.08,-75.57,16.53,-1.295,14.200,-1.023,-0.23,-9.30,4.80,0.000000,0.000000,2062.90
13.09,98580.45,42.31,231.05,-0.08,-75.57,16.53,-1.295,14.200,-1.023,-0.74,-9.78,5.71,0.000000,0.000000,2064.17
13.17,98616.86,42.31,227.95,-0.08,-75.57,16.53,-1.295,14.200,-1.023,-1.74,-6.44,3.90,0.000000,0.000000,2065.43
13.03,98580.09,42.28,231.08,-0.08,-75.57,16.53,-1.295,14.200,-1.023,-2.75,-9.30,-0.18,0.000000,0.000000,2066.70
22.27,100025.53,42.48,108.76,-0.08,-75.57,16.53,-1.295,14.200,-1.023,4.29,-9.78,-0.63,0.000000,0.000000,2067.96
25.40,100530.04,42.63,66.40,-0.08,-75.57,16.53,-1.295,14.200,-1.023,0.77,-8.35,-1.99,0.000000,0.000000,2069.23
23.53,100236.24,42.63,91.04,-0.08,-75.57,16.53,-1.295,14.200,-1.023,1.27,-7.39,-0.18,0.000000,0.000000,2070.50
23.28,100201.28,42.69,93.98,-0.08,-75.57,16.53,-1.295,14.200,-1.023,0.77,-8.35,0.28,0.000000,0.000000,2071.76
23.41,100220.34,42.69,92.38,-0.08,-75.57,16.53,-1.295,14.200,-1.023,2.28,-6.92,0.28,0.000000,0.000000,2073.03
23.42,100223.38,42.72,92.12,-0.08,-75.57,16.53,-1.295,14.200,-1.023,0.77,-7.39,-1.08,0.000000,0.000000,2074.29
23.36,100223.02,42.76,92.15,-0.08,-75.57,16.53,-1.295,14.200,-1.023,0.77,-7.87,1.18,0.000000,0.000000,2075.56
24.20,100352.61,42.77,81.27,-0.08,-75.57,16.53,-1.295,14.200,-1.023,1.78,-7.39,-0.63,0.000000,0.000000,2076.83
25.94,100622.84,42.82,58.62,-0.08,-75.57,16.53,-1.295,14.200,-1.023,1.27,-7.87,-1.99,0.000000,0.000000,2078.09
26.44,100697.14,42.84,52.40,-0.08,-75.57,16.53,-1.295,14.200,-1.023,1.27,-8.82,-1.08,0.000000,0.000000,2079.36
27.04,100799.14,42.84,43.87,-0.08,-75.57,16.53,-1.295,14.200,-1.023,1.27,-7.87,0.73,0.000000,0.000000,2080.62
26.98,100789.03,42.91,44.72,-0.08,-75.57,16.53,-1.295,14.200,-1.023,1.27,-7.39,-2.44,0.000000,0.000000,2081.89
26.87,100772.76,42.92,46.08,-0.08,-75.57,16.53,-1.295,14.200,-1.023,2.28,-8.35,-0.18,0.000000,0.000000,2083.16
27.62,100889.58,42.93,36.32,-0.08,-75.57,16.53,-1.295,14.200,-1.023,1.78,-7.39,0.73,0.000000,0.000000,2084.42
27.34,100846.77,42.95,39.89,-0.08,-75.57,16.53,-1.295,14.200,-1.023,1.78,-7.39,-1.99,0.000000,0.000000,2085.69
28.65,101049.99,42.98,22.92,-0.08,-75.57,16.53,-1.295,14.200,-1.023,1.27,-8.35,-0.63,0.000000,0.000000,2086.95
29.49,101190.19,43.04,11.23,-0.08,-75.57,16.53,-1.295,14.200,-1.023,1.78,-6.92,0.28,0.000000,0.000000,2088.22
28.82,101083.94,43.08,20.09,-0.08,-75.57,16.53,-1.295,14.200,-1.023,0.77,-7.87,-1.08,0.000000,0.000000,2089.48
24.96,100482.55,43.04,70.38,-0.08,-75.57,16.53,-1.295,14.200,-1.023,2.78,-9.30,0.28,0.000000,0.000000,2090.75
21.54,99830.69,42.95,115.49,-0.08,-75.57,16.53,-1.295,14.200,-1.023,2.28,-8.82,-1.08,0.000000,0.000000,2092.02
19.37,99587.17,42.92,145.70,-0.08,-75.57,16.53,-1.295,14.200,-1.023,5.80,-8.35,2.54,0.000000,0.000000,2093.28
19.43,99593.91,42.90,145.13,-0.08,-75.57,16.53,-1.295,14.200,-1.023,3.29,-6.92,0.28,0.000000,0.000000,2094.55
18.57,99464.86,42.89,156.03,-0.08,-75.57,16.53,-1.295,14.200,-1.023,3.79,-8.35,1.63,0.000000,0.000000,2095.81
18.40,99439.28,42.89,158.20,-0.08,-75.57,16.53,-1.295,14.200,-1.023,2.78,-6.44,7.97,0.000000,0.000000,2097.08
20.96,99835.70,42.94,124.74,-0.08,-75.57,16.53,-1.295,14.200,-1.023,5.30,-7.39,5.26,0.000000,0.000000,2098.35
18.88,99527.41,42.93,150.75,-0.08,-75.57,16.53,-1.295,14.200,-1.023,2.28,-5.48,7.07,0.000000,0.000000,2099.61
20.32,99743.35,42.99,132.52,-0.08,-75.57,16.53,-1.295,14.200,-1.023,6.80,-3.58,9.33,0.000000,0.000000,2100.88
21.74,99975.05,43.00,113.00,-0.08,-75.57,16.53,-1.295,14.200,-1.023,10.82,-5.48,8.42,0.000000,0.000000,2102.14
17.95,99366.78,42.96,164.33,-0.08,-75.57,16.53,-1.295,14.200,-1.023,6.30,-7.39,0.73,0.000000,0.000000,2103.41
20.03,99697.11,42.99,136.42,-0.08,-75.57,16.53,-1.295,14.200,-1.023,5.80,-8.82,0.28,0.000000,0.000000,2104.68
20.17,99725.95,43.03,133.99,-0.08,-75.57,16.53,-1.295,14.200,-1.023,7.31,-8.82,0.73,0.000000,0.000000,2105.94
20.33,99744.70,43.03,132.41,-0.08,-75.57,16.53,-1.295,14.200,-1.023,6.30,-7.39,-1.54,0.000000,0.000000,2107.21
19.60,99631.38,43.02,141.97,-0.08,-75.57,16.53,-1.295,14.200,-1.023,9.82,6.44,-0.18,0.000000,0.000000,2108.47
22.76,100129.56,43.08,100.01,-0.08,-75.57,16.53,-1.295,14.200,-1.023,12.84,-0.24,-2.44,0.000000,0.000000,2109.74
20.66,99798.41,43.07,127.88,-0.08,-75.57,16.53,-1.295,14.200,-1.023,10.82,-1.67,-1.54,0.000000,0.000000,2111.01
18.10,99403.89,43.04,161.19,-0.08,-75.57,16.53,-1.295,14.200,-1.023,5.30,-9.78,-1.08,0.000000,0.000000,2112.27
19.96,99686.25,43.06,137.34,-0.08,-75.57,16.53,-1.295,14.200,-1.023,6.80,-9.30,-0.18,0.000000,0.000000,2113.54
16.34,99108.59,43.00,186.19,-0.08,-75.57,16.53,-1.295,14.200,-1.023,5.80,-8.82,-1.99,0.000000,0.000000,2114.80
19.41,99601.25,43.05,144.51,-0.08,-75.57,16.53,-1.295,14.200,-1.023,8.81,7.39,-0.63,0.000000,0.000000,2116.07
20.47,99755.48,43.07,131.50,-0.08,-75.57,16.53,-1.295,14.200,-1.023,10.32,-5.01,0.28,0.000000,0.000000,2117.34
20.13,99716.39,43.09,134.80,-0.08,-75.57,16.53,-1.295,14.200,-1.023,5.80,-8.82,-1.99,0.000000,0.000000,2118.60
18.62,99476.63,43.07,155.04,-0.08,-75.57,16.53,-1.295,14.200,-1.023,8.31,-8.35,-1.54,0.000000,0.000000,2119.87
21.31,99900.07,43.14,119.32,-0.08,-75.57,16.53,-1.295,14.200,-1.023,4.29,-8.82,6.16,0.000000,0.000000,2121.13
22.51,100082.39,43.18,103.97,-0.08,-75.57,16.53,-1.295,14.200,-1.023,2.28,-7.87,0.73,0.000000,0.000000,2122.40
23.93,100311.74,43.24,84.70,-0.08,-75.57,16.53,-1.295,14.200,-1.023,3.29,-8.35,2.99,0.000000,0.000000,2123.66
23.98,100320.16,43.24,84.00,-0.08,-75.57,16.53,-1.295,14.200,-1.023,3.79,-6.44,4.35,0.000000,0.000000,2124.93
25.15,100502.90,43.25,68.67,-0.08,-75.57,16.53,-1.295,14.200,-1.023,-0.74,-9.78,1.63,0.000000,0.000000,2126.20
25.25,100521.22,43.27,67.14,-0.08,-75.57,16.53,-1.295,14.200,-1.023,2.78,-7.39,3.44,0.000000,0.000000,2127.46
24.94,100481.74,43.29,70.44,-0.08,-75.57,16.53,-1.295,14.200,-1.023,3.79,-7.87,2.99,0.000000,0.000000,2128.73
23.38,100228.22,43.28,91.72,-0.08,-75.57,16.53,-1.295,14.200,-1.023,3.79,-8.35,0.28,0.000000,0.000000,2129.99
24.87,100463.05,43.29,72.01,-0.08,-75.57,16.53,-1.295,14.200,-1.023,3.79,-8.82,1.63,0.000000,0.000000,2131.26
22.41,100071.02,43.27,104.93,-0.08,-75.57,16.53,-1.295,14.200,-1.023,4.79,-6.92,2.09,0.000000,0.000000,2132.53
22.46,100077.47,43.27,104.39,-0.08,-75.57,16.53,-1.295,14.200,-1.023,3.79,-7.87,-0.63,0.000000,0.000000,2133.80
22.00,100019.34,43.28,109.63,-0.08,-75.57,16.53,-1.295,14.200,-1.023,4.79,-9.78,2.09,0.000000,0.000000,2135.06
24.68,100422.28,43.29,75.43,-0.08,-75.57,16.53,-1.295,14.200,-1.023,3.79,-5.96,0.73,0.000000,0.000000,2136.32
23.97,100320.90,43.29,83.94,-0.08,-75.57,16.53,-1.295,14.200,-1.023,3.29,-8.82,1.18,0.000000,0.000000,2137.59
25.11,100496.75,43.32,69.19,-0.08,-75.57,16.53,-1.295,14.200,-1.023,3.79,-9.30,1.18,0.000000,0.000000,2138.86
25.34,100537.66,43.33,65.76,-0.08,-75.57,16.53,-1.295,14.200,-1.023,4.29,-6.44,-0.63,0.000000,0.000000,2140.12
24.13,100345.45,43.31,81.88,-0.08,-75.57,16.53,-1.295,14.200,-1.023,3.29,-10.73,0.73,0.000000,0.000000,2141.39
25.17,100507.06,43.32,68.32,-0.08,-75.57,16.53,-1.295,14.200,-1.023,4.29,-7.39,1.63,0.000000,0.000000,2142.65
25.42,100548.40,43.35,64.86,-0.08,-75.57,16.53,-1.295,14.200,-1.023,2.28,-8.35,-2.89,0.000000,0.000000,2143.92
26.68,100744.66,43.37,48.43,-0.08,-75.57,16.53,-1.295,14.200,-1.023,3.79,-9.30,0.28,0.000000,0.000000,2145.19
26.38,100699.72,43.37,52.19,-0.08,-75.57,16.53,-1.295,14.200,-1.023,3.79,-7.39,0.73,0.000000,0.000000,2146.45
26.50,100713.05,43.38,51.07,-0.08,-75.57,16.53,-1.295,14.200,-1.023,3.29,-6.92,-1.54,0.000000,0.000000,2147.72
29.89,101249.34,43.44,6.30,-0.08,-75.57,16.53,-1.295,14.200,-1.023,2.28,-7.87,-0.18,0.000000,0.000000,2148.98
30.07,101281.48,43.46,3.62,-0.08,-75.57,16.53,-1.295,14.200,-1.023,2.28,-6.92,0.28,0.000000,0.000000,2150.25
21.60,99936.97,43.33,116.21,-0.08,-75.57,16.53,-1.295,14.200,-1.023,0.27,6.44,-2.89,0.000000,0.000000,2151.52
25.89,100621.38,43.38,58.75,-0.08,-75.57,16.53,-1.295,14.200,-1.023,1.78,11.68,-1.54,0.000000,0.000000,2152.78
26.26,100678.78,43.39,53.94,-0.08,-75.57,16.53,-1.295,14.200,-1.023,1.78,11.68,-0.63,0.000000,0.000000,2154.05
26.18,100661.86,43.44,54.95,-0.08,-75.57,16.53,-1.295,14.200,-1.023,2.28,10.73,-2.44,0.000000,0.000000,2155.32
25.96,100633.27,43.41,57.75,-0.08,-75.57,16.53,-1.295,14.200,-1.023,2.78,11.21,0.28,0.000000,0.000000,2156.58
26.21,100670.73,43.41,54.61,-0.08,-75.57,16.53,-1.295,14.200,-1.023,2.28,11.21,-2.44,0.000000,0.000000,2157.85
26.37,100697.05,43.42,52.41,-0.08,-75.57,16.53,-1.295,14.200,-1.023,1.78,11.21,-1.08,0.000000,0.000000,2159.11
22.56,100087.16,43.36,103.57,-0.08,-75.57,16.53,-1.295,14.200,-1.023,8.81,10.73,-0.18,0.000000,0.000000,2160.38
26.38,100695.78,43.41,52.52,-0.08,-75.57,16.53,-1.295,14.200,-1.023,2.78,11.68,0.28,0.000000,0.000000,2161.64
23.15,100182.41,43.36,95.57,-0.08,-75.57,16.53,-1.295,14.200,-1.023,3.29,9.30,1.63,0.000000,0.000000,2162.91
25.85,100608.64,43.39,59.81,-0.08,-75.57,16.53,-1.295,14.200,-1.023,3.79,12.16,0.73,0.000000,0.000000,2164.18
25.28,100519.66,43.39,67.27,-0.08,-75.57,16.53,-1.295,14.200,-1.023,3.29,11.21,-0.63,0.000000,0.000000,2165.44
25.11,100491.03,43.39,69.67,-0.08,-75.57,16.53,-1.295,14.200,-1.023,4.29,10.25,0.28,0.000000,0.000000,2166.71
23.16,100188.59,43.36,95.05,-0.08,-75.57,16.53,-1.295,14.200,-1.023,2.78,11.21,3.44,0.000000,0.000000,2167.97
22.56,100088.57,43.34,103.45,-0.08,-75.57,16.53,-1.295,14.200,-1.023,2.28,10.25,1.18,0.000000,0.000000,2169.24
21.65,99948.87,43.33,115.21,-0.08,-75.57,16.53,-1.295,14.200,-1.023,3.79,10.73,0.73,0.000000,0.000000,2170.51
23.83,100280.66,43.34,87.31,-0.08,-75.57,16.53,-1.295,14.200,-1.023,6.30,6.44,-5.61,0.000000,0.000000,2171.77
23.21,100192.23,43.33,94.74,-0.08,-75.57,16.53,-1.295,14.200,-1.023,2.78,-9.78,-4.25,0.000000,0.000000,2173.04
26.35,100684.13,43.39,53.49,-0.08,-75.57,16.53,-1.295,14.200,-1.023,2.28,-6.44,-0.63,0.000000,0.000000,2174.30
23.85,100291.67,43.38,86.39,-0.08,-75.57,16.53,-1.295,14.200,-1.023,3.29,-6.92,-2.89,0.000000,0.000000,2175.57
25.91,100616.14,43.42,59.19,-0.08,-75.57,16.53,-1.295,14.200,-1.023,2.78,-7.87,-0.63,0.000000,0.000000,2176.84
28.57,101032.60,43.47,24.37,-0.08,-75.57,16.53,-1.295,14.200,-1.023,3.29,-6.44,0.28,0.000000,0.000000,2178.10
27.70,100894.16,43.48,35.93,-0.08,-75.57,16.53,-1.295,14.200,-1.023,3.29,-7.39,-5.61,0.000000,0.000000,2179.37
29.41,101167.83,43.49,13.09,-0.08,-75.57,16.53,-1.295,14.200,-1.023,2.78,-8.82,-2.44,0.000000,0.000000,2180.63
29.19,101133.19,43.51,15.98,-0.08,-75.57,16.53,-1.295,14.200,-1.023,3.29,-7.39,-1.54,0.000000,0.000000,2181.90
26.21,100661.06,43.47,55.42,-0.08,-75.57,16.53,-1.295,14.200,-1.023,3.29,-6.44,-1.08,0.000000,0.000000,2183.17
27.96,100937.19,43.49,32.34,-0.08,-75.57,16.53,-1.295,14.200,-1.023,2.78,-8.35,-0.63,0.000000,0.000000,2184.43
28.58,101038.48,43.47,23.88,-0.08,-75.57,16.53,-1.295,14.200,-1.023,3.79,-6.92,-0.63,0.000000,0.000000,2185.70
29.16,101129.19,43.51,16.32,-0.08,-75.57,16.53,-1.295,14.200,-1.023,2.28,-7.39,-2.44,0.000000,0.000000,2186.96
29.33,101157.38,43.52,13.97,-0.08,-75.57,16.53,-1.295,14.200,-1.023,3.29,-8.82,-2.44,0.000000,0.000000,2188.23
28.86,101080.89,43.52,20.34,-0.08,-75.57,16.53,-1.295,14.200,-1.023,1.78,-7.39,-1.99,0.000000,0.000000,2189.50
28.98,101098.94,43.52,18.84,-0.08,-75.57,16.53,-1.295,14.200,-1.023,2.78,-7.39,-3.80,0.000000,0.000000,2190.76
23.68,100197.53,43.46,87.92,-0.08,-75.57,16.53,-1.295,14.200,-1.023,4.29,-9.30,1.63,0.000000,0.000000,2192.03
21.98,99998.20,43.39,111.05,-0.08,-75.57,16.53,-1.295,14.200,-1.023,4.29,-7.87,3.90,0.000000,0.000000,2193.29
17.72,99319.25,43.27,168.35,-0.08,-75.57,16.53,-1.295,14.200,-1.023,2.28,-6.92,2.99,0.000000,0.000000,2194.56
19.80,99649.08,43.29,140.48,-0.08,-75.57,16.53,-1.295,14.200,-1.023,2.28,-6.92,3.44,0.000000,0.000000,2195.82
19.67,99625.88,43.28,142.43,-0.08,-75.57,16.53,-1.295,14.200,-1.023,4.29,-6.44,6.16,0.000000,0.000000,2197.09
16.85,99173.83,43.21,180.66,-0.08,-75.57,16.53,-1.295,14.200,-1.023,4.29,-6.92,2.09,0.000000,0.000000,2198.36
18.24,99399.14,43.21,161.59,-0.08,-75.57,16.53,-1.295,14.200,-1.023,3.29,-8.35,3.90,0.000000,0.000000,2199.62
15.11,98911.88,43.15,202.87,-0.08,-75.57,16.53,-1.295,14.200,-1.023,3.79,-7.39,3.44,0.000000,0.000000,2200.89
16.55,99131.13,43.16,184.28,-0.08,-75.57,16.53,-1.295,14.200,-1.023,2.78,-8.82,3.44,0.000000,0.000000,2202.15
18.21,99386.23,43.16,162.68,-0.08,-75.57,16.53,-1.295,14.200,-1.023,1.78,-9.30,4.80,0.000000,0.000000,2203.42
16.36,99103.40,43.15,186.63,-0.08,-75.57,16.53,-1.295,14.200,-1.023,4.29,-6.92,4.35,0.000000,0.000000,2204.69
17.67,99299.30,43.16,170.03,-0.08,-75.57,16.53,-1.295,14.200,-1.023,2.78,-8.35,0.28,0.000000,0.000000,2205.95
16.84,99169.74,43.13,181.00,-0.08,-75.57,16.53,-1.295,14.200,-1.023,3.29,-9.78,4.35,0.000000,0.000000,2207.22
17.98,99343.64,43.12,166.28,-0.08,-75.57,16.53,-1.295,14.200,-1.023,4.29,-7.87,4.35,0.000000,0.000000,2208.48
18.17,99373.58,43.14,163.75,-0.08,-75.57,16.53,-1.295,14.200,-1.023,3.29,-8.82,0.73,0.000000,0.000000,2209.75
23.48,100216.28,43.27,92.72,-0.08,-75.57,16.53,-1.295,14.200,-1.023,3.79,-9.78,3.44,0.000000,0.000000,2211.02
23.75,100254.14,43.28,89.54,-0.08,-75.57,16.53,-1.295,14.200,-1.023,3.79,-7.87,2.99,0.000000,0.000000,2212.28
22.62,100075.86,43.30,104.52,-0.08,-75.57,16.53,-1.295,14.200,-1.023,2.78,-7.87,2.54,0.000000,0.000000,2213.55
22.52,100065.56,43.30,105.39,-0.08,-75.57,16.53,-1.295,14.200,-1.023,3.29,-9.78,2.54,0.000000,0.000000,2214.82
23.77,100261.17,43.34,88.95,-0.08,-75.57,16.53,-1.295,14.200,-1.023,4.29,-5.48,7.52,0.000000,0.000000,2216.08
17.11,99211.89,43.21,177.44,-0.08,-75.57,16.53,-1.295,14.200,-1.023,2.28,-6.44,6.16,0.000000,0.000000,2217.35
17.14,99220.52,43.18,176.70,-0.08,-75.57,16.53,-1.295,14.200,-1.023,2.78,-9.30,9.33,0.000000,0.000000,2218.61
19.72,99612.31,43.19,143.58,-0.08,-75.57,16.53,-1.295,14.200,-1.023,2.78,-6.92,6.16,0.000000,0.000000,2219.88
16.23,99078.56,43.14,188.73,-0.08,-75.57,16.53,-1.295,14.200,-1.023,1.78,-7.39,3.90,0.000000,0.000000,2221.14
17.51,99264.48,43.13,172.98,-0.08,-75.57,16.53,-1.295,14.200,-1.023,2.78,-7.39,7.07,0.000000,0.000000,2222.41
16.87,99175.25,43.12,180.54,-0.08,-75.57,16.53,-1.295,14.200,-1.023,2.28,-7.87,7.07,0.000000,0.000000,2223.68
17.57,99282.77,43.14,171.43,-0.08,-75.57,16.53,-1.295,14.200,-1.023,2.78,-6.44,5.26,0.000000,0.000000,2224.94
19.04,99500.98,43.14,152.98,-0.08,-75.57,16.53,-1.295,14.200,-1.023,1.27,-10.25,3.44,0.000000,0.000000,2226.21
18.72,99457.31,43.15,156.67,-0.08,-75.57,16.53,-1.295,14.200,-1.023,1.27,-1.67,8.42,0.000000,0.000000,2227.47
18.30,99389.03,43.14,162.44,-0.08,-75.57,16.53,-1.295,14.200,-1.023,2.78,-4.05,8.88,0.000000,0.000000,2228.74
18.88,99488.81,43.17,154.01,-0.08,-75.57,16.53,-1.295,14.200,-1.023,-2.75,-8.35,5.26,0.000000,0.000000,2230.01
20.79,99776.55,43.19,129.72,-0.08,-75.57,16.53,-1.295,14.200,-1.023,1.27,-8.35,0.28,0.000000,0.000000,2231.27
20.98,99808.26,43.20,127.05,-0.08,-75.57,16.53,-1.295,14.200,-1.023,2.28,-7.39,3.90,0.000000,0.000000,2232.54
21.28,99858.63,43.23,122.81,-0.08,-75.57,16.53,-1.295,14.200,-1.023,2.28,-8.82,-1.99,0.000000,0.000000,2233.81
23.66,100231.08,43.26,91.48,-0.08,-75.57,16.53,-1.295,14.200,-1.023,0.27,-7.39,2.09,0.000000,0.000000,2235.07
20.41,99713.03,43.23,135.08,-0.08,-75.57,16.53,-1.295,14.200,-1.023,-7.27,6.91,6.16,0.000000,0.000000,2236.34
21.11,99833.39,43.23,124.93,-0.08,-75.57,16.53,-1.295,14.200,-1.023,1.27,10.25,2.09,0.000000,0.000000,2237.60
18.25,99377.41,43.17,163.43,-0.08,-75.57,16.53,-1.295,14.200,-1.023,0.77,8.34,2.09,0.000000,0.000000,2238.87
18.77,99465.52,43.18,155.98,-0.08,-75.57,16.53,-1.295,14.200,-1.023,2.78,10.73,2.99,0.000000,0.000000,2240.13
16.77,99150.51,43.12,182.64,-0.08,-75.57,16.53,-1.295,14.200,-1.023,-6.77,0.24,10.69,0.000000,0.000000,2241.40
17.59,99266.63,43.11,172.80,-0.08,-75.57,16.53,-1.295,14.200,-1.023,-1.24,-8.82,2.09,0.000000,0.000000,2242.67
18.96,99496.20,43.14,153.38,-0.08,-75.57,16.53,-1.295,14.200,-1.023,0.27,-7.39,3.44,0.000000,0.000000,2243.93
24.24,100315.83,43.23,84.36,-0.08,-75.57,16.53,-1.295,14.200,-1.023,-1.24,-5.48,-0.63,0.000000,0.000000,2245.20
19.17,99511.08,43.15,152.13,-0.08,-75.57,16.53,-1.295,14.200,-1.023,0.77,-8.35,2.99,0.000000,0.000000,2246.46
19.43,99555.95,43.13,148.34,-0.08,-75.57,16.53,-1.295,14.200,-1.023,2.28,-7.39,2.99,0.000000,0.000000,2247.73
17.79,99296.68,43.09,170.26,-0.08,-75.57,16.53,-1.295,14.200,-1.023,3.29,-8.82,2.54,0.000000,0.000000,2249.00
22.84,100090.28,43.17,103.31,-0.08,-75.57,16.53,-1.295,14.200,-1.023,1.27,-9.30,2.09,0.000000,0.000000,2250.26
21.78,99928.67,43.19,116.91,-0.08,-75.57,16.53,-1.295,14.200,-1.023,0.77,-7.39,3.90,0.000000,0.000000,2251.53
18.08,99341.03,43.11,166.50,-0.08,-75.57,16.53,-1.295,14.200,-1.023,-0.23,-7.87,0.73,0.000000,0.000000,2252.79
16.98,99174.58,43.09,180.60,-0.08,-75.57,16.53,-1.295,14.200,-1.023,0.77,-8.35,3.44,0.000000,0.000000,2254.06
17.16,99187.90,43.03,179.47,-0.08,-75.57,16.53,-1.295,14.200,-1.023,1.78,-8.82,2.09,0.000000,0.000000,2255.33
17.45,99245.38,43.05,174.60,-0.08,-75.57,16.53,-1.295,14.200,-1.023,0.77,-7.87,3.44,0.000000,0.000000,2256.59
17.39,99231.81,43.04,175.75,-0.08,-75.57,16.53,-1.295,14.200,-1.023,0.77,-9.30,2.99,0.000000,0.000000,2257.86
17.68,99283.42,43.06,171.38,-0.08,-75.57,16.53,-1.295,14.200,-1.023,0.27,-7.39,2.54,0.000000,0.000000,2259.12
17.69,99270.34,43.04,172.49,-0.08,-75.57,16.53,-1.295,14.200,-1.023,1.27,-6.92,2.54,0.000000,0.000000,2260.39
21.73,99912.97,43.11,118.23,-0.08,-75.57,16.53,-1.295,14.200,-1.023,0.27,-9.78,1.63,0.000000,0.000000,2261.66
20.26,99686.13,43.12,137.35,-0.08,-75.57,16.53,-1.295,14.200,-1.023,0.77,-8.35,1.63,0.000000,0.000000,2262.92
19.51,99563.61,43.12,147.69,-0.08,-75.57,16.53,-1.295,14.200,-1.023,0.77,-7.39,2.99,0.000000,0.000000,2264.19
21.80,99919.14,43.15,117.71,-0.08,-75.57,16.53,-1.295,14.200,-1.023,0.77,-9.78,1.18,0.000000,0.000000,2265.45
22.43,100025.09,43.19,108.79,-0.08,-75.57,16.53,-1.295,14.200,-1.023,1.27,-8.35,1.63,0.000000,0.000000,2266.72
24.03,100275.20,43.22,87.77,-0.08,-75.57,16.53,-1.295,14.200,-1.023,3.79,-5.48,0.73,0.000000,0.000000,2267.99
26.42,100653.16,43.27,56.09,-0.08,-75.57,16.53,-1.295,14.200,-1.023,1.78,-8.82,-2.89,0.000000,0.000000,2269.25
26.20,100620.66,43.31,58.81,-0.08,-75.57,16.53,-1.295,14.200,-1.023,0.77,-6.92,-0.63,0.000000,0.000000,2270.52
26.64,100691.91,43.33,52.84,-0.08,-75.57,16.53,-1.295,14.200,-1.023,0.77,-6.44,0.73,0.000000,0.000000,2271.78
26.88,100727.67,43.34,49.85,-0.08,-75.57,16.53,-1.295,14.200,-1.023,0.27,-8.35,-1.54,0.000000,0.000000,2273.05
26.43,100654.14,43.34,56.00,-0.08,-75.57,16.53,-1.295,14.200,-1.023,1.78,-7.87,0.28,0.000000,0.000000,2274.32
29.43,101131.10,43.39,16.16,-0.08,-75.57,16.53,-1.295,14.200,-1.023,0.77,-7.39,0.28,0.000000,0.000000,2275.58
19.50,99562.59,43.26,147.78,-0.08,-75.57,16.53,-1.295,14.200,-1.023,3.79,-10.25,2.09,0.000000,0.000000,2276.85
23.04,100116.55,43.28,101.10,-0.08,-75.57,16.53,-1.295,14.200,-1.023,3.79,-7.39,1.63,0.000000,0.000000,2278.11
18.99,99481.70,43.20,154.61,-0.08,-75.57,16.53,-1.295,14.200,-1.023,3.29,-6.92,2.99,0.000000,0.000000,2279.38
23.21,100137.23,43.25,99.36,-0.08,-75.57,16.53,-1.295,14.200,-1.023,2.28,-7.39,1.63,0.000000,0.000000,2280.65
22.24,99989.05,43.24,111.83,-0.08,-75.57,16.53,-1.295,14.200,-1.023,3.79,-6.92,2.54,0.000000,0.000000,2281.91
21.97,99959.55,43.24,114.31,-0.08,-75.57,16.53,-1.295,14.200,-1.023,2.78,-5.96,2.09,0.000000,0.000000,2283.18
20.84,99770.81,43.20,130.21,-0.08,-75.57,16.53,-1.295,14.200,-1.023,0.77,-6.92,0.73,0.000000,0.000000,2284.44
19.36,99528.67,43.15,150.64,-0.08,-75.57,16.53,-1.295,14.200,-1.023,1.27,-8.82,1.63,0.000000,0.000000,2285.71
18.82,99444.80,43.13,157.73,-0.08,-75.57,16.53,-1.295,14.200,-1.023,2.78,-6.92,2.54,0.000000,0.000000,2286.98
18.44,99373.08,43.08,163.79,-0.08,-75.57,16.53,-1.295,14.200,-1.023,2.28,-7.39,0.73,0.000000,0.000000,2288.24
20.31,99675.94,43.12,138.21,-0.08,-75.57,16.53,-1.295,14.200,-1.023,0.77,-8.35,2.09,0.000000,0.000000,2289.51
20.35,99686.00,43.12,137.36,-0.08,-75.57,16.53,-1.295,14.200,-1.023,1.27,-6.44,2.09,0.000000,0.000000,2290.77
19.58,99551.66,43.10,148.70,-0.08,-75.57,16.53,-1.295,14.200,-1.023,0.77,-6.92,0.28,0.000000,0.000000,2292.04
20.07,99636.31,43.09,141.55,-0.08,-75.57,16.53,-1.295,14.200,-1.023,0.27,-7.39,1.18,0.000000,0.000000,2293.31
19.36,99520.15,43.09,151.36,-0.08,-75.57,16.53,-1.295,14.200,-1.023,1.78,-7.39,1.63,0.000000,0.000000,2294.57
19.31,99520.80,43.09,151.31,-0.08,-75.57,16.53,-1.295,14.200,-1.023,1.27,-7.39,1.18,0.000000,0.000000,2295.84
23.39,100153.84,43.14,97.97,-0.08,-75.57,16.53,-1.295,14.200,-1.023,-0.23,-7.87,1.63,0.000000,0.000000,2297.10
19.59,99561.26,43.09,147.89,-0.08,-75.57,16.53,-1.295,14.200,-1.023,4.29,-6.44,5.71,0.000000,0.000000,2298.37
18.84,99445.05,43.08,157.71,-0.08,-75.57,16.53,-1.295,14.200,-1.023,2.28,-8.35,2.99,0.000000,0.000000,2299.63
19.30,99518.19,43.09,151.53,-0.08,-75.57,16.53,-1.295,14.200,-1.023,4.29,-9.30,3.44,0.000000,0.000000,2300.90
18.81,99442.34,43.08,157.94,-0.08,-75.57,16.53,-1.295,14.200,-1.023,1.78,-8.35,3.44,0.000000,0.000000,2302.17
18.65,99407.98,43.06,160.84,-0.08,-75.57,16.53,-1.295,14.200,-1.023,0.77,-7.39,3.90,0.000000,0.000000,2303.43
19.70,99570.66,43.06,147.09,-0.08,-75.57,16.53,-1.295,14.200,-1.023,1.78,-7.87,2.54,0.000000,0.000000,2304.70
17.78,99278.09,43.04,171.83,-0.08,-75.57,16.53,-1.295,14.200,-1.023,2.78,-7.87,3.44,0.000000,0.000000,2305.96
19.00,99463.03,43.04,156.19,-0.08,-75.57,16.53,-1.295,14.200,-1.023,3.29,-7.87,1.18,0.000000,0.000000,2307.23
18.35,99364.27,43.04,164.54,-0.08,-75.57,16.53,-1.295,14.200,-1.023,2.78,-9.78,2.54,0.000000,0.000000,2308.50
16.71,99099.27,43.02,186.98,-0.08,-75.57,16.53,-1.295,14.200,-1.023,5.30,-7.87,3.44,0.000000,0.000000,2309.76
19.18,99487.63,43.06,154.11,-0.08,-75.57,16.53,-1.295,14.200,-1.023,5.80,-7.39,1.63,0.000000,0.000000,2311.03
21.24,99821.83,43.13,125.91,-0.08,-75.57,16.53,-1.295,14.200,-1.023,3.79,-9.78,2.09,0.000000,0.000000,2312.29
20.47,99701.52,43.13,136.05,-0.08,-75.57,16.53,-1.295,14.200,-1.023,2.28,-8.82,2.99,0.000000,0.000000,2313.56
18.81,99438.66,43.10,158.25,-0.08,-75.57,16.53,-1.295,14.200,-1.023,2.78,-7.87,3.44,0.000000,0.000000,2314.83
18.28,99345.41,43.06,166.13,-0.08,-75.57,16.53,-1.295,14.200,-1.023,1.78,-10.73,1.63,0.000000,0.000000,2316.09
19.39,99545.89,43.05,149.19,-0.08,-75.57,16.53,-1.295,14.200,-1.023,3.29,-8.35,0.73,0.000000,0.000000,2317.36
21.10,99784.45,43.08,129.06,-0.08,-75.57,16.53,-1.295,14.200,-1.023,4.29,-6.92,3.44,0.000000,0.000000,2318.62
17.56,99236.80,43.04,175.33,-0.08,-75.57,16.53,-1.295,14.200,-1.023,3.29,-7.87,0.28,0.000000,0.000000,2319.89
20.68,99724.30,43.09,134.13,-0.08,-75.57,16.53,-1.295,14.200,-1.023,3.29,-8.35,1.18,0.000000,0.000000,2321.16
16.50,99071.67,43.03,189.32,-0.08,-75.57,16.53,-1.295,14.200,-1.023,2.78,-8.35,5.26,0.000000,0.000000,2322.42
19.13,99481.27,43.07,154.65,-0.08,-75.57,16.53,-1.295,14.200,-1.023,2.28,-7.39,1.18,0.000000,0.000000,2323.69
18.05,99312.45,43.04,168.92,-0.08,-75.57,16.53,-1.295,14.200,-1.023,2.28,-9.78,2.54,0.000000,0.000000,2324.95
19.17,99479.38,43.04,154.81,-0.08,-75.57,16.53,-1.295,14.200,-1.023,2.78,-7.39,2.99,0.000000,0.000000,2326.22
17.31,99190.42,42.99,179.25,-0.08,-75.57,16.53,-1.295,14.200,-1.023,1.27,-7.39,3.90,0.000000,0.000000,2327.49
18.08,99302.80,42.98,169.74,-0.08,-75.57,16.53,-1.295,14.200,-1.023,0.27,-8.82,0.73,0.000000,0.000000,2328.75
18.56,99384.33,43.00,162.84,-0.08,-75.57,16.53,-1.295,14.200,-1.023,1.27,-8.35,2.09,0.000000,0.000000,2330.02
19.78,99567.41,43.01,147.37,-0.08,-75.57,16.53,-1.295,14.200,-1.023,1.78,-6.92,2.09,0.000000,0.000000,2331.28
19.64,99555.27,43.02,148.40,-0.08,-75.57,16.53,-1.295,14.200,-1.023,0.27,-6.92,1.63,0.000000,0.000000,2332.55
19.67,99557.63,43.01,148.20,-0.08,-75.57,16.53,-1.295,14.200,-1.023,0.27,-7.87,2.99,0.000000,0.000000,2333.82
17.87,99259.55,42.97,173.40,-0.08,-75.57,16.53,-1.295,14.200,-1.023,4.79,-8.35,-0.18,0.000000,0.000000,2335.08
20.25,99643.16,43.01,140.98,-0.08,-75.57,16.53,-1.295,14.200,-1.023,3.29,-8.35,-1.54,0.000000,0.000000,2336.35
25.34,100425.66,43.10,75.15,-0.08,-75.57,16.53,-1.295,14.200,-1.023,-2.75,-5.01,2.54,0.000000,0.000000,2337.61
25.83,100520.31,43.15,67.21,-0.08,-75.57,16.53,-1.295,14.200,-1.023,-2.24,-7.39,7.07,0.000000,0.000000,2338.88
20.17,99638.06,43.08,141.41,-0.08,-75.57,16.53,-1.295,14.200,-1.023,10.82,-3.58,-5.61,0.000000,0.000000,2340.15
19.67,99551.92,43.04,148.68,-0.08,-75.57,16.53,-1.295,14.200,-1.023,-0.23,-1.67,-10.14,0.000000,0.000000,2341.41
24.21,100269.84,43.14,88.22,-0.08,-75.57,16.53,-1.295,14.200,-1.023,-7.27,0.71,2.54,0.000000,0.000000,2342.68
16.87,99119.78,42.99,185.24,-0.08,-75.57,16.53,-1.295,14.200,-1.023,-0.74,3.10,9.33,0.000000,0.000000,2343.94
13.13,98521.86,42.88,236.04,-0.08,-75.57,16.53,-1.295,14.200,-1.023,5.80,0.71,7.52,0.000000,0.000000,2345.21
16.49,99041.27,42.93,191.90,-0.08,-75.57,16.53,-1.295,14.200,-1.023,5.30,2.62,8.42,0.000000,0.000000,2346.47
18.71,99391.95,42.98,162.20,-0.08,-75.57,16.53,-1.295,14.200,-1.023,9.82,4.53,9.33,0.000000,0.000000,2347.74
20.64,99703.08,43.05,135.92,-0.08,-75.57,16.53,-1.295,14.200,-1.023,9.82,4.53,7.52,0.000000,0.000000,2349.01
25.73,100502.77,43.16,68.68,-0.08,-75.57,16.53,-1.295,14.200,-1.023,11.33,2.15,3.44,0.000000,0.000000,2350.27
23.78,100193.84,43.17,94.61,-0.08,-75.57,16.53,-1.295,14.200,-1.023,10.32,1.67,3.90,0.000000,0.000000,2351.54
27.62,100797.23,43.27,44.03,-0.08,-75.57,16.53,-1.295,14.200,-1.023,12.33,3.10,4.35,0.000000,0.000000,2352.81
26.87,100679.85,43.27,53.85,-0.08,-75.57,16.53,-1.295,14.200,-1.023,6.30,5.48,7.52,0.000000,0.000000,2354.07
25.30,100433.01,43.28,74.53,-0.08,-75.57,16.53,-1.295,14.200,-1.023,5.80,5.01,7.97,0.000000,0.000000,2355.34
25.03,100390.17,43.27,78.12,-0.08,-75.57,16.53,-1.295,14.200,-1.023,6.30,5.48,7.97,0.000000,0.000000,2356.60
25.07,100396.17,43.29,77.62,-0.08,-75.57,16.53,-1.295,14.200,-1.023,5.30,5.01,5.71,0.000000,0.000000,2357.87
29.32,101065.00,43.35,21.67,-0.08,-75.57,16.53,-1.295,14.200,-1.023,1.27,4.53,7.97,0.000000,0.000000,2359.13
28.35,100916.14,43.36,34.10,-0.08,-75.57,16.53,-1.295,14.200,-1.023,-0.74,5.96,8.42,0.000000,0.000000,2360.40
23.93,100234.06,43.31,91.23,-0.08,-75.57,16.53,-1.295,14.200,-1.023,1.27,5.01,8.88,0.000000,0.000000,2361.67
23.06,100087.55,43.28,103.54,-0.08,-75.57,16.53,-1.295,14.200,-1.023,8.31,2.62,5.71,0.000000,0.000000,2362.93
20.30,99654.13,43.22,140.05,-0.08,-75.57,16.53,-1.295,14.200,-1.023,13.84,2.62,2.09,0.000000,0.000000,2364.20
24.60,100320.16,43.27,84.00,-0.08,-75.57,16.53,-1.295,14.200,-1.023,10.32,1.67,4.35,0.000000,0.000000,2365.47
24.06,100240.13,43.28,90.72,-0.08,-75.57,16.53,-1.295,14.200,-1.023,11.83,1.19,1.63,0.000000,0.000000,2366.73
24.53,100307.73,43.30,85.04,-0.08,-75.57,16.53,-1.295,14.200,-1.023,12.33,1.67,2.09,0.000000,0.000000,2368.00
24.27,100270.94,43.30,88.13,-0.08,-75.57,16.53,-1.295,14.200,-1.023,11.83,3.58,3.44,0.000000,0.000000,2369.26
24.51,100305.81,43.31,85.20,-0.08,-75.57,16.53,-1.295,14.200,-1.023,10.32,4.53,-0.18,0.000000,0.000000,2370.53
26.87,100670.34,43.34,54.65,-0.08,-75.57,16.53,-1.295,14.200,-1.023,11.33,1.19,2.54,0.000000,0.000000,2371.80
25.24,100432.20,43.34,74.60,-0.08,-75.57,16.53,-1.295,14.200,-1.023,6.30,3.10,9.33,0.000000,0.000000,2373.06
22.26,99946.30,43.26,115.42,-0.08,-75.57,16.53,-1.295,14.200,-1.023,5.30,2.15,7.07,0.000000,0.000000,2374.33
21.84,99887.81,43.24,120.35,-0.08,-75.57,16.53,-1.295,14.200,-1.023,5.80,0.71,8.88,0.000000,0.000000,2375.59
21.10,99769.75,43.22,130.30,-0.08,-75.57,16.53,-1.295,14.200,-1.023,12.84,2.15,3.44,0.000000,0.000000,2376.86
23.49,100144.43,43.24,98.76,-0.08,-75.57,16.53,-1.295,14.200,-1.023,11.33,3.58,2.54,0.000000,0.000000,2378.12
24.14,100242.84,43.25,90.49,-0.08,-75.57,16.53,-1.295,14.200,-1.023,10.82,2.15,1.63,0.000000,0.000000,2379.39
23.68,100172.92,43.27,96.36,-0.08,-75.57,16.53,-1.295,14.200,-1.023,9.82,4.53,2.99,0.000000,0.000000,2380.66
20.48,99663.71,43.20,139.24,-0.08,-75.57,16.53,-1.295,14.200,-1.023,11.33,6.44,1.63,0.000000,0.000000,2381.92
25.04,100381.42,43.29,78.86,-0.08,-75.57,16.53,-1.295,14.200,-1.023,11.33,3.10,-2.89,0.000000,0.000000,2383.19
22.70,100025.34,43.25,108.77,-0.08,-75.57,16.53,-1.295,14.200,-1.023,9.82,1.67,-4.25,0.000000,0.000000,2384.46
23.78,100186.68,43.24,95.21,-0.08,-75.57,16.53,-1.295,14.200,-1.023,10.32,1.67,-6.97,0.000000,0.000000,2385.72
21.93,99898.93,43.23,119.41,-0.08,-75.57,16.53,-1.295,14.200,-1.023,-1.24,1.19,-7.87,0.000000,0.000000,2386.99
22.76,100017.48,43.19,109.43,-0.08,-75.57,16.53,-1.295,14.200,-1.023,-0.23,1.19,-9.23,0.000000,0.000000,2388.25
24.02,100215.73,43.20,92.77,-0.08,-75.57,16.53,-1.295,14.200,-1.023,9.82,2.15,-3.80,0.000000,0.000000,2389.52
19.54,99524.22,43.15,151.02,-0.08,-75.57,16.53,-1.295,14.200,-1.023,8.31,-4.53,-3.35,0.000000,0.000000,2390.79
18.65,99379.55,43.11,163.25,-0.08,-75.57,16.53,-1.295,14.200,-1.023,7.81,-6.92,-2.44,0.000000,0.000000,2392.05
21.67,99851.80,43.16,123.38,-0.08,-75.57,16.53,-1.295,14.200,-1.023,8.31,4.53,2.09,0.000000,0.000000,2393.32
24.85,100347.53,43.21,81.70,-0.08,-75.57,16.53,-1.295,14.200,-1.023,11.83,4.53,0.73,0.000000,0.000000,2394.58
18.73,99400.70,43.14,161.46,-0.08,-75.57,16.53,-1.295,14.200,-1.023,9.82,5.96,-3.35,0.000000,0.000000,2395.85
17.06,99124.98,43.08,184.80,-0.08,-75.57,16.53,-1.295,14.200,-1.023,1.78,-10.73,-1.99,0.000000,0.000000,2397.12
15.44,98871.06,43.00,206.34,-0.08,-75.57,16.53,-1.295,14.200,-1.023,0.77,-8.35,2.99,0.000000,0.000000,2398.38
17.50,99191.02,42.99,179.20,-0.08,-75.57,16.53,-1.295,14.200,-1.023,1.27,-6.44,1.18,0.000000,0.000000,2399.65
18.18,99289.80,42.97,170.84,-0.08,-75.57,16.53,-1.295,14.200,-1.023,-0.23,-10.73,-1.99,0.000000,0.000000,2400.92
18.94,99414.31,42.97,160.31,-0.08,-75.57,16.53,-1.295,14.200,-1.023,-0.74,-7.39,-1.99,0.000000,0.000000,2402.18
14.06,98645.95,42.85,225.48,-0.08,-75.57,16.53,-1.295,14.200,-1.023,3.29,-7.39,2.09,0.000000,0.000000,2403.44
17.91,99262.59,42.92,173.14,-0.08,-75.57,16.53,-1.295,14.200,-1.023,0.27,-9.78,-1.54,0.000000,0.000000,2404.71
19.10,99438.63,42.93,158.25,-0.08,-75.57,16.53,-1.295,14.200,-1.023,11.83,3.58,-4.25,0.000000,0.000000,2405.98
18.74,99373.77,42.92,163.74,-0.08,-75.57,16.53,-1.295,14.200,-1.023,1.27,10.25,-1.08,0.000000,0.000000,2407.24
18.04,99272.04,42.93,172.34,-0.08,-75.57,16.53,-1.295,14.200,-1.023,2.28,10.73,-0.63,0.000000,0.000000,2408.51
18.23,99299.06,42.92,170.06,-0.08,-75.57,16.53,-1.295,14.200,-1.023,2.28,10.73,-3.35,0.000000,0.000000,2409.77
18.57,99356.72,42.94,165.18,-0.08,-75.57,16.53,-1.295,14.200,-1.023,1.78,9.78,-0.18,0.000000,0.000000,2411.04
20.83,99698.56,42.96,136.30,-0.08,-75.57,16.53,-1.295,14.200,-1.023,3.29,11.68,0.28,0.000000,0.000000,2412.31
20.79,99703.91,42.94,135.85,-0.08,-75.57,16.53,-1.295,14.200,-1.023,2.28,10.25,-5.16,0.000000,0.000000,2413.57
19.57,99509.80,42.94,152.24,-0.08,-75.57,16.53,-1.295,14.200,-1.023,3.79,9.30,0.73,0.000000,0.000000,2414.84
18.97,99408.86,42.91,160.77,-0.08,-75.57,16.53,-1.295,14.200,-1.023,1.27,10.25,1.63,0.000000,0.000000,2416.10
19.77,99534.59,42.90,150.14,-0.08,-75.57,16.53,-1.295,14.200,-1.023,1.27,11.68,-0.18,0.000000,0.000000,2417.37
19.62,99509.88,42.89,152.23,-0.08,-75.57,16.53,-1.295,14.200,-1.023,2.78,10.25,-1.99,0.000000,0.000000,2418.64
20.25,99614.33,42.90,143.41,-0.08,-75.57,16.53,-1.295,14.200,-1.023,3.29,8.34,0.28,0.000000,0.000000,2419.90
20.46,99640.88,42.88,141.17,-0.08,-75.57,16.53,-1.295,14.200,-1.023,3.79,11.21,-0.18,0.000000,0.000000,2421.17
19.87,99545.38,42.84,149.23,-0.08,-75.57,16.53,-1.295,14.200,-1.023,2.78,10.25,-3.80,0.000000,0.000000,2422.43
18.34,99308.63,42.83,169.25,-0.08,-75.57,16.53,-1.295,14.200,-1.023,2.78,9.30,-3.35,0.000000,0.000000,2423.70
18.64,99356.36,42.81,165.21,-0.08,-75.57,16.53,-1.295,14.200,-1.023,5.30,10.73,-0.18,0.000000,0.000000,2424.97
19.05,99422.20,42.80,159.64,-0.08,-75.57,16.53,-1.295,14.200,-1.023,4.79,10.73,0.73,0.000000,0.000000,2426.23
17.50,99171.72,42.76,180.84,-0.08,-75.57,16.53,-1.295,14.200,-1.023,3.79,9.78,1.18,0.000000,0.000000,2427.50
18.26,99301.42,42.75,169.86,-0.08,-75.57,16.53,-1.295,14.200,-1.023,2.28,10.73,-0.63,0.000000,0.000000,2428.76
18.44,99323.99,42.74,167.95,-0.08,-75.57,16.53,-1.295,14.200,-1.023,3.29,10.25,0.73,0.000000,0.000000,2430.03
20.07,99569.30,42.73,147.21,-0.08,-75.57,16.53,-1.295,14.200,-1.023,4.79,11.21,-0.63,0.000000,0.000000,2431.30
17.73,99209.23,42.71,177.66,-0.08,-75.57,16.53,-1.295,14.200,-1.023,4.29,7.87,2.54,0.000000,0.000000,2432.56
14.91,98766.37,42.65,215.24,-0.08,-75.57,16.53,-1.295,14.200,-1.023,2.28,8.34,1.63,0.000000,0.000000,2433.83
16.37,98996.20,42.65,195.72,-0.08,-75.57,16.53,-1.295,14.200,-1.023,2.28,9.30,2.54,0.000000,0.000000,2435.09
17.11,99097.64,42.63,187.12,-0.08,-75.57,16.53,-1.295,14.200,-1.023,1.78,10.25,-1.08,0.000000,0.000000,2436.36
16.22,98984.09,42.63,196.75,-0.08,-75.57,16.53,-1.295,14.200,-1.023,1.27,8.82,-3.80,0.000000,0.000000,2437.63
17.56,99180.25,42.64,180.12,-0.08,-75.57,16.53,-1.295,14.200,-1.023,1.78,8.34,0.73,0.000000,0.000000,2438.89
17.63,99191.94,42.64,179.13,-0.08,-75.57,16.53,-1.295,14.200,-1.023,2.28,9.30,2.54,0.000000,0.000000,2440.16
17.02,99091.86,42.59,187.61,-0.08,-75.57,16.53,-1.295,14.200,-1.023,1.27,9.78,-1.99,0.000000,0.000000,2441.42
16.94,99086.16,42.57,188.09,-0.08,-75.57,16.53,-1.295,14.200,-1.023,1.27,9.30,-2.44,0.000000,0.000000,2442.69
16.92,99078.42,42.56,188.74,-0.08,-75.57,16.53,-1.295,14.200,-1.023,2.78,8.82,-0.63,0.000000,0.000000,2443.95
16.73,99051.91,42.54,190.99,-0.08,-75.57,16.53,-1.295,14.200,-1.023,3.29,10.73,0.73,0.000000,0.000000,2445.22
16.43,98996.05,42.52,195.73,-0.08,-75.57,16.53,-1.295,14.200,-1.023,3.29,9.78,-2.44,0.000000,0.000000,2446.49
16.22,98973.48,42.50,197.65,-0.08,-75.57,16.53,-1.295,14.200,-1.023,2.28,9.78,-3.35,0.000000,0.000000,2447.75
16.98,99085.41,42.51,188.15,-0.08,-75.57,16.53,-1.295,14.200,-1.023,2.78,8.82,0.28,0.000000,0.000000,2449.02
16.59,98987.16,42.47,196.49,-0.08,-75.57,16.53,-1.295,14.200,-1.023,3.79,9.78,-0.63,0.000000,0.000000,2450.28
17.02,99084.10,42.48,188.26,-0.08,-75.57,16.53,-1.295,14.200,-1.023,3.29,9.78,-2.44,0.000000,0.000000,2451.55
17.06,99091.48,42.46,187.64,-0.08,-75.57,16.53,-1.295,14.200,-1.023,2.78,8.82,-1.08,0.000000,0.000000,2452.82
16.69,99033.28,42.47,192.57,-0.08,-75.57,16.53,-1.295,14.200,-1.023,2.78,9.30,-0.18,0.000000,0.000000,2454.08
24.00,100175.58,42.55,96.14,-0.08,-75.57,16.53,-1.295,14.200,-1.023,-2.75,9.78,-2.89,0.000000,0.000000,2455.35
26.17,100528.08,42.61,66.56,-0.08,-75.57,16.53,-1.295,14.200,-1.023,-2.75,10.25,-4.25,0.000000,0.000000,2456.62
22.36,99929.23,42.58,116.86,-0.08,-75.57,16.53,-1.295,14.200,-1.023,2.28,1.67,-10.14,0.000000,0.000000,2457.88
22.06,99877.32,42.57,121.23,-0.08,-75.57,16.53,-1.295,14.200,-1.023,2.78,2.62,-8.78,0.000000,0.000000,2459.15
21.03,99715.81,42.56,134.85,-0.08,-75.57,16.53,-1.295,14.200,-1.023,2.78,2.15,-8.33,0.000000,0.000000,2460.41
21.11,99728.09,42.54,133.81,-0.08,-75.57,16.53,-1.295,14.200,-1.023,1.78,1.67,-9.23,0.000000,0.000000,2461.68
21.35,99760.48,42.54,131.08,-0.08,-75.57,16.53,-1.295,14.200,-1.023,3.79,-0.72,-8.78,0.000000,0.000000,2462.95
21.66,99812.53,42.57,126.69,-0.08,-75.57,16.53,-1.295,14.200,-1.023,4.79,0.71,-9.23,0.000000,0.000000,2464.21
18.94,99390.88,42.54,162.29,-0.08,-75.57,16.53,-1.295,14.200,-1.023,0.77,4.05,-8.33,0.000000,0.000000,2465.48
22.94,100013.22,42.64,109.79,-0.08,-75.57,16.53,-1.295,14.200,-1.023,-7.27,1.67,-3.80,0.000000,0.000000,2466.74
21.12,99721.16,42.56,134.39,-0.08,-75.57,16.53,-1.295,14.200,-1.023,2.78,-4.53,-7.42,0.000000,0.000000,2468.01
21.39,99766.00,42.56,130.61,-0.08,-75.57,16.53,-1.295,14.200,-1.023,8.31,-6.92,1.63,0.000000,0.000000,2469.27
20.32,99598.84,42.58,144.72,-0.08,-75.57,16.53,-1.295,14.200,-1.023,8.31,-7.87,1.18,0.000000,0.000000,2470.54
19.12,99409.05,42.58,160.75,-0.08,-75.57,16.53,-1.295,14.200,-1.023,7.81,-8.35,0.73,0.000000,0.000000,2471.81
20.94,99690.30,42.62,137.00,-0.08,-75.57,16.53,-1.295,14.200,-1.023,8.31,-7.87,0.73,0.000000,0.000000,2473.07
20.18,99572.68,42.64,146.92,-0.08,-75.57,16.53,-1.295,14.200,-1.023,8.81,-6.92,1.63,0.000000,0.000000,2474.34
20.11,99557.08,42.64,148.24,-0.08,-75.57,16.53,-1.295,14.200,-1.023,5.30,-5.96,-5.16,0.000000,0.000000,2475.60
21.27,99750.38,42.66,131.93,-0.08,-75.57,16.53,-1.295,14.200,-1.023,0.27,-9.78,-0.63,0.000000,0.000000,2476.87
23.31,100067.88,42.68,105.19,-0.08,-75.57,16.53,-1.295,14.200,-1.023,1.78,-8.82,0.28,0.000000,0.000000,2478.14
24.14,100192.52,42.69,94.72,-0.08,-75.57,16.53,-1.295,14.200,-1.023,2.78,-8.82,1.18,0.000000,0.000000,2479.40
24.32,100229.67,42.70,91.60,-0.08,-75.57,16.53,-1.295,14.200,-1.023,1.27,-4.05,-1.08,0.000000,0.000000,2480.67
23.49,100102.09,42.69,102.32,-0.08,-75.57,16.53,-1.295,14.200,-1.023,1.78,-9.30,1.63,0.000000,0.000000,2481.94
21.61,99795.80,42.64,128.10,-0.08,-75.57,16.53,-1.295,14.200,-1.023,3.79,-8.82,-0.18,0.000000,0.000000,2483.20
21.65,99803.41,42.65,127.46,-0.08,-75.57,16.53,-1.295,14.200,-1.023,3.29,-8.35,1.18,0.000000,0.000000,2484.47
20.99,99698.25,42.61,136.33,-0.08,-75.57,16.53,-1.295,14.200,-1.023,2.78,-7.39,-0.63,0.000000,0.000000,2485.73
23.16,100037.83,42.62,107.72,-0.08,-75.57,16.53,-1.295,14.200,-1.023,3.29,-9.78,-2.44,0.000000,0.000000,2487.00
21.39,99765.70,42.60,130.64,-0.08,-75.57,16.53,-1.295,14.200,-1.023,3.29,-8.82,1.63,0.000000,0.000000,2488.26
20.34,99594.18,42.56,145.11,-0.08,-75.57,16.53,-1.295,14.200,-1.023,3.79,-7.87,1.63,0.000000,0.000000,2489.53
19.98,99544.16,42.55,149.33,-0.08,-75.57,16.53,-1.295,14.200,-1.023,2.28,-8.35,-1.08,0.000000,0.000000,2490.80
20.55,99632.16,42.55,141.90,-0.08,-75.57,16.53,-1.295,14.200,-1.023,2.28,-12.16,-0.18,0.000000,0.000000,2492.06
20.54,99619.45,42.50,142.98,-0.08,-75.57,16.53,-1.295,14.200,-1.023,2.28,-9.78,-0.18,0.000000,0.000000,2493.33
27.22,100676.71,42.61,54.12,-0.08,-75.57,16.53,-1.295,14.200,-1.023,0.27,-5.48,1.63,0.000000,0.000000,2494.59
20.55,99630.23,42.54,142.07,-0.08,-75.57,16.53,-1.295,14.200,-1.023,2.28,-8.35,-0.63,0.000000,0.000000,2495.86
20.21,99577.19,42.50,146.54,-0.08,-75.57,16.53,-1.295,14.200,-1.023,1.78,-6.92,-0.18,0.000000,0.000000,2497.13
20.28,99578.14,42.49,146.46,-0.08,-75.57,16.53,-1.295,14.200,-1.023,2.28,-9.30,1.18,0.000000,0.000000,2498.39
20.28,99584.13,42.48,145.96,-0.08,-75.57,16.53,-1.295,14.200,-1.023,2.28,-8.82,1.63,0.000000,0.000000,2499.66
21.05,99709.72,42.48,135.36,-0.08,-75.57,16.53,-1.295,14.200,-1.023,2.28,-7.87,-1.54,0.000000,0.000000,2500.93
19.48,99453.35,42.44,157.01,-0.08,-75.57,16.53,-1.295,14.200,-1.023,1.78,-9.78,0.28,0.000000,0.000000,2502.19
21.54,99778.52,42.48,129.56,-0.08,-75.57,16.53,-1.295,14.200,-1.023,1.78,-7.87,1.63,0.000000,0.000000,2503.46
21.92,99839.93,42.48,124.38,-0.08,-75.57,16.53,-1.295,14.200,-1.023,3.29,-6.92,1.63,0.000000,0.000000,2504.72
21.26,99735.88,42.47,133.15,-0.08,-75.57,16.53,-1.295,14.200,-1.023,2.28,-8.82,-0.18,0.000000,0.000000,2505.99
21.12,99711.91,42.45,135.17,-0.08,-75.57,16.53,-1.295,14.200,-1.023,2.28,-10.73,1.63,0.000000,0.000000,2507.25
19.78,99493.87,42.41,153.58,-0.08,-75.57,16.53,-1.295,14.200,-1.023,2.28,-9.78,1.18,0.000000,0.000000,2508.52
19.14,99399.20,42.41,161.58,-0.08,-75.57,16.53,-1.295,14.200,-1.023,3.79,-8.35,2.09,0.000000,0.000000,2509.78
21.75,99809.19,42.43,126.97,-0.08,-75.57,16.53,-1.295,14.200,-1.023,1.78,-7.87,0.73,0.000000,0.000000,2511.05
20.35,99578.92,42.39,146.40,-0.08,-75.57,16.53,-1.295,14.200,-1.023,1.78,-9.30,-1.54,0.000000,0.000000,2512.32
20.34,99585.34,42.39,145.86,-0.08,-75.57,16.53,-1.295,14.200,-1.023,1.78,-8.82,1.63,0.000000,0.000000,2513.58
20.00,99527.97,42.38,150.70,-0.08,-75.57,16.53,-1.295,14.200,-1.023,3.29,-7.39,0.73,0.000000,0.000000,2514.85
20.18,99559.17,42.38,148.07,-0.08,-75.57,16.53,-1.295,14.200,-1.023,2.28,-8.82,-1.54,0.000000,0.000000,2516.12
20.45,99595.38,42.36,145.01,-0.08,-75.57,16.53,-1.295,14.200,-1.023,2.28,-7.87,-0.63,0.000000,0.000000,2517.38
20.31,99574.95,42.36,146.73,-0.08,-75.57,16.53,-1.295,14.200,-1.023,2.78,-8.82,0.73,0.000000,0.000000,2518.65
20.24,99571.55,42.36,147.02,-0.08,-75.57,16.53,-1.295,14.200,-1.023,2.78,-7.87,2.09,0.000000,0.000000,2519.91
20.55,99612.99,42.36,143.52,-0.08,-75.57,16.53,-1.295,14.200,-1.023,2.28,-8.82,-1.54,0.000000,0.000000,2521.18
20.43,99597.02,42.36,144.87,-0.08,-75.57,16.53,-1.295,14.200,-1.023,2.78,-10.73,-0.18,0.000000,0.000000,2522.45
20.45,99597.76,42.34,144.81,-0.08,-75.57,16.53,-1.295,14.200,-1.023,1.78,-9.78,1.63,0.000000,0.000000,2523.71
20.45,99596.98,42.33,144.87,-0.08,-75.57,16.53,-1.295,14.200,-1.023,2.28,-8.82,-1.54,0.000000,0.000000,2524.98
20.45,99595.64,42.33,144.99,-0.08,-75.57,16.53,-1.295,14.200,-1.023,2.28,-7.87,0.28,0.000000,0.000000,2526.24
20.70,99629.48,42.33,142.13,-0.08,-75.57,16.53,-1.295,14.200,-1.023,1.27,-9.78,0.28,0.000000,0.000000,2527.51
20.26,99565.74,42.31,147.51,-0.08,-75.57,16.53,-1.295,14.200,-1.023,3.29,-10.73,-0.63,0.000000,0.000000,2528.78
20.73,99638.23,42.32,141.39,-0.08,-75.57,16.53,-1.295,14.200,-1.023,2.78,-8.35,1.18,0.000000,0.000000,2530.04
20.50,99592.11,42.29,143.98,-0.08,-75.57,16.53,-1.295,14.200,-1.023,2.78,-8.35,-3.35,0.000000,0.000000,2531.31
19.59,99462.14,42.28,156.26,-0.08,-75.57,16.53,-1.295,14.200,-1.023,2.28,-11.21,0.73,0.000000,0.000000,2532.57
19.55,99448.47,42.26,157.42,-0.08,-75.57,16.53,-1.295,14.200,-1.023,1.78,-9.30,-0.63,0.000000,0.000000,2533.84
19.62,99464.36,42.27,156.08,-0.08,-75.57,16.53,-1.295,14.200,-1.023,3.29,-9.78,0.73,0.000000,0.000000,2535.11
19.40,99420.45,42.24,159.79,-0.08,-75.57,16.53,-1.295,14.200,-1.023,2.28,-7.39,-2.89,0.000000,0.000000,2536.37
19.43,99436.83,42.25,158.40,-0.08,-75.57,16.53,-1.295,14.200,-1.023,2.78,-12.64,0.28,0.000000,0.000000,2537.64
19.58,99457.84,42.24,156.63,-0.08,-75.57,16.53,-1.295,14.200,-1.023,1.78,-9.30,2.99,0.000000,0.000000,2538.90
20.32,99663.22,42.25,139.28,-0.08,-75.57,16.53,-1.295,14.200,-1.023,2.78,-9.30,1.63,0.000000,0.000000,2540.17
21.11,99692.53,42.26,136.81,-0.08,-75.57,16.53,-1.295,14.200,-1.023,1.78,-8.82,0.28,0.000000,0.000000,2541.43
19.79,99483.23,42.23,154.48,-0.08,-75.57,16.53,-1.295,14.200,-1.023,1.27,-11.68,0.73,0.000000,0.000000,2542.70
19.24,99406.48,42.22,160.97,-0.08,-75.57,16.53,-1.295,14.200,-1.023,2.28,-11.68,1.63,0.000000,0.000000,2543.97
18.98,99355.59,42.19,165.27,-0.08,-75.57,16.53,-1.295,14.200,-1.023,2.28,-8.82,1.63,0.000000,0.000000,2545.23
18.78,99326.35,42.18,167.75,-0.08,-75.57,16.53,-1.295,14.200,-1.023,2.78,-7.87,1.18,0.000000,0.000000,2546.50
19.13,99378.67,42.17,163.32,-0.08,-75.57,16.53,-1.295,14.200,-1.023,2.28,-8.82,-1.99,0.000000,0.000000,2547.77
19.04,99381.30,42.17,163.83,-0.08,-75.57,16.53,-1.295,14.200,-1.023,2.28,-9.78,-0.18,0.000000,0.000000,2549.03
19.39,99413.09,42.18,160.41,-0.08,-75.57,16.53,-1.295,14.200,-1.023,3.79,-9.78,1.18,0.000000,0.000000,2550.30
19.24,99391.11,42.16,162.27,-0.08,-75.57,16.53,-1.295,14.200,-1.023,2.28,-8.35,2.09,0.000000,0.000000,2551.56
19.44,99425.42,42.16,159.37,-0.08,-75.57,16.53,-1.295,14.200,-1.023,2.28,-8.82,0.73,0.000000,0.000000,2552.83
19.21,99387.08,42.16,162.61,-0.08,-75.57,16.53,-1.295,14.200,-1.023,2.28,-11.21,2.54,0.000000,0.000000,2554.10
19.25,99390.34,42.15,162.33,-0.08,-75.57,16.53,-1.295,14.200,-1.023,2.28,-7.39,0.28,0.000000,0.000000,2555.36
18.97,99347.80,42.13,165.93,-0.08,-75.57,16.53,-1.295,14.200,-1.023,3.29,-7.87,2.99,0.000000,0.000000,2556.63
18.85,99334.45,42.13,167.06,-0.08,-75.57,16.53,-1.295,14.200,-1.023,2.78,-8.35,0.73,0.000000,0.000000,2557.89
18.88,99335.34,42.11,166.99,-0.08,-75.57,16.53,-1.295,14.200,-1.023,2.28,-8.82,0.73,0.000000,0.000000,2559.16
19.31,99393.61,42.10,162.06,-0.08,-75.57,16.53,-1.295,14.200,-1.023,2.28,-9.30,-0.18,0.000000,0.000000,2560.43
18.35,99252.13,42.12,174.03,-0.08,-75.57,16.53,-1.295,14.200,-1.023,2.28,-8.35,2.09,0.000000,0.000000,2561.69
18.78,99314.08,42.10,168.78,-0.08,-75.57,16.53,-1.295,14.200,-1.023,4.29,-8.82,2.09,0.000000,0.000000,2562.96
18.61,99288.22,42.10,170.97,-0.08,-75.57,16.53,-1.295,14.200,-1.023,2.28,-8.35,2.54,0.000000,0.000000,2564.22
18.28,99231.27,42.05,175.79,-0.08,-75.57,16.53,-1.295,14.200,-1.023,1.78,-9.30,-0.18,0.000000,0.000000,2565.49
18.25,99234.23,42.08,175.54,-0.08,-75.57,16.53,-1.295,14.200,-1.023,2.28,-10.25,1.63,0.000000,0.000000,2566.76
18.51,99272.50,42.07,172.30,-0.08,-75.57,16.53,-1.295,14.200,-1.023,2.28,-9.30,1.63,0.000000,0.000000,2568.02
19.14,99370.09,42.05,164.05,-0.08,-75.57,16.53,-1.295,14.200,-1.023,1.78,-8.82,0.28,0.000000,0.000000,2569.29
19.44,99415.48,42.06,160.21,-0.08,-75.57,16.53,-1.295,14.200,-1.023,2.28,-9.30,-0.18,0.000000,0.000000,2570.55
19.36,99406.05,42.07,161.01,-0.08,-75.57,16.53,-1.295,14.200,-1.023,2.78,-9.30,2.09,0.000000,0.000000,2571.82
20.75,99620.13,42.08,142.92,-0.08,-75.57,16.53,-1.295,14.200,-1.023,2.78,-9.78,1.63,0.000000,0.000000,2573.08
20.69,99607.69,42.06,143.97,-0.08,-75.57,16.53,-1.295,14.200,-1.023,2.78,-6.92,2.54,0.000000,0.000000,2574.35
19.81,99472.52,42.07,155.39,-0.08,-75.57,16.53,-1.295,14.200,-1.023,2.78,-9.30,-1.99,0.000000,0.000000,2575.62
20.70,99612.53,42.08,143.56,-0.08,-75.57,16.53,-1.295,14.200,-1.023,2.28,-10.25,-0.18,0.000000,0.000000,2576.88
20.74,99624.41,42.08,142.56,-0.08,-75.57,16.53,-1.295,14.200,-1.023,2.28,-8.82,-1.08,0.000000,0.000000,2578.15
21.07,99670.63,42.05,138.66,-0.08,-75.57,16.53,-1.295,14.200,-1.023,2.28,-7.39,2.54,0.000000,0.000000,2579.41
20.58,99591.95,42.05,145.30,-0.08,-75.57,16.53,-1.295,14.200,-1.023,2.78,-8.82,1.63,0.000000,0.000000,2580.68
20.31,99558.83,42.06,148.09,-0.08,-75.57,16.53,-1.295,14.200,-1.023,2.28,-8.82,-3.35,0.000000,0.000000,2581.95
20.22,99532.63,42.05,150.31,-0.08,-75.57,16.53,-1.295,14.200,-1.023,2.28,-9.78,-0.18,0.000000,0.000000,2583.21
19.42,99408.14,42.03,160.83,-0.08,-75.57,16.53,-1.295,14.200,-1.023,2.28,-8.35,2.09,0.000000,0.000000,2584.48
20.70,99606.34,42.04,144.08,-0.08,-75.57,16.53,-1.295,14.200,-1.023,3.29,-7.39,0.73,0.000000,0.000000,2585.74
20.61,99594.81,42.06,145.06,-0.08,-75.57,16.53,-1.295,14.200,-1.023,2.78,-8.82,-1.54,0.000000,0.000000,2587.01
19.77,99461.07,42.02,156.35,-0.08,-75.57,16.53,-1.295,14.200,-1.023,2.28,-10.25,-1.54,0.000000,0.000000,2588.28
19.61,99433.44,42.02,158.69,-0.08,-75.57,16.53,-1.295,14.200,-1.023,3.29,-9.78,-2.89,0.000000,0.000000,2589.54
19.66,99444.80,42.02,157.73,-0.08,-75.57,16.53,-1.295,14.200,-1.023,1.27,-8.82,1.18,0.000000,0.000000,2590.81
19.35,99393.76,42.00,162.04,-0.08,-75.57,16.53,-1.295,14.200,-1.023,2.78,-7.87,0.73,0.000000,0.000000,2592.07
20.07,99506.65,41.99,152.50,-0.08,-75.57,16.53,-1.295,14.200,-1.023,2.28,-8.35,-2.89,0.000000,0.000000,2593.34
20.05,99504.60,42.01,152.67,-0.08,-75.57,16.53,-1.295,14.200,-1.023,2.28,-10.25,2.54,0.000000,0.000000,2594.61
21.31,99701.41,42.03,136.06,-0.08,-75.57,16.53,-1.295,14.200,-1.023,3.29,-9.30,0.28,0.000000,0.000000,2595.87
21.23,99690.00,42.04,137.02,-0.08,-75.57,16.53,-1.295,14.200,-1.023,2.78,-8.82,1.18,0.000000,0.000000,2597.14
21.86,99782.45,42.03,129.23,-0.08,-75.57,16.53,-1.295,14.200,-1.023,2.78,-8.35,1.63,0.000000,0.000000,2598.40
20.84,99626.26,42.02,142.40,-0.08,-75.57,16.53,-1.295,14.200,-1.023,2.28,-8.82,-1.99,0.000000,0.000000,2599.67
21.00,99655.92,42.03,139.90,-0.08,-75.57,16.53,-1.295,14.200,-1.023,2.28,-10.25,2.99,0.000000,0.000000,2600.94
21.08,99657.23,42.00,139.79,-0.08,-75.57,16.53,-1.295,14.200,-1.023,1.78,-8.35,1.18,0.000000,0.000000,2602.20
20.56,99576.75,42.00,146.58,-0.08,-75.57,16.53,-1.295,14.200,-1.023,4.29,-8.82,1.63,0.000000,0.000000,2603.47
21.24,99682.77,41.99,137.63,-0.08,-75.57,16.53,-1.295,14.200,-1.023,1.78,-8.35,-1.54,0.000000,0.000000,2604.73
21.98,99805.11,42.00,127.32,-0.08,-75.57,16.53,-1.295,14.200,-1.023,1.78,-10.25,2.09,0.000000,0.000000,2606.00
21.50,99724.08,41.98,134.15,-0.08,-75.57,16.53,-1.295,14.200,-1.023,2.28,-9.78,0.28,0.000000,0.000000,2607.27
21.69,99751.97,41.98,131.80,-0.08,-75.57,16.53,-1.295,14.200,-1.023,2.78,-8.35,1.63,0.000000,0.000000,2608.53
21.75,99770.18,41.96,130.26,-0.08,-75.57,16.53,-1.295,14.200,-1.023,3.79,-8.82,2.09,0.000000,0.000000,2609.80
21.35,99702.68,41.95,135.95,-0.08,-75.57,16.53,-1.295,14.200,-1.023,1.27,-8.35,-0.18,0.000000,0.000000,2611.06
20.91,99636.61,41.93,141.53,-0.08,-75.57,16.53,-1.295,14.200,-1.023,2.78,-9.30,0.28,0.000000,0.000000,2612.33
21.27,99687.64,41.91,137.22,-0.08,-75.57,16.53,-1.295,14.200,-1.023,1.27,-8.82,-0.18,0.000000,0.000000,2613.60
20.87,99620.98,41.89,142.85,-0.08,-75.57,16.53,-1.295,14.200,-1.023,2.78,-8.82,2.54,0.000000,0.000000,2614.86
20.13,99511.70,41.87,152.08,-0.08,-75.57,16.53,-1.295,14.200,-1.023,2.78,-8.35,1.18,0.000000,0.000000,2616.13
20.39,99543.64,41.84,149.38,-0.08,-75.57,16.53,-1.295,14.200,-1.023,1.78,-8.35,-1.08,0.000000,0.000000,2617.39
20.75,99607.69,41.84,143.97,-0.08,-75.57,16.53,-1.295,14.200,-1.023,2.28,-11.68,-0.18,0.000000,0.000000,2618.66
20.70,99598.58,41.82,144.74,-0.08,-75.57,16.53,-1.295,14.200,-1.023,1.78,-9.30,1.63,0.000000,0.000000,2619.92
20.89,99618.55,41.81,143.05,-0.08,-75.57,16.53,-1.295,14.200,-1.023,2.78,-8.82,0.73,0.000000,0.000000,2621.19
19.79,99450.16,41.79,157.28,-0.08,-75.57,16.53,-1.295,14.200,-1.023,2.28,-8.35,1.18,0.000000,0.000000,2622.46
19.39,99386.59,41.74,162.65,-0.08,-75.57,16.53,-1.295,14.200,-1.023,2.28,-8.35,0.28,0.000000,0.000000,2623.72
19.50,99410.09,41.74,160.66,-0.08,-75.57,16.53,-1.295,14.200,-1.023,1.78,-10.73,1.18,0.000000,0.000000,2624.99
19.79,99446.30,41.70,157.60,-0.08,-75.57,16.53,-1.295,14.200,-1.023,2.28,-9.30,2.54,0.000000,0.000000,2626.25
21.08,99702.40,41.69,140.26,-0.08,-75.57,16.53,-1.295,14.200,-1.023,2.78,-6.44,0.28,0.000000,0.000000,2627.52
20.70,99593.33,41.72,145.18,-0.08,-75.57,16.53,-1.295,14.200,-1.023,2.28,-7.39,0.73,0.000000,0.000000,2628.79
21.55,99722.55,41.70,134.28,-0.08,-75.57,16.53,-1.295,14.200,-1.023,2.28,-8.82,0.73,0.000000,0.000000,2630.05
21.04,99641.08,41.69,141.15,-0.08,-75.57,16.53,-1.295,14.200,-1.023,1.27,-9.78,-1.54,0.000000,0.000000,2631.32
20.64,99576.72,41.68,146.58,-0.08,-75.57,16.53,-1.295,14.200,-1.023,0.27,-8.82,1.18,0.000000,0.000000,2632.58
21.58,99724.44,41.69,133.42,-0.08,-75.57,16.53,-1.295,14.200,-1.023,1.27,-7.87,0.73,0.000000,0.000000,2633.85
20.72,99592.25,41.68,145.27,-0.08,-75.57,16.53,-1.295,14.200,-1.023,3.29,-7.87,1.63,0.000000,0.000000,2635.12
20.93,99619.16,41.66,143.00,-0.08,-75.57,16.53,-1.295,14.200,-1.023,2.28,-8.82,-2.44,0.000000,0.000000,2636.38
21.29,99683.91,41.67,137.54,-0.08,-75.57,16.53,-1.295,14.200,-1.023,2.28,-9.78,1.63,0.000000,0.000000,2637.65
21.45,99709.57,41.67,135.37,-0.08,-75.57,16.53,-1.295,14.200,-1.023,3.29,-9.30,1.63,0.000000,0.000000,2638.91
21.05,99648.16,41.60,140.55,-0.08,-75.57,16.53,-1.295,14.200,-1.023,2.78,-8.35,-0.63,0.000000,0.000000,2640.18
20.47,99545.82,41.63,149.19,-0.08,-75.57,16.53,-1.295,14.200,-1.023,2.78,-7.87,0.73,0.000000,0.000000,2641.45
21.19,99659.58,41.64,139.59,-0.08,-75.57,16.53,-1.295,14.200,-1.023,2.28,-8.35,0.28,0.000000,0.000000,2642.72
22.28,99841.79,41.67,124.23,-0.08,-75.57,16.53,-1.295,14.200,-1.023,1.27,-9.30,-1.54,0.000000,0.000000,2643.98
21.03,99635.63,41.62,141.61,-0.08,-75.57,16.53,-1.295,14.200,-1.023,2.28,-10.25,0.73,0.000000,0.000000,2645.24
21.33,99680.83,41.62,137.21,-0.08,-75.57,16.53,-1.295,14.200,-1.023,1.78,-7.87,0.28,0.000000,0.000000,2646.51
20.36,99532.81,41.63,150.29,-0.08,-75.57,16.53,-1.295,14.200,-1.023,2.28,-7.87,2.09,0.000000,0.000000,2647.78
20.25,99510.09,41.58,152.21,-0.08,-75.57,16.53,-1.295,14.200,-1.023,2.28,-8.82,-0.18,0.000000,0.000000,2649.04
19.37,99370.52,41.56,164.01,-0.08,-75.57,16.53,-1.295,14.200,-1.023,1.78,-10.25,1.18,0.000000,0.000000,2650.31
18.78,99273.72,41.54,172.20,-0.08,-75.57,16.53,-1.295,14.200,-1.023,2.78,-8.82,0.73,0.000000,0.000000,2651.57
17.72,99114.40,41.51,185.70,-0.08,-75.57,16.53,-1.295,14.200,-1.023,2.78,-9.78,2.54,0.000000,0.000000,2652.84
17.80,99116.17,41.49,185.54,-0.08,-75.57,16.53,-1.295,14.200,-1.023,1.78,-8.35,0.73,0.000000,0.000000,2654.11
20.40,99526.27,41.53,150.85,-0.08,-75.57,16.53,-1.295,14.200,-1.023,2.28,-8.82,-1.54,0.000000,0.000000,2655.37
19.18,99335.88,41.50,166.94,-0.08,-75.57,16.53,-1.295,14.200,-1.023,2.78,-10.73,-1.54,0.000000,0.000000,2656.64
18.36,99207.66,41.50,177.24,-0.08,-75.57,16.53,-1.295,14.200,-1.023,3.29,-10.73,1.18,0.000000,0.000000,2657.90
17.98,99150.55,41.46,182.63,-0.08,-75.57,16.53,-1.295,14.200,-1.023,2.78,-9.78,0.73,0.000000,0.000000,2659.17
18.24,99179.95,41.43,180.14,-0.08,-75.57,16.53,-1.295,14.200,-1.023,2.78,-8.35,1.63,0.000000,0.000000,2660.44
17.82,99121.23,41.42,185.12,-0.08,-75.57,16.53,-1.295,14.200,-1.023,2.28,-8.82,-2.44,0.000000,0.000000,2661.70
18.89,99283.94,41.43,171.34,-0.08,-75.57,16.53,-1.295,14.200,-1.023,2.28,-8.82,0.73,0.000000,0.000000,2662.97
19.01,99304.99,41.42,169.55,-0.08,-75.57,16.53,-1.295,14.200,-1.023,2.78,-7.87,0.73,0.000000,0.000000,2664.23
18.65,99245.37,41.40,174.60,-0.08,-75.57,16.53,-1.295,14.200,-1.023,2.28,-7.39,-0.18,0.000000,0.000000,2665.50
17.89,99130.77,41.42,184.31,-0.08,-75.57,16.53,-1.295,14.200,-1.023,1.78,-7.39,1.18,0.000000,0.000000,2666.77
18.52,99223.91,41.40,176.42,-0.08,-75.57,16.53,-1.295,14.200,-1.023,0.27,-9.30,2.54,0.000000,0.000000,2668.03
20.21,99489.83,41.41,153.92,-0.08,-75.57,16.53,-1.295,14.200,-1.023,1.78,-11.21,2.54,0.000000,0.000000,2669.30
19.10,99320.14,41.40,168.27,-0.08,-75.57,16.53,-1.295,14.200,-1.023,1.78,-9.30,0.28,0.000000,0.000000,2670.56
17.31,99025.73,41.37,193.21,-0.08,-75.57,16.53,-1.295,14.200,-1.023,-6.77,-0.72,4.35,0.000000,0.000000,2671.83
20.36,99509.56,41.38,152.26,-0.08,-75.57,16.53,-1.295,14.200,-1.023,2.78,-0.72,10.24,0.000000,0.000000,2673.10
20.13,99466.68,41.37,155.88,-0.08,-75.57,16.53,-1.295,14.200,-1.023,3.79,-1.19,7.52,0.000000,0.000000,2674.37
