Temperatura,Pressao,Umidade,Altitude,ax,ay,az,gx,gy,gz,vib_x,vib_y,vib_z,Latitude,Longitude,Tempo
21.38,65677.11,66.75,3510.87,-0.52,0.03,9.80,-0.005,-0.063,-0.015,-0.23,-2.62,9.33,0.000000,0.000000,1.19
21.38,65677.11,66.75,3510.87,-0.48,0.10,9.77,-0.010,-0.062,-0.022,0.77,-1.19,9.78,0.000000,0.000000,1.73
21.38,65677.11,66.75,3510.87,-0.39,-0.10,9.77,-0.006,-0.060,-0.013,0.27,-4.53,9.33,0.000000,0.000000,2.36
21.38,65677.11,66.75,3510.87,-0.56,0.03,9.79,-0.010,-0.055,-0.015,0.77,-2.62,9.78,0.000000,0.000000,2.81
21.38,65677.11,66.75,3510.87,-0.51,0.16,9.79,-0.012,-0.060,-0.024,0.77,-1.19,10.24,0.000000,0.000000,3.35
21.38,65677.11,66.75,3510.87,-0.55,0.31,9.79,-0.012,-0.058,-0.023,0.77,-1.67,9.33,0.000000,0.000000,3.89
21.38,65677.11,66.75,3510.87,-0.48,-0.02,9.82,-0.009,-0.062,-0.019,-0.23,-2.15,6.16,0.000000,0.000000,4.43
21.38,65677.11,66.75,3510.87,-0.48,0.09,9.81,-0.008,-0.059,-0.018,-0.23,-1.67,8.88,0.000000,0.000000,4.97
21.38,65677.11,66.75,3510.87,-0.45,0.06,9.78,-0.006,-0.061,-0.015,0.77,-2.15,7.52,0.000000,0.000000,5.51
21.38,65677.11,66.75,3510.87,-0.47,0.06,9.79,-0.009,-0.061,-0.020,0.27,-3.58,7.52,0.000000,0.000000,6.05
21.38,65677.11,66.75,3510.87,-0.50,0.09,9.79,-0.007,-0.062,-0.018,0.77,-1.67,8.88,0.000000,0.000000,6.59
21.38,65677.11,66.75,3510.87,-0.47,0.06,9.79,-0.009,-0.062,-0.017,-0.23,-2.15,8.42,0.000000,0.000000,7.13
21.38,65677.11,66.75,3510.87,-0.49,0.06,9.77,-0.007,-0.062,-0.018,1.78,-1.19,9.33,0.000000,0.000000,7.67
21.38,65677.11,66.75,3510.87,-0.44,0.05,9.83,-0.009,-0.062,-0.019,-0.23,-1.67,7.52,0.000000,0.000000,8.21
21.38,65677.11,66.75,3510.87,-0.51,0.06,9.77,-0.008,-0.062,-0.019,1.27,-2.15,8.88,0.000000,0.000000,8.75
21.38,65677.11,66.75,3510.87,-0.45,0.05,9.77,-0.009,-0.061,-0.020,0.77,-2.15,2.99,0.000000,0.000000,9.29
21.38,65677.11,66.75,3510.87,-0.51,0.05,9.80,-0.007,-0.062,-0.017,-0.23,-1.67,9.33,0.000000,0.000000,9.83
21.38,65677.11,66.75,3510.87,-0.48,0.11,9.77,-0.009,-0.059,-0.018,0.77,-1.67,9.33,0.000000,0.000000,10.37
21.38,65677.11,66.75,3510.87,-0.50,0.05,9.79,-0.008,-0.060,-0.019,-0.23,-0.72,8.88,0.000000,0.000000,10.91
21.38,65677.11,66.75,3510.87,-0.51,0.21,9.70,0.039,-0.017,-0.045,0.77,-1.19,9.33,0.000000,0.000000,11.45
21.38,65677.11,66.75,3510.87,-1.72,-0.94,9.83,0.046,0.380,-0.117,-0.74,-1.19,8.42,0.000000,0.000000,11.99
21.38,65677.11,66.75,3510.87,-2.49,-0.07,9.55,0.044,-0.440,0.026,0.77,2.15,9.78,0.000000,0.000000,12.54
21.38,65677.11,66.75,3510.87,-1.59,-0.08,9.74,-0.010,-0.296,-0.019,-0.23,-1.19,9.33,0.000000,0.000000,13.08
21.38,65677.11,66.75,3510.87,-1.25,-0.12,9.73,0.039,-0.036,-0.013,0.77,0.71,10.24,0.000000,0.000000,13.61
21.38,65677.11,66.75,3510.87,-1.50,-0.04,9.69,-0.018,-0.056,-0.016,-0.23,-1.67,8.42,0.000000,0.000000,14.15
21.38,65677.11,66.75,3510.87,-1.26,-0.31,9.71,0.059,-0.069,-0.247,-0.23,0.71,9.78,0.000000,0.000000,14.69
21.38,65677.11,66.75,3510.87,-1.20,-0.06,9.70,-0.035,-0.059,-0.035,0.27,-0.72,9.33,0.000000,0.000000,15.24
21.38,65677.11,66.75,3510.87,-1.15,-0.09,9.76,0.001,-0.056,0.005,0.27,0.71,10.69,0.000000,0.000000,15.77
21.38,65677.11,66.75,3510.87,-1.24,-0.13,9.76,-0.033,-0.056,-0.031,0.27,-1.67,10.24,0.000000,0.000000,16.32
21.38,65677.11,66.75,3510.87,-0.94,-0.14,9.77,-0.005,-0.062,-0.015,1.27,0.24,11.14,0.000000,0.000000,16.85
21.38,65677.11,66.75,3510.87,-1.25,-0.18,9.74,-0.016,-0.061,-0.033,-0.23,-1.67,9.33,0.000000,0.000000,17.40
21.38,65677.11,66.75,3510.87,-0.96,-0.27,9.86,-0.010,-0.063,-0.019,0.27,-0.24,9.78,0.000000,0.000000,17.94
21.38,65677.11,66.75,3510.87,-1.03,-0.07,9.71,-0.003,-0.067,-0.022,0.27,-2.62,9.78,0.000000,0.000000,18.48
21.38,65677.11,66.75,3510.87,-1.26,0.10,9.75,-0.023,-0.073,-0.048,1.27,0.24,11.14,0.000000,0.000000,19.01
21.38,65677.11,66.75,3510.87,-1.12,-0.02,9.73,-0.018,-0.061,-0.032,0.27,-0.72,9.78,0.000000,0.000000,19.56
21.38,65677.11,66.75,3510.87,-1.12,-0.18,9.72,-0.018,-0.061,-0.027,-0.23,-0.72,11.14,0.000000,0.000000,20.10
21.38,65677.11,66.75,3510.87,-1.06,-0.06,9.71,-0.009,-0.060,-0.019,0.27,-0.24,9.78,0.000000,0.000000,20.64
21.38,65677.11,66.75,3510.87,-1.06,-0.13,9.76,-0.012,-0.060,-0.021,0.77,-0.24,10.24,0.000000,0.000000,21.18
21.38,65677.11,66.75,3510.87,-1.16,-0.04,9.73,-0.012,-0.062,-0.025,0.27,0.24,11.59,0.000000,0.000000,21.71
21.38,65677.11,66.75,3510.87,-1.17,0.02,9.67,-0.008,-0.063,-0.023,0.27,-1.19,9.78,0.000000,0.000000,22.26
21.38,65677.11,66.75,3510.87,-1.00,-0.18,9.77,-0.010,-0.066,-0.026,0.27,-0.24,9.78,0.000000,0.000000,22.80
21.38,65677.11,66.75,3510.87,-1.02,-0.17,9.75,-0.007,-0.062,-0.017,0.77,-1.19,10.24,0.000000,0.000000,23.34
21.38,65677.11,66.75,3510.87,-1.08,-0.06,9.76,-0.011,-0.060,-0.021,1.27,-0.24,10.24,0.000000,0.000000,23.88
21.38,65677.11,66.75,3510.87,-1.05,-0.17,9.73,-0.010,-0.064,-0.022,0.77,-0.72,11.14,0.000000,0.000000,24.42
21.38,65677.11,66.75,3510.87,-1.07,-0.00,9.73,-0.008,-0.060,-0.015,0.77,-0.24,10.24,0.000000,0.000000,24.96
21.38,65677.11,66.75,3510.87,-0.98,-0.21,9.73,-0.007,-0.058,-0.015,0.77,-0.24,10.24,0.000000,0.000000,25.50
21.38,65677.11,66.75,3510.87,-0.97,-0.14,9.73,-0.009,-0.056,-0.014,0.77,-0.24,10.24,0.000000,0.000000,26.04
21.38,65677.11,66.75,3510.87,-1.06,-0.16,9.74,-0.005,-0.062,-0.018,-0.23,-0.24,9.78,0.000000,0.000000,26.58
21.38,65677.11,66.75,3510.87,-1.07,-0.04,9.71,-0.007,-0.062,-0.021,0.27,-0.24,10.69,0.000000,0.000000,27.12
21.38,65677.11,66.75,3510.87,-1.05,-0.14,9.73,-0.014,-0.062,-0.025,0.27,0.24,8.42,0.000000,0.000000,27.66
21.38,65677.11,66.75,3510.87,-1.02,-0.18,9.76,-0.012,-0.060,-0.022,0.77,-0.24,9.78,0.000000,0.000000,28.20
21.38,65677.11,66.75,3510.87,-1.10,-0.10,9.70,-0.007,-0.062,-0.018,0.27,-0.24,8.88,0.000000,0.000000,28.74
21.38,65677.11,66.75,3510.87,-1.04,-0.04,9.73,-0.011,-0.057,-0.019,0.27,-0.24,9.78,0.000000,0.000000,29.28
21.38,65677.11,66.75,3510.87,-1.03,-0.15,9.74,-0.013,-0.061,-0.024,0.77,-0.24,10.24,0.000000,0.000000,29.82
21.38,65677.11,66.75,3510.87,-1.01,-0.14,9.70,-0.007,-0.060,-0.017,0.27,-1.19,10.24,0.000000,0.000000,30.37
21.38,65677.11,66.75,3510.87,-1.03,-0.11,9.75,-0.009,-0.061,-0.018,0.77,-0.24,11.14,0.000000,0.000000,30.91
21.38,65677.11,66.75,3510.87,-1.05,-0.15,9.73,-0.007,-0.062,-0.018,-0.23,-0.24,9.78,0.000000,0.000000,31.45
21.38,65677.11,66.75,3510.87,-1.00,-0.10,9.75,-0.017,-0.058,-0.021,0.27,-0.24,10.69,0.000000,0.000000,31.99
21.38,65677.11,66.75,3510.87,-1.17,-0.18,9.76,-0.006,-0.061,-0.018,0.27,-1.19,10.24,0.000000,0.000000,32.53
21.38,65677.11,66.75,3510.87,-1.20,-0.16,9.75,-0.003,-0.072,-0.030,0.77,-0.72,9.78,0.000000,0.000000,33.07
21.38,65677.11,66.75,3510.87,-1.06,-0.17,9.74,0.002,-0.070,-0.017,0.27,-1.67,10.69,0.000000,0.000000,33.61
21.38,65677.11,66.75,3510.87,-0.95,-0.16,9.73,-0.009,-0.062,-0.018,0.27,-0.24,10.24,0.000000,0.000000,34.15
21.38,65677.11,66.75,3510.87,-1.04,-0.20,9.73,-0.003,-0.063,-0.015,-0.74,-1.19,10.24,0.000000,0.000000,34.69
21.38,65677.11,66.75,3510.87,-0.87,-0.27,9.77,-0.010,-0.059,-0.016,0.77,0.24,8.88,0.000000,0.000000,35.23
21.38,65677.11,66.75,3510.87,-1.04,-0.20,9.71,0.003,-0.066,-0.015,-0.23,-0.72,9.78,0.000000,0.000000,35.77
21.38,65677.11,66.75,3510.87,-0.99,-0.11,9.72,-0.007,-0.060,-0.016,0.77,0.24,9.78,0.000000,0.000000,36.30
21.38,65677.11,66.75,3510.87,-1.12,-0.05,9.69,-0.004,-0.063,-0.018,0.27,-0.72,8.88,0.000000,0.000000,36.85
21.38,65677.11,66.75,3510.87,-0.87,-0.28,9.74,-0.008,-0.066,-0.022,0.27,-0.24,11.59,0.000000,0.000000,37.39
21.38,65677.11,66.75,3510.87,-1.06,-0.13,9.73,-0.004,-0.063,-0.016,0.77,-1.19,9.78,0.000000,0.000000,37.93
21.38,65677.11,66.75,3510.87,-1.06,-0.09,9.73,-0.006,-0.059,-0.015,-0.23,-0.24,10.24,0.000000,0.000000,38.47
21.38,65677.11,66.75,3510.87,-1.10,-0.15,9.73,-0.001,-0.068,-0.019,0.77,-0.72,11.14,0.000000,0.000000,39.01
21.38,65677.11,66.75,3510.87,-1.05,-0.12,9.74,-0.011,-0.060,-0.021,0.27,0.24,9.78,0.000000,0.000000,39.55
21.38,65677.11,66.75,3510.87,-1.08,-0.09,9.72,-0.006,-0.062,-0.016,0.27,-0.24,9.78,0.000000,0.000000,40.09
21.38,65677.11,66.75,3510.87,-1.06,-0.08,9.73,-0.003,-0.062,-0.012,0.27,0.71,10.24,0.000000,0.000000,40.63
21.38,65677.11,66.75,3510.87,-1.10,-0.07,9.73,-0.007,-0.060,-0.016,0.27,-1.19,10.24,0.000000,0.000000,41.17
21.38,65677.11,66.75,3510.87,-1.06,-0.14,9.74,-0.013,-0.061,-0.024,0.27,0.24,9.78,0.000000,0.000000,41.71
21.38,65677.11,66.75,3510.87,-1.06,-0.10,9.74,-0.004,-0.061,-0.017,-0.23,-0.24,10.69,0.000000,0.000000,42.25
21.38,65677.11,66.75,3510.87,-1.09,-0.08,9.74,-0.016,-0.058,-0.020,0.77,0.24,9.78,0.000000,0.000000,42.80
21.38,65677.11,66.75,3510.87,-1.00,-0.13,9.76,-0.013,-0.059,-0.023,0.27,-0.72,9.33,0.000000,0.000000,43.34
21.38,65677.11,66.75,3510.87,-1.02,-0.12,9.69,-0.009,-0.063,-0.021,-0.23,-0.72,10.24,0.000000,0.000000,43.88
21.38,65677.11,66.75,3510.87,-1.03,-0.08,9.70,-0.013,-0.056,-0.016,-0.23,-0.24,11.14,0.000000,0.000000,44.42
21.38,65677.11,66.75,3510.87,-1.02,-0.21,9.77,0.008,-0.072,-0.017,0.27,-0.72,10.24,0.000000,0.000000,44.96
21.38,65677.11,66.75,3510.87,-1.16,0.01,9.74,-0.024,-0.058,-0.029,0.27,0.71,8.42,0.000000,0.000000,45.49
21.38,65677.11,66.75,3510.87,-1.06,-0.06,9.74,-0.007,-0.061,-0.018,0.27,-0.72,9.33,0.000000,0.000000,46.04
21.38,65677.11,66.75,3510.87,-1.07,-0.14,9.73,-0.010,-0.062,-0.020,0.77,-0.24,10.24,0.000000,0.000000,46.58
21.38,65677.11,66.75,3510.87,-1.05,-0.06,9.72,-0.013,-0.061,-0.023,-0.23,-1.19,9.78,0.000000,0.000000,47.12
21.38,65677.11,66.75,3510.87,-1.05,-0.16,9.75,-0.013,-0.063,-0.024,0.27,-0.24,11.14,0.000000,0.000000,47.66
21.38,65677.11,66.75,3510.87,-1.03,-0.11,9.72,-0.012,-0.051,-0.026,0.27,-0.72,10.24,0.000000,0.000000,48.20
21.38,65677.11,66.75,3510.87,-1.07,-0.20,9.71,-0.008,-0.061,-0.020,0.77,0.24,9.78,0.000000,0.000000,48.74
21.38,65677.11,66.75,3510.87,-1.10,-0.09,9.72,-0.008,-0.062,-0.019,1.27,-1.67,9.78,0.000000,0.000000,49.28
21.38,65677.11,66.75,3510.87,-1.05,-0.16,9.75,-0.008,-0.062,-0.017,0.77,-0.24,10.24,0.000000,0.000000,49.82
21.38,65677.11,66.75,3510.87,-0.92,-0.15,9.74,-0.010,-0.063,-0.019,0.27,-1.19,9.78,0.000000,0.000000,50.36
21.38,65677.11,66.75,3510.87,-1.11,-0.11,9.72,-0.014,-0.065,-0.026,0.77,0.71,10.24,0.000000,0.000000,50.90
21.38,65677.11,66.75,3510.87,-1.03,0.08,9.72,-0.019,-0.054,-0.020,0.27,-1.67,10.24,0.000000,0.000000,51.44
21.38,65677.11,66.75,3510.87,-1.06,-0.17,9.73,-0.011,-0.061,-0.020,0.77,0.24,10.24,0.000000,0.000000,51.98
21.38,65677.11,66.75,3510.87,-0.97,-0.12,9.73,-0.005,-0.063,-0.015,-0.23,-1.19,10.24,0.000000,0.000000,52.52
21.38,65677.11,66.75,3510.87,-1.05,-0.13,9.71,-0.010,-0.063,-0.021,1.27,0.24,10.69,0.000000,0.000000,53.06
21.38,65677.11,66.75,3510.87,-1.04,-0.15,9.73,-0.010,-0.060,-0.019,0.27,-1.67,9.78,0.000000,0.000000,53.60
21.38,65677.11,66.75,3510.87,-1.05,-0.08,9.71,-0.010,-0.060,-0.020,0.27,0.71,10.24,0.000000,0.000000,54.14
21.38,65677.11,66.75,3510.87,-1.04,-0.19,9.73,-0.004,-0.064,-0.018,-0.23,-1.19,9.33,0.000000,0.000000,54.68
21.38,65677.11,66.75,3510.87,-0.96,-0.18,9.75,-0.007,-0.062,-0.016,1.78,0.24,10.69,0.000000,0.000000,55.22
21.38,65677.11,66.75,3510.87,-1.01,-0.21,9.72,-0.014,-0.058,-0.018,0.27,-2.15,9.33,0.000000,0.000000,55.76
21.38,65677.11,66.75,3510.87,-1.03,-0.11,9.73,-0.010,-0.062,-0.020,1.27,0.24,10.24,0.000000,0.000000,56.30
21.38,65677.11,66.75,3510.87,-1.05,-0.20,9.73,-0.013,-0.062,-0.023,0.27,-1.19,8.88,0.000000,0.000000,56.84
21.38,65677.11,66.75,3510.87,-1.01,-0.20,9.73,-0.004,-0.063,-0.018,0.77,0.24,10.24,0.000000,0.000000,57.38
21.38,65677.11,66.75,3510.87,-1.07,-0.13,9.73,-0.005,-0.063,-0.017,-0.23,-2.15,9.33,0.000000,0.000000,57.92
21.38,65677.11,66.75,3510.87,-1.06,-0.01,9.70,0.001,-0.060,-0.008,1.27,-0.24,10.69,0.000000,0.000000,58.46
21.38,65677.11,66.75,3510.87,-1.04,-0.11,9.72,-0.012,-0.062,-0.025,-0.23,-0.24,8.88,0.000000,0.000000,59.00
21.38,65677.11,66.75,3510.87,-0.94,-0.21,9.75,-0.010,-0.062,-0.018,0.27,0.24,10.69,0.000000,0.000000,59.54
21.38,65677.11,66.75,3510.87,-0.97,-0.17,9.74,-0.008,-0.059,-0.017,-0.23,-1.67,8.88,0.000000,0.000000,60.08
21.38,65677.11,66.75,3510.87,-1.05,-0.18,9.71,0.001,-0.064,-0.013,0.77,-0.24,10.24,0.000000,0.000000,60.62
21.38,65677.11,66.75,3510.87,-0.99,-0.09,9.75,-0.004,-0.063,-0.013,0.27,-0.24,11.14,0.000000,0.000000,61.17
21.38,65677.11,66.75,3510.87,-1.02,-0.08,9.72,-0.014,-0.061,-0.023,0.27,-1.19,10.24,0.000000,0.000000,61.70
21.38,65677.11,66.75,3510.87,-1.02,-0.05,9.74,-0.004,-0.060,-0.012,0.27,0.24,9.78,0.000000,0.000000,62.24
21.38,65677.11,66.75,3510.87,-0.99,-0.14,9.74,-0.007,-0.061,-0.017,0.77,-0.24,9.78,0.000000,0.000000,62.78
21.38,65677.11,66.75,3510.87,-0.96,-0.04,9.70,0.018,-0.044,-0.020,0.27,0.71,9.33,0.000000,0.000000,63.32
21.38,65677.11,66.75,3510.87,-1.05,-0.10,9.74,-0.007,-0.059,-0.013,0.77,-0.72,11.14,0.000000,0.000000,63.86
21.38,65677.11,66.75,3510.87,-1.09,-0.15,9.72,0.008,-0.065,-0.009,-0.23,-1.19,11.14,0.000000,0.000000,64.41
21.38,65677.11,66.75,3510.87,-0.99,-0.00,9.72,-0.018,-0.058,-0.020,0.27,-1.19,10.69,0.000000,0.000000,64.95
21.38,65677.11,66.75,3510.87,-1.05,-0.05,9.72,-0.009,-0.063,-0.017,1.27,-1.19,12.05,0.000000,0.000000,65.49
21.38,65677.11,66.75,3510.87,-1.05,0.07,9.71,-0.014,-0.053,-0.020,1.78,-0.72,10.69,0.000000,0.000000,66.02
21.38,65677.11,66.75,3510.87,-1.07,-0.06,9.73,-0.002,-0.063,-0.018,1.27,-0.72,9.78,0.000000,0.000000,66.56
21.38,65677.11,66.75,3510.87,-1.05,-0.05,9.74,-0.004,-0.063,-0.017,0.27,-1.67,9.78,0.000000,0.000000,67.11
21.38,65677.11,66.75,3510.87,-1.05,0.00,9.74,-0.011,-0.059,-0.019,1.27,-0.24,9.78,0.000000,0.000000,67.64
21.38,65677.11,66.75,3510.87,-1.03,-0.03,9.72,-0.011,-0.061,-0.021,0.77,-1.19,10.69,0.000000,0.000000,68.19
21.38,65677.11,66.75,3510.87,-1.01,-0.13,9.73,-0.010,-0.060,-0.018,1.78,-0.24,10.69,0.000000,0.000000,68.73
21.38,65677.11,66.75,3510.87,-1.01,-0.08,9.75,-0.013,-0.067,-0.018,1.27,-1.19,10.24,0.000000,0.000000,69.27
21.38,65677.11,66.75,3510.87,-1.10,-0.10,9.70,-0.003,-0.063,-0.016,2.28,0.71,10.69,0.000000,0.000000,69.81
21.38,65677.11,66.75,3510.87,-1.03,-0.01,9.75,-0.003,-0.067,-0.018,0.77,-1.19,10.69,0.000000,0.000000,70.35
21.38,65677.11,66.75,3510.87,-1.06,-0.06,9.71,-0.012,-0.061,-0.024,1.78,-0.72,11.14,0.000000,0.000000,70.89
21.38,65677.11,66.75,3510.87,-1.00,-0.05,9.75,-0.017,-0.056,-0.017,0.77,-2.15,10.69,0.000000,0.000000,71.43
21.38,65677.11,66.75,3510.87,-0.98,-0.09,9.71,-0.006,-0.061,-0.016,1.78,-0.24,11.14,0.000000,0.000000,71.97
21.38,65677.11,66.75,3510.87,-1.01,-0.00,9.66,-0.009,-0.063,-0.021,0.27,-1.19,9.78,0.000000,0.000000,72.51
21.38,65677.11,66.75,3510.87,-1.08,0.03,9.72,-0.011,-0.065,-0.022,0.77,-0.72,10.24,0.000000,0.000000,73.05
21.38,65677.11,66.75,3510.87,-1.00,0.09,9.65,-0.017,-0.044,-0.019,1.27,-1.19,10.69,0.000000,0.000000,73.59
21.38,65677.11,66.75,3510.87,-1.02,-0.09,9.71,0.007,-0.067,-0.019,1.78,-1.19,11.59,0.000000,0.000000,74.13
21.38,65677.11,66.75,3510.87,-0.94,-0.29,9.73,-0.028,-0.058,-0.015,1.27,-1.19,12.05,0.000000,0.000000,74.67
21.38,65677.11,66.75,3510.87,-1.05,0.04,9.72,-0.002,-0.062,-0.017,1.78,-1.19,11.14,0.000000,0.000000,75.21
21.38,65677.11,66.75,3510.87,-1.05,-0.00,9.74,-0.008,-0.062,-0.025,0.27,-0.72,9.78,0.000000,0.000000,75.75
21.38,65677.11,66.75,3510.87,-1.10,0.14,9.71,-0.031,-0.052,-0.031,1.27,-1.19,10.69,0.000000,0.000000,76.29
21.38,65677.11,66.75,3510.87,-0.97,-0.14,9.73,-0.021,-0.059,-0.024,0.77,-0.72,9.33,0.000000,0.000000,76.83
21.38,65677.11,66.75,3510.87,-1.03,0.02,9.72,-0.007,-0.063,-0.017,0.77,-1.19,10.24,0.000000,0.000000,77.37
21.38,65677.11,66.75,3510.87,-1.09,-0.11,9.76,-0.009,-0.060,-0.015,0.27,-0.24,8.42,0.000000,0.000000,77.91
21.38,65677.11,66.75,3510.87,-1.02,0.04,9.72,-0.008,-0.062,-0.018,1.27,-1.19,10.24,0.000000,0.000000,78.45
21.38,65677.11,66.75,3510.87,-1.04,-0.04,9.70,-0.016,-0.055,-0.020,0.77,-0.24,10.69,0.000000,0.000000,78.99
21.38,65677.11,66.75,3510.87,-1.09,0.13,9.70,-0.020,-0.057,-0.027,0.77,-1.19,10.69,0.000000,0.000000,79.53
21.38,65677.11,66.75,3510.87,-0.97,-0.12,9.72,-0.011,-0.060,-0.012,0.77,0.24,9.78,0.000000,0.000000,80.07
21.38,65677.11,66.75,3510.87,-1.02,-0.14,9.80,-0.002,-0.058,-0.019,-0.23,-0.24,9.78,0.000000,0.000000,80.61
21.38,65677.11,66.75,3510.87,-1.04,-0.18,9.71,-0.022,-0.057,-0.017,0.77,0.24,10.24,0.000000,0.000000,81.15
21.38,65677.11,66.75,3510.87,-0.90,-0.11,9.71,-0.015,-0.057,-0.018,0.27,-1.67,9.78,0.000000,0.000000,81.69
21.38,65677.11,66.75,3510.87,-1.05,-0.09,9.72,-0.031,-0.052,-0.023,1.27,0.24,10.24,0.000000,0.000000,82.23
21.38,65677.11,66.75,3510.87,-1.08,-0.15,9.73,-0.011,-0.058,-0.013,-0.74,-1.19,9.78,0.000000,0.000000,82.77
21.38,65677.11,66.75,3510.87,-1.13,-0.15,9.71,-0.022,-0.055,-0.024,0.77,0.24,10.69,0.000000,0.000000,83.31
21.38,65677.11,66.75,3510.87,-0.99,-0.15,9.74,0.002,-0.072,-0.018,0.27,-1.67,10.24,0.000000,0.000000,83.85
21.38,65677.11,66.75,3510.87,-0.77,-0.34,9.74,-0.073,-0.034,-0.017,0.77,0.71,10.69,0.000000,0.000000,84.39
21.38,65677.11,66.75,3510.87,-1.00,-0.19,9.70,-0.003,-0.064,-0.016,0.77,-1.67,11.14,0.000000,0.000000,84.93
21.38,65677.11,66.75,3510.87,-1.08,-0.19,9.70,-0.007,-0.062,-0.017,0.77,-0.24,10.24,0.000000,0.000000,85.47
21.38,65677.11,66.75,3510.87,-0.99,-0.11,9.76,-0.011,-0.063,-0.021,0.77,-1.67,10.24,0.000000,0.000000,86.01
21.38,65677.11,66.75,3510.87,-1.07,-0.25,9.74,-0.004,-0.062,-0.021,0.27,-0.24,11.14,0.000000,0.000000,86.55
21.38,65677.11,66.75,3510.87,-0.99,-0.12,9.72,-0.010,-0.060,-0.018,1.27,-2.62,10.69,0.000000,0.000000,87.09
21.38,65677.11,66.75,3510.87,-1.04,-0.14,9.73,-0.006,-0.062,-0.018,1.27,-0.72,10.69,0.000000,0.000000,87.63
21.38,65677.11,66.75,3510.87,-1.05,-0.15,9.73,-0.015,-0.059,-0.019,0.77,-0.72,9.78,0.000000,0.000000,88.17
21.38,65677.11,66.75,3510.87,-0.99,-0.06,9.71,-0.037,-0.050,-0.028,0.27,-0.72,9.78,0.000000,0.000000,88.71
21.38,65677.11,66.75,3510.87,-1.14,-0.34,9.71,-0.007,-0.067,-0.018,0.27,-0.24,10.69,0.000000,0.000000,89.25
21.38,65677.11,66.75,3510.87,-0.89,-0.05,9.70,-0.006,-0.057,-0.018,0.77,-0.72,10.69,0.000000,0.000000,89.79
21.38,65677.11,66.75,3510.87,-1.05,-0.17,9.75,0.021,-0.070,-0.001,0.77,-0.24,9.78,0.000000,0.000000,90.33
21.38,65677.11,66.75,3510.87,-0.99,-0.14,9.78,-0.029,-0.056,-0.027,0.27,-0.72,10.69,0.000000,0.000000,90.87
21.38,65677.11,66.75,3510.87,-1.05,-0.36,9.70,-0.012,-0.060,-0.015,1.78,0.24,10.69,0.000000,0.000000,91.41
21.38,65677.11,66.75,3510.87,-1.04,-0.06,9.73,-0.010,-0.062,-0.020,-0.23,-1.67,10.69,0.000000,0.000000,91.96
21.38,65677.11,66.75,3510.87,-1.05,-0.20,9.72,-0.008,-0.062,-0.016,0.77,0.24,10.24,0.000000,0.000000,92.49
21.38,65677.11,66.75,3510.87,-1.01,-0.27,9.73,-0.013,-0.063,-0.015,-0.74,-0.72,10.24,0.000000,0.000000,93.03
21.38,65677.11,66.75,3510.87,-1.10,-0.03,9.74,-0.008,-0.061,-0.020,1.27,1.19,9.78,0.000000,0.000000,93.57
21.38,65677.11,66.75,3510.87,-0.95,-0.31,9.77,0.000,-0.064,-0.012,0.27,-1.67,11.14,0.000000,0.000000,94.11
21.38,65677.11,66.75,3510.87,-1.08,-0.15,9.73,-0.005,-0.060,-0.015,1.27,0.71,10.24,0.000000,0.000000,94.65
21.38,65677.11,66.75,3510.87,-1.04,-0.02,9.71,-0.008,-0.060,-0.017,0.77,-2.15,10.69,0.000000,0.000000,95.20
21.38,65677.11,66.75,3510.87,-1.15,0.02,9.68,-0.010,-0.061,-0.024,1.27,0.24,10.24,0.000000,0.000000,95.73
21.38,65677.11,66.75,3510.87,-1.03,-0.03,9.73,-0.013,-0.061,-0.023,0.77,-2.62,9.78,0.000000,0.000000,96.27
21.38,65677.11,66.75,3510.87,-1.09,-0.20,9.75,-0.003,-0.067,-0.015,0.77,-0.72,10.24,0.000000,0.000000,96.81
21.38,65677.11,66.75,3510.87,-1.04,-0.10,9.73,-0.001,-0.063,-0.014,1.27,-0.72,9.78,0.000000,0.000000,97.35
21.38,65677.11,66.75,3510.87,-1.07,0.01,9.69,-0.013,-0.058,-0.020,0.27,-0.72,10.24,0.000000,0.000000,97.89
21.38,65677.11,66.75,3510.87,-0.94,-0.10,9.72,-0.010,-0.060,-0.019,0.77,-0.72,9.33,0.000000,0.000000,98.43
21.38,65677.11,66.75,3510.87,-1.03,-0.05,9.70,-0.018,-0.058,-0.028,0.77,-2.15,10.24,0.000000,0.000000,98.97
21.38,65677.11,66.75,3510.87,-0.95,-0.15,9.74,-0.007,-0.062,-0.016,-0.23,-0.72,9.78,0.000000,0.000000,99.52
21.38,65677.11,66.75,3510.87,-0.91,-0.18,9.74,0.002,-0.061,-0.009,0.27,-0.72,10.69,0.000000,0.000000,100.05
21.38,65677.11,66.75,3510.87,-1.11,-0.13,9.73,-0.004,-0.068,-0.021,1.27,0.71,10.24,0.000000,0.000000,100.59
21.38,65677.11,66.75,3510.87,-1.08,-0.12,9.77,0.002,-0.071,-0.014,0.27,-0.72,9.78,0.000000,0.000000,101.14
21.38,65677.11,66.75,3510.87,-1.03,-0.12,9.72,0.003,-0.068,-0.013,0.27,0.24,9.78,0.000000,0.000000,101.67
21.38,65677.11,66.75,3510.87,-0.98,-0.15,9.70,-0.013,-0.063,-0.024,0.27,-0.72,10.24,0.000000,0.000000,102.22
21.38,65677.11,66.75,3510.87,-0.99,-0.16,9.73,-0.016,-0.060,-0.020,1.27,0.71,10.69,0.000000,0.000000,102.76
21.38,65677.11,66.75,3510.87,-1.03,0.06,9.71,0.020,-0.071,-0.012,0.77,-2.15,11.14,0.000000,0.000000,103.29
21.38,65677.11,66.75,3510.87,-1.17,-0.08,9.74,0.059,-0.087,-0.012,0.77,-0.24,11.14,0.000000,0.000000,103.83
21.38,65677.11,66.75,3510.87,-0.97,-0.16,9.74,-0.002,-0.063,-0.018,0.27,0.24,9.78,0.000000,0.000000,104.38
21.38,65677.11,66.75,3510.87,-1.00,-0.20,9.71,-0.010,-0.061,-0.014,1.27,-0.24,11.14,0.000000,0.000000,104.92
21.38,65677.11,66.75,3510.87,-1.07,-0.09,9.71,-0.014,-0.060,-0.021,0.77,-0.24,8.42,0.000000,0.000000,105.46
21.38,65677.11,66.75,3510.87,-1.09,-0.09,9.72,-0.007,-0.061,-0.015,0.77,-0.24,10.24,0.000000,0.000000,106.00
21.38,65677.11,66.75,3510.87,-1.01,-0.19,9.73,-0.010,-0.060,-0.020,0.77,-0.72,11.14,0.000000,0.000000,106.54
21.38,65677.11,66.75,3510.87,-1.01,-0.05,9.72,-0.017,-0.059,-0.017,0.27,-1.19,11.59,0.000000,0.000000,107.08
21.38,65677.11,66.75,3510.87,-0.90,-0.14,9.75,-0.004,-0.058,-0.022,1.27,-1.19,9.78,0.000000,0.000000,107.62
21.38,65677.11,66.75,3510.87,-1.08,-0.04,9.70,-0.014,-0.061,-0.025,1.27,-1.67,11.14,0.000000,0.000000,108.16
21.38,65677.11,66.75,3510.87,-1.02,-0.22,9.76,0.007,-0.066,-0.016,0.77,-0.24,11.14,0.000000,0.000000,108.70
21.38,65677.11,66.75,3510.87,-1.05,-0.11,9.70,-0.011,-0.061,-0.022,0.27,-1.67,9.78,0.000000,0.000000,109.24
21.38,65677.11,66.75,3510.87,-1.08,-0.17,9.72,-0.007,-0.062,-0.015,1.78,0.24,9.78,0.000000,0.000000,109.78
21.38,65677.11,66.75,3510.87,-1.05,-0.12,9.72,-0.007,-0.063,-0.021,0.77,-2.15,10.69,0.000000,0.000000,110.32
21.38,65677.11,66.75,3510.87,-1.12,-0.10,9.71,-0.014,-0.065,-0.023,1.78,-0.24,11.59,0.000000,0.000000,110.86
21.38,65677.11,66.75,3510.87,-1.06,-0.28,9.71,-0.021,-0.058,-0.018,0.77,-0.72,9.78,0.000000,0.000000,111.40
21.38,65677.11,66.75,3510.87,-1.02,-0.11,9.73,0.009,-0.069,-0.014,1.27,-0.72,10.24,0.000000,0.000000,111.94
21.38,65677.11,66.75,3510.87,-1.02,-0.12,9.70,-0.027,-0.054,-0.013,0.77,-0.24,8.88,0.000000,0.000000,112.48
21.38,65677.11,66.75,3510.87,-0.92,0.16,9.74,-0.052,-0.041,-0.027,0.27,-1.19,10.24,0.000000,0.000000,113.02
21.38,65677.11,66.75,3510.87,-1.19,-0.29,9.72,0.023,-0.075,-0.014,1.78,0.24,9.78,0.000000,0.000000,113.56
21.38,65677.11,66.75,3510.87,-0.91,0.07,9.74,-0.051,-0.044,-0.029,0.77,-1.67,10.24,0.000000,0.000000,114.10
21.38,65677.11,66.75,3510.87,-1.04,-0.15,9.71,-0.004,-0.064,-0.017,0.77,0.24,10.69,0.000000,0.000000,114.64
21.38,65677.11,66.75,3510.87,-1.04,-0.17,9.69,-0.012,-0.061,-0.021,0.77,-1.67,10.69,0.000000,0.000000,115.18
21.38,65677.11,66.75,3510.87,-1.02,-0.11,9.72,-0.006,-0.062,-0.018,1.78,0.71,11.14,0.000000,0.000000,115.72
21.38,65677.11,66.75,3510.87,-1.07,-0.19,9.76,-0.010,-0.061,-0.019,0.27,-2.15,10.69,0.000000,0.000000,116.26
21.38,65677.11,66.75,3510.87,-0.99,-0.07,9.69,-0.010,-0.060,-0.019,1.78,-0.24,10.69,0.000000,0.000000,116.80
21.38,65677.11,66.75,3510.87,-1.03,-0.15,9.71,-0.006,-0.063,-0.018,1.27,-1.19,9.78,0.000000,0.000000,117.34
21.38,65677.11,66.75,3510.87,-1.07,-0.13,9.72,-0.009,-0.063,-0.019,1.27,-0.72,10.69,0.000000,0.000000,117.88
21.38,65677.11,66.75,3510.87,-1.03,-0.13,9.72,-0.007,-0.062,-0.018,0.77,-0.24,12.05,0.000000,0.000000,118.42
21.38,65677.11,66.75,3510.87,-1.05,-0.17,9.73,-0.012,-0.059,-0.018,0.27,-1.67,10.24,0.000000,0.000000,118.97
21.38,65677.11,66.75,3510.87,-0.98,-0.06,9.70,-0.008,-0.062,-0.017,1.27,-1.67,10.24,0.000000,0.000000,119.51
21.38,65677.11,66.75,3510.87,-1.08,-0.19,9.72,-0.009,-0.062,-0.018,0.27,-3.10,10.69,0.000000,0.000000,120.05
21.38,65677.11,66.75,3510.87,-1.05,-0.10,9.72,-0.010,-0.063,-0.019,0.27,0.24,11.14,0.000000,0.000000,120.59
21.38,65677.11,66.75,3510.87,-1.07,-0.15,9.73,-0.008,-0.060,-0.013,1.27,-0.24,11.14,0.000000,0.000000,121.13
21.38,65677.11,66.75,3510.87,-1.02,-0.15,9.71,-0.007,-0.062,-0.020,0.77,-1.67,10.69,0.000000,0.000000,121.67
21.38,65677.11,66.75,3510.87,-1.04,-0.12,9.73,-0.009,-0.061,-0.018,1.27,0.24,8.42,0.000000,0.000000,122.22
21.38,65677.11,66.75,3510.87,-1.01,-0.14,9.71,-0.009,-0.063,-0.020,0.77,-1.67,11.14,0.000000,0.000000,122.75
21.38,65677.11,66.75,3510.87,-1.05,-0.14,9.71,-0.009,-0.061,-0.019,1.27,-0.24,8.88,0.000000,0.000000,123.29
21.38,65677.11,66.75,3510.87,-0.98,-0.11,9.70,-0.008,-0.062,-0.019,-0.23,-1.19,10.69,0.000000,0.000000,123.83
21.38,65677.11,66.75,3510.87,-1.05,-0.15,9.73,-0.009,-0.061,-0.019,1.78,0.24,10.69,0.000000,0.000000,124.37
21.38,65677.11,66.75,3510.87,-0.99,-0.12,9.75,-0.011,-0.060,-0.020,1.27,-1.19,10.24,0.000000,0.000000,124.91
21.38,65677.11,66.75,3510.87,-1.09,-0.14,9.73,-0.027,-0.054,-0.021,1.27,-0.72,9.78,0.000000,0.000000,125.45
21.38,65677.11,66.75,3510.87,-1.08,-0.14,9.73,-0.017,-0.060,-0.024,0.27,-1.67,10.24,0.000000,0.000000,125.99
21.38,65677.11,66.75,3510.87,-0.98,-0.05,9.71,-0.020,-0.055,-0.020,0.77,-0.72,9.78,0.000000,0.000000,126.53
21.38,65677.11,66.75,3510.87,-1.10,-0.08,9.73,-0.011,-0.059,-0.019,0.77,-0.24,10.69,0.000000,0.000000,127.07
21.38,65677.11,66.75,3510.87,-0.92,-0.11,9.74,-0.011,-0.058,-0.018,1.27,-1.67,9.78,0.000000,0.000000,127.61
21.38,65677.11,66.75,3510.87,-1.09,-0.20,9.71,-0.033,-0.047,-0.021,0.27,-0.72,11.59,0.000000,0.000000,128.15
21.38,65677.11,66.75,3510.87,-1.00,0.08,9.68,-0.004,-0.063,-0.022,-0.23,-0.72,10.69,0.000000,0.000000,128.69
21.38,65677.11,66.75,3510.87,-1.18,-0.27,9.79,-0.027,-0.058,-0.030,0.77,-0.24,12.05,0.000000,0.000000,129.23
21.38,65677.11,66.75,3510.87,-0.97,-0.37,9.75,0.064,-0.094,-0.008,-0.23,-2.15,11.14,0.000000,0.000000,129.77
21.38,65677.11,66.75,3510.87,-1.02,-0.15,9.75,-0.017,-0.063,-0.025,0.77,-0.72,10.69,0.000000,0.000000,130.31
21.38,65677.11,66.75,3510.87,-0.90,-0.13,9.73,-0.032,-0.057,-0.035,1.78,-2.15,10.69,0.000000,0.000000,130.85
21.38,65677.11,66.75,3510.87,-0.99,0.03,9.68,-0.028,-0.051,-0.017,0.77,-0.24,11.14,0.000000,0.000000,131.39
21.38,65677.11,66.75,3510.87,-1.19,-0.31,9.78,0.031,-0.082,-0.006,0.77,-1.19,12.05,0.000000,0.000000,131.93
21.38,65677.11,66.75,3510.87,-1.10,-0.05,9.71,0.061,-0.083,0.002,1.27,-0.72,11.14,0.000000,0.000000,132.47
21.38,65677.11,66.75,3510.87,-1.07,-0.26,9.75,0.019,-0.068,0.006,-0.23,-0.24,10.24,0.000000,0.000000,133.01
21.38,65677.11,66.75,3510.87,-0.95,-0.16,9.74,-0.008,-0.066,-0.022,1.27,-1.19,10.24,0.000000,0.000000,133.55
21.38,65677.11,66.75,3510.87,-1.01,-0.20,9.73,-0.017,-0.057,-0.025,1.27,0.24,11.59,0.000000,0.000000,134.09
21.38,65677.11,66.75,3510.87,-1.02,0.05,9.72,-0.011,-0.058,-0.019,-0.23,-1.19,9.78,0.000000,0.000000,134.63
21.38,65677.11,66.75,3510.87,-1.03,-0.03,9.71,-0.105,-0.021,-0.033,0.77,-0.24,10.69,0.000000,0.000000,135.17
21.38,65677.11,66.75,3510.87,-0.95,-0.07,9.74,0.011,-0.072,-0.016,1.27,-2.62,11.59,0.000000,0.000000,135.71
21.38,65677.11,66.75,3510.87,-1.17,-0.11,9.69,0.035,-0.076,-0.004,1.27,1.19,10.69,0.000000,0.000000,136.25
21.38,65677.11,66.75,3510.87,-1.02,-0.26,9.77,0.020,-0.083,-0.010,0.27,-2.62,10.69,0.000000,0.000000,136.79
21.38,65677.11,66.75,3510.87,-1.02,-0.12,9.70,-0.001,-0.064,-0.015,1.27,-0.24,11.14,0.000000,0.000000,137.33
21.38,65677.11,66.75,3510.87,-1.05,-0.04,9.72,-0.006,-0.063,-0.023,-0.23,0.24,8.42,0.000000,0.000000,137.87
21.38,65677.11,66.75,3510.87,-1.04,-0.08,9.72,-0.011,-0.061,-0.018,2.28,-0.72,11.14,0.000000,0.000000,138.41
21.38,65677.11,66.75,3510.87,-1.01,-0.15,9.73,-0.010,-0.061,-0.018,1.27,-0.24,9.78,0.000000,0.000000,138.95
21.38,65677.11,66.75,3510.87,-1.05,-0.12,9.74,-0.007,-0.062,-0.018,0.77,-0.72,10.24,0.000000,0.000000,139.49
21.38,65677.11,66.75,3510.87,-1.02,-0.15,9.71,-0.010,-0.062,-0.018,1.27,0.24,9.78,0.000000,0.000000,140.03
21.38,65677.11,66.75,3510.87,-1.07,-0.13,9.71,-0.008,-0.062,-0.019,0.77,-0.24,10.24,0.000000,0.000000,140.58
21.38,65677.11,66.75,3510.87,-1.04,-0.15,9.71,-0.007,-0.062,-0.019,0.27,-2.15,10.69,0.000000,0.000000,141.12
21.38,65677.11,66.75,3510.87,-1.06,-0.15,9.71,-0.013,-0.061,-0.017,1.78,0.24,10.69,0.000000,0.000000,141.66
21.38,65677.11,66.75,3510.87,-1.03,-0.15,9.72,-0.008,-0.060,-0.019,0.77,-1.19,10.24,0.000000,0.000000,142.20
21.38,65677.11,66.75,3510.87,-1.05,-0.13,9.77,-0.009,-0.062,-0.019,1.27,0.71,10.69,0.000000,0.000000,142.74
21.38,65677.11,66.75,3510.87,-1.03,-0.22,9.73,-0.002,-0.063,-0.017,0.77,-2.62,9.78,0.000000,0.000000,143.28
21.38,65677.11,66.75,3510.87,-1.06,-0.14,9.71,-0.011,-0.062,-0.019,0.77,-0.72,10.69,0.000000,0.000000,143.82
21.38,65677.11,66.75,3510.87,-1.04,-0.16,9.70,-0.008,-0.060,-0.018,0.77,-2.62,10.24,0.000000,0.000000,144.36
21.38,65677.11,66.75,3510.87,-1.04,-0.13,9.70,-0.010,-0.061,-0.020,1.78,-0.24,10.24,0.000000,0.000000,144.90
21.38,65677.11,66.75,3510.87,-1.04,-0.11,9.75,-0.008,-0.062,-0.019,0.77,-0.24,10.69,0.000000,0.000000,145.44
21.38,65677.11,66.75,3510.87,-1.06,-0.13,9.71,-0.010,-0.061,-0.019,0.77,-1.19,10.24,0.000000,0.000000,145.98
21.38,65677.11,66.75,3510.87,-1.06,-0.13,9.73,-0.009,-0.062,-0.020,0.77,-0.24,10.69,0.000000,0.000000,146.52
21.38,65677.11,66.75,3510.87,-1.04,-0.15,9.70,-0.007,-0.062,-0.019,0.27,-1.67,9.33,0.000000,0.000000,147.06
21.38,65677.11,66.75,3510.87,-1.05,-0.15,9.73,-0.009,-0.061,-0.019,0.77,0.24,10.69,0.000000,0.000000,147.60
21.38,65677.11,66.75,3510.87,-1.04,-0.13,9.73,-0.009,-0.061,-0.018,0.77,-1.67,10.69,0.000000,0.000000,148.14
21.38,65677.11,66.75,3510.87,-1.02,-0.14,9.71,-0.009,-0.061,-0.018,1.27,0.71,9.33,0.000000,0.000000,148.68
21.38,65677.11,66.75,3510.87,-1.21,-0.25,9.70,0.015,-0.072,-0.014,1.27,-0.72,10.24,0.000000,0.000000,149.22
21.38,65677.11,66.75,3510.87,-1.01,-0.18,9.71,-0.021,-0.059,-0.025,0.77,0.24,11.14,0.000000,0.000000,149.76
21.38,65677.11,66.75,3510.87,-1.09,-0.13,9.70,-0.005,-0.062,-0.016,0.27,0.24,10.69,0.000000,0.000000,150.30
21.38,65677.11,66.75,3510.87,-0.99,-0.15,9.72,-0.010,-0.062,-0.021,0.77,-1.19,10.24,0.000000,0.000000,150.84
21.38,65677.11,66.75,3510.87,-1.04,-0.11,9.74,-0.008,-0.062,-0.018,0.27,0.24,12.05,0.000000,0.000000,151.38
21.38,65677.11,66.75,3510.87,-1.03,-0.12,9.74,-0.010,-0.061,-0.017,0.77,-1.19,11.59,0.000000,0.000000,151.92
21.38,65677.11,66.75,3510.87,-1.05,-0.14,9.71,-0.009,-0.061,-0.018,1.78,0.24,11.14,0.000000,0.000000,152.46
21.38,65677.11,66.75,3510.87,-1.01,-0.15,9.73,-0.009,-0.061,-0.018,1.27,-2.15,9.33,0.000000,0.000000,153.00
21.38,65677.11,66.75,3510.87,-1.04,-0.12,9.71,-0.010,-0.061,-0.019,1.27,0.24,11.14,0.000000,0.000000,153.54
21.38,65677.11,66.75,3510.87,-1.06,-0.13,9.72,-0.009,-0.061,-0.018,0.77,-0.72,10.24,0.000000,0.000000,154.09
21.38,65677.11,66.75,3510.87,-1.20,-0.11,9.70,-0.047,-0.046,-0.025,1.78,0.24,10.24,0.000000,0.000000,154.62
21.38,65677.11,66.75,3510.87,-1.13,-0.59,10.22,0.071,-0.164,-0.031,-0.23,0.24,11.14,0.000000,0.000000,155.16
21.38,65677.11,66.75,3510.87,-1.35,-0.34,9.71,-0.009,-0.075,-0.012,-0.23,-0.72,10.24,0.000000,0.000000,155.71
21.38,65677.11,66.75,3510.87,-1.46,-0.33,9.62,-0.009,-0.071,-0.028,0.27,1.19,10.69,0.000000,0.000000,156.25
21.38,65677.11,66.75,3510.87,-1.44,-0.25,9.63,-0.009,-0.084,-0.009,-0.23,0.24,9.78,0.000000,0.000000,156.78
21.38,65677.11,66.75,3510.87,-1.47,-0.34,9.63,-0.007,-0.071,-0.018,-0.23,0.71,10.69,0.000000,0.000000,157.33
21.38,65677.11,66.75,3510.87,-1.42,-0.30,9.62,-0.012,-0.048,-0.016,0.77,-0.24,8.88,0.000000,0.000000,157.86
21.38,65677.11,66.75,3510.87,-1.25,-0.39,9.54,-0.001,-0.316,-0.007,0.27,0.71,10.24,0.000000,0.000000,158.40
21.38,65677.11,66.75,3510.87,-1.44,-0.68,9.54,0.011,-0.082,-0.015,0.27,0.24,9.78,0.000000,0.000000,158.94
21.38,65677.11,66.75,3510.87,-0.99,-0.16,9.75,-0.012,-0.060,-0.018,1.27,0.71,10.69,0.000000,0.000000,159.49
21.38,65677.11,66.75,3510.87,-0.90,-0.12,9.72,-0.005,-0.072,-0.014,0.77,-1.19,10.24,0.000000,0.000000,160.03
21.38,65677.11,66.75,3510.87,-0.86,0.09,9.75,-0.024,-0.074,-0.035,0.77,-0.24,9.78,0.000000,0.000000,160.56
21.38,65677.11,66.75,3510.87,-0.78,-0.06,9.72,0.010,-0.062,-0.025,1.27,-0.24,9.78,0.000000,0.000000,161.10
21.38,65677.11,66.75,3510.87,-0.87,0.08,9.74,-0.012,-0.048,-0.021,0.77,-1.19,9.78,0.000000,0.000000,161.65
21.38,65677.11,66.75,3510.87,-0.89,0.09,9.70,-0.029,-0.033,-0.034,0.77,-0.24,10.24,0.000000,0.000000,162.19
21.38,65677.11,66.75,3510.87,-0.93,0.09,9.73,0.011,-0.085,-0.020,-0.74,-1.19,9.78,0.000000,0.000000,162.73
21.38,65677.11,66.75,3510.87,-0.92,0.01,9.73,-0.034,-0.031,-0.023,0.77,0.71,9.78,0.000000,0.000000,163.26
21.38,65677.11,66.75,3510.87,-0.89,-0.01,9.74,-0.015,-0.055,-0.020,0.77,-2.15,9.78,0.000000,0.000000,163.81
21.38,65677.11,66.75,3510.87,-1.01,-0.05,9.72,-0.032,-0.035,-0.022,0.27,0.24,10.24,0.000000,0.000000,164.35
21.38,65677.11,66.75,3510.87,-1.04,-0.13,9.74,-0.021,-0.051,-0.017,-0.23,0.24,9.78,0.000000,0.000000,164.89
21.38,65677.11,66.75,3510.87,-1.00,-0.06,9.74,-0.012,-0.056,-0.016,0.77,-0.24,10.24,0.000000,0.000000,165.43
21.38,65677.11,66.75,3510.87,-1.05,-0.03,9.71,-0.018,-0.055,-0.019,-0.23,0.71,10.69,0.000000,0.000000,165.97
21.38,65677.11,66.75,3510.87,-0.99,-0.13,9.75,0.001,-0.073,-0.020,-0.23,0.24,9.78,0.000000,0.000000,166.51
21.38,65677.11,66.75,3510.87,-1.01,-0.04,9.69,-0.014,-0.057,-0.020,0.27,0.24,9.78,0.000000,0.000000,167.05
21.38,65677.11,66.75,3510.87,-0.93,-0.08,9.69,-0.004,-0.063,-0.019,0.27,-1.19,9.78,0.000000,0.000000,167.59
21.38,65677.11,66.75,3510.87,-1.09,-0.08,9.72,-0.001,-0.066,-0.017,1.27,0.24,10.24,0.000000,0.000000,168.13
21.38,65677.11,66.75,3510.87,-1.05,-0.08,9.69,-0.009,-0.060,-0.019,0.27,-0.24,9.78,0.000000,0.000000,168.67
21.38,65677.11,66.75,3510.87,-1.04,-0.03,9.68,-0.017,-0.054,-0.020,1.27,0.24,9.78,0.000000,0.000000,169.21
21.38,65677.11,66.75,3510.87,-1.05,-0.15,9.75,0.008,-0.069,-0.022,-0.74,-1.19,9.78,0.000000,0.000000,169.75
21.38,65677.11,66.75,3510.87,-1.06,-0.17,9.69,-0.009,-0.060,-0.017,0.27,0.24,10.24,0.000000,0.000000,170.29
21.38,65677.11,66.75,3510.87,-1.04,-0.17,9.70,-0.010,-0.062,-0.021,0.27,0.71,9.33,0.000000,0.000000,170.83
21.38,65677.11,66.75,3510.87,-1.05,-0.15,9.69,-0.010,-0.062,-0.019,-0.23,0.24,10.69,0.000000,0.000000,171.37
21.38,65677.11,66.75,3510.87,-1.06,-0.12,9.71,-0.009,-0.062,-0.019,0.77,-0.24,9.33,0.000000,0.000000,171.91
21.38,65677.11,66.75,3510.87,-1.14,-0.06,9.71,-0.008,-0.058,-0.011,-0.74,-0.24,10.69,0.000000,0.000000,172.45
21.38,65677.11,66.75,3510.87,-1.03,-0.16,9.70,-0.011,-0.062,-0.023,0.27,0.24,10.24,0.000000,0.000000,172.99
21.38,65677.11,66.75,3510.87,-1.06,-0.15,9.70,-0.009,-0.061,-0.016,0.27,-0.24,10.69,0.000000,0.000000,173.53
21.38,65677.11,66.75,3510.87,-1.03,-0.16,9.71,-0.010,-0.060,-0.019,1.78,0.24,10.24,0.000000,0.000000,174.07
21.38,65677.11,66.75,3510.87,-1.05,-0.15,9.71,-0.008,-0.062,-0.018,-0.23,-2.15,10.69,0.000000,0.000000,174.61
21.38,65677.11,66.75,3510.87,-1.05,-0.17,9.69,-0.009,-0.062,-0.017,0.77,-0.24,9.78,0.000000,0.000000,175.15
21.38,65677.11,66.75,3510.87,-1.04,-0.13,9.70,-0.009,-0.062,-0.018,0.77,-0.24,9.33,0.000000,0.000000,175.70
21.38,65677.11,66.75,3510.87,-1.04,-0.16,9.73,-0.010,-0.061,-0.020,0.77,-0.24,11.14,0.000000,0.000000,176.24
21.38,65677.11,66.75,3510.87,-1.05,-0.13,9.71,-0.009,-0.062,-0.020,0.27,0.24,10.24,0.000000,0.000000,176.77
21.38,65677.11,66.75,3510.87,-1.05,-0.14,9.73,-0.008,-0.062,-0.020,-0.23,-1.67,9.78,0.000000,0.000000,177.32
21.38,65677.11,66.75,3510.87,-0.91,-0.18,9.71,-0.039,-0.049,-0.018,0.27,0.71,9.78,0.000000,0.000000,177.85
21.38,65677.11,66.75,3510.87,-1.03,-0.26,9.71,-0.028,-0.042,-0.024,-0.23,-0.24,8.88,0.000000,0.000000,178.39
21.38,65677.11,66.75,3510.87,-0.72,-0.22,9.74,-0.011,-0.063,-0.014,0.77,1.19,10.24,0.000000,0.000000,178.93
21.38,65677.11,66.75,3510.87,-1.11,-0.26,9.74,-0.006,-0.063,-0.019,0.27,-0.24,8.42,0.000000,0.000000,179.50
21.38,65677.11,66.75,3510.87,-0.99,-0.01,9.72,-0.014,-0.060,-0.026,0.27,1.19,10.24,0.000000,0.000000,180.01
21.38,65677.11,66.75,3510.87,-0.99,-0.29,9.73,0.014,-0.073,-0.010,0.27,-0.24,9.33,0.000000,0.000000,180.56
21.38,65677.11,66.75,3510.87,-0.13,0.14,9.22,0.319,1.088,-0.284,1.78,-1.19,12.05,0.000000,0.000000,181.12
21.38,65677.11,66.75,3510.87,-1.04,-0.13,9.64,-0.140,-0.011,-0.034,-0.23,0.24,8.88,0.000000,0.000000,181.67
21.38,65677.11,66.75,3510.87,-1.08,-0.14,9.70,0.006,-0.070,-0.025,-0.23,0.24,8.88,0.000000,0.000000,182.20
21.38,65677.11,66.75,3510.87,-1.12,-0.03,9.87,-0.021,-0.052,-0.017,-0.23,-0.24,9.78,0.000000,0.000000,182.75
21.38,65677.11,66.75,3510.87,-0.74,-0.41,8.90,-0.004,-0.044,-0.028,1.78,-1.19,9.33,0.000000,0.000000,183.28
21.38,65677.11,66.75,3510.87,-0.91,-0.00,9.72,-0.005,-0.062,-0.020,0.27,0.71,9.33,0.000000,0.000000,183.83
21.38,65677.11,66.75,3510.87,-1.01,-0.29,9.69,0.169,-0.136,0.010,0.27,-0.72,9.33,0.000000,0.000000,184.36
21.38,65677.11,66.75,3510.87,-1.05,0.18,9.82,-0.222,0.036,-0.089,0.27,-0.24,9.78,0.000000,0.000000,184.90
21.38,65677.11,66.75,3510.87,-1.07,-0.01,9.74,0.029,-0.081,-0.013,0.27,-0.24,7.97,0.000000,0.000000,185.48
21.38,65677.11,66.75,3510.87,-1.02,0.05,9.72,0.013,-0.062,0.006,0.27,-0.24,9.78,0.000000,0.000000,185.98
21.38,65677.11,66.75,3510.87,-1.04,-0.28,9.67,0.016,-0.086,-0.010,-0.23,-0.24,6.61,0.000000,0.000000,186.53
21.38,65677.11,66.75,3510.87,-1.05,-0.09,9.71,-0.011,-0.060,-0.018,-0.23,-1.19,8.88,0.000000,0.000000,187.07
21.38,65677.11,66.75,3510.87,-1.04,-0.40,9.44,-0.007,-0.051,-0.015,-0.23,1.19,9.78,0.000000,0.000000,187.61
21.38,65677.11,66.75,3510.87,-1.04,-0.26,9.69,-0.015,-0.061,-0.020,0.27,-0.24,8.88,0.000000,0.000000,188.15
21.38,65677.11,66.75,3510.87,-1.02,-0.19,9.74,-0.008,-0.062,-0.017,0.77,0.24,9.78,0.000000,0.000000,188.69
21.38,65677.11,66.75,3510.87,-1.01,-0.20,9.72,-0.010,-0.061,-0.019,0.27,-0.72,7.52,0.000000,0.000000,189.23
21.38,65677.11,66.75,3510.87,-1.10,-0.11,9.72,-0.018,-0.058,-0.029,-0.74,0.71,9.33,0.000000,0.000000,189.77
21.38,65677.11,66.75,3510.87,-1.83,-0.57,10.07,-0.071,-0.113,0.405,-2.24,-0.72,8.42,0.000000,0.000000,190.31
21.38,65677.11,66.75,3510.87,-0.83,0.62,9.78,0.009,-0.101,0.655,0.77,-1.19,9.33,0.000000,0.000000,190.84
21.38,65677.11,66.75,3510.87,0.04,1.02,10.10,0.280,-0.252,-0.459,0.77,-0.72,7.07,0.000000,0.000000,191.39
21.38,65677.11,66.75,3510.87,3.83,1.11,7.76,0.044,-3.243,0.597,0.27,-5.01,7.07,0.000000,0.000000,191.92
21.38,65677.11,66.75,3510.87,8.36,-0.04,3.94,-0.078,-0.521,0.084,2.28,-8.35,2.54,0.000000,0.000000,192.47
21.38,65677.11,66.75,3510.87,9.78,-0.56,0.89,-0.480,-0.062,-0.062,-0.23,-10.73,-1.54,0.000000,0.000000,193.01
21.38,65677.11,66.75,3510.87,9.72,-0.37,1.23,-0.033,-0.064,-0.007,0.27,-8.35,0.73,0.000000,0.000000,193.55
21.38,65677.11,66.75,3510.87,9.74,-0.54,1.06,-0.008,-0.061,-0.020,-0.23,-11.21,-1.08,0.000000,0.000000,194.09
21.38,65677.11,66.75,3510.87,9.73,-0.32,1.34,-0.007,-0.064,-0.023,1.27,-8.82,0.28,0.000000,0.000000,194.63
21.38,65677.11,66.75,3510.87,9.80,-0.50,1.36,-0.705,-0.056,-0.126,-0.74,-9.30,-2.44,0.000000,0.000000,195.17
21.38,65677.11,66.75,3510.87,9.72,-0.27,1.19,-0.017,-0.064,-0.013,-0.23,-10.73,-0.18,0.000000,0.000000,195.71
21.38,65677.11,66.75,3510.87,9.70,-0.26,1.06,-0.010,-0.063,-0.019,1.27,-9.30,-0.18,0.000000,0.000000,196.25
21.38,65677.11,66.75,3510.87,9.74,-0.47,1.07,-0.010,-0.062,-0.018,0.77,-9.78,-0.63,0.000000,0.000000,196.79
21.38,65677.11,66.75,3510.87,9.75,-0.35,1.11,-0.008,-0.060,-0.019,1.78,-8.82,-0.18,0.000000,0.000000,197.33
21.38,65677.11,66.75,3510.87,9.74,-0.48,1.10,-0.012,-0.061,-0.019,-0.23,-10.73,-0.18,0.000000,0.000000,197.87
21.38,65677.11,66.75,3510.87,9.71,-0.35,1.18,-0.005,-0.061,-0.022,-0.23,-9.30,0.28,0.000000,0.000000,198.41
21.38,65677.11,66.75,3510.87,9.74,-0.40,1.07,-0.013,-0.061,-0.017,-0.74,-8.82,-2.44,0.000000,0.000000,198.95
21.38,65677.11,66.75,3510.87,9.77,-0.19,1.00,-0.064,-0.082,-0.039,-0.23,-9.30,-1.08,0.000000,0.000000,199.49
21.38,65677.11,66.75,3510.87,9.78,-0.09,0.82,-0.012,-0.064,-0.019,0.27,-9.30,-0.63,0.000000,0.000000,200.03
21.38,65677.11,66.75,3510.87,9.80,-0.25,0.67,-0.014,-0.004,0.037,-0.74,-9.78,-1.54,0.000000,0.000000,200.57
21.38,65677.11,66.75,3510.87,9.76,-0.49,0.91,-0.035,-0.053,0.000,-0.23,-8.35,-0.63,0.000000,0.000000,201.11
21.38,65677.11,66.75,3510.87,9.77,-0.24,0.97,0.001,-0.097,-0.053,0.27,-10.25,-1.54,0.000000,0.000000,201.65
21.38,65677.11,66.75,3510.87,9.78,-0.12,0.82,-0.019,-0.053,-0.015,0.77,-8.82,-0.63,0.000000,0.000000,202.19
21.38,65677.11,66.75,3510.87,9.78,-0.05,0.80,-0.010,-0.054,-0.016,0.27,-11.21,-1.54,0.000000,0.000000,202.73
21.38,65677.11,66.75,3510.87,9.73,-0.05,0.96,-0.022,-0.013,0.029,0.77,-8.82,-0.18,0.000000,0.000000,203.27
21.38,65677.11,66.75,3510.87,9.77,-0.04,0.86,0.001,-0.066,-0.025,0.77,-9.30,-1.54,0.000000,0.000000,203.81
21.38,65677.11,66.75,3510.87,9.79,-0.07,0.58,0.016,-0.065,-0.032,0.77,-9.30,-0.18,0.000000,0.000000,204.35
21.38,65677.11,66.75,3510.87,9.74,0.07,0.89,-0.014,-0.057,-0.013,1.27,-9.30,-0.18,0.000000,0.000000,204.89
21.38,65677.11,66.75,3510.87,9.85,0.00,0.74,-0.006,-0.101,-0.020,0.27,-10.73,-1.08,0.000000,0.000000,205.43
21.38,65677.11,66.75,3510.87,9.74,-0.16,0.79,-0.018,-0.057,-0.008,0.77,-9.30,-0.18,0.000000,0.000000,205.97
21.38,65677.11,66.75,3510.87,9.74,0.08,0.59,-0.001,-0.046,-0.026,0.77,-10.25,-1.08,0.000000,0.000000,206.51
21.38,65677.11,66.75,3510.87,9.75,0.12,1.08,-0.004,-0.087,-0.023,0.77,-9.30,-0.63,0.000000,0.000000,207.05
21.38,65677.11,66.75,3510.87,9.79,-0.24,0.92,-0.009,-0.055,-0.009,1.27,-10.25,-1.54,0.000000,0.000000,207.59
21.38,65677.11,66.75,3510.87,9.75,0.04,0.81,-0.018,-0.068,-0.011,0.27,-9.78,-0.63,0.000000,0.000000,208.13
21.38,65677.11,66.75,3510.87,9.80,-0.09,0.81,-0.018,0.017,0.054,0.77,-8.82,-1.08,0.000000,0.000000,208.67
21.38,65677.11,66.75,3510.87,9.69,-0.27,0.92,-0.004,-0.048,-0.019,-0.74,-9.78,-1.08,0.000000,0.000000,209.21
21.38,65677.11,66.75,3510.87,9.74,-0.42,1.07,-0.010,-0.056,-0.016,-0.23,-8.82,-0.18,0.000000,0.000000,209.75
21.38,65677.11,66.75,3510.87,9.64,-0.44,1.24,0.014,-0.158,-0.117,-0.74,-10.73,-0.63,0.000000,0.000000,210.29
21.38,65677.11,66.75,3510.87,9.77,-0.27,1.01,-0.022,-0.033,0.007,0.77,-9.78,0.28,0.000000,0.000000,210.83
21.38,65677.11,66.75,3510.87,9.77,0.01,0.76,-0.006,-0.049,-0.012,0.77,-9.30,-1.08,0.000000,0.000000,211.37
21.38,65677.11,66.75,3510.87,9.76,-0.34,1.05,-0.006,-0.077,-0.030,-0.23,-8.82,0.28,0.000000,0.000000,211.91
21.38,65677.11,66.75,3510.87,9.73,-0.44,1.11,-0.011,-0.061,-0.018,0.27,-9.30,-0.63,0.000000,0.000000,212.45
21.38,65677.11,66.75,3510.87,9.72,-0.33,1.18,-0.013,-0.063,-0.019,-0.23,-10.25,-0.18,0.000000,0.000000,213.00
21.38,65677.11,66.75,3510.87,9.75,-0.45,1.06,-0.010,-0.060,-0.020,0.27,-8.35,-0.63,0.000000,0.000000,213.53
21.38,65677.11,66.75,3510.87,9.72,-0.38,1.15,-0.009,-0.062,-0.019,0.77,-11.21,-0.63,0.000000,0.000000,214.08
21.38,65677.11,66.75,3510.87,9.73,-0.42,1.14,-0.009,-0.061,-0.018,0.27,-9.30,-0.63,0.000000,0.000000,214.62
21.38,65677.11,66.75,3510.87,9.72,-0.38,1.09,-0.010,-0.061,-0.019,0.27,-8.35,0.28,0.000000,0.000000,215.16
21.38,65677.11,66.75,3510.87,9.79,-0.23,0.94,-0.012,-0.054,-0.009,0.27,-10.25,-0.18,0.000000,0.000000,215.70
21.38,65677.11,66.75,3510.87,9.73,-0.46,1.17,-0.007,-0.066,-0.027,0.77,-8.35,-0.18,0.000000,0.000000,216.24
21.38,65677.11,66.75,3510.87,9.67,-0.54,1.27,-0.009,-0.057,-0.021,-0.23,-10.25,-1.99,0.000000,0.000000,216.78
21.38,65677.11,66.75,3510.87,9.73,-0.43,1.11,-0.010,-0.063,-0.021,-0.74,-9.30,0.28,0.000000,0.000000,217.32
21.38,65677.11,66.75,3510.87,9.72,-0.42,1.19,0.000,-0.060,-0.026,0.27,-9.30,-1.08,0.000000,0.000000,217.86
21.38,65677.11,66.75,3510.87,9.76,-0.46,1.06,-0.006,-0.059,-0.018,-0.23,-9.78,-0.63,0.000000,0.000000,218.40
21.38,65677.11,66.75,3510.87,9.70,-0.46,1.16,-0.009,-0.065,-0.040,0.27,-8.35,-0.63,0.000000,0.000000,218.94
21.38,65677.11,66.75,3510.87,9.75,-0.29,1.15,-0.011,-0.058,-0.016,0.27,-9.78,-1.08,0.000000,0.000000,219.48
21.38,65677.11,66.75,3510.87,9.81,-0.33,0.87,-0.014,-0.045,0.003,1.27,-8.82,-0.18,0.000000,0.000000,220.02
21.38,65677.11,66.75,3510.87,9.72,-0.41,1.13,-0.004,-0.063,-0.031,-0.23,-11.21,-0.63,0.000000,0.000000,220.57
21.38,65677.11,66.75,3510.87,9.74,-0.39,1.14,-0.007,-0.060,-0.021,-0.23,-8.35,-0.18,0.000000,0.000000,221.10
21.38,65677.11,66.75,3510.87,9.74,-0.30,1.07,-0.028,-0.059,-0.003,0.77,-9.30,-0.63,0.000000,0.000000,221.64
21.38,65677.11,66.75,3510.87,9.79,-0.19,1.00,-0.019,-0.045,0.001,-0.74,-10.25,-1.08,0.000000,0.000000,222.19
21.38,65677.11,66.75,3510.87,9.75,-0.62,0.99,-0.000,-0.056,-0.030,0.77,-9.30,-0.63,0.000000,0.000000,222.72
21.38,65677.11,66.75,3510.87,9.75,-0.46,1.06,-0.008,-0.062,-0.020,0.27,-11.21,-1.54,0.000000,0.000000,223.26
21.38,65677.11,66.75,3510.87,9.66,-0.55,1.13,-0.016,-0.069,-0.041,0.77,-9.30,0.73,0.000000,0.000000,223.80
21.38,65677.11,66.75,3510.87,9.73,-0.65,1.02,-0.013,-0.061,-0.023,-0.74,-10.73,-0.63,0.000000,0.000000,224.35
21.38,65677.11,66.75,3510.87,9.83,-0.16,1.09,-0.010,-0.062,-0.009,-0.23,-9.78,-0.63,0.000000,0.000000,224.89
21.38,65677.11,66.75,3510.87,9.73,-0.28,1.11,-0.022,-0.072,-0.018,-0.23,-9.30,-1.08,0.000000,0.000000,225.43
21.38,65677.11,66.75,3510.87,9.73,-0.31,1.08,-0.008,-0.054,-0.020,0.77,-9.30,0.28,0.000000,0.000000,225.96
21.38,65677.11,66.75,3510.87,9.74,-0.34,1.21,-0.013,-0.070,-0.015,0.77,-9.30,-0.63,0.000000,0.000000,226.50
21.38,65677.11,66.75,3510.87,9.73,-0.46,1.09,-0.013,-0.063,-0.019,0.77,-10.25,-1.54,0.000000,0.000000,227.05
21.38,65677.11,66.75,3510.87,9.73,-0.35,1.07,-0.009,-0.062,-0.019,0.77,-9.30,0.28,0.000000,0.000000,227.58
21.38,65677.11,66.75,3510.87,9.74,-0.39,1.14,-0.009,-0.061,-0.019,-0.23,-11.68,-0.63,0.000000,0.000000,228.13
21.38,65677.11,66.75,3510.87,9.73,-0.39,1.09,-0.009,-0.060,-0.018,0.27,-9.78,-0.63,0.000000,0.000000,228.67
21.38,65677.11,66.75,3510.87,9.75,-0.39,1.11,-0.008,-0.061,-0.019,0.27,-9.78,-1.54,0.000000,0.000000,229.21
21.38,65677.11,66.75,3510.87,9.74,-0.38,1.09,-0.009,-0.061,-0.017,0.27,-9.78,0.28,0.000000,0.000000,229.75
21.38,65677.11,66.75,3510.87,9.76,-0.47,0.98,-0.008,-0.059,-0.013,-0.74,-9.30,-0.18,0.000000,0.000000,230.29
21.38,65677.11,66.75,3510.87,9.72,-0.54,1.11,-0.008,-0.067,-0.027,0.27,-10.73,-0.18,0.000000,0.000000,230.83
21.38,65677.11,66.75,3510.87,9.77,-0.32,1.08,-0.015,-0.057,-0.011,1.27,-8.82,-0.18,0.000000,0.000000,231.37
21.38,65677.11,66.75,3510.87,9.73,-0.44,1.08,-0.005,-0.058,-0.019,0.27,-10.73,-0.63,0.000000,0.000000,231.91
21.38,65677.11,66.75,3510.87,9.75,-0.22,1.18,-0.017,-0.059,-0.009,0.77,-9.30,0.28,0.000000,0.000000,232.45
21.38,65677.11,66.75,3510.87,9.77,-0.52,1.00,-0.005,-0.059,-0.018,0.27,-9.30,-3.80,0.000000,0.000000,232.99
21.38,65677.11,66.75,3510.87,9.75,-0.35,1.17,-0.011,-0.065,-0.019,-0.23,-9.30,-0.18,0.000000,0.000000,233.53
21.38,65677.11,66.75,3510.87,9.76,-0.33,1.08,-0.013,-0.055,-0.015,0.77,-10.25,-1.54,0.000000,0.000000,234.07
21.38,65677.11,66.75,3510.87,9.75,-0.42,1.08,-0.002,-0.058,-0.018,-0.74,-9.78,-1.08,0.000000,0.000000,234.61
21.38,65677.11,66.75,3510.87,9.72,-0.47,1.13,-0.002,-0.063,-0.026,0.27,-8.82,0.28,0.000000,0.000000,235.15
21.38,65677.11,66.75,3510.87,9.76,-0.34,1.18,-0.004,-0.062,-0.021,0.27,-9.78,-0.63,0.000000,0.000000,235.69
21.38,65677.11,66.75,3510.87,9.72,-0.41,1.07,-0.012,-0.067,-0.020,0.77,-9.30,0.28,0.000000,0.000000,236.23
21.38,65677.11,66.75,3510.87,9.67,-0.57,1.17,-0.008,-0.062,-0.029,0.77,-10.73,0.73,0.000000,0.000000,236.77
21.38,65677.11,66.75,3510.87,9.80,-0.33,0.98,-0.008,-0.055,0.004,-0.74,-8.82,-0.63,0.000000,0.000000,237.31
21.38,65677.11,66.75,3510.87,9.70,-0.38,1.24,-0.031,0.051,0.089,0.27,-9.30,0.28,0.000000,0.000000,237.85
21.38,65677.11,66.75,3510.87,9.76,-0.31,1.09,-0.007,-0.062,-0.015,-0.23,-10.25,-0.63,0.000000,0.000000,238.39
21.38,65677.11,66.75,3510.87,9.74,-0.40,1.07,-0.006,-0.063,-0.016,0.27,-8.82,-0.18,0.000000,0.000000,238.94
21.38,65677.11,66.75,3510.87,9.76,-0.43,1.14,-0.006,-0.063,-0.019,0.27,-9.78,-0.63,0.000000,0.000000,239.48
21.38,65677.11,66.75,3510.87,9.74,-0.40,1.09,-0.010,-0.061,-0.017,-0.23,-9.78,-1.08,0.000000,0.000000,240.02
21.38,65677.11,66.75,3510.87,9.72,-0.45,1.16,-0.007,-0.065,-0.025,0.77,-8.82,0.28,0.000000,0.000000,240.56
21.38,65677.11,66.75,3510.87,9.73,-0.42,1.14,-0.006,-0.058,-0.020,-0.23,-10.25,-1.08,0.000000,0.000000,241.10
21.38,65677.11,66.75,3510.87,9.71,-0.38,1.10,-0.019,-0.063,-0.016,0.27,-8.82,-0.18,0.000000,0.000000,241.64
21.38,65677.11,66.75,3510.87,9.74,-0.40,1.10,-0.008,-0.061,-0.020,-0.23,-8.82,-3.80,0.000000,0.000000,242.18
21.38,65677.11,66.75,3510.87,9.72,-0.37,1.16,-0.013,-0.067,-0.019,0.27,-9.30,0.28,0.000000,0.000000,242.72
21.38,65677.11,66.75,3510.87,9.77,-0.39,0.99,-0.009,-0.054,-0.014,-0.23,-9.78,-0.63,0.000000,0.000000,243.26
21.38,65677.11,66.75,3510.87,9.74,-0.34,1.11,-0.008,-0.060,-0.016,-0.23,-10.25,-1.08,0.000000,0.000000,243.80
21.38,65677.11,66.75,3510.87,9.84,-0.33,0.97,-0.004,-0.051,-0.010,0.27,-8.82,0.28,0.000000,0.000000,244.34
21.38,65677.11,66.75,3510.87,9.72,-0.40,1.09,-0.013,-0.059,-0.015,-0.23,-9.78,-1.54,0.000000,0.000000,244.88
21.38,65677.11,66.75,3510.87,9.79,-0.28,1.10,-0.002,-0.065,-0.020,0.27,-9.30,-0.18,0.000000,0.000000,245.42
21.38,65677.11,66.75,3510.87,9.80,-0.21,1.16,-0.024,-0.062,0.000,0.27,-10.25,-1.54,0.000000,0.000000,245.96
21.38,65677.11,66.75,3510.87,9.73,-0.33,1.11,-0.013,-0.057,-0.011,0.27,-8.82,0.73,0.000000,0.000000,246.50
21.38,65677.11,66.75,3510.87,9.75,-0.52,1.06,-0.013,-0.066,-0.019,-0.23,-9.78,-0.18,0.000000,0.000000,247.04
21.38,65677.11,66.75,3510.87,9.74,-0.62,1.05,-0.007,-0.064,-0.026,0.27,-10.25,-1.54,0.000000,0.000000,247.58
21.38,65677.11,66.75,3510.87,9.73,-0.34,1.14,-0.014,-0.064,-0.012,1.78,-8.82,-0.18,0.000000,0.000000,248.12
21.38,65677.11,66.75,3510.87,9.77,-0.25,1.12,-0.011,-0.067,-0.009,0.27,-10.73,-1.08,0.000000,0.000000,248.66
21.38,65677.11,66.75,3510.87,9.76,-0.38,1.04,-0.010,-0.060,-0.017,1.27,-9.78,0.28,0.000000,0.000000,249.20
21.38,65677.11,66.75,3510.87,9.73,-0.40,1.15,-0.009,-0.060,-0.026,-0.23,-9.30,-1.54,0.000000,0.000000,249.74
21.38,65677.11,66.75,3510.87,9.75,-0.37,1.14,-0.015,-0.063,-0.010,-0.23,-9.30,0.28,0.000000,0.000000,250.28
21.38,65677.11,66.75,3510.87,9.71,-0.48,1.05,-0.011,-0.054,-0.023,0.77,-9.30,-0.18,0.000000,0.000000,250.82
21.38,65677.11,66.75,3510.87,9.62,-0.80,0.75,-0.031,-0.036,-0.012,0.27,-10.73,-1.08,0.000000,0.000000,251.36
21.38,65677.11,66.75,3510.87,9.70,-0.74,1.07,0.021,-0.083,-0.064,0.77,-8.82,0.28,0.000000,0.000000,251.90
21.38,65677.11,66.75,3510.87,8.98,-2.26,1.22,-0.197,-0.267,0.688,-3.25,-8.82,-2.44,0.000000,0.000000,252.44
21.38,65677.11,66.75,3510.87,1.73,-9.02,-3.91,-1.152,-0.918,2.642,-8.27,-0.72,-3.80,0.000000,0.000000,252.98
21.38,65677.11,66.75,3510.87,-7.74,-2.19,-5.07,-0.897,-0.400,0.823,-2.24,8.82,-5.16,0.000000,0.000000,253.52
21.38,65677.11,66.75,3510.87,-9.14,-0.54,-3.12,-0.320,0.223,0.351,-0.23,7.87,-0.18,0.000000,0.000000,254.06
21.38,65677.11,66.75,3510.87,-9.45,0.56,-2.03,0.017,-0.208,0.006,1.78,9.30,0.28,0.000000,0.000000,254.60
21.38,65677.11,66.75,3510.87,-9.56,0.24,-0.13,-0.014,0.020,0.014,0.27,8.34,2.09,0.000000,0.000000,255.14
21.38,65677.11,66.75,3510.87,-9.65,0.43,-1.29,-0.009,-0.058,-0.013,2.28,8.82,1.63,0.000000,0.000000,255.68
21.38,65677.11,66.75,3510.87,-9.63,0.66,-1.13,-0.007,-0.050,-0.009,0.77,9.30,0.28,0.000000,0.000000,256.22
21.38,65677.11,66.75,3510.87,-9.64,0.50,-1.37,-0.014,-0.058,-0.019,-0.74,9.30,-0.63,0.000000,0.000000,256.76
21.38,65677.11,66.75,3510.87,-9.66,0.54,-1.30,-0.010,-0.041,-0.006,1.27,10.25,0.73,0.000000,0.000000,257.30
21.38,65677.11,66.75,3510.87,-9.64,0.48,-1.31,-0.008,-0.057,-0.016,0.27,9.30,-1.08,0.000000,0.000000,257.84
21.38,65677.11,66.75,3510.87,-9.64,0.46,-1.22,-0.009,-0.066,-0.021,1.27,10.73,1.18,0.000000,0.000000,258.38
21.38,65677.11,66.75,3510.87,-9.65,0.50,-1.34,-0.009,-0.064,-0.020,0.77,7.87,-1.08,0.000000,0.000000,258.92
21.38,65677.11,66.75,3510.87,-9.62,0.51,-1.32,-0.010,-0.061,-0.018,0.27,10.73,0.73,0.000000,0.000000,259.46
21.38,65677.11,66.75,3510.87,-9.62,0.50,-1.35,-0.012,-0.053,-0.012,0.27,9.78,-2.44,0.000000,0.000000,260.00
21.38,65677.11,66.75,3510.87,-9.63,0.56,-1.46,-0.018,-0.015,-0.001,-0.23,9.30,0.73,0.000000,0.000000,260.54
21.38,65677.11,66.75,3510.87,-9.61,0.44,-1.08,-0.011,-0.050,-0.005,-0.23,10.25,-1.99,0.000000,0.000000,261.09
21.38,65677.11,66.75,3510.87,-9.65,0.27,-1.23,-0.004,-0.064,-0.012,0.27,8.34,-0.18,0.000000,0.000000,261.62
21.38,65677.11,66.75,3510.87,-9.63,0.69,-1.27,-0.002,-0.042,0.001,0.77,9.78,0.73,0.000000,0.000000,262.16
21.38,65677.11,66.75,3510.87,-9.63,0.27,-1.57,-0.011,-0.068,-0.033,0.27,9.30,-0.63,0.000000,0.000000,262.70
21.38,65677.11,66.75,3510.87,-9.60,0.55,-1.40,-0.008,-0.073,-0.033,0.27,9.30,0.28,0.000000,0.000000,263.24
21.38,65677.11,66.75,3510.87,-9.67,0.63,-1.14,0.002,-0.054,-0.007,0.27,9.78,-0.63,0.000000,0.000000,263.78
21.38,65677.11,66.75,3510.87,-9.61,0.60,-1.44,-0.013,-0.075,-0.036,0.27,9.30,0.28,0.000000,0.000000,264.32
21.38,65677.11,66.75,3510.87,-9.64,0.20,-0.94,-0.026,-0.036,0.010,0.77,10.25,1.18,0.000000,0.000000,264.86
21.38,65677.11,66.75,3510.87,-9.08,0.40,-3.77,-0.496,0.213,-0.055,0.27,7.87,-3.80,0.000000,0.000000,265.40
21.38,65677.11,66.75,3510.87,-9.37,0.53,-2.76,0.005,-0.059,-0.017,0.77,10.25,-0.63,0.000000,0.000000,265.94
21.38,65677.11,66.75,3510.87,-9.26,0.44,-2.97,-0.015,0.037,-0.015,-0.23,9.30,-3.80,0.000000,0.000000,266.49
21.38,65677.11,66.75,3510.87,-9.35,0.55,-2.75,-0.006,-0.074,-0.018,-0.74,9.30,-1.99,0.000000,0.000000,267.03
21.38,65677.11,66.75,3510.87,-9.28,0.49,-2.96,-0.008,-0.011,-0.024,0.77,9.78,-3.80,0.000000,0.000000,267.57
21.38,65677.11,66.75,3510.87,-9.18,0.60,-3.07,-0.041,-0.072,-0.024,-0.23,8.82,-2.89,0.000000,0.000000,268.11
21.38,65677.11,66.75,3510.87,-9.38,0.41,-2.83,-0.014,-0.076,-0.013,0.27,10.73,-0.63,0.000000,0.000000,268.65
21.38,65677.11,66.75,3510.87,-9.36,0.46,-2.81,-0.006,0.082,-0.014,0.27,9.30,-3.80,0.000000,0.000000,269.18
21.38,65677.11,66.75,3510.87,-8.94,0.58,-3.83,-0.005,-0.041,-0.003,1.27,9.78,-3.35,0.000000,0.000000,269.73
21.38,65677.11,66.75,3510.87,-9.00,0.84,-3.79,0.033,0.031,0.003,0.77,8.82,-3.80,0.000000,0.000000,270.26
21.38,65677.11,66.75,3510.87,-8.89,0.55,-3.87,0.000,-0.067,-0.023,0.27,9.30,-2.44,0.000000,0.000000,270.81
21.38,65677.11,66.75,3510.87,-9.01,0.67,-3.69,-0.010,0.083,-0.029,1.27,8.82,-1.99,0.000000,0.000000,271.35
21.38,65677.11,66.75,3510.87,-8.90,0.60,-3.92,-0.006,0.014,-0.023,0.27,9.30,-4.71,0.000000,0.000000,271.89
21.38,65677.11,66.75,3510.87,-8.81,0.39,-4.14,-0.015,-0.263,-0.033,1.27,9.78,-2.89,0.000000,0.000000,272.43
21.38,65677.11,66.75,3510.87,-8.90,0.44,-3.94,-0.009,-0.069,-0.024,0.27,10.25,-5.16,0.000000,0.000000,272.97
21.38,65677.11,66.75,3510.87,-8.72,0.38,-4.38,-0.009,-0.051,-0.021,-0.23,9.30,-2.89,0.000000,0.000000,273.51
21.38,65677.11,66.75,3510.87,-9.29,0.50,-2.78,-0.018,-0.746,-0.018,0.77,9.30,-1.54,0.000000,0.000000,274.05
21.38,65677.11,66.75,3510.87,-9.52,0.37,-1.71,-0.013,-0.080,-0.051,-0.74,8.82,-1.08,0.000000,0.000000,274.59
21.38,65677.11,66.75,3510.87,-9.64,0.52,-1.29,-0.005,-0.063,-0.017,1.27,9.78,-0.18,0.000000,0.000000,275.13
21.38,65677.11,66.75,3510.87,-9.62,0.47,-1.40,-0.009,-0.064,-0.018,0.27,7.39,-2.44,0.000000,0.000000,275.67
21.38,65677.11,66.75,3510.87,-9.61,0.43,-1.42,-0.016,-0.056,-0.025,0.77,8.82,-0.63,0.000000,0.000000,276.21
21.38,65677.11,66.75,3510.87,-9.66,0.88,-1.32,-0.004,-0.064,-0.032,0.27,9.78,-0.18,0.000000,0.000000,276.75
21.38,65677.11,66.75,3510.87,-9.66,0.59,-1.32,-0.003,-0.063,-0.015,0.27,9.30,-0.63,0.000000,0.000000,277.29
21.38,65677.11,66.75,3510.87,-9.61,0.54,-1.36,-0.004,-0.067,-0.020,0.77,10.73,0.28,0.000000,0.000000,277.83
21.38,65677.11,66.75,3510.87,-9.64,0.72,-1.22,-0.012,-0.056,-0.025,0.27,8.82,-1.54,0.000000,0.000000,278.37
21.38,65677.11,66.75,3510.87,-9.67,0.57,-1.28,-0.011,-0.057,-0.019,1.27,10.25,0.28,0.000000,0.000000,278.93
21.38,65677.11,66.75,3510.87,-9.63,0.46,-1.16,-0.009,-0.061,-0.015,0.77,10.25,-3.35,0.000000,0.000000,279.47
21.38,65677.11,66.75,3510.87,-9.64,0.34,-1.25,-0.016,-0.062,-0.029,0.27,9.30,-0.18,0.000000,0.000000,280.01
21.38,65677.11,66.75,3510.87,-9.63,0.26,-1.22,-0.008,-0.040,-0.005,0.27,10.73,-1.99,0.000000,0.000000,280.55
21.38,65677.11,66.75,3510.87,-9.61,0.62,-1.07,-0.001,0.082,-0.038,0.27,8.82,-0.63,0.000000,0.000000,281.09
21.38,65677.11,66.75,3510.87,-9.74,1.22,-1.74,0.236,0.117,0.186,1.27,9.78,-0.18,0.000000,0.000000,281.63
21.38,65677.11,66.75,3510.87,-9.81,0.72,-1.18,-0.011,-0.085,-0.139,1.27,12.64,-1.08,0.000000,0.000000,282.17
21.38,65677.11,66.75,3510.87,-9.65,0.35,-1.27,-0.019,-0.050,-0.019,0.77,9.78,0.28,0.000000,0.000000,282.71
21.38,65677.11,66.75,3510.87,-9.61,0.73,-1.47,-0.006,-0.076,-0.033,0.77,9.30,-1.54,0.000000,0.000000,283.25
21.38,65677.11,66.75,3510.87,-9.62,0.47,-1.43,-0.007,-0.052,-0.006,0.77,9.78,-0.63,0.000000,0.000000,283.79
21.38,65677.11,66.75,3510.87,-9.60,0.91,-1.81,-0.002,-0.071,-0.027,0.77,10.25,-0.18,0.000000,0.000000,284.33
21.38,65677.11,66.75,3510.87,-9.58,0.63,-1.53,-0.006,-0.069,-0.022,1.27,9.30,-1.54,0.000000,0.000000,284.87
21.38,65677.11,66.75,3510.87,-9.67,0.68,-1.27,-0.010,-0.059,-0.018,0.77,9.78,0.28,0.000000,0.000000,285.41
21.38,65677.11,66.75,3510.87,-9.64,0.57,-1.33,-0.013,-0.058,-0.013,1.27,9.30,-1.54,0.000000,0.000000,285.95
21.38,65677.11,66.75,3510.87,-9.62,0.65,-1.40,-0.006,-0.061,-0.015,-0.23,9.30,0.28,0.000000,0.000000,286.49
21.38,65677.11,66.75,3510.87,-9.61,0.49,-1.39,-0.006,-0.053,-0.009,1.27,10.25,-0.18,0.000000,0.000000,287.03
21.38,65677.11,66.75,3510.87,-9.60,0.63,-1.44,-0.006,-0.066,-0.020,0.27,8.82,-1.54,0.000000,0.000000,287.58
21.38,65677.11,66.75,3510.87,-9.64,0.62,-1.27,0.004,-0.110,-0.060,0.27,10.73,0.28,0.000000,0.000000,288.11
21.38,65677.11,66.75,3510.87,-9.62,0.62,-1.41,-0.014,-0.064,-0.022,0.77,9.78,-2.44,0.000000,0.000000,288.65
21.38,65677.11,66.75,3510.87,-9.60,0.47,-1.51,-0.013,-0.073,-0.022,0.27,9.30,-0.63,0.000000,0.000000,289.19
21.38,65677.11,66.75,3510.87,-9.63,0.59,-1.44,-0.002,-0.063,-0.023,1.27,9.78,-3.35,0.000000,0.000000,289.73
21.38,65677.11,66.75,3510.87,-9.65,0.61,-1.37,-0.017,-0.051,-0.012,0.27,8.34,-1.54,0.000000,0.000000,290.27
21.38,65677.11,66.75,3510.87,-9.64,0.59,-1.29,-0.014,-0.080,-0.031,1.27,10.73,0.28,0.000000,0.000000,290.81
21.38,65677.11,66.75,3510.87,-9.61,0.78,-1.38,-0.012,-0.066,-0.036,0.77,9.78,-0.18,0.000000,0.000000,291.35
21.38,65677.11,66.75,3510.87,-9.61,0.36,-1.52,-0.004,-0.067,-0.011,1.78,9.78,-0.18,0.000000,0.000000,291.89
21.38,65677.11,66.75,3510.87,-9.65,0.44,-1.34,-0.015,-0.021,0.012,0.27,9.78,-1.99,0.000000,0.000000,292.43
21.38,65677.11,66.75,3510.87,-9.63,0.51,-1.41,-0.017,-0.064,-0.022,0.27,9.78,-0.63,0.000000,0.000000,292.97
21.38,65677.11,66.75,3510.87,-9.57,0.85,-1.44,-0.005,-0.071,-0.035,1.27,10.25,-0.18,0.000000,0.000000,293.52
21.38,65677.11,66.75,3510.87,-9.65,0.62,-1.45,-0.021,-0.050,-0.006,0.77,9.30,-1.08,0.000000,0.000000,294.05
21.38,65677.11,66.75,3510.87,-9.53,0.82,-1.71,-0.010,-0.067,-0.033,0.27,9.78,-0.63,0.000000,0.000000,294.60
21.38,65677.11,66.75,3510.87,-9.63,0.53,-1.57,-0.013,-0.065,-0.021,0.27,9.78,-1.54,0.000000,0.000000,295.14
21.38,65677.11,66.75,3510.87,-9.50,0.86,-1.67,-0.053,-0.071,-0.067,1.78,9.78,-0.63,0.000000,0.000000,295.68
21.38,65677.11,66.75,3510.87,-9.60,0.51,-1.40,-0.007,-0.059,-0.020,-0.23,9.30,-2.44,0.000000,0.000000,296.22
21.38,65677.11,66.75,3510.87,-9.60,0.44,-1.29,0.004,-0.031,0.021,0.27,8.82,0.28,0.000000,0.000000,296.75
21.38,65677.11,66.75,3510.87,-9.63,0.59,-1.46,-0.011,-0.055,-0.013,0.27,10.25,-0.18,0.000000,0.000000,297.30
21.38,65677.11,66.75,3510.87,-9.59,0.58,-1.44,0.001,-0.065,-0.017,0.27,9.78,0.73,0.000000,0.000000,297.84
21.38,65677.11,66.75,3510.87,-9.64,0.59,-1.36,-0.011,-0.065,-0.018,0.77,10.25,-0.18,0.000000,0.000000,298.38
21.38,65677.11,66.75,3510.87,-9.65,0.50,-1.34,-0.013,-0.069,-0.032,0.77,7.87,-0.18,0.000000,0.000000,298.92
21.38,65677.11,66.75,3510.87,-9.59,0.53,-1.09,-0.008,-0.103,-0.064,0.27,9.78,-0.18,0.000000,0.000000,299.46
21.38,65677.11,66.75,3510.87,-9.61,0.43,-1.48,0.007,-0.124,-0.064,0.27,9.78,-2.44,0.000000,0.000000,300.00
21.38,65677.11,66.75,3510.87,-9.66,0.43,-1.18,-0.007,-0.055,-0.008,0.27,7.87,-0.18,0.000000,0.000000,300.54
21.38,65677.11,66.75,3510.87,-9.59,0.52,-1.51,0.006,-0.034,0.023,1.27,10.25,0.28,0.000000,0.000000,301.08
21.38,65677.11,66.75,3510.87,-9.61,0.49,-1.56,-0.007,-0.073,-0.035,0.27,7.39,-1.99,0.000000,0.000000,301.62
21.38,65677.11,66.75,3510.87,-9.64,0.60,-1.42,-0.012,-0.045,-0.004,1.27,9.78,-0.18,0.000000,0.000000,302.16
21.38,65677.11,66.75,3510.87,-9.61,0.74,-1.39,-0.008,-0.066,-0.025,0.27,9.30,-1.54,0.000000,0.000000,302.70
21.38,65677.11,66.75,3510.87,-9.59,0.55,-1.44,-0.008,-0.077,-0.035,0.27,9.30,-1.08,0.000000,0.000000,303.24
21.38,65677.11,66.75,3510.87,-9.66,0.42,-1.26,-0.003,-0.066,-0.006,0.77,10.73,-0.18,0.000000,0.000000,303.78
21.38,65677.11,66.75,3510.87,-9.66,0.17,-1.29,0.002,-0.097,-0.035,0.77,9.78,-1.08,0.000000,0.000000,304.32
21.38,65677.11,66.75,3510.87,-9.67,0.48,-1.41,-0.002,-0.072,-0.017,-0.23,10.25,-0.18,0.000000,0.000000,304.86
21.38,65677.11,66.75,3510.87,-9.70,0.54,-1.42,-0.009,-0.077,-0.029,0.77,9.78,-2.89,0.000000,0.000000,305.40
21.38,65677.11,66.75,3510.87,-9.62,0.54,-1.47,-0.008,-0.061,-0.019,0.77,9.30,0.28,0.000000,0.000000,305.94
21.38,65677.11,66.75,3510.87,-9.63,0.57,-1.41,-0.009,-0.060,-0.019,1.27,9.30,0.28,0.000000,0.000000,306.48
21.38,65677.11,66.75,3510.87,-9.60,0.57,-1.43,-0.011,-0.061,-0.019,0.27,9.30,-1.54,0.000000,0.000000,307.02
21.38,65677.11,66.75,3510.87,-9.63,0.54,-1.40,-0.009,-0.062,-0.021,0.77,10.25,-0.18,0.000000,0.000000,307.56
21.38,65677.11,66.75,3510.87,-9.64,0.55,-1.38,-0.007,-0.073,-0.024,-0.23,9.78,-2.89,0.000000,0.000000,308.10
21.38,65677.11,66.75,3510.87,-9.62,0.54,-1.30,-0.008,-0.063,-0.022,0.27,8.82,-0.18,0.000000,0.000000,308.64
21.38,65677.11,66.75,3510.87,-9.62,0.53,-1.38,-0.012,-0.039,0.002,0.77,10.25,0.73,0.000000,0.000000,309.18
21.38,65677.11,66.75,3510.87,-9.62,0.55,-1.38,-0.011,-0.051,-0.013,0.77,8.34,-1.08,0.000000,0.000000,309.72
21.38,65677.11,66.75,3510.87,-9.64,0.57,-1.42,-0.010,-0.061,-0.019,1.27,10.25,0.28,0.000000,0.000000,310.26
21.38,65677.11,66.75,3510.87,-9.63,0.54,-1.43,-0.010,-0.060,-0.019,0.27,8.34,-2.44,0.000000,0.000000,310.80
21.38,65677.11,66.75,3510.87,-9.64,0.57,-1.42,-0.010,-0.062,-0.019,0.77,9.78,-1.08,0.000000,0.000000,311.34
21.38,65677.11,66.75,3510.87,-9.62,0.57,-1.47,-0.012,-0.058,-0.016,-0.23,9.30,-1.99,0.000000,0.000000,311.88
21.38,65677.11,66.75,3510.87,-9.62,0.53,-1.39,-0.015,-0.061,-0.021,-0.23,9.30,-0.63,0.000000,0.000000,312.42
21.38,65677.11,66.75,3510.87,-9.58,0.67,-1.53,-0.007,-0.069,-0.031,1.27,10.25,0.73,0.000000,0.000000,312.96
21.38,65677.11,66.75,3510.87,-9.60,0.62,-1.46,-0.010,-0.063,-0.024,-0.23,8.82,-0.63,0.000000,0.000000,313.50
21.38,65677.11,66.75,3510.87,-9.59,0.56,-1.32,-0.008,-0.067,-0.024,1.27,10.25,1.18,0.000000,0.000000,314.04
21.38,65677.11,66.75,3510.87,-9.59,0.56,-1.44,-0.010,-0.066,-0.021,0.27,9.30,-1.08,0.000000,0.000000,314.58
21.38,65677.11,66.75,3510.87,-9.61,0.60,-1.46,-0.012,-0.076,-0.035,0.77,9.30,0.28,0.000000,0.000000,315.12
21.38,65677.11,66.75,3510.87,-9.61,0.48,-1.39,-0.006,-0.072,-0.029,0.77,10.25,0.28,0.000000,0.000000,315.66
21.38,65677.11,66.75,3510.87,-9.61,0.45,-1.02,-0.011,-0.095,-0.054,-0.23,9.78,-1.54,0.000000,0.000000,316.21
21.38,65677.11,66.75,3510.87,-9.63,0.50,-1.38,-0.017,-0.028,0.002,0.77,10.25,0.28,0.000000,0.000000,316.74
21.38,65677.11,66.75,3510.87,-9.63,0.37,-1.24,0.004,-0.062,-0.016,0.27,9.30,0.73,0.000000,0.000000,317.28
21.38,65677.11,66.75,3510.87,-9.67,0.94,-1.44,-0.009,-0.060,-0.013,0.77,9.78,-0.18,0.000000,0.000000,317.83
21.38,65677.11,66.75,3510.87,-9.68,0.48,-1.75,-0.001,-0.113,-0.062,0.27,10.25,-1.99,0.000000,0.000000,318.37
21.38,65677.11,66.75,3510.87,-9.61,0.33,-1.09,-0.017,-0.061,-0.009,0.27,9.30,-0.63,0.000000,0.000000,318.91
21.38,65677.11,66.75,3510.87,-9.61,0.68,-1.42,-0.014,-0.040,-0.001,1.27,10.25,0.28,0.000000,0.000000,319.45
21.38,65677.11,66.75,3510.87,-9.63,0.51,-1.52,-0.010,-0.071,-0.027,0.27,10.73,-0.63,0.000000,0.000000,319.99
21.38,65677.11,66.75,3510.87,-9.66,0.42,-1.35,-0.002,-0.086,-0.032,0.27,9.78,-0.18,0.000000,0.000000,320.53
21.38,65677.11,66.75,3510.87,-9.62,0.17,-1.01,-0.031,0.115,0.154,-0.23,9.78,-1.08,0.000000,0.000000,321.07
21.38,65677.11,66.75,3510.87,-9.64,0.58,-1.57,-0.010,-0.071,-0.035,0.27,8.82,-1.08,0.000000,0.000000,321.61
21.38,65677.11,66.75,3510.87,-9.56,0.43,-1.34,0.004,-0.069,-0.017,0.77,10.73,0.73,0.000000,0.000000,322.15
21.38,65677.11,66.75,3510.87,-9.62,0.63,-1.27,-0.023,-0.065,-0.018,0.77,9.78,-0.63,0.000000,0.000000,322.69
21.38,65677.11,66.75,3510.87,-9.62,0.45,-1.32,-0.008,-0.056,-0.019,0.77,9.30,-0.18,0.000000,0.000000,323.23
21.38,65677.11,66.75,3510.87,-9.63,0.33,-1.14,-0.011,-0.033,0.011,-0.23,9.78,-0.18,0.000000,0.000000,323.77
21.38,65677.11,66.75,3510.87,-9.61,0.40,-1.42,-0.007,-0.074,-0.027,0.27,9.78,-0.63,0.000000,0.000000,324.31
21.38,65677.11,66.75,3510.87,-9.72,0.30,-1.24,-0.009,-0.054,-0.018,1.78,10.25,0.73,0.000000,0.000000,324.85
21.38,65677.11,66.75,3510.87,-9.68,0.44,-1.18,-0.023,-0.068,-0.026,0.77,9.30,-0.63,0.000000,0.000000,325.39
21.38,65677.11,66.75,3510.87,-9.63,0.70,-1.45,0.005,-0.092,-0.044,1.27,8.82,-0.18,0.000000,0.000000,325.93
21.38,65677.11,66.75,3510.87,-9.60,0.63,-1.55,-0.005,-0.087,-0.033,0.27,9.78,-2.44,0.000000,0.000000,326.47
21.38,65677.11,66.75,3510.87,-9.64,0.42,-0.96,-0.017,-0.012,0.042,0.27,8.82,0.28,0.000000,0.000000,327.01
21.38,65677.11,66.75,3510.87,-9.64,0.53,-1.40,-0.002,-0.060,-0.013,0.77,10.25,1.18,0.000000,0.000000,327.55
21.38,65677.11,66.75,3510.87,-9.63,0.59,-1.40,-0.012,-0.062,-0.026,0.77,8.82,-1.99,0.000000,0.000000,328.09
21.38,65677.11,66.75,3510.87,-9.68,0.32,-1.18,-0.012,-0.054,-0.019,0.77,8.82,-0.18,0.000000,0.000000,328.63
21.38,65677.11,66.75,3510.87,-9.73,0.37,-1.15,-0.011,-0.049,0.003,-0.23,10.25,-1.08,0.000000,0.000000,329.17
21.38,65677.11,66.75,3510.87,-9.63,0.83,-2.06,0.001,-0.156,-0.127,0.27,9.78,-1.08,0.000000,0.000000,329.71
21.38,65677.11,66.75,3510.87,-9.68,0.61,-1.33,-0.013,-0.012,0.025,0.77,10.73,0.73,0.000000,0.000000,330.25
21.38,65677.11,66.75,3510.87,-9.63,0.51,-1.42,-0.010,-0.076,-0.028,0.27,10.25,-1.08,0.000000,0.000000,330.79
21.38,65677.11,66.75,3510.87,-9.57,0.62,-1.31,-0.016,-0.042,-0.009,0.27,9.30,-0.18,0.000000,0.000000,331.33
21.38,65677.11,66.75,3510.87,-9.58,0.56,-1.40,-0.015,-0.076,-0.035,0.27,10.25,-0.18,0.000000,0.000000,331.87
21.38,65677.11,66.75,3510.87,-9.59,0.57,-1.38,-0.011,-0.051,-0.014,-0.23,9.30,0.28,0.000000,0.000000,332.41
21.38,65677.11,66.75,3510.87,-9.62,0.52,-1.33,-0.008,-0.055,-0.011,1.78,10.25,1.18,0.000000,0.000000,332.95
21.38,65677.11,66.75,3510.87,-9.61,0.52,-1.37,-0.009,-0.054,-0.013,0.27,10.25,-1.08,0.000000,0.000000,333.49
21.38,65677.11,66.75,3510.87,-9.62,0.43,-1.07,-0.014,-0.031,0.009,0.77,10.25,1.18,0.000000,0.000000,334.03
21.38,65677.11,66.75,3510.87,-9.61,0.13,-1.41,-0.007,-0.030,0.020,0.77,9.30,-2.44,0.000000,0.000000,334.57
21.38,65677.11,66.75,3510.87,-9.67,0.24,-1.33,-0.014,0.011,0.057,-0.23,9.78,-1.08,0.000000,0.000000,335.11
21.38,65677.11,66.75,3510.87,-9.63,0.67,-1.41,-0.006,-0.116,-0.063,0.27,10.73,0.73,0.000000,0.000000,335.65
21.38,65677.11,66.75,3510.87,-9.22,1.63,-1.97,-0.002,-0.123,-0.145,1.27,8.34,-1.99,0.000000,0.000000,336.19
21.38,65677.11,66.75,3510.87,-9.64,0.83,-1.43,-0.009,-0.088,-0.049,1.27,9.78,-0.18,0.000000,0.000000,336.73
21.38,65677.11,66.75,3510.87,-9.59,0.71,-1.43,-0.022,0.029,0.057,0.77,9.78,-1.08,0.000000,0.000000,337.27
21.38,65677.11,66.75,3510.87,-9.70,0.48,-1.51,-0.027,-0.016,0.008,0.77,10.25,-1.54,0.000000,0.000000,337.82
21.38,65677.11,66.75,3510.87,-9.64,0.26,-1.56,0.001,-0.145,-0.082,-0.23,9.78,-1.08,0.000000,0.000000,338.36
21.38,65677.11,66.75,3510.87,-9.62,0.51,-1.37,-0.011,-0.088,-0.042,1.27,10.25,0.73,0.000000,0.000000,338.90
21.38,65677.11,66.75,3510.87,-9.60,0.42,-1.30,-0.003,-0.099,-0.047,0.27,9.30,1.18,0.000000,0.000000,339.44
21.38,65677.11,66.75,3510.87,-9.63,0.49,-1.31,-0.018,-0.038,-0.001,0.27,9.78,0.28,0.000000,0.000000,339.98
21.38,65677.11,66.75,3510.87,-9.60,0.55,-1.32,-0.006,-0.042,0.007,0.77,9.78,-1.54,0.000000,0.000000,340.52
21.38,65677.11,66.75,3510.87,-9.65,0.44,-1.48,-0.020,-0.039,-0.005,1.78,9.78,0.28,0.000000,0.000000,341.06
21.38,65677.11,66.75,3510.87,-9.63,0.68,-1.41,-0.011,-0.069,-0.033,0.77,9.78,-2.89,0.000000,0.000000,341.60
21.38,65677.11,66.75,3510.87,-9.63,0.96,-1.27,-0.006,-0.032,0.012,0.77,9.78,-0.18,0.000000,0.000000,342.14
21.38,65677.11,66.75,3510.87,-9.61,0.54,-1.43,-0.015,-0.063,-0.029,1.27,9.78,0.28,0.000000,0.000000,342.68
21.38,65677.11,66.75,3510.87,-9.65,0.46,-1.45,-0.011,-0.063,-0.025,-0.23,9.78,-1.54,0.000000,0.000000,343.22
21.38,65677.11,66.75,3510.87,-9.62,0.67,-1.35,-0.013,-0.066,-0.027,0.27,9.30,-0.18,0.000000,0.000000,343.76
21.38,65677.11,66.75,3510.87,-9.63,0.51,-1.35,-0.007,-0.063,-0.021,0.77,9.30,0.73,0.000000,0.000000,344.30
21.38,65677.11,66.75,3510.87,-9.63,0.49,-1.32,-0.011,-0.059,-0.015,-0.23,8.34,-0.63,0.000000,0.000000,344.84
21.38,65677.11,66.75,3510.87,-9.63,0.43,-1.11,-0.027,-0.062,-0.026,-0.23,9.30,0.28,0.000000,0.000000,345.38
21.38,65677.11,66.75,3510.87,-9.67,0.24,-1.44,-0.007,-0.074,-0.016,0.27,10.73,-0.63,0.000000,0.000000,345.92
21.38,65677.11,66.75,3510.87,-9.64,0.30,-1.25,-0.015,-0.035,0.003,-0.23,8.82,0.73,0.000000,0.000000,346.46
21.38,65677.11,66.75,3510.87,-9.62,0.59,-1.54,-0.011,-0.070,-0.031,1.27,10.25,0.73,0.000000,0.000000,347.00
21.38,65677.11,66.75,3510.87,-9.62,0.57,-1.46,-0.015,-0.049,-0.006,0.77,8.82,-1.54,0.000000,0.000000,347.54
21.38,65677.11,66.75,3510.87,-9.59,0.76,-1.87,0.007,-0.106,-0.070,0.77,9.78,-0.63,0.000000,0.000000,348.08
21.38,65677.11,66.75,3510.87,-9.45,1.53,-0.68,0.004,-0.090,-0.204,2.28,9.78,-0.18,0.000000,0.000000,348.62
21.38,65677.11,66.75,3510.87,-9.66,0.20,-1.66,-0.012,-0.033,0.017,-0.23,9.78,-0.18,0.000000,0.000000,349.16
21.38,65677.11,66.75,3510.87,-9.62,0.52,-1.51,-0.008,-0.050,-0.000,0.77,10.73,1.18,0.000000,0.000000,349.70
21.38,65677.11,66.75,3510.87,-11.77,0.12,0.13,-0.284,-0.929,-0.761,1.27,11.21,4.35,0.000000,0.000000,350.24
21.38,65677.11,66.75,3510.87,-7.44,-6.28,0.95,-0.178,-0.457,-2.803,-5.26,5.48,2.99,0.000000,0.000000,350.78
21.38,65677.11,66.75,3510.87,8.56,-2.72,2.35,-0.141,0.068,-1.868,-2.24,-8.35,1.18,0.000000,0.000000,351.32
21.38,65677.11,66.75,3510.87,10.73,0.60,4.72,-0.109,0.225,0.008,1.27,-10.73,0.73,0.000000,0.000000,351.86
21.38,65677.11,66.75,3510.87,8.88,0.03,4.47,0.039,-0.292,-0.379,0.27,-9.78,2.54,0.000000,0.000000,352.40
21.38,65677.11,66.75,3510.87,9.08,-0.00,4.69,-0.173,-0.139,0.096,0.77,-8.82,3.44,0.000000,0.000000,352.94
21.38,65677.11,66.75,3510.87,9.85,0.26,4.19,-0.234,-0.158,-0.074,0.77,-11.21,1.63,0.000000,0.000000,353.48
21.38,65677.11,66.75,3510.87,13.33,1.12,4.43,0.004,-1.233,0.287,1.27,-11.68,2.09,0.000000,0.000000,354.02
21.38,65677.11,66.75,3510.87,9.62,-0.07,2.13,-0.012,-0.013,-0.082,0.27,-9.30,-0.18,0.000000,0.000000,354.56
21.38,65677.11,66.75,3510.87,9.54,0.29,2.29,-0.022,-0.034,0.004,0.77,-10.25,0.73,0.000000,0.000000,355.10
21.38,65677.11,66.75,3510.87,9.52,0.22,2.31,-0.009,-0.057,-0.027,1.78,-8.82,1.18,0.000000,0.000000,355.64
21.38,65677.11,66.75,3510.87,9.56,0.13,2.29,-0.002,-0.111,-0.023,0.27,-8.82,-0.18,0.000000,0.000000,356.18
21.38,65677.11,66.75,3510.87,9.80,0.39,2.30,-0.035,-0.185,0.191,0.77,-9.78,-0.63,0.000000,0.000000,356.72
21.38,65677.11,66.75,3510.87,9.50,-0.30,2.03,-0.025,0.121,0.030,-0.23,-8.82,-1.08,0.000000,0.000000,357.26
21.38,65677.11,66.75,3510.87,9.52,-0.63,2.40,-0.010,0.026,0.110,-0.74,-10.25,0.28,0.000000,0.000000,357.80
21.38,65677.11,66.75,3510.87,8.81,-0.24,1.70,0.066,0.126,-0.101,0.27,-8.35,0.28,0.000000,0.000000,358.34
21.38,65677.11,66.75,3510.87,9.57,-0.07,2.35,-0.017,-0.006,0.036,0.27,-8.82,-0.63,0.000000,0.000000,358.88
21.38,65677.11,66.75,3510.87,9.51,0.04,2.40,-0.005,0.004,-0.034,-0.23,-10.73,0.28,0.000000,0.000000,359.42
21.38,65677.11,66.75,3510.87,9.44,-0.03,2.54,-0.010,-0.049,0.002,-0.23,-8.35,0.73,0.000000,0.000000,359.96
21.38,65677.11,66.75,3510.87,9.50,0.01,2.55,-0.019,-0.059,-0.017,0.77,-11.21,-0.18,0.000000,0.000000,360.50
21.38,65677.11,66.75,3510.87,9.43,-0.05,2.50,-0.011,-0.094,0.005,0.77,-8.82,0.73,0.000000,0.000000,361.04
21.38,65677.11,66.75,3510.87,9.55,0.06,2.42,-0.006,-0.075,-0.044,-0.23,-8.82,-1.54,0.000000,0.000000,361.58
21.38,65677.11,66.75,3510.87,9.50,0.09,2.32,-0.002,-0.089,-0.050,0.77,-10.25,-1.08,0.000000,0.000000,362.12
21.38,65677.11,66.75,3510.87,9.51,0.11,2.37,0.000,-0.087,-0.029,0.77,-9.30,0.73,0.000000,0.000000,362.66
21.38,65677.11,66.75,3510.87,9.48,0.01,2.46,-0.019,-0.036,-0.021,0.27,-11.21,-1.08,0.000000,0.000000,363.20
21.38,65677.11,66.75,3510.87,9.55,0.14,2.47,-0.011,-0.053,0.003,0.27,-8.35,0.28,0.000000,0.000000,363.74
21.38,65677.11,66.75,3510.87,9.54,0.08,2.40,-0.016,-0.058,-0.010,0.77,-8.35,0.73,0.000000,0.000000,364.28
21.38,65677.11,66.75,3510.87,9.46,-0.73,2.51,-0.035,-0.198,-0.071,-0.23,-10.25,-0.18,0.000000,0.000000,364.83
21.38,65677.11,66.75,3510.87,9.64,-0.74,1.97,-0.030,-0.155,0.009,-0.23,-9.78,0.28,0.000000,0.000000,365.37
21.38,65677.11,66.75,3510.87,9.37,-0.85,2.67,-0.042,-0.079,-0.099,-1.24,-8.82,-1.08,0.000000,0.000000,365.91
21.38,65677.11,66.75,3510.87,9.27,-0.95,3.05,-0.007,-0.054,-0.051,-0.23,-9.30,0.73,0.000000,0.000000,366.45
21.38,65677.11,66.75,3510.87,9.45,-0.69,2.57,0.004,-0.078,-0.066,0.27,-8.35,1.63,0.000000,0.000000,366.98
21.38,65677.11,66.75,3510.87,9.47,-0.48,2.44,-0.006,-0.100,-0.044,-0.23,-11.21,-0.63,0.000000,0.000000,367.53
21.38,65677.11,66.75,3510.87,9.45,-0.53,2.49,0.018,-0.143,-0.101,0.27,-9.30,2.09,0.000000,0.000000,368.06
21.38,65677.11,66.75,3510.87,9.43,-0.76,2.36,-0.005,-0.100,-0.063,0.27,-8.35,1.18,0.000000,0.000000,368.61
21.38,65677.11,66.75,3510.87,9.43,-0.55,2.40,0.025,-0.178,-0.216,-1.74,-10.73,-0.18,0.000000,0.000000,369.15
21.38,65677.11,66.75,3510.87,9.41,-1.06,2.09,-0.012,0.020,0.152,-0.23,-8.35,1.63,0.000000,0.000000,369.69
21.38,65677.11,66.75,3510.87,9.46,-0.63,2.70,-0.021,0.063,0.088,-0.23,-9.30,0.73,0.000000,0.000000,370.22
21.38,65677.11,66.75,3510.87,9.53,-0.41,2.27,-0.026,-0.014,0.011,0.27,-9.30,0.28,0.000000,0.000000,370.76
21.38,65677.11,66.75,3510.87,9.53,-0.46,2.13,0.033,-0.045,-0.239,0.77,-8.35,1.18,0.000000,0.000000,371.31
21.38,65677.11,66.75,3510.87,9.52,0.17,1.87,0.034,-0.259,-0.190,-0.23,-10.25,0.28,0.000000,0.000000,371.85
21.38,65677.11,66.75,3510.87,9.75,0.41,1.39,-0.015,0.063,0.099,0.77,-9.30,-0.18,0.000000,0.000000,372.38
21.38,65677.11,66.75,3510.87,9.55,0.30,1.71,-0.010,-0.108,-0.055,0.77,-9.30,-1.99,0.000000,0.000000,372.93
21.38,65677.11,66.75,3510.87,9.15,0.66,1.56,0.054,-0.014,-0.171,0.77,-9.78,-1.08,0.000000,0.000000,373.47
21.38,65677.11,66.75,3510.87,9.51,-0.39,1.78,-0.131,0.075,0.131,0.27,-9.78,0.28,0.000000,0.000000,374.00
21.38,65677.11,66.75,3510.87,10.14,0.07,1.88,-0.014,0.319,-0.417,1.78,-9.30,-0.18,0.000000,0.000000,374.55
21.38,65677.11,66.75,3510.87,-1.77,5.82,-0.58,2.568,0.741,-6.011,5.30,1.67,-0.18,0.000000,0.000000,375.09
21.38,65677.11,66.75,3510.87,-9.11,-1.91,-0.89,-0.019,0.041,-0.019,-2.24,9.78,1.18,0.000000,0.000000,375.64
21.38,65677.11,66.75,3510.87,-9.74,-0.62,-0.98,-0.007,-0.012,0.063,-0.23,9.30,-1.54,0.000000,0.000000,376.18
21.38,65677.11,66.75,3510.87,-9.68,-0.37,-1.15,-0.015,-0.073,0.001,-0.23,8.82,-1.08,0.000000,0.000000,376.72
21.38,65677.11,66.75,3510.87,-9.62,-0.37,-1.17,-0.017,-0.074,0.022,-0.23,10.25,0.28,0.000000,0.000000,377.26
21.38,65677.11,66.75,3510.87,-9.66,-0.33,-1.12,-0.010,-0.068,-0.019,0.77,9.78,-0.63,0.000000,0.000000,377.80
21.38,65677.11,66.75,3510.87,-9.68,-0.31,-1.17,-0.012,-0.055,-0.010,0.27,9.30,-0.18,0.000000,0.000000,378.34
21.38,65677.11,66.75,3510.87,-9.64,-0.24,-1.14,-0.007,-0.053,-0.014,-0.23,9.30,-1.99,0.000000,0.000000,378.88
21.38,65677.11,66.75,3510.87,-9.65,-0.19,-1.20,-0.012,-0.057,-0.013,-0.23,10.25,-0.63,0.000000,0.000000,379.42
21.38,65677.11,66.75,3510.87,-9.70,-0.12,-1.20,-0.013,-0.060,-0.016,0.27,9.78,-0.18,0.000000,0.000000,379.96
21.38,65677.11,66.75,3510.87,-9.63,-0.10,-1.28,-0.003,-0.073,-0.032,0.27,9.78,-1.08,0.000000,0.000000,380.50
21.38,65677.11,66.75,3510.87,-9.69,-0.14,-1.12,-0.010,-0.067,-0.042,-0.74,9.30,0.28,0.000000,0.000000,381.04
21.38,65677.11,66.75,3510.87,-9.70,-0.18,-1.11,-0.018,-0.054,-0.012,-0.74,9.78,-2.44,0.000000,0.000000,381.58
21.38,65677.11,66.75,3510.87,-9.69,-0.11,-1.27,-0.023,-0.064,0.020,-0.23,9.30,-0.18,0.000000,0.000000,382.12
21.38,65677.11,66.75,3510.87,-9.65,0.06,-1.00,-0.018,-0.062,0.008,-0.23,10.25,0.73,0.000000,0.000000,382.66
21.38,65677.11,66.75,3510.87,-9.66,-0.01,-1.18,-0.021,-0.072,0.006,-0.74,9.30,-1.08,0.000000,0.000000,383.20
21.38,65677.11,66.75,3510.87,-9.71,0.02,-1.11,-0.002,-0.064,-0.017,-0.23,9.30,-0.18,0.000000,0.000000,383.74
21.38,65677.11,66.75,3510.87,-9.71,-0.06,-1.06,0.004,-0.054,-0.057,0.77,10.73,0.73,0.000000,0.000000,384.28
21.38,65677.11,66.75,3510.87,-9.64,-0.04,-1.02,-0.014,-0.068,-0.027,-0.74,8.34,-1.54,0.000000,0.000000,384.82
21.38,65677.11,66.75,3510.87,-9.63,0.19,-1.04,-0.020,-0.072,-0.031,-0.23,9.78,1.18,0.000000,0.000000,385.36
21.38,65677.11,66.75,3510.87,-9.69,0.05,-1.07,-0.008,-0.057,-0.028,-0.23,9.30,-1.99,0.000000,0.000000,385.90
21.38,65677.11,66.75,3510.87,-9.70,0.01,-1.20,-0.004,-0.089,-0.010,0.27,9.30,0.28,0.000000,0.000000,386.44
21.38,65677.11,66.75,3510.87,-9.72,-0.68,-0.77,0.134,0.148,-0.455,0.27,10.73,2.09,0.000000,0.000000,386.98
21.38,65677.11,66.75,3510.87,-10.09,-1.12,-0.40,0.016,-0.001,0.178,-2.24,8.34,-1.99,0.000000,0.000000,387.52
21.38,65677.11,66.75,3510.87,-2.00,-6.05,-0.03,0.721,-0.380,-0.818,-6.26,2.62,-0.18,0.000000,0.000000,388.06
21.38,65677.11,66.75,3510.87,-0.08,-9.65,1.16,-0.022,-0.079,0.082,-9.28,0.71,0.73,0.000000,0.000000,388.60
21.38,65677.11,66.75,3510.87,-0.15,-9.61,1.33,-0.003,-0.054,-0.037,-9.28,-0.24,2.54,0.000000,0.000000,389.14
21.38,65677.11,66.75,3510.87,-0.19,-9.59,1.38,0.022,-0.063,-0.009,-8.27,0.24,2.09,0.000000,0.000000,389.68
21.38,65677.11,66.75,3510.87,-0.12,-9.67,1.22,-0.062,-0.070,0.012,-8.78,0.71,1.63,0.000000,0.000000,390.22
21.38,65677.11,66.75,3510.87,-0.03,-9.69,1.23,-0.023,-0.066,-0.058,-9.28,-0.24,2.09,0.000000,0.000000,390.76
21.38,65677.11,66.75,3510.87,0.07,-9.63,1.28,-0.017,-0.054,-0.071,-8.78,0.71,1.63,0.000000,0.000000,391.30
21.38,65677.11,66.75,3510.87,-0.05,-9.63,1.22,0.035,-0.063,-0.008,-8.78,-0.24,0.73,0.000000,0.000000,391.84
21.38,65677.11,66.75,3510.87,0.10,-9.65,1.19,-0.025,-0.047,-0.027,-9.28,0.24,1.18,0.000000,0.000000,392.38
21.38,65677.11,66.75,3510.87,0.15,-9.42,1.32,0.063,-0.082,-0.057,-8.27,0.71,0.28,0.000000,0.000000,392.92
21.38,65677.11,66.75,3510.87,0.68,-9.39,1.38,-0.016,-0.105,-0.138,-8.27,-1.67,1.18,0.000000,0.000000,393.47
21.38,65677.11,66.75,3510.87,0.57,-9.58,1.32,-0.025,-0.052,-0.018,-8.27,0.71,2.54,0.000000,0.000000,394.00
21.38,65677.11,66.75,3510.87,0.53,-9.57,1.45,-0.042,-0.050,-0.137,-8.27,0.24,0.28,0.000000,0.000000,394.54
21.38,65677.11,66.75,3510.87,0.80,-9.65,1.16,-0.040,-0.048,0.048,-8.78,-0.72,1.18,0.000000,0.000000,395.08
21.38,65677.11,66.75,3510.87,0.77,-9.64,1.08,-0.026,-0.042,-0.041,-8.78,-0.24,1.18,0.000000,0.000000,395.62
21.38,65677.11,66.75,3510.87,0.69,-9.66,1.07,0.006,-0.059,-0.017,-8.78,-2.15,-1.08,0.000000,0.000000,396.17
21.38,65677.11,66.75,3510.87,0.64,-9.57,1.15,-0.007,-0.060,-0.030,-7.77,0.24,0.73,0.000000,0.000000,396.71
21.38,65677.11,66.75,3510.87,0.80,-9.65,1.12,0.011,-0.091,0.006,-9.28,-0.24,-0.18,0.000000,0.000000,397.25
21.38,65677.11,66.75,3510.87,0.31,-9.75,0.23,-0.125,-0.022,0.009,-9.28,-0.24,-0.63,0.000000,0.000000,397.79
21.38,65677.11,66.75,3510.87,0.58,-9.50,1.96,0.055,-0.010,0.049,-8.78,0.71,2.54,0.000000,0.000000,398.32
21.38,65677.11,66.75,3510.87,0.36,-9.55,1.58,-0.031,-0.068,-0.020,-8.78,-1.67,1.18,0.000000,0.000000,398.87
21.38,65677.11,66.75,3510.87,0.15,-9.55,1.58,-0.003,-0.075,-0.098,-8.78,0.24,1.18,0.000000,0.000000,399.41
21.38,65677.11,66.75,3510.87,0.36,-9.55,1.76,0.044,-0.053,-0.040,-9.78,0.24,1.18,0.000000,0.000000,399.95
21.38,65677.11,66.75,3510.87,0.41,-9.56,1.72,-0.015,-0.062,-0.022,-9.28,-0.24,1.63,0.000000,0.000000,400.49
21.38,65677.11,66.75,3510.87,0.36,-9.50,1.67,-0.034,-0.061,0.138,-8.27,1.19,1.18,0.000000,0.000000,401.03
21.38,65677.11,66.75,3510.87,1.49,-10.07,2.19,0.224,-0.122,-0.289,-9.28,-3.10,2.54,0.000000,0.000000,401.57
21.38,65677.11,66.75,3510.87,0.05,-9.92,2.57,-0.286,-0.326,-0.212,-8.27,-1.19,2.54,0.000000,0.000000,402.11
21.38,65677.11,66.75,3510.87,1.26,-10.32,1.57,-0.224,-0.044,-0.360,-8.78,-0.72,2.99,0.000000,0.000000,402.65
21.38,65677.11,66.75,3510.87,0.87,-10.61,1.87,0.061,-0.035,-0.195,-10.79,-1.19,1.18,0.000000,0.000000,403.19
21.38,65677.11,66.75,3510.87,0.58,-9.67,1.32,-0.004,-0.055,0.007,-8.78,0.24,0.73,0.000000,0.000000,403.73
21.38,65677.11,66.75,3510.87,0.80,-9.62,1.37,-0.010,-0.048,-0.037,-8.78,-2.15,0.73,0.000000,0.000000,404.27
21.38,65677.11,66.75,3510.87,0.81,-9.61,1.29,-0.014,-0.057,-0.033,-8.78,-0.72,0.73,0.000000,0.000000,404.81
21.38,65677.11,66.75,3510.87,0.82,-9.64,1.31,-0.005,-0.055,-0.038,-7.27,-0.24,1.18,0.000000,0.000000,405.35
21.38,65677.11,66.75,3510.87,1.00,-9.48,1.51,0.011,-0.095,-0.041,-8.78,-1.67,0.73,0.000000,0.000000,405.89
21.38,65677.11,66.75,3510.87,0.84,-9.63,1.33,-0.024,-0.060,-0.008,-9.78,-1.67,1.18,0.000000,0.000000,406.43
21.38,65677.11,66.75,3510.87,0.84,-9.60,1.37,-0.017,-0.067,-0.034,-8.27,-0.72,2.54,0.000000,0.000000,406.97
21.38,65677.11,66.75,3510.87,0.46,-9.22,1.39,0.220,-0.066,0.255,-8.78,-0.24,1.63,0.000000,0.000000,407.51
21.38,65677.11,66.75,3510.87,0.07,-9.37,2.06,-0.131,-0.016,0.350,-9.28,0.24,2.54,0.000000,0.000000,408.05
21.38,65677.11,66.75,3510.87,1.13,-9.44,2.03,-0.178,-0.043,0.541,-8.78,-0.24,2.09,0.000000,0.000000,408.59
21.38,65677.11,66.75,3510.87,1.19,-9.26,2.20,0.217,0.027,0.245,-9.28,-2.15,1.63,0.000000,0.000000,409.13
21.38,65677.11,66.75,3510.87,1.70,-6.85,-5.74,-7.431,-0.216,-1.181,-6.26,-0.24,-6.06,0.000000,0.000000,409.67
21.38,65677.11,66.75,3510.87,2.65,-1.48,-9.54,0.060,0.055,-0.042,-1.24,-0.72,-12.40,0.000000,0.000000,410.21
21.38,65677.11,66.75,3510.87,2.86,-1.33,-9.71,-0.368,-0.417,-0.084,-2.24,-1.19,-11.04,0.000000,0.000000,410.75
21.38,65677.11,66.75,3510.87,2.25,-1.15,-9.55,-0.029,-0.046,-0.012,0.27,1.19,-10.59,0.000000,0.000000,411.29
21.38,65677.11,66.75,3510.87,1.77,-1.43,-9.75,-0.085,-0.497,0.058,-1.24,0.24,-11.95,0.000000,0.000000,411.83
21.38,65677.11,66.75,3510.87,1.74,-1.40,-9.56,-0.053,0.057,0.025,-1.24,0.24,-10.14,0.000000,0.000000,412.37
21.38,65677.11,66.75,3510.87,1.98,-1.36,-9.68,-0.149,-0.207,-0.024,-1.24,1.19,-9.69,0.000000,0.000000,412.91
21.38,65677.11,66.75,3510.87,2.02,-1.26,-9.31,-0.030,-0.026,-0.027,-0.74,-2.15,-10.59,0.000000,0.000000,413.45
21.38,65677.11,66.75,3510.87,2.15,-1.28,-9.64,0.001,-0.093,-0.014,-0.23,-0.72,-10.14,0.000000,0.000000,413.99
21.38,65677.11,66.75,3510.87,2.06,-1.18,-9.61,-0.035,-0.086,-0.015,-0.23,-0.24,-12.85,0.000000,0.000000,414.54
21.38,65677.11,66.75,3510.87,2.06,-1.18,-9.61,-0.016,-0.067,-0.019,-1.24,-0.72,-10.59,0.000000,0.000000,415.08
21.38,65677.11,66.75,3510.87,2.12,-1.14,-9.56,-0.009,-0.047,-0.011,-0.74,0.24,-9.69,0.000000,0.000000,415.61
21.38,65677.11,66.75,3510.87,2.09,-1.09,-9.59,-0.020,-0.066,-0.024,-0.74,-1.19,-11.95,0.000000,0.000000,416.16
21.38,65677.11,66.75,3510.87,2.03,-1.12,-9.67,0.005,-0.062,-0.021,-1.74,-0.24,-11.04,0.000000,0.000000,416.70
21.38,65677.11,66.75,3510.87,1.86,-0.06,-10.22,-0.432,-0.432,-0.208,-0.23,1.19,-10.14,0.000000,0.000000,417.24
21.38,65677.11,66.75,3510.87,1.46,9.97,-0.25,0.163,-0.214,-0.165,10.32,-2.15,-1.99,0.000000,0.000000,417.77
21.38,65677.11,66.75,3510.87,0.90,9.74,-0.93,-0.056,-0.004,0.309,11.83,0.24,0.28,0.000000,0.000000,418.31
21.38,65677.11,66.75,3510.87,0.79,9.75,-0.87,-0.048,-0.058,-0.034,10.82,-1.19,-3.35,0.000000,0.000000,418.86
21.38,65677.11,66.75,3510.87,0.78,9.69,-0.73,-0.015,-0.062,-0.021,10.32,0.24,-1.08,0.000000,0.000000,419.39
21.38,65677.11,66.75,3510.87,0.80,9.73,-0.64,0.010,-0.059,-0.039,10.32,0.71,-0.18,0.000000,0.000000,419.93
21.38,65677.11,66.75,3510.87,0.79,9.73,-0.73,-0.003,-0.066,-0.019,10.82,-0.24,-1.99,0.000000,0.000000,420.48
21.38,65677.11,66.75,3510.87,0.81,9.72,-0.72,-0.015,-0.059,-0.018,10.32,-0.24,-2.44,0.000000,0.000000,421.02
21.38,65677.11,66.75,3510.87,0.76,9.69,-0.61,-0.009,-0.063,-0.026,10.32,0.71,-1.99,0.000000,0.000000,421.56
21.38,65677.11,66.75,3510.87,0.82,9.73,-0.70,-0.025,-0.069,-0.059,9.82,-0.24,-1.54,0.000000,0.000000,422.10
21.38,65677.11,66.75,3510.87,0.92,9.66,-0.69,-0.006,-0.061,-0.037,10.82,0.24,-0.18,0.000000,0.000000,422.64
21.38,65677.11,66.75,3510.87,0.84,9.67,-0.65,-0.008,-0.063,-0.025,10.32,-1.19,-2.44,0.000000,0.000000,423.18
21.38,65677.11,66.75,3510.87,0.83,9.66,-0.63,0.013,-0.066,-0.015,10.32,-0.72,-1.54,0.000000,0.000000,423.72
21.38,65677.11,66.75,3510.87,0.80,9.67,-0.62,0.013,-0.072,0.038,10.82,0.24,-3.80,0.000000,0.000000,424.26
21.38,65677.11,66.75,3510.87,0.72,9.69,-0.64,-0.022,-0.063,0.124,10.32,-1.67,-0.18,0.000000,0.000000,424.80
21.38,65677.11,66.75,3510.87,0.90,9.68,-1.01,-0.005,-0.072,-0.007,10.32,0.24,-1.08,0.000000,0.000000,425.34
21.38,65677.11,66.75,3510.87,1.10,9.68,-0.65,-0.049,-0.078,-0.050,10.82,-0.24,-2.89,0.000000,0.000000,425.88
21.38,65677.11,66.75,3510.87,1.90,1.07,1.22,-8.731,0.532,-1.511,5.30,-2.62,0.28,0.000000,0.000000,426.41
21.38,65677.11,66.75,3510.87,-0.95,0.83,9.79,-0.118,-0.058,-0.016,1.78,0.24,8.88,0.000000,0.000000,426.96
21.38,65677.11,66.75,3510.87,-0.51,1.34,9.63,0.439,0.433,0.092,1.27,-0.24,8.88,0.000000,0.000000,427.49
21.38,65677.11,66.75,3510.87,0.31,-4.98,0.92,-6.799,-0.065,-1.175,-4.76,-0.24,0.28,0.000000,0.000000,428.04
21.38,65677.11,66.75,3510.87,0.29,-9.70,1.87,0.064,-0.050,0.164,-8.78,1.19,2.54,0.000000,0.000000,428.58
21.38,65677.11,66.75,3510.87,0.13,-9.66,1.69,-0.043,-0.055,0.000,-8.78,-0.24,0.73,0.000000,0.000000,429.12
21.38,65677.11,66.75,3510.87,0.15,-9.63,1.06,0.251,-0.029,0.139,-8.78,0.24,1.18,0.000000,0.000000,429.66
21.38,65677.11,66.75,3510.87,-0.07,-9.44,1.81,0.226,-0.006,-0.230,-8.78,1.19,1.63,0.000000,0.000000,430.20
21.38,65677.11,66.75,3510.87,-0.22,-9.21,3.52,0.402,-0.017,0.181,-7.77,-0.24,2.99,0.000000,0.000000,430.74
21.38,65677.11,66.75,3510.87,-0.42,-9.74,3.30,0.016,-0.102,-0.104,-10.29,1.19,2.99,0.000000,0.000000,431.28
21.38,65677.11,66.75,3510.87,0.05,-8.80,3.28,-0.183,-0.028,-0.062,-8.27,-0.24,1.63,0.000000,0.000000,431.82
21.38,65677.11,66.75,3510.87,-1.27,-9.46,1.41,0.053,0.018,-0.125,-9.28,0.24,0.28,0.000000,0.000000,432.36
21.38,65677.11,66.75,3510.87,-0.46,-9.58,1.74,0.064,-0.057,-0.060,-8.27,1.19,2.09,0.000000,0.000000,432.90
21.38,65677.11,66.75,3510.87,-0.38,-9.48,1.75,-0.009,-0.063,0.000,-8.27,0.71,1.18,0.000000,0.000000,433.44
21.38,65677.11,66.75,3510.87,-0.47,-9.55,1.88,-0.055,-0.060,0.016,-8.27,0.24,1.63,0.000000,0.000000,433.98
21.38,65677.11,66.75,3510.87,-0.59,-9.38,1.78,0.075,-0.121,-0.114,-8.27,1.67,2.09,0.000000,0.000000,434.52
21.38,65677.11,66.75,3510.87,-0.73,-9.73,0.91,-0.098,-0.061,0.117,-8.78,-0.72,0.28,0.000000,0.000000,435.06
21.38,65677.11,66.75,3510.87,-0.47,-9.60,1.33,-0.091,-0.088,0.002,-8.78,1.19,1.18,0.000000,0.000000,435.60
21.38,65677.11,66.75,3510.87,-0.46,-9.89,1.42,-0.065,-0.026,0.007,-9.28,0.71,0.28,0.000000,0.000000,436.15
21.38,65677.11,66.75,3510.87,-0.24,-9.34,2.00,-0.257,-0.041,0.075,-8.27,0.71,-0.63,0.000000,0.000000,436.69
21.38,65677.11,66.75,3510.87,-0.17,-9.63,1.36,-0.077,-0.089,0.065,-9.28,0.24,1.18,0.000000,0.000000,437.23
21.38,65677.11,66.75,3510.87,-0.02,-10.04,1.29,0.426,-0.042,-0.022,-9.28,1.19,1.63,0.000000,0.000000,437.77
21.38,65677.11,66.75,3510.87,-0.23,-9.54,2.21,0.019,-0.106,-0.120,-8.78,0.71,0.73,0.000000,0.000000,438.31
21.38,65677.11,66.75,3510.87,0.05,-9.56,2.04,-0.038,-0.051,0.022,-9.28,0.24,1.18,0.000000,0.000000,438.85
21.38,65677.11,66.75,3510.87,0.22,-9.55,1.86,-0.018,-0.054,0.047,-8.27,0.24,2.09,0.000000,0.000000,439.39
21.38,65677.11,66.75,3510.87,0.10,-9.51,2.02,-0.055,-0.056,-0.033,-8.27,-0.72,0.28,0.000000,0.000000,439.93
21.38,65677.11,66.75,3510.87,0.06,-9.62,1.72,0.017,-0.064,0.008,-9.28,0.24,2.54,0.000000,0.000000,440.47
21.38,65677.11,66.75,3510.87,0.09,-9.65,1.29,0.039,-0.089,-0.108,-9.28,0.71,0.28,0.000000,0.000000,441.01
21.38,65677.11,66.75,3510.87,-1.57,-8.10,5.14,0.522,0.147,0.125,-7.77,0.71,4.35,0.000000,0.000000,441.55
21.38,65677.11,66.75,3510.87,-1.67,15.14,-11.26,1.887,0.502,0.095,16.35,4.05,-11.50,0.000000,0.000000,442.09
21.38,65677.11,66.75,3510.87,1.20,2.26,-9.21,1.172,0.018,0.526,2.28,0.71,-10.59,0.000000,0.000000,442.63
21.38,65677.11,66.75,3510.87,1.28,4.73,-6.58,-4.232,0.084,-0.936,5.80,-0.24,-7.42,0.000000,0.000000,443.17
21.38,65677.11,66.75,3510.87,0.13,9.38,-3.24,0.012,-0.060,0.025,10.82,2.62,-3.35,0.000000,0.000000,443.71
21.38,65677.11,66.75,3510.87,0.46,9.44,-3.60,-0.285,0.046,-0.158,10.32,0.71,-4.25,0.000000,0.000000,444.25
21.38,65677.11,66.75,3510.87,-0.25,9.06,-3.46,-0.086,0.008,-0.040,8.31,1.19,-3.80,0.000000,0.000000,444.79
21.38,65677.11,66.75,3510.87,0.25,9.38,-2.58,0.051,-0.066,0.036,11.33,1.19,-2.89,0.000000,0.000000,445.33
21.38,65677.11,66.75,3510.87,0.46,9.43,-2.66,-0.128,-0.103,-0.108,10.32,0.24,-5.16,0.000000,0.000000,445.87
21.38,65677.11,66.75,3510.87,0.20,9.46,-2.34,-0.003,-0.063,-0.014,10.32,1.19,-2.44,0.000000,0.000000,446.41
21.38,65677.11,66.75,3510.87,-0.37,8.69,3.54,-7.168,-0.076,-0.921,9.32,0.71,2.54,0.000000,0.000000,446.95
21.38,65677.11,66.75,3510.87,0.52,-11.06,0.24,-1.375,0.004,-0.349,-11.29,-1.19,-0.18,0.000000,0.000000,447.49
21.38,65677.11,66.75,3510.87,0.02,-9.64,1.78,-0.095,-0.057,-0.036,-8.78,-0.24,2.09,0.000000,0.000000,448.03
21.38,65677.11,66.75,3510.87,0.06,-9.63,1.47,-0.010,-0.067,-0.009,-8.78,0.24,0.73,0.000000,0.000000,448.57
21.38,65677.11,66.75,3510.87,0.05,-9.60,1.56,0.029,-0.062,-0.021,-9.28,-0.24,1.18,0.000000,0.000000,449.11
21.38,65677.11,66.75,3510.87,0.10,-9.46,1.95,0.043,-0.060,-0.044,-8.27,0.24,2.09,0.000000,0.000000,449.65
21.38,65677.11,66.75,3510.87,0.10,-9.46,2.02,0.014,-0.059,-0.032,-8.78,-1.19,-0.63,0.000000,0.000000,450.19
21.38,65677.11,66.75,3510.87,0.14,-9.42,2.06,0.003,-0.075,-0.017,-8.78,-0.72,0.73,0.000000,0.000000,450.73
21.38,65677.11,66.75,3510.87,-1.21,4.47,8.39,4.222,0.005,0.513,5.30,1.67,8.88,0.000000,0.000000,451.27
21.38,65677.11,66.75,3510.87,0.35,10.80,-2.01,-0.354,-0.120,0.049,11.33,-0.72,-1.99,0.000000,0.000000,451.81
21.38,65677.11,66.75,3510.87,0.29,9.59,-1.67,-0.019,-0.050,0.038,10.32,1.19,-1.99,0.000000,0.000000,452.35
21.38,65677.11,66.75,3510.87,0.50,9.58,-1.69,-0.014,-0.062,-0.006,10.82,0.24,-3.80,0.000000,0.000000,452.89
21.38,65677.11,66.75,3510.87,0.65,9.64,-1.57,-0.023,-0.069,-0.024,10.82,0.24,-3.35,0.000000,0.000000,453.43
21.38,65677.11,66.75,3510.87,0.48,9.72,-1.50,-0.009,-0.057,-0.029,10.32,1.19,-1.99,0.000000,0.000000,453.97
21.38,65677.11,66.75,3510.87,0.46,9.67,-1.50,-0.015,-0.059,-0.010,10.32,0.24,-4.25,0.000000,0.000000,454.51
21.38,65677.11,66.75,3510.87,0.52,9.63,-1.45,-0.023,-0.057,-0.021,9.82,-0.72,-2.89,0.000000,0.000000,455.05
21.38,65677.11,66.75,3510.87,0.48,9.65,-1.45,-0.007,-0.065,-0.017,11.33,1.67,-1.08,0.000000,0.000000,455.59
21.38,65677.11,66.75,3510.87,0.51,9.67,-1.41,-0.019,-0.066,-0.018,10.32,1.67,-3.80,0.000000,0.000000,456.13
21.38,65677.11,66.75,3510.87,0.52,9.63,-1.33,-0.020,-0.060,-0.013,9.82,0.71,-2.89,0.000000,0.000000,456.67
21.38,65677.11,66.75,3510.87,0.54,9.68,-1.35,-0.006,-0.059,-0.002,11.33,1.19,-1.54,0.000000,0.000000,457.21
21.38,65677.11,66.75,3510.87,0.53,9.67,-1.36,-0.022,-0.064,-0.016,9.82,-0.24,-5.61,0.000000,0.000000,457.75
21.38,65677.11,66.75,3510.87,0.57,10.55,0.22,-1.357,-0.231,-0.273,10.82,-0.24,-0.18,0.000000,0.000000,458.30
21.38,65677.11,66.75,3510.87,-0.72,-7.66,5.39,-3.018,-0.350,-0.512,-7.27,0.24,3.90,0.000000,0.000000,458.83
21.38,65677.11,66.75,3510.87,0.18,-10.51,0.65,0.470,-0.026,0.030,-10.29,-1.19,-0.63,0.000000,0.000000,459.38
21.38,65677.11,66.75,3510.87,0.05,-9.65,1.13,0.027,-0.102,-0.192,-8.27,0.24,1.63,0.000000,0.000000,459.91
21.38,65677.11,66.75,3510.87,0.26,-9.67,1.23,0.058,-0.048,-0.016,-8.27,0.71,0.73,0.000000,0.000000,460.45
21.38,65677.11,66.75,3510.87,0.34,-9.56,1.27,-0.013,-0.054,-0.031,-8.78,-1.67,0.28,0.000000,0.000000,461.00
21.38,65677.11,66.75,3510.87,0.38,-9.62,1.57,-0.000,-0.087,-0.020,-8.27,0.24,2.09,0.000000,0.000000,461.53
21.38,65677.11,66.75,3510.87,0.33,-9.61,1.55,-0.003,-0.057,-0.033,-8.27,-0.24,-1.08,0.000000,0.000000,462.08
21.38,65677.11,66.75,3510.87,0.39,-9.56,1.52,0.002,-0.049,0.028,-9.78,-1.19,1.18,0.000000,0.000000,462.61
21.38,65677.11,66.75,3510.87,0.25,-9.60,1.54,-0.012,-0.054,-0.024,-8.78,-0.24,1.18,0.000000,0.000000,463.16
21.38,65677.11,66.75,3510.87,0.30,-9.57,1.60,-0.009,-0.059,0.000,-8.27,-0.24,0.28,0.000000,0.000000,463.69
21.38,65677.11,66.75,3510.87,0.26,-9.59,1.69,-0.001,-0.062,-0.025,-9.78,-0.24,1.63,0.000000,0.000000,464.24
21.38,65677.11,66.75,3510.87,0.26,-9.56,1.62,-0.010,-0.066,-0.025,-9.28,0.71,2.09,0.000000,0.000000,464.77
21.38,65677.11,66.75,3510.87,0.30,-9.55,1.68,-0.009,-0.065,-0.018,-8.78,-1.19,1.18,0.000000,0.000000,465.32
21.38,65677.11,66.75,3510.87,0.24,-9.57,1.57,0.014,-0.063,-0.022,-8.78,0.71,2.09,0.000000,0.000000,465.85
21.38,65677.11,66.75,3510.87,0.28,-9.54,1.68,-0.013,-0.064,-0.024,-8.27,0.24,1.63,0.000000,0.000000,466.40
21.38,65677.11,66.75,3510.87,0.32,-9.55,1.68,0.012,-0.060,-0.018,-8.27,-0.72,1.18,0.000000,0.000000,466.94
21.38,65677.11,66.75,3510.87,0.40,-9.47,1.90,-0.018,-0.048,0.059,-8.27,0.24,1.63,0.000000,0.000000,467.48
21.38,65677.11,66.75,3510.87,-0.41,-4.34,7.45,5.397,-0.096,0.841,-4.76,-0.24,4.35,0.000000,0.000000,468.07
21.38,65677.11,66.75,3510.87,0.69,10.26,-0.99,0.014,-0.114,-0.010,10.82,-0.24,-1.99,0.000000,0.000000,468.56
21.38,65677.11,66.75,3510.87,0.66,9.51,-1.41,0.061,-0.047,0.012,11.33,1.19,-1.54,0.000000,0.000000,469.09
21.38,65677.11,66.75,3510.87,0.72,9.65,-1.36,-0.024,-0.052,-0.013,10.32,0.24,-2.44,0.000000,0.000000,469.64
21.38,65677.11,66.75,3510.87,0.73,9.63,-1.35,-0.015,-0.053,-0.025,10.32,-0.72,-1.99,0.000000,0.000000,470.18
21.38,65677.11,66.75,3510.87,0.79,9.68,-1.38,-0.005,-0.067,-0.001,10.32,1.19,-1.08,0.000000,0.000000,470.72
21.38,65677.11,66.75,3510.87,0.78,9.72,-1.34,0.045,-0.055,-0.062,10.32,-0.72,-2.89,0.000000,0.000000,471.26
21.38,65677.11,66.75,3510.87,0.69,9.62,-1.42,-0.012,-0.070,-0.001,10.32,0.71,-2.44,0.000000,0.000000,471.80
21.38,65677.11,66.75,3510.87,0.69,9.61,-1.37,0.009,-0.055,-0.003,10.82,0.71,-1.54,0.000000,0.000000,472.34
21.38,65677.11,66.75,3510.87,0.67,9.66,-1.33,-0.022,-0.049,-0.017,11.33,1.19,-1.08,0.000000,0.000000,472.88
21.38,65677.11,66.75,3510.87,0.86,9.63,-1.49,-0.020,-0.065,0.036,9.32,0.71,-1.99,0.000000,0.000000,473.42
21.38,65677.11,66.75,3510.87,0.71,11.80,0.83,-2.781,0.047,-0.253,11.83,-0.72,-0.18,0.000000,0.000000,473.96
21.38,65677.11,66.75,3510.87,0.30,-10.07,1.30,-0.751,-0.191,-0.067,-9.78,1.19,1.18,0.000000,0.000000,474.51
21.38,65677.11,66.75,3510.87,0.01,-9.52,1.36,0.129,-0.047,0.195,-9.28,-1.19,0.73,0.000000,0.000000,475.04
21.38,65677.11,66.75,3510.87,-0.20,-9.65,1.58,0.002,-0.055,-0.007,-8.78,0.71,0.28,0.000000,0.000000,475.58
21.38,65677.11,66.75,3510.87,-0.12,-9.47,1.94,-0.034,-0.074,-0.082,-8.27,1.19,1.63,0.000000,0.000000,476.33
21.38,65677.11,66.75,3510.87,-0.07,-9.48,2.01,-0.076,-0.056,0.004,-8.78,-1.19,0.28,0.000000,0.000000,476.67
21.38,65677.11,66.75,3510.87,-0.30,-9.45,2.10,0.117,-0.050,-0.044,-8.27,1.19,2.09,0.000000,0.000000,477.20
21.38,65677.11,66.75,3510.87,-0.46,-10.64,2.83,0.676,0.077,-0.115,-9.78,0.71,1.63,0.000000,0.000000,477.74
21.38,65677.11,66.75,3510.87,0.68,9.37,-0.17,2.451,-0.033,0.190,9.32,-0.72,-1.54,0.000000,0.000000,478.28
21.38,65677.11,66.75,3510.87,0.52,9.48,-1.64,0.061,-0.010,0.037,10.32,0.24,-1.54,0.000000,0.000000,478.82
21.38,65677.11,66.75,3510.87,0.52,9.53,-1.54,0.054,-0.051,-0.040,10.32,0.71,-3.35,0.000000,0.000000,479.60
21.38,65677.11,66.75,3510.87,0.13,8.90,-1.88,0.022,-0.055,0.093,9.82,0.24,-4.25,0.000000,0.000000,479.91
21.38,65677.11,66.75,3510.87,0.88,10.00,-3.30,0.016,-0.242,-0.159,11.33,1.19,-2.89,0.000000,0.000000,480.45
21.38,65677.11,66.75,3510.87,-0.02,9.38,-2.73,-0.016,-0.046,0.046,9.82,-0.24,-6.06,0.000000,0.000000,480.99
21.38,65677.11,66.75,3510.87,0.50,9.60,-2.48,-0.211,-0.098,-0.120,9.32,0.24,-3.80,0.000000,0.000000,481.53
21.38,65677.11,66.75,3510.87,0.26,10.59,1.96,-4.462,0.031,-0.483,12.33,1.19,2.09,0.000000,0.000000,482.06
21.38,65677.11,66.75,3510.87,-0.50,-7.35,6.26,-3.199,-0.248,-0.584,-7.27,-1.19,3.44,0.000000,0.000000,482.61
21.38,65677.11,66.75,3510.87,-0.01,-9.47,2.54,-0.051,-0.181,0.043,-9.28,-0.72,2.09,0.000000,0.000000,483.15
21.38,65677.11,66.75,3510.87,-0.13,-9.42,2.10,-0.006,-0.081,-0.041,-8.78,0.24,0.73,0.000000,0.000000,483.69
21.38,65677.11,66.75,3510.87,0.10,-9.22,2.05,-0.056,-0.052,-0.035,-8.78,-1.19,0.73,0.000000,0.000000,484.23
21.38,65677.11,66.75,3510.87,0.08,-9.70,1.86,0.012,-0.064,0.029,-9.78,0.24,1.18,0.000000,0.000000,484.76
21.38,65677.11,66.75,3510.87,0.01,-9.46,2.11,-0.053,-0.068,-0.023,-8.78,0.24,1.18,0.000000,0.000000,485.31
21.38,65677.11,66.75,3510.87,-0.02,-9.55,2.22,-0.018,-0.068,-0.022,-9.28,-0.72,0.73,0.000000,0.000000,485.85
21.38,65677.11,66.75,3510.87,0.13,-9.43,2.14,-0.076,-0.067,-0.027,-7.77,0.71,2.99,0.000000,0.000000,486.39
21.38,65677.11,66.75,3510.87,0.17,-9.46,2.12,-0.002,-0.062,-0.025,-8.78,0.24,0.73,0.000000,0.000000,486.93
21.38,65677.11,66.75,3510.87,-2.35,1.60,5.85,7.229,0.364,1.389,1.78,2.15,4.80,0.000000,0.000000,487.46
21.38,65677.11,66.75,3510.87,0.09,9.78,0.07,0.867,-0.085,0.166,10.82,2.15,0.28,0.000000,0.000000,488.00
21.38,65677.11,66.75,3510.87,0.79,9.74,-1.44,0.057,-0.098,0.084,10.82,-0.24,-3.35,0.000000,0.000000,488.55
21.38,65677.11,66.75,3510.87,0.91,9.61,-1.59,-0.030,-0.045,-0.082,10.32,-0.24,-1.99,0.000000,0.000000,489.09
21.38,65677.11,66.75,3510.87,0.78,9.64,-1.02,-0.130,-0.034,-0.027,11.33,1.19,-0.63,0.000000,0.000000,489.63
21.38,65677.11,66.75,3510.87,0.79,9.68,-0.82,-0.029,-0.042,-0.034,10.32,-0.24,-1.08,0.000000,0.000000,490.17
21.38,65677.11,66.75,3510.87,0.80,9.69,-0.77,0.001,-0.042,-0.007,10.32,0.24,-0.18,0.000000,0.000000,490.71
21.38,65677.11,66.75,3510.87,0.85,9.61,-0.56,-0.022,-0.083,-0.031,11.33,0.24,0.28,0.000000,0.000000,491.25
21.38,65677.11,66.75,3510.87,0.92,9.68,-1.02,0.010,-0.039,-0.123,10.32,-1.19,-2.44,0.000000,0.000000,491.79
21.38,65677.11,66.75,3510.87,0.03,9.72,-1.54,0.094,-0.049,-0.131,9.82,-0.24,-1.99,0.000000,0.000000,492.33
21.38,65677.11,66.75,3510.87,-0.18,9.56,-1.59,-0.043,-0.046,0.041,10.82,2.15,-1.08,0.000000,0.000000,492.87
21.38,65677.11,66.75,3510.87,-0.10,9.62,-1.59,-0.021,-0.052,-0.027,10.82,1.19,-2.44,0.000000,0.000000,493.41
21.38,65677.11,66.75,3510.87,-0.08,9.59,-1.38,-0.065,-0.046,0.225,10.32,1.19,-1.54,0.000000,0.000000,493.95
21.38,65677.11,66.75,3510.87,0.71,9.47,-1.26,-0.130,-0.084,0.122,10.32,1.19,-1.08,0.000000,0.000000,494.49
21.38,65677.11,66.75,3510.87,7.96,8.61,1.10,-1.081,-0.248,2.866,9.82,-9.30,-1.54,0.000000,0.000000,495.03
21.38,65677.11,66.75,3510.87,9.06,0.10,1.71,0.210,-0.297,0.088,0.27,-8.82,1.63,0.000000,0.000000,495.57
21.38,65677.11,66.75,3510.87,12.30,-0.64,0.40,0.433,-0.384,0.784,0.27,-11.68,-1.99,0.000000,0.000000,496.11
21.38,65677.11,66.75,3510.87,9.96,-0.05,0.47,-0.181,-0.027,-0.117,0.27,-9.30,-1.99,0.000000,0.000000,496.65
21.38,65677.11,66.75,3510.87,9.68,-0.17,0.99,-0.007,-0.033,-0.055,0.77,-8.82,-0.63,0.000000,0.000000,497.19
21.38,65677.11,66.75,3510.87,9.93,-0.47,0.76,0.288,-0.017,-0.027,-0.23,-9.78,-1.54,0.000000,0.000000,497.73
21.38,65677.11,66.75,3510.87,9.80,-0.97,1.20,1.264,-0.011,0.272,0.27,-9.78,-2.44,0.000000,0.000000,498.27
21.38,65677.11,66.75,3510.87,9.67,-0.80,1.20,-0.027,-0.057,-0.011,0.27,-8.82,-1.08,0.000000,0.000000,498.81
21.38,65677.11,66.75,3510.87,9.74,-0.62,1.31,-0.009,-0.060,-0.016,-0.74,-9.30,-2.44,0.000000,0.000000,499.35
21.38,65677.11,66.75,3510.87,9.73,-0.75,1.27,-0.016,-0.060,-0.011,-1.24,-10.73,-0.63,0.000000,0.000000,499.89
21.38,65677.11,66.75,3510.87,9.70,-0.61,1.29,-0.006,-0.011,-0.064,0.27,-7.87,-0.18,0.000000,0.000000,500.43
21.38,65677.11,66.75,3510.87,9.92,-0.77,1.36,-0.004,-0.009,-0.077,-0.23,-9.30,-1.54,0.000000,0.000000,500.97
26.06,96260.19,56.71,430.48,9.69,-0.45,1.31,-0.023,-0.061,-0.004,-0.23,-10.25,-1.54,0.000000,0.000000,576.75
21.96,95634.95,56.45,484.89,9.76,-0.57,1.27,-0.006,-0.039,-0.029,-0.23,-8.35,-0.63,0.000000,0.000000,577.29
18.98,95177.64,56.23,524.86,9.15,-1.64,3.06,0.187,-0.002,0.235,-1.24,-9.30,0.28,0.000000,0.000000,577.83
19.71,95275.69,56.18,516.28,10.03,0.03,0.96,0.103,-0.070,-0.154,1.27,-10.25,-2.89,0.000000,0.000000,578.37
19.86,95294.52,56.10,514.63,9.79,0.08,0.93,-0.012,-0.052,-0.004,0.77,-9.30,-1.54,0.000000,0.000000,578.91
20.16,95337.59,56.05,510.86,9.73,0.03,1.19,-0.013,-0.057,-0.017,0.27,-8.82,-2.89,0.000000,0.000000,579.45
19.77,95278.11,55.98,516.07,10.19,0.24,1.34,-0.589,0.086,0.354,1.27,-10.25,-0.63,0.000000,0.000000,579.99
20.32,95355.37,55.95,509.31,9.65,-0.34,1.12,-0.294,0.001,-0.126,0.27,-8.82,-0.63,0.000000,0.000000,580.53
19.94,95300.67,55.90,514.09,9.73,-0.38,1.22,-0.017,-0.016,-0.043,0.27,-9.30,-4.71,0.000000,0.000000,581.07
21.52,95534.28,55.95,493.67,9.69,-0.69,1.06,-0.004,-0.058,-0.032,-0.23,-9.78,-1.99,0.000000,0.000000,581.61
20.87,95438.41,55.89,502.05,9.70,-0.38,1.11,-0.003,-0.047,-0.021,0.77,-9.78,-1.08,0.000000,0.000000,582.15
20.93,95443.95,55.88,501.56,9.71,-0.16,0.89,-0.047,-0.033,-0.045,-0.23,-9.30,-1.08,0.000000,0.000000,582.69
20.60,95395.08,55.85,505.83,9.72,-0.38,1.11,-0.003,-0.053,-0.016,-0.74,-9.78,-1.08,0.000000,0.000000,583.23
20.50,95378.33,55.83,507.30,9.78,-0.41,1.16,0.005,-0.057,-0.019,0.27,-8.82,-0.63,0.000000,0.000000,583.77
20.32,95348.77,55.79,509.88,10.20,-1.66,0.57,0.023,-0.159,-0.034,-1.24,-9.30,-4.25,0.000000,0.000000,584.31
20.89,95430.11,55.80,502.77,9.87,-0.70,0.32,-0.034,0.040,-0.057,-0.23,-10.73,-3.35,0.000000,0.000000,584.85
20.72,95407.14,55.78,504.78,9.72,-0.74,1.20,0.005,-0.054,-0.013,-1.24,-8.82,-0.63,0.000000,0.000000,585.40
20.94,95442.84,55.78,501.66,9.74,-0.58,1.19,-0.020,-0.060,-0.024,0.27,-8.82,-1.54,0.000000,0.000000,585.93
20.75,95411.35,55.77,504.41,9.72,-0.40,1.24,-0.002,-0.062,-0.019,-0.23,-10.25,-1.54,0.000000,0.000000,586.48
20.87,95430.35,55.75,502.75,9.70,-0.49,1.22,0.008,-0.063,-0.027,-0.23,-9.30,-1.08,0.000000,0.000000,587.01
20.77,95413.77,55.74,504.20,9.75,-0.93,1.07,-0.027,-0.061,-0.016,-0.74,-9.30,-0.18,0.000000,0.000000,587.56
20.97,95445.13,55.74,501.46,9.72,-0.28,1.37,-0.037,-0.057,-0.007,0.27,-9.78,-1.54,0.000000,0.000000,588.09
21.09,95460.23,55.74,500.14,9.72,-0.40,1.27,-0.020,-0.061,-0.014,-0.23,-8.82,-1.08,0.000000,0.000000,588.64
21.15,95473.50,55.73,498.98,9.73,-0.45,1.23,-0.010,-0.060,-0.018,0.27,-8.82,-1.54,0.000000,0.000000,589.18
21.33,95495.14,55.72,497.09,9.71,-0.47,1.22,-0.010,-0.060,-0.018,0.27,-9.78,-2.89,0.000000,0.000000,589.72
21.11,95460.30,55.72,500.13,9.72,-0.45,1.18,-0.009,-0.061,-0.019,-0.23,-9.78,-0.18,0.000000,0.000000,590.26
21.18,95399.50,55.69,499.11,9.72,-0.58,1.12,0.007,-0.066,-0.027,0.27,-8.82,0.28,0.000000,0.000000,590.79
20.03,95292.73,55.65,514.79,9.73,-0.50,1.18,-0.011,-0.060,-0.021,-0.23,-10.25,-2.44,0.000000,0.000000,591.34
21.18,95473.13,55.68,499.01,9.70,-0.35,1.35,-0.002,-0.062,-0.028,0.27,-9.78,-1.08,0.000000,0.000000,591.88
19.38,95198.73,55.59,523.01,9.75,-0.35,1.24,-0.006,-0.059,-0.024,0.77,-9.30,0.28,0.000000,0.000000,592.42
21.12,95458.27,55.65,500.31,9.72,-0.35,1.32,-0.015,-0.060,-0.013,0.27,-10.73,-0.63,0.000000,0.000000,592.96
20.56,95371.64,55.60,507.88,9.73,-0.42,1.16,-0.004,-0.063,-0.020,-0.74,-9.30,-1.54,0.000000,0.000000,593.50
20.47,95361.87,55.61,508.74,9.74,-0.52,1.17,-0.012,-0.061,-0.015,-0.23,-8.82,-0.63,0.000000,0.000000,594.04
21.06,95487.41,55.62,501.39,9.74,-0.47,1.15,-0.003,-0.060,-0.024,-0.23,-10.73,-1.54,0.000000,0.000000,594.58
21.02,95445.31,55.62,501.44,9.73,-0.48,1.05,-0.009,-0.061,-0.020,-0.23,-9.78,-1.08,0.000000,0.000000,595.12
21.30,95485.64,55.63,497.92,9.76,-0.62,0.95,-0.005,-0.060,-0.023,0.27,-8.82,-0.63,0.000000,0.000000,595.66
21.33,95490.13,55.64,497.53,9.70,-0.10,1.36,0.003,-0.062,-0.019,0.77,-10.25,-2.44,0.000000,0.000000,596.20
21.16,95466.38,55.62,499.60,9.73,-0.35,1.29,-0.021,-0.062,-0.011,-0.23,-9.30,-0.63,0.000000,0.000000,596.74
20.93,95431.19,55.62,502.68,9.76,-0.82,1.11,-0.008,-0.060,-0.027,-0.23,-8.35,-0.18,0.000000,0.000000,597.28
20.82,95411.90,55.59,504.36,9.70,-0.05,1.25,-0.012,-0.060,-0.001,0.77,-8.82,-1.54,0.000000,0.000000,597.82
20.47,95357.39,55.57,509.13,9.71,-0.48,0.81,-0.020,-0.062,-0.011,-0.23,-8.82,-0.18,0.000000,0.000000,598.36
21.27,95476.79,55.60,498.69,9.72,-0.84,1.35,-0.010,-0.057,-0.025,-0.23,-8.82,-0.18,0.000000,0.000000,598.90
20.74,95395.45,55.58,505.77,9.69,-0.35,1.07,-0.030,-0.058,0.017,0.27,-10.25,-1.08,0.000000,0.000000,599.44
20.87,95416.05,55.57,504.00,9.76,-0.67,1.14,-0.002,-0.062,-0.016,-0.23,-9.78,-1.08,0.000000,0.000000,599.98
21.01,95434.72,55.57,502.37,9.76,-0.38,0.98,-0.000,-0.053,-0.007,-0.23,-8.35,-1.08,0.000000,0.000000,600.52
20.86,95415.53,55.56,504.05,9.70,-0.69,1.47,0.055,-0.059,-0.010,-0.23,-9.78,-1.08,0.000000,0.000000,601.06
21.09,95447.69,55.56,501.24,9.73,-0.35,1.22,-0.006,-0.058,-0.024,-0.23,-9.30,-1.08,0.000000,0.000000,601.60
20.99,95433.12,55.57,502.51,9.73,-0.42,1.21,-0.019,-0.061,-0.016,0.27,-8.82,-0.63,0.000000,0.000000,602.14
21.07,95444.28,55.56,501.53,9.71,-0.41,1.23,-0.016,-0.060,-0.019,0.27,-9.30,-1.08,0.000000,0.000000,602.68
20.97,95429.45,55.54,502.83,9.73,-0.40,1.24,-0.012,-0.060,-0.020,-0.23,-9.78,-1.54,0.000000,0.000000,603.22
21.28,95473.58,55.56,498.97,9.75,-0.46,1.22,-0.013,-0.060,-0.018,0.77,-8.82,-0.63,0.000000,0.000000,603.76
21.12,95448.95,55.55,501.13,9.80,-0.51,1.15,-0.009,-0.058,-0.021,-0.23,-9.30,-2.44,0.000000,0.000000,604.30
21.28,95476.72,55.56,498.70,9.73,-0.41,1.20,-0.009,-0.061,-0.017,-0.23,-9.30,-1.08,0.000000,0.000000,604.84
21.03,95437.64,55.53,502.11,9.75,-0.45,1.18,-0.013,-0.049,-0.017,0.77,-8.35,-0.18,0.000000,0.000000,605.38
21.20,95461.95,55.55,499.99,9.85,-0.51,1.19,-0.002,-0.007,-0.082,-0.23,-8.82,-2.89,0.000000,0.000000,605.92
21.17,95454.59,55.54,500.63,9.74,-0.45,1.26,-0.013,-0.063,-0.018,-0.74,-10.25,-1.99,0.000000,0.000000,606.46
21.06,95438.53,55.52,502.04,9.72,-0.54,1.14,-0.025,-0.061,-0.011,0.27,-8.82,-0.18,0.000000,0.000000,607.00
21.16,95452.21,55.52,500.84,9.80,-0.60,1.28,-0.019,-0.059,-0.034,-0.23,-9.78,-1.08,0.000000,0.000000,607.54
20.89,95409.67,55.51,504.56,9.74,-0.57,1.19,-0.013,-0.060,-0.022,-0.74,-9.78,-1.08,0.000000,0.000000,608.08
21.00,95426.09,55.52,503.12,9.75,-0.55,1.07,-0.021,-0.057,-0.023,0.27,-8.82,0.28,0.000000,0.000000,608.62
20.74,95387.44,55.49,506.50,9.74,-0.32,1.24,-0.017,-0.057,-0.015,0.27,-8.82,-1.08,0.000000,0.000000,609.16
21.17,95448.86,55.50,501.13,9.72,-0.50,1.21,-0.014,-0.060,-0.012,-0.23,-9.78,-1.08,0.000000,0.000000,609.70
20.86,95405.61,55.50,504.91,9.69,-0.56,1.24,-0.014,-0.060,-0.018,0.27,-8.82,-0.18,0.000000,0.000000,610.25
21.30,95470.69,55.50,499.23,9.72,-0.52,1.16,-0.012,-0.059,-0.017,-1.24,-9.30,-1.54,0.000000,0.000000,610.79
20.81,95398.38,55.49,505.55,9.72,-0.50,1.29,-0.011,-0.062,-0.019,-0.23,-8.82,-1.54,0.000000,0.000000,611.33
21.03,95430.70,55.49,502.72,9.74,-0.47,1.20,-0.011,-0.060,-0.022,-0.23,-10.25,-1.54,0.000000,0.000000,611.87
21.01,95421.94,55.47,503.49,9.73,-0.43,1.22,-0.020,-0.061,-0.012,0.77,-9.78,-1.08,0.000000,0.000000,612.41
20.92,95413.17,55.47,504.25,9.77,-0.77,1.03,0.011,-0.058,-0.039,-0.23,-8.82,0.28,0.000000,0.000000,612.95
21.27,95462.16,55.47,499.97,9.79,-0.65,1.13,0.019,-0.059,-0.040,-0.23,-9.30,-2.44,0.000000,0.000000,613.49
21.22,95458.48,55.48,500.29,9.72,-0.22,1.25,-0.009,-0.062,-0.008,0.27,-9.78,-0.63,0.000000,0.000000,614.03
21.33,95473.19,55.48,499.01,9.74,-0.34,1.20,-0.018,-0.057,-0.017,-0.23,-9.30,-0.63,0.000000,0.000000,614.57
21.21,95453.41,55.47,500.74,9.74,-0.44,1.15,-0.011,-0.060,-0.018,0.27,-11.21,-1.08,0.000000,0.000000,615.11
21.24,95456.34,55.48,500.48,9.76,-0.48,1.22,0.027,-0.062,-0.036,-0.23,-9.30,-0.63,0.000000,0.000000,615.65
20.79,95388.98,55.44,506.37,9.74,-0.35,1.11,-0.010,-0.061,-0.025,0.27,-8.35,-0.18,0.000000,0.000000,616.19
21.03,95422.39,55.44,503.45,9.72,-0.44,1.29,-0.005,-0.062,-0.026,0.27,-8.35,-1.99,0.000000,0.000000,616.73
20.78,95380.38,55.43,507.12,9.76,-0.66,1.10,-0.012,-0.059,-0.023,-0.23,-8.82,-1.08,0.000000,0.000000,617.27
20.89,95403.77,55.44,505.08,9.73,-0.43,1.24,-0.011,-0.062,-0.019,0.27,-8.35,-0.63,0.000000,0.000000,617.81
20.76,95382.45,55.42,506.94,9.72,-0.38,1.26,-0.011,-0.061,-0.019,0.27,-9.30,-1.99,0.000000,0.000000,618.35
20.93,95407.28,55.42,504.77,9.73,-0.46,1.25,-0.015,-0.061,-0.016,0.27,-9.78,-1.08,0.000000,0.000000,618.89
20.98,95412.08,55.42,504.35,9.74,-0.42,1.19,-0.015,-0.062,-0.015,-0.23,-9.30,-0.18,0.000000,0.000000,619.43
21.05,95425.39,55.43,503.19,9.74,-0.45,1.23,-0.010,-0.061,-0.019,0.27,-9.30,-1.54,0.000000,0.000000,619.97
21.41,95478.91,55.45,498.51,9.73,-0.48,1.14,-0.014,-0.063,-0.014,-0.74,-10.25,-0.63,0.000000,0.000000,620.51
21.20,95447.59,55.44,501.24,9.73,-0.52,1.19,-0.014,-0.063,-0.015,0.77,-9.30,-0.18,0.000000,0.000000,621.05
21.46,95485.14,55.44,497.96,9.73,-0.42,1.23,-0.014,-0.060,-0.018,-0.23,-9.30,-2.89,0.000000,0.000000,621.59
21.28,95459.41,55.43,500.21,9.72,-0.50,1.21,-0.013,-0.060,-0.017,-0.23,-10.25,-1.54,0.000000,0.000000,622.13
20.99,95415.31,55.42,504.07,9.71,-0.19,1.32,-0.015,-0.062,-0.016,0.77,-9.78,-1.08,0.000000,0.000000,622.67
20.79,95383.02,55.40,506.89,9.74,-0.55,1.18,-0.011,-0.060,-0.020,-0.74,-8.82,-2.44,0.000000,0.000000,623.21
21.03,95419.62,55.40,503.69,9.74,-0.48,1.20,-0.016,-0.062,-0.017,-0.23,-9.30,-1.08,0.000000,0.000000,623.75
20.81,95384.25,55.39,506.78,9.68,-0.58,1.18,0.025,-0.059,-0.013,-0.23,-8.82,-0.18,0.000000,0.000000,624.29
20.97,95406.43,55.39,504.84,9.72,-0.51,1.25,-0.057,-0.059,-0.026,-0.23,-8.82,-2.89,0.000000,0.000000,624.83
21.04,95417.85,55.40,503.84,9.72,-0.57,1.06,-0.002,-0.065,-0.026,-0.23,-10.25,-1.99,0.000000,0.000000,625.38
21.02,95416.08,55.39,504.00,9.71,-0.55,1.21,-0.013,-0.083,-0.013,-0.23,-8.82,-1.08,0.000000,0.000000,625.91
20.95,95403.16,55.41,505.23,9.73,-0.39,1.23,-0.008,-0.062,-0.018,-0.23,-8.82,-1.08,0.000000,0.000000,626.45
21.04,95418.19,55.38,503.81,9.74,-0.43,1.20,-0.013,-0.063,-0.017,0.27,-8.82,-1.08,0.000000,0.000000,626.99
21.09,95424.56,55.36,503.26,9.72,-0.50,1.18,-0.015,-0.062,-0.010,-0.23,-9.78,-1.08,0.000000,0.000000,627.53
21.09,95422.87,55.36,503.41,9.74,-0.55,1.23,-0.004,-0.068,-0.023,0.27,-8.82,-1.08,0.000000,0.000000,628.07
21.27,95450.27,55.38,501.01,9.74,-0.50,1.20,-0.017,-0.061,-0.012,0.27,-10.73,-1.54,0.000000,0.000000,628.61
20.98,95407.05,55.36,504.79,9.75,-0.43,1.22,-0.007,-0.059,-0.023,0.27,-8.35,-0.18,0.000000,0.000000,629.15
21.24,95446.41,55.38,501.35,9.74,-0.48,1.19,-0.016,-0.059,-0.024,0.77,-8.82,-0.63,0.000000,0.000000,629.69
20.81,95376.26,55.35,507.48,9.74,-0.52,1.19,-0.004,-0.035,-0.045,0.27,-9.78,-2.44,0.000000,0.000000,630.23
21.05,95414.70,55.36,504.12,9.74,-0.42,1.31,-0.009,-0.079,-0.002,0.27,-9.78,-1.54,0.000000,0.000000,630.77
20.82,95380.03,55.34,507.15,9.73,-0.63,1.20,-0.012,-0.064,-0.015,0.27,-7.39,-0.18,0.000000,0.000000,631.31
20.75,95367.73,55.34,508.23,9.73,-0.50,1.21,-0.013,-0.061,-0.018,-0.74,-8.82,-2.89,0.000000,0.000000,631.86
20.85,95378.53,55.33,507.28,9.73,-0.53,1.17,-0.015,-0.064,-0.016,-0.23,-9.30,-0.63,0.000000,0.000000,632.40
20.91,95389.23,55.33,506.35,9.70,-0.26,1.36,-0.046,-0.102,0.041,0.77,-8.82,-0.18,0.000000,0.000000,632.93
20.55,95337.89,55.32,510.84,9.64,-0.79,1.63,-0.007,-0.073,-0.058,0.27,-9.30,-1.99,0.000000,0.000000,633.47
18.73,95062.34,55.22,534.96,9.77,-0.50,1.21,-0.006,-0.061,-0.028,-0.23,-10.25,-0.63,0.000000,0.000000,634.02
26.44,96253.86,56.16,431.03,9.66,-0.90,1.95,0.011,-0.033,-0.046,-0.74,-8.82,-1.54,0.000000,0.000000,681.23
23.51,95802.60,55.98,470.27,9.62,-0.79,1.85,0.008,-0.066,-0.024,-0.23,-8.35,-0.18,0.000000,0.000000,681.77
23.73,95831.00,55.90,467.80,9.59,-0.83,1.88,0.000,-0.087,-0.044,-0.74,-8.82,0.28,0.000000,0.000000,682.31
21.86,95546.63,55.76,492.59,9.64,-0.85,1.75,-0.017,-0.055,-0.005,-0.74,-9.30,-0.63,0.000000,0.000000,682.85
16.18,94683.24,55.44,568.25,9.65,-0.95,1.80,-0.068,-0.073,-0.051,-0.23,-9.30,0.28,0.000000,0.000000,683.39
14.38,94407.71,55.28,592.52,9.78,-0.76,1.77,0.000,-0.046,0.016,-0.23,-7.87,0.73,0.000000,0.000000,683.93
15.00,94484.89,55.19,585.72,9.63,-1.10,1.81,0.072,0.002,0.096,-0.74,-10.25,-0.63,0.000000,0.000000,684.47
20.14,95245.01,55.33,518.96,9.37,-0.86,1.82,-0.107,-0.151,0.101,-1.24,-9.78,-1.08,0.000000,0.000000,685.01
22.62,95635.57,55.43,484.83,9.50,-1.37,2.35,-0.204,-0.015,0.077,-0.74,-8.35,1.18,0.000000,0.000000,685.55
25.44,96070.89,55.54,446.92,9.57,-1.19,1.81,0.043,0.047,-0.060,-1.24,-8.82,-2.44,0.000000,0.000000,686.09
18.04,94948.94,55.23,544.91,9.61,-0.43,2.25,-0.031,-0.223,-0.057,0.77,-9.78,0.28,0.000000,0.000000,686.63
18.55,95019.66,55.21,538.71,9.46,-0.72,1.39,0.111,-0.114,0.010,0.77,-8.82,-0.18,0.000000,0.000000,687.17
18.72,95041.77,55.18,536.77,10.19,-0.66,2.67,0.809,-0.109,-0.205,-0.23,-9.78,-1.08,0.000000,0.000000,687.71
18.68,95036.85,55.15,537.20,9.60,-1.20,1.05,-0.001,0.045,0.045,-0.23,-9.30,-1.54,0.000000,0.000000,688.26
22.76,95649.73,55.28,483.60,9.47,-0.45,2.58,-0.151,-0.159,0.220,-0.23,-9.78,2.09,0.000000,0.000000,688.80
22.63,95635.58,55.29,484.83,9.49,-0.39,2.68,0.009,-0.025,-0.134,0.27,-9.30,1.18,0.000000,0.000000,689.34
22.74,95651.92,55.31,483.40,8.79,-0.52,1.67,0.593,-0.344,0.410,0.77,-7.39,0.73,0.000000,0.000000,689.88
22.90,95674.98,55.32,481.39,12.91,-0.24,2.82,0.213,-0.344,0.440,-0.23,-14.07,-0.63,0.000000,0.000000,690.42
22.66,95633.14,55.31,485.04,5.10,-0.89,0.35,0.126,-0.257,0.008,-0.74,-4.53,-1.08,0.000000,0.000000,690.96
22.98,95682.98,55.34,480.70,10.09,0.25,1.31,0.383,-0.547,0.291,0.77,-8.82,0.28,0.000000,0.000000,691.50
23.27,95735.03,55.34,476.16,13.65,0.73,2.45,-0.083,-0.210,-0.246,1.78,-14.54,0.73,0.000000,0.000000,692.04
22.83,95660.73,55.32,482.64,4.74,-1.01,0.77,-0.077,0.100,0.458,-1.24,-4.05,-0.18,0.000000,0.000000,692.58
22.78,95650.84,55.30,483.50,7.08,-0.28,1.93,0.048,-0.331,-0.139,0.27,-6.44,0.73,0.000000,0.000000,693.12
23.41,95753.29,55.34,474.57,12.89,1.17,3.61,-0.134,-0.325,0.007,2.28,-13.59,0.28,0.000000,0.000000,693.66
23.02,95693.50,55.31,479.78,8.05,0.02,1.96,-0.263,-0.043,0.723,-0.74,-8.35,1.18,0.000000,0.000000,694.20
22.60,95620.64,55.31,486.13,5.38,-0.74,0.27,0.297,0.450,-0.096,0.77,-4.53,0.28,0.000000,0.000000,694.74
22.89,95673.73,55.30,481.50,14.95,2.65,2.77,0.043,0.019,-0.372,3.29,-14.54,-1.99,0.000000,0.000000,695.28
22.79,95652.67,55.28,483.34,6.05,-0.69,1.69,-0.480,0.525,0.507,0.77,-6.44,0.28,0.000000,0.000000,695.82
22.52,95608.67,55.26,487.18,6.33,0.16,1.91,0.364,0.206,-0.650,0.77,-5.96,-0.63,0.000000,0.000000,696.36
22.87,95671.38,55.27,481.71,11.07,2.79,1.80,-0.394,0.026,0.428,3.29,-10.25,-0.18,0.000000,0.000000,696.90
22.67,95639.57,55.25,484.48,9.25,0.28,3.56,-0.794,-0.116,0.329,0.27,-10.25,1.63,0.000000,0.000000,697.44
22.65,95635.13,55.25,484.87,10.44,-0.42,-3.22,-0.175,0.505,-0.216,0.27,-9.30,-5.61,0.000000,0.000000,697.98
22.80,95655.27,55.25,483.11,8.14,-2.17,5.53,0.993,0.021,0.188,-1.74,-7.87,3.90,0.000000,0.000000,698.52
22.83,95659.44,55.26,482.75,9.19,0.97,0.12,-1.248,-1.005,-0.310,1.27,-8.35,-2.44,0.000000,0.000000,699.07
23.08,95698.09,55.25,479.38,10.22,-1.98,2.17,-1.618,-0.086,0.308,-1.74,-10.73,-0.63,0.000000,0.000000,699.60
19.73,95193.30,55.08,523.49,0.58,-8.09,-1.92,-1.173,0.136,3.330,-7.77,0.24,-1.54,0.000000,0.000000,700.14
19.59,95167.66,55.06,525.74,-4.11,-12.57,2.60,1.295,-3.041,-4.761,-11.29,4.05,-0.18,0.000000,0.000000,700.69
19.60,95165.90,55.02,525.89,10.09,0.38,-0.16,0.263,-0.905,-0.980,0.27,-10.73,-2.89,0.000000,0.000000,701.22
19.64,95169.73,54.97,525.55,8.64,-0.99,0.14,-2.087,1.342,1.841,-0.74,-7.39,-3.35,0.000000,0.000000,701.76
19.95,95213.67,54.96,521.71,-0.85,-8.09,-0.63,-0.107,-0.079,2.125,-7.27,1.67,-4.71,0.000000,0.000000,702.30
19.73,95186.06,54.91,524.26,13.02,-4.82,5.62,1.649,-2.402,-2.963,-6.26,-14.07,1.63,0.000000,0.000000,702.84
19.91,95208.76,54.89,522.14,8.93,-0.29,-2.96,-2.758,1.217,3.885,0.77,-7.87,-3.80,0.000000,0.000000,703.38
19.75,95179.90,54.83,524.66,-5.52,-4.97,-2.14,0.188,-1.464,2.056,-3.25,5.96,-2.44,0.000000,0.000000,703.92
19.62,95169.31,54.77,525.59,12.02,-2.82,2.68,0.363,-2.798,-2.164,-3.25,-13.11,-0.18,0.000000,0.000000,704.47
19.91,95204.11,54.74,522.54,3.68,-2.55,-1.47,-1.389,2.801,5.219,-2.75,-3.58,-2.44,0.000000,0.000000,705.00
19.60,95162.36,54.67,526.20,-1.75,-11.04,6.87,1.972,-3.352,-4.131,-9.28,1.19,6.61,0.000000,0.000000,705.55
19.74,95182.14,54.60,524.47,9.72,0.38,0.20,-0.268,-1.227,1.162,0.27,-9.30,-4.25,0.000000,0.000000,706.08
19.31,95115.09,54.54,530.34,0.98,-5.13,-3.00,-0.827,2.490,3.919,-5.26,-0.72,-4.25,0.000000,0.000000,706.62
19.75,95179.90,54.50,524.66,-2.01,-9.93,5.05,1.264,-2.867,-0.973,-8.27,2.15,5.26,0.000000,0.000000,707.16
19.63,95167.80,54.46,525.72,10.09,-0.57,2.75,1.259,-2.453,-1.895,-0.74,-9.30,-0.18,0.000000,0.000000,707.71
19.75,95174.82,54.39,525.11,7.48,-0.38,-3.22,-3.543,2.515,4.574,-0.74,-7.39,-4.71,0.000000,0.000000,708.24
19.65,95160.61,54.39,526.35,-6.08,-5.43,-0.90,0.489,-2.311,-1.111,-4.76,5.96,0.28,0.000000,0.000000,708.78
19.81,95191.20,54.34,523.67,11.13,-3.73,1.96,1.158,-2.828,-2.307,-3.25,-10.73,-0.18,0.000000,0.000000,709.33
20.24,95249.25,54.31,518.59,8.79,-1.01,-5.35,-2.389,0.913,4.147,-1.24,-7.87,-7.87,0.000000,0.000000,709.87
20.78,95331.34,54.31,511.41,-4.85,-3.89,-2.77,1.175,-1.930,0.180,-2.75,5.01,-1.99,0.000000,0.000000,710.41
20.45,95285.59,54.25,515.41,13.94,-3.75,0.75,2.491,-3.324,-5.313,-3.75,-14.54,-3.35,0.000000,0.000000,710.95
20.62,95313.04,54.22,513.01,6.89,2.62,-5.35,-2.620,1.459,4.998,3.29,-6.44,-7.42,0.000000,0.000000,711.48
20.57,95300.64,54.19,514.09,-4.56,-2.68,-3.87,0.648,-1.607,2.147,-2.24,5.48,-4.25,0.000000,0.000000,712.03
20.42,95286.06,54.10,515.37,12.63,-2.04,3.33,1.972,-2.579,-3.870,-2.24,-12.64,1.18,0.000000,0.000000,712.57
20.71,95323.47,54.07,512.10,9.25,-2.19,-1.29,-2.065,0.288,2.534,-1.74,-8.35,-3.35,0.000000,0.000000,713.11
20.38,95273.46,54.03,516.47,-2.13,-7.55,-1.00,1.473,-1.156,-2.151,-7.27,2.15,-0.18,0.000000,0.000000,713.65
20.63,95310.95,53.98,513.19,9.62,-4.32,-1.85,-0.095,-0.167,-0.969,-3.75,-8.82,-4.25,0.000000,0.000000,714.19
20.31,95275.81,53.96,517.27,9.49,-0.82,-2.40,-0.317,-0.131,-0.099,-0.74,-8.35,-3.80,0.000000,0.000000,714.73
20.59,95306.98,53.95,513.54,9.14,-0.13,-2.28,-0.019,-0.133,-0.261,0.77,-8.82,-4.71,0.000000,0.000000,715.27
20.33,95264.33,53.94,517.27,9.42,-0.13,-2.75,0.483,-0.343,-0.142,1.27,-8.82,-4.25,0.000000,0.000000,715.81
20.36,95268.48,53.93,516.91,8.25,2.28,-4.82,-0.542,-0.020,-0.433,2.78,-5.96,-6.06,0.000000,0.000000,716.35
20.32,95262.78,53.94,517.41,7.48,4.16,-5.53,0.086,0.214,0.014,4.29,-6.44,-8.33,0.000000,0.000000,716.88
20.67,95317.43,53.95,512.63,8.20,4.24,-4.84,0.364,0.262,-0.186,4.79,-6.92,-6.97,0.000000,0.000000,717.42
20.63,95309.61,53.95,513.31,6.83,3.49,-4.80,-0.150,-0.352,-0.285,5.30,-5.01,-6.06,0.000000,0.000000,717.97
20.63,95310.94,53.94,513.19,3.53,-4.80,-2.01,1.126,-0.015,2.413,-4.25,-2.62,-3.80,0.000000,0.000000,718.51
20.32,95259.92,53.94,517.66,12.54,-5.02,-0.74,2.017,-0.903,-3.935,-5.26,-13.11,-2.89,0.000000,0.000000,719.05
20.06,95222.16,53.92,520.96,6.27,-2.53,-0.18,-3.045,1.496,3.848,-1.74,-6.92,-1.08,0.000000,0.000000,719.59
20.54,95288.67,53.93,515.14,0.72,-9.29,-0.88,1.659,-1.790,-2.724,-8.27,0.24,-4.71,0.000000,0.000000,720.13
20.12,95230.13,53.89,520.27,11.38,1.80,-1.50,-1.425,0.225,2.084,2.28,-10.73,-3.80,0.000000,0.000000,720.67
20.70,95313.19,53.89,513.01,2.48,-6.95,-0.67,-1.641,1.406,3.871,-6.77,-1.67,-1.54,0.000000,0.000000,721.21
20.02,95214.34,53.84,521.65,9.50,-10.00,3.90,2.114,-2.946,-4.856,-9.28,-9.30,2.54,0.000000,0.000000,721.75
20.53,95289.64,53.83,515.06,7.44,-5.00,-0.76,-2.652,0.758,3.738,-5.26,-7.87,-3.35,0.000000,0.000000,722.29
20.37,95263.98,53.81,517.30,1.36,-9.35,-0.43,2.510,-2.273,-3.243,-9.28,-0.24,-1.54,0.000000,0.000000,722.83
20.68,95311.15,53.76,513.17,10.03,1.64,-2.25,-1.305,0.447,2.521,2.78,-9.30,-2.89,0.000000,0.000000,723.37
20.59,95292.72,53.74,514.79,-1.49,-5.96,-0.81,1.127,-0.941,0.393,-5.76,2.62,-1.08,0.000000,0.000000,723.91
20.69,95314.32,53.70,512.90,13.65,-1.75,2.46,1.047,-2.026,-2.145,-2.24,-14.07,-0.18,0.000000,0.000000,724.45
20.55,95292.39,53.67,514.82,5.70,-5.07,-3.33,-2.399,1.729,4.758,-4.76,-4.53,-3.80,0.000000,0.000000,724.99
20.28,95252.09,53.65,518.34,-4.50,-9.32,2.76,1.580,-3.196,-2.746,-7.27,4.53,0.73,0.000000,0.000000,725.53
20.84,95333.14,53.60,511.25,6.97,6.83,-3.62,-1.837,-0.267,3.112,7.31,-6.44,-5.16,0.000000,0.000000,726.07
20.44,95268.78,53.57,516.88,-2.77,-5.43,-1.39,1.376,-0.642,1.278,-4.76,3.10,-2.44,0.000000,0.000000,726.61
20.31,95255.48,53.51,518.05,11.42,3.80,0.15,0.251,-1.737,-0.627,4.29,-10.25,-4.25,0.000000,0.000000,727.15
20.27,95245.92,53.46,518.88,-1.10,-4.32,-2.10,0.725,1.057,2.965,-3.75,1.67,-3.80,0.000000,0.000000,727.69
20.62,95303.42,53.42,513.85,9.98,-7.63,4.16,0.064,-1.018,-0.867,-7.27,-10.73,1.18,0.000000,0.000000,728.23
20.47,95278.48,53.41,516.03,4.52,-7.18,0.41,-0.731,1.551,2.754,-7.27,-3.58,-2.44,0.000000,0.000000,728.77
20.54,95286.13,53.39,515.36,5.20,-8.90,4.26,2.665,-3.788,-5.067,-8.27,-5.48,2.09,0.000000,0.000000,729.31
20.52,95282.05,53.37,515.72,9.93,-2.74,-0.54,-2.557,2.261,4.365,-2.75,-10.25,-3.35,0.000000,0.000000,729.85
20.66,95303.86,53.38,513.81,-4.07,-7.57,2.67,0.591,-1.044,-0.286,-6.77,4.53,2.54,0.000000,0.000000,730.39
20.65,95302.64,53.35,513.92,10.77,1.56,-0.86,0.453,-0.418,-0.719,1.27,-10.25,-4.25,0.000000,0.000000,730.93
20.86,95334.41,53.35,511.14,-0.80,-6.51,-2.10,0.504,0.322,3.351,-5.76,1.67,-2.89,0.000000,0.000000,731.47
20.82,95325.78,53.33,511.89,10.72,-6.85,3.41,0.426,-2.680,-3.188,-6.26,-10.73,1.63,0.000000,0.000000,732.01
20.36,95257.80,53.28,517.84,8.68,2.60,-4.03,-2.775,2.126,3.544,2.78,-7.39,-5.16,0.000000,0.000000,732.55
20.64,95295.98,53.29,514.50,-4.27,-6.08,0.46,0.932,-1.431,-0.064,-5.76,3.10,-0.63,0.000000,0.000000,733.25
20.10,95222.13,53.26,520.97,11.16,1.47,2.23,1.023,-2.047,-2.412,1.27,-10.73,0.28,0.000000,0.000000,733.63
20.87,95332.30,53.25,511.34,7.46,-3.31,0.11,-1.458,1.099,1.961,-2.24,-6.44,-1.54,0.000000,0.000000,734.17
20.21,95234.94,53.24,519.84,9.04,-2.66,1.57,0.379,-0.010,-0.656,-1.74,-8.82,-1.54,0.000000,0.000000,734.71
20.69,95305.91,53.26,513.63,9.67,-4.32,3.69,-0.429,0.278,1.133,-3.75,-9.78,2.09,0.000000,0.000000,735.25
20.30,95245.11,53.23,518.95,0.17,-6.30,-0.74,-1.025,1.289,3.766,-6.26,0.71,-0.63,0.000000,0.000000,735.79
20.67,95301.38,53.25,514.03,6.82,-8.43,8.41,1.574,-2.847,-3.497,-7.77,-7.39,6.16,0.000000,0.000000,736.33
20.48,95272.42,53.23,516.56,8.99,4.14,-0.42,-1.990,0.321,1.272,4.29,-8.82,-2.44,0.000000,0.000000,736.87
20.57,95282.80,53.23,515.66,1.56,-7.93,3.14,-0.723,1.507,2.934,-6.77,-1.67,1.63,0.000000,0.000000,737.41
20.52,95277.28,53.23,516.14,2.94,-8.06,8.77,2.481,-3.838,-4.000,-6.77,-4.05,5.71,0.000000,0.000000,737.95
20.19,95228.20,53.21,520.43,7.08,6.53,-2.10,-1.255,0.130,0.839,6.30,-5.96,-4.71,0.000000,0.000000,738.49
20.61,95285.88,53.22,515.39,6.89,-4.72,3.47,0.070,0.008,0.120,-3.75,-6.92,1.63,0.000000,0.000000,739.03
20.65,95294.43,53.21,514.64,8.78,-3.42,2.50,0.435,-0.086,-0.375,-3.25,-7.87,-0.63,0.000000,0.000000,739.57
20.68,95302.92,53.21,513.89,8.50,-0.73,5.59,0.474,0.263,-0.402,-0.74,-9.30,2.09,0.000000,0.000000,740.11
20.50,95276.59,53.21,516.20,7.63,0.39,5.71,-0.153,0.000,-0.235,0.77,-7.87,3.90,0.000000,0.000000,740.65
21.03,95357.67,53.23,509.11,7.09,0.77,7.00,-0.019,0.018,-0.076,1.27,-6.44,5.26,0.000000,0.000000,741.19
20.71,95306.79,53.22,513.56,6.86,0.94,7.06,-0.072,-0.076,0.097,1.78,-7.87,5.26,0.000000,0.000000,741.73
20.97,95344.83,53.24,510.23,7.50,1.38,6.67,-0.237,-0.541,0.146,1.27,-8.35,4.35,0.000000,0.000000,742.27
20.75,95311.86,53.24,513.11,8.24,0.43,4.67,0.077,-0.058,0.149,1.78,-7.87,2.99,0.000000,0.000000,742.81
21.15,95369.88,53.27,508.04,8.87,-0.50,4.27,0.632,-0.079,0.706,-0.23,-8.82,1.18,0.000000,0.000000,743.35
21.30,95392.86,53.28,506.03,7.38,-4.88,5.62,-1.647,0.311,2.738,-4.76,-7.87,2.99,0.000000,0.000000,743.89
20.66,95296.23,53.28,514.48,-2.07,-6.07,0.15,-0.320,-1.030,1.722,-5.76,3.10,0.28,0.000000,0.000000,744.43
21.09,95358.84,53.27,509.00,9.85,-2.72,5.10,0.677,-0.827,-0.762,-3.25,-9.78,2.09,0.000000,0.000000,744.97
20.60,95282.80,53.27,515.65,-1.10,-8.73,2.33,1.443,-1.260,-0.603,-7.77,-0.24,2.09,0.000000,0.000000,745.51
21.21,95375.04,53.27,507.59,7.64,-2.26,2.28,-2.065,1.638,3.832,-2.24,-8.35,1.18,0.000000,0.000000,746.05
20.25,95232.67,53.23,520.04,5.91,-8.51,8.74,2.406,-2.673,-2.703,-8.27,-6.44,7.52,0.000000,0.000000,746.59
21.06,95319.08,53.24,512.48,1.98,-5.65,2.48,-0.798,0.731,2.476,-5.76,-2.62,0.28,0.000000,0.000000,747.13
20.68,95295.30,53.22,514.56,8.13,-2.37,5.19,-1.861,0.301,3.078,-2.75,-8.35,2.99,0.000000,0.000000,747.67
20.44,95260.83,53.21,517.58,6.97,-7.42,8.42,2.445,-2.180,-2.598,-6.26,-6.92,7.07,0.000000,0.000000,748.21
20.72,95301.33,53.21,514.03,0.96,-7.18,1.87,0.324,-0.274,0.497,-6.26,-1.19,-1.08,0.000000,0.000000,748.75
20.47,95263.45,53.21,517.35,4.72,-5.11,3.76,-1.806,0.990,3.132,-4.76,-5.96,2.09,0.000000,0.000000,749.29
20.12,95208.32,53.17,522.17,9.26,-4.07,8.78,1.117,-0.822,-0.987,-4.25,-9.78,6.61,0.000000,0.000000,749.84
20.53,95268.92,53.17,516.87,3.67,-5.89,8.00,3.709,-2.708,-1.967,-5.26,-4.53,5.71,0.000000,0.000000,750.38
20.31,95236.61,53.17,519.70,1.46,-5.16,2.80,-0.313,-0.691,1.825,-5.76,-0.72,1.18,0.000000,0.000000,750.92
20.54,95270.52,53.16,516.73,6.42,-0.55,5.27,-3.264,1.482,5.050,-0.74,-6.92,3.90,0.000000,0.000000,751.45
20.59,95278.20,53.16,516.06,8.47,1.55,9.60,1.475,-0.648,-1.088,1.78,-9.30,7.52,0.000000,0.000000,751.99
20.27,95234.16,53.14,519.91,4.32,-2.35,10.73,2.526,-1.301,-3.095,-2.24,-5.01,7.52,0.000000,0.000000,752.55
20.58,95276.35,53.13,516.22,6.80,1.22,7.13,-0.162,0.061,-1.056,2.28,-6.44,3.44,0.000000,0.000000,753.09
19.98,95184.95,53.12,524.22,5.37,2.25,7.47,0.399,-0.257,0.048,1.27,-6.44,4.80,0.000000,0.000000,753.63
20.12,95207.41,53.10,522.25,6.13,2.46,7.42,0.101,-0.383,0.089,2.78,-6.44,5.71,0.000000,0.000000,754.17
19.98,95180.48,53.09,524.61,8.73,1.13,5.09,0.721,-0.807,-0.010,1.78,-8.35,3.44,0.000000,0.000000,754.71
21.23,95368.24,53.14,508.18,9.96,1.77,2.11,0.390,-0.517,-0.108,2.28,-11.21,-1.54,0.000000,0.000000,755.25
21.16,95359.45,53.16,508.95,9.51,2.31,0.58,0.632,-0.234,-0.196,2.28,-8.82,-1.54,0.000000,0.000000,755.79
22.40,95549.69,53.21,492.33,7.74,4.00,-2.77,0.393,-0.680,-0.421,5.30,-5.48,-3.35,0.000000,0.000000,756.34
19.96,95182.00,53.13,524.48,7.05,6.07,-3.48,-0.224,-0.408,-0.316,6.80,-5.48,-5.16,0.000000,0.000000,756.88
19.42,95100.82,53.09,531.59,4.74,8.13,-3.19,0.444,-0.491,-0.221,8.81,-4.05,-6.06,0.000000,0.000000,757.42
20.08,95194.55,53.13,523.38,5.92,-0.67,-7.52,1.111,-0.257,0.286,-1.24,-4.53,-8.78,0.000000,0.000000,757.96
19.84,95158.36,53.12,526.55,5.83,-3.17,-7.18,0.714,-0.099,-0.165,-3.25,-4.05,-9.23,0.000000,0.000000,758.50
19.91,95169.02,53.13,525.62,5.80,-2.69,-7.40,-0.047,-0.333,-0.353,-2.24,-4.53,-8.33,0.000000,0.000000,759.04
19.93,95171.07,53.13,525.44,4.76,-1.28,-8.75,0.110,-0.366,-0.431,-1.24,-3.10,-10.59,0.000000,0.000000,759.58
19.99,95178.55,53.13,524.78,2.84,-2.48,-8.92,0.242,-0.226,-0.050,-2.24,0.24,-8.78,0.000000,0.000000,760.12
19.48,95103.17,53.10,531.39,1.04,-3.74,-7.79,0.441,-0.015,-0.370,-3.25,0.71,-10.14,0.000000,0.000000,760.66
19.30,95073.28,53.10,534.01,2.99,-4.22,-7.94,0.439,-0.495,-0.610,-3.75,-1.67,-8.78,0.000000,0.000000,761.20
18.94,95016.31,53.08,539.00,2.05,-5.03,-8.25,0.028,-0.264,0.049,-4.76,0.71,-8.78,0.000000,0.000000,761.74
19.37,95079.34,53.10,533.47,2.99,-3.75,-8.01,-1.672,-0.130,0.834,-3.25,-0.24,-7.87,0.000000,0.000000,762.29
21.61,95415.77,53.18,504.03,1.30,4.78,-7.54,-3.132,-0.034,0.735,5.30,-0.72,-8.33,0.000000,0.000000,762.82
21.39,95391.30,53.21,506.17,-0.24,10.15,-0.96,-0.321,0.022,-0.130,11.33,1.19,-1.08,0.000000,0.000000,763.36
21.53,95413.28,53.23,504.24,-0.23,10.09,-1.25,-0.069,-0.586,-0.052,10.82,2.15,-1.08,0.000000,0.000000,763.91
20.91,95323.05,53.23,512.13,-1.51,7.96,-1.48,0.019,-1.410,0.605,8.81,3.58,-1.99,0.000000,0.000000,764.44
19.97,95177.41,53.21,524.88,10.53,5.34,0.42,-0.060,-1.219,1.583,5.30,-10.25,-2.44,0.000000,0.000000,764.98
19.14,95052.78,53.17,535.80,10.33,0.05,-1.21,0.686,-0.130,0.299,1.27,-9.78,-3.80,0.000000,0.000000,765.52
20.27,95218.89,53.21,521.25,10.21,-1.43,0.60,0.336,0.159,-0.540,-1.24,-9.30,-2.44,0.000000,0.000000,766.06
20.22,95215.13,53.20,521.58,9.75,-0.29,1.52,0.226,0.256,-0.093,0.27,-10.25,-1.54,0.000000,0.000000,766.60
20.14,95201.99,53.19,522.73,8.98,-0.55,1.09,-0.006,0.033,-0.059,-0.74,-7.39,-1.08,0.000000,0.000000,767.14
18.99,95024.12,53.13,538.32,9.77,-0.87,1.12,-0.031,-0.021,0.099,0.27,-9.30,-1.08,0.000000,0.000000,767.68
18.94,95013.30,53.11,539.27,9.54,-0.85,1.54,-0.128,-0.055,-0.060,-0.74,-8.82,-1.08,0.000000,0.000000,768.22
18.84,94994.38,53.09,540.93,9.65,-0.44,1.36,-0.009,-0.082,-0.002,-0.74,-9.30,-1.54,0.000000,0.000000,768.77
18.74,94981.70,53.08,542.04,9.74,-0.64,1.12,-0.013,-0.063,-0.015,0.77,-8.82,-0.18,0.000000,0.000000,769.31
18.74,94974.44,53.08,542.67,9.73,-0.63,1.14,-0.005,-0.059,-0.022,-0.23,-9.30,-0.63,0.000000,0.000000,769.85
25.20,95940.13,53.32,458.29,9.90,-0.38,1.11,-0.015,-0.058,0.025,-0.23,-10.25,-2.44,0.000000,0.000000,770.39
26.93,96255.23,54.16,430.91,9.65,-0.70,1.26,-0.011,-0.057,-0.040,-0.23,-9.30,-2.44,0.000000,0.000000,782.85
18.58,94983.64,53.78,541.87,9.70,-0.67,1.22,-0.015,-0.063,-0.024,-0.74,-9.78,-1.99,0.000000,0.000000,783.39
18.35,94936.73,53.63,545.98,10.23,-0.66,1.19,0.077,-0.094,0.023,-0.23,-8.35,-1.08,0.000000,0.000000,783.92
19.31,95067.00,53.60,534.56,9.74,-0.60,1.18,-0.010,-0.061,-0.020,-0.74,-8.82,-1.99,0.000000,0.000000,784.47
18.90,95007.90,53.52,539.74,9.75,-0.52,1.19,-0.010,-0.061,-0.020,-0.74,-10.25,-0.18,0.000000,0.000000,785.01
18.95,95012.16,53.46,539.36,9.75,-0.58,1.14,-0.009,-0.062,-0.021,0.27,-9.30,-0.63,0.000000,0.000000,785.54
18.80,94989.23,53.42,541.38,9.74,-0.61,1.12,-0.010,-0.062,-0.020,0.27,-8.35,-0.18,0.000000,0.000000,786.09
19.02,95024.00,53.34,538.54,9.71,-0.61,1.16,-0.011,-0.062,-0.018,-0.23,-10.25,-1.99,0.000000,0.000000,786.64
18.86,94994.02,53.34,540.96,9.74,-0.53,1.13,-0.011,-0.062,-0.018,-0.23,-9.30,-0.63,0.000000,0.000000,787.17
19.02,95015.54,53.32,539.07,9.74,-0.56,1.17,-0.010,-0.061,-0.021,-0.23,-7.87,-0.18,0.000000,0.000000,787.71
18.80,94984.90,53.28,541.76,9.74,-0.60,1.12,-0.012,-0.060,-0.017,0.27,-8.82,-2.44,0.000000,0.000000,788.25
18.96,95010.55,53.27,539.51,9.74,-0.53,1.15,-0.010,-0.060,-0.019,-0.74,-10.73,-1.54,0.000000,0.000000,788.79
18.82,94985.72,53.25,541.68,9.74,-0.58,1.12,-0.011,-0.061,-0.020,0.27,-8.82,-1.08,0.000000,0.000000,789.33
19.03,95018.69,53.22,538.79,9.73,-0.55,1.12,-0.012,-0.060,-0.017,0.27,-9.30,-2.44,0.000000,0.000000,789.87
18.87,94993.33,53.23,541.02,9.74,-0.55,1.14,-0.011,-0.062,-0.021,-0.23,-10.25,-1.99,0.000000,0.000000,790.41
18.98,95007.44,53.22,539.78,9.75,-0.57,1.17,-0.013,-0.060,-0.018,-0.23,-9.78,-0.18,0.000000,0.000000,790.95
18.98,95005.38,53.21,539.96,9.70,-0.53,1.14,-0.011,-0.059,-0.019,0.27,-8.82,-0.63,0.000000,0.000000,791.49
18.93,94999.38,53.19,540.49,9.73,-0.62,1.09,-0.011,-0.061,-0.021,1.27,-9.30,-2.44,0.000000,0.000000,792.03
19.01,95009.08,53.18,539.64,9.72,-0.53,1.17,-0.012,-0.061,-0.017,-0.23,-9.78,-1.08,0.000000,0.000000,792.57
18.85,94985.37,53.17,541.72,9.74,-0.54,1.13,-0.012,-0.061,-0.018,0.77,-7.87,-0.18,0.000000,0.000000,793.11
19.05,95015.59,53.16,539.06,9.74,-0.58,1.15,-0.011,-0.061,-0.019,0.27,-9.30,-0.63,0.000000,0.000000,793.65
18.90,94993.27,53.16,541.02,9.72,-0.56,1.18,-0.011,-0.061,-0.019,-0.23,-9.30,-1.54,0.000000,0.000000,794.19
19.15,95027.28,53.15,538.04,9.74,-0.53,1.14,-0.013,-0.061,-0.018,0.27,-9.30,0.28,0.000000,0.000000,794.73
18.89,94990.89,53.14,541.23,9.75,-0.58,1.14,-0.009,-0.060,-0.019,0.27,-8.82,-0.18,0.000000,0.000000,795.27
19.13,95025.28,53.14,538.21,9.72,-0.54,1.18,-0.011,-0.061,-0.018,-0.74,-8.35,-1.99,0.000000,0.000000,795.81
18.86,94985.38,53.13,541.71,9.74,-0.57,1.16,-0.010,-0.061,-0.020,0.77,-9.30,-1.08,0.000000,0.000000,796.35
18.92,94990.58,53.11,541.26,9.74,-0.69,1.19,-0.009,-0.068,-0.027,0.27,-8.82,0.28,0.000000,0.000000,796.89
18.93,94989.56,53.11,541.35,9.69,-0.25,1.19,-0.020,-0.059,-0.009,0.27,-8.82,-1.08,0.000000,0.000000,797.43
18.92,94990.25,53.10,541.29,9.64,-0.13,1.40,-0.018,-0.077,0.049,0.27,-9.78,-1.54,0.000000,0.000000,797.97
18.95,94994.31,53.09,540.93,9.71,-0.52,1.30,-0.012,-0.049,-0.021,0.27,-9.78,-0.18,0.000000,0.000000,798.51
18.79,94969.56,53.08,543.10,9.55,-0.19,1.33,-0.005,-0.076,0.052,-0.23,-8.82,-0.18,0.000000,0.000000,799.05
19.06,95007.78,53.08,539.75,10.05,-0.70,1.33,0.002,0.000,-0.044,-0.74,-9.78,-0.63,0.000000,0.000000,799.59
18.80,94971.89,53.05,542.90,9.85,-0.93,0.88,-0.026,0.076,-0.132,-0.74,-9.30,-0.18,0.000000,0.000000,800.13
19.07,95010.59,53.09,539.50,9.70,-0.21,1.18,-0.022,0.033,-0.073,1.27,-9.30,-0.18,0.000000,0.000000,800.67
18.82,94976.80,53.06,542.47,9.74,-0.13,2.19,0.052,-0.030,-0.146,-0.74,-9.30,-1.99,0.000000,0.000000,801.21
18.98,94996.72,53.06,540.72,9.64,-0.58,1.75,0.041,-0.072,-0.101,-1.24,-9.78,-0.63,0.000000,0.000000,801.75
18.75,94960.41,53.05,543.91,9.45,0.71,2.08,-0.006,-0.233,0.155,1.27,-8.35,1.18,0.000000,0.000000,802.29
18.90,94980.83,53.05,542.11,10.67,-0.87,0.84,-0.043,-0.179,0.004,0.27,-10.25,-2.44,0.000000,0.000000,802.83
18.71,94955.64,53.03,544.32,9.81,0.28,1.20,-0.065,-0.164,0.156,0.77,-9.78,-1.08,0.000000,0.000000,803.37
18.91,94981.77,53.03,542.03,10.37,-0.58,1.25,-0.066,-0.268,0.177,-0.23,-8.82,-0.63,0.000000,0.000000,803.91
19.05,95001.32,53.03,540.32,9.06,0.28,2.10,-0.048,-0.303,0.259,1.27,-9.30,0.73,0.000000,0.000000,804.45
18.99,94993.24,53.02,541.02,8.56,0.74,1.77,0.009,-0.226,0.130,0.27,-8.82,-0.63,0.000000,0.000000,804.99
18.92,94980.80,53.02,542.12,9.82,-0.06,2.20,0.009,-0.071,-0.056,-0.74,-10.25,0.28,0.000000,0.000000,805.53
18.73,94951.19,53.01,544.71,9.96,-0.76,0.91,-0.010,0.015,-0.085,0.27,-9.30,-0.63,0.000000,0.000000,806.07
19.03,94996.92,53.00,540.70,9.74,-0.54,1.13,-0.014,-0.050,-0.012,-0.23,-8.82,-2.89,0.000000,0.000000,806.61
18.97,94987.65,53.01,541.52,9.74,-0.53,1.21,-0.012,-0.065,-0.018,0.77,-10.25,-1.08,0.000000,0.000000,807.15
19.95,95135.56,53.05,528.55,11.77,0.37,1.35,0.274,-0.905,-0.610,0.27,-12.16,-1.54,0.000000,0.000000,807.69
19.67,95098.37,53.05,531.81,8.80,0.31,0.33,1.061,0.168,-0.548,1.27,-6.92,-0.63,0.000000,0.000000,808.23
19.45,95062.74,53.04,534.93,9.75,-0.75,1.63,0.761,0.086,0.163,-0.74,-9.30,-1.08,0.000000,0.000000,808.77
23.83,95717.65,53.22,477.67,11.79,2.40,2.25,0.880,0.255,-0.250,3.79,-12.16,-1.08,0.000000,0.000000,809.31
23.97,95745.45,53.26,475.25,8.14,1.05,2.42,1.574,0.041,0.435,2.28,-7.39,0.73,0.000000,0.000000,809.85
24.02,95750.96,53.30,474.77,8.72,1.53,2.30,1.029,-0.203,-0.155,1.78,-7.39,-1.99,0.000000,0.000000,810.39
19.55,95085.39,53.13,532.94,9.15,1.88,0.88,-0.594,0.382,0.346,2.28,-9.30,-2.89,0.000000,0.000000,810.93
20.31,95192.98,53.15,523.52,8.93,2.67,2.64,0.388,-0.039,0.019,3.29,-8.35,0.73,0.000000,0.000000,811.47
21.01,95294.77,53.18,514.61,9.64,3.45,1.50,0.035,0.011,0.320,4.29,-8.35,-0.18,0.000000,0.000000,812.01
20.96,95288.97,53.17,515.12,9.18,2.69,2.37,-0.007,-0.127,-0.178,2.78,-8.82,1.18,0.000000,0.000000,812.55
21.04,95302.92,53.18,513.89,8.26,1.89,2.18,-0.218,-0.040,0.750,2.28,-7.87,-0.63,0.000000,0.000000,813.09
20.98,95289.44,53.17,515.07,9.22,0.51,3.07,-0.606,-0.261,0.350,0.27,-9.30,0.73,0.000000,0.000000,813.63
20.25,95179.43,53.14,524.70,8.60,0.17,2.59,-0.560,0.050,-0.315,0.77,-8.82,-1.54,0.000000,0.000000,814.17
20.19,95175.41,53.14,525.06,10.26,0.49,2.23,-0.425,0.780,-0.316,1.78,-10.73,-0.18,0.000000,0.000000,814.72
19.56,95075.75,53.11,533.79,9.30,-0.35,4.03,-0.454,-0.191,-0.274,-0.23,-9.30,3.44,0.000000,0.000000,815.26
19.19,95020.94,53.10,538.60,9.56,0.49,3.45,-0.260,-0.060,-0.172,1.78,-10.25,0.73,0.000000,0.000000,815.79
19.37,95047.08,53.09,536.30,9.46,-0.12,3.55,-0.114,-0.293,-0.057,0.77,-10.25,1.18,0.000000,0.000000,816.34
18.22,94876.53,53.04,551.27,9.39,-1.62,3.43,0.684,0.224,1.112,-0.74,-9.30,1.63,0.000000,0.000000,816.88
25.82,96012.94,53.33,451.96,7.84,-4.18,2.77,0.846,-0.531,0.458,-3.75,-6.92,2.09,0.000000,0.000000,817.41
26.02,96053.64,53.38,448.42,7.54,-4.73,3.67,1.187,0.180,0.531,-4.76,-8.82,1.18,0.000000,0.000000,817.95
23.39,95652.89,53.31,483.32,5.01,-2.47,7.83,-0.546,0.026,-0.014,-2.75,-5.48,5.71,0.000000,0.000000,818.50
25.56,95984.16,53.41,454.46,9.44,-2.79,1.79,-0.189,-0.680,-0.442,-1.74,-8.35,0.28,0.000000,0.000000,819.04
25.22,95934.72,53.42,458.77,9.69,-1.64,1.06,0.022,0.065,-0.044,-0.74,-8.82,-0.18,0.000000,0.000000,819.58
25.23,95937.06,53.44,458.56,9.37,-0.99,1.52,-0.128,-0.008,0.436,-0.23,-9.78,-1.54,0.000000,0.000000,820.12
25.22,95935.73,53.44,458.68,9.71,-1.55,1.57,0.112,-0.084,-0.240,-1.24,-8.82,0.73,0.000000,0.000000,820.66
25.22,95937.64,53.47,458.51,9.02,-1.60,1.81,1.217,-0.257,0.149,-1.24,-8.35,-0.18,0.000000,0.000000,821.20
25.14,95924.66,53.46,459.64,9.23,-1.19,1.99,0.816,-0.103,0.023,-1.74,-9.30,-0.18,0.000000,0.000000,821.74
25.22,95937.14,53.49,458.55,9.62,-0.80,1.26,0.585,-0.181,0.184,0.27,-8.82,-0.63,0.000000,0.000000,822.28
24.36,95806.85,53.42,469.90,9.71,-1.10,1.28,-0.731,-0.051,-0.295,-0.23,-9.30,-0.18,0.000000,0.000000,822.82
24.20,95781.16,53.44,472.14,9.84,-0.24,2.53,-0.578,0.062,-0.193,0.27,-10.73,-0.18,0.000000,0.000000,823.36
24.13,95770.66,53.45,473.05,10.11,0.06,1.46,0.060,-0.218,-0.222,0.77,-10.73,-1.08,0.000000,0.000000,823.90
22.32,95494.45,53.37,497.15,11.37,1.72,0.24,-0.129,0.938,0.573,1.78,-10.25,-3.80,0.000000,0.000000,824.44
25.38,95951.60,53.46,457.30,8.69,-1.65,5.29,0.097,0.728,-0.182,-1.74,-9.78,2.09,0.000000,0.000000,824.98
24.84,95870.25,53.46,464.38,5.65,-0.32,6.19,-0.165,-0.572,-0.183,0.27,-6.44,5.26,0.000000,0.000000,825.52
25.33,95948.45,53.49,457.57,9.78,0.30,3.10,0.262,-1.353,-0.724,1.27,-8.82,1.18,0.000000,0.000000,826.06
24.16,95776.38,53.46,472.55,9.98,2.09,0.86,0.131,-0.060,0.167,2.28,-9.30,-1.99,0.000000,0.000000,826.60
23.05,95605.88,53.42,487.42,9.81,1.37,1.57,-0.042,-0.143,0.170,1.78,-10.25,-0.63,0.000000,0.000000,827.14
22.21,95478.71,53.37,498.53,9.72,1.22,1.29,0.021,-0.043,0.126,1.78,-8.35,-0.18,0.000000,0.000000,827.68
21.71,95401.34,53.33,505.29,9.98,0.95,1.50,-0.037,-0.105,-0.044,1.27,-9.30,-2.44,0.000000,0.000000,828.22
21.12,95308.48,53.30,513.41,9.51,0.72,2.37,-0.012,0.009,-0.068,1.27,-9.30,-0.63,0.000000,0.000000,828.76
21.44,95356.58,53.29,509.20,9.80,0.36,1.18,0.305,0.163,0.138,1.27,-9.78,-0.63,0.000000,0.000000,829.30
21.81,95410.77,53.27,504.46,9.00,0.28,2.20,-0.120,-0.228,0.183,0.77,-8.35,0.28,0.000000,0.000000,829.84
21.66,95387.47,53.27,506.50,10.20,-0.14,1.83,0.051,0.073,0.105,0.77,-9.78,-3.35,0.000000,0.000000,830.38
21.78,95407.18,53.28,504.78,9.69,0.61,2.35,-0.010,-0.115,0.040,0.77,-9.30,-0.18,0.000000,0.000000,830.92
21.79,95406.27,53.25,504.86,9.55,0.51,2.19,-0.007,-0.136,0.042,1.78,-8.82,-0.18,0.000000,0.000000,831.46
21.60,95379.91,53.25,507.16,9.70,0.04,2.41,0.025,0.088,0.079,0.77,-9.30,-3.35,0.000000,0.000000,832.00
21.40,95349.98,53.23,509.78,9.57,-0.15,2.69,-0.090,-0.056,-0.003,0.27,-10.73,1.18,0.000000,0.000000,832.54
21.07,95297.59,53.21,514.36,9.48,0.02,2.60,0.031,-0.062,-0.061,0.27,-8.82,-0.63,0.000000,0.000000,833.08
21.38,95340.02,53.20,510.65,9.56,-0.03,2.63,-0.008,-0.052,-0.001,0.77,-8.82,1.63,0.000000,0.000000,833.62
21.23,95320.00,53.20,512.40,9.57,0.10,2.55,-0.039,-0.123,-0.032,0.77,-8.82,-0.63,0.000000,0.000000,834.16
21.38,95344.16,53.21,510.29,9.44,0.02,2.65,-0.011,-0.071,-0.035,-0.23,-8.82,1.18,0.000000,0.000000,834.70
21.28,95326.00,53.18,511.88,9.38,0.07,2.58,-0.015,-0.074,-0.004,-0.23,-9.30,0.28,0.000000,0.000000,835.24
21.53,95363.97,53.20,508.55,9.50,-0.12,2.42,-0.392,-0.069,-0.141,0.77,-8.82,0.73,0.000000,0.000000,835.78
20.97,95281.66,53.18,515.76,9.61,-0.27,2.02,-0.371,0.000,-0.031,0.27,-9.78,-1.54,0.000000,0.000000,836.32
20.98,95280.03,53.18,515.90,9.55,-0.09,2.93,-0.001,-0.035,-0.095,-0.23,-8.82,-0.18,0.000000,0.000000,836.87
20.75,95244.69,53.17,518.99,9.58,0.13,2.58,-0.027,-0.010,-0.034,1.27,-8.82,0.73,0.000000,0.000000,837.40
21.09,95294.11,53.16,514.67,9.52,0.20,2.97,0.071,-0.055,-0.024,1.27,-9.78,1.18,0.000000,0.000000,837.94
21.14,95302.08,53.18,513.97,9.35,0.75,3.10,-0.007,-0.003,0.133,1.27,-9.78,0.28,0.000000,0.000000,838.48
20.92,95267.60,53.16,516.99,9.40,0.48,3.02,0.264,-0.181,0.104,0.77,-9.30,0.73,0.000000,0.000000,839.02
20.94,95269.92,53.17,516.78,9.08,0.80,3.02,0.272,0.078,0.145,1.27,-8.35,0.73,0.000000,0.000000,839.56
20.87,95261.52,53.16,517.52,9.28,0.77,2.86,-0.331,-0.223,-0.092,0.77,-10.25,0.28,0.000000,0.000000,840.10
21.08,95291.38,53.15,514.90,9.08,0.50,3.34,-0.496,-0.182,-0.212,0.27,-9.30,0.28,0.000000,0.000000,840.64
20.95,95271.02,53.15,516.69,9.31,0.13,4.28,0.234,-0.070,0.131,1.27,-9.30,3.44,0.000000,0.000000,841.18
21.04,95284.69,53.17,515.49,8.85,1.36,2.84,0.647,-0.152,0.163,1.27,-8.35,-0.18,0.000000,0.000000,841.72
22.17,95451.78,53.18,500.88,9.52,1.41,2.41,-0.196,0.124,-0.277,1.78,-9.78,-1.08,0.000000,0.000000,842.26
23.16,95601.09,53.24,487.84,8.98,1.15,2.99,0.626,-0.068,0.164,1.27,-8.82,1.18,0.000000,0.000000,842.80
23.51,95656.97,53.27,482.96,9.04,1.05,3.25,0.920,0.107,0.200,1.78,-8.35,1.18,0.000000,0.000000,843.34
23.87,95716.32,53.32,478.01,9.33,1.25,2.95,0.122,0.044,0.046,1.78,-9.30,-1.54,0.000000,0.000000,843.88
23.90,95716.61,53.31,477.76,9.24,1.33,2.77,-0.194,-0.245,-0.105,1.78,-9.30,0.28,0.000000,0.000000,844.42
23.98,95730.09,53.32,476.59,9.42,1.10,2.59,-0.978,-0.190,-0.192,1.27,-8.82,0.73,0.000000,0.000000,844.96
23.89,95714.39,53.34,477.96,9.37,0.74,2.80,-0.591,-0.231,-0.125,1.27,-8.82,0.28,0.000000,0.000000,845.50
23.85,95711.15,53.34,478.24,9.75,1.13,2.36,-0.089,0.001,-0.039,1.27,-9.30,-1.08,0.000000,0.000000,846.05
23.92,95720.13,53.34,477.46,9.42,0.90,2.16,0.182,-0.080,-0.051,1.27,-8.82,-0.18,0.000000,0.000000,846.59
23.83,95705.56,53.34,478.73,9.55,1.21,2.23,0.220,-0.020,0.046,1.78,-8.35,0.28,0.000000,0.000000,847.12
24.04,95737.53,53.36,475.94,9.51,1.35,1.86,-0.285,-0.099,-0.123,1.78,-10.73,-1.54,0.000000,0.000000,847.67
23.98,95727.98,53.35,476.77,9.48,0.93,2.51,-0.216,-0.073,-0.023,1.27,-10.25,1.18,0.000000,0.000000,848.21
24.17,95756.06,53.36,474.32,9.42,1.43,1.65,-0.331,-0.071,0.017,2.28,-8.82,-0.63,0.000000,0.000000,848.75
23.24,95617.20,53.33,486.43,9.53,-0.32,2.77,-0.573,-0.065,0.086,0.77,-8.82,-0.63,0.000000,0.000000,849.29
23.32,95629.34,53.33,485.38,8.98,-0.23,2.66,-0.176,0.051,-0.135,0.27,-8.35,0.73,0.000000,0.000000,849.83
23.45,95649.28,53.34,483.64,9.96,-0.60,3.24,-0.210,-0.394,-0.170,0.27,-9.78,0.73,0.000000,0.000000,850.37
24.60,95822.05,53.38,468.58,11.25,1.13,0.47,0.376,-0.098,0.035,2.28,-10.73,-1.08,0.000000,0.000000,850.91
24.10,95754.27,53.38,474.48,10.11,0.44,0.25,0.271,-0.199,0.048,0.27,-9.78,-4.25,0.000000,0.000000,851.45
27.07,96205.23,53.51,435.25,9.57,0.45,0.47,0.121,0.225,0.159,0.77,-9.78,-3.35,0.000000,0.000000,851.98
26.70,96152.86,53.51,439.80,8.73,0.90,3.92,0.033,0.111,-0.053,1.27,-8.82,1.63,0.000000,0.000000,852.53
22.33,95490.05,53.35,497.54,9.32,0.73,3.20,0.013,0.014,0.060,-0.23,-9.78,-0.18,0.000000,0.000000,853.07
20.23,95168.01,53.25,525.71,9.38,0.10,2.82,-0.020,-0.063,-0.021,0.77,-8.82,2.09,0.000000,0.000000,853.61
20.12,95143.33,53.21,527.87,9.41,0.25,2.71,-0.009,-0.061,-0.017,1.27,-8.82,0.28,0.000000,0.000000,854.15
20.38,95177.19,53.16,524.90,9.44,0.28,2.67,-0.011,-0.060,-0.019,1.78,-8.35,1.63,0.000000,0.000000,854.69
20.22,95148.80,53.15,527.39,9.46,0.27,2.67,-0.011,-0.061,-0.019,0.27,-8.82,-1.08,0.000000,0.000000,855.23
19.89,95101.02,53.11,531.58,9.46,0.28,2.65,-0.011,-0.061,-0.019,0.27,-9.30,0.73,0.000000,0.000000,855.77
19.77,95083.34,53.08,533.12,9.44,0.27,2.67,-0.011,-0.062,-0.018,0.77,-8.82,1.18,0.000000,0.000000,856.31
20.00,95118.92,53.08,530.01,9.47,0.26,2.66,-0.012,-0.059,-0.019,0.77,-9.30,2.09,0.000000,0.000000,856.85
20.00,95113.95,53.08,530.44,9.43,0.28,2.66,-0.011,-0.062,-0.019,1.27,-9.30,0.73,0.000000,0.000000,857.39
19.92,95103.94,53.07,531.32,9.44,0.26,2.64,-0.012,-0.061,-0.019,1.27,-9.78,0.73,0.000000,0.000000,857.93
19.79,95078.36,53.07,533.56,9.43,0.27,2.69,-0.011,-0.060,-0.019,0.77,-8.82,1.63,0.000000,0.000000,858.47
19.63,95053.86,53.03,535.71,9.45,0.28,2.65,-0.011,-0.061,-0.018,1.27,-9.30,-0.18,0.000000,0.000000,859.01
19.71,95070.19,53.02,534.28,9.46,0.28,2.68,-0.011,-0.062,-0.018,0.27,-9.30,1.18,0.000000,0.000000,859.55
19.52,95035.52,53.00,537.32,9.44,0.26,2.67,-0.011,-0.062,-0.019,1.27,-8.82,1.18,0.000000,0.000000,860.09
19.71,95062.31,53.00,534.97,9.42,0.27,2.68,-0.012,-0.060,-0.018,1.27,-10.25,-0.18,0.000000,0.000000,860.63
19.56,95043.11,52.98,536.65,9.44,0.28,2.67,-0.011,-0.059,-0.019,1.27,-9.30,0.28,0.000000,0.000000,861.17
19.71,95061.50,52.99,535.04,9.44,0.27,2.66,-0.012,-0.061,-0.018,1.78,-8.35,1.18,0.000000,0.000000,861.71
19.38,95015.59,52.96,539.06,9.45,0.26,2.66,-0.011,-0.060,-0.019,1.27,-9.78,0.73,0.000000,0.000000,862.25
19.50,95034.28,52.96,537.43,9.45,0.28,2.65,-0.012,-0.060,-0.019,-0.23,-9.30,0.73,0.000000,0.000000,862.79
19.19,94986.05,52.95,541.66,9.44,0.27,2.67,-0.012,-0.062,-0.018,1.27,-7.87,1.63,0.000000,0.000000,863.33
19.41,95018.80,52.94,538.78,9.45,0.26,2.65,-0.012,-0.061,-0.018,1.27,-9.30,0.73,0.000000,0.000000,863.87
19.48,95024.20,52.94,538.31,9.44,0.28,2.66,-0.011,-0.062,-0.019,0.27,-10.25,0.28,0.000000,0.000000,864.41
19.41,95017.84,52.93,538.87,9.45,0.26,2.65,-0.012,-0.060,-0.019,0.77,-8.35,0.73,0.000000,0.000000,864.96
19.48,95029.33,52.92,537.86,9.44,0.25,2.65,-0.012,-0.061,-0.019,0.27,-8.82,0.28,0.000000,0.000000,865.49
18.75,94917.73,52.88,547.65,9.44,0.26,2.66,-0.011,-0.061,-0.019,0.77,-10.25,0.28,0.000000,0.000000,866.04
19.08,94967.09,52.88,543.32,9.43,0.27,2.66,-0.011,-0.062,-0.019,0.27,-9.30,-1.99,0.000000,0.000000,866.60
19.05,94962.55,52.89,543.72,9.44,0.26,2.65,-0.011,-0.061,-0.019,0.77,-9.30,-1.08,0.000000,0.000000,867.14
19.41,95017.02,52.91,538.94,9.44,0.26,2.67,-0.011,-0.061,-0.019,0.77,-10.73,0.28,0.000000,0.000000,867.68
18.92,94943.58,52.84,545.38,9.44,0.26,2.68,-0.012,-0.061,-0.019,1.27,-9.30,1.18,0.000000,0.000000,868.22
19.42,95015.93,52.89,539.03,9.45,0.26,2.68,-0.010,-0.060,-0.019,0.77,-9.30,1.63,0.000000,0.000000,868.77
19.31,95001.43,52.87,540.31,9.45,0.26,2.65,-0.011,-0.060,-0.019,1.27,-8.82,1.18,0.000000,0.000000,869.31
19.41,95013.50,52.88,539.25,9.45,0.28,2.69,-0.011,-0.061,-0.019,0.77,-9.30,-0.63,0.000000,0.000000,869.85
19.25,94989.93,52.87,541.32,9.44,0.25,2.64,-0.010,-0.062,-0.019,0.77,-10.25,0.73,0.000000,0.000000,870.39
19.49,95028.45,52.87,537.94,9.44,0.28,2.68,-0.012,-0.060,-0.019,1.78,-9.30,1.63,0.000000,0.000000,870.93
19.42,95013.75,52.86,539.23,9.44,0.27,2.69,-0.011,-0.061,-0.019,1.27,-9.30,2.09,0.000000,0.000000,871.47
19.38,95011.13,52.86,539.46,9.46,0.28,2.67,-0.011,-0.062,-0.018,0.77,-10.25,-0.18,0.000000,0.000000,872.01
19.49,95024.00,52.87,538.33,9.42,0.27,2.67,-0.011,-0.061,-0.019,0.77,-9.78,1.63,0.000000,0.000000,872.55
19.35,95003.27,52.85,540.15,9.42,0.27,2.68,-0.011,-0.061,-0.018,1.27,-8.82,1.18,0.000000,0.000000,873.09
19.62,95046.09,52.86,536.39,9.44,0.27,2.68,-0.011,-0.061,-0.018,0.77,-10.73,-0.18,0.000000,0.000000,873.63
19.47,95017.91,52.85,538.86,9.45,0.29,2.67,-0.011,-0.062,-0.018,1.27,-9.78,0.28,0.000000,0.000000,874.17
19.51,95027.67,52.84,538.00,9.44,0.28,2.69,-0.011,-0.061,-0.019,1.27,-8.82,0.73,0.000000,0.000000,874.71
19.31,94996.57,52.84,540.73,9.44,0.26,2.66,-0.011,-0.062,-0.018,0.77,-9.30,-0.63,0.000000,0.000000,875.25
19.54,95030.05,52.84,537.80,9.45,0.27,2.66,-0.013,-0.061,-0.018,0.27,-9.78,-0.18,0.000000,0.000000,875.79
19.34,94999.83,52.83,540.45,9.43,0.27,2.68,-0.011,-0.062,-0.019,0.77,-9.30,0.28,0.000000,0.000000,876.33
19.57,95034.33,52.83,537.42,9.46,0.26,2.70,-0.011,-0.061,-0.018,1.27,-8.82,1.63,0.000000,0.000000,876.87
19.63,95041.75,52.83,536.77,9.43,0.27,2.66,-0.011,-0.062,-0.018,0.27,-8.35,-1.08,0.000000,0.000000,877.41
19.63,95041.08,52.83,536.83,9.45,0.27,2.65,-0.012,-0.061,-0.019,0.27,-10.25,-0.18,0.000000,0.000000,877.95
19.68,95050.30,52.82,536.02,9.47,0.26,2.70,-0.011,-0.060,-0.019,1.78,-9.78,0.73,0.000000,0.000000,878.49
19.49,95021.30,52.82,538.56,9.46,0.26,2.66,-0.012,-0.060,-0.020,0.77,-8.82,-0.63,0.000000,0.000000,879.03
19.49,95019.95,52.82,538.68,9.46,0.27,2.67,-0.011,-0.060,-0.020,0.77,-10.73,-0.18,0.000000,0.000000,879.57
19.07,94955.11,52.80,544.37,9.47,0.28,2.68,-0.011,-0.061,-0.018,1.27,-8.82,1.18,0.000000,0.000000,880.11
19.20,94971.77,52.79,542.91,9.45,0.26,2.70,-0.011,-0.060,-0.018,0.77,-8.82,1.63,0.000000,0.000000,880.65
19.29,94984.43,52.80,541.80,9.29,0.25,2.71,-0.010,-0.062,-0.019,0.77,-8.35,-1.08,0.000000,0.000000,881.19
19.15,94962.25,52.78,543.74,9.57,-0.03,2.62,-0.007,-0.058,-0.026,1.27,-9.78,0.73,0.000000,0.000000,881.73
19.21,94971.69,52.76,542.92,9.46,0.22,2.67,-0.010,-0.058,-0.019,1.27,-8.82,-0.18,0.000000,0.000000,882.27
18.83,94943.31,52.76,545.41,9.38,0.38,2.77,-0.031,-0.065,-0.019,1.78,-9.30,1.63,0.000000,0.000000,882.81
19.24,94973.00,52.75,542.80,9.46,0.33,2.68,-0.016,-0.060,-0.017,1.27,-8.82,0.73,0.000000,0.000000,883.35
19.26,94975.48,52.77,542.58,9.30,-0.07,2.78,-0.011,-0.050,-0.023,0.77,-10.25,1.18,0.000000,0.000000,883.89
19.42,94997.45,52.75,540.66,9.41,0.32,2.70,-0.004,-0.062,-0.018,1.27,-8.82,1.63,0.000000,0.000000,884.43
19.54,95017.98,52.77,538.86,9.48,0.46,3.03,-0.004,-0.076,-0.035,0.27,-8.82,0.73,0.000000,0.000000,884.97
19.35,94987.52,52.75,541.53,9.42,0.41,2.60,-0.010,-0.063,-0.014,0.27,-10.25,-0.63,0.000000,0.000000,885.51
19.10,94954.62,52.75,544.41,9.40,0.29,2.68,-0.020,-0.068,-0.010,0.77,-9.30,0.73,0.000000,0.000000,886.05
19.51,95013.14,52.75,539.28,9.46,0.27,2.68,-0.011,-0.059,-0.019,1.27,-8.35,1.63,0.000000,0.000000,886.59
19.05,94947.23,52.73,545.06,9.48,0.14,3.01,-0.010,-0.049,-0.030,0.77,-9.30,0.28,0.000000,0.000000,887.13
19.79,95054.70,52.74,535.64,9.46,0.28,2.59,-0.011,-0.062,-0.019,0.27,-9.30,0.28,0.000000,0.000000,887.67
19.43,95000.33,52.74,540.40,9.44,0.29,2.72,-0.011,-0.062,-0.020,0.77,-9.30,1.18,0.000000,0.000000,888.21
19.78,95053.22,52.76,535.76,9.42,0.31,2.67,-0.012,-0.060,-0.019,1.27,-8.35,0.28,0.000000,0.000000,888.75
19.63,95031.07,52.76,537.71,9.46,0.29,2.67,-0.012,-0.061,-0.019,0.77,-10.73,0.73,0.000000,0.000000,889.29
19.82,95059.34,52.76,535.23,9.44,0.28,2.67,-0.011,-0.059,-0.019,0.77,-9.78,0.28,0.000000,0.000000,889.83
19.76,95050.72,52.75,535.98,9.46,0.30,2.68,-0.011,-0.061,-0.019,1.27,-8.82,1.18,0.000000,0.000000,890.37
19.51,95012.69,52.75,539.32,9.45,0.29,2.68,-0.011,-0.060,-0.020,0.77,-8.35,-0.18,0.000000,0.000000,890.91
19.49,95008.34,52.75,539.70,9.44,0.30,2.66,-0.011,-0.061,-0.019,0.77,-10.73,0.28,0.000000,0.000000,891.45
19.63,95026.61,52.74,538.10,9.45,0.31,2.66,-0.012,-0.060,-0.019,1.27,-9.30,1.63,0.000000,0.000000,891.99
19.83,95056.86,52.75,535.45,9.47,0.18,2.66,-0.008,-0.064,-0.027,0.77,-8.82,1.63,0.000000,0.000000,892.53
19.56,95006.77,52.73,538.96,9.47,0.25,2.63,-0.011,-0.063,-0.019,1.27,-8.82,1.18,0.000000,0.000000,893.07
19.58,95018.91,52.73,538.77,9.46,0.28,2.67,-0.009,-0.061,-0.020,0.77,-9.78,-0.18,0.000000,0.000000,893.62
18.98,94930.13,52.70,546.56,9.54,0.32,2.65,-0.013,-0.061,-0.021,1.27,-8.82,0.73,0.000000,0.000000,894.15
19.68,95031.20,52.72,537.70,9.44,0.28,2.64,-0.014,-0.062,-0.019,0.77,-8.82,-0.63,0.000000,0.000000,894.70
19.29,94974.72,52.70,542.65,9.43,0.25,2.70,-0.008,-0.061,-0.019,0.77,-10.25,-0.63,0.000000,0.000000,895.24
19.12,94947.81,52.70,545.01,9.65,0.29,2.65,-0.006,-0.057,-0.022,1.27,-9.30,0.28,0.000000,0.000000,895.77
18.96,94921.02,52.68,547.36,9.39,0.30,2.67,-0.015,-0.064,-0.021,1.27,-9.78,1.63,0.000000,0.000000,896.31
19.27,94967.21,52.68,543.31,9.46,0.30,2.68,-0.010,-0.059,-0.019,0.27,-9.30,1.18,0.000000,0.000000,896.86
18.72,94885.55,52.65,550.48,9.51,0.27,2.80,-0.011,-0.058,-0.021,-0.23,-8.82,0.28,0.000000,0.000000,897.40
19.00,94926.70,52.65,546.86,9.54,0.30,2.74,-0.010,-0.064,-0.021,0.77,-8.82,0.73,0.000000,0.000000,897.94
19.52,95004.02,52.68,540.08,9.51,0.31,2.64,-0.011,-0.060,-0.018,1.78,-8.82,1.63,0.000000,0.000000,898.47
19.14,94934.50,52.66,546.18,9.44,0.28,2.64,-0.011,-0.062,-0.019,1.27,-9.30,2.09,0.000000,0.000000,899.01
19.31,94972.95,52.64,542.81,9.41,0.28,2.67,-0.013,-0.062,-0.018,0.77,-9.78,2.09,0.000000,0.000000,899.55
19.12,94943.87,52.63,545.36,9.42,0.30,2.66,-0.011,-0.058,-0.019,0.77,-8.82,1.63,0.000000,0.000000,900.10
19.39,94983.72,52.64,541.86,9.24,0.25,2.63,-0.013,-0.060,-0.017,1.27,-9.30,1.63,0.000000,0.000000,900.64
19.02,94926.91,52.63,546.85,9.52,0.32,2.63,-0.011,-0.061,-0.019,0.77,-11.21,0.73,0.000000,0.000000,901.18
19.67,95025.11,52.64,538.23,9.40,0.32,2.77,-0.010,-0.066,-0.020,0.27,-8.82,-0.18,0.000000,0.000000,901.72
19.33,94973.34,52.63,542.77,9.33,0.28,2.72,-0.013,-0.061,-0.018,0.77,-9.30,0.73,0.000000,0.000000,902.26
19.55,95003.64,52.63,540.11,9.44,0.28,2.67,-0.012,-0.060,-0.020,1.78,-8.82,-1.08,0.000000,0.000000,902.80
19.33,94972.53,52.61,542.84,9.46,0.27,2.65,-0.012,-0.062,-0.021,0.77,-10.25,0.28,0.000000,0.000000,903.34
19.59,95013.45,52.63,539.25,9.42,0.30,2.69,-0.011,-0.061,-0.018,0.77,-9.78,0.73,0.000000,0.000000,903.88
19.48,94997.15,52.61,540.68,9.47,0.32,2.68,-0.013,-0.060,-0.018,1.27,-9.30,1.63,0.000000,0.000000,904.42
19.45,94992.70,52.61,541.07,9.45,0.31,2.64,-0.011,-0.062,-0.019,0.77,-8.82,-0.63,0.000000,0.000000,904.96
19.50,94998.03,52.60,540.60,9.45,0.29,2.67,-0.011,-0.061,-0.018,0.77,-10.25,-0.18,0.000000,0.000000,905.50
19.64,95020.66,52.61,538.62,9.44,0.28,2.66,-0.012,-0.060,-0.018,0.77,-9.30,0.28,0.000000,0.000000,906.04
19.58,95009.94,52.59,539.56,9.44,0.29,2.65,-0.010,-0.061,-0.018,1.27,-8.35,1.18,0.000000,0.000000,906.58
19.32,94973.48,52.58,542.76,9.44,0.31,2.67,-0.011,-0.061,-0.018,0.77,-8.35,-0.63,0.000000,0.000000,907.12
19.53,95002.64,52.58,540.20,9.43,0.30,2.67,-0.012,-0.060,-0.019,0.27,-9.78,1.18,0.000000,0.000000,907.66
19.49,94992.58,52.58,541.08,9.44,0.31,2.67,-0.012,-0.061,-0.019,1.27,-9.78,1.18,0.000000,0.000000,908.20
19.68,95022.99,52.57,538.42,9.46,0.28,2.66,-0.011,-0.062,-0.019,2.28,-8.82,1.18,0.000000,0.000000,908.74
19.45,94987.35,52.56,541.54,9.45,0.30,2.65,-0.011,-0.061,-0.018,0.77,-9.78,-0.63,0.000000,0.000000,909.28
19.57,95004.50,52.56,540.04,9.45,0.28,2.65,-0.011,-0.062,-0.019,0.77,-9.30,0.28,0.000000,0.000000,909.82
19.41,94981.50,52.55,542.05,9.45,0.29,2.67,-0.012,-0.062,-0.019,1.27,-8.35,0.73,0.000000,0.000000,910.36
19.64,95014.52,52.55,539.16,9.43,0.29,2.71,-0.012,-0.062,-0.018,0.77,-8.82,-0.63,0.000000,0.000000,910.90
19.39,94975.84,52.53,542.55,9.41,0.29,2.67,-0.012,-0.061,-0.019,0.77,-9.78,-0.18,0.000000,0.000000,911.44
19.57,95003.98,52.53,540.08,9.53,0.31,2.71,-0.012,-0.060,-0.020,0.77,-9.78,0.73,0.000000,0.000000,911.98
19.43,94983.34,52.53,541.89,9.46,0.30,2.66,-0.012,-0.061,-0.021,1.27,-8.35,1.63,0.000000,0.000000,912.52
19.36,94971.41,52.51,542.94,9.45,0.29,2.68,-0.011,-0.063,-0.019,0.77,-9.30,-0.18,0.000000,0.000000,913.06
19.53,94995.61,52.53,540.82,9.44,0.27,2.69,-0.012,-0.060,-0.019,0.77,-9.30,0.28,0.000000,0.000000,913.60
19.37,94968.77,52.50,543.17,9.45,0.30,2.70,-0.012,-0.061,-0.017,0.77,-9.30,1.18,0.000000,0.000000,914.14
19.47,94984.40,52.51,541.80,9.45,0.29,2.64,-0.012,-0.061,-0.019,1.27,-8.82,1.63,0.000000,0.000000,914.68
19.24,94949.83,52.53,544.83,9.45,0.32,2.71,-0.012,-0.060,-0.019,-0.23,-8.82,0.73,0.000000,0.000000,915.22
19.38,94973.59,52.49,542.75,9.43,0.30,2.66,-0.012,-0.060,-0.018,1.27,-9.78,2.09,0.000000,0.000000,915.76
19.25,94950.61,52.47,544.76,9.43,0.29,2.67,-0.011,-0.061,-0.019,1.78,-9.30,1.18,0.000000,0.000000,916.30
19.46,94982.28,52.49,541.99,9.43,0.29,2.68,-0.011,-0.061,-0.019,0.77,-8.82,-0.63,0.000000,0.000000,916.84
19.21,94945.09,52.47,545.25,9.45,0.29,2.68,-0.011,-0.061,-0.020,0.77,-9.78,1.63,0.000000,0.000000,917.38
19.37,94969.00,52.46,543.15,9.43,0.27,2.67,-0.011,-0.060,-0.020,0.27,-9.78,1.18,0.000000,0.000000,917.92
19.56,94991.11,52.46,541.21,9.45,0.29,2.70,-0.012,-0.060,-0.019,1.78,-9.30,0.73,0.000000,0.000000,918.46
19.55,94997.23,52.46,540.67,9.45,0.29,2.68,-0.011,-0.060,-0.018,1.27,-8.35,-1.54,0.000000,0.000000,919.00
19.62,95004.36,52.46,540.05,9.45,0.29,2.68,-0.012,-0.060,-0.020,1.78,-10.25,0.73,0.000000,0.000000,919.54
19.33,94960.28,52.44,543.92,9.45,0.31,2.69,-0.011,-0.061,-0.019,1.27,-8.82,1.18,0.000000,0.000000,920.08
19.51,94985.56,52.45,541.70,9.45,0.28,2.66,-0.011,-0.061,-0.019,1.27,-8.35,0.73,0.000000,0.000000,920.62
19.37,94965.41,52.44,543.47,9.43,0.31,2.65,-0.011,-0.060,-0.019,0.77,-8.82,0.73,0.000000,0.000000,921.16
19.63,95004.08,52.44,540.07,9.46,0.30,2.66,-0.013,-0.061,-0.019,0.77,-10.25,-0.63,0.000000,0.000000,921.70
19.45,94974.11,52.43,542.70,9.43,0.29,2.67,-0.012,-0.061,-0.019,0.77,-9.30,0.28,0.000000,0.000000,922.24
19.69,95012.25,52.44,539.36,9.43,0.29,2.66,-0.012,-0.062,-0.019,1.27,-9.30,1.63,0.000000,0.000000,922.78
19.43,94971.52,52.40,542.93,9.44,0.28,2.68,-0.012,-0.061,-0.019,0.27,-8.82,1.18,0.000000,0.000000,923.32
19.98,95054.34,52.43,535.67,9.38,0.33,2.71,-0.016,-0.057,-0.017,0.27,-9.78,0.28,0.000000,0.000000,923.86
19.58,94994.47,52.41,540.92,9.44,0.29,2.66,-0.010,-0.062,-0.020,1.27,-9.30,1.63,0.000000,0.000000,924.40
19.76,95023.34,52.41,538.39,9.44,0.31,2.66,-0.012,-0.061,-0.020,1.27,-9.30,1.63,0.000000,0.000000,924.94
19.55,94989.91,52.40,541.32,9.44,0.31,2.64,-0.013,-0.061,-0.019,1.27,-8.82,-1.99,0.000000,0.000000,925.48
19.34,94959.03,52.39,544.03,9.44,0.30,2.63,-0.012,-0.061,-0.020,0.77,-9.30,-0.18,0.000000,0.000000,926.02
19.54,94988.25,52.40,541.46,9.44,0.30,2.66,-0.012,-0.062,-0.020,1.78,-9.78,2.09,0.000000,0.000000,926.56
19.16,94950.98,52.38,544.73,9.45,0.29,2.69,-0.012,-0.061,-0.021,0.77,-8.35,-0.63,0.000000,0.000000,927.10
19.29,94950.47,52.37,544.78,9.23,0.41,2.70,-0.031,-0.076,-0.021,0.77,-9.30,-0.18,0.000000,0.000000,927.64
19.59,94994.58,52.36,540.91,9.42,0.31,2.67,-0.010,-0.060,-0.019,0.77,-9.78,0.28,0.000000,0.000000,928.18
19.78,95021.15,52.37,538.58,9.45,0.30,2.67,-0.011,-0.062,-0.018,2.28,-8.82,1.18,0.000000,0.000000,928.72
19.60,94995.24,52.36,540.85,9.45,0.28,2.64,-0.009,-0.060,-0.018,0.27,-9.30,0.73,0.000000,0.000000,929.26
19.45,94974.78,52.35,542.64,9.44,0.33,2.65,-0.010,-0.063,-0.021,1.27,-9.30,0.73,0.000000,0.000000,929.80
19.38,94956.68,52.34,544.23,9.51,0.32,2.68,-0.013,-0.060,-0.023,0.77,-9.78,1.18,0.000000,0.000000,930.34
19.67,95002.84,52.33,540.18,8.85,0.20,2.69,-0.010,-0.061,-0.016,1.78,-8.82,2.09,0.000000,0.000000,930.88
19.34,94954.68,52.34,544.41,9.40,0.27,2.63,-0.011,-0.061,-0.022,0.77,-9.30,0.28,0.000000,0.000000,931.43
19.78,95019.02,52.34,538.76,9.43,0.30,2.70,-0.013,-0.060,-0.019,1.27,-10.25,0.73,0.000000,0.000000,931.97
19.74,95010.81,52.32,539.48,9.41,0.32,2.69,-0.013,-0.063,-0.017,1.27,-9.30,0.73,0.000000,0.000000,932.50
19.68,95005.38,52.31,539.96,9.47,0.30,2.68,-0.011,-0.059,-0.017,1.78,-9.30,0.73,0.000000,0.000000,933.04
19.60,94991.67,52.32,541.16,9.47,0.31,2.67,-0.013,-0.059,-0.019,1.27,-9.30,-1.54,0.000000,0.000000,933.59
19.53,94981.77,52.31,542.03,9.44,0.31,2.65,-0.012,-0.061,-0.019,0.77,-10.25,1.18,0.000000,0.000000,934.13
19.68,94999.52,52.29,540.47,9.45,0.32,2.69,-0.013,-0.061,-0.019,0.27,-8.82,1.18,0.000000,0.000000,934.67
19.41,94963.12,52.29,543.67,9.42,0.31,2.67,-0.012,-0.061,-0.018,1.27,-8.82,1.63,0.000000,0.000000,935.21
19.56,94983.16,52.29,541.91,9.43,0.28,2.65,-0.011,-0.060,-0.018,0.77,-9.30,0.28,0.000000,0.000000,935.75
19.47,94968.70,52.27,543.18,9.43,0.28,2.68,-0.011,-0.060,-0.019,-0.23,-9.78,1.18,0.000000,0.000000,936.29
19.70,95005.12,52.27,539.98,9.44,0.30,2.67,-0.010,-0.060,-0.019,0.77,-8.82,0.73,0.000000,0.000000,936.83
19.45,94963.89,52.26,543.60,9.45,0.29,2.64,-0.012,-0.062,-0.019,1.78,-9.30,1.18,0.000000,0.000000,937.37
19.84,95023.59,52.28,538.36,9.42,0.29,2.69,-0.012,-0.061,-0.019,0.77,-10.25,-0.63,0.000000,0.000000,937.91
19.69,94999.58,52.26,540.47,9.44,0.29,2.67,-0.011,-0.061,-0.019,0.77,-8.82,-0.18,0.000000,0.000000,938.45
19.64,94994.91,52.25,540.88,9.45,0.31,2.67,-0.012,-0.060,-0.019,1.27,-8.82,0.73,0.000000,0.000000,938.99
19.77,95012.30,52.26,539.35,9.42,0.31,2.67,-0.011,-0.061,-0.018,0.27,-9.30,0.28,0.000000,0.000000,939.53
19.51,94975.31,52.23,542.60,9.43,0.31,2.65,-0.013,-0.061,-0.019,1.27,-10.25,1.18,0.000000,0.000000,940.07
19.79,95015.14,52.24,539.10,9.45,0.31,2.65,-0.011,-0.060,-0.018,0.27,-8.82,1.18,0.000000,0.000000,940.61
19.51,94974.98,52.23,542.63,9.44,0.29,2.64,-0.011,-0.062,-0.019,0.77,-7.87,1.63,0.000000,0.000000,941.15
19.67,94996.63,52.24,540.73,9.45,0.29,2.68,-0.013,-0.061,-0.020,0.77,-9.30,0.28,0.000000,0.000000,941.69
19.36,94949.17,52.20,544.89,9.46,0.30,2.67,-0.013,-0.062,-0.019,0.77,-9.78,0.28,0.000000,0.000000,942.23
19.69,94999.41,52.21,540.48,9.44,0.30,2.68,-0.011,-0.060,-0.019,0.77,-9.78,1.18,0.000000,0.000000,942.77
19.55,94977.17,52.20,542.43,9.45,0.29,2.68,-0.013,-0.060,-0.019,1.78,-7.87,0.28,0.000000,0.000000,943.31
19.84,95018.34,52.20,538.82,9.45,0.28,2.67,-0.013,-0.060,-0.019,0.77,-8.35,0.28,0.000000,0.000000,943.85
19.57,94977.34,52.19,542.42,9.44,0.30,2.66,-0.012,-0.061,-0.019,1.78,-8.82,-0.63,0.000000,0.000000,944.39
19.73,95002.84,52.20,540.18,9.43,0.30,2.66,-0.013,-0.062,-0.019,0.77,-8.82,0.28,0.000000,0.000000,944.93
19.71,94997.79,52.19,540.63,9.45,0.29,2.67,-0.013,-0.060,-0.019,1.27,-8.82,0.73,0.000000,0.000000,945.47
19.78,95010.86,52.18,539.48,9.44,0.31,2.68,-0.009,-0.058,-0.017,0.77,-9.78,0.28,0.000000,0.000000,946.01
19.81,95013.45,52.16,539.25,9.43,0.34,2.69,-0.012,-0.060,-0.018,0.27,-10.25,0.28,0.000000,0.000000,946.55
19.61,94985.00,52.15,541.75,9.45,0.30,2.65,-0.011,-0.060,-0.018,1.27,-8.82,0.73,0.000000,0.000000,947.09
19.75,95004.70,52.16,540.02,9.45,0.30,2.67,-0.011,-0.061,-0.019,1.78,-9.30,1.18,0.000000,0.000000,947.63
19.50,94966.69,52.14,543.35,9.44,0.28,2.65,-0.012,-0.061,-0.019,1.27,-9.30,0.28,0.000000,0.000000,948.17
19.71,94999.52,52.15,540.47,9.44,0.31,2.66,-0.011,-0.061,-0.019,0.77,-9.30,0.73,0.000000,0.000000,948.71
19.49,94962.70,52.13,543.70,9.44,0.30,2.67,-0.012,-0.062,-0.019,1.27,-8.82,1.18,0.000000,0.000000,949.25
19.77,95005.21,52.14,539.97,9.46,0.32,2.67,-0.011,-0.061,-0.018,0.77,-8.82,-0.18,0.000000,0.000000,949.79
19.58,94979.39,52.13,542.24,9.45,0.29,2.69,-0.012,-0.060,-0.019,0.77,-9.78,0.73,0.000000,0.000000,950.33
19.67,94988.64,52.13,541.43,9.44,0.28,2.66,-0.012,-0.061,-0.018,0.77,-9.78,-0.18,0.000000,0.000000,950.87
19.75,95001.78,52.12,540.28,9.45,0.29,2.65,-0.012,-0.061,-0.019,1.27,-7.87,1.18,0.000000,0.000000,951.41
19.75,95000.72,52.11,540.37,9.43,0.25,2.66,-0.013,-0.063,-0.021,0.27,-8.82,-0.63,0.000000,0.000000,951.95
19.79,95004.23,52.11,540.06,9.44,0.27,2.66,-0.006,-0.060,-0.019,0.27,-10.73,0.28,0.000000,0.000000,952.49
19.61,94978.75,52.10,542.30,9.40,0.16,2.91,-0.006,-0.059,-0.018,-0.23,-8.82,1.63,0.000000,0.000000,953.03
19.85,95016.75,52.10,538.96,9.45,0.31,2.59,-0.012,-0.059,-0.017,1.78,-8.82,0.73,0.000000,0.000000,953.57
19.60,94976.25,52.09,542.52,9.42,0.29,2.64,-0.011,-0.061,-0.018,0.27,-8.82,1.63,0.000000,0.000000,954.11
19.81,95008.09,52.09,539.72,9.44,0.29,2.68,-0.011,-0.061,-0.019,0.27,-10.73,-0.18,0.000000,0.000000,954.65
19.59,94974.23,52.08,542.69,9.44,0.30,2.67,-0.012,-0.061,-0.019,1.27,-10.25,0.73,0.000000,0.000000,955.19
19.81,95004.91,52.08,540.00,9.44,0.28,2.66,-0.015,-0.063,-0.020,1.78,-8.82,2.09,0.000000,0.000000,955.73
19.60,94976.64,52.08,542.48,9.46,0.29,2.65,-0.011,-0.060,-0.018,0.77,-8.82,-1.08,0.000000,0.000000,956.27
19.83,95011.20,52.06,539.45,9.45,0.34,2.67,-0.011,-0.061,-0.021,0.27,-9.78,-0.63,0.000000,0.000000,956.82
19.64,94978.66,52.07,542.30,9.43,0.40,2.68,-0.014,-0.060,-0.018,0.27,-9.78,-0.18,0.000000,0.000000,957.36
19.85,95012.10,52.07,539.37,9.44,0.35,2.66,-0.012,-0.060,-0.020,0.77,-9.30,0.28,0.000000,0.000000,957.90
19.86,95012.35,52.05,539.35,9.45,0.33,2.65,-0.012,-0.061,-0.019,1.27,-8.35,1.63,0.000000,0.000000,958.44
19.87,95015.93,52.05,539.03,9.43,0.25,2.70,-0.012,-0.061,-0.018,0.77,-9.30,0.28,0.000000,0.000000,958.98
19.83,95008.91,52.04,539.65,9.39,0.29,2.85,-0.005,-0.056,-0.010,1.27,-9.78,-0.18,0.000000,0.000000,959.52
19.72,94992.77,52.03,541.07,9.43,0.40,2.62,-0.011,-0.059,-0.015,0.77,-8.82,-0.18,0.000000,0.000000,960.06
19.91,95019.09,52.03,538.76,9.46,0.25,2.64,-0.014,-0.056,-0.024,1.27,-8.82,1.18,0.000000,0.000000,960.60
19.69,94984.59,52.01,541.78,9.44,0.27,2.64,-0.013,-0.063,-0.020,0.77,-8.82,1.18,0.000000,0.000000,961.14
19.95,95022.71,52.03,538.44,9.45,0.27,2.69,-0.012,-0.062,-0.020,0.77,-9.78,0.28,0.000000,0.000000,961.68
19.77,94997.38,52.01,540.66,9.46,0.29,2.68,-0.012,-0.060,-0.019,0.77,-9.30,0.73,0.000000,0.000000,962.22
20.00,95031.54,52.01,537.67,9.46,0.29,2.65,-0.012,-0.060,-0.019,1.27,-8.35,1.63,0.000000,0.000000,962.76
19.75,94992.39,51.99,541.10,9.43,0.28,2.70,-0.011,-0.060,-0.019,0.77,-9.30,-0.18,0.000000,0.000000,963.30
20.04,95036.39,52.01,537.24,9.46,0.30,2.68,-0.013,-0.061,-0.020,-0.23,-9.78,-0.63,0.000000,0.000000,963.84
19.90,95014.70,51.99,539.14,9.44,0.30,2.70,-0.012,-0.062,-0.019,0.77,-9.30,1.18,0.000000,0.000000,964.38
19.90,95017.48,51.98,538.90,9.46,0.32,2.63,-0.012,-0.062,-0.018,1.27,-8.35,1.18,0.000000,0.000000,964.92
19.86,95008.27,51.97,539.71,9.45,0.30,2.64,-0.011,-0.062,-0.019,0.77,-8.82,-0.18,0.000000,0.000000,965.46
19.74,94991.03,51.96,541.22,9.43,0.29,2.66,-0.011,-0.064,-0.018,0.27,-9.78,1.18,0.000000,0.000000,966.00
19.79,94997.42,51.95,540.66,9.41,0.27,2.71,-0.011,-0.061,-0.019,1.27,-8.82,1.18,0.000000,0.000000,966.54
19.51,94955.78,51.93,544.31,9.44,0.29,2.65,-0.011,-0.061,-0.020,1.27,-8.35,1.18,0.000000,0.000000,967.08
19.75,94990.50,51.93,541.27,9.45,0.29,2.67,-0.013,-0.061,-0.018,1.27,-8.82,0.28,0.000000,0.000000,967.62
19.52,94956.81,51.91,544.22,9.47,0.29,2.65,-0.011,-0.061,-0.020,0.77,-9.30,0.28,0.000000,0.000000,968.16
20.13,95044.50,51.93,536.53,9.44,0.33,2.67,-0.012,-0.061,-0.019,1.27,-8.82,1.18,0.000000,0.000000,968.70
19.73,94983.80,51.90,541.85,9.43,0.28,2.66,-0.010,-0.061,-0.017,1.27,-8.35,0.73,0.000000,0.000000,969.24
20.06,95031.77,51.91,537.65,9.46,0.28,2.63,-0.012,-0.060,-0.019,0.77,-8.82,1.18,0.000000,0.000000,969.79
19.72,94984.29,51.89,541.81,9.45,0.28,2.65,-0.009,-0.061,-0.018,1.27,-8.82,-0.63,0.000000,0.000000,970.33
19.75,94988.03,51.87,541.48,9.52,0.41,2.53,-0.008,-0.037,0.018,1.27,-10.73,0.28,0.000000,0.000000,970.87
19.61,94996.05,51.89,543.23,9.43,0.54,2.48,-0.015,-0.062,-0.013,1.78,-9.78,0.73,0.000000,0.000000,971.41
19.81,94993.41,51.87,541.01,9.48,0.22,2.65,-0.013,-0.059,-0.021,1.78,-9.30,0.73,0.000000,0.000000,971.95
19.84,95000.05,51.86,540.43,9.45,0.25,2.69,-0.012,-0.060,-0.019,0.77,-9.78,0.28,0.000000,0.000000,972.49
19.60,94963.23,51.86,543.66,9.45,0.28,2.66,-0.011,-0.060,-0.019,0.27,-9.30,-0.18,0.000000,0.000000,973.03
19.83,94998.51,51.85,540.56,9.42,0.29,2.68,-0.011,-0.062,-0.019,1.27,-8.82,1.18,0.000000,0.000000,973.57
19.66,94973.95,51.84,542.72,9.45,0.28,2.66,-0.013,-0.060,-0.020,1.27,-7.87,1.18,0.000000,0.000000,974.11
19.85,95001.27,51.84,540.32,9.46,0.27,2.68,-0.012,-0.060,-0.018,1.78,-9.30,-1.08,0.000000,0.000000,974.65
19.72,94981.88,51.83,542.02,9.46,0.30,2.70,-0.012,-0.062,-0.019,0.27,-9.30,-0.18,0.000000,0.000000,975.19
19.93,95010.63,51.83,539.50,9.44,0.30,2.67,-0.012,-0.060,-0.019,0.27,-9.30,0.73,0.000000,0.000000,975.73
19.71,94977.94,51.81,542.37,9.62,0.24,3.04,-0.011,-0.042,0.004,1.27,-8.35,1.18,0.000000,0.000000,976.27
19.94,95011.88,51.82,539.39,9.43,0.33,2.71,-0.010,-0.060,-0.014,1.27,-8.82,-0.63,0.000000,0.000000,976.81
19.79,94987.31,51.82,541.54,9.45,0.36,2.67,-0.012,-0.060,-0.019,0.77,-9.78,0.73,0.000000,0.000000,977.35
20.02,95023.75,51.79,538.35,9.45,0.31,2.66,-0.013,-0.060,-0.019,2.28,-9.30,1.63,0.000000,0.000000,977.89
20.06,95028.25,51.80,537.95,9.43,0.41,2.69,-0.043,-0.050,-0.015,1.27,-8.35,1.18,0.000000,0.000000,978.43
20.04,95025.44,51.79,538.20,9.54,-0.07,2.55,0.006,-0.058,-0.033,-0.23,-8.35,-1.08,0.000000,0.000000,978.97
19.96,95013.02,51.79,539.29,9.45,0.15,2.74,-0.008,-0.059,-0.018,0.77,-9.30,0.73,0.000000,0.000000,979.51
19.61,94960.53,51.76,543.89,9.47,0.16,2.62,-0.009,-0.060,-0.022,0.77,-8.82,0.73,0.000000,0.000000,980.05
20.03,95020.99,51.76,538.59,9.47,0.34,2.62,-0.013,-0.063,-0.023,0.77,-8.35,1.18,0.000000,0.000000,980.59
19.72,94978.04,51.75,542.36,9.42,0.32,2.67,-0.007,-0.059,-0.015,0.77,-8.82,-0.63,0.000000,0.000000,981.13
19.94,95009.41,51.74,539.61,9.45,0.33,2.67,-0.011,-0.060,-0.018,0.27,-10.25,0.73,0.000000,0.000000,981.67
19.88,94999.09,51.73,540.51,9.45,0.32,2.67,-0.012,-0.062,-0.019,0.27,-9.30,1.18,0.000000,0.000000,982.21
20.25,95054.38,51.75,535.66,9.44,0.30,2.69,-0.012,-0.061,-0.018,0.77,-8.35,-2.44,0.000000,0.000000,982.75
20.00,95020.49,51.76,538.63,9.45,0.30,2.66,-0.013,-0.060,-0.019,0.77,-10.25,0.28,0.000000,0.000000,983.29
20.17,95043.42,51.75,536.62,9.43,0.29,2.69,-0.012,-0.061,-0.019,-0.23,-8.82,0.28,0.000000,0.000000,983.83
19.96,95010.84,51.73,539.48,9.45,0.29,2.66,-0.011,-0.061,-0.018,0.27,-8.82,0.73,0.000000,0.000000,984.37
20.19,95044.20,51.72,536.56,9.44,0.27,2.67,-0.013,-0.059,-0.019,1.78,-9.30,1.18,0.000000,0.000000,984.91
20.16,95037.66,51.73,537.13,9.45,0.30,2.70,-0.012,-0.060,-0.018,0.77,-10.25,-0.18,0.000000,0.000000,985.46
20.11,95030.99,51.72,537.71,9.44,0.30,2.67,-0.012,-0.061,-0.019,1.27,-8.82,0.73,0.000000,0.000000,985.99
20.21,95046.02,51.72,536.40,9.40,0.53,2.72,-0.022,-0.064,-0.011,2.28,-8.82,1.63,0.000000,0.000000,986.53
19.94,95006.23,51.70,539.89,9.53,0.44,2.71,0.008,-0.051,-0.037,0.27,-9.30,-1.54,0.000000,0.000000,987.07
20.08,95026.83,51.70,538.08,9.52,0.20,2.68,-0.014,-0.057,-0.033,0.77,-9.30,0.73,0.000000,0.000000,987.61
20.09,95028.18,51.69,537.96,9.45,0.25,2.56,-0.002,-0.070,-0.026,1.27,-8.82,-0.18,0.000000,0.000000,988.15
20.35,95068.42,51.70,534.43,9.45,0.22,2.68,-0.013,-0.060,-0.021,0.77,-9.30,0.28,0.000000,0.000000,988.69
20.24,95051.64,51.70,535.90,9.44,0.27,2.69,-0.011,-0.061,-0.020,0.77,-8.35,-1.08,0.000000,0.000000,989.23
20.41,95077.88,51.71,533.60,9.44,0.29,2.67,-0.013,-0.061,-0.019,1.27,-9.30,1.18,0.000000,0.000000,989.77
20.25,95050.95,51.69,535.96,9.46,0.29,2.69,-0.012,-0.060,-0.019,0.77,-9.30,0.73,0.000000,0.000000,990.31
20.43,95077.73,51.70,533.62,9.44,0.29,2.65,-0.012,-0.061,-0.020,1.27,-7.87,2.09,0.000000,0.000000,990.85
20.27,95053.34,51.69,535.75,9.46,0.30,2.68,-0.012,-0.061,-0.019,1.27,-8.82,-1.08,0.000000,0.000000,991.39
20.36,95068.98,51.69,534.38,9.44,0.29,2.66,-0.011,-0.061,-0.018,0.77,-10.25,1.18,0.000000,0.000000,991.94
20.36,95064.41,51.69,534.78,9.45,0.29,2.66,-0.012,-0.060,-0.019,-0.23,-9.78,0.28,0.000000,0.000000,992.48
20.33,95062.27,51.67,534.97,9.45,0.29,2.69,-0.012,-0.060,-0.018,1.27,-8.35,1.18,0.000000,0.000000,993.01
20.35,95063.63,51.67,534.85,9.43,0.29,2.68,-0.011,-0.061,-0.019,1.27,-8.82,0.28,0.000000,0.000000,993.55
20.08,95023.12,51.67,538.40,9.45,0.28,2.68,-0.012,-0.060,-0.019,0.77,-10.73,-0.63,0.000000,0.000000,994.10
20.24,95046.11,51.67,536.39,9.44,0.31,2.67,-0.012,-0.060,-0.020,0.77,-9.78,1.18,0.000000,0.000000,994.64
19.98,95008.55,51.65,539.68,9.43,0.30,2.64,-0.013,-0.061,-0.019,1.27,-9.30,1.18,0.000000,0.000000,995.19
20.07,95019.56,51.64,538.72,9.46,0.28,2.68,-0.011,-0.062,-0.019,1.27,-8.82,-0.63,0.000000,0.000000,995.72
19.90,94991.05,51.64,541.22,9.44,0.29,2.68,-0.012,-0.061,-0.018,0.77,-11.68,1.18,0.000000,0.000000,996.26
19.98,95004.36,51.63,540.05,9.44,0.28,2.70,-0.013,-0.062,-0.020,1.27,-9.78,1.18,0.000000,0.000000,996.80
20.05,95010.77,51.62,539.49,9.43,0.31,2.68,-0.013,-0.061,-0.019,0.77,-9.30,1.18,0.000000,0.000000,997.34
20.01,95008.42,51.61,539.69,9.44,0.29,2.67,-0.013,-0.061,-0.018,1.27,-9.30,0.73,0.000000,0.000000,997.88
20.11,95022.22,51.61,538.48,9.45,0.30,2.65,-0.012,-0.060,-0.019,0.77,-10.25,0.28,0.000000,0.000000,998.42
19.92,94998.11,51.61,540.60,9.39,0.32,2.70,-0.014,-0.066,-0.014,0.27,-8.82,0.73,0.000000,0.000000,998.96
20.13,95022.45,51.59,538.46,9.47,0.36,2.66,-0.006,-0.056,-0.027,1.78,-8.82,1.63,0.000000,0.000000,999.50
19.93,94989.78,51.58,541.33,9.45,0.35,2.65,-0.011,-0.061,-0.020,0.77,-8.82,0.28,0.000000,0.000000,1000.04
20.11,95018.41,51.58,538.82,9.43,0.28,2.68,-0.012,-0.061,-0.019,0.27,-10.73,-0.18,0.000000,0.000000,1000.58
19.87,94981.04,51.57,542.10,9.46,0.28,2.67,-0.011,-0.060,-0.018,0.77,-9.30,1.18,0.000000,0.000000,1001.12
20.08,95014.06,51.57,539.20,9.44,0.29,2.67,-0.012,-0.061,-0.019,1.27,-7.87,0.73,0.000000,0.000000,1001.66
19.90,94986.36,51.56,541.63,9.45,0.28,2.69,-0.013,-0.060,-0.018,0.77,-9.30,-0.18,0.000000,0.000000,1002.20
20.03,95005.78,51.58,539.92,9.46,0.29,2.66,-0.013,-0.060,-0.019,0.77,-9.78,0.28,0.000000,0.000000,1002.74
19.85,94978.30,51.54,542.34,9.43,0.30,2.67,-0.011,-0.061,-0.019,1.27,-9.30,1.18,0.000000,0.000000,1003.28
20.20,95028.58,51.56,537.93,9.44,0.30,2.66,-0.012,-0.060,-0.021,1.78,-8.35,1.18,0.000000,0.000000,1003.82
20.05,95008.91,51.57,539.65,9.44,0.29,2.68,-0.011,-0.060,-0.019,0.77,-8.82,-0.18,0.000000,0.000000,1004.36
20.12,95018.97,51.55,538.77,9.46,0.31,2.68,-0.012,-0.059,-0.019,0.77,-10.25,0.73,0.000000,0.000000,1004.90
20.18,95022.92,51.55,538.42,9.46,0.29,2.69,-0.012,-0.060,-0.019,0.27,-8.82,0.73,0.000000,0.000000,1005.44
20.21,95030.41,51.54,537.77,9.46,0.29,2.67,-0.010,-0.061,-0.019,0.27,-8.35,1.18,0.000000,0.000000,1005.98
20.46,95063.36,51.55,534.88,9.44,0.28,2.66,-0.013,-0.060,-0.019,1.78,-9.78,-1.08,0.000000,0.000000,1006.52
20.25,95035.40,51.55,537.33,9.47,0.29,2.67,-0.012,-0.060,-0.019,0.27,-10.73,-0.18,0.000000,0.000000,1007.06
20.37,95051.51,51.55,535.91,9.43,0.29,2.70,-0.013,-0.060,-0.018,0.77,-9.78,0.73,0.000000,0.000000,1007.60
19.99,94994.78,51.55,540.89,9.44,0.31,2.69,-0.012,-0.061,-0.019,1.27,-8.35,1.18,0.000000,0.000000,1008.14
20.30,95042.35,51.55,536.72,9.46,0.30,2.68,-0.012,-0.060,-0.019,0.77,-9.30,-0.63,0.000000,0.000000,1008.68
