Temperatura,Pressao,Umidade,Altitude,ax,ay,az,gx,gy,gz,vib_x,vib_y,vib_z,Latitude,Longitude,Sat,Tempo
28.00,101316.59,70.26,0.70,0.08,-0.19,69.44,1.43,-1.73,9.04,-5.28,11.05,81.52,-27.599996,-48.519985,6,0.17
27.99,101299.77,69.24,2.10,-0.92,-1.08,69.53,-5.77,-9.57,6.35,13.25,-3.48,69.16,-27.599991,-48.519970,6,0.22
27.97,101274.55,70.21,4.20,-0.14,-0.43,68.87,-0.67,5.35,12.92,-2.06,-3.97,68.99,-27.599987,-48.519954,4,0.33
27.95,101240.94,69.51,7.00,0.41,1.01,69.64,-5.66,1.22,-3.48,-7.27,8.11,61.21,-27.599982,-48.519939,8,0.44
27.93,101198.93,69.84,10.50,-0.06,-0.20,69.80,2.07,-0.77,-4.62,5.54,0.89,84.03,-27.599978,-48.519924,4,0.55
27.90,101148.53,69.88,14.70,-0.64,0.81,69.55,1.93,-1.48,3.55,3.20,-5.32,71.21,-27.599973,-48.519909,7,0.66
27.87,101089.76,70.50,19.60,-0.45,-0.58,69.47,-3.44,3.21,8.27,-7.01,9.40,58.72,-27.599969,-48.519894,6,0.76
27.84,101022.63,70.27,25.20,-0.27,-0.14,70.06,-0.37,-8.19,3.51,1.88,8.47,69.15,-27.599964,-48.519878,8,0.87
27.80,100947.16,67.00,31.50,-0.50,-0.99,68.69,-2.95,-5.66,-5.42,15.59,-14.19,72.85,-27.599960,-48.519863,8,0.98
27.75,100863.35,69.24,38.50,0.25,-1.01,69.98,-3.24,-0.90,11.32,-14.19,6.47,81.15,-27.599955,-48.519848,7,1.09
27.70,100771.22,68.92,46.20,-0.26,0.08,70.45,2.13,-7.07,-11.22,-14.15,8.70,59.79,-27.599951,-48.519833,4,1.20
27.65,100670.80,69.42,54.60,0.06,0.49,69.39,7.20,2.35,-2.33,7.40,-5.30,68.30,-27.599946,-48.519818,8,1.31
27.59,100562.10,73.21,63.70,0.23,-0.05,69.65,1.50,-3.27,7.80,2.99,-0.04,85.10,-27.599942,-48.519802,5,1.42
27.52,100445.14,69.16,73.50,-0.86,-0.61,70.33,-7.92,5.81,-18.37,-22.22,7.84,67.01,-27.599937,-48.519787,8,1.55
27.45,100319.96,68.59,84.00,-0.76,0.15,69.45,-1.42,-9.28,-4.20,0.14,-10.02,61.05,-27.599933,-48.519772,4,1.70
27.38,100186.56,68.51,95.20,0.93,-0.01,69.84,5.58,7.58,18.48,9.35,-2.85,74.64,-27.599928,-48.519757,6,1.80
27.30,100044.99,68.45,107.10,0.03,-0.42,69.71,-0.40,6.38,4.95,-10.71,11.03,86.05,-27.599924,-48.519742,5,1.90
27.22,99895.26,68.08,119.70,-0.70,-0.00,70.24,10.54,-3.34,-9.85,-10.02,-8.47,66.73,-27.599919,-48.519726,4,2.00
27.14,99737.42,68.57,133.00,0.38,-0.29,70.16,5.22,3.31,-1.48,10.92,-6.84,54.07,-27.599915,-48.519711,8,2.10
27.04,99571.48,68.70,147.00,0.29,0.15,70.47,10.95,-2.88,-8.63,5.27,13.11,75.65,-27.599910,-48.519696,5,2.22
26.95,99397.49,67.73,161.70,-0.46,0.53,69.27,0.59,-0.83,7.61,-13.33,1.24,77.25,-27.599906,-48.519681,4,2.33
26.85,99215.48,69.08,177.10,-0.77,0.02,68.63,1.61,-5.47,-11.84,0.99,-13.47,64.24,-27.599901,-48.519665,4,2.45
26.74,99025.48,68.27,193.20,-0.77,0.33,70.89,1.46,5.67,-10.04,9.85,7.63,56.33,-27.599897,-48.519650,5,2.56
26.63,98827.54,69.07,210.00,0.52,-0.01,69.56,3.14,2.82,-0.47,-6.13,5.28,69.00,-27.599892,-48.519635,6,2.67
26.52,98621.69,69.26,227.50,1.08,-0.12,69.64,8.91,-0.58,-12.54,-3.38,-9.58,76.88,-27.599888,-48.519620,6,2.78
26.40,98407.97,67.64,245.70,0.46,-0.40,69.91,-3.15,5.13,-2.01,17.80,5.63,60.05,-27.599883,-48.519605,4,2.89
26.28,98186.43,69.38,264.60,0.41,0.01,70.02,-3.15,3.64,-18.30,9.31,-0.04,63.26,-27.599879,-48.519589,7,3.00
26.15,97957.12,67.71,284.20,0.39,-0.38,69.15,-3.79,-0.60,4.61,-9.64,-11.08,70.42,-27.599874,-48.519574,8,3.11
26.02,97720.07,65.92,304.50,-0.85,-0.44,70.63,-10.07,-6.25,3.57,2.69,1.15,83.15,-27.599870,-48.519559,7,3.22
25.88,97475.33,67.11,325.50,0.54,0.44,69.97,7.82,0.59,9.28,5.96,11.79,59.59,-27.599865,-48.519544,5,3.34
25.74,97222.96,67.82,347.20,-0.34,0.76,69.70,4.58,-1.76,12.88,-8.29,-18.95,62.39,-27.599861,-48.519529,7,3.44
25.60,96963.00,66.75,369.60,-0.23,-0.20,69.84,11.74,6.00,25.33,-7.75,0.66,80.20,-27.599856,-48.519513,7,3.55
25.45,96695.51,65.68,392.70,0.80,0.02,69.99,8.07,-3.89,-26.31,4.89,10.01,75.26,-27.599852,-48.519498,7,3.67
25.29,96420.54,67.36,416.50,0.41,1.06,68.93,4.80,-2.14,-10.46,5.46,-12.24,60.38,-27.599847,-48.519483,6,3.77
25.13,96138.14,66.64,441.00,-0.90,0.25,70.32,-1.85,-5.24,12.71,-17.51,-6.92,61.33,-27.599843,-48.519468,6,3.88
24.97,95848.38,67.83,466.20,-0.15,-0.07,69.42,2.38,-3.55,4.91,-2.16,9.48,76.72,-27.599838,-48.519453,8,3.99
24.80,95551.30,67.58,492.10,-0.38,-0.79,69.43,4.67,-3.77,-8.79,11.77,-5.87,75.70,-27.599834,-48.519437,7,4.10
24.63,95246.97,66.50,518.70,0.13,-0.11,69.88,0.47,-3.29,6.30,-8.71,-3.55,55.63,-27.599829,-48.519422,8,4.20
24.45,94935.45,68.46,546.00,-0.07,-0.48,69.88,-0.08,0.77,10.25,-8.74,16.73,72.79,-27.599825,-48.519407,6,4.32
24.27,94616.79,65.17,574.00,0.49,-0.82,70.23,-1.60,-8.26,3.44,9.63,-3.72,83.93,-27.599820,-48.519392,4,4.42
24.08,94291.07,65.02,602.70,-0.38,0.22,69.36,3.23,3.18,-5.97,4.45,-12.35,63.78,-27.599816,-48.519377,7,4.53
23.89,93958.35,63.14,632.10,0.74,0.00,70.12,-5.64,-2.94,-15.45,-8.47,14.27,61.07,-27.599811,-48.519361,4,4.64
23.70,93618.69,64.87,662.20,-0.23,-0.54,69.77,8.66,-5.16,-17.86,2.20,-1.04,65.40,-27.599807,-48.519346,8,4.76
23.50,93272.17,65.23,693.00,0.48,0.56,70.82,0.66,4.95,-2.70,11.63,-5.19,80.87,-27.599802,-48.519331,5,4.87
23.29,92918.84,63.40,724.50,0.16,0.34,69.65,3.37,6.41,-19.83,-12.10,11.20,70.80,-27.599798,-48.519316,6,4.98
23.08,92558.78,64.62,756.70,-0.25,0.01,70.65,3.33,2.87,-1.46,-10.89,1.64,63.01,-27.599793,-48.519301,8,5.09
22.87,92192.06,65.13,789.60,0.79,0.66,70.00,5.19,1.54,-0.48,10.98,-13.42,73.71,-27.599789,-48.519285,6,5.19
22.65,91818.75,65.18,823.20,0.80,0.78,70.38,-4.47,0.62,4.44,0.88,0.67,82.19,-27.599784,-48.519270,8,5.31
22.43,91438.93,63.24,857.50,-1.36,0.26,70.62,-9.36,6.32,-3.62,-13.17,8.62,70.70,-27.599780,-48.519255,6,5.41
22.20,91052.67,61.76,892.50,0.11,0.32,70.05,3.14,1.00,15.35,-4.60,-11.75,56.71,-27.599775,-48.519240,7,5.53
21.97,90660.05,62.03,928.20,0.09,0.61,70.69,0.88,3.34,-14.82,12.81,-1.13,73.45,-27.599771,-48.519225,4,5.64
21.73,90261.14,65.03,964.60,-0.41,-0.03,70.37,15.34,-4.62,-7.12,-6.20,13.98,83.48,-27.599766,-48.519209,5,5.75
21.49,89856.03,60.68,1001.70,0.27,-0.60,70.08,-1.28,7.23,-12.62,-6.09,-12.21,65.59,-27.599762,-48.519194,7,5.86
21.24,89444.79,61.86,1039.50,0.68,-0.38,70.30,1.16,-6.27,-10.04,15.85,-9.30,62.32,-27.599757,-48.519179,5,5.97
20.99,89027.49,61.50,1078.00,0.16,0.05,69.11,7.04,1.43,-3.91,3.88,18.26,76.74,-27.599753,-48.519164,6,6.06
20.74,88604.24,60.96,1117.20,0.34,-0.53,69.96,-0.38,5.43,8.04,-9.37,-5.21,74.76,-27.599748,-48.519149,5,6.19
20.48,88175.10,62.98,1157.10,-0.28,-0.08,70.40,-3.83,-7.44,11.54,-5.01,-6.17,58.27,-27.599744,-48.519133,7,6.29
20.21,87740.16,61.49,1197.70,-0.66,0.02,70.93,6.27,-5.95,2.49,8.61,16.20,60.37,-27.599739,-48.519118,4,6.40
19.95,87299.50,60.44,1239.00,0.25,-0.70,69.37,2.15,4.23,4.49,-11.11,-2.51,80.86,-27.599735,-48.519103,7,6.52
19.67,86853.22,61.00,1281.00,0.70,0.37,70.26,-8.89,2.53,-5.19,-4.74,-5.56,73.65,-27.599731,-48.519088,8,6.62
19.40,86401.39,59.20,1323.70,-0.24,0.57,69.32,3.65,1.25,2.01,9.22,11.89,56.70,-27.599726,-48.519072,6,6.74
19.11,85944.11,58.49,1367.10,0.15,-0.26,69.78,1.84,-2.22,3.46,-0.65,-1.97,71.37,-27.599722,-48.519057,12,6.85
18.83,85489.82,59.30,1410.40,0.24,1.12,-10.02,-0.86,-4.04,-1.73,-0.55,-0.97,-10.08,-27.599717,-48.519042,9,6.95
18.55,85038.49,57.71,1453.61,-0.56,-0.22,-9.96,-1.86,-5.07,-1.70,-1.04,-1.21,-10.44,-27.599713,-48.519027,8,7.06
18.27,84590.12,59.63,1496.71,0.43,0.33,-9.18,1.74,-4.54,0.57,1.10,0.73,-11.40,-27.599708,-48.519012,12,7.17
17.99,84144.67,57.89,1539.72,-0.32,-0.93,-10.32,-0.36,-3.70,-0.28,0.72,-0.29,-12.09,-27.599704,-48.518996,10,7.28
17.71,83702.14,58.19,1582.63,0.40,0.42,-9.61,1.89,-4.72,-0.14,2.04,2.22,-11.77,-27.599699,-48.518981,10,7.39
17.43,83262.50,57.56,1625.44,-0.34,0.21,-9.62,-0.14,-5.80,-1.83,1.00,2.67,-9.79,-27.599695,-48.518966,11,7.50
17.16,82825.73,57.72,1668.15,0.24,0.21,-9.43,1.93,-4.02,0.50,-0.29,2.45,-9.33,-27.599690,-48.518951,11,7.61
16.88,82391.82,55.66,1710.77,0.27,0.37,-9.18,-1.21,-4.02,0.60,-1.30,0.23,-8.56,-27.599686,-48.518936,9,7.72
16.60,81960.74,56.37,1753.29,0.35,-0.51,-10.27,-0.10,-4.88,-0.22,-2.36,-2.20,-7.53,-27.599681,-48.518920,8,7.83
16.33,81532.47,57.36,1795.70,0.16,-0.28,-9.56,0.03,-4.53,0.09,-2.10,-2.69,-7.63,-27.599677,-48.518905,12,7.94
16.05,81107.01,55.36,1838.03,-0.45,0.08,-10.17,0.50,-3.91,0.09,-2.14,-1.83,-7.48,-27.599672,-48.518890,11,8.05
15.78,80684.32,53.78,1880.25,-0.05,-0.13,-9.94,0.43,-4.62,-0.03,-1.06,-1.49,-9.31,-27.599668,-48.518875,8,8.16
15.50,80264.40,55.75,1922.37,-0.44,0.05,-10.10,-0.02,-3.21,0.68,0.09,0.16,-10.69,-27.599663,-48.518860,8,8.27
15.23,79847.21,52.41,1964.40,-0.74,-0.32,-10.49,-0.01,-1.53,-1.72,0.37,1.46,-12.24,-27.599659,-48.518844,9,8.39
14.96,79432.76,54.82,2006.33,-0.14,0.40,-9.20,1.00,-4.20,0.78,2.52,2.32,-10.56,-27.599654,-48.518829,10,8.49
14.69,79021.01,53.31,2048.16,-0.29,-0.84,-10.42,0.66,-3.90,-0.71,1.70,0.98,-12.68,-27.599650,-48.518814,10,8.60
14.42,78611.95,51.34,2089.89,0.96,-0.11,-8.86,-0.64,-3.55,0.66,1.27,1.19,-10.34,-27.599645,-48.518799,11,8.71
14.15,78205.56,53.18,2131.52,0.76,-1.11,-9.23,0.33,-3.89,-1.26,0.04,-1.93,-10.41,-27.599641,-48.518784,9,8.82
13.88,77801.83,52.54,2173.06,0.60,1.29,-9.57,-0.54,-4.96,-0.05,-0.90,-0.02,-9.84,-27.599636,-48.518768,10,8.92
13.61,77400.73,52.18,2214.50,-0.58,-0.98,-9.92,-0.60,-4.11,0.57,-1.66,-1.94,-8.13,-27.599632,-48.518753,11,9.03
13.34,77002.26,51.03,2255.84,-0.10,-0.00,-9.62,-0.62,-1.68,0.01,-1.36,-1.93,-7.55,-27.599627,-48.518738,11,9.14
13.07,76606.38,52.64,2297.08,0.00,-0.39,-9.95,-1.13,-3.52,0.16,-0.61,-0.42,-8.83,-27.599623,-48.518723,12,9.25
12.80,76213.09,52.23,2338.22,0.49,-0.15,-10.25,0.82,-2.29,0.79,1.14,1.26,-8.74,-27.599618,-48.518708,10,9.36
12.53,75822.37,51.42,2379.27,-0.45,0.12,-9.46,-1.46,-4.66,0.52,0.38,1.90,-9.04,-27.599614,-48.518692,11,9.47
12.27,75434.20,51.32,2420.22,0.10,-0.68,-9.99,1.94,-3.13,-0.17,2.83,0.98,-10.86,-27.599609,-48.518677,12,9.58
12.00,75048.57,52.44,2461.07,0.05,-0.24,-9.87,-0.95,-3.09,0.56,1.95,2.06,-11.45,-27.599605,-48.518662,11,9.69
11.74,74665.45,51.18,2501.82,0.89,-0.05,-9.67,-0.21,-4.82,-1.04,1.87,0.54,-12.07,-27.599600,-48.518647,8,9.80
11.47,74284.84,48.93,2542.47,0.35,0.30,-9.54,-0.55,-4.54,-0.29,0.10,-0.94,-11.50,-27.599596,-48.518632,8,9.91
11.21,73906.71,50.08,2583.03,0.01,0.33,-10.23,1.43,-4.01,1.39,-1.26,-2.03,-11.45,-27.599591,-48.518616,9,10.02
10.95,73531.05,49.12,2623.48,-0.07,0.60,-9.64,2.27,-4.63,0.26,-2.09,-0.65,-9.56,-27.599587,-48.518601,11,10.13
10.69,73157.84,48.43,2663.84,-0.82,0.81,-10.30,1.35,-3.79,-1.80,-2.47,0.09,-10.74,-27.599582,-48.518586,9,10.24
10.42,72787.07,48.73,2704.10,-0.10,0.40,-9.51,-1.01,-4.29,-0.02,-1.59,0.88,-8.56,-27.599578,-48.518571,10,10.34
10.16,72418.72,47.28,2744.27,-0.78,0.26,-10.16,-0.28,-4.43,-0.60,-1.67,1.31,-7.24,-27.599573,-48.518556,12,10.46
9.90,72052.78,47.93,2784.33,-0.54,-0.25,-9.55,0.03,-4.72,0.08,1.95,2.33,-8.52,-27.599569,-48.518540,12,10.57
9.64,71689.23,48.53,2824.30,0.86,-0.13,-9.04,-1.07,-4.36,0.23,3.04,1.85,-8.41,-27.599564,-48.518525,10,10.67
9.38,71328.05,47.30,2864.17,0.33,0.56,-9.62,-1.58,-3.38,-0.51,2.22,1.89,-9.58,-27.599560,-48.518510,9,10.78
9.12,70969.22,47.18,2903.94,0.31,-0.40,-9.61,-0.61,-5.71,0.12,1.11,-0.74,-9.15,-27.599555,-48.518495,9,10.89
8.87,70612.74,45.73,2943.61,0.42,0.45,-9.37,-1.22,-4.88,-1.24,-0.64,-2.20,-10.92,-27.599551,-48.518480,8,11.00
8.61,70258.59,45.13,2983.18,0.69,0.22,-9.59,-0.13,-3.51,0.74,-0.17,-2.35,-11.28,-27.599546,-48.518464,9,11.11
8.35,69906.75,44.93,3022.66,-0.52,0.42,-10.83,-0.55,-4.69,1.54,-1.26,-2.02,-13.51,-27.599542,-48.518449,11,11.22
8.10,69557.21,44.76,3062.04,-0.23,-0.19,-9.30,-0.38,-3.97,-0.44,-1.74,-1.30,-10.13,-27.599537,-48.518434,8,11.33
7.84,69209.95,45.34,3101.32,-0.53,0.06,-8.98,-0.06,-3.16,1.13,-1.80,0.16,-8.97,-27.599533,-48.518419,11,11.44
7.59,68864.95,43.44,3140.50,0.38,0.47,-9.90,-0.76,-3.36,-0.41,0.64,3.46,-8.33,-27.599528,-48.518403,8,11.55
7.33,68522.21,43.47,3179.58,0.55,-0.02,-10.55,0.16,-3.64,0.11,1.24,2.79,-8.72,-27.599524,-48.518388,11,11.66
7.08,68181.71,43.04,3218.57,-0.87,-0.44,-9.61,0.32,-2.80,-0.14,0.28,0.29,-7.67,-27.599519,-48.518373,10,11.76
6.83,67843.43,44.88,3257.45,0.04,0.40,-8.79,-0.75,-4.15,1.31,3.46,0.54,-6.22,-27.599515,-48.518358,8,11.89
6.57,67507.35,43.46,3296.24,-0.36,-0.76,-9.69,1.50,-2.44,0.09,1.26,-1.08,-9.86,-27.599510,-48.518343,12,12.00
6.32,67173.47,43.90,3334.93,-0.17,-0.34,-9.05,0.26,-5.10,-1.62,1.40,-1.86,-9.84,-27.599506,-48.518327,10,12.12
6.07,66841.78,40.63,3373.53,-0.50,0.70,-10.16,-0.82,-4.14,-0.65,-1.51,-1.14,-11.92,-27.599501,-48.518312,12,12.23
5.82,66512.24,41.41,3412.02,0.39,-0.26,-10.24,0.28,-4.66,0.58,-0.60,-0.89,-11.59,-27.599497,-48.518297,11,12.33
5.57,66184.86,42.91,3450.42,0.07,0.33,-9.13,1.58,-4.70,-0.27,-2.33,0.09,-11.48,-27.599492,-48.518282,8,12.45
5.32,65859.62,41.80,3488.72,-0.09,0.21,-9.68,-0.58,-4.37,1.39,-2.58,1.90,-11.75,-27.599488,-48.518267,8,12.55
5.08,65536.50,43.23,3526.92,-0.49,0.62,-9.80,-0.07,-3.49,0.44,-2.43,2.14,-11.46,-27.599483,-48.518251,11,12.66
4.83,65215.49,41.42,3565.02,0.13,0.57,-9.78,-1.44,-5.24,0.49,-1.18,0.94,-9.07,-27.599479,-48.518236,12,12.77
4.58,64896.57,40.45,3603.03,-0.04,-0.66,-9.83,-0.26,-3.29,-1.28,0.73,-0.17,-8.73,-27.599474,-48.518221,11,12.88
4.33,64579.74,40.57,3640.93,-0.61,-0.10,-9.64,-0.02,-3.88,0.87,0.49,-0.20,-8.57,-27.599470,-48.518206,10,12.99
4.09,64264.98,39.50,3678.74,-0.18,-0.33,-10.36,0.04,-6.44,0.13,2.70,-1.72,-7.94,-27.599466,-48.518191,12,13.09
3.84,63952.27,39.41,3716.45,0.33,-0.08,-9.32,-0.08,-4.50,0.89,1.31,-0.47,-7.91,-27.599461,-48.518175,8,13.20
3.60,63641.60,40.52,3754.06,0.37,-0.22,-10.14,-0.30,-4.54,0.37,1.08,-2.30,-10.19,-27.599457,-48.518160,11,13.31
3.35,63332.97,39.90,3791.58,0.96,0.37,-10.71,0.13,-4.05,-0.02,0.20,0.16,-11.07,-27.599452,-48.518145,8,13.42
3.11,63026.34,41.13,3828.99,0.57,-0.24,-10.17,-1.65,-4.01,0.98,-1.42,1.36,-12.31,-27.599448,-48.518130,10,13.53
2.87,62721.72,36.99,3866.31,0.07,-0.57,-9.99,-0.96,-4.60,0.53,-1.61,0.86,-12.13,-27.599443,-48.518115,12,13.65
2.63,62419.09,38.94,3903.53,-1.01,-1.16,-9.32,-0.98,-2.68,-2.09,-1.94,1.21,-11.40,-27.599439,-48.518099,8,13.76
2.39,62118.44,38.58,3940.65,0.39,0.42,-9.76,-0.08,-4.26,-0.86,-0.11,2.97,-10.19,-27.599434,-48.518084,10,13.87
2.15,61819.75,39.73,3977.68,-0.57,-0.35,-9.29,-1.60,-3.75,-0.95,0.07,0.20,-10.18,-27.599430,-48.518069,9,13.98
1.91,61523.01,37.63,4014.60,0.63,0.86,-9.34,-0.33,-3.16,0.34,2.16,-0.14,-7.70,-27.599425,-48.518054,11,14.09
1.67,61228.21,37.17,4051.43,-0.71,-0.16,-9.37,0.61,-4.93,0.46,1.01,-2.19,-8.30,-27.599421,-48.518039,9,14.19
1.43,60935.33,36.69,4088.16,0.24,0.08,-9.82,-0.32,-4.67,-0.60,2.16,-1.39,-6.96,-27.599416,-48.518023,10,14.31
1.19,60644.37,35.97,4124.79,0.19,0.22,-10.32,0.08,-2.53,1.63,1.38,-0.77,-8.16,-27.599412,-48.518008,8,14.41
0.95,60355.31,37.11,4161.32,-0.07,-0.37,-10.04,0.69,-4.87,1.19,-0.58,0.20,-8.61,-27.599407,-48.517993,12,14.53
0.71,60068.13,37.62,4197.76,-0.45,0.39,-10.00,-1.92,-4.30,0.37,-0.95,0.83,-10.67,-27.599403,-48.517978,8,14.64
0.48,59782.84,36.36,4234.09,0.63,-0.26,-9.61,0.35,-3.93,-0.56,-0.34,2.08,-11.19,-27.599398,-48.517963,11,14.75
0.24,59499.40,35.51,4270.33,-0.01,-0.30,-10.05,1.03,-3.23,0.38,-2.07,1.68,-12.18,-27.599394,-48.517947,9,14.86
0.01,59217.82,33.93,4306.47,-0.18,-0.87,-10.24,0.92,-3.58,-0.06,-0.97,-1.14,-13.16,-27.599389,-48.517932,8,14.97
-0.23,58938.08,34.05,4342.52,-0.56,0.28,-10.07,0.94,-1.67,0.71,-0.30,-0.35,-11.78,-27.599385,-48.517917,12,15.08
-0.46,58660.17,34.76,4378.46,0.83,-1.09,-9.64,-0.26,-3.71,0.32,1.93,-3.62,-9.95,-27.599380,-48.517902,10,15.18
-0.69,58384.07,32.96,4414.31,-1.03,-0.28,-9.44,-0.97,-4.12,-1.99,0.51,-2.99,-8.88,-27.599376,-48.517887,11,15.29
-0.93,58109.78,35.48,4450.05,0.39,-0.31,-8.75,-1.42,-3.12,-0.35,2.14,-1.89,-7.54,-27.599371,-48.517871,8,15.39
-1.16,57837.28,35.27,4485.70,0.67,-0.38,-9.24,-0.44,-3.82,3.10,2.05,-0.32,-7.99,-27.599367,-48.517856,10,15.51
-1.39,57566.56,36.75,4521.26,-0.06,0.22,-9.06,-1.58,-5.69,-1.07,-0.14,0.49,-7.65,-27.599362,-48.517841,9,15.62
-1.62,57297.61,35.09,4556.71,-0.34,0.19,-10.36,1.00,-4.04,-0.56,-0.17,1.38,-9.32,-27.599358,-48.517826,12,15.73
-1.85,57030.42,32.09,4592.07,0.13,0.06,-9.22,0.42,-3.87,1.70,-2.64,1.70,-8.09,-27.599353,-48.517810,12,15.84
-2.08,56764.97,32.71,4627.32,-0.15,-0.01,-9.80,-0.85,-3.27,1.07,-2.63,1.92,-10.03,-27.599349,-48.517795,12,15.95
-2.31,56501.27,33.35,4662.48,-1.17,0.44,-9.30,-0.95,-5.29,-0.59,-3.33,-0.07,-10.21,-27.599344,-48.517780,10,16.06
-2.53,56239.28,32.75,4697.54,-0.83,-0.60,-10.40,1.14,-2.94,-1.24,-0.87,-2.63,-11.50,-27.599340,-48.517765,12,16.17
-2.76,55979.01,32.49,4732.51,-0.02,-0.05,-10.12,2.05,-3.40,2.36,0.51,-2.31,-11.06,-27.599335,-48.517750,8,16.26
-2.99,55720.44,31.75,4767.37,-0.42,0.36,-9.61,-0.81,-3.40,1.06,1.26,-1.34,-10.55,-27.599331,-48.517734,10,16.37
-3.21,55463.57,31.39,4802.14,-1.32,0.46,-10.10,0.58,-3.26,-0.45,0.56,-0.52,-10.46,-27.599326,-48.517719,10,16.48
-3.44,55208.37,31.13,4836.81,0.37,0.98,-9.60,-1.11,-5.24,-0.33,2.25,2.35,-8.46,-27.599322,-48.517704,12,16.59
-3.66,54954.85,32.22,4871.38,-0.11,0.21,-8.91,-1.67,-4.00,-0.34,1.56,0.60,-6.06,-27.599317,-48.517689,11,16.70
-3.89,54702.98,29.58,4905.85,-0.41,-0.02,-10.09,-0.62,-2.97,0.63,0.10,2.89,-9.86,-27.599313,-48.517674,10,16.83
-4.11,54452.76,31.59,4940.23,0.13,-0.33,-10.23,-0.84,-4.41,-1.28,-0.93,0.73,-8.90,-27.599308,-48.517658,12,16.92
-4.33,54204.18,30.13,4974.50,-0.38,0.29,-10.99,-0.25,-3.61,-0.21,-1.97,1.73,-9.87,-27.599304,-48.517643,10,17.04
-4.56,53957.22,29.45,5008.68,-0.11,-0.11,-9.37,0.96,-5.48,2.84,-2.33,-0.95,-9.11,-27.599299,-48.517628,10,17.15
-4.78,53711.89,28.48,5042.76,-0.45,-0.47,-9.27,-1.80,-4.39,0.61,-1.87,-1.79,-10.09,-27.599295,-48.517613,9,17.25
-5.00,53468.16,28.06,5076.75,-0.07,0.38,-9.81,0.09,-2.70,-1.86,-0.36,-1.93,-12.64,-27.599290,-48.517598,8,17.37
-5.22,53226.02,28.96,5110.63,-0.55,-0.05,-10.54,0.73,-3.08,0.88,0.35,-1.20,-12.72,-27.599286,-48.517582,12,17.47
-5.44,52985.47,27.83,5144.42,0.47,0.34,-9.46,-0.31,-4.52,-1.43,3.07,-0.56,-10.20,-27.599281,-48.517567,9,17.58
-5.66,52746.50,29.67,5178.11,0.16,-0.04,-9.10,-0.27,-5.03,-0.08,1.86,1.43,-11.28,-27.599277,-48.517552,9,17.69
-5.88,52509.09,27.39,5211.70,-0.21,-0.21,-10.93,-0.20,-5.21,-1.22,1.06,0.27,-11.29,-27.599272,-48.517537,10,17.80
-6.09,52273.24,29.25,5245.19,0.03,-0.12,-9.84,0.68,-3.22,-0.04,-0.35,0.75,-9.16,-27.599268,-48.517522,12,17.92
-6.31,52038.93,29.48,5278.58,-0.37,-0.80,-9.99,1.06,-3.30,-0.26,-0.87,0.55,-7.21,-27.599263,-48.517506,9,18.04
-6.53,51806.16,26.95,5311.88,0.30,0.43,-10.50,0.89,-4.55,-1.08,-1.55,1.16,-7.94,-27.599259,-48.517491,8,18.15
-6.74,51574.92,27.37,5345.07,0.48,0.14,-9.72,-1.08,-2.34,0.99,-1.35,-0.31,-7.75,-27.599254,-48.517476,12,18.25
-6.96,51345.19,28.03,5378.17,0.27,0.36,-10.05,-0.45,-5.99,-0.43,-1.35,-1.98,-10.07,-27.599250,-48.517461,8,18.37
-7.17,51116.97,26.06,5411.17,0.88,0.41,-10.20,0.55,-5.13,1.19,0.72,-1.32,-10.25,-27.599245,-48.517446,11,18.47
-7.39,50890.24,27.99,5444.08,-0.20,-0.08,-11.00,-0.57,-5.94,0.01,0.27,-0.60,-12.61,-27.599241,-48.517430,9,18.59
-7.60,50665.00,26.92,5476.88,0.04,0.17,-9.22,-1.21,-4.17,-0.62,1.20,-0.14,-11.01,-27.599236,-48.517415,9,18.70
-7.81,50441.24,27.98,5509.59,0.29,0.08,-9.29,-0.07,-3.97,0.52,1.32,1.69,-10.89,-27.599232,-48.517400,9,18.81
-8.02,50218.95,25.27,5542.20,0.44,0.29,-9.39,-0.04,-4.24,-0.88,2.27,2.84,-11.52,-27.599227,-48.517385,11,18.91
-8.24,49998.12,25.41,5574.71,-0.23,-0.17,-9.48,-1.44,-6.13,0.03,0.50,1.47,-9.49,-27.599223,-48.517370,8,19.02
-8.45,49778.73,24.55,5607.12,0.23,-1.04,-9.83,-0.70,-2.50,-1.32,0.72,0.29,-9.87,-27.599218,-48.517354,11,19.13
-8.66,49560.79,26.19,5639.44,0.19,0.76,-9.64,-1.76,-3.47,0.96,-1.80,0.72,-7.52,-27.599214,-48.517339,12,19.24
-8.87,49344.28,24.40,5671.65,-0.03,-0.19,-9.42,1.38,-5.44,-0.85,-1.02,-2.28,-7.30,-27.599209,-48.517324,10,19.36
-9.07,49129.19,23.45,5703.77,-0.01,-0.24,-10.27,0.70,-2.76,0.15,-0.83,-3.47,-8.11,-27.599205,-48.517309,10,19.46
-9.28,48915.51,23.97,5735.79,-0.45,0.24,-9.84,-0.42,-4.73,-0.15,-1.53,-0.04,-8.66,-27.599201,-48.517294,10,19.57
-9.49,48703.24,23.71,5767.72,0.57,0.06,-9.91,-0.13,-4.70,1.75,0.88,-1.61,-8.47,-27.599196,-48.517278,12,19.68
-9.70,48492.37,24.18,5799.54,-0.03,0.03,-10.36,-0.47,-4.53,0.44,-0.09,1.48,-10.97,-27.599192,-48.517263,8,19.78
-9.90,48282.88,21.45,5831.27,0.01,0.32,-10.30,-0.74,-3.49,0.94,2.53,1.65,-11.70,-27.599187,-48.517248,11,19.90
-10.11,48074.77,24.02,5862.89,-0.90,0.12,-8.90,-0.30,-2.66,0.08,0.51,2.22,-11.23,-27.599183,-48.517233,12,20.01
-10.31,47868.02,22.45,5894.42,0.55,0.28,-9.73,-0.83,-4.48,-0.70,1.28,0.56,-11.49,-27.599178,-48.517217,8,20.12
-10.52,47662.64,22.52,5925.86,-0.20,-1.23,-10.58,0.53,-5.77,1.12,1.19,-0.49,-12.94,-27.599174,-48.517202,9,20.23
-10.72,47458.61,21.75,5957.19,0.03,0.00,-9.85,0.55,-3.77,-0.22,-1.40,-0.27,-9.90,-27.599169,-48.517187,11,20.33
-10.92,47255.93,23.24,5988.43,-0.43,-0.59,-9.75,0.75,-4.19,-0.74,-2.55,-1.90,-9.26,-27.599165,-48.517172,10,20.44
-11.13,47054.57,21.44,6019.56,-0.33,0.45,-10.69,0.46,-4.11,0.84,-2.30,-1.94,-10.44,-27.599160,-48.517157,10,20.55
-11.33,46854.55,21.12,6050.60,0.32,-0.43,-10.05,-1.22,-6.42,0.46,-0.94,-1.93,-7.30,-27.599156,-48.517141,10,20.66
-11.53,46655.84,20.79,6081.54,0.33,-1.00,-9.69,0.30,-4.56,2.63,-0.24,-1.54,-7.44,-27.599151,-48.517126,9,20.77
-11.73,46458.44,21.25,6112.39,-0.47,0.07,-9.52,1.96,-3.38,0.05,0.80,0.27,-7.65,-27.599147,-48.517111,9,20.88
-11.93,46262.34,22.86,6143.13,-0.21,-0.48,-9.33,0.85,-4.21,-0.29,2.64,1.04,-8.73,-27.599142,-48.517096,11,20.99
-12.13,46067.54,19.89,6173.78,0.09,0.03,-9.51,-0.08,-6.12,-1.27,2.10,1.58,-10.07,-27.599138,-48.517081,9,21.10
-12.33,45874.02,19.17,6204.33,0.36,-0.80,-9.63,-0.53,-5.44,-0.44,1.43,0.13,-12.02,-27.599133,-48.517065,12,21.21
-12.53,45681.78,20.47,6234.78,-0.59,-0.42,-9.27,-0.01,-3.73,1.80,-0.19,0.22,-11.52,-27.599129,-48.517050,9,21.32
-12.72,45490.81,19.08,6265.13,-0.03,-0.49,-10.26,-0.77,-4.30,2.13,0.05,-1.46,-12.66,-27.599124,-48.517035,11,21.43
-12.92,45301.10,19.51,6295.39,0.06,0.47,-9.81,-0.56,-3.35,-0.59,-1.32,-1.34,-10.79,-27.599120,-48.517020,11,21.54
-13.12,45112.64,19.00,6325.54,0.17,-0.37,-9.86,-0.72,-5.95,0.27,-2.00,-1.53,-10.30,-27.599115,-48.517005,10,21.64
-13.31,44925.43,18.06,6355.60,0.20,1.23,-10.13,0.49,-4.28,-0.49,-0.62,0.60,-9.16,-27.599111,-48.516989,8,21.76
-13.51,44739.45,19.00,6385.56,-0.16,0.16,-10.54,0.48,-3.63,-0.22,-0.89,0.67,-7.45,-27.599106,-48.516974,8,21.87
-13.70,44554.71,20.19,6415.42,0.33,-0.67,-9.74,-1.09,-4.69,2.93,-0.34,1.72,-8.30,-27.599102,-48.516959,11,21.97
-13.89,44371.18,20.81,6445.19,-0.27,0.20,-9.91,-1.71,-3.43,-1.22,1.31,1.87,-8.98,-27.599097,-48.516944,8,22.08
-14.09,44188.87,17.77,6474.85,-0.32,-0.38,-10.33,1.26,-5.97,-0.27,1.90,0.43,-9.48,-27.599093,-48.516929,10,22.19
-14.28,44007.77,17.85,6504.42,-0.01,0.27,-9.65,-0.20,-3.92,-0.55,2.24,1.09,-9.52,-27.599088,-48.516913,12,22.30
-14.47,43827.87,17.84,6533.89,-0.18,-0.13,-10.36,-0.10,-1.07,0.87,1.27,-1.40,-11.85,-27.599084,-48.516898,10,22.41
-14.66,43649.16,17.38,6563.26,-0.71,0.10,-9.40,0.55,-2.11,0.17,-1.24,-1.47,-11.38,-27.599079,-48.516883,9,22.52
-14.85,43471.63,14.70,6592.54,0.53,-0.30,-10.98,-0.22,-7.08,1.03,-0.11,-1.80,-11.94,-27.599075,-48.516868,8,22.64
-15.04,43295.28,17.98,6621.71,0.09,-0.58,-9.94,-0.01,-3.84,-0.18,-1.72,-1.50,-11.13,-27.599070,-48.516853,8,22.74
-15.23,43120.10,16.21,6650.79,-0.30,0.49,-9.79,2.09,-3.59,0.24,-0.75,-0.11,-10.70,-27.599066,-48.516837,9,22.84
-15.42,42946.09,18.25,6679.77,-0.07,0.32,-9.79,-0.64,-3.22,-0.76,-1.37,2.44,-9.29,-27.599061,-48.516822,11,22.96
-15.61,42773.22,13.96,6708.65,1.78,0.62,-9.84,-0.46,-6.57,-0.74,1.17,2.83,-8.48,-27.599057,-48.516807,10,23.07
-15.79,42601.51,14.81,6737.43,-0.53,0.09,-9.63,-0.79,-5.19,0.26,0.12,3.60,-7.28,-27.599052,-48.516792,10,23.17
-15.98,42430.94,17.54,6766.12,0.02,-0.43,-9.77,-0.27,-3.79,0.01,1.64,-0.80,-8.07,-27.599048,-48.516777,12,23.29
-16.17,42261.50,14.67,6794.70,0.13,0.47,-9.96,0.41,-2.74,-0.98,2.87,0.95,-7.26,-27.599043,-48.516761,12,23.40
-16.35,42093.19,14.25,6823.19,-0.22,-0.07,-10.30,-0.05,-2.87,2.20,1.95,-1.57,-9.84,-27.599039,-48.516746,9,23.50
-16.54,41926.00,16.83,6851.58,-0.06,1.06,-9.71,0.92,-3.89,1.03,1.19,-1.46,-10.59,-27.599034,-48.516731,11,23.61
-16.72,41759.92,14.97,6879.88,-0.33,-0.34,-10.05,-0.83,-4.62,2.10,-1.17,-3.43,-11.08,-27.599030,-48.516716,8,23.72
-16.90,41594.94,15.68,6908.07,-0.33,0.60,-10.20,0.68,-3.95,-0.54,-1.92,-0.87,-13.03,-27.599025,-48.516701,11,23.83
-17.09,41431.07,14.18,6936.17,-0.35,0.42,-10.24,2.90,-3.46,-1.78,-1.76,1.60,-13.37,-27.599021,-48.516685,11,23.94
-17.27,41268.29,14.72,6964.17,0.12,-0.81,-9.77,1.16,-2.54,1.95,-1.63,1.52,-11.20,-27.599016,-48.516670,11,24.08
-17.45,41106.60,14.32,6992.07,-1.28,0.03,-9.12,-1.29,-2.62,0.87,-2.28,2.79,-9.14,-27.599012,-48.516655,12,24.19
-17.63,40945.98,13.30,7019.87,-0.07,0.02,-9.85,0.38,-4.47,-0.13,-0.24,1.36,-8.59,-27.599007,-48.516640,11,24.31
-17.81,40786.44,12.95,7047.57,-0.27,0.22,-10.54,-0.08,-4.63,-0.89,0.62,0.64,-8.48,-27.599003,-48.516625,9,24.43
-17.99,40627.96,13.37,7075.18,-0.15,0.08,-9.25,0.84,-6.11,-1.48,2.35,-0.21,-7.76,-27.598998,-48.516609,12,24.54
-18.17,40470.54,12.64,7102.69,0.69,-0.30,-9.48,-0.13,-2.27,-0.37,2.55,-2.27,-7.24,-27.598994,-48.516594,10,24.66
-18.35,40314.18,13.13,7130.10,-0.28,0.43,-9.51,0.57,-4.94,-0.11,0.28,-1.33,-7.91,-27.598989,-48.516579,10,24.78
-18.52,40158.86,11.82,7157.41,0.32,-0.62,-9.62,0.25,-4.54,-1.88,1.48,-0.94,-9.16,-27.598985,-48.516564,11,24.89
-18.70,40004.58,12.08,7184.62,-0.34,-0.54,-10.80,0.95,-4.00,-0.75,-2.12,-0.23,-12.14,-27.598980,-48.516548,10,25.01
-18.88,39851.34,11.07,7211.74,0.94,0.66,-9.57,-1.83,-4.76,-1.29,-0.49,1.49,-11.51,-27.598976,-48.516533,11,25.13
-19.05,39699.12,12.23,7238.75,-0.32,0.30,-9.45,0.47,-3.73,0.27,-2.04,1.73,-10.57,-27.598971,-48.516518,9,25.25
-19.23,39547.93,10.72,7265.67,-0.78,0.15,-10.09,-0.64,-5.34,0.47,-1.79,1.90,-11.45,-27.598967,-48.516503,9,25.36
-19.40,39397.75,11.13,7292.49,0.13,-0.18,-9.15,-0.58,-4.13,-0.14,-0.64,0.28,-10.99,-27.598962,-48.516488,8,25.48
-19.57,39248.58,11.13,7319.22,-0.08,1.20,-10.41,-2.34,-3.15,-0.43,1.36,0.93,-9.85,-27.598958,-48.516472,8,25.60
-19.75,39100.41,10.96,7345.84,-0.10,0.12,-10.10,-0.33,-4.35,-0.22,1.30,-1.14,-8.44,-27.598953,-48.516457,12,25.71
-19.92,38953.24,11.22,7372.37,0.12,-0.23,-9.71,0.42,-2.97,-1.05,1.77,-1.32,-8.10,-27.598949,-48.516442,11,25.83
-20.09,38807.06,10.72,7398.80,0.28,1.08,-9.61,-0.57,-4.05,1.76,2.21,0.73,-7.95,-27.598944,-48.516427,8,25.95
-20.26,38661.86,7.93,7425.13,0.62,-0.30,-10.47,-1.49,-3.67,0.37,0.58,-1.69,-8.94,-27.598940,-48.516412,12,26.06
-20.43,38517.64,7.82,7451.36,-0.62,0.65,-9.49,1.00,-3.37,0.66,-0.81,1.28,-8.49,-27.598936,-48.516396,8,26.18
-20.60,38374.40,7.94,7477.49,0.00,-0.34,-9.59,-1.02,-4.42,0.40,-0.20,1.72,-9.16,-27.598931,-48.516381,9,26.30
-20.77,38232.12,11.08,7503.53,0.57,0.10,-8.57,1.33,-4.00,0.00,-1.74,1.93,-9.98,-27.598927,-48.516366,12,26.42
-20.94,38090.80,10.22,7529.47,-0.05,0.14,-9.57,-0.74,-3.16,-0.57,-1.68,3.30,-10.88,-27.598922,-48.516351,8,26.53
-21.11,37950.44,9.73,7555.31,-0.14,-0.64,-10.07,-0.76,-4.44,-0.16,-0.96,0.20,-12.67,-27.598918,-48.516336,10,26.65
-21.28,37811.03,9.82,7581.05,-0.55,-0.63,-9.75,0.26,-4.33,1.15,0.61,-1.07,-11.24,-27.598913,-48.516320,9,26.77
-21.44,37672.56,9.62,7606.69,-0.40,0.27,-9.00,-0.59,-4.11,0.99,0.77,-0.95,-9.11,-27.598909,-48.516305,11,26.89
-21.61,37535.03,8.82,7632.24,0.17,0.01,-9.59,2.75,-3.47,-0.68,1.96,-1.95,-7.85,-27.598904,-48.516290,8,27.00
-21.77,37398.44,8.66,7657.69,-0.21,0.06,-9.04,-0.41,-3.00,1.63,1.85,-0.71,-7.89,-27.598900,-48.516275,12,27.12
-21.94,37262.77,8.31,7683.04,0.64,-0.30,-9.71,0.12,-3.93,-1.18,0.88,-1.03,-6.97,-27.598895,-48.516260,12,27.24
-22.10,37128.02,8.17,7708.29,-0.01,-0.13,-10.71,0.72,-2.97,1.60,0.01,-0.42,-8.14,-27.598891,-48.516244,10,27.35
-22.27,36994.18,8.57,7733.44,1.14,-0.30,-9.38,1.69,-3.53,-0.55,0.67,0.61,-7.98,-27.598886,-48.516229,11,27.42
-22.43,36861.26,7.59,7758.50,0.19,0.21,-10.00,-0.49,-3.61,1.41,-1.86,2.94,-9.14,-27.598882,-48.516214,12,27.50
-22.59,36729.25,7.61,7783.46,-0.34,-0.07,-9.29,0.30,-4.07,1.04,-2.49,1.15,-9.15,-27.598877,-48.516199,8,27.60
-22.75,36598.13,6.34,7808.31,-0.02,0.19,-9.74,-1.97,-5.47,1.50,-1.38,-0.50,-10.78,-27.598873,-48.516184,12,27.70
-22.91,36467.91,5.20,7833.08,0.46,-0.12,-9.62,-1.06,-3.97,0.05,0.59,-1.73,-11.86,-27.598868,-48.516168,10,27.83
-23.08,36338.57,8.74,7857.74,-0.26,0.63,-10.59,-0.19,-2.68,-0.75,1.10,-0.91,-11.73,-27.598864,-48.516153,9,27.92
-23.23,36210.12,6.28,7882.30,-0.45,-0.43,-8.96,0.95,-3.84,-1.49,1.77,-1.95,-9.36,-27.598859,-48.516138,10,28.04
-23.39,36082.55,5.59,7906.77,0.22,-0.15,-10.03,1.11,-3.43,0.15,1.98,-0.71,-9.38,-27.598855,-48.516123,12,28.14
-23.55,35955.85,6.95,7931.14,0.10,0.38,-9.46,1.23,-5.93,-0.15,2.21,0.43,-7.88,-27.598850,-48.516108,12,28.26
-23.71,35830.03,9.10,7955.41,-0.14,-0.05,-9.27,1.48,-2.89,1.12,0.93,1.47,-8.20,-27.598846,-48.516092,8,28.38
-23.87,35705.06,7.43,7979.58,0.62,0.63,-8.83,-0.75,-5.54,1.27,-0.25,2.34,-7.59,-27.598841,-48.516077,9,28.48
-24.02,35580.95,6.10,8003.66,-0.47,0.00,-9.10,0.24,-3.18,0.28,-1.18,1.39,-7.15,-27.598837,-48.516062,11,28.59
-24.18,35457.70,5.85,8027.63,0.05,-0.24,-9.65,-0.11,-4.80,1.65,-2.72,0.72,-9.43,-27.598832,-48.516047,8,28.70
-24.33,35335.29,6.80,8051.51,0.65,-0.58,-9.92,0.27,-3.74,0.12,-0.59,-1.76,-11.00,-27.598828,-48.516032,12,28.81
-24.49,35213.73,5.82,8075.29,-0.67,-0.31,-9.82,0.11,-3.96,0.35,-1.91,-2.75,-10.70,-27.598823,-48.516016,10,28.92
-24.64,35093.00,4.47,8098.97,-0.20,-0.95,-10.48,1.14,-4.87,2.66,0.21,-3.55,-12.05,-27.598819,-48.516001,8,29.03
-24.80,34973.11,5.33,8122.56,-0.45,-0.36,-10.13,-0.21,-3.45,0.19,1.01,-2.09,-12.66,-27.598814,-48.515986,10,29.14
-24.95,34854.05,4.99,8146.04,0.23,-0.63,-9.05,1.02,-6.30,-1.12,1.68,-0.02,-10.24,-27.598810,-48.515971,11,29.26
-25.10,34735.81,4.43,8169.43,0.81,-0.50,-9.53,-0.02,-4.47,0.09,1.85,0.72,-10.53,-27.598805,-48.515955,11,29.36
-25.25,34618.39,4.29,8192.72,-0.39,1.04,-9.50,-0.20,-3.27,-0.74,1.17,2.43,-9.92,-27.598801,-48.515940,12,29.48
-25.40,34501.78,3.67,8215.91,-0.52,-0.14,-9.54,-0.27,-3.59,-0.05,-0.18,1.32,-8.03,-27.598796,-48.515925,12,29.58
-25.55,34385.99,4.11,8239.00,-0.05,0.69,-9.56,0.71,-4.22,0.48,-1.11,2.55,-7.11,-27.598792,-48.515910,11,29.70
-25.70,34270.99,4.51,8262.00,-0.73,0.30,-9.50,-0.40,-2.35,0.89,-2.90,0.18,-7.81,-27.598787,-48.515895,10,29.81
-25.85,34156.80,4.23,8284.90,0.05,-0.02,-10.46,-1.13,-4.33,0.30,-2.22,-2.09,-8.98,-27.598783,-48.515879,11,29.92
-26.00,34043.41,3.46,8307.69,-0.38,-0.45,-10.34,-0.40,-2.77,0.70,-0.77,-2.39,-9.78,-27.598778,-48.515864,8,30.03
-26.15,33930.80,3.15,8330.40,-0.05,0.38,-9.79,0.14,-5.85,-1.64,-0.53,-1.62,-11.31,-27.598774,-48.515849,11,30.14
-26.29,33818.98,3.88,8353.00,0.12,0.66,-9.69,1.48,-4.52,-0.73,1.20,-0.05,-11.76,-27.598769,-48.515834,10,30.25
-26.44,33707.95,3.89,8375.50,0.46,0.13,-9.28,0.71,-2.64,-0.02,1.80,0.25,-11.52,-27.598765,-48.515819,8,30.35
-26.59,33597.69,2.00,8397.91,-0.09,0.30,-9.67,2.16,-3.74,-1.44,0.93,2.87,-11.56,-27.598760,-48.515803,10,30.46
-26.73,33488.20,1.74,8420.22,-0.01,-0.12,-9.22,0.09,-5.88,-0.83,1.92,1.59,-11.13,-27.598756,-48.515788,10,30.56
-26.88,33379.48,2.62,8442.43,-0.84,0.26,-10.26,-0.78,-4.54,0.53,0.07,1.99,-10.41,-27.598751,-48.515773,11,30.69
-27.02,33271.53,4.19,8464.54,0.02,-0.01,-9.80,0.27,-4.44,-0.22,-1.12,0.83,-10.10,-27.598747,-48.515758,12,30.80
-27.16,33164.34,3.41,8486.55,0.04,0.34,-9.74,1.08,-3.86,0.62,-2.08,-0.26,-8.30,-27.598742,-48.515743,10,30.92
-27.31,33057.90,3.34,8508.47,-0.64,0.83,-9.58,0.56,-3.93,-1.37,-2.43,-0.53,-7.68,-27.598738,-48.515727,8,31.03
-27.45,32952.21,3.17,8530.29,1.00,-0.68,-9.80,-1.01,-4.55,0.36,-0.64,-3.41,-8.70,-27.598733,-48.515712,12,31.14
-27.59,32847.27,0.87,8552.01,0.18,-0.49,-9.55,0.86,-3.76,-0.25,-0.31,-1.92,-8.21,-27.598729,-48.515697,12,31.23
-27.73,32743.08,2.09,8573.63,0.89,0.15,-8.94,0.20,-6.54,-0.23,1.02,-0.35,-8.15,-27.598724,-48.515682,12,31.36
-27.87,32639.62,0.24,8595.15,0.13,-0.98,-9.44,-0.29,-3.57,-0.24,0.81,0.36,-10.26,-27.598720,-48.515667,9,31.47
-28.01,32536.89,0.60,8616.58,-0.21,-0.44,-9.58,1.20,-4.95,-0.25,1.22,2.68,-11.37,-27.598715,-48.515651,8,31.57
-28.15,32434.90,2.49,8637.91,0.02,-0.59,-10.35,0.30,-2.63,-2.29,1.72,2.11,-13.58,-27.598711,-48.515636,9,31.68
-28.28,32333.64,0.25,8659.14,-0.05,0.43,-11.09,-1.17,-3.41,-0.90,1.09,1.28,-12.68,-27.598706,-48.515621,10,31.79
-28.42,32233.09,2.47,8680.27,0.10,-0.77,-10.38,1.12,-4.96,-0.86,-0.08,-1.18,-12.05,-27.598702,-48.515606,10,31.90
-28.56,32133.27,0.99,8701.30,-0.09,1.25,-10.16,-0.44,-3.66,0.09,-0.44,-0.44,-9.33,-27.598697,-48.515591,9,32.01
-28.69,32034.16,1.39,8722.24,-0.13,-0.04,-10.17,-1.03,-4.03,1.44,-1.92,-1.70,-9.49,-27.598693,-48.515575,9,32.12
-28.83,31935.75,0.00,8743.07,0.44,0.81,-10.25,0.57,-4.51,-0.79,-0.71,-1.58,-8.44,-27.598688,-48.515560,10,32.24
-28.96,31838.06,1.45,8763.81,-0.04,0.20,-10.04,0.87,-3.91,0.51,-2.39,-0.73,-7.98,-27.598684,-48.515545,12,32.35
-29.10,31741.07,0.88,8784.45,-0.20,-0.07,-8.60,0.58,-3.77,-0.21,-0.66,0.40,-6.48,-27.598679,-48.515530,8,32.45
-29.23,31644.77,0.00,8805.00,-0.43,0.22,-9.76,-1.60,-3.38,0.55,0.96,1.24,-8.59,-27.598675,-48.515515,10,32.56
-29.37,31549.18,0.00,8825.44,0.57,0.23,-10.03,-0.26,-3.84,-1.34,1.85,2.24,-9.29,-27.598670,-48.515499,9,32.68
-29.50,31454.27,0.00,8845.79,0.11,-1.19,-10.55,1.03,-3.66,-0.12,1.99,-1.60,-11.43,-27.598666,-48.515484,11,32.79
-29.63,31360.05,0.00,8866.04,0.36,-0.45,-9.62,-1.29,-2.56,-0.29,1.60,1.59,-11.38,-27.598662,-48.515469,10,32.90
-29.76,31266.51,0.00,8886.19,-0.25,0.18,-10.03,-0.67,-4.57,-1.30,0.46,-0.09,-11.99,-27.598657,-48.515454,11,33.01
-29.89,31173.65,0.00,8906.24,-0.53,-0.27,-10.28,-1.05,-4.84,-0.28,-1.46,-2.79,-11.91,-27.598653,-48.515439,9,33.12
-30.02,31081.47,0.00,8926.19,-0.50,0.55,-10.31,0.88,-3.91,-0.30,-2.71,-1.13,-10.03,-27.598648,-48.515423,11,33.23
-30.15,30989.97,0.00,8946.05,-0.49,0.21,-9.31,1.17,-4.64,1.37,-2.36,-1.50,-8.81,-27.598644,-48.515408,11,33.34
-30.28,30899.13,0.00,8965.81,-0.42,0.32,-9.32,0.35,-3.55,-1.59,-1.92,1.13,-8.93,-27.598639,-48.515393,10,33.44
-30.41,30808.95,0.00,8985.47,0.09,-0.63,-9.51,0.78,-4.49,0.29,-0.22,0.17,-7.79,-27.598635,-48.515378,10,33.56
-30.53,30719.44,0.00,9005.03,-0.58,0.21,-9.76,-0.92,-4.53,0.35,-0.59,1.90,-7.50,-27.598630,-48.515362,11,33.67
-30.66,30630.58,0.00,9024.49,0.56,0.19,-9.74,1.66,-3.14,0.79,1.30,2.42,-9.25,-27.598626,-48.515347,9,33.77
-30.79,30542.38,0.00,9043.86,-0.68,0.38,-9.67,-0.32,-3.70,1.89,1.69,1.43,-10.01,-27.598621,-48.515332,9,33.88
-30.91,30454.83,0.00,9063.12,0.89,0.28,-8.96,-0.66,-3.64,-0.77,3.55,-0.91,-11.36,-27.598617,-48.515317,9,33.99
-31.03,30367.93,0.00,9082.29,-0.63,0.59,-9.42,-0.71,-3.65,-0.21,1.09,-1.14,-10.54,-27.598612,-48.515302,8,34.10
-31.16,30281.67,0.00,9101.36,-0.10,0.05,-10.48,-0.84,-4.63,1.10,-1.10,-1.52,-12.95,-27.598608,-48.515286,10,34.21
-31.28,30196.06,0.00,9120.34,0.83,0.14,-9.75,-1.44,-1.97,0.07,-0.16,-0.95,-11.94,-27.598603,-48.515271,9,34.32
-31.40,30111.08,0.00,9139.21,-0.18,0.27,-9.81,0.25,-2.78,-0.13,-1.28,-0.37,-10.80,-27.598599,-48.515256,11,34.43
-31.53,30026.73,0.00,9157.99,-0.06,0.07,-10.72,0.63,-3.76,0.77,-1.81,0.95,-12.19,-27.598594,-48.515241,11,34.54
-31.65,29943.02,0.00,9176.67,0.05,0.46,-9.65,-1.07,-4.14,0.70,-0.75,2.63,-9.05,-27.598590,-48.515226,10,34.65
-31.77,29859.93,0.00,9195.25,0.03,-0.29,-10.17,0.67,-4.58,3.65,0.08,2.43,-8.81,-27.598585,-48.515210,10,34.76
-31.89,29777.46,0.00,9213.73,0.66,0.08,-8.61,1.10,-3.37,-0.14,1.01,2.38,-6.42,-27.598581,-48.515195,9,34.87
-32.01,29695.62,0.00,9232.12,-1.12,0.32,-9.61,-1.08,-5.01,-1.23,0.22,1.65,-7.92,-27.598576,-48.515180,9,34.98
-32.13,29614.39,0.00,9250.40,-0.13,-0.03,-9.47,0.76,-3.43,-0.04,1.35,0.31,-8.25,-27.598572,-48.515165,9,35.09
-32.25,29533.78,0.00,9268.59,1.06,-0.16,-9.70,-0.06,-4.07,0.23,3.19,-0.73,-10.04,-27.598567,-48.515150,11,35.19
-32.36,29453.78,0.00,9286.68,0.96,0.36,-10.68,1.31,-3.85,-0.43,1.64,-1.94,-12.37,-27.598563,-48.515134,8,35.30
-32.48,29374.39,0.00,9304.67,0.63,0.09,-9.85,-0.48,-4.00,0.53,-0.86,-1.05,-11.27,-27.598558,-48.515119,12,35.41
-32.60,29295.60,0.00,9322.57,1.03,-0.30,-10.01,-0.13,-4.26,-1.01,-1.08,-1.44,-12.08,-27.598554,-48.515104,9,35.52
-32.71,29217.42,0.00,9340.36,0.54,-0.72,-10.32,-0.07,-3.96,1.17,-2.10,0.45,-11.08,-27.598549,-48.515089,8,35.62
-32.83,29139.83,0.00,9358.06,0.88,-0.18,-9.50,-1.05,-4.19,-0.23,-0.47,0.84,-10.32,-27.598545,-48.515074,8,35.74
-32.94,29062.84,0.00,9375.66,0.04,0.04,-8.45,1.45,-2.98,1.30,-1.35,2.72,-8.86,-27.598540,-48.515058,10,35.85
-33.06,28986.44,0.00,9393.16,-0.05,0.80,-9.25,-0.13,-5.24,-0.91,-0.26,2.02,-8.55,-27.598536,-48.515043,9,35.96
-33.17,28910.63,0.00,9410.57,-0.56,-0.40,-9.73,2.42,-3.52,-0.09,0.66,-0.57,-7.81,-27.598531,-48.515028,11,36.07
-33.28,28835.41,0.00,9427.87,-0.04,-0.02,-10.66,0.78,-3.22,-0.32,1.60,-0.49,-8.25,-27.598527,-48.515013,9,36.18
-33.39,28760.77,0.00,9445.08,0.04,-0.62,-9.67,-0.34,-2.51,-0.21,1.78,-2.14,-8.28,-27.598522,-48.514998,8,36.28
-33.50,28686.71,0.00,9462.19,-0.32,0.30,-9.48,1.45,-3.48,1.52,1.89,-1.40,-8.29,-27.598518,-48.514982,11,36.40
-33.61,28613.23,0.00,9479.20,-0.32,0.03,-9.47,0.06,-3.62,0.77,-0.66,-0.39,-9.96,-27.598513,-48.514967,9,36.51
-33.72,28540.32,0.00,9496.11,0.32,0.27,-10.17,1.34,-4.69,0.06,-1.99,-0.69,-12.02,-27.598509,-48.514952,8,36.62
-33.83,28467.99,0.00,9512.93,-0.32,-0.02,-9.37,-0.30,-4.27,1.61,-3.16,2.12,-11.29,-27.598504,-48.514937,10,36.73
-33.94,28396.22,0.00,9529.64,0.48,0.44,-8.76,-1.77,-3.06,0.81,-1.25,1.78,-11.46,-27.598500,-48.514922,10,36.84
-34.05,28325.03,0.00,9546.26,-0.30,0.67,-9.45,-0.92,-4.13,0.05,-1.08,2.46,-10.11,-27.598495,-48.514906,10,36.94
-34.16,28254.39,0.00,9562.78,0.41,-0.08,-9.66,1.69,-2.75,1.33,0.92,0.52,-10.00,-27.598491,-48.514891,12,37.06
-34.26,28184.32,0.00,9579.21,0.11,-0.16,-9.87,-1.81,-3.49,0.16,0.53,0.12,-10.19,-27.598486,-48.514876,10,37.17
-34.37,28114.80,0.00,9595.53,0.23,-0.43,-9.45,-1.39,-4.12,2.64,1.27,-2.62,-7.92,-27.598482,-48.514861,10,37.27
-34.48,28045.84,0.00,9611.76,-0.10,1.19,-10.28,-1.63,-3.48,-0.97,1.92,-0.38,-8.25,-27.598477,-48.514846,12,37.38
-34.58,27977.43,0.00,9627.88,0.57,0.57,-9.88,0.08,-2.05,0.01,1.61,-1.03,-6.28,-27.598473,-48.514830,8,37.49
-34.69,27909.58,0.00,9643.91,0.29,-0.44,-10.11,0.21,-4.17,-1.27,0.19,-1.01,-8.62,-27.598468,-48.514815,10,37.60
-34.79,27842.27,0.00,9659.85,-0.26,-0.78,-9.66,-0.79,-2.71,-0.55,-1.32,0.49,-10.63,-27.598464,-48.514800,11,37.71
-34.89,27775.50,0.00,9675.68,-0.27,-0.21,-9.89,1.23,-3.35,0.33,-1.78,1.85,-10.60,-27.598459,-48.514785,8,37.83
-34.99,27709.28,0.00,9691.42,-0.05,-0.32,-10.12,0.70,-4.93,2.56,-1.42,2.11,-10.60,-27.598455,-48.514770,11,37.92
-35.10,27643.59,0.00,9707.05,-0.20,-0.46,-9.71,0.06,-3.79,-0.97,-2.03,0.64,-10.53,-27.598450,-48.514754,12,38.03
-35.20,27578.45,0.00,9722.59,0.32,0.39,-8.69,0.12,-4.69,0.90,-0.32,0.44,-9.96,-27.598446,-48.514739,8,38.14
-35.30,27513.84,0.00,9738.03,0.97,0.42,-9.73,-1.79,-3.46,-0.26,1.69,-0.94,-11.31,-27.598441,-48.514724,12,38.26
-35.40,27449.76,0.00,9753.38,-0.79,0.01,-9.72,-1.14,-4.09,0.72,0.50,-2.30,-9.79,-27.598437,-48.514709,8,38.36
-35.50,27386.21,0.00,9768.62,-0.86,0.06,-9.97,1.66,-3.32,0.39,0.88,-1.98,-9.28,-27.598432,-48.514693,12,38.47
-35.59,27323.18,0.00,9783.77,0.43,-0.44,-9.61,0.42,-4.26,1.28,2.24,-1.51,-7.52,-27.598428,-48.514678,8,38.58
-35.69,27260.68,0.00,9798.82,-0.78,-0.16,-9.87,0.77,-4.62,-0.52,0.70,-0.54,-6.52,-27.598423,-48.514663,11,38.69
-35.79,27198.71,0.00,9813.77,-0.12,0.30,-10.31,1.60,-5.33,0.69,-0.88,1.57,-8.67,-27.598419,-48.514648,8,38.80
-35.89,27137.25,0.00,9828.62,0.15,0.17,-9.74,-0.94,-3.80,-0.80,-1.19,3.42,-8.01,-27.598414,-48.514633,9,38.91
-35.98,27076.31,0.00,9843.38,-0.08,0.71,-9.99,-0.72,-2.93,-0.84,-1.41,1.97,-9.82,-27.598410,-48.514617,8,39.02
-36.08,27015.88,0.00,9858.03,0.44,-0.52,-9.20,-0.35,-3.48,0.82,-2.12,0.64,-10.30,-27.598405,-48.514602,10,39.13
-36.17,26955.97,0.00,9872.59,-0.19,0.23,-10.18,0.25,-3.08,-0.31,-1.41,0.87,-11.80,-27.598401,-48.514587,8,39.24
-36.27,26896.57,0.00,9887.05,-0.70,-0.47,-9.42,-1.24,-2.78,-0.47,-1.72,-2.02,-12.00,-27.598397,-48.514572,11,39.34
-36.36,26837.67,0.00,9901.42,0.47,0.26,-9.55,-0.97,-5.14,0.73,2.95,-1.56,-10.28,-27.598392,-48.514557,12,39.46
-36.45,26779.28,0.00,9915.68,-0.25,0.35,-10.49,-1.10,-5.37,0.01,1.45,-1.51,-11.03,-27.598388,-48.514541,8,39.57
-36.54,26721.40,0.00,9929.85,-1.13,-0.23,-9.96,-0.71,-3.19,-1.11,0.37,-0.30,-10.01,-27.598383,-48.514526,8,39.68
-36.64,26664.01,0.00,9943.92,-0.17,-0.37,-9.85,-1.95,-4.76,1.27,1.77,1.21,-8.83,-27.598379,-48.514511,9,39.78
-36.73,26607.13,0.00,9957.89,-0.25,0.33,-10.58,0.94,-3.38,0.35,0.45,2.28,-8.61,-27.598374,-48.514496,12,39.89
-36.82,26550.74,0.00,9971.76,-0.31,-0.17,-10.10,0.02,-2.40,0.89,-2.41,2.55,-7.61,-27.598370,-48.514481,12,40.00
-36.91,26494.85,0.00,9985.53,-0.89,0.90,-9.84,0.96,-4.37,0.10,-3.11,1.90,-7.86,-27.598365,-48.514465,9,40.11
-36.99,26439.45,0.00,9999.21,0.05,-0.64,-9.80,1.66,-4.85,-2.19,-0.74,-1.81,-9.29,-27.598361,-48.514450,8,40.23
-37.08,26384.53,0.00,10012.78,0.47,0.69,-9.74,-0.75,-2.74,-0.88,-0.75,0.11,-8.94,-27.598356,-48.514435,9,40.33
-37.17,26330.11,0.00,10026.26,0.62,-0.08,-10.74,0.44,-3.86,0.49,0.76,-2.08,-11.62,-27.598352,-48.514420,8,40.45
-37.26,26276.17,0.00,10039.64,0.29,-0.32,-9.40,-1.33,-5.37,1.96,0.89,-2.86,-10.15,-27.598347,-48.514405,12,40.55
-37.34,26222.72,0.00,10052.93,-0.17,0.71,-9.66,-2.23,-4.91,-0.64,0.88,0.02,-11.51,-27.598343,-48.514389,10,40.67
-37.43,26169.75,0.00,10066.11,0.13,0.39,-9.74,0.95,-4.18,0.25,1.50,0.22,-11.33,-27.598338,-48.514374,10,40.77
-37.51,26117.26,0.00,10079.20,0.26,-0.65,-10.95,-0.07,-3.81,-1.12,2.32,0.18,-11.83,-27.598334,-48.514359,8,40.88
-37.60,26065.24,0.00,10092.19,0.88,-0.34,-10.18,-1.80,-2.89,-0.14,2.11,2.16,-9.39,-27.598329,-48.514344,9,40.99
-37.68,26013.71,0.00,10105.08,-0.49,-0.16,-9.71,-0.90,-3.25,-0.95,0.09,1.60,-9.02,-27.598325,-48.514329,10,41.10
-37.77,25962.64,0.00,10117.87,0.70,-0.38,-9.36,-2.68,-4.80,-1.28,-0.38,0.38,-7.22,-27.598320,-48.514313,8,41.21
-37.85,25912.05,0.00,10130.57,0.77,0.31,-10.14,0.23,-4.20,-0.42,-1.89,0.42,-7.13,-27.598316,-48.514298,12,41.32
-37.93,25861.93,0.00,10143.16,0.26,-0.60,-9.97,-0.78,-5.59,-0.14,-0.57,-1.36,-9.97,-27.598311,-48.514283,8,41.43
-38.01,25812.27,0.00,10155.66,-0.53,0.08,-9.25,0.45,-3.97,-1.48,-0.83,-1.66,-8.43,-27.598307,-48.514268,10,41.54
-38.09,25763.08,0.00,10168.06,-0.91,1.34,-9.58,-0.20,-5.13,0.14,-0.80,0.21,-10.71,-27.598302,-48.514253,9,41.65
-38.17,25714.36,0.00,10180.37,-0.27,-0.02,-9.60,-0.42,-5.11,0.47,0.35,-0.75,-11.18,-27.598298,-48.514237,11,41.76
-38.25,25666.10,0.00,10192.57,-0.88,0.16,-9.34,1.26,-3.00,0.75,2.26,0.66,-11.89,-27.598293,-48.514222,8,41.87
-38.33,25618.30,0.00,10204.68,-0.30,0.34,-9.65,0.66,-5.04,-0.07,1.42,1.83,-10.86,-27.598289,-48.514207,9,41.98
-38.41,25570.95,0.00,10216.68,0.24,0.19,-10.20,-1.60,-2.83,-0.35,1.23,2.24,-10.81,-27.598284,-48.514192,12,42.09
-38.49,25524.07,0.00,10228.59,-0.34,-0.07,-9.20,0.12,-3.72,1.25,-0.05,1.17,-8.36,-27.598280,-48.514177,11,42.20
-38.56,25477.64,0.00,10240.41,0.10,0.91,-9.55,-0.11,-2.75,-1.46,-1.55,1.51,-9.00,-27.598275,-48.514161,9,42.31
-38.64,25431.66,0.00,10252.12,0.62,1.08,-9.35,0.12,-5.40,-0.37,-1.57,-0.05,-7.95,-27.598271,-48.514146,11,42.41
-38.71,25386.13,0.00,10263.74,0.03,-0.34,-9.47,1.24,-1.65,2.75,-2.00,-2.64,-6.67,-27.598266,-48.514131,8,42.53
-38.79,25341.06,0.00,10275.25,0.42,0.36,-9.77,-1.13,-2.49,-1.67,-1.51,-2.06,-7.58,-27.598262,-48.514116,9,42.64
-38.86,25296.43,0.00,10286.67,-0.60,0.08,-9.75,-1.26,-4.45,0.14,-1.44,-1.48,-8.84,-27.598257,-48.514100,11,42.75
-38.94,25252.24,0.00,10297.99,-0.35,-0.33,-9.69,-0.05,-2.71,2.14,0.07,0.50,-9.33,-27.598253,-48.514085,11,42.84
-39.01,25208.51,0.00,10309.22,0.63,-0.09,-9.59,0.15,-2.91,0.40,2.01,1.19,-10.92,-27.598248,-48.514070,10,42.95
-39.08,25165.21,0.00,10320.34,-0.36,0.26,-9.93,1.54,-5.42,-0.16,1.64,1.77,-12.11,-27.598244,-48.514055,9,43.06
-39.15,25122.36,0.00,10331.37,-0.04,0.08,-9.68,0.12,-3.17,0.53,1.31,2.80,-12.17,-27.598239,-48.514040,8,43.18
-39.22,25079.94,0.00,10342.30,0.06,0.41,-8.95,-1.18,-5.69,-0.78,0.47,0.86,-11.13,-27.598235,-48.514024,12,43.29
-39.30,25037.97,0.00,10353.13,0.45,-0.38,-10.57,0.85,-3.06,0.07,0.04,-1.22,-12.01,-27.598230,-48.514009,8,43.39
-39.37,24996.43,0.00,10363.86,-1.14,-0.00,-9.94,1.67,-3.88,0.86,-2.32,-0.79,-9.73,-27.598226,-48.513994,10,43.51
-39.43,24955.32,0.00,10374.50,-0.55,0.03,-10.04,-0.35,-3.14,0.02,-1.67,-2.13,-9.62,-27.598221,-48.513979,8,43.62
-39.50,24914.65,0.00,10385.03,-0.05,-0.64,-10.56,2.09,-2.62,-1.33,-1.34,-2.29,-9.09,-27.598217,-48.513964,12,43.73
-39.57,24874.41,0.00,10395.47,0.38,0.32,-8.93,2.25,-3.64,1.17,-0.75,-0.27,-7.31,-27.598212,-48.513948,10,43.84
-39.64,24834.60,0.00,10405.81,0.03,0.75,-10.05,-1.02,-3.62,1.34,-0.82,2.60,-7.59,-27.598208,-48.513933,10,43.95
-39.70,24795.21,0.00,10416.05,-0.13,0.23,-9.91,0.85,-5.01,-0.12,0.97,1.54,-8.53,-27.598203,-48.513918,12,44.06
-39.77,24756.26,0.00,10426.20,-0.01,-0.74,-9.86,0.30,-3.34,1.04,2.25,1.30,-11.33,-27.598199,-48.513903,11,44.16
-39.84,24717.73,0.00,10436.24,-0.30,-1.00,-9.88,-1.63,-3.94,0.78,1.92,0.11,-11.59,-27.598194,-48.513888,8,44.28
-39.90,24679.63,0.00,10446.19,1.43,0.85,-10.13,-0.27,-6.02,-0.35,2.63,1.03,-11.57,-27.598190,-48.513872,11,44.40
-39.96,24641.94,0.00,10456.04,-0.35,0.54,-9.84,-1.07,-5.70,-1.54,0.19,0.12,-11.55,-27.598185,-48.513857,10,44.51
-40.03,24604.68,0.00,10465.79,-0.71,0.09,-11.35,-0.24,-2.93,1.16,-2.05,-3.20,-12.26,-27.598181,-48.513842,12,44.62
-40.09,24567.84,0.00,10475.45,0.53,-0.33,-10.13,1.31,-2.86,-0.89,-0.87,-2.57,-10.71,-27.598176,-48.513827,9,44.74
-40.15,24531.42,0.00,10485.00,-0.47,0.36,-9.37,0.51,-6.13,1.26,-2.68,-1.39,-9.35,-27.598172,-48.513812,10,44.84
-40.21,24495.41,0.00,10494.46,0.26,0.54,-8.47,-0.79,-3.85,0.49,-0.80,0.98,-7.17,-27.598167,-48.513796,9,44.95
-40.27,24459.82,0.00,10503.82,-0.45,-0.44,-9.83,0.78,-4.89,-0.58,-1.25,0.34,-7.20,-27.598163,-48.513781,8,45.06
-40.34,24424.64,0.00,10513.08,0.52,-0.68,-10.26,-1.10,-5.83,-0.03,0.80,1.98,-7.23,-27.598158,-48.513766,8,45.18
-40.39,24389.88,0.00,10522.24,0.08,0.16,-10.60,2.09,-3.97,-0.56,1.59,2.45,-8.84,-27.598154,-48.513751,8,45.28
-40.45,24355.53,0.00,10531.31,-0.68,0.17,-10.69,0.17,-6.54,-0.99,0.77,1.66,-10.11,-27.598149,-48.513736,11,45.40
-40.51,24321.59,0.00,10540.27,-0.31,0.26,-10.43,0.53,-3.18,0.13,2.30,-0.29,-10.72,-27.598145,-48.513720,10,45.50
-40.57,24288.05,0.00,10549.14,1.37,-0.19,-9.58,-2.13,-3.58,-0.65,1.74,-1.75,-10.84,-27.598140,-48.513705,11,45.62
-40.63,24254.93,0.00,10557.91,0.01,-0.14,-10.39,0.79,-2.66,-0.49,-0.21,-2.06,-13.38,-27.598136,-48.513690,8,45.73
-40.68,24222.21,0.00,10566.59,-0.06,-0.28,-9.02,0.15,-3.66,-1.35,-1.05,-1.24,-10.46,-27.598132,-48.513675,10,45.87
-40.74,24189.90,0.00,10575.16,-0.17,0.28,-10.56,0.26,-3.60,1.40,-2.40,-0.05,-11.57,-27.598127,-48.513660,12,45.97
-40.79,24157.99,0.00,10583.64,0.20,0.32,-9.99,0.11,-2.80,-0.66,-1.65,1.01,-10.95,-27.598123,-48.513644,12,46.08
-40.85,24126.48,0.00,10592.02,-0.34,0.41,-9.93,0.49,-3.39,0.42,-0.82,2.03,-9.45,-27.598118,-48.513629,8,46.20
-40.90,24095.38,0.00,10600.30,0.00,0.35,-9.52,-1.37,-3.38,0.13,-0.42,2.27,-8.82,-27.598114,-48.513614,9,46.32
-40.96,24064.67,0.00,10608.48,-0.89,-0.26,-9.95,1.55,-4.70,0.34,1.07,1.77,-7.76,-27.598109,-48.513599,9,46.44
-41.01,24034.37,0.00,10616.56,0.05,-0.15,-9.44,0.39,-6.81,0.13,1.20,0.45,-7.75,-27.598105,-48.513584,11,46.55
-41.06,24004.46,0.00,10624.55,0.01,0.45,-10.18,-0.57,-5.30,-0.21,2.94,-0.52,-9.15,-27.598100,-48.513568,8,46.67
-41.11,23974.95,0.00,10632.44,-0.69,-0.38,-9.58,-0.16,-4.30,-1.34,0.60,-2.57,-9.67,-27.598096,-48.513553,8,46.77
-41.16,23945.84,0.00,10640.23,0.57,0.39,-10.49,0.89,-3.58,-0.19,1.20,-2.13,-10.99,-27.598091,-48.513538,11,46.89
-41.21,23917.12,0.00,10647.92,-0.16,-0.73,-11.15,1.19,-3.22,-0.12,-2.75,-2.46,-12.55,-27.598087,-48.513523,11,47.00
-41.26,23888.79,0.00,10655.51,0.89,-0.10,-9.38,-0.99,-5.32,-0.38,-1.34,0.28,-10.54,-27.598082,-48.513507,12,47.12
-41.31,23860.86,0.00,10663.01,-0.39,0.44,-9.36,-0.40,-3.61,-0.44,-2.38,1.05,-10.12,-27.598078,-48.513492,10,47.24
-41.36,23833.32,0.00,10670.40,-0.49,0.20,-10.66,0.16,-3.20,0.12,-1.97,2.41,-10.60,-27.598073,-48.513477,11,47.36
-41.41,23806.17,0.00,10677.70,-0.58,0.26,-10.80,-1.24,-3.55,-0.06,-0.04,0.95,-10.46,-27.598069,-48.513462,12,47.47
-41.45,23779.41,0.00,10684.90,0.82,0.59,-10.21,0.56,-3.04,-1.81,0.91,2.14,-8.22,-27.598064,-48.513447,11,47.59
-41.50,23753.03,0.00,10692.01,0.67,0.18,-10.07,0.76,-5.52,-0.59,2.35,0.22,-7.41,-27.598060,-48.513431,12,47.71
-41.54,23727.05,0.00,10699.01,-0.59,-0.11,-9.47,0.73,-3.36,1.18,1.66,-1.49,-7.78,-27.598055,-48.513416,8,47.82
-41.59,23701.45,0.00,10705.92,-0.26,0.56,-10.46,-0.37,-3.10,0.90,2.13,-2.51,-8.88,-27.598051,-48.513401,10,47.94
-41.63,23676.23,0.00,10712.73,-0.29,-0.01,-9.70,1.09,-3.76,0.50,0.07,-1.45,-9.79,-27.598046,-48.513386,11,48.06
-41.68,23651.41,0.00,10719.44,-0.06,0.86,-10.22,-1.73,-3.85,-0.97,0.31,1.44,-10.39,-27.598042,-48.513371,12,48.18
-41.72,23626.96,0.00,10726.05,0.27,0.32,-9.75,-0.73,-2.36,0.78,-0.86,0.69,-10.55,-27.598037,-48.513355,11,48.29
-41.76,23602.90,0.00,10732.56,-0.04,0.59,-9.10,1.49,-5.18,0.56,-2.83,2.13,-9.42,-27.598033,-48.513340,9,48.41
-41.80,23579.22,0.00,10738.98,1.18,-0.68,-9.74,-2.81,-6.34,0.87,-0.67,1.66,-12.09,-27.598028,-48.513325,9,48.53
-41.84,23555.92,0.00,10745.30,0.57,-0.43,-10.44,-0.07,-4.26,-0.02,-0.58,0.75,-11.95,-27.598024,-48.513310,8,48.64
-41.88,23533.00,0.00,10751.52,0.28,-0.20,-10.59,-1.00,-3.18,-1.95,0.80,0.54,-10.48,-27.598019,-48.513295,11,48.76
-41.92,23510.45,0.00,10757.64,0.98,-0.01,-10.28,-0.19,-1.51,-0.57,2.22,-0.58,-10.22,-27.598015,-48.513279,12,48.88
-41.96,23488.29,0.00,10763.66,0.09,0.22,-10.42,1.20,-2.44,0.99,2.04,-1.65,-9.67,-27.598010,-48.513264,10,49.00
-42.00,23466.51,0.00,10769.59,0.54,-0.71,-10.05,-0.56,-3.74,-0.54,2.79,-2.37,-7.04,-27.598006,-48.513249,11,49.11
-42.04,23445.10,0.00,10775.42,0.14,-0.14,-10.78,-0.40,-6.01,-0.55,0.16,-1.14,-9.00,-27.598001,-48.513234,9,49.23
-42.08,23424.06,0.00,10781.15,-0.81,-0.41,-9.42,1.64,-5.06,-0.07,-1.50,-0.30,-7.98,-27.597997,-48.513219,9,49.35
-42.11,23403.41,0.00,10786.78,0.49,0.29,-10.17,-1.12,-3.95,-0.78,0.74,1.08,-10.87,-27.597992,-48.513203,10,49.46
-42.15,23383.12,0.00,10792.31,-0.01,0.34,-10.58,-1.35,-3.14,-0.13,-3.17,2.49,-11.65,-27.597988,-48.513188,11,49.58
-42.19,23363.21,0.00,10797.75,-0.42,1.16,-9.77,-1.16,-4.42,-1.66,-3.03,3.38,-12.83,-27.597983,-48.513173,12,49.70
-42.22,23343.67,0.00,10803.09,0.52,0.35,-9.91,-0.36,-3.18,-0.30,-0.86,1.36,-12.04,-27.597979,-48.513158,8,49.81
-42.25,23324.51,0.00,10808.32,-0.74,0.38,-10.29,1.75,-5.67,0.79,-0.64,0.55,-11.79,-27.597974,-48.513143,10,49.93
-42.29,23305.71,0.00,10813.47,0.19,-0.35,-10.82,0.54,-3.34,-0.64,0.32,-1.55,-11.69,-27.597970,-48.513127,12,50.05
-42.32,23287.29,0.00,10818.51,-0.52,-0.09,-9.71,0.59,-4.52,-0.20,1.11,-2.87,-9.73,-27.597965,-48.513112,8,50.17
-42.35,23269.24,0.00,10823.45,0.34,0.38,-10.28,-0.79,-5.98,0.41,2.41,-0.54,-8.45,-27.597961,-48.513097,10,50.28
-42.38,23251.55,0.00,10828.30,0.47,-0.75,-9.32,-1.04,-3.24,-0.14,2.65,-0.20,-7.98,-27.597956,-48.513082,11,50.40
-42.41,23234.24,0.00,10833.05,0.18,0.18,-10.10,0.62,-4.44,-1.12,0.83,0.79,-8.11,-27.597952,-48.513067,10,50.52
-42.45,23217.29,0.00,10837.70,0.36,0.32,-10.66,-1.28,-3.40,-0.01,0.10,1.48,-9.41,-27.597947,-48.513051,9,50.63
-42.47,23200.71,0.00,10842.25,-0.63,-0.04,-9.32,0.27,-4.51,0.71,-2.38,2.29,-8.44,-27.597943,-48.513036,11,50.75
-42.50,23184.49,0.00,10846.71,0.11,-0.57,-10.15,-1.05,-5.39,-1.16,-1.75,1.26,-10.28,-27.597938,-48.513021,12,50.87
-42.53,23168.64,0.00,10851.06,-0.21,0.99,-9.47,-0.56,-3.20,0.22,-2.11,1.73,-10.37,-27.597934,-48.513006,10,50.99
-42.56,23153.16,0.00,10855.32,1.07,0.51,-9.56,2.04,-2.39,-1.29,-0.60,0.16,-10.96,-27.597929,-48.512991,9,51.10
-42.59,23138.04,0.00,10859.48,-0.74,0.40,-9.56,0.49,-4.35,1.16,-0.16,-1.85,-10.45,-27.597925,-48.512975,10,51.22
-42.61,23123.29,0.00,10863.54,-0.29,-0.53,-10.39,0.31,-3.51,-0.74,1.00,-2.10,-11.63,-27.597920,-48.512960,12,51.34
-42.64,23108.90,0.00,10867.51,0.40,-0.24,-9.88,0.15,-4.07,-1.98,1.70,-1.92,-10.93,-27.597916,-48.512945,10,51.45
-42.66,23094.87,0.00,10871.37,-1.06,0.17,-9.47,-1.67,-2.92,2.22,0.09,-0.04,-9.21,-27.597911,-48.512930,10,51.57
-42.69,23081.20,0.00,10875.14,-0.75,-0.34,-9.64,0.21,-4.81,0.67,0.66,1.30,-8.09,-27.597907,-48.512915,9,51.69
-42.71,23067.90,0.00,10878.81,-0.11,-0.16,-8.57,1.07,-2.68,2.82,-0.51,2.85,-6.85,-27.597902,-48.512899,11,51.81
-42.74,23054.96,0.00,10882.38,-0.18,-0.48,-9.80,0.38,-5.92,-1.42,-2.65,1.68,-7.95,-27.597898,-48.512884,9,51.92
-42.76,23042.38,0.00,10885.85,-0.19,0.23,-9.93,-1.93,-2.98,-1.20,-2.91,1.01,-9.07,-27.597893,-48.512869,9,52.04
-42.78,23030.16,0.00,10889.23,-0.28,-1.18,-9.97,0.80,-3.65,0.85,-1.93,-0.14,-8.46,-27.597889,-48.512854,8,52.16
-42.80,23018.30,0.00,10892.51,0.97,0.22,-10.03,1.19,-5.42,-0.61,0.04,-2.31,-10.82,-27.597884,-48.512838,11,52.27
-42.82,23006.80,0.00,10895.68,0.81,-0.81,-9.34,0.11,-5.34,1.33,0.32,-3.00,-10.01,-27.597880,-48.512823,11,52.39
-42.84,22995.66,0.00,10898.77,-0.37,0.43,-9.37,-2.73,-4.02,-0.07,-0.03,-1.73,-10.98,-27.597875,-48.512808,12,52.51
-42.86,22984.88,0.00,10901.75,-0.34,-0.22,-10.27,-0.62,-4.97,0.12,1.10,-1.58,-11.43,-27.597871,-48.512793,8,52.62
-42.88,22974.46,0.00,10904.63,0.56,0.03,-9.78,-0.80,-1.92,-1.18,2.80,0.66,-11.23,-27.597867,-48.512778,11,52.74
-42.90,22964.39,0.00,10907.42,-0.37,-0.08,-8.84,0.79,-3.41,0.13,0.18,1.60,-9.86,-27.597862,-48.512762,10,52.86
-42.92,22954.69,0.00,10910.11,-0.49,0.41,-9.97,-0.30,-3.83,0.70,0.62,3.05,-9.83,-27.597858,-48.512747,9,52.98
-42.93,22945.34,0.00,10912.70,0.45,-0.26,-10.19,-1.90,-4.55,-1.29,-0.74,0.91,-8.34,-27.597853,-48.512732,9,53.09
-42.95,22936.34,0.00,10915.19,0.60,0.74,-10.24,-0.47,-6.45,-0.44,-1.46,1.34,-8.50,-27.597849,-48.512717,8,53.21
-42.96,22927.71,0.00,10917.58,-0.56,-0.19,-10.14,-0.93,-4.28,0.81,-3.15,-1.89,-7.82,-27.597844,-48.512702,10,53.33
-42.98,22919.43,0.00,10919.88,-0.33,0.15,-9.38,0.15,-3.44,0.57,-1.48,-2.26,-8.49,-27.597840,-48.512686,8,53.44
-42.99,22911.50,0.00,10922.08,0.75,0.63,-10.44,-2.35,-4.03,-0.75,0.19,-1.53,-10.99,-27.597835,-48.512671,8,53.56
-43.01,22903.94,0.00,10924.18,0.19,-0.36,-8.71,0.87,-3.36,0.25,0.28,-2.22,-8.94,-27.597831,-48.512656,9,53.68
-43.02,22896.72,0.00,10926.18,0.22,-0.53,-9.76,-0.92,-3.66,1.46,0.94,-0.85,-11.83,-27.597826,-48.512641,9,53.80
-43.03,22889.87,0.00,10928.08,0.31,0.32,-10.01,-1.40,-3.13,-0.46,2.95,1.28,-12.41,-27.597822,-48.512626,12,53.91
-43.04,22883.36,0.00,10929.89,-0.40,0.46,-9.13,0.57,-4.13,-0.55,1.86,2.69,-9.76,-27.597817,-48.512610,8,54.03
-43.06,22877.22,0.00,10931.60,-1.03,0.24,-8.87,-0.22,-4.04,-0.11,1.81,1.24,-10.45,-27.597813,-48.512595,12,54.15
-43.07,22871.42,0.00,10933.21,-0.35,0.02,-10.32,-1.29,-4.00,0.13,-0.42,0.92,-9.95,-27.597808,-48.512580,12,54.26
-43.08,22865.98,0.00,10934.72,0.61,-0.02,-8.99,0.21,-5.08,-0.92,0.67,-0.24,-8.72,-27.597804,-48.512565,10,54.38
-43.08,22860.90,0.00,10936.13,-0.33,-0.49,-9.97,1.94,-5.86,-0.44,-1.20,-2.04,-8.44,-27.597799,-48.512550,10,54.50
-43.09,22856.17,0.00,10937.45,0.53,-0.35,-10.55,0.27,-4.16,-1.49,-2.13,-2.29,-8.99,-27.597795,-48.512534,12,54.61
-43.10,22851.79,0.00,10938.66,0.18,0.25,-9.39,0.09,-3.40,-0.59,-3.05,-1.89,-7.47,-27.597790,-48.512519,9,54.73
-43.11,22847.76,0.00,10939.78,-0.01,-1.41,-9.45,0.30,-4.83,-0.53,0.25,-3.22,-8.55,-27.597786,-48.512504,9,54.85
-43.12,22844.09,0.00,10940.80,0.34,0.22,-9.69,0.15,-2.56,-1.54,0.70,1.04,-10.39,-27.597781,-48.512489,8,54.97
-43.12,22840.78,0.00,10941.73,0.22,0.54,-10.31,-0.24,-5.68,1.24,2.86,2.51,-12.71,-27.597777,-48.512474,12,55.08
-43.13,22837.81,0.00,10942.55,0.76,0.50,-9.00,0.68,-5.48,-0.72,2.29,2.48,-10.41,-27.597772,-48.512458,8,55.20
-43.13,22835.20,0.00,10943.28,-1.30,0.50,-10.01,-0.43,-4.63,1.66,0.83,1.11,-11.44,-27.597768,-48.512443,12,55.32
-43.14,22832.94,0.00,10943.91,-0.12,0.22,-9.50,-0.55,-4.51,-1.78,1.02,0.51,-10.86,-27.597763,-48.512428,8,55.43
-43.14,22831.03,0.00,10944.44,0.36,-0.32,-10.27,1.21,-4.19,-0.22,-0.86,-2.69,-11.30,-27.597759,-48.512413,12,55.55
-43.14,22829.48,0.00,10944.87,0.73,0.48,-10.26,0.84,-3.57,1.05,-0.05,-1.76,-9.60,-27.597754,-48.512398,12,55.67
-43.14,22828.28,0.00,10945.20,-0.21,0.26,-9.20,0.93,-5.36,-0.36,-1.84,-1.56,-6.94,-27.597750,-48.512382,12,55.79
-43.15,22827.43,0.00,10945.44,-0.49,-0.10,-10.29,-0.67,-5.64,0.95,-1.94,-1.18,-7.33,-27.597745,-48.512367,10,55.90
-43.15,22826.94,0.00,10945.58,0.72,-0.55,-9.92,-0.51,-3.69,-1.26,0.70,-1.37,-8.74,-27.597741,-48.512352,12,56.02
-43.15,22826.79,0.00,10945.62,-0.42,0.66,-9.77,-1.13,-4.79,-0.45,0.16,1.67,-8.72,-27.597736,-48.512337,10,56.14
-43.15,22827.00,0.00,10945.56,-0.21,0.24,-10.07,1.66,-5.45,-0.58,4.83,-0.72,-5.61,-27.597732,-48.512322,8,56.25
-43.12,22839.58,0.00,10942.06,-0.03,0.32,0.32,27.67,17.22,3.83,5.57,-6.25,-0.21,-27.597723,-48.512301,6,56.37
-43.10,22852.17,0.00,10938.56,-0.05,0.17,0.33,28.53,10.36,6.33,-1.30,-5.57,-5.18,-27.597714,-48.512281,8,56.49
-43.08,22864.76,0.00,10935.06,-0.40,0.72,0.29,26.47,-7.12,6.33,-4.98,-1.81,-5.29,-27.597705,-48.512261,7,56.61
-43.06,22877.36,0.00,10931.56,-0.98,0.18,0.16,19.62,-16.89,10.45,-3.76,1.55,-3.60,-27.597696,-48.512240,8,56.72
-43.03,22889.96,0.00,10928.06,-0.07,-1.34,0.01,17.55,-23.65,9.71,-1.84,1.87,-0.74,-27.597687,-48.512220,9,56.84
-43.01,22902.57,0.00,10924.56,0.12,-0.69,-0.75,4.94,-28.56,10.72,9.93,-3.49,4.04,-27.597678,-48.512200,8,56.97
-42.99,22915.19,0.00,10921.06,0.11,-0.42,-0.08,-7.66,-31.66,12.81,6.65,-5.18,1.65,-27.597669,-48.512180,9,57.07
-42.96,22927.81,0.00,10917.56,-0.92,-0.09,0.41,-16.98,-24.01,11.97,-0.82,-3.36,0.01,-27.597660,-48.512159,10,57.19
-42.94,22940.43,0.00,10914.06,0.22,-0.45,0.20,-23.90,-14.91,7.36,-0.36,4.76,-3.76,-27.597651,-48.512139,6,57.31
-42.92,22953.06,0.00,10910.56,-0.88,-0.02,0.72,-30.45,-5.29,9.83,-10.09,11.02,-5.88,-27.597642,-48.512119,9,57.42
-42.90,22965.70,0.00,10907.06,0.13,-0.33,0.23,-27.57,7.46,6.29,-0.07,3.21,-4.83,-27.597633,-48.512099,6,57.54
-42.87,22978.34,0.00,10903.56,0.64,-0.76,-0.57,-23.87,20.02,6.94,2.62,-2.45,-0.28,-27.597624,-48.512078,6,57.64
-42.85,22990.99,0.00,10900.06,-0.29,0.08,-0.22,-15.61,25.16,-0.79,6.84,-3.49,3.28,-27.597615,-48.512058,7,57.76
-42.83,23003.64,0.00,10896.56,0.11,0.78,-0.02,-7.88,31.63,0.87,3.57,-1.13,5.59,-27.597606,-48.512038,9,57.88
-42.80,23016.30,0.00,10893.06,-0.52,0.42,-0.40,10.11,27.52,-3.20,-7.22,2.47,-3.07,-27.597597,-48.512017,10,57.99
-42.78,23028.97,0.00,10889.56,-0.37,-0.30,0.56,15.92,23.38,-5.21,-5.81,6.12,-6.72,-27.597588,-48.511997,10,58.11
-42.76,23041.64,0.00,10886.06,0.14,-0.14,0.48,23.42,14.74,-4.73,-2.17,0.40,-8.21,-27.597579,-48.511977,9,58.23
-42.74,23054.32,0.00,10882.56,-0.12,-0.03,-0.22,30.09,3.66,-5.65,4.32,-4.60,-3.92,-27.597570,-48.511957,6,58.34
-42.71,23067.00,0.00,10879.06,0.31,-0.33,-0.15,29.07,-4.81,-7.58,5.46,-6.11,6.01,-27.597561,-48.511936,7,58.46
-42.69,23079.69,0.00,10875.56,0.15,0.82,0.15,21.03,-19.57,-10.46,4.92,1.05,2.21,-27.597552,-48.511916,8,58.58
-42.67,23092.38,0.00,10872.06,0.61,0.67,-0.40,13.48,-29.21,-11.62,-1.77,3.44,5.96,-27.597543,-48.511896,8,58.70
-42.65,23105.08,0.00,10868.56,0.02,-0.36,0.35,2.01,-32.39,-12.22,-4.73,7.43,0.68,-27.597534,-48.511875,6,58.81
-42.62,23117.78,0.00,10865.06,0.22,-0.05,-0.63,-8.30,-28.96,-11.48,-3.17,-0.51,-3.51,-27.597525,-48.511855,8,58.93
-42.60,23130.49,0.00,10861.56,0.32,-0.67,0.53,-19.65,-19.32,-6.98,0.80,-8.26,-6.20,-27.597516,-48.511835,10,59.05
-42.58,23143.21,0.00,10858.06,-0.12,0.65,-0.73,-27.53,-12.93,-9.77,7.07,-3.70,-2.51,-27.597507,-48.511815,6,59.16
-42.55,23155.93,0.00,10854.56,-0.33,-0.73,0.44,-32.84,-2.37,-5.21,4.69,2.66,2.49,-27.597498,-48.511794,8,59.28
-42.53,23168.66,0.00,10851.06,0.10,0.49,-0.18,-29.12,8.22,-8.88,-1.05,7.89,5.18,-27.597489,-48.511774,8,59.41
-42.51,23181.39,0.00,10847.56,-0.20,-0.31,-0.11,-20.98,23.85,-2.88,-8.17,4.38,6.43,-27.597480,-48.511754,8,59.53
-42.49,23194.13,0.00,10844.06,0.62,0.07,0.13,-13.08,26.07,-5.31,-3.68,1.95,0.92,-27.597471,-48.511734,8,59.65
-42.46,23206.87,0.00,10840.56,0.04,-0.53,-0.48,6.50,26.80,0.04,-1.97,-7.15,-6.45,-27.597462,-48.511713,6,59.77
-42.44,23219.62,0.00,10837.06,-0.55,0.09,0.00,11.48,28.01,5.77,5.06,-3.53,-6.98,-27.597453,-48.511693,7,59.88
-42.42,23232.38,0.00,10833.56,0.61,-0.10,-0.23,18.04,21.33,3.14,5.57,6.80,-2.12,-27.597444,-48.511673,6,60.00
-42.40,23245.14,0.00,10830.06,0.73,0.16,0.04,30.36,8.90,6.35,-1.32,4.83,2.37,-27.597435,-48.511652,7,60.12
-42.37,23257.91,0.00,10826.56,0.38,0.31,-0.88,25.27,0.23,7.03,-1.23,1.14,5.22,-27.597426,-48.511632,10,60.24
-42.35,23270.68,0.00,10823.06,-0.10,-0.39,0.62,27.60,-12.11,6.02,-3.93,-3.58,5.90,-27.597417,-48.511612,7,60.35
-42.33,23283.46,0.00,10819.56,-0.55,0.37,-0.12,22.81,-25.57,8.13,-4.67,-7.86,-1.84,-27.597408,-48.511592,7,60.47
-42.30,23296.24,0.00,10816.06,-0.73,0.43,-0.67,8.11,-27.92,6.42,6.14,-2.62,-7.36,-27.597399,-48.511571,8,60.59
-42.28,23309.03,0.00,10812.56,-0.32,-0.83,-0.05,1.51,-29.25,9.20,7.19,7.77,-5.88,-27.597390,-48.511551,6,60.70
-42.26,23321.83,0.00,10809.06,0.19,-0.54,0.78,-13.73,-26.99,7.14,4.98,3.44,1.78,-27.597381,-48.511531,9,60.82
-42.24,23334.63,0.00,10805.56,-0.58,0.98,0.34,-26.59,-20.16,7.89,-1.67,5.44,2.13,-27.597372,-48.511511,7,60.94
-42.21,23347.44,0.00,10802.06,0.79,0.12,0.13,-28.52,-8.16,6.71,-6.93,-6.55,5.83,-27.597363,-48.511490,6,61.05
-42.19,23360.25,0.00,10798.56,-0.25,-0.53,-0.39,-31.17,0.84,4.13,-7.35,-8.89,5.77,-27.597354,-48.511470,10,61.17
-42.17,23373.07,0.00,10795.06,0.05,-0.55,-0.61,-26.53,14.10,3.34,3.61,0.34,-3.83,-27.597345,-48.511450,10,61.29
-42.15,23385.89,0.00,10791.56,-0.07,0.03,-0.09,-19.95,25.86,3.37,5.48,7.55,-4.83,-27.597337,-48.511429,9,61.41
-42.12,23398.72,0.00,10788.06,0.26,0.34,0.48,-5.78,27.27,-3.19,6.12,5.69,-5.51,-27.597328,-48.511409,7,61.52
-42.10,23411.56,0.00,10784.56,-0.38,0.56,-0.01,6.90,30.65,0.19,-1.37,-0.83,-1.24,-27.597319,-48.511389,10,61.64
-42.08,23424.40,0.00,10781.06,-0.04,-0.02,0.01,11.54,26.33,-3.47,-5.36,-8.61,2.09,-27.597310,-48.511369,6,61.76
-42.05,23437.24,0.00,10777.56,-0.05,0.09,-0.04,23.10,20.03,-3.54,-4.43,-4.28,6.27,-27.597301,-48.511348,10,61.87
-42.03,23450.10,0.00,10774.06,-0.43,-0.29,-0.12,26.84,12.05,-5.96,-2.05,2.23,6.09,-27.597292,-48.511328,8,61.99
-42.01,23462.95,0.00,10770.56,0.56,-0.20,-0.99,26.67,-4.86,-6.54,4.03,4.07,-3.95,-27.597283,-48.511308,7,62.11
-41.99,23475.82,0.00,10767.06,-0.09,0.02,0.63,25.07,-14.53,-6.39,4.13,1.12,-1.88,-27.597274,-48.511288,9,62.22
-41.96,23488.69,0.00,10763.56,-0.25,0.30,0.07,19.82,-23.80,-11.47,-3.25,-2.31,-8.08,-27.597265,-48.511267,9,62.34
-41.94,23501.56,0.00,10760.06,1.24,-0.35,0.81,5.31,-28.59,-10.64,-3.42,-8.13,-1.01,-27.597256,-48.511247,8,62.46
-41.92,23514.44,0.00,10756.56,-0.42,0.00,0.72,-3.51,-29.15,-9.06,-5.39,-1.91,4.04,-27.597247,-48.511227,6,62.58
-41.89,23527.33,0.00,10753.06,-0.34,0.24,0.14,-15.55,-27.35,-8.55,-3.42,5.24,5.75,-27.597238,-48.511206,10,62.69
-41.87,23540.22,0.00,10749.56,0.18,-0.18,-0.80,-25.60,-18.53,-6.45,4.99,9.73,4.99,-27.597229,-48.511186,8,62.81
-41.85,23553.12,0.00,10746.06,-0.15,-0.69,-0.59,-30.67,-4.86,-5.29,1.13,1.07,-1.10,-27.597220,-48.511166,8,62.93
-41.83,23566.02,0.00,10742.56,-0.31,0.50,-0.04,-27.90,5.95,-5.11,2.03,-5.80,-5.81,-27.597211,-48.511146,9,63.04
-41.80,23578.93,0.00,10739.06,-1.04,-0.26,0.61,-25.19,16.92,-4.01,-3.71,-3.96,-3.90,-27.597202,-48.511125,8,63.16
-41.78,23591.85,0.00,10735.56,-0.79,0.59,0.60,-18.93,27.29,-4.28,-9.08,-3.60,-0.17,-27.597193,-48.511105,10,63.28
-41.76,23604.77,0.00,10732.06,-0.33,0.39,0.21,-8.41,29.66,-2.72,-5.51,2.72,5.03,-27.597184,-48.511085,10,63.40
-41.74,23617.70,0.00,10728.56,-0.22,-0.17,-0.74,7.72,33.51,0.91,3.75,2.21,8.72,-27.597175,-48.511065,10,63.51
-41.71,23630.63,0.00,10725.06,0.33,-0.16,-0.08,18.30,25.57,5.61,6.60,0.85,5.57,-27.597166,-48.511044,7,63.63
-41.69,23643.57,0.00,10721.56,0.67,0.82,-0.32,26.78,15.93,3.85,2.63,-1.70,-3.18,-27.597157,-48.511024,8,63.75
-41.67,23656.51,0.00,10718.06,-0.16,-0.44,-0.39,29.09,0.30,5.16,2.18,-5.03,-3.54,-27.597148,-48.511004,7,63.86
-41.64,23669.46,0.00,10714.56,0.25,-0.68,0.81,28.51,-7.04,8.50,-3.53,0.11,-5.16,-27.597139,-48.510983,9,63.98
-41.62,23682.42,0.00,10711.06,-0.14,-0.01,-0.15,22.90,-19.86,9.12,-5.07,5.19,1.43,-27.597130,-48.510963,10,64.10
-41.60,23695.38,0.00,10707.56,0.18,-0.13,0.25,14.42,-23.36,9.35,-1.53,4.22,4.31,-27.597121,-48.510943,10,64.22
-41.58,23708.34,0.00,10704.06,-0.56,-0.83,-1.06,1.44,-30.83,8.59,4.51,-3.79,6.21,-27.597112,-48.510923,9,64.33
-41.55,23721.32,0.00,10700.56,-0.57,0.33,-0.03,-10.76,-30.53,10.18,8.80,-7.42,0.85,-27.597103,-48.510902,10,64.45
-41.53,23734.29,0.00,10697.06,0.35,-0.04,0.45,-17.97,-28.55,8.48,-0.00,-0.53,0.86,-27.597094,-48.510882,6,64.57
-41.51,23747.28,0.00,10693.56,0.84,-0.49,0.17,-23.79,-14.43,9.46,-6.74,5.52,-2.49,-27.597085,-48.510862,6,64.68
-41.49,23760.27,0.00,10690.06,-0.37,-0.04,0.03,-32.73,-2.18,7.63,-3.33,4.98,-2.18,-27.597076,-48.510842,6,64.80
-41.46,23773.26,0.00,10686.56,-0.67,-0.05,0.18,-31.06,9.10,6.40,-0.57,0.02,0.20,-27.597067,-48.510821,9,64.92
-41.44,23786.27,0.00,10683.06,-0.02,0.17,0.02,-20.94,19.12,3.67,6.97,-5.86,1.79,-27.597058,-48.510801,9,65.03
-41.42,23799.27,0.00,10679.56,0.85,0.07,0.62,-12.58,28.06,0.39,5.98,-3.81,7.58,-27.597049,-48.510781,6,65.15
-41.39,23812.29,0.00,10676.06,-0.34,0.09,0.23,-3.25,30.79,0.35,-1.29,0.24,5.22,-27.597040,-48.510760,10,65.27
-41.37,23825.30,0.00,10672.56,-0.14,0.44,-0.20,10.71,30.35,-1.29,-6.26,6.55,-2.01,-27.597031,-48.510740,8,65.39
-41.35,23838.33,0.00,10669.06,-0.50,0.18,0.95,20.86,21.63,-2.27,-7.57,6.24,-2.99,-27.597022,-48.510720,6,65.50
-41.33,23851.36,0.00,10665.56,0.51,0.23,0.61,23.72,14.57,-5.60,-4.93,-4.38,-8.98,-27.597013,-48.510700,10,65.62
-41.30,23864.39,0.00,10662.06,-0.70,0.14,-0.13,31.69,3.08,-8.74,2.93,-4.93,-1.02,-27.597004,-48.510679,7,65.74
-41.28,23877.44,0.00,10658.56,0.34,0.77,0.13,29.82,-8.44,-9.11,4.80,-1.64,4.16,-27.596995,-48.510659,10,65.85
-41.26,23890.48,0.00,10655.06,-0.09,0.11,-0.80,23.65,-19.89,-15.46,1.18,-0.90,5.85,-27.596986,-48.510639,10,65.97
-41.24,23903.54,0.00,10651.56,-0.20,-0.68,-0.12,11.95,-27.17,-8.34,-6.00,5.77,3.33,-27.596977,-48.510619,7,66.09
-41.21,23916.60,0.00,10648.06,-0.18,-0.36,0.65,4.27,-26.31,-10.15,-6.32,6.76,-0.53,-27.596968,-48.510598,9,66.21
-41.19,23929.66,0.00,10644.56,0.28,-0.11,0.22,-10.76,-27.52,-10.03,-3.83,-2.59,-7.29,-27.596959,-48.510578,9,66.32
-41.17,23942.73,0.00,10641.06,-1.12,0.16,0.43,-19.55,-19.12,-6.15,3.22,-6.97,-2.29,-27.596950,-48.510558,6,66.44
-41.14,23955.81,0.00,10637.56,-0.54,-0.40,0.75,-25.36,-10.01,-4.96,3.86,-5.92,-1.87,-27.596941,-48.510537,6,66.56
-41.12,23968.89,0.00,10634.06,0.37,0.58,-0.10,-29.55,-0.15,-8.38,6.61,2.75,3.29,-27.596932,-48.510517,10,66.67
-41.10,23981.98,0.00,10630.56,-0.10,-0.04,-0.08,-28.90,12.57,-4.59,-2.48,7.08,7.67,-27.596923,-48.510497,6,66.79
-41.08,23995.07,0.00,10627.06,-0.16,-0.12,0.55,-22.16,20.51,-2.51,-6.49,6.06,7.87,-27.596914,-48.510477,9,66.91
-41.05,24008.17,0.00,10623.56,-0.27,-0.27,-0.58,-11.66,27.74,-1.65,-6.40,-4.32,-2.09,-27.596905,-48.510456,7,67.03
-41.03,24021.28,0.00,10620.06,-0.36,0.31,-0.07,4.04,28.34,-0.59,1.05,-9.26,-5.73,-27.596896,-48.510436,9,67.14
-41.01,24034.39,0.00,10616.56,0.40,-0.12,0.15,10.33,28.97,2.05,4.60,-6.20,-8.67,-27.596887,-48.510416,8,67.26
-40.98,24047.50,0.00,10613.06,-0.08,0.37,-0.09,20.93,18.61,4.31,7.65,5.40,0.01,-27.596878,-48.510396,8,67.38
-40.96,24060.63,0.00,10609.56,0.30,0.04,-0.20,28.55,11.87,6.43,2.17,7.42,2.31,-27.596869,-48.510375,6,67.48
-40.94,24073.75,0.00,10606.06,-0.01,-0.00,0.54,29.07,-4.96,10.05,-3.71,1.18,5.80,-27.596860,-48.510355,7,67.59
-40.92,24086.89,0.00,10602.56,0.01,-0.30,-0.09,29.39,-13.07,10.54,-6.76,-5.47,5.34,-27.596851,-48.510335,8,67.71
-40.89,24100.03,0.00,10599.06,0.25,-0.80,0.03,20.87,-22.74,8.82,-0.02,-6.74,-0.38,-27.596842,-48.510314,7,67.83
-40.87,24113.17,0.00,10595.56,0.87,-0.11,0.15,4.85,-26.48,12.91,5.49,-2.11,-7.00,-27.596833,-48.510294,6,67.95
-40.85,24126.33,0.00,10592.06,-0.27,-0.18,0.28,-6.24,-29.94,11.72,5.54,6.49,-4.65,-27.596824,-48.510274,6,68.06
-40.83,24139.48,0.00,10588.56,-0.62,0.83,-0.68,-17.15,-25.57,11.24,-0.13,1.38,-1.33,-27.596815,-48.510254,9,68.18
-40.80,24152.65,0.00,10585.06,-0.70,0.66,-0.11,-25.17,-17.48,8.25,-2.26,-0.69,2.61,-27.596807,-48.510233,6,68.30
-40.78,24165.82,0.00,10581.56,-0.78,-0.22,0.52,-28.28,-6.91,11.35,-4.81,-5.13,7.29,-27.596798,-48.510213,9,68.41
-40.76,24178.99,0.00,10578.06,-0.57,-1.01,0.40,-31.35,5.39,5.28,0.38,-3.45,0.51,-27.596789,-48.510193,6,68.53
-40.73,24192.17,0.00,10574.56,-0.03,0.76,0.44,-26.66,15.78,7.44,6.10,5.40,-3.44,-27.596780,-48.510173,6,68.65
-40.71,24205.36,0.00,10571.06,0.07,0.25,0.17,-18.63,25.71,1.58,7.59,6.38,-5.76,-27.596771,-48.510152,8,68.76
-40.69,24218.55,0.00,10567.56,-0.09,0.33,0.05,-5.93,33.86,0.54,5.09,2.26,-7.06,-27.596762,-48.510132,10,68.88
-40.67,24231.75,0.00,10564.06,0.05,0.08,-0.00,1.88,29.34,-0.06,-0.71,-4.30,0.40,-27.596753,-48.510112,8,69.00
-40.64,24244.95,0.00,10560.56,0.30,0.12,0.67,11.86,25.34,-0.26,-4.63,-6.25,3.88,-27.596744,-48.510091,8,69.12
-40.62,24258.16,0.00,10557.06,-1.10,-0.03,-0.12,28.31,19.20,-6.76,-3.89,-3.81,4.55,-27.596735,-48.510071,7,69.23
-40.60,24271.38,0.00,10553.56,-0.46,0.03,0.23,27.53,6.95,-9.56,1.77,3.45,4.87,-27.596726,-48.510051,9,69.33
-40.58,24284.60,0.00,10550.06,0.04,0.05,-0.22,30.91,-5.27,-12.75,5.92,4.47,-1.72,-27.596717,-48.510031,9,69.45
-40.55,24297.83,0.00,10546.56,0.45,1.60,0.13,22.86,-12.71,-7.04,5.01,3.17,-5.53,-27.596708,-48.510010,10,69.57
-40.53,24311.06,0.00,10543.06,0.54,-0.63,0.29,21.46,-26.02,-9.49,0.07,-4.43,-4.61,-27.596699,-48.509990,8,69.68
-40.51,24324.30,0.00,10539.56,-0.27,-0.52,0.55,7.05,-26.64,-8.81,-9.99,-4.89,-1.60,-27.596690,-48.509970,7,69.80
-40.48,24337.54,0.00,10536.06,-0.10,-0.14,0.31,-6.76,-28.63,-9.10,-3.66,-0.91,5.54,-27.596681,-48.509950,6,69.92
-40.46,24350.79,0.00,10532.56,0.07,0.24,0.32,-21.01,-26.36,-8.04,-1.07,3.12,6.33,-27.596672,-48.509929,8,70.04
-40.44,24364.05,0.00,10529.06,-0.82,-1.16,0.45,-23.39,-16.60,-9.96,6.95,2.74,2.87,-27.596663,-48.509909,6,70.15
-40.42,24377.31,0.00,10525.56,-0.51,-0.85,-0.11,-25.12,-3.35,-5.42,2.89,-2.99,2.39,-27.596654,-48.509889,8,70.27
-40.39,24390.58,0.00,10522.06,-0.26,0.33,0.54,-29.09,7.94,-4.41,1.60,-4.57,-5.42,-27.596645,-48.509868,10,70.39
-40.37,24403.86,0.00,10518.56,0.07,-0.03,0.10,-27.57,18.56,0.80,-5.65,-4.97,-7.53,-27.596636,-48.509848,6,70.50
-40.35,24417.14,0.00,10515.06,-0.38,0.62,-0.22,-17.67,24.92,-2.20,-6.44,-0.49,0.18,-27.596627,-48.509828,7,70.62
-40.33,24430.42,0.00,10511.56,-0.26,0.18,0.43,-5.59,33.25,3.48,-2.39,3.80,3.75,-27.596618,-48.509808,8,70.74
-40.30,24443.71,0.00,10508.06,0.13,-0.51,-0.51,7.73,26.95,4.10,3.14,2.09,5.76,-27.596609,-48.509787,8,70.86
-40.28,24457.01,0.00,10504.56,0.22,0.21,0.49,16.23,22.64,5.65,7.17,-4.13,5.40,-27.596600,-48.509767,8,70.97
-40.26,24470.31,0.00,10501.06,0.61,-0.57,-1.16,26.56,13.50,6.00,4.12,-7.57,-4.50,-27.596591,-48.509747,6,71.09
-40.23,24483.62,0.00,10497.56,-0.25,0.50,-0.38,30.38,8.24,5.17,-0.19,-5.12,-7.14,-27.596582,-48.509727,10,71.21
-40.21,24496.94,0.00,10494.06,0.12,0.92,-2.03,26.82,-8.83,7.73,-7.16,4.92,-5.91,-27.596573,-48.509706,9,71.32
-40.19,24510.26,0.00,10490.56,-0.87,-0.62,0.37,25.37,-18.97,10.61,-5.61,4.93,-1.71,-27.596564,-48.509686,9,71.44
-40.17,24523.59,0.00,10487.06,0.00,0.02,-0.04,17.74,-26.16,11.48,1.77,4.24,2.69,-27.596555,-48.509666,9,71.56
-40.14,24536.92,0.00,10483.56,-0.28,0.01,-0.41,0.59,-33.04,9.94,5.13,-4.47,5.05,-27.596546,-48.509645,7,71.67
-40.12,24550.26,0.00,10480.06,-0.90,-0.57,0.21,-7.87,-29.12,10.78,1.39,-7.34,3.44,-27.596537,-48.509625,6,71.79
-40.10,24563.60,0.00,10476.56,-0.04,1.05,-0.64,-18.72,-23.70,8.94,-1.23,1.22,-1.26,-27.596528,-48.509605,8,71.91
-40.07,24576.95,0.00,10473.06,0.39,-0.63,0.21,-28.08,-14.02,7.80,-5.71,2.82,-7.12,-27.596519,-48.509585,7,72.03
-40.05,24590.31,0.00,10469.56,0.41,-0.15,-0.45,-27.58,1.85,4.52,-4.20,6.36,-3.38,-27.596510,-48.509564,9,72.14
-40.03,24603.67,0.00,10466.06,0.65,0.52,0.28,-29.30,10.55,6.08,1.99,0.27,-4.62,-27.596501,-48.509544,9,72.26
-40.01,24617.04,0.00,10462.56,-0.06,-0.24,-0.22,-21.89,18.94,5.80,8.20,-7.62,3.90,-27.596492,-48.509524,10,72.38
-39.98,24630.41,0.00,10459.06,-0.31,0.38,0.43,-8.62,27.50,3.65,3.62,-4.46,7.63,-27.596483,-48.509504,7,72.49
-39.96,24643.79,0.00,10455.56,-1.12,0.18,-0.26,-2.20,29.95,1.81,1.78,-2.03,3.15,-27.596474,-48.509483,8,72.61
-39.94,24657.18,0.00,10452.06,-0.05,-0.27,-0.19,12.62,30.98,-2.73,-4.22,3.92,0.89,-27.596465,-48.509463,9,72.73
-39.92,24670.57,0.00,10448.56,0.45,-0.20,-0.31,18.84,20.20,-3.57,-4.62,3.73,-4.42,-27.596456,-48.509443,9,72.85
-39.89,24683.96,0.00,10445.06,-0.51,0.06,0.66,30.09,14.74,-5.03,-3.94,-1.87,-3.44,-27.596447,-48.509422,8,72.96
-39.87,24697.37,0.00,10441.56,-0.28,-0.66,0.14,33.43,-1.76,-6.50,4.88,-5.16,1.79,-27.596438,-48.509402,6,73.08
-39.85,24710.78,0.00,10438.06,-0.12,0.52,-0.59,29.30,-9.88,-11.27,8.50,-2.94,3.70,-27.596429,-48.509382,10,73.20
-39.82,24724.19,0.00,10434.56,-0.03,-0.68,-0.41,20.77,-22.41,-9.19,3.14,2.26,1.55,-27.596420,-48.509362,8,73.31
-39.80,24737.61,0.00,10431.06,0.45,-0.49,-0.29,10.99,-28.36,-10.52,-5.49,6.03,4.85,-27.596411,-48.509341,9,73.43
-39.78,24751.04,0.00,10427.56,0.15,0.08,0.05,-1.16,-31.15,-11.44,-8.81,0.66,-1.89,-27.596402,-48.509321,7,73.55
-39.76,24764.47,0.00,10424.06,-0.18,-0.31,0.19,-16.00,-29.19,-10.01,-2.85,-2.43,-6.27,-27.596393,-48.509301,6,73.67
-39.73,24777.91,0.00,10420.56,-0.30,-0.34,0.20,-19.86,-20.62,-8.47,4.65,-4.57,-6.17,-27.596384,-48.509281,8,73.78
-39.71,24791.35,0.00,10417.06,-0.11,0.08,-0.12,-28.11,-5.44,-8.60,6.47,-2.92,-2.08,-27.596375,-48.509260,6,73.90
-39.69,24804.81,0.00,10413.56,-0.05,0.46,0.50,-31.24,5.71,-5.42,3.32,2.94,2.23,-27.596366,-48.509240,7,74.02
-39.67,24818.26,0.00,10410.06,-0.05,0.71,0.65,-26.16,14.42,-5.58,-0.93,7.46,5.38,-27.596357,-48.509220,7,74.13
-39.64,24831.72,0.00,10406.56,0.11,-0.44,0.30,-21.19,24.67,-1.31,-6.00,0.49,6.04,-27.596348,-48.509199,6,74.25
-39.62,24845.19,0.00,10403.06,-0.17,-0.54,-0.55,-12.69,27.87,-3.59,-6.06,-2.89,-4.41,-27.596339,-48.509179,7,74.37
-39.60,24858.67,0.00,10399.56,0.58,-0.24,-0.26,0.11,26.87,-2.13,1.76,-5.28,-6.15,-27.596330,-48.509159,8,74.43
-39.57,24872.15,0.00,10396.06,-0.16,-0.15,0.60,13.53,26.55,5.80,2.98,-8.85,-0.15,-27.596321,-48.509139,10,74.53
-39.55,24885.63,0.00,10392.56,-0.06,0.29,-0.16,24.10,20.40,3.18,5.48,4.79,0.98,-27.596312,-48.509118,7,74.64
-39.53,24899.12,0.00,10389.06,0.25,-0.74,-0.72,28.02,8.41,6.74,-1.27,8.00,-0.37,-27.596303,-48.509098,10,74.75
-39.51,24912.62,0.00,10385.56,-0.15,0.61,-0.26,28.72,-3.78,7.01,-5.82,-0.34,6.16,-27.596294,-48.509078,8,74.86
-39.48,24926.12,0.00,10382.06,-0.56,0.37,0.20,23.83,-18.43,8.86,-4.01,-4.23,1.73,-27.596285,-48.509058,10,74.97
-39.46,24939.63,0.00,10378.56,-0.25,-0.08,-0.26,18.81,-21.11,11.52,-1.56,-5.40,-2.70,-27.596277,-48.509037,9,75.08
-39.44,24953.15,0.00,10375.06,-0.51,0.72,0.50,3.76,-29.41,12.74,4.28,-1.00,-2.65,-27.596268,-48.509017,7,75.19
-39.42,24966.67,0.00,10371.56,0.79,-0.34,0.23,-6.31,-31.09,7.56,7.20,6.09,-6.54,-27.596259,-48.508997,9,75.30
-39.39,24980.20,0.00,10368.06,0.03,0.15,-0.56,-15.61,-23.36,11.88,2.28,7.17,-3.27,-27.596250,-48.508976,6,75.41
-39.37,24993.73,0.00,10364.56,-0.31,0.56,0.47,-23.18,-17.84,6.29,-5.53,1.50,6.31,-27.596241,-48.508956,7,75.52
-39.35,25007.27,0.00,10361.06,0.57,0.26,-0.30,-30.84,-6.25,5.93,-3.97,-7.70,5.75,-27.596232,-48.508936,8,75.62
-39.32,25020.82,0.00,10357.56,0.25,0.27,0.49,-27.79,8.25,3.74,-2.01,-3.03,1.77,-27.596223,-48.508916,6,75.74
-39.30,25034.37,0.00,10354.06,0.11,-0.69,0.81,-25.91,15.21,7.64,4.69,1.64,1.95,-27.596214,-48.508895,10,75.84
-39.28,25047.92,0.00,10350.56,0.18,0.02,0.51,-14.22,26.31,-0.96,6.60,4.94,-5.39,-27.596205,-48.508875,7,75.96
-39.26,25061.49,0.00,10347.06,-0.09,0.18,-0.67,-2.71,33.79,1.45,5.05,4.84,-5.66,-27.596196,-48.508855,10,76.07
-39.23,25075.06,0.00,10343.56,-0.17,-0.43,-0.27,6.13,32.50,-1.40,-3.92,-5.12,1.62,-27.596187,-48.508835,8,76.18
-39.21,25088.63,0.00,10340.06,-0.59,-0.57,0.51,16.47,26.06,-2.67,-6.60,-9.39,4.05,-27.596178,-48.508814,7,76.29
-39.19,25102.21,0.00,10336.56,-0.15,-0.66,-0.16,26.10,14.87,-4.00,-4.20,-0.79,5.00,-27.596169,-48.508794,6,76.40
-39.16,25115.80,0.00,10333.06,1.09,-0.61,0.28,28.56,4.55,-8.35,4.85,2.65,1.14,-27.596160,-48.508774,9,76.51
-39.14,25129.39,0.00,10329.56,0.53,0.01,0.26,28.15,-9.62,-8.55,8.36,7.92,-1.17,-27.596151,-48.508753,10,76.62
-39.12,25142.99,0.00,10326.06,0.12,0.30,0.32,23.08,-17.79,-14.07,3.91,-0.92,-6.75,-27.596142,-48.508733,7,76.73
-39.10,25156.59,0.00,10322.56,0.71,0.33,0.69,12.53,-25.13,-11.30,1.67,-4.36,-2.93,-27.596133,-48.508713,6,76.84
-39.07,25170.20,0.00,10319.06,-0.72,-0.09,0.56,-0.97,-34.35,-8.35,-7.46,-6.87,0.78,-27.596124,-48.508693,7,76.95
-39.05,25183.82,0.00,10315.56,-0.82,0.51,-0.29,-9.14,-25.24,-9.52,-10.52,3.28,8.58,-27.596115,-48.508672,10,77.06
-39.03,25197.44,0.00,10312.06,0.42,0.20,0.71,-16.66,-21.20,-12.27,-0.41,9.27,7.70,-27.596106,-48.508652,9,77.15
-39.01,25211.07,0.00,10308.56,-0.27,-0.58,-0.48,-25.69,-13.56,-11.64,5.72,4.07,0.66,-27.596097,-48.508632,8,77.26
-38.98,25224.71,0.00,10305.06,0.19,0.10,-0.05,-32.89,-4.12,-5.63,7.52,-2.03,-2.19,-27.596088,-48.508612,7,77.37
-38.96,25238.35,0.00,10301.56,0.21,0.19,-0.51,-24.60,10.02,-1.37,-1.11,-2.21,-7.39,-27.596079,-48.508591,9,77.48
-38.94,25251.99,0.00,10298.06,0.75,0.31,-0.73,-22.76,17.63,-7.64,-2.79,-2.82,-0.97,-27.596070,-48.508571,10,77.59
-38.91,25265.65,0.00,10294.56,-1.44,0.62,0.06,-12.07,29.07,-4.39,-7.02,2.89,-0.75,-27.596061,-48.508551,6,77.70
-38.89,25279.30,0.00,10291.06,-0.60,-1.37,-0.22,-1.22,28.97,-0.01,-0.67,5.12,6.25,-27.596052,-48.508530,10,77.83
-38.87,25292.97,0.00,10287.56,-0.95,-0.69,-0.20,8.70,25.57,0.88,4.93,6.44,5.17,-27.596043,-48.508510,10,77.94
-38.85,25306.64,0.00,10284.06,0.73,-0.31,0.62,20.58,24.67,7.46,8.50,-3.33,2.95,-27.596034,-48.508490,8,78.05
-38.82,25320.32,0.00,10280.56,-0.54,0.40,-0.26,29.08,8.88,3.43,1.98,-6.49,-5.27,-27.596025,-48.508470,8,78.16
-38.80,25334.00,0.00,10277.06,-0.31,0.66,-0.60,31.71,1.68,5.81,-1.71,-2.19,-3.07,-27.596016,-48.508449,9,78.27
-38.78,25347.69,0.00,10273.56,-0.37,-0.30,0.29,25.46,-11.13,12.75,-6.07,3.91,-7.77,-27.596007,-48.508429,9,78.38
-38.76,25361.38,0.00,10270.06,0.05,-0.58,0.21,19.80,-21.38,8.27,-0.90,4.05,1.11,-27.595998,-48.508409,10,78.49
-38.73,25375.08,0.00,10266.56,0.51,0.59,-0.71,10.43,-26.62,9.03,3.41,4.60,4.20,-27.595989,-48.508388,9,78.60
-38.71,25388.79,0.00,10263.06,0.45,0.01,-0.50,0.01,-28.60,11.21,5.74,-3.87,3.38,-27.595980,-48.508368,7,78.71
-38.69,25402.50,0.00,10259.56,0.20,0.08,0.27,-11.25,-25.39,10.75,2.75,-4.87,2.40,-27.595971,-48.508348,10,78.82
-38.66,25416.22,0.00,10256.06,0.12,1.03,-0.00,-20.11,-20.62,7.67,-2.83,1.74,-0.92,-27.595962,-48.508328,8,78.92
-38.64,25429.94,0.00,10252.56,-0.05,-0.03,-0.94,-23.93,-13.49,6.58,-1.73,4.02,-8.28,-27.595953,-48.508307,7,79.03
-38.62,25443.67,0.00,10249.06,-0.76,-0.28,-0.29,-29.82,0.30,9.60,-4.08,4.07,-8.89,-27.595944,-48.508287,10,79.14
-38.60,25457.41,0.00,10245.56,-0.08,-0.17,0.06,-26.65,15.04,6.49,2.88,0.23,-0.41,-27.595935,-48.508267,10,79.25
-38.57,25471.15,0.00,10242.06,-0.34,-0.00,-0.55,-18.78,21.33,4.09,6.07,-5.21,7.06,-27.595926,-48.508247,9,79.36
-38.55,25484.90,0.00,10238.56,0.01,0.24,0.57,-10.16,28.01,1.46,4.82,-2.49,9.69,-27.595917,-48.508226,7,79.47
-38.53,25498.65,0.00,10235.06,-0.41,-0.05,0.60,-0.04,31.05,-1.07,0.95,1.25,0.92,-27.595908,-48.508206,8,79.58
-38.51,25512.41,0.00,10231.56,0.04,0.49,0.18,15.02,27.85,-2.29,-3.81,3.77,-2.42,-27.595899,-48.508186,9,79.69
-38.48,25526.18,0.00,10228.06,-1.04,0.29,0.23,22.93,19.55,-4.75,-5.17,2.55,-5.65,-27.595890,-48.508165,8,79.80
-38.46,25539.95,0.00,10224.56,-0.85,-0.32,1.13,26.14,7.07,-5.20,-4.11,-1.53,-2.31,-27.595881,-48.508145,9,79.91
-38.44,25553.73,0.00,10221.06,-0.03,0.92,0.12,30.33,-1.49,-5.35,7.14,-3.07,1.39,-27.595872,-48.508125,8,80.02
-38.41,25567.51,0.00,10217.56,0.09,0.89,-0.92,29.52,-17.14,-10.18,6.66,-2.45,4.14,-27.595863,-48.508105,8,80.13
-38.39,25581.30,0.00,10214.06,0.22,-0.20,0.00,16.31,-21.24,-9.21,1.07,1.32,3.04,-27.595854,-48.508084,7,80.24
-38.37,25595.10,0.00,10210.56,1.31,0.32,0.34,6.63,-31.06,-7.27,-3.23,3.36,3.26,-27.595845,-48.508064,10,80.35
-38.35,25608.90,0.00,10207.06,-0.09,-1.12,-0.31,-2.47,-29.79,-11.25,-4.10,1.86,-4.81,-27.595836,-48.508044,9,80.46
-38.32,25622.71,0.00,10203.56,0.08,-0.25,0.19,-16.60,-27.30,-13.20,-0.67,-4.95,-5.07,-27.595827,-48.508024,10,80.57
-38.30,25636.53,0.00,10200.06,-0.09,0.04,-0.39,-26.41,-23.00,-8.24,4.34,-6.64,-2.22,-27.595818,-48.508003,6,80.68
-38.28,25650.35,0.00,10196.56,0.56,-0.57,-0.41,-29.12,-7.81,-8.16,5.10,-1.13,1.66,-27.595809,-48.507983,6,80.79
-38.25,25664.17,0.00,10193.06,0.19,-0.21,0.90,-26.09,6.27,-7.65,3.22,3.08,4.35,-27.595800,-48.507963,8,80.89
-38.23,25678.00,0.00,10189.56,0.36,-0.16,0.10,-23.42,13.72,-1.48,-3.86,6.44,6.91,-27.595791,-48.507942,9,81.00
-38.21,25691.84,0.00,10186.06,-0.16,-0.27,-0.06,-13.96,25.61,-5.07,-3.76,1.45,3.41,-27.595782,-48.507922,6,81.11
-38.19,25705.69,0.00,10182.56,0.23,1.27,0.19,-8.92,29.17,4.82,-1.24,-2.49,-1.51,-27.595773,-48.507902,9,81.22
-38.16,25719.54,0.00,10179.06,0.03,0.26,-0.59,1.25,30.92,-1.14,2.96,-4.06,-5.78,-27.595764,-48.507882,7,81.33
-38.14,25733.40,0.00,10175.56,-0.33,-0.47,1.08,17.35,23.98,5.86,8.28,0.85,-5.31,-27.595755,-48.507861,6,81.44
-38.12,25747.26,0.00,10172.06,-0.48,0.32,0.46,24.60,11.88,2.17,4.91,4.33,0.15,-27.595746,-48.507841,6,81.55
-38.10,25761.13,0.00,10168.56,0.59,-0.07,0.68,29.76,5.10,6.13,0.37,1.74,5.62,-27.595738,-48.507821,6,81.66
-38.07,25775.00,0.00,10165.06,0.09,-0.29,0.10,29.88,-4.13,9.14,-5.21,-1.25,7.43,-27.595729,-48.507801,9,81.77
-38.05,25788.88,0.00,10161.56,-0.24,0.38,-0.08,22.07,-20.94,10.04,-8.15,-3.45,3.25,-27.595720,-48.507780,10,81.88
-38.03,25802.77,0.00,10158.06,-0.65,-0.16,0.01,16.73,-22.66,7.45,0.85,-7.24,-0.08,-27.595711,-48.507760,10,81.99
-38.00,25816.66,0.00,10154.56,-1.04,-0.29,-0.17,2.18,-29.40,8.20,6.02,0.51,-8.67,-27.595702,-48.507740,9,82.10
-37.98,25830.56,0.00,10151.06,0.10,-1.17,-0.34,-8.66,-27.77,6.99,7.45,4.53,-3.48,-27.595693,-48.507719,8,82.25
-37.96,25844.47,0.00,10147.56,-0.19,-0.63,0.71,-16.60,-25.20,9.18,-1.28,1.98,1.39,-27.595684,-48.507699,7,82.35
-37.94,25858.38,0.00,10144.06,-0.27,0.38,-0.40,-28.30,-15.41,9.41,-5.26,-0.36,5.78,-27.595675,-48.507679,10,82.46
-37.91,25872.29,0.00,10140.56,0.42,0.18,0.30,-29.39,-10.06,7.92,-5.57,-4.85,7.03,-27.595666,-48.507659,7,82.58
-37.89,25886.22,0.00,10137.06,-0.58,0.46,0.31,-29.42,6.67,5.48,-2.30,-2.92,1.07,-27.595657,-48.507638,9,82.70
-37.87,25900.15,0.00,10133.56,-0.38,-0.30,0.59,-26.78,18.15,2.34,4.64,3.91,-3.81,-27.595648,-48.507618,9,82.81
-37.85,25914.08,0.00,10130.06,0.20,0.25,0.17,-15.18,22.58,4.77,4.84,5.30,-2.69,-27.595639,-48.507598,7,82.93
-37.82,25928.02,0.00,10126.56,0.34,-1.10,0.14,1.48,29.21,0.46,-1.43,2.38,-2.52,-27.595630,-48.507578,8,83.05
-37.80,25941.97,0.00,10123.06,-0.29,-0.02,0.70,9.30,30.77,-3.94,-1.00,-4.21,-1.92,-27.595621,-48.507557,10,83.17
-37.78,25955.93,0.00,10119.56,-0.32,-0.19,-0.17,19.57,24.32,-3.08,-7.23,-8.93,3.90,-27.595612,-48.507537,7,83.28
-37.75,25969.89,0.00,10116.06,0.46,0.18,-0.15,28.18,14.80,-11.01,-1.56,-1.73,2.98,-27.595603,-48.507517,9,83.40
-37.73,25983.85,0.00,10112.56,-0.05,-0.09,0.96,27.27,2.93,-7.39,1.34,6.44,7.80,-27.595594,-48.507496,10,83.43
-37.71,25997.82,0.00,10109.06,0.68,0.14,0.61,28.18,-9.60,-6.54,7.67,5.28,-2.77,-27.595585,-48.507476,7,83.53
-37.69,26011.80,0.00,10105.56,0.04,0.13,-0.45,24.73,-20.24,-7.91,2.32,-1.11,-3.62,-27.595576,-48.507456,6,83.64
-37.66,26025.78,0.00,10102.06,0.03,0.91,0.13,14.94,-25.75,-10.59,-2.96,-7.85,-0.48,-27.595567,-48.507436,9,83.75
-37.64,26039.77,0.00,10098.56,-0.41,-0.53,-0.19,1.62,-27.84,-7.96,-6.66,-4.86,0.01,-27.595558,-48.507415,7,83.86
-37.62,26053.77,0.00,10095.06,0.22,0.46,0.64,-10.63,-27.74,-10.26,-7.74,2.40,4.77,-27.595549,-48.507395,10,83.97
-37.60,26067.77,0.00,10091.56,-0.13,0.30,-0.03,-19.89,-20.21,-8.36,3.54,6.95,0.19,-27.595540,-48.507375,7,84.06
-37.57,26081.78,0.00,10088.06,-0.02,-0.48,0.15,-28.93,-12.92,-6.90,5.37,4.34,2.58,-27.595531,-48.507355,6,84.19
-37.55,26095.80,0.00,10084.56,0.81,0.39,0.78,-32.02,-1.00,-10.22,5.15,-3.81,-1.88,-27.595522,-48.507334,9,84.29
-37.53,26109.82,0.00,10081.06,0.38,0.08,0.21,-28.14,9.87,-7.19,-2.75,-9.48,-5.26,-27.595513,-48.507314,9,84.41
-37.50,26123.84,0.00,10077.56,0.43,0.02,-0.22,-22.04,20.72,-6.34,-12.16,-2.99,-3.90,-27.595504,-48.507294,9,84.52
-37.48,26137.88,0.00,10074.06,-0.54,0.55,-0.65,-11.18,26.32,-1.43,-3.05,4.23,0.34,-27.595495,-48.507273,10,84.62
-37.46,26151.92,0.00,10070.56,0.08,1.00,-0.04,3.41,28.80,-2.44,-2.85,6.75,3.85,-27.595486,-48.507253,7,84.74
-37.44,26165.96,0.00,10067.06,0.39,-0.06,-0.40,13.60,27.74,2.66,6.91,3.03,4.84,-27.595477,-48.507233,9,84.85
-37.41,26180.01,0.00,10063.56,-0.07,-0.01,0.14,23.43,21.87,3.85,6.82,-4.75,1.11,-27.595468,-48.507213,6,84.97
-37.39,26194.07,0.00,10060.06,0.40,0.83,0.76,30.64,12.19,6.05,1.63,-3.66,-4.52,-27.595459,-48.507192,10,85.09
-37.37,26208.13,0.00,10056.56,0.37,0.44,-0.47,26.11,-2.89,5.84,-4.98,1.21,-5.07,-27.595450,-48.507172,7,85.21
-37.34,26222.20,0.00,10053.06,1.03,-0.59,-0.66,23.47,-11.21,10.87,-5.06,2.34,-5.90,-27.595441,-48.507152,7,85.32
-37.32,26236.28,0.00,10049.56,-0.14,-0.17,0.66,21.03,-18.22,7.72,-0.87,5.51,2.85,-27.595432,-48.507132,9,85.44
-37.30,26250.36,0.00,10046.06,0.53,-0.20,0.11,11.34,-27.45,10.18,1.91,-0.57,3.40,-27.595423,-48.507111,10,85.54
-37.28,26264.45,0.00,10042.56,0.09,-0.30,-0.43,-4.77,-27.98,12.14,7.17,-7.98,2.55,-27.595414,-48.507091,9,85.66
-37.25,26278.54,0.00,10039.06,0.49,-0.03,-1.01,-13.93,-26.35,11.45,1.77,-7.38,-0.02,-27.595405,-48.507071,6,85.78
-37.23,26292.64,0.00,10035.56,0.23,0.28,-0.56,-27.73,-16.64,5.93,-3.98,-0.52,-0.34,-27.595396,-48.507050,8,85.84
-37.21,26306.75,0.00,10032.06,-0.28,0.00,-0.45,-29.65,-12.27,10.77,-5.54,6.85,-4.67,-27.595387,-48.507030,9,85.93
-37.19,26320.86,0.00,10028.56,-1.26,0.59,0.63,-29.04,3.90,8.46,-5.49,3.11,-1.48,-27.595378,-48.507010,8,86.09
-37.16,26334.98,0.00,10025.06,0.57,0.04,-0.98,-25.77,15.48,8.20,3.17,-1.41,-1.58,-27.595369,-48.506990,6,86.19
-37.14,26349.10,0.00,10021.56,-0.31,-0.26,0.24,-19.54,22.87,3.97,7.82,-6.81,6.46,-27.595360,-48.506969,8,86.31
-37.12,26363.23,0.00,10018.06,0.14,-0.54,0.60,-8.07,29.24,0.32,2.39,-3.37,6.07,-27.595351,-48.506949,8,86.43
-37.09,26377.37,0.00,10014.56,-0.83,-0.29,-0.70,3.76,30.08,-1.98,-4.34,-0.66,2.90,-27.595342,-48.506929,7,86.54
-37.07,26391.51,0.00,10011.06,0.37,0.35,0.60,13.53,26.13,-4.16,-5.53,5.00,-5.59,-27.595333,-48.506909,10,86.66
-37.05,26405.66,0.00,10007.56,-0.39,-1.53,0.59,22.72,17.64,-2.36,-5.03,-1.38,-2.77,-27.595324,-48.506888,7,86.78
-37.03,26419.82,0.00,10004.06,0.92,0.82,-0.16,30.86,9.08,-6.60,4.02,-3.78,-1.45,-27.595315,-48.506868,10,86.84
-37.00,26433.98,0.00,10000.56,-0.08,-0.68,-0.34,29.72,-4.52,-6.66,4.58,-9.00,0.76,-27.595306,-48.506848,7,86.93
-36.98,26448.15,0.00,9997.06,-0.04,-1.29,0.54,26.30,-17.91,-8.94,4.29,-5.31,5.04,-27.595297,-48.506827,8,87.03
-36.96,26462.32,0.00,9993.56,-0.30,-0.25,-0.16,14.97,-21.88,-5.98,0.48,5.05,4.12,-27.595288,-48.506807,7,87.13
-36.94,26476.50,0.00,9990.06,0.79,-0.95,0.55,6.59,-29.31,-10.76,-5.66,6.95,1.69,-27.595279,-48.506787,6,87.25
-36.91,26490.68,0.00,9986.56,0.92,-0.51,0.77,-6.59,-30.72,-7.94,-5.59,3.65,-1.55,-27.595270,-48.506767,8,87.35
-36.89,26504.88,0.00,9983.06,0.83,-0.21,-1.26,-18.32,-28.35,-10.95,1.20,-2.91,-5.31,-27.595261,-48.506746,7,87.46
-36.87,26519.08,0.00,9979.56,0.01,-0.28,0.44,-26.36,-16.72,-11.33,3.53,-1.47,-2.24,-27.595252,-48.506726,10,87.57
-36.84,26533.28,0.00,9976.06,0.33,0.01,-0.14,-30.90,-10.90,-10.82,6.09,-3.20,-0.19,-27.595243,-48.506706,7,87.68
-36.82,26547.49,0.00,9972.56,0.74,-0.22,-0.39,-33.76,4.88,-7.99,1.85,7.28,5.98,-27.595234,-48.506686,6,87.79
-36.80,26561.71,0.00,9969.06,0.78,0.33,-0.97,-23.33,18.72,-6.98,-2.32,4.65,4.14,-27.595225,-48.506665,7,87.90
-36.78,26575.93,0.00,9965.56,0.18,0.58,-0.17,-14.11,23.59,-2.44,-6.78,1.75,4.13,-27.595216,-48.506645,9,88.01
-36.75,26590.16,0.00,9962.06,-0.38,-0.25,-0.10,-4.89,28.27,0.45,-1.73,-10.29,-2.94,-27.595208,-48.506625,10,88.12
-36.73,26604.39,0.00,9958.56,0.67,-0.82,0.82,6.93,30.10,5.00,1.69,-5.71,-5.51,-27.595199,-48.506604,8,88.22
-36.71,26618.64,0.00,9955.06,0.34,-0.49,-0.11,16.65,24.78,2.40,6.49,1.73,-1.54,-27.595190,-48.506584,7,88.33
-36.69,26632.88,0.00,9951.56,-0.45,0.30,0.37,25.68,13.04,6.30,3.59,5.69,1.44,-27.595181,-48.506564,8,88.45
-36.66,26647.14,0.00,9948.06,0.56,-0.18,-0.10,29.47,1.65,8.33,-2.57,5.04,3.80,-27.595172,-48.506544,10,88.55
-36.64,26661.40,0.00,9944.56,-0.38,0.45,0.70,30.18,-8.82,10.45,-6.29,-2.33,4.37,-27.595163,-48.506523,6,88.66
-36.62,26675.66,0.00,9941.06,0.41,0.43,-0.05,22.72,-20.03,7.87,-3.63,-6.71,1.34,-27.595154,-48.506503,9,88.77
-36.59,26689.94,0.00,9937.56,-0.48,0.73,-0.17,13.34,-26.18,11.73,3.19,-2.11,-1.18,-27.595145,-48.506483,6,88.88
-36.57,26704.21,0.00,9934.06,-0.26,0.03,-0.44,1.29,-27.52,8.75,4.18,3.16,-6.60,-27.595136,-48.506463,9,88.99
-36.55,26718.50,0.00,9930.56,0.01,0.94,-0.73,-7.36,-28.46,11.04,4.58,7.55,-4.41,-27.595127,-48.506442,6,89.10
-36.53,26732.79,0.00,9927.06,1.15,-0.52,-0.67,-20.48,-25.74,7.34,1.20,0.45,1.15,-27.595118,-48.506422,8,89.21
-36.50,26747.09,0.00,9923.56,-0.53,0.25,0.37,-28.93,-10.53,7.85,-6.89,-4.85,3.08,-27.595109,-48.506402,7,89.32
-36.48,26761.39,0.00,9920.06,0.40,0.61,-0.73,-28.13,-0.85,9.41,-3.54,-4.51,5.98,-27.595100,-48.506381,7,89.43
-36.46,26775.70,0.00,9916.56,-0.37,-0.60,-0.09,-27.68,9.59,7.26,-1.31,-0.56,3.99,-27.595091,-48.506361,6,89.54
-36.43,26790.01,0.00,9913.06,0.32,0.39,-0.40,-21.17,18.37,6.33,5.69,5.03,-4.98,-27.595082,-48.506341,8,89.65
-36.41,26804.34,0.00,9909.56,-0.97,0.49,0.71,-15.00,29.73,3.51,6.70,7.87,-6.11,-27.595073,-48.506321,6,89.76
-36.39,26818.66,0.00,9906.06,0.62,-0.48,0.65,2.22,26.89,3.22,0.71,-2.53,-4.11,-27.595064,-48.506300,9,89.87
-36.37,26833.00,0.00,9902.56,-0.53,0.06,-0.27,9.87,29.21,-3.53,-4.44,-5.97,0.09,-27.595055,-48.506280,10,89.98
-36.34,26847.34,0.00,9899.06,0.66,-0.09,0.05,22.12,22.73,-0.92,-2.14,-3.56,4.82,-27.595046,-48.506260,6,90.09
-36.32,26861.69,0.00,9895.56,-0.58,-0.15,-0.30,24.88,13.29,-4.26,-0.55,0.01,4.13,-27.595037,-48.506240,7,90.19
-36.30,26876.04,0.00,9892.06,0.89,-0.59,-0.46,31.73,2.20,-7.31,5.68,6.15,1.39,-27.595028,-48.506219,9,90.31
-36.28,26890.40,0.00,9888.56,0.35,-0.16,-0.48,26.08,-7.54,-7.66,7.24,7.11,-5.37,-27.595019,-48.506199,7,90.42
-36.25,26904.76,0.00,9885.06,-0.33,0.59,-0.93,18.99,-19.93,-7.04,0.47,-1.39,-8.67,-27.595010,-48.506179,7,90.53
-36.23,26919.13,0.00,9881.56,0.55,-0.39,-0.14,12.86,-27.00,-13.11,-3.93,-6.48,-4.83,-27.595001,-48.506158,8,90.64
-36.21,26933.51,0.00,9878.06,1.50,0.78,0.40,1.66,-30.29,-10.27,-4.32,-2.56,2.09,-27.594992,-48.506138,8,90.75
-36.18,26947.90,0.00,9874.56,0.11,0.03,0.08,-13.20,-27.48,-10.30,-2.96,1.00,6.12,-27.594983,-48.506118,9,90.86
-36.16,26962.29,0.00,9871.06,0.05,0.40,0.22,-19.27,-21.26,-7.53,-0.84,6.35,5.42,-27.594974,-48.506098,6,90.97
-36.14,26976.68,0.00,9867.56,0.19,0.11,-0.13,-28.15,-10.30,-6.67,8.83,1.69,-0.04,-27.594965,-48.506077,9,91.08
-36.12,26991.09,0.00,9864.06,-0.09,-0.85,0.08,-26.30,0.82,-8.27,2.29,-3.93,-3.83,-27.594956,-48.506057,7,91.19
-36.09,27005.49,0.00,9860.56,-0.00,0.16,1.12,-25.93,12.52,-4.57,-3.19,-6.97,-3.29,-27.594947,-48.506037,8,91.31
-36.07,27019.91,0.00,9857.06,-0.04,-0.41,-0.98,-20.08,24.16,-5.25,-5.79,-2.27,-2.18,-27.594938,-48.506017,7,91.42
-36.05,27034.33,0.00,9853.56,-0.27,-0.22,-0.42,-10.76,25.52,-1.21,-7.02,4.26,5.09,-27.594929,-48.505996,6,91.51
-36.03,27048.76,0.00,9850.06,-0.57,-0.45,-0.57,3.79,31.19,-1.01,2.12,6.85,4.09,-27.594920,-48.505976,10,91.63
-36.00,27063.19,0.00,9846.56,1.13,0.07,0.02,13.02,23.97,3.59,8.58,-1.23,5.86,-27.594911,-48.505956,6,91.73
-35.98,27077.63,0.00,9843.06,-0.13,-0.27,0.38,26.01,20.66,2.45,6.93,-4.64,-0.02,-27.594902,-48.505935,6,91.84
-35.96,27092.08,0.00,9839.56,-0.13,0.32,0.06,24.70,10.20,5.21,1.57,-5.67,-1.98,-27.594893,-48.505915,9,91.95
-35.93,27106.53,0.00,9836.06,-0.59,0.88,0.33,30.72,-5.86,10.62,-7.30,-1.19,-3.66,-27.594884,-48.505895,7,92.06
-35.91,27120.99,0.00,9832.56,0.01,-0.42,-0.14,27.10,-16.50,8.32,-4.95,4.96,-2.21,-27.594875,-48.505875,6,92.17
-35.89,27135.45,0.00,9829.06,1.86,0.33,-0.41,16.49,-24.07,12.71,1.34,5.86,1.43,-27.594866,-48.505854,9,92.28
-35.87,27149.92,0.00,9825.56,-0.30,-0.49,0.59,9.22,-27.58,9.44,4.95,1.10,3.96,-27.594857,-48.505834,7,92.39
-35.84,27164.40,0.00,9822.06,0.52,0.22,0.16,-7.46,-21.90,8.31,6.22,-7.29,3.99,-27.594848,-48.505814,8,92.50
-35.82,27178.89,0.00,9818.56,0.95,-0.73,0.17,-13.33,-25.20,8.66,5.10,-7.21,-3.90,-27.594839,-48.505794,7,92.61
-35.80,27193.38,0.00,9815.06,0.43,0.23,-0.57,-19.74,-17.19,9.35,-2.74,3.87,-4.08,-27.594830,-48.505773,10,92.72
-35.78,27207.87,0.00,9811.56,-0.54,-0.49,0.20,-27.38,-8.74,9.43,-5.20,5.62,-4.15,-27.594821,-48.505753,8,92.83
-35.75,27222.37,0.00,9808.06,-0.00,-0.76,-0.06,-32.27,3.11,5.32,-3.26,5.64,-1.39,-27.594812,-48.505733,9,92.94
-35.73,27236.88,0.00,9804.56,-0.52,0.11,-0.04,-26.94,14.08,2.70,5.17,-2.44,1.56,-27.594803,-48.505712,6,93.05
-35.71,27251.40,0.00,9801.06,0.28,-0.13,0.49,-16.53,19.98,2.57,8.65,-5.50,5.52,-27.594794,-48.505692,10,93.16
-35.68,27265.92,0.00,9797.56,0.52,0.76,0.04,-7.56,25.56,-0.78,1.79,-2.37,5.51,-27.594785,-48.505672,10,93.27
-35.66,27280.45,0.00,9794.06,-0.46,-0.13,1.24,4.76,29.14,-0.23,-2.44,3.60,1.00,-27.594776,-48.505652,10,93.37
-35.64,27294.98,0.00,9790.56,0.50,0.28,0.58,15.25,23.98,-2.34,-3.48,5.50,-4.51,-27.594767,-48.505631,7,93.48
-35.62,27309.52,0.00,9787.06,0.47,0.62,-0.02,23.19,20.07,-4.41,-3.97,4.82,-7.34,-27.594758,-48.505611,8,93.59
-35.59,27324.07,0.00,9783.56,0.09,-0.10,-0.78,29.01,3.73,-5.04,2.30,-2.82,-4.25,-27.594749,-48.505591,9,93.71
-35.57,27338.62,0.00,9780.06,-0.53,-0.32,-0.83,29.41,-8.22,-9.69,6.95,-8.03,-0.27,-27.594740,-48.505571,10,93.81
-35.55,27353.18,0.00,9776.56,-0.19,0.14,-0.43,27.33,-18.67,-8.93,3.86,-1.40,5.71,-27.594731,-48.505550,10,93.92
-35.52,27367.74,0.00,9773.06,-0.46,-0.88,-0.19,12.47,-24.83,-12.47,-1.02,2.26,4.73,-27.594722,-48.505530,10,94.03
-35.50,27382.31,0.00,9769.56,0.20,0.28,-0.30,9.65,-30.49,-10.77,-6.90,6.39,2.72,-27.594713,-48.505510,10,94.14
-35.48,27396.89,0.00,9766.06,-0.56,-0.16,0.85,-8.30,-30.33,-12.94,-4.95,0.28,-2.89,-27.594704,-48.505489,6,94.25
-35.46,27411.48,0.00,9762.56,-0.15,0.87,1.00,-18.09,-24.32,-10.87,1.25,-6.97,-2.79,-27.594695,-48.505469,8,94.36
-35.43,27426.07,0.00,9759.06,0.78,-0.40,1.00,-27.16,-15.54,-5.28,5.28,-3.58,-0.67,-27.594686,-48.505449,6,94.47
-35.41,27440.66,0.00,9755.56,0.52,-0.18,1.34,-33.22,-0.80,-8.90,2.87,-1.55,4.50,-27.594678,-48.505429,9,94.58
-35.39,27455.27,0.00,9752.06,0.03,0.66,-0.25,-28.03,8.66,-4.77,2.64,2.11,7.22,-27.594669,-48.505408,6,94.70
-35.37,27469.88,0.00,9748.56,-0.14,-0.08,-0.24,-20.30,16.95,-5.60,-4.64,4.83,4.82,-27.594660,-48.505388,8,94.81
-35.34,27484.49,0.00,9745.06,0.87,-0.41,-0.25,-11.20,26.14,-4.22,-6.60,-1.25,2.09,-27.594651,-48.505368,8,94.92
-35.32,27499.11,0.00,9741.56,-0.16,0.51,-0.55,-3.57,30.65,-4.33,-2.76,-3.32,-4.94,-27.594642,-48.505348,6,95.03
-35.30,27513.74,0.00,9738.06,0.72,-0.20,-0.20,6.87,28.99,2.33,3.72,-1.18,-5.12,-27.594633,-48.505327,7,95.12
-35.27,27528.37,0.00,9734.56,-0.30,-0.55,-1.14,18.38,21.29,1.05,3.25,3.98,-5.49,-27.594624,-48.505307,6,95.23
-35.25,27543.02,0.00,9731.06,-0.64,-0.13,-0.64,26.83,15.19,4.26,0.44,7.72,2.04,-27.594615,-48.505287,7,95.36
-35.23,27557.66,0.00,9727.56,0.48,-0.34,0.70,30.75,3.38,3.17,-2.95,-0.29,6.11,-27.594606,-48.505266,9,95.59
-35.21,27572.32,0.00,9724.06,0.05,-0.18,-0.78,32.60,-10.65,10.82,-3.33,-1.94,8.73,-27.594597,-48.505246,10,95.68
-35.18,27586.97,0.00,9720.56,-1.11,-0.01,-0.13,23.89,-22.16,8.85,-5.61,-7.19,-0.74,-27.594588,-48.505226,9,95.79
-35.16,27601.64,0.00,9717.06,-1.70,-0.26,-0.82,15.12,-26.13,10.76,0.54,-5.12,-3.48,-27.594579,-48.505206,7,95.89
-35.14,27616.31,0.00,9713.56,0.49,-0.48,-1.15,3.78,-29.95,10.87,6.78,1.58,-6.32,-27.594570,-48.505185,10,96.00
-35.12,27630.99,0.00,9710.06,-0.24,0.66,0.82,-12.08,-26.23,6.13,6.90,3.53,-5.25,-27.594561,-48.505165,10,96.11
-35.09,27645.68,0.00,9706.56,0.35,0.10,-0.49,-21.61,-22.43,11.63,-5.41,1.43,0.22,-27.594552,-48.505145,8,96.22
-35.07,27660.37,0.00,9703.06,0.74,0.35,-0.40,-29.42,-9.32,6.93,-6.41,-3.95,6.97,-27.594543,-48.505125,7,96.33
-35.05,27675.06,0.00,9699.56,-0.63,-0.26,0.26,-29.77,1.35,8.14,-4.41,-6.21,4.69,-27.594534,-48.505104,6,96.45
-35.02,27689.77,0.00,9696.06,0.03,0.88,0.43,-29.05,11.12,8.43,-1.35,1.52,3.12,-27.594525,-48.505084,9,96.55
-35.00,27704.48,0.00,9692.56,-0.35,-0.35,-0.57,-24.20,19.29,7.87,4.93,4.24,-6.80,-27.594516,-48.505064,10,96.67
-34.98,27719.19,0.00,9689.06,0.46,0.23,0.02,-9.76,29.00,2.22,8.56,4.38,-8.92,-27.594507,-48.505043,8,96.78
-34.96,27733.92,0.00,9685.56,0.31,-0.18,-0.61,0.65,29.00,-1.11,3.19,-0.85,-3.20,-27.594498,-48.505023,9,96.88
-34.93,27748.65,0.00,9682.06,-0.47,0.17,0.70,12.75,31.28,1.46,-5.88,-7.53,3.25,-27.594489,-48.505003,7,97.03
-34.91,27763.38,0.00,9678.56,0.38,0.11,-0.21,26.72,19.34,-0.90,-3.44,-3.37,1.44,-27.594480,-48.504983,7,97.13
-34.89,27778.12,0.00,9675.06,0.36,-0.69,0.19,31.04,7.68,-11.06,2.64,1.99,5.79,-27.594471,-48.504962,7,97.23
-34.87,27792.87,0.00,9671.56,-0.66,1.10,-1.13,29.95,-3.67,-9.67,4.16,8.94,-4.00,-27.594462,-48.504942,8,97.35
-34.84,27807.63,0.00,9668.06,-0.01,0.12,0.56,25.58,-10.04,-6.34,8.09,6.26,-3.99,-27.594453,-48.504922,6,97.47
-34.82,27822.39,0.00,9664.56,0.85,0.27,0.32,20.95,-27.70,-8.94,1.41,-3.82,-4.15,-27.594444,-48.504901,8,97.58
-34.80,27837.15,0.00,9661.06,0.05,-0.78,-0.69,6.60,-30.18,-7.08,-4.44,-4.89,-4.44,-27.594435,-48.504881,6,97.70
-34.77,27851.93,0.00,9657.56,0.49,0.28,0.51,-0.03,-26.90,-8.32,-6.23,-2.20,3.77,-27.594426,-48.504861,8,97.82
-34.75,27866.71,0.00,9654.06,0.43,0.33,0.65,-14.71,-29.18,-12.72,-2.01,4.00,4.65,-27.594417,-48.504841,9,97.88
-34.73,27881.49,0.00,9650.56,-0.26,-0.69,0.09,-25.81,-19.90,-7.22,4.71,5.13,5.52,-27.594408,-48.504820,10,97.97
-34.71,27896.29,0.00,9647.06,-0.20,-0.68,-0.84,-27.05,-8.53,-8.44,9.47,1.46,-2.82,-27.594399,-48.504800,10,98.09
-34.68,27911.08,0.00,9643.56,-0.37,0.19,-0.02,-31.36,6.96,-5.63,3.93,-3.82,-7.65,-27.594390,-48.504780,6,98.19
-34.66,27925.89,0.00,9640.06,0.11,-0.06,-0.38,-23.09,12.44,-6.77,-1.36,-4.02,-6.42,-27.594381,-48.504760,10,98.35
-34.64,27940.70,0.00,9636.56,0.09,-0.95,-0.15,-19.92,25.79,-0.37,-6.05,1.55,-3.05,-27.594372,-48.504739,10,98.45
-34.61,27955.52,0.00,9633.06,0.06,-0.57,-0.05,-6.92,30.42,-3.73,-4.85,2.50,2.81,-27.594363,-48.504719,6,98.57
-34.59,27970.34,0.00,9629.56,0.26,0.70,-0.77,5.97,30.24,0.68,0.57,8.67,4.61,-27.594354,-48.504699,10,98.69
-34.57,27985.17,0.00,9626.06,0.22,-0.10,0.54,15.19,27.87,-0.56,4.56,1.27,6.12,-27.594345,-48.504678,10,98.80
-34.55,28000.01,0.00,9622.56,0.13,-0.13,-0.45,25.03,17.89,3.31,3.23,-6.89,-3.76,-27.594336,-48.504658,8,98.92
-34.52,28014.85,0.00,9619.06,-0.31,0.64,-0.45,28.96,7.28,5.12,0.22,-7.49,-9.19,-27.594327,-48.504638,8,99.04
-34.50,28029.70,0.00,9615.56,1.18,1.05,0.04,28.25,-6.09,6.11,-3.97,1.00,-5.00,-27.594318,-48.504618,9,99.10
-34.48,28044.56,0.00,9612.06,-0.01,0.42,-0.02,28.19,-16.17,11.42,-6.75,5.32,-3.44,-27.594309,-48.504597,7,99.19
-34.46,28059.42,0.00,9608.56,0.53,-0.09,-0.43,20.19,-24.27,10.09,2.19,6.59,5.14,-27.594300,-48.504577,8,99.31
-34.43,28074.29,0.00,9605.06,0.59,0.01,-0.77,6.75,-30.81,9.92,5.88,-1.46,6.15,-27.594291,-48.504557,9,99.41
-34.41,28089.17,0.00,9601.56,0.34,0.58,0.63,-9.40,-31.83,10.97,2.35,-9.02,5.66,-27.594282,-48.504537,6,99.57
-34.39,28104.05,0.00,9598.06,-0.22,-0.43,0.34,-18.82,-23.70,10.83,1.76,-5.86,-0.83,-27.594273,-48.504516,10,99.67
-34.36,28118.94,0.00,9594.56,-0.37,0.56,-0.75,-24.23,-16.24,8.71,-5.64,5.13,-4.99,-27.594264,-48.504496,10,99.79
-34.34,28133.83,0.00,9591.06,0.65,-1.35,-0.41,-28.40,-6.10,2.64,-4.59,5.60,-4.03,-27.594255,-48.504476,9,99.91
-34.32,28148.73,0.00,9587.56,0.11,0.53,-0.22,-29.72,2.68,6.95,-2.04,2.81,-0.89,-27.594246,-48.504455,10,100.03
-34.30,28163.64,0.00,9584.06,-0.40,-0.21,0.08,-22.86,17.13,7.33,1.15,-1.96,2.72,-27.594237,-48.504435,8,100.09
-34.27,28178.55,0.00,9580.56,0.06,-0.53,-0.98,-12.70,23.57,2.29,6.73,-7.21,1.40,-27.594228,-48.504415,8,100.18
-34.25,28193.47,0.00,9577.06,-0.69,0.10,0.10,-3.48,33.48,2.54,-1.49,-1.89,6.56,-27.594219,-48.504395,9,100.29
-34.23,28208.40,0.00,9573.56,-0.28,-0.24,0.30,8.08,29.35,-2.52,-4.75,2.74,1.59,-27.594210,-48.504374,7,100.46
-34.21,28223.33,0.00,9570.06,-0.43,-0.20,-0.13,18.87,27.16,-3.63,-6.77,4.95,-4.41,-27.594201,-48.504354,10,100.56
-34.18,28238.27,0.00,9566.56,-0.03,-0.44,0.89,30.02,15.04,-3.66,-3.80,0.99,-2.91,-27.594192,-48.504334,8,100.68
-34.16,28253.22,0.00,9563.06,-0.88,0.06,-0.45,31.24,3.48,-7.19,2.41,-4.45,-4.50,-27.594183,-48.504314,10,100.79
-34.14,28268.17,0.00,9559.56,0.53,-0.47,0.18,31.46,-6.61,-10.35,7.05,-4.66,4.75,-27.594174,-48.504293,7,100.91
-34.11,28283.13,0.00,9556.06,0.09,-0.19,-0.42,23.57,-16.79,-9.35,3.03,-1.64,4.92,-27.594165,-48.504273,7,100.98
-34.09,28298.09,0.00,9552.56,0.76,-0.14,-0.04,17.63,-25.16,-8.49,-2.71,4.48,4.79,-27.594156,-48.504253,10,101.06
-34.07,28313.06,0.00,9549.06,0.21,-1.12,0.13,3.44,-29.23,-7.36,-7.95,3.18,-0.58,-27.594148,-48.504232,10,101.16
-34.05,28328.04,0.00,9545.56,-0.14,0.50,-0.29,-7.29,-28.15,-12.99,-3.98,1.56,-5.76,-27.594139,-48.504212,6,101.33
-34.02,28343.02,0.00,9542.06,0.50,-0.22,0.37,-21.70,-19.95,-9.20,1.53,-4.11,-5.29,-27.594130,-48.504192,9,101.43
-34.00,28358.02,0.00,9538.56,-0.43,0.50,0.66,-29.49,-12.61,-5.07,6.89,-6.31,-1.72,-27.594121,-48.504172,6,101.55
-33.98,28373.01,0.00,9535.06,0.97,-0.35,-0.25,-29.35,-2.84,-5.72,5.32,-0.77,2.12,-27.594112,-48.504151,7,101.66
-33.96,28388.02,0.00,9531.56,0.36,0.73,0.49,-29.21,10.48,-6.08,-1.09,8.40,5.12,-27.594103,-48.504131,8,101.78
-33.93,28403.02,0.00,9528.06,-0.76,-0.04,0.98,-21.92,21.83,-4.25,-6.06,5.67,6.38,-27.594094,-48.504111,9,101.85
-33.91,28418.04,0.00,9524.56,0.14,0.33,-0.62,-14.03,25.90,-1.80,-5.02,-4.95,-2.69,-27.594085,-48.504091,7,101.93
-33.89,28433.06,0.00,9521.06,0.16,0.39,0.00,-0.79,36.65,-0.93,-1.99,-5.34,-3.08,-27.594076,-48.504070,8,102.03
-33.86,28448.09,0.00,9517.56,0.02,0.58,0.22,8.64,29.14,0.21,3.18,-5.39,-6.54,-27.594067,-48.504050,6,102.21
-33.84,28463.13,0.00,9514.06,-0.33,0.23,0.70,20.64,22.04,3.00,7.27,1.59,-0.28,-27.594058,-48.504030,8,102.30
-33.82,28478.17,0.00,9510.56,0.32,-0.26,-0.18,27.14,16.85,5.73,2.50,6.37,4.15,-27.594049,-48.504009,9,102.42
-33.80,28493.22,0.00,9507.06,-0.30,-0.23,-0.33,27.28,-2.75,8.64,-4.71,2.45,1.40,-27.594040,-48.503989,9,102.53
-33.77,28508.27,0.00,9503.56,-0.91,0.56,0.07,29.31,-12.59,7.77,-6.59,-4.30,5.54,-27.594031,-48.503969,6,102.65
-33.75,28523.33,0.00,9500.06,-0.13,-0.93,0.62,20.44,-22.95,10.39,-1.41,-6.56,-1.28,-27.594022,-48.503949,9,102.72
-33.73,28538.40,0.00,9496.56,0.06,0.13,-0.21,11.28,-28.13,6.05,2.32,-0.59,-6.66,-27.594013,-48.503928,6,102.80
-33.70,28553.48,0.00,9493.06,-0.47,-0.40,0.13,2.83,-29.11,10.96,7.20,4.54,-4.26,-27.594004,-48.503908,9,102.91
-33.68,28568.56,0.00,9489.56,0.49,-0.18,-0.06,-12.03,-27.08,10.20,3.86,4.91,-4.62,-27.593995,-48.503888,8,103.03
-33.66,28583.64,0.00,9486.06,0.18,-0.37,-0.35,-24.98,-19.14,7.97,-2.39,0.23,0.72,-27.593986,-48.503868,7,103.12
-33.64,28598.74,0.00,9482.56,0.15,0.38,0.21,-29.50,-6.93,5.31,-7.27,-6.66,5.08,-27.593977,-48.503847,8,103.24
-33.61,28613.84,0.00,9479.06,-0.05,0.27,-0.60,-29.73,0.08,6.99,-3.65,-2.92,4.19,-27.593968,-48.503827,6,103.35
-33.59,28628.94,0.00,9475.56,-0.90,-0.90,0.73,-26.87,10.41,7.32,2.59,-1.26,-1.15,-27.593959,-48.503807,10,103.45
-33.57,28644.06,0.00,9472.06,0.06,-0.14,-0.29,-21.49,19.81,3.97,5.36,5.17,-3.79,-27.593950,-48.503786,7,103.57
-33.55,28659.17,0.00,9468.56,0.51,0.64,-0.28,-7.88,25.66,2.07,4.14,6.60,-7.15,-27.593941,-48.503766,6,103.68
-33.52,28674.30,0.00,9465.06,0.07,0.39,-0.60,3.57,30.40,-0.30,0.80,-3.35,-4.05,-27.593932,-48.503746,6,103.78
-33.50,28689.43,0.00,9461.56,-0.51,-0.84,-0.05,13.28,28.94,-5.15,-4.62,-7.39,6.11,-27.593923,-48.503726,7,103.90
-33.48,28704.57,0.00,9458.06,-0.08,-0.25,0.37,26.33,16.57,-4.10,-2.89,-5.20,5.85,-27.593914,-48.503705,9,104.01
-33.45,28719.72,0.00,9454.56,-0.18,-0.29,-0.31,26.86,4.78,-2.44,-1.66,1.09,2.29,-27.593905,-48.503685,8,104.12
-33.43,28734.87,0.00,9451.06,-0.75,0.35,-0.09,28.54,-1.20,-8.86,4.63,5.04,1.45,-27.593896,-48.503665,9,104.23
-33.41,28750.03,0.00,9447.56,-0.15,0.41,0.10,25.85,-11.40,-5.32,6.20,5.95,-5.33,-27.593887,-48.503645,10,104.34
-33.39,28765.19,0.00,9444.06,0.71,0.60,-0.11,18.25,-24.36,-8.34,1.50,-1.55,-4.35,-27.593878,-48.503624,7,104.45
-33.36,28780.36,0.00,9440.56,0.21,0.08,-1.06,11.49,-30.41,-10.42,-4.10,-4.35,-3.59,-27.593869,-48.503604,8,104.58
-33.34,28795.54,0.00,9437.06,0.05,0.41,-0.60,-3.93,-28.72,-13.23,-5.46,-3.60,2.23,-27.593860,-48.503584,7,104.68
-33.32,28810.72,0.00,9433.56,-0.11,0.37,0.61,-18.11,-30.33,-11.61,-3.05,4.53,6.97,-27.593851,-48.503563,9,104.79
-33.30,28825.91,0.00,9430.06,-0.31,-0.85,-0.36,-22.83,-19.46,-8.06,1.89,8.37,3.13,-27.593842,-48.503543,10,104.92
-33.27,28841.11,0.00,9426.56,0.23,-0.46,0.57,-29.89,-9.69,-8.65,4.19,3.50,-0.02,-27.593833,-48.503523,8,105.03
-33.25,28856.31,0.00,9423.06,-0.32,-0.28,0.82,-25.33,7.25,-8.48,4.23,-5.01,-5.78,-27.593824,-48.503503,7,105.15
-33.23,28871.52,0.00,9419.56,0.31,-0.82,0.05,-23.36,16.90,-3.22,-5.50,-8.25,-2.72,-27.593815,-48.503482,8,105.26
-33.20,28886.74,0.00,9416.06,-0.58,-0.60,-0.82,-17.35,25.97,-3.71,-7.53,-1.71,-2.97,-27.593806,-48.503462,10,105.37
-33.18,28901.96,0.00,9412.56,-0.12,0.31,-0.68,-6.93,26.76,-0.35,-1.58,3.43,1.38,-27.593797,-48.503442,10,105.48
-33.16,28917.19,0.00,9409.06,-0.79,-0.07,0.06,9.18,28.54,-0.88,1.82,5.88,6.51,-27.593788,-48.503422,6,105.59
-33.14,28932.43,0.00,9405.56,-0.50,0.11,-0.06,19.06,27.95,2.74,3.42,-0.22,2.48,-27.593779,-48.503401,8,105.72
-33.11,28947.67,0.00,9402.06,-0.02,0.71,-0.89,25.71,19.77,7.44,5.19,-4.22,-1.16,-27.593770,-48.503381,10,105.81
-33.09,28962.92,0.00,9398.56,0.06,0.10,0.29,30.59,4.70,6.13,-1.54,-7.20,-4.26,-27.593761,-48.503361,10,105.96
-33.07,28978.17,0.00,9395.06,-0.82,0.91,0.19,30.01,-6.57,8.14,-6.44,3.20,-4.25,-27.593752,-48.503340,10,106.06
-33.05,28993.44,0.00,9391.56,-0.10,-0.37,0.09,22.10,-16.09,9.36,-6.52,5.28,-1.52,-27.593743,-48.503320,8,106.18
-33.02,29008.70,0.00,9388.06,0.38,0.47,-0.06,12.74,-25.84,10.09,-1.24,4.46,4.85,-27.593734,-48.503300,8,106.30
-33.00,29023.98,0.00,9384.56,-0.10,-0.49,-0.52,5.05,-31.88,10.62,4.59,-2.88,3.21,-27.593725,-48.503280,6,106.41
-32.98,29039.26,0.00,9381.06,0.14,-0.19,-0.69,-8.71,-25.70,12.13,4.64,-4.61,7.26,-27.593716,-48.503259,8,106.53
-32.95,29054.55,0.00,9377.56,-0.53,0.22,-0.12,-21.71,-24.52,7.75,0.19,-4.95,1.69,-27.593707,-48.503239,7,106.65
-32.93,29069.84,0.00,9374.06,-0.54,0.18,-1.01,-27.20,-15.73,8.73,-4.70,5.27,-2.07,-27.593698,-48.503219,6,106.76
-32.91,29085.14,0.00,9370.56,-0.79,0.59,-0.10,-28.30,-3.31,8.61,-5.38,7.88,-7.91,-27.593689,-48.503199,7,106.88
-32.89,29100.45,0.00,9367.06,-0.41,-0.09,0.01,-30.22,9.39,6.34,0.48,4.12,3.54,-27.593680,-48.503178,7,107.00
-32.86,29115.77,0.00,9363.56,0.21,0.01,0.26,-22.83,18.07,5.28,4.33,-2.49,4.42,-27.593671,-48.503158,10,107.12
-32.84,29131.09,0.00,9360.06,0.42,-0.20,0.42,-12.86,28.32,2.83,5.69,-5.32,7.07,-27.593662,-48.503138,7,107.23
-32.82,29146.41,0.00,9356.56,-0.36,0.29,0.45,-3.39,30.57,-1.20,3.86,-1.88,5.63,-27.593653,-48.503117,8,107.35
-32.79,29161.75,0.00,9353.06,0.37,0.21,-0.24,14.20,27.02,-3.63,-4.10,7.23,0.31,-27.593644,-48.503097,7,107.47
-32.77,29177.09,0.00,9349.56,0.16,0.10,-0.09,19.01,22.59,-3.56,-4.48,7.39,-7.11,-27.593635,-48.503077,10,107.58
-32.75,29192.43,0.00,9346.06,-0.25,0.51,-0.05,28.48,11.98,-4.53,0.70,2.80,-4.79,-27.593626,-48.503057,7,107.70
-32.73,29207.79,0.00,9342.56,-0.37,0.78,1.36,31.09,0.61,-4.79,1.69,-1.76,-0.92,-27.593617,-48.503036,7,107.82
-32.70,29223.15,0.00,9339.06,-0.30,-0.61,0.68,30.52,-11.80,-6.28,6.45,-5.55,2.23,-27.593609,-48.503016,9,107.94
-32.68,29238.51,0.00,9335.56,-0.00,-0.59,-0.44,20.65,-19.03,-7.91,1.45,0.84,5.66,-27.593600,-48.502996,8,108.05
-32.66,29253.89,0.00,9332.06,0.45,-0.06,0.19,9.54,-26.67,-10.40,-3.67,5.84,1.15,-27.593591,-48.502976,6,108.17
-32.64,29269.26,0.00,9328.56,-0.50,-0.57,0.48,0.22,-36.93,-6.95,-7.46,6.66,2.44,-27.593582,-48.502955,10,108.29
-32.61,29284.65,0.00,9325.06,-0.09,0.07,0.34,-7.53,-28.62,-11.12,-4.04,1.41,-5.36,-27.593573,-48.502935,6,108.40
-32.59,29300.04,0.00,9321.56,-0.09,0.75,-0.11,-21.30,-21.98,-5.51,3.57,-7.71,-3.52,-27.593564,-48.502915,10,108.52
-32.57,29315.44,0.00,9318.06,0.05,0.44,0.68,-25.83,-9.30,-8.32,12.53,-3.47,-2.29,-27.593555,-48.502894,8,108.64
-32.54,29330.85,0.00,9314.56,-0.80,0.05,0.17,-29.22,-1.10,-8.19,0.70,4.24,2.79,-27.593546,-48.502874,7,108.76
-32.52,29346.26,0.00,9311.06,0.37,-0.32,0.49,-27.22,14.72,-1.03,1.73,6.61,5.08,-27.593537,-48.502854,9,108.87
-32.50,29361.68,0.00,9307.56,0.06,-0.34,0.52,-23.08,21.13,-3.29,-8.26,1.38,1.72,-27.593528,-48.502834,9,108.99
-32.48,29377.10,0.00,9304.06,0.23,0.16,0.49,-8.04,29.45,-3.05,-6.96,-2.41,-2.03,-27.593519,-48.502813,9,109.11
-32.45,29392.54,0.00,9300.56,0.06,0.11,0.46,3.07,32.66,-0.83,-1.47,-7.26,-8.91,-27.593510,-48.502793,6,109.22
-32.43,29407.97,0.00,9297.06,-1.19,-0.28,-0.34,8.15,28.54,1.86,2.75,-2.08,-6.28,-27.593501,-48.502773,7,109.34
-32.41,29423.42,0.00,9293.56,0.46,0.23,0.21,23.55,21.07,4.38,6.79,4.29,1.06,-27.593492,-48.502753,6,109.46
-32.39,29438.87,0.00,9290.06,0.06,0.89,-0.07,32.55,11.11,8.21,-0.71,6.12,1.62,-27.593483,-48.502732,6,109.57
-32.36,29454.33,0.00,9286.56,0.45,0.57,0.48,30.76,-0.27,8.17,-4.72,0.74,7.95,-27.593474,-48.502712,7,109.69
-32.34,29469.79,0.00,9283.06,0.99,0.17,0.26,26.83,-12.43,8.17,-6.61,-2.96,4.96,-27.593465,-48.502692,10,109.81
-32.32,29485.26,0.00,9279.56,-0.97,-0.39,-0.51,17.12,-20.76,8.82,0.93,-6.83,2.78,-27.593456,-48.502671,8,109.93
-32.29,29500.74,0.00,9276.06,0.18,-0.13,0.53,9.04,-29.90,10.34,2.37,2.89,-6.24,-27.593447,-48.502651,10,110.04
-32.27,29516.23,0.00,9272.56,-0.55,0.48,-0.15,1.28,-28.97,16.88,5.02,6.10,-7.58,-27.593438,-48.502631,9,110.16
-32.25,29531.72,0.00,9269.06,0.04,0.97,0.35,-15.62,-24.18,8.73,0.23,7.39,-3.62,-27.593429,-48.502611,9,110.28
-32.23,29547.21,0.00,9265.56,-0.66,0.10,0.25,-22.42,-19.32,6.84,-5.74,-1.23,5.97,-27.593420,-48.502590,9,110.39
-32.20,29562.72,0.00,9262.06,-0.10,-0.49,-0.80,-28.06,-5.82,9.15,-6.23,-5.61,6.11,-27.593411,-48.502570,10,110.51
-32.18,29578.23,0.00,9258.56,0.06,-0.58,0.30,-27.20,4.18,8.20,-2.11,-8.33,4.36,-27.593402,-48.502550,10,110.63
-32.16,29593.75,0.00,9255.06,0.21,-0.54,0.74,-27.16,15.91,5.19,2.66,-0.57,-0.72,-27.593393,-48.502530,6,110.75
-32.14,29609.27,0.00,9251.56,-0.01,0.32,0.52,-16.57,21.16,2.57,7.48,8.65,-7.16,-27.593384,-48.502509,9,110.86
-32.11,29624.80,0.00,9248.06,0.92,0.68,-0.24,-6.70,26.33,1.04,1.55,6.47,-7.17,-27.593375,-48.502489,9,110.98
-32.09,29640.34,0.00,9244.56,0.63,-0.16,0.22,3.04,26.03,-2.75,-3.21,-0.50,0.65,-27.593366,-48.502469,8,111.08
-32.07,29655.88,0.00,9241.06,-0.90,-0.45,-0.04,10.88,25.59,-3.94,-1.92,-6.80,3.81,-27.593357,-48.502448,7,111.20
-32.04,29671.43,0.00,9237.56,0.29,-0.73,-0.06,20.86,15.46,-7.01,-4.76,-2.84,8.79,-27.593348,-48.502428,9,111.30
-32.02,29686.99,0.00,9234.06,0.98,-0.31,-0.27,31.01,6.05,-4.55,0.43,4.23,2.40,-27.593339,-48.502408,6,111.41
-32.00,29702.55,0.00,9230.56,0.29,-0.21,0.74,33.00,-4.94,-4.02,5.87,5.45,-0.14,-27.593330,-48.502388,7,111.52
-31.98,29718.12,0.00,9227.06,-0.05,-1.12,0.37,23.63,-16.21,-8.31,4.63,1.69,-4.74,-27.593321,-48.502367,9,111.68
-31.95,29733.70,0.00,9223.56,-0.43,0.39,0.09,15.64,-25.35,-7.72,-3.26,-2.78,-3.83,-27.593312,-48.502347,9,111.78
-31.93,29749.28,0.00,9220.06,-0.17,-0.47,-0.14,5.08,-32.11,-8.62,-3.33,-4.34,-1.20,-27.593303,-48.502327,7,111.90
-31.91,29764.87,0.00,9216.56,0.04,-0.55,0.54,-5.62,-26.97,-11.28,-6.09,-3.37,8.75,-27.593294,-48.502307,8,112.02
-31.88,29780.47,0.00,9213.06,0.32,0.03,-0.37,-16.38,-22.27,-4.73,3.83,3.62,3.16,-27.593285,-48.502286,9,112.13
-31.86,29796.07,0.00,9209.56,0.52,-0.69,0.91,-27.66,-18.87,-8.06,7.28,5.89,4.69,-27.593276,-48.502266,6,112.25
-31.84,29811.68,0.00,9206.06,-0.33,-0.10,0.70,-30.25,-2.42,-6.65,2.89,-0.32,-1.07,-27.593267,-48.502246,6,112.37
-31.82,29827.30,0.00,9202.56,-0.11,0.68,0.30,-26.51,5.15,-2.98,1.43,-2.87,-4.80,-27.593258,-48.502225,7,112.48
-31.79,29842.92,0.00,9199.06,-0.67,-1.50,0.40,-25.83,13.87,-6.44,-2.79,-7.45,-5.44,-27.593249,-48.502205,7,112.60
-31.77,29858.55,0.00,9195.56,0.33,-0.60,-0.45,-13.30,25.64,-0.84,-4.34,-1.85,-0.31,-27.593240,-48.502185,10,112.72
-31.75,29874.19,0.00,9192.06,-0.30,-0.56,-0.32,-1.32,32.19,-1.79,2.31,3.13,7.49,-27.593231,-48.502165,6,112.84
-31.73,29889.83,0.00,9188.56,0.17,0.87,0.27,6.76,30.73,-1.23,2.88,5.95,9.35,-27.593222,-48.502144,8,112.95
-31.70,29905.48,0.00,9185.06,0.06,-0.58,0.35,22.26,23.62,3.49,7.95,-3.99,6.60,-27.593213,-48.502124,9,113.07
-31.68,29921.13,0.00,9181.56,-0.99,-0.40,-0.26,24.67,13.24,4.24,0.25,-4.58,-2.19,-27.593204,-48.502104,10,113.19
-31.66,29936.80,0.00,9178.06,-0.41,-0.12,0.12,32.56,1.53,6.44,-6.45,-5.09,-4.34,-27.593195,-48.502084,7,113.30
-31.63,29952.47,0.00,9174.56,0.37,-0.18,0.45,29.84,-10.10,7.02,-4.01,0.18,-5.87,-27.593186,-48.502063,9,113.42
-31.61,29968.14,0.00,9171.06,-0.21,0.37,-0.91,23.94,-20.69,8.51,-3.12,6.93,-2.48,-27.593177,-48.502043,8,113.54
-31.59,29983.83,0.00,9167.56,0.58,-0.77,-0.39,11.47,-26.07,11.91,0.38,4.85,3.21,-27.593168,-48.502023,8,113.66
-31.57,29999.51,0.00,9164.06,-1.19,-0.21,-0.52,-0.64,-29.05,12.26,3.88,-2.95,5.06,-27.593159,-48.502002,8,113.91
-31.54,30015.21,0.00,9160.56,0.38,0.80,0.18,-6.62,-28.77,8.53,1.48,-8.05,1.22,-27.593150,-48.501982,8,113.99
-31.52,30030.91,0.00,9157.06,0.26,-0.57,0.39,-21.43,-23.17,9.90,-0.59,-0.39,0.55,-27.593141,-48.501962,6,114.11
-31.50,30046.62,0.00,9153.56,-0.76,-0.22,-0.47,-25.87,-14.11,12.14,-7.17,5.43,-9.28,-27.593132,-48.501942,7,114.22
-31.48,30062.34,0.00,9150.06,-0.79,0.20,-0.08,-28.19,1.60,5.61,-6.54,7.39,-1.08,-27.593123,-48.501921,8,114.34
-31.45,30078.06,0.00,9146.56,-0.41,-0.58,-0.50,-27.32,14.23,2.69,2.41,0.21,1.16,-27.593114,-48.501901,7,114.46
-31.43,30093.79,0.00,9143.06,-0.14,-0.37,0.46,-20.84,23.99,3.01,4.67,-4.52,1.38,-27.593105,-48.501881,8,114.58
-31.41,30109.53,0.00,9139.56,-0.67,-0.69,-0.57,-10.46,28.19,0.00,2.21,-3.68,2.33,-27.593096,-48.501861,8,114.69
-31.38,30125.27,0.00,9136.06,-0.19,0.17,-0.54,-3.94,31.32,4.72,0.79,-4.04,3.59,-27.593087,-48.501840,7,114.81
-31.36,30141.02,0.00,9132.56,0.11,-0.36,-0.14,8.05,25.12,-1.84,-5.70,3.41,-1.21,-27.593079,-48.501820,7,114.93
-31.34,30156.77,0.00,9129.06,0.43,0.74,-0.22,21.41,19.53,-7.93,-8.53,3.51,-9.08,-27.593070,-48.501800,9,115.04
-31.32,30172.54,0.00,9125.56,0.87,0.14,-0.41,28.64,8.55,-7.82,0.15,-1.42,-5.04,-27.593061,-48.501779,9,115.16
-31.29,30188.31,0.00,9122.06,-0.37,-0.60,0.15,28.44,-0.94,-6.07,3.81,-6.97,1.64,-27.593052,-48.501759,7,115.28
-31.27,30204.08,0.00,9118.56,0.26,-0.36,0.15,26.04,-11.20,-11.68,5.83,-5.17,3.31,-27.593043,-48.501739,9,115.40
-31.25,30219.86,0.00,9115.06,-0.27,-0.22,0.77,21.54,-23.19,-10.01,0.14,3.04,4.35,-27.593034,-48.501719,10,115.51
-31.23,30235.65,0.00,9111.56,-0.24,1.03,0.71,9.63,-29.34,-9.90,-2.63,6.46,0.85,-27.593025,-48.501698,6,115.63
-31.20,30251.45,0.00,9108.06,-0.17,-0.91,0.33,1.23,-31.74,-12.46,-4.87,1.31,0.58,-27.593016,-48.501678,6,115.74
-31.18,30267.25,0.00,9104.56,-0.90,-0.28,1.13,-13.12,-27.60,-7.28,-4.07,-4.19,-0.66,-27.593007,-48.501658,10,115.85
-31.16,30283.06,0.00,9101.06,-0.29,0.53,-0.10,-22.82,-21.21,-6.30,-0.39,-6.95,-1.53,-27.592998,-48.501638,8,115.96
-31.13,30298.88,0.00,9097.56,0.86,0.78,0.50,-29.82,-10.61,-9.30,6.91,-1.74,-0.55,-27.592989,-48.501617,9,116.08
-31.11,30314.70,0.00,9094.06,0.29,0.28,0.45,-30.37,-0.84,-6.91,0.64,3.32,4.23,-27.592980,-48.501597,6,116.20
-31.09,30330.53,0.00,9090.56,-0.44,-0.39,-0.60,-27.23,16.74,-5.12,-4.52,4.89,5.75,-27.592971,-48.501577,6,116.31
-31.07,30346.36,0.00,9087.06,-0.19,0.58,-0.07,-19.65,23.92,-2.67,-5.21,3.39,5.41,-27.592962,-48.501556,8,116.43
-31.04,30362.21,0.00,9083.56,-0.76,-0.53,-0.48,-9.47,29.38,0.52,-4.98,-3.99,-1.85,-27.592953,-48.501536,7,116.55
-31.02,30378.06,0.00,9080.06,1.00,0.37,0.08,1.32,30.05,1.28,-2.11,-2.95,-4.47,-27.592944,-48.501516,10,116.67
-31.00,30393.91,0.00,9076.56,0.17,-1.30,-0.14,12.72,24.83,1.06,3.83,-0.46,-6.81,-27.592935,-48.501496,7,116.78
-30.97,30409.78,0.00,9073.06,-0.25,-0.51,-0.39,23.98,18.79,4.78,4.64,4.76,-0.59,-27.592926,-48.501475,8,116.90
-30.95,30425.65,0.00,9069.56,-0.60,0.30,-0.38,33.15,12.37,3.52,-2.69,5.65,4.03,-27.592917,-48.501455,7,117.02
-30.93,30441.52,0.00,9066.06,-0.43,-0.78,-0.31,26.15,-2.06,4.47,-7.25,0.55,7.24,-27.592908,-48.501435,7,117.13
-30.91,30457.40,0.00,9062.56,-1.21,0.35,-0.50,28.96,-14.69,9.95,-7.17,-4.74,5.84,-27.592899,-48.501415,7,117.25
-30.88,30473.29,0.00,9059.06,-0.11,-0.24,-0.29,18.95,-21.99,9.36,-1.09,-5.43,-3.27,-27.592890,-48.501394,6,117.37
-30.86,30489.19,0.00,9055.56,-0.65,-1.50,-0.26,8.22,-32.05,10.47,4.80,2.28,-7.11,-27.592881,-48.501374,6,117.49
-30.84,30505.09,0.00,9052.06,-0.21,0.24,-0.15,-3.77,-28.62,6.95,5.95,9.41,-5.07,-27.592872,-48.501354,7,117.60
-30.82,30521.00,0.00,9048.56,-0.02,-0.26,0.38,-15.22,-28.72,12.10,1.72,4.16,-2.29,-27.592863,-48.501333,10,117.72
-30.79,30536.92,0.00,9045.06,0.15,0.91,0.60,-25.60,-17.94,7.55,-2.66,-1.98,5.92,-27.592854,-48.501313,10,117.84
-30.77,30552.84,0.00,9041.56,0.45,0.84,-0.22,-33.01,-6.23,5.68,-5.35,-3.71,3.79,-27.592845,-48.501293,8,117.97
-30.75,30568.77,0.00,9038.06,-0.51,0.22,0.55,-29.15,3.45,8.14,0.12,-6.44,5.31,-27.592836,-48.501273,8,118.07
-30.72,30584.71,0.00,9034.56,0.62,1.22,-0.01,-25.14,16.23,6.30,3.74,4.23,-4.47,-27.592827,-48.501252,7,118.19
-30.70,30600.65,0.00,9031.06,0.92,0.35,0.29,-11.88,24.91,0.76,6.67,7.11,-5.87,-27.592818,-48.501232,8,118.31
-30.68,30616.60,0.00,9027.56,-0.28,-0.00,0.81,-8.09,30.25,4.24,2.67,2.34,-3.82,-27.592809,-48.501212,9,118.42
-30.66,30632.56,0.00,9024.06,0.74,0.06,-0.89,6.25,26.44,0.12,1.29,-1.95,0.28,-27.592800,-48.501191,9,118.54
-30.63,30648.52,0.00,9020.56,-0.20,0.03,0.05,17.42,25.62,-4.48,-8.06,-6.34,1.90,-27.592791,-48.501171,10,118.66
-30.61,30664.49,0.00,9017.06,-0.03,-0.30,0.02,26.40,13.55,-2.01,-5.45,-1.65,5.85,-27.592782,-48.501151,6,118.77
-30.59,30680.47,0.00,9013.56,-1.31,0.47,-0.11,26.99,6.75,-8.01,1.68,1.58,3.59,-27.592773,-48.501131,8,118.89
-30.57,30696.46,0.00,9010.06,-0.11,-0.62,0.00,29.51,-8.44,-7.97,5.27,4.68,-4.25,-27.592764,-48.501110,7,119.01
-30.54,30712.45,0.00,9006.56,-0.14,-0.21,0.37,23.16,-17.13,-12.16,5.36,1.16,-6.04,-27.592755,-48.501090,6,119.12
-30.52,30728.44,0.00,9003.06,-0.01,0.25,-0.22,12.12,-22.87,-8.18,-2.20,-3.55,-6.38,-27.592746,-48.501070,10,119.24
-30.50,30744.45,0.00,8999.56,-0.15,0.16,0.19,4.98,-30.19,-10.20,-6.21,-5.87,-5.23,-27.592737,-48.501050,10,119.36
-30.47,30760.46,0.00,8996.06,-0.83,-0.72,-0.38,-7.14,-27.05,-7.90,-6.59,2.22,4.33,-27.592728,-48.501029,10,119.48
-30.45,30776.48,0.00,8992.56,0.02,0.00,0.16,-16.49,-25.47,-9.03,1.62,4.79,6.11,-27.592719,-48.501009,10,119.59
-30.43,30792.50,0.00,8989.06,-0.82,0.45,0.62,-26.66,-11.47,-8.77,5.65,5.92,1.73,-27.592710,-48.500989,9,119.71
-30.41,30808.53,0.00,8985.56,0.21,0.44,0.36,-27.70,-7.71,-8.91,3.36,1.44,-1.50,-27.592701,-48.500968,7,119.83
-30.38,30824.57,0.00,8982.06,-1.04,-0.24,0.70,-29.52,13.75,-7.03,-1.30,-5.47,-3.87,-27.592692,-48.500948,9,119.94
-30.36,30840.61,0.00,8978.56,-0.41,-1.03,-0.81,-20.11,18.15,-7.38,-2.42,-6.71,-8.23,-27.592683,-48.500928,8,120.06
-30.34,30856.67,0.00,8975.06,0.24,0.59,-0.18,-13.42,26.62,-2.93,-4.37,4.58,0.62,-27.592674,-48.500908,7,120.18
-30.32,30872.72,0.00,8971.56,-0.20,0.25,0.49,0.78,32.47,-0.24,-4.87,6.76,5.90,-27.592665,-48.500887,6,120.30
-30.29,30888.79,0.00,8968.06,0.65,-0.14,-0.53,9.10,27.61,1.33,6.28,2.27,5.22,-27.592656,-48.500867,9,120.41
-30.27,30904.86,0.00,8964.56,-0.27,-0.33,0.04,23.69,20.19,6.11,8.77,-5.06,4.31,-27.592647,-48.500847,7,120.53
-30.25,30920.94,0.00,8961.06,-0.40,0.81,-0.74,27.88,10.16,5.70,2.24,-3.74,-2.38,-27.592638,-48.500827,9,120.65
-30.22,30937.02,0.00,8957.56,0.51,0.57,-0.49,30.83,1.08,8.18,-1.84,-3.93,-8.07,-27.592629,-48.500806,10,120.76
-30.20,30953.12,0.00,8954.06,0.03,0.23,0.84,29.73,-8.03,8.33,-2.39,6.80,-6.68,-27.592620,-48.500786,9,120.88
-30.18,30969.21,0.00,8950.56,1.14,-0.30,-0.64,21.09,-20.17,8.75,-2.39,7.57,-1.93,-27.592611,-48.500766,6,121.00
-30.16,30985.32,0.00,8947.06,-0.34,-0.28,-0.53,9.81,-27.18,11.26,3.19,2.63,5.03,-27.592602,-48.500745,9,121.11
-30.13,31001.43,0.00,8943.56,0.32,-0.02,-0.87,-0.78,-28.78,9.66,7.10,-4.56,5.94,-27.592593,-48.500725,8,121.23
-30.11,31017.55,0.00,8940.06,-0.61,-0.10,0.02,-13.61,-26.44,8.50,4.09,-4.51,4.03,-27.592584,-48.500705,9,121.35
-30.09,31033.68,0.00,8936.56,-0.17,-0.31,0.30,-22.67,-21.92,9.67,-1.78,-0.94,-1.87,-27.592575,-48.500685,7,121.47
-30.06,31049.81,0.00,8933.06,-0.28,0.17,-0.39,-29.52,-10.99,9.33,-7.57,4.08,-8.41,-27.592566,-48.500664,10,121.58
-30.04,31065.95,0.00,8929.56,0.35,-0.09,0.42,-29.07,1.33,6.11,0.24,7.11,-6.52,-27.592557,-48.500644,9,121.70
-30.02,31082.10,0.00,8926.06,0.63,-0.66,-0.17,-24.95,15.96,7.23,3.23,-0.59,1.52,-27.592549,-48.500624,7,121.82
-30.00,31098.25,0.00,8922.56,0.54,-0.06,0.03,-17.89,22.97,0.83,7.19,-6.00,4.89,-27.592540,-48.500604,6,121.93
-29.97,31114.41,0.00,8919.06,-0.72,0.38,0.35,-9.49,29.32,3.16,3.47,-2.03,8.16,-27.592531,-48.500583,7,122.03
-29.95,31130.57,0.17,8915.56,0.02,-0.58,0.70,3.30,29.37,0.93,-0.62,-0.84,3.15,-27.592522,-48.500563,10,122.15
-29.93,31146.75,0.00,8912.06,-0.35,-0.13,-0.94,13.41,26.20,-0.47,-8.60,1.90,-4.55,-27.592513,-48.500543,7,122.27
-29.91,31162.93,0.00,8908.56,0.77,-0.27,0.09,23.41,18.14,-4.28,-4.32,3.95,-7.71,-27.592504,-48.500522,9,122.39
-29.88,31179.12,0.00,8905.06,0.92,-0.65,-0.15,26.78,12.81,-7.60,1.24,-3.04,-7.10,-27.592495,-48.500502,6,122.50
-29.86,31195.31,0.00,8901.56,1.17,0.72,0.06,30.48,-2.93,-7.54,4.27,-7.20,-0.21,-27.592486,-48.500482,10,122.62
-29.84,31211.51,0.00,8898.06,0.13,0.02,0.22,22.71,-14.17,-12.05,4.37,-3.57,4.19,-27.592477,-48.500462,6,122.74
-29.81,31227.72,0.00,8894.56,-0.06,0.03,0.34,19.49,-23.45,-10.97,1.40,3.32,8.04,-27.592468,-48.500441,8,122.85
-29.79,31243.93,0.00,8891.06,-0.48,0.71,-0.93,13.10,-26.80,-8.70,-5.69,7.71,2.41,-27.592459,-48.500421,8,122.97
-29.77,31260.15,0.00,8887.56,-0.34,-0.22,0.31,-2.64,-29.59,-10.00,-4.14,2.30,-5.81,-27.592450,-48.500401,7,123.09
-29.75,31276.38,0.00,8884.06,-0.03,-0.35,0.57,-10.00,-26.88,-8.51,0.02,0.65,-1.46,-27.592441,-48.500381,9,123.21
-29.72,31292.62,0.00,8880.56,0.64,0.77,0.37,-20.60,-20.30,-8.55,5.80,-4.52,-2.10,-27.592432,-48.500360,10,123.32
-29.70,31308.86,0.00,8877.06,-0.64,-0.29,-0.68,-26.89,-8.40,-10.77,5.20,-4.02,-1.55,-27.592423,-48.500340,10,123.44
-29.68,31325.11,0.00,8873.56,-0.45,-0.85,0.37,-23.95,1.78,-5.31,4.93,4.77,7.02,-27.592414,-48.500320,6,123.56
-29.66,31341.36,0.00,8870.06,-0.70,0.14,0.47,-26.93,15.37,-1.88,-5.49,2.54,5.14,-27.592405,-48.500299,7,123.67
-29.63,31357.62,0.00,8866.56,-0.34,-0.17,0.56,-21.77,23.89,-1.00,-3.19,1.94,3.17,-27.592396,-48.500279,7,123.79
-29.61,31373.89,0.00,8863.06,0.15,0.30,-0.12,-6.37,30.45,-0.34,-3.50,-4.57,-4.78,-27.592387,-48.500259,6,123.91
-29.59,31390.17,0.00,8859.56,0.62,-0.19,0.49,3.82,26.53,-0.77,5.31,-6.13,-5.74,-27.592378,-48.500239,6,124.03
-29.56,31406.45,0.26,8856.06,0.34,-0.29,1.09,12.13,26.64,2.68,3.68,-0.10,-4.93,-27.592369,-48.500218,10,124.14
-29.54,31422.74,0.00,8852.56,-0.01,0.04,-0.56,25.23,19.94,4.02,1.49,4.28,-2.41,-27.592360,-48.500198,7,124.26
-29.52,31439.04,0.00,8849.06,0.04,-0.26,0.23,32.26,7.37,6.55,-3.34,7.65,5.30,-27.592351,-48.500178,10,124.38
-29.50,31455.34,0.00,8845.56,0.53,-0.35,0.84,29.18,-8.64,7.17,-2.75,-0.18,8.10,-27.592342,-48.500158,10,124.49
-29.47,31471.65,0.00,8842.06,-0.89,-0.66,0.49,27.38,-18.01,8.05,-5.39,-7.39,1.34,-27.592333,-48.500137,9,124.61
-29.45,31487.97,0.00,8838.56,-0.96,-0.27,0.13,15.40,-27.27,6.06,-2.05,-2.62,-3.63,-27.592324,-48.500117,6,124.73
-29.43,31504.29,0.22,8835.06,-0.49,-0.06,-0.14,2.92,-30.96,8.11,4.97,1.13,-5.73,-27.592315,-48.500097,6,124.84
-29.41,31520.62,0.00,8831.56,0.17,0.45,-0.44,-6.60,-29.39,10.26,2.80,2.40,-4.64,-27.592306,-48.500076,8,124.96
-29.38,31536.96,0.00,8828.06,-0.02,0.53,-0.44,-15.38,-23.01,10.52,-1.90,-0.40,-1.73,-27.592297,-48.500056,10,125.08
-29.36,31553.30,0.38,8824.56,0.08,0.44,-0.33,-24.02,-19.58,10.17,-7.63,-4.78,4.78,-27.592288,-48.500036,7,125.20
-29.34,31569.65,0.00,8821.06,-0.03,-0.46,0.51,-34.81,-0.80,6.77,-3.37,-7.06,5.33,-27.592279,-48.500016,10,125.31
-29.31,31586.01,0.00,8817.56,-0.02,-0.65,0.01,-29.57,9.72,3.99,-3.10,-3.55,5.78,-27.592270,-48.499995,8,125.45
-29.29,31602.37,0.59,8814.06,-0.23,-0.04,0.72,-23.29,18.69,4.64,1.65,4.69,-3.72,-27.592261,-48.499975,6,125.55
-29.27,31618.75,0.26,8810.56,0.37,-1.28,-0.34,-16.66,24.14,1.96,5.13,1.03,-5.55,-27.592252,-48.499955,10,125.67
-29.25,31635.12,0.00,8807.06,0.16,0.03,0.59,-5.12,31.55,-0.74,-4.50,0.32,-3.68,-27.592243,-48.499935,9,125.79
-29.22,31651.51,0.00,8803.56,0.62,0.69,0.11,7.79,30.14,-2.11,-3.29,-5.92,0.07,-27.592234,-48.499914,10,125.90
-29.20,31667.90,0.00,8800.06,-0.24,0.19,-0.13,20.46,22.61,-1.54,-4.47,-4.49,2.86,-27.592225,-48.499894,9,126.00
-29.18,31684.30,0.76,8796.56,0.92,0.76,0.56,26.61,14.53,-3.59,-0.08,-2.81,5.58,-27.592216,-48.499874,7,126.12
-29.15,31700.71,0.70,8793.06,1.03,-0.30,0.08,29.46,3.28,-7.11,4.48,2.18,2.49,-27.592207,-48.499853,7,126.23
-29.13,31717.12,0.28,8789.56,0.27,-0.02,0.52,28.70,-7.11,-6.98,5.61,2.41,1.56,-27.592198,-48.499833,10,126.35
-29.11,31733.54,0.00,8786.06,0.59,-0.35,0.15,20.72,-21.65,-9.85,-0.14,0.14,-6.06,-27.592189,-48.499813,8,126.47
-29.09,31749.97,0.00,8782.56,-1.01,-0.42,0.29,9.47,-25.86,-9.16,-3.74,-8.59,-3.97,-27.592180,-48.499793,10,126.58
-29.06,31766.40,0.00,8779.06,-0.67,-0.66,0.07,0.48,-31.00,-10.90,-3.75,-4.55,3.07,-27.592171,-48.499772,6,126.70
-29.04,31782.84,0.00,8775.56,1.01,-0.32,0.40,-10.31,-27.65,-13.41,-2.92,2.48,5.16,-27.592162,-48.499752,6,126.82
-29.02,31799.29,0.00,8772.06,0.02,-0.58,-0.16,-18.43,-22.94,-6.92,0.67,8.43,3.76,-27.592153,-48.499732,7,126.94
-29.00,31815.74,0.17,8768.56,-0.01,0.44,1.73,-27.50,-9.94,-10.99,3.53,3.33,1.81,-27.592144,-48.499712,6,127.05
-28.97,31832.20,0.00,8765.06,0.25,-0.13,1.27,-29.88,-0.96,-5.11,5.46,-2.92,-2.84,-27.592135,-48.499691,10,127.17
-28.95,31848.67,0.00,8761.56,-0.26,-0.12,0.91,-27.30,9.70,-5.24,-3.88,-4.19,-7.06,-27.592126,-48.499671,8,127.29
-28.93,31865.15,0.00,8758.06,-0.34,0.63,-0.77,-20.47,22.24,-1.50,-3.06,-1.34,-4.01,-27.592117,-48.499651,8,127.40
-28.90,31881.63,0.79,8754.56,-0.60,-0.04,-0.78,-17.40,25.47,-2.50,-5.34,1.34,-1.68,-27.592108,-48.499630,9,127.52
-28.88,31898.12,0.00,8751.06,0.32,0.57,-0.23,2.44,30.47,-1.38,0.31,5.64,4.49,-27.592099,-48.499610,7,127.64
-28.86,31914.61,0.00,8747.56,0.00,-0.14,-0.72,10.77,26.28,2.94,3.96,3.08,4.39,-27.592090,-48.499590,10,127.76
-28.84,31931.11,0.00,8744.06,-0.10,1.12,-0.09,21.94,20.12,2.73,2.81,-1.01,0.00,-27.592081,-48.499570,9,127.87
-28.81,31947.62,0.00,8740.56,-0.54,0.42,-0.24,30.08,9.02,1.07,-2.37,-5.79,-0.63,-27.592072,-48.499549,8,127.99
-28.79,31964.14,0.00,8737.06,-0.05,0.73,-0.03,29.31,0.17,9.19,-5.54,-1.53,-7.72,-27.592063,-48.499529,6,128.11
-28.77,31980.66,0.46,8733.56,-0.69,-0.92,0.50,25.96,-12.24,8.79,-8.30,4.96,-5.52,-27.592054,-48.499509,9,129.27
-28.75,31997.19,0.00,8730.06,0.35,-0.68,-0.23,19.07,-23.46,9.38,-0.78,3.87,0.83,-27.592045,-48.499489,10,129.39
