Temperatura,Pressao,Umidade,Altitude,ax,ay,az,gx,gy,gz,vib_x,vib_y,vib_z,Latitude,Longitude,Tempo
23.12,102670.30,52.90,-111.41,9.69,0.06,1.39,-0.006,-0.062,-0.016,0.77,-9.30,-0.18,0.000000,0.000000,0.39
23.13,102669.09,52.90,-111.31,9.69,0.04,1.37,-0.005,-0.062,-0.016,0.27,-8.82,-1.54,0.000000,0.000000,0.93
23.11,102666.09,52.91,-111.06,9.67,0.06,1.37,-0.006,-0.062,-0.016,-0.23,-9.30,-0.63,0.000000,0.000000,1.48
23.13,102666.72,52.90,-111.11,9.70,0.05,1.37,-0.006,-0.063,-0.016,0.77,-9.30,-1.08,0.000000,0.000000,2.01
23.09,102662.00,52.89,-110.72,9.69,0.06,1.37,-0.006,-0.062,-0.017,-0.23,-8.82,0.28,0.000000,0.000000,2.55
23.10,102664.93,52.90,-110.97,9.69,0.06,1.36,-0.006,-0.062,-0.017,0.27,-9.78,-1.08,0.000000,0.000000,3.10
22.69,102597.91,52.89,-105.44,9.68,0.05,1.37,-0.006,-0.061,-0.017,0.27,-8.35,-0.63,0.000000,0.000000,3.64
22.76,102606.55,52.89,-106.16,9.71,0.05,1.37,-0.005,-0.062,-0.017,-1.24,-9.30,-0.63,0.000000,0.000000,4.18
22.96,102642.22,52.88,-109.10,9.69,0.05,1.36,-0.005,-0.062,-0.016,0.27,-8.35,-0.18,0.000000,0.000000,4.72
23.02,102647.29,52.89,-109.51,9.69,0.07,1.38,-0.006,-0.063,-0.015,0.27,-9.78,-0.18,0.000000,0.000000,5.25
22.99,102644.63,52.89,-109.29,9.66,0.05,1.32,-0.005,-0.061,-0.017,-0.74,-9.30,-0.63,0.000000,0.000000,5.80
22.90,102630.19,52.90,-108.10,9.69,0.08,1.41,-0.006,-0.062,-0.017,0.77,-9.30,-0.18,0.000000,0.000000,6.34
23.00,102645.36,52.89,-109.35,9.66,0.05,1.33,-0.006,-0.062,-0.018,-0.23,-9.30,-1.54,0.000000,0.000000,6.88
22.58,102576.20,52.88,-103.65,9.73,0.05,1.38,-0.007,-0.062,-0.016,0.27,-7.87,1.18,0.000000,0.000000,7.42
22.60,102579.42,52.88,-103.92,9.69,0.05,1.40,-0.005,-0.061,-0.016,0.27,-9.78,-0.63,0.000000,0.000000,7.96
22.76,102605.20,52.88,-106.04,9.69,0.06,1.36,-0.006,-0.062,-0.016,0.77,-8.35,0.28,0.000000,0.000000,8.50
22.74,102599.59,52.87,-105.58,9.68,0.06,1.37,-0.005,-0.061,-0.017,-0.23,-8.82,-0.63,0.000000,0.000000,9.04
22.55,102567.80,52.87,-102.96,9.69,0.05,1.37,-0.005,-0.062,-0.016,0.27,-8.35,-2.44,0.000000,0.000000,9.58
22.83,102612.84,52.87,-106.67,9.70,0.06,1.34,-0.005,-0.062,-0.017,0.27,-9.78,-1.08,0.000000,0.000000,10.11
23.33,102694.95,52.90,-113.44,9.69,0.04,1.36,-0.006,-0.061,-0.016,0.77,-8.35,0.28,0.000000,0.000000,10.65
23.29,102685.00,52.90,-112.62,9.70,0.05,1.36,-0.005,-0.063,-0.017,-0.23,-9.30,0.28,0.000000,0.000000,11.19
23.32,102691.19,52.91,-113.13,9.68,0.06,1.35,-0.006,-0.062,-0.017,0.77,-9.30,-2.44,0.000000,0.000000,11.73
23.37,102700.70,52.90,-113.91,9.69,0.05,1.36,-0.006,-0.062,-0.017,-0.23,-8.82,-0.18,0.000000,0.000000,12.28
23.36,102701.59,52.90,-113.99,9.70,0.07,1.37,-0.006,-0.063,-0.017,-0.23,-10.25,-1.08,0.000000,0.000000,12.82
23.36,102696.28,52.90,-113.55,9.67,0.06,1.38,-0.006,-0.063,-0.016,0.77,-8.35,0.73,0.000000,0.000000,13.35
23.36,102698.03,52.91,-113.69,9.69,0.05,1.36,-0.006,-0.063,-0.016,-0.23,-9.30,0.28,0.000000,0.000000,13.90
23.37,102699.45,52.91,-113.81,9.68,0.06,1.36,-0.006,-0.063,-0.017,0.77,-8.35,0.28,0.000000,0.000000,14.43
23.37,102699.02,52.91,-113.77,9.69,0.06,1.35,-0.006,-0.063,-0.017,-0.74,-9.78,-0.18,0.000000,0.000000,14.98
23.37,102700.63,52.92,-113.91,9.71,0.06,1.36,-0.005,-0.062,-0.017,-0.23,-8.82,-1.08,0.000000,0.000000,15.52
23.38,102702.88,52.93,-114.09,9.70,0.05,1.34,-0.006,-0.062,-0.017,0.77,-8.82,-0.18,0.000000,0.000000,16.06
23.38,102701.03,52.93,-113.94,9.69,0.04,1.38,-0.005,-0.063,-0.018,0.77,-8.82,-1.54,0.000000,0.000000,16.60
23.39,102699.48,52.92,-113.81,9.68,0.04,1.35,-0.005,-0.063,-0.017,0.27,-8.82,-0.63,0.000000,0.000000,17.14
23.38,102699.42,52.93,-113.81,9.67,0.06,1.35,-0.006,-0.062,-0.017,-0.23,-9.78,-1.54,0.000000,0.000000,17.68
23.40,102705.30,52.94,-114.29,9.69,0.06,1.38,-0.006,-0.062,-0.016,0.27,-7.87,1.18,0.000000,0.000000,18.22
23.38,102697.47,52.93,-113.65,9.69,0.06,1.34,-0.005,-0.062,-0.017,-0.23,-9.78,-0.63,0.000000,0.000000,18.76
23.40,102698.80,52.91,-113.89,9.69,0.06,1.37,-0.007,-0.063,-0.015,-0.74,-8.82,-2.44,0.000000,0.000000,19.30
23.39,102696.94,52.93,-113.60,9.69,0.06,1.40,-0.005,-0.063,-0.016,-0.23,-9.30,-0.18,0.000000,0.000000,19.84
23.39,102696.09,52.94,-113.53,9.68,0.04,1.36,-0.006,-0.062,-0.017,0.27,-8.82,-0.63,0.000000,0.000000,20.38
23.39,102696.09,52.94,-113.53,9.69,0.06,1.35,-0.005,-0.063,-0.016,0.27,-9.30,-0.18,0.000000,0.000000,20.92
23.40,102697.35,52.93,-113.64,9.68,0.05,1.37,-0.006,-0.062,-0.016,-0.74,-9.78,-0.63,0.000000,0.000000,21.46
23.41,102700.89,52.93,-113.93,9.68,0.05,1.38,-0.006,-0.062,-0.016,0.77,-8.35,0.73,0.000000,0.000000,22.00
23.40,102696.16,52.93,-113.54,9.68,0.07,1.37,-0.006,-0.062,-0.016,0.27,-9.78,-1.08,0.000000,0.000000,22.54
23.42,102700.78,52.94,-113.92,9.68,0.05,1.37,-0.005,-0.062,-0.017,0.77,-8.82,-0.18,0.000000,0.000000,23.08
23.41,102699.95,52.95,-113.85,9.71,0.05,1.37,-0.007,-0.061,-0.016,0.77,-9.78,-0.63,0.000000,0.000000,23.62
23.42,102699.75,52.94,-113.83,9.69,0.04,1.37,-0.006,-0.061,-0.017,0.77,-9.30,-0.63,0.000000,0.000000,24.16
23.43,102700.34,52.96,-113.88,9.69,0.07,1.34,-0.005,-0.062,-0.016,-0.23,-9.30,0.28,0.000000,0.000000,24.70
23.44,102700.98,52.94,-113.94,9.69,0.07,1.38,-0.006,-0.061,-0.017,0.27,-10.25,-1.08,0.000000,0.000000,25.24
23.44,102701.33,52.94,-113.96,9.69,0.06,1.34,-0.006,-0.062,-0.017,0.77,-8.35,0.28,0.000000,0.000000,25.78
23.44,102701.14,52.95,-113.95,9.69,0.04,1.36,-0.006,-0.062,-0.016,-0.23,-9.30,-1.08,0.000000,0.000000,26.32
23.44,102699.70,52.98,-113.83,9.70,0.05,1.38,-0.005,-0.063,-0.016,0.27,-7.87,-0.18,0.000000,0.000000,26.86
23.44,102699.36,52.96,-113.80,9.68,0.09,1.42,-0.005,-0.062,-0.016,-1.24,-10.25,-0.63,0.000000,0.000000,27.40
23.46,102701.38,52.96,-113.97,9.69,0.03,1.37,-0.006,-0.062,-0.017,-0.23,-7.87,-1.54,0.000000,0.000000,27.94
23.45,102701.99,52.96,-114.02,9.73,0.06,1.39,-0.006,-0.061,-0.016,0.27,-8.82,-0.63,0.000000,0.000000,28.48
23.47,102705.31,52.97,-114.29,9.70,0.05,1.37,-0.006,-0.062,-0.017,0.27,-9.78,0.28,0.000000,0.000000,29.02
23.47,102702.28,52.97,-114.08,9.69,0.05,1.37,-0.006,-0.061,-0.016,0.27,-8.35,0.28,0.000000,0.000000,29.56
23.48,102701.92,52.96,-114.01,9.69,0.07,1.39,-0.006,-0.062,-0.015,0.27,-9.30,-1.08,0.000000,0.000000,30.10
23.47,102703.04,52.97,-114.10,9.70,0.04,1.37,-0.006,-0.061,-0.015,0.27,-7.87,-0.18,0.000000,0.000000,30.64
23.48,102704.44,52.97,-114.22,9.70,0.06,1.36,-0.006,-0.062,-0.016,0.27,-10.25,-0.63,0.000000,0.000000,31.18
23.48,102702.75,52.97,-114.08,9.69,0.05,1.38,-0.006,-0.063,-0.015,-0.23,-8.82,-2.44,0.000000,0.000000,31.72
23.49,102702.48,52.97,-114.06,9.66,0.07,1.34,-0.006,-0.063,-0.016,-0.74,-9.30,-0.18,0.000000,0.000000,32.26
23.48,102700.46,52.97,-113.89,9.68,0.03,1.35,-0.007,-0.061,-0.017,0.27,-8.35,-1.08,0.000000,0.000000,32.80
23.49,102706.20,52.97,-114.36,9.69,0.04,1.38,-0.006,-0.061,-0.017,0.27,-8.82,0.73,0.000000,0.000000,33.34
23.49,102704.41,52.97,-114.22,9.71,0.08,1.34,-0.005,-0.061,-0.018,0.27,-9.78,-1.08,0.000000,0.000000,33.88
23.49,102705.09,52.97,-114.27,9.71,0.06,1.35,-0.006,-0.062,-0.015,-0.23,-7.87,0.28,0.000000,0.000000,34.42
23.50,102704.92,52.97,-114.26,9.69,0.07,1.36,-0.006,-0.061,-0.016,-0.23,-8.82,-1.54,0.000000,0.000000,34.96
23.50,102706.03,52.97,-114.35,9.68,0.05,1.36,-0.006,-0.062,-0.016,0.27,-8.82,-3.35,0.000000,0.000000,35.50
23.51,102700.27,52.98,-113.88,9.69,0.06,1.38,-0.005,-0.061,-0.018,0.27,-9.78,-1.08,0.000000,0.000000,36.04
23.51,102706.27,52.97,-114.37,9.70,0.06,1.36,-0.007,-0.061,-0.016,0.27,-8.35,-2.44,0.000000,0.000000,36.58
23.52,102703.62,52.97,-114.15,9.69,0.03,1.37,-0.006,-0.061,-0.017,-0.23,-8.35,0.73,0.000000,0.000000,37.12
23.51,102702.63,52.99,-114.07,9.67,0.06,1.38,-0.006,-0.063,-0.017,0.27,-9.78,-0.63,0.000000,0.000000,37.66
23.52,102705.97,52.98,-114.35,9.69,0.06,1.34,-0.006,-0.061,-0.016,0.27,-8.35,0.28,0.000000,0.000000,38.20
23.52,102706.41,52.97,-114.38,9.69,0.05,1.36,-0.005,-0.062,-0.016,0.27,-10.73,-1.54,0.000000,0.000000,38.74
23.53,102703.84,52.98,-114.17,9.70,0.06,1.37,-0.005,-0.061,-0.016,0.27,-8.35,1.18,0.000000,0.000000,39.28
23.52,102705.11,53.01,-114.04,9.70,0.07,1.34,-0.006,-0.063,-0.016,-0.74,-9.78,-0.18,0.000000,0.000000,39.83
23.53,102701.91,52.98,-114.01,9.71,0.08,1.36,-0.006,-0.063,-0.016,0.27,-9.30,-2.89,0.000000,0.000000,40.36
23.53,102703.67,52.99,-114.16,9.69,0.05,1.37,-0.006,-0.062,-0.016,-0.23,-8.82,-0.63,0.000000,0.000000,40.90
23.53,102703.07,52.99,-114.11,9.67,0.06,1.36,-0.006,-0.062,-0.017,0.27,-8.82,-0.63,0.000000,0.000000,41.44
23.54,102705.99,52.99,-114.35,9.69,0.06,1.39,-0.006,-0.062,-0.017,-0.23,-8.35,-0.18,0.000000,0.000000,41.98
23.54,102704.92,52.98,-114.26,9.69,0.05,1.37,-0.006,-0.062,-0.017,-0.23,-9.30,-1.99,0.000000,0.000000,42.52
23.54,102703.97,52.99,-114.18,9.69,0.06,1.35,-0.006,-0.062,-0.016,0.27,-8.35,0.28,0.000000,0.000000,43.06
23.55,102706.44,53.00,-114.38,9.68,0.06,1.36,-0.006,-0.061,-0.017,-0.23,-10.25,-0.63,0.000000,0.000000,43.61
23.55,102705.08,53.00,-114.27,9.70,0.04,1.38,-0.006,-0.062,-0.017,0.27,-8.82,-0.18,0.000000,0.000000,44.14
23.55,102703.05,53.00,-114.11,9.67,0.06,1.39,-0.006,-0.062,-0.016,-0.23,-9.30,-1.08,0.000000,0.000000,44.69
23.56,102703.78,53.00,-114.17,9.71,0.05,1.37,-0.006,-0.062,-0.016,0.27,-8.82,-1.99,0.000000,0.000000,45.24
23.56,102703.11,53.01,-114.11,9.66,0.06,1.39,-0.006,-0.060,-0.016,0.27,-8.82,-0.63,0.000000,0.000000,45.78
23.56,102704.88,53.00,-114.26,9.69,0.06,1.38,-0.005,-0.062,-0.016,0.27,-9.30,-0.63,0.000000,0.000000,46.32
23.56,102700.73,53.00,-113.91,9.69,0.04,1.35,-0.006,-0.062,-0.017,0.27,-8.82,0.28,0.000000,0.000000,46.86
23.57,102702.16,53.00,-114.03,9.69,0.06,1.37,-0.006,-0.062,-0.016,0.27,-9.30,0.73,0.000000,0.000000,47.40
23.57,102702.82,53.01,-114.09,9.71,0.05,1.37,-0.006,-0.062,-0.016,-0.74,-9.30,-0.63,0.000000,0.000000,47.94
23.58,102702.47,53.00,-114.06,9.68,0.04,1.38,-0.006,-0.062,-0.016,0.27,-8.82,0.28,0.000000,0.000000,48.48
23.58,102702.28,52.99,-114.03,9.71,0.04,1.37,-0.006,-0.062,-0.015,-0.23,-8.82,-0.63,0.000000,0.000000,49.02
23.58,102703.56,53.02,-114.15,9.70,0.05,1.37,-0.006,-0.063,-0.016,0.27,-8.35,0.28,0.000000,0.000000,49.56
23.59,102702.34,53.01,-114.05,9.68,0.05,1.38,-0.006,-0.061,-0.017,-0.23,-8.35,-0.18,0.000000,0.000000,50.10
23.58,102704.90,52.99,-114.26,9.69,0.04,1.37,-0.006,-0.062,-0.015,-0.23,-8.82,-1.08,0.000000,0.000000,50.64
23.59,102705.64,53.02,-114.32,9.70,0.06,1.37,-0.007,-0.063,-0.015,-0.23,-8.35,-0.18,0.000000,0.000000,51.18
23.59,102703.87,53.02,-114.17,9.72,0.05,1.35,-0.005,-0.063,-0.019,-0.23,-9.30,-0.63,0.000000,0.000000,51.72
23.60,102704.13,53.01,-114.20,9.65,0.08,1.28,-0.006,-0.054,-0.016,0.27,-8.35,-0.18,0.000000,0.000000,52.26
23.59,102702.37,53.04,-114.05,9.69,0.16,1.27,-0.006,-0.061,-0.013,-0.23,-9.78,-0.18,0.000000,0.000000,52.80
23.60,102700.25,53.02,-113.87,9.70,0.08,1.43,-0.007,-0.056,-0.010,-0.23,-8.35,-1.99,0.000000,0.000000,53.34
23.60,102703.44,53.02,-114.14,9.68,-0.05,1.38,-0.007,-0.063,-0.017,0.27,-9.30,-0.63,0.000000,0.000000,53.88
23.60,102703.27,53.03,-114.12,9.65,0.05,1.04,-0.006,-0.044,-0.015,0.27,-8.82,-1.99,0.000000,0.000000,54.42
23.61,102705.36,53.03,-114.30,9.69,0.04,1.49,-0.008,-0.059,-0.016,0.27,-8.82,-0.18,0.000000,0.000000,54.96
23.61,102703.59,53.04,-114.15,9.70,-0.06,1.30,-0.006,-0.060,-0.017,-0.23,-8.35,-2.89,0.000000,0.000000,55.51
23.62,102704.66,53.05,-114.24,9.73,0.03,1.37,-0.007,-0.059,-0.014,-0.23,-7.87,1.18,0.000000,0.000000,56.04
23.62,102704.16,53.03,-114.20,9.70,0.08,1.32,-0.006,-0.064,-0.016,0.27,-10.25,0.28,0.000000,0.000000,56.58
23.62,102702.20,53.04,-114.04,9.72,0.02,1.38,-0.005,-0.063,-0.019,0.77,-8.35,0.28,0.000000,0.000000,57.12
23.63,102704.14,53.04,-114.20,9.66,0.03,1.39,-0.006,-0.061,-0.016,0.27,-8.82,-1.08,0.000000,0.000000,57.66
23.64,102705.49,53.07,-114.31,9.70,0.06,1.39,-0.007,-0.062,-0.016,0.27,-8.35,-0.18,0.000000,0.000000,58.20
23.63,102704.97,53.04,-114.26,9.68,0.06,1.42,-0.006,-0.062,-0.017,0.27,-8.82,0.28,0.000000,0.000000,58.74
23.64,102702.95,53.08,-114.10,9.69,0.02,1.44,-0.006,-0.062,-0.018,0.27,-8.35,-1.08,0.000000,0.000000,59.28
23.64,102701.52,53.04,-113.98,9.68,0.07,1.43,-0.007,-0.060,-0.012,0.27,-8.82,-0.18,0.000000,0.000000,59.82
23.64,102703.11,53.04,-114.11,9.69,-0.05,1.36,-0.005,-0.066,-0.019,-0.23,-8.82,-1.54,0.000000,0.000000,60.37
23.64,102703.28,53.05,-114.12,9.68,-0.11,1.38,-0.005,-0.066,-0.025,0.77,-9.30,-0.63,0.000000,0.000000,60.90
23.64,102703.05,53.05,-114.11,9.76,0.06,1.27,-0.005,-0.063,-0.019,-0.23,-8.35,-1.54,0.000000,0.000000,61.45
23.65,102704.20,53.04,-114.20,9.70,0.06,1.36,-0.006,-0.065,-0.020,0.77,-8.82,0.28,0.000000,0.000000,61.98
23.65,102703.63,53.06,-114.15,9.75,0.04,1.39,-0.004,-0.063,-0.020,-0.23,-8.82,0.28,0.000000,0.000000,62.53
23.66,102703.78,53.06,-114.17,9.64,0.05,1.37,-0.006,-0.063,-0.017,0.77,-8.82,-3.35,0.000000,0.000000,63.06
23.66,102706.05,53.06,-114.35,9.70,0.07,1.33,-0.005,-0.062,-0.016,-0.74,-8.82,-0.18,0.000000,0.000000,63.61
23.66,102705.63,53.05,-114.32,9.67,0.06,1.34,-0.006,-0.063,-0.016,0.27,-8.82,-0.63,0.000000,0.000000,64.14
23.67,102703.75,53.06,-114.16,9.74,0.03,1.37,-0.006,-0.059,-0.015,0.77,-9.30,-0.18,0.000000,0.000000,64.69
23.67,102702.91,53.06,-114.09,9.68,0.06,1.39,-0.006,-0.063,-0.016,0.77,-10.73,-1.54,0.000000,0.000000,65.23
23.67,102704.50,53.06,-114.23,9.69,0.06,1.32,-0.005,-0.061,-0.015,0.27,-7.87,0.73,0.000000,0.000000,65.77
23.68,102706.77,53.07,-114.41,9.69,0.05,1.38,-0.006,-0.061,-0.016,0.77,-9.78,-1.08,0.000000,0.000000,66.31
23.67,102704.92,53.06,-114.26,9.71,0.06,1.38,-0.006,-0.061,-0.014,0.27,-8.35,-0.18,0.000000,0.000000,66.85
23.68,102705.92,53.06,-114.34,9.73,0.06,1.36,-0.006,-0.062,-0.015,-0.74,-8.82,-0.63,0.000000,0.000000,67.39
23.69,102705.29,53.07,-114.29,9.71,0.04,1.33,-0.006,-0.059,-0.017,0.27,-8.35,-2.44,0.000000,0.000000,67.93
23.69,102706.81,53.07,-114.42,9.67,0.01,1.34,-0.006,-0.060,-0.019,0.27,-8.35,-0.63,0.000000,0.000000,68.47
23.70,102706.06,53.07,-114.35,9.70,0.03,1.37,-0.006,-0.061,-0.015,0.27,-8.82,-2.44,0.000000,0.000000,69.01
23.69,102706.24,53.15,-114.37,9.72,0.07,1.36,-0.006,-0.060,-0.012,0.27,-8.82,0.28,0.000000,0.000000,69.55
23.71,102706.20,53.08,-114.36,9.72,0.07,1.34,-0.007,-0.060,-0.014,-0.74,-10.25,-0.18,0.000000,0.000000,70.09
23.70,102707.16,53.10,-114.44,9.74,0.08,1.32,-0.006,-0.062,-0.019,1.27,-9.30,0.28,0.000000,0.000000,70.63
23.71,102709.32,53.08,-114.62,10.08,-0.19,1.42,-0.009,-0.046,-0.020,0.27,-9.78,-0.63,0.000000,0.000000,71.17
23.71,102704.68,53.08,-114.24,9.72,-0.02,1.50,-0.007,-0.065,-0.018,0.77,-8.82,0.28,0.000000,0.000000,71.71
23.71,102708.80,53.08,-114.58,9.72,-0.08,1.38,-0.007,-0.057,-0.014,-0.74,-9.30,-0.18,0.000000,0.000000,72.25
23.72,102703.97,53.08,-114.18,9.68,-0.01,1.41,-0.006,-0.060,-0.014,0.27,-8.82,-1.54,0.000000,0.000000,72.79
23.72,102705.17,53.06,-114.28,9.78,-0.03,1.39,-0.007,-0.059,-0.018,-0.23,-9.30,-0.63,0.000000,0.000000,73.33
23.71,102705.25,53.09,-114.29,9.97,0.06,1.38,-0.010,-0.064,-0.009,0.27,-9.30,-1.54,0.000000,0.000000,73.87
23.72,102703.97,53.09,-114.18,9.68,0.01,1.38,-0.006,-0.060,-0.016,0.27,-8.82,-0.18,0.000000,0.000000,74.41
23.73,102702.77,53.08,-114.08,9.71,0.03,1.37,-0.007,-0.058,-0.013,0.77,-9.30,-1.08,0.000000,0.000000,74.95
23.73,102703.44,53.09,-114.14,9.70,0.04,1.38,-0.006,-0.061,-0.014,0.27,-8.35,0.28,0.000000,0.000000,75.49
23.73,102705.53,53.09,-114.31,9.69,0.05,1.37,-0.006,-0.061,-0.015,0.27,-8.82,-0.18,0.000000,0.000000,76.03
23.73,102703.93,53.10,-114.18,9.69,0.07,1.37,-0.006,-0.063,-0.015,0.77,-8.82,0.28,0.000000,0.000000,77.57
23.75,102705.87,53.09,-114.34,9.69,0.06,1.37,-0.005,-0.062,-0.017,-0.23,-9.30,-0.18,0.000000,0.000000,77.81
23.74,102702.16,53.09,-114.03,9.68,0.08,1.37,-0.006,-0.063,-0.018,-0.23,-8.82,-1.54,0.000000,0.000000,78.01
23.75,102700.95,53.11,-113.93,9.69,0.06,1.35,-0.007,-0.061,-0.015,0.27,-8.82,0.28,0.000000,0.000000,78.21
23.75,102704.77,53.10,-114.25,9.69,0.04,1.35,-0.006,-0.062,-0.017,0.27,-9.30,-1.08,0.000000,0.000000,78.73
23.76,102706.18,53.09,-114.36,9.69,0.05,1.39,-0.006,-0.063,-0.015,0.27,-8.82,-0.63,0.000000,0.000000,79.27
23.75,102701.63,53.09,-113.99,9.70,0.06,1.38,-0.006,-0.062,-0.016,0.27,-9.30,-1.08,0.000000,0.000000,79.81
23.75,102705.25,53.10,-114.29,9.70,0.05,1.38,-0.005,-0.060,-0.016,1.27,-9.30,0.28,0.000000,0.000000,80.35
23.76,102702.10,53.10,-114.03,9.69,0.06,1.37,-0.006,-0.062,-0.015,0.27,-9.30,-0.18,0.000000,0.000000,80.89
23.76,102700.58,53.10,-113.90,9.71,0.03,1.37,-0.006,-0.062,-0.017,0.77,-8.82,0.28,0.000000,0.000000,81.43
23.77,102704.03,53.09,-114.19,9.68,0.05,1.38,-0.006,-0.062,-0.017,-0.23,-9.78,-0.63,0.000000,0.000000,81.97
23.77,102703.94,53.10,-114.18,9.69,0.06,1.36,-0.005,-0.062,-0.016,-0.23,-8.82,-1.08,0.000000,0.000000,82.51
23.78,102705.18,53.11,-114.28,9.70,0.06,1.40,-0.006,-0.062,-0.017,0.27,-9.30,-0.18,0.000000,0.000000,83.05
23.78,102703.92,53.11,-114.18,9.69,0.05,1.37,-0.006,-0.063,-0.015,0.77,-8.82,-1.08,0.000000,0.000000,83.59
23.79,102705.08,53.10,-114.27,9.69,0.06,1.38,-0.006,-0.064,-0.017,0.77,-9.30,-0.63,0.000000,0.000000,84.13
23.78,102706.02,53.11,-114.35,9.69,0.05,1.39,-0.006,-0.062,-0.017,0.77,-8.35,-1.08,0.000000,0.000000,84.67
23.79,102704.84,53.10,-114.25,9.69,0.06,1.37,-0.006,-0.062,-0.017,1.27,-8.35,-0.18,0.000000,0.000000,85.21
23.79,102704.75,53.11,-114.25,9.68,0.05,1.38,-0.006,-0.063,-0.017,0.27,-8.82,-1.08,0.000000,0.000000,85.75
23.80,102705.42,53.11,-114.30,9.71,0.05,1.36,-0.007,-0.062,-0.017,0.77,-8.82,0.73,0.000000,0.000000,86.29
23.80,102706.26,53.11,-114.37,9.68,0.07,1.37,-0.006,-0.063,-0.017,0.27,-10.25,0.73,0.000000,0.000000,86.83
23.80,102706.34,53.11,-114.38,9.69,0.05,1.39,-0.006,-0.062,-0.016,0.27,-8.82,-1.08,0.000000,0.000000,87.37
23.80,102704.39,53.11,-114.22,9.67,0.07,1.37,-0.006,-0.062,-0.017,0.27,-8.35,0.28,0.000000,0.000000,87.91
23.80,102703.45,53.12,-114.14,9.68,0.06,1.37,-0.006,-0.063,-0.015,-0.23,-8.82,-0.18,0.000000,0.000000,88.45
23.82,102706.38,53.11,-114.38,9.69,0.05,1.35,-0.006,-0.061,-0.015,0.27,-8.82,-0.18,0.000000,0.000000,89.00
23.81,102705.38,53.12,-114.30,9.68,0.04,1.35,-0.006,-0.062,-0.016,0.27,-8.35,0.28,0.000000,0.000000,89.54
23.82,102706.19,53.12,-114.36,9.68,0.04,1.37,-0.007,-0.062,-0.016,-1.24,-9.30,-0.63,0.000000,0.000000,90.08
23.82,102702.82,53.12,-114.09,9.70,0.06,1.34,-0.006,-0.062,-0.016,0.77,-8.35,0.73,0.000000,0.000000,90.62
23.83,102703.47,53.11,-114.14,9.69,0.06,1.36,-0.007,-0.063,-0.016,-0.23,-8.82,-0.63,0.000000,0.000000,91.16
23.82,102704.58,53.12,-114.23,9.69,0.05,1.37,-0.006,-0.062,-0.017,0.27,-9.30,-1.08,0.000000,0.000000,91.70
23.83,102704.73,53.12,-114.24,9.69,0.06,1.36,-0.006,-0.062,-0.016,-0.74,-9.30,-0.63,0.000000,0.000000,92.24
23.82,102703.98,53.12,-114.18,9.65,0.05,1.34,-0.006,-0.062,-0.016,0.27,-10.25,-1.54,0.000000,0.000000,92.78
23.83,102704.47,53.12,-114.22,9.69,0.05,1.37,-0.006,-0.061,-0.017,0.27,-8.82,0.28,0.000000,0.000000,93.32
23.84,102705.50,53.12,-114.31,9.70,0.07,1.36,-0.006,-0.062,-0.016,0.27,-9.30,-0.63,0.000000,0.000000,93.86
23.84,102706.16,53.11,-114.36,9.69,0.05,1.36,-0.006,-0.061,-0.016,0.27,-8.35,0.28,0.000000,0.000000,94.40
23.84,102703.96,53.11,-114.18,9.69,0.05,1.38,-0.007,-0.062,-0.017,0.27,-9.30,0.28,0.000000,0.000000,94.94
23.85,102703.95,53.11,-114.18,9.69,0.06,1.38,-0.006,-0.062,-0.016,0.27,-9.30,-2.44,0.000000,0.000000,95.48
23.85,102705.53,53.11,-114.31,9.69,0.05,1.35,-0.006,-0.061,-0.016,0.27,-8.82,-0.63,0.000000,0.000000,96.02
23.85,102702.50,53.11,-114.06,9.70,0.07,1.36,-0.006,-0.062,-0.017,-0.23,-8.35,-1.99,0.000000,0.000000,96.56
23.86,102704.59,53.11,-114.23,9.69,0.04,1.37,-0.006,-0.062,-0.016,0.27,-8.82,-0.18,0.000000,0.000000,97.10
23.85,102704.52,53.13,-114.23,9.70,0.08,1.37,-0.006,-0.062,-0.017,0.27,-8.82,-0.18,0.000000,0.000000,97.64
23.86,102701.04,53.13,-113.94,9.68,0.06,1.37,-0.006,-0.063,-0.017,0.77,-9.78,-0.18,0.000000,0.000000,98.18
23.85,102700.80,53.14,-113.92,9.69,0.06,1.37,-0.006,-0.063,-0.017,-0.74,-9.78,-0.63,0.000000,0.000000,98.72
23.85,102701.31,53.11,-113.96,9.70,0.06,1.38,-0.007,-0.061,-0.016,0.77,-9.30,0.28,0.000000,0.000000,99.26
23.85,102700.05,53.11,-113.86,9.69,0.04,1.38,-0.005,-0.062,-0.017,-0.23,-10.25,-0.63,0.000000,0.000000,99.80
23.85,102700.47,53.11,-114.03,9.69,0.06,1.36,-0.007,-0.063,-0.017,0.27,-7.87,-2.44,0.000000,0.000000,100.34
23.85,102698.86,53.11,-113.76,9.70,0.04,1.40,-0.006,-0.062,-0.017,0.27,-8.82,-0.63,0.000000,0.000000,100.88
23.86,102699.35,53.13,-113.80,9.71,0.06,1.35,-0.006,-0.061,-0.016,-0.23,-8.82,-1.99,0.000000,0.000000,101.42
23.87,102699.92,53.13,-113.85,9.70,0.06,1.36,-0.007,-0.062,-0.016,0.27,-8.82,-0.18,0.000000,0.000000,101.96
23.86,102700.37,53.11,-113.88,9.66,0.07,1.37,-0.006,-0.063,-0.017,-0.23,-11.21,-0.63,0.000000,0.000000,102.50
23.87,102699.66,53.12,-113.83,9.70,0.05,1.35,-0.006,-0.062,-0.016,1.27,-8.82,0.73,0.000000,0.000000,103.04
23.86,102698.16,53.11,-113.70,9.69,0.06,1.37,-0.007,-0.062,-0.016,0.27,-10.25,-1.54,0.000000,0.000000,103.58
23.87,102700.77,53.12,-113.92,9.69,0.06,1.39,-0.006,-0.061,-0.016,0.77,-8.35,-0.18,0.000000,0.000000,104.12
23.87,102699.58,53.13,-113.82,9.69,0.05,1.35,-0.006,-0.062,-0.016,-0.74,-8.82,-0.63,0.000000,0.000000,104.66
23.87,102699.14,53.12,-113.78,9.70,0.04,1.37,-0.006,-0.062,-0.017,0.27,-8.82,-1.08,0.000000,0.000000,105.20
23.87,102698.38,53.12,-113.72,9.71,0.06,1.37,-0.007,-0.062,-0.016,0.27,-9.30,0.28,0.000000,0.000000,105.74
23.88,102698.88,53.13,-113.76,9.69,0.06,1.36,-0.006,-0.062,-0.016,0.27,-9.30,-0.63,0.000000,0.000000,106.28
23.88,102697.18,53.12,-113.62,9.70,0.06,1.35,-0.007,-0.062,-0.017,-0.23,-8.82,-0.63,0.000000,0.000000,106.82
23.88,102699.05,53.13,-113.78,9.71,0.06,1.37,-0.007,-0.061,-0.016,0.27,-11.21,-1.54,0.000000,0.000000,107.37
23.89,102698.53,53.14,-113.73,9.70,0.06,1.38,-0.007,-0.062,-0.017,0.27,-7.87,0.73,0.000000,0.000000,107.90
23.89,102698.37,53.13,-113.72,9.70,0.06,1.37,-0.006,-0.061,-0.017,0.27,-9.30,-1.99,0.000000,0.000000,108.44
23.89,102695.48,53.13,-113.48,9.69,0.03,1.40,-0.007,-0.062,-0.016,0.27,-7.87,0.73,0.000000,0.000000,108.98
23.89,102695.48,53.13,-113.48,9.70,0.05,1.35,-0.006,-0.062,-0.016,0.27,-9.78,-0.18,0.000000,0.000000,109.52
23.90,102699.00,53.13,-113.77,9.68,0.06,1.36,-0.006,-0.062,-0.017,0.27,-7.87,-0.18,0.000000,0.000000,110.06
23.90,102697.83,53.13,-113.68,9.70,0.06,1.36,-0.006,-0.062,-0.016,-0.74,-9.30,-1.08,0.000000,0.000000,110.61
23.90,102696.03,53.13,-113.53,9.68,0.05,1.37,-0.006,-0.063,-0.017,0.27,-8.82,-0.18,0.000000,0.000000,111.14
23.91,102697.97,53.12,-113.69,9.70,0.04,1.37,-0.006,-0.061,-0.016,1.27,-9.78,-0.63,0.000000,0.000000,111.68
23.91,102697.54,53.12,-113.65,9.71,0.05,1.37,-0.006,-0.062,-0.016,-0.23,-9.30,-1.99,0.000000,0.000000,112.22
23.91,102699.64,53.13,-113.83,9.68,0.06,1.36,-0.006,-0.061,-0.016,0.27,-8.82,-1.08,0.000000,0.000000,112.76
23.92,102699.20,53.13,-113.79,9.71,0.06,1.37,-0.006,-0.062,-0.017,0.27,-10.25,0.28,0.000000,0.000000,113.30
23.92,102699.13,53.12,-113.78,9.69,0.05,1.36,-0.006,-0.062,-0.015,0.27,-7.87,0.73,0.000000,0.000000,113.84
23.92,102696.74,53.13,-113.59,9.69,0.05,1.38,-0.006,-0.062,-0.017,0.27,-10.25,-0.18,0.000000,0.000000,114.39
23.93,102699.51,53.13,-113.81,9.69,0.07,1.39,-0.006,-0.063,-0.017,1.27,-8.35,0.73,0.000000,0.000000,114.92
23.93,102696.55,53.13,-113.57,9.70,0.06,1.38,-0.007,-0.061,-0.016,-0.23,-9.30,-0.63,0.000000,0.000000,115.47
23.93,102697.39,53.13,-113.64,9.70,0.06,1.34,-0.006,-0.062,-0.016,0.27,-8.35,-2.44,0.000000,0.000000,116.01
23.93,102695.11,53.15,-113.45,9.69,0.06,1.39,-0.006,-0.062,-0.016,-0.74,-9.30,-1.08,0.000000,0.000000,116.55
23.94,102697.31,53.14,-113.63,9.71,0.06,1.38,-0.007,-0.062,-0.016,0.27,-9.78,0.73,0.000000,0.000000,117.08
23.94,102698.08,53.14,-113.70,9.69,0.06,1.39,-0.005,-0.062,-0.017,0.77,-9.30,-0.63,0.000000,0.000000,117.63
23.94,102696.63,53.14,-113.55,9.68,0.04,1.36,-0.006,-0.063,-0.016,0.27,-10.25,-1.99,0.000000,0.000000,118.17
23.94,102698.23,53.15,-113.71,9.71,0.05,1.36,-0.006,-0.061,-0.015,0.27,-7.87,0.73,0.000000,0.000000,118.70
23.94,102695.44,53.15,-113.48,9.69,0.07,1.37,-0.006,-0.062,-0.016,0.27,-8.82,-1.08,0.000000,0.000000,119.25
23.95,102696.53,53.15,-113.57,9.70,0.05,1.36,-0.006,-0.062,-0.017,0.77,-8.35,0.73,0.000000,0.000000,119.79
23.95,102696.61,53.15,-113.57,9.69,0.06,1.34,-0.006,-0.062,-0.017,-0.23,-8.82,-0.63,0.000000,0.000000,120.33
23.95,102697.09,53.15,-113.62,9.69,0.05,1.37,-0.006,-0.061,-0.017,-0.23,-8.35,-1.08,0.000000,0.000000,120.87
23.96,102697.57,53.13,-113.65,9.69,0.07,1.37,-0.007,-0.061,-0.015,0.27,-9.30,-0.18,0.000000,0.000000,121.41
23.96,102697.81,53.13,-113.67,9.70,0.08,1.36,-0.006,-0.061,-0.016,-0.23,-7.87,-1.08,0.000000,0.000000,121.95
23.97,102697.98,53.15,-113.69,9.71,0.06,1.37,-0.007,-0.062,-0.017,0.77,-8.82,-0.18,0.000000,0.000000,122.49
23.98,102700.50,53.13,-113.90,9.69,0.04,1.37,-0.006,-0.062,-0.016,0.27,-8.35,-1.99,0.000000,0.000000,123.03
23.97,102698.39,53.14,-113.72,9.69,0.05,1.36,-0.007,-0.063,-0.017,0.77,-8.82,0.28,0.000000,0.000000,123.57
23.98,102698.82,53.13,-113.76,9.70,0.04,1.35,-0.006,-0.062,-0.016,-0.23,-9.78,-1.54,0.000000,0.000000,124.11
23.98,102699.33,53.13,-113.80,9.69,0.05,1.38,-0.007,-0.062,-0.017,0.77,-9.30,0.28,0.000000,0.000000,124.65
24.00,102699.87,53.14,-113.84,9.69,0.06,1.38,-0.006,-0.062,-0.016,-0.74,-9.78,-0.63,0.000000,0.000000,125.19
24.01,102700.17,53.13,-113.87,9.69,0.06,1.38,-0.006,-0.062,-0.015,0.27,-8.82,1.18,0.000000,0.000000,125.73
24.04,102703.17,53.14,-114.12,9.68,0.07,1.38,-0.007,-0.062,-0.016,-0.23,-8.82,-0.18,0.000000,0.000000,126.27
24.03,102702.34,53.14,-114.05,9.71,0.05,1.38,-0.007,-0.061,-0.015,-0.23,-8.82,-1.54,0.000000,0.000000,126.81
24.03,102701.58,53.14,-113.98,9.71,0.04,1.36,-0.007,-0.062,-0.015,0.27,-9.30,-0.18,0.000000,0.000000,127.35
24.04,102702.48,53.14,-114.06,9.70,0.05,1.37,-0.007,-0.061,-0.017,-0.23,-8.82,-1.08,0.000000,0.000000,127.89
24.04,102703.16,53.15,-114.11,9.71,0.04,1.37,-0.006,-0.061,-0.016,-0.74,-8.35,0.73,0.000000,0.000000,128.43
24.05,102702.80,53.13,-114.08,9.70,0.06,1.34,-0.007,-0.061,-0.016,0.27,-9.30,-1.54,0.000000,0.000000,128.97
24.05,102705.33,53.14,-114.29,9.69,0.04,1.33,-0.007,-0.062,-0.016,-0.23,-8.35,-0.18,0.000000,0.000000,129.51
24.06,102704.63,53.14,-114.24,9.69,0.04,1.37,-0.006,-0.062,-0.017,-0.74,-10.25,-1.54,0.000000,0.000000,130.05
24.06,102702.93,53.12,-114.10,9.68,0.07,1.36,-0.007,-0.062,-0.015,0.77,-8.82,-1.54,0.000000,0.000000,130.59
24.07,102706.80,53.13,-114.41,9.70,0.05,1.37,-0.006,-0.062,-0.017,0.27,-9.30,-1.08,0.000000,0.000000,131.13
24.07,102703.93,53.14,-114.18,9.70,0.03,1.35,-0.007,-0.061,-0.017,0.27,-8.82,-1.99,0.000000,0.000000,131.67
24.07,102705.00,53.15,-114.27,9.70,0.06,1.38,-0.006,-0.062,-0.016,-0.23,-8.35,-0.18,0.000000,0.000000,132.21
24.07,102704.67,53.13,-114.24,9.69,0.04,1.35,-0.007,-0.062,-0.016,0.27,-8.82,-1.08,0.000000,0.000000,132.75
24.08,102705.08,53.13,-114.27,9.66,0.05,1.38,-0.006,-0.063,-0.017,1.27,-8.35,0.28,0.000000,0.000000,133.29
24.08,102702.99,53.13,-114.10,9.67,0.05,1.37,-0.006,-0.062,-0.016,-0.74,-9.78,-1.54,0.000000,0.000000,133.83
24.08,102706.36,53.13,-114.38,9.70,0.05,1.35,-0.006,-0.062,-0.017,0.27,-7.87,-0.18,0.000000,0.000000,134.37
24.09,102705.16,53.12,-114.28,9.71,0.06,1.37,-0.007,-0.062,-0.016,0.77,-9.30,0.28,0.000000,0.000000,134.91
24.10,102707.76,53.12,-114.49,9.69,0.06,1.38,-0.007,-0.062,-0.017,0.27,-8.35,-1.54,0.000000,0.000000,135.45
24.10,102704.44,53.12,-114.28,9.72,0.06,1.38,-0.007,-0.062,-0.015,0.27,-8.82,-0.18,0.000000,0.000000,135.99
24.10,102704.80,53.12,-114.25,9.69,0.06,1.37,-0.006,-0.062,-0.017,-0.23,-8.82,-1.54,0.000000,0.000000,136.53
24.11,102705.95,53.12,-114.34,9.70,0.05,1.38,-0.006,-0.061,-0.017,0.27,-7.87,-0.18,0.000000,0.000000,137.07
24.11,102703.33,53.12,-114.13,9.69,0.06,1.39,-0.006,-0.062,-0.016,-0.74,-8.35,-1.99,0.000000,0.000000,137.61
24.12,102703.47,53.12,-114.14,9.70,0.05,1.36,-0.007,-0.062,-0.016,0.27,-8.82,-0.63,0.000000,0.000000,138.15
24.11,102705.59,53.12,-114.31,9.69,0.07,1.38,-0.006,-0.061,-0.017,-0.74,-10.25,-1.99,0.000000,0.000000,138.69
24.12,102706.25,53.12,-114.37,9.70,0.06,1.38,-0.007,-0.062,-0.016,-0.23,-8.35,0.28,0.000000,0.000000,139.23
24.12,102706.08,53.11,-114.35,9.69,0.05,1.34,-0.007,-0.062,-0.017,-0.23,-9.78,-2.44,0.000000,0.000000,139.77
24.13,102705.56,53.14,-114.31,9.68,0.06,1.37,-0.006,-0.062,-0.016,0.77,-8.35,0.28,0.000000,0.000000,140.31
24.13,102705.23,53.13,-114.29,9.70,0.07,1.36,-0.006,-0.062,-0.016,0.77,-9.30,-0.18,0.000000,0.000000,140.85
24.13,102704.98,53.16,-114.26,9.69,0.05,1.34,-0.007,-0.062,-0.016,0.77,-8.35,0.28,0.000000,0.000000,141.40
24.14,102707.66,53.16,-114.48,9.70,0.06,1.36,-0.006,-0.062,-0.017,0.77,-8.82,-1.54,0.000000,0.000000,141.94
24.14,102705.88,53.14,-114.34,9.72,0.04,1.38,-0.007,-0.062,-0.016,-0.23,-7.87,0.28,0.000000,0.000000,142.48
24.15,102706.11,53.13,-114.36,9.71,0.06,1.39,-0.006,-0.062,-0.016,-0.23,-9.78,-2.89,0.000000,0.000000,143.02
24.15,102706.63,53.13,-114.40,9.69,0.05,1.37,-0.006,-0.062,-0.016,-0.23,-8.35,-0.63,0.000000,0.000000,143.56
24.16,102704.66,53.14,-114.24,9.67,0.06,1.34,-0.007,-0.062,-0.016,-0.23,-9.78,-1.54,0.000000,0.000000,144.10
24.15,102704.58,53.14,-114.23,9.71,0.06,1.37,-0.007,-0.062,-0.016,1.27,-8.35,-0.18,0.000000,0.000000,144.64
24.16,102706.74,53.12,-114.41,9.72,0.07,1.38,-0.007,-0.062,-0.016,0.27,-9.30,-0.63,0.000000,0.000000,145.18
24.16,102706.00,53.13,-114.35,9.71,0.05,1.35,-0.007,-0.063,-0.017,0.27,-8.35,0.73,0.000000,0.000000,145.72
24.17,102705.55,53.12,-114.31,9.70,0.07,1.40,-0.007,-0.061,-0.016,-0.74,-9.78,0.28,0.000000,0.000000,146.26
24.17,102706.66,53.12,-114.40,9.71,0.05,1.36,-0.007,-0.062,-0.017,0.27,-8.35,-1.99,0.000000,0.000000,146.80
24.17,102706.14,53.11,-114.36,9.70,0.04,1.38,-0.006,-0.062,-0.016,0.27,-8.82,0.28,0.000000,0.000000,147.34
24.17,102703.17,53.12,-114.12,9.71,0.07,1.35,-0.007,-0.061,-0.015,0.27,-8.82,-0.63,0.000000,0.000000,147.88
24.17,102705.02,53.12,-114.27,9.70,0.06,1.35,-0.006,-0.062,-0.016,0.77,-8.82,-0.18,0.000000,0.000000,148.42
24.18,102702.42,53.12,-114.05,9.69,0.06,1.36,-0.007,-0.062,-0.017,-0.23,-8.82,-1.99,0.000000,0.000000,148.96
24.18,102704.27,53.13,-114.21,9.69,0.05,1.40,-0.007,-0.062,-0.017,0.27,-8.82,-0.18,0.000000,0.000000,149.50
24.19,102707.63,53.09,-114.25,9.68,0.06,1.37,-0.006,-0.060,-0.017,0.27,-9.30,-2.89,0.000000,0.000000,150.04
24.18,102703.50,53.11,-114.14,9.69,0.03,1.35,-0.007,-0.061,-0.016,0.27,-8.35,-0.18,0.000000,0.000000,150.58
24.19,102703.64,53.12,-114.15,9.71,0.06,1.38,-0.007,-0.061,-0.015,-0.74,-9.30,-0.63,0.000000,0.000000,151.12
24.19,102705.50,53.11,-114.31,9.70,0.06,1.39,-0.007,-0.062,-0.016,0.27,-7.39,0.28,0.000000,0.000000,151.66
24.20,102705.13,53.12,-114.28,9.69,0.06,1.34,-0.006,-0.062,-0.017,-0.23,-8.82,0.28,0.000000,0.000000,152.20
24.20,102705.22,53.12,-114.28,9.68,0.04,1.37,-0.006,-0.062,-0.015,-0.23,-8.82,-3.35,0.000000,0.000000,152.74
24.21,102703.93,53.12,-114.18,9.67,0.04,1.35,-0.007,-0.062,-0.017,-0.23,-9.78,-0.18,0.000000,0.000000,153.28
24.21,102702.14,53.11,-114.03,9.71,0.05,1.37,-0.006,-0.061,-0.017,-0.23,-8.82,-0.63,0.000000,0.000000,153.82
24.21,102704.25,53.12,-114.20,9.69,0.06,1.39,-0.006,-0.062,-0.015,-0.74,-7.87,-0.63,0.000000,0.000000,154.36
24.22,102704.98,53.10,-114.26,9.69,0.04,1.37,-0.006,-0.062,-0.017,0.27,-8.82,-0.18,0.000000,0.000000,154.90
24.22,102704.06,53.10,-114.19,9.69,0.06,1.36,-0.007,-0.060,-0.017,0.27,-8.35,-0.18,0.000000,0.000000,155.44
24.23,102705.85,53.12,-114.34,9.72,0.06,1.38,-0.007,-0.063,-0.017,0.77,-9.78,-1.08,0.000000,0.000000,155.98
24.23,102706.87,53.12,-114.42,9.72,0.05,1.34,-0.007,-0.061,-0.016,0.27,-7.87,0.28,0.000000,0.000000,156.52
24.23,102705.50,53.10,-114.31,9.68,0.05,1.35,-0.006,-0.062,-0.016,-0.23,-9.30,-0.63,0.000000,0.000000,157.06
24.23,102705.41,53.11,-114.30,9.69,0.04,1.36,-0.007,-0.062,-0.017,1.27,-8.35,-0.18,0.000000,0.000000,157.60
24.24,102706.48,53.11,-114.39,9.68,0.05,1.34,-0.006,-0.062,-0.016,-0.23,-9.30,-1.08,0.000000,0.000000,158.14
24.24,102704.13,53.12,-114.19,9.69,0.06,1.36,-0.006,-0.062,-0.016,0.27,-8.82,-1.54,0.000000,0.000000,158.68
24.25,102705.53,53.12,-114.31,9.70,0.06,1.35,-0.007,-0.062,-0.017,-0.74,-9.30,-0.18,0.000000,0.000000,159.22
24.25,102703.25,53.11,-114.12,9.69,0.05,1.36,-0.007,-0.061,-0.016,-1.24,-8.35,-1.99,0.000000,0.000000,159.77
24.25,102701.03,53.09,-113.94,9.69,0.06,1.37,-0.007,-0.062,-0.016,0.77,-8.82,0.28,0.000000,0.000000,160.30
24.25,102703.23,53.11,-114.12,9.70,0.05,1.37,-0.007,-0.061,-0.017,-0.23,-9.30,-1.99,0.000000,0.000000,160.84
24.26,102701.79,53.11,-114.00,9.68,0.06,1.36,-0.006,-0.062,-0.017,0.77,-9.30,-0.18,0.000000,0.000000,161.38
24.27,102706.49,53.11,-114.39,9.70,0.06,1.36,-0.007,-0.062,-0.016,0.27,-9.30,-1.99,0.000000,0.000000,161.92
24.27,102705.39,53.11,-114.30,9.70,0.06,1.34,-0.006,-0.062,-0.016,0.27,-8.35,-0.18,0.000000,0.000000,162.47
24.27,102707.60,53.11,-114.48,9.70,0.06,1.37,-0.007,-0.062,-0.016,0.27,-10.25,-0.18,0.000000,0.000000,163.01
24.27,102705.06,53.11,-114.27,9.69,0.05,1.37,-0.007,-0.061,-0.017,0.27,-8.82,-0.63,0.000000,0.000000,163.54
24.28,102703.44,53.10,-114.14,9.69,0.06,1.37,-0.006,-0.063,-0.016,-0.23,-9.30,-0.63,0.000000,0.000000,164.09
24.28,102704.30,53.10,-114.21,9.69,0.06,1.35,-0.006,-0.062,-0.016,0.77,-8.35,0.73,0.000000,0.000000,164.62
24.29,102704.52,53.10,-114.23,9.71,0.05,1.36,-0.007,-0.063,-0.016,0.27,-9.30,0.28,0.000000,0.000000,165.16
24.29,102706.80,53.09,-114.41,9.69,0.07,1.38,-0.007,-0.062,-0.017,0.27,-8.82,-2.89,0.000000,0.000000,165.71
24.30,102708.30,53.09,-114.54,9.69,0.06,1.38,-0.006,-0.061,-0.017,0.27,-8.82,-0.63,0.000000,0.000000,166.25
24.29,102705.27,53.10,-114.29,9.69,0.06,1.37,-0.007,-0.061,-0.017,0.27,-8.82,-0.18,0.000000,0.000000,166.79
24.30,102704.06,53.09,-114.19,9.70,0.07,1.34,-0.007,-0.062,-0.017,0.27,-8.35,-0.18,0.000000,0.000000,167.33
24.30,102706.16,53.07,-114.29,9.68,0.06,1.35,-0.005,-0.061,-0.018,-0.23,-10.73,-0.18,0.000000,0.000000,167.87
24.30,102704.80,53.09,-114.25,9.69,0.06,1.37,-0.007,-0.061,-0.017,0.27,-8.82,-0.63,0.000000,0.000000,168.41
24.31,102707.98,53.09,-114.51,9.71,0.07,1.36,-0.007,-0.062,-0.016,0.27,-9.30,-0.63,0.000000,0.000000,168.95
24.31,102703.84,53.09,-114.17,9.70,0.06,1.41,-0.007,-0.061,-0.016,0.77,-7.87,0.73,0.000000,0.000000,169.49
24.32,102706.28,53.08,-114.37,9.71,0.07,1.38,-0.007,-0.061,-0.017,0.27,-10.25,-0.63,0.000000,0.000000,170.03
24.32,102704.24,53.09,-114.20,9.70,0.03,1.37,-0.007,-0.061,-0.016,0.77,-8.35,0.73,0.000000,0.000000,170.57
24.33,102705.86,53.09,-114.34,9.70,0.05,1.40,-0.006,-0.062,-0.016,-0.74,-9.78,-1.08,0.000000,0.000000,171.11
24.33,102705.61,53.09,-114.32,9.72,0.05,1.36,-0.007,-0.061,-0.016,0.27,-8.82,0.73,0.000000,0.000000,171.65
24.34,102706.50,53.08,-114.39,9.70,0.07,1.39,-0.007,-0.061,-0.016,-0.23,-9.30,-0.18,0.000000,0.000000,172.19
24.33,102707.27,53.08,-114.45,9.69,0.06,1.36,-0.007,-0.061,-0.016,-0.23,-8.82,-3.80,0.000000,0.000000,172.73
24.34,102706.83,53.10,-114.42,9.69,0.06,1.37,-0.007,-0.062,-0.017,0.27,-8.35,0.28,0.000000,0.000000,173.27
24.34,102706.23,53.07,-114.37,9.70,0.04,1.35,-0.007,-0.062,-0.016,-0.23,-8.82,-2.44,0.000000,0.000000,173.81
24.34,102702.84,53.07,-114.09,9.72,0.06,1.38,-0.007,-0.062,-0.017,0.27,-8.82,-0.63,0.000000,0.000000,174.35
24.35,102704.78,53.07,-114.25,9.71,0.07,1.35,-0.007,-0.062,-0.017,-0.23,-8.82,-2.44,0.000000,0.000000,174.89
24.35,102705.02,53.06,-114.27,9.69,0.06,1.36,-0.007,-0.063,-0.016,0.77,-8.35,0.28,0.000000,0.000000,175.43
24.36,102705.36,53.10,-114.30,9.69,0.05,1.36,-0.006,-0.062,-0.016,-0.23,-10.73,-0.63,0.000000,0.000000,175.97
24.36,102705.20,53.07,-114.28,9.71,0.05,1.35,-0.007,-0.062,-0.017,0.77,-8.35,-0.18,0.000000,0.000000,176.51
24.37,102704.69,53.07,-114.24,9.70,0.07,1.35,-0.006,-0.062,-0.017,0.27,-8.82,-0.63,0.000000,0.000000,177.05
24.37,102703.91,53.07,-114.18,9.69,0.06,1.37,-0.006,-0.061,-0.016,0.27,-8.35,0.28,0.000000,0.000000,177.59
24.38,102708.23,53.07,-114.53,9.69,0.05,1.36,-0.006,-0.062,-0.016,-0.23,-9.30,-0.63,0.000000,0.000000,178.13
24.37,102705.44,53.07,-114.30,9.69,0.05,1.39,-0.007,-0.061,-0.017,-0.74,-7.87,-2.89,0.000000,0.000000,178.67
24.38,102707.53,53.06,-114.47,9.71,0.05,1.38,-0.007,-0.062,-0.016,-0.23,-9.78,-1.08,0.000000,0.000000,179.21
24.38,102705.16,53.07,-114.28,9.72,0.07,1.38,-0.007,-0.062,-0.016,-0.23,-8.82,-2.44,0.000000,0.000000,179.75
24.39,102702.95,53.06,-114.10,9.70,0.05,1.37,-0.006,-0.062,-0.017,0.27,-8.35,-0.18,0.000000,0.000000,180.29
24.39,102705.31,53.06,-114.29,9.71,0.04,1.35,-0.007,-0.062,-0.017,0.27,-8.82,-2.44,0.000000,0.000000,180.83
24.39,102702.25,53.07,-114.04,9.72,0.05,1.35,-0.007,-0.063,-0.016,0.27,-8.82,-0.18,0.000000,0.000000,181.37
24.39,102702.67,53.06,-114.07,9.70,0.05,1.36,-0.006,-0.062,-0.016,0.27,-10.25,-1.08,0.000000,0.000000,181.91
24.40,102701.55,53.05,-113.98,9.69,0.05,1.37,-0.006,-0.062,-0.016,1.27,-9.78,0.73,0.000000,0.000000,182.45
24.41,102702.71,53.05,-114.08,9.71,0.04,1.37,-0.006,-0.062,-0.017,-0.23,-9.78,-1.54,0.000000,0.000000,182.99
24.41,102701.94,53.04,-114.01,9.69,0.06,1.36,-0.007,-0.063,-0.017,0.27,-8.35,0.73,0.000000,0.000000,183.53
24.42,102703.47,53.05,-114.14,9.70,0.04,1.39,-0.007,-0.061,-0.017,0.27,-9.78,-2.44,0.000000,0.000000,184.07
24.42,102704.38,53.04,-114.21,9.70,0.06,1.37,-0.007,-0.062,-0.017,0.27,-8.35,-0.18,0.000000,0.000000,184.61
24.42,102702.60,53.04,-114.07,9.69,0.05,1.39,-0.006,-0.061,-0.016,0.27,-9.78,-1.08,0.000000,0.000000,185.15
24.42,102700.92,52.99,-113.93,9.70,0.06,1.39,-0.006,-0.063,-0.016,0.27,-8.35,-0.18,0.000000,0.000000,185.69
24.43,102705.63,53.04,-114.32,9.70,0.05,1.35,-0.006,-0.062,-0.017,0.27,-9.30,-1.54,0.000000,0.000000,186.23
24.43,102703.27,53.05,-114.12,9.69,0.03,1.39,-0.006,-0.062,-0.016,-0.23,-8.35,-1.99,0.000000,0.000000,186.77
24.43,102704.94,53.03,-114.26,9.71,0.06,1.33,-0.007,-0.061,-0.016,0.27,-9.30,-1.08,0.000000,0.000000,187.31
24.44,102702.81,53.04,-114.09,9.71,0.05,1.38,-0.006,-0.061,-0.017,-0.23,-8.35,-1.54,0.000000,0.000000,187.85
24.44,102703.73,53.04,-114.16,9.71,0.05,1.37,-0.007,-0.061,-0.016,-0.23,-8.35,-1.08,0.000000,0.000000,188.39
24.45,102704.46,53.04,-114.22,9.69,0.06,1.37,-0.007,-0.062,-0.017,-0.23,-8.35,-0.63,0.000000,0.000000,188.93
24.44,102699.66,53.01,-113.94,9.72,0.07,1.37,-0.007,-0.062,-0.017,-0.23,-7.87,-0.18,0.000000,0.000000,189.47
24.45,102704.13,53.03,-114.19,9.69,0.07,1.35,-0.007,-0.062,-0.016,0.27,-8.35,-0.18,0.000000,0.000000,190.01
24.45,102702.19,53.04,-114.03,9.70,0.06,1.38,-0.006,-0.062,-0.017,0.27,-8.82,0.28,0.000000,0.000000,190.55
24.45,102700.98,53.03,-113.94,9.71,0.04,1.36,-0.007,-0.062,-0.017,-0.23,-9.30,-1.54,0.000000,0.000000,191.09
24.46,102706.38,53.04,-114.38,9.70,0.05,1.37,-0.007,-0.062,-0.016,0.77,-8.35,0.28,0.000000,0.000000,191.63
24.47,102706.22,53.02,-114.37,9.70,0.05,1.37,-0.007,-0.061,-0.016,0.27,-10.73,0.28,0.000000,0.000000,192.17
24.47,102704.95,53.03,-114.26,9.70,0.05,1.36,-0.007,-0.062,-0.015,0.77,-7.39,0.73,0.000000,0.000000,192.71
24.47,102704.84,53.04,-114.29,9.70,0.06,1.36,-0.007,-0.063,-0.016,0.77,-10.25,-0.18,0.000000,0.000000,193.26
24.47,102704.52,53.02,-114.23,9.70,0.03,1.39,-0.008,-0.061,-0.015,0.27,-8.35,-0.18,0.000000,0.000000,193.79
24.47,102703.66,53.02,-114.16,9.70,0.04,1.37,-0.006,-0.062,-0.016,0.27,-9.78,-1.08,0.000000,0.000000,194.33
24.48,102702.03,53.01,-114.02,9.69,0.05,1.37,-0.007,-0.061,-0.017,1.27,-8.35,-0.18,0.000000,0.000000,194.87
24.48,102702.97,53.02,-114.10,9.70,0.07,1.37,-0.007,-0.062,-0.017,-0.74,-9.30,-1.08,0.000000,0.000000,195.41
24.49,102702.86,53.01,-114.09,9.70,0.05,1.35,-0.007,-0.061,-0.016,0.77,-8.35,0.73,0.000000,0.000000,195.95
24.49,102701.50,53.03,-113.98,9.64,0.05,1.35,-0.006,-0.061,-0.017,0.27,-9.30,-0.63,0.000000,0.000000,196.50
24.49,102705.12,53.04,-114.28,9.69,0.04,1.37,-0.006,-0.062,-0.017,0.27,-8.82,-1.08,0.000000,0.000000,197.04
24.49,102702.16,53.03,-114.03,9.70,0.08,1.36,-0.006,-0.062,-0.016,0.27,-8.82,0.28,0.000000,0.000000,197.57
24.51,102702.89,53.03,-114.09,9.70,0.05,1.36,-0.006,-0.062,-0.018,0.77,-8.35,-0.18,0.000000,0.000000,198.11
24.50,102702.64,53.04,-114.07,9.69,0.05,1.36,-0.006,-0.062,-0.017,0.77,-8.35,-1.08,0.000000,0.000000,198.65
24.51,102703.04,53.03,-114.10,9.69,0.04,1.37,-0.006,-0.062,-0.016,0.27,-9.30,-1.54,0.000000,0.000000,199.20
24.51,102702.53,53.00,-114.06,9.70,0.06,1.37,-0.006,-0.062,-0.017,0.77,-8.35,0.28,0.000000,0.000000,199.73
24.52,102703.22,53.02,-114.12,9.71,0.06,1.39,-0.007,-0.062,-0.017,-0.23,-8.35,-1.08,0.000000,0.000000,200.28
24.52,102703.39,52.99,-114.13,9.71,0.05,1.34,-0.006,-0.062,-0.016,-0.23,-8.35,0.28,0.000000,0.000000,200.82
24.52,102701.36,52.99,-113.97,9.70,0.05,1.36,-0.006,-0.061,-0.017,0.27,-9.30,-1.08,0.000000,0.000000,201.36
24.53,102701.66,52.99,-113.99,9.69,0.05,1.36,-0.006,-0.061,-0.017,0.27,-8.82,0.73,0.000000,0.000000,201.89
24.53,102702.17,52.98,-114.03,9.71,0.04,1.36,-0.007,-0.062,-0.015,-0.23,-9.78,-0.63,0.000000,0.000000,202.44
24.54,102702.81,53.00,-114.09,9.68,0.07,1.36,-0.007,-0.062,-0.016,0.27,-7.87,1.18,0.000000,0.000000,202.98
24.53,102703.25,53.01,-114.12,9.70,0.05,1.37,-0.006,-0.062,-0.016,0.27,-9.78,-1.08,0.000000,0.000000,203.52
24.54,102705.00,52.99,-114.27,9.71,0.05,1.33,-0.007,-0.062,-0.017,-0.23,-8.82,1.18,0.000000,0.000000,204.06
24.53,102699.69,53.00,-113.83,9.70,0.06,1.33,-0.007,-0.062,-0.016,0.27,-9.30,-0.18,0.000000,0.000000,204.60
24.55,102702.95,52.99,-114.10,9.69,0.05,1.34,-0.007,-0.062,-0.017,0.77,-7.87,0.28,0.000000,0.000000,205.14
24.54,102701.52,52.99,-113.98,9.71,0.04,1.39,-0.007,-0.062,-0.016,-0.23,-9.30,-1.08,0.000000,0.000000,205.68
24.55,102701.25,52.99,-113.96,9.70,0.05,1.35,-0.008,-0.062,-0.017,-0.23,-8.82,-1.08,0.000000,0.000000,206.22
24.55,102702.84,52.99,-114.09,9.70,0.06,1.39,-0.007,-0.061,-0.016,0.77,-8.82,-0.63,0.000000,0.000000,206.76
24.56,102703.17,53.00,-114.12,9.69,0.06,1.35,-0.006,-0.062,-0.017,0.27,-8.82,-2.44,0.000000,0.000000,207.30
24.56,102702.91,52.98,-114.09,9.70,0.05,1.37,-0.007,-0.061,-0.017,-1.24,-8.82,-1.08,0.000000,0.000000,207.84
24.56,102703.92,52.98,-114.18,9.70,0.06,1.35,-0.007,-0.061,-0.016,-0.23,-8.35,-1.54,0.000000,0.000000,208.38
24.57,102701.64,52.97,-113.99,9.69,0.05,1.38,-0.007,-0.062,-0.017,-0.23,-8.35,-0.63,0.000000,0.000000,208.92
24.57,102701.06,52.98,-113.94,9.69,0.05,1.37,-0.007,-0.062,-0.017,-0.23,-8.82,-1.08,0.000000,0.000000,209.46
24.58,102705.42,52.97,-114.30,9.72,0.05,1.38,-0.006,-0.062,-0.016,0.77,-8.82,0.28,0.000000,0.000000,210.00
24.58,102700.69,52.97,-113.91,9.71,0.04,1.36,-0.006,-0.061,-0.018,-0.23,-8.82,-2.44,0.000000,0.000000,210.54
24.58,102702.78,52.97,-114.08,9.70,0.05,1.39,-0.007,-0.062,-0.017,0.27,-8.35,0.28,0.000000,0.000000,211.08
24.59,102701.16,52.99,-113.95,9.70,0.06,1.37,-0.008,-0.062,-0.016,0.77,-8.82,-0.18,0.000000,0.000000,211.62
24.59,102701.75,52.97,-114.00,9.71,0.05,1.36,-0.007,-0.062,-0.017,0.77,-7.87,0.28,0.000000,0.000000,212.16
24.59,102703.02,52.97,-114.10,9.71,0.07,1.35,-0.006,-0.062,-0.017,-0.23,-10.25,-1.08,0.000000,0.000000,212.70
24.60,102703.66,52.96,-114.16,9.69,0.06,1.37,-0.007,-0.062,-0.017,0.77,-8.82,0.73,0.000000,0.000000,213.24
24.60,102702.39,52.97,-114.05,9.70,0.05,1.38,-0.007,-0.062,-0.015,-0.74,-9.78,-1.54,0.000000,0.000000,213.78
24.60,102702.47,52.96,-114.06,9.70,0.05,1.38,-0.006,-0.062,-0.016,0.77,-7.87,-0.18,0.000000,0.000000,214.32
24.60,102703.39,52.94,-114.13,9.71,0.06,1.37,-0.007,-0.062,-0.017,0.27,-7.87,-1.54,0.000000,0.000000,214.86
24.61,102702.80,52.95,-114.09,9.70,0.04,1.34,-0.006,-0.061,-0.016,-0.23,-8.35,-0.18,0.000000,0.000000,215.40
24.61,102701.02,52.94,-113.94,9.69,0.05,1.34,-0.007,-0.061,-0.016,0.27,-9.78,-0.63,0.000000,0.000000,215.94
24.61,102700.51,52.95,-113.90,9.71,0.05,1.36,-0.007,-0.062,-0.017,0.77,-7.87,0.28,0.000000,0.000000,216.48
24.63,102701.06,52.95,-113.94,9.69,0.06,1.38,-0.007,-0.062,-0.017,-0.23,-10.25,-0.63,0.000000,0.000000,217.02
24.62,102701.67,52.95,-113.99,9.69,0.06,1.37,-0.007,-0.062,-0.016,0.27,-8.35,0.28,0.000000,0.000000,217.56
24.63,102700.03,52.94,-113.86,9.70,0.04,1.35,-0.007,-0.062,-0.016,0.27,-8.82,-1.54,0.000000,0.000000,218.10
24.63,102702.40,52.94,-114.05,9.70,0.04,1.34,-0.007,-0.062,-0.016,0.27,-8.35,-1.08,0.000000,0.000000,218.64
24.63,102700.37,52.94,-113.88,9.71,0.07,1.37,-0.007,-0.062,-0.017,0.77,-9.30,-0.63,0.000000,0.000000,219.18
24.64,102701.13,52.94,-113.95,9.71,0.05,1.35,-0.007,-0.062,-0.017,0.27,-8.82,-0.63,0.000000,0.000000,219.72
24.64,102702.70,52.93,-114.08,9.69,0.05,1.34,-0.007,-0.061,-0.017,0.27,-9.30,-0.63,0.000000,0.000000,220.26
24.65,102704.64,52.93,-114.24,9.69,0.06,1.35,-0.007,-0.062,-0.017,0.27,-8.82,-1.08,0.000000,0.000000,220.80
24.64,102699.31,52.93,-113.80,9.69,0.06,1.37,-0.007,-0.062,-0.015,-0.23,-8.35,-0.18,0.000000,0.000000,221.34
24.65,102701.94,52.95,-114.01,9.69,0.05,1.34,-0.006,-0.062,-0.016,-0.23,-8.82,-1.54,0.000000,0.000000,221.88
24.65,102701.14,52.95,-113.95,9.71,0.06,1.35,-0.007,-0.062,-0.016,0.77,-9.30,0.73,0.000000,0.000000,222.42
24.67,102703.42,52.92,-114.14,9.70,0.06,1.37,-0.006,-0.063,-0.018,-0.23,-8.82,-1.08,0.000000,0.000000,222.96
24.66,102701.91,52.93,-114.01,9.71,0.05,1.36,-0.007,-0.062,-0.017,0.77,-8.82,-0.18,0.000000,0.000000,223.50
24.67,102705.36,52.92,-114.30,9.68,0.05,1.37,-0.007,-0.061,-0.017,0.27,-8.35,-2.44,0.000000,0.000000,224.04
24.67,102703.82,52.91,-114.17,9.71,0.05,1.35,-0.007,-0.063,-0.016,0.77,-8.35,0.73,0.000000,0.000000,224.58
24.68,102703.13,52.92,-114.11,9.72,0.05,1.35,-0.007,-0.062,-0.016,-0.23,-11.21,-0.63,0.000000,0.000000,225.12
24.68,102704.41,52.91,-114.22,9.71,0.06,1.38,-0.007,-0.062,-0.016,-0.23,-8.82,0.28,0.000000,0.000000,225.66
24.68,102702.53,52.91,-114.06,9.72,0.05,1.36,-0.007,-0.061,-0.015,0.77,-10.25,-0.18,0.000000,0.000000,226.20
24.68,102702.09,52.91,-114.03,9.71,0.05,1.36,-0.007,-0.063,-0.017,-0.23,-8.82,-0.18,0.000000,0.000000,226.74
24.69,102704.71,52.91,-114.24,9.72,0.06,1.34,-0.007,-0.061,-0.016,-0.23,-10.25,-3.35,0.000000,0.000000,227.29
24.69,102700.98,52.89,-113.94,9.69,0.06,1.37,-0.007,-0.062,-0.017,-0.23,-8.35,0.28,0.000000,0.000000,227.82
24.69,102702.83,52.90,-114.09,9.69,0.06,1.36,-0.007,-0.062,-0.016,-0.23,-9.78,-1.08,0.000000,0.000000,228.36
24.69,102700.53,52.90,-113.90,9.69,0.06,1.37,-0.007,-0.062,-0.016,0.27,-8.35,0.73,0.000000,0.000000,228.90
24.70,102701.18,52.89,-113.95,9.70,0.06,1.34,-0.007,-0.062,-0.017,-0.23,-10.73,-1.08,0.000000,0.000000,229.45
24.71,102701.59,52.91,-113.99,9.74,0.05,1.35,-0.007,-0.061,-0.017,0.77,-7.87,-0.18,0.000000,0.000000,229.99
24.71,102700.34,52.91,-113.88,9.69,0.05,1.35,-0.008,-0.062,-0.016,0.27,-9.30,-0.63,0.000000,0.000000,230.52
24.71,102701.34,52.89,-113.96,9.70,0.05,1.36,-0.007,-0.062,-0.016,0.77,-8.35,-0.18,0.000000,0.000000,231.06
24.72,102702.78,52.89,-114.08,9.70,0.04,1.35,-0.007,-0.062,-0.016,0.27,-9.30,-0.18,0.000000,0.000000,231.61
24.72,102703.52,52.88,-114.14,9.70,0.05,1.37,-0.007,-0.062,-0.017,0.27,-8.35,-0.63,0.000000,0.000000,232.14
24.73,102701.39,52.89,-113.97,9.71,0.04,1.36,-0.007,-0.062,-0.016,0.27,-9.30,-0.63,0.000000,0.000000,232.68
24.73,102703.06,52.88,-114.11,9.68,0.06,1.36,-0.007,-0.062,-0.016,0.27,-8.35,0.73,0.000000,0.000000,233.23
24.73,102701.03,52.91,-113.94,9.69,0.06,1.35,-0.007,-0.061,-0.016,0.27,-9.30,-0.63,0.000000,0.000000,233.77
24.73,102701.38,52.88,-113.97,9.70,0.05,1.36,-0.007,-0.061,-0.016,0.27,-8.35,-0.18,0.000000,0.000000,234.31
24.73,102700.61,52.89,-113.91,9.71,0.06,1.37,-0.007,-0.062,-0.017,-0.23,-8.82,0.28,0.000000,0.000000,234.85
24.74,102699.56,52.86,-113.82,9.71,0.06,1.36,-0.007,-0.062,-0.016,0.27,-8.35,-1.08,0.000000,0.000000,235.39
24.74,102701.08,52.88,-113.94,9.69,0.04,1.36,-0.007,-0.061,-0.017,-1.24,-8.82,-0.18,0.000000,0.000000,235.93
24.75,102702.92,52.87,-114.09,9.70,0.06,1.36,-0.008,-0.062,-0.017,0.77,-8.82,-2.44,0.000000,0.000000,236.47
24.76,102701.49,52.87,-113.98,9.70,0.05,1.37,-0.007,-0.063,-0.017,1.27,-8.82,-0.63,0.000000,0.000000,237.01
24.76,102700.47,52.83,-113.89,9.71,0.06,1.35,-0.007,-0.062,-0.017,0.27,-8.35,-2.89,0.000000,0.000000,237.55
24.76,102703.67,52.86,-114.16,9.71,0.05,1.39,-0.008,-0.062,-0.017,0.27,-8.82,0.28,0.000000,0.000000,238.09
24.77,102700.36,52.86,-113.88,9.73,0.06,1.33,-0.007,-0.062,-0.017,-0.74,-8.35,-0.63,0.000000,0.000000,238.63
24.78,102701.85,52.86,-114.01,9.70,0.07,1.36,-0.008,-0.062,-0.016,-0.23,-8.82,-1.54,0.000000,0.000000,239.17
24.77,102699.67,52.86,-113.83,9.69,0.04,1.36,-0.007,-0.063,-0.017,0.27,-8.82,0.28,0.000000,0.000000,239.71
24.78,102702.36,52.87,-114.05,9.69,0.06,1.38,-0.007,-0.062,-0.017,0.27,-10.25,-1.99,0.000000,0.000000,240.25
24.77,102702.12,52.86,-114.03,9.73,0.04,1.38,-0.008,-0.062,-0.018,0.27,-8.82,-1.08,0.000000,0.000000,240.79
24.78,102700.99,52.84,-113.94,9.70,0.06,1.38,-0.007,-0.062,-0.017,0.27,-10.25,-1.99,0.000000,0.000000,241.33
24.78,102701.75,52.85,-114.00,9.69,0.05,1.36,-0.007,-0.063,-0.017,0.27,-8.35,-0.18,0.000000,0.000000,241.87
24.79,102700.80,52.85,-113.92,9.69,0.04,1.33,-0.007,-0.062,-0.016,0.27,-9.78,-0.63,0.000000,0.000000,242.41
24.79,102705.27,52.84,-114.29,9.70,0.05,1.37,-0.008,-0.062,-0.017,0.77,-8.35,0.28,0.000000,0.000000,242.95
24.79,102700.19,52.84,-113.87,9.72,0.05,1.37,-0.008,-0.062,-0.017,0.27,-10.73,-1.08,0.000000,0.000000,243.49
24.80,102703.22,52.84,-114.12,9.70,0.04,1.38,-0.007,-0.062,-0.016,0.27,-8.82,0.28,0.000000,0.000000,244.03
24.80,102703.72,52.84,-114.16,9.70,0.06,1.36,-0.007,-0.063,-0.017,0.27,-8.82,-1.99,0.000000,0.000000,244.57
24.81,102701.28,52.84,-113.96,9.71,0.06,1.36,-0.006,-0.062,-0.016,0.27,-8.35,0.28,0.000000,0.000000,245.11
24.81,102702.70,52.83,-114.08,9.70,0.05,1.33,-0.007,-0.062,-0.017,0.27,-9.78,-1.08,0.000000,0.000000,245.66
24.81,102702.34,52.84,-114.05,9.70,0.07,1.36,-0.007,-0.062,-0.016,-0.23,-8.82,0.73,0.000000,0.000000,246.19
24.82,102701.07,52.82,-113.94,9.70,0.04,1.39,-0.007,-0.062,-0.017,-0.23,-8.82,-1.54,0.000000,0.000000,246.74
24.82,102703.02,52.84,-114.10,9.69,0.07,1.37,-0.006,-0.062,-0.016,0.27,-8.35,-0.18,0.000000,0.000000,247.27
24.83,102703.48,52.82,-114.14,9.71,0.06,1.36,-0.007,-0.062,-0.016,-0.23,-8.35,-1.99,0.000000,0.000000,247.82
24.82,102704.52,52.82,-114.23,9.70,0.04,1.36,-0.007,-0.062,-0.016,1.27,-9.30,-0.18,0.000000,0.000000,248.36
24.83,102702.80,52.83,-114.08,9.68,0.06,1.38,-0.007,-0.062,-0.016,-0.74,-9.30,-1.08,0.000000,0.000000,248.90
24.83,102704.50,52.83,-114.23,9.70,0.06,1.36,-0.007,-0.062,-0.016,0.27,-7.87,-0.18,0.000000,0.000000,249.44
24.84,102702.59,52.82,-114.07,9.70,0.06,1.36,-0.007,-0.062,-0.017,-0.74,-9.30,-0.63,0.000000,0.000000,249.98
24.83,102700.92,52.82,-113.93,9.71,0.06,1.37,-0.006,-0.061,-0.017,0.27,-8.82,0.28,0.000000,0.000000,250.51
24.85,102704.27,52.81,-114.21,9.71,0.05,1.36,-0.007,-0.062,-0.017,-0.23,-9.78,0.28,0.000000,0.000000,251.06
24.85,102704.09,52.80,-114.19,9.68,0.06,1.37,-0.008,-0.062,-0.017,0.77,-7.87,0.28,0.000000,0.000000,251.60
24.85,102702.25,52.81,-114.04,9.72,0.02,1.37,-0.007,-0.061,-0.017,-0.74,-9.78,-1.54,0.000000,0.000000,252.14
24.85,102701.56,52.81,-113.98,9.71,0.07,1.37,-0.008,-0.061,-0.015,0.77,-7.87,0.28,0.000000,0.000000,252.68
24.86,102702.72,52.80,-114.08,9.70,0.03,1.35,-0.007,-0.061,-0.017,-0.23,-9.30,-1.08,0.000000,0.000000,253.22
24.86,102703.58,52.79,-114.15,9.69,0.04,1.36,-0.008,-0.063,-0.017,0.27,-8.35,0.73,0.000000,0.000000,253.75
24.86,102701.21,52.79,-113.95,9.67,0.05,1.34,-0.007,-0.063,-0.017,-0.74,-9.30,-1.08,0.000000,0.000000,254.30
24.86,102703.06,52.79,-114.11,9.71,0.05,1.36,-0.007,-0.061,-0.016,1.27,-8.82,0.28,0.000000,0.000000,254.84
24.87,102702.97,52.79,-114.10,9.69,0.07,1.36,-0.007,-0.062,-0.016,-0.23,-8.82,-0.18,0.000000,0.000000,255.38
24.87,102702.86,52.78,-114.09,9.72,0.05,1.35,-0.006,-0.062,-0.016,0.27,-7.87,-2.44,0.000000,0.000000,255.92
24.88,102702.08,52.79,-114.03,9.69,0.06,1.35,-0.008,-0.062,-0.017,-0.74,-8.35,-1.08,0.000000,0.000000,256.46
24.88,102704.17,52.78,-114.20,9.68,0.05,1.38,-0.008,-0.061,-0.016,0.27,-8.82,-0.18,0.000000,0.000000,257.00
24.88,102704.78,52.77,-114.25,9.71,0.06,1.35,-0.007,-0.062,-0.017,0.27,-9.78,-0.63,0.000000,0.000000,257.54
24.89,102704.16,52.77,-114.20,9.72,0.05,1.37,-0.008,-0.062,-0.016,0.77,-8.82,-1.54,0.000000,0.000000,258.08
24.89,102702.90,52.77,-114.09,9.70,0.05,1.37,-0.007,-0.061,-0.016,0.27,-8.82,-0.18,0.000000,0.000000,258.62
24.90,102702.45,52.76,-114.06,9.71,0.05,1.34,-0.006,-0.061,-0.017,-0.23,-8.35,-1.99,0.000000,0.000000,259.16
24.90,102701.62,52.77,-113.99,9.72,0.06,1.36,-0.007,-0.062,-0.017,-0.23,-9.30,-0.18,0.000000,0.000000,259.70
24.90,102705.25,52.77,-114.29,9.69,0.04,1.35,-0.007,-0.062,-0.017,1.27,-8.82,-0.18,0.000000,0.000000,260.24
24.91,102701.09,52.77,-113.94,9.70,0.05,1.33,-0.007,-0.063,-0.016,-0.23,-8.82,-0.63,0.000000,0.000000,260.78
24.91,102701.84,52.76,-114.01,9.72,0.06,1.36,-0.007,-0.062,-0.017,-0.23,-9.30,-1.08,0.000000,0.000000,261.32
24.91,102702.94,52.77,-114.10,9.69,0.05,1.35,-0.007,-0.062,-0.016,-0.74,-9.30,-0.63,0.000000,0.000000,261.86
24.92,102703.42,52.76,-114.14,9.71,0.06,1.37,-0.007,-0.062,-0.017,1.27,-8.35,-1.99,0.000000,0.000000,262.40
24.92,102703.42,52.75,-114.14,9.70,0.04,1.34,-0.008,-0.062,-0.017,0.27,-8.82,-0.63,0.000000,0.000000,262.94
24.92,102700.72,52.75,-113.91,9.69,0.04,1.36,-0.008,-0.061,-0.017,0.77,-7.87,-1.54,0.000000,0.000000,263.48
24.93,102703.72,52.74,-114.16,9.70,0.06,1.34,-0.007,-0.062,-0.016,-0.74,-8.35,-0.63,0.000000,0.000000,264.02
24.93,102701.53,52.73,-113.98,9.68,0.05,1.36,-0.007,-0.062,-0.017,-0.23,-8.82,-1.54,0.000000,0.000000,264.56
24.93,102702.36,52.73,-114.05,9.70,0.06,1.38,-0.007,-0.061,-0.017,-0.23,-8.82,-1.08,0.000000,0.000000,265.10
24.94,102703.19,52.74,-114.12,9.69,0.05,1.35,-0.007,-0.062,-0.016,0.77,-8.82,-2.89,0.000000,0.000000,265.64
24.94,102703.92,52.74,-114.18,9.71,0.05,1.35,-0.008,-0.061,-0.015,0.27,-8.82,-0.18,0.000000,0.000000,266.18
24.94,102702.42,52.73,-114.05,9.70,0.03,1.33,-0.007,-0.061,-0.017,1.27,-8.82,0.28,0.000000,0.000000,266.72
24.95,102697.73,52.73,-113.67,9.70,0.05,1.35,-0.007,-0.062,-0.017,0.77,-9.30,-0.63,0.000000,0.000000,267.26
24.94,102697.66,52.73,-113.66,9.69,0.06,1.37,-0.008,-0.061,-0.016,0.27,-8.82,-1.99,0.000000,0.000000,267.80
24.95,102701.98,52.71,-114.02,9.71,0.05,1.34,-0.008,-0.061,-0.017,0.27,-9.30,-1.54,0.000000,0.000000,268.34
24.96,102702.72,52.72,-114.08,9.70,0.04,1.35,-0.007,-0.061,-0.017,-0.23,-8.35,-3.80,0.000000,0.000000,268.88
24.95,102698.50,52.72,-113.73,9.70,0.05,1.37,-0.007,-0.061,-0.016,0.27,-8.35,-1.08,0.000000,0.000000,269.42
24.96,102701.01,52.70,-113.94,9.70,0.04,1.36,-0.009,-0.062,-0.017,0.77,-8.82,0.28,0.000000,0.000000,269.96
24.96,102699.31,52.71,-113.80,9.70,0.06,1.36,-0.007,-0.061,-0.017,-0.23,-8.82,-0.18,0.000000,0.000000,270.50
24.98,102701.55,52.71,-113.98,9.71,0.04,1.32,-0.008,-0.062,-0.017,0.27,-8.82,-1.08,0.000000,0.000000,271.04
24.97,102702.52,52.71,-114.06,9.70,0.04,1.36,-0.008,-0.061,-0.017,0.77,-8.82,-1.08,0.000000,0.000000,271.58
24.98,102702.55,52.72,-114.06,9.71,0.06,1.36,-0.007,-0.061,-0.017,0.77,-8.35,-0.63,0.000000,0.000000,272.12
24.98,102698.05,52.69,-113.69,9.71,0.06,1.34,-0.007,-0.061,-0.015,0.27,-9.78,-1.08,0.000000,0.000000,272.66
24.99,102699.64,52.69,-113.83,9.70,0.06,1.36,-0.007,-0.061,-0.016,0.77,-7.87,-0.18,0.000000,0.000000,273.20
24.99,102697.97,52.69,-113.69,9.72,0.07,1.36,-0.006,-0.062,-0.016,-0.23,-9.30,-1.08,0.000000,0.000000,273.74
24.99,102699.38,52.70,-113.80,9.69,0.06,1.36,-0.008,-0.062,-0.015,0.77,-8.82,-2.44,0.000000,0.000000,274.28
25.00,102698.98,52.70,-113.77,9.70,0.06,1.31,-0.007,-0.062,-0.015,0.27,-9.78,-0.63,0.000000,0.000000,274.82
25.00,102700.66,52.71,-113.91,9.70,0.04,1.36,-0.007,-0.062,-0.016,0.27,-8.82,0.28,0.000000,0.000000,275.36
25.00,102700.05,52.70,-113.86,9.71,0.07,1.34,-0.006,-0.061,-0.015,-0.23,-9.78,-1.08,0.000000,0.000000,275.91
25.01,102699.63,52.70,-113.82,9.70,0.07,1.39,-0.007,-0.063,-0.016,0.77,-8.35,-1.08,0.000000,0.000000,276.44
25.02,102701.63,52.69,-113.99,9.71,0.06,1.36,-0.007,-0.061,-0.017,-0.74,-9.30,-1.08,0.000000,0.000000,276.98
25.01,102699.94,52.67,-113.85,9.75,0.05,1.38,-0.007,-0.059,-0.017,0.27,-8.82,0.73,0.000000,0.000000,277.52
25.02,102701.43,52.69,-113.97,9.69,0.06,1.36,-0.008,-0.062,-0.015,-0.23,-8.82,-0.18,0.000000,0.000000,278.06
25.02,102699.25,52.67,-113.79,9.73,0.08,1.41,-0.010,-0.058,-0.010,1.27,-8.35,0.28,0.000000,0.000000,278.60
25.03,102703.19,52.71,-114.01,9.69,0.05,1.32,-0.008,-0.056,-0.012,0.27,-9.30,-1.54,0.000000,0.000000,279.15
25.03,102700.40,52.68,-113.89,9.74,0.05,1.30,-0.009,-0.056,-0.007,0.27,-7.87,0.28,0.000000,0.000000,279.68
25.03,102700.55,52.68,-113.90,9.76,0.03,1.29,-0.009,-0.056,-0.012,0.27,-9.30,-1.08,0.000000,0.000000,280.22
25.04,102700.45,52.67,-113.89,9.72,0.07,1.39,-0.008,-0.060,-0.015,0.27,-8.35,0.28,0.000000,0.000000,280.76
25.04,102699.69,52.66,-113.83,9.70,0.06,1.34,-0.008,-0.061,-0.015,0.27,-9.78,-1.08,0.000000,0.000000,281.30
25.05,102701.98,52.67,-114.02,9.72,0.05,1.34,-0.007,-0.064,-0.017,1.27,-8.35,0.28,0.000000,0.000000,281.84
25.05,102700.63,52.66,-113.91,9.74,0.05,1.37,-0.007,-0.062,-0.018,0.27,-10.73,0.28,0.000000,0.000000,282.39
25.05,102701.20,52.62,-113.88,9.70,0.05,1.35,-0.008,-0.062,-0.016,0.27,-7.87,0.28,0.000000,0.000000,282.92
25.05,102701.63,52.65,-113.99,9.70,0.04,1.34,-0.007,-0.062,-0.017,0.27,-8.82,-1.08,0.000000,0.000000,283.47
25.06,102703.11,52.65,-114.11,9.69,0.05,1.37,-0.007,-0.061,-0.016,0.77,-8.35,0.28,0.000000,0.000000,284.00
25.06,102701.60,52.65,-113.99,9.71,0.06,1.36,-0.008,-0.062,-0.016,0.77,-9.78,-1.54,0.000000,0.000000,284.55
25.06,102702.00,52.65,-114.02,9.70,0.06,1.35,-0.007,-0.061,-0.017,1.27,-7.39,-0.18,0.000000,0.000000,285.09
25.07,102700.89,52.64,-113.93,9.69,0.06,1.34,-0.008,-0.061,-0.016,-0.23,-9.30,-1.08,0.000000,0.000000,285.63
25.07,102702.67,52.64,-114.07,9.71,0.04,1.33,-0.008,-0.061,-0.018,0.27,-8.82,-0.18,0.000000,0.000000,286.17
25.08,102701.23,52.64,-113.95,9.70,0.05,1.36,-0.008,-0.062,-0.016,0.27,-7.87,-0.18,0.000000,0.000000,286.71
25.08,102703.17,52.64,-114.12,9.70,0.05,1.37,-0.007,-0.062,-0.016,0.27,-10.25,-1.54,0.000000,0.000000,287.25
25.08,102701.47,52.63,-113.97,9.71,0.07,1.37,-0.007,-0.061,-0.015,1.27,-8.82,0.28,0.000000,0.000000,287.79
25.08,102702.15,52.62,-114.03,9.69,0.06,1.35,-0.007,-0.063,-0.017,0.27,-8.82,-1.08,0.000000,0.000000,288.33
25.08,102701.80,52.63,-114.00,9.70,0.06,1.38,-0.008,-0.062,-0.017,0.27,-8.35,-0.18,0.000000,0.000000,288.87
25.09,102702.89,52.62,-114.09,9.72,0.06,1.32,-0.007,-0.062,-0.017,-0.74,-8.35,-0.63,0.000000,0.000000,289.41
25.10,102703.13,52.62,-114.11,9.70,0.04,1.33,-0.007,-0.062,-0.017,0.27,-8.35,0.28,0.000000,0.000000,289.95
25.07,102699.20,52.60,-113.79,9.72,0.06,1.34,-0.008,-0.062,-0.017,0.77,-9.30,-0.63,0.000000,0.000000,290.49
25.08,102701.30,52.62,-113.96,9.70,0.04,1.37,-0.007,-0.062,-0.017,0.77,-7.87,-0.18,0.000000,0.000000,291.03
25.08,102696.14,52.60,-113.54,9.69,0.04,1.38,-0.008,-0.062,-0.017,0.77,-9.30,-1.99,0.000000,0.000000,291.57
25.08,102699.93,52.61,-113.85,9.69,0.05,1.36,-0.007,-0.062,-0.017,0.27,-8.35,0.28,0.000000,0.000000,292.11
25.08,102701.04,52.62,-113.94,9.69,0.05,1.35,-0.007,-0.061,-0.016,0.27,-9.30,-1.54,0.000000,0.000000,292.65
25.09,102698.73,52.63,-113.75,9.72,0.04,1.37,-0.007,-0.060,-0.017,0.77,-8.35,0.28,0.000000,0.000000,293.19
25.09,102699.25,52.59,-113.79,9.69,0.05,1.35,-0.007,-0.062,-0.016,0.27,-9.30,-1.08,0.000000,0.000000,293.73
25.10,102695.42,52.56,-113.77,9.69,0.04,1.37,-0.007,-0.061,-0.017,1.27,-8.35,0.73,0.000000,0.000000,294.27
25.10,102698.81,52.58,-113.76,9.72,0.04,1.35,-0.008,-0.061,-0.016,0.27,-9.78,-1.54,0.000000,0.000000,294.82
25.10,102697.86,52.57,-113.68,9.67,0.06,1.35,-0.008,-0.061,-0.014,0.77,-8.82,0.73,0.000000,0.000000,295.35
25.10,102698.03,52.58,-113.69,9.70,0.06,1.38,-0.007,-0.062,-0.019,0.27,-10.25,-1.08,0.000000,0.000000,295.90
25.10,102694.13,52.57,-113.37,9.65,0.07,1.37,-0.008,-0.063,-0.016,0.27,-7.87,0.28,0.000000,0.000000,296.43
25.11,102698.50,52.58,-113.73,9.70,0.05,1.32,-0.008,-0.061,-0.017,-0.23,-8.82,-0.18,0.000000,0.000000,296.98
25.12,102698.58,52.60,-113.74,9.70,0.05,1.40,-0.009,-0.062,-0.016,0.27,-9.30,0.28,0.000000,0.000000,297.52
25.13,102697.69,52.55,-113.62,9.71,0.05,1.35,-0.008,-0.061,-0.016,-0.23,-8.82,-1.54,0.000000,0.000000,298.06
25.12,102697.11,52.58,-113.62,9.70,0.06,1.37,-0.009,-0.062,-0.016,0.27,-8.82,-0.63,0.000000,0.000000,298.60
25.13,102699.62,52.56,-113.82,9.71,0.06,1.35,-0.007,-0.062,-0.016,-0.23,-9.78,0.28,0.000000,0.000000,299.14
25.13,102696.67,52.54,-113.58,9.71,0.04,1.37,-0.007,-0.062,-0.017,0.27,-8.82,0.28,0.000000,0.000000,299.67
25.14,102699.53,52.57,-113.82,9.70,0.04,1.32,-0.007,-0.062,-0.016,0.27,-8.82,-1.08,0.000000,0.000000,300.22
25.14,102695.63,52.56,-113.49,9.67,0.07,1.36,-0.008,-0.062,-0.015,0.27,-8.82,-0.18,0.000000,0.000000,300.76
25.14,102697.50,52.56,-113.65,9.72,0.06,1.36,-0.007,-0.063,-0.018,1.27,-8.82,-1.54,0.000000,0.000000,301.30
25.15,102696.73,52.54,-113.58,9.70,0.04,1.38,-0.007,-0.062,-0.016,-0.23,-9.30,0.28,0.000000,0.000000,301.84
25.15,102696.30,52.55,-113.55,9.69,0.06,1.37,-0.007,-0.062,-0.017,-0.23,-8.35,-2.44,0.000000,0.000000,302.38
25.16,102697.95,52.54,-113.69,9.71,0.03,1.34,-0.009,-0.062,-0.017,0.77,-9.78,0.28,0.000000,0.000000,302.92
25.16,102695.25,52.53,-113.46,9.72,0.07,1.36,-0.008,-0.061,-0.016,0.27,-7.87,-3.80,0.000000,0.000000,303.46
25.16,102695.91,52.54,-113.52,9.70,0.03,1.36,-0.007,-0.062,-0.017,-0.23,-8.35,-0.63,0.000000,0.000000,304.00
25.16,102697.36,52.54,-113.64,9.72,0.07,1.37,-0.008,-0.062,-0.017,0.77,-8.35,-2.44,0.000000,0.000000,304.54
25.17,102698.60,52.55,-113.74,9.72,0.03,1.35,-0.008,-0.060,-0.016,0.27,-8.82,0.28,0.000000,0.000000,305.08
25.16,102696.58,52.55,-113.57,9.72,0.03,1.40,-0.008,-0.060,-0.017,0.77,-8.82,1.18,0.000000,0.000000,305.62
25.17,102698.58,52.55,-113.74,9.72,0.05,1.36,-0.008,-0.061,-0.017,-0.74,-8.82,-0.18,0.000000,0.000000,306.16
25.17,102695.63,52.55,-113.49,9.74,0.07,1.37,-0.008,-0.062,-0.018,0.27,-7.87,0.73,0.000000,0.000000,306.70
25.18,102700.33,52.52,-113.88,9.71,0.04,1.33,-0.008,-0.063,-0.018,0.27,-9.30,-0.18,0.000000,0.000000,307.24
25.18,102696.70,52.52,-113.58,9.69,0.05,1.34,-0.007,-0.062,-0.016,0.77,-8.82,0.28,0.000000,0.000000,307.78
25.18,102697.87,52.51,-113.68,9.71,0.05,1.32,-0.009,-0.060,-0.015,-0.23,-9.30,-1.54,0.000000,0.000000,308.32
25.19,102694.97,52.52,-113.44,9.69,0.06,1.36,-0.007,-0.061,-0.016,0.77,-8.35,0.28,0.000000,0.000000,308.86
25.19,102700.33,52.50,-113.88,9.69,0.06,1.37,-0.007,-0.063,-0.016,0.27,-8.82,-1.54,0.000000,0.000000,309.40
25.20,102698.86,52.50,-113.76,9.72,0.03,1.33,-0.007,-0.061,-0.016,0.27,-8.35,0.28,0.000000,0.000000,309.94
25.19,102697.69,52.50,-113.66,9.71,0.06,1.34,-0.007,-0.062,-0.018,0.27,-9.30,-0.63,0.000000,0.000000,310.48
25.21,102699.42,52.50,-113.81,9.70,0.04,1.32,-0.008,-0.062,-0.017,0.27,-7.87,1.18,0.000000,0.000000,311.02
25.21,102698.66,52.49,-113.74,9.69,0.07,1.34,-0.007,-0.063,-0.017,0.27,-9.30,-0.63,0.000000,0.000000,311.56
25.21,102698.98,52.50,-113.77,9.67,0.06,1.34,-0.008,-0.062,-0.017,0.77,-8.35,-0.63,0.000000,0.000000,312.10
25.21,102699.75,52.49,-113.83,9.69,0.07,1.37,-0.007,-0.062,-0.015,0.27,-10.25,-1.54,0.000000,0.000000,312.64
25.22,102700.31,52.49,-113.88,9.69,0.06,1.32,-0.008,-0.061,-0.015,0.27,-8.35,-0.18,0.000000,0.000000,313.18
25.22,102696.68,52.48,-113.58,9.68,0.07,1.38,-0.008,-0.062,-0.016,0.77,-8.82,-1.08,0.000000,0.000000,313.72
25.22,102694.89,52.46,-113.43,9.69,0.05,1.35,-0.008,-0.061,-0.017,0.77,-8.82,-0.63,0.000000,0.000000,314.26
25.22,102695.91,52.46,-113.52,9.71,0.06,1.33,-0.008,-0.063,-0.017,0.27,-9.30,-1.08,0.000000,0.000000,314.80
25.22,102696.06,52.47,-113.53,9.71,0.05,1.34,-0.008,-0.061,-0.016,0.27,-8.35,0.73,0.000000,0.000000,315.34
25.22,102694.37,52.48,-113.39,9.70,0.05,1.35,-0.007,-0.062,-0.018,-0.23,-8.82,-2.44,0.000000,0.000000,315.88
25.23,102694.01,52.48,-113.36,9.69,0.06,1.34,-0.007,-0.063,-0.018,-0.23,-8.82,-0.18,0.000000,0.000000,316.42
25.24,102698.64,52.46,-113.74,9.71,0.05,1.37,-0.007,-0.061,-0.016,0.27,-10.73,-1.54,0.000000,0.000000,316.96
25.23,102696.70,52.45,-113.58,9.69,0.04,1.37,-0.007,-0.061,-0.017,0.27,-8.82,-0.18,0.000000,0.000000,317.50
25.24,102696.45,52.46,-113.56,9.71,0.04,1.36,-0.008,-0.061,-0.017,0.27,-8.82,-0.18,0.000000,0.000000,318.04
25.24,102697.73,52.46,-113.67,9.69,0.07,1.37,-0.007,-0.062,-0.017,-0.74,-8.35,-0.63,0.000000,0.000000,318.58
25.25,102697.70,52.46,-113.66,9.71,0.05,1.36,-0.007,-0.062,-0.015,0.27,-8.35,-1.99,0.000000,0.000000,319.12
25.24,102692.80,52.44,-113.26,9.70,0.06,1.34,-0.008,-0.061,-0.017,0.27,-8.35,-0.63,0.000000,0.000000,319.66
25.26,102699.87,52.45,-113.84,9.71,0.06,1.37,-0.008,-0.063,-0.019,0.27,-8.35,-2.89,0.000000,0.000000,320.20
25.25,102696.92,52.45,-113.60,9.69,0.06,1.38,-0.008,-0.064,-0.016,0.27,-8.35,-0.63,0.000000,0.000000,320.74
25.26,102698.08,52.44,-113.70,9.69,0.07,1.33,-0.008,-0.062,-0.017,0.27,-8.82,-1.08,0.000000,0.000000,321.28
25.26,102697.23,52.44,-113.65,9.71,0.06,1.38,-0.007,-0.062,-0.016,0.27,-9.30,-1.08,0.000000,0.000000,321.82
25.27,102698.83,52.43,-113.76,9.69,0.04,1.35,-0.008,-0.061,-0.016,1.27,-8.82,-0.18,0.000000,0.000000,322.36
25.27,102698.38,52.43,-113.72,9.67,0.06,1.38,-0.007,-0.061,-0.017,0.27,-8.82,-1.08,0.000000,0.000000,322.90
25.27,102698.30,52.42,-113.71,9.73,0.05,1.39,-0.007,-0.063,-0.016,0.27,-8.35,0.73,0.000000,0.000000,323.44
25.28,102699.89,52.43,-113.85,9.69,0.03,1.35,-0.008,-0.061,-0.017,-0.74,-9.30,-0.63,0.000000,0.000000,323.98
25.27,102697.12,52.42,-113.62,9.71,0.06,1.36,-0.008,-0.063,-0.017,0.27,-8.35,0.73,0.000000,0.000000,324.52
25.29,102696.55,52.42,-113.57,9.69,0.04,1.35,-0.008,-0.062,-0.018,0.27,-9.30,-0.63,0.000000,0.000000,325.06
25.28,102696.81,52.42,-113.59,9.72,0.05,1.32,-0.007,-0.063,-0.018,0.77,-8.35,0.73,0.000000,0.000000,325.60
25.29,102696.30,52.41,-113.55,9.69,0.03,1.35,-0.007,-0.062,-0.017,-0.23,-9.78,-1.08,0.000000,0.000000,326.15
25.29,102696.40,52.41,-113.56,9.71,0.04,1.32,-0.008,-0.062,-0.017,0.77,-8.35,0.73,0.000000,0.000000,326.68
25.30,102697.89,52.40,-113.68,9.70,0.06,1.39,-0.008,-0.062,-0.017,-0.23,-9.78,0.73,0.000000,0.000000,327.22
25.30,102696.38,52.40,-113.56,9.71,0.06,1.37,-0.007,-0.062,-0.016,0.27,-8.35,0.28,0.000000,0.000000,327.76
25.30,102696.36,52.39,-113.55,9.72,0.06,1.39,-0.008,-0.062,-0.017,0.27,-10.25,-1.54,0.000000,0.000000,328.31
25.30,102698.30,52.42,-113.71,9.69,0.04,1.37,-0.008,-0.063,-0.017,0.27,-7.39,-0.18,0.000000,0.000000,328.85
25.31,102695.84,52.40,-113.51,9.70,0.04,1.35,-0.007,-0.062,-0.017,0.27,-10.25,0.28,0.000000,0.000000,329.39
25.32,102697.48,52.39,-113.65,9.71,0.07,1.36,-0.008,-0.062,-0.016,0.77,-8.35,-0.18,0.000000,0.000000,329.92
25.31,102696.23,52.39,-113.54,9.72,0.03,1.37,-0.008,-0.062,-0.017,0.27,-8.82,-2.44,0.000000,0.000000,330.46
25.33,102698.63,52.38,-113.74,9.70,0.05,1.34,-0.008,-0.061,-0.015,0.77,-8.82,0.28,0.000000,0.000000,331.00
25.33,102698.98,52.38,-113.77,9.70,0.10,1.41,-0.008,-0.060,-0.015,0.27,-8.35,-1.08,0.000000,0.000000,331.55
25.33,102697.01,52.38,-113.61,9.72,0.08,1.36,-0.007,-0.062,-0.014,-0.23,-9.30,-0.63,0.000000,0.000000,332.09
25.33,102698.88,52.38,-113.76,9.70,0.05,1.35,-0.008,-0.063,-0.017,-0.23,-8.35,-2.89,0.000000,0.000000,332.63
25.35,102701.22,52.37,-113.95,9.70,0.06,1.37,-0.007,-0.062,-0.018,0.27,-8.82,-0.18,0.000000,0.000000,333.17
25.34,102698.55,52.37,-113.73,9.71,0.02,1.37,-0.008,-0.062,-0.017,0.27,-9.30,-1.54,0.000000,0.000000,333.71
25.35,102701.39,52.37,-113.97,9.72,0.06,1.35,-0.008,-0.061,-0.017,-0.23,-8.82,-1.08,0.000000,0.000000,334.25
25.35,102698.58,52.36,-113.74,9.70,0.07,1.36,-0.008,-0.062,-0.016,0.27,-8.35,-0.18,0.000000,0.000000,334.79
25.36,102698.73,52.36,-113.75,9.71,0.04,1.40,-0.007,-0.061,-0.017,0.77,-8.35,-0.63,0.000000,0.000000,335.33
25.36,102698.06,52.35,-113.69,9.70,0.05,1.35,-0.008,-0.062,-0.016,0.27,-8.82,-2.44,0.000000,0.000000,335.87
25.36,102699.39,52.35,-113.80,9.71,0.07,1.35,-0.008,-0.061,-0.015,0.77,-8.35,-0.18,0.000000,0.000000,336.41
25.37,102697.52,52.35,-113.65,9.71,0.04,1.34,-0.008,-0.061,-0.015,0.27,-9.78,-0.63,0.000000,0.000000,336.95
25.37,102698.19,52.34,-113.71,9.69,0.06,1.37,-0.008,-0.060,-0.016,0.77,-8.35,0.28,0.000000,0.000000,337.49
25.38,102698.64,52.34,-113.74,9.71,0.03,1.36,-0.007,-0.062,-0.017,0.77,-9.30,-0.63,0.000000,0.000000,338.03
25.38,102699.92,52.34,-113.85,9.70,0.05,1.35,-0.007,-0.062,-0.015,0.27,-8.35,-0.18,0.000000,0.000000,338.57
25.39,102700.43,52.33,-113.89,9.71,0.05,1.34,-0.007,-0.062,-0.017,0.27,-8.35,-1.54,0.000000,0.000000,339.11
25.39,102701.28,52.33,-113.96,9.71,0.04,1.36,-0.007,-0.062,-0.018,0.27,-9.30,-0.63,0.000000,0.000000,339.65
25.40,102700.22,52.32,-113.87,9.71,0.04,1.34,-0.008,-0.062,-0.016,0.77,-7.87,-1.54,0.000000,0.000000,340.19
25.39,102697.63,52.32,-113.66,9.70,0.06,1.36,-0.008,-0.062,-0.017,0.27,-9.30,-0.63,0.000000,0.000000,340.73
25.40,102699.11,52.32,-113.78,9.70,0.06,1.37,-0.008,-0.061,-0.017,0.27,-8.82,-3.80,0.000000,0.000000,341.27
25.40,102698.70,52.32,-113.75,9.70,0.06,1.36,-0.009,-0.062,-0.017,0.27,-9.30,-0.63,0.000000,0.000000,341.81
25.40,102695.98,52.31,-113.52,9.71,0.05,1.35,-0.008,-0.062,-0.015,0.27,-8.35,0.28,0.000000,0.000000,342.35
25.41,102699.75,52.31,-113.83,9.71,0.03,1.36,-0.008,-0.061,-0.017,-0.74,-9.78,-0.63,0.000000,0.000000,342.89
25.41,102698.40,52.31,-113.72,9.70,0.05,1.34,-0.007,-0.063,-0.016,1.27,-8.35,0.28,0.000000,0.000000,343.43
25.41,102696.88,52.31,-113.60,9.71,0.05,1.35,-0.009,-0.061,-0.016,-0.74,-9.78,-0.63,0.000000,0.000000,343.97
25.42,102696.95,52.30,-113.60,9.71,0.05,1.34,-0.007,-0.062,-0.017,0.27,-7.87,0.28,0.000000,0.000000,344.51
25.42,102698.70,52.31,-113.75,9.70,0.07,1.37,-0.008,-0.062,-0.015,0.27,-10.25,-1.08,0.000000,0.000000,345.05
25.42,102698.19,52.29,-113.64,9.68,-0.01,1.30,-0.008,-0.062,-0.019,0.27,-7.87,0.28,0.000000,0.000000,345.59
25.43,102698.86,52.30,-113.76,9.71,0.06,1.36,-0.008,-0.062,-0.017,-0.23,-10.25,-2.89,0.000000,0.000000,346.14
25.43,102700.45,52.30,-113.89,9.70,0.04,1.33,-0.008,-0.061,-0.016,0.27,-8.82,-0.18,0.000000,0.000000,346.67
25.44,102698.00,52.29,-113.69,9.69,0.06,1.34,-0.007,-0.062,-0.016,0.77,-10.25,-1.54,0.000000,0.000000,347.21
25.44,102700.45,52.28,-113.89,9.81,0.02,1.27,-0.008,-0.057,-0.018,-0.23,-8.35,-0.63,0.000000,0.000000,347.75
25.45,102700.94,52.28,-113.93,9.71,0.03,1.35,-0.007,-0.063,-0.019,-0.23,-8.35,-1.99,0.000000,0.000000,348.29
25.44,102700.69,52.29,-113.91,9.72,0.04,1.30,-0.009,-0.055,-0.010,-0.23,-8.35,-1.08,0.000000,0.000000,348.83
25.45,102698.05,52.27,-113.69,9.74,0.06,1.31,-0.009,-0.057,-0.012,0.27,-7.87,-4.25,0.000000,0.000000,349.37
25.46,102702.09,52.27,-114.03,9.70,0.12,1.36,-0.008,-0.061,-0.013,-0.23,-9.30,-0.18,0.000000,0.000000,349.92
25.45,102698.38,52.27,-113.72,9.65,0.07,1.39,-0.007,-0.062,-0.014,0.27,-8.35,-3.80,0.000000,0.000000,350.45
25.47,102698.83,52.27,-113.76,9.73,0.06,1.30,-0.008,-0.062,-0.017,0.27,-8.82,-0.63,0.000000,0.000000,350.99
25.46,102700.38,52.26,-113.89,9.71,0.06,1.36,-0.007,-0.062,-0.017,1.27,-8.35,-0.18,0.000000,0.000000,351.53
25.47,102699.15,52.26,-113.78,9.69,0.05,1.32,-0.009,-0.062,-0.017,0.27,-9.30,-0.18,0.000000,0.000000,352.07
25.47,102699.41,52.25,-113.81,9.72,0.05,1.36,-0.007,-0.061,-0.017,0.27,-8.35,0.28,0.000000,0.000000,352.61
25.48,102703.89,52.25,-114.17,9.69,0.04,1.35,-0.008,-0.062,-0.017,-0.23,-10.25,-1.54,0.000000,0.000000,353.16
25.47,102701.77,52.25,-114.00,9.70,0.03,1.37,-0.007,-0.062,-0.017,1.27,-8.35,-0.18,0.000000,0.000000,353.70
25.48,102700.75,52.23,-113.92,9.72,0.05,1.37,-0.008,-0.061,-0.016,0.27,-8.82,-1.54,0.000000,0.000000,354.24
25.48,102700.16,52.24,-113.87,9.70,0.07,1.34,-0.009,-0.062,-0.017,0.77,-8.82,-0.18,0.000000,0.000000,354.78
25.48,102697.85,52.23,-113.68,9.71,0.06,1.29,-0.009,-0.061,-0.015,0.77,-10.25,-1.54,0.000000,0.000000,355.32
25.49,102702.69,52.23,-114.08,9.71,0.06,1.34,-0.008,-0.062,-0.017,0.77,-9.30,-0.18,0.000000,0.000000,355.86
25.48,102696.17,52.23,-113.54,9.73,0.06,1.41,-0.008,-0.066,-0.023,-0.23,-9.78,-1.54,0.000000,0.000000,356.40
25.50,102700.95,52.22,-113.93,9.69,0.07,1.37,-0.007,-0.065,-0.019,0.77,-8.35,0.73,0.000000,0.000000,356.94
25.50,102698.24,52.23,-113.71,9.71,0.06,1.37,-0.008,-0.063,-0.017,-0.23,-8.35,-1.08,0.000000,0.000000,357.48
25.50,102699.48,52.22,-113.81,9.74,0.04,1.38,-0.008,-0.063,-0.017,-0.23,-8.82,-0.18,0.000000,0.000000,358.02
25.50,102699.24,52.22,-113.79,9.71,0.06,1.40,-0.009,-0.063,-0.017,-0.74,-8.35,-2.44,0.000000,0.000000,358.56
25.51,102699.55,52.20,-113.82,9.74,0.06,1.33,-0.008,-0.061,-0.015,-0.74,-8.82,-0.63,0.000000,0.000000,359.10
25.51,102700.41,52.20,-113.89,9.74,0.01,1.33,-0.008,-0.061,-0.017,0.77,-8.82,-1.99,0.000000,0.000000,359.64
25.52,102697.91,52.19,-113.68,9.72,0.07,1.37,-0.008,-0.063,-0.017,-0.23,-8.82,-0.63,0.000000,0.000000,360.18
25.52,102697.13,52.20,-113.62,9.73,0.05,1.36,-0.008,-0.063,-0.018,0.77,-8.35,-0.18,0.000000,0.000000,360.72
25.53,102702.98,52.20,-114.10,9.69,0.06,1.36,-0.009,-0.063,-0.015,-0.23,-9.78,-2.44,0.000000,0.000000,361.26
25.53,102699.41,52.15,-113.81,9.69,0.05,1.36,-0.008,-0.062,-0.017,1.27,-7.87,0.73,0.000000,0.000000,361.80
25.53,102697.22,52.18,-113.63,9.71,0.04,1.35,-0.009,-0.060,-0.017,-0.23,-10.25,-1.54,0.000000,0.000000,362.34
25.53,102698.14,52.19,-113.70,9.69,0.04,1.34,-0.008,-0.061,-0.018,0.77,-9.30,-0.18,0.000000,0.000000,362.88
25.54,102699.41,52.18,-113.81,9.73,0.04,1.35,-0.008,-0.061,-0.014,0.27,-8.82,-1.99,0.000000,0.000000,363.42
25.54,102698.95,52.17,-113.77,9.75,0.04,1.37,-0.007,-0.063,-0.019,0.27,-8.35,0.28,0.000000,0.000000,363.96
25.54,102696.34,52.17,-113.55,9.71,0.03,1.34,-0.007,-0.062,-0.015,0.27,-8.82,-0.63,0.000000,0.000000,364.50
25.55,102696.82,52.17,-113.59,9.73,0.07,1.36,-0.008,-0.061,-0.014,-0.23,-9.78,-0.63,0.000000,0.000000,365.04
25.55,102696.48,52.17,-113.56,9.73,0.11,1.30,-0.008,-0.059,-0.011,0.27,-8.35,-0.63,0.000000,0.000000,365.58
25.55,102699.08,52.16,-113.78,9.73,0.03,1.35,-0.008,-0.063,-0.017,0.77,-8.82,-0.63,0.000000,0.000000,366.12
25.55,102695.28,52.16,-113.47,9.73,0.13,1.32,-0.008,-0.061,-0.015,-0.23,-7.87,-1.54,0.000000,0.000000,366.66
25.56,102698.63,52.15,-113.74,9.71,0.06,1.36,-0.007,-0.064,-0.018,0.77,-9.30,-0.63,0.000000,0.000000,367.20
25.56,102694.58,52.15,-113.41,9.70,0.02,1.28,-0.007,-0.062,-0.018,0.77,-8.35,0.28,0.000000,0.000000,367.74
25.57,102698.86,52.15,-113.76,9.68,0.04,1.37,-0.009,-0.061,-0.017,-0.23,-9.30,-1.08,0.000000,0.000000,368.28
25.56,102697.52,52.14,-113.65,9.73,0.05,1.33,-0.008,-0.062,-0.017,0.77,-9.30,0.28,0.000000,0.000000,368.82
25.57,102696.14,52.14,-113.54,9.69,0.03,1.33,-0.008,-0.062,-0.018,-0.23,-9.78,-1.08,0.000000,0.000000,369.36
25.58,102693.83,52.14,-113.35,9.69,0.06,1.34,-0.008,-0.062,-0.017,0.77,-8.35,0.28,0.000000,0.000000,369.90
25.57,102695.11,52.14,-113.45,9.71,0.03,1.38,-0.008,-0.060,-0.017,0.77,-9.30,-0.18,0.000000,0.000000,370.44
25.59,102698.91,52.13,-113.76,9.70,0.04,1.35,-0.007,-0.062,-0.017,-0.23,-8.35,-0.63,0.000000,0.000000,370.98
25.58,102696.89,52.12,-113.60,9.71,0.05,1.34,-0.008,-0.061,-0.016,-0.23,-8.82,-2.89,0.000000,0.000000,371.52
25.59,102695.77,52.12,-113.51,9.70,0.03,1.36,-0.008,-0.062,-0.017,0.27,-8.82,-0.18,0.000000,0.000000,372.06
25.59,102697.53,52.12,-113.65,9.73,0.05,1.33,-0.008,-0.062,-0.017,0.77,-8.35,-0.63,0.000000,0.000000,372.60
25.60,102698.86,52.12,-113.76,9.72,0.04,1.34,-0.008,-0.062,-0.016,-0.23,-9.30,-1.08,0.000000,0.000000,373.14
25.60,102696.48,52.11,-113.56,9.73,0.06,1.34,-0.008,-0.062,-0.017,0.77,-8.82,0.28,0.000000,0.000000,373.68
25.60,102697.41,52.10,-113.64,9.70,0.05,1.35,-0.007,-0.062,-0.017,0.77,-9.30,-1.99,0.000000,0.000000,374.22
25.60,102696.39,52.13,-113.56,9.72,0.04,1.37,-0.008,-0.062,-0.017,0.27,-7.87,0.28,0.000000,0.000000,374.76
25.61,102695.45,52.11,-113.48,9.70,0.04,1.33,-0.009,-0.061,-0.017,0.27,-10.73,-1.54,0.000000,0.000000,375.30
25.61,102697.13,52.09,-113.62,9.73,0.05,1.37,-0.008,-0.062,-0.017,0.27,-8.35,0.28,0.000000,0.000000,375.84
25.62,102694.39,52.10,-113.39,9.71,0.06,1.36,-0.008,-0.062,-0.017,0.77,-8.82,-1.54,0.000000,0.000000,376.38
25.62,102695.05,52.09,-113.45,9.71,0.06,1.32,-0.008,-0.062,-0.017,-0.23,-8.35,-1.08,0.000000,0.000000,376.92
25.62,102697.25,52.08,-113.63,9.72,0.05,1.35,-0.008,-0.062,-0.017,-0.23,-8.82,-0.63,0.000000,0.000000,377.46
25.63,102696.66,52.07,-113.58,9.72,0.05,1.34,-0.008,-0.061,-0.017,-0.23,-8.82,-0.18,0.000000,0.000000,378.00
25.63,102696.33,52.07,-113.55,9.70,0.06,1.32,-0.008,-0.062,-0.017,0.27,-8.82,-1.99,0.000000,0.000000,378.54
25.64,102696.36,52.07,-113.55,9.71,0.04,1.35,-0.009,-0.062,-0.017,0.27,-9.30,-1.08,0.000000,0.000000,379.08
25.64,102696.89,52.07,-113.60,9.71,0.06,1.34,-0.008,-0.062,-0.017,1.27,-8.35,-0.18,0.000000,0.000000,379.62
25.65,102693.97,52.06,-113.36,9.70,0.05,1.36,-0.008,-0.062,-0.017,0.27,-9.78,-1.08,0.000000,0.000000,380.16
25.64,102697.04,52.06,-113.61,9.70,0.06,1.32,-0.008,-0.061,-0.017,0.77,-8.35,0.28,0.000000,0.000000,380.70
25.65,102695.06,52.05,-113.45,9.71,0.04,1.37,-0.007,-0.062,-0.016,-0.23,-9.30,-2.44,0.000000,0.000000,381.25
25.65,102696.17,52.05,-113.54,9.71,0.06,1.37,-0.008,-0.061,-0.017,0.27,-8.82,0.28,0.000000,0.000000,381.78
25.66,102695.72,52.04,-113.50,9.72,0.04,1.35,-0.008,-0.062,-0.017,0.77,-9.30,-1.54,0.000000,0.000000,382.32
25.66,102696.70,52.03,-113.67,9.71,0.04,1.33,-0.008,-0.062,-0.017,-0.23,-7.87,0.28,0.000000,0.000000,382.86
25.67,102695.00,52.04,-113.44,9.70,0.04,1.33,-0.008,-0.062,-0.017,-0.23,-7.87,-1.99,0.000000,0.000000,383.41
25.67,102696.25,52.03,-113.55,9.72,0.05,1.33,-0.008,-0.062,-0.016,0.27,-9.30,-0.18,0.000000,0.000000,383.94
25.67,102694.98,52.04,-113.44,9.73,0.06,1.33,-0.008,-0.061,-0.016,0.27,-8.35,-1.54,0.000000,0.000000,384.48
25.68,102698.62,52.02,-113.74,9.70,0.05,1.35,-0.009,-0.062,-0.017,0.27,-8.82,-1.08,0.000000,0.000000,385.02
25.68,102695.24,52.02,-113.46,9.71,0.04,1.37,-0.009,-0.061,-0.015,0.27,-7.87,-0.18,0.000000,0.000000,385.56
25.69,102697.00,52.02,-113.61,9.69,0.04,1.36,-0.008,-0.062,-0.018,-0.23,-10.73,-0.63,0.000000,0.000000,386.11
25.69,102696.39,52.02,-113.56,9.73,0.04,1.31,-0.008,-0.060,-0.016,0.27,-7.87,0.73,0.000000,0.000000,386.64
25.69,102699.26,52.01,-113.79,9.74,0.07,1.34,-0.008,-0.062,-0.017,0.77,-9.30,-1.54,0.000000,0.000000,387.19
25.69,102695.20,52.02,-113.46,9.70,0.04,1.36,-0.008,-0.063,-0.018,1.27,-8.35,0.73,0.000000,0.000000,387.72
25.70,102695.75,52.00,-113.50,9.72,0.05,1.31,-0.007,-0.061,-0.016,0.27,-10.73,-0.63,0.000000,0.000000,388.27
25.70,102696.95,51.99,-113.60,9.72,0.06,1.35,-0.008,-0.062,-0.015,0.27,-8.35,-0.63,0.000000,0.000000,388.81
25.70,102696.45,52.00,-113.56,9.74,0.03,1.37,-0.008,-0.062,-0.017,0.77,-8.82,1.18,0.000000,0.000000,389.34
25.70,102694.30,51.99,-113.38,9.72,0.04,1.33,-0.008,-0.061,-0.017,0.27,-9.30,-0.63,0.000000,0.000000,389.89
25.70,102695.41,51.99,-113.48,9.72,0.05,1.35,-0.009,-0.061,-0.017,-0.23,-8.82,-1.54,0.000000,0.000000,390.43
25.72,102698.23,51.99,-113.71,9.71,0.07,1.31,-0.009,-0.062,-0.016,0.27,-8.82,-0.63,0.000000,0.000000,390.97
25.71,102695.30,51.99,-113.47,9.68,0.04,1.36,-0.007,-0.064,-0.017,0.77,-7.39,0.28,0.000000,0.000000,391.51
25.72,102696.95,51.99,-113.60,9.78,0.06,1.32,-0.009,-0.061,-0.015,-0.23,-9.30,-0.18,0.000000,0.000000,392.05
25.72,102694.41,51.97,-113.39,9.73,0.09,1.35,-0.008,-0.060,-0.013,0.77,-8.35,-0.63,0.000000,0.000000,392.59
25.73,102696.53,51.97,-113.57,9.70,0.05,1.31,-0.009,-0.061,-0.016,-0.23,-8.82,-1.54,0.000000,0.000000,393.13
25.72,102693.75,51.96,-113.34,9.71,0.05,1.36,-0.008,-0.062,-0.018,0.27,-8.35,-0.18,0.000000,0.000000,393.67
25.74,102696.33,51.96,-113.55,9.67,0.03,1.34,-0.009,-0.063,-0.017,0.27,-8.82,0.28,0.000000,0.000000,394.21
25.73,102697.88,51.96,-113.68,9.58,0.16,1.34,-0.007,-0.067,-0.018,0.27,-8.35,0.28,0.000000,0.000000,394.75
25.74,102697.69,51.99,-113.53,9.70,0.15,1.28,-0.008,-0.059,-0.014,0.27,-8.35,-1.99,0.000000,0.000000,395.29
25.74,102696.91,51.95,-113.60,9.72,0.02,1.31,-0.008,-0.064,-0.020,0.27,-9.30,-0.63,0.000000,0.000000,395.83
25.74,102694.78,51.96,-113.42,9.70,0.02,1.37,-0.007,-0.062,-0.018,-0.23,-8.35,-0.63,0.000000,0.000000,396.37
25.75,102699.17,51.95,-113.79,9.73,0.04,1.37,-0.009,-0.060,-0.017,-0.74,-8.82,-0.63,0.000000,0.000000,396.91
25.75,102694.93,51.95,-113.44,9.70,0.05,1.36,-0.009,-0.062,-0.015,0.77,-8.35,0.28,0.000000,0.000000,397.45
25.76,102697.03,51.93,-113.61,9.71,0.03,1.35,-0.008,-0.061,-0.016,0.27,-10.25,-1.99,0.000000,0.000000,397.99
25.75,102692.64,51.93,-113.25,9.67,0.05,1.33,-0.007,-0.062,-0.016,1.27,-8.82,-0.63,0.000000,0.000000,398.53
25.76,102696.43,51.93,-113.56,9.69,0.05,1.35,-0.008,-0.062,-0.018,-0.23,-8.82,0.28,0.000000,0.000000,399.07
25.75,102694.68,51.93,-113.42,9.72,0.06,1.34,-0.008,-0.061,-0.016,0.77,-9.78,-0.18,0.000000,0.000000,399.61
25.76,102695.08,51.93,-113.45,9.69,0.06,1.37,-0.007,-0.063,-0.016,0.27,-8.35,-3.35,0.000000,0.000000,400.16
25.76,102692.55,51.92,-113.24,9.70,0.07,1.30,-0.008,-0.062,-0.017,-0.23,-7.87,-2.89,0.000000,0.000000,400.71
25.60,102666.22,51.90,-111.07,9.67,0.07,1.36,-0.008,-0.062,-0.017,-0.23,-8.35,-0.63,0.000000,0.000000,401.25
25.58,102664.26,51.90,-110.91,9.69,0.06,1.38,-0.009,-0.062,-0.017,1.27,-8.35,0.28,0.000000,0.000000,401.78
25.78,102693.45,51.91,-113.32,9.71,0.05,1.36,-0.008,-0.066,-0.022,0.27,-9.78,-1.99,0.000000,0.000000,402.33
25.60,102666.29,51.89,-111.08,9.69,0.05,1.37,-0.008,-0.063,-0.018,1.27,-8.35,0.73,0.000000,0.000000,402.86
25.58,102661.70,51.88,-110.70,9.73,0.02,1.32,-0.009,-0.061,-0.017,0.77,-9.78,-2.44,0.000000,0.000000,403.41
25.63,102666.23,51.88,-111.07,9.70,0.06,1.37,-0.008,-0.063,-0.018,-0.23,-8.35,-0.63,0.000000,0.000000,403.95
25.59,102661.66,51.91,-110.70,9.71,0.04,1.35,-0.009,-0.060,-0.017,0.77,-8.82,-1.99,0.000000,0.000000,404.48
25.62,102668.16,51.89,-111.23,9.70,0.06,1.35,-0.008,-0.062,-0.016,0.27,-8.82,-0.18,0.000000,0.000000,405.03
25.61,102663.05,51.87,-110.81,9.71,0.05,1.32,-0.008,-0.062,-0.017,-0.23,-7.87,-1.08,0.000000,0.000000,405.57
25.63,102669.34,51.86,-111.33,9.73,0.05,1.34,-0.008,-0.062,-0.016,-0.23,-8.82,-0.63,0.000000,0.000000,406.11
25.60,102664.50,51.85,-110.93,9.71,0.06,1.33,-0.008,-0.062,-0.017,0.27,-8.35,-1.08,0.000000,0.000000,406.65
25.64,102670.23,51.86,-111.40,9.71,0.06,1.37,-0.008,-0.062,-0.017,0.27,-8.82,-1.54,0.000000,0.000000,407.19
25.62,102665.53,51.85,-111.01,9.69,0.06,1.35,-0.009,-0.062,-0.016,1.27,-8.82,0.73,0.000000,0.000000,407.73
25.66,102669.27,51.84,-111.32,9.71,0.05,1.35,-0.009,-0.061,-0.017,-0.23,-9.78,-1.54,0.000000,0.000000,408.27
25.63,102663.50,51.84,-110.85,9.70,0.04,1.35,-0.008,-0.060,-0.017,0.27,-7.87,0.28,0.000000,0.000000,408.81
25.63,102662.57,51.82,-110.77,9.70,0.05,1.35,-0.008,-0.061,-0.017,0.77,-9.78,-1.99,0.000000,0.000000,409.35
25.65,102664.94,51.84,-110.97,9.70,0.06,1.32,-0.009,-0.060,-0.017,0.77,-8.35,-0.63,0.000000,0.000000,409.89
25.63,102663.16,51.82,-110.82,9.71,0.06,1.36,-0.008,-0.062,-0.017,-0.23,-7.87,-1.54,0.000000,0.000000,410.43
25.66,102664.56,51.82,-110.94,9.69,0.05,1.36,-0.009,-0.062,-0.017,0.27,-8.82,-0.18,0.000000,0.000000,410.97
25.64,102662.44,51.80,-110.75,9.72,0.06,1.34,-0.009,-0.062,-0.015,0.77,-8.35,0.28,0.000000,0.000000,411.51
25.67,102666.15,51.82,-111.07,9.71,0.06,1.36,-0.009,-0.061,-0.016,-0.23,-9.30,-0.63,0.000000,0.000000,412.05
25.64,102661.66,51.81,-110.70,9.70,0.03,1.31,-0.009,-0.062,-0.017,0.77,-7.87,-0.18,0.000000,0.000000,412.59
25.68,102665.31,51.81,-111.00,9.71,0.05,1.32,-0.009,-0.062,-0.016,-0.74,-9.30,-1.54,0.000000,0.000000,413.13
25.65,102660.80,51.80,-110.62,9.71,0.06,1.34,-0.008,-0.061,-0.017,0.77,-7.87,-0.63,0.000000,0.000000,413.67
25.68,102666.14,51.80,-111.07,9.70,0.04,1.36,-0.009,-0.061,-0.017,0.27,-8.35,-1.99,0.000000,0.000000,414.21
25.66,102662.97,51.79,-110.80,9.72,0.05,1.34,-0.008,-0.062,-0.016,0.27,-8.35,-1.08,0.000000,0.000000,414.75
25.69,102665.67,51.79,-111.03,9.70,0.05,1.33,-0.008,-0.061,-0.016,0.27,-8.82,-2.89,0.000000,0.000000,415.29
25.68,102664.30,51.77,-110.91,9.71,0.04,1.33,-0.008,-0.062,-0.016,-0.23,-8.82,-1.54,0.000000,0.000000,415.83
25.68,102664.47,51.79,-110.93,9.70,0.05,1.34,-0.008,-0.062,-0.017,0.77,-9.30,-2.44,0.000000,0.000000,416.37
25.69,102666.02,51.78,-111.06,9.71,0.05,1.36,-0.007,-0.062,-0.017,0.27,-9.78,-0.63,0.000000,0.000000,416.91
25.68,102666.82,51.78,-111.12,9.69,0.04,1.34,-0.009,-0.061,-0.016,0.27,-8.82,0.73,0.000000,0.000000,417.45
25.72,102669.06,51.77,-111.31,9.71,0.05,1.33,-0.007,-0.062,-0.017,0.27,-7.87,-1.08,0.000000,0.000000,417.99
25.69,102664.67,51.76,-110.94,9.71,0.05,1.32,-0.009,-0.062,-0.016,0.77,-7.39,-1.08,0.000000,0.000000,418.53
25.72,102669.06,51.79,-111.31,9.73,0.05,1.33,-0.008,-0.061,-0.016,-0.23,-8.82,-1.54,0.000000,0.000000,419.07
25.70,102664.73,51.77,-110.95,9.72,0.03,1.37,-0.009,-0.062,-0.016,0.77,-8.82,-0.63,0.000000,0.000000,419.61
25.72,102669.47,51.76,-111.34,9.72,0.06,1.32,-0.008,-0.062,-0.016,-0.23,-8.35,-2.89,0.000000,0.000000,420.15
25.70,102662.59,51.78,-110.77,9.71,0.05,1.34,-0.009,-0.062,-0.017,-0.74,-9.30,-1.08,0.000000,0.000000,420.69
25.73,102669.30,51.78,-111.33,9.72,0.04,1.35,-0.008,-0.061,-0.017,0.27,-7.87,-0.18,0.000000,0.000000,421.23
25.71,102663.75,51.73,-110.87,9.74,0.07,1.34,-0.009,-0.061,-0.017,0.27,-9.30,-1.08,0.000000,0.000000,421.77
25.71,102664.33,51.73,-110.92,9.70,0.05,1.35,-0.008,-0.062,-0.017,0.77,-7.87,0.28,0.000000,0.000000,422.31
25.72,102663.13,51.73,-110.82,9.72,0.04,1.35,-0.008,-0.062,-0.017,0.27,-9.78,-1.08,0.000000,0.000000,422.85
25.72,102663.54,51.73,-110.85,9.70,0.05,1.34,-0.009,-0.062,-0.016,0.27,-8.35,0.28,0.000000,0.000000,423.39
25.73,102667.51,51.72,-111.18,9.72,0.05,1.36,-0.009,-0.062,-0.017,0.27,-8.35,-2.44,0.000000,0.000000,423.93
25.72,102662.35,51.72,-110.75,9.71,0.05,1.33,-0.008,-0.063,-0.017,0.77,-8.82,-1.54,0.000000,0.000000,424.47
25.75,102666.18,51.73,-111.07,9.69,0.05,1.34,-0.007,-0.062,-0.016,-0.74,-8.35,-2.44,0.000000,0.000000,425.01
25.73,102665.20,51.71,-110.99,9.73,0.05,1.33,-0.009,-0.061,-0.017,0.27,-9.30,-1.08,0.000000,0.000000,425.55
25.76,102668.69,51.71,-111.28,9.70,0.05,1.34,-0.009,-0.062,-0.017,0.27,-8.82,0.73,0.000000,0.000000,426.09
25.74,102664.58,51.70,-110.94,9.71,0.05,1.33,-0.009,-0.061,-0.017,-0.23,-8.35,-1.54,0.000000,0.000000,426.63
25.77,102666.05,51.70,-111.06,9.71,0.07,1.34,-0.009,-0.062,-0.017,-0.23,-7.87,0.28,0.000000,0.000000,427.17
25.75,102666.00,51.71,-111.05,9.72,0.05,1.33,-0.008,-0.062,-0.016,0.77,-10.25,-1.54,0.000000,0.000000,427.71
25.78,102668.17,51.70,-111.23,9.72,0.05,1.33,-0.007,-0.061,-0.018,0.27,-8.35,-0.18,0.000000,0.000000,428.25
25.75,102663.11,51.71,-110.82,9.71,0.06,1.32,-0.008,-0.062,-0.016,0.27,-8.35,-2.89,0.000000,0.000000,428.79
25.75,102663.30,51.68,-110.83,9.73,0.04,1.38,-0.009,-0.062,-0.018,-0.23,-8.35,-0.63,0.000000,0.000000,429.33
25.76,102669.75,51.70,-111.05,9.69,0.04,1.35,-0.008,-0.062,-0.018,0.77,-8.35,0.28,0.000000,0.000000,429.87
25.76,102664.28,51.67,-110.91,9.71,0.05,1.36,-0.008,-0.062,-0.017,0.27,-9.78,-1.54,0.000000,0.000000,430.41
25.79,102669.20,51.68,-111.32,9.71,0.03,1.36,-0.008,-0.061,-0.017,0.27,-8.82,0.73,0.000000,0.000000,430.95
25.77,102665.89,51.67,-111.04,9.70,0.04,1.34,-0.008,-0.062,-0.016,0.27,-9.30,-1.54,0.000000,0.000000,431.49
25.80,102669.43,51.67,-111.34,9.70,0.05,1.32,-0.008,-0.062,-0.017,0.27,-8.35,-0.18,0.000000,0.000000,432.03
25.78,102666.88,51.66,-111.13,9.71,0.04,1.34,-0.008,-0.061,-0.017,-0.23,-8.35,-1.08,0.000000,0.000000,432.58
25.80,102671.20,51.67,-111.48,9.71,0.06,1.35,-0.008,-0.062,-0.017,-0.23,-8.82,-0.63,0.000000,0.000000,433.12
25.78,102667.38,51.65,-111.17,9.72,0.05,1.34,-0.008,-0.062,-0.016,0.27,-8.82,-1.08,0.000000,0.000000,433.65
25.82,102670.64,51.65,-111.44,9.73,0.04,1.35,-0.009,-0.062,-0.018,-0.23,-9.78,-0.63,0.000000,0.000000,434.20
25.80,102666.56,51.66,-111.10,9.71,0.06,1.35,-0.008,-0.061,-0.017,1.27,-8.35,0.28,0.000000,0.000000,434.73
25.82,102671.59,51.65,-111.51,9.72,0.06,1.31,-0.009,-0.061,-0.017,-0.23,-8.82,-0.63,0.000000,0.000000,435.28
25.80,102666.72,51.64,-111.11,9.71,0.06,1.34,-0.008,-0.062,-0.017,0.77,-8.82,0.28,0.000000,0.000000,435.81
25.80,102665.77,51.63,-111.03,9.72,0.04,1.32,-0.009,-0.062,-0.017,0.77,-8.35,-1.08,0.000000,0.000000,436.36
25.83,102670.29,51.64,-111.41,9.72,0.06,1.33,-0.008,-0.062,-0.016,0.27,-8.82,-0.63,0.000000,0.000000,436.90
25.81,102665.85,51.63,-111.04,9.71,0.04,1.35,-0.008,-0.063,-0.018,-0.23,-8.35,-2.44,0.000000,0.000000,437.44
25.84,102667.61,51.63,-111.19,9.73,0.06,1.37,-0.009,-0.062,-0.016,-1.24,-9.78,-1.54,0.000000,0.000000,437.98
25.82,102665.81,51.62,-111.04,9.73,0.05,1.34,-0.009,-0.061,-0.016,0.77,-7.87,0.73,0.000000,0.000000,438.51
25.85,102669.78,51.65,-111.37,9.70,0.03,1.35,-0.008,-0.062,-0.017,1.27,-9.30,-0.18,0.000000,0.000000,439.06
25.83,102664.09,51.64,-110.90,9.71,0.04,1.36,-0.008,-0.062,-0.017,0.77,-7.87,-0.63,0.000000,0.000000,439.60
25.85,102669.68,51.62,-111.36,9.73,0.04,1.32,-0.008,-0.062,-0.017,0.77,-8.35,-1.08,0.000000,0.000000,440.14
25.83,102666.03,51.63,-111.06,9.67,0.05,1.34,-0.009,-0.063,-0.016,0.27,-8.82,-0.63,0.000000,0.000000,440.68
25.86,102666.92,51.61,-111.13,9.71,0.02,1.33,-0.009,-0.061,-0.017,0.27,-8.35,-0.63,0.000000,0.000000,441.22
25.84,102667.53,51.60,-111.18,9.71,0.07,1.30,-0.009,-0.060,-0.015,-1.24,-9.30,-1.54,0.000000,0.000000,441.76
25.87,102669.72,51.60,-111.36,9.72,0.08,1.35,-0.008,-0.062,-0.017,0.77,-8.35,0.28,0.000000,0.000000,442.30
25.85,102665.45,51.58,-111.01,9.71,0.02,1.31,-0.010,-0.061,-0.017,0.77,-9.78,-1.08,0.000000,0.000000,442.84
25.85,102664.86,51.58,-110.96,9.70,0.06,1.33,-0.008,-0.061,-0.016,0.27,-8.35,-0.18,0.000000,0.000000,443.38
25.88,102668.59,51.59,-111.27,9.74,0.06,1.35,-0.008,-0.063,-0.017,0.27,-8.35,-1.54,0.000000,0.000000,443.92
25.86,102664.41,51.57,-110.92,9.71,0.03,1.35,-0.009,-0.063,-0.017,0.77,-8.82,-0.63,0.000000,0.000000,444.46
25.89,102668.46,51.58,-111.26,9.70,0.05,1.35,-0.009,-0.061,-0.016,0.27,-8.82,-3.35,0.000000,0.000000,445.00
25.87,102664.80,51.57,-110.95,9.69,0.04,1.37,-0.009,-0.061,-0.017,-0.23,-9.30,-0.18,0.000000,0.000000,445.54
25.90,102670.48,51.57,-111.42,9.72,0.06,1.34,-0.009,-0.062,-0.016,0.77,-8.35,-0.18,0.000000,0.000000,446.08
25.87,102666.67,51.56,-111.11,9.71,0.04,1.33,-0.009,-0.061,-0.017,0.77,-8.35,-1.54,0.000000,0.000000,446.62
25.91,102669.34,51.54,-111.33,9.70,0.04,1.35,-0.009,-0.062,-0.016,0.27,-8.35,0.28,0.000000,0.000000,447.16
25.88,102666.22,51.56,-111.07,9.72,0.05,1.33,-0.009,-0.061,-0.016,0.27,-8.82,-2.89,0.000000,0.000000,447.70
25.91,102670.08,51.55,-111.39,9.73,0.05,1.34,-0.008,-0.062,-0.017,0.77,-8.35,-0.18,0.000000,0.000000,448.24
25.88,102663.66,51.53,-110.86,9.71,0.05,1.32,-0.009,-0.062,-0.018,0.27,-7.87,-1.54,0.000000,0.000000,448.78
25.89,102665.16,51.54,-110.99,9.71,0.06,1.37,-0.008,-0.062,-0.017,1.27,-9.30,-0.63,0.000000,0.000000,449.32
25.89,102664.31,51.53,-110.91,9.72,0.01,1.34,-0.009,-0.059,-0.015,0.77,-7.87,-0.63,0.000000,0.000000,449.86
25.90,102663.09,51.52,-110.81,9.69,0.06,1.36,-0.009,-0.062,-0.019,0.27,-9.78,-0.18,0.000000,0.000000,450.40
25.93,102671.48,51.54,-111.51,9.71,0.08,1.37,-0.008,-0.061,-0.014,0.77,-7.87,-0.18,0.000000,0.000000,450.94
25.90,102663.67,51.52,-110.86,9.69,0.02,1.32,-0.008,-0.060,-0.015,-0.23,-8.82,-1.54,0.000000,0.000000,451.48
25.94,102671.45,51.53,-111.50,9.71,0.06,1.32,-0.009,-0.060,-0.016,0.27,-9.30,-0.18,0.000000,0.000000,452.02
25.91,102668.22,51.50,-111.24,9.68,0.07,1.34,-0.009,-0.065,-0.017,-0.23,-8.82,-2.44,0.000000,0.000000,452.56
25.94,102668.80,51.52,-111.28,9.66,0.04,1.39,-0.009,-0.063,-0.017,-0.23,-8.82,-0.18,0.000000,0.000000,453.10
25.92,102664.40,51.50,-110.92,9.72,0.08,1.36,-0.008,-0.064,-0.017,1.27,-8.35,-0.18,0.000000,0.000000,453.64
25.95,102667.09,51.49,-111.14,9.71,0.04,1.34,-0.008,-0.062,-0.016,-0.23,-8.35,-0.18,0.000000,0.000000,454.18
25.92,102663.89,51.49,-110.88,9.71,0.07,1.35,-0.008,-0.062,-0.017,0.77,-8.35,-0.18,0.000000,0.000000,454.72
25.94,102667.20,51.49,-111.15,9.73,0.04,1.33,-0.009,-0.060,-0.017,-0.23,-9.30,-1.99,0.000000,0.000000,455.26
25.93,102666.32,51.48,-111.08,9.78,0.06,1.32,-0.007,-0.061,-0.018,0.77,-8.82,-0.63,0.000000,0.000000,455.80
25.93,102664.09,51.48,-110.90,9.73,0.05,1.30,-0.009,-0.062,-0.018,-0.23,-8.35,-1.54,0.000000,0.000000,456.34
25.94,102665.44,51.48,-111.01,9.71,0.05,1.28,-0.009,-0.062,-0.016,0.27,-8.82,-0.63,0.000000,0.000000,456.88
25.94,102663.89,51.48,-110.88,9.74,0.06,1.35,-0.009,-0.061,-0.016,0.27,-8.82,-0.18,0.000000,0.000000,457.42
25.98,102669.72,51.48,-111.36,9.81,0.09,1.33,-0.008,-0.061,-0.017,-0.74,-8.82,-0.63,0.000000,0.000000,457.96
25.95,102666.67,51.46,-111.11,9.80,0.10,1.46,-0.009,-0.059,-0.017,0.77,-8.82,0.28,0.000000,0.000000,458.50
25.98,102667.08,51.46,-111.14,9.71,0.06,1.39,-0.009,-0.063,-0.017,0.27,-9.78,-1.08,0.000000,0.000000,459.04
25.95,102665.23,51.46,-110.99,9.73,0.02,1.32,-0.009,-0.061,-0.018,1.27,-8.82,0.28,0.000000,0.000000,459.58
25.99,102671.11,51.46,-111.47,9.70,0.05,1.35,-0.008,-0.061,-0.016,0.77,-8.82,-1.08,0.000000,0.000000,460.12
25.96,102668.82,51.46,-111.29,9.72,0.04,1.36,-0.008,-0.062,-0.016,-0.23,-8.82,-0.63,0.000000,0.000000,460.66
26.00,102671.34,51.44,-111.49,9.72,0.06,1.35,-0.008,-0.061,-0.016,0.27,-7.39,-0.63,0.000000,0.000000,461.20
25.97,102668.57,51.45,-111.27,9.72,-0.05,1.31,-0.009,-0.058,-0.015,0.27,-8.82,-1.08,0.000000,0.000000,461.74
25.98,102667.34,51.44,-111.17,9.71,0.05,1.37,-0.008,-0.062,-0.016,0.77,-7.39,-0.18,0.000000,0.000000,462.28
25.98,102665.57,51.45,-111.02,9.72,0.07,1.36,-0.009,-0.061,-0.016,0.27,-9.30,-1.08,0.000000,0.000000,462.82
26.16,102697.16,51.44,-113.62,9.68,0.01,1.31,-0.008,-0.064,-0.023,0.77,-8.35,-0.18,0.000000,0.000000,463.36
26.01,102670.71,51.43,-111.44,9.71,0.05,1.35,-0.008,-0.063,-0.019,0.27,-8.82,-0.63,0.000000,0.000000,463.90
25.99,102669.08,51.43,-111.31,9.70,0.03,1.34,-0.009,-0.063,-0.018,0.77,-9.30,-0.18,0.000000,0.000000,464.44
26.02,102666.95,51.42,-111.13,9.70,0.04,1.36,-0.009,-0.060,-0.015,0.77,-8.82,0.28,0.000000,0.000000,464.98
26.00,102666.08,51.44,-111.06,9.72,0.03,1.33,-0.007,-0.062,-0.018,0.27,-9.78,-0.63,0.000000,0.000000,465.52
26.03,102670.41,51.42,-111.42,9.65,0.08,1.36,-0.008,-0.062,-0.017,-0.23,-7.39,-0.63,0.000000,0.000000,466.06
26.00,102665.13,51.41,-110.98,9.74,0.04,1.32,-0.008,-0.062,-0.016,-0.23,-8.35,-1.08,0.000000,0.000000,466.61
26.04,102670.72,51.39,-111.44,9.71,0.07,1.34,-0.009,-0.061,-0.017,0.77,-8.35,-1.54,0.000000,0.000000,467.14
26.01,102667.13,51.39,-111.15,9.70,0.06,1.32,-0.009,-0.062,-0.017,0.27,-8.35,-1.99,0.000000,0.000000,467.68
26.04,102673.41,51.39,-111.66,9.70,0.05,1.31,-0.009,-0.061,-0.017,-0.23,-8.82,-0.63,0.000000,0.000000,468.23
26.01,102668.48,51.39,-111.26,9.72,0.06,1.36,-0.009,-0.060,-0.016,1.27,-7.87,0.73,0.000000,0.000000,468.76
26.02,102662.80,51.37,-110.79,9.70,0.06,1.33,-0.009,-0.061,-0.017,0.27,-10.25,-1.08,0.000000,0.000000,469.31
26.02,102664.91,51.37,-110.97,9.70,0.06,1.32,-0.009,-0.062,-0.017,0.77,-8.35,-0.63,0.000000,0.000000,469.85
26.02,102667.97,51.36,-111.22,9.72,0.01,1.32,-0.009,-0.062,-0.017,-0.23,-8.35,-1.54,0.000000,0.000000,470.39
26.06,102671.06,51.36,-111.47,9.73,0.05,1.32,-0.009,-0.061,-0.018,0.27,-9.78,-1.08,0.000000,0.000000,470.92
26.03,102664.55,51.38,-110.93,9.71,0.06,1.34,-0.008,-0.061,-0.017,0.77,-8.35,0.73,0.000000,0.000000,471.46
26.06,102668.51,51.35,-111.26,9.69,0.02,1.37,-0.009,-0.060,-0.015,0.27,-8.35,-1.08,0.000000,0.000000,472.01
26.04,102663.50,51.35,-110.85,9.73,0.05,1.35,-0.009,-0.060,-0.015,0.77,-8.35,0.28,0.000000,0.000000,472.55
26.07,102667.48,51.34,-111.18,9.69,0.05,1.36,-0.010,-0.061,-0.016,0.27,-9.30,-2.44,0.000000,0.000000,473.09
26.05,102667.09,51.35,-111.14,9.70,0.06,1.34,-0.009,-0.062,-0.017,0.77,-8.82,-0.63,0.000000,0.000000,473.63
26.07,102666.95,51.36,-111.13,9.71,0.05,1.33,-0.010,-0.061,-0.016,0.77,-8.35,-1.54,0.000000,0.000000,474.17
26.05,102662.59,51.35,-110.77,9.72,0.04,1.33,-0.009,-0.062,-0.017,-1.24,-8.82,-1.08,0.000000,0.000000,474.71
26.08,102670.30,51.33,-111.41,9.72,0.04,1.30,-0.010,-0.061,-0.016,0.77,-7.87,0.28,0.000000,0.000000,475.25
26.06,102664.17,51.33,-110.90,9.79,0.05,1.29,-0.009,-0.059,-0.015,0.77,-9.78,-1.54,0.000000,0.000000,475.79
26.07,102666.13,51.33,-111.06,9.73,0.05,1.34,-0.009,-0.061,-0.016,-0.23,-8.35,0.28,0.000000,0.000000,476.33
26.06,102661.73,51.32,-110.70,9.67,0.03,1.34,-0.008,-0.062,-0.017,-0.23,-8.35,-1.99,0.000000,0.000000,476.87
26.07,102664.77,51.32,-110.95,9.68,0.07,1.34,-0.009,-0.063,-0.017,0.27,-9.30,-0.63,0.000000,0.000000,477.41
26.10,102668.89,51.32,-111.29,9.69,0.05,1.35,-0.010,-0.061,-0.017,1.27,-8.35,-0.18,0.000000,0.000000,477.95
26.08,102664.81,51.31,-110.96,9.73,0.05,1.34,-0.009,-0.061,-0.017,0.27,-9.78,-1.54,0.000000,0.000000,478.49
26.11,102668.27,51.32,-111.24,9.71,0.06,1.33,-0.009,-0.061,-0.017,0.77,-8.82,0.28,0.000000,0.000000,479.03
26.08,102661.23,51.30,-110.66,9.73,0.05,1.32,-0.009,-0.062,-0.017,0.27,-9.78,-1.99,0.000000,0.000000,479.57
26.11,102666.84,51.32,-111.12,9.71,0.05,1.34,-0.009,-0.061,-0.016,-0.23,-8.35,-0.63,0.000000,0.000000,480.11
26.09,102664.27,51.32,-110.91,9.71,0.06,1.34,-0.008,-0.062,-0.017,0.27,-8.35,-1.54,0.000000,0.000000,480.65
26.12,102669.18,51.29,-111.32,9.72,0.04,1.34,-0.009,-0.062,-0.017,0.27,-9.30,-0.18,0.000000,0.000000,481.19
26.10,102664.06,51.29,-110.89,9.73,0.05,1.29,-0.009,-0.062,-0.016,0.27,-7.39,0.28,0.000000,0.000000,481.73
26.12,102667.97,51.29,-111.17,9.74,0.05,1.35,-0.009,-0.060,-0.016,1.27,-8.35,-0.18,0.000000,0.000000,482.28
26.10,102664.89,51.28,-110.96,9.72,0.06,1.36,-0.009,-0.062,-0.018,-0.23,-9.78,-1.08,0.000000,0.000000,482.82
26.11,102663.28,51.27,-110.83,9.74,0.06,1.35,-0.009,-0.060,-0.014,0.27,-9.30,0.28,0.000000,0.000000,483.35
26.11,102664.11,51.28,-110.90,9.71,0.06,1.30,-0.010,-0.060,-0.015,-0.23,-8.35,-1.99,0.000000,0.000000,483.90
26.11,102662.58,51.27,-110.77,9.69,0.07,1.33,-0.008,-0.062,-0.016,-0.74,-8.35,-1.08,0.000000,0.000000,484.44
26.15,102666.95,51.27,-111.13,9.70,0.06,1.34,-0.009,-0.062,-0.016,0.77,-8.35,0.73,0.000000,0.000000,484.98
26.12,102664.84,51.26,-110.96,9.73,0.07,1.32,-0.010,-0.062,-0.017,0.77,-8.82,-2.44,0.000000,0.000000,485.52
26.15,102669.06,51.25,-111.31,9.72,0.06,1.32,-0.009,-0.061,-0.015,0.27,-8.35,0.28,0.000000,0.000000,486.05
26.23,102677.89,51.25,-112.03,9.72,0.04,1.33,-0.009,-0.061,-0.016,0.27,-8.35,-0.63,0.000000,0.000000,486.60
26.16,102666.42,51.28,-111.09,9.74,0.04,1.33,-0.009,-0.062,-0.016,0.27,-8.82,-1.08,0.000000,0.000000,487.14
26.14,102664.78,51.26,-110.95,9.73,0.07,1.35,-0.008,-0.063,-0.017,0.77,-8.35,-0.18,0.000000,0.000000,487.68
26.17,102668.02,51.24,-111.22,9.74,0.05,1.34,-0.009,-0.062,-0.017,0.77,-10.73,-1.99,0.000000,0.000000,488.22
26.14,102660.95,51.23,-110.64,9.72,0.04,1.34,-0.009,-0.062,-0.016,0.27,-8.35,-0.63,0.000000,0.000000,488.76
26.14,102663.81,51.23,-110.87,9.72,0.05,1.30,-0.008,-0.062,-0.017,0.77,-8.82,-1.99,0.000000,0.000000,489.30
26.14,102659.91,51.25,-110.55,9.71,0.05,1.33,-0.009,-0.060,-0.017,0.27,-8.82,-0.18,0.000000,0.000000,489.84
26.15,102664.80,51.24,-110.95,9.70,0.03,1.33,-0.009,-0.062,-0.017,0.77,-8.35,-2.89,0.000000,0.000000,490.38
26.15,102664.63,51.22,-110.94,9.75,0.04,1.36,-0.008,-0.060,-0.018,-0.23,-9.30,-1.08,0.000000,0.000000,490.92
26.16,102664.39,51.21,-110.92,9.72,0.05,1.34,-0.008,-0.061,-0.017,0.77,-8.82,0.73,0.000000,0.000000,491.46
26.19,102667.40,51.21,-111.17,9.69,0.07,1.35,-0.009,-0.062,-0.017,0.27,-9.78,-1.54,0.000000,0.000000,492.00
26.17,102662.58,51.20,-110.77,9.75,0.06,1.36,-0.009,-0.063,-0.017,1.27,-8.35,-0.18,0.000000,0.000000,492.54
26.20,102667.55,51.20,-111.18,9.72,0.03,1.32,-0.008,-0.062,-0.016,0.27,-8.35,-2.44,0.000000,0.000000,493.08
26.17,102665.78,51.22,-111.04,9.74,0.05,1.32,-0.009,-0.061,-0.015,0.27,-8.82,-0.63,0.000000,0.000000,493.62
26.20,102670.83,51.18,-111.45,9.74,0.06,1.32,-0.009,-0.060,-0.017,1.78,-8.35,0.73,0.000000,0.000000,494.16
26.18,102665.16,51.19,-110.99,9.73,0.04,1.36,-0.009,-0.062,-0.016,0.77,-8.82,-1.54,0.000000,0.000000,494.70
26.21,102668.88,51.19,-111.29,9.70,0.04,1.32,-0.009,-0.061,-0.017,0.27,-8.82,0.28,0.000000,0.000000,495.24
26.19,102660.29,51.19,-110.58,9.74,0.07,1.37,-0.009,-0.060,-0.017,0.27,-8.35,-0.63,0.000000,0.000000,495.78
26.20,102664.66,51.18,-110.94,9.71,0.05,1.32,-0.009,-0.062,-0.017,0.27,-8.82,-0.18,0.000000,0.000000,496.32
26.19,102669.69,51.19,-110.95,9.73,0.06,1.33,-0.010,-0.060,-0.018,-0.23,-9.78,-0.18,0.000000,0.000000,496.87
26.20,102663.64,51.18,-110.86,9.71,0.05,1.35,-0.009,-0.062,-0.018,0.77,-8.35,1.18,0.000000,0.000000,497.40
26.23,102670.59,51.18,-111.43,9.70,0.04,1.32,-0.009,-0.062,-0.016,-0.23,-7.87,-1.08,0.000000,0.000000,497.95
26.20,102664.72,51.18,-110.95,9.71,0.05,1.34,-0.009,-0.062,-0.017,0.27,-9.30,-0.18,0.000000,0.000000,498.48
26.23,102668.63,51.17,-111.27,9.71,0.02,1.30,-0.009,-0.060,-0.017,0.27,-8.35,0.28,0.000000,0.000000,499.02
26.21,102665.82,51.16,-111.04,9.72,0.05,1.32,-0.009,-0.062,-0.017,-0.23,-8.82,-1.08,0.000000,0.000000,499.57
26.24,102668.44,51.16,-111.25,9.71,0.04,1.32,-0.009,-0.061,-0.018,0.77,-7.87,-0.18,0.000000,0.000000,500.11
26.22,102663.94,51.15,-110.88,9.72,0.06,1.35,-0.008,-0.062,-0.016,1.27,-9.78,-0.63,0.000000,0.000000,500.65
26.25,102667.45,51.16,-111.17,9.70,0.05,1.34,-0.008,-0.061,-0.017,0.77,-8.35,-0.18,0.000000,0.000000,501.19
26.22,102665.34,51.14,-110.92,9.71,0.02,1.32,-0.009,-0.062,-0.015,0.27,-8.35,0.28,0.000000,0.000000,501.72
26.26,102667.88,51.14,-111.21,9.69,0.06,1.33,-0.010,-0.060,-0.017,-0.23,-8.82,-0.18,0.000000,0.000000,502.27
26.24,102662.16,51.13,-110.74,9.72,0.04,1.33,-0.009,-0.061,-0.018,0.77,-8.82,-0.18,0.000000,0.000000,502.81
26.23,102660.72,51.14,-110.62,9.72,0.05,1.37,-0.009,-0.062,-0.017,0.77,-9.78,-3.35,0.000000,0.000000,503.35
26.26,102667.34,51.13,-111.17,9.72,0.05,1.34,-0.009,-0.062,-0.016,0.77,-8.35,-0.18,0.000000,0.000000,503.89
26.24,102661.28,51.13,-110.66,9.73,0.05,1.34,-0.009,-0.062,-0.017,-0.23,-8.82,-1.08,0.000000,0.000000,504.43
26.27,102667.06,51.12,-111.14,9.95,0.04,1.34,-0.009,-0.061,-0.017,0.27,-9.78,-0.63,0.000000,0.000000,504.97
26.25,102663.13,51.12,-110.82,9.70,0.05,1.34,-0.009,-0.062,-0.016,0.77,-8.35,-0.18,0.000000,0.000000,505.51
26.27,102666.80,51.13,-111.12,9.74,0.04,1.34,-0.009,-0.060,-0.017,0.27,-8.82,-1.54,0.000000,0.000000,506.05
26.25,102664.56,51.09,-110.94,9.71,0.05,1.33,-0.008,-0.062,-0.017,-0.23,-8.82,-0.18,0.000000,0.000000,506.59
26.28,102662.77,51.11,-110.79,9.70,0.04,1.32,-0.009,-0.061,-0.017,0.27,-10.25,-2.44,0.000000,0.000000,507.13
26.26,102658.03,51.11,-110.40,9.71,0.06,1.35,-0.008,-0.062,-0.017,0.77,-8.82,-0.63,0.000000,0.000000,507.67
26.29,102669.19,51.10,-111.32,9.69,0.03,1.37,-0.010,-0.062,-0.016,0.27,-7.87,-1.99,0.000000,0.000000,508.21
26.26,102659.61,51.10,-110.53,9.72,0.06,1.34,-0.009,-0.062,-0.017,0.77,-8.82,-0.18,0.000000,0.000000,508.75
26.30,102665.67,51.08,-111.03,9.74,0.05,1.30,-0.009,-0.062,-0.017,-0.23,-8.35,-0.63,0.000000,0.000000,509.29
26.27,102660.78,51.06,-110.62,9.72,0.05,1.36,-0.009,-0.061,-0.016,0.27,-10.25,-1.99,0.000000,0.000000,509.83
26.27,102658.91,51.06,-110.47,9.69,0.04,1.30,-0.008,-0.062,-0.017,0.27,-8.82,0.28,0.000000,0.000000,510.37
26.31,102664.64,51.09,-110.94,9.72,0.07,1.33,-0.009,-0.061,-0.017,0.27,-8.35,-2.44,0.000000,0.000000,510.91
26.28,102662.02,51.07,-110.73,9.74,0.04,1.33,-0.009,-0.062,-0.017,0.27,-8.82,-1.08,0.000000,0.000000,511.45
26.31,102666.00,51.07,-111.05,9.72,0.06,1.32,-0.008,-0.061,-0.016,-0.23,-7.87,-0.18,0.000000,0.000000,511.99
26.28,102662.75,51.06,-110.79,9.74,0.05,1.34,-0.008,-0.062,-0.017,0.27,-7.87,-2.44,0.000000,0.000000,512.53
26.31,102663.70,51.06,-110.87,9.74,0.06,1.33,-0.009,-0.061,-0.017,0.77,-8.82,0.73,0.000000,0.000000,513.07
26.30,102663.72,51.06,-110.87,9.73,0.06,1.32,-0.009,-0.062,-0.017,0.27,-8.82,-1.99,0.000000,0.000000,513.61
26.32,102667.47,51.06,-111.18,9.70,0.06,1.35,-0.009,-0.062,-0.016,-0.23,-9.30,-0.63,0.000000,0.000000,514.15
26.30,102660.66,51.04,-110.61,9.71,0.06,1.31,-0.010,-0.061,-0.015,0.77,-7.87,0.28,0.000000,0.000000,514.69
26.34,102666.90,51.04,-111.13,9.72,0.05,1.35,-0.010,-0.061,-0.016,-0.23,-8.82,-1.08,0.000000,0.000000,515.23
26.31,102662.53,51.03,-110.77,9.72,0.05,1.34,-0.010,-0.060,-0.016,0.27,-8.82,-0.18,0.000000,0.000000,515.77
26.33,102665.15,51.04,-110.98,9.72,0.06,1.30,-0.009,-0.061,-0.016,0.27,-7.87,-1.08,0.000000,0.000000,516.31
26.31,102662.76,51.02,-110.79,9.72,0.04,1.35,-0.009,-0.062,-0.016,0.27,-7.87,-1.08,0.000000,0.000000,516.85
26.33,102661.43,51.04,-110.68,9.71,0.04,1.32,-0.009,-0.062,-0.017,-0.23,-7.39,-0.18,0.000000,0.000000,517.39
26.35,102665.16,51.02,-110.99,9.70,0.04,1.38,-0.009,-0.062,-0.017,0.27,-9.30,-1.99,0.000000,0.000000,517.93
26.32,102660.00,51.01,-110.56,9.72,0.08,1.34,-0.009,-0.061,-0.017,0.77,-8.82,-0.18,0.000000,0.000000,518.47
26.36,102663.72,51.01,-110.87,9.74,0.06,1.34,-0.009,-0.061,-0.014,-0.74,-7.87,-0.63,0.000000,0.000000,519.01
26.33,102662.53,51.00,-110.77,9.72,0.05,1.32,-0.009,-0.061,-0.017,0.27,-8.82,-1.08,0.000000,0.000000,519.55
26.36,102664.81,51.00,-110.96,9.71,0.05,1.36,-0.008,-0.063,-0.018,1.27,-7.39,-0.18,0.000000,0.000000,520.09
26.33,102656.73,50.99,-110.29,9.75,0.02,1.31,-0.009,-0.061,-0.017,0.27,-9.30,-0.63,0.000000,0.000000,520.63
26.37,102664.77,51.00,-110.95,9.71,0.08,1.33,-0.009,-0.062,-0.016,0.77,-8.35,-0.18,0.000000,0.000000,521.17
26.34,102659.07,50.97,-110.48,9.66,0.04,1.34,-0.009,-0.062,-0.016,-0.23,-7.87,-2.89,0.000000,0.000000,521.71
26.38,102660.91,50.97,-110.63,9.74,0.04,1.29,-0.010,-0.059,-0.016,0.27,-9.30,-0.63,0.000000,0.000000,522.25
26.35,102658.80,51.00,-110.46,9.75,0.06,1.31,-0.010,-0.062,-0.015,0.27,-7.87,-0.18,0.000000,0.000000,522.79
26.35,102661.95,50.97,-110.72,9.70,0.05,1.33,-0.009,-0.061,-0.017,0.27,-9.30,-0.63,0.000000,0.000000,523.33
26.37,102659.50,50.97,-110.52,9.72,0.03,1.33,-0.009,-0.062,-0.016,0.27,-8.35,0.73,0.000000,0.000000,523.87
26.37,102662.83,50.97,-110.79,9.73,0.04,1.33,-0.009,-0.062,-0.018,-0.23,-7.39,-1.99,0.000000,0.000000,524.41
26.39,102663.91,50.95,-110.88,9.72,0.06,1.33,-0.009,-0.060,-0.016,0.27,-8.82,-1.99,0.000000,0.000000,524.95
26.37,102659.00,50.95,-110.48,9.74,0.05,1.31,-0.010,-0.061,-0.017,0.77,-8.82,0.28,0.000000,0.000000,525.49
26.40,102663.89,50.96,-110.88,9.72,0.04,1.36,-0.009,-0.062,-0.017,0.27,-10.25,-0.63,0.000000,0.000000,526.03
26.38,102659.05,50.95,-110.48,9.72,0.06,1.32,-0.009,-0.061,-0.017,0.27,-7.87,-0.18,0.000000,0.000000,526.57
26.40,102667.88,50.93,-111.21,9.69,0.05,1.36,-0.010,-0.062,-0.017,0.77,-8.82,-3.80,0.000000,0.000000,527.11
26.38,102658.25,50.94,-110.42,9.71,0.05,1.34,-0.009,-0.061,-0.017,0.27,-9.30,-1.08,0.000000,0.000000,527.65
26.42,102664.61,50.93,-110.94,9.72,0.04,1.30,-0.009,-0.061,-0.016,0.77,-8.35,0.28,0.000000,0.000000,528.19
26.38,102659.95,50.93,-110.56,9.72,0.06,1.32,-0.009,-0.061,-0.016,0.77,-9.78,0.28,0.000000,0.000000,528.73
26.39,102660.20,50.93,-110.58,9.72,0.04,1.33,-0.009,-0.062,-0.017,0.77,-8.82,-0.18,0.000000,0.000000,529.27
26.39,102660.34,50.92,-110.59,9.70,0.05,1.34,-0.009,-0.062,-0.017,0.27,-8.82,-3.80,0.000000,0.000000,529.81
26.40,102659.81,50.92,-110.54,9.73,0.05,1.34,-0.009,-0.062,-0.018,0.27,-8.82,-0.63,0.000000,0.000000,530.35
26.40,102658.73,50.91,-110.46,9.73,0.05,1.34,-0.010,-0.061,-0.016,0.27,-7.87,0.28,0.000000,0.000000,530.89
26.40,102661.19,50.91,-110.66,9.74,0.06,1.33,-0.009,-0.062,-0.017,0.27,-10.73,-2.44,0.000000,0.000000,531.44
26.43,102664.41,50.90,-110.92,9.69,0.06,1.35,-0.009,-0.061,-0.016,0.27,-8.35,-0.18,0.000000,0.000000,531.97
26.41,102658.95,50.90,-110.47,9.73,0.03,1.33,-0.009,-0.062,-0.016,0.27,-8.35,-1.54,0.000000,0.000000,532.51
26.44,102665.48,50.90,-111.01,9.73,0.06,1.33,-0.009,-0.062,-0.018,0.77,-8.35,-1.54,0.000000,0.000000,533.05
26.42,102657.14,50.89,-110.32,9.71,0.03,1.34,-0.009,-0.062,-0.016,0.77,-8.82,0.73,0.000000,0.000000,533.59
26.44,102663.62,50.89,-110.86,9.71,0.06,1.32,-0.009,-0.062,-0.016,-0.74,-8.35,-1.08,0.000000,0.000000,534.14
26.41,102657.75,50.89,-110.37,9.71,0.03,1.35,-0.009,-0.062,-0.017,0.27,-8.82,-0.18,0.000000,0.000000,534.68
26.46,102662.64,50.88,-110.78,9.73,0.05,1.33,-0.009,-0.062,-0.016,-0.23,-7.87,-3.35,0.000000,0.000000,535.22
26.43,102659.91,50.88,-110.55,9.72,0.06,1.32,-0.009,-0.060,-0.017,0.27,-8.82,-1.99,0.000000,0.000000,535.76
26.44,102660.22,50.88,-110.58,9.72,0.03,1.33,-0.010,-0.062,-0.017,0.77,-7.87,0.28,0.000000,0.000000,536.29
26.44,102659.71,50.87,-110.54,9.71,0.04,1.32,-0.008,-0.061,-0.016,0.27,-9.30,-1.08,0.000000,0.000000,536.84
26.45,102661.30,50.87,-110.67,9.70,0.04,1.34,-0.009,-0.061,-0.017,-0.23,-9.30,-0.18,0.000000,0.000000,537.38
26.47,102664.28,50.85,-110.91,9.71,0.04,1.31,-0.010,-0.060,-0.017,0.77,-8.35,-0.63,0.000000,0.000000,537.92
26.45,102660.12,50.85,-110.57,9.72,0.06,1.34,-0.009,-0.062,-0.018,-0.23,-10.25,-0.63,0.000000,0.000000,538.46
26.48,102661.69,50.85,-110.70,9.71,0.05,1.33,-0.009,-0.061,-0.016,0.27,-8.35,-0.18,0.000000,0.000000,539.00
26.46,102660.95,50.84,-110.64,9.70,0.05,1.34,-0.009,-0.062,-0.016,1.27,-8.82,-1.99,0.000000,0.000000,539.54
26.48,102663.39,50.84,-110.84,9.73,0.05,1.36,-0.010,-0.060,-0.016,-0.23,-8.82,-1.08,0.000000,0.000000,540.08
26.46,102659.15,50.83,-110.49,9.71,0.07,1.32,-0.009,-0.062,-0.017,-0.23,-8.35,-1.99,0.000000,0.000000,540.62
26.49,102663.25,50.83,-110.83,9.74,0.05,1.34,-0.009,-0.061,-0.017,0.27,-9.78,-1.08,0.000000,0.000000,541.16
26.47,102660.98,50.82,-110.64,9.70,0.05,1.35,-0.009,-0.062,-0.018,0.77,-8.35,-0.18,0.000000,0.000000,541.70
26.50,102663.09,50.81,-110.81,9.71,0.08,1.33,-0.009,-0.061,-0.018,0.27,-8.35,-2.89,0.000000,0.000000,542.24
26.47,102658.07,50.79,-110.30,9.72,0.04,1.33,-0.009,-0.062,-0.015,0.27,-8.82,-0.63,0.000000,0.000000,542.78
26.48,102658.05,50.81,-110.40,9.75,0.05,1.31,-0.009,-0.060,-0.015,1.27,-7.87,-0.18,0.000000,0.000000,543.32
26.49,102660.19,50.81,-110.58,9.73,0.05,1.33,-0.010,-0.061,-0.016,0.27,-8.35,-0.63,0.000000,0.000000,543.86
26.48,102657.69,50.83,-110.37,9.73,0.03,1.33,-0.009,-0.060,-0.015,1.27,-8.35,-0.63,0.000000,0.000000,544.40
26.52,102666.74,50.79,-111.12,9.71,0.09,1.33,-0.009,-0.061,-0.017,0.27,-8.35,-0.63,0.000000,0.000000,544.94
26.49,102659.00,50.79,-110.48,9.73,0.05,1.32,-0.009,-0.061,-0.017,-0.74,-8.82,-0.63,0.000000,0.000000,545.48
26.52,102662.64,50.78,-110.78,9.71,0.06,1.30,-0.009,-0.062,-0.017,0.77,-8.35,0.28,0.000000,0.000000,546.02
26.50,102659.19,50.79,-110.49,9.71,0.04,1.34,-0.009,-0.061,-0.017,0.77,-8.35,-0.63,0.000000,0.000000,546.56
26.53,102666.19,50.78,-111.07,9.73,0.04,1.32,-0.009,-0.062,-0.017,0.27,-8.82,-0.18,0.000000,0.000000,547.10
26.50,102661.20,50.78,-110.66,9.74,0.05,1.32,-0.009,-0.062,-0.017,0.77,-8.82,-4.25,0.000000,0.000000,547.64
26.53,102665.92,50.77,-111.05,9.72,0.07,1.32,-0.009,-0.061,-0.015,0.77,-9.30,-1.08,0.000000,0.000000,548.18
26.51,102659.48,50.76,-110.52,9.74,0.04,1.32,-0.009,-0.061,-0.017,1.27,-8.35,-0.18,0.000000,0.000000,548.72
26.53,102661.41,50.79,-110.68,9.69,0.07,1.32,-0.009,-0.062,-0.017,0.77,-9.30,-1.08,0.000000,0.000000,549.26
26.51,102657.01,50.76,-110.31,9.74,0.04,1.32,-0.009,-0.062,-0.017,0.27,-8.35,-0.63,0.000000,0.000000,549.80
26.52,102657.67,50.77,-110.37,9.73,0.05,1.35,-0.009,-0.061,-0.017,0.77,-7.87,-1.54,0.000000,0.000000,550.34
26.53,102660.73,50.76,-110.62,9.73,0.04,1.30,-0.009,-0.061,-0.017,0.27,-9.30,-1.54,0.000000,0.000000,550.88
26.52,102659.34,50.75,-110.51,9.77,0.04,1.33,-0.009,-0.062,-0.018,0.27,-8.35,-0.63,0.000000,0.000000,551.42
26.55,102662.74,50.74,-110.79,9.69,0.07,1.31,-0.008,-0.062,-0.015,0.27,-8.82,-2.44,0.000000,0.000000,551.96
26.53,102658.81,50.72,-110.46,9.73,0.02,1.26,-0.009,-0.059,-0.016,-0.23,-8.82,-0.63,0.000000,0.000000,552.50
26.55,102664.00,50.74,-110.89,9.73,0.06,1.34,-0.009,-0.062,-0.017,0.77,-8.35,-0.18,0.000000,0.000000,553.04
26.53,102658.81,50.72,-110.46,9.73,0.02,1.31,-0.010,-0.061,-0.016,0.77,-8.82,-1.08,0.000000,0.000000,553.58
26.55,102661.45,50.73,-110.68,9.71,0.04,1.37,-0.010,-0.062,-0.017,-0.23,-8.35,-0.63,0.000000,0.000000,554.12
26.53,102657.09,50.72,-110.32,9.69,0.05,1.35,-0.009,-0.062,-0.017,0.27,-8.35,-1.54,0.000000,0.000000,554.66
26.55,102659.92,50.72,-110.55,9.73,0.03,1.33,-0.009,-0.061,-0.018,0.77,-9.78,-1.99,0.000000,0.000000,555.20
26.53,102655.98,50.71,-110.23,9.74,0.07,1.33,-0.010,-0.062,-0.016,0.77,-8.35,-0.18,0.000000,0.000000,555.74
26.57,102660.55,50.72,-110.60,9.71,0.05,1.31,-0.009,-0.061,-0.017,0.27,-8.82,-1.54,0.000000,0.000000,556.28
26.54,102656.47,50.70,-110.27,9.75,0.06,1.34,-0.009,-0.060,-0.018,1.27,-9.30,-0.18,0.000000,0.000000,556.82
26.54,102654.84,50.70,-110.14,9.70,0.04,1.35,-0.009,-0.061,-0.017,0.27,-8.35,-2.89,0.000000,0.000000,557.36
26.57,102660.02,50.70,-110.56,9.72,0.05,1.32,-0.010,-0.062,-0.017,0.77,-9.30,0.28,0.000000,0.000000,557.90
26.55,102653.16,50.70,-110.00,9.73,0.05,1.32,-0.009,-0.060,-0.017,0.27,-8.35,-0.18,0.000000,0.000000,558.44
26.58,102660.94,50.69,-110.64,9.74,0.05,1.32,-0.009,-0.062,-0.017,0.77,-9.78,-1.54,0.000000,0.000000,558.98
26.55,102653.59,50.68,-110.03,9.72,0.09,1.36,-0.010,-0.064,-0.016,0.27,-8.35,-0.63,0.000000,0.000000,559.52
26.59,102656.64,50.66,-110.28,9.74,0.04,1.31,-0.010,-0.062,-0.016,0.77,-7.39,-0.18,0.000000,0.000000,560.06
26.56,102655.98,50.68,-110.23,9.76,0.06,1.32,-0.011,-0.062,-0.017,0.27,-11.21,-0.63,0.000000,0.000000,560.60
26.59,102659.63,50.67,-110.53,9.70,0.03,1.31,-0.009,-0.063,-0.019,0.27,-8.82,-1.08,0.000000,0.000000,561.14
26.57,102654.84,50.66,-110.14,9.73,0.04,1.34,-0.009,-0.060,-0.017,-0.23,-8.35,-1.54,0.000000,0.000000,561.69
26.60,102661.88,50.67,-110.71,9.72,0.05,1.35,-0.009,-0.063,-0.016,-0.23,-9.30,-1.08,0.000000,0.000000,562.22
26.57,102654.23,50.66,-110.08,9.72,0.05,1.32,-0.010,-0.061,-0.017,0.77,-8.35,-0.63,0.000000,0.000000,562.76
26.60,102661.20,50.64,-110.66,9.71,0.06,1.31,-0.010,-0.063,-0.017,0.77,-8.35,-0.63,0.000000,0.000000,563.30
26.57,102651.20,50.64,-109.84,9.71,0.07,1.34,-0.009,-0.062,-0.017,0.27,-8.82,-0.18,0.000000,0.000000,563.84
26.58,102651.81,50.64,-109.88,9.71,0.05,1.32,-0.009,-0.062,-0.016,0.27,-8.35,-0.18,0.000000,0.000000,564.38
26.62,102660.36,50.63,-110.59,9.74,0.06,1.32,-0.010,-0.060,-0.017,0.27,-9.30,-1.08,0.000000,0.000000,564.93
26.60,102656.20,50.62,-110.25,9.73,0.04,1.32,-0.009,-0.062,-0.018,0.27,-8.35,-0.18,0.000000,0.000000,565.46
26.63,102660.48,50.63,-110.60,9.73,0.04,1.37,-0.009,-0.061,-0.017,-0.23,-9.78,-1.54,0.000000,0.000000,566.01
26.61,102660.33,50.62,-110.59,9.72,0.03,1.34,-0.010,-0.062,-0.017,1.27,-8.35,-1.08,0.000000,0.000000,566.55
26.63,102662.84,50.63,-110.79,9.70,0.03,1.32,-0.010,-0.062,-0.017,0.27,-8.82,0.28,0.000000,0.000000,567.08
26.59,102653.77,50.62,-110.05,9.69,0.06,1.33,-0.009,-0.061,-0.018,0.27,-9.30,-1.99,0.000000,0.000000,567.63
26.64,102660.89,50.63,-110.63,9.71,0.04,1.32,-0.009,-0.061,-0.017,0.77,-7.87,-0.18,0.000000,0.000000,568.17
26.60,102653.99,50.60,-110.06,9.73,0.06,1.32,-0.009,-0.062,-0.017,0.27,-7.87,-3.80,0.000000,0.000000,568.71
26.61,102654.20,50.59,-110.08,9.73,0.06,1.32,-0.010,-0.061,-0.017,-0.23,-9.30,-0.63,0.000000,0.000000,569.25
26.59,102650.09,50.60,-109.74,9.72,0.03,1.32,-0.009,-0.061,-0.017,0.77,-8.82,-0.63,0.000000,0.000000,569.79
26.58,102649.45,50.58,-109.69,9.72,0.05,1.31,-0.010,-0.060,-0.016,0.27,-8.82,-1.54,0.000000,0.000000,570.33
26.59,102650.36,50.59,-109.77,9.71,0.04,1.31,-0.010,-0.061,-0.017,0.27,-8.35,-0.63,0.000000,0.000000,570.87
26.58,102648.17,50.58,-109.58,9.73,0.05,1.34,-0.009,-0.061,-0.017,0.27,-8.35,-1.99,0.000000,0.000000,571.41
26.62,102652.38,50.60,-109.93,9.71,0.05,1.33,-0.010,-0.062,-0.017,0.27,-9.78,-1.99,0.000000,0.000000,571.95
26.60,102647.78,50.60,-109.55,9.72,0.03,1.32,-0.009,-0.062,-0.018,0.77,-8.35,0.28,0.000000,0.000000,572.49
26.64,102655.12,50.57,-110.16,9.70,0.05,1.31,-0.010,-0.062,-0.017,0.27,-8.35,-1.99,0.000000,0.000000,573.03
26.60,102647.97,50.55,-109.57,9.73,0.05,1.29,-0.010,-0.061,-0.017,-0.23,-8.35,-0.63,0.000000,0.000000,573.57
26.64,102652.73,50.56,-109.96,9.71,0.05,1.34,-0.009,-0.060,-0.016,1.27,-8.35,0.28,0.000000,0.000000,574.11
26.55,102638.86,50.55,-108.82,9.71,0.04,1.31,-0.010,-0.062,-0.018,0.77,-8.82,-1.54,0.000000,0.000000,574.65
26.65,102657.87,50.56,-110.38,9.74,0.03,1.32,-0.009,-0.062,-0.017,-0.23,-7.87,-0.18,0.000000,0.000000,575.19
26.62,102649.25,50.53,-109.67,9.71,0.05,1.30,-0.009,-0.062,-0.017,0.27,-8.35,-2.44,0.000000,0.000000,575.73
26.63,102650.71,50.55,-109.79,9.72,0.04,1.36,-0.010,-0.062,-0.017,-0.74,-9.30,-1.54,0.000000,0.000000,576.27
26.48,102627.55,50.53,-107.89,9.75,0.03,1.32,-0.010,-0.060,-0.017,1.27,-7.87,0.28,0.000000,0.000000,576.81
26.48,102625.61,50.52,-107.73,9.70,0.06,1.33,-0.009,-0.060,-0.017,0.27,-10.73,-1.99,0.000000,0.000000,577.35
26.61,102648.00,50.52,-109.57,9.69,0.06,1.37,-0.009,-0.060,-0.016,0.77,-7.87,-0.63,0.000000,0.000000,577.89
26.55,102637.09,50.51,-108.67,9.73,0.05,1.34,-0.008,-0.061,-0.017,0.77,-8.35,-2.44,0.000000,0.000000,578.43
26.54,102634.13,50.50,-108.43,9.72,0.04,1.35,-0.009,-0.060,-0.017,0.27,-9.78,-0.18,0.000000,0.000000,578.97
26.63,102644.62,50.54,-109.29,9.73,0.04,1.37,-0.010,-0.062,-0.017,0.77,-8.82,0.28,0.000000,0.000000,579.51
26.70,102658.22,50.51,-110.41,9.72,0.03,1.32,-0.010,-0.062,-0.017,0.77,-8.82,-1.08,0.000000,0.000000,580.05
26.67,102654.84,50.50,-110.14,9.70,0.03,1.35,-0.010,-0.062,-0.017,0.27,-8.35,0.28,0.000000,0.000000,580.59
26.70,102659.58,50.49,-110.53,9.72,0.06,1.31,-0.010,-0.062,-0.016,0.77,-7.87,-0.18,0.000000,0.000000,581.13
26.66,102651.30,50.48,-109.84,9.70,0.04,1.31,-0.010,-0.061,-0.016,0.27,-10.25,-2.44,0.000000,0.000000,581.67
26.70,102658.23,50.49,-110.41,9.74,0.04,1.33,-0.010,-0.062,-0.016,0.27,-8.35,-1.08,0.000000,0.000000,582.21
26.66,102649.77,50.48,-109.72,9.73,0.04,1.34,-0.009,-0.061,-0.017,0.27,-8.35,-1.99,0.000000,0.000000,582.75
26.67,102647.80,50.48,-109.56,9.74,0.05,1.32,-0.009,-0.061,-0.015,0.77,-9.30,-0.63,0.000000,0.000000,583.29
26.66,102649.59,50.47,-109.70,9.70,0.05,1.31,-0.009,-0.060,-0.017,0.77,-8.82,-0.18,0.000000,0.000000,583.83
26.66,102649.42,50.47,-109.69,9.71,0.06,1.34,-0.010,-0.061,-0.017,0.27,-10.25,-0.63,0.000000,0.000000,584.37
26.62,102643.30,50.47,-109.18,9.71,0.06,1.32,-0.010,-0.062,-0.016,0.77,-8.82,-0.63,0.000000,0.000000,584.91
26.55,102628.27,50.47,-107.95,9.70,0.06,1.33,-0.009,-0.062,-0.017,1.27,-7.39,-0.18,0.000000,0.000000,585.45
26.60,102637.76,50.45,-108.73,9.72,0.05,1.32,-0.010,-0.061,-0.017,1.27,-9.78,-1.08,0.000000,0.000000,585.99
26.54,102629.36,50.45,-108.04,9.74,0.05,1.31,-0.010,-0.061,-0.017,0.27,-8.35,-0.18,0.000000,0.000000,586.53
26.46,102613.95,50.45,-106.77,9.71,0.08,1.33,-0.010,-0.061,-0.017,1.27,-8.82,-1.99,0.000000,0.000000,587.07
26.45,102613.85,50.44,-106.76,9.72,0.04,1.33,-0.010,-0.061,-0.017,0.27,-8.82,-0.63,0.000000,0.000000,587.61
26.48,102617.89,50.44,-107.09,9.70,0.03,1.33,-0.009,-0.060,-0.018,1.27,-7.87,-0.18,0.000000,0.000000,588.15
26.43,102604.66,50.41,-106.00,9.73,0.05,1.32,-0.009,-0.062,-0.017,0.77,-9.78,-0.18,0.000000,0.000000,588.69
26.52,102619.62,50.42,-107.23,9.72,0.04,1.33,-0.009,-0.062,-0.016,-0.23,-9.30,0.28,0.000000,0.000000,589.23
26.42,102603.05,50.41,-105.87,9.72,0.04,1.31,-0.010,-0.061,-0.017,-0.23,-7.87,-2.44,0.000000,0.000000,589.77
26.42,102602.46,50.41,-105.82,9.71,0.04,1.31,-0.008,-0.062,-0.018,0.77,-9.30,-0.63,0.000000,0.000000,590.31
26.43,102602.28,50.39,-105.80,9.74,0.04,1.32,-0.009,-0.060,-0.017,0.77,-7.39,0.28,0.000000,0.000000,590.85
26.44,102602.06,50.41,-105.79,9.73,0.04,1.34,-0.010,-0.062,-0.019,0.77,-8.82,-2.44,0.000000,0.000000,591.39
26.43,102600.99,50.39,-105.70,9.70,0.02,1.31,-0.009,-0.062,-0.019,0.27,-8.82,-0.18,0.000000,0.000000,591.93
26.41,102597.82,50.38,-105.44,9.69,0.03,1.34,-0.010,-0.058,-0.017,0.77,-8.35,-0.18,0.000000,0.000000,592.47
26.48,102609.16,50.38,-106.37,9.73,0.05,1.37,-0.010,-0.061,-0.016,0.77,-9.78,-1.99,0.000000,0.000000,593.02
26.44,102602.23,50.37,-105.80,9.72,0.05,1.30,-0.011,-0.060,-0.017,0.27,-8.35,-1.08,0.000000,0.000000,593.56
26.49,102609.16,50.36,-106.37,9.73,0.05,1.32,-0.010,-0.061,-0.018,-0.23,-8.35,-0.63,0.000000,0.000000,594.10
26.44,102599.69,50.36,-105.59,9.70,0.06,1.31,-0.010,-0.061,-0.016,1.27,-7.87,-0.18,0.000000,0.000000,594.64
26.49,102608.39,50.35,-106.31,9.73,0.05,1.31,-0.009,-0.062,-0.016,0.27,-9.78,-1.54,0.000000,0.000000,595.18
26.41,102594.77,50.35,-105.18,9.69,0.05,1.34,-0.010,-0.060,-0.017,0.77,-8.35,-0.18,0.000000,0.000000,595.72
26.76,102652.41,50.35,-109.93,9.73,0.04,1.35,-0.009,-0.062,-0.016,0.27,-8.35,0.28,0.000000,0.000000,596.25
26.50,102610.17,50.34,-106.45,9.73,0.04,1.32,-0.010,-0.061,-0.016,0.27,-7.87,-1.99,0.000000,0.000000,596.80
26.49,102605.11,50.34,-106.04,9.71,0.03,1.33,-0.009,-0.061,-0.017,-0.23,-9.30,-1.54,0.000000,0.000000,597.34
26.48,102604.89,50.34,-106.02,9.74,0.06,1.31,-0.010,-0.061,-0.016,0.27,-8.35,-0.18,0.000000,0.000000,597.88
26.48,102604.89,50.32,-106.02,9.74,0.06,1.34,-0.010,-0.061,-0.016,0.27,-10.25,-2.44,0.000000,0.000000,598.42
26.52,102613.10,50.32,-106.59,9.72,0.06,1.31,-0.011,-0.061,-0.016,0.27,-7.87,-0.18,0.000000,0.000000,598.96
26.46,102599.88,50.33,-105.61,9.71,0.05,1.35,-0.009,-0.062,-0.017,0.27,-7.87,-2.44,0.000000,0.000000,599.50
26.51,102606.81,50.31,-106.18,9.69,0.05,1.34,-0.011,-0.062,-0.017,0.27,-10.25,-1.08,0.000000,0.000000,600.04
26.44,102596.78,50.30,-105.35,9.77,0.04,1.35,-0.009,-0.061,-0.016,0.77,-7.87,0.28,0.000000,0.000000,600.58
26.78,102651.20,50.31,-109.84,9.72,0.06,1.35,-0.009,-0.061,-0.017,0.27,-8.82,-1.99,0.000000,0.000000,601.12
26.74,102645.06,50.30,-109.33,9.73,0.06,1.33,-0.010,-0.062,-0.017,-0.23,-9.30,-1.08,0.000000,0.000000,601.66
26.77,102650.03,50.29,-109.74,9.70,0.05,1.35,-0.010,-0.060,-0.016,1.27,-8.82,0.28,0.000000,0.000000,602.20
26.74,102643.73,50.29,-109.22,9.71,0.06,1.32,-0.009,-0.061,-0.017,0.27,-8.82,-1.54,0.000000,0.000000,602.74
26.59,102619.59,50.27,-107.23,9.72,0.04,1.31,-0.009,-0.062,-0.018,1.27,-9.78,-0.63,0.000000,0.000000,603.28
26.70,102637.48,50.29,-108.71,9.72,0.04,1.33,-0.010,-0.062,-0.018,0.27,-8.82,-2.89,0.000000,0.000000,603.82
26.68,102631.52,50.31,-108.21,9.75,0.05,1.33,-0.010,-0.062,-0.017,0.77,-9.30,-1.54,0.000000,0.000000,604.36
26.75,102639.68,50.27,-108.70,9.70,0.06,1.32,-0.010,-0.062,-0.017,0.27,-8.35,-0.63,0.000000,0.000000,604.90
26.76,102641.52,50.28,-109.04,9.73,0.05,1.33,-0.010,-0.061,-0.017,0.77,-8.35,-1.08,0.000000,0.000000,605.44
26.86,102659.34,50.29,-110.51,9.71,0.04,1.33,-0.010,-0.062,-0.017,0.27,-8.35,-1.08,0.000000,0.000000,605.98
26.83,102650.52,50.30,-109.78,9.73,0.02,1.34,-0.009,-0.062,-0.016,0.77,-8.35,-0.63,0.000000,0.000000,606.52
26.85,102655.23,50.26,-110.17,9.72,0.03,1.33,-0.010,-0.062,-0.016,0.27,-10.25,-3.35,0.000000,0.000000,607.06
26.81,102647.55,50.28,-109.53,9.69,0.04,1.36,-0.009,-0.063,-0.017,1.27,-8.82,-0.18,0.000000,0.000000,607.60
26.80,102644.71,50.26,-109.30,9.71,0.02,1.33,-0.010,-0.062,-0.017,0.27,-8.82,-0.18,0.000000,0.000000,608.14
26.82,102647.75,50.25,-109.55,9.72,0.06,1.34,-0.010,-0.062,-0.017,-0.23,-8.82,-1.54,0.000000,0.000000,608.68
26.83,102646.45,50.26,-109.44,9.71,0.03,1.32,-0.009,-0.063,-0.018,0.77,-7.87,-0.63,0.000000,0.000000,609.22
26.62,102613.14,50.23,-106.70,9.91,0.02,1.31,-0.010,-0.059,-0.018,0.27,-7.87,-2.44,0.000000,0.000000,609.76
26.56,102604.02,50.23,-105.95,9.78,0.07,1.36,-0.010,-0.061,-0.015,0.77,-8.82,-0.63,0.000000,0.000000,610.30
26.55,102602.78,50.25,-105.93,9.73,0.05,1.30,-0.009,-0.063,-0.017,1.78,-7.87,1.18,0.000000,0.000000,610.84
26.56,102600.28,50.21,-105.64,9.72,0.03,1.32,-0.009,-0.061,-0.017,0.27,-10.25,-1.54,0.000000,0.000000,611.38
26.62,102612.70,50.21,-106.66,9.74,0.05,1.32,-0.010,-0.060,-0.018,0.77,-8.35,0.28,0.000000,0.000000,611.92
26.56,102602.73,50.21,-105.84,9.72,0.03,1.32,-0.010,-0.061,-0.017,-0.23,-7.87,-1.99,0.000000,0.000000,612.46
26.75,102631.94,50.21,-108.25,9.70,0.04,1.32,-0.009,-0.062,-0.017,0.27,-10.25,-0.63,0.000000,0.000000,613.00
26.80,102639.83,50.20,-108.90,9.72,0.02,1.32,-0.010,-0.061,-0.017,-0.23,-8.35,-0.63,0.000000,0.000000,613.54
26.83,102643.10,50.23,-109.17,9.71,0.04,1.32,-0.010,-0.062,-0.018,0.27,-8.35,-2.89,0.000000,0.000000,614.08
26.84,102646.24,50.20,-109.43,9.72,0.06,1.36,-0.010,-0.062,-0.017,0.27,-8.82,-1.54,0.000000,0.000000,614.62
26.84,102645.08,50.20,-109.33,9.76,0.06,1.33,-0.009,-0.062,-0.015,1.27,-8.35,0.73,0.000000,0.000000,615.16
26.79,102636.23,50.20,-108.60,9.73,0.04,1.35,-0.010,-0.061,-0.015,0.77,-8.82,-1.99,0.000000,0.000000,615.70
26.82,102639.67,50.19,-108.89,9.73,0.05,1.33,-0.009,-0.061,-0.016,0.27,-8.82,-1.54,0.000000,0.000000,616.24
26.86,102645.48,50.16,-109.36,9.73,0.06,1.33,-0.010,-0.061,-0.017,0.77,-8.35,0.28,0.000000,0.000000,616.78
26.86,102645.57,50.20,-109.37,9.66,0.06,1.36,-0.010,-0.061,-0.016,0.77,-8.35,-1.54,0.000000,0.000000,617.32
26.52,102589.37,50.18,-104.74,9.73,0.03,1.31,-0.009,-0.060,-0.016,0.77,-8.35,-0.18,0.000000,0.000000,617.86
26.66,102610.38,50.17,-106.47,9.70,0.05,1.36,-0.010,-0.063,-0.017,0.27,-8.35,-1.99,0.000000,0.000000,618.40
26.72,102620.34,50.18,-107.29,9.77,0.02,1.29,-0.010,-0.062,-0.017,-0.23,-9.78,-1.08,0.000000,0.000000,618.94
26.67,102613.13,50.17,-106.70,9.69,0.07,1.35,-0.009,-0.061,-0.017,1.27,-7.87,-0.18,0.000000,0.000000,619.48
26.69,102617.39,50.15,-107.05,9.71,0.03,1.32,-0.010,-0.062,-0.018,-0.23,-8.35,-0.63,0.000000,0.000000,620.03
26.63,102608.41,50.15,-106.31,9.72,0.06,1.33,-0.010,-0.062,-0.017,0.27,-8.35,-1.08,0.000000,0.000000,620.56
26.65,102607.36,50.15,-106.22,9.72,0.05,1.33,-0.010,-0.060,-0.017,0.77,-8.35,-0.18,0.000000,0.000000,621.10
26.59,102597.02,50.13,-105.37,9.70,0.07,1.33,-0.009,-0.062,-0.016,0.77,-8.35,-0.63,0.000000,0.000000,621.64
26.61,102602.63,50.13,-105.83,9.72,0.05,1.31,-0.010,-0.061,-0.017,0.27,-8.35,-0.63,0.000000,0.000000,622.18
26.85,102639.77,50.12,-108.89,9.73,0.06,1.36,-0.009,-0.061,-0.016,0.27,-8.82,-3.35,0.000000,0.000000,622.72
26.87,102643.98,50.13,-109.24,9.70,0.06,1.30,-0.010,-0.060,-0.017,0.77,-8.82,-1.08,0.000000,0.000000,623.27
26.83,102635.73,50.12,-108.56,9.71,0.02,1.29,-0.010,-0.061,-0.017,1.78,-8.35,-0.18,0.000000,0.000000,623.80
26.65,102607.53,50.13,-106.24,9.73,0.05,1.35,-0.009,-0.063,-0.017,0.27,-8.35,-1.99,0.000000,0.000000,624.34
26.75,102621.91,50.10,-107.42,9.72,0.06,1.33,-0.009,-0.062,-0.017,0.27,-8.35,-0.63,0.000000,0.000000,624.88
26.71,102614.58,50.10,-106.82,9.72,0.03,1.32,-0.009,-0.062,-0.018,1.27,-7.87,0.28,0.000000,0.000000,625.42
26.75,102621.67,50.11,-107.40,9.72,0.04,1.34,-0.010,-0.062,-0.017,0.27,-9.30,-0.18,0.000000,0.000000,625.97
26.68,102609.24,50.11,-106.38,9.73,0.01,1.28,-0.009,-0.060,-0.017,0.27,-8.35,0.28,0.000000,0.000000,626.50
26.67,102604.72,50.09,-106.00,9.71,0.05,1.33,-0.010,-0.062,-0.018,0.27,-8.35,-2.44,0.000000,0.000000,627.04
26.90,102642.69,50.10,-109.13,9.76,0.03,1.32,-0.009,-0.061,-0.017,0.27,-9.78,-1.54,0.000000,0.000000,627.58
26.88,102638.27,50.09,-108.77,9.71,0.03,1.33,-0.010,-0.061,-0.017,0.27,-8.35,0.28,0.000000,0.000000,628.12
26.91,102643.78,50.09,-109.22,9.73,0.06,1.33,-0.010,-0.062,-0.017,0.27,-8.82,-2.89,0.000000,0.000000,628.67
26.96,102653.61,50.08,-110.03,9.71,0.05,1.33,-0.009,-0.061,-0.017,0.27,-8.82,-1.08,0.000000,0.000000,629.21
26.90,102644.70,50.08,-109.16,9.72,0.05,1.33,-0.010,-0.060,-0.017,0.27,-8.82,-0.18,0.000000,0.000000,629.75
26.93,102645.39,50.07,-109.36,9.71,0.06,1.32,-0.010,-0.060,-0.017,0.27,-9.78,-0.63,0.000000,0.000000,630.29
26.92,102642.70,50.06,-109.13,9.69,0.06,1.33,-0.009,-0.061,-0.017,0.27,-9.30,-1.54,0.000000,0.000000,630.83
26.91,102640.44,50.05,-108.95,9.71,0.05,1.30,-0.010,-0.061,-0.017,1.78,-8.82,-0.63,0.000000,0.000000,631.37
26.97,102648.48,50.07,-109.61,9.71,0.06,1.35,-0.009,-0.061,-0.017,0.27,-10.25,-1.08,0.000000,0.000000,631.91
26.92,102644.91,50.06,-109.32,9.72,0.05,1.31,-0.009,-0.061,-0.018,0.27,-9.30,-1.08,0.000000,0.000000,632.45
26.97,102649.83,50.05,-109.72,9.74,0.07,1.30,-0.010,-0.059,-0.016,0.77,-8.35,-2.44,0.000000,0.000000,632.99
26.93,102642.67,50.04,-109.13,9.72,0.06,1.31,-0.010,-0.061,-0.016,0.77,-9.30,-1.99,0.000000,0.000000,633.53
26.97,102649.32,50.04,-109.68,9.71,0.04,1.32,-0.010,-0.062,-0.017,0.77,-8.35,-0.63,0.000000,0.000000,634.07
26.93,102642.23,50.06,-109.10,9.69,0.09,1.36,-0.010,-0.062,-0.016,0.27,-8.82,-2.44,0.000000,0.000000,634.61
26.97,102649.13,50.05,-109.66,9.74,0.06,1.32,-0.009,-0.062,-0.016,0.27,-8.82,-0.18,0.000000,0.000000,635.15
26.94,102642.90,50.04,-109.15,9.71,0.05,1.32,-0.010,-0.061,-0.017,0.27,-7.87,-0.18,0.000000,0.000000,635.69
26.97,102647.27,50.03,-109.51,9.72,0.05,1.31,-0.010,-0.061,-0.016,0.77,-8.82,-1.99,0.000000,0.000000,636.23
26.93,102638.59,50.02,-108.80,9.73,0.03,1.33,-0.009,-0.061,-0.017,0.27,-9.30,-1.54,0.000000,0.000000,636.77
26.93,102641.14,50.01,-109.01,9.74,0.05,1.33,-0.010,-0.060,-0.017,1.27,-8.35,0.28,0.000000,0.000000,637.31
26.93,102639.27,50.02,-108.85,9.73,0.05,1.35,-0.010,-0.061,-0.017,-0.23,-9.78,-1.99,0.000000,0.000000,637.85
26.91,102636.35,50.02,-108.61,9.72,0.04,1.32,-0.010,-0.061,-0.018,0.27,-8.82,-1.08,0.000000,0.000000,638.39
26.95,102638.63,50.01,-108.80,9.71,0.04,1.31,-0.010,-0.061,-0.017,1.27,-7.87,-2.89,0.000000,0.000000,638.93
26.90,102633.97,50.00,-108.42,9.71,0.03,1.28,-0.011,-0.061,-0.016,0.27,-8.82,-2.89,0.000000,0.000000,639.47
26.93,102639.80,49.99,-108.90,9.73,0.04,1.33,-0.010,-0.061,-0.017,-0.23,-8.35,-0.18,0.000000,0.000000,640.01
26.89,102627.72,49.97,-107.90,9.73,0.05,1.32,-0.010,-0.062,-0.017,0.27,-8.35,-2.44,0.000000,0.000000,640.55
26.91,102632.88,50.00,-108.33,9.72,0.04,1.36,-0.010,-0.062,-0.018,-0.23,-10.25,-0.18,0.000000,0.000000,641.09
26.85,102621.67,49.96,-107.50,9.74,0.04,1.30,-0.010,-0.062,-0.018,0.27,-8.35,-0.18,0.000000,0.000000,641.63
26.71,102596.25,49.96,-105.31,9.73,0.05,1.32,-0.010,-0.061,-0.017,0.27,-8.35,-1.99,0.000000,0.000000,642.17
26.53,102567.09,49.96,-102.90,9.71,0.04,1.34,-0.009,-0.062,-0.018,0.27,-9.78,-1.08,0.000000,0.000000,642.71
27.04,102651.60,49.95,-109.87,9.73,0.04,1.33,-0.010,-0.061,-0.017,1.27,-7.87,0.73,0.000000,0.000000,643.25
27.00,102643.61,49.96,-109.21,9.73,0.06,1.33,-0.010,-0.061,-0.017,-0.23,-8.35,-2.89,0.000000,0.000000,643.79
26.95,102634.12,49.96,-108.43,9.73,0.06,1.35,-0.010,-0.062,-0.016,1.27,-9.30,-0.18,0.000000,0.000000,644.33
26.97,102637.19,49.95,-108.68,9.73,0.05,1.29,-0.010,-0.061,-0.017,0.27,-8.35,-0.63,0.000000,0.000000,644.87
26.80,102610.63,49.93,-106.49,9.73,0.05,1.29,-0.010,-0.061,-0.016,0.77,-9.30,-1.08,0.000000,0.000000,645.41
26.76,102603.38,49.96,-105.89,9.73,0.03,1.33,-0.009,-0.061,-0.017,0.77,-7.87,-0.18,0.000000,0.000000,645.95
26.74,102601.48,49.92,-105.74,9.72,0.04,1.34,-0.010,-0.062,-0.017,0.27,-7.87,-0.63,0.000000,0.000000,646.49
26.82,102611.70,49.93,-106.58,9.71,0.05,1.32,-0.010,-0.062,-0.016,0.27,-8.35,-2.44,0.000000,0.000000,647.03
26.77,102602.81,49.92,-105.85,9.74,0.04,1.32,-0.009,-0.062,-0.017,0.77,-8.35,-1.08,0.000000,0.000000,647.57
26.84,102614.15,49.91,-106.78,9.73,0.06,1.33,-0.010,-0.062,-0.017,0.27,-8.35,-2.44,0.000000,0.000000,648.11
26.78,102604.28,49.91,-105.97,9.75,0.06,1.33,-0.009,-0.061,-0.017,-0.74,-9.30,-0.63,0.000000,0.000000,648.65
26.85,102614.01,49.90,-106.77,9.73,0.03,1.33,-0.010,-0.061,-0.016,0.77,-8.82,-0.63,0.000000,0.000000,649.19
26.80,102605.95,49.90,-106.11,9.72,0.04,1.30,-0.010,-0.061,-0.017,0.27,-8.35,-1.99,0.000000,0.000000,649.73
26.86,102618.19,49.88,-107.11,9.70,0.03,1.31,-0.009,-0.061,-0.016,0.27,-8.82,-0.18,0.000000,0.000000,650.27
26.81,102608.28,49.89,-106.30,9.72,0.06,1.34,-0.009,-0.062,-0.018,0.77,-8.35,0.28,0.000000,0.000000,650.81
26.81,102608.02,49.88,-106.28,9.74,0.03,1.32,-0.010,-0.061,-0.017,0.77,-9.30,-0.63,0.000000,0.000000,651.35
26.87,102616.45,49.87,-106.97,9.74,0.05,1.34,-0.008,-0.062,-0.017,0.77,-8.82,-0.63,0.000000,0.000000,651.89
26.83,102610.77,49.87,-106.50,9.77,0.05,1.33,-0.010,-0.060,-0.017,0.77,-7.87,-0.18,0.000000,0.000000,652.43
26.90,102619.86,49.88,-107.25,9.76,0.05,1.33,-0.010,-0.061,-0.016,0.27,-8.82,-2.89,0.000000,0.000000,652.97
26.83,102609.48,49.87,-106.40,9.74,0.06,1.32,-0.010,-0.063,-0.016,0.27,-8.35,-0.18,0.000000,0.000000,653.51
26.89,102619.78,49.85,-107.25,9.73,0.04,1.29,-0.010,-0.060,-0.016,0.27,-7.87,-0.18,0.000000,0.000000,654.05
26.78,102600.88,49.84,-105.34,9.71,0.07,1.34,-0.010,-0.062,-0.016,0.27,-10.25,-0.63,0.000000,0.000000,654.59
26.85,102607.81,49.83,-106.26,9.73,0.06,1.29,-0.009,-0.061,-0.016,0.77,-8.82,-0.63,0.000000,0.000000,655.13
26.77,102598.89,49.85,-105.52,9.70,0.04,1.33,-0.010,-0.061,-0.016,0.77,-8.35,-0.18,0.000000,0.000000,655.67
26.87,102611.88,49.84,-106.59,9.73,0.06,1.31,-0.009,-0.062,-0.016,-0.23,-9.78,-1.08,0.000000,0.000000,656.21
26.80,102599.66,49.85,-105.59,9.73,0.06,1.35,-0.009,-0.060,-0.017,0.77,-8.35,-0.18,0.000000,0.000000,656.75
26.83,102605.13,49.83,-106.04,9.73,0.06,1.35,-0.010,-0.062,-0.017,0.27,-7.87,-2.44,0.000000,0.000000,657.29
26.80,102600.09,49.82,-105.62,9.72,0.05,1.33,-0.010,-0.061,-0.017,-0.23,-8.35,-1.08,0.000000,0.000000,657.84
26.80,102598.64,49.82,-105.50,9.72,0.02,1.35,-0.010,-0.059,-0.015,1.27,-7.87,0.28,0.000000,0.000000,658.37
26.87,102607.36,49.81,-106.22,9.70,0.05,1.33,-0.009,-0.062,-0.017,0.27,-8.82,-2.44,0.000000,0.000000,658.91
26.78,102593.58,49.83,-105.09,9.70,0.05,1.31,-0.010,-0.063,-0.017,0.27,-8.82,-0.63,0.000000,0.000000,659.45
26.85,102603.91,49.82,-105.94,9.71,0.03,1.32,-0.009,-0.061,-0.018,1.27,-7.87,-0.18,0.000000,0.000000,660.00
26.83,102601.73,49.80,-105.76,9.73,0.05,1.34,-0.009,-0.062,-0.017,0.77,-8.82,-3.35,0.000000,0.000000,660.54
26.85,102602.09,49.80,-105.79,9.72,0.05,1.32,-0.009,-0.060,-0.017,0.77,-8.35,0.28,0.000000,0.000000,661.07
26.76,102587.47,49.84,-104.58,9.73,0.06,1.33,-0.009,-0.062,-0.016,0.77,-8.35,-0.63,0.000000,0.000000,661.62
26.85,102600.17,49.78,-105.63,9.74,0.05,1.32,-0.010,-0.062,-0.017,0.77,-9.30,-2.44,0.000000,0.000000,662.16
26.84,102600.12,49.80,-105.63,9.72,0.04,1.32,-0.010,-0.060,-0.016,0.77,-8.82,-0.63,0.000000,0.000000,662.69
26.87,102605.42,49.77,-106.06,9.72,0.05,1.34,-0.010,-0.062,-0.016,0.77,-8.35,0.28,0.000000,0.000000,663.24
26.89,102607.58,49.76,-106.24,9.75,0.11,1.36,-0.011,-0.062,-0.015,0.27,-8.82,-1.99,0.000000,0.000000,663.78
26.79,102590.09,49.76,-104.80,9.75,0.03,1.30,-0.010,-0.061,-0.016,-0.23,-7.87,-0.63,0.000000,0.000000,664.32
26.84,102597.55,49.76,-105.41,9.71,0.07,1.37,-0.010,-0.062,-0.018,0.27,-8.35,-1.54,0.000000,0.000000,664.86
26.83,102595.47,49.74,-105.24,9.73,0.06,1.30,-0.010,-0.063,-0.018,0.27,-8.82,-1.08,0.000000,0.000000,665.40
26.89,102607.04,49.76,-106.20,9.74,0.08,1.36,-0.010,-0.061,-0.017,0.27,-8.35,-0.63,0.000000,0.000000,665.94
26.83,102595.86,49.74,-105.28,9.77,0.04,1.32,-0.010,-0.061,-0.017,-0.23,-8.82,-2.44,0.000000,0.000000,666.48
26.95,102613.72,49.75,-106.75,9.74,0.07,1.36,-0.009,-0.061,-0.017,-0.23,-8.35,-0.63,0.000000,0.000000,667.02
26.88,102602.73,49.74,-105.84,9.72,0.06,1.32,-0.010,-0.062,-0.017,0.27,-7.87,-0.18,0.000000,0.000000,667.56
26.91,102609.52,49.74,-106.40,9.73,0.04,1.29,-0.009,-0.061,-0.017,0.77,-8.82,-1.54,0.000000,0.000000,668.10
26.86,102598.77,49.75,-105.51,9.73,0.05,1.33,-0.010,-0.060,-0.017,0.77,-8.82,-1.08,0.000000,0.000000,668.64
26.75,102580.80,49.72,-104.03,9.74,0.05,1.33,-0.010,-0.061,-0.017,1.27,-7.87,0.28,0.000000,0.000000,669.18
26.85,102596.33,49.71,-105.31,9.72,0.05,1.32,-0.010,-0.060,-0.017,0.27,-9.78,-0.18,0.000000,0.000000,669.72
27.14,102645.83,49.72,-109.39,9.72,0.05,1.33,-0.010,-0.061,-0.016,0.77,-8.35,-1.54,0.000000,0.000000,670.68
27.09,102637.25,49.72,-108.69,9.72,0.06,1.34,-0.010,-0.060,-0.017,0.77,-8.35,-0.18,0.000000,0.000000,670.98
27.09,102634.05,49.72,-108.42,9.72,0.05,1.32,-0.009,-0.062,-0.017,0.27,-8.82,-2.89,0.000000,0.000000,671.34
27.12,102638.77,49.69,-108.81,9.73,0.05,1.32,-0.010,-0.062,-0.018,0.27,-8.82,-1.08,0.000000,0.000000,671.88
27.08,102633.08,49.69,-108.34,9.73,0.03,1.36,-0.011,-0.061,-0.016,0.27,-8.35,-0.63,0.000000,0.000000,672.42
27.11,102637.00,49.69,-108.66,9.74,0.04,1.32,-0.010,-0.061,-0.017,-0.23,-8.82,-1.99,0.000000,0.000000,672.96
27.09,102633.69,49.69,-108.39,9.72,0.05,1.31,-0.011,-0.061,-0.017,0.77,-8.35,0.73,0.000000,0.000000,673.50
27.13,102638.64,49.69,-108.80,9.70,0.06,1.35,-0.010,-0.061,-0.016,0.27,-8.35,-1.08,0.000000,0.000000,674.04
27.09,102630.22,49.69,-108.11,9.74,0.06,1.32,-0.010,-0.061,-0.016,0.27,-8.82,-1.08,0.000000,0.000000,674.58
26.93,102605.72,49.67,-106.09,9.72,0.07,1.32,-0.010,-0.060,-0.017,0.77,-8.82,-0.18,0.000000,0.000000,675.12
26.86,102594.66,49.66,-105.17,9.73,0.05,1.32,-0.010,-0.061,-0.017,0.27,-8.35,-2.89,0.000000,0.000000,675.66
26.83,102589.57,49.67,-104.76,9.72,0.06,1.29,-0.009,-0.061,-0.017,-0.74,-9.78,-1.08,0.000000,0.000000,676.20
26.88,102594.41,49.67,-105.15,9.69,0.05,1.36,-0.010,-0.061,-0.017,0.77,-7.87,-0.63,0.000000,0.000000,676.74
26.92,102602.09,49.66,-105.79,9.72,0.06,1.31,-0.010,-0.061,-0.017,0.77,-8.35,-2.89,0.000000,0.000000,677.28
26.87,102590.81,49.63,-104.86,9.71,0.06,1.38,-0.009,-0.062,-0.016,-0.74,-9.30,-1.54,0.000000,0.000000,677.82
27.24,102651.31,49.66,-109.84,9.70,0.06,1.30,-0.010,-0.061,-0.016,0.77,-7.87,-0.18,0.000000,0.000000,678.37
26.90,102597.75,49.63,-105.43,9.72,0.06,1.36,-0.010,-0.060,-0.016,0.27,-8.35,-0.63,0.000000,0.000000,678.91
26.86,102589.83,49.62,-104.78,9.71,0.04,1.32,-0.009,-0.060,-0.017,0.77,-7.87,-0.63,0.000000,0.000000,679.45
26.99,102610.78,49.63,-106.50,9.73,0.03,1.33,-0.010,-0.060,-0.018,-0.23,-9.30,-1.54,0.000000,0.000000,679.99
26.88,102595.36,49.62,-105.23,9.73,0.04,1.36,-0.010,-0.061,-0.017,0.77,-8.82,-0.18,0.000000,0.000000,680.53
27.03,102616.03,49.61,-106.94,9.70,0.05,1.32,-0.010,-0.063,-0.018,-0.23,-8.82,-1.08,0.000000,0.000000,681.07
26.81,102578.62,49.56,-103.85,9.72,0.07,1.35,-0.010,-0.062,-0.016,0.27,-9.30,-1.54,0.000000,0.000000,681.61
26.93,102595.86,49.62,-105.28,9.75,0.03,1.31,-0.010,-0.062,-0.016,1.27,-8.35,0.28,0.000000,0.000000,682.15
26.87,102588.91,49.62,-104.70,9.71,0.05,1.33,-0.011,-0.061,-0.017,0.77,-11.21,-0.18,0.000000,0.000000,682.69
26.95,102600.22,49.61,-105.63,9.73,0.04,1.33,-0.010,-0.061,-0.017,0.27,-8.82,-0.63,0.000000,0.000000,683.23
27.24,102647.23,49.59,-109.51,9.71,0.05,1.31,-0.009,-0.060,-0.017,0.77,-7.87,-0.18,0.000000,0.000000,683.77
27.22,102642.02,49.60,-109.08,9.74,0.04,1.34,-0.011,-0.061,-0.017,0.27,-8.35,-0.18,0.000000,0.000000,684.31
27.22,102644.34,49.60,-109.27,9.72,0.05,1.34,-0.010,-0.062,-0.017,0.27,-8.82,-0.63,0.000000,0.000000,684.85
27.26,102649.11,49.59,-109.66,9.72,0.04,1.32,-0.010,-0.061,-0.016,0.77,-8.35,-0.18,0.000000,0.000000,685.39
27.29,102653.16,49.59,-110.00,9.73,0.05,1.32,-0.010,-0.061,-0.018,0.77,-9.78,-1.99,0.000000,0.000000,685.93
27.25,102646.88,49.59,-109.48,9.72,0.06,1.32,-0.010,-0.061,-0.016,0.27,-7.87,-0.18,0.000000,0.000000,686.47
26.96,102599.50,49.57,-105.57,9.77,0.05,1.34,-0.010,-0.061,-0.017,0.27,-7.87,0.28,0.000000,0.000000,687.01
26.84,102581.41,49.58,-104.08,9.74,0.03,1.33,-0.010,-0.061,-0.017,0.77,-9.78,-1.08,0.000000,0.000000,687.55
26.99,102603.69,49.56,-105.92,9.73,0.02,1.32,-0.010,-0.061,-0.017,-0.23,-8.35,-0.63,0.000000,0.000000,688.09
26.96,102573.98,49.57,-105.42,9.71,0.04,1.35,-0.010,-0.062,-0.017,0.27,-8.35,-2.44,0.000000,0.000000,688.63
26.93,102590.25,49.54,-104.81,9.71,0.04,1.32,-0.009,-0.061,-0.017,0.77,-9.30,-0.63,0.000000,0.000000,689.17
26.86,102580.58,49.54,-104.01,9.74,0.06,1.33,-0.010,-0.061,-0.017,0.77,-8.35,-1.08,0.000000,0.000000,689.71
26.89,102585.39,49.54,-104.41,9.72,0.05,1.28,-0.010,-0.063,-0.016,0.27,-8.82,-0.63,0.000000,0.000000,690.25
26.82,102572.72,49.52,-103.37,9.72,0.03,1.31,-0.011,-0.060,-0.017,1.27,-8.82,-0.63,0.000000,0.000000,690.80
26.86,102578.20,49.52,-103.82,9.73,0.03,1.30,-0.010,-0.062,-0.017,-0.23,-8.82,-1.54,0.000000,0.000000,691.34
26.94,102589.73,49.52,-104.77,9.72,0.02,1.30,-0.010,-0.061,-0.017,0.27,-8.82,-0.18,0.000000,0.000000,691.88
27.23,102638.03,49.52,-108.75,9.72,0.06,1.33,-0.009,-0.062,-0.018,0.77,-7.87,0.28,0.000000,0.000000,692.41
27.24,102637.91,49.52,-108.74,9.73,0.06,1.33,-0.010,-0.062,-0.018,0.27,-9.78,-1.54,0.000000,0.000000,692.96
27.21,102631.70,49.51,-108.23,9.72,0.05,1.32,-0.009,-0.062,-0.017,-0.23,-8.82,-0.63,0.000000,0.000000,693.50
27.11,102617.22,49.51,-107.04,9.69,0.05,1.31,-0.009,-0.062,-0.017,0.77,-7.87,-0.63,0.000000,0.000000,694.04
27.30,102648.03,49.52,-109.57,9.73,0.05,1.31,-0.010,-0.061,-0.016,0.77,-9.30,-2.44,0.000000,0.000000,694.58
27.34,102654.17,49.51,-110.08,9.72,0.04,1.32,-0.010,-0.061,-0.017,0.27,-8.35,-0.63,0.000000,0.000000,695.12
26.98,102595.56,49.50,-105.25,9.70,0.03,1.30,-0.010,-0.062,-0.017,1.27,-8.35,-0.63,0.000000,0.000000,695.66
27.05,102605.92,49.49,-106.10,9.74,0.06,1.32,-0.011,-0.063,-0.017,0.27,-10.25,-1.54,0.000000,0.000000,696.20
27.00,102598.89,49.48,-105.52,9.75,0.07,1.35,-0.010,-0.062,-0.016,-0.23,-9.30,-1.08,0.000000,0.000000,696.74
27.07,102607.13,49.50,-106.20,9.74,0.04,1.32,-0.009,-0.062,-0.017,0.27,-8.35,-2.89,0.000000,0.000000,697.28
27.00,102597.36,49.47,-105.40,9.73,0.04,1.31,-0.010,-0.061,-0.017,0.77,-8.82,-1.54,0.000000,0.000000,697.82
27.01,102597.06,49.47,-105.37,9.74,0.05,1.32,-0.011,-0.062,-0.017,-0.23,-7.87,-0.18,0.000000,0.000000,698.36
27.08,102607.48,49.48,-106.23,9.73,0.05,1.34,-0.011,-0.062,-0.017,0.77,-7.87,-1.99,0.000000,0.000000,698.90
27.02,102595.76,49.46,-105.27,9.72,0.05,1.33,-0.010,-0.061,-0.018,0.77,-9.30,-0.63,0.000000,0.000000,699.44
27.09,102607.53,49.45,-106.24,9.70,0.08,1.32,-0.011,-0.061,-0.016,0.27,-8.82,0.73,0.000000,0.000000,699.98
27.02,102596.95,49.49,-105.36,9.74,0.07,1.31,-0.010,-0.062,-0.016,0.27,-8.35,-2.44,0.000000,0.000000,700.52
27.08,102606.80,49.46,-106.18,9.73,0.05,1.31,-0.009,-0.060,-0.017,0.27,-10.25,-1.08,0.000000,0.000000,701.06
27.02,102594.47,49.45,-105.16,9.72,0.05,1.33,-0.011,-0.061,-0.017,0.77,-7.87,-0.63,0.000000,0.000000,701.60
27.09,102606.44,49.45,-106.15,9.69,0.04,1.30,-0.010,-0.061,-0.017,0.27,-8.82,-3.35,0.000000,0.000000,702.14
27.01,102594.61,49.44,-105.17,9.72,0.05,1.33,-0.011,-0.062,-0.017,0.77,-8.82,-2.44,0.000000,0.000000,702.68
27.08,102604.59,49.44,-105.99,9.74,0.06,1.32,-0.010,-0.062,-0.017,0.77,-7.87,0.73,0.000000,0.000000,703.22
27.02,102592.70,49.42,-105.01,9.74,0.05,1.32,-0.010,-0.060,-0.018,-0.23,-7.87,-1.99,0.000000,0.000000,703.76
27.00,102592.86,49.43,-105.03,9.72,0.05,1.35,-0.010,-0.062,-0.016,0.77,-9.30,-1.08,0.000000,0.000000,704.30
26.99,102586.88,49.42,-104.53,9.73,0.06,1.32,-0.010,-0.061,-0.016,0.77,-7.87,0.28,0.000000,0.000000,704.84
27.07,102598.63,49.40,-105.50,9.68,0.06,1.35,-0.010,-0.062,-0.018,0.77,-8.35,-0.63,0.000000,0.000000,705.38
27.36,102646.60,49.42,-109.46,9.73,0.05,1.32,-0.010,-0.061,-0.017,0.27,-10.25,-1.08,0.000000,0.000000,705.92
26.94,102578.56,49.41,-103.85,9.72,0.06,1.32,-0.010,-0.061,-0.016,1.27,-7.87,0.28,0.000000,0.000000,706.46
27.03,102595.14,49.39,-105.22,9.71,0.05,1.32,-0.010,-0.062,-0.017,0.77,-8.35,-1.99,0.000000,0.000000,707.00
26.98,102583.95,49.39,-104.29,9.74,0.05,1.32,-0.010,-0.060,-0.016,-0.23,-9.30,-1.08,0.000000,0.000000,707.54
27.12,102604.50,49.38,-105.99,9.72,0.04,1.32,-0.009,-0.059,-0.017,1.27,-7.87,0.73,0.000000,0.000000,708.08
27.16,102614.31,49.39,-106.80,9.73,0.03,1.32,-0.011,-0.061,-0.016,0.27,-8.35,-2.44,0.000000,0.000000,708.62
27.06,102594.16,49.38,-105.13,9.70,0.04,1.34,-0.010,-0.061,-0.017,0.27,-8.82,-1.99,0.000000,0.000000,709.16
26.90,102570.95,49.37,-103.14,9.69,0.07,1.34,-0.010,-0.062,-0.018,1.27,-7.87,-0.18,0.000000,0.000000,709.70
27.07,102591.67,49.37,-104.93,9.70,0.06,1.29,-0.010,-0.061,-0.016,0.77,-8.35,-1.08,0.000000,0.000000,710.24
26.98,102578.57,49.38,-103.85,9.72,0.05,1.33,-0.010,-0.061,-0.017,-0.23,-8.35,-0.63,0.000000,0.000000,710.78
27.34,102635.30,49.38,-108.53,9.73,0.04,1.34,-0.010,-0.061,-0.017,1.27,-7.87,-0.18,0.000000,0.000000,711.32
27.34,102639.87,49.36,-108.90,9.73,0.05,1.31,-0.010,-0.062,-0.017,0.77,-8.35,-2.44,0.000000,0.000000,711.86
27.34,102638.02,49.35,-108.75,9.71,0.06,1.30,-0.010,-0.060,-0.017,0.27,-8.35,-0.18,0.000000,0.000000,712.40
27.13,102599.63,49.36,-105.59,9.72,0.06,1.29,-0.010,-0.060,-0.015,0.77,-8.35,-0.63,0.000000,0.000000,712.94
26.97,102576.23,49.35,-103.66,9.70,0.03,1.32,-0.010,-0.062,-0.017,1.27,-8.35,0.28,0.000000,0.000000,713.48
27.08,102595.41,49.34,-105.24,9.69,0.04,1.32,-0.010,-0.061,-0.018,0.27,-9.78,-1.54,0.000000,0.000000,714.02
27.07,102590.46,49.32,-104.83,9.72,0.06,1.31,-0.010,-0.061,-0.016,0.77,-9.30,0.28,0.000000,0.000000,714.56
27.08,102593.16,49.32,-105.05,9.70,0.05,1.32,-0.009,-0.061,-0.016,0.77,-8.35,0.28,0.000000,0.000000,715.10
26.98,102576.88,49.31,-103.71,9.73,0.05,1.32,-0.009,-0.062,-0.016,0.27,-8.82,-1.54,0.000000,0.000000,715.64
27.04,102586.25,49.32,-104.48,9.71,0.06,1.32,-0.010,-0.061,-0.017,-0.23,-8.82,-0.18,0.000000,0.000000,716.18
27.06,102588.32,49.31,-104.65,9.70,0.06,1.31,-0.010,-0.062,-0.017,0.77,-7.87,-2.89,0.000000,0.000000,716.72
27.04,102587.52,49.31,-104.59,9.72,0.04,1.29,-0.010,-0.061,-0.016,1.27,-9.30,-1.08,0.000000,0.000000,717.26
26.91,102568.34,49.34,-102.73,9.71,0.05,1.32,-0.010,-0.062,-0.016,-0.23,-8.35,-0.63,0.000000,0.000000,717.80
26.97,102573.16,49.30,-103.40,9.73,0.04,1.32,-0.010,-0.061,-0.017,0.27,-7.87,-0.63,0.000000,0.000000,718.34
27.07,102587.16,49.28,-104.56,9.72,0.04,1.33,-0.011,-0.061,-0.018,-0.23,-10.25,-2.44,0.000000,0.000000,718.88
27.44,102647.90,49.30,-109.56,9.72,0.05,1.32,-0.010,-0.061,-0.018,-0.23,-8.35,0.28,0.000000,0.000000,719.42
27.46,102649.77,49.29,-109.72,9.73,0.06,1.32,-0.010,-0.062,-0.017,0.77,-7.87,-1.54,0.000000,0.000000,719.96
26.99,102573.95,49.27,-103.47,9.74,0.05,1.31,-0.011,-0.062,-0.017,0.77,-9.30,-1.54,0.000000,0.000000,720.50
26.97,102570.38,49.27,-103.17,9.76,0.06,1.35,-0.011,-0.061,-0.016,0.77,-8.35,0.28,0.000000,0.000000,721.04
27.02,102577.64,49.27,-103.77,9.72,0.04,1.34,-0.011,-0.061,-0.018,0.27,-7.87,-2.89,0.000000,0.000000,721.58
27.07,102584.69,49.27,-104.35,9.71,0.04,1.28,-0.009,-0.061,-0.017,0.77,-9.78,-1.08,0.000000,0.000000,722.12
26.86,102550.14,49.25,-101.51,9.71,0.04,1.31,-0.011,-0.062,-0.018,0.27,-8.35,-0.63,0.000000,0.000000,722.66
27.04,102580.55,49.25,-104.01,9.71,0.05,1.32,-0.010,-0.061,-0.016,0.27,-7.87,-2.89,0.000000,0.000000,723.20
26.82,102542.81,49.27,-100.90,9.73,0.04,1.34,-0.011,-0.060,-0.016,0.77,-9.78,-1.08,0.000000,0.000000,723.74
27.00,102571.27,49.26,-103.25,9.72,0.05,1.31,-0.010,-0.061,-0.016,0.77,-7.87,-0.18,0.000000,0.000000,724.28
26.89,102553.95,49.26,-101.82,9.72,0.06,1.34,-0.010,-0.061,-0.016,0.27,-8.35,-1.54,0.000000,0.000000,724.82
26.94,102559.64,49.25,-102.29,9.75,0.06,1.31,-0.010,-0.062,-0.017,0.27,-9.78,-1.08,0.000000,0.000000,725.36
26.76,102566.34,49.21,-102.84,9.72,0.04,1.31,-0.010,-0.061,-0.017,0.27,-8.35,-1.08,0.000000,0.000000,725.90
26.69,102519.12,49.21,-98.95,9.70,0.05,1.33,-0.010,-0.061,-0.017,0.27,-8.82,-1.99,0.000000,0.000000,726.44
27.03,102575.34,49.23,-103.58,9.73,0.05,1.35,-0.010,-0.062,-0.017,0.27,-8.82,-1.54,0.000000,0.000000,726.98
26.90,102550.35,49.22,-101.52,9.73,0.06,1.33,-0.011,-0.061,-0.018,0.27,-7.87,-0.18,0.000000,0.000000,727.52
26.95,102561.62,49.21,-102.45,9.73,0.06,1.34,-0.010,-0.061,-0.017,0.77,-8.82,-2.89,0.000000,0.000000,728.06
26.88,102547.52,49.20,-101.29,9.74,0.02,1.31,-0.011,-0.059,-0.017,0.27,-9.78,-0.63,0.000000,0.000000,728.60
27.28,102610.72,49.21,-106.50,9.70,0.05,1.32,-0.010,-0.063,-0.017,0.77,-8.35,-0.63,0.000000,0.000000,729.14
27.13,102587.39,49.20,-104.58,9.74,0.06,1.34,-0.010,-0.062,-0.018,0.77,-8.82,-3.80,0.000000,0.000000,729.68
26.86,102547.17,49.19,-101.26,9.72,0.05,1.29,-0.011,-0.061,-0.017,-0.23,-9.30,-0.63,0.000000,0.000000,730.23
26.95,102556.78,49.19,-102.05,9.71,0.06,1.31,-0.010,-0.060,-0.017,0.27,-8.35,-1.54,0.000000,0.000000,730.76
26.76,102525.63,49.18,-99.48,9.73,0.03,1.33,-0.011,-0.061,-0.017,0.27,-8.35,-2.44,0.000000,0.000000,731.30
26.80,102531.62,49.17,-99.98,9.72,0.05,1.33,-0.011,-0.061,-0.017,0.77,-9.30,-1.54,0.000000,0.000000,731.84
26.82,102534.39,49.17,-100.21,9.73,0.06,1.32,-0.011,-0.061,-0.017,0.77,-8.35,-0.18,0.000000,0.000000,732.38
27.51,102642.96,49.19,-109.16,9.74,0.07,1.31,-0.010,-0.061,-0.017,0.27,-8.35,-3.35,0.000000,0.000000,732.92
27.51,102642.45,49.19,-109.11,9.74,0.05,1.32,-0.010,-0.061,-0.017,0.27,-9.78,-1.08,0.000000,0.000000,733.47
27.39,102621.80,49.19,-107.85,9.74,0.04,1.28,-0.010,-0.062,-0.017,1.27,-7.39,-0.63,0.000000,0.000000,734.01
27.47,102640.98,49.18,-108.99,9.73,0.04,1.33,-0.010,-0.062,-0.017,0.77,-8.35,-1.54,0.000000,0.000000,734.55
27.40,102629.52,49.17,-108.05,9.72,0.06,1.33,-0.010,-0.062,-0.016,-0.23,-8.82,-1.54,0.000000,0.000000,735.09
27.40,102625.27,49.17,-107.70,9.74,0.06,1.31,-0.010,-0.060,-0.017,1.27,-8.82,-0.63,0.000000,0.000000,735.63
27.46,102634.48,49.18,-108.46,9.74,0.05,1.33,-0.011,-0.062,-0.016,0.27,-7.87,-1.99,0.000000,0.000000,736.17
27.43,102627.73,49.18,-107.90,9.71,0.05,1.33,-0.011,-0.063,-0.018,-0.23,-9.30,-0.63,0.000000,0.000000,736.71
27.46,102632.34,49.15,-108.28,9.75,0.05,1.34,-0.010,-0.062,-0.017,0.77,-8.35,-0.18,0.000000,0.000000,737.25
27.42,102628.11,49.15,-107.93,9.70,0.08,1.36,-0.011,-0.063,-0.017,0.27,-8.35,-1.08,0.000000,0.000000,737.79
27.43,102628.23,49.14,-107.94,9.73,0.05,1.31,-0.010,-0.061,-0.016,-0.23,-9.30,-1.08,0.000000,0.000000,738.33
27.43,102628.67,49.15,-107.98,9.73,0.05,1.32,-0.010,-0.061,-0.017,-0.23,-8.35,-0.18,0.000000,0.000000,738.87
27.44,102628.97,49.14,-108.00,9.71,0.05,1.34,-0.010,-0.062,-0.017,0.27,-8.82,-0.63,0.000000,0.000000,739.41
27.47,102632.84,49.14,-108.32,9.71,0.01,1.32,-0.011,-0.060,-0.017,-0.23,-8.82,-0.63,0.000000,0.000000,739.95
27.43,102628.92,49.13,-108.00,9.74,0.04,1.33,-0.010,-0.060,-0.017,0.77,-7.87,-0.63,0.000000,0.000000,740.49
27.47,102634.52,49.18,-108.43,9.73,0.04,1.31,-0.010,-0.061,-0.017,0.77,-8.35,-1.99,0.000000,0.000000,741.03
27.38,102618.97,49.16,-107.18,9.71,0.06,1.31,-0.010,-0.062,-0.017,0.27,-8.82,-2.44,0.000000,0.000000,741.57
27.43,102624.42,49.12,-107.63,9.74,0.06,1.32,-0.010,-0.061,-0.017,0.77,-8.35,-0.63,0.000000,0.000000,742.11
27.40,102621.45,49.11,-107.38,9.71,0.03,1.31,-0.011,-0.062,-0.018,0.27,-8.82,-1.08,0.000000,0.000000,742.65
27.33,102608.91,49.12,-106.35,9.74,0.04,1.32,-0.010,-0.062,-0.016,0.27,-9.30,-1.08,0.000000,0.000000,743.19
22.02,101754.49,48.95,-35.70,9.74,0.04,1.32,-0.011,-0.061,-0.017,1.27,-7.87,0.28,0.000000,0.000000,743.73
22.55,101771.88,48.90,-37.14,9.72,0.04,1.33,-0.011,-0.060,-0.017,1.27,-7.87,-0.63,0.000000,0.000000,744.27
22.23,101774.30,48.87,-37.34,9.73,0.05,1.33,-0.011,-0.062,-0.017,0.27,-9.30,-1.99,0.000000,0.000000,744.81
22.25,101776.36,48.85,-37.51,9.71,0.05,1.30,-0.010,-0.061,-0.017,0.77,-7.39,-0.63,0.000000,0.000000,745.35
22.53,101823.14,48.84,-41.39,9.72,0.06,1.30,-0.010,-0.062,-0.016,1.27,-8.35,-2.44,0.000000,0.000000,745.89
22.19,101765.57,48.80,-36.62,9.72,0.06,1.37,-0.010,-0.064,-0.018,-0.23,-8.35,-0.18,0.000000,0.000000,746.43
22.45,101803.57,48.79,-39.77,9.73,0.06,1.31,-0.010,-0.059,-0.016,1.27,-7.39,-0.18,0.000000,0.000000,746.97
22.06,101741.41,48.77,-34.61,9.74,0.04,1.36,-0.010,-0.062,-0.016,1.78,-7.87,-1.99,0.000000,0.000000,747.51
22.33,101784.59,48.74,-38.19,9.74,0.07,1.31,-0.011,-0.065,-0.016,0.27,-8.82,-0.18,0.000000,0.000000,748.05
22.07,101739.34,48.73,-34.44,9.78,0.02,1.32,-0.012,-0.060,-0.017,1.27,-8.82,-0.18,0.000000,0.000000,748.59
22.55,101813.90,48.74,-40.62,9.74,0.03,1.33,-0.011,-0.060,-0.016,0.27,-7.39,-1.99,0.000000,0.000000,749.13
22.25,101767.59,48.74,-36.78,9.69,0.06,1.34,-0.010,-0.062,-0.019,0.77,-7.87,-0.18,0.000000,0.000000,749.67
22.64,101830.08,48.71,-41.97,9.73,0.05,1.30,-0.012,-0.060,-0.017,0.77,-7.39,0.28,0.000000,0.000000,750.21
22.35,101783.81,48.72,-38.13,9.73,0.06,1.33,-0.011,-0.060,-0.017,-0.23,-7.87,-1.08,0.000000,0.000000,750.75
22.43,101796.53,48.70,-39.18,9.73,0.08,1.30,-0.011,-0.063,-0.017,0.77,-9.30,-0.18,0.000000,0.000000,751.29
22.39,101785.81,48.70,-38.30,9.73,0.04,1.31,-0.011,-0.061,-0.017,0.77,-7.87,0.73,0.000000,0.000000,751.83
22.40,101790.05,48.68,-38.65,9.76,0.06,1.33,-0.011,-0.062,-0.017,0.77,-7.87,-2.44,0.000000,0.000000,752.37
22.36,101783.77,48.69,-38.13,9.71,0.06,1.37,-0.011,-0.060,-0.017,0.77,-8.82,-0.63,0.000000,0.000000,752.91
22.33,101776.44,48.66,-37.52,9.69,0.08,1.32,-0.010,-0.060,-0.017,1.27,-7.87,0.73,0.000000,0.000000,753.46
22.66,101827.64,48.65,-41.76,9.72,0.04,1.30,-0.011,-0.059,-0.017,0.77,-9.78,-1.08,0.000000,0.000000,754.00
22.36,101780.31,48.63,-37.84,9.72,0.06,1.32,-0.011,-0.061,-0.015,1.27,-8.82,0.28,0.000000,0.000000,754.54
22.74,101839.38,48.64,-42.74,9.75,0.06,1.33,-0.011,-0.062,-0.017,1.27,-7.87,-1.54,0.000000,0.000000,755.08
22.41,101787.34,48.64,-38.42,9.74,0.06,1.34,-0.011,-0.061,-0.018,0.77,-9.30,-0.63,0.000000,0.000000,755.62
22.70,101832.91,48.63,-42.20,9.74,0.07,1.36,-0.011,-0.061,-0.016,1.27,-7.87,0.73,0.000000,0.000000,756.16
22.48,101798.92,48.61,-39.38,9.74,0.04,1.30,-0.011,-0.061,-0.016,0.77,-8.35,-0.18,0.000000,0.000000,756.70
22.83,101855.39,48.61,-44.06,9.73,0.03,1.32,-0.010,-0.059,-0.017,0.77,-7.87,-0.63,0.000000,0.000000,757.24
22.44,101790.94,48.60,-38.72,9.71,0.06,1.31,-0.011,-0.063,-0.017,0.27,-8.35,0.28,0.000000,0.000000,757.78
22.44,101789.70,48.59,-38.62,9.70,0.05,1.31,-0.010,-0.061,-0.017,1.27,-8.35,-1.99,0.000000,0.000000,758.33
22.39,101781.59,48.58,-37.95,9.73,0.04,1.32,-0.011,-0.061,-0.018,0.77,-9.78,-0.63,0.000000,0.000000,758.87
22.34,101770.94,48.59,-37.06,9.72,0.06,1.34,-0.011,-0.061,-0.016,1.78,-7.39,-0.18,0.000000,0.000000,759.40
22.67,101824.13,48.60,-41.47,9.73,0.06,1.30,-0.011,-0.061,-0.015,0.77,-8.35,-1.99,0.000000,0.000000,759.94
22.32,101769.38,48.55,-36.93,9.74,0.04,1.32,-0.011,-0.060,-0.017,0.77,-7.39,-1.08,0.000000,0.000000,760.48
22.67,101825.46,48.57,-41.58,9.72,0.04,1.28,-0.011,-0.060,-0.017,0.77,-7.87,-0.18,0.000000,0.000000,761.02
22.35,101769.91,48.54,-36.98,9.72,0.03,1.32,-0.011,-0.060,-0.017,0.77,-7.87,-1.99,0.000000,0.000000,761.57
22.72,101829.63,48.54,-41.93,9.74,0.05,1.33,-0.010,-0.062,-0.017,-0.23,-8.35,-0.18,0.000000,0.000000,762.11
22.39,101777.36,48.53,-37.59,9.73,0.03,1.31,-0.010,-0.060,-0.017,0.77,-7.39,-0.18,0.000000,0.000000,762.65
22.74,101831.95,48.53,-42.12,9.73,0.06,1.32,-0.011,-0.062,-0.017,0.27,-7.87,-1.99,0.000000,0.000000,763.19
22.43,101781.08,48.51,-37.90,9.73,0.07,1.32,-0.010,-0.060,-0.016,1.27,-7.87,-1.54,0.000000,0.000000,763.73
22.78,101836.89,48.51,-42.53,9.72,0.05,1.31,-0.012,-0.060,-0.018,0.77,-8.35,-0.18,0.000000,0.000000,764.27
22.45,101783.98,48.50,-38.14,9.74,0.04,1.32,-0.011,-0.060,-0.015,1.27,-7.87,-4.71,0.000000,0.000000,764.81
22.46,101786.57,48.50,-38.36,9.74,0.06,1.35,-0.012,-0.061,-0.017,0.77,-9.30,-1.08,0.000000,0.000000,765.35
22.79,101835.25,48.49,-42.40,9.74,0.05,1.33,-0.009,-0.060,-0.017,1.27,-6.92,-0.18,0.000000,0.000000,765.89
22.48,101784.15,48.48,-38.16,9.72,0.02,1.30,-0.010,-0.060,-0.017,0.27,-8.82,-1.99,0.000000,0.000000,766.43
22.79,101832.97,48.48,-42.21,9.75,0.05,1.32,-0.011,-0.062,-0.017,0.27,-8.35,-0.18,0.000000,0.000000,766.97
22.48,101783.06,48.49,-38.07,9.74,0.03,1.31,-0.011,-0.060,-0.017,0.77,-7.87,-0.63,0.000000,0.000000,767.51
22.79,101836.32,48.48,-42.48,9.69,0.06,1.34,-0.010,-0.062,-0.017,1.27,-8.35,-1.54,0.000000,0.000000,768.05
22.48,101784.24,48.47,-38.16,9.72,0.04,1.32,-0.010,-0.060,-0.017,1.27,-8.82,-1.54,0.000000,0.000000,768.59
22.77,101830.55,48.46,-42.01,9.77,0.04,1.32,-0.011,-0.060,-0.018,0.77,-7.87,-0.18,0.000000,0.000000,769.13
22.46,101781.97,48.40,-37.83,9.74,0.04,1.32,-0.011,-0.061,-0.016,1.27,-7.39,-1.54,0.000000,0.000000,769.67
22.79,101831.11,48.45,-42.05,9.73,0.05,1.33,-0.010,-0.061,-0.017,0.77,-8.82,-0.63,0.000000,0.000000,770.21
22.42,101772.19,48.47,-37.16,9.73,0.05,1.32,-0.010,-0.061,-0.018,0.77,-8.35,0.28,0.000000,0.000000,770.75
22.39,101764.97,48.43,-36.57,9.76,0.06,1.31,-0.011,-0.060,-0.017,1.27,-7.87,-0.63,0.000000,0.000000,771.29
22.41,101767.58,48.42,-36.78,9.72,0.04,1.29,-0.011,-0.060,-0.016,1.27,-8.82,-1.99,0.000000,0.000000,771.83
22.45,101774.97,48.41,-37.40,9.77,0.03,1.29,-0.011,-0.060,-0.017,1.27,-8.82,-0.63,0.000000,0.000000,772.37
22.66,101809.99,48.41,-40.30,9.73,0.05,1.31,-0.010,-0.062,-0.017,1.27,-8.35,-0.18,0.000000,0.000000,772.91
22.44,101772.57,48.40,-37.20,9.80,0.02,1.34,-0.011,-0.059,-0.015,0.77,-9.78,-1.08,0.000000,0.000000,773.45
22.74,101821.74,48.41,-41.28,9.73,0.05,1.33,-0.011,-0.060,-0.017,1.27,-7.39,-0.18,0.000000,0.000000,773.99
22.43,101769.78,48.39,-36.97,9.74,0.06,1.32,-0.011,-0.062,-0.017,0.77,-8.35,-1.08,0.000000,0.000000,774.53
22.70,101813.41,48.38,-40.58,9.73,0.05,1.28,-0.012,-0.060,-0.017,0.27,-9.30,-1.54,0.000000,0.000000,775.07
22.46,101773.94,48.38,-37.31,9.73,0.03,1.32,-0.011,-0.060,-0.017,1.27,-9.30,0.28,0.000000,0.000000,775.61
22.84,101834.30,48.39,-42.32,9.73,0.05,1.34,-0.011,-0.061,-0.017,1.27,-7.87,0.28,0.000000,0.000000,776.15
22.51,101779.34,48.38,-37.76,9.75,0.05,1.36,-0.010,-0.060,-0.016,0.77,-9.78,-0.63,0.000000,0.000000,776.69
22.91,101844.93,48.39,-43.20,9.72,0.05,1.34,-0.011,-0.060,-0.017,0.27,-8.82,-0.18,0.000000,0.000000,777.23
22.57,101790.42,48.36,-38.68,9.73,0.04,1.31,-0.011,-0.061,-0.016,0.27,-7.39,0.73,0.000000,0.000000,777.77
22.69,101809.89,48.36,-40.29,9.74,0.06,1.32,-0.011,-0.060,-0.017,0.27,-8.35,-1.54,0.000000,0.000000,778.31
22.60,101793.08,48.35,-38.90,9.74,0.06,1.32,-0.011,-0.061,-0.017,0.27,-8.35,-0.63,0.000000,0.000000,778.85
22.50,101774.99,48.34,-37.40,9.71,0.03,1.30,-0.011,-0.060,-0.017,1.27,-7.87,0.28,0.000000,0.000000,779.39
22.49,101830.64,48.33,-42.01,9.68,0.04,1.32,-0.011,-0.060,-0.017,0.77,-7.87,-1.08,0.000000,0.000000,779.93
22.52,101780.30,48.32,-37.84,9.70,0.04,1.34,-0.011,-0.060,-0.017,1.27,-8.82,0.28,0.000000,0.000000,780.47
22.89,101837.97,48.33,-42.62,9.75,0.04,1.32,-0.011,-0.061,-0.017,1.78,-7.39,0.73,0.000000,0.000000,781.01
22.54,101782.30,48.33,-38.00,9.71,0.06,1.37,-0.011,-0.062,-0.018,0.77,-8.82,-1.08,0.000000,0.000000,781.55
22.86,101830.28,48.32,-41.98,9.74,0.06,1.35,-0.010,-0.060,-0.016,0.27,-8.35,0.28,0.000000,0.000000,782.09
22.56,101784.22,48.30,-38.16,9.78,0.03,1.32,-0.012,-0.060,-0.017,0.77,-6.92,-0.18,0.000000,0.000000,782.63
22.92,101841.19,48.32,-42.89,9.72,0.05,1.35,-0.011,-0.062,-0.018,0.77,-7.87,-1.54,0.000000,0.000000,783.17
22.61,101792.34,48.32,-38.77,9.73,0.04,1.30,-0.011,-0.060,-0.018,0.77,-8.82,-1.08,0.000000,0.000000,783.71
23.00,101850.20,48.30,-43.64,9.74,0.04,1.30,-0.011,-0.059,-0.016,1.27,-7.87,0.73,0.000000,0.000000,784.25
22.65,101794.34,48.29,-39.00,9.69,0.06,1.30,-0.011,-0.060,-0.018,0.27,-7.87,-1.08,0.000000,0.000000,784.79
22.66,101795.91,48.29,-39.13,9.70,0.03,1.28,-0.011,-0.062,-0.017,0.77,-7.87,-0.63,0.000000,0.000000,785.33
22.65,101790.70,48.28,-38.70,9.72,0.05,1.32,-0.011,-0.061,-0.016,1.27,-8.35,0.28,0.000000,0.000000,785.87
22.68,101798.91,48.28,-39.38,9.74,0.05,1.33,-0.011,-0.061,-0.017,0.77,-7.87,-1.99,0.000000,0.000000,786.41
23.03,101854.00,48.29,-43.95,9.73,0.05,1.32,-0.011,-0.061,-0.017,1.27,-7.87,-0.63,0.000000,0.000000,786.95
22.65,101794.17,48.27,-38.99,9.73,0.05,1.34,-0.010,-0.061,-0.017,1.27,-7.87,-0.18,0.000000,0.000000,787.49
22.98,101847.39,48.27,-43.40,9.74,0.02,1.30,-0.011,-0.062,-0.017,0.77,-7.87,-2.89,0.000000,0.000000,788.03
22.63,101788.23,48.25,-38.50,9.72,0.03,1.31,-0.011,-0.061,-0.017,0.27,-8.82,-1.54,0.000000,0.000000,788.57
23.01,101848.74,48.25,-43.51,9.74,0.05,1.33,-0.011,-0.061,-0.017,0.77,-8.35,-0.63,0.000000,0.000000,789.11
22.68,101794.40,48.25,-39.01,9.73,0.03,1.31,-0.011,-0.062,-0.019,1.27,-7.87,-0.63,0.000000,0.000000,789.65
23.05,101855.93,48.26,-44.11,9.73,0.06,1.34,-0.011,-0.060,-0.016,-0.23,-8.82,-1.99,0.000000,0.000000,790.20
22.69,101797.16,48.23,-39.24,9.73,0.05,1.35,-0.011,-0.060,-0.016,0.27,-8.82,-0.18,0.000000,0.000000,790.73
23.01,101845.88,48.23,-43.28,9.72,0.06,1.32,-0.011,-0.062,-0.017,1.78,-7.87,-0.18,0.000000,0.000000,791.27
22.67,101791.88,48.23,-38.80,9.73,0.04,1.33,-0.011,-0.061,-0.017,0.77,-7.87,-1.08,0.000000,0.000000,791.81
22.68,101792.56,48.23,-38.86,9.76,0.05,1.33,-0.011,-0.061,-0.016,0.27,-8.82,-0.63,0.000000,0.000000,792.35
23.00,101842.92,48.23,-43.03,9.72,0.04,1.31,-0.010,-0.061,-0.017,1.78,-7.39,0.73,0.000000,0.000000,792.89
22.71,101794.98,48.22,-39.06,9.73,0.05,1.34,-0.011,-0.061,-0.017,0.27,-9.78,-1.08,0.000000,0.000000,793.44
23.03,101847.41,48.21,-43.40,9.73,0.04,1.36,-0.012,-0.061,-0.017,0.27,-8.82,-0.63,0.000000,0.000000,793.98
22.71,101794.23,48.20,-38.99,9.72,0.05,1.33,-0.012,-0.060,-0.017,1.27,-7.87,0.28,0.000000,0.000000,794.51
23.02,101843.16,48.21,-43.05,9.71,0.04,1.31,-0.011,-0.060,-0.017,1.27,-7.87,-2.89,0.000000,0.000000,795.05
22.70,101794.48,48.18,-39.01,9.73,0.04,1.32,-0.011,-0.060,-0.018,0.27,-9.78,-1.54,0.000000,0.000000,795.60
23.00,101842.20,48.21,-42.97,9.71,0.06,1.32,-0.011,-0.062,-0.017,1.27,-7.39,-0.63,0.000000,0.000000,796.14
22.76,101801.75,48.19,-39.62,9.70,0.03,1.33,-0.012,-0.059,-0.017,0.77,-7.87,-1.54,0.000000,0.000000,796.68
23.13,101861.17,48.17,-44.54,9.73,0.04,1.35,-0.012,-0.061,-0.017,0.27,-9.30,-0.18,0.000000,0.000000,797.22
22.76,101801.47,48.16,-39.42,9.73,0.05,1.33,-0.012,-0.060,-0.017,0.77,-7.39,-1.08,0.000000,0.000000,797.76
22.75,101799.58,48.16,-39.44,9.73,0.06,1.34,-0.011,-0.060,-0.018,0.77,-8.35,-2.44,0.000000,0.000000,798.30
22.71,101793.95,48.15,-38.97,9.75,0.06,1.31,-0.010,-0.060,-0.017,1.27,-8.35,-2.44,0.000000,0.000000,798.84
22.73,101795.84,48.15,-39.13,9.73,0.06,1.35,-0.011,-0.060,-0.016,0.27,-8.35,-0.63,0.000000,0.000000,799.38
22.93,101829.16,48.15,-41.89,9.78,0.06,1.30,-0.012,-0.059,-0.015,0.77,-7.87,-1.08,0.000000,0.000000,799.92
22.59,101770.31,48.16,-37.01,9.73,0.03,1.32,-0.012,-0.061,-0.017,0.77,-8.82,0.28,0.000000,0.000000,800.46
22.95,101829.75,48.13,-41.94,9.74,0.06,1.34,-0.011,-0.062,-0.017,1.27,-8.35,-0.18,0.000000,0.000000,801.00
22.59,101769.55,48.13,-36.95,9.72,0.05,1.27,-0.011,-0.060,-0.017,0.77,-8.35,0.73,0.000000,0.000000,801.54
22.94,101824.92,48.11,-41.54,9.74,0.05,1.32,-0.011,-0.059,-0.017,0.27,-9.78,-1.08,0.000000,0.000000,802.08
22.61,101771.27,48.14,-37.09,9.74,0.04,1.30,-0.012,-0.060,-0.016,1.27,-8.82,-0.18,0.000000,0.000000,802.62
22.93,101821.66,48.14,-41.27,9.72,0.07,1.32,-0.012,-0.063,-0.015,0.27,-7.39,-0.18,0.000000,0.000000,803.16
22.56,101764.81,48.11,-36.55,9.75,0.03,1.30,-0.011,-0.061,-0.016,0.77,-9.78,-1.08,0.000000,0.000000,803.70
22.70,101784.02,48.08,-38.15,9.75,0.05,1.32,-0.011,-0.061,-0.017,0.77,-8.35,-0.18,0.000000,0.000000,804.24
22.53,101752.53,48.08,-35.53,9.73,0.06,1.30,-0.011,-0.060,-0.017,1.78,-7.87,-0.18,0.000000,0.000000,804.78
22.72,101785.31,48.08,-38.25,9.71,0.06,1.34,-0.011,-0.061,-0.017,0.27,-7.87,-1.99,0.000000,0.000000,805.32
22.49,101746.11,48.07,-35.00,9.73,0.06,1.31,-0.012,-0.060,-0.017,0.77,-8.35,-0.18,0.000000,0.000000,805.86
22.50,101749.18,48.05,-35.26,9.78,0.04,1.33,-0.011,-0.059,-0.017,1.27,-7.87,-0.18,0.000000,0.000000,806.40
22.76,101791.28,48.06,-38.75,9.72,0.07,1.36,-0.012,-0.063,-0.017,0.77,-8.35,-0.18,0.000000,0.000000,806.94
22.46,101743.21,48.06,-34.76,9.75,0.05,1.28,-0.011,-0.060,-0.017,0.27,-9.30,-0.63,0.000000,0.000000,807.48
22.75,101787.61,48.04,-38.44,9.73,0.06,1.34,-0.012,-0.060,-0.017,0.27,-8.35,-0.63,0.000000,0.000000,808.02
21.79,101634.61,48.02,-25.74,9.77,0.04,1.28,-0.011,-0.060,-0.015,1.27,-7.87,-1.54,0.000000,0.000000,808.56
22.78,101789.72,48.04,-38.62,9.67,0.06,1.37,-0.011,-0.061,-0.017,0.77,-8.35,-0.18,0.000000,0.000000,809.10
22.50,101743.86,48.03,-34.81,9.75,0.05,1.30,-0.012,-0.060,-0.015,1.27,-7.87,0.28,0.000000,0.000000,809.64
22.91,101810.71,48.03,-40.36,9.70,0.03,1.29,-0.011,-0.060,-0.018,1.27,-8.35,-1.08,0.000000,0.000000,810.18
22.53,101749.80,48.02,-35.31,9.74,0.06,1.31,-0.012,-0.061,-0.016,0.77,-8.82,-1.08,0.000000,0.000000,810.72
22.87,101801.13,48.04,-39.57,9.73,0.07,1.33,-0.011,-0.061,-0.016,-0.23,-7.87,0.28,0.000000,0.000000,811.26
22.58,101757.42,48.03,-35.94,9.76,0.05,1.33,-0.013,-0.062,-0.015,0.77,-7.87,-2.44,0.000000,0.000000,811.80
22.63,101761.73,48.02,-36.30,9.75,0.05,1.31,-0.010,-0.060,-0.017,0.77,-9.78,-1.54,0.000000,0.000000,812.34
22.63,101764.95,48.02,-36.56,9.73,0.03,1.31,-0.011,-0.060,-0.016,1.27,-8.35,-0.63,0.000000,0.000000,812.88
22.65,101764.95,48.00,-36.56,9.71,0.04,1.32,-0.011,-0.060,-0.017,1.78,-8.35,0.73,0.000000,0.000000,813.42
23.05,101827.91,48.02,-41.79,9.74,0.05,1.31,-0.011,-0.062,-0.017,1.27,-7.87,0.73,0.000000,0.000000,813.96
22.72,101776.30,48.00,-37.51,9.72,0.05,1.31,-0.012,-0.059,-0.016,0.27,-8.82,-0.63,0.000000,0.000000,814.50
23.15,101845.98,48.00,-43.29,9.74,0.06,1.34,-0.011,-0.062,-0.018,1.78,-7.87,-0.18,0.000000,0.000000,815.04
22.83,101793.94,47.99,-38.97,9.74,0.04,1.29,-0.011,-0.060,-0.017,0.77,-7.39,0.73,0.000000,0.000000,815.58
23.17,101845.52,48.02,-43.25,9.72,0.06,1.35,-0.011,-0.062,-0.016,0.27,-8.82,-0.63,0.000000,0.000000,816.12
22.86,101798.11,47.99,-39.32,9.75,0.07,1.32,-0.012,-0.061,-0.015,0.77,-7.87,0.73,0.000000,0.000000,816.66
23.21,101854.16,47.99,-43.96,9.71,0.05,1.31,-0.011,-0.061,-0.017,0.27,-7.87,-2.44,0.000000,0.000000,817.20
22.88,101801.34,47.97,-39.58,9.73,0.00,1.31,-0.011,-0.056,-0.019,-0.23,-9.30,-1.99,0.000000,0.000000,817.74
23.23,101857.03,47.99,-44.20,9.71,0.06,1.34,-0.011,-0.061,-0.017,0.77,-8.82,-0.63,0.000000,0.000000,818.28
28.13,102648.63,48.11,-109.62,9.73,0.04,1.29,-0.011,-0.061,-0.018,0.77,-8.35,-1.54,0.000000,0.000000,818.82
28.07,102642.75,48.18,-109.14,9.72,0.04,1.31,-0.011,-0.061,-0.017,1.27,-8.35,-1.99,0.000000,0.000000,819.36
28.20,102667.42,48.17,-111.17,9.73,0.05,1.30,-0.011,-0.060,-0.017,0.27,-9.30,-0.63,0.000000,0.000000,819.90
27.84,102610.93,48.18,-106.52,9.71,0.06,1.30,-0.011,-0.060,-0.017,1.27,-7.87,-0.18,0.000000,0.000000,820.45
28.27,102680.15,48.19,-112.22,9.73,0.03,1.32,-0.011,-0.061,-0.017,-0.23,-9.30,-1.08,0.000000,0.000000,820.99
28.15,102660.80,48.21,-110.62,9.73,0.09,1.33,-0.010,-0.062,-0.017,0.27,-8.82,-0.18,0.000000,0.000000,821.52
28.36,102696.39,48.22,-113.56,9.74,0.06,1.34,-0.012,-0.061,-0.017,-0.23,-7.87,-0.63,0.000000,0.000000,822.06
28.35,102692.72,48.23,-113.26,9.73,0.07,1.34,-0.012,-0.063,-0.015,0.77,-8.82,-1.99,0.000000,0.000000,822.60
28.36,102696.00,48.23,-113.53,9.72,0.06,1.33,-0.011,-0.061,-0.017,0.27,-9.78,-1.54,0.000000,0.000000,823.14
28.35,102693.98,48.24,-113.36,9.75,0.03,1.32,-0.011,-0.061,-0.017,-0.23,-9.30,-0.63,0.000000,0.000000,823.69
28.36,102699.55,48.24,-113.82,9.71,0.03,1.32,-0.011,-0.061,-0.018,0.27,-8.35,-1.54,0.000000,0.000000,824.23
28.36,102696.52,48.28,-113.57,9.75,0.06,1.28,-0.011,-0.060,-0.016,0.77,-9.78,-1.54,0.000000,0.000000,824.77
28.36,102696.41,48.25,-113.56,9.74,0.06,1.34,-0.011,-0.062,-0.017,0.77,-8.82,-1.08,0.000000,0.000000,825.31
28.36,102693.96,48.25,-113.36,9.71,0.05,1.32,-0.011,-0.061,-0.016,1.27,-8.35,-0.18,0.000000,0.000000,825.84
28.35,102694.16,48.25,-113.37,9.72,0.04,1.31,-0.010,-0.060,-0.017,0.27,-8.82,-2.44,0.000000,0.000000,826.38
28.36,102694.88,48.25,-113.43,9.73,0.04,1.30,-0.012,-0.060,-0.018,-1.24,-9.30,-1.99,0.000000,0.000000,826.93
28.35,102692.20,48.28,-113.21,9.72,0.04,1.32,-0.011,-0.061,-0.017,0.77,-7.39,-0.18,0.000000,0.000000,827.47
28.36,102693.69,48.29,-113.34,9.73,0.03,1.29,-0.011,-0.060,-0.016,0.27,-8.35,-2.89,0.000000,0.000000,828.01
28.33,102688.98,48.25,-112.95,9.71,0.05,1.29,-0.011,-0.060,-0.016,0.77,-9.30,-1.99,0.000000,0.000000,828.55
28.36,102691.89,48.27,-113.19,9.74,0.02,1.31,-0.012,-0.060,-0.017,0.77,-7.87,-0.63,0.000000,0.000000,829.09
28.35,102692.13,48.24,-113.21,9.72,0.06,1.31,-0.011,-0.060,-0.016,1.27,-7.87,-0.18,0.000000,0.000000,829.63
28.36,102694.45,48.29,-113.40,9.74,0.05,1.34,-0.011,-0.062,-0.017,0.77,-8.35,-2.44,0.000000,0.000000,830.17
28.35,102691.26,48.24,-113.13,9.75,0.03,1.32,-0.011,-0.061,-0.017,0.27,-8.82,-1.08,0.000000,0.000000,830.71
28.36,102692.81,48.26,-113.26,9.74,0.04,1.33,-0.011,-0.062,-0.017,1.78,-7.87,-0.18,0.000000,0.000000,831.25
28.36,102692.25,48.24,-113.22,9.71,0.05,1.34,-0.011,-0.061,-0.018,0.77,-7.87,-1.54,0.000000,0.000000,831.79
28.36,102694.45,48.24,-113.43,9.74,0.04,1.32,-0.011,-0.062,-0.017,0.77,-9.78,-1.54,0.000000,0.000000,832.33
28.36,102695.56,48.24,-113.49,9.72,0.05,1.32,-0.011,-0.060,-0.017,0.77,-7.87,-0.63,0.000000,0.000000,832.87
28.37,102693.40,48.24,-113.31,9.70,0.05,1.34,-0.010,-0.062,-0.018,0.77,-8.35,-2.44,0.000000,0.000000,833.41
28.36,102691.14,48.24,-113.12,9.73,0.06,1.33,-0.010,-0.061,-0.016,0.77,-9.78,-2.44,0.000000,0.000000,833.95
28.36,102692.40,48.23,-113.23,9.72,0.06,1.29,-0.012,-0.062,-0.018,-0.23,-8.35,-1.08,0.000000,0.000000,834.49
28.38,102694.78,48.23,-113.42,9.71,0.04,1.31,-0.011,-0.061,-0.017,1.27,-8.82,-0.63,0.000000,0.000000,835.03
28.37,102695.45,48.23,-113.48,9.74,0.04,1.32,-0.012,-0.062,-0.017,0.27,-8.82,-1.54,0.000000,0.000000,835.57
28.38,102692.73,48.22,-113.26,9.74,0.05,1.29,-0.011,-0.060,-0.016,1.27,-9.30,-2.44,0.000000,0.000000,836.11
28.36,102690.19,48.23,-113.05,9.74,0.05,1.31,-0.011,-0.061,-0.017,0.77,-7.87,-0.18,0.000000,0.000000,836.65
28.38,102690.94,48.22,-113.11,9.73,0.05,1.34,-0.010,-0.062,-0.017,0.77,-7.87,-3.35,0.000000,0.000000,837.19
28.37,102689.21,48.22,-112.97,9.71,0.05,1.33,-0.012,-0.061,-0.017,0.27,-8.35,-1.54,0.000000,0.000000,837.73
28.35,102686.08,48.23,-112.71,9.73,0.05,1.29,-0.010,-0.061,-0.017,0.27,-9.30,-0.18,0.000000,0.000000,838.27
28.30,102679.16,48.22,-112.14,9.72,0.03,1.32,-0.011,-0.060,-0.017,1.27,-7.87,-0.63,0.000000,0.000000,838.81
28.35,102685.32,48.21,-112.64,9.69,0.05,1.33,-0.011,-0.062,-0.017,0.77,-9.30,-2.44,0.000000,0.000000,839.35
28.37,102688.02,48.21,-112.87,9.73,0.07,1.32,-0.011,-0.062,-0.018,0.27,-9.30,-1.54,0.000000,0.000000,839.89
28.36,102686.97,48.20,-112.78,9.74,0.04,1.29,-0.011,-0.062,-0.017,0.77,-7.87,-0.18,0.000000,0.000000,840.43
28.30,102678.13,48.23,-112.05,9.72,0.07,1.28,-0.011,-0.060,-0.016,0.77,-8.35,-2.89,0.000000,0.000000,840.97
28.40,102691.80,48.19,-113.18,9.72,0.07,1.33,-0.010,-0.060,-0.017,0.77,-9.30,-0.63,0.000000,0.000000,841.51
28.40,102693.84,48.19,-113.35,9.76,0.06,1.30,-0.010,-0.061,-0.017,0.77,-8.82,-0.63,0.000000,0.000000,842.05
28.39,102687.95,48.20,-112.86,9.73,0.02,1.32,-0.011,-0.059,-0.018,-0.23,-8.35,-2.44,0.000000,0.000000,842.59
28.40,102689.19,48.19,-112.96,9.74,0.04,1.26,-0.011,-0.060,-0.016,0.27,-9.78,-2.44,0.000000,0.000000,843.13
28.39,102692.55,48.18,-113.24,9.70,0.05,1.32,-0.010,-0.060,-0.018,0.77,-8.82,-0.63,0.000000,0.000000,843.67
28.38,102686.78,48.19,-112.77,9.74,0.04,1.30,-0.011,-0.061,-0.017,0.77,-7.87,-0.18,0.000000,0.000000,844.21
28.34,102682.55,48.22,-112.42,9.73,0.03,1.34,-0.011,-0.060,-0.018,0.27,-7.39,-1.99,0.000000,0.000000,844.75
28.39,102688.72,48.20,-112.93,9.72,0.07,1.34,-0.011,-0.062,-0.016,0.77,-10.25,-1.08,0.000000,0.000000,845.29
28.37,102686.66,48.19,-112.76,9.71,0.05,1.29,-0.011,-0.060,-0.018,1.27,-8.82,-0.63,0.000000,0.000000,845.83
28.40,102689.78,48.18,-113.01,9.73,0.05,1.33,-0.011,-0.061,-0.017,0.27,-8.35,-1.54,0.000000,0.000000,846.37
28.38,102689.34,48.17,-112.98,9.74,0.06,1.32,-0.011,-0.062,-0.017,-0.23,-9.30,-1.54,0.000000,0.000000,846.91
28.33,102677.06,48.18,-111.97,9.73,0.04,1.32,-0.011,-0.062,-0.017,0.27,-8.82,-0.18,0.000000,0.000000,847.45
28.41,102690.34,48.19,-113.06,9.74,0.04,1.29,-0.011,-0.061,-0.017,1.27,-9.30,-0.63,0.000000,0.000000,847.99
28.23,102660.70,48.17,-110.62,9.72,0.06,1.31,-0.011,-0.061,-0.017,1.27,-8.82,-1.54,0.000000,0.000000,848.53
28.27,102666.63,48.16,-111.11,9.72,0.07,1.32,-0.011,-0.061,-0.017,0.27,-9.30,-1.08,0.000000,0.000000,849.07
28.13,102642.50,48.16,-109.12,9.73,0.05,1.30,-0.011,-0.060,-0.016,1.27,-9.30,-0.18,0.000000,0.000000,849.61
28.25,102660.93,48.16,-110.64,9.73,0.05,1.33,-0.010,-0.061,-0.019,0.27,-8.35,-3.35,0.000000,0.000000,850.15
28.28,102667.64,48.16,-111.19,9.70,0.08,1.34,-0.011,-0.062,-0.017,1.27,-9.78,-0.63,0.000000,0.000000,850.70
28.24,102661.56,48.16,-110.69,9.74,0.05,1.30,-0.010,-0.060,-0.017,-0.23,-8.35,-1.99,0.000000,0.000000,851.24
28.31,102668.16,48.15,-111.23,9.73,0.06,1.33,-0.011,-0.062,-0.016,-0.23,-9.30,-0.18,0.000000,0.000000,851.78
28.31,102670.88,48.14,-111.46,9.76,0.03,1.29,-0.010,-0.059,-0.017,0.77,-8.35,-1.08,0.000000,0.000000,852.32
28.31,102671.03,48.14,-111.47,9.60,0.03,1.36,-0.011,-0.061,-0.016,0.27,-7.87,-1.54,0.000000,0.000000,852.86
28.31,102672.59,48.14,-111.60,9.78,0.04,1.33,-0.011,-0.062,-0.017,0.27,-8.35,-1.99,0.000000,0.000000,853.40
28.32,102668.95,48.14,-111.30,9.73,0.06,1.33,-0.010,-0.062,-0.016,0.77,-8.82,-0.63,0.000000,0.000000,853.94
28.29,102665.84,48.13,-111.04,9.74,0.05,1.31,-0.011,-0.062,-0.017,1.27,-7.39,-1.08,0.000000,0.000000,854.48
28.30,102668.59,48.13,-111.27,9.75,0.06,1.35,-0.011,-0.061,-0.016,0.77,-8.35,-1.99,0.000000,0.000000,855.02
28.18,102646.52,48.11,-109.45,9.71,0.04,1.32,-0.011,-0.061,-0.017,-0.74,-8.35,-1.08,0.000000,0.000000,855.56
28.14,102640.34,48.12,-108.94,9.73,0.05,1.31,-0.011,-0.062,-0.017,0.27,-8.35,-0.18,0.000000,0.000000,856.10
28.47,102693.23,48.13,-113.30,9.72,0.05,1.36,-0.011,-0.060,-0.018,0.27,-8.35,-1.54,0.000000,0.000000,856.64
28.46,102693.25,48.12,-113.30,9.87,0.06,1.36,-0.010,-0.064,-0.021,-0.23,-9.30,-1.54,0.000000,0.000000,857.18
28.47,102694.08,48.11,-113.37,9.77,0.06,1.31,-0.012,-0.063,-0.017,0.77,-8.82,-1.08,0.000000,0.000000,857.72
28.47,102692.20,48.12,-113.21,9.75,0.03,1.30,-0.010,-0.060,-0.018,0.77,-7.87,-0.18,0.000000,0.000000,858.26
28.47,102692.11,48.11,-113.20,9.72,0.05,1.33,-0.011,-0.061,-0.017,0.77,-8.82,-1.99,0.000000,0.000000,858.80
28.47,102695.42,48.11,-113.48,9.74,0.04,1.32,-0.011,-0.061,-0.018,-0.23,-8.82,-1.08,0.000000,0.000000,859.34
28.48,102692.16,48.11,-113.21,9.71,0.06,1.32,-0.011,-0.062,-0.016,0.77,-8.35,-0.18,0.000000,0.000000,859.88
28.48,102694.38,48.11,-113.39,9.74,0.04,1.31,-0.011,-0.060,-0.017,0.77,-8.35,-1.99,0.000000,0.000000,860.42
28.48,102692.75,48.10,-113.26,9.71,0.06,1.31,-0.011,-0.060,-0.017,0.77,-9.30,0.28,0.000000,0.000000,860.96
28.47,102691.58,48.09,-113.16,9.74,0.05,1.30,-0.011,-0.060,-0.017,0.27,-8.35,-1.54,0.000000,0.000000,861.50
28.48,102691.14,48.11,-113.12,9.72,0.04,1.34,-0.011,-0.061,-0.016,0.77,-7.87,-0.63,0.000000,0.000000,862.04
28.47,102689.97,48.09,-113.03,9.71,0.04,1.29,-0.010,-0.062,-0.018,-0.23,-8.82,-2.44,0.000000,0.000000,862.58
28.48,102691.04,48.10,-113.12,9.74,0.04,1.32,-0.010,-0.062,-0.018,0.27,-8.35,-1.08,0.000000,0.000000,863.12
28.38,102674.61,48.08,-111.76,9.72,0.03,1.33,-0.011,-0.059,-0.018,0.27,-8.35,-0.63,0.000000,0.000000,863.66
28.42,102681.79,48.08,-112.29,9.77,0.12,1.27,-0.010,-0.062,-0.014,0.77,-8.82,-1.54,0.000000,0.000000,864.20
28.42,102682.94,48.08,-112.45,9.74,0.06,1.31,-0.011,-0.059,-0.018,0.77,-8.35,-0.63,0.000000,0.000000,864.74
28.43,102683.94,48.07,-112.53,9.69,0.05,1.35,-0.012,-0.061,-0.016,0.27,-7.87,-0.63,0.000000,0.000000,865.28
28.47,102687.23,48.08,-112.80,9.74,0.05,1.29,-0.011,-0.060,-0.016,0.77,-7.87,-0.63,0.000000,0.000000,865.82
28.46,102683.91,48.10,-112.53,9.73,0.03,1.36,-0.010,-0.061,-0.016,0.27,-10.73,-0.63,0.000000,0.000000,866.36
28.46,102685.08,48.07,-112.63,9.73,0.07,1.34,-0.011,-0.062,-0.017,0.77,-8.82,-1.99,0.000000,0.000000,866.90
28.46,102686.52,48.05,-112.74,9.71,0.03,1.29,-0.011,-0.061,-0.017,1.27,-7.87,-0.18,0.000000,0.000000,867.44
28.47,102686.73,48.07,-112.76,9.71,0.06,1.32,-0.011,-0.062,-0.017,0.77,-8.35,-1.54,0.000000,0.000000,867.98
28.47,102685.56,48.05,-112.66,9.76,0.04,1.30,-0.011,-0.060,-0.015,0.27,-9.30,-0.63,0.000000,0.000000,868.52
28.48,102688.31,48.08,-112.89,9.71,0.04,1.35,-0.011,-0.061,-0.017,0.77,-8.35,-0.63,0.000000,0.000000,869.06
28.48,102686.44,48.04,-112.74,9.47,0.14,1.27,-0.010,-0.069,-0.018,0.27,-7.87,0.73,0.000000,0.000000,869.60
28.50,102689.19,48.05,-112.96,9.76,0.05,1.31,-0.012,-0.060,-0.017,0.27,-9.78,-2.44,0.000000,0.000000,870.14
28.49,102686.69,48.04,-112.76,9.72,0.07,1.32,-0.011,-0.060,-0.017,0.27,-8.82,-1.08,0.000000,0.000000,870.68
28.50,102687.39,48.03,-112.82,9.73,0.03,1.34,-0.011,-0.061,-0.017,1.27,-8.35,-0.18,0.000000,0.000000,871.22
28.48,102687.30,48.03,-112.81,9.73,0.05,1.33,-0.011,-0.060,-0.017,0.77,-8.35,-1.99,0.000000,0.000000,871.76
28.49,102686.22,48.02,-112.72,9.72,0.07,1.32,-0.011,-0.063,-0.018,0.27,-8.35,-0.63,0.000000,0.000000,872.30
28.51,102687.61,48.01,-112.83,9.75,0.04,1.33,-0.011,-0.060,-0.017,-0.23,-8.35,-0.63,0.000000,0.000000,872.85
28.49,102685.20,48.02,-112.64,9.74,0.03,1.32,-0.012,-0.061,-0.016,0.27,-8.35,-0.63,0.000000,0.000000,873.39
28.52,102692.06,48.04,-113.20,9.72,-0.01,1.28,-0.011,-0.058,-0.021,1.27,-8.82,-1.99,0.000000,0.000000,873.93
28.49,102684.38,48.01,-112.57,9.77,0.15,1.34,-0.011,-0.062,-0.014,0.27,-7.87,-0.63,0.000000,0.000000,874.47
28.53,102690.91,48.00,-113.11,9.73,0.08,1.29,-0.011,-0.061,-0.017,0.77,-6.92,0.28,0.000000,0.000000,875.00
28.51,102690.04,48.00,-113.03,9.71,0.07,1.28,-0.011,-0.061,-0.017,0.77,-8.82,-3.80,0.000000,0.000000,875.54
28.53,102692.95,48.00,-113.27,9.72,0.04,1.32,-0.011,-0.062,-0.017,0.27,-9.30,-1.54,0.000000,0.000000,876.09
28.51,102686.56,47.99,-112.75,9.74,0.06,1.32,-0.011,-0.062,-0.018,0.77,-8.82,-1.08,0.000000,0.000000,876.63
28.54,102691.92,47.99,-113.19,9.71,0.06,1.33,-0.011,-0.060,-0.018,0.27,-8.82,-0.18,0.000000,0.000000,877.17
28.51,102685.09,48.03,-112.63,9.74,0.04,1.32,-0.011,-0.060,-0.016,0.77,-7.87,-0.18,0.000000,0.000000,877.71
28.52,102687.36,47.98,-112.81,9.74,0.07,1.32,-0.012,-0.060,-0.017,0.27,-7.87,-1.99,0.000000,0.000000,878.25
28.52,102686.19,47.97,-112.72,9.74,0.04,1.33,-0.010,-0.061,-0.016,0.27,-8.82,-1.54,0.000000,0.000000,878.79
28.53,102689.14,47.96,-112.96,9.71,0.04,1.32,-0.011,-0.061,-0.017,0.77,-8.35,-1.08,0.000000,0.000000,879.33
28.51,102684.69,47.96,-112.59,9.74,0.03,1.32,-0.012,-0.061,-0.016,0.27,-8.82,-1.08,0.000000,0.000000,879.87
28.53,102689.48,47.97,-112.99,9.73,0.04,1.31,-0.011,-0.061,-0.017,0.27,-9.78,-2.44,0.000000,0.000000,880.41
28.55,102689.99,47.97,-113.03,9.73,0.06,1.34,-0.012,-0.061,-0.017,0.27,-8.82,-0.18,0.000000,0.000000,880.95
28.53,102686.05,47.96,-112.71,9.72,0.06,1.34,-0.011,-0.063,-0.018,0.77,-8.35,-0.18,0.000000,0.000000,881.49
28.51,102682.30,47.95,-112.40,9.72,0.06,1.31,-0.011,-0.062,-0.017,0.27,-7.87,-3.35,0.000000,0.000000,882.03
28.54,102687.53,47.95,-112.83,9.72,0.04,1.31,-0.011,-0.061,-0.017,-0.74,-8.82,-1.99,0.000000,0.000000,882.57
28.55,102689.38,47.97,-112.79,9.73,0.05,1.30,-0.013,-0.061,-0.016,0.77,-8.35,-0.18,0.000000,0.000000,883.11
28.55,102684.03,47.95,-112.54,9.75,0.05,1.28,-0.012,-0.061,-0.016,0.27,-7.87,-0.18,0.000000,0.000000,883.65
28.55,102689.11,47.94,-112.96,9.74,0.04,1.30,-0.012,-0.060,-0.016,0.77,-8.82,-2.44,0.000000,0.000000,884.19
28.55,102688.60,47.94,-112.92,9.74,0.04,1.34,-0.010,-0.061,-0.017,0.27,-8.82,-1.08,0.000000,0.000000,884.73
28.55,102687.61,47.93,-112.83,9.73,0.05,1.32,-0.012,-0.061,-0.016,0.77,-8.35,-0.18,0.000000,0.000000,885.28
28.55,102686.63,47.93,-112.75,9.73,0.05,1.29,-0.011,-0.061,-0.017,-0.23,-8.35,-1.54,0.000000,0.000000,885.82
28.56,102686.70,47.93,-112.76,9.73,0.03,1.32,-0.011,-0.061,-0.015,-0.23,-9.30,-1.99,0.000000,0.000000,886.36
28.55,102687.31,47.92,-112.81,9.72,0.04,1.33,-0.011,-0.062,-0.017,0.77,-8.35,-1.54,0.000000,0.000000,886.89
28.56,102686.00,47.92,-112.70,9.74,0.03,1.34,-0.011,-0.062,-0.017,-0.23,-7.87,-0.63,0.000000,0.000000,887.44
28.58,102688.17,47.93,-112.88,9.74,0.05,1.32,-0.011,-0.061,-0.015,0.27,-8.35,-1.54,0.000000,0.000000,887.98
28.56,102684.73,47.94,-112.60,9.73,0.03,1.32,-0.011,-0.060,-0.018,-0.74,-8.35,-0.18,0.000000,0.000000,888.52
28.58,102687.05,47.93,-112.79,9.74,0.05,1.32,-0.012,-0.061,-0.017,1.27,-7.87,0.28,0.000000,0.000000,889.05
28.56,102685.05,47.91,-112.62,9.74,0.06,1.32,-0.011,-0.061,-0.017,1.78,-7.87,0.28,0.000000,0.000000,889.59
28.58,102688.51,47.90,-112.91,9.73,0.04,1.32,-0.011,-0.062,-0.017,0.77,-8.35,-1.54,0.000000,0.000000,890.13
28.52,102677.67,47.89,-112.02,9.74,0.03,1.33,-0.012,-0.061,-0.017,-0.23,-8.35,-1.54,0.000000,0.000000,890.68
28.59,102690.16,47.92,-113.04,9.75,0.06,1.32,-0.011,-0.061,-0.018,1.27,-9.30,-0.63,0.000000,0.000000,891.22
28.56,102686.58,47.91,-112.75,9.73,0.07,1.30,-0.012,-0.061,-0.016,0.27,-8.82,-2.44,0.000000,0.000000,891.76
28.56,102686.23,47.88,-112.72,9.73,0.03,1.31,-0.012,-0.062,-0.018,0.27,-9.30,-1.99,0.000000,0.000000,892.30
28.57,102684.41,47.88,-112.57,9.73,0.05,1.32,-0.011,-0.062,-0.016,0.27,-9.30,-0.63,0.000000,0.000000,892.84
28.58,102680.23,47.88,-112.23,9.75,0.06,1.29,-0.012,-0.060,-0.018,0.77,-7.39,-0.63,0.000000,0.000000,893.37
28.58,102684.42,47.88,-112.57,9.74,0.05,1.32,-0.011,-0.061,-0.018,-0.23,-8.35,-1.99,0.000000,0.000000,893.92
28.56,102680.47,47.87,-112.25,9.74,0.05,1.31,-0.011,-0.061,-0.017,0.27,-8.82,-1.08,0.000000,0.000000,894.46
28.59,102688.09,47.85,-112.87,9.73,0.06,1.31,-0.011,-0.062,-0.016,0.27,-7.87,-0.18,0.000000,0.000000,895.00
28.57,102683.66,47.85,-112.51,9.74,0.05,1.32,-0.011,-0.061,-0.017,0.77,-8.82,-3.80,0.000000,0.000000,895.54
28.59,102685.02,47.89,-112.62,9.74,0.04,1.29,-0.012,-0.061,-0.017,0.27,-9.30,-1.54,0.000000,0.000000,896.08
28.57,102681.27,47.84,-112.31,9.72,0.06,1.32,-0.010,-0.061,-0.017,0.27,-8.35,-1.99,0.000000,0.000000,896.62
28.59,102682.91,47.83,-112.45,9.75,0.05,1.32,-0.011,-0.060,-0.017,1.27,-8.82,-0.18,0.000000,0.000000,897.16
28.56,102677.48,47.83,-112.00,9.74,0.06,1.29,-0.011,-0.060,-0.017,-0.23,-8.82,-2.89,0.000000,0.000000,897.70
28.58,102680.84,47.82,-112.28,9.72,0.05,1.30,-0.011,-0.061,-0.017,0.27,-9.30,-1.08,0.000000,0.000000,898.24
28.55,102676.34,47.83,-111.90,9.74,0.05,1.30,-0.011,-0.061,-0.017,1.27,-8.82,-1.08,0.000000,0.000000,898.78
28.58,102680.91,47.82,-112.28,9.75,0.03,1.30,-0.011,-0.060,-0.017,0.77,-7.87,-0.63,0.000000,0.000000,899.32
28.54,102673.14,47.82,-111.64,9.72,0.04,1.29,-0.010,-0.062,-0.017,0.77,-8.82,-1.08,0.000000,0.000000,899.86
28.57,102678.03,47.82,-112.04,9.73,0.04,1.32,-0.011,-0.062,-0.017,-0.23,-8.82,-1.08,0.000000,0.000000,900.40
28.52,102666.91,47.80,-111.13,9.73,0.05,1.31,-0.011,-0.061,-0.017,0.77,-8.82,-0.63,0.000000,0.000000,900.94
28.54,102670.84,47.84,-111.45,9.74,0.02,1.32,-0.011,-0.060,-0.017,-0.23,-8.35,-1.54,0.000000,0.000000,901.48
28.66,102691.78,47.81,-113.18,9.74,0.05,1.30,-0.011,-0.060,-0.017,0.27,-9.30,-1.08,0.000000,0.000000,902.02
28.60,102680.81,47.80,-112.27,9.73,0.05,1.31,-0.011,-0.062,-0.017,0.77,-8.82,-0.63,0.000000,0.000000,902.56
28.59,102677.48,47.80,-112.00,9.75,0.05,1.29,-0.011,-0.062,-0.017,1.27,-8.35,0.28,0.000000,0.000000,903.10
28.58,102678.53,47.80,-112.09,9.74,0.05,1.32,-0.011,-0.061,-0.017,0.27,-8.35,-1.54,0.000000,0.000000,903.64
28.60,102680.13,47.80,-112.22,9.74,0.06,1.31,-0.011,-0.061,-0.017,0.27,-9.30,-1.08,0.000000,0.000000,904.18
28.60,102678.11,47.78,-112.05,9.72,0.03,1.31,-0.011,-0.061,-0.017,0.27,-8.35,-0.18,0.000000,0.000000,904.72
28.60,102681.34,47.78,-112.32,9.74,0.05,1.33,-0.011,-0.062,-0.017,0.77,-8.82,-2.44,0.000000,0.000000,905.26
28.59,102678.48,47.76,-112.08,9.75,0.05,1.33,-0.011,-0.061,-0.018,0.27,-9.30,-2.44,0.000000,0.000000,905.80
28.60,102678.16,47.78,-112.06,9.74,0.04,1.31,-0.010,-0.061,-0.017,0.77,-8.82,-0.63,0.000000,0.000000,906.34
28.60,102677.48,47.77,-112.00,9.74,0.05,1.33,-0.011,-0.061,-0.017,0.77,-8.35,-0.63,0.000000,0.000000,906.88
28.60,102674.88,47.78,-111.79,9.72,0.05,1.32,-0.010,-0.061,-0.016,-0.23,-7.87,-2.89,0.000000,0.000000,907.42
28.62,102679.34,47.76,-112.15,9.72,0.07,1.31,-0.011,-0.061,-0.017,0.27,-9.78,-1.54,0.000000,0.000000,907.96
28.61,102677.72,47.75,-112.02,9.72,0.06,1.31,-0.011,-0.061,-0.016,0.27,-8.35,-0.63,0.000000,0.000000,908.50
28.62,102681.13,47.76,-112.30,9.74,0.04,1.31,-0.011,-0.061,-0.017,0.77,-8.35,0.28,0.000000,0.000000,909.04
28.61,102675.91,47.78,-111.87,9.73,0.05,1.32,-0.011,-0.061,-0.018,-0.23,-8.35,-1.54,0.000000,0.000000,909.58
28.63,102681.64,47.76,-112.34,9.71,0.07,1.32,-0.010,-0.062,-0.016,0.27,-8.82,-0.63,0.000000,0.000000,910.12
28.60,102677.30,47.74,-111.98,9.73,0.04,1.30,-0.012,-0.062,-0.017,0.77,-8.35,-0.63,0.000000,0.000000,910.66
28.64,102680.71,47.74,-112.27,9.73,0.04,1.29,-0.011,-0.061,-0.017,0.77,-8.82,-2.44,0.000000,0.000000,911.20
28.62,102679.78,47.73,-112.19,9.73,0.05,1.31,-0.011,-0.062,-0.017,0.77,-7.87,-1.54,0.000000,0.000000,911.74
28.63,102677.03,47.75,-111.96,9.72,0.04,1.32,-0.010,-0.062,-0.017,0.27,-8.35,-1.08,0.000000,0.000000,912.28
28.63,102677.55,47.74,-112.01,9.74,0.05,1.32,-0.010,-0.061,-0.016,1.27,-7.87,-0.63,0.000000,0.000000,912.83
28.63,102677.38,47.72,-111.99,9.73,0.07,1.33,-0.011,-0.060,-0.017,0.27,-8.35,-1.99,0.000000,0.000000,913.36
28.63,102679.66,47.72,-112.18,9.70,0.04,1.30,-0.011,-0.060,-0.016,-0.23,-9.30,-1.08,0.000000,0.000000,913.90
28.64,102680.32,47.71,-112.23,9.73,0.04,1.33,-0.011,-0.062,-0.018,0.77,-8.82,0.28,0.000000,0.000000,914.44
28.63,102679.33,47.71,-112.15,9.72,0.05,1.31,-0.011,-0.060,-0.018,0.77,-7.87,-0.18,0.000000,0.000000,914.98
28.71,102689.70,47.70,-113.01,9.72,0.05,1.33,-0.011,-0.062,-0.017,0.27,-7.87,-1.54,0.000000,0.000000,915.52
28.66,102680.05,47.70,-112.21,9.73,0.06,1.32,-0.011,-0.061,-0.017,0.27,-8.35,-0.63,0.000000,0.000000,916.06
23.38,101830.68,47.56,-42.02,9.71,0.03,1.33,-0.011,-0.060,-0.017,1.27,-7.39,-0.18,0.000000,0.000000,916.60
23.73,101879.84,47.52,-46.09,9.74,0.02,1.37,-0.011,-0.061,-0.017,0.77,-7.87,-2.44,0.000000,0.000000,917.14
23.52,101839.33,47.47,-42.73,9.74,0.05,1.36,-0.011,-0.061,-0.017,0.27,-7.39,-2.44,0.000000,0.000000,917.68
23.84,101893.09,47.46,-47.19,9.73,0.06,1.33,-0.011,-0.061,-0.015,0.27,-8.35,-0.63,0.000000,0.000000,918.22
23.55,101845.38,47.42,-42.94,9.73,0.04,1.34,-0.012,-0.060,-0.018,0.77,-7.39,0.73,0.000000,0.000000,918.76
23.57,101844.80,47.41,-43.19,9.66,-0.00,1.26,-0.011,-0.058,-0.021,0.77,-8.35,-0.63,0.000000,0.000000,919.30
23.57,101844.66,47.40,-43.18,9.74,0.03,1.33,-0.013,-0.061,-0.018,0.77,-7.87,-0.18,0.000000,0.000000,919.84
23.59,101846.58,47.38,-43.33,9.73,0.06,1.32,-0.011,-0.059,-0.016,2.28,-8.35,0.28,0.000000,0.000000,920.38
23.85,101889.76,47.38,-46.91,9.81,-0.09,1.19,-0.011,-0.051,-0.023,0.77,-7.39,-3.80,0.000000,0.000000,920.92
23.59,101847.87,47.36,-43.44,9.74,0.03,1.30,-0.012,-0.060,-0.018,0.77,-9.30,-1.08,0.000000,0.000000,921.46
23.90,101898.27,47.35,-47.62,9.74,0.04,1.33,-0.011,-0.062,-0.018,0.77,-8.35,0.28,0.000000,0.000000,922.00
23.61,101849.76,47.33,-43.60,9.74,0.06,1.34,-0.011,-0.059,-0.017,1.27,-7.39,-0.18,0.000000,0.000000,922.54
23.96,101903.63,47.32,-48.06,9.73,0.06,1.34,-0.011,-0.060,-0.016,0.27,-8.35,-0.63,0.000000,0.000000,923.08
23.62,101844.91,47.32,-43.20,9.76,0.05,1.34,-0.012,-0.059,-0.017,0.77,-8.35,-0.63,0.000000,0.000000,923.62
23.95,101900.64,47.32,-47.82,9.73,0.05,1.34,-0.011,-0.061,-0.017,0.77,-7.87,-0.18,0.000000,0.000000,924.16
23.59,101842.86,47.30,-43.03,9.75,0.06,1.31,-0.012,-0.061,-0.018,0.27,-7.39,-2.89,0.000000,0.000000,924.70
23.70,101859.34,47.28,-44.39,9.73,0.07,1.36,-0.012,-0.062,-0.019,0.27,-9.78,0.28,0.000000,0.000000,925.24
23.52,101829.27,47.29,-41.90,9.77,0.05,1.31,-0.011,-0.060,-0.017,0.27,-7.87,-0.18,0.000000,0.000000,925.78
23.54,101830.88,47.27,-42.03,9.74,0.10,1.34,-0.013,-0.060,-0.017,1.27,-7.87,0.28,0.000000,0.000000,926.32
28.76,102671.52,47.39,-111.51,9.73,0.10,1.28,-0.012,-0.059,-0.013,0.77,-7.87,-2.44,0.000000,0.000000,926.87
28.85,102692.03,47.43,-113.30,9.77,0.03,1.28,-0.011,-0.059,-0.017,0.77,-8.82,-1.08,0.000000,0.000000,927.41
28.82,102690.19,47.45,-113.05,9.68,0.03,1.31,-0.011,-0.059,-0.017,-0.23,-8.35,-0.18,0.000000,0.000000,927.95
28.79,102686.09,47.46,-112.71,9.74,0.04,1.28,-0.011,-0.063,-0.019,0.77,-8.82,-3.35,0.000000,0.000000,928.49
28.79,102685.41,47.47,-112.65,9.72,0.00,1.29,-0.012,-0.059,-0.021,0.77,-9.30,-0.18,0.000000,0.000000,929.03
28.82,102687.80,47.49,-112.85,9.72,0.04,1.29,-0.011,-0.060,-0.018,0.27,-8.82,-1.08,0.000000,0.000000,929.57
28.79,102686.12,47.48,-112.71,9.72,0.05,1.31,-0.011,-0.061,-0.017,0.77,-7.39,-1.08,0.000000,0.000000,930.11
28.74,102680.04,47.49,-112.21,9.74,0.06,1.32,-0.012,-0.061,-0.017,0.27,-8.35,-1.99,0.000000,0.000000,930.65
28.84,102693.64,47.49,-113.33,9.74,0.06,1.31,-0.011,-0.060,-0.018,0.77,-9.78,-2.44,0.000000,0.000000,931.19
28.83,102691.47,47.50,-113.15,9.75,0.07,1.33,-0.011,-0.062,-0.017,0.27,-8.35,-0.18,0.000000,0.000000,931.73
28.85,102695.83,47.50,-113.51,9.73,0.06,1.33,-0.011,-0.062,-0.017,1.78,-8.35,-0.18,0.000000,0.000000,932.27
28.84,102695.53,47.50,-113.49,9.74,0.03,1.32,-0.011,-0.061,-0.016,0.27,-8.35,-1.08,0.000000,0.000000,932.81
28.84,102692.78,47.50,-113.26,9.72,0.05,1.31,-0.012,-0.061,-0.017,0.27,-9.30,-2.44,0.000000,0.000000,933.35
28.85,102696.34,47.49,-113.55,9.75,0.05,1.28,-0.011,-0.062,-0.017,-0.23,-8.82,-1.08,0.000000,0.000000,933.89
28.84,102691.76,47.49,-113.18,9.74,0.04,1.32,-0.012,-0.062,-0.017,0.77,-8.35,0.28,0.000000,0.000000,934.43
28.85,102697.29,47.49,-113.63,9.74,0.03,1.33,-0.011,-0.062,-0.017,0.27,-8.35,-2.89,0.000000,0.000000,934.97
28.84,102693.30,47.51,-113.30,9.75,0.04,1.33,-0.011,-0.061,-0.017,-0.74,-9.30,-1.08,0.000000,0.000000,935.51
28.86,102695.34,47.49,-113.47,9.75,0.04,1.32,-0.012,-0.060,-0.017,0.27,-9.30,-0.63,0.000000,0.000000,936.05
28.81,102688.20,47.51,-112.88,9.74,0.05,1.31,-0.011,-0.062,-0.017,0.77,-7.87,-0.63,0.000000,0.000000,936.59
28.86,102698.41,47.49,-113.72,9.73,0.05,1.34,-0.012,-0.061,-0.016,0.27,-7.87,-1.99,0.000000,0.000000,937.13
28.86,102694.75,47.49,-113.42,9.74,0.05,1.29,-0.012,-0.060,-0.017,0.77,-9.30,-1.08,0.000000,0.000000,937.67
28.87,102695.68,47.49,-113.50,9.72,0.05,1.33,-0.012,-0.061,-0.018,0.27,-7.87,-0.63,0.000000,0.000000,938.21
28.86,102690.76,47.49,-113.09,9.75,0.05,1.33,-0.011,-0.060,-0.016,0.27,-7.87,-1.99,0.000000,0.000000,938.75
28.87,102694.66,47.48,-113.41,9.75,0.07,1.29,-0.011,-0.060,-0.016,0.27,-9.30,-1.54,0.000000,0.000000,939.29
28.86,102692.70,47.48,-113.25,9.71,0.06,1.31,-0.011,-0.061,-0.018,-0.23,-9.30,-0.63,0.000000,0.000000,939.83
28.86,102692.88,47.47,-113.27,9.73,0.06,1.32,-0.012,-0.061,-0.017,0.77,-8.82,-0.18,0.000000,0.000000,940.37
28.88,102696.99,47.47,-113.61,9.73,0.04,1.29,-0.012,-0.061,-0.017,0.27,-8.35,-2.44,0.000000,0.000000,940.91
28.85,102691.02,47.49,-113.12,9.74,0.05,1.32,-0.012,-0.061,-0.017,0.77,-7.87,-1.08,0.000000,0.000000,941.45
28.88,102695.12,47.47,-113.45,9.73,0.04,1.32,-0.012,-0.061,-0.016,0.27,-8.35,-1.08,0.000000,0.000000,941.99
28.87,102691.73,47.46,-113.17,9.73,0.06,1.31,-0.011,-0.061,-0.018,1.27,-8.35,-0.18,0.000000,0.000000,942.53
28.87,102691.81,47.46,-113.18,9.74,0.03,1.31,-0.011,-0.061,-0.018,0.77,-8.82,-1.54,0.000000,0.000000,943.07
28.86,102689.98,47.45,-113.03,9.73,0.04,1.28,-0.011,-0.060,-0.017,0.27,-9.78,-1.08,0.000000,0.000000,943.61
28.88,102693.39,47.45,-113.31,9.74,0.06,1.32,-0.011,-0.062,-0.017,1.27,-8.35,-0.63,0.000000,0.000000,944.15
28.87,102693.78,47.47,-113.34,9.70,0.02,1.30,-0.011,-0.060,-0.019,0.27,-7.87,0.28,0.000000,0.000000,944.69
28.89,102694.36,47.44,-113.39,9.73,0.06,1.33,-0.011,-0.062,-0.017,0.27,-8.82,-2.44,0.000000,0.000000,945.23
28.86,102690.73,47.45,-113.09,9.76,0.06,1.35,-0.011,-0.062,-0.018,0.27,-9.78,-1.54,0.000000,0.000000,945.77
28.88,102694.07,47.44,-113.37,9.74,0.06,1.32,-0.013,-0.063,-0.016,1.27,-9.30,-0.63,0.000000,0.000000,946.31
28.90,102692.36,47.43,-113.22,9.74,0.06,1.32,-0.012,-0.061,-0.016,0.77,-8.35,-0.18,0.000000,0.000000,946.86
28.89,102692.68,47.43,-113.25,9.63,0.11,1.39,-0.011,-0.065,-0.011,0.77,-8.82,-1.08,0.000000,0.000000,947.40
28.88,102693.48,47.42,-113.32,9.70,0.06,1.30,-0.011,-0.066,-0.017,1.27,-7.87,-0.63,0.000000,0.000000,947.94
28.88,102689.63,47.41,-113.00,9.74,0.04,1.30,-0.011,-0.058,-0.014,0.77,-9.30,-0.63,0.000000,0.000000,948.48
28.88,102692.53,47.41,-113.24,9.73,0.01,1.30,-0.012,-0.060,-0.014,-0.23,-8.82,-1.08,0.000000,0.000000,949.02
28.90,102695.33,47.41,-113.47,9.71,-0.00,1.32,-0.013,-0.060,-0.014,1.27,-8.82,-1.08,0.000000,0.000000,949.56
28.84,102685.63,47.43,-112.67,9.73,-0.02,1.32,-0.012,-0.060,-0.017,0.27,-8.35,-2.44,0.000000,0.000000,950.10
28.80,102678.47,47.42,-112.08,12.45,1.87,1.79,-0.056,0.383,-0.314,2.28,-12.16,-1.54,0.000000,0.000000,950.64
28.93,102697.42,47.40,-113.64,6.19,2.50,7.35,0.131,-0.522,0.383,2.78,-5.48,6.16,0.000000,0.000000,951.71
28.95,102699.59,47.41,-113.82,6.05,3.22,7.19,0.191,-0.184,0.068,3.29,-5.48,4.35,0.000000,0.000000,952.26
28.97,102700.00,47.40,-113.85,7.80,3.01,6.20,-0.023,-0.159,-0.077,3.79,-8.82,2.99,0.000000,0.000000,952.80
28.98,102701.34,47.42,-114.08,7.59,3.45,5.37,-0.015,-0.192,-0.083,3.79,-6.92,2.99,0.000000,0.000000,954.79
28.98,102702.63,47.40,-114.07,7.92,3.19,4.89,-0.129,0.072,-0.326,3.29,-6.44,3.44,0.000000,0.000000,955.02
28.99,102705.48,47.41,-114.31,6.19,2.28,4.03,-0.913,1.222,0.304,2.78,-5.48,-0.18,0.000000,0.000000,955.27
28.98,102703.90,47.39,-114.17,7.19,0.71,6.14,-0.013,0.120,-0.120,0.77,-7.39,2.99,0.000000,0.000000,955.51
28.92,102714.38,47.29,-115.04,8.73,1.26,4.79,0.071,0.348,-0.285,1.27,-8.35,2.54,0.000000,0.000000,1117.47
22.84,101725.34,47.08,-33.28,8.61,1.57,4.51,0.144,-0.029,0.187,2.78,-6.92,2.09,0.000000,0.000000,1118.01
23.19,101770.93,47.04,-37.06,8.82,0.46,4.24,-0.064,0.001,-0.041,1.27,-6.92,2.54,0.000000,0.000000,1118.55
22.53,101660.14,46.97,-27.87,9.19,0.67,3.96,-0.071,-0.192,-0.048,1.27,-8.35,1.63,0.000000,0.000000,1119.09
23.42,101797.69,46.93,-39.28,9.50,0.90,2.85,-0.036,0.089,0.036,1.27,-7.39,1.18,0.000000,0.000000,1119.63
22.99,101728.91,46.87,-33.57,9.59,1.16,2.60,-0.002,-0.087,0.092,2.28,-7.87,2.09,0.000000,0.000000,1120.17
23.82,101856.86,46.85,-44.19,8.93,0.34,4.44,0.063,1.167,-0.161,1.27,-7.39,2.09,0.000000,0.000000,1120.71
25.00,102046.41,46.85,-59.89,-2.78,-17.12,-1.63,2.856,-1.153,1.178,-17.82,4.05,-2.89,0.000000,0.000000,1121.25
25.88,102193.17,46.86,-72.03,7.73,1.25,6.44,0.625,-1.217,-0.151,2.78,-6.44,5.71,0.000000,0.000000,1121.79
24.93,102039.48,46.82,-59.32,9.11,1.80,3.85,-0.405,-0.612,0.231,2.78,-7.39,2.54,0.000000,0.000000,1122.33
25.58,102144.13,46.84,-67.97,-6.46,-22.02,-5.14,-0.528,-1.330,1.083,-20.84,7.87,-3.35,0.000000,0.000000,1122.87
25.40,102117.63,46.83,-65.78,32.04,33.72,7.00,1.381,3.934,-2.522,31.94,-30.76,1.63,0.000000,0.000000,1123.41
25.34,102107.59,46.82,-64.95,9.16,2.86,4.62,-0.303,-1.253,0.922,4.29,-7.87,3.44,0.000000,0.000000,1123.95
25.13,102072.44,46.85,-62.04,15.94,4.38,6.98,-0.279,3.964,-1.976,5.30,-14.54,5.71,0.000000,0.000000,1124.49
25.09,102064.41,46.82,-61.38,3.54,-2.60,1.50,1.390,-1.161,-2.021,-1.74,-1.19,-1.08,0.000000,0.000000,1125.03
25.36,102109.72,46.81,-65.13,8.35,4.59,5.86,-1.185,0.022,0.162,5.30,-7.87,3.90,0.000000,0.000000,1125.57
24.45,101965.14,46.80,-53.16,7.15,-0.22,6.58,0.495,0.444,-1.003,0.27,-6.44,4.35,0.000000,0.000000,1126.11
24.94,102041.30,46.79,-59.47,7.48,2.04,6.21,-0.105,0.048,-0.251,3.29,-6.44,5.71,0.000000,0.000000,1126.65
23.75,101848.19,46.76,-43.47,4.25,1.03,7.65,-0.076,0.269,0.238,2.28,-3.58,6.16,0.000000,0.000000,1127.19
24.10,101900.69,46.75,-47.82,4.15,2.74,8.12,0.595,-0.021,-0.089,4.29,-3.58,7.07,0.000000,0.000000,1127.73
23.94,101874.38,46.73,-45.64,4.22,5.81,7.07,0.804,0.415,-0.043,6.80,-3.58,6.61,0.000000,0.000000,1128.27
23.37,101786.36,46.71,-38.34,3.53,7.08,3.20,0.255,0.164,0.441,8.31,-1.67,3.44,0.000000,0.000000,1128.81
22.89,101704.95,46.68,-31.59,3.70,7.93,4.31,0.215,-0.158,-0.091,9.32,-2.15,1.18,0.000000,0.000000,1129.35
23.31,101774.84,46.67,-37.38,2.81,8.24,2.96,-3.280,0.130,-0.823,9.32,-1.67,1.18,0.000000,0.000000,1129.89
21.87,101546.63,46.63,-18.44,2.98,0.98,8.35,0.088,0.785,0.013,1.78,-3.10,7.07,0.000000,0.000000,1130.43
20.84,101377.67,46.61,-4.38,-0.94,-5.91,7.28,-2.379,0.673,-1.551,-5.26,2.15,7.97,0.000000,0.000000,1130.97
21.38,101462.89,46.61,-11.47,-1.26,-8.57,2.95,-2.219,0.758,1.354,-7.77,2.15,0.28,0.000000,0.000000,1131.51
29.02,102693.29,46.79,-113.30,4.83,-4.64,2.12,-0.790,-0.676,-2.046,-4.76,-5.48,-1.08,0.000000,0.000000,1132.06
29.04,102702.39,46.81,-114.05,-2.24,-8.51,4.26,5.055,-2.964,0.998,-8.27,1.67,2.54,0.000000,0.000000,1132.59
28.99,102700.88,46.84,-113.93,2.14,3.49,11.39,1.990,1.339,0.554,3.79,-2.62,9.78,0.000000,0.000000,1133.13
29.04,102704.37,46.90,-114.42,-4.28,7.18,4.37,0.894,2.182,0.500,8.31,5.48,6.16,0.000000,0.000000,1133.67
29.04,102707.13,46.90,-114.44,-4.84,4.77,6.75,-2.034,-3.600,-0.584,5.30,5.48,5.71,0.000000,0.000000,1134.22
29.02,102702.45,46.91,-114.06,-7.00,3.75,5.39,-2.211,-4.811,-0.723,3.79,6.91,3.44,0.000000,0.000000,1134.76
28.96,102691.97,46.93,-113.19,-6.15,2.86,7.51,0.255,1.411,0.581,2.78,5.96,8.42,0.000000,0.000000,1135.29
28.94,102692.87,46.95,-113.27,-2.03,-0.05,9.42,-0.501,1.246,0.182,0.77,2.62,8.88,0.000000,0.000000,1135.83
28.96,102696.30,46.98,-113.55,4.78,-2.13,9.58,-1.814,-0.226,-0.867,-2.75,-4.05,7.07,0.000000,0.000000,1136.38
28.98,102697.34,46.96,-113.64,3.50,-2.45,8.65,3.449,-0.680,-1.020,-2.75,-4.53,5.71,0.000000,0.000000,1136.92
28.93,102688.48,46.97,-112.91,-0.26,0.34,10.94,1.145,-1.920,0.256,0.77,0.24,10.24,0.000000,0.000000,1137.46
28.88,102683.70,46.99,-112.51,0.57,-0.95,10.26,0.207,1.935,-0.201,-0.23,0.24,8.88,0.000000,0.000000,1138.00
29.02,102705.23,46.97,-114.28,-2.13,-7.19,5.88,4.040,-2.157,1.094,-6.26,3.10,4.80,0.000000,0.000000,1138.54
29.02,102706.77,46.97,-114.41,-5.42,-1.30,9.27,1.234,-0.374,0.629,-0.74,5.96,6.61,0.000000,0.000000,1139.08
29.03,102703.84,46.98,-114.17,1.99,-5.24,6.42,-2.179,1.463,1.121,-5.26,-2.62,3.90,0.000000,0.000000,1139.62
29.03,102709.20,46.98,-114.61,-3.83,-3.88,9.05,0.119,-3.261,-0.654,-4.25,4.05,7.97,0.000000,0.000000,1140.16
29.04,102706.61,46.98,-114.40,-0.44,4.47,8.99,-0.234,1.534,-0.188,5.80,1.67,7.97,0.000000,0.000000,1140.70
29.04,102705.73,46.96,-114.33,1.09,3.15,12.05,-0.332,-0.848,0.650,3.79,-1.19,11.14,0.000000,0.000000,1141.24
29.04,102706.52,46.97,-114.39,2.54,1.40,8.97,-0.340,-0.693,-0.832,1.78,-2.15,6.16,0.000000,0.000000,1141.78
29.03,102705.52,46.97,-114.31,2.81,1.70,9.60,2.026,2.652,-0.205,1.78,-2.62,7.97,0.000000,0.000000,1142.32
29.03,102704.49,46.98,-114.22,2.35,2.41,9.47,0.838,0.254,-0.019,3.29,-2.15,8.42,0.000000,0.000000,1142.86
29.03,102705.47,46.99,-114.30,6.87,-1.38,6.09,-0.288,-0.655,0.065,-1.74,-5.48,0.73,0.000000,0.000000,1143.40
28.95,102691.06,47.00,-113.12,7.26,-2.61,7.32,0.310,0.859,0.504,-2.75,-7.39,5.71,0.000000,0.000000,1143.94
28.87,102679.31,46.99,-112.15,-0.87,0.98,10.19,-0.060,0.890,0.831,0.77,0.24,8.88,0.000000,0.000000,1144.48
28.89,102680.64,46.98,-112.26,0.51,1.81,9.39,0.277,-0.396,0.356,2.28,-0.24,7.52,0.000000,0.000000,1145.02
28.96,102690.50,46.96,-113.07,1.49,-8.91,6.19,1.947,-0.645,-0.089,-11.29,0.24,5.71,0.000000,0.000000,1145.56
23.07,101743.19,46.83,-34.76,5.01,-0.75,4.17,0.678,-0.578,-1.390,-0.74,-5.01,2.54,0.000000,0.000000,1146.10
23.23,101760.92,46.81,-36.23,6.89,-19.20,7.78,-1.371,1.064,1.326,-18.33,-7.39,5.71,0.000000,0.000000,1146.64
23.18,101749.70,46.77,-35.30,6.18,-3.93,5.27,-1.455,0.394,1.501,-3.25,-4.53,4.35,0.000000,0.000000,1147.18
23.51,101802.84,46.74,-39.71,4.55,-8.55,3.35,-0.603,-0.317,0.213,-6.77,-3.58,3.90,0.000000,0.000000,1147.72
22.83,101692.66,46.72,-30.57,3.15,-9.09,1.33,-0.127,0.054,0.127,-8.27,-0.72,0.28,0.000000,0.000000,1148.26
24.36,101935.01,46.71,-50.66,1.66,0.50,9.19,2.791,1.103,0.667,0.77,-1.67,8.42,0.000000,0.000000,1148.80
23.88,101858.44,46.69,-44.32,1.91,2.92,9.30,0.017,0.104,0.084,3.79,-1.19,8.88,0.000000,0.000000,1149.34
23.45,101790.23,46.67,-38.66,1.45,3.43,8.73,-0.033,0.042,-0.099,4.79,-0.24,7.97,0.000000,0.000000,1149.88
22.94,101707.41,46.67,-31.79,-0.92,1.72,9.04,0.231,0.105,-0.847,1.78,1.67,8.42,0.000000,0.000000,1150.42
23.49,101746.25,46.67,-38.96,-0.69,1.90,9.48,0.071,-0.352,0.086,2.28,0.24,8.42,0.000000,0.000000,1150.96
23.36,101774.19,46.65,-37.33,0.05,2.07,9.65,-0.254,-0.044,-0.125,2.78,-0.24,8.88,0.000000,0.000000,1151.50
22.93,101701.03,46.66,-31.26,0.29,2.09,9.49,0.089,-0.066,0.151,2.78,0.71,8.42,0.000000,0.000000,1152.04
22.84,101690.47,46.62,-30.38,1.77,-7.05,6.62,-0.941,-2.058,0.945,-5.76,-1.19,3.90,0.000000,0.000000,1152.58
23.14,101737.50,46.62,-34.29,3.36,-11.57,-0.35,-3.589,-0.609,-0.538,-9.78,-1.67,-2.44,0.000000,0.000000,1153.12
25.48,102111.37,46.66,-65.27,5.82,-8.41,-7.39,2.340,-0.049,0.588,-7.27,-3.58,-8.78,0.000000,0.000000,1153.66
21.84,101533.23,46.58,-17.32,-0.05,-0.91,8.34,0.118,-1.270,-0.473,0.27,0.71,7.97,0.000000,0.000000,1154.20
22.69,101662.05,46.57,-28.02,-0.78,-4.43,9.42,0.136,-0.565,0.181,-3.75,2.15,6.16,0.000000,0.000000,1154.74
21.95,101545.92,46.56,-18.38,-0.89,-2.50,9.03,0.795,-0.524,0.233,-2.24,-0.24,8.88,0.000000,0.000000,1155.28
22.70,101665.66,46.56,-28.32,0.06,-2.25,9.62,-0.904,0.774,-0.636,-2.75,0.24,8.42,0.000000,0.000000,1155.82
21.41,101458.90,46.51,-11.14,2.65,-13.13,-2.69,-1.494,-0.057,-1.062,-10.79,0.24,-2.44,0.000000,0.000000,1156.37
22.11,101569.88,46.52,-20.37,4.27,-11.32,1.66,-3.316,-1.419,-1.481,-11.29,-2.62,-1.08,0.000000,0.000000,1156.91
21.98,101550.15,46.51,-18.73,1.91,-7.70,6.50,3.077,0.597,1.236,-7.27,-2.62,4.80,0.000000,0.000000,1157.44
23.13,101726.17,46.55,-33.35,0.76,-1.28,9.94,-0.043,-0.268,0.075,-1.24,-1.67,8.42,0.000000,0.000000,1157.98
22.02,101555.39,46.52,-19.16,0.36,-2.45,10.35,1.969,-0.415,2.160,-2.75,0.71,10.24,0.000000,0.000000,1158.52
21.68,101496.77,46.50,-14.29,-0.96,-1.60,9.58,0.005,-0.491,0.942,-0.74,1.67,9.33,0.000000,0.000000,1159.06
22.05,101555.47,46.48,-19.17,0.44,-0.62,9.89,-0.116,0.002,-0.096,0.27,-0.24,7.52,0.000000,0.000000,1159.60
21.46,101456.64,46.47,-10.95,-0.69,-1.41,9.82,-0.089,-0.174,-0.169,-1.24,0.24,8.42,0.000000,0.000000,1160.14
21.97,101541.34,46.49,-18.00,0.15,-1.12,9.81,-0.093,-0.098,-0.045,-0.74,0.71,8.88,0.000000,0.000000,1160.68
21.86,101525.00,46.46,-16.64,-0.19,-2.10,9.88,-0.082,-0.212,-0.146,-0.74,0.71,9.33,0.000000,0.000000,1161.22
22.71,101657.66,46.46,-27.66,0.11,-1.40,9.85,0.559,0.086,-0.509,-1.24,0.71,8.88,0.000000,0.000000,1161.76
23.39,101766.60,46.51,-36.70,0.56,-0.07,9.67,-0.035,-0.600,-0.053,0.27,-0.24,7.97,0.000000,0.000000,1162.30
23.72,101821.56,46.53,-41.26,0.49,-0.02,9.78,-0.054,0.196,-0.518,0.77,-0.72,8.42,0.000000,0.000000,1162.84
22.49,101625.05,46.47,-24.95,0.38,0.13,10.06,-0.117,0.038,0.012,1.27,0.24,9.33,0.000000,0.000000,1163.38
23.29,101754.38,46.50,-35.69,0.98,-1.11,9.52,-0.210,-0.479,-0.148,-0.23,-0.24,7.07,0.000000,0.000000,1163.92
23.56,101793.32,46.48,-38.92,1.20,0.16,8.71,0.299,0.561,0.073,0.77,-0.72,7.52,0.000000,0.000000,1164.46
27.28,102371.70,46.58,-86.78,-0.03,0.57,11.59,-0.207,-0.280,-0.054,1.27,-1.19,9.33,0.000000,0.000000,1165.01
23.62,101807.61,46.51,-40.10,1.57,0.01,6.43,-0.347,-0.464,0.078,1.27,-0.72,6.61,0.000000,0.000000,1165.54
23.78,101828.70,46.49,-41.85,-0.58,0.42,10.26,0.398,0.348,0.073,1.78,0.71,7.52,0.000000,0.000000,1166.08
23.88,101848.61,46.50,-43.50,-1.06,2.48,10.88,-0.076,-0.100,-0.566,3.29,0.71,8.42,0.000000,0.000000,1166.62
22.69,101660.28,46.50,-27.88,0.28,-0.26,9.18,0.214,-0.203,-0.171,0.27,0.71,8.42,0.000000,0.000000,1167.16
23.29,101753.88,46.49,-35.65,2.17,0.81,9.47,0.250,0.016,-0.340,1.27,-0.72,7.97,0.000000,0.000000,1167.70
22.46,101620.99,46.47,-24.61,2.72,2.33,8.68,0.212,-0.238,-0.749,3.79,-1.19,7.97,0.000000,0.000000,1168.24
22.99,101704.00,46.49,-31.51,3.21,3.16,8.23,-0.493,-0.638,-0.527,4.29,-2.62,6.16,0.000000,0.000000,1168.78
21.93,101536.38,46.45,-17.58,3.79,2.78,8.24,-0.369,-0.222,0.022,3.29,-2.62,5.71,0.000000,0.000000,1169.32
22.23,101578.84,46.48,-21.11,4.78,0.26,8.44,-0.636,-0.494,0.247,1.27,-4.53,6.61,0.000000,0.000000,1169.86
25.19,102055.03,46.54,-60.60,8.38,1.55,5.44,0.224,-0.887,-0.147,2.78,-7.87,4.80,0.000000,0.000000,1170.40
25.21,102063.88,46.55,-61.34,9.10,0.92,3.89,-0.050,-0.341,0.059,2.28,-7.87,2.09,0.000000,0.000000,1170.94
24.65,101971.28,46.55,-53.67,9.41,0.81,2.42,0.181,-0.269,0.238,1.27,-9.30,0.28,0.000000,0.000000,1171.48
24.46,101944.30,46.55,-51.43,9.64,0.19,1.84,-0.062,-0.036,-0.141,0.27,-8.82,-0.18,0.000000,0.000000,1172.03
24.57,101956.96,46.55,-52.48,9.88,-0.07,2.16,0.031,0.013,0.043,0.27,-7.87,1.18,0.000000,0.000000,1172.56
24.56,101955.77,46.53,-52.38,9.64,0.06,1.87,-0.013,-0.040,-0.023,1.78,-8.35,0.28,0.000000,0.000000,1173.10
23.77,101800.77,46.53,-39.54,9.63,0.06,1.90,-0.011,-0.063,-0.016,0.77,-7.87,-1.54,0.000000,0.000000,1173.65
23.12,101723.05,46.50,-33.09,9.61,-0.42,1.89,-0.011,-0.081,-0.043,-0.23,-7.87,0.28,0.000000,0.000000,1174.19
23.32,101755.05,46.50,-35.74,9.64,0.06,1.90,-0.011,-0.058,-0.019,1.27,-7.87,0.28,0.000000,0.000000,1174.73
22.95,101694.42,46.46,-30.71,9.74,0.07,1.86,-0.012,-0.065,-0.015,1.27,-7.87,-0.18,0.000000,0.000000,1175.27
24.12,101880.38,46.48,-46.14,9.44,-0.00,2.38,0.364,-0.079,0.054,0.77,-7.39,-0.18,0.000000,0.000000,1175.81
24.45,101931.24,46.48,-50.35,6.72,6.94,0.73,2.339,0.027,-2.570,7.81,-5.96,-1.99,0.000000,0.000000,1176.35
24.56,101952.32,46.50,-52.10,4.11,9.37,0.11,-0.562,-0.003,0.085,9.82,-2.62,-0.63,0.000000,0.000000,1176.89
23.23,101736.55,46.46,-34.21,4.63,14.20,1.07,0.054,0.011,2.667,15.85,-2.15,0.28,0.000000,0.000000,1177.43
23.84,101832.13,46.47,-42.14,-0.19,12.19,0.41,0.309,0.229,-4.516,12.33,2.15,-1.54,0.000000,0.000000,1177.97
29.26,102696.76,46.57,-113.59,3.03,4.46,0.88,-0.551,0.293,1.479,5.80,-2.62,-1.99,0.000000,0.000000,1178.51
29.17,102688.52,46.61,-112.91,3.99,6.05,0.93,0.049,0.007,-2.362,6.80,-3.58,-0.18,0.000000,0.000000,1179.05
29.21,102706.72,46.65,-114.41,3.68,19.05,-0.66,0.065,0.033,1.159,20.88,-1.19,-0.63,0.000000,0.000000,1179.59
29.19,102698.23,46.66,-113.71,0.72,2.23,0.51,0.046,0.232,0.835,2.78,1.67,0.73,0.000000,0.000000,1180.13
29.18,102696.55,46.69,-113.47,3.73,6.86,-1.13,-0.309,-0.103,-1.914,7.81,-3.58,-2.44,0.000000,0.000000,1180.67
29.17,102705.23,46.69,-114.29,0.63,18.69,1.14,0.235,-0.157,1.121,18.87,0.71,-0.63,0.000000,0.000000,1181.21
29.19,102693.90,46.71,-113.35,1.19,1.64,-0.20,-0.071,0.148,0.649,2.28,0.24,-1.54,0.000000,0.000000,1181.75
29.18,102697.61,46.73,-113.66,3.21,8.58,0.52,0.897,-0.185,-2.206,9.32,-1.19,-1.08,0.000000,0.000000,1182.29
29.19,102708.45,46.73,-114.55,0.52,8.72,-0.17,-0.490,0.136,-0.004,9.82,1.67,-2.89,0.000000,0.000000,1182.83
29.18,102706.06,46.74,-114.35,-1.21,10.70,1.01,0.015,-1.246,0.290,10.82,2.62,-1.08,0.000000,0.000000,1183.37
29.17,102704.05,46.75,-114.19,-1.10,9.61,-0.27,-0.252,-0.085,-0.296,10.32,2.62,-0.63,0.000000,0.000000,1183.91
29.17,102705.31,46.75,-114.29,4.16,8.88,-0.01,0.346,-0.079,1.278,9.82,-2.62,-1.54,0.000000,0.000000,1184.45
29.16,102700.95,46.75,-113.93,9.17,0.87,3.09,-0.381,-0.579,1.012,1.27,-7.39,1.63,0.000000,0.000000,1184.99
29.17,102703.77,46.76,-114.16,9.16,-0.30,0.10,-1.594,0.261,-0.549,0.27,-7.39,-2.44,0.000000,0.000000,1185.53
24.21,101904.91,46.68,-48.17,9.58,0.03,2.01,-0.012,0.009,-0.184,1.27,-9.30,1.18,0.000000,0.000000,1186.07
23.84,101843.28,46.62,-43.06,9.72,0.15,1.45,-0.011,-0.061,-0.017,0.77,-8.35,0.28,0.000000,0.000000,1186.61
23.21,101736.61,46.58,-34.21,9.73,0.15,1.45,-0.011,-0.059,-0.017,1.27,-7.87,0.28,0.000000,0.000000,1187.15
23.65,101805.87,46.57,-39.96,9.72,0.12,1.48,-0.010,-0.060,-0.018,0.77,-7.39,-2.44,0.000000,0.000000,1187.69
23.25,101738.99,46.54,-34.41,9.73,0.23,1.35,-0.015,-0.058,-0.016,1.27,-9.30,0.28,0.000000,0.000000,1188.23
23.67,101805.93,46.52,-39.96,9.69,0.18,1.47,-0.013,-0.060,-0.015,0.77,-7.87,-0.18,0.000000,0.000000,1188.77
23.22,101733.36,46.52,-33.94,9.74,0.19,1.42,-0.011,-0.061,-0.017,1.27,-7.39,0.73,0.000000,0.000000,1189.31
23.66,101801.53,46.50,-39.60,9.72,0.15,1.42,-0.012,-0.059,-0.016,0.77,-8.35,-3.35,0.000000,0.000000,1189.85
23.35,101751.70,46.49,-35.47,9.73,0.12,1.43,-0.011,-0.059,-0.019,1.78,-9.30,-1.08,0.000000,0.000000,1190.39
23.88,101837.55,46.49,-42.59,9.73,0.13,1.42,-0.012,-0.058,-0.018,1.27,-9.30,-0.63,0.000000,0.000000,1190.93
23.41,101760.48,46.44,-36.19,9.71,0.17,1.42,-0.012,-0.061,-0.017,0.77,-7.87,0.28,0.000000,0.000000,1191.47
23.39,101757.48,46.43,-35.95,9.71,0.14,1.42,-0.012,-0.061,-0.017,1.78,-7.39,0.28,0.000000,0.000000,1192.01
23.75,101814.63,46.42,-40.69,9.71,0.17,1.44,-0.010,-0.061,-0.017,1.27,-7.87,-1.54,0.000000,0.000000,1192.55
23.29,101742.13,46.44,-34.67,9.72,0.17,1.45,-0.011,-0.061,-0.017,0.27,-9.30,-1.08,0.000000,0.000000,1193.09
23.74,101810.61,46.41,-40.35,9.72,0.17,1.45,-0.012,-0.062,-0.017,0.77,-7.87,0.28,0.000000,0.000000,1193.63
23.39,101753.45,46.38,-35.61,9.70,0.16,1.48,-0.012,-0.062,-0.016,0.77,-6.92,-0.63,0.000000,0.000000,1194.17
23.77,101819.34,46.39,-41.08,9.71,0.13,1.44,-0.012,-0.061,-0.017,0.77,-7.87,-2.44,0.000000,0.000000,1194.71
23.31,101745.20,46.36,-34.93,9.71,0.17,1.45,-0.013,-0.061,-0.017,0.77,-8.35,-1.54,0.000000,0.000000,1195.25
23.76,101813.08,46.36,-40.56,9.73,0.17,1.46,-0.013,-0.062,-0.017,1.27,-7.87,-0.18,0.000000,0.000000,1195.79
23.33,101745.80,46.33,-34.98,9.71,0.14,1.48,-0.011,-0.060,-0.017,1.27,-7.39,0.73,0.000000,0.000000,1196.33
23.78,101816.78,46.33,-40.86,9.74,0.16,1.43,-0.013,-0.060,-0.017,0.77,-7.39,-2.44,0.000000,0.000000,1196.87
23.31,101743.00,46.32,-34.74,9.72,0.15,1.43,-0.012,-0.060,-0.016,0.77,-9.78,-1.08,0.000000,0.000000,1197.41
23.36,101749.42,46.30,-35.28,9.71,0.17,1.40,-0.012,-0.060,-0.016,0.77,-8.35,-0.18,0.000000,0.000000,1197.95
23.37,101749.63,46.30,-35.29,9.74,0.16,1.43,-0.012,-0.059,-0.018,1.27,-8.35,-0.18,0.000000,0.000000,1198.49
23.37,101749.02,46.28,-35.24,9.71,0.18,1.45,-0.013,-0.062,-0.015,0.77,-7.87,-0.63,0.000000,0.000000,1199.04
23.78,101814.06,46.28,-40.64,9.65,0.21,1.45,-0.012,-0.061,-0.013,1.27,-8.35,-0.63,0.000000,0.000000,1199.57
23.33,101743.59,46.27,-34.79,9.74,0.21,1.47,-0.015,-0.063,-0.015,0.77,-7.87,-0.63,0.000000,0.000000,1200.11
23.78,101812.53,46.26,-40.51,9.74,0.13,1.44,-0.012,-0.059,-0.017,0.27,-7.87,-0.18,0.000000,0.000000,1200.65
23.37,101743.98,46.24,-34.82,9.70,0.17,1.45,-0.013,-0.062,-0.016,1.78,-7.39,0.28,0.000000,0.000000,1201.19
23.85,101824.32,46.25,-41.49,9.71,0.14,1.45,-0.012,-0.061,-0.018,0.77,-7.87,-1.54,0.000000,0.000000,1201.74
23.39,101748.09,46.23,-35.17,9.72,0.16,1.44,-0.012,-0.060,-0.017,0.77,-7.87,-1.99,0.000000,0.000000,1202.28
23.83,101820.30,46.22,-41.03,9.72,0.18,1.43,-0.012,-0.062,-0.017,0.27,-7.87,-1.54,0.000000,0.000000,1202.81
23.39,101748.94,46.20,-35.24,9.72,0.16,1.47,-0.013,-0.061,-0.017,1.27,-7.39,0.28,0.000000,0.000000,1203.35
23.86,101823.50,46.20,-41.42,9.70,0.16,1.41,-0.012,-0.061,-0.017,1.27,-7.87,-1.99,0.000000,0.000000,1203.90
23.35,101739.20,46.17,-34.43,9.73,0.17,1.45,-0.012,-0.061,-0.016,0.77,-7.87,-1.08,0.000000,0.000000,1204.44
23.39,101748.95,46.17,-35.24,9.70,0.14,1.42,-0.012,-0.060,-0.017,0.27,-9.30,-0.63,0.000000,0.000000,1204.98
23.86,101822.17,46.17,-41.31,9.72,0.17,1.44,-0.013,-0.060,-0.017,0.77,-8.82,-2.89,0.000000,0.000000,1205.52
23.37,101743.45,46.16,-34.78,9.71,0.14,1.45,-0.013,-0.062,-0.016,0.77,-7.87,-0.18,0.000000,0.000000,1206.06
23.81,101815.58,46.16,-40.76,9.72,0.15,1.49,-0.011,-0.061,-0.016,1.27,-7.39,-0.18,0.000000,0.000000,1206.60
23.39,101746.59,46.13,-35.04,9.73,0.15,1.46,-0.012,-0.061,-0.017,1.78,-7.87,0.28,0.000000,0.000000,1207.14
23.81,101812.20,46.16,-40.48,9.70,0.14,1.40,-0.013,-0.060,-0.016,0.77,-8.35,-0.18,0.000000,0.000000,1207.68
23.39,101745.05,46.12,-34.91,9.73,0.16,1.45,-0.013,-0.061,-0.016,0.77,-9.30,-0.63,0.000000,0.000000,1208.22
23.81,101810.34,46.13,-40.33,9.72,0.15,1.43,-0.012,-0.060,-0.016,0.77,-7.87,0.28,0.000000,0.000000,1208.76
23.43,101750.75,46.12,-35.39,9.72,0.15,1.45,-0.013,-0.062,-0.017,0.77,-7.39,0.28,0.000000,0.000000,1209.30
23.96,101835.23,46.11,-42.39,9.73,0.15,1.44,-0.012,-0.060,-0.017,1.78,-7.87,-0.18,0.000000,0.000000,1209.84
23.46,101753.69,46.11,-35.63,9.70,0.15,1.44,-0.012,-0.060,-0.017,0.77,-7.87,-1.99,0.000000,0.000000,1210.38
23.44,101747.92,46.10,-35.15,9.70,0.14,1.46,-0.013,-0.060,-0.017,0.77,-8.82,-0.63,0.000000,0.000000,1210.92
23.43,101750.00,46.10,-35.32,9.71,0.17,1.43,-0.012,-0.062,-0.017,0.77,-7.39,-0.18,0.000000,0.000000,1211.46
23.43,101745.85,46.09,-34.98,9.72,0.16,1.43,-0.012,-0.060,-0.017,0.77,-7.87,-1.99,0.000000,0.000000,1212.00
23.86,101815.22,46.09,-40.73,9.74,0.17,1.43,-0.012,-0.061,-0.017,0.27,-7.87,-0.18,0.000000,0.000000,1212.54
23.48,101752.95,46.07,-35.57,9.71,0.17,1.44,-0.013,-0.062,-0.016,1.78,-8.35,-1.08,0.000000,0.000000,1213.08
23.94,101827.70,46.09,-41.77,9.71,0.17,1.48,-0.013,-0.060,-0.018,1.27,-7.87,0.28,0.000000,0.000000,1213.62
23.50,101759.83,46.08,-36.14,9.71,0.14,1.46,-0.013,-0.061,-0.017,1.78,-7.39,0.73,0.000000,0.000000,1214.16
23.94,101825.19,46.08,-41.56,9.73,0.16,1.46,-0.012,-0.060,-0.017,1.27,-7.39,-1.99,0.000000,0.000000,1214.71
23.49,101756.12,46.06,-35.83,9.73,0.16,1.43,-0.012,-0.060,-0.016,0.27,-8.82,-0.63,0.000000,0.000000,1215.24
23.92,101821.36,46.06,-41.24,9.71,0.18,1.44,-0.011,-0.060,-0.016,1.27,-7.87,-0.18,0.000000,0.000000,1215.79
23.48,101752.66,46.05,-35.55,9.72,0.17,1.44,-0.013,-0.062,-0.016,1.27,-7.39,0.28,0.000000,0.000000,1216.32
23.96,101829.81,46.05,-41.94,9.71,0.16,1.44,-0.011,-0.061,-0.017,1.27,-8.82,-2.89,0.000000,0.000000,1216.87
23.38,101735.15,46.04,-34.09,9.72,0.16,1.43,-0.012,-0.061,-0.016,0.77,-8.82,-1.08,0.000000,0.000000,1217.41
23.40,101739.63,46.04,-34.46,9.70,0.16,1.42,-0.013,-0.060,-0.018,1.27,-8.35,-0.63,0.000000,0.000000,1217.95
23.41,101739.34,46.04,-34.44,9.72,0.16,1.46,-0.012,-0.060,-0.016,0.77,-8.35,0.28,0.000000,0.000000,1218.48
23.34,101729.94,46.04,-33.66,9.73,0.15,1.44,-0.012,-0.060,-0.017,1.27,-7.39,-3.80,0.000000,0.000000,1219.03
23.58,101766.02,46.02,-36.65,9.72,0.17,1.45,-0.013,-0.062,-0.016,0.77,-8.35,-0.63,0.000000,0.000000,1219.57
23.39,101735.10,46.02,-34.09,9.73,0.16,1.45,-0.012,-0.060,-0.017,0.77,-8.82,-0.18,0.000000,0.000000,1220.11
23.83,101807.13,46.03,-40.06,9.72,0.16,1.42,-0.010,-0.061,-0.018,1.78,-7.87,-0.63,0.000000,0.000000,1220.65
23.42,101738.31,46.00,-34.49,9.74,0.14,1.45,-0.013,-0.060,-0.016,1.27,-7.87,0.73,0.000000,0.000000,1221.19
23.85,101808.67,46.02,-40.19,9.73,0.17,1.46,-0.012,-0.061,-0.016,0.77,-8.35,-1.08,0.000000,0.000000,1221.73
23.44,101743.37,46.04,-34.77,9.71,0.17,1.44,-0.012,-0.061,-0.017,0.77,-9.30,0.28,0.000000,0.000000,1222.27
23.85,101807.00,46.00,-40.05,9.72,0.14,1.45,-0.012,-0.061,-0.016,0.27,-7.87,-0.18,0.000000,0.000000,1222.81
23.37,101731.38,46.00,-33.78,9.73,0.16,1.45,-0.012,-0.061,-0.016,1.78,-7.87,-0.18,0.000000,0.000000,1223.35
23.56,101761.11,45.99,-36.25,9.73,0.16,1.46,-0.012,-0.060,-0.017,1.27,-7.39,0.73,0.000000,0.000000,1223.89
23.39,101731.55,45.99,-33.79,9.73,0.17,1.44,-0.012,-0.060,-0.018,0.77,-8.82,-1.08,0.000000,0.000000,1224.43
23.56,101762.20,45.99,-36.34,9.72,0.13,1.44,-0.012,-0.062,-0.017,0.27,-8.35,-0.18,0.000000,0.000000,1224.97
23.46,101743.22,45.98,-34.76,9.71,0.17,1.43,-0.013,-0.061,-0.017,0.77,-6.92,0.73,0.000000,0.000000,1225.51
23.34,101725.30,45.98,-33.27,9.71,0.14,1.43,-0.013,-0.060,-0.017,1.27,-7.87,0.28,0.000000,0.000000,1226.05
23.83,101801.96,46.00,-39.63,9.72,0.16,1.46,-0.011,-0.060,-0.018,1.27,-7.87,-1.54,0.000000,0.000000,1226.59
23.44,101737.88,45.97,-34.32,9.72,0.16,1.43,-0.013,-0.061,-0.017,1.27,-9.30,-1.54,0.000000,0.000000,1227.13
23.96,101821.53,45.98,-41.26,9.74,0.16,1.46,-0.013,-0.061,-0.016,1.27,-7.39,0.28,0.000000,0.000000,1227.67
23.55,101757.36,45.98,-35.94,9.72,0.16,1.45,-0.012,-0.061,-0.017,1.78,-7.87,-0.63,0.000000,0.000000,1228.21
23.99,101827.10,45.98,-41.72,9.72,0.15,1.42,-0.012,-0.061,-0.016,1.27,-8.35,-0.63,0.000000,0.000000,1228.75
23.51,101750.05,45.98,-35.33,9.69,0.14,1.43,-0.012,-0.061,-0.017,0.27,-8.82,-0.63,0.000000,0.000000,1229.29
23.96,101822.13,45.99,-41.31,9.70,0.17,1.42,-0.012,-0.059,-0.017,0.77,-7.87,-0.18,0.000000,0.000000,1229.83
23.48,101745.01,45.99,-34.91,9.72,0.17,1.45,-0.012,-0.062,-0.017,1.27,-8.35,-1.08,0.000000,0.000000,1230.37
23.61,101765.32,45.97,-36.60,9.70,0.17,1.42,-0.013,-0.061,-0.016,1.27,-7.87,-0.18,0.000000,0.000000,1230.91
23.55,101755.67,45.96,-35.79,9.74,0.16,1.46,-0.012,-0.061,-0.015,0.77,-7.87,-1.08,0.000000,0.000000,1231.45
23.55,101755.83,45.96,-35.81,9.71,0.16,1.43,-0.011,-0.061,-0.016,0.77,-8.35,-1.08,0.000000,0.000000,1231.99
23.72,101780.23,45.96,-37.83,9.73,0.15,1.43,-0.012,-0.062,-0.017,0.77,-7.87,-0.63,0.000000,0.000000,1232.53
23.65,101772.48,45.95,-37.19,9.71,0.15,1.39,-0.012,-0.059,-0.018,1.27,-7.87,-0.63,0.000000,0.000000,1233.07
24.13,101846.97,45.96,-43.37,9.72,0.16,1.47,-0.013,-0.061,-0.017,0.77,-7.87,-1.08,0.000000,0.000000,1233.61
23.69,101777.06,45.94,-37.57,9.73,0.16,1.43,-0.012,-0.060,-0.017,0.77,-9.78,-0.63,0.000000,0.000000,1234.15
24.10,101843.69,45.95,-43.10,9.74,0.16,1.44,-0.012,-0.060,-0.017,1.27,-8.35,-0.18,0.000000,0.000000,1234.69
23.62,101765.13,45.94,-36.58,9.72,0.16,1.46,-0.013,-0.060,-0.016,1.78,-7.39,-0.18,0.000000,0.000000,1235.23
24.12,101843.86,45.94,-43.11,9.72,0.16,1.44,-0.013,-0.060,-0.018,1.27,-7.39,0.28,0.000000,0.000000,1235.77
23.68,101775.31,45.93,-37.42,9.70,0.17,1.46,-0.013,-0.060,-0.017,0.77,-8.35,-1.54,0.000000,0.000000,1236.32
23.99,101824.98,45.95,-41.54,9.72,0.14,1.44,-0.012,-0.061,-0.017,1.78,-8.35,0.73,0.000000,0.000000,1236.86
23.56,101754.28,45.93,-35.68,9.73,0.16,1.43,-0.013,-0.060,-0.017,1.27,-8.82,-0.18,0.000000,0.000000,1237.40
23.83,101799.69,45.92,-39.45,9.72,0.16,1.44,-0.012,-0.061,-0.016,0.27,-7.87,-0.63,0.000000,0.000000,1237.94
23.56,101753.24,45.93,-35.59,9.73,0.17,1.42,-0.012,-0.060,-0.017,0.77,-7.39,-0.18,0.000000,0.000000,1238.48
23.57,101755.42,45.92,-35.77,9.71,0.16,1.47,-0.012,-0.061,-0.017,1.78,-6.92,-0.18,0.000000,0.000000,1239.02
23.55,101751.36,45.92,-35.44,9.56,0.09,1.41,-0.010,-0.065,-0.006,1.27,-7.87,-1.99,0.000000,0.000000,1239.56
23.56,101752.56,45.91,-35.54,9.60,0.11,1.38,-0.010,-0.061,-0.013,0.77,-8.82,-0.63,0.000000,0.000000,1240.10
24.05,101829.77,45.93,-41.94,9.72,0.10,1.47,-0.011,-0.060,-0.019,1.27,-8.82,-0.18,0.000000,0.000000,1240.64
23.57,101754.80,45.93,-35.72,9.73,0.17,1.42,-0.012,-0.060,-0.017,2.78,-7.87,0.28,0.000000,0.000000,1241.18
23.97,101815.98,45.90,-40.80,9.72,0.17,1.46,-0.013,-0.060,-0.017,0.77,-7.39,-0.63,0.000000,0.000000,1241.72
23.63,101760.59,45.92,-36.15,9.73,0.15,1.42,-0.013,-0.061,-0.018,0.77,-7.39,-2.44,0.000000,0.000000,1242.26
24.03,101825.84,45.90,-41.62,9.74,0.18,1.44,-0.011,-0.061,-0.016,0.77,-8.82,-1.08,0.000000,0.000000,1242.80
23.62,101760.73,45.90,-36.21,9.72,0.13,1.45,-0.013,-0.061,-0.018,1.27,-7.87,-0.63,0.000000,0.000000,1243.34
23.94,101808.67,45.91,-40.19,9.69,0.15,1.43,-0.013,-0.060,-0.016,1.78,-7.87,0.28,0.000000,0.000000,1243.88
23.65,101762.42,45.90,-36.36,9.74,0.15,1.44,-0.012,-0.060,-0.017,0.27,-7.87,-0.18,0.000000,0.000000,1244.42
29.45,102700.61,46.01,-113.91,9.72,0.13,1.40,-0.013,-0.058,-0.018,0.27,-9.78,-1.54,0.000000,0.000000,1244.96
29.42,102698.64,46.03,-113.74,9.72,0.11,1.44,-0.012,-0.062,-0.017,0.27,-8.35,-1.08,0.000000,0.000000,1245.50
29.44,102702.29,46.07,-114.04,9.58,0.11,1.45,-0.013,-0.060,-0.020,-0.74,-8.35,-0.63,0.000000,0.000000,1246.04
29.44,102702.70,46.09,-114.08,9.69,0.16,1.43,-0.013,-0.063,-0.017,0.77,-7.87,-0.18,0.000000,0.000000,1246.58
29.45,102707.22,46.10,-114.45,9.70,0.17,1.44,-0.012,-0.062,-0.016,0.27,-8.82,-2.89,0.000000,0.000000,1247.12
29.45,102706.60,46.10,-114.40,9.73,0.14,1.46,-0.012,-0.060,-0.018,0.27,-9.30,-1.54,0.000000,0.000000,1247.66
29.43,102702.31,46.12,-114.04,9.71,0.16,1.43,-0.012,-0.061,-0.016,-0.23,-8.82,-0.63,0.000000,0.000000,1248.20
29.44,102707.99,46.16,-114.51,9.71,0.17,1.43,-0.012,-0.061,-0.017,1.27,-8.82,-0.18,0.000000,0.000000,1248.74
29.42,102702.71,46.13,-114.08,9.71,0.16,1.45,-0.012,-0.060,-0.017,1.78,-8.35,-3.35,0.000000,0.000000,1249.28
29.44,102704.68,46.11,-114.47,9.72,0.17,1.41,-0.012,-0.061,-0.017,0.27,-9.78,-0.63,0.000000,0.000000,1249.82
29.44,102707.28,46.14,-114.45,9.72,0.17,1.47,-0.011,-0.061,-0.017,0.77,-8.35,-1.99,0.000000,0.000000,1250.36
29.44,102707.99,46.15,-114.51,9.72,0.17,1.42,-0.012,-0.060,-0.016,0.27,-8.35,-1.08,0.000000,0.000000,1250.90
29.43,102703.88,46.15,-114.17,9.74,0.16,1.44,-0.012,-0.061,-0.017,1.78,-8.35,-0.18,0.000000,0.000000,1251.44
29.44,102707.21,46.16,-114.45,9.71,0.16,1.44,-0.012,-0.061,-0.017,0.77,-7.39,-1.99,0.000000,0.000000,1251.98
29.45,102708.48,46.15,-114.55,9.73,0.15,1.44,-0.012,-0.062,-0.018,0.77,-9.30,-1.54,0.000000,0.000000,1252.52
29.45,102707.94,46.16,-114.51,9.72,0.17,1.45,-0.012,-0.062,-0.015,0.27,-8.35,-1.08,0.000000,0.000000,1253.06
29.47,102711.81,46.16,-114.83,9.70,0.17,1.43,-0.011,-0.063,-0.016,0.77,-7.87,0.28,0.000000,0.000000,1253.60
29.45,102706.27,46.16,-114.37,9.74,0.16,1.45,-0.012,-0.062,-0.017,1.27,-7.39,-0.63,0.000000,0.000000,1254.14
29.46,102706.28,46.16,-114.37,9.72,0.15,1.42,-0.011,-0.061,-0.018,0.27,-7.87,-3.35,0.000000,0.000000,1254.68
29.45,102706.50,46.16,-114.39,9.71,0.16,1.43,-0.011,-0.061,-0.017,0.77,-8.82,-2.44,0.000000,0.000000,1255.22
29.47,102707.72,46.16,-114.49,9.71,0.14,1.46,-0.012,-0.062,-0.017,0.27,-9.30,-1.54,0.000000,0.000000,1255.76
29.46,102708.19,46.16,-114.53,9.73,0.16,1.44,-0.013,-0.060,-0.017,-0.23,-8.35,0.28,0.000000,0.000000,1256.30
29.47,102709.30,46.17,-114.62,9.73,0.17,1.41,-0.012,-0.061,-0.017,0.27,-6.92,-0.63,0.000000,0.000000,1256.84
29.46,102707.23,46.17,-114.45,9.72,0.18,1.43,-0.012,-0.061,-0.017,0.27,-7.87,-1.08,0.000000,0.000000,1257.38
29.46,102707.64,46.16,-114.48,9.74,0.16,1.43,-0.011,-0.061,-0.017,0.27,-8.35,-1.54,0.000000,0.000000,1257.92
29.47,102707.79,46.16,-114.50,9.74,0.15,1.44,-0.012,-0.061,-0.017,0.77,-7.87,-0.18,0.000000,0.000000,1258.46
29.47,102708.30,46.18,-114.54,9.72,0.16,1.41,-0.011,-0.062,-0.017,1.27,-8.82,0.73,0.000000,0.000000,1259.00
29.48,102707.30,46.16,-114.46,9.73,0.15,1.44,-0.011,-0.061,-0.017,0.27,-8.35,-2.44,0.000000,0.000000,1259.54
29.48,102709.03,46.17,-114.60,9.71,0.15,1.45,-0.011,-0.061,-0.017,0.27,-9.78,-0.63,0.000000,0.000000,1260.08
29.49,102709.66,46.16,-114.65,9.72,0.18,1.43,-0.012,-0.061,-0.015,-0.23,-8.82,-1.99,0.000000,0.000000,1260.62
29.48,102708.14,46.16,-114.52,9.72,0.16,1.43,-0.012,-0.061,-0.017,0.27,-8.35,-0.18,0.000000,0.000000,1261.17
29.49,102710.58,46.17,-114.73,9.72,0.15,1.44,-0.011,-0.061,-0.017,1.27,-8.82,-0.63,0.000000,0.000000,1261.70
29.48,102709.75,46.20,-114.66,9.72,0.15,1.44,-0.011,-0.062,-0.017,0.77,-7.87,-1.99,0.000000,0.000000,1262.25
29.49,102710.48,46.16,-114.72,9.71,0.16,1.44,-0.012,-0.062,-0.017,0.77,-9.30,-1.08,0.000000,0.000000,1262.78
29.48,102707.98,46.16,-114.51,9.72,0.15,1.43,-0.011,-0.062,-0.018,0.27,-8.35,-1.08,0.000000,0.000000,1263.32
29.49,102711.06,46.16,-114.77,9.71,0.15,1.44,-0.011,-0.061,-0.016,0.27,-8.35,-0.18,0.000000,0.000000,1263.87
29.49,102708.70,46.17,-114.57,9.73,0.15,1.43,-0.011,-0.062,-0.018,0.27,-7.87,-3.80,0.000000,0.000000,1264.41
29.49,102708.44,46.16,-114.55,9.72,0.16,1.42,-0.012,-0.062,-0.017,0.77,-9.30,-1.99,0.000000,0.000000,1264.95
29.49,102707.65,46.19,-114.48,9.73,0.16,1.43,-0.012,-0.061,-0.018,0.27,-8.82,-0.63,0.000000,0.000000,1265.49
29.49,102708.77,46.16,-114.58,9.73,0.15,1.43,-0.012,-0.061,-0.016,0.77,-9.30,-0.18,0.000000,0.000000,1266.03
29.50,102709.36,46.19,-114.63,9.72,0.15,1.45,-0.012,-0.062,-0.016,0.77,-7.39,-0.63,0.000000,0.000000,1266.57
29.49,102707.34,46.19,-114.46,9.73,0.17,1.43,-0.012,-0.062,-0.018,1.27,-8.35,-0.18,0.000000,0.000000,1267.11
29.50,102709.61,46.17,-114.65,9.72,0.15,1.42,-0.012,-0.061,-0.018,0.27,-8.82,-1.08,0.000000,0.000000,1267.65
29.50,102708.95,46.15,-114.59,9.73,0.15,1.45,-0.012,-0.062,-0.017,0.27,-9.30,-1.08,0.000000,0.000000,1268.19
29.50,102707.73,46.14,-114.49,9.74,0.15,1.43,-0.012,-0.061,-0.017,-0.23,-8.35,-0.18,0.000000,0.000000,1268.73
29.50,102707.05,46.15,-114.43,9.72,0.16,1.44,-0.012,-0.061,-0.017,1.78,-7.39,0.28,0.000000,0.000000,1269.27
29.51,102710.48,46.14,-114.72,9.72,0.17,1.45,-0.011,-0.062,-0.017,0.77,-7.39,-0.63,0.000000,0.000000,1269.82
29.50,102711.22,46.14,-114.78,9.71,0.15,1.40,-0.011,-0.061,-0.018,0.27,-8.35,-1.08,0.000000,0.000000,1270.36
29.50,102708.99,46.14,-114.60,9.71,0.15,1.42,-0.012,-0.062,-0.016,0.77,-8.35,0.28,0.000000,0.000000,1270.90
29.51,102710.50,46.15,-114.72,9.71,0.18,1.43,-0.011,-0.061,-0.017,-0.23,-8.35,-2.89,0.000000,0.000000,1271.44
29.51,102708.36,46.13,-114.54,9.72,0.16,1.38,-0.013,-0.061,-0.017,0.77,-10.25,-1.99,0.000000,0.000000,1271.98
29.51,102709.55,46.17,-114.64,9.72,0.16,1.44,-0.011,-0.060,-0.016,0.77,-9.30,-1.08,0.000000,0.000000,1272.52
29.51,102710.48,46.14,-114.72,9.72,0.15,1.40,-0.011,-0.061,-0.017,0.77,-8.35,-0.63,0.000000,0.000000,1273.06
29.52,102708.06,46.14,-114.52,9.72,0.16,1.44,-0.012,-0.061,-0.016,0.77,-7.87,-0.18,0.000000,0.000000,1273.60
29.51,102707.23,46.14,-114.45,9.73,0.15,1.43,-0.013,-0.061,-0.017,0.77,-8.82,-1.99,0.000000,0.000000,1274.14
29.52,102707.52,46.15,-114.47,9.73,0.15,1.45,-0.012,-0.061,-0.017,0.77,-9.30,-0.18,0.000000,0.000000,1274.68
29.52,102706.01,46.16,-114.35,9.72,0.17,1.45,-0.011,-0.061,-0.017,0.27,-8.82,-0.63,0.000000,0.000000,1275.22
29.53,102709.13,46.13,-114.61,9.73,0.15,1.43,-0.012,-0.060,-0.018,0.27,-8.35,-1.08,0.000000,0.000000,1275.76
29.53,102706.73,46.12,-114.41,9.72,0.16,1.44,-0.012,-0.061,-0.017,1.27,-8.35,-0.18,0.000000,0.000000,1276.30
29.53,102708.25,46.15,-114.53,9.72,0.16,1.43,-0.012,-0.062,-0.017,0.77,-7.87,-2.89,0.000000,0.000000,1276.84
29.52,102708.38,46.13,-114.54,9.75,0.16,1.43,-0.012,-0.061,-0.016,0.77,-8.82,-1.54,0.000000,0.000000,1277.38
29.52,102706.67,46.13,-114.40,9.72,0.18,1.42,-0.013,-0.061,-0.017,1.27,-8.82,-0.18,0.000000,0.000000,1277.92
29.53,102706.81,46.12,-114.42,9.72,0.17,1.46,-0.012,-0.062,-0.016,1.78,-8.35,-0.18,0.000000,0.000000,1278.46
29.53,102707.56,46.12,-114.48,9.71,0.14,1.44,-0.012,-0.060,-0.016,0.77,-8.35,-1.99,0.000000,0.000000,1279.00
29.53,102708.08,46.11,-114.52,9.71,0.16,1.45,-0.014,-0.062,-0.017,0.27,-8.82,-2.89,0.000000,0.000000,1279.54
29.53,102707.47,46.11,-114.47,9.71,0.17,1.44,-0.012,-0.061,-0.017,0.77,-8.35,-0.63,0.000000,0.000000,1280.08
29.55,102709.25,46.11,-114.62,9.72,0.15,1.41,-0.011,-0.061,-0.017,0.27,-8.82,-1.08,0.000000,0.000000,1280.62
29.54,102708.56,46.12,-114.56,9.73,0.15,1.43,-0.012,-0.060,-0.017,1.27,-8.82,-0.63,0.000000,0.000000,1281.16
29.55,102709.33,46.11,-114.62,9.72,0.16,1.42,-0.012,-0.061,-0.016,0.27,-7.87,-1.99,0.000000,0.000000,1281.70
29.54,102706.62,46.11,-114.40,9.69,0.17,1.45,-0.012,-0.061,-0.016,0.27,-10.25,-0.18,0.000000,0.000000,1282.25
29.56,102709.53,46.11,-114.64,9.71,0.16,1.42,-0.010,-0.062,-0.016,0.27,-8.82,-0.18,0.000000,0.000000,1282.79
29.55,102708.38,46.10,-114.54,9.73,0.15,1.45,-0.012,-0.062,-0.016,0.77,-8.82,0.28,0.000000,0.000000,1283.32
29.56,102710.61,46.10,-114.73,9.73,0.15,1.45,-0.012,-0.062,-0.017,0.77,-7.87,-0.18,0.000000,0.000000,1283.87
29.56,102707.83,46.10,-114.50,9.70,0.16,1.44,-0.011,-0.062,-0.017,0.77,-7.87,-1.08,0.000000,0.000000,1284.41
29.57,102712.73,46.08,-114.99,9.71,0.14,1.44,-0.012,-0.061,-0.017,0.77,-9.30,-3.80,0.000000,0.000000,1284.95
29.56,102710.36,46.10,-114.71,9.73,0.16,1.43,-0.011,-0.061,-0.017,0.27,-9.30,-1.54,0.000000,0.000000,1285.49
29.57,102710.84,46.11,-114.75,9.69,0.17,1.48,-0.012,-0.061,-0.017,0.77,-7.87,0.28,0.000000,0.000000,1286.03
29.58,102711.82,46.09,-114.83,9.73,0.17,1.46,-0.011,-0.061,-0.017,1.27,-8.82,-0.18,0.000000,0.000000,1286.57
29.57,102709.97,46.09,-114.68,9.73,0.14,1.44,-0.011,-0.061,-0.017,0.77,-7.87,-1.54,0.000000,0.000000,1287.11
29.59,102713.54,46.10,-114.97,9.72,0.17,1.44,-0.010,-0.061,-0.018,-0.23,-9.78,-1.08,0.000000,0.000000,1287.65
29.58,102712.47,46.11,-114.88,9.73,0.15,1.43,-0.012,-0.061,-0.018,-0.23,-8.82,-1.54,0.000000,0.000000,1288.19
29.59,102713.03,46.10,-114.93,9.71,0.17,1.44,-0.012,-0.060,-0.017,0.27,-7.87,-0.18,0.000000,0.000000,1288.73
29.59,102711.94,46.08,-114.84,9.73,0.17,1.44,-0.012,-0.062,-0.017,0.27,-8.35,-2.44,0.000000,0.000000,1289.27
29.60,102714.72,46.10,-115.07,9.74,0.17,1.44,-0.012,-0.061,-0.017,0.77,-8.35,-1.08,0.000000,0.000000,1289.81
29.59,102712.52,46.08,-114.88,9.73,0.17,1.45,-0.011,-0.061,-0.017,0.77,-9.30,-1.08,0.000000,0.000000,1290.35
29.60,102713.45,46.08,-114.96,9.73,0.17,1.42,-0.012,-0.061,-0.017,0.27,-8.35,-0.18,0.000000,0.000000,1290.89
29.60,102713.55,46.08,-114.97,9.71,0.16,1.46,-0.012,-0.061,-0.017,0.77,-8.35,-0.63,0.000000,0.000000,1291.43
29.60,102711.13,46.10,-114.77,9.73,0.16,1.43,-0.012,-0.062,-0.016,0.27,-7.87,-2.89,0.000000,0.000000,1291.97
29.60,102713.55,46.07,-114.97,9.72,0.16,1.45,-0.011,-0.061,-0.018,0.27,-9.30,-1.54,0.000000,0.000000,1292.51
29.60,102712.91,46.07,-114.92,9.72,0.16,1.44,-0.013,-0.062,-0.017,0.27,-9.30,-1.54,0.000000,0.000000,1293.05
29.61,102712.53,46.06,-114.89,9.72,0.17,1.44,-0.012,-0.061,-0.017,0.77,-7.87,-0.63,0.000000,0.000000,1293.59
29.61,102713.66,46.07,-114.98,9.71,0.14,1.45,-0.012,-0.061,-0.018,0.77,-7.87,0.28,0.000000,0.000000,1294.13
29.62,102714.29,46.08,-115.03,9.72,0.15,1.45,-0.012,-0.061,-0.017,1.27,-8.82,-1.54,0.000000,0.000000,1294.67
29.61,102714.56,46.06,-115.05,9.72,0.17,1.41,-0.013,-0.061,-0.017,0.77,-9.30,-1.08,0.000000,0.000000,1295.21
29.62,102714.97,46.06,-115.09,9.74,0.17,1.45,-0.012,-0.061,-0.017,0.77,-8.82,-1.54,0.000000,0.000000,1295.75
29.61,102714.39,46.06,-115.04,9.70,0.19,1.42,-0.012,-0.060,-0.017,0.77,-7.39,0.28,0.000000,0.000000,1296.29
29.63,102714.75,46.06,-115.07,9.71,0.17,1.44,-0.011,-0.062,-0.017,0.77,-7.39,-0.18,0.000000,0.000000,1296.83
29.62,102711.56,46.06,-114.81,9.74,0.14,1.41,-0.011,-0.060,-0.016,0.27,-8.35,-1.08,0.000000,0.000000,1297.37
29.63,102713.04,46.05,-114.93,9.72,0.16,1.43,-0.012,-0.062,-0.017,0.77,-8.35,-1.08,0.000000,0.000000,1297.91
29.62,102712.45,46.05,-114.88,9.73,0.16,1.44,-0.013,-0.061,-0.017,0.27,-8.35,-1.08,0.000000,0.000000,1298.45
29.62,102712.55,46.06,-114.89,9.73,0.16,1.41,-0.011,-0.062,-0.017,0.27,-8.35,-1.08,0.000000,0.000000,1298.99
29.63,102714.13,46.05,-115.02,9.73,0.15,1.43,-0.011,-0.062,-0.018,0.77,-7.87,0.28,0.000000,0.000000,1299.53
29.63,102715.67,46.05,-115.15,9.72,0.16,1.42,-0.011,-0.062,-0.017,0.27,-7.87,-1.99,0.000000,0.000000,1300.07
29.64,102713.39,46.08,-114.96,9.72,0.16,1.44,-0.011,-0.061,-0.015,0.77,-8.82,-0.63,0.000000,0.000000,1300.61
29.64,102715.27,46.04,-115.11,9.72,0.17,1.42,-0.012,-0.061,-0.017,0.27,-9.30,-1.99,0.000000,0.000000,1301.15
29.64,102713.50,46.04,-114.97,9.71,0.17,1.45,-0.012,-0.062,-0.017,1.27,-8.35,-0.63,0.000000,0.000000,1301.69
29.64,102716.56,46.04,-115.22,9.71,0.16,1.48,-0.012,-0.061,-0.017,0.77,-7.87,0.28,0.000000,0.000000,1302.23
29.64,102714.42,46.04,-115.04,9.72,0.14,1.46,-0.011,-0.062,-0.017,0.27,-8.35,-1.08,0.000000,0.000000,1302.77
29.64,102712.55,46.04,-114.89,9.73,0.18,1.43,-0.012,-0.062,-0.017,0.27,-8.35,-1.08,0.000000,0.000000,1303.31
29.65,102713.44,46.04,-114.96,9.72,0.15,1.41,-0.011,-0.061,-0.017,0.27,-9.30,-1.08,0.000000,0.000000,1303.85
29.64,102710.84,46.04,-114.75,9.72,0.17,1.44,-0.011,-0.062,-0.017,0.77,-6.44,0.28,0.000000,0.000000,1304.39
29.65,102714.05,46.03,-115.01,9.73,0.18,1.45,-0.012,-0.061,-0.017,0.27,-7.39,-2.44,0.000000,0.000000,1304.93
29.65,102714.23,46.03,-115.03,9.72,0.15,1.43,-0.011,-0.061,-0.016,0.77,-7.87,-1.54,0.000000,0.000000,1305.47
29.65,102711.42,46.03,-114.80,9.73,0.16,1.44,-0.011,-0.061,-0.017,0.27,-9.30,-1.08,0.000000,0.000000,1306.01
29.65,102713.52,46.02,-114.97,9.73,0.17,1.45,-0.011,-0.061,-0.017,-0.23,-8.82,-1.08,0.000000,0.000000,1306.55
29.65,102713.69,46.01,-114.98,9.73,0.17,1.47,-0.012,-0.061,-0.016,0.27,-7.87,-1.08,0.000000,0.000000,1307.09
29.66,102713.31,46.01,-114.95,9.72,0.16,1.46,-0.012,-0.061,-0.017,0.27,-8.82,-1.54,0.000000,0.000000,1307.63
29.66,102714.27,46.05,-115.03,9.71,0.17,1.44,-0.012,-0.061,-0.017,0.77,-8.82,-0.63,0.000000,0.000000,1308.17
29.66,102713.22,46.04,-114.94,9.71,0.15,1.45,-0.011,-0.062,-0.017,-0.74,-9.30,-0.63,0.000000,0.000000,1308.71
29.66,102715.51,46.01,-115.13,9.72,0.17,1.44,-0.011,-0.062,-0.015,0.27,-8.82,-0.63,0.000000,0.000000,1309.25
29.67,102712.00,46.00,-114.84,9.72,0.17,1.44,-0.011,-0.061,-0.017,1.78,-7.87,0.73,0.000000,0.000000,1309.79
29.66,102714.31,46.00,-115.03,9.72,0.16,1.44,-0.011,-0.061,-0.017,-0.23,-7.87,-1.54,0.000000,0.000000,1310.34
29.67,102716.58,46.00,-115.22,9.71,0.17,1.47,-0.012,-0.061,-0.018,0.77,-9.30,-1.08,0.000000,0.000000,1310.87
29.67,102716.41,45.99,-115.21,9.71,0.16,1.43,-0.011,-0.061,-0.017,0.27,-8.35,-0.63,0.000000,0.000000,1311.41
29.67,102714.19,45.99,-115.02,9.73,0.14,1.45,-0.011,-0.062,-0.017,0.27,-7.87,-0.63,0.000000,0.000000,1311.95
29.67,102713.41,46.00,-114.96,9.71,0.17,1.42,-0.011,-0.062,-0.016,1.27,-7.87,0.28,0.000000,0.000000,1312.49
29.67,102713.58,45.99,-114.97,9.72,0.17,1.46,-0.011,-0.061,-0.017,0.77,-8.35,-1.54,0.000000,0.000000,1313.04
29.69,102716.84,45.99,-115.24,9.71,0.14,1.45,-0.011,-0.062,-0.016,0.27,-9.30,-1.99,0.000000,0.000000,1313.57
29.68,102715.59,45.99,-115.14,9.71,0.17,1.44,-0.012,-0.062,-0.017,0.27,-8.82,-1.08,0.000000,0.000000,1314.11
29.68,102716.35,45.99,-115.20,9.72,0.16,1.43,-0.011,-0.062,-0.017,0.77,-8.35,-1.08,0.000000,0.000000,1314.65
29.68,102714.55,45.97,-115.05,9.72,0.16,1.43,-0.012,-0.062,-0.017,0.77,-6.92,-0.18,0.000000,0.000000,1315.19
29.69,102716.84,45.99,-115.24,9.72,0.16,1.44,-0.011,-0.062,-0.017,0.77,-8.35,-3.35,0.000000,0.000000,1315.73
29.69,102713.42,45.99,-114.96,9.71,0.17,1.43,-0.013,-0.062,-0.017,1.27,-8.82,-1.08,0.000000,0.000000,1316.28
29.69,102714.69,45.98,-115.06,9.71,0.15,1.44,-0.012,-0.063,-0.016,0.77,-8.82,-1.08,0.000000,0.000000,1316.82
29.69,102713.77,45.98,-114.99,9.72,0.17,1.48,-0.012,-0.061,-0.017,0.77,-8.82,-1.08,0.000000,0.000000,1317.36
29.70,102716.55,45.97,-115.22,9.72,0.18,1.45,-0.010,-0.061,-0.016,1.27,-8.35,0.28,0.000000,0.000000,1317.89
29.70,102711.77,45.97,-114.82,9.72,0.15,1.40,-0.012,-0.062,-0.017,0.77,-7.87,-0.18,0.000000,0.000000,1318.44
29.70,102715.93,45.96,-115.17,9.72,0.17,1.42,-0.011,-0.061,-0.017,0.27,-8.35,-1.99,0.000000,0.000000,1318.98
29.70,102713.78,45.96,-114.99,9.71,0.16,1.44,-0.012,-0.060,-0.017,0.27,-8.35,-1.08,0.000000,0.000000,1319.52
29.70,102712.86,45.96,-114.91,9.72,0.16,1.46,-0.011,-0.061,-0.017,0.27,-7.87,-0.18,0.000000,0.000000,1320.06
29.71,102715.63,45.96,-115.14,9.71,0.16,1.43,-0.013,-0.061,-0.017,0.77,-8.35,-2.44,0.000000,0.000000,1320.60
29.70,102711.84,45.95,-114.83,9.71,0.16,1.45,-0.011,-0.060,-0.016,-0.23,-7.87,-1.99,0.000000,0.000000,1321.14
29.72,102715.09,45.95,-115.10,9.71,0.15,1.44,-0.012,-0.061,-0.017,0.77,-8.82,-0.63,0.000000,0.000000,1321.68
29.71,102715.05,45.95,-115.09,9.71,0.16,1.43,-0.012,-0.061,-0.017,1.27,-8.82,-1.08,0.000000,0.000000,1322.22
29.72,102713.97,45.95,-115.00,9.73,0.16,1.43,-0.012,-0.061,-0.018,1.27,-6.92,-0.18,0.000000,0.000000,1322.76
29.71,102715.36,45.96,-115.12,9.70,0.15,1.42,-0.012,-0.061,-0.017,0.27,-7.87,-1.99,0.000000,0.000000,1323.30
29.73,102715.04,45.94,-115.09,9.74,0.16,1.42,-0.011,-0.061,-0.016,0.77,-9.30,-1.54,0.000000,0.000000,1323.84
29.72,102715.58,45.94,-115.14,9.72,0.17,1.44,-0.014,-0.062,-0.016,0.27,-9.30,-1.99,0.000000,0.000000,1324.38
29.72,102714.97,45.94,-115.09,9.72,0.17,1.43,-0.012,-0.060,-0.017,0.77,-8.35,0.28,0.000000,0.000000,1324.92
29.73,102714.02,45.92,-115.01,9.72,0.15,1.41,-0.012,-0.062,-0.016,1.27,-7.39,0.28,0.000000,0.000000,1325.46
29.73,102716.23,45.95,-115.19,9.72,0.17,1.44,-0.012,-0.061,-0.017,0.77,-8.82,-2.89,0.000000,0.000000,1326.00
29.74,102713.96,45.93,-115.00,9.71,0.16,1.45,-0.011,-0.061,-0.016,0.77,-9.30,-1.54,0.000000,0.000000,1326.54
29.73,102713.58,45.92,-114.97,9.72,0.17,1.42,-0.012,-0.061,-0.016,0.27,-8.82,-1.54,0.000000,0.000000,1327.08
29.74,102711.84,45.92,-114.83,9.71,0.16,1.45,-0.012,-0.062,-0.016,0.27,-8.82,0.28,0.000000,0.000000,1327.62
29.73,102713.38,45.94,-114.96,9.70,0.18,1.44,-0.011,-0.061,-0.016,0.77,-7.39,-0.18,0.000000,0.000000,1328.16
29.74,102716.08,45.91,-115.18,9.72,0.16,1.44,-0.011,-0.061,-0.017,0.77,-7.39,-1.99,0.000000,0.000000,1328.70
29.74,102712.70,45.91,-114.90,9.71,0.16,1.43,-0.011,-0.062,-0.018,0.27,-7.39,-2.44,0.000000,0.000000,1329.24
29.74,102716.42,45.94,-115.21,9.72,0.15,1.45,-0.010,-0.061,-0.017,-0.23,-8.82,-0.63,0.000000,0.000000,1329.78
29.74,102712.94,45.90,-115.18,9.72,0.16,1.45,-0.012,-0.060,-0.017,0.77,-8.82,-0.18,0.000000,0.000000,1330.32
29.75,102714.69,45.92,-115.06,9.72,0.17,1.43,-0.011,-0.061,-0.017,0.27,-7.87,-0.18,0.000000,0.000000,1330.86
29.75,102715.38,45.90,-115.12,9.74,0.16,1.46,-0.011,-0.061,-0.015,0.27,-8.82,-1.99,0.000000,0.000000,1331.40
29.75,102711.38,45.90,-114.79,9.74,0.12,1.56,-0.011,-0.066,-0.019,0.77,-9.30,-1.99,0.000000,0.000000,1331.94
29.75,102715.38,45.90,-115.12,9.71,0.15,1.42,-0.013,-0.060,-0.018,0.27,-9.78,-1.54,0.000000,0.000000,1332.48
29.75,102715.20,45.89,-115.11,9.78,0.16,1.41,-0.013,-0.057,-0.017,0.27,-8.35,-1.08,0.000000,0.000000,1333.02
29.76,102716.92,45.89,-115.25,9.70,0.16,1.48,-0.012,-0.063,-0.018,1.27,-7.87,-0.18,0.000000,0.000000,1333.56
29.76,102713.95,45.89,-115.00,9.72,0.16,1.42,-0.012,-0.061,-0.016,0.27,-8.82,-2.44,0.000000,0.000000,1334.10
29.77,102717.92,45.89,-115.33,9.73,0.16,1.46,-0.012,-0.061,-0.017,0.77,-8.82,-1.08,0.000000,0.000000,1334.64
29.76,102715.25,45.88,-115.11,9.72,0.16,1.43,-0.011,-0.060,-0.017,0.77,-8.35,-0.63,0.000000,0.000000,1335.18
29.77,102716.63,45.88,-115.22,9.71,0.17,1.46,-0.011,-0.060,-0.017,1.78,-8.35,0.28,0.000000,0.000000,1335.72
29.77,102714.34,45.88,-115.03,9.73,0.17,1.39,-0.012,-0.062,-0.017,1.27,-8.35,0.28,0.000000,0.000000,1336.26
29.78,102716.84,45.87,-115.24,9.73,0.17,1.41,-0.012,-0.061,-0.016,-0.23,-8.35,-1.54,0.000000,0.000000,1336.80
29.77,102712.63,45.88,-114.89,9.72,0.15,1.47,-0.011,-0.061,-0.017,0.77,-7.87,-1.99,0.000000,0.000000,1337.34
29.78,102713.67,45.87,-114.98,9.71,0.16,1.44,-0.012,-0.062,-0.017,0.27,-8.82,-0.63,0.000000,0.000000,1337.88
29.77,102714.72,45.87,-115.07,9.73,0.15,1.42,-0.011,-0.061,-0.017,0.77,-7.87,-0.18,0.000000,0.000000,1338.42
29.78,102714.79,45.87,-115.07,9.72,0.14,1.42,-0.012,-0.061,-0.017,0.77,-7.87,-1.08,0.000000,0.000000,1338.96
29.78,102716.98,45.86,-115.25,9.70,0.17,1.43,-0.011,-0.060,-0.017,-0.23,-7.87,-1.54,0.000000,0.000000,1339.50
29.78,102714.86,45.87,-115.08,9.73,0.15,1.46,-0.012,-0.062,-0.017,0.77,-8.35,-0.63,0.000000,0.000000,1340.04
29.79,102714.09,45.84,-115.01,9.73,0.16,1.43,-0.013,-0.062,-0.017,0.77,-9.30,-0.18,0.000000,0.000000,1340.58
29.78,102714.49,45.89,-115.05,9.71,0.19,1.45,-0.012,-0.062,-0.017,0.77,-8.35,-0.63,0.000000,0.000000,1341.12
29.79,102715.42,45.86,-115.12,9.73,0.15,1.42,-0.012,-0.061,-0.015,-0.23,-7.87,-1.54,0.000000,0.000000,1341.66
29.79,102715.18,45.85,-115.10,9.72,0.15,1.45,-0.012,-0.061,-0.017,0.77,-9.30,-0.63,0.000000,0.000000,1342.20
29.79,102715.50,45.86,-115.13,9.72,0.16,1.45,-0.011,-0.061,-0.017,0.77,-8.35,-2.44,0.000000,0.000000,1342.74
29.79,102714.16,45.85,-115.02,9.72,0.16,1.43,-0.011,-0.060,-0.017,0.77,-9.30,-1.08,0.000000,0.000000,1343.28
29.80,102719.46,45.84,-115.46,9.75,0.17,1.42,-0.012,-0.062,-0.017,1.27,-8.35,-1.08,0.000000,0.000000,1343.82
29.79,102713.78,45.86,-114.99,9.71,0.14,1.43,-0.011,-0.060,-0.017,0.27,-7.87,-1.99,0.000000,0.000000,1344.36
29.80,102717.07,45.85,-115.26,9.72,0.15,1.47,-0.011,-0.061,-0.017,0.77,-11.21,-1.99,0.000000,0.000000,1344.90
29.80,102718.03,45.88,-115.34,9.74,0.16,1.46,-0.011,-0.062,-0.017,0.27,-9.78,-1.54,0.000000,0.000000,1345.44
29.80,102713.14,45.84,-114.94,9.72,0.17,1.45,-0.012,-0.062,-0.017,0.77,-8.35,-0.63,0.000000,0.000000,1345.98
29.81,102714.63,45.84,-115.06,9.72,0.15,1.44,-0.012,-0.062,-0.016,0.77,-7.39,-0.63,0.000000,0.000000,1346.52
29.81,102713.46,45.86,-114.96,9.73,0.16,1.44,-0.012,-0.060,-0.018,0.27,-8.35,-2.89,0.000000,0.000000,1347.06
29.81,102713.77,45.86,-114.99,9.72,0.16,1.45,-0.011,-0.061,-0.017,0.77,-9.30,-2.89,0.000000,0.000000,1347.60
29.81,102716.78,45.84,-115.24,9.72,0.17,1.42,-0.012,-0.060,-0.017,0.27,-8.82,-1.08,0.000000,0.000000,1348.14
29.82,102714.40,45.83,-115.04,9.72,0.14,1.43,-0.010,-0.061,-0.016,0.77,-8.35,-0.18,0.000000,0.000000,1348.68
29.81,102713.19,45.81,-114.94,9.71,0.16,1.43,-0.012,-0.061,-0.016,0.77,-6.92,-0.18,0.000000,0.000000,1349.22
29.82,102713.98,45.83,-115.01,9.74,0.16,1.43,-0.012,-0.061,-0.016,0.77,-8.35,-1.99,0.000000,0.000000,1349.76
29.82,102712.03,45.82,-114.85,9.73,0.16,1.44,-0.011,-0.060,-0.017,0.27,-8.82,-2.89,0.000000,0.000000,1350.31
29.83,102714.52,45.82,-115.05,9.72,0.17,1.45,-0.012,-0.060,-0.017,0.27,-9.30,-0.18,0.000000,0.000000,1350.85
29.82,102713.72,45.82,-114.98,9.71,0.17,1.44,-0.012,-0.060,-0.017,1.27,-8.35,-0.18,0.000000,0.000000,1351.39
29.83,102715.13,45.80,-115.10,9.71,0.17,1.44,-0.011,-0.062,-0.017,0.77,-7.39,-0.63,0.000000,0.000000,1351.93
29.83,102715.30,45.80,-115.11,9.73,0.15,1.44,-0.011,-0.062,-0.018,0.77,-7.87,-1.99,0.000000,0.000000,1352.47
29.83,102711.54,45.80,-114.80,9.72,0.14,1.41,-0.010,-0.062,-0.017,-0.23,-10.25,-1.54,0.000000,0.000000,1353.01
29.83,102712.66,45.81,-114.91,9.73,0.17,1.46,-0.011,-0.061,-0.017,-0.23,-8.35,-0.63,0.000000,0.000000,1353.55
29.83,102711.20,45.79,-114.78,9.71,0.13,1.45,-0.011,-0.061,-0.018,1.27,-7.87,-0.63,0.000000,0.000000,1354.09
29.85,102713.02,45.82,-114.93,9.72,0.17,1.42,-0.011,-0.062,-0.016,0.77,-7.87,-0.18,0.000000,0.000000,1354.63
29.84,102710.77,45.79,-114.74,9.73,0.14,1.44,-0.012,-0.061,-0.016,0.77,-8.82,-1.08,0.000000,0.000000,1355.17
29.84,102712.45,45.80,-114.88,9.71,0.17,1.43,-0.012,-0.061,-0.016,-0.23,-8.35,-1.99,0.000000,0.000000,1355.71
29.85,102714.56,45.78,-115.05,9.73,0.15,1.45,-0.012,-0.060,-0.016,-0.23,-8.82,-1.08,0.000000,0.000000,1356.25
29.86,102713.31,45.79,-114.95,9.72,0.17,1.45,-0.012,-0.061,-0.017,0.27,-8.35,-0.63,0.000000,0.000000,1356.79
29.85,102714.53,45.78,-115.05,9.69,0.14,1.45,-0.012,-0.062,-0.018,0.27,-7.87,-2.44,0.000000,0.000000,1357.33
29.86,102715.19,45.77,-115.10,9.73,0.16,1.44,-0.012,-0.062,-0.017,0.77,-8.82,-0.63,0.000000,0.000000,1357.87
29.85,102715.12,45.77,-115.10,9.72,0.16,1.42,-0.012,-0.061,-0.016,0.27,-8.82,-1.99,0.000000,0.000000,1358.41
29.86,102713.73,45.76,-114.98,9.73,0.18,1.42,-0.012,-0.061,-0.016,-0.23,-8.35,-1.99,0.000000,0.000000,1358.95
29.86,102714.41,45.76,-115.04,9.72,0.15,1.43,-0.013,-0.061,-0.017,0.27,-7.87,-0.18,0.000000,0.000000,1359.49
29.86,102714.16,45.76,-115.02,9.72,0.16,1.44,-0.012,-0.062,-0.017,0.27,-7.87,-2.89,0.000000,0.000000,1360.03
29.87,102714.97,45.76,-115.09,9.71,0.16,1.43,-0.013,-0.061,-0.017,1.27,-8.35,-1.99,0.000000,0.000000,1360.57
29.87,102712.58,45.75,-114.89,9.71,0.16,1.43,-0.011,-0.061,-0.017,0.77,-8.82,-1.99,0.000000,0.000000,1361.11
29.88,102713.71,45.75,-115.08,9.72,0.16,1.43,-0.012,-0.061,-0.017,1.27,-8.35,-1.08,0.000000,0.000000,1361.65
29.87,102710.52,45.75,-114.72,9.72,0.15,1.42,-0.013,-0.061,-0.017,1.78,-7.87,0.73,0.000000,0.000000,1362.19
29.88,102715.22,45.74,-115.11,9.72,0.16,1.43,-0.012,-0.061,-0.017,0.27,-8.35,-1.99,0.000000,0.000000,1362.73
29.87,102713.81,45.74,-114.99,9.72,0.18,1.42,-0.011,-0.062,-0.017,0.27,-9.78,-1.54,0.000000,0.000000,1363.27
29.88,102713.54,45.74,-114.97,9.71,0.18,1.44,-0.012,-0.060,-0.017,-0.23,-9.78,-1.54,0.000000,0.000000,1363.81
29.87,102713.64,45.73,-114.98,9.72,0.17,1.46,-0.011,-0.061,-0.017,1.78,-7.87,-0.63,0.000000,0.000000,1364.35
29.88,102714.88,45.73,-115.08,9.71,0.17,1.45,-0.012,-0.061,-0.017,0.77,-7.39,0.73,0.000000,0.000000,1364.89
29.88,102714.56,45.73,-115.05,9.71,0.15,1.45,-0.012,-0.062,-0.015,0.27,-7.87,-2.89,0.000000,0.000000,1365.43
29.88,102715.15,45.72,-115.10,9.72,0.15,1.45,-0.012,-0.062,-0.016,1.27,-7.87,-0.18,0.000000,0.000000,1365.97
29.88,102712.69,45.72,-114.90,9.72,0.15,1.43,-0.012,-0.061,-0.016,0.27,-9.30,-1.08,0.000000,0.000000,1366.51
29.88,102711.73,45.74,-114.82,9.73,0.15,1.44,-0.011,-0.062,-0.017,0.77,-8.82,-0.18,0.000000,0.000000,1367.06
29.89,102714.41,45.72,-115.04,9.72,0.18,1.46,-0.011,-0.061,-0.017,0.77,-8.82,-1.54,0.000000,0.000000,1367.60
29.89,102711.95,45.71,-114.84,9.70,0.17,1.44,-0.013,-0.061,-0.016,0.77,-8.35,-0.63,0.000000,0.000000,1368.14
29.90,102715.48,45.71,-115.13,9.72,0.15,1.45,-0.012,-0.061,-0.017,0.77,-7.87,-1.08,0.000000,0.000000,1368.68
29.90,102713.60,45.71,-114.97,9.73,0.17,1.43,-0.011,-0.062,-0.017,0.77,-8.35,-1.54,0.000000,0.000000,1369.22
29.91,102714.42,45.73,-115.04,9.75,0.18,1.43,-0.011,-0.061,-0.015,0.27,-7.87,-2.44,0.000000,0.000000,1369.76
29.91,102712.20,45.70,-114.86,9.71,0.17,1.45,-0.011,-0.062,-0.016,0.77,-8.35,-1.99,0.000000,0.000000,1370.30
29.92,102714.38,45.69,-115.04,9.72,0.17,1.42,-0.012,-0.062,-0.017,0.27,-8.82,-0.63,0.000000,0.000000,1370.84
29.91,102717.30,45.69,-115.28,9.72,0.16,1.44,-0.010,-0.062,-0.018,0.77,-8.35,-0.63,0.000000,0.000000,1371.38
29.91,102716.86,45.68,-115.24,9.73,0.18,1.43,-0.012,-0.062,-0.016,0.27,-8.35,-3.35,0.000000,0.000000,1371.92
29.91,102714.64,45.69,-115.06,9.73,0.17,1.45,-0.011,-0.061,-0.017,0.27,-8.35,-1.99,0.000000,0.000000,1372.46
29.92,102717.00,45.68,-115.25,9.72,0.14,1.46,-0.012,-0.062,-0.016,0.77,-8.82,-1.08,0.000000,0.000000,1373.00
29.92,102717.86,45.68,-115.33,9.71,0.15,1.45,-0.011,-0.061,-0.017,0.77,-7.87,-1.08,0.000000,0.000000,1373.54
29.92,102715.54,45.68,-115.13,9.73,0.15,1.44,-0.011,-0.061,-0.018,0.27,-7.87,-0.63,0.000000,0.000000,1374.08
29.93,102715.69,45.68,-115.15,9.71,0.17,1.45,-0.011,-0.062,-0.016,0.77,-7.39,-0.63,0.000000,0.000000,1374.62
29.93,102715.68,45.69,-115.15,9.75,0.14,1.44,-0.012,-0.061,-0.017,0.27,-8.82,-2.89,0.000000,0.000000,1375.16
29.94,102716.17,45.69,-115.19,9.75,0.17,1.41,-0.011,-0.062,-0.017,0.77,-9.30,-1.54,0.000000,0.000000,1375.70
29.93,102715.00,45.67,-115.09,9.72,0.17,1.46,-0.011,-0.061,-0.016,-0.23,-8.82,-1.08,0.000000,0.000000,1376.24
29.93,102715.58,45.65,-115.14,9.71,0.17,1.44,-0.011,-0.061,-0.018,0.77,-7.39,0.28,0.000000,0.000000,1376.78
29.94,102717.19,45.66,-115.27,9.72,0.15,1.46,-0.011,-0.062,-0.017,0.77,-8.82,-2.89,0.000000,0.000000,1377.32
29.94,102716.04,45.65,-115.18,9.72,0.17,1.44,-0.011,-0.061,-0.017,0.77,-7.87,-1.54,0.000000,0.000000,1377.86
29.94,102715.80,45.65,-115.16,9.71,0.17,1.45,-0.011,-0.061,-0.016,-0.23,-9.30,-1.54,0.000000,0.000000,1378.40
29.94,102715.63,45.64,-115.14,9.73,0.16,1.45,-0.011,-0.061,-0.017,1.27,-8.35,-1.08,0.000000,0.000000,1378.94
29.94,102715.53,45.64,-115.13,9.73,0.16,1.43,-0.012,-0.061,-0.017,0.77,-7.39,-0.18,0.000000,0.000000,1379.48
29.94,102714.43,45.64,-115.04,9.72,0.17,1.43,-0.011,-0.061,-0.016,0.77,-7.87,-3.35,0.000000,0.000000,1380.02
29.95,102715.13,45.64,-115.10,9.74,0.15,1.41,-0.011,-0.061,-0.018,0.77,-8.35,-1.54,0.000000,0.000000,1380.56
29.95,102713.45,45.63,-114.96,9.72,0.16,1.46,-0.012,-0.061,-0.017,0.27,-8.82,-0.18,0.000000,0.000000,1381.10
29.95,102714.79,45.64,-115.07,9.71,0.18,1.43,-0.012,-0.061,-0.017,0.77,-8.35,-1.54,0.000000,0.000000,1381.64
29.95,102714.55,45.64,-115.05,9.73,0.15,1.44,-0.011,-0.060,-0.016,0.77,-7.87,-0.63,0.000000,0.000000,1382.18
29.96,102717.73,45.64,-115.31,9.72,0.17,1.45,-0.012,-0.062,-0.018,0.27,-7.87,-2.89,0.000000,0.000000,1382.72
29.96,102715.61,45.63,-115.14,9.72,0.16,1.43,-0.012,-0.061,-0.017,0.27,-10.73,-1.99,0.000000,0.000000,1383.26
29.96,102714.83,45.63,-115.08,9.71,0.16,1.44,-0.011,-0.062,-0.017,0.27,-9.30,-1.08,0.000000,0.000000,1383.80
29.96,102715.34,45.63,-115.12,9.72,0.17,1.45,-0.012,-0.060,-0.017,0.77,-8.35,-1.08,0.000000,0.000000,1384.34
29.97,102716.41,45.63,-115.33,9.72,0.15,1.46,-0.012,-0.061,-0.017,0.77,-7.39,0.28,0.000000,0.000000,1384.88
29.96,102715.86,45.60,-115.16,9.71,0.16,1.45,-0.011,-0.061,-0.016,1.27,-8.35,-3.80,0.000000,0.000000,1385.42
29.96,102714.91,45.62,-115.08,9.72,0.17,1.45,-0.011,-0.061,-0.016,0.77,-9.78,-2.44,0.000000,0.000000,1385.96
29.97,102715.39,45.62,-115.12,9.74,0.17,1.44,-0.012,-0.061,-0.017,0.27,-8.35,-1.08,0.000000,0.000000,1386.50
29.97,102715.90,45.62,-115.16,9.74,0.17,1.43,-0.012,-0.061,-0.017,0.27,-8.82,-0.63,0.000000,0.000000,1387.04
29.98,102716.12,45.60,-115.18,9.72,0.16,1.44,-0.013,-0.061,-0.016,0.77,-7.87,0.28,0.000000,0.000000,1387.58
29.98,102713.99,45.61,-115.01,9.72,0.15,1.44,-0.011,-0.062,-0.016,0.77,-8.35,-3.35,0.000000,0.000000,1388.12
29.98,102716.12,45.61,-115.18,9.70,0.15,1.46,-0.013,-0.061,-0.017,0.77,-9.30,-2.89,0.000000,0.000000,1388.66
29.98,102714.92,45.61,-115.08,9.71,0.16,1.44,-0.012,-0.061,-0.017,-0.23,-9.78,-1.08,0.000000,0.000000,1389.20
29.99,102717.11,45.60,-115.26,9.71,0.17,1.48,-0.011,-0.061,-0.016,0.27,-8.82,-0.63,0.000000,0.000000,1389.74
29.99,102718.06,45.60,-115.34,9.72,0.17,1.43,-0.012,-0.061,-0.017,0.27,-7.39,-1.08,0.000000,0.000000,1390.28
29.99,102715.98,45.60,-115.17,9.72,0.17,1.45,-0.012,-0.062,-0.017,0.77,-7.87,-0.63,0.000000,0.000000,1390.82
29.99,102715.33,45.58,-115.12,9.71,0.16,1.46,-0.011,-0.061,-0.017,0.77,-8.35,-2.44,0.000000,0.000000,1391.36
30.00,102717.33,45.59,-115.28,9.73,0.16,1.45,-0.011,-0.061,-0.017,1.27,-8.82,-2.44,0.000000,0.000000,1391.90
29.99,102716.67,45.58,-115.23,9.73,0.16,1.43,-0.012,-0.061,-0.016,0.77,-7.87,-0.63,0.000000,0.000000,1392.44
29.99,102716.06,45.56,-115.18,9.71,0.16,1.45,-0.012,-0.061,-0.017,1.27,-8.35,-1.08,0.000000,0.000000,1392.98
30.00,102716.38,45.57,-115.20,9.73,0.18,1.46,-0.011,-0.060,-0.017,0.77,-8.35,-1.99,0.000000,0.000000,1393.52
30.00,102714.56,45.59,-115.05,9.71,0.17,1.43,-0.011,-0.061,-0.017,0.77,-8.82,-1.54,0.000000,0.000000,1394.06
30.01,102717.95,45.57,-115.33,9.74,0.16,1.45,-0.012,-0.061,-0.017,0.27,-9.78,-0.18,0.000000,0.000000,1394.60
30.01,102717.27,45.57,-115.28,9.73,0.15,1.45,-0.012,-0.060,-0.017,0.77,-8.35,-1.54,0.000000,0.000000,1395.14
30.01,102713.34,45.57,-114.95,9.71,0.16,1.44,-0.011,-0.060,-0.017,1.27,-8.35,-0.63,0.000000,0.000000,1395.68
30.01,102714.85,45.58,-115.08,9.74,0.15,1.42,-0.011,-0.061,-0.016,0.27,-7.39,-0.63,0.000000,0.000000,1396.23
30.01,102715.02,45.55,-115.09,9.70,0.16,1.45,-0.011,-0.061,-0.017,0.77,-9.30,-1.08,0.000000,0.000000,1396.76
30.01,102711.95,45.55,-114.84,9.71,0.16,1.41,-0.011,-0.062,-0.016,0.27,-8.35,-1.54,0.000000,0.000000,1397.30
30.02,102711.92,45.59,-114.84,9.73,0.18,1.45,-0.012,-0.061,-0.017,-0.23,-7.87,-0.63,0.000000,0.000000,1397.85
30.01,102711.53,45.55,-114.80,9.73,0.16,1.45,-0.012,-0.062,-0.017,0.77,-8.35,-0.63,0.000000,0.000000,1398.38
30.02,102715.13,45.54,-115.10,9.72,0.16,1.42,-0.012,-0.062,-0.018,0.77,-7.87,-0.18,0.000000,0.000000,1398.92
30.01,102713.04,45.55,-114.93,9.74,0.15,1.46,-0.013,-0.061,-0.017,0.77,-8.35,-1.54,0.000000,0.000000,1399.47
30.02,102714.89,45.54,-115.08,9.71,0.18,1.44,-0.011,-0.062,-0.017,0.77,-9.30,-2.44,0.000000,0.000000,1400.00
30.03,102717.09,45.54,-115.26,9.71,0.17,1.44,-0.012,-0.061,-0.018,0.77,-8.82,-1.54,0.000000,0.000000,1400.55
30.03,102713.43,45.52,-114.96,9.74,0.17,1.44,-0.013,-0.061,-0.017,0.77,-8.82,-0.63,0.000000,0.000000,1401.09
30.03,102712.30,45.53,-114.87,9.72,0.17,1.42,-0.011,-0.060,-0.017,0.27,-7.39,-0.63,0.000000,0.000000,1401.63
30.03,102715.63,45.53,-115.14,9.73,0.16,1.44,-0.011,-0.060,-0.016,0.77,-8.35,-2.44,0.000000,0.000000,1402.17
30.04,102716.01,45.52,-115.17,9.72,0.16,1.42,-0.011,-0.061,-0.017,0.27,-7.39,-1.99,0.000000,0.000000,1402.71
30.03,102712.28,45.52,-114.87,9.71,0.15,1.41,-0.012,-0.062,-0.017,0.27,-8.35,-0.63,0.000000,0.000000,1403.25
30.04,102714.95,45.53,-115.09,9.70,0.17,1.41,-0.011,-0.061,-0.017,0.77,-8.35,-0.18,0.000000,0.000000,1403.79
30.04,102715.22,45.51,-115.11,9.71,0.17,1.44,-0.012,-0.061,-0.017,0.77,-7.39,-0.63,0.000000,0.000000,1404.33
30.05,102714.34,45.51,-115.04,9.72,0.15,1.44,-0.011,-0.062,-0.017,0.77,-8.35,-2.44,0.000000,0.000000,1404.87
30.04,102713.92,45.51,-115.00,9.71,0.16,1.44,-0.011,-0.061,-0.017,0.27,-9.30,-1.99,0.000000,0.000000,1405.41
30.05,102713.31,45.50,-114.95,9.71,0.17,1.45,-0.012,-0.060,-0.017,0.27,-8.82,-1.54,0.000000,0.000000,1405.95
30.05,102716.46,45.51,-115.21,9.72,0.17,1.44,-0.012,-0.061,-0.017,0.77,-7.87,-0.18,0.000000,0.000000,1406.49
30.05,102714.00,45.51,-115.01,9.74,0.15,1.45,-0.012,-0.061,-0.017,0.77,-8.35,-0.18,0.000000,0.000000,1407.03
30.06,102716.50,45.50,-115.21,9.82,1.41,1.37,-0.115,-0.070,-0.012,2.28,-8.35,-3.35,0.000000,0.000000,1407.57
30.07,102715.08,45.50,-115.10,9.67,-0.23,4.52,-1.759,0.229,-0.210,0.27,-9.30,0.73,0.000000,0.000000,1408.11
30.08,102711.03,45.50,-114.76,7.00,-3.58,5.03,-3.101,1.047,-1.568,-3.75,-8.35,2.54,0.000000,0.000000,1408.65
30.07,102712.59,45.51,-114.89,7.91,-2.73,4.12,-0.626,-0.564,-0.830,-3.25,-5.96,2.54,0.000000,0.000000,1409.19
29.98,102698.45,45.50,-113.73,8.11,-0.80,2.88,0.922,0.120,-0.127,-0.23,-6.44,1.18,0.000000,0.000000,1409.73
30.07,102708.73,45.49,-114.57,6.98,-0.67,6.88,1.509,-0.035,0.181,-1.24,-6.44,3.44,0.000000,0.000000,1410.27
30.08,102711.81,45.50,-114.83,9.95,-1.71,2.67,1.601,-0.027,2.229,-1.74,-9.78,-0.18,0.000000,0.000000,1410.81
30.08,102711.88,45.49,-114.83,9.04,-3.66,3.21,-0.010,-0.285,-0.646,-4.76,-8.35,0.28,0.000000,0.000000,1411.35
30.08,102712.53,45.49,-114.89,9.42,-1.40,1.50,0.258,-0.445,-0.296,-0.74,-7.87,-0.63,0.000000,0.000000,1411.89
30.08,102711.00,45.48,-114.76,9.35,-1.01,0.73,0.340,-0.400,-0.822,-0.23,-6.92,-0.63,0.000000,0.000000,1412.43
30.09,102710.73,45.51,-114.74,9.64,-0.67,0.27,0.490,-0.066,-0.033,0.27,-7.87,-1.54,0.000000,0.000000,1412.97
30.09,102711.72,45.49,-114.82,9.74,0.07,0.06,0.650,-0.095,-0.080,0.27,-9.30,-4.25,0.000000,0.000000,1413.51
30.09,102710.19,45.48,-114.69,9.15,-0.33,0.31,-0.142,0.494,-0.130,0.27,-8.82,-1.54,0.000000,0.000000,1414.05
30.09,102710.26,45.48,-114.70,9.86,0.27,1.69,-0.175,0.154,-0.612,0.27,-8.35,-1.54,0.000000,0.000000,1414.59
30.09,102710.19,45.48,-114.69,8.98,1.02,0.65,-0.189,0.231,0.370,2.28,-7.39,-1.08,0.000000,0.000000,1415.13
30.10,102707.42,45.51,-114.47,9.03,-0.74,2.01,-0.134,0.097,0.097,-0.23,-7.87,-2.44,0.000000,0.000000,1415.67
30.09,102707.89,45.49,-114.50,10.18,-0.55,0.70,0.711,-0.713,0.248,0.27,-8.35,-2.44,0.000000,0.000000,1416.21
30.10,102711.59,45.46,-114.81,9.55,-1.39,0.94,0.562,0.014,0.294,-0.74,-9.30,-1.99,0.000000,0.000000,1416.75
30.10,102709.20,45.48,-114.61,9.72,-2.27,0.50,-0.170,-0.269,-0.052,-1.74,-8.82,-1.08,0.000000,0.000000,1417.29
30.11,102712.84,45.45,-114.91,9.96,-0.79,0.42,-0.297,-0.225,-0.011,-0.74,-8.35,-1.54,0.000000,0.000000,1417.83
30.10,102713.64,45.46,-114.98,9.88,-1.25,0.06,0.199,-0.258,-0.049,-0.74,-7.87,-3.35,0.000000,0.000000,1418.37
30.10,102708.42,45.45,-114.55,9.66,-0.85,-0.28,0.193,-0.282,-0.203,-0.23,-8.35,-2.89,0.000000,0.000000,1418.91
30.10,102707.67,45.45,-114.49,9.39,-0.79,-0.69,0.213,-0.062,-0.053,-0.23,-8.35,-5.16,0.000000,0.000000,1419.45
30.10,102708.45,45.45,-114.55,10.13,-1.22,0.25,-0.172,0.101,0.092,-1.74,-8.35,-1.54,0.000000,0.000000,1419.99
30.11,102710.69,45.45,-114.73,9.49,-1.59,0.33,-0.219,-0.110,-0.210,-1.24,-7.87,-1.08,0.000000,0.000000,1420.53
30.09,102706.94,45.45,-114.43,9.88,-0.90,0.47,0.262,0.057,0.124,-0.74,-8.35,-1.08,0.000000,0.000000,1421.07
30.10,102706.13,45.44,-114.36,9.35,-0.96,0.05,0.550,-0.420,-0.044,-0.74,-7.87,-3.35,0.000000,0.000000,1421.61
30.10,102706.71,45.44,-114.41,9.89,-0.30,0.67,-0.152,-0.253,0.054,-0.23,-10.25,-1.99,0.000000,0.000000,1422.15
30.11,102710.00,45.42,-114.68,9.25,-1.14,0.59,0.178,-0.089,-0.239,-1.74,-7.39,-1.99,0.000000,0.000000,1422.69
30.11,102705.25,45.42,-114.29,9.49,-0.70,1.54,0.275,-0.046,-0.035,-0.23,-7.87,0.73,0.000000,0.000000,1423.23
30.12,102708.00,45.42,-114.51,9.96,-0.68,-0.65,0.091,-0.314,0.604,-0.23,-7.39,-2.44,0.000000,0.000000,1423.77
30.12,102708.17,45.42,-114.53,9.84,-0.80,0.03,0.205,-0.611,0.067,-0.23,-8.35,-3.35,0.000000,0.000000,1424.31
30.14,102710.98,45.42,-114.76,9.79,-2.21,-0.04,0.087,0.061,0.052,-1.74,-8.35,-3.35,0.000000,0.000000,1424.85
30.14,102710.81,45.42,-114.64,9.59,-1.87,0.11,0.095,-0.389,-0.163,-2.24,-8.82,-2.89,0.000000,0.000000,1425.39
30.14,102709.97,45.40,-114.68,9.68,-0.27,0.24,-0.019,-0.249,-0.442,-0.23,-7.87,-1.54,0.000000,0.000000,1425.93
30.15,102713.77,45.43,-114.99,10.03,2.17,-0.49,-0.964,1.048,-0.267,3.29,-7.87,-2.44,0.000000,0.000000,1426.47
30.13,102709.70,45.40,-114.65,7.87,-0.10,4.64,-1.398,-0.628,0.182,0.77,-6.92,1.63,0.000000,0.000000,1427.01
30.15,102713.69,45.40,-114.98,10.05,-2.96,1.60,0.640,-0.261,0.001,-2.75,-9.78,-1.99,0.000000,0.000000,1427.55
30.15,102714.96,45.39,-115.09,8.84,-2.86,2.29,-0.161,0.006,0.155,-3.25,-7.87,0.28,0.000000,0.000000,1428.09
30.16,102713.30,45.40,-114.95,8.82,-3.37,2.21,-0.038,-0.103,0.002,-3.25,-7.39,0.28,0.000000,0.000000,1428.63
30.16,102713.19,45.39,-114.94,9.52,-2.81,2.13,0.325,-0.155,0.199,-1.74,-7.39,-0.63,0.000000,0.000000,1429.17
30.16,102711.41,45.38,-114.79,10.50,-1.83,2.62,0.059,0.160,-0.522,-1.24,-8.35,0.73,0.000000,0.000000,1429.72
30.14,102708.97,45.38,-114.59,9.72,0.71,2.71,-0.316,-0.159,-0.017,1.27,-9.30,-0.63,0.000000,0.000000,1430.25
30.15,102710.62,45.39,-114.73,9.45,-0.19,2.74,-0.142,0.066,0.160,-0.23,-8.82,-0.18,0.000000,0.000000,1430.79
30.15,102708.56,45.42,-114.56,9.56,-0.27,2.70,-0.033,-0.152,-0.067,-0.23,-8.35,0.28,0.000000,0.000000,1431.34
30.15,102710.69,45.41,-114.73,9.54,-0.16,2.52,-0.036,-0.084,0.052,0.77,-7.39,0.73,0.000000,0.000000,1431.87
30.15,102709.52,45.39,-114.64,9.61,-0.33,2.49,0.109,0.058,0.052,0.77,-7.87,0.73,0.000000,0.000000,1432.41
30.15,102710.34,45.38,-114.71,8.93,0.29,3.60,0.182,0.302,0.022,0.77,-7.87,1.18,0.000000,0.000000,1432.96
30.16,102711.22,45.37,-114.78,7.62,-0.37,5.21,0.063,-0.028,0.112,0.27,-5.96,4.35,0.000000,0.000000,1433.50
30.15,102708.64,45.37,-114.57,8.60,-0.23,5.25,-0.163,-0.105,-0.027,-0.23,-7.87,3.44,0.000000,0.000000,1434.04
30.16,102711.55,45.37,-114.81,8.25,-0.85,5.83,0.583,0.165,0.081,-0.74,-7.87,3.44,0.000000,0.000000,1434.58
30.16,102709.13,45.37,-114.61,6.08,3.21,6.72,0.134,-0.030,0.059,3.79,-5.48,4.80,0.000000,0.000000,1435.12
30.16,102711.22,45.39,-114.78,6.83,2.19,6.79,-0.609,-0.176,-0.058,2.78,-6.44,4.80,0.000000,0.000000,1435.66
30.16,102709.34,45.39,-114.62,8.46,0.31,5.83,-0.540,-0.859,-1.175,1.27,-6.92,4.80,0.000000,0.000000,1436.20
30.17,102708.89,45.36,-114.59,8.55,2.32,3.94,-0.394,0.159,0.196,3.79,-7.39,0.73,0.000000,0.000000,1436.74
30.17,102708.28,45.34,-114.54,9.22,0.83,4.00,-0.901,-0.639,-0.252,1.27,-9.78,-0.18,0.000000,0.000000,1437.28
30.18,102709.55,45.36,-114.64,8.96,2.09,3.71,-1.008,-0.282,-0.647,2.28,-8.35,1.18,0.000000,0.000000,1437.82
30.17,102708.45,45.36,-114.55,9.11,0.39,2.49,-0.145,0.434,-0.112,-0.23,-8.35,-0.18,0.000000,0.000000,1438.36
30.18,102708.67,45.36,-114.57,9.49,0.76,2.53,0.001,-0.075,-0.022,1.78,-7.87,0.28,0.000000,0.000000,1438.90
30.18,102710.23,45.36,-114.70,9.47,0.67,2.64,0.013,-0.060,-0.005,1.27,-8.35,0.28,0.000000,0.000000,1439.44
30.19,102709.66,45.36,-114.65,9.41,0.69,2.75,0.080,-0.042,0.018,0.77,-7.87,-1.08,0.000000,0.000000,1439.98
30.18,102709.08,45.39,-114.60,8.99,0.12,2.75,3.002,-0.195,1.111,-0.23,-7.39,-2.44,0.000000,0.000000,1440.52
30.19,102710.52,45.35,-114.72,8.49,-0.77,4.88,2.065,0.567,0.737,-0.74,-7.87,2.54,0.000000,0.000000,1441.06
30.19,102709.91,45.33,-114.67,7.75,0.88,6.02,0.074,-0.153,0.079,1.78,-7.87,5.26,0.000000,0.000000,1441.59
30.19,102711.08,45.34,-114.77,7.22,1.09,6.86,0.048,0.170,0.016,2.28,-6.92,4.35,0.000000,0.000000,1442.14
30.19,102711.24,45.36,-114.78,8.61,-1.21,4.05,-1.518,-1.007,-0.956,0.27,-7.39,2.09,0.000000,0.000000,1442.68
30.21,102713.30,45.33,-114.95,9.48,0.74,2.28,-0.034,-0.172,-0.117,1.78,-7.39,0.73,0.000000,0.000000,1443.22
30.20,102710.02,45.34,-114.68,9.63,0.80,2.28,-0.017,-0.029,0.018,1.27,-7.87,-1.54,0.000000,0.000000,1443.76
30.21,102710.98,45.35,-114.76,9.50,0.81,2.32,-0.030,-0.083,-0.002,1.27,-9.30,-0.18,0.000000,0.000000,1444.30
30.21,102708.02,45.36,-114.51,9.44,1.12,2.12,-0.020,-0.079,-0.000,1.27,-8.35,-0.18,0.000000,0.000000,1444.84
30.20,102709.65,45.35,-114.65,9.65,1.08,2.05,0.005,-0.066,-0.023,2.28,-8.35,-1.08,0.000000,0.000000,1445.38
30.22,102710.79,45.34,-114.74,9.56,1.31,1.82,-0.004,-0.060,-0.052,1.78,-6.92,-0.18,0.000000,0.000000,1445.92
30.22,102711.03,45.36,-114.76,10.79,1.23,2.18,-0.077,0.087,0.344,1.27,-9.30,-1.99,0.000000,0.000000,1446.46
30.22,102710.69,45.33,-114.73,9.10,0.10,1.66,-0.207,1.101,0.015,1.27,-8.35,-2.44,0.000000,0.000000,1447.00
30.22,102710.69,45.33,-114.73,10.35,2.87,-0.14,0.360,-0.759,0.455,2.78,-9.78,-1.99,0.000000,0.000000,1447.54
30.23,102713.56,45.35,-114.97,13.16,2.91,5.99,0.654,-0.257,-0.682,2.78,-12.16,2.99,0.000000,0.000000,1448.08
30.22,102711.72,45.32,-114.82,-0.77,-0.20,0.22,0.248,0.485,-0.383,0.77,1.67,-0.63,0.000000,0.000000,1448.62
30.23,102710.25,45.35,-114.70,7.78,1.17,1.40,-0.072,-0.390,1.059,1.78,-5.01,-0.18,0.000000,0.000000,1449.16
30.23,102713.47,45.33,-114.96,19.07,5.29,7.29,0.086,-0.314,0.402,6.30,-19.31,1.63,0.000000,0.000000,1449.70
30.23,102711.69,45.33,-114.82,4.07,0.15,1.93,-0.229,-0.138,0.123,0.27,-2.62,-0.63,0.000000,0.000000,1450.24
30.23,102709.02,45.32,-114.60,9.85,1.85,2.39,0.396,0.147,-0.497,2.28,-9.30,-0.63,0.000000,0.000000,1450.78
30.24,102711.39,45.32,-114.79,8.96,3.18,1.67,-0.071,0.107,0.256,3.79,-7.87,-0.63,0.000000,0.000000,1451.32
30.23,102709.36,45.32,-114.63,9.31,2.41,1.30,-0.572,-0.152,0.102,3.29,-7.87,-1.54,0.000000,0.000000,1451.86
30.24,102710.70,45.32,-114.74,9.49,1.20,2.24,-0.396,-0.061,-0.033,1.78,-7.39,0.73,0.000000,0.000000,1452.40
30.24,102710.33,45.32,-114.70,9.28,0.65,1.63,-0.444,-0.120,-0.049,1.78,-7.87,-2.89,0.000000,0.000000,1452.94
30.23,102710.63,45.34,-114.73,9.08,0.94,2.66,0.402,0.095,-0.115,1.27,-9.30,-0.63,0.000000,0.000000,1453.48
30.23,102711.08,45.32,-114.77,10.19,0.11,3.03,2.516,0.306,0.604,0.27,-10.25,-0.63,0.000000,0.000000,1454.02
30.24,102709.84,45.31,-114.66,9.27,2.87,2.89,-0.323,-0.015,-0.597,3.79,-8.82,1.18,0.000000,0.000000,1454.56
30.25,102711.74,45.31,-114.82,9.54,1.80,2.57,-1.867,-0.621,-0.242,2.28,-8.35,0.73,0.000000,0.000000,1455.10
30.24,102712.45,45.30,-114.88,9.51,2.23,3.35,-0.625,-0.355,-0.327,3.29,-7.87,1.18,0.000000,0.000000,1455.64
30.25,102712.05,45.30,-114.85,10.28,3.13,4.50,0.043,-0.068,-0.549,3.29,-9.30,0.73,0.000000,0.000000,1456.18
30.25,102710.13,45.30,-114.69,11.29,1.44,4.31,3.579,1.136,1.319,1.27,-10.73,1.63,0.000000,0.000000,1456.72
30.25,102712.05,45.30,-114.85,9.42,1.55,2.61,1.720,0.311,0.915,1.78,-8.82,-0.63,0.000000,0.000000,1457.25
30.25,102708.22,45.30,-114.53,9.96,2.81,2.75,-0.190,-0.311,-0.150,2.78,-9.30,-0.63,0.000000,0.000000,1457.80
30.26,102711.17,45.30,-114.77,9.91,1.05,3.07,0.306,-0.112,0.147,1.78,-9.30,0.73,0.000000,0.000000,1458.33
30.25,102712.71,45.27,-114.83,10.16,-0.19,3.04,-0.198,0.384,0.063,0.77,-8.35,1.63,0.000000,0.000000,1458.88
30.26,102709.97,45.30,-114.68,9.51,0.75,3.35,0.305,-0.112,-0.362,0.77,-7.87,1.63,0.000000,0.000000,1459.41
30.27,102711.22,45.30,-114.78,9.41,0.52,3.26,0.836,0.089,0.396,1.27,-7.87,-0.63,0.000000,0.000000,1459.95
30.26,102709.19,45.30,-114.61,9.48,1.50,1.42,-0.827,-0.167,-0.420,2.28,-8.82,-2.44,0.000000,0.000000,1460.50
30.27,102711.22,45.30,-114.78,9.45,0.99,2.33,-0.239,-0.026,-0.240,1.27,-8.35,-0.18,0.000000,0.000000,1461.04
30.27,102711.55,45.30,-114.81,9.58,1.58,2.23,0.018,0.007,-0.022,2.28,-8.35,1.18,0.000000,0.000000,1461.57
30.27,102709.17,45.29,-114.61,9.45,1.07,2.38,-0.308,-0.179,-0.041,1.27,-8.35,-0.18,0.000000,0.000000,1462.12
30.27,102707.63,45.29,-114.48,9.90,1.19,2.01,-0.127,0.058,0.075,2.28,-8.35,1.18,0.000000,0.000000,1462.65
30.28,102710.33,45.29,-114.70,8.94,0.91,2.51,0.848,0.150,-0.028,1.78,-7.39,1.18,0.000000,0.000000,1463.20
30.28,102708.52,45.31,-114.56,10.30,1.42,1.49,0.353,0.107,-0.123,1.78,-9.30,-1.54,0.000000,0.000000,1463.74
30.29,102711.30,45.28,-114.78,9.99,1.08,1.83,-0.119,-0.042,-0.135,2.28,-7.87,0.28,0.000000,0.000000,1464.28
30.28,102710.20,45.27,-114.69,8.64,1.37,2.87,-0.682,-0.274,-0.273,1.78,-6.92,0.73,0.000000,0.000000,1464.82
30.28,102710.47,45.27,-114.72,9.95,1.03,1.60,0.885,0.057,0.011,1.27,-10.25,-1.99,0.000000,0.000000,1465.36
30.27,102706.26,45.30,-114.37,8.63,0.97,4.06,0.491,-0.148,0.615,1.27,-8.35,1.18,0.000000,0.000000,1465.90
30.27,102706.19,45.26,-114.36,8.50,-0.45,2.41,-0.532,-0.606,-0.534,0.27,-7.87,-0.18,0.000000,0.000000,1466.44
30.29,102710.78,45.25,-114.71,9.74,1.55,3.31,-0.351,0.156,-0.249,1.78,-8.35,1.18,0.000000,0.000000,1466.98
30.29,102708.63,45.24,-114.57,9.47,0.53,2.38,-0.171,-0.086,0.353,1.27,-7.87,0.28,0.000000,0.000000,1467.52
30.29,102711.34,45.24,-114.79,10.10,-0.32,2.00,0.066,-0.080,-0.131,0.27,-8.82,-1.08,0.000000,0.000000,1468.06
30.29,102708.27,45.24,-114.53,9.35,0.11,2.32,-0.096,-0.063,-0.076,0.27,-8.82,-0.18,0.000000,0.000000,1468.60
30.29,102710.83,45.23,-114.75,9.54,0.11,2.20,0.052,0.015,0.025,-0.23,-7.87,-0.18,0.000000,0.000000,1469.14
30.30,102710.56,45.23,-114.72,9.44,-0.57,2.34,-0.022,-0.077,-0.114,-0.74,-7.87,0.28,0.000000,0.000000,1469.68
30.30,102710.19,45.22,-114.69,9.47,-0.58,2.30,-0.054,-0.103,0.031,0.77,-8.35,0.73,0.000000,0.000000,1470.22
30.30,102709.36,45.22,-114.63,9.55,-0.26,2.28,-0.023,-0.041,0.043,0.77,-8.35,-2.44,0.000000,0.000000,1470.76
30.30,102711.55,45.22,-114.81,9.50,-0.43,2.37,-0.060,-0.118,-0.035,0.27,-8.82,-0.18,0.000000,0.000000,1471.30
30.31,102711.52,45.21,-114.80,9.53,-0.54,2.29,-0.039,-0.087,-0.010,-1.24,-8.35,-1.08,0.000000,0.000000,1471.84
30.30,102709.91,45.20,-114.67,9.53,-0.53,2.40,-0.036,-0.071,-0.043,-1.24,-8.35,0.73,0.000000,0.000000,1472.38
30.31,102707.08,45.20,-114.44,9.53,-0.52,2.40,0.010,-0.060,-0.083,-0.74,-7.87,0.73,0.000000,0.000000,1472.92
30.31,102711.70,45.20,-114.82,9.48,-0.31,2.32,0.043,-0.057,-0.036,-0.23,-7.39,0.28,0.000000,0.000000,1473.46
30.31,102713.11,45.19,-114.93,9.42,-0.27,2.38,-0.053,-0.092,-0.010,-0.23,-10.25,-1.54,0.000000,0.000000,1474.01
30.31,102712.77,45.19,-114.91,9.55,-0.33,2.29,0.004,-0.049,-0.004,0.27,-7.39,-1.08,0.000000,0.000000,1474.54
30.32,102711.91,45.18,-114.83,9.49,-0.40,2.33,-0.021,-0.059,-0.013,-0.23,-8.82,0.28,0.000000,0.000000,1475.08
30.31,102711.05,45.16,-114.76,9.54,-0.58,2.39,-0.001,-0.038,-0.018,-0.23,-7.87,-0.18,0.000000,0.000000,1475.63
30.32,102713.08,45.18,-114.93,9.53,-0.62,2.35,-0.004,-0.048,-0.037,0.27,-7.87,0.28,0.000000,0.000000,1476.16
30.32,102713.69,45.17,-114.98,9.55,-0.31,2.35,-0.011,-0.059,-0.039,0.27,-8.35,-0.63,0.000000,0.000000,1476.71
30.33,102712.30,45.17,-114.87,9.45,-0.26,2.36,-0.030,-0.043,-0.030,-0.23,-9.78,1.18,0.000000,0.000000,1477.25
30.33,102711.95,45.16,-114.84,9.60,-0.30,2.29,-0.016,-0.047,-0.002,-0.23,-8.82,0.28,0.000000,0.000000,1477.79
30.33,102707.34,45.17,-114.46,9.53,-0.33,2.33,0.020,-0.056,-0.075,0.77,-8.35,0.73,0.000000,0.000000,1478.32
30.33,102711.00,45.16,-114.76,9.56,-0.32,2.47,-0.015,-0.056,-0.012,0.77,-7.87,0.73,0.000000,0.000000,1478.86
30.33,102711.41,45.16,-114.79,9.46,-0.14,2.37,0.004,-0.036,-0.034,0.27,-7.87,-0.63,0.000000,0.000000,1479.41
30.33,102711.48,45.15,-114.80,9.58,-0.17,2.44,-0.012,-0.051,-0.006,0.77,-8.35,-1.08,0.000000,0.000000,1479.95
30.34,102711.21,45.15,-114.78,9.50,-0.12,2.52,-0.017,-0.071,-0.014,-0.74,-9.30,0.28,0.000000,0.000000,1480.49
30.34,102712.20,45.15,-114.86,9.59,-0.26,2.37,-0.058,-0.073,-0.017,0.27,-8.35,0.73,0.000000,0.000000,1481.02
30.34,102711.28,45.14,-114.78,9.52,-0.17,2.47,0.015,-0.060,-0.017,0.27,-7.39,1.18,0.000000,0.000000,1481.56
30.34,102711.86,45.13,-114.83,9.43,-0.22,2.60,-0.009,-0.069,-0.036,0.77,-7.87,1.18,0.000000,0.000000,1482.11
30.34,102711.35,45.13,-114.79,9.53,-0.29,2.50,0.010,-0.062,-0.042,0.27,-8.35,-0.18,0.000000,0.000000,1482.65
30.34,102710.73,45.13,-114.74,9.50,-0.26,2.57,-0.042,-0.054,0.052,0.27,-9.30,-1.54,0.000000,0.000000,1483.19
30.34,102709.47,45.11,-114.63,9.50,-0.40,2.65,-0.026,-0.080,-0.012,-0.23,-8.82,1.18,0.000000,0.000000,1483.73
30.35,102709.78,45.13,-114.66,9.53,-0.17,2.50,-0.021,-0.069,-0.015,0.77,-8.82,0.28,0.000000,0.000000,1484.27
30.34,102710.23,45.11,-114.70,9.97,0.11,2.65,-0.027,-0.177,0.083,0.77,-8.35,0.73,0.000000,0.000000,1484.80
30.35,102711.56,45.10,-114.81,11.99,0.10,3.76,-0.086,0.552,0.237,0.27,-11.21,-0.18,0.000000,0.000000,1485.35
30.34,102708.62,45.10,-114.56,3.57,-1.31,0.89,-0.172,-0.947,-0.272,-0.74,-1.19,-1.54,0.000000,0.000000,1485.89
30.35,102709.17,45.11,-114.61,16.01,-0.81,5.30,-0.220,-0.040,0.015,-0.74,-16.45,1.18,0.000000,0.000000,1486.43
30.36,102707.95,45.10,-114.51,0.80,-1.02,0.14,0.092,0.405,-0.562,0.27,0.71,0.28,0.000000,0.000000,1486.96
30.35,102705.83,45.09,-114.33,16.13,1.62,6.02,-0.668,-0.992,1.212,2.78,-14.54,3.44,0.000000,0.000000,1487.51
30.36,102707.50,45.09,-114.47,9.38,-1.47,2.47,1.985,0.121,0.204,-0.23,-7.87,0.73,0.000000,0.000000,1488.04
30.36,102706.66,45.08,-114.40,9.64,0.87,2.59,0.975,-0.199,0.292,0.77,-7.39,-1.08,0.000000,0.000000,1488.59
30.36,102708.84,45.07,-114.58,9.38,-0.25,3.26,1.490,-0.053,0.573,-0.23,-7.87,0.28,0.000000,0.000000,1489.13
30.36,102707.58,45.07,-114.48,9.33,0.60,3.06,-0.766,-0.250,-0.204,0.27,-9.30,0.28,0.000000,0.000000,1489.67
30.36,102704.06,45.07,-114.19,8.38,-0.33,3.74,0.895,0.015,0.432,-0.23,-6.44,1.18,0.000000,0.000000,1490.21
30.37,102706.21,45.08,-114.37,9.41,0.65,3.85,0.446,0.089,-0.372,2.28,-7.87,2.09,0.000000,0.000000,1490.75
30.38,102708.89,45.07,-114.59,9.26,3.02,3.09,0.803,-0.004,0.119,3.29,-7.39,-0.18,0.000000,0.000000,1491.29
30.38,102706.66,45.06,-114.40,8.27,1.60,6.17,-0.164,-0.026,0.255,1.78,-8.82,2.99,0.000000,0.000000,1491.83
30.37,102706.59,45.06,-114.40,9.15,1.13,4.64,-0.163,-0.341,0.595,1.78,-8.82,2.09,0.000000,0.000000,1492.37
30.38,102707.66,45.04,-114.49,8.91,-0.11,3.14,-0.406,-0.060,-0.246,0.27,-7.87,0.73,0.000000,0.000000,1492.91
30.38,102704.95,45.02,-114.47,8.36,-0.65,4.45,-0.016,-0.064,-0.090,0.27,-6.92,2.54,0.000000,0.000000,1493.45
30.38,102702.91,45.05,-114.09,10.11,-0.30,2.71,0.035,-0.146,0.006,0.27,-8.35,0.73,0.000000,0.000000,1493.99
30.37,102700.78,45.04,-113.92,10.29,-0.62,2.92,0.349,0.077,0.486,-0.23,-9.30,-0.63,0.000000,0.000000,1494.53
30.39,102703.77,45.03,-114.16,7.42,-0.72,4.87,0.124,0.114,0.295,0.27,-7.39,2.09,0.000000,0.000000,1495.07
30.38,102706.47,45.04,-114.39,7.98,-2.00,5.85,0.389,0.199,0.313,-1.74,-7.87,3.44,0.000000,0.000000,1495.61
30.38,102706.36,45.03,-114.38,8.77,1.08,5.17,0.151,-0.641,0.023,1.27,-8.35,2.99,0.000000,0.000000,1496.15
30.37,102702.16,45.04,-114.03,8.17,-0.93,5.31,0.226,-0.115,0.171,0.27,-6.92,3.44,0.000000,0.000000,1496.69
30.39,102706.27,45.02,-114.37,8.77,-1.27,3.21,1.235,-1.065,0.231,-0.74,-7.87,0.28,0.000000,0.000000,1497.23
30.38,102705.51,45.01,-114.31,9.56,1.13,2.75,-0.402,-0.432,-0.239,1.27,-8.82,0.28,0.000000,0.000000,1497.77
30.40,102708.81,45.02,-114.58,10.77,0.53,2.05,-0.068,-0.375,0.289,1.27,-9.78,-0.63,0.000000,0.000000,1498.31
30.43,102711.16,45.00,-114.77,9.51,-0.39,1.01,-0.641,-0.334,-0.006,-0.74,-7.87,-1.08,0.000000,0.000000,1498.85
30.43,102714.81,45.00,-115.07,8.99,1.20,3.89,-2.054,0.459,-0.751,2.28,-7.39,1.63,0.000000,0.000000,1499.39
30.41,102706.56,45.01,-114.40,7.99,3.59,4.55,-3.658,-0.400,-0.499,4.79,-6.92,3.90,0.000000,0.000000,1499.93
30.41,102707.59,45.01,-114.48,10.39,-1.82,3.48,0.959,0.152,0.564,-1.74,-8.82,-0.63,0.000000,0.000000,1500.47
30.41,102709.73,45.04,-114.66,8.13,-1.73,4.45,1.920,1.022,1.543,-1.74,-7.39,-0.18,0.000000,0.000000,1501.01
30.41,102709.98,45.01,-114.68,9.22,-2.23,2.27,1.068,-0.500,0.167,-1.74,-7.87,0.28,0.000000,0.000000,1501.55
30.40,102706.25,45.00,-114.37,10.42,2.35,-1.89,3.223,-1.616,-0.045,2.78,-7.87,-3.35,0.000000,0.000000,1502.09
30.40,102706.20,45.00,-114.36,8.02,-2.88,-1.63,-0.628,0.535,-0.863,-2.75,-6.44,-2.89,0.000000,0.000000,1502.63
30.42,102709.27,44.99,-114.62,10.03,-1.21,0.36,0.029,0.180,-0.327,-0.23,-8.35,-4.25,0.000000,0.000000,1503.17
30.42,102711.80,45.00,-114.83,8.67,-6.16,0.98,-1.300,0.370,-1.050,-5.26,-7.87,-1.99,0.000000,0.000000,1503.71
30.43,102709.20,44.99,-114.61,9.65,-2.98,-0.45,-0.704,-0.276,0.016,-2.75,-8.82,-3.80,0.000000,0.000000,1504.26
30.43,102711.06,44.99,-114.77,9.96,-2.20,0.71,0.141,-0.058,-0.014,-2.75,-8.82,-1.54,0.000000,0.000000,1504.79
30.44,102710.62,45.01,-114.73,9.90,-1.79,1.45,0.075,-0.038,-0.104,-1.24,-8.35,-0.18,0.000000,0.000000,1505.33
30.44,102709.32,45.02,-114.62,9.58,-1.64,1.28,0.007,-0.102,0.066,-1.74,-7.39,-0.63,0.000000,0.000000,1505.87
30.44,102713.42,45.02,-114.96,9.72,-2.07,1.10,-0.011,-0.011,0.001,-1.74,-8.82,-1.99,0.000000,0.000000,1506.41
30.44,102710.48,44.99,-114.72,9.42,-2.50,0.50,-0.074,-0.009,0.019,-1.74,-7.87,-4.25,0.000000,0.000000,1506.95
30.45,102713.30,44.99,-114.95,9.46,-2.54,0.80,0.060,-0.067,-0.111,-1.74,-9.78,-2.89,0.000000,0.000000,1507.50
30.45,102710.56,44.99,-114.72,9.60,-2.06,1.09,0.031,-0.064,0.036,-1.24,-8.35,-0.63,0.000000,0.000000,1508.03
30.44,102708.61,44.98,-114.56,9.62,-2.24,1.05,-0.004,-0.081,-0.013,-2.24,-6.92,-1.08,0.000000,0.000000,1508.58
30.45,102712.75,45.01,-114.90,9.32,-2.36,1.18,-0.002,-0.077,0.038,-1.74,-7.39,-0.18,0.000000,0.000000,1509.11
30.45,102713.02,44.99,-114.93,9.42,-2.39,1.01,0.018,-0.029,0.036,-2.24,-7.39,-1.99,0.000000,0.000000,1509.65
30.45,102709.75,44.98,-114.66,9.51,-2.43,0.90,-0.042,-0.052,0.006,-2.24,-9.78,-3.80,0.000000,0.000000,1510.20
30.45,102710.36,44.97,-114.79,9.42,-2.48,1.03,-0.011,-0.069,0.041,-2.24,-8.35,-1.08,0.000000,0.000000,1510.74
30.45,102711.45,44.97,-114.80,9.57,-3.04,1.36,-0.053,0.033,-0.070,-3.25,-8.35,-0.63,0.000000,0.000000,1511.28
30.46,102711.94,44.97,-114.84,10.12,-2.30,1.32,-0.017,-0.221,0.337,-1.24,-8.35,0.28,0.000000,0.000000,1511.82
30.46,102711.19,44.97,-114.78,9.27,-2.92,1.19,-0.219,0.060,-0.185,-2.75,-7.87,-0.18,0.000000,0.000000,1512.36
30.46,102712.11,44.96,-114.85,9.38,-3.03,1.07,-0.015,-0.091,0.033,-2.75,-7.39,-1.08,0.000000,0.000000,1512.90
30.46,102710.40,44.97,-114.71,9.39,-2.68,1.17,0.020,-0.061,0.072,-2.24,-7.87,-1.54,0.000000,0.000000,1513.44
30.47,102712.35,44.96,-114.87,9.39,-2.80,1.07,-0.091,-0.069,-0.030,-2.75,-8.35,-2.44,0.000000,0.000000,1513.98
30.46,102713.48,44.98,-114.96,9.22,-2.78,0.92,0.083,-0.030,0.027,-2.24,-7.87,-1.08,0.000000,0.000000,1514.52
30.47,102711.57,44.96,-114.81,9.49,-2.60,0.99,-0.052,-0.037,-0.056,-1.74,-7.39,-0.63,0.000000,0.000000,1515.06
30.46,102711.25,44.96,-114.78,9.70,-2.53,0.84,-0.004,-0.158,-0.033,-3.25,-7.87,-2.89,0.000000,0.000000,1515.60
30.47,102711.64,44.95,-114.81,9.46,-2.50,0.76,0.072,-0.079,0.098,-2.24,-7.39,-2.44,0.000000,0.000000,1516.14
30.47,102708.83,44.95,-114.58,9.04,-2.76,0.69,0.163,0.077,-0.144,-1.74,-8.35,-2.89,0.000000,0.000000,1516.68
30.46,102709.20,44.95,-114.61,9.18,-3.08,2.13,0.559,-0.032,0.040,-3.75,-8.35,-0.63,0.000000,0.000000,1517.22
30.46,102707.59,44.95,-114.48,8.80,-2.56,-1.34,0.001,-0.564,0.509,-1.74,-7.39,-2.89,0.000000,0.000000,1517.76
30.49,102712.75,44.94,-114.90,7.59,-6.09,-1.30,-0.384,0.315,0.540,-5.26,-5.48,-2.89,0.000000,0.000000,1518.30
30.50,102710.39,44.93,-114.71,8.22,-3.18,-0.54,-2.426,1.538,-1.249,-2.75,-6.44,-3.80,0.000000,0.000000,1518.84
30.50,102713.64,44.93,-114.98,10.11,-1.21,1.01,-2.804,0.392,-0.975,-0.74,-8.82,-1.54,0.000000,0.000000,1519.38
30.49,102711.79,44.92,-114.76,9.74,-0.53,1.46,-1.263,0.487,-0.181,-0.23,-9.78,-1.08,0.000000,0.000000,1519.92
30.42,102699.59,44.93,-113.82,10.40,0.26,1.26,-1.975,-0.166,-0.226,0.77,-8.82,-1.54,0.000000,0.000000,1520.46
30.51,102711.88,44.93,-114.83,8.39,-4.88,-0.17,-1.655,0.545,0.172,-5.26,-6.44,-1.99,0.000000,0.000000,1521.00
30.50,102710.30,44.92,-114.70,9.84,-5.37,-0.06,2.546,-0.795,0.406,-4.25,-8.35,-1.99,0.000000,0.000000,1521.54
30.51,102710.41,44.92,-114.71,9.98,-1.40,-1.41,1.581,-0.843,-0.027,-1.24,-7.87,-6.52,0.000000,0.000000,1522.08
30.51,102711.27,44.93,-114.78,9.65,-1.42,0.16,-0.232,-0.067,-0.149,-1.74,-7.87,-4.25,0.000000,0.000000,1522.62
30.51,102709.21,44.94,-114.61,9.78,-2.45,-0.08,-0.362,0.192,-0.468,-2.24,-8.35,-2.89,0.000000,0.000000,1523.16
30.50,102709.92,44.92,-114.67,8.84,-0.09,1.65,2.459,0.018,1.464,-0.23,-7.39,-1.54,0.000000,0.000000,1523.70
30.49,102706.33,44.93,-114.38,7.49,-3.66,4.36,0.670,0.227,0.687,-3.25,-6.44,2.99,0.000000,0.000000,1524.24
30.49,102705.56,44.94,-114.31,8.04,-3.61,4.72,0.143,-0.191,-0.108,-2.75,-6.92,2.99,0.000000,0.000000,1524.78
30.49,102705.40,44.92,-114.30,8.32,-3.14,4.18,-0.037,-0.176,-0.116,-2.75,-7.39,0.73,0.000000,0.000000,1525.32
30.50,102707.80,44.90,-114.50,9.02,-3.23,4.04,-0.001,0.088,-0.136,-3.75,-8.82,1.18,0.000000,0.000000,1525.86
30.51,102707.09,44.92,-114.44,8.00,-2.71,4.26,-0.839,-0.343,0.098,-2.24,-7.87,2.09,0.000000,0.000000,1526.40
30.51,102707.44,44.92,-114.47,8.96,-2.42,2.95,-0.386,0.178,-0.878,-2.24,-7.87,1.63,0.000000,0.000000,1526.94
30.51,102707.77,44.90,-114.49,8.98,-0.33,3.68,-0.007,0.267,-0.569,0.77,-7.39,1.63,0.000000,0.000000,1527.48
30.51,102707.84,44.92,-114.50,8.33,0.63,4.92,0.381,0.134,0.264,1.27,-7.39,2.99,0.000000,0.000000,1528.02
30.51,102709.66,44.91,-114.65,8.50,0.91,4.04,0.857,-0.002,0.086,0.77,-6.92,0.73,0.000000,0.000000,1528.56
30.52,102706.96,44.92,-114.43,8.86,1.06,4.38,0.956,0.304,0.364,2.28,-8.82,1.63,0.000000,0.000000,1529.10
30.51,102707.50,44.88,-114.47,8.96,0.84,4.29,0.673,-0.169,0.093,1.27,-8.35,1.18,0.000000,0.000000,1529.64
30.52,102707.47,44.89,-114.47,9.16,1.33,2.16,0.754,-0.228,-0.019,2.28,-7.87,0.28,0.000000,0.000000,1530.18
30.52,102710.69,44.88,-114.73,9.80,1.32,3.81,-0.762,-0.313,-0.231,3.29,-8.82,1.63,0.000000,0.000000,1530.72
30.53,102709.64,44.90,-114.65,9.54,0.08,2.96,-1.242,-0.228,0.520,0.77,-7.87,0.73,0.000000,0.000000,1531.26
30.53,102709.20,44.87,-114.61,9.45,0.24,2.36,-1.772,0.064,-0.518,0.77,-7.87,-1.54,0.000000,0.000000,1531.80
30.53,102708.09,44.88,-114.52,9.54,0.82,2.77,-1.048,-0.003,-0.193,0.77,-8.82,0.28,0.000000,0.000000,1532.34
30.54,102706.94,44.90,-114.43,9.31,0.48,2.70,0.112,0.031,-0.062,0.77,-8.35,-1.08,0.000000,0.000000,1532.88
30.53,102707.83,44.86,-114.50,9.22,0.91,2.84,-0.199,0.034,0.146,1.78,-8.35,-0.18,0.000000,0.000000,1533.42
30.54,102705.95,44.85,-114.34,9.27,0.73,2.73,0.432,-0.024,0.138,1.78,-6.92,1.63,0.000000,0.000000,1533.96
30.54,102706.64,44.89,-114.40,9.53,1.00,2.04,0.710,-0.314,-0.179,1.27,-7.87,0.73,0.000000,0.000000,1534.50
30.55,102707.81,44.84,-114.50,9.61,1.09,2.47,-0.674,-0.017,-0.142,1.27,-7.87,-1.99,0.000000,0.000000,1535.04
30.55,102708.32,44.84,-114.54,9.00,1.04,3.20,0.120,0.129,0.295,1.78,-8.82,0.73,0.000000,0.000000,1535.58
30.55,102708.13,44.84,-114.52,9.45,0.73,2.07,0.480,0.004,0.171,0.27,-7.87,-0.18,0.000000,0.000000,1536.12
30.55,102709.83,44.83,-114.66,9.27,0.36,2.76,0.060,-0.023,0.131,0.77,-7.87,1.18,0.000000,0.000000,1536.66
30.56,102712.39,44.83,-114.87,9.26,0.76,3.10,0.215,-0.118,0.023,2.28,-7.39,1.63,0.000000,0.000000,1537.20
30.56,102710.93,44.83,-114.75,9.44,1.05,2.58,0.184,-0.028,-0.004,1.27,-7.87,-2.44,0.000000,0.000000,1537.74
30.56,102711.61,44.84,-114.81,9.50,0.94,2.49,0.081,-0.050,-0.060,1.78,-7.87,-2.89,0.000000,0.000000,1538.28
30.56,102709.48,44.83,-114.64,9.51,1.31,2.43,-0.021,-0.102,-0.051,0.77,-9.30,0.28,0.000000,0.000000,1538.82
30.56,102710.08,44.82,-114.68,9.34,1.46,2.31,-0.051,-0.041,0.017,2.78,-8.82,-0.18,0.000000,0.000000,1539.36
30.56,102708.81,44.83,-114.58,9.64,1.02,3.02,-0.794,0.337,-0.084,0.77,-8.35,1.18,0.000000,0.000000,1539.90
30.56,102708.63,44.83,-114.57,7.33,-0.75,5.95,-0.620,0.478,-0.474,-0.23,-6.44,4.35,0.000000,0.000000,1540.44
30.57,102711.75,44.81,-114.82,7.66,-0.88,6.59,-0.152,0.016,0.021,-1.24,-6.44,2.99,0.000000,0.000000,1540.98
30.57,102707.48,44.81,-114.47,6.57,-0.55,7.10,0.108,-0.042,0.149,0.77,-6.44,3.90,0.000000,0.000000,1541.52
30.57,102710.28,44.81,-114.70,6.87,-0.13,7.25,0.451,-0.718,0.001,-0.23,-6.44,4.80,0.000000,0.000000,1542.06
30.56,102709.29,44.81,-114.62,9.62,-0.01,2.86,0.077,0.017,-0.216,-0.23,-8.35,-0.18,0.000000,0.000000,1542.60
30.57,102709.40,44.81,-114.63,9.18,0.62,2.70,0.979,-0.065,0.233,1.27,-7.87,1.63,0.000000,0.000000,1543.14
30.57,102708.13,44.80,-114.52,9.33,0.93,3.10,-0.013,-0.054,-0.107,1.27,-8.35,1.18,0.000000,0.000000,1543.68
30.58,102708.69,44.79,-114.57,9.32,0.88,2.90,0.012,-0.141,-0.055,1.27,-8.82,-0.63,0.000000,0.000000,1544.22
30.57,102708.03,44.80,-114.52,9.27,0.89,2.79,-0.018,-0.180,-0.036,0.77,-7.87,-0.18,0.000000,0.000000,1544.76
30.58,102707.83,44.80,-114.50,9.43,0.63,2.42,-0.392,-0.158,-0.075,0.27,-8.35,-0.18,0.000000,0.000000,1545.30
30.58,102709.81,44.83,-114.66,9.88,0.60,3.20,0.439,0.229,0.347,0.77,-8.35,1.18,0.000000,0.000000,1545.84
30.58,102707.48,44.79,-114.47,9.71,0.44,2.43,0.745,-0.006,-0.144,1.78,-7.87,0.73,0.000000,0.000000,1546.38
30.58,102707.30,44.80,-114.46,9.55,0.87,2.37,0.144,-0.126,0.140,1.27,-8.35,-2.44,0.000000,0.000000,1546.92
30.59,102708.42,44.82,-114.62,9.71,0.89,2.59,0.007,-0.085,0.150,1.78,-8.35,-0.18,0.000000,0.000000,1547.46
30.59,102706.58,44.79,-114.40,9.33,0.53,2.42,0.004,-0.043,-0.089,1.27,-8.82,0.28,0.000000,0.000000,1548.00
30.59,102707.95,44.78,-114.51,9.39,0.72,2.76,-0.306,-0.049,-0.017,0.77,-8.35,0.28,0.000000,0.000000,1548.54
30.60,102708.84,44.79,-114.58,9.30,0.77,2.70,-0.341,-0.126,-0.235,1.78,-8.82,-0.18,0.000000,0.000000,1549.09
30.59,102702.61,44.79,-114.07,9.61,0.78,2.36,-0.107,-0.105,-0.059,2.28,-7.87,1.18,0.000000,0.000000,1549.62
30.60,102706.59,44.78,-114.40,9.54,1.10,2.44,-0.060,-0.067,-0.046,1.78,-8.35,-0.18,0.000000,0.000000,1550.17
30.60,102710.20,44.78,-114.69,9.50,0.99,2.24,0.009,-0.057,-0.019,1.27,-7.39,-1.08,0.000000,0.000000,1550.71
30.60,102707.95,44.77,-114.51,9.63,0.95,2.36,0.098,-0.065,0.143,0.27,-8.82,-1.08,0.000000,0.000000,1551.24
30.60,102707.10,44.78,-114.44,9.37,0.76,2.42,0.302,-0.025,0.004,1.78,-8.35,0.73,0.000000,0.000000,1551.78
30.61,102705.56,44.77,-114.31,9.67,0.85,2.18,-0.121,-0.037,-0.089,2.28,-8.35,0.28,0.000000,0.000000,1552.33
30.60,102705.80,44.77,-114.33,9.46,0.61,2.29,-0.063,-0.054,-0.059,1.78,-7.87,0.28,0.000000,0.000000,1552.87
30.61,102707.95,44.77,-114.51,9.48,0.83,2.38,-0.045,-0.055,-0.105,1.27,-8.82,-1.08,0.000000,0.000000,1553.41
30.61,102711.69,44.77,-114.82,9.54,0.83,2.35,0.034,-0.067,-0.004,1.78,-8.82,-0.63,0.000000,0.000000,1553.95
30.61,102707.10,44.78,-114.44,9.55,0.88,2.12,0.028,-0.096,-0.030,1.78,-8.82,-0.18,0.000000,0.000000,1554.49
30.62,102707.89,44.77,-114.50,9.54,0.92,2.20,-0.083,-0.057,-0.046,1.27,-7.87,-0.18,0.000000,0.000000,1555.03
30.62,102707.38,44.78,-114.46,9.65,0.92,2.25,-0.173,0.061,0.030,2.28,-8.35,-0.18,0.000000,0.000000,1555.56
30.62,102707.45,44.80,-114.47,9.53,0.66,2.70,0.318,-0.467,-0.010,0.77,-7.87,-1.08,0.000000,0.000000,1556.11
30.62,102707.31,44.77,-114.25,9.15,1.23,1.20,-0.804,0.022,-0.128,2.28,-7.87,-2.89,0.000000,0.000000,1556.65
30.63,102712.28,44.76,-114.87,9.69,0.19,2.05,-0.226,-0.088,0.272,0.77,-9.30,-0.63,0.000000,0.000000,1557.19
30.64,102707.20,44.76,-114.45,9.74,0.34,2.33,0.255,-0.310,-0.083,1.27,-8.82,-1.08,0.000000,0.000000,1557.73
30.65,102712.16,44.76,-114.86,10.16,0.31,1.16,-0.133,-0.266,-0.081,0.27,-7.87,-1.54,0.000000,0.000000,1558.27
30.64,102706.99,44.76,-114.43,8.98,0.87,0.62,-0.198,-0.263,0.327,1.27,-7.39,-1.54,0.000000,0.000000,1558.81
30.64,102706.66,44.76,-114.40,9.61,-0.20,0.23,-0.259,-0.315,0.176,0.27,-7.87,-3.35,0.000000,0.000000,1559.35
30.64,102707.92,44.79,-114.51,9.66,-0.67,-0.05,0.012,0.178,0.073,0.27,-8.35,-3.80,0.000000,0.000000,1559.89
30.64,102707.84,44.79,-114.50,9.70,-0.54,0.89,0.185,0.010,-0.223,-0.74,-8.35,-1.99,0.000000,0.000000,1560.43
30.65,102708.64,44.75,-114.57,9.87,-0.10,0.85,0.285,-0.077,-0.112,-0.74,-7.87,-3.80,0.000000,0.000000,1560.98
30.65,102707.89,44.75,-114.50,9.96,0.03,-0.24,0.878,-0.005,0.213,0.27,-8.82,-3.80,0.000000,0.000000,1561.51
30.66,102708.47,44.75,-114.55,9.02,-0.52,1.25,-0.130,0.265,-0.311,-0.74,-7.87,-1.99,0.000000,0.000000,1562.05
30.65,102709.73,44.75,-114.66,9.51,1.25,0.95,-0.039,0.264,-0.189,1.27,-8.82,-1.54,0.000000,0.000000,1562.59
30.66,102707.76,44.75,-114.49,10.04,0.54,2.47,-2.589,-0.170,-0.385,0.77,-8.35,-0.18,0.000000,0.000000,1563.14
30.65,102707.28,44.75,-114.45,10.57,2.49,-0.49,-1.495,-0.133,-0.934,3.29,-7.87,-2.44,0.000000,0.000000,1563.68
30.66,102710.33,44.75,-114.70,10.10,1.89,1.80,-0.519,0.104,-0.370,2.28,-8.82,-3.35,0.000000,0.000000,1564.21
30.66,102707.69,44.76,-114.49,9.38,0.31,1.63,0.494,-0.058,0.248,1.27,-9.30,-1.08,0.000000,0.000000,1564.75
30.66,102710.09,44.75,-114.68,9.53,0.79,2.03,-0.346,-0.029,-0.037,0.77,-8.82,-0.18,0.000000,0.000000,1565.30
30.66,102707.59,44.75,-114.48,9.59,0.85,1.35,0.525,0.007,-0.099,1.27,-8.82,-0.63,0.000000,0.000000,1565.83
30.66,102705.98,44.75,-114.35,9.31,1.59,2.11,0.270,0.043,0.229,2.28,-7.87,-0.18,0.000000,0.000000,1566.37
30.67,102706.88,44.75,-114.42,9.54,1.24,0.68,0.272,-0.030,0.034,1.78,-8.35,-2.89,0.000000,0.000000,1566.91
30.66,102705.37,44.75,-114.30,9.34,1.22,0.99,0.195,-0.173,-0.300,1.78,-7.39,-2.89,0.000000,0.000000,1567.46
30.67,102703.70,44.75,-114.16,9.64,1.30,1.44,-0.026,-0.123,0.174,1.78,-9.30,-1.08,0.000000,0.000000,1568.00
30.67,102706.19,44.75,-114.36,9.68,0.74,1.16,0.111,0.060,0.007,1.78,-9.30,-1.08,0.000000,0.000000,1568.53
30.67,102707.60,44.75,-114.48,9.69,0.80,1.38,-0.046,-0.021,-0.116,0.77,-7.87,-1.08,0.000000,0.000000,1569.08
30.67,102705.41,44.76,-114.30,9.66,0.74,1.13,-0.288,-0.112,-0.028,1.27,-7.39,-0.63,0.000000,0.000000,1569.62
30.67,102706.92,44.76,-114.42,9.78,-0.04,1.15,-0.075,0.012,-0.116,0.27,-8.82,-2.89,0.000000,0.000000,1570.16
30.66,102702.83,44.75,-114.09,9.47,0.10,1.13,-0.171,-0.628,-0.342,1.27,-7.87,-3.35,0.000000,0.000000,1570.70
30.66,102704.78,44.75,-114.25,8.32,2.09,1.10,-0.044,0.184,0.022,2.28,-6.44,-1.54,0.000000,0.000000,1571.23
30.65,102705.30,44.78,-114.29,9.67,2.29,4.32,0.181,-0.287,-0.003,2.78,-8.82,2.09,0.000000,0.000000,1571.77
30.66,102710.56,44.79,-114.72,10.26,2.07,0.95,1.769,-1.071,0.432,2.78,-8.35,-1.99,0.000000,0.000000,1572.32
30.67,102711.13,44.75,-114.77,9.27,-1.03,-0.44,0.181,-0.263,0.315,-0.23,-6.92,-1.99,0.000000,0.000000,1572.86
30.67,102711.80,44.75,-114.83,9.90,-0.18,-0.93,-0.131,0.263,0.030,0.77,-9.30,-4.71,0.000000,0.000000,1573.40
30.67,102711.73,44.75,-114.82,9.53,-0.10,-1.49,0.805,-0.463,0.047,-0.23,-9.30,-3.35,0.000000,0.000000,1573.94
30.67,102711.63,44.75,-114.81,9.67,-0.32,-0.97,-0.285,0.182,-0.223,0.77,-9.30,-3.35,0.000000,0.000000,1574.48
30.68,102711.81,44.74,-114.87,9.91,-0.00,-0.66,0.076,0.017,0.123,0.77,-9.30,-2.89,0.000000,0.000000,1575.02
30.68,102709.63,44.75,-114.65,9.60,-0.64,-0.68,-0.038,-0.079,-0.005,-0.23,-7.39,-3.35,0.000000,0.000000,1575.56
30.69,102714.17,44.75,-115.02,9.80,-0.20,-0.95,-0.201,0.278,-0.076,1.27,-7.87,-3.80,0.000000,0.000000,1576.10
30.68,102709.94,44.75,-114.67,9.83,0.01,-1.04,0.027,0.047,0.042,0.27,-8.35,-1.99,0.000000,0.000000,1576.64
30.69,102709.80,44.75,-114.66,9.76,0.50,-0.77,-0.218,-0.056,-0.047,1.27,-10.25,-4.71,0.000000,0.000000,1577.18
30.68,102710.62,44.78,-114.73,9.82,0.70,-0.88,-0.044,-0.260,0.126,0.77,-7.87,-2.89,0.000000,0.000000,1577.72
30.69,102710.90,44.77,-114.75,9.81,-0.63,-1.02,-0.022,-0.131,0.007,-0.74,-8.35,-3.35,0.000000,0.000000,1578.26
30.69,102708.54,44.73,-114.56,9.80,-0.52,-1.33,-0.102,-0.012,-0.023,0.27,-7.39,-3.35,0.000000,0.000000,1578.80
30.69,102707.14,44.74,-114.44,9.73,-0.29,-1.45,0.007,-0.084,-0.015,1.27,-7.87,-2.89,0.000000,0.000000,1579.34
30.70,102710.97,44.73,-114.76,9.72,-0.10,-1.28,-0.035,-0.026,-0.052,0.27,-8.35,-4.71,0.000000,0.000000,1579.88
30.70,102710.70,44.73,-114.74,9.96,-0.27,-1.49,-0.008,-0.015,-0.100,-0.23,-8.35,-3.80,0.000000,0.000000,1580.42
30.70,102709.74,44.73,-114.66,9.29,-0.76,-1.54,-0.380,0.031,-0.159,-1.24,-8.82,-4.71,0.000000,0.000000,1580.96
30.70,102709.40,44.73,-114.63,9.68,-0.39,-1.35,-0.044,-0.097,-0.094,-0.74,-8.35,-3.35,0.000000,0.000000,1581.50
30.71,102709.78,44.73,-114.66,9.96,-0.35,-0.85,0.085,-0.177,0.499,1.27,-8.82,-2.44,0.000000,0.000000,1582.04
30.70,102709.53,44.72,-114.64,10.04,-0.32,-1.38,0.031,0.173,-0.239,0.27,-7.39,-4.25,0.000000,0.000000,1582.58
30.71,102711.80,44.72,-114.83,9.69,-0.18,-1.56,0.209,0.235,0.034,0.27,-7.87,-6.52,0.000000,0.000000,1583.12
30.71,102709.27,44.72,-114.62,9.97,0.54,-1.88,-0.041,-0.090,-0.017,0.27,-10.73,-4.71,0.000000,0.000000,1583.66
30.72,102710.58,44.73,-114.73,9.22,0.52,-0.80,-0.102,0.371,0.206,0.77,-7.39,-3.80,0.000000,0.000000,1584.20
30.71,102708.58,44.72,-114.56,9.56,-0.04,2.16,-0.285,0.164,-0.162,0.77,-8.82,0.28,0.000000,0.000000,1584.74
30.71,102710.36,44.71,-114.71,10.12,0.49,1.07,0.304,-0.321,-0.006,1.27,-8.82,-0.63,0.000000,0.000000,1585.28
30.71,102708.96,44.75,-114.59,10.12,0.95,2.10,-0.010,0.391,-0.302,1.78,-7.87,0.28,0.000000,0.000000,1585.82
30.71,102705.38,44.72,-114.30,9.95,2.05,1.94,-0.593,-0.191,-0.405,2.28,-8.82,-1.99,0.000000,0.000000,1586.36
30.72,102708.69,44.72,-114.57,9.79,2.65,1.38,-0.044,0.021,-0.313,3.29,-8.35,-1.54,0.000000,0.000000,1586.90
30.71,102711.53,44.72,-114.80,9.79,-0.09,0.92,0.278,-0.192,-0.127,0.77,-10.25,-1.99,0.000000,0.000000,1587.44
30.73,102711.95,44.71,-114.84,9.56,0.72,0.47,-0.036,0.133,-0.285,0.77,-7.87,-1.54,0.000000,0.000000,1587.98
30.72,102708.34,44.71,-114.54,9.95,0.86,0.88,0.063,0.083,0.058,1.78,-8.35,-1.54,0.000000,0.000000,1588.52
30.73,102711.09,44.75,-114.77,9.65,1.10,0.70,0.261,-0.269,-0.072,2.28,-7.87,-1.08,0.000000,0.000000,1589.06
30.73,102708.05,44.70,-114.52,9.51,1.45,-0.21,0.030,-0.116,0.007,0.77,-8.35,-2.89,0.000000,0.000000,1589.60
30.74,102710.38,44.71,-114.71,9.88,1.03,-0.17,-0.006,-0.220,0.128,1.78,-8.35,-2.89,0.000000,0.000000,1590.14
30.73,102708.22,44.71,-114.53,10.20,1.10,0.39,-0.428,-0.378,-0.090,0.77,-9.30,-2.44,0.000000,0.000000,1590.69
30.74,102709.33,44.70,-114.62,9.82,1.20,0.65,0.055,-0.039,0.453,1.78,-8.82,-1.08,0.000000,0.000000,1591.22
30.73,102709.11,44.70,-114.60,9.84,0.55,-0.11,0.047,-0.123,0.096,0.27,-8.35,-1.99,0.000000,0.000000,1591.76
30.75,102710.32,44.69,-114.70,9.67,0.35,-0.68,0.143,-0.506,-0.157,1.27,-6.92,-1.99,0.000000,0.000000,1592.30
30.74,102711.14,44.70,-114.77,9.42,0.28,-2.40,0.088,-0.110,0.107,0.77,-6.92,-6.52,0.000000,0.000000,1592.84
30.74,102709.05,44.70,-114.60,9.86,-0.14,-0.83,0.452,0.233,0.144,0.27,-7.87,-1.99,0.000000,0.000000,1593.38
30.75,102710.84,44.69,-114.75,9.69,0.58,-0.66,-0.075,0.073,0.091,0.27,-9.30,-2.44,0.000000,0.000000,1593.92
30.74,102709.47,44.70,-114.63,9.48,0.53,0.09,-0.127,-0.199,-0.076,0.27,-8.35,-2.44,0.000000,0.000000,1594.46
30.75,102709.44,44.70,-114.63,9.57,0.49,-1.24,-0.056,-0.017,0.070,1.78,-8.35,-2.44,0.000000,0.000000,1595.00
30.75,102710.05,44.71,-114.68,10.13,0.48,-0.85,0.011,0.037,-0.202,1.27,-7.87,-1.99,0.000000,0.000000,1595.54
30.75,102709.37,44.69,-114.63,10.05,0.26,-0.88,-0.128,-0.250,-0.147,0.27,-8.35,-4.25,0.000000,0.000000,1596.09
30.75,102710.22,44.69,-114.70,9.80,-0.57,-0.72,-0.028,-0.157,-0.007,0.27,-8.82,-3.35,0.000000,0.000000,1596.63
30.75,102710.56,44.68,-114.72,9.64,-0.04,-0.96,0.089,0.108,0.063,-0.23,-8.82,-4.71,0.000000,0.000000,1597.17
30.75,102709.95,44.69,-114.67,9.59,0.20,-0.60,0.010,0.003,-0.007,0.27,-7.87,-3.35,0.000000,0.000000,1597.70
30.74,102706.59,44.69,-114.40,9.61,0.43,0.28,-0.369,0.879,0.355,0.77,-7.39,-1.54,0.000000,0.000000,1598.24
30.75,102706.22,44.68,-114.37,8.30,0.66,5.30,-0.465,-0.197,0.348,1.78,-7.39,3.44,0.000000,0.000000,1598.78
30.76,102708.66,44.69,-114.57,8.23,-4.80,0.77,-0.478,-0.131,0.359,-4.25,-6.44,-4.25,0.000000,0.000000,1599.33
30.75,102707.05,44.68,-114.43,8.30,-4.23,1.31,0.558,0.020,-1.067,-3.75,-6.92,-1.08,0.000000,0.000000,1599.87
30.74,102705.73,44.69,-114.33,9.50,-2.07,2.67,0.387,-0.478,0.026,-1.24,-10.25,-0.18,0.000000,0.000000,1600.41
30.76,102711.80,44.68,-114.83,8.98,-1.84,2.25,0.162,0.537,0.305,-1.74,-8.82,-0.18,0.000000,0.000000,1600.95
30.75,102705.60,44.70,-114.32,9.51,-1.34,1.46,0.021,-0.208,-0.002,-0.74,-8.35,-0.18,0.000000,0.000000,1601.49
30.76,102706.67,44.67,-114.40,9.58,-1.17,1.60,-0.075,-0.030,-0.022,-0.23,-7.39,-1.08,0.000000,0.000000,1602.03
30.76,102706.02,44.67,-114.35,9.65,-1.06,1.37,-0.057,-0.089,0.039,-0.23,-8.35,-3.80,0.000000,0.000000,1602.57
30.76,102705.20,44.67,-114.28,9.66,-1.30,1.24,-0.023,-0.087,0.002,-1.74,-7.87,-1.54,0.000000,0.000000,1603.11
30.76,102705.67,44.68,-114.35,9.73,-1.01,0.95,-0.184,-0.196,-0.229,-1.24,-9.30,-1.08,0.000000,0.000000,1603.65
30.76,102706.09,44.67,-114.36,9.81,-0.43,0.83,-0.021,-0.001,-0.139,-0.23,-8.35,-1.54,0.000000,0.000000,1604.19
30.76,102707.05,44.67,-114.43,9.61,-0.32,1.06,-0.088,-0.129,0.004,-0.23,-7.87,-1.08,0.000000,0.000000,1604.73
30.76,102703.63,44.67,-114.15,9.91,-0.15,0.37,0.487,-0.209,-0.009,0.27,-7.39,-1.54,0.000000,0.000000,1605.27
30.75,102702.42,44.67,-114.05,9.90,-0.35,0.03,-0.053,-0.108,0.027,0.77,-8.82,-1.54,0.000000,0.000000,1605.81
30.75,102704.06,44.67,-114.19,9.83,-0.23,-0.02,0.057,0.002,-0.057,-0.23,-9.30,-4.71,0.000000,0.000000,1606.35
30.76,102705.33,44.66,-114.29,9.67,-0.35,0.21,-0.083,0.045,-0.079,0.27,-8.82,-2.89,0.000000,0.000000,1606.89
30.76,102704.62,44.66,-114.23,9.70,-0.16,0.41,-0.039,-0.033,-0.001,-0.23,-8.35,-1.99,0.000000,0.000000,1607.43
30.78,102709.45,44.66,-114.63,9.55,-0.62,0.04,0.094,0.036,0.145,-0.23,-8.35,-1.99,0.000000,0.000000,1607.97
30.76,102700.00,44.65,-113.85,8.98,1.05,-2.13,0.252,-0.345,-0.130,0.77,-5.96,-3.35,0.000000,0.000000,1608.51
30.77,102700.55,44.65,-113.90,9.77,0.08,-1.60,-0.287,0.087,0.092,0.27,-7.87,-3.35,0.000000,0.000000,1609.05
30.77,102701.24,44.65,-113.96,9.83,-1.17,2.22,-0.016,0.659,-0.162,-1.24,-8.35,-0.18,0.000000,0.000000,1609.59
30.77,102704.29,44.66,-114.21,9.67,-0.06,2.97,-0.053,-0.205,-0.260,0.77,-8.35,-0.18,0.000000,0.000000,1610.13
30.77,102700.21,44.65,-113.87,9.69,-1.17,2.99,-0.922,0.037,-0.181,-0.74,-8.82,0.28,0.000000,0.000000,1610.67
30.80,102708.59,44.65,-114.56,9.38,-1.58,1.00,0.178,-0.655,0.118,-1.74,-7.87,-1.08,0.000000,0.000000,1611.21
30.79,102707.93,44.65,-114.51,9.65,-1.65,0.24,-0.133,-0.114,-0.103,-1.24,-7.87,-1.08,0.000000,0.000000,1611.75
30.79,102705.63,44.65,-114.32,9.76,-1.30,0.31,-0.055,-0.149,-0.229,-0.74,-7.87,-1.08,0.000000,0.000000,1612.29
30.78,102700.13,44.64,-113.86,9.67,-1.58,0.04,-0.052,0.043,0.017,-1.74,-7.39,-3.80,0.000000,0.000000,1612.83
30.78,102704.40,44.64,-114.22,9.31,-0.83,0.15,0.006,-0.215,-0.052,-0.74,-9.30,-5.16,0.000000,0.000000,1613.37
30.78,102703.17,44.67,-113.93,9.82,-0.67,0.15,-0.156,0.061,0.031,-0.23,-8.82,-2.89,0.000000,0.000000,1613.91
30.78,102700.39,44.65,-113.89,9.66,-0.27,-0.38,-0.105,0.078,-0.053,-0.23,-8.35,-2.89,0.000000,0.000000,1614.45
30.78,102700.73,44.64,-113.91,9.31,-1.24,0.77,-0.010,0.158,-0.069,-1.24,-7.87,-0.63,0.000000,0.000000,1614.99
30.77,102697.75,44.64,-113.67,9.41,-0.68,2.72,0.073,0.233,0.055,-0.23,-7.39,1.18,0.000000,0.000000,1615.53
30.82,102704.56,44.64,-114.23,9.64,-1.00,2.30,-0.082,-0.159,0.019,-0.74,-8.82,-1.08,0.000000,0.000000,1616.07
30.81,102702.98,44.63,-114.10,9.60,-1.52,2.58,-0.022,-0.061,0.045,-0.23,-10.25,-2.44,0.000000,0.000000,1616.61
30.80,102701.23,44.64,-113.95,9.30,-1.24,2.29,-0.065,-0.080,-0.049,-1.24,-8.82,-1.08,0.000000,0.000000,1617.15
30.79,102700.16,44.64,-113.87,9.44,-1.08,2.38,-0.031,-0.062,-0.054,-1.24,-7.39,-0.18,0.000000,0.000000,1617.69
30.82,102705.38,44.65,-114.30,9.57,-0.93,2.18,-0.012,-0.056,0.017,-0.23,-8.35,-0.18,0.000000,0.000000,1618.23
30.81,102704.38,44.66,-114.21,9.54,-0.94,2.29,0.048,-0.148,0.038,-0.23,-8.35,0.73,0.000000,0.000000,1618.77
30.81,102699.56,44.63,-113.82,9.55,-0.83,2.17,-0.067,-0.070,0.010,-1.24,-8.35,-1.99,0.000000,0.000000,1619.31
30.81,102701.81,44.64,-114.00,9.55,-0.81,2.16,-0.015,-0.059,-0.029,-0.74,-8.82,-1.99,0.000000,0.000000,1619.85
30.81,102702.70,44.62,-114.08,9.59,-0.84,2.14,-0.043,-0.085,-0.023,-0.23,-8.82,-0.63,0.000000,0.000000,1620.39
30.82,102705.00,44.61,-114.27,9.56,-0.86,2.04,-0.012,-0.069,-0.004,0.27,-9.30,-1.08,0.000000,0.000000,1620.93
30.82,102700.73,44.62,-113.91,9.65,-0.78,1.94,-0.014,-0.047,-0.080,0.27,-8.35,-0.63,0.000000,0.000000,1621.47
30.82,102699.60,44.61,-113.82,9.58,-0.67,2.07,-0.016,-0.026,0.017,-0.23,-8.82,-0.63,0.000000,0.000000,1622.01
30.79,102696.50,44.61,-113.57,9.61,-0.58,2.13,-0.019,-0.152,-0.076,-0.74,-8.35,-1.08,0.000000,0.000000,1622.55
30.84,102706.25,44.61,-114.37,9.82,-0.71,1.22,-0.027,0.163,0.268,0.27,-8.35,-0.18,0.000000,0.000000,1623.09
30.84,102705.30,44.60,-114.29,9.12,-2.13,2.50,0.102,0.025,-0.117,-2.24,-8.35,-1.99,0.000000,0.000000,1623.63
30.86,102708.48,44.65,-114.36,9.35,-2.15,2.63,-0.034,-0.221,-0.164,-1.74,-7.87,-1.08,0.000000,0.000000,1624.19
30.86,102707.43,44.62,-114.47,9.63,-0.87,2.10,-0.151,-0.135,-0.216,0.27,-7.87,0.28,0.000000,0.000000,1624.72
30.87,102707.91,44.64,-114.51,9.62,-0.57,2.14,-0.003,-0.050,-0.047,0.27,-7.39,0.28,0.000000,0.000000,1625.26
30.86,102704.72,44.62,-114.24,9.58,-0.67,2.20,-0.001,-0.053,-0.025,-0.74,-8.35,-0.63,0.000000,0.000000,1625.81
30.84,102703.07,44.61,-114.11,9.70,-0.71,2.40,-0.047,-0.047,0.174,-0.23,-8.35,-0.63,0.000000,0.000000,1626.35
30.86,102704.08,44.60,-114.19,9.36,-2.29,2.41,0.081,-0.083,0.165,-1.74,-8.35,-0.18,0.000000,0.000000,1626.88
30.85,102703.72,44.61,-114.16,8.78,-2.21,3.13,0.360,-0.315,0.300,-2.24,-8.35,-0.18,0.000000,0.000000,1627.43
30.86,102701.64,44.61,-113.99,9.51,-2.02,2.01,-0.022,0.156,-0.299,-1.74,-7.39,-0.18,0.000000,0.000000,1627.97
30.87,102707.09,44.64,-114.44,9.17,-1.61,3.20,0.115,0.060,-0.289,-1.24,-7.87,1.18,0.000000,0.000000,1628.50
30.88,102706.45,44.59,-114.39,9.06,-1.31,3.26,-0.011,-0.095,-0.019,-0.74,-7.87,-1.08,0.000000,0.000000,1629.05
30.87,102705.83,44.60,-114.33,9.20,-0.93,3.24,0.013,-0.031,-0.130,-0.74,-7.87,0.28,0.000000,0.000000,1629.59
30.88,102703.74,44.59,-114.16,9.00,0.36,2.92,0.247,-0.149,0.131,0.27,-9.30,-0.18,0.000000,0.000000,1630.13
30.86,102702.56,44.60,-114.07,9.64,-0.27,2.92,-0.186,0.353,-0.121,-0.23,-8.82,0.73,0.000000,0.000000,1630.67
30.86,102701.69,44.61,-113.99,9.56,-2.58,3.19,-0.004,-0.077,-0.360,-2.75,-9.30,-1.54,0.000000,0.000000,1631.21
30.88,102706.89,44.59,-114.42,8.84,-1.85,3.29,0.062,-0.185,0.108,-1.24,-8.35,0.73,0.000000,0.000000,1631.75
30.88,102706.45,44.59,-114.39,8.40,-1.63,3.71,-0.164,0.089,-0.051,-1.24,-6.92,1.18,0.000000,0.000000,1632.29
30.88,102705.87,44.62,-114.34,9.77,-1.11,2.39,0.486,-0.432,-0.234,-0.23,-9.30,0.28,0.000000,0.000000,1632.83
30.87,102700.90,44.60,-113.93,9.22,-0.75,2.82,-0.007,0.037,0.342,-0.74,-6.92,1.63,0.000000,0.000000,1633.37
30.88,102703.09,44.59,-114.11,9.25,-2.04,3.46,-0.191,0.058,-0.162,-1.24,-8.35,-1.99,0.000000,0.000000,1633.91
30.89,102705.91,44.58,-114.34,9.61,-1.83,3.60,-0.038,0.039,-0.297,-1.24,-9.78,1.18,0.000000,0.000000,1634.45
30.90,102707.31,44.58,-114.46,8.92,-0.30,2.88,0.289,-0.085,0.268,-0.23,-9.30,-1.08,0.000000,0.000000,1634.99
30.89,102704.68,44.58,-114.24,10.38,-0.59,3.12,0.224,0.149,0.289,-1.24,-9.30,0.28,0.000000,0.000000,1635.53
30.90,102700.47,44.59,-113.89,8.54,2.37,1.50,1.694,0.440,0.222,2.78,-7.39,-0.63,0.000000,0.000000,1636.07
30.86,102695.02,44.58,-113.44,8.99,0.09,3.28,1.858,0.174,-0.298,0.77,-7.87,1.18,0.000000,0.000000,1636.61
30.90,102699.17,44.58,-113.79,9.13,-0.98,2.48,1.032,0.172,0.246,0.27,-8.35,1.18,0.000000,0.000000,1637.15
30.90,102700.27,44.58,-113.88,9.74,-0.23,1.00,0.368,0.023,0.518,0.27,-8.82,-3.35,0.000000,0.000000,1637.69
30.88,102697.28,44.57,-113.63,8.85,-0.46,3.32,-0.797,0.144,-0.169,-0.23,-7.87,-0.63,0.000000,0.000000,1638.23
30.89,102697.77,44.57,-113.67,8.92,-0.26,3.09,-0.811,0.039,0.340,0.77,-8.82,-0.18,0.000000,0.000000,1638.77
30.90,102696.85,44.58,-113.59,8.43,-0.96,3.70,-0.221,0.215,-0.137,-0.74,-9.30,1.18,0.000000,0.000000,1639.31
30.90,102699.11,44.57,-113.78,9.15,-1.82,4.75,0.948,-0.478,0.222,-2.75,-9.30,2.54,0.000000,0.000000,1639.85
30.89,102698.25,44.59,-113.71,8.96,-0.64,3.52,0.023,-0.127,0.109,0.27,-7.39,1.18,0.000000,0.000000,1640.39
30.91,102701.54,44.57,-113.98,8.72,-0.35,2.96,0.615,-0.150,-0.454,0.77,-6.92,2.09,0.000000,0.000000,1640.93
30.88,102698.94,44.58,-113.77,9.72,0.00,1.46,-0.013,-0.062,-0.015,0.77,-7.87,-0.18,0.000000,0.000000,1641.47
30.89,102699.55,44.58,-113.82,9.72,0.00,1.43,-0.011,-0.055,-0.020,0.77,-9.30,-2.44,0.000000,0.000000,1642.01
30.90,102698.08,44.57,-113.70,9.70,-0.02,1.41,-0.014,-0.062,-0.014,0.27,-8.35,-0.63,0.000000,0.000000,1642.55
30.89,102696.30,44.57,-113.55,9.94,-0.15,1.47,-0.010,-0.071,-0.018,0.77,-8.82,-1.08,0.000000,0.000000,1643.09
30.89,102700.06,44.58,-113.86,9.64,0.01,1.42,-0.013,-0.061,-0.013,-0.23,-8.35,-1.99,0.000000,0.000000,1643.63
30.90,102699.96,44.57,-113.85,9.75,-0.05,1.37,-0.013,-0.061,-0.017,0.27,-7.39,-1.08,0.000000,0.000000,1644.17
30.91,102696.31,44.59,-113.55,9.73,-0.03,1.40,-0.013,-0.061,-0.017,0.77,-7.87,-0.18,0.000000,0.000000,1644.71
30.92,102699.67,44.57,-113.83,9.73,-0.03,1.41,-0.013,-0.060,-0.017,0.77,-7.87,-0.18,0.000000,0.000000,1645.25
30.88,102691.95,44.58,-113.19,9.72,-0.03,1.38,-0.013,-0.061,-0.017,0.77,-7.87,-1.99,0.000000,0.000000,1645.79
30.91,102697.23,44.57,-113.63,9.73,-0.04,1.43,-0.013,-0.062,-0.017,0.27,-8.82,-1.54,0.000000,0.000000,1646.33
30.91,102696.41,44.58,-113.56,9.74,-0.05,1.39,-0.012,-0.062,-0.018,-0.23,-8.82,-0.63,0.000000,0.000000,1646.87
30.90,102696.34,44.57,-113.55,9.73,-0.03,1.43,-0.013,-0.060,-0.016,1.27,-7.87,-1.08,0.000000,0.000000,1647.41
30.90,102700.27,44.57,-113.88,9.74,-0.02,1.41,-0.013,-0.062,-0.017,0.77,-7.39,-0.18,0.000000,0.000000,1647.95
30.91,102697.64,44.58,-113.66,9.72,-0.02,1.43,-0.013,-0.061,-0.016,1.27,-8.35,0.28,0.000000,0.000000,1648.49
30.89,102694.08,44.58,-113.37,9.73,-0.02,1.38,-0.012,-0.061,-0.017,0.27,-8.35,-2.89,0.000000,0.000000,1649.04
30.91,102696.28,44.57,-113.55,9.73,-0.02,1.42,-0.012,-0.062,-0.017,0.27,-9.30,-1.99,0.000000,0.000000,1649.57
30.91,102696.58,44.61,-113.57,9.74,-0.04,1.39,-0.013,-0.062,-0.017,-0.23,-8.35,-1.54,0.000000,0.000000,1650.12
30.89,102694.48,44.59,-113.40,9.72,-0.02,1.38,-0.013,-0.061,-0.017,0.27,-8.82,-0.63,0.000000,0.000000,1650.66
30.91,102696.65,44.57,-113.58,9.74,-0.04,1.40,-0.013,-0.061,-0.017,0.77,-8.35,-1.08,0.000000,0.000000,1651.19
30.92,102699.98,44.53,-113.61,9.74,-0.02,1.39,-0.012,-0.060,-0.016,1.27,-8.35,0.28,0.000000,0.000000,1651.74
30.95,102705.06,44.58,-114.27,9.73,-0.01,1.41,-0.012,-0.062,-0.017,0.77,-7.87,-1.99,0.000000,0.000000,1652.28
30.94,102704.14,44.56,-114.20,9.75,-0.01,1.39,-0.013,-0.062,-0.016,0.27,-9.30,-3.80,0.000000,0.000000,1652.82
30.94,102698.80,44.56,-113.75,9.74,-0.02,1.43,-0.012,-0.061,-0.017,-0.23,-8.35,-0.63,0.000000,0.000000,1653.36
30.95,102703.86,44.57,-114.17,9.72,0.00,1.38,-0.013,-0.061,-0.014,-0.74,-8.35,-1.54,0.000000,0.000000,1653.90
30.94,102697.49,44.55,-113.65,9.75,-0.03,1.42,-0.012,-0.059,-0.018,0.77,-7.87,-0.63,0.000000,0.000000,1654.44
30.96,102701.61,44.57,-113.99,9.74,-0.04,1.41,-0.013,-0.062,-0.017,1.27,-7.39,-0.63,0.000000,0.000000,1654.98
30.96,102702.98,44.57,-114.10,9.75,-0.05,1.38,-0.014,-0.061,-0.018,1.27,-7.87,-2.89,0.000000,0.000000,1655.52
30.96,102703.53,44.56,-114.14,9.74,-0.04,1.40,-0.012,-0.061,-0.016,0.77,-8.35,-1.08,0.000000,0.000000,1656.06
30.96,102701.61,44.54,-113.99,9.73,-0.04,1.37,-0.013,-0.061,-0.016,-0.23,-10.25,-1.54,0.000000,0.000000,1656.60
30.97,102704.63,44.54,-114.24,9.72,-0.03,1.42,-0.013,-0.061,-0.016,0.77,-8.82,-1.08,0.000000,0.000000,1657.14
30.95,102699.31,44.53,-113.80,9.74,-0.03,1.41,-0.013,-0.061,-0.017,1.27,-8.35,-1.54,0.000000,0.000000,1657.68
30.96,102702.33,44.53,-114.05,9.73,-0.03,1.38,-0.012,-0.061,-0.016,1.78,-8.82,-0.18,0.000000,0.000000,1658.22
30.96,102701.09,44.53,-113.94,9.73,-0.01,1.41,-0.013,-0.059,-0.017,1.27,-7.87,-0.63,0.000000,0.000000,1658.76
30.96,102700.72,44.54,-113.91,9.72,-0.02,1.40,-0.012,-0.060,-0.016,0.27,-7.87,-1.54,0.000000,0.000000,1659.30
30.96,102701.68,44.54,-113.99,9.72,-0.02,1.39,-0.013,-0.061,-0.017,0.27,-8.35,-1.54,0.000000,0.000000,1659.84
30.96,102698.53,44.53,-113.73,9.73,-0.05,1.38,-0.013,-0.061,-0.016,-0.23,-9.78,-2.44,0.000000,0.000000,1660.38
30.96,102700.55,44.51,-113.90,9.71,-0.04,1.40,-0.012,-0.061,-0.016,-0.23,-8.82,-1.54,0.000000,0.000000,1660.92
30.96,102697.47,44.51,-113.65,9.74,-0.03,1.40,-0.013,-0.061,-0.016,0.77,-8.35,-1.08,0.000000,0.000000,1661.46
30.98,102705.66,44.52,-114.04,9.73,-0.03,1.37,-0.013,-0.061,-0.017,0.27,-7.87,-0.63,0.000000,0.000000,1662.00
30.97,102701.08,44.51,-113.94,9.74,-0.02,1.43,-0.013,-0.062,-0.016,1.27,-7.87,-0.63,0.000000,0.000000,1662.54
30.98,102702.48,44.51,-114.06,9.72,-0.03,1.40,-0.013,-0.062,-0.017,-0.23,-8.35,-2.44,0.000000,0.000000,1663.08
30.97,102699.70,44.49,-113.83,9.75,-0.03,1.42,-0.013,-0.061,-0.017,0.77,-8.35,-1.99,0.000000,0.000000,1663.62
30.98,102699.78,44.51,-113.84,9.73,-0.03,1.37,-0.013,-0.062,-0.018,0.27,-8.82,-1.99,0.000000,0.000000,1664.16
30.98,102701.73,44.50,-114.00,9.70,-0.01,1.40,-0.012,-0.060,-0.015,0.27,-8.35,-1.08,0.000000,0.000000,1664.70
30.98,102700.80,44.50,-113.92,9.74,-0.03,1.41,-0.013,-0.061,-0.017,0.77,-8.82,-0.63,0.000000,0.000000,1665.24
30.98,102700.88,44.49,-113.93,9.69,-0.01,1.35,-0.012,-0.060,-0.016,1.27,-7.39,0.28,0.000000,0.000000,1665.78
30.98,102698.95,44.50,-113.77,9.73,-0.03,1.41,-0.012,-0.060,-0.017,0.27,-7.39,0.73,0.000000,0.000000,1666.32
30.98,102701.02,44.49,-113.94,9.73,-0.02,1.41,-0.013,-0.061,-0.017,0.27,-8.35,-1.99,0.000000,0.000000,1666.86
30.98,102700.19,44.49,-113.87,9.72,-0.02,1.39,-0.012,-0.062,-0.017,0.27,-9.78,-1.99,0.000000,0.000000,1667.40
30.98,102698.65,44.48,-113.74,9.74,-0.02,1.40,-0.012,-0.061,-0.017,-0.23,-8.82,-0.63,0.000000,0.000000,1667.94
30.99,102702.18,44.48,-114.03,9.74,-0.05,1.38,-0.013,-0.061,-0.017,-0.23,-8.82,-1.08,0.000000,0.000000,1668.48
31.00,102701.50,44.47,-113.98,9.72,-0.03,1.43,-0.012,-0.060,-0.017,0.27,-7.87,-1.08,0.000000,0.000000,1669.02
30.98,102698.38,44.47,-113.72,9.73,-0.03,1.41,-0.012,-0.061,-0.016,1.27,-7.87,-0.18,0.000000,0.000000,1669.56
31.00,102699.86,44.47,-113.84,9.73,0.00,1.40,-0.012,-0.061,-0.017,0.27,-7.87,-0.18,0.000000,0.000000,1670.10
31.00,102702.77,44.47,-114.08,9.75,-0.02,1.40,-0.012,-0.061,-0.017,0.27,-8.35,-2.44,0.000000,0.000000,1670.64
31.00,102700.51,44.47,-113.90,9.73,-0.03,1.42,-0.014,-0.061,-0.018,0.27,-9.78,-1.54,0.000000,0.000000,1671.18
31.00,102699.17,44.47,-113.79,9.73,-0.04,1.43,-0.012,-0.061,-0.017,0.27,-9.30,-1.99,0.000000,0.000000,1671.72
31.01,102701.16,44.44,-113.95,9.72,-0.02,1.39,-0.013,-0.061,-0.017,0.27,-8.82,-0.63,0.000000,0.000000,1672.26
30.99,102696.27,44.47,-113.55,9.74,-0.02,1.41,-0.013,-0.062,-0.017,-0.23,-8.35,-1.08,0.000000,0.000000,1672.80
31.00,102695.27,44.47,-113.46,9.74,-0.02,1.39,-0.013,-0.061,-0.017,1.27,-7.87,-0.63,0.000000,0.000000,1673.34
30.82,102668.48,44.46,-111.26,9.71,-0.02,1.40,-0.014,-0.061,-0.017,0.77,-8.35,-2.44,0.000000,0.000000,1673.88
30.84,102671.53,44.45,-111.51,9.74,-0.03,1.42,-0.013,-0.060,-0.017,0.27,-7.87,-1.08,0.000000,0.000000,1674.42
30.86,102674.45,44.46,-111.75,9.71,-0.02,1.41,-0.013,-0.062,-0.017,0.27,-8.82,-2.89,0.000000,0.000000,1674.96
30.82,102669.13,44.47,-111.31,9.71,-0.01,1.39,-0.013,-0.060,-0.016,-0.74,-9.30,-1.54,0.000000,0.000000,1675.50
30.87,102676.58,44.46,-111.93,9.73,-0.03,1.44,-0.013,-0.062,-0.017,0.27,-8.35,-0.63,0.000000,0.000000,1676.04
30.83,102668.07,44.45,-111.22,9.72,-0.01,1.43,-0.014,-0.061,-0.018,0.77,-7.39,0.28,0.000000,0.000000,1676.58
30.88,102676.38,44.46,-111.91,9.72,-0.03,1.41,-0.012,-0.061,-0.017,0.77,-6.92,-0.63,0.000000,0.000000,1677.12
30.84,102668.53,44.46,-111.26,9.74,-0.02,1.40,-0.013,-0.062,-0.018,0.27,-8.82,-0.18,0.000000,0.000000,1677.66
30.87,102676.92,44.44,-111.95,9.74,-0.02,1.41,-0.014,-0.061,-0.016,0.77,-9.78,-1.99,0.000000,0.000000,1678.20
30.84,102665.89,44.42,-111.04,9.75,-0.03,1.40,-0.013,-0.061,-0.017,0.27,-8.35,-1.08,0.000000,0.000000,1678.74
30.87,102674.70,44.43,-111.77,9.72,-0.03,1.39,-0.013,-0.061,-0.017,0.77,-8.82,-1.08,0.000000,0.000000,1679.29
30.83,102665.75,44.43,-111.03,9.72,-0.01,1.39,-0.013,-0.061,-0.016,0.27,-8.35,-0.18,0.000000,0.000000,1679.82
30.83,102665.27,44.45,-110.99,9.73,-0.01,1.42,-0.013,-0.060,-0.017,0.77,-7.39,-0.63,0.000000,0.000000,1680.36
30.81,102662.66,44.45,-110.78,9.72,-0.03,1.38,-0.011,-0.061,-0.016,0.27,-8.35,-2.89,0.000000,0.000000,1680.90
30.80,102660.88,44.45,-110.63,9.74,-0.03,1.39,-0.012,-0.062,-0.018,0.27,-7.39,-0.63,0.000000,0.000000,1681.44
30.83,102664.06,44.43,-110.89,9.72,-0.04,1.37,-0.013,-0.060,-0.017,0.77,-10.73,-2.44,0.000000,0.000000,1681.99
30.80,102659.16,44.44,-110.49,9.73,-0.04,1.38,-0.014,-0.060,-0.017,0.27,-8.35,-0.63,0.000000,0.000000,1682.53
30.83,102664.72,44.44,-110.95,9.73,-0.03,1.41,-0.013,-0.060,-0.017,0.77,-8.35,-1.08,0.000000,0.000000,1683.07
30.83,102666.70,44.44,-111.11,9.73,-0.02,1.41,-0.014,-0.061,-0.017,0.77,-7.39,-1.08,0.000000,0.000000,1683.60
30.87,102672.55,44.43,-111.59,9.71,-0.03,1.40,-0.013,-0.061,-0.017,0.27,-7.87,-0.63,0.000000,0.000000,1684.14
30.81,102661.33,44.44,-110.67,9.72,-0.03,1.42,-0.013,-0.061,-0.017,0.27,-8.35,-1.08,0.000000,0.000000,1684.69
30.87,102670.02,44.43,-111.39,9.73,-0.01,1.39,-0.014,-0.061,-0.017,0.27,-8.35,-1.99,0.000000,0.000000,1685.23
30.82,102665.48,44.44,-110.88,9.73,-0.02,1.40,-0.014,-0.061,-0.017,0.27,-9.30,-1.54,0.000000,0.000000,1685.77
30.87,102670.70,44.42,-111.44,9.73,-0.02,1.40,-0.012,-0.060,-0.015,-0.23,-9.30,-1.08,0.000000,0.000000,1686.31
30.87,102668.13,44.43,-111.23,9.72,-0.03,1.40,-0.013,-0.061,-0.017,0.77,-7.87,-0.18,0.000000,0.000000,1686.85
30.85,102667.88,44.42,-111.21,9.72,-0.02,1.41,-0.013,-0.061,-0.017,0.77,-8.35,0.28,0.000000,0.000000,1687.38
30.88,102670.09,44.41,-111.39,9.74,-0.03,1.40,-0.012,-0.061,-0.018,0.77,-7.87,-1.08,0.000000,0.000000,1687.93
30.84,102663.84,44.41,-110.88,9.74,-0.04,1.41,-0.013,-0.061,-0.016,0.77,-7.87,-1.54,0.000000,0.000000,1688.47
30.86,102667.82,44.41,-111.20,9.71,-0.02,1.43,-0.013,-0.060,-0.017,0.77,-7.87,-1.99,0.000000,0.000000,1689.01
30.84,102664.86,44.41,-110.96,9.72,-0.03,1.39,-0.012,-0.060,-0.017,0.27,-8.82,-1.08,0.000000,0.000000,1689.55
30.88,102668.89,44.39,-111.29,9.72,-0.03,1.40,-0.012,-0.062,-0.018,0.27,-8.35,-1.08,0.000000,0.000000,1690.09
30.85,102662.92,44.40,-110.80,9.71,-0.03,1.39,-0.013,-0.061,-0.017,0.77,-7.87,-1.54,0.000000,0.000000,1690.63
30.88,102669.95,44.40,-111.38,9.72,-0.04,1.38,-0.013,-0.061,-0.016,0.77,-7.87,-0.18,0.000000,0.000000,1691.17
30.87,102665.91,44.40,-111.05,9.73,-0.03,1.40,-0.013,-0.061,-0.016,0.77,-8.82,-3.35,0.000000,0.000000,1691.71
30.90,102670.00,44.39,-111.38,9.74,-0.01,1.40,-0.013,-0.062,-0.017,0.27,-7.87,-3.80,0.000000,0.000000,1692.25
30.87,102666.42,44.38,-111.09,9.73,-0.04,1.41,-0.013,-0.062,-0.017,0.77,-8.35,-1.54,0.000000,0.000000,1692.79
30.88,102668.31,44.38,-111.24,9.73,-0.03,1.43,-0.012,-0.061,-0.016,0.77,-8.82,-1.99,0.000000,0.000000,1693.33
30.88,102668.14,44.41,-111.23,9.74,-0.03,1.41,-0.013,-0.062,-0.016,0.77,-9.78,-0.63,0.000000,0.000000,1693.87
30.89,102667.84,44.40,-111.20,9.72,-0.03,1.41,-0.014,-0.061,-0.016,0.27,-8.35,-0.63,0.000000,0.000000,1694.41
30.90,102673.35,44.37,-111.66,9.74,-0.02,1.39,-0.012,-0.061,-0.017,0.27,-7.87,-1.08,0.000000,0.000000,1694.95
30.89,102668.97,44.38,-111.30,9.73,-0.01,1.40,-0.013,-0.062,-0.018,0.27,-7.87,-1.99,0.000000,0.000000,1695.49
30.92,102672.30,44.37,-111.57,9.72,-0.03,1.39,-0.012,-0.062,-0.017,0.27,-8.35,-0.63,0.000000,0.000000,1696.03
30.86,102664.33,44.37,-110.92,9.73,-0.01,1.42,-0.013,-0.061,-0.017,-0.23,-9.30,-1.08,0.000000,0.000000,1696.57
30.91,102672.16,44.36,-111.56,9.75,-0.02,1.40,-0.013,-0.061,-0.017,0.27,-9.30,-1.54,0.000000,0.000000,1697.11
30.91,102671.51,44.37,-111.51,9.74,-0.03,1.40,-0.013,-0.062,-0.017,0.27,-8.35,-1.54,0.000000,0.000000,1697.65
30.93,102673.41,44.37,-111.66,9.73,-0.02,1.41,-0.013,-0.061,-0.018,-0.23,-7.39,-0.63,0.000000,0.000000,1698.19
30.91,102668.77,44.36,-111.28,9.73,-0.04,1.42,-0.013,-0.061,-0.017,0.77,-8.35,-1.08,0.000000,0.000000,1698.73
30.91,102670.97,44.35,-111.46,9.72,-0.02,1.41,-0.013,-0.062,-0.016,0.27,-8.35,-3.35,0.000000,0.000000,1699.27
30.89,102667.47,44.36,-111.18,9.72,-0.04,1.41,-0.013,-0.062,-0.017,0.77,-8.35,-1.99,0.000000,0.000000,1699.81
30.91,102667.92,44.35,-111.21,9.73,-0.03,1.42,-0.013,-0.061,-0.018,0.27,-8.82,-0.63,0.000000,0.000000,1700.35
30.90,102667.64,44.36,-111.19,9.74,-0.02,1.40,-0.012,-0.061,-0.016,0.27,-8.82,-0.63,0.000000,0.000000,1700.89
30.88,102665.44,44.34,-111.01,9.73,-0.04,1.39,-0.013,-0.061,-0.015,0.77,-8.35,-1.08,0.000000,0.000000,1701.43
30.91,102671.58,44.34,-111.51,9.74,-0.03,1.41,-0.013,-0.060,-0.018,0.77,-7.87,-0.18,0.000000,0.000000,1701.97
30.88,102663.86,44.34,-110.88,9.74,-0.03,1.40,-0.012,-0.062,-0.017,0.77,-7.39,-1.08,0.000000,0.000000,1702.51
30.94,102672.34,44.35,-111.58,9.74,-0.03,1.39,-0.013,-0.061,-0.017,0.27,-8.35,-1.99,0.000000,0.000000,1703.05
30.91,102665.59,44.35,-111.02,9.72,-0.03,1.39,-0.013,-0.060,-0.017,0.77,-8.35,-0.63,0.000000,0.000000,1703.59
30.97,102674.18,44.33,-111.73,9.73,-0.03,1.39,-0.013,-0.062,-0.017,-0.74,-9.30,-1.99,0.000000,0.000000,1704.13
30.91,102667.03,44.35,-111.14,9.75,-0.06,1.39,-0.013,-0.061,-0.017,0.27,-8.82,-0.63,0.000000,0.000000,1704.67
30.94,102671.91,44.36,-111.54,9.73,-0.05,1.41,-0.014,-0.061,-0.016,0.77,-8.82,-0.63,0.000000,0.000000,1705.21
30.93,102669.60,44.32,-111.35,9.71,-0.03,1.40,-0.013,-0.061,-0.017,0.77,-6.92,-0.63,0.000000,0.000000,1705.75
30.97,102679.35,44.32,-112.15,9.74,-0.03,1.40,-0.013,-0.061,-0.016,0.77,-7.39,-0.63,0.000000,0.000000,1706.29
30.94,102672.77,44.34,-111.61,9.73,-0.03,1.41,-0.013,-0.061,-0.018,0.27,-8.82,-3.35,0.000000,0.000000,1706.83
30.94,102668.93,44.33,-111.30,9.74,-0.04,1.42,-0.013,-0.062,-0.017,-0.23,-8.82,-1.54,0.000000,0.000000,1707.37
30.97,102675.55,44.33,-111.84,9.72,-0.03,1.39,-0.013,-0.061,-0.016,-0.23,-8.82,-1.99,0.000000,0.000000,1707.91
30.94,102670.27,44.32,-111.40,9.72,-0.02,1.41,-0.013,-0.060,-0.017,0.27,-8.82,-1.54,0.000000,0.000000,1708.45
30.99,102676.42,44.33,-111.91,9.73,-0.03,1.42,-0.012,-0.061,-0.016,0.27,-7.87,-0.63,0.000000,0.000000,1708.99
30.96,102671.47,44.32,-111.50,9.74,-0.02,1.38,-0.013,-0.062,-0.017,1.27,-7.87,-0.18,0.000000,0.000000,1709.53
30.99,102677.96,44.31,-112.04,9.75,-0.02,1.44,-0.011,-0.061,-0.017,-0.23,-7.87,-1.08,0.000000,0.000000,1710.07
30.96,102673.19,44.30,-111.65,9.74,-0.03,1.41,-0.013,-0.061,-0.017,0.77,-8.82,-0.18,0.000000,0.000000,1710.61
31.00,102674.13,44.33,-111.72,9.74,-0.02,1.39,-0.013,-0.060,-0.017,-0.23,-8.82,-1.99,0.000000,0.000000,1711.59
30.96,102669.83,44.32,-111.39,9.72,-0.04,1.43,-0.013,-0.062,-0.017,0.27,-9.30,-1.54,0.000000,0.000000,1711.80
31.00,102675.66,44.31,-111.85,9.73,-0.01,1.39,-0.014,-0.061,-0.018,0.27,-8.82,-1.99,0.000000,0.000000,1712.23
30.97,102670.31,44.30,-111.41,9.75,-0.02,1.42,-0.013,-0.061,-0.017,0.77,-8.82,-1.08,0.000000,0.000000,1712.77
30.98,102672.75,44.32,-111.61,9.73,-0.00,1.42,-0.012,-0.060,-0.016,0.27,-7.87,-0.18,0.000000,0.000000,1713.31
30.97,102671.83,44.30,-111.53,9.74,-0.03,1.39,-0.012,-0.061,-0.017,0.27,-7.87,-2.44,0.000000,0.000000,1713.85
30.97,102670.90,44.29,-111.46,9.73,-0.02,1.40,-0.013,-0.061,-0.017,-0.23,-7.87,-3.35,0.000000,0.000000,1714.40
31.01,102677.90,44.29,-112.03,9.73,-0.02,1.41,-0.013,-0.062,-0.016,0.77,-8.82,-1.54,0.000000,0.000000,1714.93
30.97,102669.77,44.30,-111.37,9.73,-0.04,1.40,-0.012,-0.061,-0.017,0.77,-8.82,-1.54,0.000000,0.000000,1715.48
31.01,102676.84,44.29,-111.95,9.72,-0.04,1.39,-0.013,-0.061,-0.016,0.27,-8.35,-0.63,0.000000,0.000000,1716.02
30.98,102672.30,44.29,-111.57,9.74,-0.02,1.35,-0.012,-0.063,-0.017,0.77,-7.87,-0.63,0.000000,0.000000,1716.56
31.01,102675.67,44.31,-111.85,9.73,-0.03,1.41,-0.012,-0.061,-0.017,1.27,-8.35,-0.63,0.000000,0.000000,1717.09
30.98,102668.30,44.27,-111.24,9.74,-0.02,1.39,-0.013,-0.061,-0.017,0.77,-8.35,-2.44,0.000000,0.000000,1717.64
31.02,102675.27,44.29,-111.82,9.74,-0.02,1.42,-0.013,-0.062,-0.017,0.77,-8.35,-3.80,0.000000,0.000000,1718.18
30.98,102668.78,44.28,-111.28,9.72,-0.02,1.39,-0.013,-0.061,-0.016,0.77,-9.30,-2.89,0.000000,0.000000,1718.72
31.02,102674.52,44.27,-111.76,9.73,-0.04,1.40,-0.013,-0.061,-0.017,-0.74,-8.35,-1.08,0.000000,0.000000,1719.26
31.00,102672.59,44.30,-111.60,9.72,-0.03,1.41,-0.014,-0.060,-0.017,0.27,-9.78,-1.08,0.000000,0.000000,1719.80
30.99,102672.24,44.28,-111.57,9.74,-0.02,1.40,-0.012,-0.061,-0.016,0.77,-8.82,-1.54,0.000000,0.000000,1720.34
30.99,102670.09,44.26,-111.39,9.75,-0.01,1.38,-0.013,-0.061,-0.017,0.77,-8.35,-1.54,0.000000,0.000000,1720.88
30.99,102668.38,44.26,-111.25,9.74,-0.03,1.40,-0.013,-0.061,-0.017,-0.23,-9.78,-1.54,0.000000,0.000000,1721.42
31.00,102667.42,44.25,-111.17,9.73,-0.04,1.39,-0.013,-0.060,-0.017,0.77,-7.39,-0.63,0.000000,0.000000,1721.96
31.00,102671.22,44.26,-111.48,9.75,-0.01,1.40,-0.013,-0.062,-0.017,0.27,-6.92,-0.18,0.000000,0.000000,1722.50
31.03,102676.55,44.27,-111.94,9.73,-0.02,1.38,-0.013,-0.062,-0.017,0.27,-7.87,-0.63,0.000000,0.000000,1723.04
31.00,102668.28,44.25,-111.24,9.74,-0.03,1.40,-0.012,-0.061,-0.017,-0.23,-7.87,-3.80,0.000000,0.000000,1723.58
31.04,102675.14,44.26,-111.81,9.75,-0.03,1.40,-0.013,-0.060,-0.017,1.27,-7.87,-3.80,0.000000,0.000000,1724.12
31.03,102675.03,44.25,-111.80,9.74,-0.03,1.41,-0.013,-0.062,-0.017,0.27,-9.30,-2.89,0.000000,0.000000,1724.66
31.06,102678.06,44.25,-112.05,9.75,-0.05,1.40,-0.013,-0.061,-0.016,-0.23,-8.82,-1.08,0.000000,0.000000,1725.20
31.03,102673.43,44.25,-111.67,9.73,-0.03,1.38,-0.013,-0.062,-0.017,1.27,-9.30,-0.63,0.000000,0.000000,1725.74
31.03,102670.59,44.26,-111.43,9.72,-0.03,1.40,-0.014,-0.063,-0.016,0.77,-8.35,-0.63,0.000000,0.000000,1726.28
31.03,102670.42,44.24,-111.42,9.72,-0.02,1.41,-0.013,-0.060,-0.015,0.77,-6.92,-0.18,0.000000,0.000000,1726.82
31.04,102676.45,44.24,-111.91,9.73,-0.03,1.39,-0.014,-0.060,-0.017,1.27,-8.35,-0.18,0.000000,0.000000,1727.36
31.04,102676.75,44.22,-111.94,9.72,-0.01,1.39,-0.012,-0.061,-0.017,0.77,-8.35,-1.99,0.000000,0.000000,1727.90
31.04,102673.44,44.22,-111.67,9.73,-0.03,1.41,-0.013,-0.061,-0.017,0.77,-8.82,-1.54,0.000000,0.000000,1728.44
31.07,102679.27,44.23,-112.15,9.72,-0.01,1.41,-0.013,-0.060,-0.017,0.27,-9.30,-1.08,0.000000,0.000000,1728.98
31.04,102673.77,44.25,-111.69,9.73,-0.04,1.40,-0.012,-0.060,-0.017,-0.23,-9.30,-1.08,0.000000,0.000000,1729.53
31.07,102679.85,44.22,-112.19,9.73,-0.04,1.37,-0.013,-0.060,-0.017,0.77,-7.87,-0.18,0.000000,0.000000,1730.06
31.04,102671.28,44.24,-111.49,9.73,-0.02,1.40,-0.013,-0.060,-0.017,1.27,-7.87,0.28,0.000000,0.000000,1730.60
31.08,102680.58,44.19,-112.25,9.74,-0.03,1.40,-0.014,-0.061,-0.017,0.77,-8.35,-2.44,0.000000,0.000000,1731.15
31.05,102675.70,44.21,-111.85,9.72,-0.04,1.37,-0.013,-0.062,-0.018,-0.23,-8.35,-4.25,0.000000,0.000000,1731.69
31.08,102677.56,44.20,-112.01,9.72,-0.02,1.36,-0.013,-0.062,-0.017,-0.23,-8.35,-2.44,0.000000,0.000000,1732.23
31.06,102673.61,44.19,-111.68,9.73,-0.03,1.41,-0.013,-0.061,-0.017,0.27,-9.30,-1.99,0.000000,0.000000,1732.76
31.09,102679.08,44.18,-112.13,9.73,-0.02,1.40,-0.013,-0.061,-0.016,1.27,-8.35,-1.54,0.000000,0.000000,1733.31
31.06,102675.22,44.18,-111.81,9.73,-0.03,1.42,-0.012,-0.062,-0.017,0.77,-7.87,-0.18,0.000000,0.000000,1733.85
31.06,102673.45,44.19,-111.67,9.73,-0.03,1.39,-0.013,-0.061,-0.017,0.77,-7.87,-0.18,0.000000,0.000000,1734.39
31.07,102677.52,44.18,-112.00,9.73,-0.03,1.37,-0.013,-0.061,-0.017,0.77,-7.87,-1.54,0.000000,0.000000,1734.93
31.06,102673.24,44.18,-111.65,9.74,-0.02,1.39,-0.012,-0.062,-0.016,0.77,-8.35,-1.99,0.000000,0.000000,1735.47
31.09,102679.93,44.17,-112.20,9.74,-0.03,1.42,-0.014,-0.061,-0.017,0.27,-8.35,-0.63,0.000000,0.000000,1736.01
31.06,102671.80,44.23,-111.71,9.73,-0.03,1.44,-0.014,-0.062,-0.017,-0.23,-8.35,-1.08,0.000000,0.000000,1736.55
31.09,102677.61,44.17,-112.01,9.73,-0.03,1.40,-0.013,-0.062,-0.017,-0.23,-8.82,-1.99,0.000000,0.000000,1737.09
31.07,102674.23,44.16,-111.73,9.73,-0.02,1.39,-0.014,-0.062,-0.018,0.77,-7.39,-1.08,0.000000,0.000000,1737.63
31.10,102676.48,44.16,-111.92,9.73,-0.03,1.39,-0.013,-0.061,-0.016,0.27,-8.35,-0.63,0.000000,0.000000,1738.17
31.07,102673.86,44.16,-111.70,9.74,-0.05,1.39,-0.013,-0.061,-0.017,0.27,-7.87,-0.63,0.000000,0.000000,1738.71
31.10,102675.11,44.15,-111.80,9.77,-0.05,1.39,-0.013,-0.060,-0.016,0.27,-8.35,-2.89,0.000000,0.000000,1739.25
31.07,102673.86,44.16,-111.70,9.73,-0.05,1.39,-0.012,-0.061,-0.017,0.27,-8.35,-1.99,0.000000,0.000000,1739.79
31.08,102675.44,44.15,-111.83,9.74,-0.02,1.38,-0.013,-0.061,-0.017,1.27,-8.35,-1.54,0.000000,0.000000,1740.33
31.07,102673.77,44.15,-111.69,9.74,-0.04,1.39,-0.013,-0.062,-0.017,-0.23,-7.87,-1.08,0.000000,0.000000,1740.87
31.08,102674.76,44.15,-111.78,9.72,-0.03,1.40,-0.013,-0.061,-0.016,0.77,-8.35,-0.63,0.000000,0.000000,1741.41
31.10,102677.54,44.15,-112.00,9.74,-0.02,1.41,-0.013,-0.061,-0.017,1.78,-7.87,0.28,0.000000,0.000000,1741.95
31.08,102673.63,44.14,-111.68,9.74,-0.01,1.41,-0.013,-0.060,-0.017,1.27,-8.35,-0.63,0.000000,0.000000,1742.49
31.11,102678.02,44.15,-112.04,9.73,-0.02,1.40,-0.014,-0.061,-0.017,0.77,-7.39,-3.35,0.000000,0.000000,1743.03
31.09,102675.66,44.13,-111.85,9.74,-0.03,1.38,-0.013,-0.062,-0.018,0.77,-8.82,-1.99,0.000000,0.000000,1743.57
31.12,102675.84,44.13,-111.86,9.74,-0.02,1.39,-0.013,-0.061,-0.017,-0.23,-8.35,-1.08,0.000000,0.000000,1744.11
31.08,102672.16,44.14,-111.56,9.72,-0.03,1.40,-0.013,-0.061,-0.017,0.27,-8.35,-0.63,0.000000,0.000000,1744.65
31.12,102677.52,44.13,-112.00,9.74,-0.04,1.42,-0.013,-0.062,-0.016,0.77,-8.35,-0.63,0.000000,0.000000,1745.19
31.09,102671.38,44.12,-111.50,9.74,-0.05,1.38,-0.013,-0.061,-0.016,0.27,-7.87,-0.63,0.000000,0.000000,1745.73
31.13,102678.34,44.13,-112.07,9.73,-0.03,1.41,-0.012,-0.061,-0.017,0.77,-8.35,-1.08,0.000000,0.000000,1746.27
31.09,102670.42,44.11,-111.42,9.72,-0.03,1.39,-0.013,-0.061,-0.017,0.77,-8.35,-1.54,0.000000,0.000000,1746.81
31.09,102671.79,44.13,-111.53,9.71,-0.04,1.41,-0.013,-0.061,-0.017,0.27,-8.82,-1.99,0.000000,0.000000,1747.35
31.09,102669.05,44.11,-111.30,9.73,-0.04,1.40,-0.013,-0.060,-0.017,0.27,-8.82,-1.54,0.000000,0.000000,1747.89
31.10,102670.56,44.11,-111.43,9.74,-0.04,1.41,-0.013,-0.061,-0.017,-0.23,-8.35,-2.44,0.000000,0.000000,1748.43
31.13,102676.97,44.12,-111.96,9.73,-0.02,1.39,-0.013,-0.061,-0.017,0.77,-8.35,-1.54,0.000000,0.000000,1748.97
31.10,102670.87,44.12,-111.45,9.74,-0.02,1.41,-0.013,-0.062,-0.017,1.78,-7.39,-0.63,0.000000,0.000000,1749.51
31.14,102678.38,44.11,-112.08,9.75,-0.03,1.40,-0.013,-0.062,-0.017,1.27,-7.87,-1.08,0.000000,0.000000,1750.05
31.10,102672.06,44.11,-111.55,9.74,-0.01,1.39,-0.013,-0.061,-0.017,0.27,-7.87,-2.44,0.000000,0.000000,1750.59
31.14,102676.84,44.10,-111.95,9.71,-0.03,1.41,-0.013,-0.062,-0.018,0.27,-7.87,-2.89,0.000000,0.000000,1751.13
31.10,102670.19,44.11,-111.40,9.74,-0.02,1.40,-0.014,-0.061,-0.016,0.27,-9.30,-1.99,0.000000,0.000000,1751.67
31.14,102676.50,44.09,-111.92,9.72,-0.04,1.41,-0.012,-0.061,-0.017,-0.23,-8.35,-0.18,0.000000,0.000000,1752.21
31.10,102669.50,44.10,-111.34,9.73,-0.02,1.42,-0.012,-0.061,-0.017,0.27,-8.35,-0.63,0.000000,0.000000,1752.75
31.11,102671.52,44.11,-111.51,9.73,-0.03,1.37,-0.012,-0.061,-0.017,0.77,-8.35,-1.08,0.000000,0.000000,1753.29
31.11,102671.01,44.08,-111.47,9.75,-0.04,1.41,-0.013,-0.060,-0.016,0.77,-7.87,-0.18,0.000000,0.000000,1753.83
31.11,102670.73,44.11,-111.44,9.73,-0.02,1.43,-0.013,-0.060,-0.016,0.27,-7.39,-1.54,0.000000,0.000000,1754.37
31.10,102666.59,44.08,-111.10,9.73,-0.03,1.40,-0.013,-0.062,-0.017,0.27,-8.35,-2.44,0.000000,0.000000,1754.91
31.11,102668.89,44.07,-111.29,9.74,-0.04,1.39,-0.014,-0.061,-0.017,0.27,-8.82,-1.08,0.000000,0.000000,1755.45
31.15,102676.09,44.09,-111.89,9.71,-0.01,1.38,-0.013,-0.060,-0.017,-0.74,-8.82,-1.54,0.000000,0.000000,1755.99
31.11,102671.59,44.10,-111.51,9.74,-0.03,1.41,-0.013,-0.061,-0.017,0.27,-8.35,-1.08,0.000000,0.000000,1756.53
31.16,102677.91,44.09,-112.04,9.73,-0.01,1.41,-0.013,-0.061,-0.016,-0.23,-8.35,-1.08,0.000000,0.000000,1757.07
31.13,102671.16,44.06,-111.48,9.74,-0.03,1.39,-0.012,-0.061,-0.017,0.27,-7.39,-1.08,0.000000,0.000000,1757.61
31.15,102675.07,44.05,-111.80,9.73,-0.03,1.39,-0.013,-0.062,-0.017,1.27,-8.35,-0.63,0.000000,0.000000,1758.15
31.12,102671.22,44.06,-111.48,9.74,-0.02,1.40,-0.013,-0.062,-0.017,0.27,-8.35,-3.35,0.000000,0.000000,1758.69
31.16,102676.82,44.04,-111.95,9.74,-0.04,1.38,-0.012,-0.061,-0.016,0.27,-10.25,-2.44,0.000000,0.000000,1759.23
31.10,102667.45,44.05,-111.17,9.74,-0.06,1.40,-0.013,-0.061,-0.017,0.77,-9.30,-2.89,0.000000,0.000000,1759.77
31.17,102677.88,44.04,-112.03,9.73,-0.03,1.40,-0.012,-0.061,-0.016,0.27,-8.35,-1.54,0.000000,0.000000,1760.31
31.13,102671.33,44.05,-111.49,9.73,-0.02,1.39,-0.013,-0.061,-0.017,-0.23,-7.87,-0.63,0.000000,0.000000,1760.86
31.13,102672.49,44.04,-111.59,9.73,-0.04,1.40,-0.012,-0.062,-0.017,0.27,-7.39,0.73,0.000000,0.000000,1761.39
31.17,102676.69,44.03,-111.93,9.74,-0.01,1.38,-0.013,-0.061,-0.017,0.77,-7.39,-0.63,0.000000,0.000000,1761.93
31.13,102669.24,44.03,-111.32,9.73,-0.03,1.39,-0.014,-0.060,-0.017,0.27,-7.87,-2.44,0.000000,0.000000,1762.47
31.17,102675.28,44.05,-111.82,9.74,-0.03,1.40,-0.013,-0.060,-0.017,0.77,-8.82,-2.89,0.000000,0.000000,1763.01
31.13,102669.59,44.05,-111.35,9.74,-0.05,1.38,-0.013,-0.061,-0.017,0.77,-8.82,-2.44,0.000000,0.000000,1763.55
31.18,102675.39,44.02,-111.83,9.75,-0.02,1.42,-0.013,-0.061,-0.017,0.27,-9.30,-1.08,0.000000,0.000000,1764.10
31.15,102672.06,44.03,-111.55,9.72,-0.02,1.42,-0.012,-0.061,-0.016,0.77,-7.39,-0.63,0.000000,0.000000,1764.64
31.18,102674.78,44.02,-111.78,9.73,-0.03,1.37,-0.013,-0.060,-0.017,0.27,-7.87,-0.63,0.000000,0.000000,1765.17
31.15,102669.45,44.01,-111.34,9.75,-0.02,1.39,-0.013,-0.061,-0.017,0.27,-7.87,-0.63,0.000000,0.000000,1765.72
31.18,102674.88,44.02,-111.79,9.73,-0.02,1.42,-0.013,-0.061,-0.017,0.27,-7.87,-0.63,0.000000,0.000000,1766.26
31.15,102669.94,44.02,-111.38,9.76,-0.03,1.41,-0.013,-0.061,-0.016,0.27,-7.87,-3.35,0.000000,0.000000,1766.80
31.15,102669.48,44.01,-111.34,9.74,-0.02,1.41,-0.014,-0.061,-0.017,0.27,-8.35,-0.63,0.000000,0.000000,1767.34
31.16,102668.02,44.00,-111.22,9.72,-0.02,1.40,-0.013,-0.061,-0.016,-0.74,-8.82,-1.54,0.000000,0.000000,1767.88
31.16,102669.05,43.99,-111.30,9.73,-0.02,1.41,-0.013,-0.061,-0.017,0.27,-8.35,-1.08,0.000000,0.000000,1768.42
31.18,102673.03,43.99,-111.63,9.72,-0.04,1.40,-0.013,-0.060,-0.016,0.27,-8.82,-0.63,0.000000,0.000000,1768.96
31.16,102664.94,43.99,-110.97,9.72,-0.03,1.40,-0.014,-0.061,-0.018,1.27,-7.87,-1.08,0.000000,0.000000,1769.50
31.19,102676.97,43.97,-111.96,9.74,-0.03,1.39,-0.013,-0.061,-0.017,0.77,-7.87,-0.63,0.000000,0.000000,1770.04
31.15,102666.52,43.98,-111.10,9.73,-0.01,1.40,-0.013,-0.061,-0.017,0.27,-8.35,-1.99,0.000000,0.000000,1770.58
31.19,102673.65,43.99,-111.68,9.73,-0.05,1.40,-0.011,-0.061,-0.017,-0.23,-8.35,-0.63,0.000000,0.000000,1771.12
31.16,102667.38,43.98,-111.17,9.74,-0.02,1.40,-0.014,-0.062,-0.017,0.77,-8.82,-1.99,0.000000,0.000000,1771.66
31.21,102678.42,43.96,-112.08,9.73,-0.02,1.39,-0.014,-0.061,-0.017,-0.23,-8.82,-1.08,0.000000,0.000000,1772.20
31.19,102673.65,43.97,-111.68,9.73,-0.03,1.39,-0.014,-0.060,-0.017,-0.23,-7.87,-1.08,0.000000,0.000000,1772.74
31.23,102679.59,43.97,-112.17,9.74,-0.04,1.40,-0.013,-0.061,-0.017,0.27,-8.35,-1.08,0.000000,0.000000,1773.28
31.19,102672.45,43.96,-111.59,9.74,-0.02,1.41,-0.013,-0.060,-0.016,0.77,-7.87,0.28,0.000000,0.000000,1773.82
31.19,102672.01,43.98,-111.55,9.74,-0.01,1.41,-0.013,-0.061,-0.016,0.77,-8.35,-1.54,0.000000,0.000000,1774.36
31.20,102672.32,43.96,-111.57,9.74,-0.04,1.41,-0.012,-0.062,-0.016,-0.23,-7.87,-0.63,0.000000,0.000000,1774.90
31.20,102672.84,43.96,-111.62,9.74,-0.04,1.41,-0.013,-0.060,-0.016,0.27,-8.82,-1.08,0.000000,0.000000,1775.44
31.21,102673.42,43.96,-111.67,9.73,-0.03,1.40,-0.014,-0.061,-0.016,0.27,-8.82,-1.99,0.000000,0.000000,1775.98
31.21,102673.56,43.96,-111.68,9.75,-0.04,1.42,-0.014,-0.061,-0.017,-0.23,-8.35,-1.54,0.000000,0.000000,1776.52
31.24,102679.53,43.97,-112.17,9.75,-0.04,1.41,-0.013,-0.062,-0.017,1.27,-8.82,-0.63,0.000000,0.000000,1777.06
31.21,102674.45,43.94,-111.75,9.72,-0.02,1.40,-0.012,-0.061,-0.016,0.77,-7.39,0.28,0.000000,0.000000,1777.60
31.24,102678.67,43.93,-112.10,9.73,-0.01,1.41,-0.013,-0.060,-0.017,0.27,-8.35,-0.18,0.000000,0.000000,1778.14
31.21,102676.27,43.94,-111.90,9.71,-0.01,1.39,-0.014,-0.061,-0.017,0.77,-8.35,-2.44,0.000000,0.000000,1778.68
31.25,102680.32,43.92,-112.23,9.74,-0.03,1.41,-0.012,-0.061,-0.017,0.27,-8.35,-2.44,0.000000,0.000000,1779.22
31.22,102676.30,43.93,-111.90,9.74,-0.03,1.39,-0.013,-0.061,-0.016,0.77,-9.30,-1.54,0.000000,0.000000,1779.76
31.22,102673.30,43.93,-111.65,9.74,-0.03,1.40,-0.014,-0.060,-0.017,0.27,-8.82,-1.08,0.000000,0.000000,1780.30
31.22,102675.69,43.92,-111.85,9.73,-0.02,1.40,-0.014,-0.061,-0.017,0.77,-8.82,-1.08,0.000000,0.000000,1780.84
31.22,102672.50,43.93,-111.59,9.74,-0.02,1.42,-0.013,-0.060,-0.018,1.27,-8.82,-0.63,0.000000,0.000000,1781.38
31.23,102673.33,43.92,-111.66,9.73,-0.03,1.39,-0.013,-0.061,-0.017,0.77,-7.87,-0.18,0.000000,0.000000,1781.92
31.22,102671.82,43.92,-111.53,9.74,-0.02,1.40,-0.014,-0.061,-0.017,0.77,-7.39,-0.63,0.000000,0.000000,1782.46
31.26,102676.45,43.94,-111.92,9.73,-0.02,1.40,-0.012,-0.061,-0.017,1.27,-8.82,-2.89,0.000000,0.000000,1783.00
31.22,102673.88,43.90,-111.70,9.73,-0.05,1.39,-0.013,-0.062,-0.017,0.27,-9.30,-0.63,0.000000,0.000000,1783.54
31.26,102676.52,43.91,-111.92,9.74,-0.03,1.39,-0.013,-0.061,-0.016,0.77,-8.82,-1.54,0.000000,0.000000,1784.08
31.22,102674.39,43.89,-111.75,9.72,-0.02,1.41,-0.012,-0.062,-0.017,-0.23,-8.82,-1.08,0.000000,0.000000,1784.62
31.26,102678.34,43.91,-112.07,9.73,-0.03,1.39,-0.013,-0.062,-0.017,0.27,-8.82,-1.08,0.000000,0.000000,1785.16
31.22,102669.08,43.89,-111.31,9.73,-0.01,1.40,-0.014,-0.061,-0.017,0.77,-7.39,-0.63,0.000000,0.000000,1785.70
31.26,102673.38,43.90,-111.66,9.74,-0.04,1.36,-0.014,-0.061,-0.017,1.78,-7.87,-1.08,0.000000,0.000000,1786.24
31.21,102664.12,43.91,-110.90,9.74,-0.01,1.40,-0.013,-0.061,-0.016,0.27,-7.87,-1.99,0.000000,0.000000,1786.78
31.24,102670.46,43.88,-111.42,9.73,-0.03,1.37,-0.011,-0.061,-0.018,0.27,-8.35,-2.44,0.000000,0.000000,1787.32
31.15,102655.30,43.88,-110.17,9.76,-0.03,1.39,-0.013,-0.061,-0.017,0.77,-9.78,-2.44,0.000000,0.000000,1787.86
31.22,102669.56,43.90,-111.35,9.74,-0.03,1.40,-0.013,-0.060,-0.017,-0.23,-8.35,-1.08,0.000000,0.000000,1788.40
31.23,102668.27,43.88,-111.24,9.73,-0.03,1.37,-0.013,-0.060,-0.017,1.27,-7.87,-1.08,0.000000,0.000000,1788.94
31.18,102658.97,43.87,-110.47,9.75,-0.03,1.42,-0.013,-0.061,-0.017,0.77,-8.35,-0.63,0.000000,0.000000,1789.48
31.29,102674.96,43.87,-111.79,9.74,-0.02,1.40,-0.014,-0.061,-0.017,0.27,-7.39,-0.18,0.000000,0.000000,1790.02
31.24,102669.78,43.87,-111.37,9.71,-0.03,1.39,-0.013,-0.061,-0.018,1.78,-7.39,0.28,0.000000,0.000000,1790.56
31.28,102673.25,43.87,-111.65,9.73,-0.04,1.40,-0.013,-0.062,-0.017,-0.23,-8.35,-2.44,0.000000,0.000000,1791.10
31.24,102669.98,43.87,-111.38,9.73,-0.02,1.41,-0.014,-0.061,-0.017,-0.23,-8.82,-2.89,0.000000,0.000000,1791.65
31.30,102675.23,43.87,-111.81,9.72,-0.03,1.39,-0.013,-0.061,-0.017,-0.23,-8.82,-1.99,0.000000,0.000000,1792.18
31.27,102673.00,43.85,-111.63,9.74,-0.03,1.42,-0.013,-0.062,-0.017,-0.74,-8.82,-1.08,0.000000,0.000000,1792.72
31.30,102676.68,43.84,-111.93,9.75,-0.02,1.39,-0.013,-0.060,-0.017,1.27,-8.35,-1.08,0.000000,0.000000,1793.26
31.28,102671.23,43.88,-111.48,9.76,-0.04,1.40,-0.014,-0.062,-0.016,-0.23,-7.39,-0.63,0.000000,0.000000,1793.80
31.27,102670.30,43.84,-111.41,9.74,-0.04,1.40,-0.013,-0.062,-0.018,0.27,-7.39,0.28,0.000000,0.000000,1794.34
31.30,102677.02,43.84,-111.96,9.73,-0.03,1.39,-0.014,-0.062,-0.017,1.27,-8.35,-2.44,0.000000,0.000000,1794.88
31.28,102675.30,43.84,-111.82,9.72,-0.02,1.41,-0.014,-0.062,-0.017,0.77,-7.87,-1.99,0.000000,0.000000,1795.42
31.31,102677.78,43.83,-112.02,9.73,-0.01,1.40,-0.013,-0.062,-0.016,0.27,-9.30,-1.99,0.000000,0.000000,1795.96
31.28,102671.70,43.82,-111.52,9.74,-0.01,1.41,-0.013,-0.060,-0.017,-0.23,-10.25,-2.44,0.000000,0.000000,1796.51
31.31,102675.48,43.83,-111.84,9.74,-0.03,1.43,-0.013,-0.061,-0.016,0.27,-8.82,-1.08,0.000000,0.000000,1797.04
31.28,102671.37,43.83,-111.50,9.73,-0.03,1.39,-0.014,-0.061,-0.016,0.27,-8.82,-1.54,0.000000,0.000000,1797.59
31.32,102677.23,43.82,-111.98,9.73,-0.04,1.39,-0.014,-0.059,-0.016,0.77,-7.87,-0.63,0.000000,0.000000,1798.12
31.28,102669.72,43.81,-111.36,9.74,-0.02,1.39,-0.012,-0.060,-0.017,1.78,-8.35,-0.63,0.000000,0.000000,1798.67
31.32,102677.75,43.81,-112.02,9.73,-0.01,1.39,-0.014,-0.061,-0.017,0.77,-7.39,-0.63,0.000000,0.000000,1799.21
31.29,102672.70,43.81,-111.61,9.74,-0.04,1.39,-0.013,-0.060,-0.017,-0.23,-8.35,-2.44,0.000000,0.000000,1799.75
31.29,102668.67,43.81,-111.27,9.72,-0.01,1.42,-0.013,-0.061,-0.017,-0.23,-7.39,-1.99,0.000000,0.000000,1800.29
31.29,102669.80,43.80,-111.37,9.74,-0.01,1.41,-0.014,-0.061,-0.018,0.77,-8.82,-1.08,0.000000,0.000000,1800.82
31.30,102670.45,43.81,-111.42,9.74,-0.04,1.39,-0.013,-0.061,-0.018,0.77,-8.82,-1.08,0.000000,0.000000,1801.36
31.29,102670.55,43.81,-111.43,9.73,-0.02,1.40,-0.013,-0.061,-0.017,0.77,-9.78,-0.63,0.000000,0.000000,1801.90
31.30,102670.11,43.79,-111.39,9.74,-0.03,1.39,-0.013,-0.061,-0.017,-0.23,-8.82,-1.54,0.000000,0.000000,1802.44
31.33,102675.13,43.79,-111.80,9.74,-0.04,1.41,-0.012,-0.061,-0.017,0.27,-8.82,-1.08,0.000000,0.000000,1802.98
31.30,102666.58,43.80,-111.10,9.71,-0.03,1.38,-0.013,-0.061,-0.018,0.27,-7.39,-0.18,0.000000,0.000000,1803.53
31.33,102674.88,43.79,-111.79,9.73,-0.03,1.39,-0.012,-0.062,-0.017,0.27,-7.87,-0.18,0.000000,0.000000,1804.06
31.30,102668.36,43.80,-111.25,9.74,-0.03,1.40,-0.014,-0.060,-0.017,1.27,-7.87,-0.63,0.000000,0.000000,1804.60
31.33,102675.46,43.78,-111.83,9.74,-0.03,1.38,-0.013,-0.061,-0.017,-0.23,-7.39,-1.99,0.000000,0.000000,1805.15
31.30,102668.44,43.79,-111.25,9.75,-0.05,1.38,-0.013,-0.061,-0.016,0.27,-8.35,-1.99,0.000000,0.000000,1805.68
31.34,102674.50,43.80,-111.75,9.73,-0.03,1.37,-0.014,-0.061,-0.016,0.27,-9.30,-1.08,0.000000,0.000000,1806.22
31.31,102668.50,43.76,-111.26,9.73,-0.02,1.41,-0.013,-0.061,-0.017,0.27,-9.78,-1.99,0.000000,0.000000,1806.77
31.33,102673.00,43.77,-111.63,9.72,-0.04,1.41,-0.013,-0.061,-0.017,1.27,-8.35,-1.08,0.000000,0.000000,1807.31
31.28,102664.97,43.76,-110.97,9.74,-0.02,1.37,-0.013,-0.061,-0.017,0.77,-8.35,-1.08,0.000000,0.000000,1807.84
31.25,102660.16,43.76,-110.57,9.73,-0.01,1.39,-0.013,-0.061,-0.016,0.77,-7.87,-0.18,0.000000,0.000000,1808.38
31.33,102672.38,43.76,-111.58,9.76,-0.05,1.42,-0.013,-0.061,-0.018,0.77,-8.35,-0.63,0.000000,0.000000,1808.93
31.30,102667.44,43.79,-111.17,9.74,-0.03,1.40,-0.013,-0.061,-0.018,0.27,-8.35,-2.89,0.000000,0.000000,1809.47
31.34,102672.63,43.75,-111.60,9.74,-0.02,1.41,-0.013,-0.061,-0.016,1.27,-8.35,-0.63,0.000000,0.000000,1810.01
31.27,102662.88,43.75,-110.80,9.73,-0.03,1.43,-0.013,-0.061,-0.017,-0.23,-7.87,-1.54,0.000000,0.000000,1810.55
31.32,102670.53,43.74,-111.43,9.72,-0.02,1.44,-0.014,-0.061,-0.016,-0.23,-8.82,-1.08,0.000000,0.000000,1811.09
31.29,102663.56,43.73,-110.85,9.74,-0.03,1.39,-0.013,-0.061,-0.017,0.27,-8.35,-0.63,0.000000,0.000000,1811.63
31.30,102665.35,43.74,-111.00,9.74,-0.01,1.41,-0.012,-0.061,-0.017,0.27,-8.35,-1.08,0.000000,0.000000,1812.17
31.30,102664.36,43.73,-110.92,9.74,-0.03,1.41,-0.014,-0.062,-0.016,0.77,-7.39,-0.18,0.000000,0.000000,1812.71
31.31,102665.42,43.73,-111.01,9.74,-0.05,1.39,-0.014,-0.060,-0.017,0.77,-8.35,-1.99,0.000000,0.000000,1813.25
31.31,102667.52,43.72,-111.18,9.74,-0.01,1.39,-0.013,-0.060,-0.017,0.27,-7.87,-2.44,0.000000,0.000000,1813.79
31.32,102666.55,43.71,-111.10,9.73,-0.03,1.42,-0.014,-0.061,-0.017,0.27,-9.30,-1.54,0.000000,0.000000,1814.33
31.33,102670.26,43.72,-111.40,9.75,-0.02,1.38,-0.012,-0.061,-0.016,0.27,-8.82,-1.99,0.000000,0.000000,1814.87
31.32,102666.25,43.72,-111.07,9.73,-0.02,1.40,-0.012,-0.061,-0.017,-0.23,-9.30,-1.54,0.000000,0.000000,1815.41
31.36,102672.63,43.71,-111.60,9.74,-0.01,1.43,-0.012,-0.062,-0.017,-0.23,-8.35,-1.54,0.000000,0.000000,1815.95
31.33,102668.45,43.71,-111.26,9.75,-0.01,1.40,-0.014,-0.061,-0.017,0.27,-7.87,-1.08,0.000000,0.000000,1816.49
31.37,102675.58,43.69,-111.84,9.73,-0.04,1.39,-0.014,-0.062,-0.016,0.27,-7.39,-0.63,0.000000,0.000000,1817.03
31.34,102669.89,43.71,-111.37,9.74,-0.02,1.40,-0.013,-0.062,-0.017,0.27,-7.87,-0.63,0.000000,0.000000,1817.57
31.37,102675.34,43.69,-111.82,9.73,-0.01,1.41,-0.013,-0.061,-0.017,0.27,-7.87,-0.63,0.000000,0.000000,1818.11
31.34,102668.92,43.69,-111.29,9.73,-0.05,1.39,-0.014,-0.061,-0.016,0.27,-8.35,-0.18,0.000000,0.000000,1818.65
31.38,102672.98,43.68,-111.63,9.74,-0.03,1.38,-0.013,-0.062,-0.017,1.27,-8.35,0.28,0.000000,0.000000,1819.19
31.34,102669.75,43.70,-111.36,9.73,-0.04,1.39,-0.013,-0.061,-0.017,1.27,-8.35,-0.63,0.000000,0.000000,1819.73
31.38,102673.05,43.69,-111.64,9.74,-0.03,1.40,-0.013,-0.060,-0.017,-0.23,-8.82,-3.35,0.000000,0.000000,1820.28
31.34,102668.89,43.68,-111.29,9.71,-0.04,1.39,-0.014,-0.060,-0.016,0.77,-7.87,-2.44,0.000000,0.000000,1820.81
31.34,102667.19,43.67,-111.15,9.74,-0.03,1.38,-0.014,-0.061,-0.017,0.77,-9.30,-2.44,0.000000,0.000000,1821.35
31.35,102667.08,43.67,-111.14,9.74,-0.02,1.41,-0.013,-0.060,-0.017,0.27,-9.30,-1.08,0.000000,0.000000,1821.90
31.35,102668.11,43.66,-111.23,9.74,-0.03,1.40,-0.013,-0.060,-0.016,0.27,-7.87,0.28,0.000000,0.000000,1822.43
31.37,102671.88,43.69,-111.54,9.74,-0.03,1.41,-0.013,-0.061,-0.017,0.77,-8.35,-1.08,0.000000,0.000000,1822.97
31.34,102665.95,43.67,-111.05,9.73,-0.05,1.41,-0.014,-0.061,-0.017,0.77,-7.39,-0.63,0.000000,0.000000,1823.51
31.37,102669.32,43.65,-111.33,9.72,-0.03,1.40,-0.014,-0.061,-0.016,1.27,-7.87,-0.63,0.000000,0.000000,1824.05
31.34,102664.41,43.66,-110.92,9.74,-0.02,1.40,-0.013,-0.062,-0.017,0.77,-7.87,-1.99,0.000000,0.000000,1824.60
31.40,102673.27,43.65,-111.65,9.74,-0.03,1.41,-0.013,-0.060,-0.017,0.27,-7.87,-0.63,0.000000,0.000000,1825.14
31.37,102668.46,43.66,-111.26,9.73,-0.04,1.39,-0.014,-0.061,-0.017,0.77,-7.87,-0.63,0.000000,0.000000,1825.68
31.41,102673.68,43.65,-111.69,9.74,-0.03,1.42,-0.012,-0.061,-0.018,0.27,-7.87,-2.44,0.000000,0.000000,1826.22
31.38,102670.93,43.65,-111.46,9.74,-0.02,1.40,-0.013,-0.061,-0.017,0.77,-8.35,-1.99,0.000000,0.000000,1826.76
31.37,102668.16,43.68,-111.23,9.75,-0.03,1.37,-0.014,-0.060,-0.018,0.27,-8.35,-1.08,0.000000,0.000000,1827.30
31.37,102667.54,43.64,-111.18,9.74,-0.04,1.41,-0.013,-0.060,-0.016,0.77,-8.82,-2.89,0.000000,0.000000,1827.84
31.36,102662.64,43.66,-110.78,9.73,-0.03,1.39,-0.012,-0.061,-0.017,-0.23,-8.82,-0.63,0.000000,0.000000,1828.38
31.37,102668.67,43.65,-111.27,9.76,-0.03,1.40,-0.013,-0.060,-0.016,0.77,-8.82,-0.63,0.000000,0.000000,1828.92
31.36,102664.59,43.65,-110.94,9.74,-0.03,1.38,-0.014,-0.060,-0.015,0.77,-7.87,-0.63,0.000000,0.000000,1829.46
31.41,102672.83,43.63,-111.62,9.75,-0.03,1.43,-0.013,-0.061,-0.017,0.77,-7.87,-1.08,0.000000,0.000000,1830.00
31.37,102665.73,43.63,-111.03,9.75,-0.03,1.41,-0.014,-0.060,-0.017,0.27,-7.39,-1.08,0.000000,0.000000,1830.54
31.40,102671.31,43.62,-111.49,9.74,-0.04,1.39,-0.013,-0.061,-0.016,0.77,-8.82,-2.44,0.000000,0.000000,1831.08
31.36,102663.50,43.62,-110.85,9.73,-0.03,1.41,-0.013,-0.060,-0.017,0.77,-8.35,-1.99,0.000000,0.000000,1831.62
31.42,102675.05,43.62,-111.80,9.74,-0.04,1.41,-0.013,-0.061,-0.017,0.27,-9.30,-0.63,0.000000,0.000000,1832.16
31.40,102668.95,43.62,-111.30,9.75,-0.01,1.42,-0.013,-0.060,-0.017,-0.23,-8.35,-1.54,0.000000,0.000000,1832.70
31.43,102675.33,43.61,-111.82,9.75,-0.01,1.42,-0.013,-0.061,-0.017,0.77,-8.35,-1.08,0.000000,0.000000,1833.24
31.41,102670.59,43.59,-111.43,9.74,-0.02,1.39,-0.013,-0.061,-0.018,1.27,-8.35,-1.08,0.000000,0.000000,1833.79
31.44,102675.75,43.62,-111.86,9.74,-0.03,1.39,-0.013,-0.061,-0.015,0.27,-7.39,-0.63,0.000000,0.000000,1834.32
31.41,102667.86,43.60,-111.21,9.73,-0.03,1.39,-0.013,-0.061,-0.017,0.27,-8.35,-2.44,0.000000,0.000000,1834.86
31.41,102666.83,43.58,-111.12,9.74,-0.03,1.38,-0.013,-0.061,-0.018,0.27,-7.87,-2.44,0.000000,0.000000,1835.40
31.44,102674.59,43.59,-111.76,9.73,-0.02,1.37,-0.013,-0.062,-0.017,0.27,-8.35,-1.99,0.000000,0.000000,1835.94
31.41,102670.47,43.62,-111.42,9.73,-0.03,1.36,-0.013,-0.060,-0.017,0.77,-9.30,-1.54,0.000000,0.000000,1836.48
31.45,102676.27,43.61,-111.90,9.74,-0.02,1.40,-0.013,-0.061,-0.017,-0.23,-9.30,-1.54,0.000000,0.000000,1837.03
31.42,102671.77,43.56,-111.53,9.73,-0.02,1.40,-0.013,-0.061,-0.017,0.77,-7.87,-0.63,0.000000,0.000000,1837.56
31.45,102676.23,43.55,-111.90,9.74,-0.03,1.39,-0.014,-0.061,-0.017,0.27,-7.87,-0.63,0.000000,0.000000,1838.11
31.43,102671.09,43.56,-111.47,9.72,-0.03,1.40,-0.013,-0.061,-0.016,1.78,-7.87,-0.18,0.000000,0.000000,1838.65
31.46,102676.61,43.55,-111.93,9.72,-0.02,1.38,-0.013,-0.060,-0.017,0.77,-7.87,-1.08,0.000000,0.000000,1839.19
31.43,102673.11,43.56,-111.64,9.75,-0.02,1.40,-0.013,-0.061,-0.016,0.77,-7.87,-4.25,0.000000,0.000000,1839.72
31.47,102676.14,43.56,-111.89,9.74,-0.02,1.37,-0.014,-0.061,-0.018,0.27,-7.87,-2.44,0.000000,0.000000,1840.27
31.44,102673.00,43.54,-111.63,9.74,-0.03,1.41,-0.013,-0.062,-0.018,0.27,-8.82,-1.08,0.000000,0.000000,1840.81
31.43,102671.33,43.55,-111.49,9.74,-0.04,1.39,-0.014,-0.061,-0.017,-0.74,-8.35,-1.54,0.000000,0.000000,1841.35
31.45,102672.43,43.55,-111.58,9.72,-0.03,1.39,-0.013,-0.061,-0.017,-0.23,-8.82,-1.08,0.000000,0.000000,1841.89
31.43,102668.42,43.54,-111.25,9.75,-0.04,1.39,-0.014,-0.061,-0.018,0.77,-8.35,-0.63,0.000000,0.000000,1842.43
31.47,102673.73,43.54,-111.69,9.75,-0.03,1.39,-0.014,-0.060,-0.017,0.77,-7.39,-0.18,0.000000,0.000000,1842.97
31.44,102668.97,43.53,-111.30,9.73,-0.03,1.39,-0.013,-0.062,-0.017,1.27,-8.35,0.73,0.000000,0.000000,1843.51
31.47,102676.72,43.54,-111.94,9.74,-0.02,1.37,-0.014,-0.061,-0.016,0.27,-7.87,-2.89,0.000000,0.000000,1844.05
31.44,102669.96,43.54,-111.38,9.71,-0.01,1.39,-0.014,-0.060,-0.016,0.27,-8.35,-1.99,0.000000,0.000000,1844.59
31.48,102674.15,43.53,-111.73,9.73,-0.01,1.38,-0.013,-0.062,-0.018,0.27,-10.25,-1.54,0.000000,0.000000,1845.13
31.45,102669.69,43.53,-111.36,9.74,-0.03,1.40,-0.013,-0.061,-0.017,0.27,-8.35,-1.99,0.000000,0.000000,1845.67
31.48,102673.64,43.53,-111.68,9.74,-0.03,1.40,-0.013,-0.062,-0.017,-0.23,-8.82,-1.08,0.000000,0.000000,1846.21
31.44,102665.69,43.52,-111.03,9.75,-0.02,1.41,-0.014,-0.061,-0.015,0.27,-8.82,-1.54,0.000000,0.000000,1846.75
31.47,102672.17,43.56,-111.56,9.73,-0.01,1.40,-0.014,-0.061,-0.017,0.77,-8.35,0.28,0.000000,0.000000,1847.29
31.44,102668.42,43.54,-111.25,9.75,-0.03,1.40,-0.013,-0.061,-0.017,0.27,-7.39,-1.08,0.000000,0.000000,1847.83
31.46,102669.28,43.52,-111.32,9.73,-0.02,1.43,-0.013,-0.060,-0.017,0.27,-7.87,-2.44,0.000000,0.000000,1848.37
31.45,102668.88,43.50,-111.29,9.74,-0.03,1.39,-0.013,-0.061,-0.017,0.77,-8.82,-1.99,0.000000,0.000000,1848.91
31.45,102670.23,43.51,-111.40,9.74,-0.03,1.41,-0.013,-0.060,-0.017,0.27,-8.82,-2.89,0.000000,0.000000,1849.45
31.50,102675.49,43.51,-111.84,9.72,-0.03,1.41,-0.013,-0.062,-0.017,-0.23,-8.82,-2.44,0.000000,0.000000,1849.99
31.46,102672.06,43.50,-111.55,9.73,-0.03,1.42,-0.013,-0.061,-0.017,0.27,-7.87,-1.54,0.000000,0.000000,1850.53
31.49,102674.84,43.54,-111.78,9.74,-0.01,1.40,-0.012,-0.061,-0.017,0.27,-8.35,-1.08,0.000000,0.000000,1851.07
31.46,102668.56,43.49,-111.27,9.74,-0.04,1.39,-0.014,-0.061,-0.017,0.27,-7.87,-0.18,0.000000,0.000000,1851.61
31.49,102673.00,43.49,-111.56,9.73,-0.02,1.39,-0.014,-0.061,-0.017,1.27,-7.87,-1.08,0.000000,0.000000,1852.15
31.46,102669.49,43.51,-111.34,9.74,-0.03,1.40,-0.013,-0.061,-0.017,0.77,-7.39,0.73,0.000000,0.000000,1852.69
31.50,102673.61,43.49,-111.68,9.74,-0.04,1.40,-0.013,-0.061,-0.017,0.77,-7.87,-1.08,0.000000,0.000000,1853.23
31.47,102668.88,43.49,-111.29,9.74,-0.03,1.37,-0.013,-0.061,-0.017,0.27,-7.87,-1.54,0.000000,0.000000,1853.77
31.47,102669.22,43.48,-111.32,9.75,-0.04,1.41,-0.013,-0.061,-0.017,1.27,-9.30,-1.08,0.000000,0.000000,1854.31
31.47,102670.39,43.47,-111.41,9.74,-0.03,1.43,-0.012,-0.061,-0.017,-0.23,-9.78,-1.54,0.000000,0.000000,1854.85
31.47,102669.19,43.48,-111.32,9.73,-0.01,1.39,-0.013,-0.060,-0.017,-0.23,-8.82,-1.08,0.000000,0.000000,1855.39
31.49,102670.49,43.47,-111.42,9.75,-0.04,1.40,-0.014,-0.060,-0.017,0.77,-8.82,-0.63,0.000000,0.000000,1855.93
31.48,102670.73,43.47,-111.44,9.74,-0.04,1.38,-0.013,-0.061,-0.016,0.77,-7.39,-0.63,0.000000,0.000000,1856.47
31.52,102673.83,43.48,-111.70,9.72,-0.03,1.41,-0.013,-0.060,-0.017,1.27,-7.87,-0.63,0.000000,0.000000,1857.01
31.48,102667.09,43.44,-111.14,9.71,-0.01,1.41,-0.014,-0.060,-0.016,1.27,-8.35,-0.18,0.000000,0.000000,1857.55
31.52,102675.16,43.46,-111.81,9.74,-0.02,1.38,-0.014,-0.060,-0.017,0.77,-7.87,-2.89,0.000000,0.000000,1858.09
31.48,102667.65,43.45,-111.19,9.73,-0.05,1.40,-0.013,-0.060,-0.017,-0.23,-10.25,-1.99,0.000000,0.000000,1858.63
31.52,102673.72,43.46,-111.69,9.72,-0.05,1.39,-0.014,-0.061,-0.017,-0.23,-9.30,-1.54,0.000000,0.000000,1859.17
31.48,102669.56,43.44,-111.35,9.72,-0.04,1.41,-0.013,-0.061,-0.017,-0.23,-8.82,-2.44,0.000000,0.000000,1859.71
31.52,102672.08,43.44,-111.56,9.74,-0.02,1.39,-0.015,-0.060,-0.017,0.27,-8.35,-1.08,0.000000,0.000000,1860.25
31.49,102667.55,43.46,-111.18,9.74,-0.02,1.41,-0.014,-0.060,-0.017,0.27,-7.87,-0.63,0.000000,0.000000,1860.79
31.51,102669.78,43.45,-111.37,9.73,-0.03,1.41,-0.013,-0.061,-0.017,0.27,-9.30,-0.18,0.000000,0.000000,1861.33
31.49,102666.80,43.46,-111.12,9.72,-0.04,1.40,-0.014,-0.060,-0.017,0.27,-7.87,-0.18,0.000000,0.000000,1861.87
31.49,102667.48,43.43,-111.18,9.74,-0.02,1.39,-0.014,-0.062,-0.017,0.27,-8.35,-3.80,0.000000,0.000000,1862.41
31.53,102676.09,43.44,-111.89,9.74,-0.04,1.38,-0.013,-0.062,-0.016,0.77,-8.82,-2.89,0.000000,0.000000,1862.95
31.49,102668.84,43.46,-111.29,9.72,-0.03,1.38,-0.013,-0.061,-0.017,0.27,-8.82,-1.99,0.000000,0.000000,1863.49
31.53,102672.39,43.44,-111.58,9.72,-0.04,1.43,-0.013,-0.062,-0.017,-0.23,-10.25,-1.08,0.000000,0.000000,1864.04
31.49,102666.52,43.41,-111.10,9.73,-0.02,1.42,-0.014,-0.062,-0.018,0.27,-8.35,-0.63,0.000000,0.000000,1864.57
31.53,102672.49,43.41,-111.59,9.74,-0.03,1.41,-0.013,-0.061,-0.017,0.27,-8.35,-0.63,0.000000,0.000000,1865.11
31.49,102667.38,43.41,-111.17,9.72,-0.03,1.43,-0.014,-0.061,-0.016,0.27,-7.87,-1.08,0.000000,0.000000,1865.65
31.52,102669.61,43.41,-111.35,9.74,-0.05,1.41,-0.014,-0.061,-0.017,0.77,-8.35,0.28,0.000000,0.000000,1866.19
31.49,102664.91,43.41,-110.88,9.73,-0.03,1.39,-0.015,-0.060,-0.016,1.27,-8.35,-0.63,0.000000,0.000000,1866.73
31.53,102671.30,43.43,-111.49,9.72,-0.03,1.38,-0.014,-0.060,-0.016,0.77,-8.35,-2.44,0.000000,0.000000,1867.28
31.48,102663.75,43.43,-110.87,9.74,-0.03,1.39,-0.012,-0.061,-0.018,0.27,-8.82,-1.08,0.000000,0.000000,1867.81
31.50,102665.39,43.42,-111.00,9.74,-0.05,1.41,-0.013,-0.062,-0.017,0.27,-7.87,-1.08,0.000000,0.000000,1868.35
31.53,102669.86,43.39,-111.37,9.73,-0.03,1.38,-0.014,-0.060,-0.017,0.77,-8.35,-1.08,0.000000,0.000000,1868.89
31.48,102662.06,43.39,-110.73,9.73,-0.02,1.39,-0.013,-0.060,-0.018,-0.23,-7.87,-1.54,0.000000,0.000000,1869.44
31.54,102672.94,43.38,-111.63,9.73,-0.04,1.40,-0.014,-0.062,-0.017,0.77,-8.82,-1.08,0.000000,0.000000,1869.97
31.49,102663.64,43.40,-110.86,9.72,-0.03,1.37,-0.013,-0.062,-0.017,1.78,-8.82,-1.08,0.000000,0.000000,1870.52
31.52,102667.80,43.37,-111.20,9.72,-0.02,1.39,-0.013,-0.061,-0.017,0.77,-7.87,-0.63,0.000000,0.000000,1871.06
31.48,102661.01,43.38,-110.64,9.75,-0.02,1.41,-0.013,-0.061,-0.017,0.27,-7.87,-2.44,0.000000,0.000000,1871.60
31.54,102669.96,43.37,-111.38,9.72,-0.05,1.42,-0.013,-0.061,-0.017,-0.23,-8.35,-2.89,0.000000,0.000000,1872.14
31.51,102664.72,43.37,-110.95,9.73,-0.03,1.40,-0.014,-0.060,-0.016,0.77,-8.82,-2.44,0.000000,0.000000,1872.68
31.54,102668.80,43.35,-111.28,9.73,-0.04,1.38,-0.013,-0.061,-0.017,0.27,-8.82,-0.63,0.000000,0.000000,1873.22
31.49,102661.90,43.35,-110.72,9.74,-0.02,1.41,-0.014,-0.060,-0.016,0.27,-8.82,-1.08,0.000000,0.000000,1873.76
31.51,102662.93,43.36,-110.80,9.72,-0.05,1.41,-0.013,-0.060,-0.017,0.77,-8.82,-1.08,0.000000,0.000000,1874.30
31.50,102660.42,43.34,-110.60,9.72,-0.03,1.39,-0.014,-0.060,-0.018,1.27,-8.82,-1.08,0.000000,0.000000,1874.84
31.49,102661.22,43.34,-110.66,9.74,-0.03,1.40,-0.013,-0.060,-0.017,0.27,-7.87,-0.63,0.000000,0.000000,1875.38
31.51,102663.86,43.34,-110.88,9.74,-0.03,1.39,-0.014,-0.060,-0.017,0.77,-7.39,-0.18,0.000000,0.000000,1875.92
31.51,102663.69,43.33,-110.86,9.73,-0.04,1.41,-0.013,-0.060,-0.016,1.27,-7.87,-0.63,0.000000,0.000000,1876.46
31.55,102667.70,43.36,-111.19,9.74,-0.05,1.41,-0.013,-0.061,-0.017,0.27,-7.87,-1.54,0.000000,0.000000,1877.00
31.51,102663.48,43.32,-110.85,9.75,-0.04,1.40,-0.014,-0.062,-0.017,0.77,-9.30,-1.99,0.000000,0.000000,1877.54
31.54,102665.82,43.31,-111.04,9.74,-0.00,1.39,-0.013,-0.061,-0.017,0.27,-9.78,-1.54,0.000000,0.000000,1878.08
31.52,102662.42,43.32,-110.76,9.73,-0.03,1.38,-0.013,-0.060,-0.017,-0.23,-9.78,-1.54,0.000000,0.000000,1878.62
31.56,102667.95,43.32,-111.21,9.74,-0.05,1.40,-0.013,-0.061,-0.017,0.77,-8.35,-1.08,0.000000,0.000000,1879.16
31.51,102661.95,43.32,-110.72,9.74,-0.05,1.40,-0.014,-0.061,-0.016,0.27,-8.35,-1.08,0.000000,0.000000,1879.70
31.52,102662.33,43.30,-110.75,9.74,-0.03,1.41,-0.013,-0.061,-0.017,1.78,-7.39,-0.18,0.000000,0.000000,1880.24
31.50,102660.77,43.30,-110.62,9.74,-0.03,1.39,-0.013,-0.061,-0.017,0.77,-7.87,-0.63,0.000000,0.000000,1880.78
31.53,102664.41,43.30,-110.92,9.74,-0.02,1.39,-0.014,-0.060,-0.017,-0.23,-8.35,-1.99,0.000000,0.000000,1881.32
31.55,102664.14,43.31,-110.90,9.75,-0.03,1.41,-0.014,-0.061,-0.017,0.27,-8.35,-2.89,0.000000,0.000000,1881.86
31.54,102666.41,43.27,-111.09,9.75,-0.03,1.37,-0.013,-0.061,-0.016,0.77,-8.82,-2.44,0.000000,0.000000,1882.40
31.61,102676.26,43.30,-111.90,9.74,-0.04,1.39,-0.013,-0.061,-0.017,-0.23,-9.30,-1.08,0.000000,0.000000,1882.94
31.56,102654.91,43.29,-110.14,9.74,-0.02,1.40,-0.015,-0.062,-0.017,0.77,-8.82,-1.08,0.000000,0.000000,1883.48
31.54,102663.94,43.28,-110.88,9.73,-0.03,1.39,-0.013,-0.060,-0.017,0.27,-7.87,-0.63,0.000000,0.000000,1884.02
31.52,102660.34,43.28,-110.59,9.73,-0.01,1.37,-0.013,-0.061,-0.018,0.77,-8.82,-1.08,0.000000,0.000000,1884.56
31.63,102678.97,43.28,-112.12,9.74,-0.03,1.37,-0.013,-0.060,-0.017,0.77,-8.35,-1.08,0.000000,0.000000,1885.10
31.58,102668.70,43.26,-111.28,9.73,-0.01,1.38,-0.013,-0.061,-0.017,0.77,-7.87,-0.63,0.000000,0.000000,1885.64
31.58,102671.11,43.27,-111.47,9.74,-0.03,1.41,-0.014,-0.060,-0.017,0.27,-8.82,-1.99,0.000000,0.000000,1886.18
31.60,102672.59,43.25,-111.60,9.73,-0.02,1.40,-0.013,-0.059,-0.016,0.27,-8.35,-3.35,0.000000,0.000000,1886.72
31.62,102675.88,43.26,-111.87,9.72,-0.02,1.41,-0.013,-0.061,-0.017,0.27,-8.82,-2.44,0.000000,0.000000,1887.26
31.59,102669.23,43.25,-111.32,9.73,-0.02,1.41,-0.013,-0.061,-0.017,1.27,-7.87,-1.54,0.000000,0.000000,1887.80
31.56,102666.62,43.24,-111.10,9.73,-0.01,1.38,-0.014,-0.061,-0.016,0.27,-8.35,-0.63,0.000000,0.000000,1888.34
31.58,102667.23,43.23,-111.16,9.74,-0.03,1.42,-0.013,-0.060,-0.016,0.27,-8.82,-0.63,0.000000,0.000000,1888.88
31.60,102667.55,43.24,-111.18,9.72,-0.02,1.40,-0.013,-0.060,-0.017,1.27,-8.35,-1.08,0.000000,0.000000,1889.42
31.63,102675.58,43.27,-111.84,9.74,-0.02,1.41,-0.014,-0.061,-0.017,0.77,-7.87,-0.18,0.000000,0.000000,1889.96
31.61,102669.55,43.27,-111.35,9.75,-0.03,1.43,-0.014,-0.060,-0.016,1.27,-7.87,-0.18,0.000000,0.000000,1890.50
31.63,102674.41,43.24,-111.75,9.72,-0.03,1.40,-0.013,-0.062,-0.017,1.27,-7.87,-0.18,0.000000,0.000000,1891.04
31.60,102669.98,43.24,-111.38,9.72,-0.01,1.39,-0.014,-0.061,-0.017,0.27,-7.87,-1.08,0.000000,0.000000,1891.58
31.63,102674.86,43.23,-111.78,9.75,-0.02,1.41,-0.013,-0.061,-0.017,0.77,-10.25,-1.08,0.000000,0.000000,1892.12
31.60,102671.39,43.23,-111.50,9.73,-0.04,1.41,-0.014,-0.060,-0.017,-0.23,-8.35,-2.44,0.000000,0.000000,1892.66
31.64,102671.27,43.24,-111.49,9.72,-0.04,1.37,-0.014,-0.060,-0.016,0.27,-9.30,-1.54,0.000000,0.000000,1893.20
31.62,102670.16,43.22,-111.40,9.75,-0.04,1.40,-0.013,-0.060,-0.018,0.27,-9.78,-1.08,0.000000,0.000000,1893.74
31.63,102674.55,43.22,-111.76,9.74,-0.01,1.40,-0.012,-0.061,-0.015,0.27,-7.87,-1.08,0.000000,0.000000,1894.28
31.61,102669.34,43.21,-111.33,9.74,-0.05,1.39,-0.013,-0.061,-0.017,1.27,-8.82,-1.08,0.000000,0.000000,1894.82
31.63,102669.69,43.22,-111.36,9.73,-0.01,1.41,-0.013,-0.062,-0.017,1.78,-7.87,-0.63,0.000000,0.000000,1895.36
31.59,102665.26,43.21,-110.99,9.74,-0.03,1.41,-0.013,-0.061,-0.017,0.27,-7.39,-0.63,0.000000,0.000000,1895.90
31.59,102665.53,43.19,-111.01,9.74,-0.03,1.38,-0.013,-0.060,-0.017,0.27,-7.87,-1.54,0.000000,0.000000,1896.44
31.51,102653.31,43.20,-110.01,9.73,-0.03,1.41,-0.013,-0.061,-0.016,-0.23,-8.35,-1.99,0.000000,0.000000,1896.98
31.61,102667.83,43.20,-111.20,9.75,-0.03,1.42,-0.014,-0.061,-0.017,-0.23,-9.30,-2.89,0.000000,0.000000,1897.53
31.47,102644.05,43.19,-109.25,9.73,-0.04,1.40,-0.014,-0.061,-0.017,-0.23,-8.82,-1.54,0.000000,0.000000,1898.07
31.63,102667.66,43.19,-111.19,9.76,-0.03,1.39,-0.014,-0.061,-0.017,0.27,-8.82,-1.08,0.000000,0.000000,1898.60
31.65,102674.22,43.18,-111.76,9.74,-0.03,1.41,-0.014,-0.061,-0.017,0.77,-7.87,-0.63,0.000000,0.000000,1899.14
31.62,102666.56,43.19,-111.10,9.73,-0.03,1.44,-0.014,-0.060,-0.017,0.77,-7.39,-1.08,0.000000,0.000000,1899.68
31.64,102668.48,43.18,-111.26,9.72,-0.02,1.39,-0.012,-0.061,-0.017,1.27,-6.92,-1.08,0.000000,0.000000,1900.22
31.61,102662.86,43.16,-110.80,9.74,-0.03,1.40,-0.013,-0.061,-0.016,0.77,-7.39,-0.63,0.000000,0.000000,1900.77
31.61,102666.36,43.16,-111.08,9.75,-0.03,1.43,-0.013,-0.061,-0.017,0.27,-8.35,-3.80,0.000000,0.000000,1901.30
31.64,102670.20,43.15,-111.40,9.74,-0.04,1.39,-0.013,-0.061,-0.017,0.27,-8.35,-2.44,0.000000,0.000000,1901.84
31.64,102669.66,43.16,-111.36,9.75,-0.04,1.40,-0.014,-0.061,-0.017,0.77,-7.39,-2.44,0.000000,0.000000,1902.38
31.65,102668.77,43.17,-111.28,9.71,-0.04,1.40,-0.013,-0.061,-0.016,0.77,-9.78,-1.99,0.000000,0.000000,1902.93
31.64,102669.20,43.16,-111.32,9.74,-0.04,1.42,-0.013,-0.061,-0.018,0.77,-9.78,-1.08,0.000000,0.000000,1903.46
31.67,102672.61,43.16,-111.60,9.73,-0.02,1.40,-0.013,-0.061,-0.017,0.27,-8.35,-0.63,0.000000,0.000000,1904.00
31.64,102665.86,43.15,-111.04,9.71,-0.03,1.41,-0.013,-0.061,-0.017,0.27,-8.82,-1.54,0.000000,0.000000,1904.54
31.68,102675.22,43.15,-111.81,9.73,-0.03,1.39,-0.013,-0.061,-0.017,0.77,-8.82,-1.99,0.000000,0.000000,1905.08
31.65,102668.88,43.14,-111.29,9.73,-0.02,1.41,-0.012,-0.061,-0.017,0.27,-8.82,-1.08,0.000000,0.000000,1905.62
31.68,102674.43,43.13,-111.75,9.73,-0.02,1.37,-0.014,-0.062,-0.017,-0.23,-8.82,-0.63,0.000000,0.000000,1906.16
31.65,102668.77,43.13,-111.28,9.73,-0.04,1.37,-0.014,-0.061,-0.017,0.77,-8.35,-1.54,0.000000,0.000000,1906.70
31.68,102671.10,43.13,-111.47,9.76,-0.05,1.39,-0.014,-0.061,-0.017,0.27,-7.87,-1.08,0.000000,0.000000,1907.24
31.65,102666.41,43.14,-111.09,9.73,-0.05,1.41,-0.014,-0.060,-0.017,0.27,-7.39,-1.99,0.000000,0.000000,1907.78
31.67,102670.55,43.13,-111.43,9.74,-0.03,1.39,-0.013,-0.061,-0.018,0.77,-7.87,-2.44,0.000000,0.000000,1908.32
31.66,102668.39,43.11,-111.25,9.74,-0.02,1.40,-0.013,-0.061,-0.016,-0.23,-8.35,0.28,0.000000,0.000000,1908.86
31.66,102667.64,43.10,-111.19,9.74,-0.03,1.38,-0.014,-0.062,-0.016,0.27,-8.82,-1.99,0.000000,0.000000,1909.40
31.69,102668.84,43.10,-111.29,9.74,-0.03,1.40,-0.013,-0.061,-0.016,0.77,-9.30,-0.18,0.000000,0.000000,1909.94
31.66,102666.75,43.10,-111.12,9.73,-0.05,1.40,-0.014,-0.061,-0.017,0.27,-7.87,-1.08,0.000000,0.000000,1910.48
31.69,102670.70,43.13,-111.44,9.74,-0.01,1.41,-0.013,-0.062,-0.017,0.77,-8.82,-0.63,0.000000,0.000000,1911.02
31.66,102667.27,43.11,-111.16,9.74,-0.01,1.40,-0.013,-0.061,-0.016,1.27,-7.87,-0.18,0.000000,0.000000,1911.57
31.70,102673.81,43.09,-111.70,9.73,-0.03,1.41,-0.014,-0.062,-0.016,0.77,-7.87,-0.63,0.000000,0.000000,1912.10
31.65,102663.05,43.09,-110.81,9.74,-0.05,1.40,-0.014,-0.060,-0.017,0.77,-7.87,-1.08,0.000000,0.000000,1912.65
31.70,102672.75,43.08,-111.61,9.74,-0.03,1.38,-0.013,-0.060,-0.018,0.27,-8.35,-1.99,0.000000,0.000000,1913.19
31.67,102667.30,43.07,-111.16,9.73,-0.02,1.41,-0.013,-0.060,-0.017,1.27,-8.35,-3.35,0.000000,0.000000,1913.73
31.71,102671.19,43.07,-111.48,9.74,-0.04,1.39,-0.013,-0.062,-0.017,1.27,-7.87,-0.18,0.000000,0.000000,1914.27
31.67,102668.09,43.07,-111.23,9.75,-0.03,1.39,-0.014,-0.061,-0.017,0.27,-7.87,-0.63,0.000000,0.000000,1914.81
31.68,102666.52,43.08,-111.10,9.73,-0.04,1.40,-0.014,-0.061,-0.017,0.27,-7.39,-1.99,0.000000,0.000000,1915.35
31.67,102672.66,43.11,-111.12,9.74,-0.02,1.39,-0.014,-0.061,-0.017,0.27,-8.82,-1.08,0.000000,0.000000,1915.89
31.67,102666.78,43.09,-111.12,9.74,-0.01,1.41,-0.014,-0.062,-0.016,0.77,-8.82,-1.08,0.000000,0.000000,1916.43
31.71,102672.52,43.08,-111.59,9.74,-0.02,1.39,-0.014,-0.061,-0.016,0.27,-9.78,-1.54,0.000000,0.000000,1916.97
31.68,102667.41,43.06,-111.17,9.73,-0.04,1.41,-0.013,-0.062,-0.017,0.27,-9.30,-1.08,0.000000,0.000000,1917.51
31.71,102671.42,43.07,-111.50,9.73,-0.02,1.40,-0.012,-0.062,-0.018,0.27,-7.87,-1.08,0.000000,0.000000,1918.05
31.68,102666.92,43.07,-111.13,9.75,-0.03,1.38,-0.013,-0.061,-0.016,0.27,-8.35,-0.63,0.000000,0.000000,1918.59
31.71,102671.84,43.05,-111.54,9.73,-0.04,1.36,-0.013,-0.062,-0.017,0.27,-8.35,-1.08,0.000000,0.000000,1919.13
31.69,102666.11,43.04,-111.06,9.72,-0.02,1.40,-0.013,-0.062,-0.016,1.27,-7.39,-0.63,0.000000,0.000000,1919.67
31.72,102670.36,43.06,-111.41,9.74,-0.03,1.40,-0.013,-0.061,-0.016,-0.23,-7.39,-0.63,0.000000,0.000000,1920.21
31.69,102665.45,43.05,-111.01,9.73,-0.04,1.38,-0.014,-0.062,-0.016,0.27,-8.35,-2.89,0.000000,0.000000,1920.75
31.69,102666.69,43.05,-111.11,9.73,-0.02,1.41,-0.013,-0.061,-0.017,0.27,-8.35,-1.54,0.000000,0.000000,1921.29
31.68,102663.60,43.04,-110.86,9.75,-0.04,1.40,-0.014,-0.061,-0.017,0.27,-10.25,-0.63,0.000000,0.000000,1921.84
31.70,102668.00,43.04,-111.22,9.75,-0.02,1.38,-0.014,-0.060,-0.017,0.27,-8.82,-1.54,0.000000,0.000000,1922.37
31.69,102664.36,43.03,-110.92,9.74,-0.03,1.39,-0.014,-0.062,-0.017,-0.23,-8.82,-1.08,0.000000,0.000000,1922.91
31.69,102663.27,43.03,-110.83,9.73,-0.04,1.41,-0.014,-0.060,-0.017,-0.23,-8.35,-0.18,0.000000,0.000000,1923.45
31.73,102671.16,43.03,-111.48,9.74,-0.01,1.39,-0.014,-0.060,-0.016,0.27,-8.35,-0.18,0.000000,0.000000,1923.99
31.70,102667.82,43.02,-111.20,9.73,-0.05,1.42,-0.013,-0.062,-0.018,1.27,-8.35,-1.08,0.000000,0.000000,1924.53
31.74,102669.23,43.02,-111.32,9.72,-0.03,1.39,-0.014,-0.061,-0.017,1.27,-7.87,-0.18,0.000000,0.000000,1925.07
31.71,102665.13,43.01,-110.98,9.73,-0.05,1.39,-0.014,-0.059,-0.018,-0.23,-7.87,-1.99,0.000000,0.000000,1925.62
31.75,102672.42,43.02,-111.58,9.73,-0.01,1.45,-0.013,-0.062,-0.016,0.27,-8.35,-1.99,0.000000,0.000000,1926.15
31.72,102667.89,43.00,-111.21,9.74,-0.05,1.37,-0.014,-0.061,-0.018,0.77,-8.35,-2.44,0.000000,0.000000,1926.69
31.75,102675.68,43.02,-111.85,9.73,-0.04,1.43,-0.012,-0.061,-0.016,0.27,-9.78,-1.08,0.000000,0.000000,1927.23
31.72,102668.58,43.00,-111.27,9.72,-0.04,1.37,-0.014,-0.061,-0.017,0.27,-9.30,-1.54,0.000000,0.000000,1927.78
31.75,102669.00,42.99,-111.30,9.73,-0.03,1.39,-0.014,-0.061,-0.016,0.77,-8.35,-1.08,0.000000,0.000000,1928.32
31.72,102666.83,43.00,-111.12,9.74,-0.05,1.40,-0.013,-0.060,-0.017,0.77,-9.30,-1.54,0.000000,0.000000,1928.85
31.72,102670.09,42.99,-111.39,9.73,-0.02,1.47,-0.014,-0.063,-0.017,0.77,-8.35,-0.63,0.000000,0.000000,1929.39
31.76,102671.58,42.99,-111.51,9.73,-0.03,1.39,-0.013,-0.059,-0.017,0.77,-7.39,-0.18,0.000000,0.000000,1929.94
31.71,102664.47,42.99,-110.93,9.74,-0.04,1.37,-0.013,-0.061,-0.016,1.27,-8.35,-0.63,0.000000,0.000000,1930.48
31.77,102672.50,43.00,-111.59,9.73,-0.04,1.43,-0.012,-0.061,-0.016,0.77,-7.39,-0.63,0.000000,0.000000,1931.02
31.72,102664.30,42.98,-110.91,9.72,-0.02,1.37,-0.014,-0.061,-0.017,0.27,-7.87,-2.44,0.000000,0.000000,1931.56
31.77,102673.59,43.01,-111.68,9.74,-0.01,1.36,-0.014,-0.060,-0.018,0.77,-9.30,-1.54,0.000000,0.000000,1932.10
31.73,102666.22,43.00,-111.07,9.75,-0.02,1.41,-0.013,-0.061,-0.016,0.77,-9.30,-1.08,0.000000,0.000000,1932.64
31.77,102673.01,42.97,-111.63,9.74,-0.02,1.39,-0.013,-0.060,-0.017,0.77,-8.82,-1.08,0.000000,0.000000,1933.18
31.76,102668.01,42.98,-111.35,9.75,-0.03,1.41,-0.013,-0.061,-0.017,0.77,-8.35,-1.08,0.000000,0.000000,1933.72
31.78,102673.70,42.99,-111.69,9.73,-0.04,1.40,-0.014,-0.060,-0.017,0.27,-8.82,-1.54,0.000000,0.000000,1934.26
31.75,102669.66,42.96,-111.36,9.74,-0.01,1.41,-0.012,-0.061,-0.017,-0.23,-7.39,0.28,0.000000,0.000000,1934.80
31.75,102668.45,42.96,-111.26,9.74,-0.04,1.39,-0.014,-0.062,-0.017,1.27,-8.35,-0.18,0.000000,0.000000,1935.34
31.78,102671.92,42.96,-111.54,9.74,-0.05,1.39,-0.014,-0.060,-0.017,0.77,-7.87,-0.18,0.000000,0.000000,1935.88
31.75,102669.31,42.98,-111.33,9.74,-0.04,1.39,-0.013,-0.060,-0.017,0.27,-8.35,-2.44,0.000000,0.000000,1936.42
31.79,102672.88,42.94,-111.62,9.75,-0.01,1.39,-0.014,-0.061,-0.016,0.27,-8.35,-1.99,0.000000,0.000000,1936.96
31.76,102669.45,42.95,-111.34,9.75,-0.04,1.40,-0.013,-0.061,-0.017,-0.23,-9.30,-1.54,0.000000,0.000000,1937.50
31.78,102671.30,42.95,-111.49,9.73,-0.03,1.37,-0.013,-0.062,-0.017,0.77,-8.82,-1.54,0.000000,0.000000,1938.04
31.76,102666.53,42.95,-111.10,9.74,-0.05,1.41,-0.014,-0.060,-0.017,0.27,-8.82,-1.99,0.000000,0.000000,1938.58
31.80,102673.64,42.93,-111.68,9.74,-0.04,1.40,-0.013,-0.062,-0.017,0.27,-9.30,-0.63,0.000000,0.000000,1939.12
31.77,102668.12,42.93,-111.23,9.74,-0.04,1.40,-0.014,-0.060,-0.017,0.27,-8.82,-0.63,0.000000,0.000000,1939.66
31.80,102672.58,42.94,-111.60,9.73,-0.04,1.42,-0.013,-0.060,-0.017,0.77,-8.35,-0.63,0.000000,0.000000,1940.20
31.76,102668.22,42.93,-111.24,9.73,-0.01,1.41,-0.014,-0.060,-0.016,1.27,-8.35,-0.63,0.000000,0.000000,1940.74
31.77,102666.23,42.93,-111.07,9.75,-0.05,1.38,-0.014,-0.061,-0.017,0.77,-7.87,-0.63,0.000000,0.000000,1941.28
31.77,102668.91,42.95,-111.29,9.72,-0.02,1.39,-0.014,-0.062,-0.017,1.27,-8.35,-3.35,0.000000,0.000000,1941.82
31.77,102667.88,42.93,-111.21,9.75,-0.03,1.39,-0.013,-0.062,-0.016,0.27,-8.35,-2.44,0.000000,0.000000,1942.36
31.77,102668.53,42.91,-111.26,9.74,-0.03,1.41,-0.014,-0.061,-0.017,0.27,-8.35,-1.54,0.000000,0.000000,1942.90
31.78,102667.39,42.91,-111.17,9.74,-0.03,1.38,-0.013,-0.061,-0.017,0.77,-10.73,-1.54,0.000000,0.000000,1943.44
31.81,102671.04,42.90,-111.47,9.73,-0.03,1.43,-0.014,-0.062,-0.016,0.27,-9.30,-1.08,0.000000,0.000000,1943.98
31.78,102666.03,42.90,-111.06,9.74,-0.06,1.38,-0.014,-0.060,-0.017,0.77,-7.87,-0.63,0.000000,0.000000,1944.52
31.81,102671.86,42.91,-111.54,9.74,-0.01,1.41,-0.014,-0.060,-0.017,0.27,-8.82,-1.08,0.000000,0.000000,1945.06
31.78,102666.41,42.90,-111.09,9.73,-0.03,1.37,-0.014,-0.061,-0.016,0.77,-8.35,-0.18,0.000000,0.000000,1945.60
31.82,102673.02,42.91,-111.63,9.74,-0.00,1.40,-0.014,-0.062,-0.016,1.27,-7.39,-0.18,0.000000,0.000000,1946.14
31.78,102666.51,42.88,-111.10,9.74,-0.03,1.41,-0.014,-0.061,-0.015,0.77,-7.87,-0.63,0.000000,0.000000,1946.68
31.81,102669.98,42.90,-111.38,9.73,-0.02,1.41,-0.014,-0.061,-0.016,0.27,-7.87,-0.63,0.000000,0.000000,1947.22
31.78,102667.19,42.90,-111.15,9.74,-0.02,1.41,-0.014,-0.060,-0.017,0.27,-7.39,-3.80,0.000000,0.000000,1947.76
31.82,102671.55,42.89,-111.51,9.74,-0.04,1.41,-0.014,-0.060,-0.016,0.77,-7.87,-2.89,0.000000,0.000000,1948.30
31.79,102666.61,42.91,-111.10,9.72,-0.02,1.42,-0.014,-0.061,-0.017,0.27,-7.87,-1.08,0.000000,0.000000,1948.84
31.79,102664.55,42.87,-110.93,9.74,-0.02,1.41,-0.014,-0.060,-0.017,0.27,-10.25,-2.44,0.000000,0.000000,1949.38
31.82,102671.20,42.88,-111.48,9.75,-0.03,1.37,-0.013,-0.062,-0.017,-0.23,-8.35,-1.54,0.000000,0.000000,1949.92
31.80,102668.64,42.86,-111.27,9.71,-0.02,1.41,-0.014,-0.061,-0.017,0.77,-8.35,-0.18,0.000000,0.000000,1950.46
31.83,102671.55,42.88,-111.51,9.74,-0.03,1.38,-0.013,-0.062,-0.018,0.27,-7.39,-1.08,0.000000,0.000000,1951.00
31.80,102667.06,42.89,-110.99,9.74,-0.05,1.38,-0.013,-0.060,-0.017,0.77,-7.87,-0.63,0.000000,0.000000,1951.54
31.83,102674.13,42.87,-111.72,9.74,-0.05,1.42,-0.014,-0.061,-0.017,1.27,-7.39,-1.08,0.000000,0.000000,1952.08
31.80,102663.91,42.86,-110.88,9.73,-0.03,1.40,-0.014,-0.060,-0.017,-0.23,-7.87,-1.99,0.000000,0.000000,1952.62
31.83,102668.73,42.86,-111.28,9.75,-0.04,1.43,-0.013,-0.060,-0.016,0.27,-7.87,-3.35,0.000000,0.000000,1953.16
31.80,102665.04,42.84,-110.98,9.73,-0.01,1.37,-0.014,-0.061,-0.017,0.77,-9.78,-1.99,0.000000,0.000000,1953.70
31.83,102670.42,42.86,-111.42,9.72,-0.03,1.40,-0.014,-0.061,-0.017,1.27,-8.82,-1.54,0.000000,0.000000,1954.24
31.80,102666.72,42.84,-111.11,9.74,-0.02,1.41,-0.014,-0.060,-0.017,-0.23,-8.35,-2.44,0.000000,0.000000,1954.78
31.83,102669.94,42.84,-111.38,9.74,-0.03,1.41,-0.013,-0.061,-0.017,-0.23,-8.82,-1.54,0.000000,0.000000,1955.32
31.82,102668.22,42.83,-111.24,9.74,-0.03,1.38,-0.013,-0.061,-0.017,0.27,-7.39,-0.63,0.000000,0.000000,1955.86
31.81,102667.44,42.83,-111.17,9.71,-0.04,1.39,-0.014,-0.061,-0.017,0.77,-8.82,-1.08,0.000000,0.000000,1956.40
31.85,102671.63,42.83,-111.52,9.74,-0.02,1.40,-0.014,-0.059,-0.016,1.78,-7.87,0.28,0.000000,0.000000,1956.94
31.81,102667.52,42.83,-111.18,9.74,-0.05,1.39,-0.014,-0.060,-0.017,0.77,-7.87,-1.08,0.000000,0.000000,1957.48
31.84,102671.14,42.82,-111.48,9.74,-0.02,1.45,-0.014,-0.061,-0.017,0.77,-7.39,-1.08,0.000000,0.000000,1958.02
31.81,102667.38,42.82,-111.17,9.74,-0.04,1.39,-0.014,-0.061,-0.018,0.27,-7.87,-2.44,0.000000,0.000000,1958.57
31.85,102673.48,42.81,-111.67,9.73,-0.05,1.38,-0.012,-0.060,-0.016,0.77,-7.87,-1.99,0.000000,0.000000,1959.10
31.82,102666.89,42.83,-111.13,9.72,-0.02,1.39,-0.013,-0.061,-0.017,0.27,-9.30,-1.54,0.000000,0.000000,1959.64
31.86,102673.27,42.81,-111.65,9.72,-0.02,1.41,-0.014,-0.061,-0.017,0.27,-8.35,-1.08,0.000000,0.000000,1960.18
31.80,102663.36,42.82,-110.84,9.76,-0.02,1.40,-0.013,-0.060,-0.016,0.27,-8.82,-1.99,0.000000,0.000000,1960.72
31.84,102670.73,42.81,-111.44,9.72,-0.02,1.40,-0.014,-0.061,-0.016,0.77,-7.87,-1.08,0.000000,0.000000,1961.27
31.81,102665.63,42.81,-111.02,9.74,-0.02,1.41,-0.014,-0.062,-0.018,-0.23,-7.87,-1.08,0.000000,0.000000,1961.81
31.83,102669.73,42.79,-111.36,9.71,-0.04,1.39,-0.014,-0.062,-0.017,0.77,-8.35,-0.18,0.000000,0.000000,1962.35
31.84,102668.61,42.79,-111.27,9.74,-0.03,1.41,-0.013,-0.061,-0.016,0.27,-7.39,-0.18,0.000000,0.000000,1962.89
31.83,102668.64,42.80,-111.27,9.72,-0.02,1.40,-0.014,-0.061,-0.017,0.77,-8.35,-0.18,0.000000,0.000000,1963.43
31.87,102673.51,42.79,-111.67,9.74,-0.05,1.38,-0.014,-0.060,-0.017,0.77,-7.87,-0.63,0.000000,0.000000,1963.97
31.83,102665.55,42.79,-111.02,9.73,-0.04,1.38,-0.014,-0.061,-0.016,0.27,-7.87,-2.89,0.000000,0.000000,1964.51
31.88,102671.39,42.80,-111.50,9.72,-0.03,1.41,-0.013,-0.061,-0.017,0.27,-9.30,-2.89,0.000000,0.000000,1965.05
31.84,102665.31,42.78,-111.00,9.73,-0.02,1.39,-0.013,-0.061,-0.017,0.27,-8.35,-2.89,0.000000,0.000000,1965.59
31.86,102668.98,42.77,-111.30,9.73,-0.03,1.42,-0.013,-0.061,-0.016,-0.23,-8.35,-1.99,0.000000,0.000000,1966.13
31.85,102669.09,42.78,-111.31,9.73,-0.03,1.42,-0.014,-0.062,-0.017,-0.23,-8.35,-1.54,0.000000,0.000000,1966.67
31.89,102674.72,42.77,-111.77,9.74,-0.02,1.38,-0.013,-0.060,-0.017,0.27,-8.82,-1.08,0.000000,0.000000,1967.21
31.86,102668.81,42.76,-111.29,9.74,-0.04,1.40,-0.014,-0.061,-0.017,0.77,-8.35,-0.63,0.000000,0.000000,1967.75
31.89,102674.45,42.77,-111.75,9.77,-0.03,1.40,-0.013,-0.060,-0.016,0.77,-7.39,0.28,0.000000,0.000000,1968.29
31.87,102670.09,42.76,-111.39,9.76,-0.03,1.36,-0.013,-0.060,-0.017,0.27,-7.39,-0.18,0.000000,0.000000,1968.83
31.87,102670.33,42.75,-111.41,9.73,-0.02,1.39,-0.013,-0.060,-0.014,1.27,-7.87,0.28,0.000000,0.000000,1969.37
31.87,102672.11,42.76,-111.56,9.74,-0.05,1.39,-0.014,-0.061,-0.017,-0.23,-7.87,-4.25,0.000000,0.000000,1969.91
31.87,102670.77,42.78,-111.45,9.76,-0.03,1.41,-0.013,-0.062,-0.016,0.27,-8.35,-1.54,0.000000,0.000000,1970.45
31.90,102676.81,42.75,-111.94,9.74,-0.04,1.40,-0.015,-0.060,-0.017,0.77,-9.78,-0.63,0.000000,0.000000,1970.99
31.87,102673.65,42.76,-111.38,9.73,-0.04,1.41,-0.014,-0.060,-0.016,0.27,-8.35,-1.54,0.000000,0.000000,1971.53
31.91,102673.38,42.74,-111.66,9.76,-0.04,1.39,-0.013,-0.059,-0.016,0.27,-8.35,-1.99,0.000000,0.000000,1972.07
31.88,102671.05,42.75,-111.47,9.69,-0.03,1.42,-0.014,-0.061,-0.017,-0.74,-8.35,-1.08,0.000000,0.000000,1972.61
31.90,102670.95,42.73,-111.46,9.73,-0.02,1.39,-0.013,-0.060,-0.017,-0.23,-7.87,-0.18,0.000000,0.000000,1973.15
31.87,102664.81,42.73,-110.96,9.69,-0.03,1.42,-0.013,-0.061,-0.017,0.27,-7.87,-1.08,0.000000,0.000000,1973.69
31.91,102671.36,42.74,-111.50,9.74,-0.04,1.41,-0.014,-0.061,-0.017,0.77,-7.39,-0.63,0.000000,0.000000,1974.23
31.87,102665.02,42.73,-110.97,9.73,-0.03,1.37,-0.014,-0.062,-0.017,0.27,-7.87,-0.63,0.000000,0.000000,1974.77
31.88,102666.63,42.74,-111.11,9.74,-0.04,1.43,-0.013,-0.060,-0.017,1.27,-7.39,-0.63,0.000000,0.000000,1975.31
31.88,102666.94,42.72,-111.13,9.71,-0.02,1.40,-0.014,-0.060,-0.016,0.27,-8.35,-2.89,0.000000,0.000000,1975.85
31.87,102665.16,42.72,-110.99,9.74,-0.03,1.39,-0.014,-0.060,-0.017,0.77,-7.87,-1.54,0.000000,0.000000,1976.39
31.92,102669.79,42.73,-111.37,9.74,-0.03,1.42,-0.014,-0.060,-0.017,0.77,-8.82,-2.44,0.000000,0.000000,1976.93
31.89,102667.97,42.71,-111.22,9.72,-0.01,1.39,-0.015,-0.060,-0.017,0.77,-9.78,-2.89,0.000000,0.000000,1977.47
31.92,102669.52,42.69,-111.34,9.74,-0.05,1.39,-0.014,-0.059,-0.017,-1.24,-8.82,-1.54,0.000000,0.000000,1978.01
31.89,102663.86,42.70,-110.88,9.73,-0.03,1.41,-0.014,-0.060,-0.018,0.27,-8.82,-1.08,0.000000,0.000000,1978.56
31.92,102668.77,42.71,-111.28,9.74,-0.03,1.38,-0.014,-0.061,-0.018,1.78,-7.87,-0.63,0.000000,0.000000,1979.10
31.89,102665.98,42.70,-111.05,9.73,-0.01,1.38,-0.015,-0.061,-0.017,1.27,-7.87,-2.44,0.000000,0.000000,1979.65
31.92,102671.02,42.69,-111.47,9.74,-0.02,1.44,-0.013,-0.061,-0.017,0.27,-8.35,-1.99,0.000000,0.000000,1980.18
31.90,102665.78,42.70,-111.04,9.74,-0.03,1.39,-0.014,-0.060,-0.017,0.77,-10.25,-1.99,0.000000,0.000000,1980.73
31.93,102670.98,42.68,-111.46,9.73,-0.03,1.38,-0.014,-0.061,-0.016,0.27,-8.82,-1.08,0.000000,0.000000,1981.27
31.89,102664.85,42.69,-110.96,9.73,-0.06,1.41,-0.014,-0.060,-0.017,-0.74,-8.82,-1.54,0.000000,0.000000,1981.81
31.89,102663.82,42.68,-110.87,9.73,-0.02,1.41,-0.014,-0.062,-0.017,0.27,-7.87,-1.54,0.000000,0.000000,1982.34
31.89,102662.31,42.68,-110.75,9.74,-0.03,1.41,-0.013,-0.061,-0.016,-0.23,-8.82,-0.63,0.000000,0.000000,1982.89
31.89,102663.58,42.68,-110.85,9.75,-0.03,1.41,-0.014,-0.060,-0.018,1.27,-8.35,-1.08,0.000000,0.000000,1983.43
31.91,102666.64,42.67,-111.11,9.73,-0.03,1.40,-0.014,-0.061,-0.017,1.78,-8.35,-0.63,0.000000,0.000000,1983.97
31.89,102662.38,42.69,-110.76,9.73,-0.05,1.40,-0.013,-0.061,-0.017,1.27,-7.39,-1.54,0.000000,0.000000,1984.51
31.93,102670.03,42.66,-111.39,9.72,-0.03,1.42,-0.013,-0.061,-0.017,1.27,-7.87,-0.63,0.000000,0.000000,1985.05
31.90,102664.58,42.65,-110.94,9.74,-0.03,1.38,-0.013,-0.061,-0.017,0.27,-7.87,-3.35,0.000000,0.000000,1985.59
31.92,102667.35,42.66,-111.32,9.71,-0.03,1.40,-0.014,-0.059,-0.017,0.77,-7.87,-2.89,0.000000,0.000000,1986.13
31.89,102663.00,42.65,-110.81,9.73,-0.02,1.39,-0.014,-0.060,-0.017,-0.23,-8.82,-1.54,0.000000,0.000000,1986.67
31.92,102667.02,42.65,-111.14,9.77,-0.02,1.41,-0.013,-0.061,-0.017,0.27,-10.73,-1.54,0.000000,0.000000,1987.21
31.89,102661.91,42.66,-110.72,9.75,-0.04,1.42,-0.014,-0.061,-0.017,0.27,-8.82,-1.99,0.000000,0.000000,1987.75
31.88,102661.87,42.68,-110.71,9.74,-0.03,1.43,-0.014,-0.061,-0.017,0.27,-8.82,-1.99,0.000000,0.000000,1988.29
31.83,102652.61,42.64,-109.95,9.73,-0.04,1.40,-0.015,-0.060,-0.017,-0.23,-8.35,-1.08,0.000000,0.000000,1988.83
31.86,102655.02,42.63,-110.15,9.75,-0.02,1.40,-0.014,-0.061,-0.016,-0.23,-7.87,-0.18,0.000000,0.000000,1989.37
31.90,102664.13,42.62,-110.90,9.75,-0.03,1.40,-0.015,-0.060,-0.017,1.78,-7.39,-0.63,0.000000,0.000000,1989.91
31.89,102659.64,42.66,-110.53,9.74,-0.03,1.43,-0.014,-0.059,-0.017,1.27,-7.87,-0.18,0.000000,0.000000,1990.45
31.75,102635.33,42.62,-108.53,9.75,-0.05,1.38,-0.013,-0.060,-0.017,0.27,-7.87,-0.18,0.000000,0.000000,1990.99
31.83,102648.36,42.62,-109.60,9.74,-0.03,1.36,-0.014,-0.061,-0.018,0.77,-8.35,-2.89,0.000000,0.000000,1991.53
31.89,102657.80,42.61,-110.38,9.73,-0.04,1.37,-0.014,-0.062,-0.017,0.77,-8.82,-0.63,0.000000,0.000000,1992.07
31.84,102652.30,42.61,-109.93,9.73,-0.03,1.41,-0.014,-0.062,-0.017,0.77,-9.78,-2.44,0.000000,0.000000,1992.61
31.89,102659.54,42.61,-110.52,9.75,-0.03,1.38,-0.014,-0.060,-0.017,0.27,-8.35,-2.89,0.000000,0.000000,1993.15
31.85,102654.36,42.63,-110.09,9.73,-0.02,1.41,-0.013,-0.060,-0.017,0.77,-9.30,-0.63,0.000000,0.000000,1993.69
31.91,102663.63,42.60,-110.86,9.73,-0.04,1.40,-0.014,-0.060,-0.017,-0.23,-8.35,-1.08,0.000000,0.000000,1994.23
31.88,102656.11,42.61,-110.24,9.73,-0.03,1.40,-0.013,-0.061,-0.017,-0.23,-8.35,-1.54,0.000000,0.000000,1994.77
31.90,102655.84,42.60,-110.22,9.75,-0.03,1.35,-0.014,-0.060,-0.016,0.27,-7.87,-1.08,0.000000,0.000000,1995.31
31.83,102648.53,42.60,-109.61,9.74,-0.02,1.40,-0.014,-0.060,-0.016,0.77,-8.35,-0.18,0.000000,0.000000,1995.85
31.87,102653.27,42.58,-110.00,9.75,-0.03,1.39,-0.012,-0.060,-0.017,0.27,-7.87,-0.18,0.000000,0.000000,1996.39
31.96,102666.84,42.58,-111.12,9.75,-0.02,1.40,-0.014,-0.060,-0.016,0.27,-8.35,-1.08,0.000000,0.000000,1996.93
31.92,102662.97,42.58,-110.80,9.74,-0.02,1.40,-0.014,-0.061,-0.018,0.77,-7.39,-1.54,0.000000,0.000000,1997.47
31.94,102666.44,42.57,-111.09,9.74,-0.03,1.39,-0.013,-0.061,-0.016,0.77,-7.87,-3.35,0.000000,0.000000,1998.01
31.92,102660.84,42.57,-110.63,9.74,-0.02,1.39,-0.014,-0.060,-0.016,0.77,-10.25,-1.54,0.000000,0.000000,1998.55
31.97,102669.14,42.57,-111.31,9.72,-0.02,1.40,-0.013,-0.061,-0.018,0.27,-8.35,-1.08,0.000000,0.000000,1999.09
31.92,102659.92,42.56,-110.55,9.74,-0.03,1.41,-0.014,-0.062,-0.016,0.27,-8.35,-1.54,0.000000,0.000000,1999.63
31.95,102662.36,42.56,-110.75,9.73,-0.05,1.41,-0.012,-0.060,-0.017,1.27,-9.78,-1.54,0.000000,0.000000,2000.17
31.92,102660.06,42.55,-110.56,9.73,-0.03,1.39,-0.013,-0.060,-0.017,-0.23,-8.35,-0.63,0.000000,0.000000,2000.71
31.91,102658.66,42.55,-110.45,9.75,-0.03,1.37,-0.014,-0.061,-0.017,0.27,-8.82,-0.63,0.000000,0.000000,2001.25
31.87,102650.11,42.54,-109.75,9.72,-0.02,1.40,-0.015,-0.061,-0.017,0.77,-7.87,-0.63,0.000000,0.000000,2001.79
31.92,102657.77,42.54,-110.38,9.74,-0.04,1.40,-0.015,-0.062,-0.017,1.27,-7.39,-0.63,0.000000,0.000000,2002.33
31.91,102656.94,42.56,-110.31,9.73,-0.01,1.40,-0.013,-0.062,-0.016,1.27,-7.87,-1.08,0.000000,0.000000,2002.87
31.92,102656.42,42.55,-110.26,9.74,-0.04,1.37,-0.015,-0.061,-0.017,0.77,-7.39,0.28,0.000000,0.000000,2003.41
31.92,102658.34,42.55,-110.42,9.75,-0.05,1.40,-0.013,-0.061,-0.016,0.27,-7.87,-2.89,0.000000,0.000000,2003.95
31.92,102657.35,42.55,-110.34,9.74,-0.03,1.38,-0.013,-0.060,-0.017,1.27,-9.30,-1.99,0.000000,0.000000,2004.49
31.96,102662.56,42.55,-110.77,9.75,-0.03,1.41,-0.014,-0.061,-0.017,0.77,-8.82,-1.99,0.000000,0.000000,2005.03
31.92,102657.48,42.54,-110.35,9.75,-0.03,1.39,-0.014,-0.061,-0.017,0.77,-8.35,-1.54,0.000000,0.000000,2005.57
31.96,102664.20,42.52,-110.91,9.75,-0.05,1.39,-0.014,-0.060,-0.017,0.27,-9.30,-1.54,0.000000,0.000000,2006.11
31.92,102655.19,42.54,-110.16,9.74,-0.03,1.39,-0.014,-0.061,-0.015,0.27,-8.82,-1.08,0.000000,0.000000,2006.65
31.94,102659.27,42.52,-110.50,9.73,-0.02,1.42,-0.014,-0.061,-0.017,-0.23,-8.35,-0.63,0.000000,0.000000,2007.19
31.93,102656.70,42.52,-110.29,9.72,-0.04,1.39,-0.015,-0.060,-0.017,-0.23,-8.35,-1.99,0.000000,0.000000,2007.73
31.96,102661.98,42.55,-110.84,9.74,-0.04,1.39,-0.014,-0.060,-0.017,0.77,-9.78,-1.08,0.000000,0.000000,2008.27
31.93,102659.00,42.51,-110.48,9.76,-0.02,1.40,-0.014,-0.061,-0.017,0.27,-8.35,-1.08,0.000000,0.000000,2008.81
31.94,102654.98,42.54,-110.38,9.74,-0.05,1.38,-0.014,-0.060,-0.018,0.27,-7.87,-0.63,0.000000,0.000000,2009.35
31.92,102656.29,42.52,-110.25,9.73,-0.04,1.40,-0.013,-0.061,-0.017,0.77,-7.87,-0.18,0.000000,0.000000,2009.89
31.94,102657.39,42.51,-110.34,9.73,-0.03,1.40,-0.015,-0.060,-0.016,0.77,-7.87,-0.63,0.000000,0.000000,2010.43
31.92,102656.80,42.51,-110.30,9.73,-0.02,1.39,-0.014,-0.061,-0.017,0.77,-7.39,-1.54,0.000000,0.000000,2010.97
31.94,102658.17,42.50,-110.41,9.74,-0.02,1.40,-0.014,-0.060,-0.017,1.27,-8.35,-1.99,0.000000,0.000000,2011.51
31.97,102664.93,42.51,-110.97,9.73,-0.04,1.39,-0.014,-0.061,-0.016,-0.23,-8.35,-1.54,0.000000,0.000000,2012.05
31.95,102657.05,42.52,-110.32,9.73,-0.03,1.38,-0.014,-0.060,-0.017,0.27,-7.87,-1.54,0.000000,0.000000,2012.59
31.98,102664.42,42.50,-110.92,9.73,-0.03,1.38,-0.014,-0.060,-0.018,-0.23,-7.87,-2.44,0.000000,0.000000,2013.13
31.96,102658.05,42.52,-110.40,9.75,-0.03,1.37,-0.014,-0.062,-0.016,0.77,-8.82,-1.99,0.000000,0.000000,2013.67
32.00,102665.17,42.49,-110.99,9.74,-0.02,1.38,-0.013,-0.061,-0.017,0.27,-8.82,-1.54,0.000000,0.000000,2014.21
31.97,102662.47,42.51,-110.76,9.72,-0.04,1.40,-0.015,-0.060,-0.017,0.27,-8.82,-1.08,0.000000,0.000000,2014.75
32.00,102665.66,42.52,-111.03,9.73,-0.02,1.41,-0.014,-0.060,-0.016,0.27,-8.35,-1.08,0.000000,0.000000,2015.29
31.96,102658.90,42.49,-110.47,9.73,-0.05,1.37,-0.014,-0.060,-0.018,0.27,-8.82,-0.18,0.000000,0.000000,2015.83
31.98,102662.39,42.48,-110.76,9.75,-0.02,1.37,-0.013,-0.060,-0.015,0.77,-6.92,-1.08,0.000000,0.000000,2016.37
31.98,102661.16,42.47,-110.66,9.74,-0.02,1.42,-0.014,-0.061,-0.017,1.78,-7.87,-0.63,0.000000,0.000000,2016.91
31.98,102663.08,42.47,-110.81,9.71,-0.04,1.37,-0.014,-0.061,-0.017,0.27,-7.39,-3.80,0.000000,0.000000,2017.45
32.02,102670.11,42.49,-111.39,9.76,-0.03,1.40,-0.014,-0.062,-0.017,0.77,-8.82,-3.35,0.000000,0.000000,2017.99
31.98,102661.23,42.47,-110.66,9.75,-0.02,1.41,-0.013,-0.062,-0.017,0.27,-7.87,-1.54,0.000000,0.000000,2018.53
32.02,102666.69,42.47,-111.11,9.73,-0.05,1.40,-0.014,-0.061,-0.017,-0.23,-8.82,-1.54,0.000000,0.000000,2019.08
31.99,102662.74,42.50,-110.79,9.73,-0.05,1.39,-0.014,-0.060,-0.017,0.77,-8.35,-0.63,0.000000,0.000000,2019.62
32.02,102668.30,42.46,-111.24,9.75,-0.05,1.40,-0.015,-0.060,-0.018,0.27,-8.82,-3.80,0.000000,0.000000,2020.16
31.99,102659.08,42.46,-110.48,9.75,-0.03,1.41,-0.015,-0.061,-0.018,0.77,-7.87,-2.44,0.000000,0.000000,2020.70
32.02,102666.41,42.46,-111.09,9.74,-0.03,1.37,-0.014,-0.061,-0.016,0.27,-7.87,-1.54,0.000000,0.000000,2021.24
31.99,102661.95,42.45,-110.72,9.74,-0.01,1.40,-0.013,-0.061,-0.017,0.27,-8.35,-2.44,0.000000,0.000000,2021.78
31.99,102663.05,42.45,-110.81,9.74,-0.02,1.39,-0.014,-0.060,-0.016,0.27,-7.87,-1.54,0.000000,0.000000,2022.32
31.98,102663.63,42.45,-110.86,9.72,-0.02,1.38,-0.013,-0.060,-0.017,-0.23,-7.87,-1.08,0.000000,0.000000,2022.86
31.98,102658.84,42.44,-110.46,9.73,-0.04,1.40,-0.014,-0.061,-0.015,0.77,-8.82,-0.63,0.000000,0.000000,2023.40
31.91,102647.63,42.45,-109.54,9.75,-0.02,1.43,-0.013,-0.062,-0.017,0.27,-8.35,-1.99,0.000000,0.000000,2023.94
32.03,102665.18,42.44,-110.99,9.74,-0.04,1.40,-0.014,-0.062,-0.017,-0.23,-7.39,-1.08,0.000000,0.000000,2024.48
32.05,102670.49,42.45,-111.42,9.73,-0.03,1.39,-0.013,-0.061,-0.016,0.27,-8.35,-1.54,0.000000,0.000000,2025.02
32.03,102664.84,42.44,-110.96,9.74,-0.01,1.40,-0.014,-0.060,-0.017,0.77,-8.35,-0.18,0.000000,0.000000,2025.56
32.06,102670.05,42.42,-111.39,9.74,-0.04,1.40,-0.014,-0.061,-0.017,0.77,-7.87,-0.63,0.000000,0.000000,2026.10
32.02,102663.67,42.44,-110.86,9.73,-0.03,1.42,-0.013,-0.059,-0.016,0.77,-8.35,-2.44,0.000000,0.000000,2026.64
32.06,102666.11,42.45,-111.06,9.75,-0.00,1.38,-0.014,-0.060,-0.017,0.27,-8.35,-1.99,0.000000,0.000000,2027.18
32.02,102662.98,42.46,-110.81,9.74,-0.03,1.38,-0.014,-0.060,-0.017,0.27,-7.39,-1.54,0.000000,0.000000,2027.72
32.03,102664.73,42.41,-110.95,9.75,-0.03,1.41,-0.014,-0.061,-0.017,0.27,-9.30,-3.80,0.000000,0.000000,2028.26
32.02,102662.98,42.41,-110.81,9.73,-0.05,1.37,-0.013,-0.060,-0.016,0.27,-8.82,-1.08,0.000000,0.000000,2028.80
32.02,102666.41,42.43,-111.09,9.74,-0.04,1.37,-0.014,-0.062,-0.017,0.77,-8.82,-0.63,0.000000,0.000000,2029.34
32.03,102665.87,42.41,-111.04,9.74,-0.04,1.40,-0.013,-0.060,-0.017,-0.23,-7.87,-1.08,0.000000,0.000000,2029.88
32.03,102664.39,42.41,-110.92,9.74,-0.02,1.40,-0.014,-0.060,-0.017,1.27,-8.35,-1.08,0.000000,0.000000,2030.42
32.06,102669.19,42.41,-111.32,9.73,-0.02,1.39,-0.014,-0.061,-0.017,0.77,-8.35,-1.08,0.000000,0.000000,2030.96
32.03,102663.88,42.41,-110.88,9.74,-0.03,1.41,-0.013,-0.061,-0.017,1.27,-7.87,-1.08,0.000000,0.000000,2031.50
32.06,102667.72,42.40,-111.20,9.73,-0.02,1.38,-0.015,-0.060,-0.018,1.27,-7.87,-0.63,0.000000,0.000000,2032.04
32.03,102663.43,42.39,-110.84,9.75,-0.03,1.39,-0.013,-0.060,-0.016,0.77,-7.87,-0.63,0.000000,0.000000,2032.58
32.07,102670.08,42.39,-111.39,9.74,-0.03,1.42,-0.014,-0.062,-0.017,0.77,-7.39,-1.08,0.000000,0.000000,2033.12
32.03,102661.55,42.40,-110.69,9.73,-0.02,1.39,-0.015,-0.062,-0.017,0.27,-7.87,-2.44,0.000000,0.000000,2033.66
32.07,102667.95,42.39,-111.21,9.74,-0.04,1.41,-0.014,-0.060,-0.017,-0.23,-7.87,-1.08,0.000000,0.000000,2034.21
32.03,102662.23,42.39,-110.74,9.74,-0.04,1.40,-0.014,-0.060,-0.018,0.27,-8.35,-2.44,0.000000,0.000000,2034.74
32.07,102668.44,42.39,-111.25,9.75,-0.02,1.40,-0.014,-0.061,-0.017,1.27,-8.82,-2.44,0.000000,0.000000,2035.28
32.04,102664.26,42.38,-110.91,9.72,-0.02,1.41,-0.013,-0.060,-0.017,-0.23,-8.35,-1.99,0.000000,0.000000,2035.83
32.04,102660.90,42.38,-110.63,9.74,-0.04,1.38,-0.014,-0.061,-0.017,-0.23,-8.82,-1.08,0.000000,0.000000,2036.36
32.06,102664.80,42.38,-110.96,9.74,-0.00,1.39,-0.015,-0.061,-0.017,0.77,-7.87,-0.63,0.000000,0.000000,2036.90
31.99,102653.28,42.36,-110.01,9.75,-0.04,1.39,-0.014,-0.060,-0.017,0.77,-7.87,-1.08,0.000000,0.000000,2037.45
32.06,102663.78,42.37,-110.87,9.74,-0.02,1.42,-0.013,-0.060,-0.016,0.77,-8.35,-0.63,0.000000,0.000000,2037.99
32.02,102657.61,42.36,-110.36,9.73,-0.03,1.40,-0.014,-0.061,-0.017,0.27,-7.39,-0.63,0.000000,0.000000,2038.53
32.08,102666.66,42.36,-111.11,9.73,-0.03,1.38,-0.013,-0.061,-0.017,0.77,-7.87,-1.08,0.000000,0.000000,2039.07
32.03,102658.91,42.38,-110.47,9.72,-0.03,1.41,-0.014,-0.061,-0.016,0.77,-8.35,-2.89,0.000000,0.000000,2039.61
32.09,102668.41,42.35,-111.25,9.74,-0.03,1.40,-0.014,-0.060,-0.017,0.77,-7.87,-2.89,0.000000,0.000000,2040.15
32.05,102660.42,42.36,-110.60,9.72,-0.04,1.39,-0.014,-0.061,-0.017,0.27,-9.30,-2.44,0.000000,0.000000,2040.69
32.06,102662.41,42.37,-110.76,9.72,-0.03,1.38,-0.014,-0.060,-0.016,0.77,-8.35,-2.44,0.000000,0.000000,2041.23
32.03,102657.54,42.34,-110.36,9.74,-0.03,1.41,-0.014,-0.061,-0.017,0.27,-8.82,-1.99,0.000000,0.000000,2041.77
31.99,102649.31,42.35,-109.68,9.74,-0.04,1.42,-0.014,-0.061,-0.017,-0.23,-8.35,-1.99,0.000000,0.000000,2042.31
32.01,102654.31,42.34,-110.09,9.74,-0.04,1.37,-0.013,-0.060,-0.017,0.27,-8.35,-1.54,0.000000,0.000000,2042.85
32.02,102656.23,42.36,-110.25,9.74,-0.04,1.38,-0.013,-0.060,-0.017,0.77,-8.35,-1.08,0.000000,0.000000,2043.39
32.03,102655.31,42.33,-110.17,9.73,-0.03,1.41,-0.015,-0.060,-0.017,0.27,-8.35,-0.63,0.000000,0.000000,2043.93
32.05,102660.32,42.33,-110.59,9.73,-0.04,1.41,-0.015,-0.062,-0.017,0.77,-6.92,-0.63,0.000000,0.000000,2044.47
32.08,102661.89,42.34,-110.72,9.74,-0.04,1.43,-0.013,-0.061,-0.017,0.77,-6.92,-0.63,0.000000,0.000000,2045.01
32.07,102662.44,42.32,-110.76,9.73,-0.02,1.37,-0.014,-0.061,-0.017,0.77,-8.35,-0.63,0.000000,0.000000,2045.55
32.10,102668.17,42.32,-111.23,9.74,-0.04,1.41,-0.013,-0.062,-0.017,0.77,-6.92,-0.18,0.000000,0.000000,2046.09
32.04,102659.02,42.32,-110.48,9.75,-0.05,1.37,-0.015,-0.061,-0.017,0.27,-8.35,-1.99,0.000000,0.000000,2046.63
32.10,102665.09,42.30,-110.94,9.75,-0.03,1.41,-0.013,-0.061,-0.017,0.77,-7.87,-2.44,0.000000,0.000000,2047.17
32.06,102660.35,42.30,-110.59,9.75,-0.03,1.41,-0.014,-0.060,-0.018,0.27,-9.30,-2.44,0.000000,0.000000,2047.71
32.10,102661.00,42.33,-111.01,9.73,-0.04,1.39,-0.014,-0.062,-0.017,0.27,-9.30,-1.54,0.000000,0.000000,2048.25
32.06,102661.55,42.31,-110.69,9.75,-0.04,1.39,-0.014,-0.062,-0.016,0.27,-8.82,-1.54,0.000000,0.000000,2048.79
32.08,102665.02,42.31,-110.97,9.75,-0.04,1.41,-0.014,-0.060,-0.017,-0.23,-9.30,-1.54,0.000000,0.000000,2049.33
32.07,102662.10,42.30,-110.73,9.73,-0.03,1.38,-0.015,-0.060,-0.017,0.27,-8.35,-1.99,0.000000,0.000000,2049.87
32.08,102661.03,42.32,-110.64,9.74,-0.03,1.41,-0.014,-0.061,-0.017,0.27,-7.87,-1.08,0.000000,0.000000,2050.41
32.10,102666.25,42.30,-111.07,9.74,-0.04,1.41,-0.013,-0.061,-0.017,0.77,-7.87,-1.54,0.000000,0.000000,2050.95
32.08,102662.89,42.30,-110.80,9.75,-0.03,1.41,-0.014,-0.061,-0.017,0.27,-9.30,-1.08,0.000000,0.000000,2051.49
32.12,102666.12,42.29,-111.06,9.75,-0.04,1.39,-0.014,-0.061,-0.016,0.27,-7.87,-0.63,0.000000,0.000000,2052.03
32.10,102660.80,42.28,-110.62,9.72,-0.03,1.40,-0.013,-0.061,-0.017,0.77,-8.35,-0.18,0.000000,0.000000,2052.57
32.12,102668.52,42.27,-111.26,9.74,-0.04,1.41,-0.014,-0.061,-0.017,0.27,-7.87,-2.44,0.000000,0.000000,2053.11
32.08,102659.98,42.27,-110.56,9.74,-0.01,1.41,-0.015,-0.060,-0.016,0.27,-8.35,-3.35,0.000000,0.000000,2053.65
32.12,102667.90,42.27,-111.21,9.75,-0.04,1.41,-0.014,-0.061,-0.016,0.77,-8.35,-0.63,0.000000,0.000000,2054.19
32.08,102662.41,42.28,-110.76,9.75,-0.03,1.37,-0.014,-0.060,-0.017,0.77,-8.82,-1.99,0.000000,0.000000,2054.73
32.12,102667.45,42.27,-111.17,9.75,-0.05,1.39,-0.014,-0.061,-0.017,0.77,-8.82,-2.44,0.000000,0.000000,2055.27
32.10,102664.37,42.27,-110.92,9.73,-0.03,1.39,-0.014,-0.060,-0.016,0.27,-8.82,-1.54,0.000000,0.000000,2055.81
32.10,102664.40,42.26,-110.92,9.73,-0.02,1.41,-0.014,-0.062,-0.017,-0.23,-8.82,-1.08,0.000000,0.000000,2056.35
32.12,102665.50,42.26,-111.01,9.74,-0.03,1.39,-0.014,-0.061,-0.017,0.27,-8.35,-1.99,0.000000,0.000000,2056.89
32.11,102663.06,42.26,-110.81,9.74,-0.02,1.40,-0.014,-0.062,-0.016,0.27,-8.35,-0.63,0.000000,0.000000,2057.43
32.12,102665.91,42.25,-111.05,9.74,-0.03,1.39,-0.015,-0.061,-0.016,-0.23,-7.87,-1.08,0.000000,0.000000,2057.97
32.05,102652.27,42.25,-109.92,9.75,-0.04,1.40,-0.015,-0.062,-0.018,0.77,-7.39,-1.08,0.000000,0.000000,2058.51
32.14,102666.50,42.25,-111.10,9.75,-0.01,1.39,-0.015,-0.061,-0.016,1.27,-8.35,-0.63,0.000000,0.000000,2059.05
32.09,102658.30,42.25,-110.42,9.73,-0.04,1.39,-0.014,-0.061,-0.017,-0.74,-7.39,-1.99,0.000000,0.000000,2059.59
32.14,102669.38,42.25,-111.33,9.75,-0.03,1.38,-0.015,-0.061,-0.016,0.27,-7.39,-3.35,0.000000,0.000000,2060.13
32.11,102656.83,42.24,-110.30,9.74,-0.04,1.40,-0.014,-0.060,-0.017,0.27,-7.87,-0.63,0.000000,0.000000,2060.67
32.12,102663.52,42.24,-110.85,9.73,-0.04,1.39,-0.014,-0.061,-0.017,0.77,-7.87,-1.99,0.000000,0.000000,2061.21
32.11,102661.17,42.23,-110.66,9.75,-0.02,1.38,-0.014,-0.060,-0.016,0.27,-9.30,-1.99,0.000000,0.000000,2061.75
32.13,102665.67,42.23,-111.03,9.73,-0.02,1.40,-0.014,-0.062,-0.017,0.77,-9.78,-1.99,0.000000,0.000000,2062.29
32.05,102653.02,42.23,-109.98,9.72,-0.03,1.38,-0.014,-0.060,-0.017,-0.23,-8.35,-1.99,0.000000,0.000000,2062.83
32.13,102665.09,42.23,-110.98,9.72,-0.01,1.37,-0.014,-0.061,-0.018,0.77,-9.78,-1.54,0.000000,0.000000,2063.37
32.11,102658.30,42.21,-110.42,9.74,-0.03,1.37,-0.013,-0.061,-0.016,0.27,-8.82,-1.54,0.000000,0.000000,2063.91
32.11,102660.87,42.21,-110.63,9.74,-0.02,1.39,-0.014,-0.061,-0.016,0.77,-8.82,-1.08,0.000000,0.000000,2064.45
32.15,102665.67,42.21,-111.03,9.75,-0.02,1.39,-0.014,-0.060,-0.016,1.27,-7.87,-1.08,0.000000,0.000000,2064.99
32.09,102656.86,42.20,-110.30,9.74,-0.03,1.40,-0.014,-0.060,-0.017,0.77,-7.87,-1.08,0.000000,0.000000,2065.53
32.14,102664.67,42.21,-110.94,9.73,-0.02,1.40,-0.015,-0.061,-0.017,0.27,-7.87,-0.18,0.000000,0.000000,2066.07
32.10,102657.38,42.20,-110.34,9.73,-0.02,1.38,-0.013,-0.060,-0.018,0.77,-7.39,-0.63,0.000000,0.000000,2066.61
32.13,102662.59,42.19,-110.77,9.73,-0.03,1.40,-0.013,-0.061,-0.017,0.27,-8.35,-4.25,0.000000,0.000000,2067.15
32.09,102654.49,42.19,-110.11,9.74,-0.03,1.40,-0.013,-0.061,-0.018,0.77,-8.35,-1.08,0.000000,0.000000,2067.70
32.10,102655.05,42.20,-110.15,9.75,-0.02,1.41,-0.014,-0.061,-0.017,-0.23,-8.82,-1.54,0.000000,0.000000,2068.24
32.29,102685.05,42.20,-112.62,9.73,-0.03,1.38,-0.013,-0.061,-0.016,0.77,-8.82,-2.44,0.000000,0.000000,2068.77
32.31,102686.91,42.16,-112.78,9.74,-0.03,1.39,-0.014,-0.061,-0.017,0.27,-9.30,-1.54,0.000000,0.000000,2069.31
32.32,102691.91,42.19,-113.19,9.74,-0.05,1.38,-0.013,-0.062,-0.017,0.27,-9.30,-2.44,0.000000,0.000000,2069.85
32.32,102690.19,42.17,-113.05,9.75,-0.05,1.42,-0.014,-0.061,-0.016,-0.23,-8.82,-1.54,0.000000,0.000000,2070.40
32.32,102693.59,42.18,-113.33,9.75,-0.05,1.38,-0.013,-0.061,-0.016,0.77,-8.35,-1.08,0.000000,0.000000,2070.94
32.31,102688.51,42.19,-112.91,9.74,-0.05,1.39,-0.014,-0.061,-0.017,0.77,-8.35,-0.63,0.000000,0.000000,2071.48
32.34,102691.19,42.18,-113.13,9.72,-0.03,1.39,-0.014,-0.061,-0.017,1.27,-7.87,-0.63,0.000000,0.000000,2072.02
32.33,102690.88,42.17,-113.10,9.74,-0.04,1.38,-0.015,-0.061,-0.016,0.77,-8.35,-0.63,0.000000,0.000000,2072.56
32.34,102693.73,42.17,-113.34,9.73,-0.02,1.39,-0.014,-0.061,-0.017,1.27,-8.35,-0.18,0.000000,0.000000,2073.10
32.34,102694.07,42.17,-113.37,9.73,-0.04,1.38,-0.014,-0.062,-0.016,0.77,-7.87,-0.63,0.000000,0.000000,2073.64
32.36,102695.72,42.16,-113.50,9.73,-0.02,1.39,-0.014,-0.061,-0.016,0.27,-8.35,-2.44,0.000000,0.000000,2074.18
32.35,102692.49,42.15,-113.24,9.74,-0.04,1.40,-0.014,-0.060,-0.017,0.77,-7.87,-4.71,0.000000,0.000000,2074.72
32.35,102694.61,42.15,-113.41,9.73,-0.03,1.39,-0.014,-0.061,-0.018,0.27,-8.82,-2.44,0.000000,0.000000,2075.26
32.34,102690.02,42.15,-113.03,9.73,-0.01,1.41,-0.014,-0.060,-0.017,0.27,-7.87,-0.63,0.000000,0.000000,2075.80
32.35,102692.25,42.16,-113.22,9.72,-0.02,1.38,-0.014,-0.060,-0.017,1.27,-7.87,-1.08,0.000000,0.000000,2076.34
32.35,102692.83,42.13,-113.26,9.72,-0.02,1.41,-0.014,-0.062,-0.017,1.27,-7.87,0.28,0.000000,0.000000,2076.88
32.35,102691.97,42.15,-113.19,9.73,-0.02,1.39,-0.013,-0.061,-0.017,-0.23,-7.87,-3.80,0.000000,0.000000,2077.42
32.36,102694.75,42.14,-113.42,9.74,-0.02,1.41,-0.013,-0.061,-0.016,0.77,-7.87,-1.54,0.000000,0.000000,2077.96
32.35,102691.56,42.13,-113.16,9.74,-0.04,1.40,-0.014,-0.061,-0.017,0.27,-8.35,-3.80,0.000000,0.000000,2078.50
32.36,102692.11,42.14,-113.20,9.73,-0.02,1.42,-0.014,-0.061,-0.017,0.77,-8.35,-1.99,0.000000,0.000000,2079.04
32.35,102694.10,42.13,-113.37,9.75,-0.03,1.37,-0.014,-0.062,-0.016,0.77,-7.87,-3.35,0.000000,0.000000,2079.58
32.37,102693.34,42.13,-113.31,9.74,-0.02,1.41,-0.014,-0.061,-0.016,0.77,-9.30,-0.63,0.000000,0.000000,2080.12
32.35,102691.63,42.12,-113.17,9.78,-0.04,1.37,-0.015,-0.061,-0.017,0.27,-8.35,-1.54,0.000000,0.000000,2080.66
32.35,102693.24,42.11,-113.30,9.74,-0.02,1.41,-0.013,-0.061,-0.017,0.27,-8.35,-1.08,0.000000,0.000000,2081.20
32.33,102690.09,42.11,-113.04,9.74,-0.03,1.39,-0.015,-0.061,-0.017,0.77,-8.35,-1.54,0.000000,0.000000,2081.74
32.35,102690.44,42.11,-113.07,9.74,-0.03,1.38,-0.014,-0.061,-0.017,0.27,-7.39,-0.63,0.000000,0.000000,2082.28
32.34,102688.41,42.11,-112.90,9.74,-0.03,1.40,-0.014,-0.061,-0.016,0.77,-7.87,-0.18,0.000000,0.000000,2082.82
32.35,102693.45,42.12,-113.32,9.76,-0.01,1.38,-0.014,-0.062,-0.017,1.27,-6.92,-0.63,0.000000,0.000000,2083.36
32.34,102690.13,42.13,-113.04,9.75,-0.04,1.41,-0.015,-0.060,-0.017,-0.23,-7.87,-0.63,0.000000,0.000000,2083.91
32.36,102690.73,42.13,-113.09,9.74,-0.03,1.38,-0.014,-0.061,-0.017,0.77,-7.87,-0.63,0.000000,0.000000,2084.45
32.38,102693.97,42.12,-113.40,9.75,-0.03,1.43,-0.013,-0.061,-0.017,0.77,-6.92,-0.18,0.000000,0.000000,2084.98
32.38,102690.57,42.09,-113.08,9.75,-0.03,1.41,-0.014,-0.061,-0.017,0.27,-8.35,-2.44,0.000000,0.000000,2085.52
32.39,102695.16,42.09,-113.46,9.74,-0.02,1.41,-0.014,-0.060,-0.017,0.27,-7.87,-3.35,0.000000,0.000000,2086.07
32.38,102692.25,42.09,-113.22,9.74,-0.02,1.40,-0.013,-0.060,-0.017,0.27,-8.35,-2.89,0.000000,0.000000,2086.61
32.39,102692.59,42.09,-113.24,9.72,-0.04,1.39,-0.014,-0.062,-0.017,0.27,-9.30,0.28,0.000000,0.000000,2087.14
32.39,102694.45,42.09,-113.40,9.75,-0.03,1.39,-0.014,-0.061,-0.017,0.27,-9.78,-1.54,0.000000,0.000000,2087.69
32.40,102698.31,42.08,-113.72,9.72,-0.03,1.42,-0.013,-0.062,-0.017,0.77,-8.82,-1.08,0.000000,0.000000,2088.22
32.39,102691.53,42.08,-113.16,9.75,-0.03,1.37,-0.013,-0.061,-0.017,-0.23,-8.82,-1.99,0.000000,0.000000,2088.77
32.39,102689.88,42.08,-113.02,9.74,-0.04,1.39,-0.013,-0.061,-0.018,0.27,-8.35,-1.08,0.000000,0.000000,2089.31
32.39,102694.06,42.08,-113.37,9.73,-0.04,1.40,-0.014,-0.061,-0.016,0.27,-7.87,-1.08,0.000000,0.000000,2089.85
32.39,102692.80,42.09,-113.26,9.73,-0.04,1.40,-0.015,-0.062,-0.017,0.77,-7.39,-0.63,0.000000,0.000000,2090.39
32.40,102692.48,42.07,-113.24,9.74,-0.03,1.39,-0.015,-0.061,-0.016,-0.23,-8.35,-1.08,0.000000,0.000000,2090.93
32.40,102692.77,42.07,-113.26,9.75,-0.01,1.40,-0.013,-0.061,-0.017,0.77,-7.87,-1.08,0.000000,0.000000,2091.47
32.41,102693.48,42.07,-113.32,9.73,-0.04,1.40,-0.014,-0.061,-0.017,1.78,-8.35,-0.18,0.000000,0.000000,2092.01
32.40,102692.94,42.05,-113.27,9.74,-0.03,1.38,-0.013,-0.062,-0.016,0.27,-7.39,-1.99,0.000000,0.000000,2092.55
32.41,102694.82,42.05,-113.43,9.74,-0.03,1.40,-0.014,-0.061,-0.017,1.27,-8.35,-3.35,0.000000,0.000000,2093.09
32.40,102693.27,42.07,-113.30,9.74,-0.03,1.41,-0.015,-0.061,-0.017,-0.23,-7.87,-1.99,0.000000,0.000000,2093.63
32.42,102693.59,42.04,-113.33,9.74,-0.02,1.42,-0.014,-0.062,-0.017,0.27,-8.82,-1.54,0.000000,0.000000,2094.17
32.40,102690.16,42.05,-113.04,9.77,-0.03,1.40,-0.014,-0.060,-0.017,0.77,-7.39,-2.89,0.000000,0.000000,2094.71
32.42,102694.34,42.04,-113.39,9.75,-0.02,1.42,-0.014,-0.061,-0.017,0.27,-8.35,-1.99,0.000000,0.000000,2095.25
32.41,102692.11,42.04,-113.20,9.74,-0.01,1.42,-0.014,-0.061,-0.017,-0.23,-9.30,-1.54,0.000000,0.000000,2095.79
32.41,102692.48,42.03,-113.24,9.74,-0.04,1.44,-0.014,-0.061,-0.017,-0.23,-8.82,-1.54,0.000000,0.000000,2096.33
32.41,102693.48,42.04,-113.32,9.73,-0.02,1.39,-0.014,-0.061,-0.017,0.77,-9.30,-1.08,0.000000,0.000000,2096.87
32.41,102690.56,42.03,-113.08,9.73,-0.02,1.38,-0.014,-0.061,-0.017,0.77,-8.35,-1.54,0.000000,0.000000,2097.41
32.42,102692.42,42.02,-113.23,9.74,-0.03,1.39,-0.014,-0.062,-0.017,0.27,-8.35,0.28,0.000000,0.000000,2097.95
32.41,102693.52,42.03,-113.32,9.74,-0.05,1.40,-0.014,-0.060,-0.017,0.27,-8.35,-1.08,0.000000,0.000000,2098.49
32.42,102692.94,42.03,-113.27,9.75,-0.02,1.39,-0.013,-0.060,-0.017,0.77,-6.92,-0.18,0.000000,0.000000,2099.03
32.41,102692.83,42.02,-113.26,9.75,-0.03,1.39,-0.014,-0.060,-0.017,0.27,-7.39,-0.18,0.000000,0.000000,2099.57
32.43,102696.50,42.02,-113.57,9.74,-0.04,1.40,-0.014,-0.060,-0.017,0.27,-7.39,-1.08,0.000000,0.000000,2100.11
32.42,102693.48,42.00,-113.32,9.74,-0.04,1.40,-0.015,-0.060,-0.018,0.27,-7.39,-1.08,0.000000,0.000000,2100.65
32.43,102694.00,42.02,-113.36,9.75,-0.05,1.40,-0.014,-0.060,-0.017,0.27,-7.87,-1.08,0.000000,0.000000,2101.19
32.42,102695.16,42.04,-113.43,9.77,-0.04,1.40,-0.014,-0.061,-0.017,-0.23,-8.35,-1.99,0.000000,0.000000,2101.73
32.44,102694.48,42.01,-113.40,9.75,-0.04,1.42,-0.014,-0.062,-0.017,0.27,-8.35,-1.54,0.000000,0.000000,2102.27
32.43,102692.48,42.03,-113.24,9.75,-0.05,1.40,-0.014,-0.061,-0.016,0.27,-6.44,-2.44,0.000000,0.000000,2102.81
32.43,102694.34,42.00,-113.39,9.74,-0.03,1.42,-0.014,-0.061,-0.017,0.77,-8.82,-1.08,0.000000,0.000000,2103.35
32.44,102694.17,42.01,-113.37,9.75,-0.03,1.40,-0.014,-0.062,-0.017,0.77,-8.82,-1.54,0.000000,0.000000,2103.89
32.43,102693.14,42.01,-113.29,9.73,-0.03,1.40,-0.014,-0.061,-0.017,0.27,-8.82,-1.08,0.000000,0.000000,2104.43
32.44,102693.66,42.00,-113.33,9.73,-0.04,1.39,-0.015,-0.061,-0.017,0.77,-8.82,-1.54,0.000000,0.000000,2104.97
32.43,102693.55,42.01,-113.32,9.73,-0.04,1.40,-0.015,-0.061,-0.017,0.27,-7.87,-1.08,0.000000,0.000000,2105.51
32.45,102696.91,41.99,-113.60,9.73,-0.02,1.39,-0.014,-0.061,-0.017,0.77,-7.87,-0.63,0.000000,0.000000,2106.05
32.44,102693.28,41.98,-113.30,9.74,-0.04,1.40,-0.014,-0.062,-0.018,-0.23,-7.87,-1.08,0.000000,0.000000,2106.59
32.45,102693.11,41.99,-113.29,9.72,-0.04,1.39,-0.014,-0.060,-0.017,0.77,-7.87,-0.63,0.000000,0.000000,2107.13
32.44,102693.94,41.98,-113.35,9.73,-0.03,1.43,-0.013,-0.061,-0.017,0.27,-7.39,-0.63,0.000000,0.000000,2107.67
32.46,102693.59,42.00,-113.33,9.74,-0.03,1.37,-0.015,-0.062,-0.018,0.77,-7.87,-2.44,0.000000,0.000000,2108.21
32.44,102693.24,41.98,-113.30,9.74,-0.04,1.43,-0.014,-0.061,-0.015,1.27,-8.82,-1.54,0.000000,0.000000,2108.75
32.45,102692.56,41.97,-113.24,9.73,-0.03,1.40,-0.014,-0.061,-0.017,0.27,-8.35,-2.44,0.000000,0.000000,2109.29
32.44,102692.28,42.00,-113.22,9.73,-0.03,1.38,-0.014,-0.061,-0.017,-0.23,-8.35,-1.99,0.000000,0.000000,2109.83
32.45,102694.09,41.97,-113.37,9.74,-0.04,1.38,-0.015,-0.061,-0.017,0.27,-8.35,-1.54,0.000000,0.000000,2110.37
32.45,102693.55,41.97,-113.32,9.73,-0.02,1.40,-0.014,-0.061,-0.017,-0.23,-8.82,-2.44,0.000000,0.000000,2110.91
32.45,102695.71,41.96,-113.50,9.76,-0.02,1.41,-0.015,-0.060,-0.016,-0.23,-9.78,-1.99,0.000000,0.000000,2111.45
32.47,102697.53,41.96,-113.65,9.76,-0.02,1.43,-0.015,-0.061,-0.016,0.27,-8.82,-1.99,0.000000,0.000000,2111.99
32.46,102695.23,41.95,-113.46,9.74,-0.05,1.40,-0.014,-0.060,-0.016,0.27,-8.82,-1.54,0.000000,0.000000,2112.53
32.47,102695.23,41.95,-113.46,9.72,-0.04,1.41,-0.014,-0.061,-0.016,-0.23,-9.30,-1.08,0.000000,0.000000,2113.08
32.46,102692.28,41.96,-113.22,9.73,-0.02,1.41,-0.014,-0.061,-0.018,0.27,-8.35,-1.08,0.000000,0.000000,2113.61
32.47,102694.34,41.95,-113.39,9.73,-0.04,1.37,-0.014,-0.060,-0.017,0.77,-6.92,-0.63,0.000000,0.000000,2114.15
32.46,102692.05,41.94,-113.20,9.75,-0.02,1.40,-0.013,-0.060,-0.016,0.27,-7.39,-0.18,0.000000,0.000000,2114.69
32.48,102696.13,41.92,-113.54,9.74,-0.02,1.41,-0.014,-0.061,-0.016,1.27,-8.35,-0.63,0.000000,0.000000,2115.23
32.46,102692.01,41.94,-113.20,9.74,-0.03,1.38,-0.014,-0.060,-0.016,0.27,-7.87,-0.63,0.000000,0.000000,2115.77
32.48,102695.09,41.93,-113.45,9.74,-0.03,1.41,-0.016,-0.062,-0.017,1.27,-7.39,-0.63,0.000000,0.000000,2116.32
32.47,102693.93,41.93,-113.35,9.76,-0.05,1.40,-0.014,-0.062,-0.017,0.27,-8.35,-2.89,0.000000,0.000000,2116.85
32.47,102692.77,41.93,-113.26,9.73,-0.05,1.43,-0.014,-0.061,-0.017,0.27,-7.87,-1.99,0.000000,0.000000,2117.40
32.48,102694.96,41.91,-113.44,9.74,-0.02,1.40,-0.014,-0.060,-0.017,-0.23,-8.82,-1.99,0.000000,0.000000,2117.94
32.47,102693.93,41.91,-113.35,9.73,-0.03,1.42,-0.012,-0.061,-0.017,0.27,-9.78,-1.54,0.000000,0.000000,2118.47
32.49,102694.92,41.90,-113.44,9.74,-0.03,1.39,-0.013,-0.061,-0.016,-0.23,-8.35,-1.08,0.000000,0.000000,2119.02
32.48,102692.97,41.92,-113.28,9.74,-0.02,1.40,-0.014,-0.061,-0.017,-0.23,-8.82,-1.99,0.000000,0.000000,2119.56
32.49,102695.44,41.90,-113.48,9.73,-0.03,1.42,-0.015,-0.060,-0.017,0.77,-8.82,-0.63,0.000000,0.000000,2120.10
32.48,102692.87,41.89,-113.27,9.72,-0.03,1.43,-0.014,-0.060,-0.017,0.77,-9.30,-1.54,0.000000,0.000000,2120.64
32.49,102693.38,41.90,-113.31,9.74,-0.03,1.39,-0.013,-0.061,-0.017,0.77,-8.82,-1.54,0.000000,0.000000,2121.18
32.48,102693.97,41.91,-113.36,9.74,-0.05,1.37,-0.014,-0.061,-0.018,0.27,-8.35,-1.08,0.000000,0.000000,2121.72
32.50,102695.67,41.89,-113.50,9.73,-0.03,1.41,-0.014,-0.060,-0.016,-0.23,-8.35,-0.18,0.000000,0.000000,2122.26
32.48,102693.24,41.88,-113.30,9.75,-0.04,1.40,-0.015,-0.061,-0.017,0.77,-6.92,0.73,0.000000,0.000000,2122.80
32.48,102694.45,41.88,-113.40,9.74,-0.03,1.41,-0.014,-0.061,-0.017,0.77,-7.87,-0.63,0.000000,0.000000,2123.34
32.50,102696.02,41.90,-113.53,9.74,-0.02,1.38,-0.015,-0.060,-0.017,0.77,-7.39,-0.63,0.000000,0.000000,2123.88
32.49,102694.06,41.88,-113.37,9.73,-0.02,1.37,-0.014,-0.060,-0.017,0.27,-8.82,-1.08,0.000000,0.000000,2124.42
32.50,102696.50,41.87,-113.57,9.74,-0.02,1.41,-0.014,-0.061,-0.017,0.27,-7.87,-2.44,0.000000,0.000000,2124.96
32.49,102694.83,41.86,-113.43,9.76,-0.01,1.39,-0.014,-0.062,-0.017,0.27,-8.35,-1.08,0.000000,0.000000,2125.50
32.51,102697.66,41.87,-113.66,9.74,-0.02,1.39,-0.013,-0.061,-0.017,0.77,-10.73,-1.54,0.000000,0.000000,2126.04
32.49,102692.25,41.86,-113.22,9.74,-0.03,1.39,-0.015,-0.060,-0.017,0.77,-9.30,-1.99,0.000000,0.000000,2126.58
32.51,102695.27,41.87,-113.46,9.73,-0.03,1.36,-0.015,-0.061,-0.017,0.27,-8.35,-1.99,0.000000,0.000000,2127.12
32.49,102693.21,41.86,-113.30,9.74,-0.04,1.40,-0.014,-0.062,-0.015,-0.23,-9.30,-1.54,0.000000,0.000000,2127.66
32.52,102693.41,41.86,-113.31,9.73,-0.05,1.39,-0.015,-0.061,-0.017,-0.23,-7.87,-0.63,0.000000,0.000000,2128.20
32.50,102694.64,41.85,-113.41,9.75,-0.01,1.40,-0.014,-0.060,-0.017,0.27,-7.87,-0.63,0.000000,0.000000,2128.74
32.51,102693.66,41.84,-113.33,9.75,-0.04,1.37,-0.014,-0.060,-0.017,1.27,-8.82,-0.18,0.000000,0.000000,2129.28
32.50,102695.23,41.85,-113.46,9.74,-0.03,1.38,-0.015,-0.060,-0.017,0.77,-8.82,-1.08,0.000000,0.000000,2129.82
32.51,102695.20,41.84,-113.46,9.72,-0.02,1.41,-0.013,-0.062,-0.017,1.78,-7.87,-0.18,0.000000,0.000000,2130.36
32.51,102694.85,41.84,-113.43,9.74,-0.04,1.44,-0.015,-0.061,-0.017,0.77,-7.87,-0.18,0.000000,0.000000,2130.90
32.51,102693.66,41.84,-113.33,9.75,-0.04,1.40,-0.014,-0.061,-0.017,0.27,-7.87,-0.18,0.000000,0.000000,2131.44
32.53,102697.19,41.83,-113.62,9.74,-0.03,1.42,-0.015,-0.060,-0.017,-0.23,-7.39,-1.99,0.000000,0.000000,2131.98
32.52,102694.00,41.83,-113.36,9.75,-0.01,1.37,-0.014,-0.060,-0.017,-0.23,-7.87,-1.08,0.000000,0.000000,2132.52
32.57,102704.77,41.81,-114.25,9.72,-0.00,1.45,-0.013,-0.064,-0.015,0.77,-7.87,-2.44,0.000000,0.000000,2133.06
32.57,102703.42,41.83,-114.14,9.82,-1.29,0.25,-0.027,-0.038,-0.023,0.27,-7.87,-3.80,0.000000,0.000000,2133.60
32.58,102702.36,41.83,-114.05,9.76,-0.05,1.41,-0.015,-0.063,-0.013,0.27,-9.30,-2.44,0.000000,0.000000,2134.14
