Temperatura,Pressao,Umidade,Altitude,ax,ay,az,gx,gy,gz,vib_x,vib_y,vib_z,Latitude,Longitude,Sat,Tempo
28.00,101316.59,70.26,0.70,0.08,-0.19,69.44,1.43,-1.73,9.04,-5.28,11.05,81.52,-27.599996,-48.519985,6,0.14
27.99,101299.77,69.24,2.10,-0.92,-1.08,69.53,-5.77,-9.57,6.35,13.25,-3.48,69.16,-27.599991,-48.519970,6,0.24
27.97,101274.55,70.21,4.20,-0.14,-0.43,68.87,-0.67,5.35,12.92,-2.06,-3.97,68.99,-27.599987,-48.519954,4,0.35
27.95,101240.94,69.51,7.00,0.41,1.01,69.64,-5.66,1.22,-3.48,-7.27,8.11,61.21,-27.599982,-48.519939,8,0.47
27.93,101198.93,69.84,10.50,-0.06,-0.20,69.80,2.07,-0.77,-4.62,5.54,0.89,84.03,-27.599978,-48.519924,4,0.57
27.90,101148.53,69.88,14.70,-0.64,0.81,69.55,1.93,-1.48,3.55,3.20,-5.32,71.21,-27.599973,-48.519909,7,0.68
27.87,101089.76,70.50,19.60,-0.45,-0.58,69.47,-3.44,3.21,8.27,-7.01,9.40,58.72,-27.599969,-48.519894,6,0.79
27.84,101022.63,70.27,25.20,-0.27,-0.14,70.06,-0.37,-8.19,3.51,1.88,8.47,69.15,-27.599964,-48.519878,8,0.90
27.80,100947.16,67.00,31.50,-0.50,-0.99,68.69,-2.95,-5.66,-5.42,15.59,-14.19,72.85,-27.599960,-48.519863,8,1.02
27.75,100863.35,69.24,38.50,0.25,-1.01,69.98,-3.24,-0.90,11.32,-14.19,6.47,81.15,-27.599955,-48.519848,7,1.12
27.70,100771.22,68.92,46.20,-0.26,0.08,70.45,2.13,-7.07,-11.22,-14.15,8.70,59.79,-27.599951,-48.519833,4,1.24
27.65,100670.80,69.42,54.60,0.06,0.49,69.39,7.20,2.35,-2.33,7.40,-5.30,68.30,-27.599946,-48.519818,8,1.34
27.59,100562.10,73.21,63.70,0.23,-0.05,69.65,1.50,-3.27,7.80,2.99,-0.04,85.10,-27.599942,-48.519802,5,1.45
27.52,100445.14,69.16,73.50,-0.86,-0.61,70.33,-7.92,5.81,-18.37,-22.22,7.84,67.01,-27.599937,-48.519787,8,1.55
27.45,100319.96,68.59,84.00,-0.76,0.15,69.45,-1.42,-9.28,-4.20,0.14,-10.02,61.05,-27.599933,-48.519772,4,1.66
27.38,100186.56,68.51,95.20,0.93,-0.01,69.84,5.58,7.58,18.48,9.35,-2.85,74.64,-27.599928,-48.519757,6,1.82
27.30,100044.99,68.45,107.10,0.03,-0.42,69.71,-0.40,6.38,4.95,-10.71,11.03,86.05,-27.599924,-48.519742,5,2.11
27.22,99895.26,68.08,119.70,-0.70,-0.00,70.24,10.54,-3.34,-9.85,-10.02,-8.47,66.73,-27.599919,-48.519726,4,2.40
27.14,99737.42,68.57,133.00,0.38,-0.29,70.16,5.22,3.31,-1.48,10.92,-6.84,54.07,-27.599915,-48.519711,8,2.74
27.04,99571.48,68.70,147.00,0.29,0.15,70.47,10.95,-2.88,-8.63,5.27,13.11,75.65,-27.599910,-48.519696,5,3.00
26.95,99397.49,67.73,161.70,-0.46,0.53,69.27,0.59,-0.83,7.61,-13.33,1.24,77.25,-27.599906,-48.519681,4,3.19
26.85,99215.48,69.08,177.10,-0.77,0.02,68.63,1.61,-5.47,-11.84,0.99,-13.47,64.24,-27.599901,-48.519665,4,3.38
26.74,99025.48,68.27,193.20,-0.77,0.33,70.89,1.46,5.67,-10.04,9.85,7.63,56.33,-27.599897,-48.519650,5,3.74
26.63,98827.54,69.07,210.00,0.52,-0.01,69.56,3.14,2.82,-0.47,-6.13,5.28,69.00,-27.599892,-48.519635,6,4.09
26.52,98621.69,69.26,227.50,1.08,-0.12,69.64,8.91,-0.58,-12.54,-3.38,-9.58,76.88,-27.599888,-48.519620,6,4.44
26.40,98407.97,67.64,245.70,0.46,-0.40,69.91,-3.15,5.13,-2.01,17.80,5.63,60.05,-27.599883,-48.519605,4,4.78
26.28,98186.43,69.38,264.60,0.41,0.01,70.02,-3.15,3.64,-18.30,9.31,-0.04,63.26,-27.599879,-48.519589,7,5.13
26.15,97957.12,67.71,284.20,0.39,-0.38,69.15,-3.79,-0.60,4.61,-9.64,-11.08,70.42,-27.599874,-48.519574,8,5.45
26.02,97720.07,65.92,304.50,-0.85,-0.44,70.63,-10.07,-6.25,3.57,2.69,1.15,83.15,-27.599870,-48.519559,7,5.69
25.88,97475.33,67.11,325.50,0.54,0.44,69.97,7.82,0.59,9.28,5.96,11.79,59.59,-27.599865,-48.519544,5,5.99
25.74,97222.96,67.82,347.20,-0.34,0.76,69.70,4.58,-1.76,12.88,-8.29,-18.95,62.39,-27.599861,-48.519529,7,6.36
25.60,96963.00,66.75,369.60,-0.23,-0.20,69.84,11.74,6.00,25.33,-7.75,0.66,80.20,-27.599856,-48.519513,7,6.60
25.45,96695.51,65.68,392.70,0.80,0.02,69.99,8.07,-3.89,-26.31,4.89,10.01,75.26,-27.599852,-48.519498,7,6.82
25.29,96420.54,67.36,416.50,0.41,1.06,68.93,4.80,-2.14,-10.46,5.46,-12.24,60.38,-27.599847,-48.519483,6,7.10
25.13,96138.14,66.64,441.00,-0.90,0.25,70.32,-1.85,-5.24,12.71,-17.51,-6.92,61.33,-27.599843,-48.519468,6,7.43
24.97,95848.38,67.83,466.20,-0.15,-0.07,69.42,2.38,-3.55,4.91,-2.16,9.48,76.72,-27.599838,-48.519453,8,7.80
24.80,95551.30,67.58,492.10,-0.38,-0.79,69.43,4.67,-3.77,-8.79,11.77,-5.87,75.70,-27.599834,-48.519437,7,8.02
24.63,95246.97,66.50,518.70,0.13,-0.11,69.88,0.47,-3.29,6.30,-8.71,-3.55,55.63,-27.599829,-48.519422,8,8.32
24.45,94935.45,68.46,546.00,-0.07,-0.48,69.88,-0.08,0.77,10.25,-8.74,16.73,72.79,-27.599825,-48.519407,6,8.57
24.27,94616.79,65.17,574.00,0.49,-0.82,70.23,-1.60,-8.26,3.44,9.63,-3.72,83.93,-27.599820,-48.519392,4,8.77
24.08,94291.07,65.02,602.70,-0.38,0.22,69.36,3.23,3.18,-5.97,4.45,-12.35,63.78,-27.599816,-48.519377,7,8.97
23.89,93958.35,63.14,632.10,0.74,0.00,70.12,-5.64,-2.94,-15.45,-8.47,14.27,61.07,-27.599811,-48.519361,4,9.20
23.70,93618.69,64.87,662.20,-0.23,-0.54,69.77,8.66,-5.16,-17.86,2.20,-1.04,65.40,-27.599807,-48.519346,8,9.47
23.50,93272.17,65.23,693.00,0.48,0.56,70.82,0.66,4.95,-2.70,11.63,-5.19,80.87,-27.599802,-48.519331,5,9.82
23.29,92918.84,63.40,724.50,0.16,0.34,69.65,3.37,6.41,-19.83,-12.10,11.20,70.80,-27.599798,-48.519316,6,10.13
23.08,92558.78,64.62,756.70,-0.25,0.01,70.65,3.33,2.87,-1.46,-10.89,1.64,63.01,-27.599793,-48.519301,8,10.50
22.87,92192.06,65.13,789.60,0.79,0.66,70.00,5.19,1.54,-0.48,10.98,-13.42,73.71,-27.599789,-48.519285,6,10.90
22.65,91818.75,65.18,823.20,0.80,0.78,70.38,-4.47,0.62,4.44,0.88,0.67,82.19,-27.599784,-48.519270,8,11.27
22.43,91438.93,63.24,857.50,-1.36,0.26,70.62,-9.36,6.32,-3.62,-13.17,8.62,70.70,-27.599780,-48.519255,6,11.53
22.20,91052.67,61.76,892.50,0.11,0.32,70.05,3.14,1.00,15.35,-4.60,-11.75,56.71,-27.599775,-48.519240,7,11.88
21.97,90660.05,62.03,928.20,0.09,0.61,70.69,0.88,3.34,-14.82,12.81,-1.13,73.45,-27.599771,-48.519225,4,12.31
21.73,90261.14,65.03,964.60,-0.41,-0.03,70.37,15.34,-4.62,-7.12,-6.20,13.98,83.48,-27.599766,-48.519209,5,12.74
21.49,89856.03,60.68,1001.70,0.27,-0.60,70.08,-1.28,7.23,-12.62,-6.09,-12.21,65.59,-27.599762,-48.519194,7,13.19
21.24,89444.79,61.86,1039.50,0.68,-0.38,70.30,1.16,-6.27,-10.04,15.85,-9.30,62.32,-27.599757,-48.519179,5,13.59
20.99,89027.49,61.50,1078.00,0.16,0.05,69.11,7.04,1.43,-3.91,3.88,18.26,76.74,-27.599753,-48.519164,6,14.04
20.74,88604.24,60.96,1117.20,0.34,-0.53,69.96,-0.38,5.43,8.04,-9.37,-5.21,74.76,-27.599748,-48.519149,5,14.41
20.48,88175.10,62.98,1157.10,-0.28,-0.08,70.40,-3.83,-7.44,11.54,-5.01,-6.17,58.27,-27.599744,-48.519133,7,14.82
20.21,87740.16,61.49,1197.70,-0.66,0.02,70.93,6.27,-5.95,2.49,8.61,16.20,60.37,-27.599739,-48.519118,4,15.19
19.95,87299.50,60.44,1239.00,0.25,-0.70,69.37,2.15,4.23,4.49,-11.11,-2.51,80.86,-27.599735,-48.519103,7,15.48
19.67,86853.22,61.00,1281.00,0.70,0.37,70.26,-8.89,2.53,-5.19,-4.74,-5.56,73.65,-27.599731,-48.519088,8,15.76
19.40,86401.39,59.20,1323.70,-0.24,0.57,69.32,3.65,1.25,2.01,9.22,11.89,56.70,-27.599726,-48.519072,6,16.02
19.11,85944.11,58.49,1367.10,0.15,-0.26,69.78,1.84,-2.22,3.46,-0.65,-1.97,71.37,-27.599722,-48.519057,12,16.28
18.83,85489.82,59.30,1410.40,0.24,1.12,-10.02,-0.86,-4.04,-1.73,-0.55,-0.97,-10.08,-27.599717,-48.519042,9,16.62
18.55,85038.49,57.71,1453.61,-0.56,-0.22,-9.96,-1.86,-5.07,-1.70,-1.04,-1.21,-10.44,-27.599713,-48.519027,8,17.06
18.27,84590.12,59.63,1496.71,0.43,0.33,-9.18,1.74,-4.54,0.57,1.10,0.73,-11.40,-27.599708,-48.519012,12,17.31
17.99,84144.67,57.89,1539.72,-0.32,-0.93,-10.32,-0.36,-3.70,-0.28,0.72,-0.29,-12.09,-27.599704,-48.518996,10,17.69
17.71,83702.14,58.19,1582.63,0.40,0.42,-9.61,1.89,-4.72,-0.14,2.04,2.22,-11.77,-27.599699,-48.518981,10,18.17
17.43,83262.50,57.56,1625.44,-0.34,0.21,-9.62,-0.14,-5.80,-1.83,1.00,2.67,-9.79,-27.599695,-48.518966,11,18.52
17.16,82825.73,57.72,1668.15,0.24,0.21,-9.43,1.93,-4.02,0.50,-0.29,2.45,-9.33,-27.599690,-48.518951,11,19.01
16.88,82391.82,55.66,1710.77,0.27,0.37,-9.18,-1.21,-4.02,0.60,-1.30,0.23,-8.56,-27.599686,-48.518936,9,19.33
16.60,81960.74,56.37,1753.29,0.35,-0.51,-10.27,-0.10,-4.88,-0.22,-2.36,-2.20,-7.53,-27.599681,-48.518920,8,19.71
16.33,81532.47,57.36,1795.70,0.16,-0.28,-9.56,0.03,-4.53,0.09,-2.10,-2.69,-7.63,-27.599677,-48.518905,12,20.13
16.05,81107.01,55.36,1838.03,-0.45,0.08,-10.17,0.50,-3.91,0.09,-2.14,-1.83,-7.48,-27.599672,-48.518890,11,20.48
15.78,80684.32,53.78,1880.25,-0.05,-0.13,-9.94,0.43,-4.62,-0.03,-1.06,-1.49,-9.31,-27.599668,-48.518875,8,20.78
15.50,80264.40,55.75,1922.37,-0.44,0.05,-10.10,-0.02,-3.21,0.68,0.09,0.16,-10.69,-27.599663,-48.518860,8,21.18
15.23,79847.21,52.41,1964.40,-0.74,-0.32,-10.49,-0.01,-1.53,-1.72,0.37,1.46,-12.24,-27.599659,-48.518844,9,21.47
14.96,79432.76,54.82,2006.33,-0.14,0.40,-9.20,1.00,-4.20,0.78,2.52,2.32,-10.56,-27.599654,-48.518829,10,21.80
14.69,79021.01,53.31,2048.16,-0.29,-0.84,-10.42,0.66,-3.90,-0.71,1.70,0.98,-12.68,-27.599650,-48.518814,10,22.22
14.42,78611.95,51.34,2089.89,0.96,-0.11,-8.86,-0.64,-3.55,0.66,1.27,1.19,-10.34,-27.599645,-48.518799,11,22.68
14.15,78205.56,53.18,2131.52,0.76,-1.11,-9.23,0.33,-3.89,-1.26,0.04,-1.93,-10.41,-27.599641,-48.518784,9,23.16
13.88,77801.83,52.54,2173.06,0.60,1.29,-9.57,-0.54,-4.96,-0.05,-0.90,-0.02,-9.84,-27.599636,-48.518768,10,23.64
13.61,77400.73,52.18,2214.50,-0.58,-0.98,-9.92,-0.60,-4.11,0.57,-1.66,-1.94,-8.13,-27.599632,-48.518753,11,24.10
13.34,77002.26,51.03,2255.84,-0.10,-0.00,-9.62,-0.62,-1.68,0.01,-1.36,-1.93,-7.55,-27.599627,-48.518738,11,24.43
13.07,76606.38,52.64,2297.08,0.00,-0.39,-9.95,-1.13,-3.52,0.16,-0.61,-0.42,-8.83,-27.599623,-48.518723,12,24.87
12.80,76213.09,52.23,2338.22,0.49,-0.15,-10.25,0.82,-2.29,0.79,1.14,1.26,-8.74,-27.599618,-48.518708,10,25.25
12.53,75822.37,51.42,2379.27,-0.45,0.12,-9.46,-1.46,-4.66,0.52,0.38,1.90,-9.04,-27.599614,-48.518692,11,25.66
12.27,75434.20,51.32,2420.22,0.10,-0.68,-9.99,1.94,-3.13,-0.17,2.83,0.98,-10.86,-27.599609,-48.518677,12,25.91
12.00,75048.57,52.44,2461.07,0.05,-0.24,-9.87,-0.95,-3.09,0.56,1.95,2.06,-11.45,-27.599605,-48.518662,11,26.31
11.74,74665.45,51.18,2501.82,0.89,-0.05,-9.67,-0.21,-4.82,-1.04,1.87,0.54,-12.07,-27.599600,-48.518647,8,26.65
11.47,74284.84,48.93,2542.47,0.35,0.30,-9.54,-0.55,-4.54,-0.29,0.10,-0.94,-11.50,-27.599596,-48.518632,8,26.96
11.21,73906.71,50.08,2583.03,0.01,0.33,-10.23,1.43,-4.01,1.39,-1.26,-2.03,-11.45,-27.599591,-48.518616,9,27.37
10.95,73531.05,49.12,2623.48,-0.07,0.60,-9.64,2.27,-4.63,0.26,-2.09,-0.65,-9.56,-27.599587,-48.518601,11,27.67
10.69,73157.84,48.43,2663.84,-0.82,0.81,-10.30,1.35,-3.79,-1.80,-2.47,0.09,-10.74,-27.599582,-48.518586,9,28.04
10.42,72787.07,48.73,2704.10,-0.10,0.40,-9.51,-1.01,-4.29,-0.02,-1.59,0.88,-8.56,-27.599578,-48.518571,10,28.46
10.16,72418.72,47.28,2744.27,-0.78,0.26,-10.16,-0.28,-4.43,-0.60,-1.67,1.31,-7.24,-27.599573,-48.518556,12,28.88
9.90,72052.78,47.93,2784.33,-0.54,-0.25,-9.55,0.03,-4.72,0.08,1.95,2.33,-8.52,-27.599569,-48.518540,12,29.32
9.64,71689.23,48.53,2824.30,0.86,-0.13,-9.04,-1.07,-4.36,0.23,3.04,1.85,-8.41,-27.599564,-48.518525,10,29.72
9.38,71328.05,47.30,2864.17,0.33,0.56,-9.62,-1.58,-3.38,-0.51,2.22,1.89,-9.58,-27.599560,-48.518510,9,30.12
9.12,70969.22,47.18,2903.94,0.31,-0.40,-9.61,-0.61,-5.71,0.12,1.11,-0.74,-9.15,-27.599555,-48.518495,9,30.49
8.87,70612.74,45.73,2943.61,0.42,0.45,-9.37,-1.22,-4.88,-1.24,-0.64,-2.20,-10.92,-27.599551,-48.518480,8,30.89
8.61,70258.59,45.13,2983.18,0.69,0.22,-9.59,-0.13,-3.51,0.74,-0.17,-2.35,-11.28,-27.599546,-48.518464,9,31.33
8.35,69906.75,44.93,3022.66,-0.52,0.42,-10.83,-0.55,-4.69,1.54,-1.26,-2.02,-13.51,-27.599542,-48.518449,11,31.60
8.10,69557.21,44.76,3062.04,-0.23,-0.19,-9.30,-0.38,-3.97,-0.44,-1.74,-1.30,-10.13,-27.599537,-48.518434,8,31.87
7.84,69209.95,45.34,3101.32,-0.53,0.06,-8.98,-0.06,-3.16,1.13,-1.80,0.16,-8.97,-27.599533,-48.518419,11,32.15
7.59,68864.95,43.44,3140.50,0.38,0.47,-9.90,-0.76,-3.36,-0.41,0.64,3.46,-8.33,-27.599528,-48.518403,8,32.42
7.33,68522.21,43.47,3179.58,0.55,-0.02,-10.55,0.16,-3.64,0.11,1.24,2.79,-8.72,-27.599524,-48.518388,11,32.71
7.08,68181.71,43.04,3218.57,-0.87,-0.44,-9.61,0.32,-2.80,-0.14,0.28,0.29,-7.67,-27.599519,-48.518373,10,32.95
6.83,67843.43,44.88,3257.45,0.04,0.40,-8.79,-0.75,-4.15,1.31,3.46,0.54,-6.22,-27.599515,-48.518358,8,33.21
6.57,67507.35,43.46,3296.24,-0.36,-0.76,-9.69,1.50,-2.44,0.09,1.26,-1.08,-9.86,-27.599510,-48.518343,12,33.49
6.32,67173.47,43.90,3334.93,-0.17,-0.34,-9.05,0.26,-5.10,-1.62,1.40,-1.86,-9.84,-27.599506,-48.518327,10,33.81
6.07,66841.78,40.63,3373.53,-0.50,0.70,-10.16,-0.82,-4.14,-0.65,-1.51,-1.14,-11.92,-27.599501,-48.518312,12,34.20
5.82,66512.24,41.41,3412.02,0.39,-0.26,-10.24,0.28,-4.66,0.58,-0.60,-0.89,-11.59,-27.599497,-48.518297,11,34.66
5.57,66184.86,42.91,3450.42,0.07,0.33,-9.13,1.58,-4.70,-0.27,-2.33,0.09,-11.48,-27.599492,-48.518282,8,35.16
5.32,65859.62,41.80,3488.72,-0.09,0.21,-9.68,-0.58,-4.37,1.39,-2.58,1.90,-11.75,-27.599488,-48.518267,8,35.52
5.08,65536.50,43.23,3526.92,-0.49,0.62,-9.80,-0.07,-3.49,0.44,-2.43,2.14,-11.46,-27.599483,-48.518251,11,35.84
4.83,65215.49,41.42,3565.02,0.13,0.57,-9.78,-1.44,-5.24,0.49,-1.18,0.94,-9.07,-27.599479,-48.518236,12,36.29
4.58,64896.57,40.45,3603.03,-0.04,-0.66,-9.83,-0.26,-3.29,-1.28,0.73,-0.17,-8.73,-27.599474,-48.518221,11,36.60
4.33,64579.74,40.57,3640.93,-0.61,-0.10,-9.64,-0.02,-3.88,0.87,0.49,-0.20,-8.57,-27.599470,-48.518206,10,36.90
4.09,64264.98,39.50,3678.74,-0.18,-0.33,-10.36,0.04,-6.44,0.13,2.70,-1.72,-7.94,-27.599466,-48.518191,12,37.19
3.84,63952.27,39.41,3716.45,0.33,-0.08,-9.32,-0.08,-4.50,0.89,1.31,-0.47,-7.91,-27.599461,-48.518175,8,37.58
3.60,63641.60,40.52,3754.06,0.37,-0.22,-10.14,-0.30,-4.54,0.37,1.08,-2.30,-10.19,-27.599457,-48.518160,11,38.01
3.35,63332.97,39.90,3791.58,0.96,0.37,-10.71,0.13,-4.05,-0.02,0.20,0.16,-11.07,-27.599452,-48.518145,8,38.40
3.11,63026.34,41.13,3828.99,0.57,-0.24,-10.17,-1.65,-4.01,0.98,-1.42,1.36,-12.31,-27.599448,-48.518130,10,38.82
2.87,62721.72,36.99,3866.31,0.07,-0.57,-9.99,-0.96,-4.60,0.53,-1.61,0.86,-12.13,-27.599443,-48.518115,12,39.20
2.63,62419.09,38.94,3903.53,-1.01,-1.16,-9.32,-0.98,-2.68,-2.09,-1.94,1.21,-11.40,-27.599439,-48.518099,8,39.64
2.39,62118.44,38.58,3940.65,0.39,0.42,-9.76,-0.08,-4.26,-0.86,-0.11,2.97,-10.19,-27.599434,-48.518084,10,40.04
2.15,61819.75,39.73,3977.68,-0.57,-0.35,-9.29,-1.60,-3.75,-0.95,0.07,0.20,-10.18,-27.599430,-48.518069,9,40.43
1.91,61523.01,37.63,4014.60,0.63,0.86,-9.34,-0.33,-3.16,0.34,2.16,-0.14,-7.70,-27.599425,-48.518054,11,40.83
1.67,61228.21,37.17,4051.43,-0.71,-0.16,-9.37,0.61,-4.93,0.46,1.01,-2.19,-8.30,-27.599421,-48.518039,9,41.28
1.43,60935.33,36.69,4088.16,0.24,0.08,-9.82,-0.32,-4.67,-0.60,2.16,-1.39,-6.96,-27.599416,-48.518023,10,41.55
1.19,60644.37,35.97,4124.79,0.19,0.22,-10.32,0.08,-2.53,1.63,1.38,-0.77,-8.16,-27.599412,-48.518008,8,41.89
0.95,60355.31,37.11,4161.32,-0.07,-0.37,-10.04,0.69,-4.87,1.19,-0.58,0.20,-8.61,-27.599407,-48.517993,12,42.24
0.71,60068.13,37.62,4197.76,-0.45,0.39,-10.00,-1.92,-4.30,0.37,-0.95,0.83,-10.67,-27.599403,-48.517978,8,42.59
0.48,59782.84,36.36,4234.09,0.63,-0.26,-9.61,0.35,-3.93,-0.56,-0.34,2.08,-11.19,-27.599398,-48.517963,11,43.03
0.24,59499.40,35.51,4270.33,-0.01,-0.30,-10.05,1.03,-3.23,0.38,-2.07,1.68,-12.18,-27.599394,-48.517947,9,43.42
0.01,59217.82,33.93,4306.47,-0.18,-0.87,-10.24,0.92,-3.58,-0.06,-0.97,-1.14,-13.16,-27.599389,-48.517932,8,43.73
-0.23,58938.08,34.05,4342.52,-0.56,0.28,-10.07,0.94,-1.67,0.71,-0.30,-0.35,-11.78,-27.599385,-48.517917,12,44.15
-0.46,58660.17,34.76,4378.46,0.83,-1.09,-9.64,-0.26,-3.71,0.32,1.93,-3.62,-9.95,-27.599380,-48.517902,10,44.53
-0.69,58384.07,32.96,4414.31,-1.03,-0.28,-9.44,-0.97,-4.12,-1.99,0.51,-2.99,-8.88,-27.599376,-48.517887,11,44.84
-0.93,58109.78,35.48,4450.05,0.39,-0.31,-8.75,-1.42,-3.12,-0.35,2.14,-1.89,-7.54,-27.599371,-48.517871,8,45.24
-1.16,57837.28,35.27,4485.70,0.67,-0.38,-9.24,-0.44,-3.82,3.10,2.05,-0.32,-7.99,-27.599367,-48.517856,10,45.59
-1.39,57566.56,36.75,4521.26,-0.06,0.22,-9.06,-1.58,-5.69,-1.07,-0.14,0.49,-7.65,-27.599362,-48.517841,9,46.06
-1.62,57297.61,35.09,4556.71,-0.34,0.19,-10.36,1.00,-4.04,-0.56,-0.17,1.38,-9.32,-27.599358,-48.517826,12,46.44
-1.85,57030.42,32.09,4592.07,0.13,0.06,-9.22,0.42,-3.87,1.70,-2.64,1.70,-8.09,-27.599353,-48.517810,12,46.79
-2.08,56764.97,32.71,4627.32,-0.15,-0.01,-9.80,-0.85,-3.27,1.07,-2.63,1.92,-10.03,-27.599349,-48.517795,12,47.22
-2.31,56501.27,33.35,4662.48,-1.17,0.44,-9.30,-0.95,-5.29,-0.59,-3.33,-0.07,-10.21,-27.599344,-48.517780,10,47.64
-2.53,56239.28,32.75,4697.54,-0.83,-0.60,-10.40,1.14,-2.94,-1.24,-0.87,-2.63,-11.50,-27.599340,-48.517765,12,48.06
-2.76,55979.01,32.49,4732.51,-0.02,-0.05,-10.12,2.05,-3.40,2.36,0.51,-2.31,-11.06,-27.599335,-48.517750,8,48.36
-2.99,55720.44,31.75,4767.37,-0.42,0.36,-9.61,-0.81,-3.40,1.06,1.26,-1.34,-10.55,-27.599331,-48.517734,10,48.70
-3.21,55463.57,31.39,4802.14,-1.32,0.46,-10.10,0.58,-3.26,-0.45,0.56,-0.52,-10.46,-27.599326,-48.517719,10,48.98
-3.44,55208.37,31.13,4836.81,0.37,0.98,-9.60,-1.11,-5.24,-0.33,2.25,2.35,-8.46,-27.599322,-48.517704,12,49.45
-3.66,54954.85,32.22,4871.38,-0.11,0.21,-8.91,-1.67,-4.00,-0.34,1.56,0.60,-6.06,-27.599317,-48.517689,11,49.89
-3.89,54702.98,29.58,4905.85,-0.41,-0.02,-10.09,-0.62,-2.97,0.63,0.10,2.89,-9.86,-27.599313,-48.517674,10,50.27
-4.11,54452.76,31.59,4940.23,0.13,-0.33,-10.23,-0.84,-4.41,-1.28,-0.93,0.73,-8.90,-27.599308,-48.517658,12,50.69
-4.33,54204.18,30.13,4974.50,-0.38,0.29,-10.99,-0.25,-3.61,-0.21,-1.97,1.73,-9.87,-27.599304,-48.517643,10,51.08
-4.56,53957.22,29.45,5008.68,-0.11,-0.11,-9.37,0.96,-5.48,2.84,-2.33,-0.95,-9.11,-27.599299,-48.517628,10,51.38
-4.78,53711.89,28.48,5042.76,-0.45,-0.47,-9.27,-1.80,-4.39,0.61,-1.87,-1.79,-10.09,-27.599295,-48.517613,9,51.73
-5.00,53468.16,28.06,5076.75,-0.07,0.38,-9.81,0.09,-2.70,-1.86,-0.36,-1.93,-12.64,-27.599290,-48.517598,8,52.15
-5.22,53226.02,28.96,5110.63,-0.55,-0.05,-10.54,0.73,-3.08,0.88,0.35,-1.20,-12.72,-27.599286,-48.517582,12,52.59
-5.44,52985.47,27.83,5144.42,0.47,0.34,-9.46,-0.31,-4.52,-1.43,3.07,-0.56,-10.20,-27.599281,-48.517567,9,53.01
-5.66,52746.50,29.67,5178.11,0.16,-0.04,-9.10,-0.27,-5.03,-0.08,1.86,1.43,-11.28,-27.599277,-48.517552,9,53.41
-5.88,52509.09,27.39,5211.70,-0.21,-0.21,-10.93,-0.20,-5.21,-1.22,1.06,0.27,-11.29,-27.599272,-48.517537,10,53.82
-6.09,52273.24,29.25,5245.19,0.03,-0.12,-9.84,0.68,-3.22,-0.04,-0.35,0.75,-9.16,-27.599268,-48.517522,12,54.29
-6.31,52038.93,29.48,5278.58,-0.37,-0.80,-9.99,1.06,-3.30,-0.26,-0.87,0.55,-7.21,-27.599263,-48.517506,9,54.68
-6.53,51806.16,26.95,5311.88,0.30,0.43,-10.50,0.89,-4.55,-1.08,-1.55,1.16,-7.94,-27.599259,-48.517491,8,55.07
-6.74,51574.92,27.37,5345.07,0.48,0.14,-9.72,-1.08,-2.34,0.99,-1.35,-0.31,-7.75,-27.599254,-48.517476,12,55.47
-6.96,51345.19,28.03,5378.17,0.27,0.36,-10.05,-0.45,-5.99,-0.43,-1.35,-1.98,-10.07,-27.599250,-48.517461,8,55.84
-7.17,51116.97,26.06,5411.17,0.88,0.41,-10.20,0.55,-5.13,1.19,0.72,-1.32,-10.25,-27.599245,-48.517446,11,56.24
-7.39,50890.24,27.99,5444.08,-0.20,-0.08,-11.00,-0.57,-5.94,0.01,0.27,-0.60,-12.61,-27.599241,-48.517430,9,56.65
-7.60,50665.00,26.92,5476.88,0.04,0.17,-9.22,-1.21,-4.17,-0.62,1.20,-0.14,-11.01,-27.599236,-48.517415,9,56.93
-7.81,50441.24,27.98,5509.59,0.29,0.08,-9.29,-0.07,-3.97,0.52,1.32,1.69,-10.89,-27.599232,-48.517400,9,57.34
-8.02,50218.95,25.27,5542.20,0.44,0.29,-9.39,-0.04,-4.24,-0.88,2.27,2.84,-11.52,-27.599227,-48.517385,11,57.74
-8.24,49998.12,25.41,5574.71,-0.23,-0.17,-9.48,-1.44,-6.13,0.03,0.50,1.47,-9.49,-27.599223,-48.517370,8,58.14
-8.45,49778.73,24.55,5607.12,0.23,-1.04,-9.83,-0.70,-2.50,-1.32,0.72,0.29,-9.87,-27.599218,-48.517354,11,58.65
-8.66,49560.79,26.19,5639.44,0.19,0.76,-9.64,-1.76,-3.47,0.96,-1.80,0.72,-7.52,-27.599214,-48.517339,12,59.06
-8.87,49344.28,24.40,5671.65,-0.03,-0.19,-9.42,1.38,-5.44,-0.85,-1.02,-2.28,-7.30,-27.599209,-48.517324,10,59.45
-9.07,49129.19,23.45,5703.77,-0.01,-0.24,-10.27,0.70,-2.76,0.15,-0.83,-3.47,-8.11,-27.599205,-48.517309,10,59.94
-9.28,48915.51,23.97,5735.79,-0.45,0.24,-9.84,-0.42,-4.73,-0.15,-1.53,-0.04,-8.66,-27.599201,-48.517294,10,60.32
-9.49,48703.24,23.71,5767.72,0.57,0.06,-9.91,-0.13,-4.70,1.75,0.88,-1.61,-8.47,-27.599196,-48.517278,12,60.74
-9.70,48492.37,24.18,5799.54,-0.03,0.03,-10.36,-0.47,-4.53,0.44,-0.09,1.48,-10.97,-27.599192,-48.517263,8,61.18
-9.90,48282.88,21.45,5831.27,0.01,0.32,-10.30,-0.74,-3.49,0.94,2.53,1.65,-11.70,-27.599187,-48.517248,11,61.56
-10.11,48074.77,24.02,5862.89,-0.90,0.12,-8.90,-0.30,-2.66,0.08,0.51,2.22,-11.23,-27.599183,-48.517233,12,61.98
-10.31,47868.02,22.45,5894.42,0.55,0.28,-9.73,-0.83,-4.48,-0.70,1.28,0.56,-11.49,-27.599178,-48.517217,8,62.37
-10.52,47662.64,22.52,5925.86,-0.20,-1.23,-10.58,0.53,-5.77,1.12,1.19,-0.49,-12.94,-27.599174,-48.517202,9,62.69
-10.72,47458.61,21.75,5957.19,0.03,0.00,-9.85,0.55,-3.77,-0.22,-1.40,-0.27,-9.90,-27.599169,-48.517187,11,63.05
-10.92,47255.93,23.24,5988.43,-0.43,-0.59,-9.75,0.75,-4.19,-0.74,-2.55,-1.90,-9.26,-27.599165,-48.517172,10,63.44
-11.13,47054.57,21.44,6019.56,-0.33,0.45,-10.69,0.46,-4.11,0.84,-2.30,-1.94,-10.44,-27.599160,-48.517157,10,63.90
-11.33,46854.55,21.12,6050.60,0.32,-0.43,-10.05,-1.22,-6.42,0.46,-0.94,-1.93,-7.30,-27.599156,-48.517141,10,64.19
-11.53,46655.84,20.79,6081.54,0.33,-1.00,-9.69,0.30,-4.56,2.63,-0.24,-1.54,-7.44,-27.599151,-48.517126,9,64.62
-11.73,46458.44,21.25,6112.39,-0.47,0.07,-9.52,1.96,-3.38,0.05,0.80,0.27,-7.65,-27.599147,-48.517111,9,65.06
-11.93,46262.34,22.86,6143.13,-0.21,-0.48,-9.33,0.85,-4.21,-0.29,2.64,1.04,-8.73,-27.599142,-48.517096,11,65.47
-12.13,46067.54,19.89,6173.78,0.09,0.03,-9.51,-0.08,-6.12,-1.27,2.10,1.58,-10.07,-27.599138,-48.517081,9,65.89
-12.33,45874.02,19.17,6204.33,0.36,-0.80,-9.63,-0.53,-5.44,-0.44,1.43,0.13,-12.02,-27.599133,-48.517065,12,66.38
-12.53,45681.78,20.47,6234.78,-0.59,-0.42,-9.27,-0.01,-3.73,1.80,-0.19,0.22,-11.52,-27.599129,-48.517050,9,66.83
-12.72,45490.81,19.08,6265.13,-0.03,-0.49,-10.26,-0.77,-4.30,2.13,0.05,-1.46,-12.66,-27.599124,-48.517035,11,67.20
-12.92,45301.10,19.51,6295.39,0.06,0.47,-9.81,-0.56,-3.35,-0.59,-1.32,-1.34,-10.79,-27.599120,-48.517020,11,67.50
-13.12,45112.64,19.00,6325.54,0.17,-0.37,-9.86,-0.72,-5.95,0.27,-2.00,-1.53,-10.30,-27.599115,-48.517005,10,67.73
-13.31,44925.43,18.06,6355.60,0.20,1.23,-10.13,0.49,-4.28,-0.49,-0.62,0.60,-9.16,-27.599111,-48.516989,8,68.11
-13.51,44739.45,19.00,6385.56,-0.16,0.16,-10.54,0.48,-3.63,-0.22,-0.89,0.67,-7.45,-27.599106,-48.516974,8,68.42
-13.70,44554.71,20.19,6415.42,0.33,-0.67,-9.74,-1.09,-4.69,2.93,-0.34,1.72,-8.30,-27.599102,-48.516959,11,68.78
-13.89,44371.18,20.81,6445.19,-0.27,0.20,-9.91,-1.71,-3.43,-1.22,1.31,1.87,-8.98,-27.599097,-48.516944,8,69.16
-14.09,44188.87,17.77,6474.85,-0.32,-0.38,-10.33,1.26,-5.97,-0.27,1.90,0.43,-9.48,-27.599093,-48.516929,10,69.49
-14.28,44007.77,17.85,6504.42,-0.01,0.27,-9.65,-0.20,-3.92,-0.55,2.24,1.09,-9.52,-27.599088,-48.516913,12,69.80
-14.47,43827.87,17.84,6533.89,-0.18,-0.13,-10.36,-0.10,-1.07,0.87,1.27,-1.40,-11.85,-27.599084,-48.516898,10,70.13
-14.66,43649.16,17.38,6563.26,-0.71,0.10,-9.40,0.55,-2.11,0.17,-1.24,-1.47,-11.38,-27.599079,-48.516883,9,70.48
-14.85,43471.63,14.70,6592.54,0.53,-0.30,-10.98,-0.22,-7.08,1.03,-0.11,-1.80,-11.94,-27.599075,-48.516868,8,70.85
-15.04,43295.28,17.98,6621.71,0.09,-0.58,-9.94,-0.01,-3.84,-0.18,-1.72,-1.50,-11.13,-27.599070,-48.516853,8,71.20
-15.23,43120.10,16.21,6650.79,-0.30,0.49,-9.79,2.09,-3.59,0.24,-0.75,-0.11,-10.70,-27.599066,-48.516837,9,71.55
-15.42,42946.09,18.25,6679.77,-0.07,0.32,-9.79,-0.64,-3.22,-0.76,-1.37,2.44,-9.29,-27.599061,-48.516822,11,71.90
-15.61,42773.22,13.96,6708.65,1.78,0.62,-9.84,-0.46,-6.57,-0.74,1.17,2.83,-8.48,-27.599057,-48.516807,10,72.30
-15.79,42601.51,14.81,6737.43,-0.53,0.09,-9.63,-0.79,-5.19,0.26,0.12,3.60,-7.28,-27.599052,-48.516792,10,72.73
-15.98,42430.94,17.54,6766.12,0.02,-0.43,-9.77,-0.27,-3.79,0.01,1.64,-0.80,-8.07,-27.599048,-48.516777,12,73.21
-16.17,42261.50,14.67,6794.70,0.13,0.47,-9.96,0.41,-2.74,-0.98,2.87,0.95,-7.26,-27.599043,-48.516761,12,73.51
-16.35,42093.19,14.25,6823.19,-0.22,-0.07,-10.30,-0.05,-2.87,2.20,1.95,-1.57,-9.84,-27.599039,-48.516746,9,73.81
-16.54,41926.00,16.83,6851.58,-0.06,1.06,-9.71,0.92,-3.89,1.03,1.19,-1.46,-10.59,-27.599034,-48.516731,11,74.21
-16.72,41759.92,14.97,6879.88,-0.33,-0.34,-10.05,-0.83,-4.62,2.10,-1.17,-3.43,-11.08,-27.599030,-48.516716,8,74.56
-16.90,41594.94,15.68,6908.07,-0.33,0.60,-10.20,0.68,-3.95,-0.54,-1.92,-0.87,-13.03,-27.599025,-48.516701,11,74.90
-17.09,41431.07,14.18,6936.17,-0.35,0.42,-10.24,2.90,-3.46,-1.78,-1.76,1.60,-13.37,-27.599021,-48.516685,11,75.22
-17.27,41268.29,14.72,6964.17,0.12,-0.81,-9.77,1.16,-2.54,1.95,-1.63,1.52,-11.20,-27.599016,-48.516670,11,75.58
-17.45,41106.60,14.32,6992.07,-1.28,0.03,-9.12,-1.29,-2.62,0.87,-2.28,2.79,-9.14,-27.599012,-48.516655,12,76.08
-17.63,40945.98,13.30,7019.87,-0.07,0.02,-9.85,0.38,-4.47,-0.13,-0.24,1.36,-8.59,-27.599007,-48.516640,11,76.39
-17.81,40786.44,12.95,7047.57,-0.27,0.22,-10.54,-0.08,-4.63,-0.89,0.62,0.64,-8.48,-27.599003,-48.516625,9,76.79
-17.99,40627.96,13.37,7075.18,-0.15,0.08,-9.25,0.84,-6.11,-1.48,2.35,-0.21,-7.76,-27.598998,-48.516609,12,77.14
-18.17,40470.54,12.64,7102.69,0.69,-0.30,-9.48,-0.13,-2.27,-0.37,2.55,-2.27,-7.24,-27.598994,-48.516594,10,77.53
-18.35,40314.18,13.13,7130.10,-0.28,0.43,-9.51,0.57,-4.94,-0.11,0.28,-1.33,-7.91,-27.598989,-48.516579,10,77.93
-18.52,40158.86,11.82,7157.41,0.32,-0.62,-9.62,0.25,-4.54,-1.88,1.48,-0.94,-9.16,-27.598985,-48.516564,11,78.35
-18.70,40004.58,12.08,7184.62,-0.34,-0.54,-10.80,0.95,-4.00,-0.75,-2.12,-0.23,-12.14,-27.598980,-48.516548,10,78.76
-18.88,39851.34,11.07,7211.74,0.94,0.66,-9.57,-1.83,-4.76,-1.29,-0.49,1.49,-11.51,-27.598976,-48.516533,11,79.06
-19.05,39699.12,12.23,7238.75,-0.32,0.30,-9.45,0.47,-3.73,0.27,-2.04,1.73,-10.57,-27.598971,-48.516518,9,79.35
-19.23,39547.93,10.72,7265.67,-0.78,0.15,-10.09,-0.64,-5.34,0.47,-1.79,1.90,-11.45,-27.598967,-48.516503,9,79.67
-19.40,39397.75,11.13,7292.49,0.13,-0.18,-9.15,-0.58,-4.13,-0.14,-0.64,0.28,-10.99,-27.598962,-48.516488,8,79.89
-19.57,39248.58,11.13,7319.22,-0.08,1.20,-10.41,-2.34,-3.15,-0.43,1.36,0.93,-9.85,-27.598958,-48.516472,8,80.10
-19.75,39100.41,10.96,7345.84,-0.10,0.12,-10.10,-0.33,-4.35,-0.22,1.30,-1.14,-8.44,-27.598953,-48.516457,12,80.43
-19.92,38953.24,11.22,7372.37,0.12,-0.23,-9.71,0.42,-2.97,-1.05,1.77,-1.32,-8.10,-27.598949,-48.516442,11,80.86
-20.09,38807.06,10.72,7398.80,0.28,1.08,-9.61,-0.57,-4.05,1.76,2.21,0.73,-7.95,-27.598944,-48.516427,8,81.30
-20.26,38661.86,7.93,7425.13,0.62,-0.30,-10.47,-1.49,-3.67,0.37,0.58,-1.69,-8.94,-27.598940,-48.516412,12,81.67
-20.43,38517.64,7.82,7451.36,-0.62,0.65,-9.49,1.00,-3.37,0.66,-0.81,1.28,-8.49,-27.598936,-48.516396,8,81.99
-20.60,38374.40,7.94,7477.49,0.00,-0.34,-9.59,-1.02,-4.42,0.40,-0.20,1.72,-9.16,-27.598931,-48.516381,9,82.36
-20.77,38232.12,11.08,7503.53,0.57,0.10,-8.57,1.33,-4.00,0.00,-1.74,1.93,-9.98,-27.598927,-48.516366,12,82.71
-20.94,38090.80,10.22,7529.47,-0.05,0.14,-9.57,-0.74,-3.16,-0.57,-1.68,3.30,-10.88,-27.598922,-48.516351,8,83.00
-21.11,37950.44,9.73,7555.31,-0.14,-0.64,-10.07,-0.76,-4.44,-0.16,-0.96,0.20,-12.67,-27.598918,-48.516336,10,83.37
-21.28,37811.03,9.82,7581.05,-0.55,-0.63,-9.75,0.26,-4.33,1.15,0.61,-1.07,-11.24,-27.598913,-48.516320,9,83.74
-21.44,37672.56,9.62,7606.69,-0.40,0.27,-9.00,-0.59,-4.11,0.99,0.77,-0.95,-9.11,-27.598909,-48.516305,11,84.08
-21.61,37535.03,8.82,7632.24,0.17,0.01,-9.59,2.75,-3.47,-0.68,1.96,-1.95,-7.85,-27.598904,-48.516290,8,84.45
-21.77,37398.44,8.66,7657.69,-0.21,0.06,-9.04,-0.41,-3.00,1.63,1.85,-0.71,-7.89,-27.598900,-48.516275,12,84.79
-21.94,37262.77,8.31,7683.04,0.64,-0.30,-9.71,0.12,-3.93,-1.18,0.88,-1.03,-6.97,-27.598895,-48.516260,12,85.21
-22.10,37128.02,8.17,7708.29,-0.01,-0.13,-10.71,0.72,-2.97,1.60,0.01,-0.42,-8.14,-27.598891,-48.516244,10,85.65
-22.27,36994.18,8.57,7733.44,1.14,-0.30,-9.38,1.69,-3.53,-0.55,0.67,0.61,-7.98,-27.598886,-48.516229,11,86.08
-22.43,36861.26,7.59,7758.50,0.19,0.21,-10.00,-0.49,-3.61,1.41,-1.86,2.94,-9.14,-27.598882,-48.516214,12,86.40
-22.59,36729.25,7.61,7783.46,-0.34,-0.07,-9.29,0.30,-4.07,1.04,-2.49,1.15,-9.15,-27.598877,-48.516199,8,86.75
-22.75,36598.13,6.34,7808.31,-0.02,0.19,-9.74,-1.97,-5.47,1.50,-1.38,-0.50,-10.78,-27.598873,-48.516184,12,87.06
-22.91,36467.91,5.20,7833.08,0.46,-0.12,-9.62,-1.06,-3.97,0.05,0.59,-1.73,-11.86,-27.598868,-48.516168,10,87.40
-23.08,36338.57,8.74,7857.74,-0.26,0.63,-10.59,-0.19,-2.68,-0.75,1.10,-0.91,-11.73,-27.598864,-48.516153,9,87.73
-23.23,36210.12,6.28,7882.30,-0.45,-0.43,-8.96,0.95,-3.84,-1.49,1.77,-1.95,-9.36,-27.598859,-48.516138,10,88.15
-23.39,36082.55,5.59,7906.77,0.22,-0.15,-10.03,1.11,-3.43,0.15,1.98,-0.71,-9.38,-27.598855,-48.516123,12,88.51
-23.55,35955.85,6.95,7931.14,0.10,0.38,-9.46,1.23,-5.93,-0.15,2.21,0.43,-7.88,-27.598850,-48.516108,12,88.93
-23.71,35830.03,9.10,7955.41,-0.14,-0.05,-9.27,1.48,-2.89,1.12,0.93,1.47,-8.20,-27.598846,-48.516092,8,89.30
-23.87,35705.06,7.43,7979.58,0.62,0.63,-8.83,-0.75,-5.54,1.27,-0.25,2.34,-7.59,-27.598841,-48.516077,9,89.62
-24.02,35580.95,6.10,8003.66,-0.47,0.00,-9.10,0.24,-3.18,0.28,-1.18,1.39,-7.15,-27.598837,-48.516062,11,90.03
-24.18,35457.70,5.85,8027.63,0.05,-0.24,-9.65,-0.11,-4.80,1.65,-2.72,0.72,-9.43,-27.598832,-48.516047,8,90.38
-24.33,35335.29,6.80,8051.51,0.65,-0.58,-9.92,0.27,-3.74,0.12,-0.59,-1.76,-11.00,-27.598828,-48.516032,12,90.81
-24.49,35213.73,5.82,8075.29,-0.67,-0.31,-9.82,0.11,-3.96,0.35,-1.91,-2.75,-10.70,-27.598823,-48.516016,10,91.14
-24.64,35093.00,4.47,8098.97,-0.20,-0.95,-10.48,1.14,-4.87,2.66,0.21,-3.55,-12.05,-27.598819,-48.516001,8,91.47
-24.80,34973.11,5.33,8122.56,-0.45,-0.36,-10.13,-0.21,-3.45,0.19,1.01,-2.09,-12.66,-27.598814,-48.515986,10,91.79
-24.95,34854.05,4.99,8146.04,0.23,-0.63,-9.05,1.02,-6.30,-1.12,1.68,-0.02,-10.24,-27.598810,-48.515971,11,92.23
-25.10,34735.81,4.43,8169.43,0.81,-0.50,-9.53,-0.02,-4.47,0.09,1.85,0.72,-10.53,-27.598805,-48.515955,11,92.59
-25.25,34618.39,4.29,8192.72,-0.39,1.04,-9.50,-0.20,-3.27,-0.74,1.17,2.43,-9.92,-27.598801,-48.515940,12,92.99
-25.40,34501.78,3.67,8215.91,-0.52,-0.14,-9.54,-0.27,-3.59,-0.05,-0.18,1.32,-8.03,-27.598796,-48.515925,12,93.38
-25.55,34385.99,4.11,8239.00,-0.05,0.69,-9.56,0.71,-4.22,0.48,-1.11,2.55,-7.11,-27.598792,-48.515910,11,93.83
-25.70,34270.99,4.51,8262.00,-0.73,0.30,-9.50,-0.40,-2.35,0.89,-2.90,0.18,-7.81,-27.598787,-48.515895,10,94.21
-25.85,34156.80,4.23,8284.90,0.05,-0.02,-10.46,-1.13,-4.33,0.30,-2.22,-2.09,-8.98,-27.598783,-48.515879,11,94.65
-26.00,34043.41,3.46,8307.69,-0.38,-0.45,-10.34,-0.40,-2.77,0.70,-0.77,-2.39,-9.78,-27.598778,-48.515864,8,95.07
-26.15,33930.80,3.15,8330.40,-0.05,0.38,-9.79,0.14,-5.85,-1.64,-0.53,-1.62,-11.31,-27.598774,-48.515849,11,95.36
-26.29,33818.98,3.88,8353.00,0.12,0.66,-9.69,1.48,-4.52,-0.73,1.20,-0.05,-11.76,-27.598769,-48.515834,10,95.77
-26.44,33707.95,3.89,8375.50,0.46,0.13,-9.28,0.71,-2.64,-0.02,1.80,0.25,-11.52,-27.598765,-48.515819,8,96.16
-26.59,33597.69,2.00,8397.91,-0.09,0.30,-9.67,2.16,-3.74,-1.44,0.93,2.87,-11.56,-27.598760,-48.515803,10,96.52
-26.73,33488.20,1.74,8420.22,-0.01,-0.12,-9.22,0.09,-5.88,-0.83,1.92,1.59,-11.13,-27.598756,-48.515788,10,96.91
-26.88,33379.48,2.62,8442.43,-0.84,0.26,-10.26,-0.78,-4.54,0.53,0.07,1.99,-10.41,-27.598751,-48.515773,11,97.20
-27.02,33271.53,4.19,8464.54,0.02,-0.01,-9.80,0.27,-4.44,-0.22,-1.12,0.83,-10.10,-27.598747,-48.515758,12,97.62
-27.16,33164.34,3.41,8486.55,0.04,0.34,-9.74,1.08,-3.86,0.62,-2.08,-0.26,-8.30,-27.598742,-48.515743,10,97.91
-27.31,33057.90,3.34,8508.47,-0.64,0.83,-9.58,0.56,-3.93,-1.37,-2.43,-0.53,-7.68,-27.598738,-48.515727,8,98.23
-27.45,32952.21,3.17,8530.29,1.00,-0.68,-9.80,-1.01,-4.55,0.36,-0.64,-3.41,-8.70,-27.598733,-48.515712,12,98.67
-27.59,32847.27,0.87,8552.01,0.18,-0.49,-9.55,0.86,-3.76,-0.25,-0.31,-1.92,-8.21,-27.598729,-48.515697,12,99.08
-27.73,32743.08,2.09,8573.63,0.89,0.15,-8.94,0.20,-6.54,-0.23,1.02,-0.35,-8.15,-27.598724,-48.515682,12,99.49
-27.87,32639.62,0.24,8595.15,0.13,-0.98,-9.44,-0.29,-3.57,-0.24,0.81,0.36,-10.26,-27.598720,-48.515667,9,99.85
-28.01,32536.89,0.60,8616.58,-0.21,-0.44,-9.58,1.20,-4.95,-0.25,1.22,2.68,-11.37,-27.598715,-48.515651,8,100.29
-28.15,32434.90,2.49,8637.91,0.02,-0.59,-10.35,0.30,-2.63,-2.29,1.72,2.11,-13.58,-27.598711,-48.515636,9,100.71
-28.28,32333.64,0.25,8659.14,-0.05,0.43,-11.09,-1.17,-3.41,-0.90,1.09,1.28,-12.68,-27.598706,-48.515621,10,101.16
-28.42,32233.09,2.47,8680.27,0.10,-0.77,-10.38,1.12,-4.96,-0.86,-0.08,-1.18,-12.05,-27.598702,-48.515606,10,101.60
-28.56,32133.27,0.99,8701.30,-0.09,1.25,-10.16,-0.44,-3.66,0.09,-0.44,-0.44,-9.33,-27.598697,-48.515591,9,102.02
-28.69,32034.16,1.39,8722.24,-0.13,-0.04,-10.17,-1.03,-4.03,1.44,-1.92,-1.70,-9.49,-27.598693,-48.515575,9,102.39
-28.83,31935.75,0.00,8743.07,0.44,0.81,-10.25,0.57,-4.51,-0.79,-0.71,-1.58,-8.44,-27.598688,-48.515560,10,102.84
-28.96,31838.06,1.45,8763.81,-0.04,0.20,-10.04,0.87,-3.91,0.51,-2.39,-0.73,-7.98,-27.598684,-48.515545,12,103.28
-29.10,31741.07,0.88,8784.45,-0.20,-0.07,-8.60,0.58,-3.77,-0.21,-0.66,0.40,-6.48,-27.598679,-48.515530,8,103.66
-29.23,31644.77,0.00,8805.00,-0.43,0.22,-9.76,-1.60,-3.38,0.55,0.96,1.24,-8.59,-27.598675,-48.515515,10,104.08
-29.37,31549.18,0.00,8825.44,0.57,0.23,-10.03,-0.26,-3.84,-1.34,1.85,2.24,-9.29,-27.598670,-48.515499,9,104.52
-29.50,31454.27,0.00,8845.79,0.11,-1.19,-10.55,1.03,-3.66,-0.12,1.99,-1.60,-11.43,-27.598666,-48.515484,11,104.88
-29.63,31360.05,0.00,8866.04,0.36,-0.45,-9.62,-1.29,-2.56,-0.29,1.60,1.59,-11.38,-27.598662,-48.515469,10,105.27
-29.76,31266.51,0.00,8886.19,-0.25,0.18,-10.03,-0.67,-4.57,-1.30,0.46,-0.09,-11.99,-27.598657,-48.515454,11,105.71
-29.89,31173.65,0.00,8906.24,-0.53,-0.27,-10.28,-1.05,-4.84,-0.28,-1.46,-2.79,-11.91,-27.598653,-48.515439,9,106.09
-30.02,31081.47,0.00,8926.19,-0.50,0.55,-10.31,0.88,-3.91,-0.30,-2.71,-1.13,-10.03,-27.598648,-48.515423,11,106.53
-30.15,30989.97,0.00,8946.05,-0.49,0.21,-9.31,1.17,-4.64,1.37,-2.36,-1.50,-8.81,-27.598644,-48.515408,11,106.90
-30.28,30899.13,0.00,8965.81,-0.42,0.32,-9.32,0.35,-3.55,-1.59,-1.92,1.13,-8.93,-27.598639,-48.515393,10,107.35
-30.41,30808.95,0.00,8985.47,0.09,-0.63,-9.51,0.78,-4.49,0.29,-0.22,0.17,-7.79,-27.598635,-48.515378,10,107.72
-30.53,30719.44,0.00,9005.03,-0.58,0.21,-9.76,-0.92,-4.53,0.35,-0.59,1.90,-7.50,-27.598630,-48.515362,11,108.09
-30.66,30630.58,0.00,9024.49,0.56,0.19,-9.74,1.66,-3.14,0.79,1.30,2.42,-9.25,-27.598626,-48.515347,9,108.44
-30.79,30542.38,0.00,9043.86,-0.68,0.38,-9.67,-0.32,-3.70,1.89,1.69,1.43,-10.01,-27.598621,-48.515332,9,108.86
-30.91,30454.83,0.00,9063.12,0.89,0.28,-8.96,-0.66,-3.64,-0.77,3.55,-0.91,-11.36,-27.598617,-48.515317,9,109.36
-31.03,30367.93,0.00,9082.29,-0.63,0.59,-9.42,-0.71,-3.65,-0.21,1.09,-1.14,-10.54,-27.598612,-48.515302,8,109.82
-31.16,30281.67,0.00,9101.36,-0.10,0.05,-10.48,-0.84,-4.63,1.10,-1.10,-1.52,-12.95,-27.598608,-48.515286,10,110.26
-31.28,30196.06,0.00,9120.34,0.83,0.14,-9.75,-1.44,-1.97,0.07,-0.16,-0.95,-11.94,-27.598603,-48.515271,9,110.64
-31.40,30111.08,0.00,9139.21,-0.18,0.27,-9.81,0.25,-2.78,-0.13,-1.28,-0.37,-10.80,-27.598599,-48.515256,11,111.03
-31.53,30026.73,0.00,9157.99,-0.06,0.07,-10.72,0.63,-3.76,0.77,-1.81,0.95,-12.19,-27.598594,-48.515241,11,111.47
-31.65,29943.02,0.00,9176.67,0.05,0.46,-9.65,-1.07,-4.14,0.70,-0.75,2.63,-9.05,-27.598590,-48.515226,10,111.88
-31.77,29859.93,0.00,9195.25,0.03,-0.29,-10.17,0.67,-4.58,3.65,0.08,2.43,-8.81,-27.598585,-48.515210,10,112.34
-31.89,29777.46,0.00,9213.73,0.66,0.08,-8.61,1.10,-3.37,-0.14,1.01,2.38,-6.42,-27.598581,-48.515195,9,112.64
-32.01,29695.62,0.00,9232.12,-1.12,0.32,-9.61,-1.08,-5.01,-1.23,0.22,1.65,-7.92,-27.598576,-48.515180,9,112.92
-32.13,29614.39,0.00,9250.40,-0.13,-0.03,-9.47,0.76,-3.43,-0.04,1.35,0.31,-8.25,-27.598572,-48.515165,9,113.25
-32.25,29533.78,0.00,9268.59,1.06,-0.16,-9.70,-0.06,-4.07,0.23,3.19,-0.73,-10.04,-27.598567,-48.515150,11,113.67
-32.36,29453.78,0.00,9286.68,0.96,0.36,-10.68,1.31,-3.85,-0.43,1.64,-1.94,-12.37,-27.598563,-48.515134,8,114.06
-32.48,29374.39,0.00,9304.67,0.63,0.09,-9.85,-0.48,-4.00,0.53,-0.86,-1.05,-11.27,-27.598558,-48.515119,12,114.46
-32.60,29295.60,0.00,9322.57,1.03,-0.30,-10.01,-0.13,-4.26,-1.01,-1.08,-1.44,-12.08,-27.598554,-48.515104,9,114.85
-32.71,29217.42,0.00,9340.36,0.54,-0.72,-10.32,-0.07,-3.96,1.17,-2.10,0.45,-11.08,-27.598549,-48.515089,8,115.21
-32.83,29139.83,0.00,9358.06,0.88,-0.18,-9.50,-1.05,-4.19,-0.23,-0.47,0.84,-10.32,-27.598545,-48.515074,8,115.64
-32.94,29062.84,0.00,9375.66,0.04,0.04,-8.45,1.45,-2.98,1.30,-1.35,2.72,-8.86,-27.598540,-48.515058,10,116.07
-33.06,28986.44,0.00,9393.16,-0.05,0.80,-9.25,-0.13,-5.24,-0.91,-0.26,2.02,-8.55,-27.598536,-48.515043,9,116.41
-33.17,28910.63,0.00,9410.57,-0.56,-0.40,-9.73,2.42,-3.52,-0.09,0.66,-0.57,-7.81,-27.598531,-48.515028,11,116.63
-33.28,28835.41,0.00,9427.87,-0.04,-0.02,-10.66,0.78,-3.22,-0.32,1.60,-0.49,-8.25,-27.598527,-48.515013,9,116.87
-33.39,28760.77,0.00,9445.08,0.04,-0.62,-9.67,-0.34,-2.51,-0.21,1.78,-2.14,-8.28,-27.598522,-48.514998,8,117.23
-33.50,28686.71,0.00,9462.19,-0.32,0.30,-9.48,1.45,-3.48,1.52,1.89,-1.40,-8.29,-27.598518,-48.514982,11,117.49
-33.61,28613.23,0.00,9479.20,-0.32,0.03,-9.47,0.06,-3.62,0.77,-0.66,-0.39,-9.96,-27.598513,-48.514967,9,117.84
-33.72,28540.32,0.00,9496.11,0.32,0.27,-10.17,1.34,-4.69,0.06,-1.99,-0.69,-12.02,-27.598509,-48.514952,8,118.26
-33.83,28467.99,0.00,9512.93,-0.32,-0.02,-9.37,-0.30,-4.27,1.61,-3.16,2.12,-11.29,-27.598504,-48.514937,10,118.68
-33.94,28396.22,0.00,9529.64,0.48,0.44,-8.76,-1.77,-3.06,0.81,-1.25,1.78,-11.46,-27.598500,-48.514922,10,119.08
-34.05,28325.03,0.00,9546.26,-0.30,0.67,-9.45,-0.92,-4.13,0.05,-1.08,2.46,-10.11,-27.598495,-48.514906,10,119.43
-34.16,28254.39,0.00,9562.78,0.41,-0.08,-9.66,1.69,-2.75,1.33,0.92,0.52,-10.00,-27.598491,-48.514891,12,119.68
-34.26,28184.32,0.00,9579.21,0.11,-0.16,-9.87,-1.81,-3.49,0.16,0.53,0.12,-10.19,-27.598486,-48.514876,10,119.97
-34.37,28114.80,0.00,9595.53,0.23,-0.43,-9.45,-1.39,-4.12,2.64,1.27,-2.62,-7.92,-27.598482,-48.514861,10,120.27
-34.48,28045.84,0.00,9611.76,-0.10,1.19,-10.28,-1.63,-3.48,-0.97,1.92,-0.38,-8.25,-27.598477,-48.514846,12,120.67
-34.58,27977.43,0.00,9627.88,0.57,0.57,-9.88,0.08,-2.05,0.01,1.61,-1.03,-6.28,-27.598473,-48.514830,8,121.14
-34.69,27909.58,0.00,9643.91,0.29,-0.44,-10.11,0.21,-4.17,-1.27,0.19,-1.01,-8.62,-27.598468,-48.514815,10,121.45
-34.79,27842.27,0.00,9659.85,-0.26,-0.78,-9.66,-0.79,-2.71,-0.55,-1.32,0.49,-10.63,-27.598464,-48.514800,11,121.81
-34.89,27775.50,0.00,9675.68,-0.27,-0.21,-9.89,1.23,-3.35,0.33,-1.78,1.85,-10.60,-27.598459,-48.514785,8,122.07
-34.99,27709.28,0.00,9691.42,-0.05,-0.32,-10.12,0.70,-4.93,2.56,-1.42,2.11,-10.60,-27.598455,-48.514770,11,122.37
-35.10,27643.59,0.00,9707.05,-0.20,-0.46,-9.71,0.06,-3.79,-0.97,-2.03,0.64,-10.53,-27.598450,-48.514754,12,122.66
-35.20,27578.45,0.00,9722.59,0.32,0.39,-8.69,0.12,-4.69,0.90,-0.32,0.44,-9.96,-27.598446,-48.514739,8,123.19
-35.30,27513.84,0.00,9738.03,0.97,0.42,-9.73,-1.79,-3.46,-0.26,1.69,-0.94,-11.31,-27.598441,-48.514724,12,123.63
-35.40,27449.76,0.00,9753.38,-0.79,0.01,-9.72,-1.14,-4.09,0.72,0.50,-2.30,-9.79,-27.598437,-48.514709,8,123.95
-35.50,27386.21,0.00,9768.62,-0.86,0.06,-9.97,1.66,-3.32,0.39,0.88,-1.98,-9.28,-27.598432,-48.514693,12,124.32
-35.59,27323.18,0.00,9783.77,0.43,-0.44,-9.61,0.42,-4.26,1.28,2.24,-1.51,-7.52,-27.598428,-48.514678,8,124.74
-35.69,27260.68,0.00,9798.82,-0.78,-0.16,-9.87,0.77,-4.62,-0.52,0.70,-0.54,-6.52,-27.598423,-48.514663,11,125.09
-35.79,27198.71,0.00,9813.77,-0.12,0.30,-10.31,1.60,-5.33,0.69,-0.88,1.57,-8.67,-27.598419,-48.514648,8,125.45
-35.89,27137.25,0.00,9828.62,0.15,0.17,-9.74,-0.94,-3.80,-0.80,-1.19,3.42,-8.01,-27.598414,-48.514633,9,125.85
-35.98,27076.31,0.00,9843.38,-0.08,0.71,-9.99,-0.72,-2.93,-0.84,-1.41,1.97,-9.82,-27.598410,-48.514617,8,126.22
-36.08,27015.88,0.00,9858.03,0.44,-0.52,-9.20,-0.35,-3.48,0.82,-2.12,0.64,-10.30,-27.598405,-48.514602,10,126.57
-36.17,26955.97,0.00,9872.59,-0.19,0.23,-10.18,0.25,-3.08,-0.31,-1.41,0.87,-11.80,-27.598401,-48.514587,8,126.83
-36.27,26896.57,0.00,9887.05,-0.70,-0.47,-9.42,-1.24,-2.78,-0.47,-1.72,-2.02,-12.00,-27.598397,-48.514572,11,127.22
-36.36,26837.67,0.00,9901.42,0.47,0.26,-9.55,-0.97,-5.14,0.73,2.95,-1.56,-10.28,-27.598392,-48.514557,12,127.55
-36.45,26779.28,0.00,9915.68,-0.25,0.35,-10.49,-1.10,-5.37,0.01,1.45,-1.51,-11.03,-27.598388,-48.514541,8,128.02
-36.54,26721.40,0.00,9929.85,-1.13,-0.23,-9.96,-0.71,-3.19,-1.11,0.37,-0.30,-10.01,-27.598383,-48.514526,8,128.29
-36.64,26664.01,0.00,9943.92,-0.17,-0.37,-9.85,-1.95,-4.76,1.27,1.77,1.21,-8.83,-27.598379,-48.514511,9,128.52
-36.73,26607.13,0.00,9957.89,-0.25,0.33,-10.58,0.94,-3.38,0.35,0.45,2.28,-8.61,-27.598374,-48.514496,12,128.84
-36.82,26550.74,0.00,9971.76,-0.31,-0.17,-10.10,0.02,-2.40,0.89,-2.41,2.55,-7.61,-27.598370,-48.514481,12,129.33
-36.91,26494.85,0.00,9985.53,-0.89,0.90,-9.84,0.96,-4.37,0.10,-3.11,1.90,-7.86,-27.598365,-48.514465,9,129.80
-36.99,26439.45,0.00,9999.21,0.05,-0.64,-9.80,1.66,-4.85,-2.19,-0.74,-1.81,-9.29,-27.598361,-48.514450,8,130.15
-37.08,26384.53,0.00,10012.78,0.47,0.69,-9.74,-0.75,-2.74,-0.88,-0.75,0.11,-8.94,-27.598356,-48.514435,9,130.47
-37.17,26330.11,0.00,10026.26,0.62,-0.08,-10.74,0.44,-3.86,0.49,0.76,-2.08,-11.62,-27.598352,-48.514420,8,130.84
-37.26,26276.17,0.00,10039.64,0.29,-0.32,-9.40,-1.33,-5.37,1.96,0.89,-2.86,-10.15,-27.598347,-48.514405,12,131.27
-37.34,26222.72,0.00,10052.93,-0.17,0.71,-9.66,-2.23,-4.91,-0.64,0.88,0.02,-11.51,-27.598343,-48.514389,10,131.65
-37.43,26169.75,0.00,10066.11,0.13,0.39,-9.74,0.95,-4.18,0.25,1.50,0.22,-11.33,-27.598338,-48.514374,10,132.15
-37.51,26117.26,0.00,10079.20,0.26,-0.65,-10.95,-0.07,-3.81,-1.12,2.32,0.18,-11.83,-27.598334,-48.514359,8,132.60
-37.60,26065.24,0.00,10092.19,0.88,-0.34,-10.18,-1.80,-2.89,-0.14,2.11,2.16,-9.39,-27.598329,-48.514344,9,133.04
-37.68,26013.71,0.00,10105.08,-0.49,-0.16,-9.71,-0.90,-3.25,-0.95,0.09,1.60,-9.02,-27.598325,-48.514329,10,133.53
-37.77,25962.64,0.00,10117.87,0.70,-0.38,-9.36,-2.68,-4.80,-1.28,-0.38,0.38,-7.22,-27.598320,-48.514313,8,133.90
-37.85,25912.05,0.00,10130.57,0.77,0.31,-10.14,0.23,-4.20,-0.42,-1.89,0.42,-7.13,-27.598316,-48.514298,12,134.24
-37.93,25861.93,0.00,10143.16,0.26,-0.60,-9.97,-0.78,-5.59,-0.14,-0.57,-1.36,-9.97,-27.598311,-48.514283,8,134.57
-38.01,25812.27,0.00,10155.66,-0.53,0.08,-9.25,0.45,-3.97,-1.48,-0.83,-1.66,-8.43,-27.598307,-48.514268,10,134.89
-38.09,25763.08,0.00,10168.06,-0.91,1.34,-9.58,-0.20,-5.13,0.14,-0.80,0.21,-10.71,-27.598302,-48.514253,9,135.15
-38.17,25714.36,0.00,10180.37,-0.27,-0.02,-9.60,-0.42,-5.11,0.47,0.35,-0.75,-11.18,-27.598298,-48.514237,11,135.46
-38.25,25666.10,0.00,10192.57,-0.88,0.16,-9.34,1.26,-3.00,0.75,2.26,0.66,-11.89,-27.598293,-48.514222,8,135.96
-38.33,25618.30,0.00,10204.68,-0.30,0.34,-9.65,0.66,-5.04,-0.07,1.42,1.83,-10.86,-27.598289,-48.514207,9,136.29
-38.41,25570.95,0.00,10216.68,0.24,0.19,-10.20,-1.60,-2.83,-0.35,1.23,2.24,-10.81,-27.598284,-48.514192,12,136.75
-38.49,25524.07,0.00,10228.59,-0.34,-0.07,-9.20,0.12,-3.72,1.25,-0.05,1.17,-8.36,-27.598280,-48.514177,11,137.17
-38.56,25477.64,0.00,10240.41,0.10,0.91,-9.55,-0.11,-2.75,-1.46,-1.55,1.51,-9.00,-27.598275,-48.514161,9,137.56
-38.64,25431.66,0.00,10252.12,0.62,1.08,-9.35,0.12,-5.40,-0.37,-1.57,-0.05,-7.95,-27.598271,-48.514146,11,137.92
-38.71,25386.13,0.00,10263.74,0.03,-0.34,-9.47,1.24,-1.65,2.75,-2.00,-2.64,-6.67,-27.598266,-48.514131,8,138.27
-38.79,25341.06,0.00,10275.25,0.42,0.36,-9.77,-1.13,-2.49,-1.67,-1.51,-2.06,-7.58,-27.598262,-48.514116,9,138.65
-38.86,25296.43,0.00,10286.67,-0.60,0.08,-9.75,-1.26,-4.45,0.14,-1.44,-1.48,-8.84,-27.598257,-48.514100,11,139.15
-38.94,25252.24,0.00,10297.99,-0.35,-0.33,-9.69,-0.05,-2.71,2.14,0.07,0.50,-9.33,-27.598253,-48.514085,11,139.47
-39.01,25208.51,0.00,10309.22,0.63,-0.09,-9.59,0.15,-2.91,0.40,2.01,1.19,-10.92,-27.598248,-48.514070,10,139.97
-39.08,25165.21,0.00,10320.34,-0.36,0.26,-9.93,1.54,-5.42,-0.16,1.64,1.77,-12.11,-27.598244,-48.514055,9,140.39
-39.15,25122.36,0.00,10331.37,-0.04,0.08,-9.68,0.12,-3.17,0.53,1.31,2.80,-12.17,-27.598239,-48.514040,8,140.86
-39.22,25079.94,0.00,10342.30,0.06,0.41,-8.95,-1.18,-5.69,-0.78,0.47,0.86,-11.13,-27.598235,-48.514024,12,141.24
-39.30,25037.97,0.00,10353.13,0.45,-0.38,-10.57,0.85,-3.06,0.07,0.04,-1.22,-12.01,-27.598230,-48.514009,8,141.52
-39.37,24996.43,0.00,10363.86,-1.14,-0.00,-9.94,1.67,-3.88,0.86,-2.32,-0.79,-9.73,-27.598226,-48.513994,10,141.81
-39.43,24955.32,0.00,10374.50,-0.55,0.03,-10.04,-0.35,-3.14,0.02,-1.67,-2.13,-9.62,-27.598221,-48.513979,8,142.12
-39.50,24914.65,0.00,10385.03,-0.05,-0.64,-10.56,2.09,-2.62,-1.33,-1.34,-2.29,-9.09,-27.598217,-48.513964,12,142.45
-39.57,24874.41,0.00,10395.47,0.38,0.32,-8.93,2.25,-3.64,1.17,-0.75,-0.27,-7.31,-27.598212,-48.513948,10,142.89
-39.64,24834.60,0.00,10405.81,0.03,0.75,-10.05,-1.02,-3.62,1.34,-0.82,2.60,-7.59,-27.598208,-48.513933,10,143.30
-39.70,24795.21,0.00,10416.05,-0.13,0.23,-9.91,0.85,-5.01,-0.12,0.97,1.54,-8.53,-27.598203,-48.513918,12,143.73
-39.77,24756.26,0.00,10426.20,-0.01,-0.74,-9.86,0.30,-3.34,1.04,2.25,1.30,-11.33,-27.598199,-48.513903,11,144.18
-39.84,24717.73,0.00,10436.24,-0.30,-1.00,-9.88,-1.63,-3.94,0.78,1.92,0.11,-11.59,-27.598194,-48.513888,8,144.50
-39.90,24679.63,0.00,10446.19,1.43,0.85,-10.13,-0.27,-6.02,-0.35,2.63,1.03,-11.57,-27.598190,-48.513872,11,144.89
-39.96,24641.94,0.00,10456.04,-0.35,0.54,-9.84,-1.07,-5.70,-1.54,0.19,0.12,-11.55,-27.598185,-48.513857,10,145.40
-40.03,24604.68,0.00,10465.79,-0.71,0.09,-11.35,-0.24,-2.93,1.16,-2.05,-3.20,-12.26,-27.598181,-48.513842,12,145.78
-40.09,24567.84,0.00,10475.45,0.53,-0.33,-10.13,1.31,-2.86,-0.89,-0.87,-2.57,-10.71,-27.598176,-48.513827,9,146.13
-40.15,24531.42,0.00,10485.00,-0.47,0.36,-9.37,0.51,-6.13,1.26,-2.68,-1.39,-9.35,-27.598172,-48.513812,10,146.53
-40.21,24495.41,0.00,10494.46,0.26,0.54,-8.47,-0.79,-3.85,0.49,-0.80,0.98,-7.17,-27.598167,-48.513796,9,146.88
-40.27,24459.82,0.00,10503.82,-0.45,-0.44,-9.83,0.78,-4.89,-0.58,-1.25,0.34,-7.20,-27.598163,-48.513781,8,147.23
-40.34,24424.64,0.00,10513.08,0.52,-0.68,-10.26,-1.10,-5.83,-0.03,0.80,1.98,-7.23,-27.598158,-48.513766,8,147.60
-40.39,24389.88,0.00,10522.24,0.08,0.16,-10.60,2.09,-3.97,-0.56,1.59,2.45,-8.84,-27.598154,-48.513751,8,148.01
-40.45,24355.53,0.00,10531.31,-0.68,0.17,-10.69,0.17,-6.54,-0.99,0.77,1.66,-10.11,-27.598149,-48.513736,11,148.36
-40.51,24321.59,0.00,10540.27,-0.31,0.26,-10.43,0.53,-3.18,0.13,2.30,-0.29,-10.72,-27.598145,-48.513720,10,148.60
-40.57,24288.05,0.00,10549.14,1.37,-0.19,-9.58,-2.13,-3.58,-0.65,1.74,-1.75,-10.84,-27.598140,-48.513705,11,148.83
-40.63,24254.93,0.00,10557.91,0.01,-0.14,-10.39,0.79,-2.66,-0.49,-0.21,-2.06,-13.38,-27.598136,-48.513690,8,149.10
-40.68,24222.21,0.00,10566.59,-0.06,-0.28,-9.02,0.15,-3.66,-1.35,-1.05,-1.24,-10.46,-27.598132,-48.513675,10,149.35
-40.74,24189.90,0.00,10575.16,-0.17,0.28,-10.56,0.26,-3.60,1.40,-2.40,-0.05,-11.57,-27.598127,-48.513660,12,149.72
-40.79,24157.99,0.00,10583.64,0.20,0.32,-9.99,0.11,-2.80,-0.66,-1.65,1.01,-10.95,-27.598123,-48.513644,12,150.17
-40.85,24126.48,0.00,10592.02,-0.34,0.41,-9.93,0.49,-3.39,0.42,-0.82,2.03,-9.45,-27.598118,-48.513629,8,150.62
-40.90,24095.38,0.00,10600.30,0.00,0.35,-9.52,-1.37,-3.38,0.13,-0.42,2.27,-8.82,-27.598114,-48.513614,9,150.91
-40.96,24064.67,0.00,10608.48,-0.89,-0.26,-9.95,1.55,-4.70,0.34,1.07,1.77,-7.76,-27.598109,-48.513599,9,151.35
-41.01,24034.37,0.00,10616.56,0.05,-0.15,-9.44,0.39,-6.81,0.13,1.20,0.45,-7.75,-27.598105,-48.513584,11,151.77
-41.06,24004.46,0.00,10624.55,0.01,0.45,-10.18,-0.57,-5.30,-0.21,2.94,-0.52,-9.15,-27.598100,-48.513568,8,152.20
-41.11,23974.95,0.00,10632.44,-0.69,-0.38,-9.58,-0.16,-4.30,-1.34,0.60,-2.57,-9.67,-27.598096,-48.513553,8,152.60
-41.16,23945.84,0.00,10640.23,0.57,0.39,-10.49,0.89,-3.58,-0.19,1.20,-2.13,-10.99,-27.598091,-48.513538,11,153.04
-41.21,23917.12,0.00,10647.92,-0.16,-0.73,-11.15,1.19,-3.22,-0.12,-2.75,-2.46,-12.55,-27.598087,-48.513523,11,153.42
-41.26,23888.79,0.00,10655.51,0.89,-0.10,-9.38,-0.99,-5.32,-0.38,-1.34,0.28,-10.54,-27.598082,-48.513507,12,153.81
-41.31,23860.86,0.00,10663.01,-0.39,0.44,-9.36,-0.40,-3.61,-0.44,-2.38,1.05,-10.12,-27.598078,-48.513492,10,154.28
-41.36,23833.32,0.00,10670.40,-0.49,0.20,-10.66,0.16,-3.20,0.12,-1.97,2.41,-10.60,-27.598073,-48.513477,11,154.54
-41.41,23806.17,0.00,10677.70,-0.58,0.26,-10.80,-1.24,-3.55,-0.06,-0.04,0.95,-10.46,-27.598069,-48.513462,12,154.95
-41.45,23779.41,0.00,10684.90,0.82,0.59,-10.21,0.56,-3.04,-1.81,0.91,2.14,-8.22,-27.598064,-48.513447,11,155.40
-41.50,23753.03,0.00,10692.01,0.67,0.18,-10.07,0.76,-5.52,-0.59,2.35,0.22,-7.41,-27.598060,-48.513431,12,155.74
-41.54,23727.05,0.00,10699.01,-0.59,-0.11,-9.47,0.73,-3.36,1.18,1.66,-1.49,-7.78,-27.598055,-48.513416,8,156.02
-41.59,23701.45,0.00,10705.92,-0.26,0.56,-10.46,-0.37,-3.10,0.90,2.13,-2.51,-8.88,-27.598051,-48.513401,10,156.28
-41.63,23676.23,0.00,10712.73,-0.29,-0.01,-9.70,1.09,-3.76,0.50,0.07,-1.45,-9.79,-27.598046,-48.513386,11,156.65
-41.68,23651.41,0.00,10719.44,-0.06,0.86,-10.22,-1.73,-3.85,-0.97,0.31,1.44,-10.39,-27.598042,-48.513371,12,156.95
-41.72,23626.96,0.00,10726.05,0.27,0.32,-9.75,-0.73,-2.36,0.78,-0.86,0.69,-10.55,-27.598037,-48.513355,11,157.20
-41.76,23602.90,0.00,10732.56,-0.04,0.59,-9.10,1.49,-5.18,0.56,-2.83,2.13,-9.42,-27.598033,-48.513340,9,157.45
-41.80,23579.22,0.00,10738.98,1.18,-0.68,-9.74,-2.81,-6.34,0.87,-0.67,1.66,-12.09,-27.598028,-48.513325,9,157.85
-41.84,23555.92,0.00,10745.30,0.57,-0.43,-10.44,-0.07,-4.26,-0.02,-0.58,0.75,-11.95,-27.598024,-48.513310,8,158.26
-41.88,23533.00,0.00,10751.52,0.28,-0.20,-10.59,-1.00,-3.18,-1.95,0.80,0.54,-10.48,-27.598019,-48.513295,11,158.61
-41.92,23510.45,0.00,10757.64,0.98,-0.01,-10.28,-0.19,-1.51,-0.57,2.22,-0.58,-10.22,-27.598015,-48.513279,12,158.89
-41.96,23488.29,0.00,10763.66,0.09,0.22,-10.42,1.20,-2.44,0.99,2.04,-1.65,-9.67,-27.598010,-48.513264,10,159.19
-42.00,23466.51,0.00,10769.59,0.54,-0.71,-10.05,-0.56,-3.74,-0.54,2.79,-2.37,-7.04,-27.598006,-48.513249,11,159.66
-42.04,23445.10,0.00,10775.42,0.14,-0.14,-10.78,-0.40,-6.01,-0.55,0.16,-1.14,-9.00,-27.598001,-48.513234,9,160.05
-42.08,23424.06,0.00,10781.15,-0.81,-0.41,-9.42,1.64,-5.06,-0.07,-1.50,-0.30,-7.98,-27.597997,-48.513219,9,160.41
-42.11,23403.41,0.00,10786.78,0.49,0.29,-10.17,-1.12,-3.95,-0.78,0.74,1.08,-10.87,-27.597992,-48.513203,10,160.85
-42.15,23383.12,0.00,10792.31,-0.01,0.34,-10.58,-1.35,-3.14,-0.13,-3.17,2.49,-11.65,-27.597988,-48.513188,11,161.23
-42.19,23363.21,0.00,10797.75,-0.42,1.16,-9.77,-1.16,-4.42,-1.66,-3.03,3.38,-12.83,-27.597983,-48.513173,12,161.62
-42.22,23343.67,0.00,10803.09,0.52,0.35,-9.91,-0.36,-3.18,-0.30,-0.86,1.36,-12.04,-27.597979,-48.513158,8,162.06
-42.25,23324.51,0.00,10808.32,-0.74,0.38,-10.29,1.75,-5.67,0.79,-0.64,0.55,-11.79,-27.597974,-48.513143,10,162.42
-42.29,23305.71,0.00,10813.47,0.19,-0.35,-10.82,0.54,-3.34,-0.64,0.32,-1.55,-11.69,-27.597970,-48.513127,12,162.84
-42.32,23287.29,0.00,10818.51,-0.52,-0.09,-9.71,0.59,-4.52,-0.20,1.11,-2.87,-9.73,-27.597965,-48.513112,8,163.33
-42.35,23269.24,0.00,10823.45,0.34,0.38,-10.28,-0.79,-5.98,0.41,2.41,-0.54,-8.45,-27.597961,-48.513097,10,163.72
-42.38,23251.55,0.00,10828.30,0.47,-0.75,-9.32,-1.04,-3.24,-0.14,2.65,-0.20,-7.98,-27.597956,-48.513082,11,164.12
-42.41,23234.24,0.00,10833.05,0.18,0.18,-10.10,0.62,-4.44,-1.12,0.83,0.79,-8.11,-27.597952,-48.513067,10,164.39
-42.45,23217.29,0.00,10837.70,0.36,0.32,-10.66,-1.28,-3.40,-0.01,0.10,1.48,-9.41,-27.597947,-48.513051,9,164.72
-42.47,23200.71,0.00,10842.25,-0.63,-0.04,-9.32,0.27,-4.51,0.71,-2.38,2.29,-8.44,-27.597943,-48.513036,11,165.15
-42.50,23184.49,0.00,10846.71,0.11,-0.57,-10.15,-1.05,-5.39,-1.16,-1.75,1.26,-10.28,-27.597938,-48.513021,12,165.60
-42.53,23168.64,0.00,10851.06,-0.21,0.99,-9.47,-0.56,-3.20,0.22,-2.11,1.73,-10.37,-27.597934,-48.513006,10,166.10
-42.56,23153.16,0.00,10855.32,1.07,0.51,-9.56,2.04,-2.39,-1.29,-0.60,0.16,-10.96,-27.597929,-48.512991,9,166.60
-42.59,23138.04,0.00,10859.48,-0.74,0.40,-9.56,0.49,-4.35,1.16,-0.16,-1.85,-10.45,-27.597925,-48.512975,10,167.02
-42.61,23123.29,0.00,10863.54,-0.29,-0.53,-10.39,0.31,-3.51,-0.74,1.00,-2.10,-11.63,-27.597920,-48.512960,12,167.37
-42.64,23108.90,0.00,10867.51,0.40,-0.24,-9.88,0.15,-4.07,-1.98,1.70,-1.92,-10.93,-27.597916,-48.512945,10,167.82
-42.66,23094.87,0.00,10871.37,-1.06,0.17,-9.47,-1.67,-2.92,2.22,0.09,-0.04,-9.21,-27.597911,-48.512930,10,168.25
-42.69,23081.20,0.00,10875.14,-0.75,-0.34,-9.64,0.21,-4.81,0.67,0.66,1.30,-8.09,-27.597907,-48.512915,9,168.68
-42.71,23067.90,0.00,10878.81,-0.11,-0.16,-8.57,1.07,-2.68,2.82,-0.51,2.85,-6.85,-27.597902,-48.512899,11,169.10
-42.74,23054.96,0.00,10882.38,-0.18,-0.48,-9.80,0.38,-5.92,-1.42,-2.65,1.68,-7.95,-27.597898,-48.512884,9,169.54
-42.76,23042.38,0.00,10885.85,-0.19,0.23,-9.93,-1.93,-2.98,-1.20,-2.91,1.01,-9.07,-27.597893,-48.512869,9,169.84
-42.78,23030.16,0.00,10889.23,-0.28,-1.18,-9.97,0.80,-3.65,0.85,-1.93,-0.14,-8.46,-27.597889,-48.512854,8,170.16
-42.80,23018.30,0.00,10892.51,0.97,0.22,-10.03,1.19,-5.42,-0.61,0.04,-2.31,-10.82,-27.597884,-48.512838,11,170.41
-42.82,23006.80,0.00,10895.68,0.81,-0.81,-9.34,0.11,-5.34,1.33,0.32,-3.00,-10.01,-27.597880,-48.512823,11,170.86
-42.84,22995.66,0.00,10898.77,-0.37,0.43,-9.37,-2.73,-4.02,-0.07,-0.03,-1.73,-10.98,-27.597875,-48.512808,12,171.28
-42.86,22984.88,0.00,10901.75,-0.34,-0.22,-10.27,-0.62,-4.97,0.12,1.10,-1.58,-11.43,-27.597871,-48.512793,8,171.60
-42.88,22974.46,0.00,10904.63,0.56,0.03,-9.78,-0.80,-1.92,-1.18,2.80,0.66,-11.23,-27.597867,-48.512778,11,171.96
-42.90,22964.39,0.00,10907.42,-0.37,-0.08,-8.84,0.79,-3.41,0.13,0.18,1.60,-9.86,-27.597862,-48.512762,10,172.40
-42.92,22954.69,0.00,10910.11,-0.49,0.41,-9.97,-0.30,-3.83,0.70,0.62,3.05,-9.83,-27.597858,-48.512747,9,172.80
-42.93,22945.34,0.00,10912.70,0.45,-0.26,-10.19,-1.90,-4.55,-1.29,-0.74,0.91,-8.34,-27.597853,-48.512732,9,173.22
-42.95,22936.34,0.00,10915.19,0.60,0.74,-10.24,-0.47,-6.45,-0.44,-1.46,1.34,-8.50,-27.597849,-48.512717,8,173.60
-42.96,22927.71,0.00,10917.58,-0.56,-0.19,-10.14,-0.93,-4.28,0.81,-3.15,-1.89,-7.82,-27.597844,-48.512702,10,174.07
-42.98,22919.43,0.00,10919.88,-0.33,0.15,-9.38,0.15,-3.44,0.57,-1.48,-2.26,-8.49,-27.597840,-48.512686,8,174.47
-42.99,22911.50,0.00,10922.08,0.75,0.63,-10.44,-2.35,-4.03,-0.75,0.19,-1.53,-10.99,-27.597835,-48.512671,8,174.87
-43.01,22903.94,0.00,10924.18,0.19,-0.36,-8.71,0.87,-3.36,0.25,0.28,-2.22,-8.94,-27.597831,-48.512656,9,175.26
-43.02,22896.72,0.00,10926.18,0.22,-0.53,-9.76,-0.92,-3.66,1.46,0.94,-0.85,-11.83,-27.597826,-48.512641,9,175.66
-43.03,22889.87,0.00,10928.08,0.31,0.32,-10.01,-1.40,-3.13,-0.46,2.95,1.28,-12.41,-27.597822,-48.512626,12,176.10
-43.04,22883.36,0.00,10929.89,-0.40,0.46,-9.13,0.57,-4.13,-0.55,1.86,2.69,-9.76,-27.597817,-48.512610,8,176.52
-43.06,22877.22,0.00,10931.60,-1.03,0.24,-8.87,-0.22,-4.04,-0.11,1.81,1.24,-10.45,-27.597813,-48.512595,12,176.80
-43.07,22871.42,0.00,10933.21,-0.35,0.02,-10.32,-1.29,-4.00,0.13,-0.42,0.92,-9.95,-27.597808,-48.512580,12,177.19
-43.08,22865.98,0.00,10934.72,0.61,-0.02,-8.99,0.21,-5.08,-0.92,0.67,-0.24,-8.72,-27.597804,-48.512565,10,177.50
-43.08,22860.90,0.00,10936.13,-0.33,-0.49,-9.97,1.94,-5.86,-0.44,-1.20,-2.04,-8.44,-27.597799,-48.512550,10,177.83
-43.09,22856.17,0.00,10937.45,0.53,-0.35,-10.55,0.27,-4.16,-1.49,-2.13,-2.29,-8.99,-27.597795,-48.512534,12,178.23
-43.10,22851.79,0.00,10938.66,0.18,0.25,-9.39,0.09,-3.40,-0.59,-3.05,-1.89,-7.47,-27.597790,-48.512519,9,178.62
-43.11,22847.76,0.00,10939.78,-0.01,-1.41,-9.45,0.30,-4.83,-0.53,0.25,-3.22,-8.55,-27.597786,-48.512504,9,179.03
-43.12,22844.09,0.00,10940.80,0.34,0.22,-9.69,0.15,-2.56,-1.54,0.70,1.04,-10.39,-27.597781,-48.512489,8,179.50
-43.12,22840.78,0.00,10941.73,0.22,0.54,-10.31,-0.24,-5.68,1.24,2.86,2.51,-12.71,-27.597777,-48.512474,12,179.89
-43.13,22837.81,0.00,10942.55,0.76,0.50,-9.00,0.68,-5.48,-0.72,2.29,2.48,-10.41,-27.597772,-48.512458,8,180.29
-43.13,22835.20,0.00,10943.28,-1.30,0.50,-10.01,-0.43,-4.63,1.66,0.83,1.11,-11.44,-27.597768,-48.512443,12,180.73
-43.14,22832.94,0.00,10943.91,-0.12,0.22,-9.50,-0.55,-4.51,-1.78,1.02,0.51,-10.86,-27.597763,-48.512428,8,181.11
-43.14,22831.03,0.00,10944.44,0.36,-0.32,-10.27,1.21,-4.19,-0.22,-0.86,-2.69,-11.30,-27.597759,-48.512413,12,181.48
-43.14,22829.48,0.00,10944.87,0.73,0.48,-10.26,0.84,-3.57,1.05,-0.05,-1.76,-9.60,-27.597754,-48.512398,12,181.92
-43.14,22828.28,0.00,10945.20,-0.21,0.26,-9.20,0.93,-5.36,-0.36,-1.84,-1.56,-6.94,-27.597750,-48.512382,12,182.42
-43.15,22827.43,0.00,10945.44,-0.49,-0.10,-10.29,-0.67,-5.64,0.95,-1.94,-1.18,-7.33,-27.597745,-48.512367,10,182.82
-43.15,22826.94,0.00,10945.58,0.72,-0.55,-9.92,-0.51,-3.69,-1.26,0.70,-1.37,-8.74,-27.597741,-48.512352,12,183.32
-43.15,22826.79,0.00,10945.62,-0.42,0.66,-9.77,-1.13,-4.79,-0.45,0.16,1.67,-8.72,-27.597736,-48.512337,10,183.75
-43.15,22827.00,0.00,10945.56,-0.21,0.24,-10.07,1.66,-5.45,-0.58,4.83,-0.72,-5.61,-27.597732,-48.512322,8,184.23
-43.12,22839.58,0.00,10942.06,-0.03,0.32,0.32,27.67,17.22,3.83,5.57,-6.25,-0.21,-27.597723,-48.512301,6,184.58
-43.10,22852.17,0.00,10938.56,-0.05,0.17,0.33,28.53,10.36,6.33,-1.30,-5.57,-5.18,-27.597714,-48.512281,8,185.04
-43.08,22864.76,0.00,10935.06,-0.40,0.72,0.29,26.47,-7.12,6.33,-4.98,-1.81,-5.29,-27.597705,-48.512261,7,185.28
-43.06,22877.36,0.00,10931.56,-0.98,0.18,0.16,19.62,-16.89,10.45,-3.76,1.55,-3.60,-27.597696,-48.512240,8,185.58
-43.03,22889.96,0.00,10928.06,-0.07,-1.34,0.01,17.55,-23.65,9.71,-1.84,1.87,-0.74,-27.597687,-48.512220,9,185.95
-43.01,22902.57,0.00,10924.56,0.12,-0.69,-0.75,4.94,-28.56,10.72,9.93,-3.49,4.04,-27.597678,-48.512200,8,186.43
-42.99,22915.19,0.00,10921.06,0.11,-0.42,-0.08,-7.66,-31.66,12.81,6.65,-5.18,1.65,-27.597669,-48.512180,9,186.77
-42.96,22927.81,0.00,10917.56,-0.92,-0.09,0.41,-16.98,-24.01,11.97,-0.82,-3.36,0.01,-27.597660,-48.512159,10,187.19
-42.94,22940.43,0.00,10914.06,0.22,-0.45,0.20,-23.90,-14.91,7.36,-0.36,4.76,-3.76,-27.597651,-48.512139,6,187.53
-42.92,22953.06,0.00,10910.56,-0.88,-0.02,0.72,-30.45,-5.29,9.83,-10.09,11.02,-5.88,-27.597642,-48.512119,9,187.93
-42.90,22965.70,0.00,10907.06,0.13,-0.33,0.23,-27.57,7.46,6.29,-0.07,3.21,-4.83,-27.597633,-48.512099,6,188.37
-42.87,22978.34,0.00,10903.56,0.64,-0.76,-0.57,-23.87,20.02,6.94,2.62,-2.45,-0.28,-27.597624,-48.512078,6,188.83
-42.85,22990.99,0.00,10900.06,-0.29,0.08,-0.22,-15.61,25.16,-0.79,6.84,-3.49,3.28,-27.597615,-48.512058,7,189.16
-42.83,23003.64,0.00,10896.56,0.11,0.78,-0.02,-7.88,31.63,0.87,3.57,-1.13,5.59,-27.597606,-48.512038,9,189.39
-42.80,23016.30,0.00,10893.06,-0.52,0.42,-0.40,10.11,27.52,-3.20,-7.22,2.47,-3.07,-27.597597,-48.512017,10,189.72
-42.78,23028.97,0.00,10889.56,-0.37,-0.30,0.56,15.92,23.38,-5.21,-5.81,6.12,-6.72,-27.597588,-48.511997,10,190.04
-42.76,23041.64,0.00,10886.06,0.14,-0.14,0.48,23.42,14.74,-4.73,-2.17,0.40,-8.21,-27.597579,-48.511977,9,190.38
-42.74,23054.32,0.00,10882.56,-0.12,-0.03,-0.22,30.09,3.66,-5.65,4.32,-4.60,-3.92,-27.597570,-48.511957,6,190.83
-42.71,23067.00,0.00,10879.06,0.31,-0.33,-0.15,29.07,-4.81,-7.58,5.46,-6.11,6.01,-27.597561,-48.511936,7,191.23
-42.69,23079.69,0.00,10875.56,0.15,0.82,0.15,21.03,-19.57,-10.46,4.92,1.05,2.21,-27.597552,-48.511916,8,191.66
-42.67,23092.38,0.00,10872.06,0.61,0.67,-0.40,13.48,-29.21,-11.62,-1.77,3.44,5.96,-27.597543,-48.511896,8,192.11
-42.65,23105.08,0.00,10868.56,0.02,-0.36,0.35,2.01,-32.39,-12.22,-4.73,7.43,0.68,-27.597534,-48.511875,6,192.43
-42.62,23117.78,0.00,10865.06,0.22,-0.05,-0.63,-8.30,-28.96,-11.48,-3.17,-0.51,-3.51,-27.597525,-48.511855,8,192.78
-42.60,23130.49,0.00,10861.56,0.32,-0.67,0.53,-19.65,-19.32,-6.98,0.80,-8.26,-6.20,-27.597516,-48.511835,10,193.22
-42.58,23143.21,0.00,10858.06,-0.12,0.65,-0.73,-27.53,-12.93,-9.77,7.07,-3.70,-2.51,-27.597507,-48.511815,6,193.65
-42.55,23155.93,0.00,10854.56,-0.33,-0.73,0.44,-32.84,-2.37,-5.21,4.69,2.66,2.49,-27.597498,-48.511794,8,194.11
-42.53,23168.66,0.00,10851.06,0.10,0.49,-0.18,-29.12,8.22,-8.88,-1.05,7.89,5.18,-27.597489,-48.511774,8,194.49
-42.51,23181.39,0.00,10847.56,-0.20,-0.31,-0.11,-20.98,23.85,-2.88,-8.17,4.38,6.43,-27.597480,-48.511754,8,194.90
-42.49,23194.13,0.00,10844.06,0.62,0.07,0.13,-13.08,26.07,-5.31,-3.68,1.95,0.92,-27.597471,-48.511734,8,195.34
-42.46,23206.87,0.00,10840.56,0.04,-0.53,-0.48,6.50,26.80,0.04,-1.97,-7.15,-6.45,-27.597462,-48.511713,6,195.72
-42.44,23219.62,0.00,10837.06,-0.55,0.09,0.00,11.48,28.01,5.77,5.06,-3.53,-6.98,-27.597453,-48.511693,7,196.19
-42.42,23232.38,0.00,10833.56,0.61,-0.10,-0.23,18.04,21.33,3.14,5.57,6.80,-2.12,-27.597444,-48.511673,6,196.53
-42.40,23245.14,0.00,10830.06,0.73,0.16,0.04,30.36,8.90,6.35,-1.32,4.83,2.37,-27.597435,-48.511652,7,196.91
-42.37,23257.91,0.00,10826.56,0.38,0.31,-0.88,25.27,0.23,7.03,-1.23,1.14,5.22,-27.597426,-48.511632,10,197.33
-42.35,23270.68,0.00,10823.06,-0.10,-0.39,0.62,27.60,-12.11,6.02,-3.93,-3.58,5.90,-27.597417,-48.511612,7,197.68
-42.33,23283.46,0.00,10819.56,-0.55,0.37,-0.12,22.81,-25.57,8.13,-4.67,-7.86,-1.84,-27.597408,-48.511592,7,198.11
-42.30,23296.24,0.00,10816.06,-0.73,0.43,-0.67,8.11,-27.92,6.42,6.14,-2.62,-7.36,-27.597399,-48.511571,8,198.54
-42.28,23309.03,0.00,10812.56,-0.32,-0.83,-0.05,1.51,-29.25,9.20,7.19,7.77,-5.88,-27.597390,-48.511551,6,198.96
-42.26,23321.83,0.00,10809.06,0.19,-0.54,0.78,-13.73,-26.99,7.14,4.98,3.44,1.78,-27.597381,-48.511531,9,199.42
-42.24,23334.63,0.00,10805.56,-0.58,0.98,0.34,-26.59,-20.16,7.89,-1.67,5.44,2.13,-27.597372,-48.511511,7,199.78
-42.21,23347.44,0.00,10802.06,0.79,0.12,0.13,-28.52,-8.16,6.71,-6.93,-6.55,5.83,-27.597363,-48.511490,6,200.20
-42.19,23360.25,0.00,10798.56,-0.25,-0.53,-0.39,-31.17,0.84,4.13,-7.35,-8.89,5.77,-27.597354,-48.511470,10,200.59
-42.17,23373.07,0.00,10795.06,0.05,-0.55,-0.61,-26.53,14.10,3.34,3.61,0.34,-3.83,-27.597345,-48.511450,10,201.00
-42.15,23385.89,0.00,10791.56,-0.07,0.03,-0.09,-19.95,25.86,3.37,5.48,7.55,-4.83,-27.597337,-48.511429,9,201.36
-42.12,23398.72,0.00,10788.06,0.26,0.34,0.48,-5.78,27.27,-3.19,6.12,5.69,-5.51,-27.597328,-48.511409,7,201.81
-42.10,23411.56,0.00,10784.56,-0.38,0.56,-0.01,6.90,30.65,0.19,-1.37,-0.83,-1.24,-27.597319,-48.511389,10,202.26
-42.08,23424.40,0.00,10781.06,-0.04,-0.02,0.01,11.54,26.33,-3.47,-5.36,-8.61,2.09,-27.597310,-48.511369,6,202.68
-42.05,23437.24,0.00,10777.56,-0.05,0.09,-0.04,23.10,20.03,-3.54,-4.43,-4.28,6.27,-27.597301,-48.511348,10,202.94
-42.03,23450.10,0.00,10774.06,-0.43,-0.29,-0.12,26.84,12.05,-5.96,-2.05,2.23,6.09,-27.597292,-48.511328,8,203.18
-42.01,23462.95,0.00,10770.56,0.56,-0.20,-0.99,26.67,-4.86,-6.54,4.03,4.07,-3.95,-27.597283,-48.511308,7,203.56
-41.99,23475.82,0.00,10767.06,-0.09,0.02,0.63,25.07,-14.53,-6.39,4.13,1.12,-1.88,-27.597274,-48.511288,9,203.97
-41.96,23488.69,0.00,10763.56,-0.25,0.30,0.07,19.82,-23.80,-11.47,-3.25,-2.31,-8.08,-27.597265,-48.511267,9,204.22
-41.94,23501.56,0.00,10760.06,1.24,-0.35,0.81,5.31,-28.59,-10.64,-3.42,-8.13,-1.01,-27.597256,-48.511247,8,204.59
-41.92,23514.44,0.00,10756.56,-0.42,0.00,0.72,-3.51,-29.15,-9.06,-5.39,-1.91,4.04,-27.597247,-48.511227,6,204.99
-41.89,23527.33,0.00,10753.06,-0.34,0.24,0.14,-15.55,-27.35,-8.55,-3.42,5.24,5.75,-27.597238,-48.511206,10,205.34
-41.87,23540.22,0.00,10749.56,0.18,-0.18,-0.80,-25.60,-18.53,-6.45,4.99,9.73,4.99,-27.597229,-48.511186,8,205.79
-41.85,23553.12,0.00,10746.06,-0.15,-0.69,-0.59,-30.67,-4.86,-5.29,1.13,1.07,-1.10,-27.597220,-48.511166,8,206.13
-41.83,23566.02,0.00,10742.56,-0.31,0.50,-0.04,-27.90,5.95,-5.11,2.03,-5.80,-5.81,-27.597211,-48.511146,9,206.48
-41.80,23578.93,0.00,10739.06,-1.04,-0.26,0.61,-25.19,16.92,-4.01,-3.71,-3.96,-3.90,-27.597202,-48.511125,8,206.90
-41.78,23591.85,0.00,10735.56,-0.79,0.59,0.60,-18.93,27.29,-4.28,-9.08,-3.60,-0.17,-27.597193,-48.511105,10,207.25
-41.76,23604.77,0.00,10732.06,-0.33,0.39,0.21,-8.41,29.66,-2.72,-5.51,2.72,5.03,-27.597184,-48.511085,10,207.56
-41.74,23617.70,0.00,10728.56,-0.22,-0.17,-0.74,7.72,33.51,0.91,3.75,2.21,8.72,-27.597175,-48.511065,10,207.93
-41.71,23630.63,0.00,10725.06,0.33,-0.16,-0.08,18.30,25.57,5.61,6.60,0.85,5.57,-27.597166,-48.511044,7,208.28
-41.69,23643.57,0.00,10721.56,0.67,0.82,-0.32,26.78,15.93,3.85,2.63,-1.70,-3.18,-27.597157,-48.511024,8,208.68
-41.67,23656.51,0.00,10718.06,-0.16,-0.44,-0.39,29.09,0.30,5.16,2.18,-5.03,-3.54,-27.597148,-48.511004,7,209.10
-41.64,23669.46,0.00,10714.56,0.25,-0.68,0.81,28.51,-7.04,8.50,-3.53,0.11,-5.16,-27.597139,-48.510983,9,209.48
-41.62,23682.42,0.00,10711.06,-0.14,-0.01,-0.15,22.90,-19.86,9.12,-5.07,5.19,1.43,-27.597130,-48.510963,10,209.86
-41.60,23695.38,0.00,10707.56,0.18,-0.13,0.25,14.42,-23.36,9.35,-1.53,4.22,4.31,-27.597121,-48.510943,10,210.29
-41.58,23708.34,0.00,10704.06,-0.56,-0.83,-1.06,1.44,-30.83,8.59,4.51,-3.79,6.21,-27.597112,-48.510923,9,210.66
-41.55,23721.32,0.00,10700.56,-0.57,0.33,-0.03,-10.76,-30.53,10.18,8.80,-7.42,0.85,-27.597103,-48.510902,10,211.08
-41.53,23734.29,0.00,10697.06,0.35,-0.04,0.45,-17.97,-28.55,8.48,-0.00,-0.53,0.86,-27.597094,-48.510882,6,211.51
-41.51,23747.28,0.00,10693.56,0.84,-0.49,0.17,-23.79,-14.43,9.46,-6.74,5.52,-2.49,-27.597085,-48.510862,6,211.93
-41.49,23760.27,0.00,10690.06,-0.37,-0.04,0.03,-32.73,-2.18,7.63,-3.33,4.98,-2.18,-27.597076,-48.510842,6,212.30
-41.46,23773.26,0.00,10686.56,-0.67,-0.05,0.18,-31.06,9.10,6.40,-0.57,0.02,0.20,-27.597067,-48.510821,9,212.67
-41.44,23786.27,0.00,10683.06,-0.02,0.17,0.02,-20.94,19.12,3.67,6.97,-5.86,1.79,-27.597058,-48.510801,9,213.09
-41.42,23799.27,0.00,10679.56,0.85,0.07,0.62,-12.58,28.06,0.39,5.98,-3.81,7.58,-27.597049,-48.510781,6,213.54
-41.39,23812.29,0.00,10676.06,-0.34,0.09,0.23,-3.25,30.79,0.35,-1.29,0.24,5.22,-27.597040,-48.510760,10,213.91
-41.37,23825.30,0.00,10672.56,-0.14,0.44,-0.20,10.71,30.35,-1.29,-6.26,6.55,-2.01,-27.597031,-48.510740,8,214.23
-41.35,23838.33,0.00,10669.06,-0.50,0.18,0.95,20.86,21.63,-2.27,-7.57,6.24,-2.99,-27.597022,-48.510720,6,214.58
-41.33,23851.36,0.00,10665.56,0.51,0.23,0.61,23.72,14.57,-5.60,-4.93,-4.38,-8.98,-27.597013,-48.510700,10,214.99
-41.30,23864.39,0.00,10662.06,-0.70,0.14,-0.13,31.69,3.08,-8.74,2.93,-4.93,-1.02,-27.597004,-48.510679,7,215.37
-41.28,23877.44,0.00,10658.56,0.34,0.77,0.13,29.82,-8.44,-9.11,4.80,-1.64,4.16,-27.596995,-48.510659,10,215.74
-41.26,23890.48,0.00,10655.06,-0.09,0.11,-0.80,23.65,-19.89,-15.46,1.18,-0.90,5.85,-27.596986,-48.510639,10,216.16
-41.24,23903.54,0.00,10651.56,-0.20,-0.68,-0.12,11.95,-27.17,-8.34,-6.00,5.77,3.33,-27.596977,-48.510619,7,216.51
-41.21,23916.60,0.00,10648.06,-0.18,-0.36,0.65,4.27,-26.31,-10.15,-6.32,6.76,-0.53,-27.596968,-48.510598,9,216.90
-41.19,23929.66,0.00,10644.56,0.28,-0.11,0.22,-10.76,-27.52,-10.03,-3.83,-2.59,-7.29,-27.596959,-48.510578,9,217.33
-41.17,23942.73,0.00,10641.06,-1.12,0.16,0.43,-19.55,-19.12,-6.15,3.22,-6.97,-2.29,-27.596950,-48.510558,6,217.66
-41.14,23955.81,0.00,10637.56,-0.54,-0.40,0.75,-25.36,-10.01,-4.96,3.86,-5.92,-1.87,-27.596941,-48.510537,6,217.94
-41.12,23968.89,0.00,10634.06,0.37,0.58,-0.10,-29.55,-0.15,-8.38,6.61,2.75,3.29,-27.596932,-48.510517,10,218.41
-41.10,23981.98,0.00,10630.56,-0.10,-0.04,-0.08,-28.90,12.57,-4.59,-2.48,7.08,7.67,-27.596923,-48.510497,6,218.85
-41.08,23995.07,0.00,10627.06,-0.16,-0.12,0.55,-22.16,20.51,-2.51,-6.49,6.06,7.87,-27.596914,-48.510477,9,219.25
-41.05,24008.17,0.00,10623.56,-0.27,-0.27,-0.58,-11.66,27.74,-1.65,-6.40,-4.32,-2.09,-27.596905,-48.510456,7,219.53
-41.03,24021.28,0.00,10620.06,-0.36,0.31,-0.07,4.04,28.34,-0.59,1.05,-9.26,-5.73,-27.596896,-48.510436,9,219.70
-41.01,24034.39,0.00,10616.56,0.40,-0.12,0.15,10.33,28.97,2.05,4.60,-6.20,-8.67,-27.596887,-48.510416,8,219.92
-40.98,24047.50,0.00,10613.06,-0.08,0.37,-0.09,20.93,18.61,4.31,7.65,5.40,0.01,-27.596878,-48.510396,8,220.32
-40.96,24060.63,0.00,10609.56,0.30,0.04,-0.20,28.55,11.87,6.43,2.17,7.42,2.31,-27.596869,-48.510375,6,220.69
-40.94,24073.75,0.00,10606.06,-0.01,-0.00,0.54,29.07,-4.96,10.05,-3.71,1.18,5.80,-27.596860,-48.510355,7,221.17
-40.92,24086.89,0.00,10602.56,0.01,-0.30,-0.09,29.39,-13.07,10.54,-6.76,-5.47,5.34,-27.596851,-48.510335,8,221.56
-40.89,24100.03,0.00,10599.06,0.25,-0.80,0.03,20.87,-22.74,8.82,-0.02,-6.74,-0.38,-27.596842,-48.510314,7,221.87
-40.87,24113.17,0.00,10595.56,0.87,-0.11,0.15,4.85,-26.48,12.91,5.49,-2.11,-7.00,-27.596833,-48.510294,6,222.26
-40.85,24126.33,0.00,10592.06,-0.27,-0.18,0.28,-6.24,-29.94,11.72,5.54,6.49,-4.65,-27.596824,-48.510274,6,222.60
-40.83,24139.48,0.00,10588.56,-0.62,0.83,-0.68,-17.15,-25.57,11.24,-0.13,1.38,-1.33,-27.596815,-48.510254,9,222.99
-40.80,24152.65,0.00,10585.06,-0.70,0.66,-0.11,-25.17,-17.48,8.25,-2.26,-0.69,2.61,-27.596807,-48.510233,6,223.36
-40.78,24165.82,0.00,10581.56,-0.78,-0.22,0.52,-28.28,-6.91,11.35,-4.81,-5.13,7.29,-27.596798,-48.510213,9,223.58
-40.76,24178.99,0.00,10578.06,-0.57,-1.01,0.40,-31.35,5.39,5.28,0.38,-3.45,0.51,-27.596789,-48.510193,6,223.94
-40.73,24192.17,0.00,10574.56,-0.03,0.76,0.44,-26.66,15.78,7.44,6.10,5.40,-3.44,-27.596780,-48.510173,6,224.35
-40.71,24205.36,0.00,10571.06,0.07,0.25,0.17,-18.63,25.71,1.58,7.59,6.38,-5.76,-27.596771,-48.510152,8,224.82
-40.69,24218.55,0.00,10567.56,-0.09,0.33,0.05,-5.93,33.86,0.54,5.09,2.26,-7.06,-27.596762,-48.510132,10,225.15
-40.67,24231.75,0.00,10564.06,0.05,0.08,-0.00,1.88,29.34,-0.06,-0.71,-4.30,0.40,-27.596753,-48.510112,8,225.55
-40.64,24244.95,0.00,10560.56,0.30,0.12,0.67,11.86,25.34,-0.26,-4.63,-6.25,3.88,-27.596744,-48.510091,8,225.95
-40.62,24258.16,0.00,10557.06,-1.10,-0.03,-0.12,28.31,19.20,-6.76,-3.89,-3.81,4.55,-27.596735,-48.510071,7,226.35
-40.60,24271.38,0.00,10553.56,-0.46,0.03,0.23,27.53,6.95,-9.56,1.77,3.45,4.87,-27.596726,-48.510051,9,226.72
-40.58,24284.60,0.00,10550.06,0.04,0.05,-0.22,30.91,-5.27,-12.75,5.92,4.47,-1.72,-27.596717,-48.510031,9,227.19
-40.55,24297.83,0.00,10546.56,0.45,1.60,0.13,22.86,-12.71,-7.04,5.01,3.17,-5.53,-27.596708,-48.510010,10,227.64
-40.53,24311.06,0.00,10543.06,0.54,-0.63,0.29,21.46,-26.02,-9.49,0.07,-4.43,-4.61,-27.596699,-48.509990,8,228.10
-40.51,24324.30,0.00,10539.56,-0.27,-0.52,0.55,7.05,-26.64,-8.81,-9.99,-4.89,-1.60,-27.596690,-48.509970,7,228.46
-40.48,24337.54,0.00,10536.06,-0.10,-0.14,0.31,-6.76,-28.63,-9.10,-3.66,-0.91,5.54,-27.596681,-48.509950,6,228.84
-40.46,24350.79,0.00,10532.56,0.07,0.24,0.32,-21.01,-26.36,-8.04,-1.07,3.12,6.33,-27.596672,-48.509929,8,229.23
-40.44,24364.05,0.00,10529.06,-0.82,-1.16,0.45,-23.39,-16.60,-9.96,6.95,2.74,2.87,-27.596663,-48.509909,6,229.61
-40.42,24377.31,0.00,10525.56,-0.51,-0.85,-0.11,-25.12,-3.35,-5.42,2.89,-2.99,2.39,-27.596654,-48.509889,8,230.00
-40.39,24390.58,0.00,10522.06,-0.26,0.33,0.54,-29.09,7.94,-4.41,1.60,-4.57,-5.42,-27.596645,-48.509868,10,230.47
-40.37,24403.86,0.00,10518.56,0.07,-0.03,0.10,-27.57,18.56,0.80,-5.65,-4.97,-7.53,-27.596636,-48.509848,6,230.90
-40.35,24417.14,0.00,10515.06,-0.38,0.62,-0.22,-17.67,24.92,-2.20,-6.44,-0.49,0.18,-27.596627,-48.509828,7,231.32
-40.33,24430.42,0.00,10511.56,-0.26,0.18,0.43,-5.59,33.25,3.48,-2.39,3.80,3.75,-27.596618,-48.509808,8,231.74
-40.30,24443.71,0.00,10508.06,0.13,-0.51,-0.51,7.73,26.95,4.10,3.14,2.09,5.76,-27.596609,-48.509787,8,232.09
-40.28,24457.01,0.00,10504.56,0.22,0.21,0.49,16.23,22.64,5.65,7.17,-4.13,5.40,-27.596600,-48.509767,8,232.31
-40.26,24470.31,0.00,10501.06,0.61,-0.57,-1.16,26.56,13.50,6.00,4.12,-7.57,-4.50,-27.596591,-48.509747,6,232.55
-40.23,24483.62,0.00,10497.56,-0.25,0.50,-0.38,30.38,8.24,5.17,-0.19,-5.12,-7.14,-27.596582,-48.509727,10,232.94
-40.21,24496.94,0.00,10494.06,0.12,0.92,-2.03,26.82,-8.83,7.73,-7.16,4.92,-5.91,-27.596573,-48.509706,9,233.28
-40.19,24510.26,0.00,10490.56,-0.87,-0.62,0.37,25.37,-18.97,10.61,-5.61,4.93,-1.71,-27.596564,-48.509686,9,233.65
-40.17,24523.59,0.00,10487.06,0.00,0.02,-0.04,17.74,-26.16,11.48,1.77,4.24,2.69,-27.596555,-48.509666,9,234.04
-40.14,24536.92,0.00,10483.56,-0.28,0.01,-0.41,0.59,-33.04,9.94,5.13,-4.47,5.05,-27.596546,-48.509645,7,234.32
-40.12,24550.26,0.00,10480.06,-0.90,-0.57,0.21,-7.87,-29.12,10.78,1.39,-7.34,3.44,-27.596537,-48.509625,6,234.69
-40.10,24563.60,0.00,10476.56,-0.04,1.05,-0.64,-18.72,-23.70,8.94,-1.23,1.22,-1.26,-27.596528,-48.509605,8,235.11
-40.07,24576.95,0.00,10473.06,0.39,-0.63,0.21,-28.08,-14.02,7.80,-5.71,2.82,-7.12,-27.596519,-48.509585,7,235.50
-40.05,24590.31,0.00,10469.56,0.41,-0.15,-0.45,-27.58,1.85,4.52,-4.20,6.36,-3.38,-27.596510,-48.509564,9,235.90
-40.03,24603.67,0.00,10466.06,0.65,0.52,0.28,-29.30,10.55,6.08,1.99,0.27,-4.62,-27.596501,-48.509544,9,236.31
-40.01,24617.04,0.00,10462.56,-0.06,-0.24,-0.22,-21.89,18.94,5.80,8.20,-7.62,3.90,-27.596492,-48.509524,10,236.71
-39.98,24630.41,0.00,10459.06,-0.31,0.38,0.43,-8.62,27.50,3.65,3.62,-4.46,7.63,-27.596483,-48.509504,7,237.02
-39.96,24643.79,0.00,10455.56,-1.12,0.18,-0.26,-2.20,29.95,1.81,1.78,-2.03,3.15,-27.596474,-48.509483,8,237.47
-39.94,24657.18,0.00,10452.06,-0.05,-0.27,-0.19,12.62,30.98,-2.73,-4.22,3.92,0.89,-27.596465,-48.509463,9,237.88
-39.92,24670.57,0.00,10448.56,0.45,-0.20,-0.31,18.84,20.20,-3.57,-4.62,3.73,-4.42,-27.596456,-48.509443,9,238.27
-39.89,24683.96,0.00,10445.06,-0.51,0.06,0.66,30.09,14.74,-5.03,-3.94,-1.87,-3.44,-27.596447,-48.509422,8,238.62
-39.87,24697.37,0.00,10441.56,-0.28,-0.66,0.14,33.43,-1.76,-6.50,4.88,-5.16,1.79,-27.596438,-48.509402,6,239.02
-39.85,24710.78,0.00,10438.06,-0.12,0.52,-0.59,29.30,-9.88,-11.27,8.50,-2.94,3.70,-27.596429,-48.509382,10,239.37
-39.82,24724.19,0.00,10434.56,-0.03,-0.68,-0.41,20.77,-22.41,-9.19,3.14,2.26,1.55,-27.596420,-48.509362,8,239.71
-39.80,24737.61,0.00,10431.06,0.45,-0.49,-0.29,10.99,-28.36,-10.52,-5.49,6.03,4.85,-27.596411,-48.509341,9,240.06
-39.78,24751.04,0.00,10427.56,0.15,0.08,0.05,-1.16,-31.15,-11.44,-8.81,0.66,-1.89,-27.596402,-48.509321,7,240.43
-39.76,24764.47,0.00,10424.06,-0.18,-0.31,0.19,-16.00,-29.19,-10.01,-2.85,-2.43,-6.27,-27.596393,-48.509301,6,240.88
-39.73,24777.91,0.00,10420.56,-0.30,-0.34,0.20,-19.86,-20.62,-8.47,4.65,-4.57,-6.17,-27.596384,-48.509281,8,241.20
-39.71,24791.35,0.00,10417.06,-0.11,0.08,-0.12,-28.11,-5.44,-8.60,6.47,-2.92,-2.08,-27.596375,-48.509260,6,241.60
-39.69,24804.81,0.00,10413.56,-0.05,0.46,0.50,-31.24,5.71,-5.42,3.32,2.94,2.23,-27.596366,-48.509240,7,241.94
-39.67,24818.26,0.00,10410.06,-0.05,0.71,0.65,-26.16,14.42,-5.58,-0.93,7.46,5.38,-27.596357,-48.509220,7,242.35
-39.64,24831.72,0.00,10406.56,0.11,-0.44,0.30,-21.19,24.67,-1.31,-6.00,0.49,6.04,-27.596348,-48.509199,6,242.78
-39.62,24845.19,0.00,10403.06,-0.17,-0.54,-0.55,-12.69,27.87,-3.59,-6.06,-2.89,-4.41,-27.596339,-48.509179,7,243.25
-39.60,24858.67,0.00,10399.56,0.58,-0.24,-0.26,0.11,26.87,-2.13,1.76,-5.28,-6.15,-27.596330,-48.509159,8,243.65
-39.57,24872.15,0.00,10396.06,-0.16,-0.15,0.60,13.53,26.55,5.80,2.98,-8.85,-0.15,-27.596321,-48.509139,10,244.07
-39.55,24885.63,0.00,10392.56,-0.06,0.29,-0.16,24.10,20.40,3.18,5.48,4.79,0.98,-27.596312,-48.509118,7,244.45
-39.53,24899.12,0.00,10389.06,0.25,-0.74,-0.72,28.02,8.41,6.74,-1.27,8.00,-0.37,-27.596303,-48.509098,10,244.92
-39.51,24912.62,0.00,10385.56,-0.15,0.61,-0.26,28.72,-3.78,7.01,-5.82,-0.34,6.16,-27.596294,-48.509078,8,245.27
-39.48,24926.12,0.00,10382.06,-0.56,0.37,0.20,23.83,-18.43,8.86,-4.01,-4.23,1.73,-27.596285,-48.509058,10,245.66
-39.46,24939.63,0.00,10378.56,-0.25,-0.08,-0.26,18.81,-21.11,11.52,-1.56,-5.40,-2.70,-27.596277,-48.509037,9,246.10
-39.44,24953.15,0.00,10375.06,-0.51,0.72,0.50,3.76,-29.41,12.74,4.28,-1.00,-2.65,-27.596268,-48.509017,7,246.50
-39.42,24966.67,0.00,10371.56,0.79,-0.34,0.23,-6.31,-31.09,7.56,7.20,6.09,-6.54,-27.596259,-48.508997,9,246.80
-39.39,24980.20,0.00,10368.06,0.03,0.15,-0.56,-15.61,-23.36,11.88,2.28,7.17,-3.27,-27.596250,-48.508976,6,247.12
-39.37,24993.73,0.00,10364.56,-0.31,0.56,0.47,-23.18,-17.84,6.29,-5.53,1.50,6.31,-27.596241,-48.508956,7,247.51
-39.35,25007.27,0.00,10361.06,0.57,0.26,-0.30,-30.84,-6.25,5.93,-3.97,-7.70,5.75,-27.596232,-48.508936,8,247.87
-39.32,25020.82,0.00,10357.56,0.25,0.27,0.49,-27.79,8.25,3.74,-2.01,-3.03,1.77,-27.596223,-48.508916,6,248.31
-39.30,25034.37,0.00,10354.06,0.11,-0.69,0.81,-25.91,15.21,7.64,4.69,1.64,1.95,-27.596214,-48.508895,10,248.71
-39.28,25047.92,0.00,10350.56,0.18,0.02,0.51,-14.22,26.31,-0.96,6.60,4.94,-5.39,-27.596205,-48.508875,7,249.09
-39.26,25061.49,0.00,10347.06,-0.09,0.18,-0.67,-2.71,33.79,1.45,5.05,4.84,-5.66,-27.596196,-48.508855,10,249.51
-39.23,25075.06,0.00,10343.56,-0.17,-0.43,-0.27,6.13,32.50,-1.40,-3.92,-5.12,1.62,-27.596187,-48.508835,8,249.85
-39.21,25088.63,0.00,10340.06,-0.59,-0.57,0.51,16.47,26.06,-2.67,-6.60,-9.39,4.05,-27.596178,-48.508814,7,250.13
-39.19,25102.21,0.00,10336.56,-0.15,-0.66,-0.16,26.10,14.87,-4.00,-4.20,-0.79,5.00,-27.596169,-48.508794,6,250.47
-39.16,25115.80,0.00,10333.06,1.09,-0.61,0.28,28.56,4.55,-8.35,4.85,2.65,1.14,-27.596160,-48.508774,9,250.90
-39.14,25129.39,0.00,10329.56,0.53,0.01,0.26,28.15,-9.62,-8.55,8.36,7.92,-1.17,-27.596151,-48.508753,10,251.30
-39.12,25142.99,0.00,10326.06,0.12,0.30,0.32,23.08,-17.79,-14.07,3.91,-0.92,-6.75,-27.596142,-48.508733,7,251.65
-39.10,25156.59,0.00,10322.56,0.71,0.33,0.69,12.53,-25.13,-11.30,1.67,-4.36,-2.93,-27.596133,-48.508713,6,252.15
-39.07,25170.20,0.00,10319.06,-0.72,-0.09,0.56,-0.97,-34.35,-8.35,-7.46,-6.87,0.78,-27.596124,-48.508693,7,252.55
-39.05,25183.82,0.00,10315.56,-0.82,0.51,-0.29,-9.14,-25.24,-9.52,-10.52,3.28,8.58,-27.596115,-48.508672,10,253.01
-39.03,25197.44,0.00,10312.06,0.42,0.20,0.71,-16.66,-21.20,-12.27,-0.41,9.27,7.70,-27.596106,-48.508652,9,253.44
-39.01,25211.07,0.00,10308.56,-0.27,-0.58,-0.48,-25.69,-13.56,-11.64,5.72,4.07,0.66,-27.596097,-48.508632,8,253.80
-38.98,25224.71,0.00,10305.06,0.19,0.10,-0.05,-32.89,-4.12,-5.63,7.52,-2.03,-2.19,-27.596088,-48.508612,7,254.24
-38.96,25238.35,0.00,10301.56,0.21,0.19,-0.51,-24.60,10.02,-1.37,-1.11,-2.21,-7.39,-27.596079,-48.508591,9,254.67
-38.94,25251.99,0.00,10298.06,0.75,0.31,-0.73,-22.76,17.63,-7.64,-2.79,-2.82,-0.97,-27.596070,-48.508571,10,255.10
-38.91,25265.65,0.00,10294.56,-1.44,0.62,0.06,-12.07,29.07,-4.39,-7.02,2.89,-0.75,-27.596061,-48.508551,6,255.31
-38.89,25279.30,0.00,10291.06,-0.60,-1.37,-0.22,-1.22,28.97,-0.01,-0.67,5.12,6.25,-27.596052,-48.508530,10,255.58
-38.87,25292.97,0.00,10287.56,-0.95,-0.69,-0.20,8.70,25.57,0.88,4.93,6.44,5.17,-27.596043,-48.508510,10,255.81
-38.85,25306.64,0.00,10284.06,0.73,-0.31,0.62,20.58,24.67,7.46,8.50,-3.33,2.95,-27.596034,-48.508490,8,256.05
-38.82,25320.32,0.00,10280.56,-0.54,0.40,-0.26,29.08,8.88,3.43,1.98,-6.49,-5.27,-27.596025,-48.508470,8,256.32
-38.80,25334.00,0.00,10277.06,-0.31,0.66,-0.60,31.71,1.68,5.81,-1.71,-2.19,-3.07,-27.596016,-48.508449,9,256.55
-38.78,25347.69,0.00,10273.56,-0.37,-0.30,0.29,25.46,-11.13,12.75,-6.07,3.91,-7.77,-27.596007,-48.508429,9,256.82
-38.76,25361.38,0.00,10270.06,0.05,-0.58,0.21,19.80,-21.38,8.27,-0.90,4.05,1.11,-27.595998,-48.508409,10,257.15
-38.73,25375.08,0.00,10266.56,0.51,0.59,-0.71,10.43,-26.62,9.03,3.41,4.60,4.20,-27.595989,-48.508388,9,257.49
-38.71,25388.79,0.00,10263.06,0.45,0.01,-0.50,0.01,-28.60,11.21,5.74,-3.87,3.38,-27.595980,-48.508368,7,257.90
-38.69,25402.50,0.00,10259.56,0.20,0.08,0.27,-11.25,-25.39,10.75,2.75,-4.87,2.40,-27.595971,-48.508348,10,258.30
-38.66,25416.22,0.00,10256.06,0.12,1.03,-0.00,-20.11,-20.62,7.67,-2.83,1.74,-0.92,-27.595962,-48.508328,8,258.73
-38.64,25429.94,0.00,10252.56,-0.05,-0.03,-0.94,-23.93,-13.49,6.58,-1.73,4.02,-8.28,-27.595953,-48.508307,7,259.15
-38.62,25443.67,0.00,10249.06,-0.76,-0.28,-0.29,-29.82,0.30,9.60,-4.08,4.07,-8.89,-27.595944,-48.508287,10,259.51
-38.60,25457.41,0.00,10245.56,-0.08,-0.17,0.06,-26.65,15.04,6.49,2.88,0.23,-0.41,-27.595935,-48.508267,10,259.93
-38.57,25471.15,0.00,10242.06,-0.34,-0.00,-0.55,-18.78,21.33,4.09,6.07,-5.21,7.06,-27.595926,-48.508247,9,260.31
-38.55,25484.90,0.00,10238.56,0.01,0.24,0.57,-10.16,28.01,1.46,4.82,-2.49,9.69,-27.595917,-48.508226,7,260.73
-38.53,25498.65,0.00,10235.06,-0.41,-0.05,0.60,-0.04,31.05,-1.07,0.95,1.25,0.92,-27.595908,-48.508206,8,261.22
-38.51,25512.41,0.00,10231.56,0.04,0.49,0.18,15.02,27.85,-2.29,-3.81,3.77,-2.42,-27.595899,-48.508186,9,261.54
-38.48,25526.18,0.00,10228.06,-1.04,0.29,0.23,22.93,19.55,-4.75,-5.17,2.55,-5.65,-27.595890,-48.508165,8,261.93
-38.46,25539.95,0.00,10224.56,-0.85,-0.32,1.13,26.14,7.07,-5.20,-4.11,-1.53,-2.31,-27.595881,-48.508145,9,262.42
-38.44,25553.73,0.00,10221.06,-0.03,0.92,0.12,30.33,-1.49,-5.35,7.14,-3.07,1.39,-27.595872,-48.508125,8,262.80
-38.41,25567.51,0.00,10217.56,0.09,0.89,-0.92,29.52,-17.14,-10.18,6.66,-2.45,4.14,-27.595863,-48.508105,8,263.14
-38.39,25581.30,0.00,10214.06,0.22,-0.20,0.00,16.31,-21.24,-9.21,1.07,1.32,3.04,-27.595854,-48.508084,7,263.50
-38.37,25595.10,0.00,10210.56,1.31,0.32,0.34,6.63,-31.06,-7.27,-3.23,3.36,3.26,-27.595845,-48.508064,10,263.79
-38.35,25608.90,0.00,10207.06,-0.09,-1.12,-0.31,-2.47,-29.79,-11.25,-4.10,1.86,-4.81,-27.595836,-48.508044,9,264.14
-38.32,25622.71,0.00,10203.56,0.08,-0.25,0.19,-16.60,-27.30,-13.20,-0.67,-4.95,-5.07,-27.595827,-48.508024,10,264.58
-38.30,25636.53,0.00,10200.06,-0.09,0.04,-0.39,-26.41,-23.00,-8.24,4.34,-6.64,-2.22,-27.595818,-48.508003,6,264.95
-38.28,25650.35,0.00,10196.56,0.56,-0.57,-0.41,-29.12,-7.81,-8.16,5.10,-1.13,1.66,-27.595809,-48.507983,6,265.41
-38.25,25664.17,0.00,10193.06,0.19,-0.21,0.90,-26.09,6.27,-7.65,3.22,3.08,4.35,-27.595800,-48.507963,8,265.84
-38.23,25678.00,0.00,10189.56,0.36,-0.16,0.10,-23.42,13.72,-1.48,-3.86,6.44,6.91,-27.595791,-48.507942,9,266.22
-38.21,25691.84,0.00,10186.06,-0.16,-0.27,-0.06,-13.96,25.61,-5.07,-3.76,1.45,3.41,-27.595782,-48.507922,6,266.50
-38.19,25705.69,0.00,10182.56,0.23,1.27,0.19,-8.92,29.17,4.82,-1.24,-2.49,-1.51,-27.595773,-48.507902,9,266.82
-38.16,25719.54,0.00,10179.06,0.03,0.26,-0.59,1.25,30.92,-1.14,2.96,-4.06,-5.78,-27.595764,-48.507882,7,267.21
-38.14,25733.40,0.00,10175.56,-0.33,-0.47,1.08,17.35,23.98,5.86,8.28,0.85,-5.31,-27.595755,-48.507861,6,267.69
-38.12,25747.26,0.00,10172.06,-0.48,0.32,0.46,24.60,11.88,2.17,4.91,4.33,0.15,-27.595746,-48.507841,6,268.11
-38.10,25761.13,0.00,10168.56,0.59,-0.07,0.68,29.76,5.10,6.13,0.37,1.74,5.62,-27.595738,-48.507821,6,268.52
-38.07,25775.00,0.00,10165.06,0.09,-0.29,0.10,29.88,-4.13,9.14,-5.21,-1.25,7.43,-27.595729,-48.507801,9,268.84
-38.05,25788.88,0.00,10161.56,-0.24,0.38,-0.08,22.07,-20.94,10.04,-8.15,-3.45,3.25,-27.595720,-48.507780,10,269.25
-38.03,25802.77,0.00,10158.06,-0.65,-0.16,0.01,16.73,-22.66,7.45,0.85,-7.24,-0.08,-27.595711,-48.507760,10,269.64
-38.00,25816.66,0.00,10154.56,-1.04,-0.29,-0.17,2.18,-29.40,8.20,6.02,0.51,-8.67,-27.595702,-48.507740,9,270.06
-37.98,25830.56,0.00,10151.06,0.10,-1.17,-0.34,-8.66,-27.77,6.99,7.45,4.53,-3.48,-27.595693,-48.507719,8,270.46
-37.96,25844.47,0.00,10147.56,-0.19,-0.63,0.71,-16.60,-25.20,9.18,-1.28,1.98,1.39,-27.595684,-48.507699,7,270.90
-37.94,25858.38,0.00,10144.06,-0.27,0.38,-0.40,-28.30,-15.41,9.41,-5.26,-0.36,5.78,-27.595675,-48.507679,10,271.32
-37.91,25872.29,0.00,10140.56,0.42,0.18,0.30,-29.39,-10.06,7.92,-5.57,-4.85,7.03,-27.595666,-48.507659,7,271.74
-37.89,25886.22,0.00,10137.06,-0.58,0.46,0.31,-29.42,6.67,5.48,-2.30,-2.92,1.07,-27.595657,-48.507638,9,272.18
-37.87,25900.15,0.00,10133.56,-0.38,-0.30,0.59,-26.78,18.15,2.34,4.64,3.91,-3.81,-27.595648,-48.507618,9,272.56
-37.85,25914.08,0.00,10130.06,0.20,0.25,0.17,-15.18,22.58,4.77,4.84,5.30,-2.69,-27.595639,-48.507598,7,272.90
-37.82,25928.02,0.00,10126.56,0.34,-1.10,0.14,1.48,29.21,0.46,-1.43,2.38,-2.52,-27.595630,-48.507578,8,273.37
-37.80,25941.97,0.00,10123.06,-0.29,-0.02,0.70,9.30,30.77,-3.94,-1.00,-4.21,-1.92,-27.595621,-48.507557,10,273.79
-37.78,25955.93,0.00,10119.56,-0.32,-0.19,-0.17,19.57,24.32,-3.08,-7.23,-8.93,3.90,-27.595612,-48.507537,7,274.21
-37.75,25969.89,0.00,10116.06,0.46,0.18,-0.15,28.18,14.80,-11.01,-1.56,-1.73,2.98,-27.595603,-48.507517,9,274.59
-37.73,25983.85,0.00,10112.56,-0.05,-0.09,0.96,27.27,2.93,-7.39,1.34,6.44,7.80,-27.595594,-48.507496,10,274.98
-37.71,25997.82,0.00,10109.06,0.68,0.14,0.61,28.18,-9.60,-6.54,7.67,5.28,-2.77,-27.595585,-48.507476,7,275.37
-37.69,26011.80,0.00,10105.56,0.04,0.13,-0.45,24.73,-20.24,-7.91,2.32,-1.11,-3.62,-27.595576,-48.507456,6,275.74
-37.66,26025.78,0.00,10102.06,0.03,0.91,0.13,14.94,-25.75,-10.59,-2.96,-7.85,-0.48,-27.595567,-48.507436,9,276.15
-37.64,26039.77,0.00,10098.56,-0.41,-0.53,-0.19,1.62,-27.84,-7.96,-6.66,-4.86,0.01,-27.595558,-48.507415,7,276.53
-37.62,26053.77,0.00,10095.06,0.22,0.46,0.64,-10.63,-27.74,-10.26,-7.74,2.40,4.77,-27.595549,-48.507395,10,276.84
-37.60,26067.77,0.00,10091.56,-0.13,0.30,-0.03,-19.89,-20.21,-8.36,3.54,6.95,0.19,-27.595540,-48.507375,7,277.09
-37.57,26081.78,0.00,10088.06,-0.02,-0.48,0.15,-28.93,-12.92,-6.90,5.37,4.34,2.58,-27.595531,-48.507355,6,277.41
-37.55,26095.80,0.00,10084.56,0.81,0.39,0.78,-32.02,-1.00,-10.22,5.15,-3.81,-1.88,-27.595522,-48.507334,9,277.88
-37.53,26109.82,0.00,10081.06,0.38,0.08,0.21,-28.14,9.87,-7.19,-2.75,-9.48,-5.26,-27.595513,-48.507314,9,278.26
-37.50,26123.84,0.00,10077.56,0.43,0.02,-0.22,-22.04,20.72,-6.34,-12.16,-2.99,-3.90,-27.595504,-48.507294,9,278.62
-37.48,26137.88,0.00,10074.06,-0.54,0.55,-0.65,-11.18,26.32,-1.43,-3.05,4.23,0.34,-27.595495,-48.507273,10,279.09
-37.46,26151.92,0.00,10070.56,0.08,1.00,-0.04,3.41,28.80,-2.44,-2.85,6.75,3.85,-27.595486,-48.507253,7,279.52
-37.44,26165.96,0.00,10067.06,0.39,-0.06,-0.40,13.60,27.74,2.66,6.91,3.03,4.84,-27.595477,-48.507233,9,279.84
-37.41,26180.01,0.00,10063.56,-0.07,-0.01,0.14,23.43,21.87,3.85,6.82,-4.75,1.11,-27.595468,-48.507213,6,280.34
-37.39,26194.07,0.00,10060.06,0.40,0.83,0.76,30.64,12.19,6.05,1.63,-3.66,-4.52,-27.595459,-48.507192,10,280.60
-37.37,26208.13,0.00,10056.56,0.37,0.44,-0.47,26.11,-2.89,5.84,-4.98,1.21,-5.07,-27.595450,-48.507172,7,280.96
-37.34,26222.20,0.00,10053.06,1.03,-0.59,-0.66,23.47,-11.21,10.87,-5.06,2.34,-5.90,-27.595441,-48.507152,7,281.40
-37.32,26236.28,0.00,10049.56,-0.14,-0.17,0.66,21.03,-18.22,7.72,-0.87,5.51,2.85,-27.595432,-48.507132,9,281.73
-37.30,26250.36,0.00,10046.06,0.53,-0.20,0.11,11.34,-27.45,10.18,1.91,-0.57,3.40,-27.595423,-48.507111,10,282.07
-37.28,26264.45,0.00,10042.56,0.09,-0.30,-0.43,-4.77,-27.98,12.14,7.17,-7.98,2.55,-27.595414,-48.507091,9,282.43
-37.25,26278.54,0.00,10039.06,0.49,-0.03,-1.01,-13.93,-26.35,11.45,1.77,-7.38,-0.02,-27.595405,-48.507071,6,282.88
-37.23,26292.64,0.00,10035.56,0.23,0.28,-0.56,-27.73,-16.64,5.93,-3.98,-0.52,-0.34,-27.595396,-48.507050,8,283.27
-37.21,26306.75,0.00,10032.06,-0.28,0.00,-0.45,-29.65,-12.27,10.77,-5.54,6.85,-4.67,-27.595387,-48.507030,9,283.56
-37.19,26320.86,0.00,10028.56,-1.26,0.59,0.63,-29.04,3.90,8.46,-5.49,3.11,-1.48,-27.595378,-48.507010,8,283.87
-37.16,26334.98,0.00,10025.06,0.57,0.04,-0.98,-25.77,15.48,8.20,3.17,-1.41,-1.58,-27.595369,-48.506990,6,284.29
-37.14,26349.10,0.00,10021.56,-0.31,-0.26,0.24,-19.54,22.87,3.97,7.82,-6.81,6.46,-27.595360,-48.506969,8,284.68
-37.12,26363.23,0.00,10018.06,0.14,-0.54,0.60,-8.07,29.24,0.32,2.39,-3.37,6.07,-27.595351,-48.506949,8,284.95
-37.09,26377.37,0.00,10014.56,-0.83,-0.29,-0.70,3.76,30.08,-1.98,-4.34,-0.66,2.90,-27.595342,-48.506929,7,285.33
-37.07,26391.51,0.00,10011.06,0.37,0.35,0.60,13.53,26.13,-4.16,-5.53,5.00,-5.59,-27.595333,-48.506909,10,285.73
-37.05,26405.66,0.00,10007.56,-0.39,-1.53,0.59,22.72,17.64,-2.36,-5.03,-1.38,-2.77,-27.595324,-48.506888,7,286.22
-37.03,26419.82,0.00,10004.06,0.92,0.82,-0.16,30.86,9.08,-6.60,4.02,-3.78,-1.45,-27.595315,-48.506868,10,286.59
-37.00,26433.98,0.00,10000.56,-0.08,-0.68,-0.34,29.72,-4.52,-6.66,4.58,-9.00,0.76,-27.595306,-48.506848,7,287.05
-36.98,26448.15,0.00,9997.06,-0.04,-1.29,0.54,26.30,-17.91,-8.94,4.29,-5.31,5.04,-27.595297,-48.506827,8,287.44
-36.96,26462.32,0.00,9993.56,-0.30,-0.25,-0.16,14.97,-21.88,-5.98,0.48,5.05,4.12,-27.595288,-48.506807,7,287.84
-36.94,26476.50,0.00,9990.06,0.79,-0.95,0.55,6.59,-29.31,-10.76,-5.66,6.95,1.69,-27.595279,-48.506787,6,288.22
-36.91,26490.68,0.00,9986.56,0.92,-0.51,0.77,-6.59,-30.72,-7.94,-5.59,3.65,-1.55,-27.595270,-48.506767,8,288.61
-36.89,26504.88,0.00,9983.06,0.83,-0.21,-1.26,-18.32,-28.35,-10.95,1.20,-2.91,-5.31,-27.595261,-48.506746,7,289.08
-36.87,26519.08,0.00,9979.56,0.01,-0.28,0.44,-26.36,-16.72,-11.33,3.53,-1.47,-2.24,-27.595252,-48.506726,10,289.55
-36.84,26533.28,0.00,9976.06,0.33,0.01,-0.14,-30.90,-10.90,-10.82,6.09,-3.20,-0.19,-27.595243,-48.506706,7,289.93
-36.82,26547.49,0.00,9972.56,0.74,-0.22,-0.39,-33.76,4.88,-7.99,1.85,7.28,5.98,-27.595234,-48.506686,6,290.24
-36.80,26561.71,0.00,9969.06,0.78,0.33,-0.97,-23.33,18.72,-6.98,-2.32,4.65,4.14,-27.595225,-48.506665,7,290.61
-36.78,26575.93,0.00,9965.56,0.18,0.58,-0.17,-14.11,23.59,-2.44,-6.78,1.75,4.13,-27.595216,-48.506645,9,290.94
-36.75,26590.16,0.00,9962.06,-0.38,-0.25,-0.10,-4.89,28.27,0.45,-1.73,-10.29,-2.94,-27.595208,-48.506625,10,291.36
-36.73,26604.39,0.00,9958.56,0.67,-0.82,0.82,6.93,30.10,5.00,1.69,-5.71,-5.51,-27.595199,-48.506604,8,291.76
-36.71,26618.64,0.00,9955.06,0.34,-0.49,-0.11,16.65,24.78,2.40,6.49,1.73,-1.54,-27.595190,-48.506584,7,292.07
-36.69,26632.88,0.00,9951.56,-0.45,0.30,0.37,25.68,13.04,6.30,3.59,5.69,1.44,-27.595181,-48.506564,8,292.32
-36.66,26647.14,0.00,9948.06,0.56,-0.18,-0.10,29.47,1.65,8.33,-2.57,5.04,3.80,-27.595172,-48.506544,10,292.70
-36.64,26661.40,0.00,9944.56,-0.38,0.45,0.70,30.18,-8.82,10.45,-6.29,-2.33,4.37,-27.595163,-48.506523,6,293.15
-36.62,26675.66,0.00,9941.06,0.41,0.43,-0.05,22.72,-20.03,7.87,-3.63,-6.71,1.34,-27.595154,-48.506503,9,293.58
-36.59,26689.94,0.00,9937.56,-0.48,0.73,-0.17,13.34,-26.18,11.73,3.19,-2.11,-1.18,-27.595145,-48.506483,6,293.95
-36.57,26704.21,0.00,9934.06,-0.26,0.03,-0.44,1.29,-27.52,8.75,4.18,3.16,-6.60,-27.595136,-48.506463,9,294.40
-36.55,26718.50,0.00,9930.56,0.01,0.94,-0.73,-7.36,-28.46,11.04,4.58,7.55,-4.41,-27.595127,-48.506442,6,294.77
-36.53,26732.79,0.00,9927.06,1.15,-0.52,-0.67,-20.48,-25.74,7.34,1.20,0.45,1.15,-27.595118,-48.506422,8,295.22
-36.50,26747.09,0.00,9923.56,-0.53,0.25,0.37,-28.93,-10.53,7.85,-6.89,-4.85,3.08,-27.595109,-48.506402,7,295.54
-36.48,26761.39,0.00,9920.06,0.40,0.61,-0.73,-28.13,-0.85,9.41,-3.54,-4.51,5.98,-27.595100,-48.506381,7,295.94
-36.46,26775.70,0.00,9916.56,-0.37,-0.60,-0.09,-27.68,9.59,7.26,-1.31,-0.56,3.99,-27.595091,-48.506361,6,296.31
-36.43,26790.01,0.00,9913.06,0.32,0.39,-0.40,-21.17,18.37,6.33,5.69,5.03,-4.98,-27.595082,-48.506341,8,296.68
-36.41,26804.34,0.00,9909.56,-0.97,0.49,0.71,-15.00,29.73,3.51,6.70,7.87,-6.11,-27.595073,-48.506321,6,297.09
-36.39,26818.66,0.00,9906.06,0.62,-0.48,0.65,2.22,26.89,3.22,0.71,-2.53,-4.11,-27.595064,-48.506300,9,297.49
-36.37,26833.00,0.00,9902.56,-0.53,0.06,-0.27,9.87,29.21,-3.53,-4.44,-5.97,0.09,-27.595055,-48.506280,10,297.93
-36.34,26847.34,0.00,9899.06,0.66,-0.09,0.05,22.12,22.73,-0.92,-2.14,-3.56,4.82,-27.595046,-48.506260,6,298.30
-36.32,26861.69,0.00,9895.56,-0.58,-0.15,-0.30,24.88,13.29,-4.26,-0.55,0.01,4.13,-27.595037,-48.506240,7,298.73
-36.30,26876.04,0.00,9892.06,0.89,-0.59,-0.46,31.73,2.20,-7.31,5.68,6.15,1.39,-27.595028,-48.506219,9,299.22
-36.28,26890.40,0.00,9888.56,0.35,-0.16,-0.48,26.08,-7.54,-7.66,7.24,7.11,-5.37,-27.595019,-48.506199,7,299.55
-36.25,26904.76,0.00,9885.06,-0.33,0.59,-0.93,18.99,-19.93,-7.04,0.47,-1.39,-8.67,-27.595010,-48.506179,7,299.99
-36.23,26919.13,0.00,9881.56,0.55,-0.39,-0.14,12.86,-27.00,-13.11,-3.93,-6.48,-4.83,-27.595001,-48.506158,8,300.36
-36.21,26933.51,0.00,9878.06,1.50,0.78,0.40,1.66,-30.29,-10.27,-4.32,-2.56,2.09,-27.594992,-48.506138,8,300.74
-36.18,26947.90,0.00,9874.56,0.11,0.03,0.08,-13.20,-27.48,-10.30,-2.96,1.00,6.12,-27.594983,-48.506118,9,301.03
-36.16,26962.29,0.00,9871.06,0.05,0.40,0.22,-19.27,-21.26,-7.53,-0.84,6.35,5.42,-27.594974,-48.506098,6,301.47
-36.14,26976.68,0.00,9867.56,0.19,0.11,-0.13,-28.15,-10.30,-6.67,8.83,1.69,-0.04,-27.594965,-48.506077,9,301.85
-36.12,26991.09,0.00,9864.06,-0.09,-0.85,0.08,-26.30,0.82,-8.27,2.29,-3.93,-3.83,-27.594956,-48.506057,7,302.34
-36.09,27005.49,0.00,9860.56,-0.00,0.16,1.12,-25.93,12.52,-4.57,-3.19,-6.97,-3.29,-27.594947,-48.506037,8,302.76
-36.07,27019.91,0.00,9857.06,-0.04,-0.41,-0.98,-20.08,24.16,-5.25,-5.79,-2.27,-2.18,-27.594938,-48.506017,7,303.22
-36.05,27034.33,0.00,9853.56,-0.27,-0.22,-0.42,-10.76,25.52,-1.21,-7.02,4.26,5.09,-27.594929,-48.505996,6,303.60
-36.03,27048.76,0.00,9850.06,-0.57,-0.45,-0.57,3.79,31.19,-1.01,2.12,6.85,4.09,-27.594920,-48.505976,10,304.00
-36.00,27063.19,0.00,9846.56,1.13,0.07,0.02,13.02,23.97,3.59,8.58,-1.23,5.86,-27.594911,-48.505956,6,304.42
-35.98,27077.63,0.00,9843.06,-0.13,-0.27,0.38,26.01,20.66,2.45,6.93,-4.64,-0.02,-27.594902,-48.505935,6,304.74
-35.96,27092.08,0.00,9839.56,-0.13,0.32,0.06,24.70,10.20,5.21,1.57,-5.67,-1.98,-27.594893,-48.505915,9,305.17
-35.93,27106.53,0.00,9836.06,-0.59,0.88,0.33,30.72,-5.86,10.62,-7.30,-1.19,-3.66,-27.594884,-48.505895,7,305.51
-35.91,27120.99,0.00,9832.56,0.01,-0.42,-0.14,27.10,-16.50,8.32,-4.95,4.96,-2.21,-27.594875,-48.505875,6,305.85
-35.89,27135.45,0.00,9829.06,1.86,0.33,-0.41,16.49,-24.07,12.71,1.34,5.86,1.43,-27.594866,-48.505854,9,306.30
-35.87,27149.92,0.00,9825.56,-0.30,-0.49,0.59,9.22,-27.58,9.44,4.95,1.10,3.96,-27.594857,-48.505834,7,306.64
-35.84,27164.40,0.00,9822.06,0.52,0.22,0.16,-7.46,-21.90,8.31,6.22,-7.29,3.99,-27.594848,-48.505814,8,307.02
-35.82,27178.89,0.00,9818.56,0.95,-0.73,0.17,-13.33,-25.20,8.66,5.10,-7.21,-3.90,-27.594839,-48.505794,7,307.28
-35.80,27193.38,0.00,9815.06,0.43,0.23,-0.57,-19.74,-17.19,9.35,-2.74,3.87,-4.08,-27.594830,-48.505773,10,307.62
-35.78,27207.87,0.00,9811.56,-0.54,-0.49,0.20,-27.38,-8.74,9.43,-5.20,5.62,-4.15,-27.594821,-48.505753,8,307.87
-35.75,27222.37,0.00,9808.06,-0.00,-0.76,-0.06,-32.27,3.11,5.32,-3.26,5.64,-1.39,-27.594812,-48.505733,9,308.16
-35.73,27236.88,0.00,9804.56,-0.52,0.11,-0.04,-26.94,14.08,2.70,5.17,-2.44,1.56,-27.594803,-48.505712,6,308.57
-35.71,27251.40,0.00,9801.06,0.28,-0.13,0.49,-16.53,19.98,2.57,8.65,-5.50,5.52,-27.594794,-48.505692,10,308.75
-35.68,27265.92,0.00,9797.56,0.52,0.76,0.04,-7.56,25.56,-0.78,1.79,-2.37,5.51,-27.594785,-48.505672,10,308.97
-35.66,27280.45,0.00,9794.06,-0.46,-0.13,1.24,4.76,29.14,-0.23,-2.44,3.60,1.00,-27.594776,-48.505652,10,309.21
-35.64,27294.98,0.00,9790.56,0.50,0.28,0.58,15.25,23.98,-2.34,-3.48,5.50,-4.51,-27.594767,-48.505631,7,309.53
-35.62,27309.52,0.00,9787.06,0.47,0.62,-0.02,23.19,20.07,-4.41,-3.97,4.82,-7.34,-27.594758,-48.505611,8,309.90
-35.59,27324.07,0.00,9783.56,0.09,-0.10,-0.78,29.01,3.73,-5.04,2.30,-2.82,-4.25,-27.594749,-48.505591,9,310.31
-35.57,27338.62,0.00,9780.06,-0.53,-0.32,-0.83,29.41,-8.22,-9.69,6.95,-8.03,-0.27,-27.594740,-48.505571,10,311.35
-35.55,27353.18,0.00,9776.56,-0.19,0.14,-0.43,27.33,-18.67,-8.93,3.86,-1.40,5.71,-27.594731,-48.505550,10,311.66
-35.52,27367.74,0.00,9773.06,-0.46,-0.88,-0.19,12.47,-24.83,-12.47,-1.02,2.26,4.73,-27.594722,-48.505530,10,311.94
-35.50,27382.31,0.00,9769.56,0.20,0.28,-0.30,9.65,-30.49,-10.77,-6.90,6.39,2.72,-27.594713,-48.505510,10,312.20
-35.48,27396.89,0.00,9766.06,-0.56,-0.16,0.85,-8.30,-30.33,-12.94,-4.95,0.28,-2.89,-27.594704,-48.505489,6,312.47
-35.46,27411.48,0.00,9762.56,-0.15,0.87,1.00,-18.09,-24.32,-10.87,1.25,-6.97,-2.79,-27.594695,-48.505469,8,312.74
-35.43,27426.07,0.00,9759.06,0.78,-0.40,1.00,-27.16,-15.54,-5.28,5.28,-3.58,-0.67,-27.594686,-48.505449,6,313.00
-35.41,27440.66,0.00,9755.56,0.52,-0.18,1.34,-33.22,-0.80,-8.90,2.87,-1.55,4.50,-27.594678,-48.505429,9,313.26
-35.39,27455.27,0.00,9752.06,0.03,0.66,-0.25,-28.03,8.66,-4.77,2.64,2.11,7.22,-27.594669,-48.505408,6,313.51
-35.37,27469.88,0.00,9748.56,-0.14,-0.08,-0.24,-20.30,16.95,-5.60,-4.64,4.83,4.82,-27.594660,-48.505388,8,313.78
-35.34,27484.49,0.00,9745.06,0.87,-0.41,-0.25,-11.20,26.14,-4.22,-6.60,-1.25,2.09,-27.594651,-48.505368,8,314.03
-35.32,27499.11,0.00,9741.56,-0.16,0.51,-0.55,-3.57,30.65,-4.33,-2.76,-3.32,-4.94,-27.594642,-48.505348,6,314.28
-35.30,27513.74,0.00,9738.06,0.72,-0.20,-0.20,6.87,28.99,2.33,3.72,-1.18,-5.12,-27.594633,-48.505327,7,314.55
-35.27,27528.37,0.00,9734.56,-0.30,-0.55,-1.14,18.38,21.29,1.05,3.25,3.98,-5.49,-27.594624,-48.505307,6,314.75
-35.25,27543.02,0.00,9731.06,-0.64,-0.13,-0.64,26.83,15.19,4.26,0.44,7.72,2.04,-27.594615,-48.505287,7,315.01
-35.23,27557.66,0.00,9727.56,0.48,-0.34,0.70,30.75,3.38,3.17,-2.95,-0.29,6.11,-27.594606,-48.505266,9,315.28
-35.21,27572.32,0.00,9724.06,0.05,-0.18,-0.78,32.60,-10.65,10.82,-3.33,-1.94,8.73,-27.594597,-48.505246,10,315.55
-35.18,27586.97,0.00,9720.56,-1.11,-0.01,-0.13,23.89,-22.16,8.85,-5.61,-7.19,-0.74,-27.594588,-48.505226,9,315.78
-35.16,27601.64,0.00,9717.06,-1.70,-0.26,-0.82,15.12,-26.13,10.76,0.54,-5.12,-3.48,-27.594579,-48.505206,7,316.02
-35.14,27616.31,0.00,9713.56,0.49,-0.48,-1.15,3.78,-29.95,10.87,6.78,1.58,-6.32,-27.594570,-48.505185,10,316.29
-35.12,27630.99,0.00,9710.06,-0.24,0.66,0.82,-12.08,-26.23,6.13,6.90,3.53,-5.25,-27.594561,-48.505165,10,316.62
-35.09,27645.68,0.00,9706.56,0.35,0.10,-0.49,-21.61,-22.43,11.63,-5.41,1.43,0.22,-27.594552,-48.505145,8,316.94
-35.07,27660.37,0.00,9703.06,0.74,0.35,-0.40,-29.42,-9.32,6.93,-6.41,-3.95,6.97,-27.594543,-48.505125,7,317.29
-35.05,27675.06,0.00,9699.56,-0.63,-0.26,0.26,-29.77,1.35,8.14,-4.41,-6.21,4.69,-27.594534,-48.505104,6,317.66
-35.02,27689.77,0.00,9696.06,0.03,0.88,0.43,-29.05,11.12,8.43,-1.35,1.52,3.12,-27.594525,-48.505084,9,318.07
-35.00,27704.48,0.00,9692.56,-0.35,-0.35,-0.57,-24.20,19.29,7.87,4.93,4.24,-6.80,-27.594516,-48.505064,10,318.47
-34.98,27719.19,0.00,9689.06,0.46,0.23,0.02,-9.76,29.00,2.22,8.56,4.38,-8.92,-27.594507,-48.505043,8,318.85
-34.96,27733.92,0.00,9685.56,0.31,-0.18,-0.61,0.65,29.00,-1.11,3.19,-0.85,-3.20,-27.594498,-48.505023,9,319.14
-34.93,27748.65,0.00,9682.06,-0.47,0.17,0.70,12.75,31.28,1.46,-5.88,-7.53,3.25,-27.594489,-48.505003,7,319.58
-34.91,27763.38,0.00,9678.56,0.38,0.11,-0.21,26.72,19.34,-0.90,-3.44,-3.37,1.44,-27.594480,-48.504983,7,319.88
-34.89,27778.12,0.00,9675.06,0.36,-0.69,0.19,31.04,7.68,-11.06,2.64,1.99,5.79,-27.594471,-48.504962,7,320.21
-34.87,27792.87,0.00,9671.56,-0.66,1.10,-1.13,29.95,-3.67,-9.67,4.16,8.94,-4.00,-27.594462,-48.504942,8,320.57
-34.84,27807.63,0.00,9668.06,-0.01,0.12,0.56,25.58,-10.04,-6.34,8.09,6.26,-3.99,-27.594453,-48.504922,6,320.94
-34.82,27822.39,0.00,9664.56,0.85,0.27,0.32,20.95,-27.70,-8.94,1.41,-3.82,-4.15,-27.594444,-48.504901,8,321.20
-34.80,27837.15,0.00,9661.06,0.05,-0.78,-0.69,6.60,-30.18,-7.08,-4.44,-4.89,-4.44,-27.594435,-48.504881,6,321.54
-34.77,27851.93,0.00,9657.56,0.49,0.28,0.51,-0.03,-26.90,-8.32,-6.23,-2.20,3.77,-27.594426,-48.504861,8,321.96
-34.75,27866.71,0.00,9654.06,0.43,0.33,0.65,-14.71,-29.18,-12.72,-2.01,4.00,4.65,-27.594417,-48.504841,9,322.42
-34.73,27881.49,0.00,9650.56,-0.26,-0.69,0.09,-25.81,-19.90,-7.22,4.71,5.13,5.52,-27.594408,-48.504820,10,322.84
-34.71,27896.29,0.00,9647.06,-0.20,-0.68,-0.84,-27.05,-8.53,-8.44,9.47,1.46,-2.82,-27.594399,-48.504800,10,323.27
-34.68,27911.08,0.00,9643.56,-0.37,0.19,-0.02,-31.36,6.96,-5.63,3.93,-3.82,-7.65,-27.594390,-48.504780,6,323.64
-34.66,27925.89,0.00,9640.06,0.11,-0.06,-0.38,-23.09,12.44,-6.77,-1.36,-4.02,-6.42,-27.594381,-48.504760,10,324.11
-34.64,27940.70,0.00,9636.56,0.09,-0.95,-0.15,-19.92,25.79,-0.37,-6.05,1.55,-3.05,-27.594372,-48.504739,10,324.58
-34.61,27955.52,0.00,9633.06,0.06,-0.57,-0.05,-6.92,30.42,-3.73,-4.85,2.50,2.81,-27.594363,-48.504719,6,325.06
-34.59,27970.34,0.00,9629.56,0.26,0.70,-0.77,5.97,30.24,0.68,0.57,8.67,4.61,-27.594354,-48.504699,10,325.49
-34.57,27985.17,0.00,9626.06,0.22,-0.10,0.54,15.19,27.87,-0.56,4.56,1.27,6.12,-27.594345,-48.504678,10,325.96
-34.55,28000.01,0.00,9622.56,0.13,-0.13,-0.45,25.03,17.89,3.31,3.23,-6.89,-3.76,-27.594336,-48.504658,8,326.34
-34.52,28014.85,0.00,9619.06,-0.31,0.64,-0.45,28.96,7.28,5.12,0.22,-7.49,-9.19,-27.594327,-48.504638,8,326.74
-34.50,28029.70,0.00,9615.56,1.18,1.05,0.04,28.25,-6.09,6.11,-3.97,1.00,-5.00,-27.594318,-48.504618,9,327.08
-34.48,28044.56,0.00,9612.06,-0.01,0.42,-0.02,28.19,-16.17,11.42,-6.75,5.32,-3.44,-27.594309,-48.504597,7,327.38
-34.46,28059.42,0.00,9608.56,0.53,-0.09,-0.43,20.19,-24.27,10.09,2.19,6.59,5.14,-27.594300,-48.504577,8,327.87
-34.43,28074.29,0.00,9605.06,0.59,0.01,-0.77,6.75,-30.81,9.92,5.88,-1.46,6.15,-27.594291,-48.504557,9,328.25
-34.41,28089.17,0.00,9601.56,0.34,0.58,0.63,-9.40,-31.83,10.97,2.35,-9.02,5.66,-27.594282,-48.504537,6,328.57
-34.39,28104.05,0.00,9598.06,-0.22,-0.43,0.34,-18.82,-23.70,10.83,1.76,-5.86,-0.83,-27.594273,-48.504516,10,329.00
-34.36,28118.94,0.00,9594.56,-0.37,0.56,-0.75,-24.23,-16.24,8.71,-5.64,5.13,-4.99,-27.594264,-48.504496,10,329.43
-34.34,28133.83,0.00,9591.06,0.65,-1.35,-0.41,-28.40,-6.10,2.64,-4.59,5.60,-4.03,-27.594255,-48.504476,9,329.92
-34.32,28148.73,0.00,9587.56,0.11,0.53,-0.22,-29.72,2.68,6.95,-2.04,2.81,-0.89,-27.594246,-48.504455,10,330.27
-34.30,28163.64,0.00,9584.06,-0.40,-0.21,0.08,-22.86,17.13,7.33,1.15,-1.96,2.72,-27.594237,-48.504435,8,330.65
-34.27,28178.55,0.00,9580.56,0.06,-0.53,-0.98,-12.70,23.57,2.29,6.73,-7.21,1.40,-27.594228,-48.504415,8,331.11
-34.25,28193.47,0.00,9577.06,-0.69,0.10,0.10,-3.48,33.48,2.54,-1.49,-1.89,6.56,-27.594219,-48.504395,9,331.51
-34.23,28208.40,0.00,9573.56,-0.28,-0.24,0.30,8.08,29.35,-2.52,-4.75,2.74,1.59,-27.594210,-48.504374,7,331.98
-34.21,28223.33,0.00,9570.06,-0.43,-0.20,-0.13,18.87,27.16,-3.63,-6.77,4.95,-4.41,-27.594201,-48.504354,10,332.31
-34.18,28238.27,0.00,9566.56,-0.03,-0.44,0.89,30.02,15.04,-3.66,-3.80,0.99,-2.91,-27.594192,-48.504334,8,332.78
-34.16,28253.22,0.00,9563.06,-0.88,0.06,-0.45,31.24,3.48,-7.19,2.41,-4.45,-4.50,-27.594183,-48.504314,10,333.20
-34.14,28268.17,0.00,9559.56,0.53,-0.47,0.18,31.46,-6.61,-10.35,7.05,-4.66,4.75,-27.594174,-48.504293,7,333.64
-34.11,28283.13,0.00,9556.06,0.09,-0.19,-0.42,23.57,-16.79,-9.35,3.03,-1.64,4.92,-27.594165,-48.504273,7,334.04
-34.09,28298.09,0.00,9552.56,0.76,-0.14,-0.04,17.63,-25.16,-8.49,-2.71,4.48,4.79,-27.594156,-48.504253,10,334.47
-34.07,28313.06,0.00,9549.06,0.21,-1.12,0.13,3.44,-29.23,-7.36,-7.95,3.18,-0.58,-27.594148,-48.504232,10,334.89
-34.05,28328.04,0.00,9545.56,-0.14,0.50,-0.29,-7.29,-28.15,-12.99,-3.98,1.56,-5.76,-27.594139,-48.504212,6,335.33
-34.02,28343.02,0.00,9542.06,0.50,-0.22,0.37,-21.70,-19.95,-9.20,1.53,-4.11,-5.29,-27.594130,-48.504192,9,335.63
-34.00,28358.02,0.00,9538.56,-0.43,0.50,0.66,-29.49,-12.61,-5.07,6.89,-6.31,-1.72,-27.594121,-48.504172,6,335.98
-33.98,28373.01,0.00,9535.06,0.97,-0.35,-0.25,-29.35,-2.84,-5.72,5.32,-0.77,2.12,-27.594112,-48.504151,7,336.38
-33.96,28388.02,0.00,9531.56,0.36,0.73,0.49,-29.21,10.48,-6.08,-1.09,8.40,5.12,-27.594103,-48.504131,8,336.72
-33.93,28403.02,0.00,9528.06,-0.76,-0.04,0.98,-21.92,21.83,-4.25,-6.06,5.67,6.38,-27.594094,-48.504111,9,337.09
-33.91,28418.04,0.00,9524.56,0.14,0.33,-0.62,-14.03,25.90,-1.80,-5.02,-4.95,-2.69,-27.594085,-48.504091,7,337.51
-33.89,28433.06,0.00,9521.06,0.16,0.39,0.00,-0.79,36.65,-0.93,-1.99,-5.34,-3.08,-27.594076,-48.504070,8,337.96
-33.86,28448.09,0.00,9517.56,0.02,0.58,0.22,8.64,29.14,0.21,3.18,-5.39,-6.54,-27.594067,-48.504050,6,338.36
-33.84,28463.13,0.00,9514.06,-0.33,0.23,0.70,20.64,22.04,3.00,7.27,1.59,-0.28,-27.594058,-48.504030,8,338.71
-33.82,28478.17,0.00,9510.56,0.32,-0.26,-0.18,27.14,16.85,5.73,2.50,6.37,4.15,-27.594049,-48.504009,9,339.18
-33.80,28493.22,0.00,9507.06,-0.30,-0.23,-0.33,27.28,-2.75,8.64,-4.71,2.45,1.40,-27.594040,-48.503989,9,339.62
-33.77,28508.27,0.00,9503.56,-0.91,0.56,0.07,29.31,-12.59,7.77,-6.59,-4.30,5.54,-27.594031,-48.503969,6,340.00
-33.75,28523.33,0.00,9500.06,-0.13,-0.93,0.62,20.44,-22.95,10.39,-1.41,-6.56,-1.28,-27.594022,-48.503949,9,340.45
-33.73,28538.40,0.00,9496.56,0.06,0.13,-0.21,11.28,-28.13,6.05,2.32,-0.59,-6.66,-27.594013,-48.503928,6,340.81
-33.70,28553.48,0.00,9493.06,-0.47,-0.40,0.13,2.83,-29.11,10.96,7.20,4.54,-4.26,-27.594004,-48.503908,9,341.11
-33.68,28568.56,0.00,9489.56,0.49,-0.18,-0.06,-12.03,-27.08,10.20,3.86,4.91,-4.62,-27.593995,-48.503888,8,341.36
-33.66,28583.64,0.00,9486.06,0.18,-0.37,-0.35,-24.98,-19.14,7.97,-2.39,0.23,0.72,-27.593986,-48.503868,7,341.67
-33.64,28598.74,0.00,9482.56,0.15,0.38,0.21,-29.50,-6.93,5.31,-7.27,-6.66,5.08,-27.593977,-48.503847,8,342.02
-33.61,28613.84,0.00,9479.06,-0.05,0.27,-0.60,-29.73,0.08,6.99,-3.65,-2.92,4.19,-27.593968,-48.503827,6,342.37
-33.59,28628.94,0.00,9475.56,-0.90,-0.90,0.73,-26.87,10.41,7.32,2.59,-1.26,-1.15,-27.593959,-48.503807,10,342.77
-33.57,28644.06,0.00,9472.06,0.06,-0.14,-0.29,-21.49,19.81,3.97,5.36,5.17,-3.79,-27.593950,-48.503786,7,343.11
-33.55,28659.17,0.00,9468.56,0.51,0.64,-0.28,-7.88,25.66,2.07,4.14,6.60,-7.15,-27.593941,-48.503766,6,343.59
-33.52,28674.30,0.00,9465.06,0.07,0.39,-0.60,3.57,30.40,-0.30,0.80,-3.35,-4.05,-27.593932,-48.503746,6,343.98
-33.50,28689.43,0.00,9461.56,-0.51,-0.84,-0.05,13.28,28.94,-5.15,-4.62,-7.39,6.11,-27.593923,-48.503726,7,344.28
-33.48,28704.57,0.00,9458.06,-0.08,-0.25,0.37,26.33,16.57,-4.10,-2.89,-5.20,5.85,-27.593914,-48.503705,9,344.63
-33.45,28719.72,0.00,9454.56,-0.18,-0.29,-0.31,26.86,4.78,-2.44,-1.66,1.09,2.29,-27.593905,-48.503685,8,345.02
-33.43,28734.87,0.00,9451.06,-0.75,0.35,-0.09,28.54,-1.20,-8.86,4.63,5.04,1.45,-27.593896,-48.503665,9,345.43
-33.41,28750.03,0.00,9447.56,-0.15,0.41,0.10,25.85,-11.40,-5.32,6.20,5.95,-5.33,-27.593887,-48.503645,10,345.84
-33.39,28765.19,0.00,9444.06,0.71,0.60,-0.11,18.25,-24.36,-8.34,1.50,-1.55,-4.35,-27.593878,-48.503624,7,346.30
-33.36,28780.36,0.00,9440.56,0.21,0.08,-1.06,11.49,-30.41,-10.42,-4.10,-4.35,-3.59,-27.593869,-48.503604,8,346.70
-33.34,28795.54,0.00,9437.06,0.05,0.41,-0.60,-3.93,-28.72,-13.23,-5.46,-3.60,2.23,-27.593860,-48.503584,7,347.10
-33.32,28810.72,0.00,9433.56,-0.11,0.37,0.61,-18.11,-30.33,-11.61,-3.05,4.53,6.97,-27.593851,-48.503563,9,347.51
-33.30,28825.91,0.00,9430.06,-0.31,-0.85,-0.36,-22.83,-19.46,-8.06,1.89,8.37,3.13,-27.593842,-48.503543,10,347.98
-33.27,28841.11,0.00,9426.56,0.23,-0.46,0.57,-29.89,-9.69,-8.65,4.19,3.50,-0.02,-27.593833,-48.503523,8,348.43
-33.25,28856.31,0.00,9423.06,-0.32,-0.28,0.82,-25.33,7.25,-8.48,4.23,-5.01,-5.78,-27.593824,-48.503503,7,348.87
-33.23,28871.52,0.00,9419.56,0.31,-0.82,0.05,-23.36,16.90,-3.22,-5.50,-8.25,-2.72,-27.593815,-48.503482,8,349.29
-33.20,28886.74,0.00,9416.06,-0.58,-0.60,-0.82,-17.35,25.97,-3.71,-7.53,-1.71,-2.97,-27.593806,-48.503462,10,349.71
-33.18,28901.96,0.00,9412.56,-0.12,0.31,-0.68,-6.93,26.76,-0.35,-1.58,3.43,1.38,-27.593797,-48.503442,10,350.06
-33.16,28917.19,0.00,9409.06,-0.79,-0.07,0.06,9.18,28.54,-0.88,1.82,5.88,6.51,-27.593788,-48.503422,6,350.49
-33.14,28932.43,0.00,9405.56,-0.50,0.11,-0.06,19.06,27.95,2.74,3.42,-0.22,2.48,-27.593779,-48.503401,8,350.73
-33.11,28947.67,0.00,9402.06,-0.02,0.71,-0.89,25.71,19.77,7.44,5.19,-4.22,-1.16,-27.593770,-48.503381,10,351.01
-33.09,28962.92,0.00,9398.56,0.06,0.10,0.29,30.59,4.70,6.13,-1.54,-7.20,-4.26,-27.593761,-48.503361,10,351.44
-33.07,28978.17,0.00,9395.06,-0.82,0.91,0.19,30.01,-6.57,8.14,-6.44,3.20,-4.25,-27.593752,-48.503340,10,351.87
-33.05,28993.44,0.00,9391.56,-0.10,-0.37,0.09,22.10,-16.09,9.36,-6.52,5.28,-1.52,-27.593743,-48.503320,8,352.32
-33.02,29008.70,0.00,9388.06,0.38,0.47,-0.06,12.74,-25.84,10.09,-1.24,4.46,4.85,-27.593734,-48.503300,8,352.74
-33.00,29023.98,0.00,9384.56,-0.10,-0.49,-0.52,5.05,-31.88,10.62,4.59,-2.88,3.21,-27.593725,-48.503280,6,353.16
-32.98,29039.26,0.00,9381.06,0.14,-0.19,-0.69,-8.71,-25.70,12.13,4.64,-4.61,7.26,-27.593716,-48.503259,8,353.61
-32.95,29054.55,0.00,9377.56,-0.53,0.22,-0.12,-21.71,-24.52,7.75,0.19,-4.95,1.69,-27.593707,-48.503239,7,354.01
-32.93,29069.84,0.00,9374.06,-0.54,0.18,-1.01,-27.20,-15.73,8.73,-4.70,5.27,-2.07,-27.593698,-48.503219,6,354.25
-32.91,29085.14,0.00,9370.56,-0.79,0.59,-0.10,-28.30,-3.31,8.61,-5.38,7.88,-7.91,-27.593689,-48.503199,7,354.62
-32.89,29100.45,0.00,9367.06,-0.41,-0.09,0.01,-30.22,9.39,6.34,0.48,4.12,3.54,-27.593680,-48.503178,7,355.07
-32.86,29115.77,0.00,9363.56,0.21,0.01,0.26,-22.83,18.07,5.28,4.33,-2.49,4.42,-27.593671,-48.503158,10,355.45
-32.84,29131.09,0.00,9360.06,0.42,-0.20,0.42,-12.86,28.32,2.83,5.69,-5.32,7.07,-27.593662,-48.503138,7,355.83
-32.82,29146.41,0.00,9356.56,-0.36,0.29,0.45,-3.39,30.57,-1.20,3.86,-1.88,5.63,-27.593653,-48.503117,8,356.27
-32.79,29161.75,0.00,9353.06,0.37,0.21,-0.24,14.20,27.02,-3.63,-4.10,7.23,0.31,-27.593644,-48.503097,7,356.67
-32.77,29177.09,0.00,9349.56,0.16,0.10,-0.09,19.01,22.59,-3.56,-4.48,7.39,-7.11,-27.593635,-48.503077,10,357.06
-32.75,29192.43,0.00,9346.06,-0.25,0.51,-0.05,28.48,11.98,-4.53,0.70,2.80,-4.79,-27.593626,-48.503057,7,357.50
-32.73,29207.79,0.00,9342.56,-0.37,0.78,1.36,31.09,0.61,-4.79,1.69,-1.76,-0.92,-27.593617,-48.503036,7,357.88
-32.70,29223.15,0.00,9339.06,-0.30,-0.61,0.68,30.52,-11.80,-6.28,6.45,-5.55,2.23,-27.593609,-48.503016,9,358.26
-32.68,29238.51,0.00,9335.56,-0.00,-0.59,-0.44,20.65,-19.03,-7.91,1.45,0.84,5.66,-27.593600,-48.502996,8,358.69
-32.66,29253.89,0.00,9332.06,0.45,-0.06,0.19,9.54,-26.67,-10.40,-3.67,5.84,1.15,-27.593591,-48.502976,6,359.02
-32.64,29269.26,0.00,9328.56,-0.50,-0.57,0.48,0.22,-36.93,-6.95,-7.46,6.66,2.44,-27.593582,-48.502955,10,359.49
-32.61,29284.65,0.00,9325.06,-0.09,0.07,0.34,-7.53,-28.62,-11.12,-4.04,1.41,-5.36,-27.593573,-48.502935,6,359.93
-32.59,29300.04,0.00,9321.56,-0.09,0.75,-0.11,-21.30,-21.98,-5.51,3.57,-7.71,-3.52,-27.593564,-48.502915,10,360.26
-32.57,29315.44,0.00,9318.06,0.05,0.44,0.68,-25.83,-9.30,-8.32,12.53,-3.47,-2.29,-27.593555,-48.502894,8,360.66
-32.54,29330.85,0.00,9314.56,-0.80,0.05,0.17,-29.22,-1.10,-8.19,0.70,4.24,2.79,-27.593546,-48.502874,7,361.10
-32.52,29346.26,0.00,9311.06,0.37,-0.32,0.49,-27.22,14.72,-1.03,1.73,6.61,5.08,-27.593537,-48.502854,9,361.61
-32.50,29361.68,0.00,9307.56,0.06,-0.34,0.52,-23.08,21.13,-3.29,-8.26,1.38,1.72,-27.593528,-48.502834,9,361.88
-32.48,29377.10,0.00,9304.06,0.23,0.16,0.49,-8.04,29.45,-3.05,-6.96,-2.41,-2.03,-27.593519,-48.502813,9,362.27
-32.45,29392.54,0.00,9300.56,0.06,0.11,0.46,3.07,32.66,-0.83,-1.47,-7.26,-8.91,-27.593510,-48.502793,6,362.67
-32.43,29407.97,0.00,9297.06,-1.19,-0.28,-0.34,8.15,28.54,1.86,2.75,-2.08,-6.28,-27.593501,-48.502773,7,363.15
-32.41,29423.42,0.00,9293.56,0.46,0.23,0.21,23.55,21.07,4.38,6.79,4.29,1.06,-27.593492,-48.502753,6,363.63
-32.39,29438.87,0.00,9290.06,0.06,0.89,-0.07,32.55,11.11,8.21,-0.71,6.12,1.62,-27.593483,-48.502732,6,364.02
-32.36,29454.33,0.00,9286.56,0.45,0.57,0.48,30.76,-0.27,8.17,-4.72,0.74,7.95,-27.593474,-48.502712,7,364.34
-32.34,29469.79,0.00,9283.06,0.99,0.17,0.26,26.83,-12.43,8.17,-6.61,-2.96,4.96,-27.593465,-48.502692,10,364.72
-32.32,29485.26,0.00,9279.56,-0.97,-0.39,-0.51,17.12,-20.76,8.82,0.93,-6.83,2.78,-27.593456,-48.502671,8,365.11
-32.29,29500.74,0.00,9276.06,0.18,-0.13,0.53,9.04,-29.90,10.34,2.37,2.89,-6.24,-27.593447,-48.502651,10,365.54
-32.27,29516.23,0.00,9272.56,-0.55,0.48,-0.15,1.28,-28.97,16.88,5.02,6.10,-7.58,-27.593438,-48.502631,9,366.02
-32.25,29531.72,0.00,9269.06,0.04,0.97,0.35,-15.62,-24.18,8.73,0.23,7.39,-3.62,-27.593429,-48.502611,9,366.40
-32.23,29547.21,0.00,9265.56,-0.66,0.10,0.25,-22.42,-19.32,6.84,-5.74,-1.23,5.97,-27.593420,-48.502590,9,366.75
-32.20,29562.72,0.00,9262.06,-0.10,-0.49,-0.80,-28.06,-5.82,9.15,-6.23,-5.61,6.11,-27.593411,-48.502570,10,367.09
-32.18,29578.23,0.00,9258.56,0.06,-0.58,0.30,-27.20,4.18,8.20,-2.11,-8.33,4.36,-27.593402,-48.502550,10,367.49
-32.16,29593.75,0.00,9255.06,0.21,-0.54,0.74,-27.16,15.91,5.19,2.66,-0.57,-0.72,-27.593393,-48.502530,6,367.95
-32.14,29609.27,0.00,9251.56,-0.01,0.32,0.52,-16.57,21.16,2.57,7.48,8.65,-7.16,-27.593384,-48.502509,9,368.41
-32.11,29624.80,0.00,9248.06,0.92,0.68,-0.24,-6.70,26.33,1.04,1.55,6.47,-7.17,-27.593375,-48.502489,9,368.71
-32.09,29640.34,0.00,9244.56,0.63,-0.16,0.22,3.04,26.03,-2.75,-3.21,-0.50,0.65,-27.593366,-48.502469,8,369.18
-32.07,29655.88,0.00,9241.06,-0.90,-0.45,-0.04,10.88,25.59,-3.94,-1.92,-6.80,3.81,-27.593357,-48.502448,7,369.63
-32.04,29671.43,0.00,9237.56,0.29,-0.73,-0.06,20.86,15.46,-7.01,-4.76,-2.84,8.79,-27.593348,-48.502428,9,370.12
-32.02,29686.99,0.00,9234.06,0.98,-0.31,-0.27,31.01,6.05,-4.55,0.43,4.23,2.40,-27.593339,-48.502408,6,370.54
-32.00,29702.55,0.00,9230.56,0.29,-0.21,0.74,33.00,-4.94,-4.02,5.87,5.45,-0.14,-27.593330,-48.502388,7,370.98
-31.98,29718.12,0.00,9227.06,-0.05,-1.12,0.37,23.63,-16.21,-8.31,4.63,1.69,-4.74,-27.593321,-48.502367,9,371.43
-31.95,29733.70,0.00,9223.56,-0.43,0.39,0.09,15.64,-25.35,-7.72,-3.26,-2.78,-3.83,-27.593312,-48.502347,9,371.71
-31.93,29749.28,0.00,9220.06,-0.17,-0.47,-0.14,5.08,-32.11,-8.62,-3.33,-4.34,-1.20,-27.593303,-48.502327,7,372.09
-31.91,29764.87,0.00,9216.56,0.04,-0.55,0.54,-5.62,-26.97,-11.28,-6.09,-3.37,8.75,-27.593294,-48.502307,8,372.43
-31.88,29780.47,0.00,9213.06,0.32,0.03,-0.37,-16.38,-22.27,-4.73,3.83,3.62,3.16,-27.593285,-48.502286,9,372.84
-31.86,29796.07,0.00,9209.56,0.52,-0.69,0.91,-27.66,-18.87,-8.06,7.28,5.89,4.69,-27.593276,-48.502266,6,373.22
-31.84,29811.68,0.00,9206.06,-0.33,-0.10,0.70,-30.25,-2.42,-6.65,2.89,-0.32,-1.07,-27.593267,-48.502246,6,373.61
-31.82,29827.30,0.00,9202.56,-0.11,0.68,0.30,-26.51,5.15,-2.98,1.43,-2.87,-4.80,-27.593258,-48.502225,7,373.99
-31.79,29842.92,0.00,9199.06,-0.67,-1.50,0.40,-25.83,13.87,-6.44,-2.79,-7.45,-5.44,-27.593249,-48.502205,7,374.43
-31.77,29858.55,0.00,9195.56,0.33,-0.60,-0.45,-13.30,25.64,-0.84,-4.34,-1.85,-0.31,-27.593240,-48.502185,10,374.85
-31.75,29874.19,0.00,9192.06,-0.30,-0.56,-0.32,-1.32,32.19,-1.79,2.31,3.13,7.49,-27.593231,-48.502165,6,375.22
-31.73,29889.83,0.00,9188.56,0.17,0.87,0.27,6.76,30.73,-1.23,2.88,5.95,9.35,-27.593222,-48.502144,8,375.55
-31.70,29905.48,0.00,9185.06,0.06,-0.58,0.35,22.26,23.62,3.49,7.95,-3.99,6.60,-27.593213,-48.502124,9,375.87
-31.68,29921.13,0.00,9181.56,-0.99,-0.40,-0.26,24.67,13.24,4.24,0.25,-4.58,-2.19,-27.593204,-48.502104,10,376.33
-31.66,29936.80,0.00,9178.06,-0.41,-0.12,0.12,32.56,1.53,6.44,-6.45,-5.09,-4.34,-27.593195,-48.502084,7,376.83
-31.63,29952.47,0.00,9174.56,0.37,-0.18,0.45,29.84,-10.10,7.02,-4.01,0.18,-5.87,-27.593186,-48.502063,9,377.23
-31.61,29968.14,0.00,9171.06,-0.21,0.37,-0.91,23.94,-20.69,8.51,-3.12,6.93,-2.48,-27.593177,-48.502043,8,377.62
-31.59,29983.83,0.00,9167.56,0.58,-0.77,-0.39,11.47,-26.07,11.91,0.38,4.85,3.21,-27.593168,-48.502023,8,378.08
-31.57,29999.51,0.00,9164.06,-1.19,-0.21,-0.52,-0.64,-29.05,12.26,3.88,-2.95,5.06,-27.593159,-48.502002,8,378.46
-31.54,30015.21,0.00,9160.56,0.38,0.80,0.18,-6.62,-28.77,8.53,1.48,-8.05,1.22,-27.593150,-48.501982,8,378.93
-31.52,30030.91,0.00,9157.06,0.26,-0.57,0.39,-21.43,-23.17,9.90,-0.59,-0.39,0.55,-27.593141,-48.501962,6,379.42
-31.50,30046.62,0.00,9153.56,-0.76,-0.22,-0.47,-25.87,-14.11,12.14,-7.17,5.43,-9.28,-27.593132,-48.501942,7,379.67
-31.48,30062.34,0.00,9150.06,-0.79,0.20,-0.08,-28.19,1.60,5.61,-6.54,7.39,-1.08,-27.593123,-48.501921,8,380.06
-31.45,30078.06,0.00,9146.56,-0.41,-0.58,-0.50,-27.32,14.23,2.69,2.41,0.21,1.16,-27.593114,-48.501901,7,380.46
-31.43,30093.79,0.00,9143.06,-0.14,-0.37,0.46,-20.84,23.99,3.01,4.67,-4.52,1.38,-27.593105,-48.501881,8,380.80
-31.41,30109.53,0.00,9139.56,-0.67,-0.69,-0.57,-10.46,28.19,0.00,2.21,-3.68,2.33,-27.593096,-48.501861,8,381.07
-31.38,30125.27,0.00,9136.06,-0.19,0.17,-0.54,-3.94,31.32,4.72,0.79,-4.04,3.59,-27.593087,-48.501840,7,381.40
-31.36,30141.02,0.00,9132.56,0.11,-0.36,-0.14,8.05,25.12,-1.84,-5.70,3.41,-1.21,-27.593079,-48.501820,7,381.80
-31.34,30156.77,0.00,9129.06,0.43,0.74,-0.22,21.41,19.53,-7.93,-8.53,3.51,-9.08,-27.593070,-48.501800,9,382.28
-31.32,30172.54,0.00,9125.56,0.87,0.14,-0.41,28.64,8.55,-7.82,0.15,-1.42,-5.04,-27.593061,-48.501779,9,382.62
-31.29,30188.31,0.00,9122.06,-0.37,-0.60,0.15,28.44,-0.94,-6.07,3.81,-6.97,1.64,-27.593052,-48.501759,7,383.03
-31.27,30204.08,0.00,9118.56,0.26,-0.36,0.15,26.04,-11.20,-11.68,5.83,-5.17,3.31,-27.593043,-48.501739,9,383.47
-31.25,30219.86,0.00,9115.06,-0.27,-0.22,0.77,21.54,-23.19,-10.01,0.14,3.04,4.35,-27.593034,-48.501719,10,383.92
-31.23,30235.65,0.00,9111.56,-0.24,1.03,0.71,9.63,-29.34,-9.90,-2.63,6.46,0.85,-27.593025,-48.501698,6,384.23
-31.20,30251.45,0.00,9108.06,-0.17,-0.91,0.33,1.23,-31.74,-12.46,-4.87,1.31,0.58,-27.593016,-48.501678,6,384.61
-31.18,30267.25,0.00,9104.56,-0.90,-0.28,1.13,-13.12,-27.60,-7.28,-4.07,-4.19,-0.66,-27.593007,-48.501658,10,385.03
-31.16,30283.06,0.00,9101.06,-0.29,0.53,-0.10,-22.82,-21.21,-6.30,-0.39,-6.95,-1.53,-27.592998,-48.501638,8,385.34
-31.13,30298.88,0.00,9097.56,0.86,0.78,0.50,-29.82,-10.61,-9.30,6.91,-1.74,-0.55,-27.592989,-48.501617,9,385.77
-31.11,30314.70,0.00,9094.06,0.29,0.28,0.45,-30.37,-0.84,-6.91,0.64,3.32,4.23,-27.592980,-48.501597,6,386.21
-31.09,30330.53,0.00,9090.56,-0.44,-0.39,-0.60,-27.23,16.74,-5.12,-4.52,4.89,5.75,-27.592971,-48.501577,6,386.64
-31.07,30346.36,0.00,9087.06,-0.19,0.58,-0.07,-19.65,23.92,-2.67,-5.21,3.39,5.41,-27.592962,-48.501556,8,386.98
-31.04,30362.21,0.00,9083.56,-0.76,-0.53,-0.48,-9.47,29.38,0.52,-4.98,-3.99,-1.85,-27.592953,-48.501536,7,387.26
-31.02,30378.06,0.00,9080.06,1.00,0.37,0.08,1.32,30.05,1.28,-2.11,-2.95,-4.47,-27.592944,-48.501516,10,387.73
-31.00,30393.91,0.00,9076.56,0.17,-1.30,-0.14,12.72,24.83,1.06,3.83,-0.46,-6.81,-27.592935,-48.501496,7,388.12
-30.97,30409.78,0.00,9073.06,-0.25,-0.51,-0.39,23.98,18.79,4.78,4.64,4.76,-0.59,-27.592926,-48.501475,8,388.61
-30.95,30425.65,0.00,9069.56,-0.60,0.30,-0.38,33.15,12.37,3.52,-2.69,5.65,4.03,-27.592917,-48.501455,7,389.07
-30.93,30441.52,0.00,9066.06,-0.43,-0.78,-0.31,26.15,-2.06,4.47,-7.25,0.55,7.24,-27.592908,-48.501435,7,389.51
-30.91,30457.40,0.00,9062.56,-1.21,0.35,-0.50,28.96,-14.69,9.95,-7.17,-4.74,5.84,-27.592899,-48.501415,7,389.90
-30.88,30473.29,0.00,9059.06,-0.11,-0.24,-0.29,18.95,-21.99,9.36,-1.09,-5.43,-3.27,-27.592890,-48.501394,6,390.36
-30.86,30489.19,0.00,9055.56,-0.65,-1.50,-0.26,8.22,-32.05,10.47,4.80,2.28,-7.11,-27.592881,-48.501374,6,390.79
-30.84,30505.09,0.00,9052.06,-0.21,0.24,-0.15,-3.77,-28.62,6.95,5.95,9.41,-5.07,-27.592872,-48.501354,7,391.21
-30.82,30521.00,0.00,9048.56,-0.02,-0.26,0.38,-15.22,-28.72,12.10,1.72,4.16,-2.29,-27.592863,-48.501333,10,391.64
-30.79,30536.92,0.00,9045.06,0.15,0.91,0.60,-25.60,-17.94,7.55,-2.66,-1.98,5.92,-27.592854,-48.501313,10,392.09
-30.77,30552.84,0.00,9041.56,0.45,0.84,-0.22,-33.01,-6.23,5.68,-5.35,-3.71,3.79,-27.592845,-48.501293,8,392.53
-30.75,30568.77,0.00,9038.06,-0.51,0.22,0.55,-29.15,3.45,8.14,0.12,-6.44,5.31,-27.592836,-48.501273,8,392.86
-30.72,30584.71,0.00,9034.56,0.62,1.22,-0.01,-25.14,16.23,6.30,3.74,4.23,-4.47,-27.592827,-48.501252,7,393.22
-30.70,30600.65,0.00,9031.06,0.92,0.35,0.29,-11.88,24.91,0.76,6.67,7.11,-5.87,-27.592818,-48.501232,8,393.62
-30.68,30616.60,0.00,9027.56,-0.28,-0.00,0.81,-8.09,30.25,4.24,2.67,2.34,-3.82,-27.592809,-48.501212,9,394.07
-30.66,30632.56,0.00,9024.06,0.74,0.06,-0.89,6.25,26.44,0.12,1.29,-1.95,0.28,-27.592800,-48.501191,9,394.46
-30.63,30648.52,0.00,9020.56,-0.20,0.03,0.05,17.42,25.62,-4.48,-8.06,-6.34,1.90,-27.592791,-48.501171,10,394.87
-30.61,30664.49,0.00,9017.06,-0.03,-0.30,0.02,26.40,13.55,-2.01,-5.45,-1.65,5.85,-27.592782,-48.501151,6,395.29
-30.59,30680.47,0.00,9013.56,-1.31,0.47,-0.11,26.99,6.75,-8.01,1.68,1.58,3.59,-27.592773,-48.501131,8,395.69
-30.57,30696.46,0.00,9010.06,-0.11,-0.62,0.00,29.51,-8.44,-7.97,5.27,4.68,-4.25,-27.592764,-48.501110,7,395.98
-30.54,30712.45,0.00,9006.56,-0.14,-0.21,0.37,23.16,-17.13,-12.16,5.36,1.16,-6.04,-27.592755,-48.501090,6,396.45
-30.52,30728.44,0.00,9003.06,-0.01,0.25,-0.22,12.12,-22.87,-8.18,-2.20,-3.55,-6.38,-27.592746,-48.501070,10,396.90
-30.50,30744.45,0.00,8999.56,-0.15,0.16,0.19,4.98,-30.19,-10.20,-6.21,-5.87,-5.23,-27.592737,-48.501050,10,397.36
-30.47,30760.46,0.00,8996.06,-0.83,-0.72,-0.38,-7.14,-27.05,-7.90,-6.59,2.22,4.33,-27.592728,-48.501029,10,397.76
-30.45,30776.48,0.00,8992.56,0.02,0.00,0.16,-16.49,-25.47,-9.03,1.62,4.79,6.11,-27.592719,-48.501009,10,398.25
-30.43,30792.50,0.00,8989.06,-0.82,0.45,0.62,-26.66,-11.47,-8.77,5.65,5.92,1.73,-27.592710,-48.500989,9,398.59
-30.41,30808.53,0.00,8985.56,0.21,0.44,0.36,-27.70,-7.71,-8.91,3.36,1.44,-1.50,-27.592701,-48.500968,7,398.94
-30.38,30824.57,0.00,8982.06,-1.04,-0.24,0.70,-29.52,13.75,-7.03,-1.30,-5.47,-3.87,-27.592692,-48.500948,9,399.36
-30.36,30840.61,0.00,8978.56,-0.41,-1.03,-0.81,-20.11,18.15,-7.38,-2.42,-6.71,-8.23,-27.592683,-48.500928,8,399.77
-30.34,30856.67,0.00,8975.06,0.24,0.59,-0.18,-13.42,26.62,-2.93,-4.37,4.58,0.62,-27.592674,-48.500908,7,400.18
-30.32,30872.72,0.00,8971.56,-0.20,0.25,0.49,0.78,32.47,-0.24,-4.87,6.76,5.90,-27.592665,-48.500887,6,400.63
-30.29,30888.79,0.00,8968.06,0.65,-0.14,-0.53,9.10,27.61,1.33,6.28,2.27,5.22,-27.592656,-48.500867,9,401.07
-30.27,30904.86,0.00,8964.56,-0.27,-0.33,0.04,23.69,20.19,6.11,8.77,-5.06,4.31,-27.592647,-48.500847,7,401.51
-30.25,30920.94,0.00,8961.06,-0.40,0.81,-0.74,27.88,10.16,5.70,2.24,-3.74,-2.38,-27.592638,-48.500827,9,401.91
-30.22,30937.02,0.00,8957.56,0.51,0.57,-0.49,30.83,1.08,8.18,-1.84,-3.93,-8.07,-27.592629,-48.500806,10,402.14
-30.20,30953.12,0.00,8954.06,0.03,0.23,0.84,29.73,-8.03,8.33,-2.39,6.80,-6.68,-27.592620,-48.500786,9,402.41
-30.18,30969.21,0.00,8950.56,1.14,-0.30,-0.64,21.09,-20.17,8.75,-2.39,7.57,-1.93,-27.592611,-48.500766,6,402.76
-30.16,30985.32,0.00,8947.06,-0.34,-0.28,-0.53,9.81,-27.18,11.26,3.19,2.63,5.03,-27.592602,-48.500745,9,403.19
-30.13,31001.43,0.00,8943.56,0.32,-0.02,-0.87,-0.78,-28.78,9.66,7.10,-4.56,5.94,-27.592593,-48.500725,8,403.67
-30.11,31017.55,0.00,8940.06,-0.61,-0.10,0.02,-13.61,-26.44,8.50,4.09,-4.51,4.03,-27.592584,-48.500705,9,404.04
-30.09,31033.68,0.00,8936.56,-0.17,-0.31,0.30,-22.67,-21.92,9.67,-1.78,-0.94,-1.87,-27.592575,-48.500685,7,404.46
-30.06,31049.81,0.00,8933.06,-0.28,0.17,-0.39,-29.52,-10.99,9.33,-7.57,4.08,-8.41,-27.592566,-48.500664,10,404.93
-30.04,31065.95,0.00,8929.56,0.35,-0.09,0.42,-29.07,1.33,6.11,0.24,7.11,-6.52,-27.592557,-48.500644,9,405.47
-30.02,31082.10,0.00,8926.06,0.63,-0.66,-0.17,-24.95,15.96,7.23,3.23,-0.59,1.52,-27.592549,-48.500624,7,405.86
-30.00,31098.25,0.00,8922.56,0.54,-0.06,0.03,-17.89,22.97,0.83,7.19,-6.00,4.89,-27.592540,-48.500604,6,406.22
-29.97,31114.41,0.00,8919.06,-0.72,0.38,0.35,-9.49,29.32,3.16,3.47,-2.03,8.16,-27.592531,-48.500583,7,406.47
-29.95,31130.57,0.17,8915.56,0.02,-0.58,0.70,3.30,29.37,0.93,-0.62,-0.84,3.15,-27.592522,-48.500563,10,406.72
-29.93,31146.75,0.00,8912.06,-0.35,-0.13,-0.94,13.41,26.20,-0.47,-8.60,1.90,-4.55,-27.592513,-48.500543,7,406.98
-29.91,31162.93,0.00,8908.56,0.77,-0.27,0.09,23.41,18.14,-4.28,-4.32,3.95,-7.71,-27.592504,-48.500522,9,407.25
-29.88,31179.12,0.00,8905.06,0.92,-0.65,-0.15,26.78,12.81,-7.60,1.24,-3.04,-7.10,-27.592495,-48.500502,6,407.52
-29.86,31195.31,0.00,8901.56,1.17,0.72,0.06,30.48,-2.93,-7.54,4.27,-7.20,-0.21,-27.592486,-48.500482,10,407.78
-29.84,31211.51,0.00,8898.06,0.13,0.02,0.22,22.71,-14.17,-12.05,4.37,-3.57,4.19,-27.592477,-48.500462,6,408.01
-29.81,31227.72,0.00,8894.56,-0.06,0.03,0.34,19.49,-23.45,-10.97,1.40,3.32,8.04,-27.592468,-48.500441,8,408.28
-29.79,31243.93,0.00,8891.06,-0.48,0.71,-0.93,13.10,-26.80,-8.70,-5.69,7.71,2.41,-27.592459,-48.500421,8,408.55
-29.77,31260.15,0.00,8887.56,-0.34,-0.22,0.31,-2.64,-29.59,-10.00,-4.14,2.30,-5.81,-27.592450,-48.500401,7,408.82
-29.75,31276.38,0.00,8884.06,-0.03,-0.35,0.57,-10.00,-26.88,-8.51,0.02,0.65,-1.46,-27.592441,-48.500381,9,409.06
-29.72,31292.62,0.00,8880.56,0.64,0.77,0.37,-20.60,-20.30,-8.55,5.80,-4.52,-2.10,-27.592432,-48.500360,10,409.33
-29.70,31308.86,0.00,8877.06,-0.64,-0.29,-0.68,-26.89,-8.40,-10.77,5.20,-4.02,-1.55,-27.592423,-48.500340,10,409.57
-29.68,31325.11,0.00,8873.56,-0.45,-0.85,0.37,-23.95,1.78,-5.31,4.93,4.77,7.02,-27.592414,-48.500320,6,409.84
-29.66,31341.36,0.00,8870.06,-0.70,0.14,0.47,-26.93,15.37,-1.88,-5.49,2.54,5.14,-27.592405,-48.500299,7,410.05
-29.63,31357.62,0.00,8866.56,-0.34,-0.17,0.56,-21.77,23.89,-1.00,-3.19,1.94,3.17,-27.592396,-48.500279,7,410.34
-29.61,31373.89,0.00,8863.06,0.15,0.30,-0.12,-6.37,30.45,-0.34,-3.50,-4.57,-4.78,-27.592387,-48.500259,6,410.59
-29.59,31390.17,0.00,8859.56,0.62,-0.19,0.49,3.82,26.53,-0.77,5.31,-6.13,-5.74,-27.592378,-48.500239,6,410.85
-29.56,31406.45,0.26,8856.06,0.34,-0.29,1.09,12.13,26.64,2.68,3.68,-0.10,-4.93,-27.592369,-48.500218,10,411.13
-29.54,31422.74,0.00,8852.56,-0.01,0.04,-0.56,25.23,19.94,4.02,1.49,4.28,-2.41,-27.592360,-48.500198,7,411.38
-29.52,31439.04,0.00,8849.06,0.04,-0.26,0.23,32.26,7.37,6.55,-3.34,7.65,5.30,-27.592351,-48.500178,10,411.61
-29.50,31455.34,0.00,8845.56,0.53,-0.35,0.84,29.18,-8.64,7.17,-2.75,-0.18,8.10,-27.592342,-48.500158,10,411.88
-29.47,31471.65,0.00,8842.06,-0.89,-0.66,0.49,27.38,-18.01,8.05,-5.39,-7.39,1.34,-27.592333,-48.500137,9,412.17
-29.45,31487.97,0.00,8838.56,-0.96,-0.27,0.13,15.40,-27.27,6.06,-2.05,-2.62,-3.63,-27.592324,-48.500117,6,412.43
-29.43,31504.29,0.22,8835.06,-0.49,-0.06,-0.14,2.92,-30.96,8.11,4.97,1.13,-5.73,-27.592315,-48.500097,6,412.70
-29.41,31520.62,0.00,8831.56,0.17,0.45,-0.44,-6.60,-29.39,10.26,2.80,2.40,-4.64,-27.592306,-48.500076,8,412.97
-29.38,31536.96,0.00,8828.06,-0.02,0.53,-0.44,-15.38,-23.01,10.52,-1.90,-0.40,-1.73,-27.592297,-48.500056,10,413.29
-29.36,31553.30,0.38,8824.56,0.08,0.44,-0.33,-24.02,-19.58,10.17,-7.63,-4.78,4.78,-27.592288,-48.500036,7,413.67
-29.34,31569.65,0.00,8821.06,-0.03,-0.46,0.51,-34.81,-0.80,6.77,-3.37,-7.06,5.33,-27.592279,-48.500016,10,414.07
-29.31,31586.01,0.00,8817.56,-0.02,-0.65,0.01,-29.57,9.72,3.99,-3.10,-3.55,5.78,-27.592270,-48.499995,8,414.53
-29.29,31602.37,0.59,8814.06,-0.23,-0.04,0.72,-23.29,18.69,4.64,1.65,4.69,-3.72,-27.592261,-48.499975,6,414.96
-29.27,31618.75,0.26,8810.56,0.37,-1.28,-0.34,-16.66,24.14,1.96,5.13,1.03,-5.55,-27.592252,-48.499955,10,415.43
-29.25,31635.12,0.00,8807.06,0.16,0.03,0.59,-5.12,31.55,-0.74,-4.50,0.32,-3.68,-27.592243,-48.499935,9,415.89
-29.22,31651.51,0.00,8803.56,0.62,0.69,0.11,7.79,30.14,-2.11,-3.29,-5.92,0.07,-27.592234,-48.499914,10,416.38
-29.20,31667.90,0.00,8800.06,-0.24,0.19,-0.13,20.46,22.61,-1.54,-4.47,-4.49,2.86,-27.592225,-48.499894,9,416.77
-29.18,31684.30,0.76,8796.56,0.92,0.76,0.56,26.61,14.53,-3.59,-0.08,-2.81,5.58,-27.592216,-48.499874,7,417.14
-29.15,31700.71,0.70,8793.06,1.03,-0.30,0.08,29.46,3.28,-7.11,4.48,2.18,2.49,-27.592207,-48.499853,7,417.51
-29.13,31717.12,0.28,8789.56,0.27,-0.02,0.52,28.70,-7.11,-6.98,5.61,2.41,1.56,-27.592198,-48.499833,10,417.98
-29.11,31733.54,0.00,8786.06,0.59,-0.35,0.15,20.72,-21.65,-9.85,-0.14,0.14,-6.06,-27.592189,-48.499813,8,418.38
-29.09,31749.97,0.00,8782.56,-1.01,-0.42,0.29,9.47,-25.86,-9.16,-3.74,-8.59,-3.97,-27.592180,-48.499793,10,418.80
-29.06,31766.40,0.00,8779.06,-0.67,-0.66,0.07,0.48,-31.00,-10.90,-3.75,-4.55,3.07,-27.592171,-48.499772,6,419.33
-29.04,31782.84,0.00,8775.56,1.01,-0.32,0.40,-10.31,-27.65,-13.41,-2.92,2.48,5.16,-27.592162,-48.499752,6,419.77
-29.02,31799.29,0.00,8772.06,0.02,-0.58,-0.16,-18.43,-22.94,-6.92,0.67,8.43,3.76,-27.592153,-48.499732,7,420.16
-29.00,31815.74,0.17,8768.56,-0.01,0.44,1.73,-27.50,-9.94,-10.99,3.53,3.33,1.81,-27.592144,-48.499712,6,420.55
-28.97,31832.20,0.00,8765.06,0.25,-0.13,1.27,-29.88,-0.96,-5.11,5.46,-2.92,-2.84,-27.592135,-48.499691,10,420.85
-28.95,31848.67,0.00,8761.56,-0.26,-0.12,0.91,-27.30,9.70,-5.24,-3.88,-4.19,-7.06,-27.592126,-48.499671,8,421.12
-28.93,31865.15,0.00,8758.06,-0.34,0.63,-0.77,-20.47,22.24,-1.50,-3.06,-1.34,-4.01,-27.592117,-48.499651,8,421.46
-28.90,31881.63,0.79,8754.56,-0.60,-0.04,-0.78,-17.40,25.47,-2.50,-5.34,1.34,-1.68,-27.592108,-48.499630,9,421.87
-28.88,31898.12,0.00,8751.06,0.32,0.57,-0.23,2.44,30.47,-1.38,0.31,5.64,4.49,-27.592099,-48.499610,7,422.36
-28.86,31914.61,0.00,8747.56,0.00,-0.14,-0.72,10.77,26.28,2.94,3.96,3.08,4.39,-27.592090,-48.499590,10,422.79
-28.84,31931.11,0.00,8744.06,-0.10,1.12,-0.09,21.94,20.12,2.73,2.81,-1.01,0.00,-27.592081,-48.499570,9,423.21
-28.81,31947.62,0.00,8740.56,-0.54,0.42,-0.24,30.08,9.02,1.07,-2.37,-5.79,-0.63,-27.592072,-48.499549,8,423.64
-28.79,31964.14,0.00,8737.06,-0.05,0.73,-0.03,29.31,0.17,9.19,-5.54,-1.53,-7.72,-27.592063,-48.499529,6,424.11
-28.77,31980.66,0.46,8733.56,-0.69,-0.92,0.50,25.96,-12.24,8.79,-8.30,4.96,-5.52,-27.592054,-48.499509,9,424.58
-28.75,31997.19,0.00,8730.06,0.35,-0.68,-0.23,19.07,-23.46,9.38,-0.78,3.87,0.83,-27.592045,-48.499489,10,425.07
-28.72,32013.73,0.00,8726.56,0.32,-0.21,-0.63,6.79,-30.09,10.86,2.89,0.96,5.04,-27.592036,-48.499468,10,425.50
-28.70,32030.27,0.00,8723.06,-0.14,0.19,0.27,-1.14,-28.86,10.62,6.55,-5.82,6.82,-27.592027,-48.499448,7,425.93
-28.68,32046.82,0.65,8719.56,0.19,-0.47,-0.03,-10.82,-28.82,12.26,1.52,-6.25,-0.96,-27.592019,-48.499428,7,426.31
-28.65,32063.38,0.00,8716.06,-0.47,0.04,-0.09,-24.28,-18.24,9.08,-4.09,1.51,-4.88,-27.592010,-48.499407,6,426.74
-28.63,32079.95,0.00,8712.56,0.53,-0.71,-0.59,-27.18,-6.03,9.55,-5.54,7.02,-8.25,-27.592001,-48.499387,8,427.08
-28.61,32096.52,0.00,8709.06,0.52,-0.08,0.40,-30.55,3.41,6.92,-3.28,6.15,-2.77,-27.591992,-48.499367,10,427.52
-28.59,32113.10,0.90,8705.56,-0.21,0.60,0.19,-26.88,14.08,6.88,4.90,-2.01,4.94,-27.591983,-48.499347,9,427.81
-28.56,32129.68,0.83,8702.06,-0.32,0.06,-0.52,-20.19,19.07,3.56,5.10,-6.47,2.64,-27.591974,-48.499326,7,428.23
-28.54,32146.28,0.87,8698.56,0.30,0.14,0.10,-7.42,26.74,5.25,6.32,-1.15,9.57,-27.591965,-48.499306,10,428.67
-28.52,32162.87,0.64,8695.06,-0.20,0.30,-0.07,4.16,31.41,-0.47,-3.65,2.61,1.62,-27.591956,-48.499286,10,429.06
-28.50,32179.48,2.05,8691.56,-0.16,-0.39,-0.16,16.56,27.04,-4.05,-6.75,6.58,-0.28,-27.591947,-48.499266,8,429.43
-28.47,32196.09,0.00,8688.06,0.34,-0.32,0.20,19.90,18.69,-7.04,-4.20,3.35,-3.84,-27.591938,-48.499245,10,429.84
-28.45,32212.71,0.27,8684.56,0.15,-0.39,0.26,30.93,7.73,-7.57,0.20,-6.10,-1.16,-27.591929,-48.499225,9,430.33
-28.43,32229.34,0.00,8681.06,-0.04,-0.08,0.69,29.70,-2.66,-4.96,6.62,-8.49,0.06,-27.591920,-48.499205,7,430.78
-28.40,32245.98,0.00,8677.56,0.41,0.64,-0.32,23.79,-16.81,-9.84,4.40,-1.72,2.65,-27.591911,-48.499184,7,431.18
-28.38,32262.62,2.03,8674.06,0.03,0.21,0.16,17.73,-28.00,-10.54,0.77,7.39,7.12,-27.591902,-48.499164,6,431.65
-28.36,32279.27,0.00,8670.56,0.10,-0.35,0.76,4.34,-28.17,-6.92,-7.20,4.13,0.12,-27.591893,-48.499144,6,432.09
-28.34,32295.92,1.77,8667.06,-0.29,-0.04,-0.29,-2.39,-27.23,-8.95,-9.58,-1.92,-3.85,-27.591884,-48.499124,6,432.41
-28.31,32312.58,1.22,8663.56,-0.37,-0.26,1.03,-16.39,-26.26,-10.15,-2.68,-6.37,-8.57,-27.591875,-48.499103,8,432.68
-28.29,32329.25,0.01,8660.06,-0.48,-0.92,0.05,-24.77,-15.78,-10.71,3.44,-5.58,-3.47,-27.591866,-48.499083,9,433.06
-28.27,32345.93,0.59,8656.56,-0.36,-1.22,0.79,-27.78,-5.52,-7.18,2.69,-0.46,0.01,-27.591857,-48.499063,9,433.54
-28.24,32362.61,0.00,8653.06,0.64,0.38,0.60,-28.19,5.42,-7.41,0.53,7.90,7.64,-27.591848,-48.499043,8,434.01
-28.22,32379.30,0.00,8649.56,-0.70,-1.34,-1.34,-27.01,17.77,-5.57,-3.35,2.22,3.09,-27.591839,-48.499022,9,434.34
-28.20,32396.00,1.18,8646.06,-0.43,-0.02,0.72,-17.85,28.95,-2.78,-4.74,1.47,0.20,-27.591830,-48.499002,7,434.59
-28.18,32412.70,1.07,8642.56,-0.07,0.23,-0.32,-5.10,28.05,-2.54,-3.12,-6.49,-2.65,-27.591821,-48.498982,8,434.85
-28.15,32429.41,0.50,8639.06,-0.56,1.11,0.01,6.41,30.48,-0.83,5.81,-5.12,-4.25,-27.591812,-48.498961,8,435.13
-28.13,32446.13,0.00,8635.56,-0.03,-0.25,-0.08,17.36,24.21,4.58,6.74,5.26,-5.72,-27.591803,-48.498941,7,435.37
-28.11,32462.85,1.08,8632.06,-0.11,-0.79,-1.09,25.38,13.06,4.20,3.59,2.81,1.08,-27.591794,-48.498921,8,435.63
-28.09,32479.58,0.52,8628.56,0.51,0.05,-0.27,29.57,5.36,5.34,-1.94,3.25,1.66,-27.591785,-48.498901,8,435.93
-28.06,32496.32,0.80,8625.06,0.02,-0.59,0.26,29.95,-8.15,10.67,-10.06,-5.12,2.87,-27.591776,-48.498880,7,436.19
-28.04,32513.07,1.71,8621.56,-0.80,-0.70,0.22,26.01,-17.10,9.98,-6.67,-3.67,2.74,-27.591767,-48.498860,9,436.40
-28.02,32529.82,0.41,8618.06,-0.92,0.31,0.22,15.52,-26.97,5.93,-0.67,-3.22,-5.07,-27.591758,-48.498840,9,436.74
-27.99,32546.58,0.00,8614.56,-0.48,-0.10,-0.27,4.16,-31.90,11.70,3.71,0.74,-7.47,-27.591749,-48.498820,9,437.08
-27.97,32563.35,0.57,8611.06,-0.23,-0.63,0.78,-10.12,-25.98,12.70,4.47,6.09,-4.43,-27.591740,-48.498799,8,437.32
-27.95,32580.12,0.00,8607.56,-0.65,0.49,0.14,-17.30,-24.07,11.52,-1.28,3.55,-0.33,-27.591731,-48.498779,10,437.58
-27.93,32596.90,1.68,8604.06,0.84,-0.10,-1.27,-28.58,-13.15,7.64,-3.65,-5.59,4.21,-27.591722,-48.498759,6,437.81
-27.90,32613.69,0.59,8600.56,-0.37,-0.07,0.57,-29.54,-2.56,7.75,-5.91,-3.79,5.47,-27.591713,-48.498738,8,438.05
-27.88,32630.48,1.73,8597.06,-0.23,-0.31,-1.03,-29.05,13.16,5.33,-0.74,-3.09,-0.33,-27.591704,-48.498718,8,438.32
-27.86,32647.29,0.03,8593.56,0.24,-0.04,0.16,-19.10,20.59,3.46,4.60,1.97,-3.75,-27.591695,-48.498698,8,438.61
-27.84,32664.09,1.71,8590.06,-0.16,-0.45,-1.31,-14.52,23.82,3.38,6.24,4.79,-6.92,-27.591686,-48.498678,10,438.89
-27.81,32680.91,2.06,8586.56,0.42,-0.34,0.24,-5.00,30.47,2.66,2.84,-1.10,-3.51,-27.591677,-48.498657,10,439.15
-27.79,32697.73,1.11,8583.06,-0.29,-0.59,-0.13,10.69,28.71,0.03,-3.99,-3.54,0.37,-27.591668,-48.498637,6,439.42
-27.77,32714.56,2.64,8579.56,-0.03,0.23,0.42,19.52,19.27,-1.73,-5.34,-7.51,4.99,-27.591659,-48.498617,9,439.67
-27.74,32731.40,2.62,8576.06,-0.60,0.12,0.36,28.23,11.13,-6.06,-0.75,3.65,7.17,-27.591650,-48.498597,9,439.95
-27.72,32748.24,1.73,8572.56,0.50,-0.55,0.52,31.46,-2.44,-9.96,4.14,3.07,1.03,-27.591641,-48.498576,8,440.18
-27.70,32765.09,0.00,8569.06,0.06,-0.47,0.62,28.44,-15.61,-7.21,4.68,2.44,-3.12,-27.591632,-48.498556,8,440.45
-27.68,32781.95,0.85,8565.56,0.24,-0.35,0.17,19.57,-22.83,-3.92,-1.25,-0.25,-4.48,-27.591623,-48.498536,6,440.67
-27.65,32798.81,1.87,8562.06,-0.60,-0.43,0.18,13.88,-26.66,-5.62,-1.97,-5.39,-2.70,-27.591614,-48.498515,6,440.95
-27.63,32815.69,0.00,8558.56,-0.39,0.23,-0.89,1.98,-30.31,-8.41,-4.70,-2.74,-0.66,-27.591605,-48.498495,6,441.21
-27.61,32832.57,2.53,8555.06,-0.10,0.68,-0.63,-12.29,-26.51,-5.86,-4.57,4.10,10.39,-27.591596,-48.498475,7,441.47
-27.59,32849.45,2.23,8551.56,-0.33,-1.02,0.49,-21.28,-24.55,-9.63,2.56,7.16,4.34,-27.591587,-48.498455,6,441.74
-27.56,32866.34,1.11,8548.06,-0.31,-0.33,-0.02,-29.43,-6.83,-8.59,4.44,4.66,1.30,-27.591578,-48.498434,9,442.03
-27.54,32883.24,2.44,8544.56,0.08,0.07,-0.32,-29.97,1.31,-5.38,3.43,-4.17,-2.71,-27.591569,-48.498414,6,442.30
-27.52,32900.15,1.90,8541.06,-0.10,-0.58,-0.76,-27.06,10.74,-6.20,-2.47,-9.14,-4.30,-27.591560,-48.498394,7,442.59
-27.49,32917.06,0.23,8537.56,-0.99,0.49,0.00,-21.09,20.76,-4.37,-9.92,-1.73,-3.34,-27.591551,-48.498374,10,442.84
-27.47,32933.99,0.90,8534.06,-0.58,0.11,-0.14,-8.37,28.48,3.12,-5.72,5.34,2.39,-27.591542,-48.498353,8,443.12
-27.45,32950.91,1.21,8530.56,-0.47,-0.27,0.21,4.16,32.07,-1.57,0.24,3.69,5.99,-27.591533,-48.498333,7,443.39
-27.43,32967.85,2.63,8527.06,-0.05,-0.56,0.47,11.32,25.83,3.50,6.84,2.11,6.71,-27.591524,-48.498313,10,443.67
-27.40,32984.79,2.29,8523.56,-0.62,-0.22,-0.69,20.60,19.04,5.99,4.42,-1.29,-2.63,-27.591515,-48.498292,10,443.94
-27.38,33001.74,1.65,8520.06,-0.14,-0.13,0.35,27.21,11.05,5.62,-1.66,-7.74,-5.36,-27.591506,-48.498272,8,444.22
-27.36,33018.70,1.72,8516.56,0.60,-0.23,-0.29,27.50,-5.88,6.60,-2.61,-3.54,-4.01,-27.591497,-48.498252,7,444.50
-27.33,33035.66,1.43,8513.06,-0.39,-0.52,-0.02,25.10,-12.13,7.97,-3.93,5.70,-2.66,-27.591489,-48.498232,7,444.76
-27.31,33052.63,0.76,8509.56,0.07,-0.24,0.48,17.91,-24.99,9.01,-0.14,2.77,0.67,-27.591480,-48.498211,7,445.04
-27.29,33069.61,2.09,8506.06,-0.43,-0.07,-0.15,4.79,-26.18,9.46,1.89,-1.02,4.45,-27.591471,-48.498191,7,445.33
-27.27,33086.59,2.96,8502.56,-0.02,0.15,0.02,1.01,-30.42,11.44,4.28,-6.90,6.92,-27.591462,-48.498171,10,445.59
-27.24,33103.58,2.01,8499.06,0.01,-0.35,-0.51,-17.58,-24.09,12.98,1.84,-3.96,-0.58,-27.591453,-48.498151,8,445.84
-27.22,33120.58,0.99,8495.56,0.21,-0.72,-0.28,-24.39,-15.68,11.55,-3.63,3.45,-2.50,-27.591444,-48.498130,8,446.10
-27.20,33137.59,1.93,8492.06,-0.45,-0.13,0.35,-30.23,-9.52,5.68,-5.96,4.42,-6.73,-27.591435,-48.498110,7,446.39
-27.18,33154.60,2.80,8488.56,0.11,-0.04,-0.14,-28.72,3.97,4.64,-0.38,6.87,-4.09,-27.591426,-48.498090,6,446.65
-27.15,33171.62,2.72,8485.06,0.18,-0.08,0.62,-27.27,13.95,5.44,3.62,-1.79,4.57,-27.591417,-48.498069,10,446.88
-27.13,33188.65,2.23,8481.56,0.11,-0.92,0.30,-15.43,23.85,5.05,4.60,-8.44,6.66,-27.591408,-48.498049,7,447.16
-27.11,33205.68,3.68,8478.06,0.37,0.04,0.69,-6.93,29.95,-0.88,-1.32,-3.34,6.21,-27.591399,-48.498029,6,447.40
-27.08,33222.72,1.45,8474.56,0.19,0.12,0.35,10.71,30.98,-2.61,0.96,3.20,0.98,-27.591390,-48.498009,6,447.64
-27.06,33239.77,0.81,8471.06,-0.93,0.18,-0.54,20.29,25.78,0.40,-7.23,5.37,-3.83,-27.591381,-48.497988,10,447.91
-27.04,33256.82,1.02,8467.56,-0.86,-0.02,0.21,26.90,14.14,-3.88,-2.83,4.92,-5.75,-27.591372,-48.497968,9,448.17
-27.02,33273.89,1.66,8464.06,-0.76,0.18,-0.42,27.45,4.76,-6.75,3.86,-3.08,-5.18,-27.591363,-48.497948,9,448.43
-26.99,33290.96,2.58,8460.56,0.46,-0.33,-0.20,27.56,-7.00,-8.89,6.22,-5.21,2.37,-27.591354,-48.497928,8,448.70
-26.97,33308.03,2.46,8457.06,0.27,0.01,-0.10,25.58,-22.77,-10.19,5.22,-2.03,8.33,-27.591345,-48.497907,10,448.97
-26.95,33325.12,2.60,8453.56,0.12,-0.02,0.29,14.94,-27.06,-7.91,1.23,5.82,5.51,-27.591336,-48.497887,7,449.24
-26.93,33342.21,1.16,8450.06,-0.52,-0.33,-0.17,3.36,-27.62,-7.92,-8.31,4.42,1.50,-27.591327,-48.497867,8,449.44
-26.90,33359.30,3.34,8446.56,-0.15,0.11,0.03,-6.35,-29.86,-8.32,-5.38,1.62,-4.18,-27.591318,-48.497846,8,449.73
-26.88,33376.41,3.41,8443.06,0.03,-0.09,-0.05,-17.24,-23.25,-10.69,3.25,-4.10,-4.21,-27.591309,-48.497826,8,449.98
-26.86,33393.52,3.85,8439.56,-0.51,-0.72,0.80,-27.14,-14.64,-9.70,4.44,-7.03,-2.38,-27.591300,-48.497806,7,450.28
-26.83,33410.64,2.13,8436.06,-0.46,0.95,0.35,-29.21,-6.29,-9.04,4.20,0.38,3.70,-27.591291,-48.497786,10,450.56
-26.81,33427.77,1.73,8432.56,-0.02,-0.07,-0.21,-26.78,7.07,-6.45,-1.37,5.91,5.33,-27.591282,-48.497765,9,450.84
-26.79,33444.90,2.20,8429.06,0.34,-0.14,0.38,-22.95,16.87,-5.52,-5.01,5.26,9.02,-27.591273,-48.497745,9,451.09
-26.77,33462.04,1.32,8425.56,-0.23,-1.01,-0.29,-16.45,25.62,-0.55,-4.20,-2.61,1.81,-27.591264,-48.497725,6,451.38
-26.74,33479.19,2.79,8422.06,-0.33,0.29,0.15,-3.15,30.85,-0.15,-2.05,-5.50,-4.46,-27.591255,-48.497704,9,451.66
-26.72,33496.34,1.82,8418.56,-0.23,-0.46,0.48,9.69,26.85,-0.02,2.72,-3.90,-5.70,-27.591246,-48.497684,6,451.93
-26.70,33513.50,1.99,8415.06,-0.44,-0.63,0.31,21.34,20.95,1.53,6.03,-1.21,-1.99,-27.591237,-48.497664,9,452.21
-26.68,33530.67,2.09,8411.56,0.05,-0.44,0.13,26.59,13.39,6.27,1.03,10.51,3.78,-27.591228,-48.497644,10,452.48
-26.65,33547.85,2.22,8408.06,-0.21,0.72,0.23,25.94,2.71,6.53,-1.51,2.11,7.64,-27.591219,-48.497623,6,452.75
-26.63,33565.03,2.16,8404.56,0.53,-0.53,0.62,24.19,-8.92,7.03,-4.01,-3.83,3.29,-27.591210,-48.497603,7,453.10
-26.61,33582.22,4.62,8401.06,-0.58,-0.34,0.26,21.11,-19.14,7.45,-4.49,-8.08,-0.52,-27.591201,-48.497583,6,453.55
-26.58,33599.42,2.00,8397.56,0.41,0.35,-0.33,11.13,-28.12,11.37,3.71,-3.47,-6.10,-27.591192,-48.497563,8,453.98
-26.56,33616.62,3.98,8394.06,-0.24,0.38,-0.40,2.40,-31.68,8.03,7.60,5.80,-7.72,-27.591183,-48.497542,6,454.40
-26.54,33633.83,2.23,8390.56,0.40,-0.25,0.73,-13.80,-27.63,9.13,4.81,11.16,-1.80,-27.591174,-48.497522,6,454.89
-26.52,33651.05,3.36,8387.06,-0.62,0.14,-0.46,-19.54,-22.91,11.28,-1.59,1.51,4.26,-27.591165,-48.497502,6,455.36
-26.49,33668.28,4.75,8383.56,-0.34,0.43,-0.16,-27.68,-13.53,13.13,-5.04,-6.42,5.48,-27.591156,-48.497481,6,455.76
-26.47,33685.51,2.40,8380.06,-0.87,0.54,-0.75,-32.40,-0.47,10.20,-0.75,-5.30,3.40,-27.591147,-48.497461,8,456.11
-26.45,33702.75,1.46,8376.56,-0.30,0.40,0.28,-27.07,10.44,2.19,1.39,-1.70,0.94,-27.591138,-48.497441,10,456.55
-26.42,33720.00,2.56,8373.06,-0.17,-0.30,-0.23,-24.36,22.45,3.49,8.85,6.55,-4.24,-27.591129,-48.497421,9,456.88
-26.40,33737.25,1.13,8369.56,-0.00,0.07,-0.02,-13.00,31.77,1.00,4.26,7.45,-7.34,-27.591120,-48.497400,8,457.22
-26.38,33754.51,1.60,8366.06,0.80,0.28,-0.22,-0.48,29.56,-3.09,-0.24,-0.64,-5.78,-27.591111,-48.497380,10,457.69
-26.36,33771.78,1.35,8362.56,0.02,-0.17,-0.80,12.40,29.24,-5.44,-5.66,-6.52,-0.05,-27.591102,-48.497360,6,458.14
-26.33,33789.06,4.10,8359.06,0.41,-0.54,-0.06,22.27,17.77,-5.69,-5.14,-6.94,8.47,-27.591093,-48.497340,8,458.55
-26.31,33806.34,4.16,8355.56,-0.41,0.13,0.13,28.08,10.39,-7.09,2.51,2.97,5.98,-27.591084,-48.497319,10,458.97
-26.29,33823.63,3.64,8352.06,0.15,-0.78,-1.02,27.87,-2.75,-4.70,7.79,3.62,-1.46,-27.591075,-48.497299,8,459.34
-26.27,33840.93,2.93,8348.56,-0.38,-0.72,-0.14,23.80,-16.25,-8.04,6.84,3.09,-7.76,-27.591066,-48.497279,9,459.76
-26.24,33858.23,2.68,8345.06,-0.21,-0.44,0.50,16.41,-21.48,-7.18,2.62,-6.22,-3.06,-27.591057,-48.497258,10,460.24
-26.22,33875.54,3.07,8341.56,-0.51,0.78,0.41,6.57,-30.45,-9.37,-5.39,-5.16,0.44,-27.591048,-48.497238,6,460.50
-26.20,33892.86,4.67,8338.06,0.56,0.47,-0.04,-3.76,-27.00,-11.83,-7.44,-0.81,3.60,-27.591039,-48.497218,8,460.94
-26.17,33910.19,3.37,8334.56,-0.14,1.27,0.48,-14.74,-27.19,-8.67,-2.87,3.31,8.78,-27.591030,-48.497198,6,461.31
-26.15,33927.52,3.78,8331.06,0.95,0.45,-0.27,-22.97,-15.12,-11.31,4.55,5.86,4.32,-27.591021,-48.497177,9,461.74
-26.13,33944.86,3.43,8327.56,-0.06,-0.04,0.55,-32.04,-11.06,-13.14,7.18,-0.80,2.94,-27.591012,-48.497157,6,462.18
-26.11,33962.21,3.76,8324.06,0.70,-0.56,0.10,-28.98,1.40,-7.90,1.11,-5.46,-6.09,-27.591003,-48.497137,7,462.65
-26.08,33979.56,3.75,8320.56,1.04,0.07,0.72,-18.38,14.26,-6.70,-3.44,-7.38,-5.63,-27.590994,-48.497117,8,462.92
-26.06,33996.93,2.41,8317.06,-0.82,-0.01,0.17,-17.14,26.32,-1.12,-4.86,-3.02,-1.73,-27.590985,-48.497096,10,463.19
-26.04,34014.30,2.12,8313.56,0.43,0.73,0.90,-10.74,30.03,-2.32,-3.59,2.46,1.29,-27.590976,-48.497076,7,463.56
-26.02,34031.67,3.17,8310.06,0.13,-0.61,1.25,6.40,27.65,2.01,-0.07,2.88,7.21,-27.590967,-48.497056,10,464.00
-25.99,34049.06,4.28,8306.56,-0.59,-0.13,-0.94,16.38,25.87,1.09,4.22,0.87,2.43,-27.590958,-48.497035,7,464.38
-25.97,34066.45,2.67,8303.06,1.07,0.79,0.94,24.37,22.01,3.74,5.21,-0.74,0.62,-27.590950,-48.497015,7,464.79
-25.95,34083.84,3.27,8299.56,0.22,0.60,-0.31,27.79,9.05,2.07,-0.62,-4.67,-4.31,-27.590941,-48.496995,9,465.22
-25.92,34101.25,2.11,8296.06,1.11,0.15,-0.05,28.61,-4.61,5.54,-3.69,1.23,-7.42,-27.590932,-48.496975,7,465.53
-25.90,34118.66,3.44,8292.56,0.55,-0.00,0.20,25.18,-18.23,9.66,-3.89,2.79,-3.15,-27.590923,-48.496954,8,465.87
-25.88,34136.08,3.06,8289.06,-0.04,0.04,0.65,15.89,-23.93,8.38,-1.43,5.91,1.72,-27.590914,-48.496934,7,466.27
-25.86,34153.51,3.46,8285.56,0.10,0.03,0.24,5.33,-36.11,6.52,5.14,2.15,8.08,-27.590905,-48.496914,9,466.69
-25.83,34170.94,5.23,8282.06,0.06,-0.55,0.58,-7.02,-27.49,11.78,2.30,-6.43,4.42,-27.590896,-48.496894,6,467.12
-25.81,34188.38,4.89,8278.56,-0.37,-0.15,0.35,-19.39,-25.05,6.95,0.55,-5.66,-0.42,-27.590887,-48.496873,8,467.39
-25.79,34205.83,4.21,8275.06,-0.30,0.42,-0.30,-22.20,-16.45,7.88,-3.07,3.36,-5.60,-27.590878,-48.496853,6,467.82
-25.77,34223.28,4.69,8271.56,-0.30,-0.11,-0.55,-26.96,-7.27,5.73,-3.09,6.85,-4.91,-27.590869,-48.496833,7,468.26
-25.74,34240.75,4.55,8268.06,0.24,0.40,-0.02,-30.64,8.92,6.01,-1.97,4.05,-1.60,-27.590860,-48.496812,7,468.69
-25.72,34258.22,3.64,8264.56,0.62,-0.23,-0.19,-23.62,19.05,4.55,8.06,-6.31,1.31,-27.590851,-48.496792,10,469.10
-25.70,34275.69,3.49,8261.06,-0.26,-0.18,-0.21,-14.12,29.35,1.07,7.58,-5.25,5.25,-27.590842,-48.496772,9,469.57
-25.67,34293.18,3.17,8257.56,-0.06,-0.45,-0.14,-0.57,32.23,-0.46,3.99,-3.00,4.08,-27.590833,-48.496752,7,470.00
-25.65,34310.67,2.45,8254.06,0.77,0.02,0.39,6.50,28.21,-5.57,-2.08,4.17,-1.37,-27.590824,-48.496731,7,470.38
-25.63,34328.17,3.50,8250.56,-0.61,0.11,-0.45,18.64,23.90,-4.55,-6.57,3.21,-6.51,-27.590815,-48.496711,10,470.83
-25.61,34345.67,3.63,8247.06,0.57,0.17,0.50,26.93,14.61,-7.57,0.99,-2.36,-5.55,-27.590806,-48.496691,7,471.22
-25.58,34363.19,3.77,8243.56,-0.12,0.08,0.19,29.64,3.54,-2.59,-0.00,-7.79,-1.11,-27.590797,-48.496671,7,471.63
-25.56,34380.71,4.75,8240.06,-0.17,0.01,0.76,28.19,-10.61,-5.16,5.90,-5.96,3.15,-27.590788,-48.496650,6,472.04
-25.54,34398.24,3.62,8236.56,0.05,0.38,-0.22,23.88,-17.08,-14.01,1.73,2.55,6.21,-27.590779,-48.496630,7,472.45
-25.51,34415.77,4.68,8233.06,-0.42,0.47,-0.31,12.92,-25.76,-9.45,-4.56,6.42,2.85,-27.590770,-48.496610,10,472.72
-25.49,34433.31,4.18,8229.56,0.37,0.08,-0.25,0.97,-29.02,-8.41,-3.21,4.80,1.47,-27.590761,-48.496589,10,473.07
-25.47,34450.86,3.26,8226.06,0.34,-0.09,0.46,-3.12,-30.62,-6.59,-5.87,-1.51,-3.95,-27.590752,-48.496569,7,473.48
-25.45,34468.42,3.19,8222.56,-0.11,0.42,-0.60,-19.58,-20.69,-8.20,3.83,-0.66,-8.19,-27.590743,-48.496549,7,473.91
-25.42,34485.98,4.60,8219.06,-0.39,0.21,0.22,-26.38,-16.81,-7.83,3.40,-2.34,-3.42,-27.590734,-48.496529,9,474.22
-25.40,34503.55,4.03,8215.56,0.51,0.42,-0.04,-26.20,-0.84,-6.84,2.29,-1.46,2.82,-27.590725,-48.496508,7,474.66
-25.38,34521.13,3.97,8212.06,0.02,0.02,0.24,-24.90,7.55,-7.58,0.22,6.53,6.93,-27.590716,-48.496488,9,475.06
-25.36,34538.72,4.40,8208.56,-0.70,-0.90,0.29,-23.36,19.99,-2.40,-8.25,-0.51,10.48,-27.590707,-48.496468,10,475.47
-25.33,34556.31,4.23,8205.06,-0.12,-0.39,-0.44,-13.15,24.88,-5.30,-4.72,-3.22,0.55,-27.590698,-48.496448,6,475.90
-25.31,34573.91,4.59,8201.56,1.01,-0.06,-0.42,0.85,30.29,-0.67,0.43,-4.43,-5.93,-27.590689,-48.496427,10,476.42
-25.29,34591.52,4.43,8198.06,-0.53,-0.73,0.23,10.96,26.56,1.31,4.02,-3.80,-6.80,-27.590680,-48.496407,9,476.73
-25.26,34609.13,5.44,8194.56,0.09,-0.07,0.24,16.49,20.30,3.41,9.94,1.53,-4.69,-27.590671,-48.496387,8,477.09
-25.24,34626.75,4.23,8191.06,0.21,-0.90,0.48,26.17,12.61,8.22,1.99,6.70,0.74,-27.590662,-48.496366,7,477.57
-25.22,34644.38,4.41,8187.56,0.19,-0.75,0.49,26.44,0.05,5.55,-5.20,1.20,5.50,-27.590653,-48.496346,8,477.93
-25.20,34662.02,5.23,8184.06,-0.53,-0.51,-0.54,29.59,-13.22,7.47,-5.03,-3.41,2.91,-27.590644,-48.496326,6,478.35
-25.17,34679.66,5.77,8180.56,-0.45,0.28,0.08,22.68,-21.99,7.54,-4.09,-5.01,0.45,-27.590635,-48.496306,8,478.79
-25.15,34697.31,4.18,8177.06,-0.07,-0.49,0.40,9.58,-30.17,8.71,4.60,-2.75,-4.48,-27.590626,-48.496285,8,479.17
-25.13,34714.97,4.37,8173.56,-0.14,0.76,-0.12,-0.80,-28.14,7.49,6.32,6.70,-4.68,-27.590617,-48.496265,8,479.63
-25.11,34732.64,2.64,8170.06,-1.07,0.60,-0.58,-13.60,-25.86,10.15,1.25,4.51,-6.07,-27.590608,-48.496245,8,480.06
-25.08,34750.31,6.36,8166.56,-0.60,-0.30,-0.56,-20.36,-19.83,11.90,-3.88,1.45,1.34,-27.590599,-48.496225,7,480.47
-25.06,34767.99,7.44,8163.06,0.17,-0.63,0.39,-25.68,-8.22,6.38,-8.39,-6.35,7.48,-27.590590,-48.496204,9,480.83
-25.04,34785.68,4.79,8159.56,0.26,0.56,0.01,-31.83,1.26,5.20,-5.34,-3.33,3.24,-27.590581,-48.496184,8,481.15
-25.01,34803.37,6.27,8156.06,0.17,-0.28,0.51,-26.49,12.29,5.54,1.86,4.39,0.60,-27.590572,-48.496164,10,481.59
-24.99,34821.07,3.06,8152.56,-0.48,-1.11,0.38,-18.00,24.53,1.93,4.24,0.98,-5.27,-27.590563,-48.496143,9,482.00
-24.97,34838.78,5.17,8149.06,0.22,-1.10,-0.23,-10.87,28.00,3.61,6.28,3.14,-5.85,-27.590554,-48.496123,8,482.47
-24.95,34856.50,4.26,8145.56,0.28,1.01,-0.05,4.33,31.60,0.03,-1.27,0.88,-2.11,-27.590545,-48.496103,8,482.94
-24.92,34874.22,4.09,8142.06,0.49,-0.06,0.19,18.96,25.47,0.19,-4.21,-1.57,1.52,-27.590536,-48.496083,10,483.36
-24.90,34891.95,5.42,8138.56,0.53,-0.75,0.28,26.30,21.97,-4.97,-3.05,-4.18,5.15,-27.590527,-48.496062,9,483.74
-24.88,34909.69,5.39,8135.06,-0.64,-0.22,0.42,29.57,9.63,-6.43,1.71,1.69,6.24,-27.590518,-48.496042,9,484.20
-24.86,34927.44,3.65,8131.56,0.65,0.55,0.14,30.22,-3.64,-10.22,7.66,7.63,0.30,-27.590509,-48.496022,7,484.63
-24.83,34945.19,6.52,8128.06,-0.12,0.01,-0.78,26.60,-14.31,-7.59,6.20,6.77,-6.75,-27.590500,-48.496002,9,485.09
-24.81,34962.95,6.69,8124.56,-0.48,0.35,0.53,19.96,-23.49,-8.42,-1.17,-4.13,-5.09,-27.590491,-48.495981,9,485.52
-24.79,34980.72,2.47,8121.06,0.39,0.20,0.09,10.09,-32.25,-14.38,-2.79,-3.74,-5.30,-27.590482,-48.495961,8,485.98
-24.76,34998.49,4.61,8117.56,0.95,0.11,0.10,-6.95,-28.64,-7.82,-4.63,-4.87,4.00,-27.590473,-48.495941,10,486.40
-24.74,35016.28,2.44,8114.06,-0.00,0.63,-0.52,-15.82,-22.14,-10.43,-3.01,4.82,1.12,-27.590464,-48.495920,8,486.81
-24.72,35034.07,4.55,8110.56,-0.65,0.33,-0.59,-19.89,-16.80,-5.94,5.81,8.46,6.50,-27.590455,-48.495900,8,487.26
-24.70,35051.86,4.45,8107.06,0.07,-0.62,0.28,-24.01,-5.73,-6.19,6.47,-0.86,-1.68,-27.590446,-48.495880,8,487.74
-24.67,35069.67,5.45,8103.56,-0.91,-0.64,-0.29,-31.26,6.55,-8.94,3.10,-9.14,-5.23,-27.590437,-48.495860,10,488.23
-24.65,35087.48,4.91,8100.06,0.29,1.06,0.28,-22.20,20.65,-4.31,-5.49,-1.63,-5.70,-27.590428,-48.495839,6,488.69
-24.63,35105.30,4.92,8096.56,0.06,-0.05,0.46,-15.39,24.66,-4.48,-4.28,-2.80,-1.02,-27.590420,-48.495819,6,489.01
-24.60,35123.12,4.56,8093.06,-1.08,0.21,0.55,-4.26,27.22,0.60,-0.57,4.31,4.76,-27.590411,-48.495799,9,489.23
-24.58,35140.96,4.63,8089.56,0.18,0.85,-0.28,6.66,32.97,2.54,2.41,5.69,6.18,-27.590402,-48.495779,10,489.45
-24.56,35158.80,6.86,8086.06,0.29,0.28,-0.09,17.29,23.89,2.65,8.48,0.49,4.07,-27.590393,-48.495758,8,489.69
-24.54,35176.65,7.18,8082.56,-0.51,0.56,0.34,25.38,13.80,5.65,2.67,-4.20,2.74,-27.590384,-48.495738,9,490.04
-24.51,35194.50,4.17,8079.06,-0.25,-0.58,-0.04,30.30,3.60,6.51,-1.88,-4.28,-8.35,-27.590375,-48.495718,9,490.25
-24.49,35212.36,6.01,8075.56,0.35,-0.19,-1.56,28.21,-5.80,7.69,-8.70,3.28,-7.78,-27.590366,-48.495697,6,490.48
-24.47,35230.23,5.26,8072.06,-0.22,0.26,-0.44,20.97,-16.09,7.84,-3.72,6.95,-1.27,-27.590357,-48.495677,8,490.71
-24.45,35248.11,4.19,8068.56,-0.05,-1.50,0.06,14.11,-24.45,9.03,3.10,3.91,1.34,-27.590348,-48.495657,7,491.12
-24.42,35266.00,5.41,8065.06,-0.23,-0.09,0.24,4.80,-28.52,7.99,6.23,-1.51,8.53,-27.590339,-48.495637,10,491.50
-24.40,35283.89,6.50,8061.56,-0.11,-0.07,0.68,-11.51,-34.15,10.83,5.31,-3.70,5.81,-27.590330,-48.495616,9,491.84
-24.38,35301.79,4.50,8058.06,-0.05,0.38,0.38,-19.41,-21.06,8.18,-1.02,-4.31,-3.71,-27.590321,-48.495596,10,492.10
-24.35,35319.69,3.58,8054.56,-0.13,0.01,-0.06,-24.21,-13.75,7.28,-7.69,0.94,-5.94,-27.590312,-48.495576,10,492.54
-24.33,35337.61,5.50,8051.06,-0.32,0.08,-0.68,-31.79,-1.59,4.69,-9.94,6.68,-5.51,-27.590303,-48.495556,9,492.80
-24.31,35355.53,4.56,8047.56,0.19,-0.42,0.89,-29.63,12.07,7.28,0.61,2.39,0.04,-27.590294,-48.495535,10,493.05
-24.29,35373.46,5.12,8044.06,0.33,0.30,0.77,-23.66,20.59,-1.00,6.61,-4.53,6.11,-27.590285,-48.495515,10,493.23
-24.26,35391.40,5.58,8040.56,0.55,0.12,0.28,-14.77,25.52,1.06,6.22,-4.85,4.58,-27.590276,-48.495495,8,493.43
-24.24,35409.34,6.04,8037.06,-0.56,-0.50,-0.27,-0.66,32.95,-0.46,0.70,-1.78,3.42,-27.590267,-48.495474,8,493.68
-24.22,35427.29,5.52,8033.56,-0.24,-0.60,-0.27,11.79,28.06,-4.98,-5.54,3.85,-1.43,-27.590258,-48.495454,10,494.00
-24.20,35445.25,5.40,8030.06,0.17,-0.96,0.86,17.04,27.94,-4.53,-6.28,6.32,-4.30,-27.590249,-48.495434,9,494.46
-24.17,35463.21,6.86,8026.56,0.49,-0.15,1.30,24.82,11.80,-4.65,-0.89,-0.91,-1.30,-27.590240,-48.495414,10,494.83
-24.15,35481.19,5.04,8023.06,0.52,0.05,-0.46,28.41,1.75,-5.98,2.63,-5.30,-1.43,-27.590231,-48.495393,10,495.04
-24.13,35499.17,4.68,8019.56,-0.09,-0.12,0.33,25.62,-8.70,-6.04,6.39,-6.28,2.97,-27.590222,-48.495373,8,495.32
-24.10,35517.16,6.99,8016.06,-0.23,0.34,-0.54,21.70,-19.03,-7.53,3.04,2.05,7.67,-27.590213,-48.495353,9,495.70
-24.08,35535.15,5.15,8012.56,0.12,0.29,-1.08,10.86,-26.39,-9.59,-2.06,3.41,2.38,-27.590204,-48.495333,7,496.01
-24.06,35553.15,5.48,8009.06,0.41,0.04,0.36,-1.31,-30.49,-11.22,-8.51,3.27,-0.62,-27.590195,-48.495312,10,496.34
-24.04,35571.16,4.57,8005.56,0.40,-0.15,0.37,-9.17,-25.72,-10.24,-4.24,-3.75,-6.84,-27.590186,-48.495292,6,496.73
-24.01,35589.18,7.32,8002.06,-1.09,-0.99,0.12,-24.89,-21.16,-9.10,3.10,-8.25,-6.01,-27.590177,-48.495272,8,496.96
-23.99,35607.21,5.88,7998.56,0.42,0.56,0.34,-29.54,-12.65,-9.09,4.92,-2.45,-1.74,-27.590168,-48.495251,8,497.18
-23.97,35625.24,5.70,7995.06,0.37,0.47,-0.46,-30.96,2.50,-8.18,1.57,2.60,4.06,-27.590159,-48.495231,9,497.40
-23.95,35643.28,4.23,7991.56,-0.71,-0.93,-0.20,-25.67,10.62,-4.20,-0.11,3.60,10.25,-27.590150,-48.495211,9,497.79
-23.92,35661.32,6.04,7988.06,-0.41,-0.51,0.02,-25.24,24.76,-2.67,-5.77,2.06,3.84,-27.590141,-48.495191,6,498.13
-23.90,35679.38,6.78,7984.56,0.09,-0.60,0.27,-12.00,27.57,-5.27,-4.89,-2.30,3.50,-27.590132,-48.495170,8,498.56
-23.88,35697.44,5.64,7981.06,0.51,-0.28,-0.91,2.79,29.10,-0.15,1.19,-7.92,-6.27,-27.590123,-48.495150,6,498.92
-23.85,35715.51,7.87,7977.56,-0.02,-0.59,0.59,12.46,25.83,1.21,7.02,-2.43,-6.16,-27.590114,-48.495130,10,499.34
-23.83,35733.59,5.67,7974.06,-0.91,0.29,0.22,20.48,21.22,6.99,2.46,4.03,-0.44,-27.590105,-48.495110,6,499.70
-23.81,35751.67,7.91,7970.56,0.42,0.20,-0.51,31.69,12.71,3.66,5.24,-2.16,1.15,-27.590096,-48.495089,6,500.10
-23.79,35769.76,6.19,7967.06,-0.02,0.23,0.44,31.18,0.71,10.56,-4.82,0.55,7.21,-27.590087,-48.495069,7,500.50
-23.76,35787.86,5.50,7963.56,-0.19,0.60,-0.39,27.57,-14.68,5.91,-3.37,-2.24,5.16,-27.590078,-48.495049,6,500.78
-23.74,35805.97,8.28,7960.06,0.05,0.57,0.86,18.81,-19.34,10.11,-2.62,-5.17,-2.16,-27.590069,-48.495028,10,501.06
-23.72,35824.08,7.75,7956.56,-0.48,-0.57,0.34,7.47,-28.20,7.08,5.22,-2.93,-7.15,-27.590060,-48.495008,8,501.46
-23.69,35842.20,6.50,7953.06,-0.26,0.85,0.18,-5.14,-28.08,8.98,5.52,3.99,-7.64,-27.590051,-48.494988,10,501.94
-23.67,35860.33,5.12,7949.56,0.14,0.58,0.60,-15.02,-26.86,8.48,4.07,7.55,-2.92,-27.590042,-48.494968,10,502.31
-23.65,35878.47,6.17,7946.06,-0.26,0.56,0.49,-24.92,-19.78,12.70,-2.93,-2.29,5.32,-27.590033,-48.494947,9,502.70
-23.63,35896.61,5.87,7942.56,0.21,-0.40,-0.20,-29.07,-9.84,6.03,-5.12,-7.75,3.50,-27.590024,-48.494927,10,503.07
-23.60,35914.76,4.88,7939.06,-0.14,-0.10,0.05,-28.66,1.54,7.76,0.47,-2.46,3.34,-27.590015,-48.494907,9,503.48
-23.58,35932.92,6.91,7935.56,-0.52,-0.49,-0.49,-23.57,18.25,3.83,3.72,-0.01,-2.78,-27.590006,-48.494887,6,503.96
-23.56,35951.08,7.87,7932.06,0.40,-0.25,1.22,-16.35,20.84,1.57,7.88,7.44,-3.27,-27.589997,-48.494866,9,504.40
-23.54,35969.26,6.90,7928.56,0.67,0.45,-0.06,-5.30,25.01,-0.03,4.77,5.36,-7.64,-27.589988,-48.494846,9,504.83
-23.51,35987.44,7.00,7925.06,0.11,-0.23,0.38,4.54,27.78,-2.81,-0.40,-3.15,-0.89,-27.589979,-48.494826,8,505.26
-23.49,36005.63,3.82,7921.56,0.33,0.65,-0.23,15.67,26.43,-0.19,-6.37,-5.04,4.98,-27.589970,-48.494805,10,505.69
-23.47,36023.82,6.47,7918.06,-0.03,-0.30,0.31,25.35,14.39,-4.87,-3.58,-2.77,8.31,-27.589961,-48.494785,9,505.97
-23.44,36042.02,6.24,7914.56,0.23,-0.50,0.26,29.46,4.19,-6.36,1.13,1.94,4.63,-27.589952,-48.494765,10,506.37
-23.42,36060.23,6.90,7911.06,-0.79,-0.39,-0.35,29.63,-5.25,-9.68,6.13,6.91,-1.49,-27.589943,-48.494745,10,506.66
-23.40,36078.45,5.65,7907.56,-0.12,0.32,0.12,26.67,-14.27,-8.83,4.89,2.66,-5.33,-27.589934,-48.494724,8,507.07
-23.38,36096.68,5.38,7904.06,-0.20,-0.06,-0.05,18.75,-23.01,-8.70,0.50,-4.35,-3.71,-27.589925,-48.494704,6,507.42
-23.35,36114.91,5.32,7900.56,0.42,0.83,0.12,2.19,-31.39,-14.12,-6.99,-4.86,0.11,-27.589916,-48.494684,8,507.85
-23.33,36133.15,6.40,7897.06,-0.42,0.53,-0.13,-6.58,-29.50,-7.07,-5.35,-1.45,3.49,-27.589907,-48.494664,9,508.23
-23.31,36151.40,9.14,7893.56,0.02,-0.51,0.26,-19.22,-25.86,-6.53,0.67,4.91,4.14,-27.589898,-48.494643,10,508.61
-23.29,36169.65,5.62,7890.06,-0.91,-0.42,-0.22,-24.01,-13.15,-8.89,3.77,3.56,4.63,-27.589890,-48.494623,9,509.03
-23.26,36187.92,5.25,7886.56,-0.10,-0.17,-0.36,-31.51,-3.09,-5.76,4.68,4.39,-3.18,-27.589881,-48.494603,7,509.51
-23.24,36206.19,6.69,7883.06,0.18,-0.16,-0.77,-29.73,2.63,-4.25,1.56,-6.17,-5.84,-27.589872,-48.494582,9,509.84
-23.22,36224.46,5.97,7879.56,0.27,0.20,0.41,-28.49,18.49,-0.73,-2.62,-6.27,-4.85,-27.589863,-48.494562,9,510.28
-23.19,36242.75,7.25,7876.06,-0.70,0.15,-0.23,-12.12,32.12,-1.81,-5.90,-1.78,-3.42,-27.589854,-48.494542,8,510.72
-23.17,36261.04,5.39,7872.56,-0.46,0.14,0.21,2.04,29.71,-1.83,3.61,8.13,1.64,-27.589845,-48.494522,7,511.11
-23.15,36279.34,6.82,7869.06,0.11,-0.76,0.19,10.07,28.29,0.82,3.73,5.74,8.64,-27.589836,-48.494501,10,511.59
-23.13,36297.65,7.80,7865.56,-0.07,-0.06,0.85,19.70,20.97,5.05,3.78,-3.83,4.46,-27.589827,-48.494481,8,512.01
-23.10,36315.96,6.21,7862.06,-0.58,0.23,0.18,30.78,13.89,2.02,-0.43,-5.96,-1.45,-27.589818,-48.494461,6,512.43
-23.08,36334.28,6.86,7858.56,0.09,-0.21,-0.16,28.77,5.37,8.68,-1.52,-3.95,-4.92,-27.589809,-48.494441,6,512.81
-23.06,36352.61,8.34,7855.06,-0.07,-0.43,-0.48,33.19,-10.75,9.96,-6.34,5.79,-3.72,-27.589800,-48.494420,9,513.23
-23.04,36370.95,7.77,7851.56,0.56,-0.11,0.17,25.01,-17.88,8.76,-2.74,5.82,2.07,-27.589791,-48.494400,10,513.67
-23.01,36389.30,9.00,7848.06,0.23,-0.36,-0.28,13.42,-27.07,8.25,2.37,0.41,2.54,-27.589782,-48.494380,8,514.11
-22.99,36407.65,6.45,7844.56,0.77,-0.66,0.16,0.16,-29.22,8.34,6.71,-5.17,5.47,-27.589773,-48.494359,6,514.57
-22.97,36426.01,6.44,7841.06,-0.38,0.58,0.71,-5.74,-28.47,10.96,4.31,-4.04,6.10,-27.589764,-48.494339,7,515.07
-22.94,36444.38,6.66,7837.56,0.08,-0.03,-0.36,-17.20,-22.32,6.61,-3.16,-4.11,-0.95,-27.589755,-48.494319,9,515.40
-22.92,36462.75,6.14,7834.06,-1.03,0.88,-0.13,-22.72,-12.39,8.91,-7.47,3.90,-5.67,-27.589746,-48.494299,10,515.81
-22.90,36481.13,5.75,7830.56,0.44,-0.41,0.75,-31.78,1.17,9.24,-0.62,7.27,-3.39,-27.589737,-48.494278,8,516.13
-22.88,36499.52,7.78,7827.06,-0.97,0.23,0.30,-30.02,13.17,2.44,-0.91,1.22,-1.24,-27.589728,-48.494258,8,516.52
-22.85,36517.92,9.66,7823.56,0.23,-0.03,1.25,-20.29,21.71,6.04,2.11,-3.39,5.77,-27.589719,-48.494238,6,516.95
-22.83,36536.32,7.00,7820.06,0.62,0.21,-0.25,-10.59,30.81,2.91,5.61,-3.02,7.21,-27.589710,-48.494217,10,517.43
-22.81,36554.74,8.71,7816.56,0.55,0.75,0.06,-0.76,28.48,-0.64,-1.27,0.41,3.11,-27.589701,-48.494197,10,517.85
-22.78,36573.16,6.37,7813.06,0.23,-0.48,-0.43,11.51,26.91,-3.82,-3.80,7.35,-0.96,-27.589692,-48.494177,6,518.27
-22.76,36591.58,7.26,7809.56,0.14,1.00,0.47,23.80,22.29,-6.11,-5.68,3.54,-7.44,-27.589683,-48.494157,9,518.72
-22.74,36610.02,7.74,7806.06,0.03,0.79,0.24,23.61,11.43,-4.21,-3.21,-4.03,-4.79,-27.589674,-48.494136,6,519.17
-22.72,36628.46,8.73,7802.56,0.96,-0.76,0.33,32.71,1.94,-7.92,6.20,-6.89,-3.11,-27.589665,-48.494116,7,519.64
-22.69,36646.91,7.32,7799.06,0.04,-0.80,0.11,24.83,-11.30,-9.58,2.71,-3.58,2.70,-27.589656,-48.494096,7,520.09
-22.67,36665.37,6.94,7795.56,0.32,0.34,0.86,19.88,-19.47,-12.63,0.50,3.26,6.76,-27.589647,-48.494076,8,520.53
-22.65,36683.83,8.50,7792.06,0.70,-0.25,-0.03,9.86,-26.61,-10.22,-1.13,6.54,2.55,-27.589638,-48.494055,7,520.98
-22.63,36702.30,7.32,7788.56,0.02,-0.41,1.31,-4.86,-29.53,-10.11,-7.15,4.92,0.27,-27.589629,-48.494035,7,521.39
-22.60,36720.78,7.51,7785.06,-0.66,-1.34,0.27,-12.71,-24.31,-9.40,-2.44,-6.06,-4.14,-27.589620,-48.494015,6,521.85
-22.58,36739.27,7.95,7781.56,-0.36,-0.10,0.27,-25.63,-20.82,-7.48,0.12,-4.18,-4.45,-27.589611,-48.493994,9,522.30
-22.56,36757.77,9.48,7778.06,-0.18,0.87,1.58,-28.58,-6.27,-7.14,3.44,-4.09,4.28,-27.589602,-48.493974,9,522.76
-22.53,36776.27,8.02,7774.56,0.94,-0.46,0.15,-26.54,2.76,-10.56,6.01,2.32,9.78,-27.589593,-48.493954,9,523.17
-22.51,36794.78,7.76,7771.06,1.73,-0.35,-0.14,-24.34,10.83,-3.67,-3.22,2.81,7.31,-27.589584,-48.493934,8,523.55
-22.49,36813.30,8.99,7767.56,0.34,0.55,0.27,-20.91,24.93,-1.99,-5.93,1.45,4.26,-27.589575,-48.493913,10,523.76
