Temperatura,Pressao,Umidade,Altitude,ax,ay,az,gx,gy,gz,vib_x,vib_y,vib_z,Latitude,Longitude,Tempo
36.82,95330.33,39.80,511.50,9.50,1.03,2.25,-0.015,-0.059,-0.018,2.78,-8.35,1.18,0.000000,0.000000,3.63
36.83,95334.36,39.79,511.14,9.52,1.02,2.30,-0.017,-0.060,-0.019,1.27,-8.82,-0.63,0.000000,0.000000,4.17
36.91,95345.77,39.80,510.15,9.53,1.01,2.29,-0.016,-0.059,-0.017,0.77,-7.87,-0.18,0.000000,0.000000,4.71
36.83,95334.25,39.78,511.15,9.53,1.02,2.28,-0.017,-0.060,-0.018,2.28,-9.78,-0.18,0.000000,0.000000,5.25
36.84,95335.05,39.78,511.08,9.51,1.04,2.29,-0.016,-0.058,-0.017,2.28,-7.87,1.18,0.000000,0.000000,6.33
36.92,95347.31,39.78,510.01,9.52,1.01,2.28,-0.016,-0.060,-0.018,2.28,-7.87,1.18,0.000000,0.000000,6.87
36.93,95345.08,39.78,510.21,9.53,1.02,2.28,-0.016,-0.059,-0.019,1.78,-8.35,-0.63,0.000000,0.000000,7.95
36.89,95338.88,39.78,510.75,9.53,1.04,2.29,-0.016,-0.059,-0.019,1.78,-7.87,-0.18,0.000000,0.000000,9.03
36.86,95332.67,39.76,511.29,9.52,1.02,2.26,-0.015,-0.059,-0.018,1.78,-7.87,0.73,0.000000,0.000000,9.57
36.87,95333.43,39.77,511.23,9.53,1.01,2.29,-0.014,-0.060,-0.018,1.78,-8.82,0.73,0.000000,0.000000,10.11
36.87,95334.53,39.76,511.13,9.53,1.03,2.28,-0.016,-0.060,-0.018,1.78,-9.30,0.28,0.000000,0.000000,10.65
36.97,95348.97,39.75,509.87,9.51,1.02,2.27,-0.016,-0.060,-0.018,1.78,-8.35,-1.08,0.000000,0.000000,11.73
36.97,95345.77,39.76,510.15,9.53,1.03,2.25,-0.017,-0.059,-0.018,1.27,-9.78,-1.54,0.000000,0.000000,13.89
36.91,95332.33,39.73,511.32,9.51,1.02,2.29,-0.011,-0.060,-0.019,1.78,-7.87,-0.18,0.000000,0.000000,15.51
36.94,95335.46,39.75,511.05,9.52,1.00,2.30,-0.018,-0.059,-0.018,2.28,-8.35,0.28,0.000000,0.000000,16.05
36.91,95334.29,39.73,511.15,9.53,1.03,2.27,-0.013,-0.060,-0.019,1.27,-8.82,-0.18,0.000000,0.000000,16.59
36.92,95333.88,39.73,511.19,9.51,1.01,2.31,-0.022,-0.059,-0.018,1.78,-9.30,-0.18,0.000000,0.000000,17.13
37.00,95344.84,39.73,510.23,9.53,1.05,2.24,-0.012,-0.059,-0.018,1.78,-7.87,0.28,0.000000,0.000000,17.67
36.93,95333.43,39.72,511.23,9.53,1.01,2.29,-0.018,-0.060,-0.019,2.28,-8.35,0.73,0.000000,0.000000,18.21
37.00,95343.14,39.71,510.38,9.52,1.02,2.29,-0.015,-0.059,-0.017,1.78,-8.35,0.28,0.000000,0.000000,18.75
36.93,95333.46,39.71,511.22,9.52,1.01,2.29,-0.018,-0.060,-0.019,0.77,-8.82,-0.18,0.000000,0.000000,19.29
37.02,95345.05,39.72,510.21,9.52,1.04,2.25,-0.016,-0.059,-0.018,2.28,-9.30,-0.18,0.000000,0.000000,19.83
36.94,95334.64,39.71,511.12,9.53,1.02,2.30,-0.014,-0.058,-0.017,1.78,-7.87,-0.18,0.000000,0.000000,20.37
37.02,95345.49,39.70,510.13,9.54,1.03,2.27,-0.015,-0.059,-0.018,2.28,-8.35,0.28,0.000000,0.000000,20.91
36.95,95336.01,39.71,511.00,9.53,1.00,2.28,-0.014,-0.059,-0.018,1.27,-7.87,0.28,0.000000,0.000000,21.46
37.03,95346.84,39.71,510.05,9.52,1.05,2.26,-0.015,-0.060,-0.019,2.28,-9.30,0.28,0.000000,0.000000,21.99
36.96,95336.67,39.69,510.94,9.53,0.99,2.27,-0.015,-0.060,-0.019,0.77,-8.82,-1.08,0.000000,0.000000,22.54
36.98,95335.16,39.69,511.07,9.50,1.02,2.26,-0.017,-0.059,-0.018,2.28,-8.82,-1.08,0.000000,0.000000,23.08
36.98,95331.95,39.68,511.36,9.52,1.03,2.29,-0.016,-0.060,-0.018,1.27,-8.35,-1.08,0.000000,0.000000,26.32
37.07,95346.14,39.68,510.11,9.51,1.04,2.29,-0.015,-0.060,-0.017,2.28,-7.87,0.28,0.000000,0.000000,26.86
36.99,95330.73,39.67,511.46,9.52,1.01,2.27,-0.014,-0.060,-0.018,2.28,-7.87,0.28,0.000000,0.000000,27.40
37.07,95344.63,39.67,510.25,9.52,1.02,2.26,-0.017,-0.059,-0.017,1.78,-9.78,-0.63,0.000000,0.000000,27.94
37.01,95332.67,39.66,511.29,9.52,1.03,2.27,-0.016,-0.061,-0.018,1.78,-8.35,0.28,0.000000,0.000000,29.56
37.01,95333.77,39.66,511.20,9.52,0.99,2.28,-0.017,-0.060,-0.018,1.78,-8.35,-0.18,0.000000,0.000000,30.10
37.03,95333.91,39.66,511.18,9.50,1.03,2.24,-0.017,-0.059,-0.018,1.78,-9.30,-0.18,0.000000,0.000000,30.64
37.02,95331.16,39.66,511.26,9.54,1.00,2.27,-0.017,-0.059,-0.019,1.27,-8.82,-1.99,0.000000,0.000000,31.18
37.11,95346.42,39.65,510.09,9.52,1.02,2.26,-0.016,-0.058,-0.019,1.78,-7.87,-1.08,0.000000,0.000000,31.72
37.02,95331.19,39.63,511.42,9.52,1.01,2.29,-0.015,-0.059,-0.017,1.78,-8.35,1.18,0.000000,0.000000,32.26
37.11,95342.77,39.63,510.41,9.53,1.03,2.26,-0.017,-0.060,-0.018,2.28,-7.87,1.18,0.000000,0.000000,32.80
37.04,95334.81,39.64,511.10,9.53,1.01,2.31,-0.015,-0.059,-0.018,1.78,-8.82,-0.18,0.000000,0.000000,33.34
37.12,95343.97,39.65,510.30,9.52,1.03,2.29,-0.016,-0.060,-0.019,1.78,-8.35,0.28,0.000000,0.000000,33.88
37.04,95333.19,39.63,511.25,9.51,1.01,2.28,-0.016,-0.061,-0.018,1.27,-7.87,-1.99,0.000000,0.000000,34.42
37.14,95348.14,39.64,509.94,9.52,1.02,2.28,-0.018,-0.059,-0.017,1.78,-8.82,-1.08,0.000000,0.000000,34.96
37.05,95335.73,39.62,511.02,9.53,1.02,2.28,-0.016,-0.059,-0.018,1.27,-6.92,1.18,0.000000,0.000000,35.50
37.06,95334.94,39.62,511.09,9.53,1.00,2.26,-0.016,-0.058,-0.017,1.78,-7.39,0.28,0.000000,0.000000,36.04
37.06,95332.56,39.62,511.30,9.52,1.02,2.29,-0.016,-0.060,-0.019,1.78,-8.82,-1.54,0.000000,0.000000,36.58
37.07,95332.46,39.61,511.31,9.51,1.00,2.30,-0.017,-0.059,-0.019,1.78,-8.35,-1.08,0.000000,0.000000,37.12
37.17,95344.25,39.59,510.28,9.51,1.02,2.27,-0.015,-0.060,-0.018,1.27,-7.87,-0.63,0.000000,0.000000,38.74
37.08,95332.50,39.60,511.31,9.52,1.01,2.27,-0.017,-0.059,-0.017,0.77,-8.82,-0.63,0.000000,0.000000,39.28
37.16,95345.08,39.60,510.21,9.55,1.02,2.29,-0.016,-0.060,-0.018,1.78,-8.35,-1.99,0.000000,0.000000,39.82
37.09,95333.70,39.59,511.20,9.54,1.02,2.29,-0.017,-0.058,-0.018,1.27,-7.87,-1.08,0.000000,0.000000,40.36
37.18,95344.42,39.59,510.26,9.53,1.01,2.27,-0.016,-0.060,-0.019,1.78,-7.87,-0.18,0.000000,0.000000,40.90
37.10,95333.84,39.58,511.19,9.53,1.02,2.32,-0.017,-0.059,-0.018,1.78,-8.82,0.28,0.000000,0.000000,41.44
37.19,95348.38,39.58,509.92,9.50,1.01,2.27,-0.017,-0.061,-0.018,1.27,-8.82,-0.18,0.000000,0.000000,41.98
37.11,95332.05,39.58,511.35,9.53,1.01,2.29,-0.016,-0.059,-0.018,1.78,-7.87,-0.63,0.000000,0.000000,42.52
37.11,95333.84,39.58,511.19,9.52,1.00,2.27,-0.016,-0.059,-0.018,1.78,-7.87,-0.18,0.000000,0.000000,43.06
37.13,95334.02,39.57,511.17,9.51,1.00,2.27,-0.015,-0.059,-0.018,1.27,-10.25,-1.08,0.000000,0.000000,45.22
37.22,95346.48,39.56,510.08,9.52,1.02,2.30,-0.017,-0.059,-0.018,1.27,-7.87,-1.08,0.000000,0.000000,45.76
37.14,95333.31,39.57,511.24,9.53,1.01,2.28,-0.014,-0.060,-0.019,1.27,-7.39,1.18,0.000000,0.000000,46.30
37.22,95346.94,39.55,510.04,9.52,1.02,2.25,-0.018,-0.058,-0.017,2.28,-8.35,-0.18,0.000000,0.000000,46.84
37.14,95330.84,39.56,511.45,9.54,1.03,2.29,-0.015,-0.061,-0.018,0.77,-8.35,-0.18,0.000000,0.000000,47.38
37.26,95344.38,39.51,510.22,9.55,1.01,2.24,-0.016,-0.059,-0.020,1.27,-8.82,-1.08,0.000000,0.000000,52.78
37.18,95333.94,39.53,511.18,9.53,1.02,2.29,-0.017,-0.059,-0.018,1.27,-8.82,-1.54,0.000000,0.000000,53.33
37.27,95345.48,39.53,510.17,9.51,1.03,2.25,-0.016,-0.060,-0.017,1.27,-8.35,-1.08,0.000000,0.000000,53.86
37.19,95334.63,39.52,511.12,9.52,1.04,2.26,-0.018,-0.060,-0.018,1.78,-7.87,0.73,0.000000,0.000000,54.40
37.27,95346.63,39.51,510.07,9.52,1.03,2.26,-0.016,-0.059,-0.016,1.27,-8.35,0.28,0.000000,0.000000,54.94
37.20,95333.17,39.50,511.25,9.51,1.02,2.25,-0.016,-0.059,-0.018,1.27,-8.35,-0.18,0.000000,0.000000,55.49
37.29,95344.09,39.51,510.29,9.51,1.00,2.27,-0.016,-0.059,-0.018,1.27,-7.87,0.28,0.000000,0.000000,56.03
37.21,95332.59,39.51,511.30,9.52,1.02,2.27,-0.017,-0.060,-0.018,0.77,-8.35,-0.18,0.000000,0.000000,56.57
37.21,95334.04,39.49,511.17,9.53,1.01,2.27,-0.015,-0.059,-0.018,1.78,-8.35,-0.18,0.000000,0.000000,57.11
37.30,95344.75,39.49,510.24,9.52,1.02,2.28,-0.017,-0.060,-0.018,0.77,-8.35,-1.54,0.000000,0.000000,57.65
37.22,95331.91,39.50,511.36,9.53,1.02,2.27,-0.016,-0.059,-0.018,2.78,-7.87,0.73,0.000000,0.000000,58.19
37.30,95341.65,39.49,510.51,9.54,1.01,2.28,-0.016,-0.061,-0.019,1.78,-7.87,-0.18,0.000000,0.000000,58.73
37.23,95333.39,39.48,511.23,9.52,1.03,2.28,-0.015,-0.058,-0.017,0.77,-8.35,-0.18,0.000000,0.000000,59.27
37.23,95332.10,39.48,511.34,9.53,1.01,2.27,-0.016,-0.060,-0.018,1.27,-7.87,-1.99,0.000000,0.000000,60.35
37.32,95344.52,39.48,510.26,9.54,1.00,2.26,-0.016,-0.059,-0.018,2.28,-7.87,-0.18,0.000000,0.000000,60.89
37.48,95337.17,39.27,510.90,9.53,1.04,2.28,-0.019,-0.059,-0.019,1.27,-7.87,0.28,0.000000,0.000000,92.22
37.56,95348.16,39.26,509.94,9.52,1.01,2.28,-0.018,-0.059,-0.018,1.78,-7.87,-0.63,0.000000,0.000000,92.76
37.49,95337.86,39.27,510.84,9.53,1.05,2.25,-0.017,-0.059,-0.018,0.77,-9.30,-0.63,0.000000,0.000000,93.30
37.58,95348.39,39.26,509.92,9.53,1.01,2.28,-0.014,-0.059,-0.018,1.78,-7.87,-1.08,0.000000,0.000000,93.84
37.50,95334.82,39.25,511.10,9.53,1.04,2.23,-0.020,-0.058,-0.018,1.27,-8.35,-1.08,0.000000,0.000000,94.38
37.59,95346.63,39.25,510.07,9.52,1.01,2.28,-0.014,-0.060,-0.018,1.78,-8.35,-0.18,0.000000,0.000000,94.92
37.50,95336.78,39.24,510.93,9.51,0.98,2.27,-0.019,-0.058,-0.018,2.28,-7.87,-0.18,0.000000,0.000000,95.46
37.60,95337.95,39.25,509.90,9.53,1.02,2.26,-0.013,-0.059,-0.019,0.77,-8.82,-0.63,0.000000,0.000000,96.00
37.52,95338.86,39.25,510.75,9.55,1.01,2.27,-0.018,-0.058,-0.018,1.27,-8.82,-2.44,0.000000,0.000000,96.54
37.53,95340.78,39.22,510.58,9.53,1.03,2.27,-0.015,-0.059,-0.019,1.78,-8.82,-0.63,0.000000,0.000000,97.08
37.55,95341.36,39.23,510.53,9.52,1.00,2.33,-0.018,-0.059,-0.019,2.28,-7.87,1.18,0.000000,0.000000,97.62
37.53,95336.78,39.23,510.93,9.53,1.03,2.27,-0.018,-0.058,-0.018,1.78,-8.35,-0.18,0.000000,0.000000,98.16
37.61,95348.45,39.22,509.91,9.51,1.02,2.27,-0.017,-0.059,-0.019,1.27,-8.82,-1.08,0.000000,0.000000,98.70
37.53,95336.84,39.22,510.93,9.52,1.01,2.31,-0.016,-0.059,-0.018,1.78,-8.82,-1.54,0.000000,0.000000,99.24
37.62,95349.56,39.22,509.82,9.51,1.04,2.25,-0.018,-0.059,-0.018,2.78,-7.87,-0.18,0.000000,0.000000,99.78
37.54,95337.02,39.22,510.91,9.53,1.00,2.28,-0.017,-0.060,-0.020,1.78,-8.35,0.28,0.000000,0.000000,100.33
37.62,95347.97,39.21,509.95,9.54,1.02,2.23,-0.018,-0.059,-0.017,1.27,-8.35,-1.54,0.000000,0.000000,100.87
37.55,95337.95,39.20,510.83,9.53,1.02,2.29,-0.015,-0.060,-0.019,1.78,-8.35,0.28,0.000000,0.000000,101.41
37.64,95348.48,39.20,509.91,9.52,1.03,2.25,-0.018,-0.059,-0.017,2.28,-8.35,0.28,0.000000,0.000000,101.95
37.56,95336.84,39.20,510.93,9.51,1.01,2.30,-0.017,-0.059,-0.018,0.77,-8.35,-0.63,0.000000,0.000000,102.49
37.56,95338.12,39.19,510.82,9.56,1.02,2.26,-0.017,-0.059,-0.018,2.28,-8.35,-0.63,0.000000,0.000000,103.03
37.56,95338.81,39.19,510.75,9.53,1.03,2.25,-0.015,-0.059,-0.018,1.78,-7.87,-1.99,0.000000,0.000000,103.57
37.57,95337.36,39.19,510.88,9.52,1.01,2.27,-0.019,-0.059,-0.019,1.78,-7.39,0.28,0.000000,0.000000,104.11
37.62,95345.21,39.19,510.20,9.53,1.03,2.27,-0.015,-0.059,-0.018,2.28,-7.87,0.28,0.000000,0.000000,104.65
37.67,95347.00,39.17,510.04,9.52,1.04,2.28,-0.014,-0.060,-0.018,1.27,-8.82,1.18,0.000000,0.000000,106.81
37.59,95334.59,39.15,510.76,9.52,1.04,2.29,-0.019,-0.058,-0.017,0.77,-8.82,-0.18,0.000000,0.000000,107.35
37.67,95349.72,39.17,509.80,9.54,1.01,2.28,-0.013,-0.059,-0.019,1.27,-9.30,-1.08,0.000000,0.000000,107.89
37.60,95335.77,39.15,511.02,9.53,1.01,2.28,-0.020,-0.058,-0.017,1.27,-8.82,-1.99,0.000000,0.000000,108.43
37.69,95350.44,39.14,509.74,9.53,1.02,2.28,-0.014,-0.060,-0.018,1.78,-7.87,0.28,0.000000,0.000000,108.97
37.61,95335.55,39.14,511.04,9.55,1.04,2.27,-0.016,-0.060,-0.018,1.27,-8.35,-0.18,0.000000,0.000000,110.05
37.63,95327.65,39.12,511.73,9.53,1.02,2.27,-0.017,-0.058,-0.018,1.78,-8.35,-0.63,0.000000,0.000000,112.21
37.72,95348.42,39.13,509.91,9.53,1.04,2.28,-0.016,-0.060,-0.018,2.28,-9.30,-0.18,0.000000,0.000000,112.75
37.64,95335.89,39.12,511.01,9.52,1.02,2.29,-0.018,-0.058,-0.017,1.27,-7.39,-0.63,0.000000,0.000000,113.29
37.72,95347.63,39.11,509.98,9.53,1.03,2.25,-0.013,-0.060,-0.018,2.28,-7.39,0.28,0.000000,0.000000,113.83
37.64,95335.82,39.12,511.02,9.52,0.99,2.32,-0.014,-0.060,-0.018,2.28,-7.87,0.28,0.000000,0.000000,114.37
37.66,95330.44,39.10,511.49,9.52,1.01,2.28,-0.019,-0.059,-0.018,1.78,-7.87,0.28,0.000000,0.000000,116.53
37.66,95333.16,39.10,511.25,9.54,1.03,2.28,-0.018,-0.060,-0.018,2.28,-9.30,0.73,0.000000,0.000000,117.07
37.67,95331.64,39.09,511.38,9.52,1.02,2.31,-0.018,-0.058,-0.018,1.27,-8.35,-0.18,0.000000,0.000000,117.61
37.76,95339.72,39.08,510.68,9.53,1.05,2.31,-0.016,-0.059,-0.018,2.28,-7.87,0.28,0.000000,0.000000,118.69
37.68,95331.91,39.08,511.36,9.53,1.03,2.25,-0.017,-0.060,-0.019,1.27,-8.82,0.28,0.000000,0.000000,119.24
37.78,95345.27,39.07,510.19,9.52,1.03,2.26,-0.015,-0.059,-0.018,2.28,-9.78,-1.54,0.000000,0.000000,119.78
37.69,95333.02,39.08,511.26,9.52,1.02,2.29,-0.017,-0.059,-0.018,2.28,-8.35,-0.63,0.000000,0.000000,120.33
37.78,95344.69,39.06,510.24,9.55,1.02,2.25,-0.016,-0.059,-0.018,1.78,-8.35,-0.63,0.000000,0.000000,120.87
37.70,95330.53,39.07,511.48,9.53,1.01,2.28,-0.017,-0.059,-0.018,0.77,-9.78,-0.63,0.000000,0.000000,121.41
37.79,95344.38,39.06,510.27,9.50,1.05,2.28,-0.015,-0.059,-0.018,1.78,-8.35,-1.99,0.000000,0.000000,121.95
37.70,95330.25,39.05,511.50,9.52,1.01,2.30,-0.016,-0.059,-0.018,1.78,-7.39,0.28,0.000000,0.000000,122.49
37.80,95345.20,39.04,510.20,9.53,1.01,2.26,-0.017,-0.060,-0.019,1.78,-7.87,-0.18,0.000000,0.000000,123.04
37.71,95330.18,39.04,511.51,9.52,1.02,2.29,-0.017,-0.060,-0.018,1.78,-8.35,-0.63,0.000000,0.000000,123.58
37.71,95332.28,39.04,511.33,9.52,1.02,2.27,-0.017,-0.059,-0.018,2.28,-10.25,-0.18,0.000000,0.000000,124.12
37.81,95345.34,39.04,510.18,9.54,1.01,2.27,-0.017,-0.060,-0.018,1.27,-7.87,-0.18,0.000000,0.000000,124.68
37.73,95333.86,39.03,511.19,9.53,1.01,2.23,-0.017,-0.059,-0.019,2.28,-7.39,-0.18,0.000000,0.000000,125.20
37.81,95345.58,39.02,510.16,9.52,1.03,2.25,-0.018,-0.059,-0.018,1.78,-8.35,-0.63,0.000000,0.000000,125.74
37.73,95332.94,39.02,511.27,9.52,1.01,2.27,-0.017,-0.059,-0.017,1.27,-8.82,-0.63,0.000000,0.000000,126.28
37.82,95344.29,39.02,510.28,9.53,1.03,2.27,-0.018,-0.059,-0.018,2.28,-9.30,-0.63,0.000000,0.000000,126.82
37.74,95334.76,39.01,511.11,9.54,1.00,2.26,-0.015,-0.060,-0.019,1.78,-7.39,0.73,0.000000,0.000000,127.36
37.84,95344.73,39.01,510.24,9.53,1.02,2.26,-0.017,-0.059,-0.018,1.78,-7.87,0.28,0.000000,0.000000,127.91
37.75,95332.62,39.01,511.30,9.53,1.03,2.23,-0.016,-0.059,-0.018,1.27,-8.82,-0.18,0.000000,0.000000,128.44
37.84,95335.88,38.99,511.01,9.54,1.04,2.26,-0.018,-0.061,-0.019,1.78,-9.78,-1.54,0.000000,0.000000,128.98
37.76,95332.61,39.01,511.30,9.54,1.01,2.26,-0.017,-0.059,-0.018,1.27,-8.35,-0.18,0.000000,0.000000,129.52
37.82,95341.88,39.00,510.49,9.53,1.02,2.27,-0.017,-0.059,-0.018,2.28,-8.35,0.28,0.000000,0.000000,130.06
37.78,95332.05,38.98,511.35,9.54,1.04,2.27,-0.017,-0.060,-0.017,2.78,-7.39,0.73,0.000000,0.000000,132.22
37.87,95345.69,38.97,510.15,9.54,1.01,2.28,-0.017,-0.060,-0.018,1.78,-9.30,0.28,0.000000,0.000000,132.76
37.79,95333.05,38.97,511.26,9.55,1.03,2.28,-0.017,-0.059,-0.017,0.77,-8.82,-0.18,0.000000,0.000000,133.30
36.91,95332.33,39.73,511.32,9.51,1.02,2.29,-0.011,-0.060,-0.019,1.78,-7.87,-0.18,0.000000,0.000000,15.51
37.13,95334.02,39.57,511.17,9.51,1.00,2.27,-0.015,-0.059,-0.018,1.27,-10.25,-1.08,0.000000,0.000000,45.22
37.48,95337.17,39.27,510.90,9.53,1.04,2.28,-0.019,-0.059,-0.019,1.27,-7.87,0.28,0.000000,0.000000,92.22
37.48,95337.17,39.27,510.90,9.53,1.04,2.28,-0.019,-0.059,-0.019,1.27,-7.87,0.28,0.000000,0.000000,92.22
37.50,95334.82,39.25,511.10,9.53,1.04,2.23,-0.020,-0.058,-0.018,1.27,-8.35,-1.08,0.000000,0.000000,94.38
37.64,95335.89,39.12,511.01,9.52,1.02,2.29,-0.018,-0.058,-0.017,1.27,-7.39,-0.63,0.000000,0.000000,113.29
37.71,95332.28,39.04,511.33,9.52,1.02,2.27,-0.017,-0.059,-0.018,2.28,-10.25,-0.18,0.000000,0.000000,124.12
37.97,95343.30,38.86,510.36,9.52,1.03,2.26,-0.017,-0.060,-0.018,2.28,-8.35,0.28,0.000000,0.000000,146.81
37.92,95332.83,38.82,511.28,9.54,1.04,2.26,-0.017,-0.060,-0.018,2.78,-8.35,0.28,0.000000,0.000000,151.13
38.09,95346.98,38.74,510.04,9.51,1.03,2.29,-0.018,-0.059,-0.018,1.78,-9.30,-1.08,0.000000,0.000000,161.94
38.06,95335.95,38.68,511.00,9.53,1.02,2.28,-0.016,-0.059,-0.018,1.78,-8.35,0.73,0.000000,0.000000,169.50
38.09,95334.11,38.67,511.17,9.54,1.02,2.29,-0.017,-0.060,-0.018,1.78,-8.82,-1.08,0.000000,0.000000,173.28
38.63,95334.78,38.03,511.11,9.52,1.03,2.28,-0.017,-0.058,-0.017,1.78,-9.78,-1.08,0.000000,0.000000,248.39
38.63,95334.78,38.03,511.11,9.52,1.03,2.28,-0.017,-0.058,-0.017,1.78,-9.78,-1.08,0.000000,0.000000,248.39
38.63,95334.78,38.03,511.11,9.52,1.03,2.28,-0.017,-0.058,-0.017,1.78,-9.78,-1.08,0.000000,0.000000,248.39
38.63,95334.78,38.03,511.11,9.52,1.03,2.28,-0.017,-0.058,-0.017,1.78,-9.78,-1.08,0.000000,0.000000,248.39
38.63,95334.78,38.03,511.11,9.52,1.03,2.28,-0.017,-0.058,-0.017,1.78,-9.78,-1.08,0.000000,0.000000,248.39
38.73,95348.22,38.03,509.93,9.54,1.03,2.25,-0.018,-0.059,-0.018,0.77,-7.87,-2.44,0.000000,0.000000,248.93
38.75,95351.14,37.99,509.68,9.54,1.01,2.25,-0.018,-0.058,-0.017,2.28,-9.30,-1.08,0.000000,0.000000,252.71
38.66,95332.68,37.98,511.29,9.55,1.02,2.29,-0.019,-0.059,-0.018,2.28,-8.35,-0.18,0.000000,0.000000,253.25
38.75,95346.19,37.97,510.11,9.55,1.04,2.28,-0.018,-0.059,-0.019,2.28,-8.35,-0.18,0.000000,0.000000,253.79
38.67,95337.13,37.99,510.90,9.56,1.01,2.26,-0.019,-0.059,-0.018,1.27,-9.30,-1.54,0.000000,0.000000,254.33
38.76,95349.95,37.97,509.78,9.53,1.02,2.27,-0.017,-0.059,-0.018,1.78,-7.39,-3.80,0.000000,0.000000,254.88
38.68,95334.61,37.98,511.12,9.53,1.02,2.27,-0.019,-0.059,-0.019,1.78,-6.92,0.28,0.000000,0.000000,255.41
38.69,95338.95,37.97,510.74,9.53,1.03,2.26,-0.018,-0.059,-0.018,1.27,-9.30,-1.08,0.000000,0.000000,256.50
38.69,95336.53,37.96,510.95,9.54,1.01,2.25,-0.018,-0.059,-0.018,2.28,-7.87,0.73,0.000000,0.000000,257.04
38.70,95339.08,37.97,510.73,9.53,1.01,2.26,-0.018,-0.059,-0.018,1.78,-7.39,-0.63,0.000000,0.000000,257.58
38.70,95337.04,37.96,510.91,9.55,1.02,2.25,-0.019,-0.059,-0.018,1.27,-8.82,-1.54,0.000000,0.000000,258.12
38.73,95340.55,37.95,510.60,9.54,1.02,2.22,-0.018,-0.058,-0.018,1.27,-8.35,-1.08,0.000000,0.000000,258.66
38.71,95335.20,37.95,511.07,9.54,1.04,2.27,-0.018,-0.058,-0.018,1.78,-7.87,0.28,0.000000,0.000000,259.20
38.73,95337.34,37.92,510.88,9.55,1.02,2.24,-0.018,-0.058,-0.017,1.27,-8.35,0.28,0.000000,0.000000,261.36
38.81,95349.54,37.92,509.82,9.55,1.01,2.27,-0.018,-0.059,-0.019,1.78,-8.82,-0.18,0.000000,0.000000,261.90
38.74,95337.84,37.90,510.84,9.54,1.02,2.27,-0.018,-0.058,-0.018,1.78,-9.30,-0.18,0.000000,0.000000,262.44
38.82,95351.13,37.91,509.68,9.54,1.01,2.29,-0.018,-0.059,-0.019,1.78,-7.87,0.28,0.000000,0.000000,262.98
38.74,95336.53,37.91,510.95,9.54,1.04,2.26,-0.018,-0.058,-0.019,2.28,-8.35,-0.63,0.000000,0.000000,263.52
38.75,95338.21,37.90,510.81,9.54,1.02,2.24,-0.018,-0.058,-0.018,1.27,-8.82,-0.18,0.000000,0.000000,264.06
38.75,95335.76,37.90,511.02,9.53,1.04,2.24,-0.017,-0.060,-0.017,1.78,-7.87,-1.99,0.000000,0.000000,264.60
38.76,95338.97,37.89,510.74,9.55,1.02,2.28,-0.017,-0.059,-0.018,2.78,-7.87,0.28,0.000000,0.000000,265.14
38.83,95349.87,37.89,509.79,9.54,1.02,2.26,-0.018,-0.058,-0.017,1.27,-8.82,-0.63,0.000000,0.000000,265.68
38.76,95339.55,37.88,510.69,9.53,1.02,2.26,-0.017,-0.059,-0.018,1.78,-8.82,-0.63,0.000000,0.000000,266.22
38.84,95348.23,37.89,509.93,9.53,1.01,2.25,-0.019,-0.059,-0.018,1.78,-7.87,-0.18,0.000000,0.000000,266.76
38.77,95337.41,37.87,510.88,9.55,1.04,2.27,-0.018,-0.059,-0.019,1.27,-7.87,0.28,0.000000,0.000000,267.30
38.85,95348.06,37.88,509.95,9.54,1.03,2.27,-0.018,-0.058,-0.018,1.78,-9.30,-0.18,0.000000,0.000000,267.84
38.78,95337.88,37.86,510.84,9.55,1.01,2.26,-0.018,-0.058,-0.018,1.78,-9.78,-2.89,0.000000,0.000000,268.38
38.86,95348.36,37.88,509.92,9.54,1.02,2.26,-0.018,-0.059,-0.019,1.78,-7.87,-0.63,0.000000,0.000000,268.92
38.79,95336.63,37.86,510.95,9.53,1.04,2.27,-0.018,-0.059,-0.018,1.27,-8.35,-0.18,0.000000,0.000000,269.46
38.86,95346.53,37.85,510.08,9.54,1.02,2.28,-0.019,-0.058,-0.018,1.78,-9.78,-0.63,0.000000,0.000000,270.00
38.79,95338.77,37.85,510.76,9.53,1.02,2.24,-0.018,-0.058,-0.018,1.78,-7.39,-0.18,0.000000,0.000000,270.54
38.80,95340.08,37.86,510.64,9.56,1.04,2.27,-0.018,-0.059,-0.019,2.28,-8.35,-0.63,0.000000,0.000000,271.09
38.80,95336.97,37.85,510.92,9.55,1.03,2.25,-0.018,-0.059,-0.019,2.28,-8.82,-0.63,0.000000,0.000000,271.63
38.80,95336.69,37.84,510.94,9.53,1.02,2.26,-0.019,-0.058,-0.018,1.78,-9.30,-0.18,0.000000,0.000000,272.17
38.89,95348.20,37.83,509.93,9.52,1.03,2.23,-0.017,-0.059,-0.018,2.78,-7.87,1.18,0.000000,0.000000,272.70
38.81,95337.41,37.84,510.88,9.54,1.02,2.25,-0.017,-0.059,-0.018,1.27,-8.35,-0.63,0.000000,0.000000,273.25
38.90,95350.72,37.82,509.71,9.56,1.02,2.25,-0.018,-0.058,-0.018,2.28,-10.25,-0.18,0.000000,0.000000,273.79
38.82,95338.79,37.82,510.76,9.53,1.01,2.27,-0.018,-0.059,-0.018,2.28,-8.35,-0.63,0.000000,0.000000,274.33
38.90,95348.34,37.82,509.92,9.56,1.02,2.27,-0.019,-0.058,-0.018,1.78,-8.35,-0.18,0.000000,0.000000,274.87
38.82,95337.64,37.80,510.86,9.54,1.02,2.25,-0.018,-0.059,-0.018,1.78,-8.82,-1.54,0.000000,0.000000,275.41
38.91,95350.78,37.81,509.71,9.56,0.96,2.36,-0.013,-0.060,-0.018,1.27,-7.87,-1.08,0.000000,0.000000,275.95
38.89,95347.52,37.77,509.99,59.68,0.39,9.80,0.318,-0.081,0.001,7.81,-59.85,-0.63,0.000000,0.000000,276.49
38.86,95204.05,37.79,522.55,78.21,-1.55,37.12,-1.070,-0.008,-0.291,3.29,-260.61,-2.89,0.000000,0.000000,277.03
38.47,94367.95,37.63,596.02,78.21,2.07,17.45,-1.834,0.123,-0.257,4.29,-121.84,-1.08,0.000000,0.000000,277.57
38.49,93049.05,37.34,713.01,52.22,1.98,9.52,-2.124,0.023,-0.213,4.29,-51.26,2.09,0.000000,0.000000,278.11
38.93,91922.80,37.09,813.97,28.98,2.08,5.56,-2.344,-0.079,-0.304,3.29,-27.42,2.09,0.000000,0.000000,278.65
39.07,90422.14,36.73,950.06,12.51,1.99,4.11,-2.223,-0.021,-0.281,2.28,-11.21,0.73,0.000000,0.000000,279.19
39.11,89163.84,36.47,1065.59,4.37,0.72,1.63,-2.179,-0.032,-0.306,4.29,-5.48,-0.63,0.000000,0.000000,279.73
39.19,87669.70,36.16,1204.50,-4.98,1.85,1.68,-2.192,-0.077,-0.289,4.29,5.01,1.63,0.000000,0.000000,280.27
39.19,86516.02,35.91,1313.08,-6.33,1.76,0.70,-2.227,0.026,-0.263,1.78,6.44,-0.63,0.000000,0.000000,280.81
39.19,85140.11,35.64,1444.11,-5.98,2.15,0.34,-2.327,-0.039,-0.313,2.78,7.87,-1.08,0.000000,0.000000,281.35
39.19,84039.66,35.41,1550.15,-5.62,0.84,0.89,-2.300,-0.047,-0.309,4.79,6.44,0.73,0.000000,0.000000,281.89
39.20,82778.77,35.16,1673.05,-5.21,1.06,0.57,-2.286,-0.047,-0.341,1.27,5.96,0.28,0.000000,0.000000,282.43
39.20,81780.46,34.96,1771.43,-4.83,1.13,0.60,-2.249,-0.026,-0.311,1.78,6.91,-1.08,0.000000,0.000000,282.97
39.20,80623.00,34.71,1886.71,-4.51,0.80,0.55,-2.196,-0.004,-0.291,1.27,6.44,0.73,0.000000,0.000000,283.51
39.20,79715.39,34.52,1978.06,-4.14,0.84,0.15,-2.105,-0.022,-0.192,0.77,5.48,0.28,0.000000,0.000000,284.05
39.20,78850.55,34.29,2065.88,-3.79,0.76,0.33,-2.116,-0.081,-0.241,1.27,5.01,-0.18,0.000000,0.000000,284.59
39.20,77856.98,34.13,2167.75,-3.51,1.12,0.35,-2.105,-0.057,-0.290,1.78,5.01,-1.54,0.000000,0.000000,285.13
39.21,77060.78,33.98,2250.14,-3.25,0.91,0.22,-2.077,-0.013,-0.301,1.27,4.53,-1.08,0.000000,0.000000,285.67
39.20,76159.63,33.79,2344.23,-3.00,0.68,0.36,-2.038,-0.015,-0.282,0.77,4.53,-1.08,0.000000,0.000000,286.21
39.20,75439.28,33.62,2420.10,-2.79,0.52,0.35,-1.976,-0.030,-0.239,0.27,4.05,-2.44,0.000000,0.000000,286.75
39.20,74625.23,33.46,2506.54,-2.51,0.38,0.14,-1.936,-0.047,-0.251,1.27,4.53,0.73,0.000000,0.000000,287.29
39.20,73974.00,33.31,2576.24,-2.32,0.43,0.06,-1.900,-0.055,-0.260,0.27,2.62,-1.08,0.000000,0.000000,287.83
39.19,73237.25,33.17,2655.69,-2.13,0.45,0.35,-1.869,-0.036,-0.277,-0.74,4.53,-1.08,0.000000,0.000000,288.37
39.19,72657.44,33.04,2718.68,-1.94,0.44,0.17,-1.812,-0.013,-0.255,0.77,4.53,0.73,0.000000,0.000000,288.91
39.19,71994.01,32.91,2791.26,-1.73,0.35,-0.09,-1.771,-0.009,-0.252,0.27,3.10,-0.63,0.000000,0.000000,289.45
39.15,71466.09,32.79,2849.39,-1.63,0.28,0.07,-1.692,-0.009,-0.200,1.27,3.58,-0.63,0.000000,0.000000,289.99
39.16,70878.82,32.67,2914.48,-1.47,0.31,0.10,-1.653,-0.047,-0.191,0.77,3.58,-2.44,0.000000,0.000000,290.53
39.15,70409.16,32.57,2966.84,-1.30,0.23,-0.10,-1.593,-0.074,-0.189,0.77,2.62,-1.08,0.000000,0.000000,291.07
39.15,69879.81,32.47,3026.20,-1.20,0.22,0.18,-1.546,-0.066,-0.222,0.27,1.67,-1.08,0.000000,0.000000,291.61
39.22,69479.34,32.38,3071.35,-1.08,0.36,0.11,-1.492,-0.048,-0.251,0.77,3.58,-2.44,0.000000,0.000000,292.15
39.22,69014.77,32.27,3115.53,-0.98,0.12,-0.08,-1.437,-0.030,-0.239,0.27,3.10,0.28,0.000000,0.000000,292.69
39.23,68656.91,32.21,3164.74,-0.87,0.21,0.11,-1.356,0.013,-0.208,1.27,1.67,-1.54,0.000000,0.000000,293.23
39.23,68318.73,32.15,3203.40,-0.78,0.22,0.04,-1.302,0.019,-0.188,0.27,2.62,-1.99,0.000000,0.000000,293.77
39.23,67945.33,32.07,3246.27,-0.69,0.09,-0.11,-1.229,-0.006,-0.133,0.77,2.62,-1.54,0.000000,0.000000,294.31
39.24,67652.61,32.01,3280.01,-0.61,0.04,0.05,-1.134,-0.036,-0.095,0.27,2.15,-1.08,0.000000,0.000000,294.85
39.24,67342.83,31.95,3315.85,-0.53,0.07,-0.14,-1.071,-0.076,-0.081,0.27,1.19,-2.44,0.000000,0.000000,295.39
39.24,67093.27,31.91,3344.82,-0.48,0.05,-0.06,-1.022,-0.127,-0.102,0.27,2.62,-0.63,0.000000,0.000000,295.94
39.24,66839.19,31.88,3374.40,-0.40,0.03,-0.06,-0.966,-0.142,-0.125,0.27,2.15,-0.63,0.000000,0.000000,296.48
39.25,66643.34,31.83,3397.26,-0.32,0.14,-0.11,-0.953,-0.136,-0.184,0.77,0.71,-1.99,0.000000,0.000000,297.02
39.25,66428.03,31.80,3422.46,-0.29,0.11,-0.07,-0.943,-0.104,-0.242,1.27,2.15,-2.89,0.000000,0.000000,297.56
39.25,66279.20,31.77,3439.92,-0.26,0.07,-0.10,-0.907,-0.055,-0.255,-0.23,2.15,-1.08,0.000000,0.000000,298.10
39.27,66129.36,31.75,3457.53,-0.23,0.10,-0.02,-0.864,0.006,-0.251,0.77,-0.24,-1.08,0.000000,0.000000,298.64
39.27,66017.39,31.74,3470.71,-0.20,0.08,-0.00,-0.804,0.075,-0.222,0.27,2.62,-4.71,0.000000,0.000000,299.17
39.27,65912.55,31.73,3483.06,-0.18,0.02,0.01,-0.730,0.123,-0.149,1.27,2.15,-0.18,0.000000,0.000000,299.71
39.28,65844.73,31.74,3491.06,-0.18,0.03,0.03,-0.686,0.132,-0.072,0.27,1.67,-1.99,0.000000,0.000000,300.25
39.28,65793.64,31.74,3497.10,-0.17,0.02,0.01,-0.668,0.122,-0.019,-0.23,1.19,-2.89,0.000000,0.000000,300.79
39.28,65767.41,31.75,3500.20,-0.16,-0.04,-0.05,-0.650,0.093,0.041,0.77,2.15,-1.08,0.000000,0.000000,301.33
39.29,65764.50,31.81,3500.95,-0.16,-0.00,-0.02,-0.663,0.030,0.085,0.27,1.19,-1.99,0.000000,0.000000,301.88
39.29,65781.90,31.79,3498.48,-0.14,-0.04,-0.07,-0.663,-0.036,0.095,0.77,2.15,-0.63,0.000000,0.000000,302.42
39.29,65798.23,31.86,3495.88,0.32,-1.76,0.80,-0.545,-0.058,0.021,0.27,0.24,-1.08,0.000000,0.000000,302.96
39.14,65951.80,31.86,3478.43,-1.42,-0.73,-0.28,-0.685,-0.239,0.098,0.27,2.62,-2.44,0.000000,0.000000,303.50
39.14,66044.30,31.90,3467.54,-53.91,4.79,22.84,0.736,-4.235,0.906,-0.23,50.31,18.84,0.000000,0.000000,304.05
38.91,65995.23,31.90,3473.32,32.82,3.98,5.95,1.395,4.761,-3.946,5.30,-29.80,4.80,0.000000,0.000000,304.58
38.79,65965.88,31.89,3476.78,67.32,-4.06,-2.28,8.731,1.432,8.731,-7.77,-71.29,-17.83,0.000000,0.000000,305.13
38.43,66031.74,31.88,3469.02,21.94,2.92,-6.10,8.731,-3.838,8.237,5.80,-19.79,-13.76,0.000000,0.000000,305.67
38.52,66108.78,31.82,3459.95,15.66,1.05,-1.42,8.731,-3.013,3.284,3.29,-12.64,-4.71,0.000000,0.000000,306.20
38.76,66172.89,31.76,3452.41,11.64,1.16,-0.87,8.731,-4.593,3.306,2.28,-9.78,-3.35,0.000000,0.000000,306.74
38.77,66246.42,31.75,3443.77,13.09,1.84,-0.80,8.731,-2.368,3.166,2.78,-13.11,-5.16,0.000000,0.000000,307.28
38.77,66321.80,31.72,3434.92,7.87,0.87,-0.61,8.731,-1.685,1.086,2.28,-5.96,-1.99,0.000000,0.000000,307.82
38.78,66368.34,31.69,3429.46,11.04,-0.25,0.52,7.771,-0.849,0.037,-0.23,-9.78,-2.44,0.000000,0.000000,308.37
38.76,66435.73,31.68,3421.56,7.17,0.23,-0.18,6.985,-0.369,0.809,0.77,-5.96,-3.35,0.000000,0.000000,308.90
38.79,66490.30,31.67,3415.17,11.89,-1.24,0.96,4.112,-0.392,-0.451,-1.24,-10.25,-2.89,0.000000,0.000000,309.45
38.78,66538.24,31.67,3409.56,8.44,-0.65,1.78,3.054,0.942,0.127,0.77,-6.92,-0.18,0.000000,0.000000,309.98
38.79,66612.56,31.68,3400.86,5.74,0.23,0.74,0.478,-0.546,0.570,1.78,-4.05,-1.99,0.000000,0.000000,310.52
38.78,66660.88,31.68,3395.21,12.04,-0.76,2.02,-0.715,0.100,0.278,-0.74,-9.78,-2.44,0.000000,0.000000,311.07
38.79,66719.85,31.71,3388.33,10.33,-0.31,1.56,-2.185,0.410,-0.800,0.27,-8.35,-0.18,0.000000,0.000000,311.61
38.80,66766.66,31.72,3382.86,12.55,-1.62,1.54,-4.815,-1.562,-0.220,-1.74,-11.68,-1.54,0.000000,0.000000,312.15
38.79,66832.53,31.74,3375.18,10.34,-0.11,0.96,-5.319,0.223,-0.909,0.77,-9.30,-0.63,0.000000,0.000000,312.69
38.81,66883.30,31.74,3369.26,9.37,0.04,0.18,-6.253,-0.365,-0.277,1.27,-7.87,-1.54,0.000000,0.000000,313.23
38.80,66936.24,31.76,3363.09,9.31,-0.52,-0.35,-7.754,1.172,-1.517,-0.23,-7.39,-2.89,0.000000,0.000000,313.77
38.81,66991.13,31.77,3356.70,10.52,-0.32,0.02,-8.731,0.551,-1.160,1.27,-8.82,-1.99,0.000000,0.000000,314.31
38.82,67046.92,31.78,3350.21,10.15,-0.43,-0.97,-8.731,-0.332,-1.893,0.27,-8.82,-4.25,0.000000,0.000000,314.85
38.82,67100.48,31.78,3343.98,9.30,-0.74,-0.93,-8.731,0.151,-0.742,0.27,-6.44,-4.71,0.000000,0.000000,315.39
38.82,67163.72,31.76,3338.05,9.03,-1.44,-1.37,-8.731,-0.091,-1.672,-0.23,-7.87,-3.35,0.000000,0.000000,315.93
38.82,67218.34,31.79,3330.29,9.76,-0.73,-0.18,-8.731,0.437,-0.248,-0.23,-8.82,-1.99,0.000000,0.000000,316.47
38.82,67272.77,31.80,3323.97,8.63,0.38,-0.94,-8.731,0.405,-1.185,1.27,-7.39,-4.71,0.000000,0.000000,317.01
38.84,67329.48,31.83,3317.40,10.39,-0.47,-0.80,-8.731,-0.311,0.218,0.77,-6.92,-1.99,0.000000,0.000000,317.55
38.83,67382.05,31.84,3311.31,11.39,-0.18,-1.11,-8.731,0.780,-0.371,0.77,-10.25,-3.80,0.000000,0.000000,318.10
38.83,67441.19,31.86,3304.46,9.87,-2.06,-0.12,-8.731,-0.062,0.850,-1.74,-9.30,-2.89,0.000000,0.000000,318.63
38.84,67502.86,31.86,3297.32,9.86,-0.09,-0.69,-8.731,0.271,-0.677,0.27,-7.39,-4.25,0.000000,0.000000,319.17
38.84,67554.58,31.87,3291.34,10.30,-0.22,0.08,-8.731,0.038,0.518,0.77,-8.82,-1.54,0.000000,0.000000,319.71
38.84,67611.40,31.88,3284.77,8.83,-0.38,-0.47,-8.651,0.151,-0.493,-0.23,-8.35,-2.89,0.000000,0.000000,320.26
38.84,67677.32,31.89,3277.16,11.36,-0.39,-0.56,-8.731,0.535,-0.781,0.77,-8.82,-4.71,0.000000,0.000000,320.80
38.85,67725.02,31.91,3271.66,9.43,-1.28,-0.09,-8.731,0.050,-0.140,-0.23,-7.87,-1.99,0.000000,0.000000,321.34
38.85,67783.95,31.89,3264.80,8.76,0.14,0.32,-7.256,0.546,-0.265,0.27,-7.87,-1.08,0.000000,0.000000,321.87
38.86,67833.48,31.92,3259.15,9.68,-1.27,-0.40,-8.197,0.140,-1.108,-0.74,-7.87,-2.89,0.000000,0.000000,322.42
38.85,67886.86,31.93,3253.00,11.46,-0.81,0.94,-7.255,0.313,-0.435,-0.23,-9.78,-0.63,0.000000,0.000000,322.96
38.87,67952.16,31.94,3245.49,8.56,-0.41,0.09,-6.811,-0.044,-0.648,-0.74,-6.92,-1.99,0.000000,0.000000,323.50
38.86,67998.06,31.96,3240.21,8.69,0.47,0.01,-6.075,0.043,-0.448,1.78,-8.35,-3.35,0.000000,0.000000,324.03
38.87,68062.08,31.98,3232.85,10.40,-0.71,0.74,-6.224,0.150,-0.680,-0.23,-7.87,-0.63,0.000000,0.000000,324.58
38.87,68111.27,31.98,3227.20,9.31,-0.21,0.62,-6.123,0.695,-0.914,0.27,-7.39,-1.08,0.000000,0.000000,325.11
38.87,68170.77,31.99,3220.37,9.14,0.24,0.26,-6.059,0.399,-0.504,1.27,-8.35,-2.44,0.000000,0.000000,325.65
38.89,68221.21,32.00,3214.58,9.64,-0.21,0.06,-6.493,0.218,-0.630,0.77,-7.87,-1.99,0.000000,0.000000,326.19
38.87,68279.50,32.04,3207.90,7.85,-0.41,0.19,-5.983,0.027,-0.568,0.27,-6.92,-1.54,0.000000,0.000000,326.74
38.87,68329.84,32.04,3202.13,10.72,-0.54,0.47,-5.553,-0.143,-0.587,-0.23,-9.30,-2.89,0.000000,0.000000,327.28
38.88,68394.02,32.07,3194.78,9.42,-0.41,0.85,-5.074,-0.094,-0.617,0.77,-7.87,-4.25,0.000000,0.000000,327.82
38.88,68442.60,32.09,3189.22,10.59,-0.39,0.95,-4.765,-0.121,-0.884,0.77,-8.82,-1.99,0.000000,0.000000,328.36
38.87,68489.72,32.10,3183.83,9.59,0.13,0.23,-4.289,0.512,-0.632,0.27,-8.35,-3.35,0.000000,0.000000,328.89
38.88,68549.48,32.13,3177.00,8.23,0.14,0.71,-3.954,0.318,-0.352,0.27,-6.92,-1.54,0.000000,0.000000,329.44
38.88,68598.78,32.13,3171.37,9.34,-0.54,0.94,-3.880,-0.165,-0.240,-0.23,-7.39,-0.63,0.000000,0.000000,329.98
38.90,68666.34,32.15,3163.66,10.74,-0.39,0.80,-3.702,-0.361,-0.560,0.27,-9.30,-2.44,0.000000,0.000000,330.52
38.89,68718.53,32.16,3157.71,8.99,0.04,0.54,-3.320,-0.288,-0.557,0.77,-7.87,-3.80,0.000000,0.000000,331.06
38.89,68778.24,32.19,3150.90,9.19,-0.35,0.43,-3.046,-0.387,-0.465,0.27,-6.92,-1.54,0.000000,0.000000,331.60
38.88,68828.61,32.21,3145.17,9.00,-0.44,0.72,-2.677,0.097,-0.405,0.27,-7.87,-1.54,0.000000,0.000000,332.14
38.90,68891.39,32.23,3138.02,9.90,0.09,0.98,-2.438,0.250,-0.177,0.77,-8.82,-1.99,0.000000,0.000000,332.68
38.89,68942.18,32.24,3132.24,12.38,0.43,1.18,-2.330,0.937,-0.590,1.27,-10.25,-0.63,0.000000,0.000000,333.22
38.89,68997.99,32.25,3125.90,11.05,-0.11,1.00,-2.578,0.322,-0.661,1.27,-9.78,-1.99,0.000000,0.000000,333.76
38.89,69048.42,32.28,3120.17,9.24,-0.40,0.50,-2.615,0.271,-0.545,0.77,-8.82,-2.89,0.000000,0.000000,334.30
38.90,69102.78,32.30,3114.00,8.62,-0.40,0.86,-2.675,-0.264,-0.348,-0.23,-6.92,-1.08,0.000000,0.000000,334.84
38.90,69165.90,32.31,3106.84,10.43,-0.06,0.59,-2.452,0.112,-0.283,0.77,-9.30,-1.99,0.000000,0.000000,335.38
38.91,69220.95,32.33,3100.59,11.25,-0.77,0.80,-2.382,-0.156,-0.808,0.27,-11.21,-1.08,0.000000,0.000000,335.92
38.91,69283.22,32.35,3093.54,10.34,-0.24,0.44,-2.285,0.475,-0.441,0.27,-7.87,-2.89,0.000000,0.000000,336.46
38.90,69335.58,32.36,3087.61,9.20,-0.13,0.49,-2.640,-0.318,-0.777,-0.23,-7.87,-2.44,0.000000,0.000000,337.00
38.90,69399.56,32.38,3080.37,10.72,-0.37,0.66,-2.665,-0.141,-0.774,0.27,-8.35,-1.99,0.000000,0.000000,337.54
38.92,69453.77,32.40,3074.24,10.43,-1.02,0.92,-2.965,-0.420,0.276,-0.74,-7.87,-0.63,0.000000,0.000000,338.08
38.92,69517.54,32.42,3067.04,10.00,-0.04,0.75,-3.009,-0.041,-0.651,0.77,-8.35,-1.54,0.000000,0.000000,338.62
38.92,69567.77,32.43,3061.36,10.81,-0.01,1.07,-2.896,0.905,-0.147,0.27,-10.25,-2.44,0.000000,0.000000,339.16
38.92,69633.91,32.45,3054.83,10.40,0.14,0.83,-3.356,0.220,-0.792,0.27,-8.82,-2.44,0.000000,0.000000,339.70
38.93,69683.69,32.45,3048.29,8.43,-0.34,0.95,-3.540,0.348,-0.529,0.77,-6.92,-1.54,0.000000,0.000000,340.24
38.93,69732.11,32.48,3042.83,12.44,-0.12,0.95,-3.801,0.279,-0.580,0.27,-11.21,-2.89,0.000000,0.000000,340.78
38.95,69796.76,32.48,3035.55,9.14,-0.20,0.89,-4.090,0.127,-0.525,1.27,-7.39,-2.44,0.000000,0.000000,341.32
38.95,69842.91,32.50,3030.35,8.88,-0.27,0.87,-4.290,-0.213,-0.301,0.27,-6.92,-1.08,0.000000,0.000000,341.86
38.95,69902.58,32.50,3023.64,10.57,-0.24,0.89,-4.677,-0.147,-0.876,0.27,-9.30,-1.99,0.000000,0.000000,342.40
38.94,69951.66,32.52,3018.12,8.75,-0.73,0.70,-4.897,-0.178,-0.407,-0.74,-6.44,-3.35,0.000000,0.000000,342.94
38.95,70014.59,32.55,3011.05,10.77,-1.21,0.29,-5.212,-0.221,-0.912,-0.23,-8.82,-1.99,0.000000,0.000000,343.48
38.95,70065.25,32.55,3005.37,9.28,0.29,0.35,-5.335,0.463,-1.165,1.27,-8.35,-1.99,0.000000,0.000000,344.02
38.97,70134.34,32.55,2997.61,12.39,-0.90,1.08,-5.853,0.175,-0.805,-0.23,-10.25,-1.54,0.000000,0.000000,344.56
38.95,70180.97,32.56,2992.39,9.79,-0.21,0.83,-5.784,0.468,-0.300,1.27,-7.87,-0.63,0.000000,0.000000,345.10
38.96,70235.27,32.55,2986.30,10.04,-1.24,0.69,-6.287,0.357,-0.876,-1.24,-9.30,-1.54,0.000000,0.000000,345.64
38.97,70294.40,32.61,2979.68,10.17,-0.22,0.51,-6.174,0.032,-0.434,0.77,-9.30,-2.89,0.000000,0.000000,346.18
38.98,70349.41,32.62,2973.52,11.50,0.03,0.39,-6.100,-0.286,-0.597,0.77,-8.82,-1.99,0.000000,0.000000,346.72
38.98,70405.05,32.64,2967.30,10.72,-0.27,0.56,-5.820,0.287,-0.960,-0.23,-9.78,-2.44,0.000000,0.000000,347.26
38.98,70455.13,32.65,2961.70,9.58,-0.46,0.39,-5.971,-0.232,-0.608,0.27,-7.39,-2.89,0.000000,0.000000,347.80
38.98,70516.88,32.68,2954.81,9.28,-0.81,-0.03,-6.250,0.033,-1.190,1.27,-6.92,-1.54,0.000000,0.000000,348.34
38.99,70567.72,32.68,2949.13,7.98,0.49,0.45,-5.975,0.696,-0.423,1.27,-6.44,-2.44,0.000000,0.000000,348.88
38.98,70629.12,32.70,2942.28,9.53,-0.50,0.78,-6.196,-0.224,0.035,-0.23,-9.30,-2.89,0.000000,0.000000,349.42
38.99,70681.03,32.70,2936.50,9.60,-1.28,0.31,-6.018,0.366,-0.692,-0.23,-7.87,-1.08,0.000000,0.000000,349.96
39.00,70745.61,32.72,2929.30,11.44,-0.63,1.26,-5.365,0.009,-0.316,0.77,-10.25,-1.08,0.000000,0.000000,350.50
38.99,70795.69,32.73,2923.73,10.62,-0.18,0.56,-5.108,-0.189,-0.521,0.77,-10.25,-2.89,0.000000,0.000000,351.05
38.99,70847.52,32.75,2917.96,10.73,-0.51,0.58,-5.074,-0.213,-1.167,0.27,-8.82,-1.08,0.000000,0.000000,351.58
39.01,70905.04,32.75,2911.56,11.85,-0.21,0.48,-4.918,0.059,-1.278,0.77,-11.21,-1.99,0.000000,0.000000,352.12
39.00,70955.63,32.77,2905.94,10.15,0.69,1.07,-4.622,0.026,-0.864,1.78,-9.78,-2.44,0.000000,0.000000,352.66
39.01,71014.03,32.77,2899.45,9.95,-0.21,0.54,-4.353,0.329,-0.320,0.77,-8.35,-1.54,0.000000,0.000000,353.20
39.00,71064.97,32.79,2893.80,8.78,-0.24,0.57,-4.313,0.223,-0.528,0.77,-7.39,-1.08,0.000000,0.000000,353.74
39.02,71121.06,32.81,2887.58,9.32,-0.33,0.42,-4.465,0.010,-0.838,0.27,-9.30,-2.89,0.000000,0.000000,354.28
39.01,71172.41,32.82,2881.89,9.58,-0.18,0.66,-4.273,0.363,-0.891,0.77,-7.39,-3.35,0.000000,0.000000,354.82
39.00,71235.94,32.83,2874.85,9.19,-0.52,0.71,-4.262,0.102,-0.372,0.27,-7.87,-1.08,0.000000,0.000000,355.36
39.02,71285.80,32.84,2869.33,9.64,-0.29,0.91,-4.191,0.028,-0.620,0.27,-8.82,-1.99,0.000000,0.000000,355.90
39.01,71342.12,32.85,2863.10,9.84,-0.48,0.37,-4.391,-0.286,-1.073,0.27,-8.35,-4.71,0.000000,0.000000,356.44
39.01,71396.81,32.86,2857.05,8.16,0.24,0.06,-4.163,0.423,-1.026,0.77,-5.96,-1.99,0.000000,0.000000,356.98
39.02,71450.25,32.87,2851.14,8.73,0.47,0.38,-4.240,0.132,-1.223,1.78,-8.82,-2.44,0.000000,0.000000,357.52
39.02,71518.14,32.89,2843.65,12.71,0.38,1.23,-3.696,0.288,0.053,0.77,-11.21,-1.08,0.000000,0.000000,358.06
39.04,71577.34,32.90,2837.11,10.85,-0.80,0.81,-4.000,0.439,-0.697,0.27,-8.82,-1.08,0.000000,0.000000,358.61
39.04,71640.23,32.93,2830.18,11.59,-0.21,0.96,-3.866,-0.487,-0.129,1.27,-10.73,-2.89,0.000000,0.000000,359.15
39.04,71688.53,32.93,2824.86,9.91,-1.27,1.31,-3.505,-0.089,-0.336,-0.74,-8.35,-3.35,0.000000,0.000000,359.69
39.04,71750.80,32.93,2818.00,10.07,-0.55,0.79,-3.173,-0.423,0.040,0.77,-8.82,-1.08,0.000000,0.000000,360.23
39.04,71798.30,32.94,2812.77,9.21,0.00,0.44,-3.046,-0.284,-0.389,1.27,-7.87,-2.44,0.000000,0.000000,360.77
39.05,71858.91,32.96,2806.10,9.41,-0.90,0.56,-2.989,0.143,-0.402,-0.74,-8.35,-4.25,0.000000,0.000000,361.31
39.04,71909.62,32.97,2800.53,11.14,0.26,1.08,-3.122,0.142,-0.371,0.77,-9.30,-1.08,0.000000,0.000000,361.85
39.06,71971.36,32.99,2793.74,8.45,-0.53,0.51,-3.477,-0.067,-1.067,-0.23,-6.92,-2.89,0.000000,0.000000,362.39
39.06,72020.64,33.00,2788.33,9.35,-0.74,0.94,-3.481,0.036,-0.501,-0.23,-7.87,-4.25,0.000000,0.000000,362.93
39.06,72070.03,33.03,2782.91,8.53,-0.04,0.45,-3.813,-0.300,-0.812,1.27,-6.92,-1.08,0.000000,0.000000,363.47
39.07,72136.94,33.03,2775.58,9.58,-0.46,0.50,-3.778,0.190,-0.760,-0.74,-8.35,-1.99,0.000000,0.000000,364.01
39.06,72190.81,33.03,2769.67,9.55,-0.25,0.71,-3.930,-0.362,-0.567,0.77,-7.39,-3.35,0.000000,0.000000,364.55
39.07,72253.83,33.04,2762.77,10.89,-0.72,1.23,-3.597,0.325,-0.280,0.27,-8.35,-1.08,0.000000,0.000000,365.09
39.07,72305.59,33.05,2757.10,9.45,-0.52,1.11,-3.698,-0.465,-0.324,-0.23,-9.30,-1.54,0.000000,0.000000,365.63
39.08,72367.65,33.07,2750.32,11.25,0.12,1.86,-3.332,0.191,-0.167,0.77,-9.78,-1.99,0.000000,0.000000,366.17
39.09,72419.73,33.09,2744.62,10.77,-0.65,1.09,-3.591,-0.583,-0.241,-0.74,-8.82,-1.54,0.000000,0.000000,366.71
39.10,72485.97,33.09,2737.39,10.68,-1.13,1.17,-3.632,-0.795,-0.254,-0.74,-10.25,-1.99,0.000000,0.000000,367.25
39.10,72533.38,33.10,2732.21,7.61,-0.38,0.05,-3.596,-0.056,-0.601,-0.23,-6.44,-2.89,0.000000,0.000000,367.79
39.10,72594.17,33.11,2725.58,10.84,0.65,0.51,-3.526,0.407,-0.560,2.28,-8.82,-0.63,0.000000,0.000000,368.33
39.12,72647.13,33.11,2719.81,9.43,-0.64,0.88,-3.530,0.410,-0.537,-0.23,-8.82,-1.99,0.000000,0.000000,368.87
39.11,72694.99,33.13,2714.59,10.56,-0.32,0.83,-3.806,0.433,-0.648,0.27,-9.30,-2.89,0.000000,0.000000,369.41
39.12,72761.18,33.15,2707.38,9.59,-0.32,0.72,-3.930,0.071,-0.226,0.77,-6.92,-1.08,0.000000,0.000000,369.95
39.11,72807.61,33.15,2702.33,9.00,-0.21,-0.11,-4.373,0.150,-0.671,0.27,-7.87,-2.89,0.000000,0.000000,370.49
39.12,72868.70,33.17,2695.69,10.43,0.52,0.74,-4.332,0.575,-0.646,1.78,-9.30,-3.35,0.000000,0.000000,371.03
39.12,72919.72,33.16,2690.14,9.91,0.29,0.60,-4.400,0.625,-0.073,0.77,-8.35,-1.99,0.000000,0.000000,371.57
39.13,72983.25,33.18,2683.24,8.82,0.19,0.33,-4.841,0.501,-0.601,0.77,-6.92,-2.44,0.000000,0.000000,372.11
39.12,73033.21,33.19,2677.81,13.15,-0.76,0.66,-5.489,-0.157,-0.595,0.27,-11.68,-4.25,0.000000,0.000000,372.65
39.12,73091.10,33.19,2671.53,10.30,-0.04,0.50,-5.150,0.086,-0.561,1.27,-7.87,-1.54,0.000000,0.000000,373.19
39.13,73145.59,33.19,2665.63,9.43,-0.38,0.03,-5.177,-0.007,-0.689,-0.23,-7.87,-2.44,0.000000,0.000000,373.73
39.12,73199.30,33.22,2660.56,9.52,-0.26,1.04,-4.774,0.418,-0.192,0.77,-8.82,-0.63,0.000000,0.000000,374.27
39.14,73252.22,33.22,2654.07,8.96,-0.49,0.55,-4.868,-0.594,-0.236,0.27,-6.92,-1.08,0.000000,0.000000,374.81
39.14,73307.02,33.22,2648.14,8.79,-0.15,0.08,-4.725,0.093,-0.756,0.27,-7.87,-2.89,0.000000,0.000000,375.35
39.14,73367.91,33.22,2641.56,10.10,-0.26,0.58,-4.664,-0.838,-0.612,0.27,-9.30,-3.35,0.000000,0.000000,375.89
39.14,73421.34,33.23,2635.78,10.24,-0.84,0.75,-4.144,0.242,-0.249,0.27,-8.35,-1.08,0.000000,0.000000,376.43
39.15,73483.19,33.24,2629.10,8.52,-0.14,0.84,-3.834,0.105,-0.155,-0.23,-7.39,-1.99,0.000000,0.000000,376.97
39.15,73535.13,33.24,2623.49,9.81,-0.51,1.32,-3.603,0.204,0.138,-0.23,-8.35,-1.54,0.000000,0.000000,377.51
39.14,73603.84,33.25,2616.08,9.91,-1.30,1.87,-3.307,-0.231,0.678,-0.74,-8.35,0.28,0.000000,0.000000,378.05
39.15,73662.86,33.25,2609.72,11.59,-0.11,1.53,-3.282,0.201,-0.416,0.77,-10.73,-2.89,0.000000,0.000000,378.59
39.16,73727.94,33.28,2602.70,9.58,0.25,0.85,-3.592,-0.141,-0.923,1.27,-7.39,-2.44,0.000000,0.000000,379.13
39.17,73785.14,33.29,2596.54,10.41,-0.63,1.34,-3.280,0.035,-0.454,-1.24,-9.30,-1.54,0.000000,0.000000,379.67
39.16,73833.55,33.30,2591.34,11.39,-0.64,0.97,-3.499,-0.242,-0.856,0.27,-9.30,-2.89,0.000000,0.000000,380.21
39.17,73903.13,33.31,2583.85,10.45,-0.43,1.24,-3.080,0.270,-0.433,0.77,-8.82,-1.08,0.000000,0.000000,380.75
39.17,73951.02,33.33,2578.71,9.20,-0.41,0.81,-2.841,0.065,-0.395,0.77,-7.39,-1.08,0.000000,0.000000,381.29
39.18,74014.22,33.33,2571.92,11.74,0.08,1.37,-2.679,-0.169,-0.465,1.27,-9.78,-1.08,0.000000,0.000000,381.83
39.17,74064.44,33.33,2566.53,10.03,-0.68,0.89,-2.361,0.187,0.114,0.27,-7.87,-1.99,0.000000,0.000000,382.37
39.18,74127.30,33.33,2559.79,11.48,-0.33,1.08,-2.552,-0.061,-0.749,-0.23,-10.73,-1.54,0.000000,0.000000,382.91
39.18,74177.72,33.35,2554.38,8.99,-0.57,0.72,-2.360,0.035,-0.158,-0.23,-6.92,-2.44,0.000000,0.000000,383.45
39.20,74242.09,33.37,2547.48,11.78,0.52,1.49,-2.503,-0.254,-0.346,2.28,-10.25,-1.08,0.000000,0.000000,383.99
39.18,74285.86,33.37,2542.80,9.94,-0.42,0.90,-2.434,-0.065,-0.118,0.27,-10.25,-1.54,0.000000,0.000000,384.53
39.18,74353.13,33.43,2537.10,10.36,-0.33,0.87,-2.291,0.259,-0.045,0.77,-8.82,-1.08,0.000000,0.000000,385.07
39.19,74405.08,33.37,2530.04,9.74,0.25,1.60,-2.251,0.716,-0.153,0.27,-7.87,-0.18,0.000000,0.000000,385.61
39.20,74454.88,33.37,2524.72,10.95,-0.62,1.45,-2.575,0.388,-0.217,-0.23,-11.21,-1.54,0.000000,0.000000,386.15
39.21,74513.80,33.41,2518.43,9.75,0.76,0.81,-2.776,0.420,-0.445,2.28,-7.87,-1.54,0.000000,0.000000,386.69
39.19,74564.83,33.40,2512.98,8.81,-0.38,1.29,-3.004,-0.342,0.167,0.27,-7.87,-1.08,0.000000,0.000000,387.23
39.20,74629.11,33.41,2506.12,10.19,-1.35,1.58,-3.188,-0.759,0.384,-1.24,-10.73,-1.08,0.000000,0.000000,387.77
39.22,74682.53,33.42,2500.43,10.28,-0.59,0.85,-4.056,-0.618,-0.652,0.27,-7.87,-0.18,0.000000,0.000000,388.31
39.21,74744.70,33.42,2493.80,9.53,-0.26,0.87,-3.922,-0.148,-0.284,0.27,-7.87,-1.54,0.000000,0.000000,388.85
39.20,74799.34,33.42,2487.98,11.71,-0.16,1.28,-4.107,-0.154,-0.743,0.27,-11.68,-1.54,0.000000,0.000000,389.39
39.20,74861.97,33.43,2481.32,9.52,0.26,0.30,-4.073,0.102,-0.614,1.27,-7.39,-1.99,0.000000,0.000000,389.93
39.22,74917.39,33.43,2475.43,8.98,-0.57,0.47,-4.061,0.519,0.186,0.27,-7.87,-1.08,0.000000,0.000000,390.47
39.21,74968.10,33.43,2470.03,11.21,-0.47,1.56,-4.431,0.282,-0.532,0.27,-9.78,-2.89,0.000000,0.000000,391.01
39.20,75034.16,33.44,2463.02,11.62,-0.17,1.37,-4.317,-0.043,0.307,1.27,-9.78,-0.63,0.000000,0.000000,391.55
39.23,75096.33,33.45,2456.42,9.80,-0.64,1.06,-4.513,-0.054,-0.521,-0.23,-8.35,-1.54,0.000000,0.000000,392.09
39.24,75159.91,33.45,2449.67,9.00,0.86,0.93,-4.258,0.399,-0.504,2.28,-6.92,-2.89,0.000000,0.000000,392.63
39.24,75215.27,33.47,2443.81,10.42,-0.59,0.46,-4.803,0.217,-0.546,1.27,-8.82,-2.44,0.000000,0.000000,393.17
39.24,75282.03,33.47,2436.73,9.75,0.12,0.56,-4.809,0.315,-0.352,-0.23,-9.30,-1.54,0.000000,0.000000,393.71
39.24,75334.59,33.48,2431.17,9.02,-0.50,0.48,-4.905,0.074,-0.317,0.27,-7.39,-2.89,0.000000,0.000000,394.25
39.24,75401.20,33.49,2424.12,9.09,-0.13,0.76,-4.743,0.143,-0.607,0.77,-6.92,-0.18,0.000000,0.000000,394.79
39.25,75451.39,33.49,2418.82,12.04,0.01,1.11,-4.725,0.307,-0.402,1.27,-11.21,-1.99,0.000000,0.000000,395.33
39.26,75510.58,33.47,2412.62,9.75,-0.69,0.31,-4.826,0.097,-0.278,-0.74,-7.39,-2.89,0.000000,0.000000,395.87
39.26,75566.97,33.50,2406.61,10.99,-0.23,0.82,-4.737,-0.298,-0.553,1.27,-10.25,-1.54,0.000000,0.000000,396.42
39.26,75618.44,33.50,2401.17,11.19,0.11,0.33,-4.437,-0.140,-0.185,0.77,-10.25,-3.35,0.000000,0.000000,396.95
39.26,75684.39,33.50,2394.22,10.91,-0.30,1.28,-4.354,-0.203,-0.473,-0.23,-7.87,-0.63,0.000000,0.000000,397.50
39.26,75740.00,33.51,2388.35,9.31,-1.10,0.60,-4.315,-0.535,0.192,-0.74,-7.39,-1.08,0.000000,0.000000,398.03
39.26,75803.38,33.53,2381.68,9.32,-0.26,0.56,-4.499,0.011,-1.421,0.27,-7.87,-1.99,0.000000,0.000000,398.57
39.27,75855.62,33.53,2376.18,10.16,0.87,0.48,-4.136,0.375,-0.508,2.28,-7.87,-1.08,0.000000,0.000000,399.11
39.27,75912.37,33.53,2370.21,6.86,-0.20,0.89,-3.938,0.240,-0.021,-0.23,-5.96,-1.08,0.000000,0.000000,399.65
39.27,75971.61,33.54,2363.98,13.51,0.03,2.14,-4.071,0.190,0.058,0.27,-14.07,-1.99,0.000000,0.000000,400.20
39.27,76032.44,33.54,2357.59,8.50,-1.27,0.34,-4.354,-0.208,0.052,-0.74,-7.39,-1.54,0.000000,0.000000,400.74
39.27,76088.55,33.55,2351.69,10.53,-0.42,0.57,-4.505,-0.431,-0.740,-0.23,-7.87,-2.89,0.000000,0.000000,401.28
39.29,76150.63,33.56,2345.18,11.31,0.11,0.51,-4.377,1.025,-0.893,1.27,-8.82,-1.99,0.000000,0.000000,401.82
39.28,76205.88,33.56,2339.38,9.71,-0.01,1.23,-4.456,-0.234,0.082,1.27,-9.30,-1.08,0.000000,0.000000,402.36
39.29,76260.78,33.58,2333.63,10.62,-0.39,0.71,-4.500,0.270,-0.103,-0.23,-9.30,-2.44,0.000000,0.000000,402.90
39.29,76323.38,33.57,2327.07,9.13,-0.21,0.80,-4.687,-0.043,-0.752,1.78,-7.39,-1.08,0.000000,0.000000,403.44
39.29,76377.56,33.57,2321.40,11.10,0.14,0.28,-4.546,0.161,-0.108,1.27,-9.78,-2.44,0.000000,0.000000,403.98
39.30,76440.52,33.58,2314.81,7.93,-0.31,0.65,-4.347,0.151,-0.207,0.27,-5.96,-3.35,0.000000,0.000000,404.52
39.29,76499.25,33.58,2308.67,10.98,-0.15,0.75,-4.560,-0.372,-0.269,0.77,-8.82,-2.44,0.000000,0.000000,405.06
39.30,76562.08,33.58,2302.10,10.82,-0.47,0.74,-4.449,0.307,-0.280,-0.23,-10.25,-1.99,0.000000,0.000000,405.61
39.32,76619.77,33.59,2296.08,10.08,0.02,0.95,-4.581,0.000,-0.378,0.77,-8.82,-1.54,0.000000,0.000000,406.14
39.31,76679.22,33.60,2289.87,11.18,-0.42,0.92,-4.420,0.092,-0.326,-0.23,-9.30,-2.44,0.000000,0.000000,406.69
39.31,76735.81,33.60,2283.97,9.47,-0.87,0.99,-4.333,0.252,-0.250,-0.74,-7.87,-1.99,0.000000,0.000000,407.22
39.30,76794.08,33.60,2279.28,9.81,-0.51,0.57,-4.411,-0.128,-0.038,-0.23,-8.35,-3.80,0.000000,0.000000,407.77
39.32,76845.42,33.60,2272.55,9.18,-0.73,0.69,-4.377,0.186,-0.449,-0.23,-7.87,-1.54,0.000000,0.000000,408.30
39.31,76897.28,33.61,2267.15,9.89,0.31,1.16,-3.988,0.171,0.259,1.78,-9.78,-1.08,0.000000,0.000000,408.84
39.32,76964.13,33.61,2260.19,9.37,-0.89,0.67,-4.211,-0.099,-0.166,-0.74,-7.39,-0.63,0.000000,0.000000,409.39
39.32,77020.68,33.62,2254.31,11.04,-0.07,1.04,-4.209,-0.456,-0.362,0.77,-9.30,-1.99,0.000000,0.000000,409.93
39.32,77079.86,33.62,2248.16,9.58,-0.23,0.14,-4.296,0.027,-0.793,0.77,-7.39,-1.99,0.000000,0.000000,410.47
39.33,77132.25,33.62,2242.72,10.71,0.52,0.33,-4.255,0.163,-0.615,1.78,-9.78,-2.44,0.000000,0.000000,411.01
39.33,77199.52,33.63,2235.74,9.88,0.44,0.41,-4.332,0.318,-0.642,0.77,-6.92,-3.35,0.000000,0.000000,411.55
39.34,77257.48,33.62,2229.72,14.45,0.16,1.65,-4.261,-0.128,-0.194,1.27,-12.16,-0.63,0.000000,0.000000,412.09
39.34,77316.66,33.65,2223.59,11.98,-0.85,0.54,-4.445,0.022,-0.494,0.27,-10.25,-2.44,0.000000,0.000000,412.63
39.34,77366.91,33.63,2218.38,9.54,-0.99,0.69,-4.434,-0.295,0.026,0.27,-6.44,-3.35,0.000000,0.000000,413.17
39.35,77433.15,33.65,2211.52,9.67,-0.10,0.81,-4.479,0.088,-0.378,0.77,-8.35,-1.54,0.000000,0.000000,413.71
39.35,77480.86,33.63,2206.59,10.44,-0.28,0.50,-4.595,0.061,-0.621,0.27,-9.78,-3.35,0.000000,0.000000,414.25
39.36,77537.84,33.65,2200.69,10.60,0.05,1.30,-4.510,-0.038,-0.436,1.27,-8.82,-1.08,0.000000,0.000000,414.79
39.29,77591.80,33.65,2195.12,8.98,-0.20,0.22,-4.327,0.110,-0.007,0.77,-7.39,-1.54,0.000000,0.000000,415.33
39.31,77647.75,33.66,2189.34,11.04,-0.63,0.96,-4.505,0.099,-0.523,0.27,-8.35,-3.80,0.000000,0.000000,415.87
39.32,77707.98,33.66,2183.12,8.54,0.08,0.52,-4.439,0.132,-0.476,1.27,-6.92,-1.08,0.000000,0.000000,416.41
39.32,77762.53,33.66,2177.49,8.71,0.14,0.48,-4.350,0.192,-0.432,0.77,-7.39,-1.54,0.000000,0.000000,416.95
39.33,77829.53,33.67,2170.58,9.22,-1.19,1.69,-4.144,-0.167,0.108,-1.24,-7.39,-1.54,0.000000,0.000000,417.49
39.33,77884.25,33.67,2164.94,11.12,0.33,0.29,-4.510,-0.164,-0.749,2.28,-7.87,-2.44,0.000000,0.000000,418.03
39.33,77950.64,33.67,2158.10,7.52,-0.05,0.75,-4.014,0.350,-0.536,0.77,-6.44,-2.44,0.000000,0.000000,418.57
39.35,78002.91,33.67,2152.72,8.15,0.03,0.51,-4.066,0.283,-0.226,0.27,-5.96,-5.16,0.000000,0.000000,419.11
39.37,78060.20,33.67,2146.83,9.77,-0.27,0.69,-4.061,-0.072,-0.146,1.27,-6.92,-1.08,0.000000,0.000000,419.65
39.36,78127.57,33.68,2139.90,9.23,0.13,0.77,-4.069,-0.001,-0.189,0.77,-7.87,-2.44,0.000000,0.000000,420.19
39.38,78243.86,33.71,2127.96,9.60,-0.12,0.64,-3.958,0.060,-0.302,0.27,-7.87,-1.54,0.000000,0.000000,421.27
39.37,78299.01,33.69,2122.30,9.19,-0.00,0.58,-3.932,0.328,-0.516,0.27,-8.35,-3.35,0.000000,0.000000,421.81
39.38,78364.06,33.71,2115.63,10.69,-0.05,1.04,-3.985,-0.270,0.097,0.27,-9.30,-1.08,0.000000,0.000000,422.36
39.37,78412.23,33.71,2110.69,7.86,-0.34,1.00,-3.813,0.183,0.185,0.27,-6.92,-0.63,0.000000,0.000000,422.89
39.39,78486.82,33.71,2103.05,11.56,-0.66,0.71,-4.575,-0.253,-0.846,0.27,-10.73,-2.44,0.000000,0.000000,423.44
39.39,78538.63,33.72,2097.75,10.62,-0.90,0.59,-4.338,0.192,-0.081,0.27,-8.82,-1.54,0.000000,0.000000,423.97
39.40,78594.20,33.74,2092.07,9.46,0.19,0.49,-4.441,0.264,-0.916,0.77,-8.82,-2.89,0.000000,0.000000,424.51
39.40,78657.02,33.71,2085.64,9.29,-0.42,0.49,-4.394,-0.134,-0.153,0.27,-7.39,-2.89,0.000000,0.000000,425.06
39.39,78712.69,33.72,2079.96,10.57,-0.60,1.24,-4.341,-0.049,-0.363,1.27,-8.82,-1.08,0.000000,0.000000,425.60
39.39,78774.28,33.71,2073.67,7.81,-0.13,0.25,-4.285,0.195,-0.233,0.27,-7.39,-2.89,0.000000,0.000000,426.13
39.40,78827.27,33.73,2068.26,10.56,0.06,1.03,-4.397,0.043,-0.393,0.77,-8.82,-2.89,0.000000,0.000000,426.68
39.40,78891.25,33.73,2061.73,9.85,0.67,0.92,-4.162,0.034,-0.147,1.78,-8.82,-1.08,0.000000,0.000000,427.21
39.40,78943.98,33.73,2056.36,10.38,-0.05,1.00,-4.118,0.585,-0.200,0.27,-8.82,-1.08,0.000000,0.000000,427.76
39.40,79010.55,33.74,2049.58,8.34,-0.14,1.13,-4.219,-0.103,-0.146,0.77,-5.96,-0.63,0.000000,0.000000,428.30
39.40,79064.74,33.73,2044.06,9.89,0.07,1.15,-4.209,0.108,-0.337,1.27,-7.87,-1.99,0.000000,0.000000,428.83
39.41,79131.58,33.74,2037.26,9.43,-0.56,0.44,-4.401,-0.000,-0.442,0.27,-8.35,-2.89,0.000000,0.000000,429.38
39.42,79182.72,33.73,2032.06,8.84,-0.28,0.85,-4.187,0.163,-0.114,0.77,-6.92,-0.63,0.000000,0.000000,429.92
39.42,79239.88,33.74,2026.25,9.85,-0.18,0.65,-4.375,0.073,-0.462,0.77,-8.82,-1.99,0.000000,0.000000,430.46
39.42,79309.20,33.74,2019.21,10.80,-0.69,0.20,-4.550,0.117,-0.494,0.27,-9.78,-3.35,0.000000,0.000000,431.00
39.43,79369.85,33.74,2013.05,9.27,-0.11,0.36,-4.483,0.102,-0.525,0.27,-6.44,-1.08,0.000000,0.000000,431.54
39.42,79430.55,33.76,2006.90,9.41,-0.43,0.50,-4.410,0.063,-0.049,-0.23,-9.30,-2.44,0.000000,0.000000,432.08
39.43,79490.75,33.76,2000.80,11.38,0.13,1.17,-4.505,0.464,-0.518,0.27,-9.30,-1.08,0.000000,0.000000,432.62
39.43,79560.12,33.76,1993.77,8.76,0.01,0.77,-4.652,-0.137,-0.557,1.27,-7.39,-1.08,0.000000,0.000000,433.16
39.43,79611.61,33.77,1988.56,11.34,-0.83,0.69,-4.653,0.139,-0.177,-0.23,-10.25,-2.44,0.000000,0.000000,433.70
39.44,79680.91,33.77,1981.54,9.18,-0.40,0.42,-4.694,0.185,-0.920,0.77,-7.87,-0.63,0.000000,0.000000,434.24
39.44,79740.29,33.78,1975.54,11.42,0.07,0.40,-4.674,0.302,-0.359,1.27,-8.82,-1.99,0.000000,0.000000,434.78
39.45,79794.30,33.77,1970.08,8.66,-0.22,0.64,-4.545,0.010,-0.116,0.27,-7.87,-2.89,0.000000,0.000000,435.32
39.45,79862.64,33.77,1963.18,11.90,0.31,0.83,-4.747,0.141,-0.746,2.28,-9.30,-1.08,0.000000,0.000000,435.86
39.45,79918.27,33.77,1957.57,8.71,-0.56,0.67,-4.569,0.261,-0.116,0.77,-7.87,-1.54,0.000000,0.000000,436.40
39.45,79982.13,33.78,1951.13,10.29,-0.25,1.03,-4.603,0.459,-0.407,0.27,-9.30,-2.89,0.000000,0.000000,436.94
39.45,80039.13,33.78,1945.38,7.76,-0.04,0.29,-4.835,-0.411,-0.338,1.27,-5.96,-1.99,0.000000,0.000000,437.48
39.45,80104.09,33.78,1938.84,9.41,-0.28,0.99,-4.447,0.090,-0.178,-0.74,-8.35,-1.08,0.000000,0.000000,438.02
39.47,80165.09,33.78,1932.69,9.18,-0.04,0.51,-4.629,0.395,-0.761,1.27,-7.39,-2.89,0.000000,0.000000,438.56
39.46,80226.26,33.78,1926.54,9.44,-0.42,0.88,-4.506,-0.088,0.058,0.27,-7.39,-1.08,0.000000,0.000000,439.10
39.48,80291.56,33.78,1919.97,10.55,-0.76,1.29,-4.484,-0.113,0.047,-0.74,-10.73,-1.08,0.000000,0.000000,439.64
39.47,80345.91,33.81,1914.51,10.00,-0.55,0.70,-4.806,-0.214,-0.808,0.77,-8.35,-0.63,0.000000,0.000000,440.18
39.47,80414.80,33.81,1907.59,9.58,-0.54,0.43,-4.602,-0.265,-0.157,-1.24,-8.82,-0.63,0.000000,0.000000,440.72
39.47,80466.30,33.81,1902.43,10.86,0.25,0.90,-4.353,0.394,-0.555,0.77,-10.73,-1.99,0.000000,0.000000,441.26
39.47,80539.11,33.81,1895.12,9.55,-0.28,0.58,-4.218,0.320,0.066,0.77,-6.92,-1.08,0.000000,0.000000,441.80
39.48,80599.89,33.81,1889.03,8.33,-0.36,1.31,-4.091,0.093,-0.195,-0.23,-7.39,-1.08,0.000000,0.000000,442.34
39.49,80670.93,33.81,1881.91,10.95,-0.12,0.98,-4.109,-0.205,-0.051,0.27,-9.30,-3.80,0.000000,0.000000,442.88
39.49,80729.45,33.79,1876.05,10.25,-0.38,0.54,-4.176,-0.136,-0.284,-0.23,-8.82,-1.08,0.000000,0.000000,443.42
39.49,80805.45,33.81,1868.45,10.79,-0.57,1.41,-4.016,-0.067,0.096,0.27,-9.78,-1.54,0.000000,0.000000,443.96
39.50,80862.56,33.81,1862.74,10.58,-0.57,0.64,-4.603,-0.131,-0.682,0.27,-8.82,-0.18,0.000000,0.000000,444.50
39.49,80931.25,33.82,1855.88,7.84,-0.53,0.94,-4.276,-0.449,0.042,-0.23,-5.48,-0.18,0.000000,0.000000,445.04
39.50,80993.09,33.82,1849.71,9.93,-0.47,0.11,-4.518,0.173,-0.403,0.27,-9.78,-3.80,0.000000,0.000000,445.58
39.50,81047.71,33.83,1844.26,9.08,-0.49,1.23,-4.317,-0.032,-0.113,0.77,-7.39,-0.63,0.000000,0.000000,446.12
39.51,81119.19,33.83,1837.13,10.88,-0.19,0.95,-4.382,0.178,0.091,-0.74,-9.78,-1.08,0.000000,0.000000,446.66
39.51,81172.08,33.83,1831.86,9.45,-0.03,0.60,-4.808,0.034,-0.867,0.77,-7.39,-1.99,0.000000,0.000000,447.20
39.51,81239.20,33.83,1825.17,9.11,0.62,0.45,-4.674,0.073,-0.383,1.78,-5.96,-1.54,0.000000,0.000000,447.74
39.51,81293.30,33.82,1819.79,11.15,-0.34,1.17,-4.582,0.620,-0.347,-0.23,-9.78,-1.54,0.000000,0.000000,448.28
39.52,81361.64,33.82,1812.99,9.77,-0.41,1.13,-4.569,-0.382,0.198,0.27,-6.92,-0.63,0.000000,0.000000,448.82
39.52,81421.97,33.83,1806.99,10.21,-0.43,0.30,-4.973,0.075,-0.980,0.77,-9.78,-1.99,0.000000,0.000000,449.36
39.53,81491.32,33.82,1800.10,10.23,0.13,0.97,-4.472,0.097,-0.124,0.27,-8.35,-1.99,0.000000,0.000000,449.90
39.54,81547.08,33.83,1794.57,10.53,-0.01,0.87,-4.559,0.251,-0.685,1.27,-8.35,-1.08,0.000000,0.000000,450.44
39.54,81599.97,33.83,1789.32,10.84,-0.03,0.91,-4.437,-0.125,-0.124,0.27,-9.30,-1.54,0.000000,0.000000,450.98
39.55,81671.06,33.84,1782.27,9.86,-0.51,0.46,-4.427,-0.168,-0.413,-0.23,-7.87,-3.80,0.000000,0.000000,451.52
39.54,81723.69,33.84,1777.05,12.05,-0.75,0.74,-4.211,0.119,-0.683,0.27,-11.68,-2.44,0.000000,0.000000,452.06
39.55,81787.73,33.83,1770.71,10.31,-0.02,0.61,-4.036,0.012,-0.279,-0.23,-9.78,-1.08,0.000000,0.000000,452.61
39.54,81844.33,33.83,1765.10,10.31,-0.60,0.57,-4.104,0.153,-0.723,0.27,-9.30,-2.89,0.000000,0.000000,453.14
39.55,81913.87,33.83,1758.22,9.61,-0.53,0.88,-3.853,-0.332,-0.116,0.27,-7.39,-1.54,0.000000,0.000000,453.68
39.55,81969.19,33.83,1752.75,9.37,0.11,1.12,-3.699,0.142,-0.520,0.77,-8.35,-1.99,0.000000,0.000000,454.22
39.55,82040.70,33.83,1745.69,9.76,-0.69,0.57,-3.693,-0.055,-0.282,0.27,-6.92,-0.63,0.000000,0.000000,454.76
39.55,82096.88,33.85,1740.14,11.75,-0.48,0.82,-3.665,0.024,-0.338,0.27,-11.21,-1.99,0.000000,0.000000,455.31
39.56,82156.63,33.83,1734.24,11.06,-0.27,1.33,-3.557,0.246,0.142,-0.74,-8.35,-1.08,0.000000,0.000000,455.85
39.56,82227.14,33.83,1727.29,9.12,0.10,0.85,-3.755,0.168,-0.084,0.77,-6.92,-0.63,0.000000,0.000000,456.39
39.56,82280.59,33.85,1722.02,9.18,0.11,0.23,-3.912,0.394,-0.443,0.77,-8.82,-1.99,0.000000,0.000000,456.92
39.55,82353.34,33.86,1714.85,10.30,-0.75,1.36,-4.047,0.141,-0.526,-0.23,-8.82,-1.99,0.000000,0.000000,457.47
39.55,82410.91,33.86,1709.18,9.75,-0.26,0.50,-4.119,0.387,-0.504,1.27,-7.87,-1.54,0.000000,0.000000,458.00
39.57,82479.42,33.86,1702.44,10.31,-0.52,1.01,-4.595,-0.106,-0.723,0.27,-9.78,-1.08,0.000000,0.000000,458.55
39.56,82538.08,33.87,1696.68,11.47,-0.07,1.08,-4.598,0.257,-0.286,1.27,-9.30,0.28,0.000000,0.000000,459.09
39.56,82607.52,33.87,1689.85,8.70,-0.48,0.52,-4.835,0.305,-0.332,0.27,-7.87,-1.08,0.000000,0.000000,459.62
39.57,82663.70,33.87,1684.34,10.49,-0.14,0.78,-4.997,-0.145,-0.424,0.77,-9.30,-1.99,0.000000,0.000000,460.17
39.57,82721.91,33.87,1678.62,9.13,-0.48,0.36,-4.880,0.248,-0.163,0.77,-6.92,-1.54,0.000000,0.000000,460.70
39.58,82794.27,33.86,1671.53,10.36,-0.38,0.85,-5.105,0.186,-0.926,-0.23,-9.30,-1.99,0.000000,0.000000,461.25
39.58,82848.72,33.87,1666.19,7.67,0.00,0.95,-4.767,-0.074,-0.049,0.27,-5.48,-3.80,0.000000,0.000000,461.79
39.58,82925.09,33.86,1658.71,9.62,-0.02,0.87,-4.599,0.439,-0.150,0.77,-7.87,-1.54,0.000000,0.000000,462.33
39.58,82985.95,33.86,1652.75,8.87,-0.50,0.41,-4.913,-0.254,-0.407,-0.23,-6.44,-1.99,0.000000,0.000000,462.87
39.59,83062.98,33.87,1645.21,10.26,0.67,1.04,-4.556,0.033,-0.545,2.28,-8.82,-1.08,0.000000,0.000000,463.41
39.59,83115.05,33.85,1640.12,9.28,-0.22,0.96,-4.376,0.132,0.070,0.27,-8.35,-1.54,0.000000,0.000000,463.94
39.58,83187.70,33.86,1633.02,10.08,-0.27,0.85,-4.518,0.001,-0.489,0.27,-7.87,-1.99,0.000000,0.000000,464.49
39.60,83247.92,33.85,1627.14,10.16,-0.23,0.93,-4.096,0.346,0.063,0.77,-7.87,-1.54,0.000000,0.000000,465.03
39.60,83320.19,33.87,1621.20,8.65,-0.50,0.12,-4.639,-0.537,-0.661,-0.23,-7.87,-2.44,0.000000,0.000000,465.57
39.60,83384.66,33.87,1613.81,10.43,-0.27,1.02,-4.214,0.018,-0.591,0.27,-9.30,-1.54,0.000000,0.000000,466.11
39.61,83441.21,33.87,1608.29,10.77,-0.25,1.00,-4.022,-0.272,-0.126,0.77,-9.30,-1.99,0.000000,0.000000,466.65
39.60,83506.41,33.86,1601.94,10.38,0.24,0.55,-3.963,0.615,-0.796,1.27,-9.78,-2.44,0.000000,0.000000,467.19
39.61,83571.36,33.86,1595.62,10.45,-0.23,1.05,-3.778,0.229,0.160,1.27,-8.82,-1.08,0.000000,0.000000,467.73
39.61,83638.63,33.86,1589.08,10.63,-0.63,0.91,-4.194,-0.043,-0.396,-0.23,-9.30,-1.99,0.000000,0.000000,468.27
39.62,83699.98,33.87,1583.11,11.11,0.00,0.59,-4.308,0.203,-0.721,0.77,-8.35,-2.44,0.000000,0.000000,468.81
39.62,83772.05,33.89,1576.11,9.58,-0.46,0.56,-4.431,0.314,-0.237,1.27,-6.92,-1.54,0.000000,0.000000,469.35
39.62,83830.52,33.87,1570.43,9.93,0.02,0.82,-4.801,0.284,-0.741,0.27,-8.82,-1.54,0.000000,0.000000,469.89
39.62,83899.45,33.86,1564.75,9.50,-0.57,0.68,-5.213,-0.197,-0.441,-0.23,-6.92,-1.54,0.000000,0.000000,470.43
39.63,83955.85,33.87,1558.28,11.06,-0.12,0.32,-5.380,0.275,-0.822,-0.23,-9.30,-1.99,0.000000,0.000000,470.97
39.63,84016.72,33.86,1552.38,9.59,0.03,1.24,-5.189,0.746,-0.291,0.27,-6.92,-2.44,0.000000,0.000000,471.51
39.62,84082.31,33.88,1546.02,9.09,-0.89,0.59,-5.958,-0.068,-0.256,0.27,-7.39,-0.63,0.000000,0.000000,472.05
39.63,84141.77,33.88,1540.27,10.48,-0.70,0.55,-6.296,-0.186,-1.035,-0.74,-8.35,-1.99,0.000000,0.000000,472.59
39.63,84213.33,33.88,1533.34,10.50,-0.04,0.80,-5.620,-0.133,-0.021,0.77,-8.35,-1.99,0.000000,0.000000,473.15
39.63,84263.53,33.88,1528.49,10.12,-0.53,0.56,-5.343,0.424,0.261,0.27,-7.87,-3.35,0.000000,0.000000,473.68
39.63,84342.16,33.88,1520.89,9.73,-0.07,0.70,-5.472,-0.172,-0.980,1.27,-7.87,-1.54,0.000000,0.000000,474.23
39.63,84394.45,33.90,1515.84,8.66,-0.20,0.24,-5.159,-0.313,-0.340,0.27,-6.92,-2.44,0.000000,0.000000,474.77
39.63,84467.73,33.89,1508.77,9.36,-0.17,0.29,-4.991,-0.010,-0.684,0.77,-8.35,-2.89,0.000000,0.000000,475.31
39.64,84530.52,33.88,1502.72,9.07,0.31,0.48,-4.873,0.362,-0.816,2.28,-6.92,-1.54,0.000000,0.000000,475.84
39.64,84595.55,33.86,1496.45,8.70,-0.09,0.42,-4.829,-0.301,-0.708,0.27,-7.87,-1.54,0.000000,0.000000,476.39
39.64,84656.11,33.88,1490.61,11.17,-0.70,0.62,-4.669,-0.585,-0.619,0.27,-9.78,-2.44,0.000000,0.000000,476.93
39.63,84714.61,33.87,1484.98,11.65,-0.03,0.63,-4.483,0.131,-0.840,0.27,-9.78,-2.89,0.000000,0.000000,477.47
39.67,84787.98,33.87,1477.92,9.70,-0.27,0.68,-4.247,-0.047,-0.202,0.27,-8.82,-2.44,0.000000,0.000000,478.01
39.67,84853.52,33.87,1471.62,10.53,-0.84,1.44,-4.062,0.026,-0.438,0.27,-8.35,-0.63,0.000000,0.000000,478.55
39.67,84919.08,33.88,1465.32,10.41,-0.71,1.09,-3.821,-0.068,-0.138,-0.23,-9.30,-1.08,0.000000,0.000000,479.09
39.67,84976.88,33.87,1459.77,11.73,-0.64,0.97,-3.970,-0.420,-0.321,0.27,-10.25,-2.89,0.000000,0.000000,479.63
39.68,85051.56,33.87,1452.60,11.63,-0.27,0.63,-3.980,0.378,-1.125,2.28,-9.30,-1.99,0.000000,0.000000,480.17
39.69,85113.13,33.88,1446.70,9.88,0.30,0.66,-3.684,0.400,-0.046,1.78,-8.35,-3.35,0.000000,0.000000,480.71
39.67,85180.98,33.87,1440.20,8.00,0.63,0.73,-3.871,1.060,-0.614,1.78,-6.44,-2.44,0.000000,0.000000,481.25
39.69,85246.48,33.87,1433.92,11.08,-0.55,1.16,-4.671,-0.044,0.091,0.77,-9.30,-1.08,0.000000,0.000000,481.79
39.69,85312.21,33.89,1427.73,9.06,-0.65,0.92,-4.851,-0.064,-0.410,-0.23,-7.87,-1.99,0.000000,0.000000,482.33
39.70,85372.61,33.87,1421.85,8.26,-0.41,0.13,-5.340,-0.309,-0.905,0.77,-6.92,-1.54,0.000000,0.000000,482.87
39.69,85429.73,33.87,1416.39,11.71,0.24,0.31,-5.329,0.862,-1.110,0.27,-9.78,-2.89,0.000000,0.000000,483.41
39.70,85504.28,33.87,1409.27,11.15,-0.04,0.97,-5.254,0.361,0.231,1.27,-10.73,-1.54,0.000000,0.000000,483.95
39.70,85556.22,33.88,1404.30,10.09,-1.31,0.65,-6.058,-0.299,-0.331,-0.23,-8.82,-2.89,0.000000,0.000000,484.50
39.70,85626.63,33.88,1397.58,10.47,0.01,0.40,-5.986,0.004,-0.893,0.77,-8.82,-2.44,0.000000,0.000000,485.03
39.70,85680.98,33.87,1392.40,9.85,-0.28,0.40,-5.542,0.156,0.001,-0.23,-8.35,-3.80,0.000000,0.000000,485.57
39.71,85753.09,33.87,1385.53,9.82,-1.17,0.81,-5.742,-0.078,-0.644,-0.23,-7.39,-1.08,0.000000,0.000000,486.11
39.71,85810.39,33.87,1380.07,9.63,-0.65,0.63,-5.504,-0.159,-0.589,-0.23,-8.35,-3.35,0.000000,0.000000,486.66
39.61,85864.89,33.86,1374.88,10.22,-0.20,0.91,-5.007,0.442,-0.152,0.27,-7.87,-3.80,0.000000,0.000000,487.19
39.63,85923.19,33.86,1369.33,9.81,-0.16,0.17,-5.370,-0.385,-0.759,0.77,-6.92,-1.99,0.000000,0.000000,487.73
39.64,85985.13,33.86,1363.44,11.78,-0.13,0.59,-5.077,0.276,-0.815,1.78,-10.25,-1.54,0.000000,0.000000,488.30
39.68,86053.77,33.86,1356.91,9.92,0.00,0.15,-5.264,0.039,-1.142,0.77,-8.35,-1.99,0.000000,0.000000,488.81
39.67,86109.19,33.84,1351.65,9.35,0.41,0.49,-5.092,0.167,-0.659,0.77,-8.35,-1.99,0.000000,0.000000,489.35
39.68,86175.09,33.87,1345.39,10.09,0.26,0.47,-5.019,0.708,-0.452,1.27,-7.87,-1.08,0.000000,0.000000,489.90
39.68,86232.74,33.86,1339.92,10.63,-0.32,0.67,-5.600,0.454,-0.969,1.27,-8.82,-1.99,0.000000,0.000000,490.44
39.68,86294.37,33.85,1334.07,9.77,-0.32,0.66,-5.805,-0.129,-0.872,0.27,-7.87,-1.99,0.000000,0.000000,490.98
39.69,86350.09,33.87,1328.79,9.28,0.33,0.89,-5.237,0.673,-0.080,1.78,-7.39,-2.44,0.000000,0.000000,491.51
39.70,86423.64,33.86,1321.82,10.08,-0.86,0.73,-5.811,0.099,-0.652,-0.23,-8.35,-1.08,0.000000,0.000000,492.06
39.70,86478.68,33.84,1316.61,8.97,-0.41,-0.08,-6.102,-0.049,-1.121,0.27,-7.87,-2.44,0.000000,0.000000,492.60
39.71,86531.50,33.85,1311.61,8.63,0.14,0.53,-5.435,0.093,-0.320,0.77,-5.96,-1.08,0.000000,0.000000,493.14
39.71,86599.88,33.86,1305.15,9.89,-0.05,1.08,-5.023,0.345,0.091,0.77,-7.87,-0.63,0.000000,0.000000,493.68
39.70,86653.91,33.84,1300.04,8.79,-0.77,0.74,-5.098,0.311,-0.232,-0.23,-6.92,-1.54,0.000000,0.000000,494.22
39.70,86723.64,33.84,1293.45,9.20,-0.44,0.67,-5.232,-0.816,-0.291,0.27,-6.92,-1.54,0.000000,0.000000,494.76
39.70,86772.33,33.84,1288.86,10.78,-1.05,0.54,-4.723,0.500,-0.292,-0.74,-9.78,-2.44,0.000000,0.000000,495.30
39.73,86846.02,33.85,1281.90,9.52,0.07,0.30,-4.950,-0.445,-0.964,1.27,-7.39,-5.16,0.000000,0.000000,495.84
39.72,86895.74,33.85,1277.21,9.51,-0.31,0.42,-4.415,0.253,-0.305,1.27,-7.39,-1.99,0.000000,0.000000,496.38
39.72,86959.44,33.83,1271.21,8.93,0.14,0.36,-4.242,0.627,-1.141,0.77,-7.87,-1.99,0.000000,0.000000,496.92
39.72,87016.77,33.83,1265.81,10.16,0.45,0.81,-3.816,0.441,0.300,0.77,-8.82,-2.89,0.000000,0.000000,497.46
39.73,87070.11,33.83,1260.79,8.44,-0.28,0.99,-3.696,0.424,0.010,0.77,-7.39,-1.54,0.000000,0.000000,498.00
39.74,87142.79,33.84,1253.95,8.94,-0.34,1.28,-3.719,0.148,0.042,-0.23,-9.30,-2.89,0.000000,0.000000,498.54
39.74,87198.73,33.83,1248.69,9.73,-0.29,1.21,-3.651,0.144,0.048,0.27,-7.39,-1.54,0.000000,0.000000,499.09
39.74,87260.89,33.84,1242.84,9.42,-0.48,0.99,-3.625,0.245,0.103,0.27,-7.39,-2.44,0.000000,0.000000,499.63
39.73,87315.79,33.84,1237.69,9.10,-0.46,1.00,-3.981,-0.082,-0.612,0.77,-5.96,-0.18,0.000000,0.000000,500.17
39.74,87385.38,33.83,1231.15,8.90,-0.03,0.71,-3.593,0.674,0.020,0.27,-7.39,-1.54,0.000000,0.000000,500.71
39.74,87437.17,33.85,1226.29,10.32,-0.58,1.12,-4.248,-0.253,-0.957,0.77,-8.82,0.28,0.000000,0.000000,501.25
39.73,87508.31,33.84,1219.62,8.96,-0.07,0.66,-4.103,0.002,-0.485,1.27,-6.92,-1.54,0.000000,0.000000,501.79
39.74,87567.20,33.84,1214.10,10.49,-0.72,0.87,-4.320,0.245,-0.831,-0.23,-8.82,-1.99,0.000000,0.000000,502.33
39.74,87636.09,33.83,1207.65,10.91,-0.58,0.42,-4.621,-0.537,-0.923,0.27,-9.30,-1.54,0.000000,0.000000,502.87
39.75,87687.77,33.84,1202.81,9.51,-0.10,0.19,-4.504,0.321,-0.977,0.77,-7.39,-1.99,0.000000,0.000000,503.41
39.75,87747.86,33.83,1197.19,10.42,-0.07,0.45,-4.574,0.244,-1.079,1.78,-8.82,-3.80,0.000000,0.000000,503.95
39.75,87810.55,33.84,1191.33,9.20,-0.06,0.29,-4.696,0.010,-0.851,1.27,-6.44,-1.08,0.000000,0.000000,504.49
39.75,87867.19,33.83,1186.03,9.61,-0.08,0.75,-4.508,0.226,-0.771,0.77,-8.35,-1.99,0.000000,0.000000,505.03
39.76,87928.15,33.83,1180.34,10.00,-0.47,1.11,-4.512,-0.053,-0.378,0.77,-8.35,-3.35,0.000000,0.000000,505.57
39.77,87987.75,33.83,1174.77,11.35,-0.21,0.98,-4.690,0.141,-0.770,-0.23,-9.30,-1.08,0.000000,0.000000,506.11
39.78,88050.45,33.83,1168.92,10.75,-0.32,0.38,-4.997,-0.396,-1.040,0.27,-8.82,-2.44,0.000000,0.000000,506.65
39.78,88104.69,33.82,1163.86,9.98,-0.14,0.42,-4.789,0.220,-0.737,1.78,-7.87,-1.08,0.000000,0.000000,507.19
39.78,88220.58,33.79,1153.06,8.54,0.20,0.31,-4.999,0.150,-0.874,1.27,-6.44,-2.89,0.000000,0.000000,508.27
39.78,88272.56,33.80,1148.22,9.23,-0.34,0.17,-5.078,0.349,-0.963,1.27,-7.39,-1.99,0.000000,0.000000,508.81
39.79,88334.23,33.79,1142.48,9.37,-0.13,0.72,-4.827,0.477,-0.131,0.27,-9.30,-1.54,0.000000,0.000000,509.35
39.80,88389.91,33.79,1137.31,8.91,-0.19,0.41,-5.223,0.450,-0.542,1.27,-6.92,-1.08,0.000000,0.000000,509.89
39.80,88450.36,33.78,1131.69,10.24,-0.57,0.48,-5.442,-0.262,-0.534,0.27,-9.30,-1.99,0.000000,0.000000,510.43
39.80,88500.12,33.79,1127.06,9.73,-0.52,0.59,-5.226,0.328,-0.420,0.27,-7.39,-3.80,0.000000,0.000000,510.97
39.80,88561.25,33.78,1121.39,10.22,0.25,0.38,-5.310,0.260,-0.738,1.27,-8.35,-1.99,0.000000,0.000000,511.51
39.80,88619.83,33.79,1115.95,9.65,-0.23,0.70,-4.975,0.368,-0.050,-0.23,-8.35,-1.54,0.000000,0.000000,512.05
39.79,88674.37,33.81,1110.92,10.12,-0.53,0.96,-5.094,0.045,-0.264,0.27,-8.35,-0.63,0.000000,0.000000,512.59
39.81,88729.02,33.77,1105.82,10.96,-0.02,0.61,-5.023,0.084,-0.619,-0.74,-9.30,-1.54,0.000000,0.000000,513.13
39.81,88777.39,33.77,1101.34,9.34,-0.22,0.88,-4.606,0.076,-0.170,0.27,-7.87,-2.89,0.000000,0.000000,513.67
39.81,88837.16,33.77,1095.80,9.99,-0.10,0.57,-4.643,0.022,-0.825,0.77,-8.35,-1.08,0.000000,0.000000,514.21
39.80,88882.59,33.77,1091.59,9.87,-0.56,0.89,-4.340,-0.313,-0.043,0.27,-9.30,-2.44,0.000000,0.000000,514.75
39.81,88947.73,33.77,1085.56,11.58,0.09,1.21,-4.149,0.385,-0.577,1.27,-9.30,-1.99,0.000000,0.000000,515.29
39.82,88993.02,33.76,1081.38,9.96,-0.05,0.79,-4.073,0.226,-0.331,0.77,-8.35,-2.44,0.000000,0.000000,515.83
39.82,89051.23,33.75,1075.99,9.45,-0.24,1.17,-3.955,0.124,-0.059,0.77,-7.39,-2.89,0.000000,0.000000,516.37
39.82,89105.85,33.75,1070.95,9.59,-0.18,0.58,-4.105,0.138,-0.508,0.77,-8.35,-1.54,0.000000,0.000000,516.91
39.82,89158.70,33.74,1066.06,10.41,-0.58,1.17,-4.125,0.227,-0.340,-0.23,-9.30,-1.99,0.000000,0.000000,517.46
39.80,89217.41,33.76,1060.65,10.29,-0.15,0.74,-4.288,0.204,-0.764,0.77,-8.82,-3.35,0.000000,0.000000,517.99
39.83,89274.00,33.75,1055.42,9.42,-0.31,0.61,-4.394,0.213,-0.577,0.27,-7.39,-1.99,0.000000,0.000000,518.53
39.83,89333.93,33.75,1049.90,9.48,-0.31,0.48,-4.543,0.115,-0.704,0.77,-7.39,-3.35,0.000000,0.000000,519.07
39.83,89381.80,33.77,1045.48,9.68,0.25,0.43,-4.518,0.619,-0.626,1.78,-7.87,-0.63,0.000000,0.000000,519.61
39.83,89442.28,33.75,1039.91,9.12,-0.55,0.64,-4.681,0.372,-0.419,0.77,-7.87,-3.35,0.000000,0.000000,520.15
39.82,89490.96,33.75,1035.43,10.19,0.02,0.62,-4.806,0.223,-0.567,1.27,-8.35,-1.08,0.000000,0.000000,520.70
39.82,89547.13,33.76,1030.26,10.70,-0.54,0.29,-5.041,0.369,-0.747,0.77,-8.82,-1.99,0.000000,0.000000,521.24
39.84,89604.73,33.73,1024.96,10.08,-0.08,0.76,-5.029,0.189,-0.747,0.27,-10.25,-2.89,0.000000,0.000000,521.78
39.84,89664.18,33.69,1020.42,9.69,-0.11,0.36,-4.902,0.264,-0.348,0.77,-6.92,-0.18,0.000000,0.000000,522.31
39.85,89715.39,33.73,1014.79,10.02,-0.37,0.80,-4.784,0.386,-0.424,0.27,-8.82,-2.44,0.000000,0.000000,522.85
39.85,89766.20,33.72,1010.12,10.09,0.24,0.36,-4.946,0.283,-0.826,1.78,-8.35,-3.35,0.000000,0.000000,523.39
39.85,89828.25,33.72,1004.42,10.58,-0.47,0.63,-4.806,-0.352,-0.217,0.27,-9.30,-1.99,0.000000,0.000000,523.94
39.85,89882.02,33.72,999.49,9.30,-0.62,0.44,-4.640,-0.094,-0.471,-0.23,-8.35,-4.25,0.000000,0.000000,524.48
39.87,89948.78,33.72,993.37,10.25,-0.43,0.98,-4.337,-0.437,-0.503,1.27,-8.35,-0.63,0.000000,0.000000,525.02
39.86,90008.91,33.72,987.86,9.73,-0.23,0.85,-3.969,0.110,-0.313,0.27,-7.87,-1.54,0.000000,0.000000,525.55
39.87,90071.32,33.73,982.14,10.02,-0.05,0.96,-3.836,-0.230,-0.518,0.77,-9.30,-1.99,0.000000,0.000000,526.10
39.86,90121.57,33.71,977.54,9.96,-0.99,0.30,-3.550,-0.305,0.253,-0.23,-8.35,-1.99,0.000000,0.000000,526.64
39.86,90187.06,33.72,972.62,8.49,-0.96,0.55,-3.785,-0.864,-0.315,-0.23,-6.92,-2.89,0.000000,0.000000,527.18
39.86,90239.98,33.71,966.70,10.22,-0.52,0.55,-3.657,-0.245,-0.065,0.27,-7.39,-1.99,0.000000,0.000000,527.72
39.87,90289.95,33.70,962.14,8.52,-0.31,0.74,-3.509,0.108,-0.506,0.77,-7.39,-1.54,0.000000,0.000000,528.26
39.87,90350.81,33.68,956.57,9.66,0.46,0.42,-3.408,0.423,-0.379,1.27,-7.39,-1.99,0.000000,0.000000,528.79
39.86,90400.70,33.70,952.02,7.92,-0.18,0.75,-3.152,0.534,0.110,0.27,-6.44,-1.54,0.000000,0.000000,529.33
39.87,90467.84,33.70,945.89,11.03,-0.06,1.12,-3.244,0.028,0.002,0.77,-11.68,-1.54,0.000000,0.000000,529.88
39.86,90523.29,33.70,940.83,8.63,-0.27,0.77,-3.302,-0.361,-0.060,1.27,-6.44,-1.54,0.000000,0.000000,530.42
39.89,90593.94,33.70,934.39,10.30,-0.73,0.40,-3.611,-0.793,-0.457,0.27,-8.82,-2.44,0.000000,0.000000,530.96
39.88,90649.06,33.70,929.36,9.16,-0.38,0.43,-3.795,0.050,-1.451,0.77,-8.35,-2.89,0.000000,0.000000,531.50
39.89,90713.55,33.72,923.49,10.22,0.36,0.20,-3.978,0.305,-1.278,0.77,-8.35,-2.44,0.000000,0.000000,532.04
39.89,90777.20,33.70,917.70,9.71,0.31,0.71,-3.987,0.678,-0.779,1.27,-8.82,-2.44,0.000000,0.000000,532.57
39.88,90831.09,33.70,912.79,8.85,0.01,1.29,-4.009,0.336,-0.167,0.77,-7.39,-0.18,0.000000,0.000000,533.12
39.89,90896.30,33.69,906.86,10.03,-0.74,1.10,-4.256,-0.014,-0.104,-0.74,-9.30,-1.08,0.000000,0.000000,533.66
39.90,90954.63,33.69,901.56,10.16,-0.56,0.69,-4.604,-0.257,-0.816,0.27,-7.87,-1.99,0.000000,0.000000,534.20
39.89,91015.13,33.70,896.07,9.03,-0.02,0.25,-4.626,0.318,-1.084,0.77,-7.39,-1.99,0.000000,0.000000,534.74
39.90,91075.16,33.69,890.62,9.92,-0.15,0.93,-4.396,0.471,-0.299,0.27,-7.87,-2.44,0.000000,0.000000,535.28
39.90,91144.86,33.67,884.29,9.62,-0.53,0.85,-4.757,-0.010,-0.401,0.77,-7.39,-1.08,0.000000,0.000000,535.82
39.90,91197.59,33.69,879.51,11.19,-0.49,0.68,-5.108,-0.028,-0.755,-0.23,-10.25,-2.44,0.000000,0.000000,536.36
39.89,91248.32,33.71,874.91,11.57,0.14,0.38,-5.103,0.370,-0.998,1.78,-9.78,-3.80,0.000000,0.000000,536.90
39.92,91322.01,33.68,868.23,10.88,0.20,1.28,-4.901,0.473,-0.407,0.77,-8.82,-1.08,0.000000,0.000000,537.44
39.92,91373.69,33.68,863.55,9.87,-0.42,0.66,-4.952,0.317,-0.173,0.77,-8.82,-2.44,0.000000,0.000000,537.98
39.92,91448.96,33.67,856.74,8.85,-0.29,0.27,-5.197,0.309,-0.623,0.77,-6.92,-1.08,0.000000,0.000000,538.52
39.92,91502.17,33.67,851.93,9.23,0.30,0.62,-4.938,0.344,-0.242,0.27,-8.35,-1.99,0.000000,0.000000,539.06
39.92,91568.59,33.65,845.93,8.98,-0.54,0.80,-4.858,-0.116,-0.143,-0.23,-6.92,-3.80,0.000000,0.000000,539.60
39.91,91622.84,33.65,841.03,10.92,-0.01,1.11,-4.623,0.050,-0.510,1.27,-8.82,-1.08,0.000000,0.000000,540.14
39.92,91695.55,33.65,834.46,10.43,-1.21,0.76,-4.328,-0.405,-0.062,0.27,-9.30,-1.08,0.000000,0.000000,540.68
39.93,91751.42,33.65,829.42,9.21,-0.77,0.68,-4.079,-0.351,-0.066,-0.23,-6.92,-0.63,0.000000,0.000000,541.22
39.93,91809.36,33.65,824.19,10.90,-0.54,0.23,-4.183,-0.330,-0.890,-0.74,-9.78,-2.89,0.000000,0.000000,541.76
39.93,91882.03,33.65,817.64,10.46,0.28,0.52,-3.702,0.201,-0.546,1.78,-8.35,-3.80,0.000000,0.000000,542.30
39.93,91942.06,33.65,812.23,8.19,-0.22,1.11,-3.201,0.329,-0.032,0.77,-6.92,-0.63,0.000000,0.000000,542.84
39.93,92005.86,33.65,806.49,10.31,-1.31,0.83,-3.533,-0.655,-0.067,-0.74,-10.25,-1.99,0.000000,0.000000,543.38
39.94,92061.83,33.66,801.45,8.17,-0.52,1.16,-3.358,-0.009,-0.079,0.27,-6.44,-0.18,0.000000,0.000000,543.92
39.94,92133.25,33.66,795.03,9.41,-0.40,0.52,-3.776,-0.190,-0.401,0.27,-8.35,-1.99,0.000000,0.000000,544.46
39.94,92185.96,33.65,790.29,10.82,-0.74,0.93,-3.872,-0.411,-0.736,-0.23,-9.30,-4.71,0.000000,0.000000,545.00
39.95,92253.89,33.67,784.18,8.80,-0.26,0.40,-3.786,-0.159,-0.217,-0.23,-7.39,-1.08,0.000000,0.000000,545.54
39.94,92307.95,33.66,779.33,10.25,-0.50,0.25,-4.104,-0.132,-1.220,0.27,-8.82,-4.25,0.000000,0.000000,546.08
39.95,92365.23,33.64,774.19,9.87,0.32,0.57,-3.730,0.935,-0.372,1.27,-7.39,-1.08,0.000000,0.000000,546.62
39.95,92441.92,33.64,767.31,9.31,0.15,0.83,-3.882,0.385,-0.392,0.27,-7.39,-1.54,0.000000,0.000000,547.16
39.96,92498.69,33.66,762.22,9.81,-0.99,0.16,-4.400,-0.209,-1.046,-0.74,-8.35,-3.80,0.000000,0.000000,547.70
39.96,92572.42,33.65,755.61,11.15,0.15,0.48,-4.393,-0.304,-0.843,1.27,-10.25,-2.89,0.000000,0.000000,548.24
39.97,92634.06,33.65,750.09,12.34,0.51,0.14,-4.856,0.219,-1.305,0.77,-12.16,-3.35,0.000000,0.000000,548.78
39.97,92701.53,33.63,744.05,10.83,0.48,0.90,-4.609,0.295,-0.380,2.28,-8.35,-1.08,0.000000,0.000000,549.32
39.96,92759.27,33.65,738.89,9.74,0.04,0.81,-4.555,0.520,-0.306,0.27,-8.35,-1.99,0.000000,0.000000,549.86
39.97,92834.41,33.63,732.17,9.50,0.08,0.43,-4.740,-0.032,-0.484,1.27,-7.87,-4.25,0.000000,0.000000,550.40
39.97,92890.45,33.63,727.16,8.37,-0.08,0.01,-4.844,0.575,-0.807,0.27,-6.44,-1.99,0.000000,0.000000,550.94
39.97,92947.19,33.62,722.10,8.94,-0.43,0.52,-4.967,0.043,-0.531,-0.23,-8.35,-2.44,0.000000,0.000000,551.48
39.97,93015.53,33.62,716.00,9.40,-0.37,0.58,-4.596,-0.159,0.014,0.77,-6.92,-0.63,0.000000,0.000000,552.02
39.97,93072.08,33.62,710.95,11.34,-0.32,0.56,-4.511,0.045,-0.723,0.27,-10.73,-2.89,0.000000,0.000000,552.56
39.97,93139.75,33.61,704.92,10.36,0.29,0.32,-4.371,0.767,-0.951,1.78,-8.35,-3.35,0.000000,0.000000,553.10
39.96,93187.98,33.61,700.62,11.01,0.36,0.83,-4.249,0.874,-0.212,1.27,-9.78,-1.08,0.000000,0.000000,553.64
39.98,93260.27,33.60,694.18,11.89,-0.08,1.04,-4.385,0.402,-0.349,0.77,-10.73,-1.54,0.000000,0.000000,554.19
39.98,93315.29,33.60,689.28,9.65,-0.30,1.13,-4.263,0.220,-0.114,0.27,-7.87,-0.63,0.000000,0.000000,554.72
39.99,93379.61,33.60,683.56,9.93,-0.12,0.51,-4.371,0.339,-0.539,0.77,-8.82,-2.44,0.000000,0.000000,555.26
39.98,93434.36,33.60,678.69,9.77,-0.39,0.94,-4.425,0.418,-0.509,0.27,-8.82,-2.44,0.000000,0.000000,555.83
39.99,93482.83,33.60,674.38,9.70,-0.33,0.94,-4.570,0.243,-0.541,1.27,-7.87,-1.99,0.000000,0.000000,556.36
40.00,93542.88,33.59,669.05,9.11,-0.17,0.64,-4.481,0.473,-0.420,0.77,-8.82,-3.35,0.000000,0.000000,556.88
40.02,93601.02,33.59,663.88,11.04,-0.15,0.86,-4.505,0.388,-0.369,1.27,-8.82,-1.08,0.000000,0.000000,557.42
40.03,93665.70,33.59,658.14,10.41,-0.15,0.54,-4.516,0.363,-0.612,0.27,-8.35,-1.99,0.000000,0.000000,557.97
40.04,93718.36,33.59,653.47,11.39,-0.25,1.12,-4.500,0.290,-0.576,-0.23,-9.30,-3.35,0.000000,0.000000,558.51
40.03,93773.02,33.58,648.63,10.23,0.34,0.43,-4.482,0.830,-0.768,0.77,-8.35,-1.99,0.000000,0.000000,559.04
40.02,93817.34,33.58,644.70,8.74,0.31,0.75,-4.401,0.600,0.014,0.27,-6.92,-4.25,0.000000,0.000000,559.58
40.02,93877.33,33.58,639.38,10.21,-0.73,0.81,-4.893,0.052,-0.523,0.27,-8.82,-1.08,0.000000,0.000000,560.13
40.03,93925.24,33.58,635.14,10.55,-0.28,0.69,-4.861,0.191,-0.473,-0.23,-9.30,-2.44,0.000000,0.000000,560.67
40.04,93976.06,33.57,630.64,11.09,0.10,0.51,-4.771,0.472,-0.632,1.27,-8.82,-2.44,0.000000,0.000000,561.21
40.04,94037.92,33.57,625.17,10.45,0.08,0.77,-4.632,0.423,-0.509,0.27,-8.82,-1.54,0.000000,0.000000,561.75
40.04,94085.17,33.57,620.99,9.34,0.22,0.38,-4.493,0.262,-0.319,0.27,-7.87,-2.44,0.000000,0.000000,562.28
40.04,94139.18,33.56,616.22,9.50,-0.45,0.75,-4.267,0.399,-0.154,0.27,-7.87,-1.99,0.000000,0.000000,562.83
40.05,94191.33,33.56,611.61,10.12,-0.32,0.96,-4.260,0.189,-0.347,-0.23,-8.35,-1.08,0.000000,0.000000,563.37
40.05,94254.19,33.56,606.06,11.15,-0.73,1.01,-4.207,0.110,-0.258,-0.23,-9.30,-1.08,0.000000,0.000000,563.91
40.05,94310.13,33.55,601.12,10.97,-0.52,0.85,-4.324,-0.092,-0.554,-0.23,-10.25,-2.89,0.000000,0.000000,564.45
40.06,94369.85,33.54,595.86,11.21,0.12,0.47,-4.246,0.519,-0.806,1.27,-9.30,-6.06,0.000000,0.000000,564.99
40.06,94421.03,33.55,591.34,10.10,-0.05,0.58,-4.262,0.510,-0.651,0.77,-8.35,-2.89,0.000000,0.000000,565.53
40.06,94473.82,33.55,586.69,10.03,0.18,0.56,-4.340,0.282,-0.546,0.77,-7.39,-1.99,0.000000,0.000000,566.07
40.06,94530.25,33.55,581.72,8.59,-0.11,0.44,-4.439,0.512,-0.645,0.77,-5.96,-1.08,0.000000,0.000000,566.61
40.06,94582.53,33.54,577.12,10.63,-0.34,0.44,-4.678,-0.114,-0.710,0.27,-8.35,-3.80,0.000000,0.000000,567.15
40.07,94649.02,33.55,571.27,9.54,0.15,0.27,-4.533,0.725,-0.725,0.77,-7.39,-4.25,0.000000,0.000000,567.69
40.07,94696.45,33.55,567.09,9.59,0.00,0.82,-4.551,0.428,-0.670,0.77,-7.39,-1.08,0.000000,0.000000,568.23
40.07,94762.17,33.55,561.31,10.86,-0.00,0.00,-4.951,0.180,-0.810,1.27,-10.25,-4.25,0.000000,0.000000,568.77
40.07,94814.86,33.55,556.68,8.74,0.02,1.27,-4.487,0.527,-0.347,0.77,-6.44,-0.63,0.000000,0.000000,569.31
40.08,94883.14,33.55,551.78,9.64,-0.21,1.23,-4.375,-0.029,0.502,-0.23,-8.82,-1.99,0.000000,0.000000,569.85
40.08,94937.99,33.55,545.87,9.57,-0.27,0.89,-4.611,0.594,-0.961,-0.23,-8.82,-1.99,0.000000,0.000000,570.40
40.08,94992.70,33.54,541.07,11.36,-0.23,0.49,-4.643,-0.083,-0.165,0.77,-10.73,-4.71,0.000000,0.000000,570.94
40.08,95058.03,33.54,535.34,9.32,-0.33,0.74,-4.496,0.472,-0.792,0.77,-7.39,-0.63,0.000000,0.000000,571.48
40.08,95115.00,33.54,530.35,6.32,0.16,0.52,-3.918,0.609,0.152,0.77,-5.01,-1.54,0.000000,0.000000,572.01
38.63,95334.78,38.03,511.11,9.52,1.03,2.28,-0.017,-0.058,-0.017,1.78,-9.78,-1.08,0.000000,0.000000,248.39
38.63,95334.78,38.03,511.11,9.52,1.03,2.28,-0.017,-0.058,-0.017,1.78,-9.78,-1.08,0.000000,0.000000,248.39
38.63,95334.78,38.03,511.11,9.52,1.03,2.28,-0.017,-0.058,-0.017,1.78,-9.78,-1.08,0.000000,0.000000,248.39
38.63,95334.78,38.03,511.11,9.52,1.03,2.28,-0.017,-0.058,-0.017,1.78,-9.78,-1.08,0.000000,0.000000,248.39
38.63,95334.78,38.03,511.11,9.52,1.03,2.28,-0.017,-0.058,-0.017,1.78,-9.78,-1.08,0.000000,0.000000,248.39
38.73,95348.22,38.03,509.93,9.54,1.03,2.25,-0.018,-0.059,-0.018,0.77,-7.87,-2.44,0.000000,0.000000,248.93
38.63,95334.78,38.03,511.11,9.52,1.03,2.28,-0.017,-0.058,-0.017,1.78,-9.78,-1.08,0.000000,0.000000,248.39
38.63,95334.78,38.03,511.11,9.52,1.03,2.28,-0.017,-0.058,-0.017,1.78,-9.78,-1.08,0.000000,0.000000,248.39
38.73,95348.22,38.03,509.93,9.54,1.03,2.25,-0.018,-0.059,-0.018,0.77,-7.87,-2.44,0.000000,0.000000,248.93
38.75,95351.14,37.99,509.68,9.54,1.01,2.25,-0.018,-0.058,-0.017,2.28,-9.30,-1.08,0.000000,0.000000,252.71
38.66,95332.68,37.98,511.29,9.55,1.02,2.29,-0.019,-0.059,-0.018,2.28,-8.35,-0.18,0.000000,0.000000,253.25
38.75,95346.19,37.97,510.11,9.55,1.04,2.28,-0.018,-0.059,-0.019,2.28,-8.35,-0.18,0.000000,0.000000,253.79
38.67,95337.13,37.99,510.90,9.56,1.01,2.26,-0.019,-0.059,-0.018,1.27,-9.30,-1.54,0.000000,0.000000,254.33
38.76,95349.95,37.97,509.78,9.53,1.02,2.27,-0.017,-0.059,-0.018,1.78,-7.39,-3.80,0.000000,0.000000,254.88
38.68,95334.61,37.98,511.12,9.53,1.02,2.27,-0.019,-0.059,-0.019,1.78,-6.92,0.28,0.000000,0.000000,255.41
38.69,95338.95,37.97,510.74,9.53,1.03,2.26,-0.018,-0.059,-0.018,1.27,-9.30,-1.08,0.000000,0.000000,256.50
38.69,95336.53,37.96,510.95,9.54,1.01,2.25,-0.018,-0.059,-0.018,2.28,-7.87,0.73,0.000000,0.000000,257.04
38.70,95339.08,37.97,510.73,9.53,1.01,2.26,-0.018,-0.059,-0.018,1.78,-7.39,-0.63,0.000000,0.000000,257.58
38.70,95337.04,37.96,510.91,9.55,1.02,2.25,-0.019,-0.059,-0.018,1.27,-8.82,-1.54,0.000000,0.000000,258.12
38.73,95340.55,37.95,510.60,9.54,1.02,2.22,-0.018,-0.058,-0.018,1.27,-8.35,-1.08,0.000000,0.000000,258.66
38.71,95335.20,37.95,511.07,9.54,1.04,2.27,-0.018,-0.058,-0.018,1.78,-7.87,0.28,0.000000,0.000000,259.20
38.73,95337.34,37.92,510.88,9.55,1.02,2.24,-0.018,-0.058,-0.017,1.27,-8.35,0.28,0.000000,0.000000,261.36
38.81,95349.54,37.92,509.82,9.55,1.01,2.27,-0.018,-0.059,-0.019,1.78,-8.82,-0.18,0.000000,0.000000,261.90
38.74,95337.84,37.90,510.84,9.54,1.02,2.27,-0.018,-0.058,-0.018,1.78,-9.30,-0.18,0.000000,0.000000,262.44
38.82,95351.13,37.91,509.68,9.54,1.01,2.29,-0.018,-0.059,-0.019,1.78,-7.87,0.28,0.000000,0.000000,262.98
38.74,95336.53,37.91,510.95,9.54,1.04,2.26,-0.018,-0.058,-0.019,2.28,-8.35,-0.63,0.000000,0.000000,263.52
38.75,95338.21,37.90,510.81,9.54,1.02,2.24,-0.018,-0.058,-0.018,1.27,-8.82,-0.18,0.000000,0.000000,264.06
38.75,95335.76,37.90,511.02,9.53,1.04,2.24,-0.017,-0.060,-0.017,1.78,-7.87,-1.99,0.000000,0.000000,264.60
38.76,95338.97,37.89,510.74,9.55,1.02,2.28,-0.017,-0.059,-0.018,2.78,-7.87,0.28,0.000000,0.000000,265.14
38.83,95349.87,37.89,509.79,9.54,1.02,2.26,-0.018,-0.058,-0.017,1.27,-8.82,-0.63,0.000000,0.000000,265.68
38.76,95339.55,37.88,510.69,9.53,1.02,2.26,-0.017,-0.059,-0.018,1.78,-8.82,-0.63,0.000000,0.000000,266.22
38.84,95348.23,37.89,509.93,9.53,1.01,2.25,-0.019,-0.059,-0.018,1.78,-7.87,-0.18,0.000000,0.000000,266.76
38.77,95337.41,37.87,510.88,9.55,1.04,2.27,-0.018,-0.059,-0.019,1.27,-7.87,0.28,0.000000,0.000000,267.30
38.85,95348.06,37.88,509.95,9.54,1.03,2.27,-0.018,-0.058,-0.018,1.78,-9.30,-0.18,0.000000,0.000000,267.84
38.78,95337.88,37.86,510.84,9.55,1.01,2.26,-0.018,-0.058,-0.018,1.78,-9.78,-2.89,0.000000,0.000000,268.38
38.86,95348.36,37.88,509.92,9.54,1.02,2.26,-0.018,-0.059,-0.019,1.78,-7.87,-0.63,0.000000,0.000000,268.92
38.79,95336.63,37.86,510.95,9.53,1.04,2.27,-0.018,-0.059,-0.018,1.27,-8.35,-0.18,0.000000,0.000000,269.46
38.86,95346.53,37.85,510.08,9.54,1.02,2.28,-0.019,-0.058,-0.018,1.78,-9.78,-0.63,0.000000,0.000000,270.00
38.79,95338.77,37.85,510.76,9.53,1.02,2.24,-0.018,-0.058,-0.018,1.78,-7.39,-0.18,0.000000,0.000000,270.54
38.80,95340.08,37.86,510.64,9.56,1.04,2.27,-0.018,-0.059,-0.019,2.28,-8.35,-0.63,0.000000,0.000000,271.09
38.80,95336.97,37.85,510.92,9.55,1.03,2.25,-0.018,-0.059,-0.019,2.28,-8.82,-0.63,0.000000,0.000000,271.63
38.80,95336.69,37.84,510.94,9.53,1.02,2.26,-0.019,-0.058,-0.018,1.78,-9.30,-0.18,0.000000,0.000000,272.17
38.89,95348.20,37.83,509.93,9.52,1.03,2.23,-0.017,-0.059,-0.018,2.78,-7.87,1.18,0.000000,0.000000,272.70
38.81,95337.41,37.84,510.88,9.54,1.02,2.25,-0.017,-0.059,-0.018,1.27,-8.35,-0.63,0.000000,0.000000,273.25
38.90,95350.72,37.82,509.71,9.56,1.02,2.25,-0.018,-0.058,-0.018,2.28,-10.25,-0.18,0.000000,0.000000,273.79
38.82,95338.79,37.82,510.76,9.53,1.01,2.27,-0.018,-0.059,-0.018,2.28,-8.35,-0.63,0.000000,0.000000,274.33
38.90,95348.34,37.82,509.92,9.56,1.02,2.27,-0.019,-0.058,-0.018,1.78,-8.35,-0.18,0.000000,0.000000,274.87
38.82,95337.64,37.80,510.86,9.54,1.02,2.25,-0.018,-0.059,-0.018,1.78,-8.82,-1.54,0.000000,0.000000,275.41
38.91,95350.78,37.81,509.71,9.56,0.96,2.36,-0.013,-0.060,-0.018,1.27,-7.87,-1.08,0.000000,0.000000,275.95
38.89,95347.52,37.77,509.99,59.68,0.39,9.80,0.318,-0.081,0.001,7.81,-59.85,-0.63,0.000000,0.000000,276.49
38.86,95204.05,37.79,522.55,78.21,-1.55,37.12,-1.070,-0.008,-0.291,3.29,-260.61,-2.89,0.000000,0.000000,277.03
38.47,94367.95,37.63,596.02,78.21,2.07,17.45,-1.834,0.123,-0.257,4.29,-121.84,-1.08,0.000000,0.000000,277.57
38.49,93049.05,37.34,713.01,52.22,1.98,9.52,-2.124,0.023,-0.213,4.29,-51.26,2.09,0.000000,0.000000,278.11
38.93,91922.80,37.09,813.97,28.98,2.08,5.56,-2.344,-0.079,-0.304,3.29,-27.42,2.09,0.000000,0.000000,278.65
39.07,90422.14,36.73,950.06,12.51,1.99,4.11,-2.223,-0.021,-0.281,2.28,-11.21,0.73,0.000000,0.000000,279.19
39.11,89163.84,36.47,1065.59,4.37,0.72,1.63,-2.179,-0.032,-0.306,4.29,-5.48,-0.63,0.000000,0.000000,279.73
39.19,87669.70,36.16,1204.50,-4.98,1.85,1.68,-2.192,-0.077,-0.289,4.29,5.01,1.63,0.000000,0.000000,280.27
39.19,86516.02,35.91,1313.08,-6.33,1.76,0.70,-2.227,0.026,-0.263,1.78,6.44,-0.63,0.000000,0.000000,280.81
39.19,85140.11,35.64,1444.11,-5.98,2.15,0.34,-2.327,-0.039,-0.313,2.78,7.87,-1.08,0.000000,0.000000,281.35
39.19,84039.66,35.41,1550.15,-5.62,0.84,0.89,-2.300,-0.047,-0.309,4.79,6.44,0.73,0.000000,0.000000,281.89
39.20,82778.77,35.16,1673.05,-5.21,1.06,0.57,-2.286,-0.047,-0.341,1.27,5.96,0.28,0.000000,0.000000,282.43
39.20,81780.46,34.96,1771.43,-4.83,1.13,0.60,-2.249,-0.026,-0.311,1.78,6.91,-1.08,0.000000,0.000000,282.97
39.20,80623.00,34.71,1886.71,-4.51,0.80,0.55,-2.196,-0.004,-0.291,1.27,6.44,0.73,0.000000,0.000000,283.51
39.20,79715.39,34.52,1978.06,-4.14,0.84,0.15,-2.105,-0.022,-0.192,0.77,5.48,0.28,0.000000,0.000000,284.05
39.20,78850.55,34.29,2065.88,-3.79,0.76,0.33,-2.116,-0.081,-0.241,1.27,5.01,-0.18,0.000000,0.000000,284.59
39.20,77856.98,34.13,2167.75,-3.51,1.12,0.35,-2.105,-0.057,-0.290,1.78,5.01,-1.54,0.000000,0.000000,285.13
39.21,77060.78,33.98,2250.14,-3.25,0.91,0.22,-2.077,-0.013,-0.301,1.27,4.53,-1.08,0.000000,0.000000,285.67
39.20,76159.63,33.79,2344.23,-3.00,0.68,0.36,-2.038,-0.015,-0.282,0.77,4.53,-1.08,0.000000,0.000000,286.21
39.20,75439.28,33.62,2420.10,-2.79,0.52,0.35,-1.976,-0.030,-0.239,0.27,4.05,-2.44,0.000000,0.000000,286.75
39.20,74625.23,33.46,2506.54,-2.51,0.38,0.14,-1.936,-0.047,-0.251,1.27,4.53,0.73,0.000000,0.000000,287.29
39.20,73974.00,33.31,2576.24,-2.32,0.43,0.06,-1.900,-0.055,-0.260,0.27,2.62,-1.08,0.000000,0.000000,287.83
39.19,73237.25,33.17,2655.69,-2.13,0.45,0.35,-1.869,-0.036,-0.277,-0.74,4.53,-1.08,0.000000,0.000000,288.37
39.19,72657.44,33.04,2718.68,-1.94,0.44,0.17,-1.812,-0.013,-0.255,0.77,4.53,0.73,0.000000,0.000000,288.91
39.19,71994.01,32.91,2791.26,-1.73,0.35,-0.09,-1.771,-0.009,-0.252,0.27,3.10,-0.63,0.000000,0.000000,289.45
39.15,71466.09,32.79,2849.39,-1.63,0.28,0.07,-1.692,-0.009,-0.200,1.27,3.58,-0.63,0.000000,0.000000,289.99
39.16,70878.82,32.67,2914.48,-1.47,0.31,0.10,-1.653,-0.047,-0.191,0.77,3.58,-2.44,0.000000,0.000000,290.53
39.15,70409.16,32.57,2966.84,-1.30,0.23,-0.10,-1.593,-0.074,-0.189,0.77,2.62,-1.08,0.000000,0.000000,291.07
39.15,69879.81,32.47,3026.20,-1.20,0.22,0.18,-1.546,-0.066,-0.222,0.27,1.67,-1.08,0.000000,0.000000,291.61
39.22,69479.34,32.38,3071.35,-1.08,0.36,0.11,-1.492,-0.048,-0.251,0.77,3.58,-2.44,0.000000,0.000000,292.15
39.22,69014.77,32.27,3115.53,-0.98,0.12,-0.08,-1.437,-0.030,-0.239,0.27,3.10,0.28,0.000000,0.000000,292.69
39.23,68656.91,32.21,3164.74,-0.87,0.21,0.11,-1.356,0.013,-0.208,1.27,1.67,-1.54,0.000000,0.000000,293.23
39.23,68318.73,32.15,3203.40,-0.78,0.22,0.04,-1.302,0.019,-0.188,0.27,2.62,-1.99,0.000000,0.000000,293.77
39.23,67945.33,32.07,3246.27,-0.69,0.09,-0.11,-1.229,-0.006,-0.133,0.77,2.62,-1.54,0.000000,0.000000,294.31
39.24,67652.61,32.01,3280.01,-0.61,0.04,0.05,-1.134,-0.036,-0.095,0.27,2.15,-1.08,0.000000,0.000000,294.85
39.24,67342.83,31.95,3315.85,-0.53,0.07,-0.14,-1.071,-0.076,-0.081,0.27,1.19,-2.44,0.000000,0.000000,295.39
39.24,67093.27,31.91,3344.82,-0.48,0.05,-0.06,-1.022,-0.127,-0.102,0.27,2.62,-0.63,0.000000,0.000000,295.94
39.24,66839.19,31.88,3374.40,-0.40,0.03,-0.06,-0.966,-0.142,-0.125,0.27,2.15,-0.63,0.000000,0.000000,296.48
39.25,66643.34,31.83,3397.26,-0.32,0.14,-0.11,-0.953,-0.136,-0.184,0.77,0.71,-1.99,0.000000,0.000000,297.02
39.25,66428.03,31.80,3422.46,-0.29,0.11,-0.07,-0.943,-0.104,-0.242,1.27,2.15,-2.89,0.000000,0.000000,297.56
39.25,66279.20,31.77,3439.92,-0.26,0.07,-0.10,-0.907,-0.055,-0.255,-0.23,2.15,-1.08,0.000000,0.000000,298.10
39.27,66129.36,31.75,3457.53,-0.23,0.10,-0.02,-0.864,0.006,-0.251,0.77,-0.24,-1.08,0.000000,0.000000,298.64
39.27,66017.39,31.74,3470.71,-0.20,0.08,-0.00,-0.804,0.075,-0.222,0.27,2.62,-4.71,0.000000,0.000000,299.17
39.27,65912.55,31.73,3483.06,-0.18,0.02,0.01,-0.730,0.123,-0.149,1.27,2.15,-0.18,0.000000,0.000000,299.71
39.28,65844.73,31.74,3491.06,-0.18,0.03,0.03,-0.686,0.132,-0.072,0.27,1.67,-1.99,0.000000,0.000000,300.25
39.28,65793.64,31.74,3497.10,-0.17,0.02,0.01,-0.668,0.122,-0.019,-0.23,1.19,-2.89,0.000000,0.000000,300.79
39.28,65767.41,31.75,3500.20,-0.16,-0.04,-0.05,-0.650,0.093,0.041,0.77,2.15,-1.08,0.000000,0.000000,301.33
39.29,65764.50,31.81,3500.95,-0.16,-0.00,-0.02,-0.663,0.030,0.085,0.27,1.19,-1.99,0.000000,0.000000,301.88
39.29,65781.90,31.79,3498.48,-0.14,-0.04,-0.07,-0.663,-0.036,0.095,0.77,2.15,-0.63,0.000000,0.000000,302.42
39.29,65798.23,31.86,3495.88,0.32,-1.76,0.80,-0.545,-0.058,0.021,0.27,0.24,-1.08,0.000000,0.000000,302.96
39.14,65951.80,31.86,3478.43,-1.42,-0.73,-0.28,-0.685,-0.239,0.098,0.27,2.62,-2.44,0.000000,0.000000,303.50
39.14,66044.30,31.90,3467.54,-53.91,4.79,22.84,0.736,-4.235,0.906,-0.23,50.31,18.84,0.000000,0.000000,304.05
38.91,65995.23,31.90,3473.32,32.82,3.98,5.95,1.395,4.761,-3.946,5.30,-29.80,4.80,0.000000,0.000000,304.58
38.79,65965.88,31.89,3476.78,67.32,-4.06,-2.28,8.731,1.432,8.731,-7.77,-71.29,-17.83,0.000000,0.000000,305.13
38.43,66031.74,31.88,3469.02,21.94,2.92,-6.10,8.731,-3.838,8.237,5.80,-19.79,-13.76,0.000000,0.000000,305.67
38.52,66108.78,31.82,3459.95,15.66,1.05,-1.42,8.731,-3.013,3.284,3.29,-12.64,-4.71,0.000000,0.000000,306.20
38.76,66172.89,31.76,3452.41,11.64,1.16,-0.87,8.731,-4.593,3.306,2.28,-9.78,-3.35,0.000000,0.000000,306.74
38.77,66246.42,31.75,3443.77,13.09,1.84,-0.80,8.731,-2.368,3.166,2.78,-13.11,-5.16,0.000000,0.000000,307.28
38.77,66321.80,31.72,3434.92,7.87,0.87,-0.61,8.731,-1.685,1.086,2.28,-5.96,-1.99,0.000000,0.000000,307.82
38.78,66368.34,31.69,3429.46,11.04,-0.25,0.52,7.771,-0.849,0.037,-0.23,-9.78,-2.44,0.000000,0.000000,308.37
38.76,66435.73,31.68,3421.56,7.17,0.23,-0.18,6.985,-0.369,0.809,0.77,-5.96,-3.35,0.000000,0.000000,308.90
38.79,66490.30,31.67,3415.17,11.89,-1.24,0.96,4.112,-0.392,-0.451,-1.24,-10.25,-2.89,0.000000,0.000000,309.45
38.78,66538.24,31.67,3409.56,8.44,-0.65,1.78,3.054,0.942,0.127,0.77,-6.92,-0.18,0.000000,0.000000,309.98
38.79,66612.56,31.68,3400.86,5.74,0.23,0.74,0.478,-0.546,0.570,1.78,-4.05,-1.99,0.000000,0.000000,310.52
38.78,66660.88,31.68,3395.21,12.04,-0.76,2.02,-0.715,0.100,0.278,-0.74,-9.78,-2.44,0.000000,0.000000,311.07
38.79,66719.85,31.71,3388.33,10.33,-0.31,1.56,-2.185,0.410,-0.800,0.27,-8.35,-0.18,0.000000,0.000000,311.61
38.80,66766.66,31.72,3382.86,12.55,-1.62,1.54,-4.815,-1.562,-0.220,-1.74,-11.68,-1.54,0.000000,0.000000,312.15
38.79,66832.53,31.74,3375.18,10.34,-0.11,0.96,-5.319,0.223,-0.909,0.77,-9.30,-0.63,0.000000,0.000000,312.69
38.81,66883.30,31.74,3369.26,9.37,0.04,0.18,-6.253,-0.365,-0.277,1.27,-7.87,-1.54,0.000000,0.000000,313.23
38.80,66936.24,31.76,3363.09,9.31,-0.52,-0.35,-7.754,1.172,-1.517,-0.23,-7.39,-2.89,0.000000,0.000000,313.77
38.81,66991.13,31.77,3356.70,10.52,-0.32,0.02,-8.731,0.551,-1.160,1.27,-8.82,-1.99,0.000000,0.000000,314.31
38.82,67046.92,31.78,3350.21,10.15,-0.43,-0.97,-8.731,-0.332,-1.893,0.27,-8.82,-4.25,0.000000,0.000000,314.85
38.82,67100.48,31.78,3343.98,9.30,-0.74,-0.93,-8.731,0.151,-0.742,0.27,-6.44,-4.71,0.000000,0.000000,315.39
38.82,67163.72,31.76,3338.05,9.03,-1.44,-1.37,-8.731,-0.091,-1.672,-0.23,-7.87,-3.35,0.000000,0.000000,315.93
38.82,67218.34,31.79,3330.29,9.76,-0.73,-0.18,-8.731,0.437,-0.248,-0.23,-8.82,-1.99,0.000000,0.000000,316.47
38.82,67272.77,31.80,3323.97,8.63,0.38,-0.94,-8.731,0.405,-1.185,1.27,-7.39,-4.71,0.000000,0.000000,317.01
38.84,67329.48,31.83,3317.40,10.39,-0.47,-0.80,-8.731,-0.311,0.218,0.77,-6.92,-1.99,0.000000,0.000000,317.55
38.83,67382.05,31.84,3311.31,11.39,-0.18,-1.11,-8.731,0.780,-0.371,0.77,-10.25,-3.80,0.000000,0.000000,318.10
38.83,67441.19,31.86,3304.46,9.87,-2.06,-0.12,-8.731,-0.062,0.850,-1.74,-9.30,-2.89,0.000000,0.000000,318.63
38.84,67502.86,31.86,3297.32,9.86,-0.09,-0.69,-8.731,0.271,-0.677,0.27,-7.39,-4.25,0.000000,0.000000,319.17
38.84,67554.58,31.87,3291.34,10.30,-0.22,0.08,-8.731,0.038,0.518,0.77,-8.82,-1.54,0.000000,0.000000,319.71
38.84,67611.40,31.88,3284.77,8.83,-0.38,-0.47,-8.651,0.151,-0.493,-0.23,-8.35,-2.89,0.000000,0.000000,320.26
38.84,67677.32,31.89,3277.16,11.36,-0.39,-0.56,-8.731,0.535,-0.781,0.77,-8.82,-4.71,0.000000,0.000000,320.80
38.85,67725.02,31.91,3271.66,9.43,-1.28,-0.09,-8.731,0.050,-0.140,-0.23,-7.87,-1.99,0.000000,0.000000,321.34
38.85,67783.95,31.89,3264.80,8.76,0.14,0.32,-7.256,0.546,-0.265,0.27,-7.87,-1.08,0.000000,0.000000,321.87
38.86,67833.48,31.92,3259.15,9.68,-1.27,-0.40,-8.197,0.140,-1.108,-0.74,-7.87,-2.89,0.000000,0.000000,322.42
38.85,67886.86,31.93,3253.00,11.46,-0.81,0.94,-7.255,0.313,-0.435,-0.23,-9.78,-0.63,0.000000,0.000000,322.96
38.87,67952.16,31.94,3245.49,8.56,-0.41,0.09,-6.811,-0.044,-0.648,-0.74,-6.92,-1.99,0.000000,0.000000,323.50
38.86,67998.06,31.96,3240.21,8.69,0.47,0.01,-6.075,0.043,-0.448,1.78,-8.35,-3.35,0.000000,0.000000,324.03
38.87,68062.08,31.98,3232.85,10.40,-0.71,0.74,-6.224,0.150,-0.680,-0.23,-7.87,-0.63,0.000000,0.000000,324.58
38.87,68111.27,31.98,3227.20,9.31,-0.21,0.62,-6.123,0.695,-0.914,0.27,-7.39,-1.08,0.000000,0.000000,325.11
38.87,68170.77,31.99,3220.37,9.14,0.24,0.26,-6.059,0.399,-0.504,1.27,-8.35,-2.44,0.000000,0.000000,325.65
38.89,68221.21,32.00,3214.58,9.64,-0.21,0.06,-6.493,0.218,-0.630,0.77,-7.87,-1.99,0.000000,0.000000,326.19
38.87,68279.50,32.04,3207.90,7.85,-0.41,0.19,-5.983,0.027,-0.568,0.27,-6.92,-1.54,0.000000,0.000000,326.74
38.87,68329.84,32.04,3202.13,10.72,-0.54,0.47,-5.553,-0.143,-0.587,-0.23,-9.30,-2.89,0.000000,0.000000,327.28
38.88,68394.02,32.07,3194.78,9.42,-0.41,0.85,-5.074,-0.094,-0.617,0.77,-7.87,-4.25,0.000000,0.000000,327.82
38.88,68442.60,32.09,3189.22,10.59,-0.39,0.95,-4.765,-0.121,-0.884,0.77,-8.82,-1.99,0.000000,0.000000,328.36
38.87,68489.72,32.10,3183.83,9.59,0.13,0.23,-4.289,0.512,-0.632,0.27,-8.35,-3.35,0.000000,0.000000,328.89
38.88,68549.48,32.13,3177.00,8.23,0.14,0.71,-3.954,0.318,-0.352,0.27,-6.92,-1.54,0.000000,0.000000,329.44
38.88,68598.78,32.13,3171.37,9.34,-0.54,0.94,-3.880,-0.165,-0.240,-0.23,-7.39,-0.63,0.000000,0.000000,329.98
38.90,68666.34,32.15,3163.66,10.74,-0.39,0.80,-3.702,-0.361,-0.560,0.27,-9.30,-2.44,0.000000,0.000000,330.52
38.89,68718.53,32.16,3157.71,8.99,0.04,0.54,-3.320,-0.288,-0.557,0.77,-7.87,-3.80,0.000000,0.000000,331.06
38.89,68778.24,32.19,3150.90,9.19,-0.35,0.43,-3.046,-0.387,-0.465,0.27,-6.92,-1.54,0.000000,0.000000,331.60
38.88,68828.61,32.21,3145.17,9.00,-0.44,0.72,-2.677,0.097,-0.405,0.27,-7.87,-1.54,0.000000,0.000000,332.14
38.90,68891.39,32.23,3138.02,9.90,0.09,0.98,-2.438,0.250,-0.177,0.77,-8.82,-1.99,0.000000,0.000000,332.68
38.89,68942.18,32.24,3132.24,12.38,0.43,1.18,-2.330,0.937,-0.590,1.27,-10.25,-0.63,0.000000,0.000000,333.22
38.89,68997.99,32.25,3125.90,11.05,-0.11,1.00,-2.578,0.322,-0.661,1.27,-9.78,-1.99,0.000000,0.000000,333.76
38.89,69048.42,32.28,3120.17,9.24,-0.40,0.50,-2.615,0.271,-0.545,0.77,-8.82,-2.89,0.000000,0.000000,334.30
38.90,69102.78,32.30,3114.00,8.62,-0.40,0.86,-2.675,-0.264,-0.348,-0.23,-6.92,-1.08,0.000000,0.000000,334.84
38.90,69165.90,32.31,3106.84,10.43,-0.06,0.59,-2.452,0.112,-0.283,0.77,-9.30,-1.99,0.000000,0.000000,335.38
38.91,69220.95,32.33,3100.59,11.25,-0.77,0.80,-2.382,-0.156,-0.808,0.27,-11.21,-1.08,0.000000,0.000000,335.92
38.91,69283.22,32.35,3093.54,10.34,-0.24,0.44,-2.285,0.475,-0.441,0.27,-7.87,-2.89,0.000000,0.000000,336.46
38.90,69335.58,32.36,3087.61,9.20,-0.13,0.49,-2.640,-0.318,-0.777,-0.23,-7.87,-2.44,0.000000,0.000000,337.00
38.90,69399.56,32.38,3080.37,10.72,-0.37,0.66,-2.665,-0.141,-0.774,0.27,-8.35,-1.99,0.000000,0.000000,337.54
38.92,69453.77,32.40,3074.24,10.43,-1.02,0.92,-2.965,-0.420,0.276,-0.74,-7.87,-0.63,0.000000,0.000000,338.08
38.92,69517.54,32.42,3067.04,10.00,-0.04,0.75,-3.009,-0.041,-0.651,0.77,-8.35,-1.54,0.000000,0.000000,338.62
38.92,69567.77,32.43,3061.36,10.81,-0.01,1.07,-2.896,0.905,-0.147,0.27,-10.25,-2.44,0.000000,0.000000,339.16
38.92,69633.91,32.45,3054.83,10.40,0.14,0.83,-3.356,0.220,-0.792,0.27,-8.82,-2.44,0.000000,0.000000,339.70
38.93,69683.69,32.45,3048.29,8.43,-0.34,0.95,-3.540,0.348,-0.529,0.77,-6.92,-1.54,0.000000,0.000000,340.24
38.93,69732.11,32.48,3042.83,12.44,-0.12,0.95,-3.801,0.279,-0.580,0.27,-11.21,-2.89,0.000000,0.000000,340.78
38.95,69796.76,32.48,3035.55,9.14,-0.20,0.89,-4.090,0.127,-0.525,1.27,-7.39,-2.44,0.000000,0.000000,341.32
38.95,69842.91,32.50,3030.35,8.88,-0.27,0.87,-4.290,-0.213,-0.301,0.27,-6.92,-1.08,0.000000,0.000000,341.86
38.95,69902.58,32.50,3023.64,10.57,-0.24,0.89,-4.677,-0.147,-0.876,0.27,-9.30,-1.99,0.000000,0.000000,342.40
38.94,69951.66,32.52,3018.12,8.75,-0.73,0.70,-4.897,-0.178,-0.407,-0.74,-6.44,-3.35,0.000000,0.000000,342.94
38.95,70014.59,32.55,3011.05,10.77,-1.21,0.29,-5.212,-0.221,-0.912,-0.23,-8.82,-1.99,0.000000,0.000000,343.48
38.95,70065.25,32.55,3005.37,9.28,0.29,0.35,-5.335,0.463,-1.165,1.27,-8.35,-1.99,0.000000,0.000000,344.02
38.97,70134.34,32.55,2997.61,12.39,-0.90,1.08,-5.853,0.175,-0.805,-0.23,-10.25,-1.54,0.000000,0.000000,344.56
38.95,70180.97,32.56,2992.39,9.79,-0.21,0.83,-5.784,0.468,-0.300,1.27,-7.87,-0.63,0.000000,0.000000,345.10
38.96,70235.27,32.55,2986.30,10.04,-1.24,0.69,-6.287,0.357,-0.876,-1.24,-9.30,-1.54,0.000000,0.000000,345.64
38.97,70294.40,32.61,2979.68,10.17,-0.22,0.51,-6.174,0.032,-0.434,0.77,-9.30,-2.89,0.000000,0.000000,346.18
38.98,70349.41,32.62,2973.52,11.50,0.03,0.39,-6.100,-0.286,-0.597,0.77,-8.82,-1.99,0.000000,0.000000,346.72
38.98,70405.05,32.64,2967.30,10.72,-0.27,0.56,-5.820,0.287,-0.960,-0.23,-9.78,-2.44,0.000000,0.000000,347.26
38.98,70455.13,32.65,2961.70,9.58,-0.46,0.39,-5.971,-0.232,-0.608,0.27,-7.39,-2.89,0.000000,0.000000,347.80
38.98,70516.88,32.68,2954.81,9.28,-0.81,-0.03,-6.250,0.033,-1.190,1.27,-6.92,-1.54,0.000000,0.000000,348.34
38.99,70567.72,32.68,2949.13,7.98,0.49,0.45,-5.975,0.696,-0.423,1.27,-6.44,-2.44,0.000000,0.000000,348.88
38.98,70629.12,32.70,2942.28,9.53,-0.50,0.78,-6.196,-0.224,0.035,-0.23,-9.30,-2.89,0.000000,0.000000,349.42
38.99,70681.03,32.70,2936.50,9.60,-1.28,0.31,-6.018,0.366,-0.692,-0.23,-7.87,-1.08,0.000000,0.000000,349.96
39.00,70745.61,32.72,2929.30,11.44,-0.63,1.26,-5.365,0.009,-0.316,0.77,-10.25,-1.08,0.000000,0.000000,350.50
38.99,70795.69,32.73,2923.73,10.62,-0.18,0.56,-5.108,-0.189,-0.521,0.77,-10.25,-2.89,0.000000,0.000000,351.05
38.99,70847.52,32.75,2917.96,10.73,-0.51,0.58,-5.074,-0.213,-1.167,0.27,-8.82,-1.08,0.000000,0.000000,351.58
39.01,70905.04,32.75,2911.56,11.85,-0.21,0.48,-4.918,0.059,-1.278,0.77,-11.21,-1.99,0.000000,0.000000,352.12
39.00,70955.63,32.77,2905.94,10.15,0.69,1.07,-4.622,0.026,-0.864,1.78,-9.78,-2.44,0.000000,0.000000,352.66
39.01,71014.03,32.77,2899.45,9.95,-0.21,0.54,-4.353,0.329,-0.320,0.77,-8.35,-1.54,0.000000,0.000000,353.20
39.00,71064.97,32.79,2893.80,8.78,-0.24,0.57,-4.313,0.223,-0.528,0.77,-7.39,-1.08,0.000000,0.000000,353.74
39.02,71121.06,32.81,2887.58,9.32,-0.33,0.42,-4.465,0.010,-0.838,0.27,-9.30,-2.89,0.000000,0.000000,354.28
39.01,71172.41,32.82,2881.89,9.58,-0.18,0.66,-4.273,0.363,-0.891,0.77,-7.39,-3.35,0.000000,0.000000,354.82
39.00,71235.94,32.83,2874.85,9.19,-0.52,0.71,-4.262,0.102,-0.372,0.27,-7.87,-1.08,0.000000,0.000000,355.36
39.02,71285.80,32.84,2869.33,9.64,-0.29,0.91,-4.191,0.028,-0.620,0.27,-8.82,-1.99,0.000000,0.000000,355.90
39.01,71342.12,32.85,2863.10,9.84,-0.48,0.37,-4.391,-0.286,-1.073,0.27,-8.35,-4.71,0.000000,0.000000,356.44
39.01,71396.81,32.86,2857.05,8.16,0.24,0.06,-4.163,0.423,-1.026,0.77,-5.96,-1.99,0.000000,0.000000,356.98
39.02,71450.25,32.87,2851.14,8.73,0.47,0.38,-4.240,0.132,-1.223,1.78,-8.82,-2.44,0.000000,0.000000,357.52
39.02,71518.14,32.89,2843.65,12.71,0.38,1.23,-3.696,0.288,0.053,0.77,-11.21,-1.08,0.000000,0.000000,358.06
39.04,71577.34,32.90,2837.11,10.85,-0.80,0.81,-4.000,0.439,-0.697,0.27,-8.82,-1.08,0.000000,0.000000,358.61
39.04,71640.23,32.93,2830.18,11.59,-0.21,0.96,-3.866,-0.487,-0.129,1.27,-10.73,-2.89,0.000000,0.000000,359.15
39.04,71688.53,32.93,2824.86,9.91,-1.27,1.31,-3.505,-0.089,-0.336,-0.74,-8.35,-3.35,0.000000,0.000000,359.69
39.04,71750.80,32.93,2818.00,10.07,-0.55,0.79,-3.173,-0.423,0.040,0.77,-8.82,-1.08,0.000000,0.000000,360.23
39.04,71798.30,32.94,2812.77,9.21,0.00,0.44,-3.046,-0.284,-0.389,1.27,-7.87,-2.44,0.000000,0.000000,360.77
39.05,71858.91,32.96,2806.10,9.41,-0.90,0.56,-2.989,0.143,-0.402,-0.74,-8.35,-4.25,0.000000,0.000000,361.31
39.04,71909.62,32.97,2800.53,11.14,0.26,1.08,-3.122,0.142,-0.371,0.77,-9.30,-1.08,0.000000,0.000000,361.85
39.06,71971.36,32.99,2793.74,8.45,-0.53,0.51,-3.477,-0.067,-1.067,-0.23,-6.92,-2.89,0.000000,0.000000,362.39
39.06,72020.64,33.00,2788.33,9.35,-0.74,0.94,-3.481,0.036,-0.501,-0.23,-7.87,-4.25,0.000000,0.000000,362.93
39.06,72070.03,33.03,2782.91,8.53,-0.04,0.45,-3.813,-0.300,-0.812,1.27,-6.92,-1.08,0.000000,0.000000,363.47
39.07,72136.94,33.03,2775.58,9.58,-0.46,0.50,-3.778,0.190,-0.760,-0.74,-8.35,-1.99,0.000000,0.000000,364.01
39.06,72190.81,33.03,2769.67,9.55,-0.25,0.71,-3.930,-0.362,-0.567,0.77,-7.39,-3.35,0.000000,0.000000,364.55
39.07,72253.83,33.04,2762.77,10.89,-0.72,1.23,-3.597,0.325,-0.280,0.27,-8.35,-1.08,0.000000,0.000000,365.09
39.07,72305.59,33.05,2757.10,9.45,-0.52,1.11,-3.698,-0.465,-0.324,-0.23,-9.30,-1.54,0.000000,0.000000,365.63
39.08,72367.65,33.07,2750.32,11.25,0.12,1.86,-3.332,0.191,-0.167,0.77,-9.78,-1.99,0.000000,0.000000,366.17
39.09,72419.73,33.09,2744.62,10.77,-0.65,1.09,-3.591,-0.583,-0.241,-0.74,-8.82,-1.54,0.000000,0.000000,366.71
39.10,72485.97,33.09,2737.39,10.68,-1.13,1.17,-3.632,-0.795,-0.254,-0.74,-10.25,-1.99,0.000000,0.000000,367.25
39.10,72533.38,33.10,2732.21,7.61,-0.38,0.05,-3.596,-0.056,-0.601,-0.23,-6.44,-2.89,0.000000,0.000000,367.79
39.10,72594.17,33.11,2725.58,10.84,0.65,0.51,-3.526,0.407,-0.560,2.28,-8.82,-0.63,0.000000,0.000000,368.33
39.12,72647.13,33.11,2719.81,9.43,-0.64,0.88,-3.530,0.410,-0.537,-0.23,-8.82,-1.99,0.000000,0.000000,368.87
39.11,72694.99,33.13,2714.59,10.56,-0.32,0.83,-3.806,0.433,-0.648,0.27,-9.30,-2.89,0.000000,0.000000,369.41
39.12,72761.18,33.15,2707.38,9.59,-0.32,0.72,-3.930,0.071,-0.226,0.77,-6.92,-1.08,0.000000,0.000000,369.95
39.11,72807.61,33.15,2702.33,9.00,-0.21,-0.11,-4.373,0.150,-0.671,0.27,-7.87,-2.89,0.000000,0.000000,370.49
39.12,72868.70,33.17,2695.69,10.43,0.52,0.74,-4.332,0.575,-0.646,1.78,-9.30,-3.35,0.000000,0.000000,371.03
39.12,72919.72,33.16,2690.14,9.91,0.29,0.60,-4.400,0.625,-0.073,0.77,-8.35,-1.99,0.000000,0.000000,371.57
39.13,72983.25,33.18,2683.24,8.82,0.19,0.33,-4.841,0.501,-0.601,0.77,-6.92,-2.44,0.000000,0.000000,372.11
39.12,73033.21,33.19,2677.81,13.15,-0.76,0.66,-5.489,-0.157,-0.595,0.27,-11.68,-4.25,0.000000,0.000000,372.65
39.12,73091.10,33.19,2671.53,10.30,-0.04,0.50,-5.150,0.086,-0.561,1.27,-7.87,-1.54,0.000000,0.000000,373.19
39.13,73145.59,33.19,2665.63,9.43,-0.38,0.03,-5.177,-0.007,-0.689,-0.23,-7.87,-2.44,0.000000,0.000000,373.73
39.12,73199.30,33.22,2660.56,9.52,-0.26,1.04,-4.774,0.418,-0.192,0.77,-8.82,-0.63,0.000000,0.000000,374.27
39.14,73252.22,33.22,2654.07,8.96,-0.49,0.55,-4.868,-0.594,-0.236,0.27,-6.92,-1.08,0.000000,0.000000,374.81
39.14,73307.02,33.22,2648.14,8.79,-0.15,0.08,-4.725,0.093,-0.756,0.27,-7.87,-2.89,0.000000,0.000000,375.35
39.14,73367.91,33.22,2641.56,10.10,-0.26,0.58,-4.664,-0.838,-0.612,0.27,-9.30,-3.35,0.000000,0.000000,375.89
39.14,73421.34,33.23,2635.78,10.24,-0.84,0.75,-4.144,0.242,-0.249,0.27,-8.35,-1.08,0.000000,0.000000,376.43
39.15,73483.19,33.24,2629.10,8.52,-0.14,0.84,-3.834,0.105,-0.155,-0.23,-7.39,-1.99,0.000000,0.000000,376.97
39.15,73535.13,33.24,2623.49,9.81,-0.51,1.32,-3.603,0.204,0.138,-0.23,-8.35,-1.54,0.000000,0.000000,377.51
39.14,73603.84,33.25,2616.08,9.91,-1.30,1.87,-3.307,-0.231,0.678,-0.74,-8.35,0.28,0.000000,0.000000,378.05
39.15,73662.86,33.25,2609.72,11.59,-0.11,1.53,-3.282,0.201,-0.416,0.77,-10.73,-2.89,0.000000,0.000000,378.59
39.16,73727.94,33.28,2602.70,9.58,0.25,0.85,-3.592,-0.141,-0.923,1.27,-7.39,-2.44,0.000000,0.000000,379.13
39.17,73785.14,33.29,2596.54,10.41,-0.63,1.34,-3.280,0.035,-0.454,-1.24,-9.30,-1.54,0.000000,0.000000,379.67
39.16,73833.55,33.30,2591.34,11.39,-0.64,0.97,-3.499,-0.242,-0.856,0.27,-9.30,-2.89,0.000000,0.000000,380.21
39.17,73903.13,33.31,2583.85,10.45,-0.43,1.24,-3.080,0.270,-0.433,0.77,-8.82,-1.08,0.000000,0.000000,380.75
39.17,73951.02,33.33,2578.71,9.20,-0.41,0.81,-2.841,0.065,-0.395,0.77,-7.39,-1.08,0.000000,0.000000,381.29
39.18,74014.22,33.33,2571.92,11.74,0.08,1.37,-2.679,-0.169,-0.465,1.27,-9.78,-1.08,0.000000,0.000000,381.83
39.17,74064.44,33.33,2566.53,10.03,-0.68,0.89,-2.361,0.187,0.114,0.27,-7.87,-1.99,0.000000,0.000000,382.37
39.18,74127.30,33.33,2559.79,11.48,-0.33,1.08,-2.552,-0.061,-0.749,-0.23,-10.73,-1.54,0.000000,0.000000,382.91
39.18,74177.72,33.35,2554.38,8.99,-0.57,0.72,-2.360,0.035,-0.158,-0.23,-6.92,-2.44,0.000000,0.000000,383.45
39.20,74242.09,33.37,2547.48,11.78,0.52,1.49,-2.503,-0.254,-0.346,2.28,-10.25,-1.08,0.000000,0.000000,383.99
39.18,74285.86,33.37,2542.80,9.94,-0.42,0.90,-2.434,-0.065,-0.118,0.27,-10.25,-1.54,0.000000,0.000000,384.53
39.18,74353.13,33.43,2537.10,10.36,-0.33,0.87,-2.291,0.259,-0.045,0.77,-8.82,-1.08,0.000000,0.000000,385.07
39.19,74405.08,33.37,2530.04,9.74,0.25,1.60,-2.251,0.716,-0.153,0.27,-7.87,-0.18,0.000000,0.000000,385.61
39.20,74454.88,33.37,2524.72,10.95,-0.62,1.45,-2.575,0.388,-0.217,-0.23,-11.21,-1.54,0.000000,0.000000,386.15
39.21,74513.80,33.41,2518.43,9.75,0.76,0.81,-2.776,0.420,-0.445,2.28,-7.87,-1.54,0.000000,0.000000,386.69
39.19,74564.83,33.40,2512.98,8.81,-0.38,1.29,-3.004,-0.342,0.167,0.27,-7.87,-1.08,0.000000,0.000000,387.23
39.20,74629.11,33.41,2506.12,10.19,-1.35,1.58,-3.188,-0.759,0.384,-1.24,-10.73,-1.08,0.000000,0.000000,387.77
39.22,74682.53,33.42,2500.43,10.28,-0.59,0.85,-4.056,-0.618,-0.652,0.27,-7.87,-0.18,0.000000,0.000000,388.31
39.21,74744.70,33.42,2493.80,9.53,-0.26,0.87,-3.922,-0.148,-0.284,0.27,-7.87,-1.54,0.000000,0.000000,388.85
39.20,74799.34,33.42,2487.98,11.71,-0.16,1.28,-4.107,-0.154,-0.743,0.27,-11.68,-1.54,0.000000,0.000000,389.39
39.20,74861.97,33.43,2481.32,9.52,0.26,0.30,-4.073,0.102,-0.614,1.27,-7.39,-1.99,0.000000,0.000000,389.93
39.22,74917.39,33.43,2475.43,8.98,-0.57,0.47,-4.061,0.519,0.186,0.27,-7.87,-1.08,0.000000,0.000000,390.47
39.21,74968.10,33.43,2470.03,11.21,-0.47,1.56,-4.431,0.282,-0.532,0.27,-9.78,-2.89,0.000000,0.000000,391.01
39.20,75034.16,33.44,2463.02,11.62,-0.17,1.37,-4.317,-0.043,0.307,1.27,-9.78,-0.63,0.000000,0.000000,391.55
39.23,75096.33,33.45,2456.42,9.80,-0.64,1.06,-4.513,-0.054,-0.521,-0.23,-8.35,-1.54,0.000000,0.000000,392.09
39.24,75159.91,33.45,2449.67,9.00,0.86,0.93,-4.258,0.399,-0.504,2.28,-6.92,-2.89,0.000000,0.000000,392.63
39.24,75215.27,33.47,2443.81,10.42,-0.59,0.46,-4.803,0.217,-0.546,1.27,-8.82,-2.44,0.000000,0.000000,393.17
39.24,75282.03,33.47,2436.73,9.75,0.12,0.56,-4.809,0.315,-0.352,-0.23,-9.30,-1.54,0.000000,0.000000,393.71
39.24,75334.59,33.48,2431.17,9.02,-0.50,0.48,-4.905,0.074,-0.317,0.27,-7.39,-2.89,0.000000,0.000000,394.25
39.24,75401.20,33.49,2424.12,9.09,-0.13,0.76,-4.743,0.143,-0.607,0.77,-6.92,-0.18,0.000000,0.000000,394.79
39.25,75451.39,33.49,2418.82,12.04,0.01,1.11,-4.725,0.307,-0.402,1.27,-11.21,-1.99,0.000000,0.000000,395.33
39.26,75510.58,33.47,2412.62,9.75,-0.69,0.31,-4.826,0.097,-0.278,-0.74,-7.39,-2.89,0.000000,0.000000,395.87
39.26,75566.97,33.50,2406.61,10.99,-0.23,0.82,-4.737,-0.298,-0.553,1.27,-10.25,-1.54,0.000000,0.000000,396.42
39.26,75618.44,33.50,2401.17,11.19,0.11,0.33,-4.437,-0.140,-0.185,0.77,-10.25,-3.35,0.000000,0.000000,396.95
39.26,75684.39,33.50,2394.22,10.91,-0.30,1.28,-4.354,-0.203,-0.473,-0.23,-7.87,-0.63,0.000000,0.000000,397.50
39.26,75740.00,33.51,2388.35,9.31,-1.10,0.60,-4.315,-0.535,0.192,-0.74,-7.39,-1.08,0.000000,0.000000,398.03
39.26,75803.38,33.53,2381.68,9.32,-0.26,0.56,-4.499,0.011,-1.421,0.27,-7.87,-1.99,0.000000,0.000000,398.57
39.27,75855.62,33.53,2376.18,10.16,0.87,0.48,-4.136,0.375,-0.508,2.28,-7.87,-1.08,0.000000,0.000000,399.11
39.27,75912.37,33.53,2370.21,6.86,-0.20,0.89,-3.938,0.240,-0.021,-0.23,-5.96,-1.08,0.000000,0.000000,399.65
39.27,75971.61,33.54,2363.98,13.51,0.03,2.14,-4.071,0.190,0.058,0.27,-14.07,-1.99,0.000000,0.000000,400.20
39.27,76032.44,33.54,2357.59,8.50,-1.27,0.34,-4.354,-0.208,0.052,-0.74,-7.39,-1.54,0.000000,0.000000,400.74
39.27,76088.55,33.55,2351.69,10.53,-0.42,0.57,-4.505,-0.431,-0.740,-0.23,-7.87,-2.89,0.000000,0.000000,401.28
39.29,76150.63,33.56,2345.18,11.31,0.11,0.51,-4.377,1.025,-0.893,1.27,-8.82,-1.99,0.000000,0.000000,401.82
39.28,76205.88,33.56,2339.38,9.71,-0.01,1.23,-4.456,-0.234,0.082,1.27,-9.30,-1.08,0.000000,0.000000,402.36
39.29,76260.78,33.58,2333.63,10.62,-0.39,0.71,-4.500,0.270,-0.103,-0.23,-9.30,-2.44,0.000000,0.000000,402.90
39.29,76323.38,33.57,2327.07,9.13,-0.21,0.80,-4.687,-0.043,-0.752,1.78,-7.39,-1.08,0.000000,0.000000,403.44
39.29,76377.56,33.57,2321.40,11.10,0.14,0.28,-4.546,0.161,-0.108,1.27,-9.78,-2.44,0.000000,0.000000,403.98
39.30,76440.52,33.58,2314.81,7.93,-0.31,0.65,-4.347,0.151,-0.207,0.27,-5.96,-3.35,0.000000,0.000000,404.52
39.29,76499.25,33.58,2308.67,10.98,-0.15,0.75,-4.560,-0.372,-0.269,0.77,-8.82,-2.44,0.000000,0.000000,405.06
39.30,76562.08,33.58,2302.10,10.82,-0.47,0.74,-4.449,0.307,-0.280,-0.23,-10.25,-1.99,0.000000,0.000000,405.61
39.32,76619.77,33.59,2296.08,10.08,0.02,0.95,-4.581,0.000,-0.378,0.77,-8.82,-1.54,0.000000,0.000000,406.14
39.31,76679.22,33.60,2289.87,11.18,-0.42,0.92,-4.420,0.092,-0.326,-0.23,-9.30,-2.44,0.000000,0.000000,406.69
39.31,76735.81,33.60,2283.97,9.47,-0.87,0.99,-4.333,0.252,-0.250,-0.74,-7.87,-1.99,0.000000,0.000000,407.22
39.30,76794.08,33.60,2279.28,9.81,-0.51,0.57,-4.411,-0.128,-0.038,-0.23,-8.35,-3.80,0.000000,0.000000,407.77
39.32,76845.42,33.60,2272.55,9.18,-0.73,0.69,-4.377,0.186,-0.449,-0.23,-7.87,-1.54,0.000000,0.000000,408.30
39.31,76897.28,33.61,2267.15,9.89,0.31,1.16,-3.988,0.171,0.259,1.78,-9.78,-1.08,0.000000,0.000000,408.84
39.32,76964.13,33.61,2260.19,9.37,-0.89,0.67,-4.211,-0.099,-0.166,-0.74,-7.39,-0.63,0.000000,0.000000,409.39
39.32,77020.68,33.62,2254.31,11.04,-0.07,1.04,-4.209,-0.456,-0.362,0.77,-9.30,-1.99,0.000000,0.000000,409.93
39.32,77079.86,33.62,2248.16,9.58,-0.23,0.14,-4.296,0.027,-0.793,0.77,-7.39,-1.99,0.000000,0.000000,410.47
39.33,77132.25,33.62,2242.72,10.71,0.52,0.33,-4.255,0.163,-0.615,1.78,-9.78,-2.44,0.000000,0.000000,411.01
39.33,77199.52,33.63,2235.74,9.88,0.44,0.41,-4.332,0.318,-0.642,0.77,-6.92,-3.35,0.000000,0.000000,411.55
39.34,77257.48,33.62,2229.72,14.45,0.16,1.65,-4.261,-0.128,-0.194,1.27,-12.16,-0.63,0.000000,0.000000,412.09
39.34,77316.66,33.65,2223.59,11.98,-0.85,0.54,-4.445,0.022,-0.494,0.27,-10.25,-2.44,0.000000,0.000000,412.63
39.34,77366.91,33.63,2218.38,9.54,-0.99,0.69,-4.434,-0.295,0.026,0.27,-6.44,-3.35,0.000000,0.000000,413.17
39.35,77433.15,33.65,2211.52,9.67,-0.10,0.81,-4.479,0.088,-0.378,0.77,-8.35,-1.54,0.000000,0.000000,413.71
39.35,77480.86,33.63,2206.59,10.44,-0.28,0.50,-4.595,0.061,-0.621,0.27,-9.78,-3.35,0.000000,0.000000,414.25
39.36,77537.84,33.65,2200.69,10.60,0.05,1.30,-4.510,-0.038,-0.436,1.27,-8.82,-1.08,0.000000,0.000000,414.79
39.29,77591.80,33.65,2195.12,8.98,-0.20,0.22,-4.327,0.110,-0.007,0.77,-7.39,-1.54,0.000000,0.000000,415.33
39.31,77647.75,33.66,2189.34,11.04,-0.63,0.96,-4.505,0.099,-0.523,0.27,-8.35,-3.80,0.000000,0.000000,415.87
39.32,77707.98,33.66,2183.12,8.54,0.08,0.52,-4.439,0.132,-0.476,1.27,-6.92,-1.08,0.000000,0.000000,416.41
39.32,77762.53,33.66,2177.49,8.71,0.14,0.48,-4.350,0.192,-0.432,0.77,-7.39,-1.54,0.000000,0.000000,416.95
39.33,77829.53,33.67,2170.58,9.22,-1.19,1.69,-4.144,-0.167,0.108,-1.24,-7.39,-1.54,0.000000,0.000000,417.49
39.33,77884.25,33.67,2164.94,11.12,0.33,0.29,-4.510,-0.164,-0.749,2.28,-7.87,-2.44,0.000000,0.000000,418.03
39.33,77950.64,33.67,2158.10,7.52,-0.05,0.75,-4.014,0.350,-0.536,0.77,-6.44,-2.44,0.000000,0.000000,418.57
39.35,78002.91,33.67,2152.72,8.15,0.03,0.51,-4.066,0.283,-0.226,0.27,-5.96,-5.16,0.000000,0.000000,419.11
39.37,78060.20,33.67,2146.83,9.77,-0.27,0.69,-4.061,-0.072,-0.146,1.27,-6.92,-1.08,0.000000,0.000000,419.65
39.36,78127.57,33.68,2139.90,9.23,0.13,0.77,-4.069,-0.001,-0.189,0.77,-7.87,-2.44,0.000000,0.000000,420.19
39.38,78243.86,33.71,2127.96,9.60,-0.12,0.64,-3.958,0.060,-0.302,0.27,-7.87,-1.54,0.000000,0.000000,421.27
39.37,78299.01,33.69,2122.30,9.19,-0.00,0.58,-3.932,0.328,-0.516,0.27,-8.35,-3.35,0.000000,0.000000,421.81
39.38,78364.06,33.71,2115.63,10.69,-0.05,1.04,-3.985,-0.270,0.097,0.27,-9.30,-1.08,0.000000,0.000000,422.36
39.37,78412.23,33.71,2110.69,7.86,-0.34,1.00,-3.813,0.183,0.185,0.27,-6.92,-0.63,0.000000,0.000000,422.89
39.39,78486.82,33.71,2103.05,11.56,-0.66,0.71,-4.575,-0.253,-0.846,0.27,-10.73,-2.44,0.000000,0.000000,423.44
39.39,78538.63,33.72,2097.75,10.62,-0.90,0.59,-4.338,0.192,-0.081,0.27,-8.82,-1.54,0.000000,0.000000,423.97
39.40,78594.20,33.74,2092.07,9.46,0.19,0.49,-4.441,0.264,-0.916,0.77,-8.82,-2.89,0.000000,0.000000,424.51
39.40,78657.02,33.71,2085.64,9.29,-0.42,0.49,-4.394,-0.134,-0.153,0.27,-7.39,-2.89,0.000000,0.000000,425.06
39.39,78712.69,33.72,2079.96,10.57,-0.60,1.24,-4.341,-0.049,-0.363,1.27,-8.82,-1.08,0.000000,0.000000,425.60
39.39,78774.28,33.71,2073.67,7.81,-0.13,0.25,-4.285,0.195,-0.233,0.27,-7.39,-2.89,0.000000,0.000000,426.13
39.40,78827.27,33.73,2068.26,10.56,0.06,1.03,-4.397,0.043,-0.393,0.77,-8.82,-2.89,0.000000,0.000000,426.68
39.40,78891.25,33.73,2061.73,9.85,0.67,0.92,-4.162,0.034,-0.147,1.78,-8.82,-1.08,0.000000,0.000000,427.21
39.40,78943.98,33.73,2056.36,10.38,-0.05,1.00,-4.118,0.585,-0.200,0.27,-8.82,-1.08,0.000000,0.000000,427.76
39.40,79010.55,33.74,2049.58,8.34,-0.14,1.13,-4.219,-0.103,-0.146,0.77,-5.96,-0.63,0.000000,0.000000,428.30
39.40,79064.74,33.73,2044.06,9.89,0.07,1.15,-4.209,0.108,-0.337,1.27,-7.87,-1.99,0.000000,0.000000,428.83
39.41,79131.58,33.74,2037.26,9.43,-0.56,0.44,-4.401,-0.000,-0.442,0.27,-8.35,-2.89,0.000000,0.000000,429.38
39.42,79182.72,33.73,2032.06,8.84,-0.28,0.85,-4.187,0.163,-0.114,0.77,-6.92,-0.63,0.000000,0.000000,429.92
39.42,79239.88,33.74,2026.25,9.85,-0.18,0.65,-4.375,0.073,-0.462,0.77,-8.82,-1.99,0.000000,0.000000,430.46
39.42,79309.20,33.74,2019.21,10.80,-0.69,0.20,-4.550,0.117,-0.494,0.27,-9.78,-3.35,0.000000,0.000000,431.00
39.43,79369.85,33.74,2013.05,9.27,-0.11,0.36,-4.483,0.102,-0.525,0.27,-6.44,-1.08,0.000000,0.000000,431.54
39.42,79430.55,33.76,2006.90,9.41,-0.43,0.50,-4.410,0.063,-0.049,-0.23,-9.30,-2.44,0.000000,0.000000,432.08
39.43,79490.75,33.76,2000.80,11.38,0.13,1.17,-4.505,0.464,-0.518,0.27,-9.30,-1.08,0.000000,0.000000,432.62
39.43,79560.12,33.76,1993.77,8.76,0.01,0.77,-4.652,-0.137,-0.557,1.27,-7.39,-1.08,0.000000,0.000000,433.16
39.43,79611.61,33.77,1988.56,11.34,-0.83,0.69,-4.653,0.139,-0.177,-0.23,-10.25,-2.44,0.000000,0.000000,433.70
39.44,79680.91,33.77,1981.54,9.18,-0.40,0.42,-4.694,0.185,-0.920,0.77,-7.87,-0.63,0.000000,0.000000,434.24
39.44,79740.29,33.78,1975.54,11.42,0.07,0.40,-4.674,0.302,-0.359,1.27,-8.82,-1.99,0.000000,0.000000,434.78
39.45,79794.30,33.77,1970.08,8.66,-0.22,0.64,-4.545,0.010,-0.116,0.27,-7.87,-2.89,0.000000,0.000000,435.32
39.45,79862.64,33.77,1963.18,11.90,0.31,0.83,-4.747,0.141,-0.746,2.28,-9.30,-1.08,0.000000,0.000000,435.86
39.45,79918.27,33.77,1957.57,8.71,-0.56,0.67,-4.569,0.261,-0.116,0.77,-7.87,-1.54,0.000000,0.000000,436.40
39.45,79982.13,33.78,1951.13,10.29,-0.25,1.03,-4.603,0.459,-0.407,0.27,-9.30,-2.89,0.000000,0.000000,436.94
39.45,80039.13,33.78,1945.38,7.76,-0.04,0.29,-4.835,-0.411,-0.338,1.27,-5.96,-1.99,0.000000,0.000000,437.48
39.45,80104.09,33.78,1938.84,9.41,-0.28,0.99,-4.447,0.090,-0.178,-0.74,-8.35,-1.08,0.000000,0.000000,438.02
39.47,80165.09,33.78,1932.69,9.18,-0.04,0.51,-4.629,0.395,-0.761,1.27,-7.39,-2.89,0.000000,0.000000,438.56
39.46,80226.26,33.78,1926.54,9.44,-0.42,0.88,-4.506,-0.088,0.058,0.27,-7.39,-1.08,0.000000,0.000000,439.10
39.48,80291.56,33.78,1919.97,10.55,-0.76,1.29,-4.484,-0.113,0.047,-0.74,-10.73,-1.08,0.000000,0.000000,439.64
39.47,80345.91,33.81,1914.51,10.00,-0.55,0.70,-4.806,-0.214,-0.808,0.77,-8.35,-0.63,0.000000,0.000000,440.18
39.47,80414.80,33.81,1907.59,9.58,-0.54,0.43,-4.602,-0.265,-0.157,-1.24,-8.82,-0.63,0.000000,0.000000,440.72
39.47,80466.30,33.81,1902.43,10.86,0.25,0.90,-4.353,0.394,-0.555,0.77,-10.73,-1.99,0.000000,0.000000,441.26
39.47,80539.11,33.81,1895.12,9.55,-0.28,0.58,-4.218,0.320,0.066,0.77,-6.92,-1.08,0.000000,0.000000,441.80
39.48,80599.89,33.81,1889.03,8.33,-0.36,1.31,-4.091,0.093,-0.195,-0.23,-7.39,-1.08,0.000000,0.000000,442.34
39.49,80670.93,33.81,1881.91,10.95,-0.12,0.98,-4.109,-0.205,-0.051,0.27,-9.30,-3.80,0.000000,0.000000,442.88
39.49,80729.45,33.79,1876.05,10.25,-0.38,0.54,-4.176,-0.136,-0.284,-0.23,-8.82,-1.08,0.000000,0.000000,443.42
39.49,80805.45,33.81,1868.45,10.79,-0.57,1.41,-4.016,-0.067,0.096,0.27,-9.78,-1.54,0.000000,0.000000,443.96
39.50,80862.56,33.81,1862.74,10.58,-0.57,0.64,-4.603,-0.131,-0.682,0.27,-8.82,-0.18,0.000000,0.000000,444.50
39.49,80931.25,33.82,1855.88,7.84,-0.53,0.94,-4.276,-0.449,0.042,-0.23,-5.48,-0.18,0.000000,0.000000,445.04
39.50,80993.09,33.82,1849.71,9.93,-0.47,0.11,-4.518,0.173,-0.403,0.27,-9.78,-3.80,0.000000,0.000000,445.58
39.50,81047.71,33.83,1844.26,9.08,-0.49,1.23,-4.317,-0.032,-0.113,0.77,-7.39,-0.63,0.000000,0.000000,446.12
39.51,81119.19,33.83,1837.13,10.88,-0.19,0.95,-4.382,0.178,0.091,-0.74,-9.78,-1.08,0.000000,0.000000,446.66
39.51,81172.08,33.83,1831.86,9.45,-0.03,0.60,-4.808,0.034,-0.867,0.77,-7.39,-1.99,0.000000,0.000000,447.20
39.51,81239.20,33.83,1825.17,9.11,0.62,0.45,-4.674,0.073,-0.383,1.78,-5.96,-1.54,0.000000,0.000000,447.74
39.51,81293.30,33.82,1819.79,11.15,-0.34,1.17,-4.582,0.620,-0.347,-0.23,-9.78,-1.54,0.000000,0.000000,448.28
39.52,81361.64,33.82,1812.99,9.77,-0.41,1.13,-4.569,-0.382,0.198,0.27,-6.92,-0.63,0.000000,0.000000,448.82
39.52,81421.97,33.83,1806.99,10.21,-0.43,0.30,-4.973,0.075,-0.980,0.77,-9.78,-1.99,0.000000,0.000000,449.36
39.53,81491.32,33.82,1800.10,10.23,0.13,0.97,-4.472,0.097,-0.124,0.27,-8.35,-1.99,0.000000,0.000000,449.90
39.54,81547.08,33.83,1794.57,10.53,-0.01,0.87,-4.559,0.251,-0.685,1.27,-8.35,-1.08,0.000000,0.000000,450.44
39.54,81599.97,33.83,1789.32,10.84,-0.03,0.91,-4.437,-0.125,-0.124,0.27,-9.30,-1.54,0.000000,0.000000,450.98
39.55,81671.06,33.84,1782.27,9.86,-0.51,0.46,-4.427,-0.168,-0.413,-0.23,-7.87,-3.80,0.000000,0.000000,451.52
39.54,81723.69,33.84,1777.05,12.05,-0.75,0.74,-4.211,0.119,-0.683,0.27,-11.68,-2.44,0.000000,0.000000,452.06
39.55,81787.73,33.83,1770.71,10.31,-0.02,0.61,-4.036,0.012,-0.279,-0.23,-9.78,-1.08,0.000000,0.000000,452.61
39.54,81844.33,33.83,1765.10,10.31,-0.60,0.57,-4.104,0.153,-0.723,0.27,-9.30,-2.89,0.000000,0.000000,453.14
39.55,81913.87,33.83,1758.22,9.61,-0.53,0.88,-3.853,-0.332,-0.116,0.27,-7.39,-1.54,0.000000,0.000000,453.68
39.55,81969.19,33.83,1752.75,9.37,0.11,1.12,-3.699,0.142,-0.520,0.77,-8.35,-1.99,0.000000,0.000000,454.22
39.55,82040.70,33.83,1745.69,9.76,-0.69,0.57,-3.693,-0.055,-0.282,0.27,-6.92,-0.63,0.000000,0.000000,454.76
39.55,82096.88,33.85,1740.14,11.75,-0.48,0.82,-3.665,0.024,-0.338,0.27,-11.21,-1.99,0.000000,0.000000,455.31
39.56,82156.63,33.83,1734.24,11.06,-0.27,1.33,-3.557,0.246,0.142,-0.74,-8.35,-1.08,0.000000,0.000000,455.85
39.56,82227.14,33.83,1727.29,9.12,0.10,0.85,-3.755,0.168,-0.084,0.77,-6.92,-0.63,0.000000,0.000000,456.39
39.56,82280.59,33.85,1722.02,9.18,0.11,0.23,-3.912,0.394,-0.443,0.77,-8.82,-1.99,0.000000,0.000000,456.92
39.55,82353.34,33.86,1714.85,10.30,-0.75,1.36,-4.047,0.141,-0.526,-0.23,-8.82,-1.99,0.000000,0.000000,457.47
39.55,82410.91,33.86,1709.18,9.75,-0.26,0.50,-4.119,0.387,-0.504,1.27,-7.87,-1.54,0.000000,0.000000,458.00
39.57,82479.42,33.86,1702.44,10.31,-0.52,1.01,-4.595,-0.106,-0.723,0.27,-9.78,-1.08,0.000000,0.000000,458.55
39.56,82538.08,33.87,1696.68,11.47,-0.07,1.08,-4.598,0.257,-0.286,1.27,-9.30,0.28,0.000000,0.000000,459.09
39.56,82607.52,33.87,1689.85,8.70,-0.48,0.52,-4.835,0.305,-0.332,0.27,-7.87,-1.08,0.000000,0.000000,459.62
39.57,82663.70,33.87,1684.34,10.49,-0.14,0.78,-4.997,-0.145,-0.424,0.77,-9.30,-1.99,0.000000,0.000000,460.17
39.57,82721.91,33.87,1678.62,9.13,-0.48,0.36,-4.880,0.248,-0.163,0.77,-6.92,-1.54,0.000000,0.000000,460.70
39.58,82794.27,33.86,1671.53,10.36,-0.38,0.85,-5.105,0.186,-0.926,-0.23,-9.30,-1.99,0.000000,0.000000,461.25
39.58,82848.72,33.87,1666.19,7.67,0.00,0.95,-4.767,-0.074,-0.049,0.27,-5.48,-3.80,0.000000,0.000000,461.79
39.58,82925.09,33.86,1658.71,9.62,-0.02,0.87,-4.599,0.439,-0.150,0.77,-7.87,-1.54,0.000000,0.000000,462.33
39.58,82985.95,33.86,1652.75,8.87,-0.50,0.41,-4.913,-0.254,-0.407,-0.23,-6.44,-1.99,0.000000,0.000000,462.87
39.59,83062.98,33.87,1645.21,10.26,0.67,1.04,-4.556,0.033,-0.545,2.28,-8.82,-1.08,0.000000,0.000000,463.41
39.59,83115.05,33.85,1640.12,9.28,-0.22,0.96,-4.376,0.132,0.070,0.27,-8.35,-1.54,0.000000,0.000000,463.94
39.58,83187.70,33.86,1633.02,10.08,-0.27,0.85,-4.518,0.001,-0.489,0.27,-7.87,-1.99,0.000000,0.000000,464.49
39.60,83247.92,33.85,1627.14,10.16,-0.23,0.93,-4.096,0.346,0.063,0.77,-7.87,-1.54,0.000000,0.000000,465.03
39.60,83320.19,33.87,1621.20,8.65,-0.50,0.12,-4.639,-0.537,-0.661,-0.23,-7.87,-2.44,0.000000,0.000000,465.57
39.60,83384.66,33.87,1613.81,10.43,-0.27,1.02,-4.214,0.018,-0.591,0.27,-9.30,-1.54,0.000000,0.000000,466.11
39.61,83441.21,33.87,1608.29,10.77,-0.25,1.00,-4.022,-0.272,-0.126,0.77,-9.30,-1.99,0.000000,0.000000,466.65
39.60,83506.41,33.86,1601.94,10.38,0.24,0.55,-3.963,0.615,-0.796,1.27,-9.78,-2.44,0.000000,0.000000,467.19
39.61,83571.36,33.86,1595.62,10.45,-0.23,1.05,-3.778,0.229,0.160,1.27,-8.82,-1.08,0.000000,0.000000,467.73
39.61,83638.63,33.86,1589.08,10.63,-0.63,0.91,-4.194,-0.043,-0.396,-0.23,-9.30,-1.99,0.000000,0.000000,468.27
39.62,83699.98,33.87,1583.11,11.11,0.00,0.59,-4.308,0.203,-0.721,0.77,-8.35,-2.44,0.000000,0.000000,468.81
39.62,83772.05,33.89,1576.11,9.58,-0.46,0.56,-4.431,0.314,-0.237,1.27,-6.92,-1.54,0.000000,0.000000,469.35
39.62,83830.52,33.87,1570.43,9.93,0.02,0.82,-4.801,0.284,-0.741,0.27,-8.82,-1.54,0.000000,0.000000,469.89
39.62,83899.45,33.86,1564.75,9.50,-0.57,0.68,-5.213,-0.197,-0.441,-0.23,-6.92,-1.54,0.000000,0.000000,470.43
39.63,83955.85,33.87,1558.28,11.06,-0.12,0.32,-5.380,0.275,-0.822,-0.23,-9.30,-1.99,0.000000,0.000000,470.97
39.63,84016.72,33.86,1552.38,9.59,0.03,1.24,-5.189,0.746,-0.291,0.27,-6.92,-2.44,0.000000,0.000000,471.51
39.62,84082.31,33.88,1546.02,9.09,-0.89,0.59,-5.958,-0.068,-0.256,0.27,-7.39,-0.63,0.000000,0.000000,472.05
39.63,84141.77,33.88,1540.27,10.48,-0.70,0.55,-6.296,-0.186,-1.035,-0.74,-8.35,-1.99,0.000000,0.000000,472.59
39.63,84213.33,33.88,1533.34,10.50,-0.04,0.80,-5.620,-0.133,-0.021,0.77,-8.35,-1.99,0.000000,0.000000,473.15
39.63,84263.53,33.88,1528.49,10.12,-0.53,0.56,-5.343,0.424,0.261,0.27,-7.87,-3.35,0.000000,0.000000,473.68
39.63,84342.16,33.88,1520.89,9.73,-0.07,0.70,-5.472,-0.172,-0.980,1.27,-7.87,-1.54,0.000000,0.000000,474.23
39.63,84394.45,33.90,1515.84,8.66,-0.20,0.24,-5.159,-0.313,-0.340,0.27,-6.92,-2.44,0.000000,0.000000,474.77
39.63,84467.73,33.89,1508.77,9.36,-0.17,0.29,-4.991,-0.010,-0.684,0.77,-8.35,-2.89,0.000000,0.000000,475.31
39.64,84530.52,33.88,1502.72,9.07,0.31,0.48,-4.873,0.362,-0.816,2.28,-6.92,-1.54,0.000000,0.000000,475.84
39.64,84595.55,33.86,1496.45,8.70,-0.09,0.42,-4.829,-0.301,-0.708,0.27,-7.87,-1.54,0.000000,0.000000,476.39
39.64,84656.11,33.88,1490.61,11.17,-0.70,0.62,-4.669,-0.585,-0.619,0.27,-9.78,-2.44,0.000000,0.000000,476.93
39.63,84714.61,33.87,1484.98,11.65,-0.03,0.63,-4.483,0.131,-0.840,0.27,-9.78,-2.89,0.000000,0.000000,477.47
39.67,84787.98,33.87,1477.92,9.70,-0.27,0.68,-4.247,-0.047,-0.202,0.27,-8.82,-2.44,0.000000,0.000000,478.01
39.67,84853.52,33.87,1471.62,10.53,-0.84,1.44,-4.062,0.026,-0.438,0.27,-8.35,-0.63,0.000000,0.000000,478.55
39.67,84919.08,33.88,1465.32,10.41,-0.71,1.09,-3.821,-0.068,-0.138,-0.23,-9.30,-1.08,0.000000,0.000000,479.09
39.67,84976.88,33.87,1459.77,11.73,-0.64,0.97,-3.970,-0.420,-0.321,0.27,-10.25,-2.89,0.000000,0.000000,479.63
39.68,85051.56,33.87,1452.60,11.63,-0.27,0.63,-3.980,0.378,-1.125,2.28,-9.30,-1.99,0.000000,0.000000,480.17
39.69,85113.13,33.88,1446.70,9.88,0.30,0.66,-3.684,0.400,-0.046,1.78,-8.35,-3.35,0.000000,0.000000,480.71
39.67,85180.98,33.87,1440.20,8.00,0.63,0.73,-3.871,1.060,-0.614,1.78,-6.44,-2.44,0.000000,0.000000,481.25
39.69,85246.48,33.87,1433.92,11.08,-0.55,1.16,-4.671,-0.044,0.091,0.77,-9.30,-1.08,0.000000,0.000000,481.79
39.69,85312.21,33.89,1427.73,9.06,-0.65,0.92,-4.851,-0.064,-0.410,-0.23,-7.87,-1.99,0.000000,0.000000,482.33
39.70,85372.61,33.87,1421.85,8.26,-0.41,0.13,-5.340,-0.309,-0.905,0.77,-6.92,-1.54,0.000000,0.000000,482.87
39.69,85429.73,33.87,1416.39,11.71,0.24,0.31,-5.329,0.862,-1.110,0.27,-9.78,-2.89,0.000000,0.000000,483.41
39.70,85504.28,33.87,1409.27,11.15,-0.04,0.97,-5.254,0.361,0.231,1.27,-10.73,-1.54,0.000000,0.000000,483.95
39.70,85556.22,33.88,1404.30,10.09,-1.31,0.65,-6.058,-0.299,-0.331,-0.23,-8.82,-2.89,0.000000,0.000000,484.50
39.70,85626.63,33.88,1397.58,10.47,0.01,0.40,-5.986,0.004,-0.893,0.77,-8.82,-2.44,0.000000,0.000000,485.03
39.70,85680.98,33.87,1392.40,9.85,-0.28,0.40,-5.542,0.156,0.001,-0.23,-8.35,-3.80,0.000000,0.000000,485.57
39.71,85753.09,33.87,1385.53,9.82,-1.17,0.81,-5.742,-0.078,-0.644,-0.23,-7.39,-1.08,0.000000,0.000000,486.11
39.71,85810.39,33.87,1380.07,9.63,-0.65,0.63,-5.504,-0.159,-0.589,-0.23,-8.35,-3.35,0.000000,0.000000,486.66
39.61,85864.89,33.86,1374.88,10.22,-0.20,0.91,-5.007,0.442,-0.152,0.27,-7.87,-3.80,0.000000,0.000000,487.19
39.63,85923.19,33.86,1369.33,9.81,-0.16,0.17,-5.370,-0.385,-0.759,0.77,-6.92,-1.99,0.000000,0.000000,487.73
39.64,85985.13,33.86,1363.44,11.78,-0.13,0.59,-5.077,0.276,-0.815,1.78,-10.25,-1.54,0.000000,0.000000,488.30
39.68,86053.77,33.86,1356.91,9.92,0.00,0.15,-5.264,0.039,-1.142,0.77,-8.35,-1.99,0.000000,0.000000,488.81
39.67,86109.19,33.84,1351.65,9.35,0.41,0.49,-5.092,0.167,-0.659,0.77,-8.35,-1.99,0.000000,0.000000,489.35
39.68,86175.09,33.87,1345.39,10.09,0.26,0.47,-5.019,0.708,-0.452,1.27,-7.87,-1.08,0.000000,0.000000,489.90
39.68,86232.74,33.86,1339.92,10.63,-0.32,0.67,-5.600,0.454,-0.969,1.27,-8.82,-1.99,0.000000,0.000000,490.44
39.68,86294.37,33.85,1334.07,9.77,-0.32,0.66,-5.805,-0.129,-0.872,0.27,-7.87,-1.99,0.000000,0.000000,490.98
39.69,86350.09,33.87,1328.79,9.28,0.33,0.89,-5.237,0.673,-0.080,1.78,-7.39,-2.44,0.000000,0.000000,491.51
39.70,86423.64,33.86,1321.82,10.08,-0.86,0.73,-5.811,0.099,-0.652,-0.23,-8.35,-1.08,0.000000,0.000000,492.06
39.70,86478.68,33.84,1316.61,8.97,-0.41,-0.08,-6.102,-0.049,-1.121,0.27,-7.87,-2.44,0.000000,0.000000,492.60
39.71,86531.50,33.85,1311.61,8.63,0.14,0.53,-5.435,0.093,-0.320,0.77,-5.96,-1.08,0.000000,0.000000,493.14
39.71,86599.88,33.86,1305.15,9.89,-0.05,1.08,-5.023,0.345,0.091,0.77,-7.87,-0.63,0.000000,0.000000,493.68
39.70,86653.91,33.84,1300.04,8.79,-0.77,0.74,-5.098,0.311,-0.232,-0.23,-6.92,-1.54,0.000000,0.000000,494.22
39.70,86723.64,33.84,1293.45,9.20,-0.44,0.67,-5.232,-0.816,-0.291,0.27,-6.92,-1.54,0.000000,0.000000,494.76
39.70,86772.33,33.84,1288.86,10.78,-1.05,0.54,-4.723,0.500,-0.292,-0.74,-9.78,-2.44,0.000000,0.000000,495.30
39.73,86846.02,33.85,1281.90,9.52,0.07,0.30,-4.950,-0.445,-0.964,1.27,-7.39,-5.16,0.000000,0.000000,495.84
39.72,86895.74,33.85,1277.21,9.51,-0.31,0.42,-4.415,0.253,-0.305,1.27,-7.39,-1.99,0.000000,0.000000,496.38
39.72,86959.44,33.83,1271.21,8.93,0.14,0.36,-4.242,0.627,-1.141,0.77,-7.87,-1.99,0.000000,0.000000,496.92
39.72,87016.77,33.83,1265.81,10.16,0.45,0.81,-3.816,0.441,0.300,0.77,-8.82,-2.89,0.000000,0.000000,497.46
39.73,87070.11,33.83,1260.79,8.44,-0.28,0.99,-3.696,0.424,0.010,0.77,-7.39,-1.54,0.000000,0.000000,498.00
39.74,87142.79,33.84,1253.95,8.94,-0.34,1.28,-3.719,0.148,0.042,-0.23,-9.30,-2.89,0.000000,0.000000,498.54
39.74,87198.73,33.83,1248.69,9.73,-0.29,1.21,-3.651,0.144,0.048,0.27,-7.39,-1.54,0.000000,0.000000,499.09
39.74,87260.89,33.84,1242.84,9.42,-0.48,0.99,-3.625,0.245,0.103,0.27,-7.39,-2.44,0.000000,0.000000,499.63
39.73,87315.79,33.84,1237.69,9.10,-0.46,1.00,-3.981,-0.082,-0.612,0.77,-5.96,-0.18,0.000000,0.000000,500.17
39.74,87385.38,33.83,1231.15,8.90,-0.03,0.71,-3.593,0.674,0.020,0.27,-7.39,-1.54,0.000000,0.000000,500.71
39.74,87437.17,33.85,1226.29,10.32,-0.58,1.12,-4.248,-0.253,-0.957,0.77,-8.82,0.28,0.000000,0.000000,501.25
39.73,87508.31,33.84,1219.62,8.96,-0.07,0.66,-4.103,0.002,-0.485,1.27,-6.92,-1.54,0.000000,0.000000,501.79
39.74,87567.20,33.84,1214.10,10.49,-0.72,0.87,-4.320,0.245,-0.831,-0.23,-8.82,-1.99,0.000000,0.000000,502.33
39.74,87636.09,33.83,1207.65,10.91,-0.58,0.42,-4.621,-0.537,-0.923,0.27,-9.30,-1.54,0.000000,0.000000,502.87
39.75,87687.77,33.84,1202.81,9.51,-0.10,0.19,-4.504,0.321,-0.977,0.77,-7.39,-1.99,0.000000,0.000000,503.41
39.75,87747.86,33.83,1197.19,10.42,-0.07,0.45,-4.574,0.244,-1.079,1.78,-8.82,-3.80,0.000000,0.000000,503.95
39.75,87810.55,33.84,1191.33,9.20,-0.06,0.29,-4.696,0.010,-0.851,1.27,-6.44,-1.08,0.000000,0.000000,504.49
39.75,87867.19,33.83,1186.03,9.61,-0.08,0.75,-4.508,0.226,-0.771,0.77,-8.35,-1.99,0.000000,0.000000,505.03
39.76,87928.15,33.83,1180.34,10.00,-0.47,1.11,-4.512,-0.053,-0.378,0.77,-8.35,-3.35,0.000000,0.000000,505.57
39.77,87987.75,33.83,1174.77,11.35,-0.21,0.98,-4.690,0.141,-0.770,-0.23,-9.30,-1.08,0.000000,0.000000,506.11
39.78,88050.45,33.83,1168.92,10.75,-0.32,0.38,-4.997,-0.396,-1.040,0.27,-8.82,-2.44,0.000000,0.000000,506.65
39.78,88104.69,33.82,1163.86,9.98,-0.14,0.42,-4.789,0.220,-0.737,1.78,-7.87,-1.08,0.000000,0.000000,507.19
39.78,88220.58,33.79,1153.06,8.54,0.20,0.31,-4.999,0.150,-0.874,1.27,-6.44,-2.89,0.000000,0.000000,508.27
39.78,88272.56,33.80,1148.22,9.23,-0.34,0.17,-5.078,0.349,-0.963,1.27,-7.39,-1.99,0.000000,0.000000,508.81
39.79,88334.23,33.79,1142.48,9.37,-0.13,0.72,-4.827,0.477,-0.131,0.27,-9.30,-1.54,0.000000,0.000000,509.35
39.80,88389.91,33.79,1137.31,8.91,-0.19,0.41,-5.223,0.450,-0.542,1.27,-6.92,-1.08,0.000000,0.000000,509.89
39.80,88450.36,33.78,1131.69,10.24,-0.57,0.48,-5.442,-0.262,-0.534,0.27,-9.30,-1.99,0.000000,0.000000,510.43
39.80,88500.12,33.79,1127.06,9.73,-0.52,0.59,-5.226,0.328,-0.420,0.27,-7.39,-3.80,0.000000,0.000000,510.97
39.80,88561.25,33.78,1121.39,10.22,0.25,0.38,-5.310,0.260,-0.738,1.27,-8.35,-1.99,0.000000,0.000000,511.51
39.80,88619.83,33.79,1115.95,9.65,-0.23,0.70,-4.975,0.368,-0.050,-0.23,-8.35,-1.54,0.000000,0.000000,512.05
39.79,88674.37,33.81,1110.92,10.12,-0.53,0.96,-5.094,0.045,-0.264,0.27,-8.35,-0.63,0.000000,0.000000,512.59
39.81,88729.02,33.77,1105.82,10.96,-0.02,0.61,-5.023,0.084,-0.619,-0.74,-9.30,-1.54,0.000000,0.000000,513.13
39.81,88777.39,33.77,1101.34,9.34,-0.22,0.88,-4.606,0.076,-0.170,0.27,-7.87,-2.89,0.000000,0.000000,513.67
39.81,88837.16,33.77,1095.80,9.99,-0.10,0.57,-4.643,0.022,-0.825,0.77,-8.35,-1.08,0.000000,0.000000,514.21
39.80,88882.59,33.77,1091.59,9.87,-0.56,0.89,-4.340,-0.313,-0.043,0.27,-9.30,-2.44,0.000000,0.000000,514.75
39.81,88947.73,33.77,1085.56,11.58,0.09,1.21,-4.149,0.385,-0.577,1.27,-9.30,-1.99,0.000000,0.000000,515.29
39.82,88993.02,33.76,1081.38,9.96,-0.05,0.79,-4.073,0.226,-0.331,0.77,-8.35,-2.44,0.000000,0.000000,515.83
39.82,89051.23,33.75,1075.99,9.45,-0.24,1.17,-3.955,0.124,-0.059,0.77,-7.39,-2.89,0.000000,0.000000,516.37
39.82,89105.85,33.75,1070.95,9.59,-0.18,0.58,-4.105,0.138,-0.508,0.77,-8.35,-1.54,0.000000,0.000000,516.91
39.82,89158.70,33.74,1066.06,10.41,-0.58,1.17,-4.125,0.227,-0.340,-0.23,-9.30,-1.99,0.000000,0.000000,517.46
39.80,89217.41,33.76,1060.65,10.29,-0.15,0.74,-4.288,0.204,-0.764,0.77,-8.82,-3.35,0.000000,0.000000,517.99
39.83,89274.00,33.75,1055.42,9.42,-0.31,0.61,-4.394,0.213,-0.577,0.27,-7.39,-1.99,0.000000,0.000000,518.53
39.83,89333.93,33.75,1049.90,9.48,-0.31,0.48,-4.543,0.115,-0.704,0.77,-7.39,-3.35,0.000000,0.000000,519.07
39.83,89381.80,33.77,1045.48,9.68,0.25,0.43,-4.518,0.619,-0.626,1.78,-7.87,-0.63,0.000000,0.000000,519.61
39.83,89442.28,33.75,1039.91,9.12,-0.55,0.64,-4.681,0.372,-0.419,0.77,-7.87,-3.35,0.000000,0.000000,520.15
39.82,89490.96,33.75,1035.43,10.19,0.02,0.62,-4.806,0.223,-0.567,1.27,-8.35,-1.08,0.000000,0.000000,520.70
39.82,89547.13,33.76,1030.26,10.70,-0.54,0.29,-5.041,0.369,-0.747,0.77,-8.82,-1.99,0.000000,0.000000,521.24
39.84,89604.73,33.73,1024.96,10.08,-0.08,0.76,-5.029,0.189,-0.747,0.27,-10.25,-2.89,0.000000,0.000000,521.78
39.84,89664.18,33.69,1020.42,9.69,-0.11,0.36,-4.902,0.264,-0.348,0.77,-6.92,-0.18,0.000000,0.000000,522.31
39.85,89715.39,33.73,1014.79,10.02,-0.37,0.80,-4.784,0.386,-0.424,0.27,-8.82,-2.44,0.000000,0.000000,522.85
39.85,89766.20,33.72,1010.12,10.09,0.24,0.36,-4.946,0.283,-0.826,1.78,-8.35,-3.35,0.000000,0.000000,523.39
39.85,89828.25,33.72,1004.42,10.58,-0.47,0.63,-4.806,-0.352,-0.217,0.27,-9.30,-1.99,0.000000,0.000000,523.94
39.85,89882.02,33.72,999.49,9.30,-0.62,0.44,-4.640,-0.094,-0.471,-0.23,-8.35,-4.25,0.000000,0.000000,524.48
39.87,89948.78,33.72,993.37,10.25,-0.43,0.98,-4.337,-0.437,-0.503,1.27,-8.35,-0.63,0.000000,0.000000,525.02
39.86,90008.91,33.72,987.86,9.73,-0.23,0.85,-3.969,0.110,-0.313,0.27,-7.87,-1.54,0.000000,0.000000,525.55
39.87,90071.32,33.73,982.14,10.02,-0.05,0.96,-3.836,-0.230,-0.518,0.77,-9.30,-1.99,0.000000,0.000000,526.10
39.86,90121.57,33.71,977.54,9.96,-0.99,0.30,-3.550,-0.305,0.253,-0.23,-8.35,-1.99,0.000000,0.000000,526.64
39.86,90187.06,33.72,972.62,8.49,-0.96,0.55,-3.785,-0.864,-0.315,-0.23,-6.92,-2.89,0.000000,0.000000,527.18
39.86,90239.98,33.71,966.70,10.22,-0.52,0.55,-3.657,-0.245,-0.065,0.27,-7.39,-1.99,0.000000,0.000000,527.72
39.87,90289.95,33.70,962.14,8.52,-0.31,0.74,-3.509,0.108,-0.506,0.77,-7.39,-1.54,0.000000,0.000000,528.26
39.87,90350.81,33.68,956.57,9.66,0.46,0.42,-3.408,0.423,-0.379,1.27,-7.39,-1.99,0.000000,0.000000,528.79
39.86,90400.70,33.70,952.02,7.92,-0.18,0.75,-3.152,0.534,0.110,0.27,-6.44,-1.54,0.000000,0.000000,529.33
39.87,90467.84,33.70,945.89,11.03,-0.06,1.12,-3.244,0.028,0.002,0.77,-11.68,-1.54,0.000000,0.000000,529.88
39.86,90523.29,33.70,940.83,8.63,-0.27,0.77,-3.302,-0.361,-0.060,1.27,-6.44,-1.54,0.000000,0.000000,530.42
39.89,90593.94,33.70,934.39,10.30,-0.73,0.40,-3.611,-0.793,-0.457,0.27,-8.82,-2.44,0.000000,0.000000,530.96
39.88,90649.06,33.70,929.36,9.16,-0.38,0.43,-3.795,0.050,-1.451,0.77,-8.35,-2.89,0.000000,0.000000,531.50
39.89,90713.55,33.72,923.49,10.22,0.36,0.20,-3.978,0.305,-1.278,0.77,-8.35,-2.44,0.000000,0.000000,532.04
39.89,90777.20,33.70,917.70,9.71,0.31,0.71,-3.987,0.678,-0.779,1.27,-8.82,-2.44,0.000000,0.000000,532.57
39.88,90831.09,33.70,912.79,8.85,0.01,1.29,-4.009,0.336,-0.167,0.77,-7.39,-0.18,0.000000,0.000000,533.12
39.89,90896.30,33.69,906.86,10.03,-0.74,1.10,-4.256,-0.014,-0.104,-0.74,-9.30,-1.08,0.000000,0.000000,533.66
39.90,90954.63,33.69,901.56,10.16,-0.56,0.69,-4.604,-0.257,-0.816,0.27,-7.87,-1.99,0.000000,0.000000,534.20
39.89,91015.13,33.70,896.07,9.03,-0.02,0.25,-4.626,0.318,-1.084,0.77,-7.39,-1.99,0.000000,0.000000,534.74
39.90,91075.16,33.69,890.62,9.92,-0.15,0.93,-4.396,0.471,-0.299,0.27,-7.87,-2.44,0.000000,0.000000,535.28
39.90,91144.86,33.67,884.29,9.62,-0.53,0.85,-4.757,-0.010,-0.401,0.77,-7.39,-1.08,0.000000,0.000000,535.82
39.90,91197.59,33.69,879.51,11.19,-0.49,0.68,-5.108,-0.028,-0.755,-0.23,-10.25,-2.44,0.000000,0.000000,536.36
39.89,91248.32,33.71,874.91,11.57,0.14,0.38,-5.103,0.370,-0.998,1.78,-9.78,-3.80,0.000000,0.000000,536.90
39.92,91322.01,33.68,868.23,10.88,0.20,1.28,-4.901,0.473,-0.407,0.77,-8.82,-1.08,0.000000,0.000000,537.44
39.92,91373.69,33.68,863.55,9.87,-0.42,0.66,-4.952,0.317,-0.173,0.77,-8.82,-2.44,0.000000,0.000000,537.98
39.92,91448.96,33.67,856.74,8.85,-0.29,0.27,-5.197,0.309,-0.623,0.77,-6.92,-1.08,0.000000,0.000000,538.52
39.92,91502.17,33.67,851.93,9.23,0.30,0.62,-4.938,0.344,-0.242,0.27,-8.35,-1.99,0.000000,0.000000,539.06
39.92,91568.59,33.65,845.93,8.98,-0.54,0.80,-4.858,-0.116,-0.143,-0.23,-6.92,-3.80,0.000000,0.000000,539.60
39.91,91622.84,33.65,841.03,10.92,-0.01,1.11,-4.623,0.050,-0.510,1.27,-8.82,-1.08,0.000000,0.000000,540.14
39.92,91695.55,33.65,834.46,10.43,-1.21,0.76,-4.328,-0.405,-0.062,0.27,-9.30,-1.08,0.000000,0.000000,540.68
39.93,91751.42,33.65,829.42,9.21,-0.77,0.68,-4.079,-0.351,-0.066,-0.23,-6.92,-0.63,0.000000,0.000000,541.22
39.93,91809.36,33.65,824.19,10.90,-0.54,0.23,-4.183,-0.330,-0.890,-0.74,-9.78,-2.89,0.000000,0.000000,541.76
39.93,91882.03,33.65,817.64,10.46,0.28,0.52,-3.702,0.201,-0.546,1.78,-8.35,-3.80,0.000000,0.000000,542.30
39.93,91942.06,33.65,812.23,8.19,-0.22,1.11,-3.201,0.329,-0.032,0.77,-6.92,-0.63,0.000000,0.000000,542.84
39.93,92005.86,33.65,806.49,10.31,-1.31,0.83,-3.533,-0.655,-0.067,-0.74,-10.25,-1.99,0.000000,0.000000,543.38
39.94,92061.83,33.66,801.45,8.17,-0.52,1.16,-3.358,-0.009,-0.079,0.27,-6.44,-0.18,0.000000,0.000000,543.92
39.94,92133.25,33.66,795.03,9.41,-0.40,0.52,-3.776,-0.190,-0.401,0.27,-8.35,-1.99,0.000000,0.000000,544.46
39.94,92185.96,33.65,790.29,10.82,-0.74,0.93,-3.872,-0.411,-0.736,-0.23,-9.30,-4.71,0.000000,0.000000,545.00
39.95,92253.89,33.67,784.18,8.80,-0.26,0.40,-3.786,-0.159,-0.217,-0.23,-7.39,-1.08,0.000000,0.000000,545.54
39.94,92307.95,33.66,779.33,10.25,-0.50,0.25,-4.104,-0.132,-1.220,0.27,-8.82,-4.25,0.000000,0.000000,546.08
39.95,92365.23,33.64,774.19,9.87,0.32,0.57,-3.730,0.935,-0.372,1.27,-7.39,-1.08,0.000000,0.000000,546.62
39.95,92441.92,33.64,767.31,9.31,0.15,0.83,-3.882,0.385,-0.392,0.27,-7.39,-1.54,0.000000,0.000000,547.16
39.96,92498.69,33.66,762.22,9.81,-0.99,0.16,-4.400,-0.209,-1.046,-0.74,-8.35,-3.80,0.000000,0.000000,547.70
39.96,92572.42,33.65,755.61,11.15,0.15,0.48,-4.393,-0.304,-0.843,1.27,-10.25,-2.89,0.000000,0.000000,548.24
39.97,92634.06,33.65,750.09,12.34,0.51,0.14,-4.856,0.219,-1.305,0.77,-12.16,-3.35,0.000000,0.000000,548.78
39.97,92701.53,33.63,744.05,10.83,0.48,0.90,-4.609,0.295,-0.380,2.28,-8.35,-1.08,0.000000,0.000000,549.32
39.96,92759.27,33.65,738.89,9.74,0.04,0.81,-4.555,0.520,-0.306,0.27,-8.35,-1.99,0.000000,0.000000,549.86
39.97,92834.41,33.63,732.17,9.50,0.08,0.43,-4.740,-0.032,-0.484,1.27,-7.87,-4.25,0.000000,0.000000,550.40
39.97,92890.45,33.63,727.16,8.37,-0.08,0.01,-4.844,0.575,-0.807,0.27,-6.44,-1.99,0.000000,0.000000,550.94
39.97,92947.19,33.62,722.10,8.94,-0.43,0.52,-4.967,0.043,-0.531,-0.23,-8.35,-2.44,0.000000,0.000000,551.48
39.97,93015.53,33.62,716.00,9.40,-0.37,0.58,-4.596,-0.159,0.014,0.77,-6.92,-0.63,0.000000,0.000000,552.02
39.97,93072.08,33.62,710.95,11.34,-0.32,0.56,-4.511,0.045,-0.723,0.27,-10.73,-2.89,0.000000,0.000000,552.56
39.97,93139.75,33.61,704.92,10.36,0.29,0.32,-4.371,0.767,-0.951,1.78,-8.35,-3.35,0.000000,0.000000,553.10
39.96,93187.98,33.61,700.62,11.01,0.36,0.83,-4.249,0.874,-0.212,1.27,-9.78,-1.08,0.000000,0.000000,553.64
39.98,93260.27,33.60,694.18,11.89,-0.08,1.04,-4.385,0.402,-0.349,0.77,-10.73,-1.54,0.000000,0.000000,554.19
39.98,93315.29,33.60,689.28,9.65,-0.30,1.13,-4.263,0.220,-0.114,0.27,-7.87,-0.63,0.000000,0.000000,554.72
39.99,93379.61,33.60,683.56,9.93,-0.12,0.51,-4.371,0.339,-0.539,0.77,-8.82,-2.44,0.000000,0.000000,555.26
39.98,93434.36,33.60,678.69,9.77,-0.39,0.94,-4.425,0.418,-0.509,0.27,-8.82,-2.44,0.000000,0.000000,555.83
39.99,93482.83,33.60,674.38,9.70,-0.33,0.94,-4.570,0.243,-0.541,1.27,-7.87,-1.99,0.000000,0.000000,556.36
40.00,93542.88,33.59,669.05,9.11,-0.17,0.64,-4.481,0.473,-0.420,0.77,-8.82,-3.35,0.000000,0.000000,556.88
40.02,93601.02,33.59,663.88,11.04,-0.15,0.86,-4.505,0.388,-0.369,1.27,-8.82,-1.08,0.000000,0.000000,557.42
40.03,93665.70,33.59,658.14,10.41,-0.15,0.54,-4.516,0.363,-0.612,0.27,-8.35,-1.99,0.000000,0.000000,557.97
40.04,93718.36,33.59,653.47,11.39,-0.25,1.12,-4.500,0.290,-0.576,-0.23,-9.30,-3.35,0.000000,0.000000,558.51
40.03,93773.02,33.58,648.63,10.23,0.34,0.43,-4.482,0.830,-0.768,0.77,-8.35,-1.99,0.000000,0.000000,559.04
40.02,93817.34,33.58,644.70,8.74,0.31,0.75,-4.401,0.600,0.014,0.27,-6.92,-4.25,0.000000,0.000000,559.58
40.02,93877.33,33.58,639.38,10.21,-0.73,0.81,-4.893,0.052,-0.523,0.27,-8.82,-1.08,0.000000,0.000000,560.13
40.03,93925.24,33.58,635.14,10.55,-0.28,0.69,-4.861,0.191,-0.473,-0.23,-9.30,-2.44,0.000000,0.000000,560.67
40.04,93976.06,33.57,630.64,11.09,0.10,0.51,-4.771,0.472,-0.632,1.27,-8.82,-2.44,0.000000,0.000000,561.21
40.04,94037.92,33.57,625.17,10.45,0.08,0.77,-4.632,0.423,-0.509,0.27,-8.82,-1.54,0.000000,0.000000,561.75
40.04,94085.17,33.57,620.99,9.34,0.22,0.38,-4.493,0.262,-0.319,0.27,-7.87,-2.44,0.000000,0.000000,562.28
40.04,94139.18,33.56,616.22,9.50,-0.45,0.75,-4.267,0.399,-0.154,0.27,-7.87,-1.99,0.000000,0.000000,562.83
40.05,94191.33,33.56,611.61,10.12,-0.32,0.96,-4.260,0.189,-0.347,-0.23,-8.35,-1.08,0.000000,0.000000,563.37
40.05,94254.19,33.56,606.06,11.15,-0.73,1.01,-4.207,0.110,-0.258,-0.23,-9.30,-1.08,0.000000,0.000000,563.91
40.05,94310.13,33.55,601.12,10.97,-0.52,0.85,-4.324,-0.092,-0.554,-0.23,-10.25,-2.89,0.000000,0.000000,564.45
40.06,94369.85,33.54,595.86,11.21,0.12,0.47,-4.246,0.519,-0.806,1.27,-9.30,-6.06,0.000000,0.000000,564.99
40.06,94421.03,33.55,591.34,10.10,-0.05,0.58,-4.262,0.510,-0.651,0.77,-8.35,-2.89,0.000000,0.000000,565.53
40.06,94473.82,33.55,586.69,10.03,0.18,0.56,-4.340,0.282,-0.546,0.77,-7.39,-1.99,0.000000,0.000000,566.07
40.06,94530.25,33.55,581.72,8.59,-0.11,0.44,-4.439,0.512,-0.645,0.77,-5.96,-1.08,0.000000,0.000000,566.61
40.06,94582.53,33.54,577.12,10.63,-0.34,0.44,-4.678,-0.114,-0.710,0.27,-8.35,-3.80,0.000000,0.000000,567.15
40.07,94649.02,33.55,571.27,9.54,0.15,0.27,-4.533,0.725,-0.725,0.77,-7.39,-4.25,0.000000,0.000000,567.69
40.07,94696.45,33.55,567.09,9.59,0.00,0.82,-4.551,0.428,-0.670,0.77,-7.39,-1.08,0.000000,0.000000,568.23
40.07,94762.17,33.55,561.31,10.86,-0.00,0.00,-4.951,0.180,-0.810,1.27,-10.25,-4.25,0.000000,0.000000,568.77
40.07,94814.86,33.55,556.68,8.74,0.02,1.27,-4.487,0.527,-0.347,0.77,-6.44,-0.63,0.000000,0.000000,569.31
40.08,94883.14,33.55,551.78,9.64,-0.21,1.23,-4.375,-0.029,0.502,-0.23,-8.82,-1.99,0.000000,0.000000,569.85
40.08,94937.99,33.55,545.87,9.57,-0.27,0.89,-4.611,0.594,-0.961,-0.23,-8.82,-1.99,0.000000,0.000000,570.40
40.08,94992.70,33.54,541.07,11.36,-0.23,0.49,-4.643,-0.083,-0.165,0.77,-10.73,-4.71,0.000000,0.000000,570.94
40.08,95058.03,33.54,535.34,9.32,-0.33,0.74,-4.496,0.472,-0.792,0.77,-7.39,-0.63,0.000000,0.000000,571.48
40.08,95115.00,33.54,530.35,6.32,0.16,0.52,-3.918,0.609,0.152,0.77,-5.01,-1.54,0.000000,0.000000,572.01
38.63,95334.78,38.03,511.11,9.52,1.03,2.28,-0.017,-0.058,-0.017,1.78,-9.78,-1.08,0.000000,0.000000,248.39
38.63,95334.78,38.03,511.11,9.52,1.03,2.28,-0.017,-0.058,-0.017,1.78,-9.78,-1.08,0.000000,0.000000,248.39
37.87,95329.81,38.90,511.54,9.54,1.02,2.27,-0.018,-0.060,-0.019,1.27,-9.78,-1.54,0.000000,0.000000,143.02
37.84,95344.73,39.01,510.24,9.53,1.02,2.26,-0.017,-0.059,-0.018,1.78,-7.87,0.28,0.000000,0.000000,127.91
37.50,95334.82,39.25,511.10,9.53,1.04,2.23,-0.020,-0.058,-0.018,1.27,-8.35,-1.08,0.000000,0.000000,94.38
37.64,95335.89,39.12,511.01,9.52,1.02,2.29,-0.018,-0.058,-0.017,1.27,-7.39,-0.63,0.000000,0.000000,113.29
37.80,95332.70,38.95,511.29,9.54,1.03,2.24,-0.017,-0.060,-0.019,2.28,-9.30,-0.18,0.000000,0.000000,135.46
37.95,95332.65,38.80,511.29,9.53,1.04,2.28,-0.017,-0.059,-0.018,1.78,-8.82,-0.18,0.000000,0.000000,154.37
38.63,95334.78,38.03,511.11,9.52,1.03,2.28,-0.017,-0.058,-0.017,1.78,-9.78,-1.08,0.000000,0.000000,248.39
38.63,95334.78,38.03,511.11,9.52,1.03,2.28,-0.017,-0.058,-0.017,1.78,-9.78,-1.08,0.000000,0.000000,248.39
38.63,95334.78,38.03,511.11,9.52,1.03,2.28,-0.017,-0.058,-0.017,1.78,-9.78,-1.08,0.000000,0.000000,248.39
38.73,95348.22,38.03,509.93,9.54,1.03,2.25,-0.018,-0.059,-0.018,0.77,-7.87,-2.44,0.000000,0.000000,248.93
38.75,95351.14,37.99,509.68,9.54,1.01,2.25,-0.018,-0.058,-0.017,2.28,-9.30,-1.08,0.000000,0.000000,252.71
38.63,95334.78,38.03,511.11,9.52,1.03,2.28,-0.017,-0.058,-0.017,1.78,-9.78,-1.08,0.000000,0.000000,248.39
38.73,95348.22,38.03,509.93,9.54,1.03,2.25,-0.018,-0.059,-0.018,0.77,-7.87,-2.44,0.000000,0.000000,248.93
38.75,95351.14,37.99,509.68,9.54,1.01,2.25,-0.018,-0.058,-0.017,2.28,-9.30,-1.08,0.000000,0.000000,252.71
38.66,95332.68,37.98,511.29,9.55,1.02,2.29,-0.019,-0.059,-0.018,2.28,-8.35,-0.18,0.000000,0.000000,253.25
38.75,95346.19,37.97,510.11,9.55,1.04,2.28,-0.018,-0.059,-0.019,2.28,-8.35,-0.18,0.000000,0.000000,253.79
38.67,95337.13,37.99,510.90,9.56,1.01,2.26,-0.019,-0.059,-0.018,1.27,-9.30,-1.54,0.000000,0.000000,254.33
38.76,95349.95,37.97,509.78,9.53,1.02,2.27,-0.017,-0.059,-0.018,1.78,-7.39,-3.80,0.000000,0.000000,254.88
38.68,95334.61,37.98,511.12,9.53,1.02,2.27,-0.019,-0.059,-0.019,1.78,-6.92,0.28,0.000000,0.000000,255.41
38.69,95338.95,37.97,510.74,9.53,1.03,2.26,-0.018,-0.059,-0.018,1.27,-9.30,-1.08,0.000000,0.000000,256.50
38.69,95336.53,37.96,510.95,9.54,1.01,2.25,-0.018,-0.059,-0.018,2.28,-7.87,0.73,0.000000,0.000000,257.04
38.70,95339.08,37.97,510.73,9.53,1.01,2.26,-0.018,-0.059,-0.018,1.78,-7.39,-0.63,0.000000,0.000000,257.58
38.70,95337.04,37.96,510.91,9.55,1.02,2.25,-0.019,-0.059,-0.018,1.27,-8.82,-1.54,0.000000,0.000000,258.12
38.73,95340.55,37.95,510.60,9.54,1.02,2.22,-0.018,-0.058,-0.018,1.27,-8.35,-1.08,0.000000,0.000000,258.66
38.71,95335.20,37.95,511.07,9.54,1.04,2.27,-0.018,-0.058,-0.018,1.78,-7.87,0.28,0.000000,0.000000,259.20
38.73,95337.34,37.92,510.88,9.55,1.02,2.24,-0.018,-0.058,-0.017,1.27,-8.35,0.28,0.000000,0.000000,261.36
38.81,95349.54,37.92,509.82,9.55,1.01,2.27,-0.018,-0.059,-0.019,1.78,-8.82,-0.18,0.000000,0.000000,261.90
38.74,95337.84,37.90,510.84,9.54,1.02,2.27,-0.018,-0.058,-0.018,1.78,-9.30,-0.18,0.000000,0.000000,262.44
38.82,95351.13,37.91,509.68,9.54,1.01,2.29,-0.018,-0.059,-0.019,1.78,-7.87,0.28,0.000000,0.000000,262.98
38.74,95336.53,37.91,510.95,9.54,1.04,2.26,-0.018,-0.058,-0.019,2.28,-8.35,-0.63,0.000000,0.000000,263.52
38.75,95338.21,37.90,510.81,9.54,1.02,2.24,-0.018,-0.058,-0.018,1.27,-8.82,-0.18,0.000000,0.000000,264.06
38.75,95335.76,37.90,511.02,9.53,1.04,2.24,-0.017,-0.060,-0.017,1.78,-7.87,-1.99,0.000000,0.000000,264.60
38.76,95338.97,37.89,510.74,9.55,1.02,2.28,-0.017,-0.059,-0.018,2.78,-7.87,0.28,0.000000,0.000000,265.14
38.83,95349.87,37.89,509.79,9.54,1.02,2.26,-0.018,-0.058,-0.017,1.27,-8.82,-0.63,0.000000,0.000000,265.68
38.76,95339.55,37.88,510.69,9.53,1.02,2.26,-0.017,-0.059,-0.018,1.78,-8.82,-0.63,0.000000,0.000000,266.22
38.84,95348.23,37.89,509.93,9.53,1.01,2.25,-0.019,-0.059,-0.018,1.78,-7.87,-0.18,0.000000,0.000000,266.76
38.77,95337.41,37.87,510.88,9.55,1.04,2.27,-0.018,-0.059,-0.019,1.27,-7.87,0.28,0.000000,0.000000,267.30
38.85,95348.06,37.88,509.95,9.54,1.03,2.27,-0.018,-0.058,-0.018,1.78,-9.30,-0.18,0.000000,0.000000,267.84
38.78,95337.88,37.86,510.84,9.55,1.01,2.26,-0.018,-0.058,-0.018,1.78,-9.78,-2.89,0.000000,0.000000,268.38
38.86,95348.36,37.88,509.92,9.54,1.02,2.26,-0.018,-0.059,-0.019,1.78,-7.87,-0.63,0.000000,0.000000,268.92
38.79,95336.63,37.86,510.95,9.53,1.04,2.27,-0.018,-0.059,-0.018,1.27,-8.35,-0.18,0.000000,0.000000,269.46
38.86,95346.53,37.85,510.08,9.54,1.02,2.28,-0.019,-0.058,-0.018,1.78,-9.78,-0.63,0.000000,0.000000,270.00
38.79,95338.77,37.85,510.76,9.53,1.02,2.24,-0.018,-0.058,-0.018,1.78,-7.39,-0.18,0.000000,0.000000,270.54
38.80,95340.08,37.86,510.64,9.56,1.04,2.27,-0.018,-0.059,-0.019,2.28,-8.35,-0.63,0.000000,0.000000,271.09
38.80,95336.97,37.85,510.92,9.55,1.03,2.25,-0.018,-0.059,-0.019,2.28,-8.82,-0.63,0.000000,0.000000,271.63
38.80,95336.69,37.84,510.94,9.53,1.02,2.26,-0.019,-0.058,-0.018,1.78,-9.30,-0.18,0.000000,0.000000,272.17
38.89,95348.20,37.83,509.93,9.52,1.03,2.23,-0.017,-0.059,-0.018,2.78,-7.87,1.18,0.000000,0.000000,272.70
38.81,95337.41,37.84,510.88,9.54,1.02,2.25,-0.017,-0.059,-0.018,1.27,-8.35,-0.63,0.000000,0.000000,273.25
38.90,95350.72,37.82,509.71,9.56,1.02,2.25,-0.018,-0.058,-0.018,2.28,-10.25,-0.18,0.000000,0.000000,273.79
38.82,95338.79,37.82,510.76,9.53,1.01,2.27,-0.018,-0.059,-0.018,2.28,-8.35,-0.63,0.000000,0.000000,274.33
38.90,95348.34,37.82,509.92,9.56,1.02,2.27,-0.019,-0.058,-0.018,1.78,-8.35,-0.18,0.000000,0.000000,274.87
38.82,95337.64,37.80,510.86,9.54,1.02,2.25,-0.018,-0.059,-0.018,1.78,-8.82,-1.54,0.000000,0.000000,275.41
38.91,95350.78,37.81,509.71,9.56,0.96,2.36,-0.013,-0.060,-0.018,1.27,-7.87,-1.08,0.000000,0.000000,275.95
38.89,95347.52,37.77,509.99,59.68,0.39,9.80,0.318,-0.081,0.001,7.81,-59.85,-0.63,0.000000,0.000000,276.49
38.86,95204.05,37.79,522.55,78.21,-1.55,37.12,-1.070,-0.008,-0.291,3.29,-260.61,-2.89,0.000000,0.000000,277.03
38.47,94367.95,37.63,596.02,78.21,2.07,17.45,-1.834,0.123,-0.257,4.29,-121.84,-1.08,0.000000,0.000000,277.57
38.49,93049.05,37.34,713.01,52.22,1.98,9.52,-2.124,0.023,-0.213,4.29,-51.26,2.09,0.000000,0.000000,278.11
38.93,91922.80,37.09,813.97,28.98,2.08,5.56,-2.344,-0.079,-0.304,3.29,-27.42,2.09,0.000000,0.000000,278.65
39.07,90422.14,36.73,950.06,12.51,1.99,4.11,-2.223,-0.021,-0.281,2.28,-11.21,0.73,0.000000,0.000000,279.19
39.11,89163.84,36.47,1065.59,4.37,0.72,1.63,-2.179,-0.032,-0.306,4.29,-5.48,-0.63,0.000000,0.000000,279.73
39.19,87669.70,36.16,1204.50,-4.98,1.85,1.68,-2.192,-0.077,-0.289,4.29,5.01,1.63,0.000000,0.000000,280.27
39.19,86516.02,35.91,1313.08,-6.33,1.76,0.70,-2.227,0.026,-0.263,1.78,6.44,-0.63,0.000000,0.000000,280.81
39.19,85140.11,35.64,1444.11,-5.98,2.15,0.34,-2.327,-0.039,-0.313,2.78,7.87,-1.08,0.000000,0.000000,281.35
39.19,84039.66,35.41,1550.15,-5.62,0.84,0.89,-2.300,-0.047,-0.309,4.79,6.44,0.73,0.000000,0.000000,281.89
39.20,82778.77,35.16,1673.05,-5.21,1.06,0.57,-2.286,-0.047,-0.341,1.27,5.96,0.28,0.000000,0.000000,282.43
39.20,81780.46,34.96,1771.43,-4.83,1.13,0.60,-2.249,-0.026,-0.311,1.78,6.91,-1.08,0.000000,0.000000,282.97
39.20,80623.00,34.71,1886.71,-4.51,0.80,0.55,-2.196,-0.004,-0.291,1.27,6.44,0.73,0.000000,0.000000,283.51
39.20,79715.39,34.52,1978.06,-4.14,0.84,0.15,-2.105,-0.022,-0.192,0.77,5.48,0.28,0.000000,0.000000,284.05
39.20,78850.55,34.29,2065.88,-3.79,0.76,0.33,-2.116,-0.081,-0.241,1.27,5.01,-0.18,0.000000,0.000000,284.59
39.20,77856.98,34.13,2167.75,-3.51,1.12,0.35,-2.105,-0.057,-0.290,1.78,5.01,-1.54,0.000000,0.000000,285.13
39.21,77060.78,33.98,2250.14,-3.25,0.91,0.22,-2.077,-0.013,-0.301,1.27,4.53,-1.08,0.000000,0.000000,285.67
39.20,76159.63,33.79,2344.23,-3.00,0.68,0.36,-2.038,-0.015,-0.282,0.77,4.53,-1.08,0.000000,0.000000,286.21
39.20,75439.28,33.62,2420.10,-2.79,0.52,0.35,-1.976,-0.030,-0.239,0.27,4.05,-2.44,0.000000,0.000000,286.75
39.20,74625.23,33.46,2506.54,-2.51,0.38,0.14,-1.936,-0.047,-0.251,1.27,4.53,0.73,0.000000,0.000000,287.29
39.20,73974.00,33.31,2576.24,-2.32,0.43,0.06,-1.900,-0.055,-0.260,0.27,2.62,-1.08,0.000000,0.000000,287.83
39.19,73237.25,33.17,2655.69,-2.13,0.45,0.35,-1.869,-0.036,-0.277,-0.74,4.53,-1.08,0.000000,0.000000,288.37
39.19,72657.44,33.04,2718.68,-1.94,0.44,0.17,-1.812,-0.013,-0.255,0.77,4.53,0.73,0.000000,0.000000,288.91
39.19,71994.01,32.91,2791.26,-1.73,0.35,-0.09,-1.771,-0.009,-0.252,0.27,3.10,-0.63,0.000000,0.000000,289.45
39.15,71466.09,32.79,2849.39,-1.63,0.28,0.07,-1.692,-0.009,-0.200,1.27,3.58,-0.63,0.000000,0.000000,289.99
39.16,70878.82,32.67,2914.48,-1.47,0.31,0.10,-1.653,-0.047,-0.191,0.77,3.58,-2.44,0.000000,0.000000,290.53
39.15,70409.16,32.57,2966.84,-1.30,0.23,-0.10,-1.593,-0.074,-0.189,0.77,2.62,-1.08,0.000000,0.000000,291.07
39.15,69879.81,32.47,3026.20,-1.20,0.22,0.18,-1.546,-0.066,-0.222,0.27,1.67,-1.08,0.000000,0.000000,291.61
39.22,69479.34,32.38,3071.35,-1.08,0.36,0.11,-1.492,-0.048,-0.251,0.77,3.58,-2.44,0.000000,0.000000,292.15
39.22,69014.77,32.27,3115.53,-0.98,0.12,-0.08,-1.437,-0.030,-0.239,0.27,3.10,0.28,0.000000,0.000000,292.69
39.23,68656.91,32.21,3164.74,-0.87,0.21,0.11,-1.356,0.013,-0.208,1.27,1.67,-1.54,0.000000,0.000000,293.23
39.23,68318.73,32.15,3203.40,-0.78,0.22,0.04,-1.302,0.019,-0.188,0.27,2.62,-1.99,0.000000,0.000000,293.77
39.23,67945.33,32.07,3246.27,-0.69,0.09,-0.11,-1.229,-0.006,-0.133,0.77,2.62,-1.54,0.000000,0.000000,294.31
39.24,67652.61,32.01,3280.01,-0.61,0.04,0.05,-1.134,-0.036,-0.095,0.27,2.15,-1.08,0.000000,0.000000,294.85
39.24,67342.83,31.95,3315.85,-0.53,0.07,-0.14,-1.071,-0.076,-0.081,0.27,1.19,-2.44,0.000000,0.000000,295.39
39.24,67093.27,31.91,3344.82,-0.48,0.05,-0.06,-1.022,-0.127,-0.102,0.27,2.62,-0.63,0.000000,0.000000,295.94
39.24,66839.19,31.88,3374.40,-0.40,0.03,-0.06,-0.966,-0.142,-0.125,0.27,2.15,-0.63,0.000000,0.000000,296.48
39.25,66643.34,31.83,3397.26,-0.32,0.14,-0.11,-0.953,-0.136,-0.184,0.77,0.71,-1.99,0.000000,0.000000,297.02
39.25,66428.03,31.80,3422.46,-0.29,0.11,-0.07,-0.943,-0.104,-0.242,1.27,2.15,-2.89,0.000000,0.000000,297.56
39.25,66279.20,31.77,3439.92,-0.26,0.07,-0.10,-0.907,-0.055,-0.255,-0.23,2.15,-1.08,0.000000,0.000000,298.10
39.27,66129.36,31.75,3457.53,-0.23,0.10,-0.02,-0.864,0.006,-0.251,0.77,-0.24,-1.08,0.000000,0.000000,298.64
39.27,66017.39,31.74,3470.71,-0.20,0.08,-0.00,-0.804,0.075,-0.222,0.27,2.62,-4.71,0.000000,0.000000,299.17
39.27,65912.55,31.73,3483.06,-0.18,0.02,0.01,-0.730,0.123,-0.149,1.27,2.15,-0.18,0.000000,0.000000,299.71
39.28,65844.73,31.74,3491.06,-0.18,0.03,0.03,-0.686,0.132,-0.072,0.27,1.67,-1.99,0.000000,0.000000,300.25
39.28,65793.64,31.74,3497.10,-0.17,0.02,0.01,-0.668,0.122,-0.019,-0.23,1.19,-2.89,0.000000,0.000000,300.79
39.28,65767.41,31.75,3500.20,-0.16,-0.04,-0.05,-0.650,0.093,0.041,0.77,2.15,-1.08,0.000000,0.000000,301.33
39.29,65764.50,31.81,3500.95,-0.16,-0.00,-0.02,-0.663,0.030,0.085,0.27,1.19,-1.99,0.000000,0.000000,301.88
39.29,65781.90,31.79,3498.48,-0.14,-0.04,-0.07,-0.663,-0.036,0.095,0.77,2.15,-0.63,0.000000,0.000000,302.42
39.29,65798.23,31.86,3495.88,0.32,-1.76,0.80,-0.545,-0.058,0.021,0.27,0.24,-1.08,0.000000,0.000000,302.96
39.14,65951.80,31.86,3478.43,-1.42,-0.73,-0.28,-0.685,-0.239,0.098,0.27,2.62,-2.44,0.000000,0.000000,303.50
39.14,66044.30,31.90,3467.54,-53.91,4.79,22.84,0.736,-4.235,0.906,-0.23,50.31,18.84,0.000000,0.000000,304.05
38.91,65995.23,31.90,3473.32,32.82,3.98,5.95,1.395,4.761,-3.946,5.30,-29.80,4.80,0.000000,0.000000,304.58
38.79,65965.88,31.89,3476.78,67.32,-4.06,-2.28,8.731,1.432,8.731,-7.77,-71.29,-17.83,0.000000,0.000000,305.13
38.43,66031.74,31.88,3469.02,21.94,2.92,-6.10,8.731,-3.838,8.237,5.80,-19.79,-13.76,0.000000,0.000000,305.67
38.52,66108.78,31.82,3459.95,15.66,1.05,-1.42,8.731,-3.013,3.284,3.29,-12.64,-4.71,0.000000,0.000000,306.20
38.76,66172.89,31.76,3452.41,11.64,1.16,-0.87,8.731,-4.593,3.306,2.28,-9.78,-3.35,0.000000,0.000000,306.74
38.77,66246.42,31.75,3443.77,13.09,1.84,-0.80,8.731,-2.368,3.166,2.78,-13.11,-5.16,0.000000,0.000000,307.28
38.77,66321.80,31.72,3434.92,7.87,0.87,-0.61,8.731,-1.685,1.086,2.28,-5.96,-1.99,0.000000,0.000000,307.82
38.78,66368.34,31.69,3429.46,11.04,-0.25,0.52,7.771,-0.849,0.037,-0.23,-9.78,-2.44,0.000000,0.000000,308.37
38.76,66435.73,31.68,3421.56,7.17,0.23,-0.18,6.985,-0.369,0.809,0.77,-5.96,-3.35,0.000000,0.000000,308.90
38.79,66490.30,31.67,3415.17,11.89,-1.24,0.96,4.112,-0.392,-0.451,-1.24,-10.25,-2.89,0.000000,0.000000,309.45
38.78,66538.24,31.67,3409.56,8.44,-0.65,1.78,3.054,0.942,0.127,0.77,-6.92,-0.18,0.000000,0.000000,309.98
38.79,66612.56,31.68,3400.86,5.74,0.23,0.74,0.478,-0.546,0.570,1.78,-4.05,-1.99,0.000000,0.000000,310.52
38.78,66660.88,31.68,3395.21,12.04,-0.76,2.02,-0.715,0.100,0.278,-0.74,-9.78,-2.44,0.000000,0.000000,311.07
38.79,66719.85,31.71,3388.33,10.33,-0.31,1.56,-2.185,0.410,-0.800,0.27,-8.35,-0.18,0.000000,0.000000,311.61
38.80,66766.66,31.72,3382.86,12.55,-1.62,1.54,-4.815,-1.562,-0.220,-1.74,-11.68,-1.54,0.000000,0.000000,312.15
38.79,66832.53,31.74,3375.18,10.34,-0.11,0.96,-5.319,0.223,-0.909,0.77,-9.30,-0.63,0.000000,0.000000,312.69
38.81,66883.30,31.74,3369.26,9.37,0.04,0.18,-6.253,-0.365,-0.277,1.27,-7.87,-1.54,0.000000,0.000000,313.23
38.80,66936.24,31.76,3363.09,9.31,-0.52,-0.35,-7.754,1.172,-1.517,-0.23,-7.39,-2.89,0.000000,0.000000,313.77
38.81,66991.13,31.77,3356.70,10.52,-0.32,0.02,-8.731,0.551,-1.160,1.27,-8.82,-1.99,0.000000,0.000000,314.31
38.82,67046.92,31.78,3350.21,10.15,-0.43,-0.97,-8.731,-0.332,-1.893,0.27,-8.82,-4.25,0.000000,0.000000,314.85
38.82,67100.48,31.78,3343.98,9.30,-0.74,-0.93,-8.731,0.151,-0.742,0.27,-6.44,-4.71,0.000000,0.000000,315.39
38.82,67163.72,31.76,3338.05,9.03,-1.44,-1.37,-8.731,-0.091,-1.672,-0.23,-7.87,-3.35,0.000000,0.000000,315.93
38.82,67218.34,31.79,3330.29,9.76,-0.73,-0.18,-8.731,0.437,-0.248,-0.23,-8.82,-1.99,0.000000,0.000000,316.47
38.82,67272.77,31.80,3323.97,8.63,0.38,-0.94,-8.731,0.405,-1.185,1.27,-7.39,-4.71,0.000000,0.000000,317.01
38.84,67329.48,31.83,3317.40,10.39,-0.47,-0.80,-8.731,-0.311,0.218,0.77,-6.92,-1.99,0.000000,0.000000,317.55
38.83,67382.05,31.84,3311.31,11.39,-0.18,-1.11,-8.731,0.780,-0.371,0.77,-10.25,-3.80,0.000000,0.000000,318.10
38.83,67441.19,31.86,3304.46,9.87,-2.06,-0.12,-8.731,-0.062,0.850,-1.74,-9.30,-2.89,0.000000,0.000000,318.63
38.84,67502.86,31.86,3297.32,9.86,-0.09,-0.69,-8.731,0.271,-0.677,0.27,-7.39,-4.25,0.000000,0.000000,319.17
38.84,67554.58,31.87,3291.34,10.30,-0.22,0.08,-8.731,0.038,0.518,0.77,-8.82,-1.54,0.000000,0.000000,319.71
38.84,67611.40,31.88,3284.77,8.83,-0.38,-0.47,-8.651,0.151,-0.493,-0.23,-8.35,-2.89,0.000000,0.000000,320.26
38.84,67677.32,31.89,3277.16,11.36,-0.39,-0.56,-8.731,0.535,-0.781,0.77,-8.82,-4.71,0.000000,0.000000,320.80
38.85,67725.02,31.91,3271.66,9.43,-1.28,-0.09,-8.731,0.050,-0.140,-0.23,-7.87,-1.99,0.000000,0.000000,321.34
38.85,67783.95,31.89,3264.80,8.76,0.14,0.32,-7.256,0.546,-0.265,0.27,-7.87,-1.08,0.000000,0.000000,321.87
38.86,67833.48,31.92,3259.15,9.68,-1.27,-0.40,-8.197,0.140,-1.108,-0.74,-7.87,-2.89,0.000000,0.000000,322.42
38.85,67886.86,31.93,3253.00,11.46,-0.81,0.94,-7.255,0.313,-0.435,-0.23,-9.78,-0.63,0.000000,0.000000,322.96
38.87,67952.16,31.94,3245.49,8.56,-0.41,0.09,-6.811,-0.044,-0.648,-0.74,-6.92,-1.99,0.000000,0.000000,323.50
38.86,67998.06,31.96,3240.21,8.69,0.47,0.01,-6.075,0.043,-0.448,1.78,-8.35,-3.35,0.000000,0.000000,324.03
38.87,68062.08,31.98,3232.85,10.40,-0.71,0.74,-6.224,0.150,-0.680,-0.23,-7.87,-0.63,0.000000,0.000000,324.58
38.87,68111.27,31.98,3227.20,9.31,-0.21,0.62,-6.123,0.695,-0.914,0.27,-7.39,-1.08,0.000000,0.000000,325.11
38.87,68170.77,31.99,3220.37,9.14,0.24,0.26,-6.059,0.399,-0.504,1.27,-8.35,-2.44,0.000000,0.000000,325.65
38.89,68221.21,32.00,3214.58,9.64,-0.21,0.06,-6.493,0.218,-0.630,0.77,-7.87,-1.99,0.000000,0.000000,326.19
38.87,68279.50,32.04,3207.90,7.85,-0.41,0.19,-5.983,0.027,-0.568,0.27,-6.92,-1.54,0.000000,0.000000,326.74
38.87,68329.84,32.04,3202.13,10.72,-0.54,0.47,-5.553,-0.143,-0.587,-0.23,-9.30,-2.89,0.000000,0.000000,327.28
38.88,68394.02,32.07,3194.78,9.42,-0.41,0.85,-5.074,-0.094,-0.617,0.77,-7.87,-4.25,0.000000,0.000000,327.82
38.88,68442.60,32.09,3189.22,10.59,-0.39,0.95,-4.765,-0.121,-0.884,0.77,-8.82,-1.99,0.000000,0.000000,328.36
38.87,68489.72,32.10,3183.83,9.59,0.13,0.23,-4.289,0.512,-0.632,0.27,-8.35,-3.35,0.000000,0.000000,328.89
38.88,68549.48,32.13,3177.00,8.23,0.14,0.71,-3.954,0.318,-0.352,0.27,-6.92,-1.54,0.000000,0.000000,329.44
38.88,68598.78,32.13,3171.37,9.34,-0.54,0.94,-3.880,-0.165,-0.240,-0.23,-7.39,-0.63,0.000000,0.000000,329.98
38.90,68666.34,32.15,3163.66,10.74,-0.39,0.80,-3.702,-0.361,-0.560,0.27,-9.30,-2.44,0.000000,0.000000,330.52
38.89,68718.53,32.16,3157.71,8.99,0.04,0.54,-3.320,-0.288,-0.557,0.77,-7.87,-3.80,0.000000,0.000000,331.06
38.89,68778.24,32.19,3150.90,9.19,-0.35,0.43,-3.046,-0.387,-0.465,0.27,-6.92,-1.54,0.000000,0.000000,331.60
38.88,68828.61,32.21,3145.17,9.00,-0.44,0.72,-2.677,0.097,-0.405,0.27,-7.87,-1.54,0.000000,0.000000,332.14
38.90,68891.39,32.23,3138.02,9.90,0.09,0.98,-2.438,0.250,-0.177,0.77,-8.82,-1.99,0.000000,0.000000,332.68
38.89,68942.18,32.24,3132.24,12.38,0.43,1.18,-2.330,0.937,-0.590,1.27,-10.25,-0.63,0.000000,0.000000,333.22
38.89,68997.99,32.25,3125.90,11.05,-0.11,1.00,-2.578,0.322,-0.661,1.27,-9.78,-1.99,0.000000,0.000000,333.76
38.89,69048.42,32.28,3120.17,9.24,-0.40,0.50,-2.615,0.271,-0.545,0.77,-8.82,-2.89,0.000000,0.000000,334.30
38.90,69102.78,32.30,3114.00,8.62,-0.40,0.86,-2.675,-0.264,-0.348,-0.23,-6.92,-1.08,0.000000,0.000000,334.84
38.90,69165.90,32.31,3106.84,10.43,-0.06,0.59,-2.452,0.112,-0.283,0.77,-9.30,-1.99,0.000000,0.000000,335.38
38.91,69220.95,32.33,3100.59,11.25,-0.77,0.80,-2.382,-0.156,-0.808,0.27,-11.21,-1.08,0.000000,0.000000,335.92
38.91,69283.22,32.35,3093.54,10.34,-0.24,0.44,-2.285,0.475,-0.441,0.27,-7.87,-2.89,0.000000,0.000000,336.46
38.90,69335.58,32.36,3087.61,9.20,-0.13,0.49,-2.640,-0.318,-0.777,-0.23,-7.87,-2.44,0.000000,0.000000,337.00
38.90,69399.56,32.38,3080.37,10.72,-0.37,0.66,-2.665,-0.141,-0.774,0.27,-8.35,-1.99,0.000000,0.000000,337.54
38.92,69453.77,32.40,3074.24,10.43,-1.02,0.92,-2.965,-0.420,0.276,-0.74,-7.87,-0.63,0.000000,0.000000,338.08
38.92,69517.54,32.42,3067.04,10.00,-0.04,0.75,-3.009,-0.041,-0.651,0.77,-8.35,-1.54,0.000000,0.000000,338.62
38.92,69567.77,32.43,3061.36,10.81,-0.01,1.07,-2.896,0.905,-0.147,0.27,-10.25,-2.44,0.000000,0.000000,339.16
38.92,69633.91,32.45,3054.83,10.40,0.14,0.83,-3.356,0.220,-0.792,0.27,-8.82,-2.44,0.000000,0.000000,339.70
38.93,69683.69,32.45,3048.29,8.43,-0.34,0.95,-3.540,0.348,-0.529,0.77,-6.92,-1.54,0.000000,0.000000,340.24
38.93,69732.11,32.48,3042.83,12.44,-0.12,0.95,-3.801,0.279,-0.580,0.27,-11.21,-2.89,0.000000,0.000000,340.78
38.95,69796.76,32.48,3035.55,9.14,-0.20,0.89,-4.090,0.127,-0.525,1.27,-7.39,-2.44,0.000000,0.000000,341.32
38.95,69842.91,32.50,3030.35,8.88,-0.27,0.87,-4.290,-0.213,-0.301,0.27,-6.92,-1.08,0.000000,0.000000,341.86
38.95,69902.58,32.50,3023.64,10.57,-0.24,0.89,-4.677,-0.147,-0.876,0.27,-9.30,-1.99,0.000000,0.000000,342.40
38.94,69951.66,32.52,3018.12,8.75,-0.73,0.70,-4.897,-0.178,-0.407,-0.74,-6.44,-3.35,0.000000,0.000000,342.94
38.95,70014.59,32.55,3011.05,10.77,-1.21,0.29,-5.212,-0.221,-0.912,-0.23,-8.82,-1.99,0.000000,0.000000,343.48
38.95,70065.25,32.55,3005.37,9.28,0.29,0.35,-5.335,0.463,-1.165,1.27,-8.35,-1.99,0.000000,0.000000,344.02
38.97,70134.34,32.55,2997.61,12.39,-0.90,1.08,-5.853,0.175,-0.805,-0.23,-10.25,-1.54,0.000000,0.000000,344.56
38.95,70180.97,32.56,2992.39,9.79,-0.21,0.83,-5.784,0.468,-0.300,1.27,-7.87,-0.63,0.000000,0.000000,345.10
38.96,70235.27,32.55,2986.30,10.04,-1.24,0.69,-6.287,0.357,-0.876,-1.24,-9.30,-1.54,0.000000,0.000000,345.64
38.97,70294.40,32.61,2979.68,10.17,-0.22,0.51,-6.174,0.032,-0.434,0.77,-9.30,-2.89,0.000000,0.000000,346.18
38.98,70349.41,32.62,2973.52,11.50,0.03,0.39,-6.100,-0.286,-0.597,0.77,-8.82,-1.99,0.000000,0.000000,346.72
38.98,70405.05,32.64,2967.30,10.72,-0.27,0.56,-5.820,0.287,-0.960,-0.23,-9.78,-2.44,0.000000,0.000000,347.26
38.98,70455.13,32.65,2961.70,9.58,-0.46,0.39,-5.971,-0.232,-0.608,0.27,-7.39,-2.89,0.000000,0.000000,347.80
38.98,70516.88,32.68,2954.81,9.28,-0.81,-0.03,-6.250,0.033,-1.190,1.27,-6.92,-1.54,0.000000,0.000000,348.34
38.99,70567.72,32.68,2949.13,7.98,0.49,0.45,-5.975,0.696,-0.423,1.27,-6.44,-2.44,0.000000,0.000000,348.88
38.98,70629.12,32.70,2942.28,9.53,-0.50,0.78,-6.196,-0.224,0.035,-0.23,-9.30,-2.89,0.000000,0.000000,349.42
38.99,70681.03,32.70,2936.50,9.60,-1.28,0.31,-6.018,0.366,-0.692,-0.23,-7.87,-1.08,0.000000,0.000000,349.96
39.00,70745.61,32.72,2929.30,11.44,-0.63,1.26,-5.365,0.009,-0.316,0.77,-10.25,-1.08,0.000000,0.000000,350.50
38.99,70795.69,32.73,2923.73,10.62,-0.18,0.56,-5.108,-0.189,-0.521,0.77,-10.25,-2.89,0.000000,0.000000,351.05
38.99,70847.52,32.75,2917.96,10.73,-0.51,0.58,-5.074,-0.213,-1.167,0.27,-8.82,-1.08,0.000000,0.000000,351.58
39.01,70905.04,32.75,2911.56,11.85,-0.21,0.48,-4.918,0.059,-1.278,0.77,-11.21,-1.99,0.000000,0.000000,352.12
39.00,70955.63,32.77,2905.94,10.15,0.69,1.07,-4.622,0.026,-0.864,1.78,-9.78,-2.44,0.000000,0.000000,352.66
39.01,71014.03,32.77,2899.45,9.95,-0.21,0.54,-4.353,0.329,-0.320,0.77,-8.35,-1.54,0.000000,0.000000,353.20
39.00,71064.97,32.79,2893.80,8.78,-0.24,0.57,-4.313,0.223,-0.528,0.77,-7.39,-1.08,0.000000,0.000000,353.74
39.02,71121.06,32.81,2887.58,9.32,-0.33,0.42,-4.465,0.010,-0.838,0.27,-9.30,-2.89,0.000000,0.000000,354.28
39.01,71172.41,32.82,2881.89,9.58,-0.18,0.66,-4.273,0.363,-0.891,0.77,-7.39,-3.35,0.000000,0.000000,354.82
39.00,71235.94,32.83,2874.85,9.19,-0.52,0.71,-4.262,0.102,-0.372,0.27,-7.87,-1.08,0.000000,0.000000,355.36
39.02,71285.80,32.84,2869.33,9.64,-0.29,0.91,-4.191,0.028,-0.620,0.27,-8.82,-1.99,0.000000,0.000000,355.90
39.01,71342.12,32.85,2863.10,9.84,-0.48,0.37,-4.391,-0.286,-1.073,0.27,-8.35,-4.71,0.000000,0.000000,356.44
39.01,71396.81,32.86,2857.05,8.16,0.24,0.06,-4.163,0.423,-1.026,0.77,-5.96,-1.99,0.000000,0.000000,356.98
39.02,71450.25,32.87,2851.14,8.73,0.47,0.38,-4.240,0.132,-1.223,1.78,-8.82,-2.44,0.000000,0.000000,357.52
39.02,71518.14,32.89,2843.65,12.71,0.38,1.23,-3.696,0.288,0.053,0.77,-11.21,-1.08,0.000000,0.000000,358.06
39.04,71577.34,32.90,2837.11,10.85,-0.80,0.81,-4.000,0.439,-0.697,0.27,-8.82,-1.08,0.000000,0.000000,358.61
39.04,71640.23,32.93,2830.18,11.59,-0.21,0.96,-3.866,-0.487,-0.129,1.27,-10.73,-2.89,0.000000,0.000000,359.15
39.04,71688.53,32.93,2824.86,9.91,-1.27,1.31,-3.505,-0.089,-0.336,-0.74,-8.35,-3.35,0.000000,0.000000,359.69
39.04,71750.80,32.93,2818.00,10.07,-0.55,0.79,-3.173,-0.423,0.040,0.77,-8.82,-1.08,0.000000,0.000000,360.23
39.04,71798.30,32.94,2812.77,9.21,0.00,0.44,-3.046,-0.284,-0.389,1.27,-7.87,-2.44,0.000000,0.000000,360.77
39.05,71858.91,32.96,2806.10,9.41,-0.90,0.56,-2.989,0.143,-0.402,-0.74,-8.35,-4.25,0.000000,0.000000,361.31
39.04,71909.62,32.97,2800.53,11.14,0.26,1.08,-3.122,0.142,-0.371,0.77,-9.30,-1.08,0.000000,0.000000,361.85
39.06,71971.36,32.99,2793.74,8.45,-0.53,0.51,-3.477,-0.067,-1.067,-0.23,-6.92,-2.89,0.000000,0.000000,362.39
39.06,72020.64,33.00,2788.33,9.35,-0.74,0.94,-3.481,0.036,-0.501,-0.23,-7.87,-4.25,0.000000,0.000000,362.93
39.06,72070.03,33.03,2782.91,8.53,-0.04,0.45,-3.813,-0.300,-0.812,1.27,-6.92,-1.08,0.000000,0.000000,363.47
39.07,72136.94,33.03,2775.58,9.58,-0.46,0.50,-3.778,0.190,-0.760,-0.74,-8.35,-1.99,0.000000,0.000000,364.01
39.06,72190.81,33.03,2769.67,9.55,-0.25,0.71,-3.930,-0.362,-0.567,0.77,-7.39,-3.35,0.000000,0.000000,364.55
39.07,72253.83,33.04,2762.77,10.89,-0.72,1.23,-3.597,0.325,-0.280,0.27,-8.35,-1.08,0.000000,0.000000,365.09
39.07,72305.59,33.05,2757.10,9.45,-0.52,1.11,-3.698,-0.465,-0.324,-0.23,-9.30,-1.54,0.000000,0.000000,365.63
39.08,72367.65,33.07,2750.32,11.25,0.12,1.86,-3.332,0.191,-0.167,0.77,-9.78,-1.99,0.000000,0.000000,366.17
39.09,72419.73,33.09,2744.62,10.77,-0.65,1.09,-3.591,-0.583,-0.241,-0.74,-8.82,-1.54,0.000000,0.000000,366.71
39.10,72485.97,33.09,2737.39,10.68,-1.13,1.17,-3.632,-0.795,-0.254,-0.74,-10.25,-1.99,0.000000,0.000000,367.25
39.10,72533.38,33.10,2732.21,7.61,-0.38,0.05,-3.596,-0.056,-0.601,-0.23,-6.44,-2.89,0.000000,0.000000,367.79
39.10,72594.17,33.11,2725.58,10.84,0.65,0.51,-3.526,0.407,-0.560,2.28,-8.82,-0.63,0.000000,0.000000,368.33
39.12,72647.13,33.11,2719.81,9.43,-0.64,0.88,-3.530,0.410,-0.537,-0.23,-8.82,-1.99,0.000000,0.000000,368.87
39.11,72694.99,33.13,2714.59,10.56,-0.32,0.83,-3.806,0.433,-0.648,0.27,-9.30,-2.89,0.000000,0.000000,369.41
39.12,72761.18,33.15,2707.38,9.59,-0.32,0.72,-3.930,0.071,-0.226,0.77,-6.92,-1.08,0.000000,0.000000,369.95
39.11,72807.61,33.15,2702.33,9.00,-0.21,-0.11,-4.373,0.150,-0.671,0.27,-7.87,-2.89,0.000000,0.000000,370.49
39.12,72868.70,33.17,2695.69,10.43,0.52,0.74,-4.332,0.575,-0.646,1.78,-9.30,-3.35,0.000000,0.000000,371.03
39.12,72919.72,33.16,2690.14,9.91,0.29,0.60,-4.400,0.625,-0.073,0.77,-8.35,-1.99,0.000000,0.000000,371.57
39.13,72983.25,33.18,2683.24,8.82,0.19,0.33,-4.841,0.501,-0.601,0.77,-6.92,-2.44,0.000000,0.000000,372.11
39.12,73033.21,33.19,2677.81,13.15,-0.76,0.66,-5.489,-0.157,-0.595,0.27,-11.68,-4.25,0.000000,0.000000,372.65
39.12,73091.10,33.19,2671.53,10.30,-0.04,0.50,-5.150,0.086,-0.561,1.27,-7.87,-1.54,0.000000,0.000000,373.19
39.13,73145.59,33.19,2665.63,9.43,-0.38,0.03,-5.177,-0.007,-0.689,-0.23,-7.87,-2.44,0.000000,0.000000,373.73
39.12,73199.30,33.22,2660.56,9.52,-0.26,1.04,-4.774,0.418,-0.192,0.77,-8.82,-0.63,0.000000,0.000000,374.27
39.14,73252.22,33.22,2654.07,8.96,-0.49,0.55,-4.868,-0.594,-0.236,0.27,-6.92,-1.08,0.000000,0.000000,374.81
39.14,73307.02,33.22,2648.14,8.79,-0.15,0.08,-4.725,0.093,-0.756,0.27,-7.87,-2.89,0.000000,0.000000,375.35
39.14,73367.91,33.22,2641.56,10.10,-0.26,0.58,-4.664,-0.838,-0.612,0.27,-9.30,-3.35,0.000000,0.000000,375.89
39.14,73421.34,33.23,2635.78,10.24,-0.84,0.75,-4.144,0.242,-0.249,0.27,-8.35,-1.08,0.000000,0.000000,376.43
39.15,73483.19,33.24,2629.10,8.52,-0.14,0.84,-3.834,0.105,-0.155,-0.23,-7.39,-1.99,0.000000,0.000000,376.97
39.15,73535.13,33.24,2623.49,9.81,-0.51,1.32,-3.603,0.204,0.138,-0.23,-8.35,-1.54,0.000000,0.000000,377.51
39.14,73603.84,33.25,2616.08,9.91,-1.30,1.87,-3.307,-0.231,0.678,-0.74,-8.35,0.28,0.000000,0.000000,378.05
39.15,73662.86,33.25,2609.72,11.59,-0.11,1.53,-3.282,0.201,-0.416,0.77,-10.73,-2.89,0.000000,0.000000,378.59
39.16,73727.94,33.28,2602.70,9.58,0.25,0.85,-3.592,-0.141,-0.923,1.27,-7.39,-2.44,0.000000,0.000000,379.13
39.17,73785.14,33.29,2596.54,10.41,-0.63,1.34,-3.280,0.035,-0.454,-1.24,-9.30,-1.54,0.000000,0.000000,379.67
39.16,73833.55,33.30,2591.34,11.39,-0.64,0.97,-3.499,-0.242,-0.856,0.27,-9.30,-2.89,0.000000,0.000000,380.21
39.17,73903.13,33.31,2583.85,10.45,-0.43,1.24,-3.080,0.270,-0.433,0.77,-8.82,-1.08,0.000000,0.000000,380.75
39.17,73951.02,33.33,2578.71,9.20,-0.41,0.81,-2.841,0.065,-0.395,0.77,-7.39,-1.08,0.000000,0.000000,381.29
39.18,74014.22,33.33,2571.92,11.74,0.08,1.37,-2.679,-0.169,-0.465,1.27,-9.78,-1.08,0.000000,0.000000,381.83
39.17,74064.44,33.33,2566.53,10.03,-0.68,0.89,-2.361,0.187,0.114,0.27,-7.87,-1.99,0.000000,0.000000,382.37
39.18,74127.30,33.33,2559.79,11.48,-0.33,1.08,-2.552,-0.061,-0.749,-0.23,-10.73,-1.54,0.000000,0.000000,382.91
39.18,74177.72,33.35,2554.38,8.99,-0.57,0.72,-2.360,0.035,-0.158,-0.23,-6.92,-2.44,0.000000,0.000000,383.45
39.20,74242.09,33.37,2547.48,11.78,0.52,1.49,-2.503,-0.254,-0.346,2.28,-10.25,-1.08,0.000000,0.000000,383.99
39.18,74285.86,33.37,2542.80,9.94,-0.42,0.90,-2.434,-0.065,-0.118,0.27,-10.25,-1.54,0.000000,0.000000,384.53
39.18,74353.13,33.43,2537.10,10.36,-0.33,0.87,-2.291,0.259,-0.045,0.77,-8.82,-1.08,0.000000,0.000000,385.07
39.19,74405.08,33.37,2530.04,9.74,0.25,1.60,-2.251,0.716,-0.153,0.27,-7.87,-0.18,0.000000,0.000000,385.61
39.20,74454.88,33.37,2524.72,10.95,-0.62,1.45,-2.575,0.388,-0.217,-0.23,-11.21,-1.54,0.000000,0.000000,386.15
39.21,74513.80,33.41,2518.43,9.75,0.76,0.81,-2.776,0.420,-0.445,2.28,-7.87,-1.54,0.000000,0.000000,386.69
39.19,74564.83,33.40,2512.98,8.81,-0.38,1.29,-3.004,-0.342,0.167,0.27,-7.87,-1.08,0.000000,0.000000,387.23
39.20,74629.11,33.41,2506.12,10.19,-1.35,1.58,-3.188,-0.759,0.384,-1.24,-10.73,-1.08,0.000000,0.000000,387.77
39.22,74682.53,33.42,2500.43,10.28,-0.59,0.85,-4.056,-0.618,-0.652,0.27,-7.87,-0.18,0.000000,0.000000,388.31
39.21,74744.70,33.42,2493.80,9.53,-0.26,0.87,-3.922,-0.148,-0.284,0.27,-7.87,-1.54,0.000000,0.000000,388.85
39.20,74799.34,33.42,2487.98,11.71,-0.16,1.28,-4.107,-0.154,-0.743,0.27,-11.68,-1.54,0.000000,0.000000,389.39
39.20,74861.97,33.43,2481.32,9.52,0.26,0.30,-4.073,0.102,-0.614,1.27,-7.39,-1.99,0.000000,0.000000,389.93
39.22,74917.39,33.43,2475.43,8.98,-0.57,0.47,-4.061,0.519,0.186,0.27,-7.87,-1.08,0.000000,0.000000,390.47
39.21,74968.10,33.43,2470.03,11.21,-0.47,1.56,-4.431,0.282,-0.532,0.27,-9.78,-2.89,0.000000,0.000000,391.01
39.20,75034.16,33.44,2463.02,11.62,-0.17,1.37,-4.317,-0.043,0.307,1.27,-9.78,-0.63,0.000000,0.000000,391.55
39.23,75096.33,33.45,2456.42,9.80,-0.64,1.06,-4.513,-0.054,-0.521,-0.23,-8.35,-1.54,0.000000,0.000000,392.09
39.24,75159.91,33.45,2449.67,9.00,0.86,0.93,-4.258,0.399,-0.504,2.28,-6.92,-2.89,0.000000,0.000000,392.63
39.24,75215.27,33.47,2443.81,10.42,-0.59,0.46,-4.803,0.217,-0.546,1.27,-8.82,-2.44,0.000000,0.000000,393.17
39.24,75282.03,33.47,2436.73,9.75,0.12,0.56,-4.809,0.315,-0.352,-0.23,-9.30,-1.54,0.000000,0.000000,393.71
39.24,75334.59,33.48,2431.17,9.02,-0.50,0.48,-4.905,0.074,-0.317,0.27,-7.39,-2.89,0.000000,0.000000,394.25
39.24,75401.20,33.49,2424.12,9.09,-0.13,0.76,-4.743,0.143,-0.607,0.77,-6.92,-0.18,0.000000,0.000000,394.79
39.25,75451.39,33.49,2418.82,12.04,0.01,1.11,-4.725,0.307,-0.402,1.27,-11.21,-1.99,0.000000,0.000000,395.33
39.26,75510.58,33.47,2412.62,9.75,-0.69,0.31,-4.826,0.097,-0.278,-0.74,-7.39,-2.89,0.000000,0.000000,395.87
39.26,75566.97,33.50,2406.61,10.99,-0.23,0.82,-4.737,-0.298,-0.553,1.27,-10.25,-1.54,0.000000,0.000000,396.42
39.26,75618.44,33.50,2401.17,11.19,0.11,0.33,-4.437,-0.140,-0.185,0.77,-10.25,-3.35,0.000000,0.000000,396.95
39.26,75684.39,33.50,2394.22,10.91,-0.30,1.28,-4.354,-0.203,-0.473,-0.23,-7.87,-0.63,0.000000,0.000000,397.50
39.26,75740.00,33.51,2388.35,9.31,-1.10,0.60,-4.315,-0.535,0.192,-0.74,-7.39,-1.08,0.000000,0.000000,398.03
39.26,75803.38,33.53,2381.68,9.32,-0.26,0.56,-4.499,0.011,-1.421,0.27,-7.87,-1.99,0.000000,0.000000,398.57
39.27,75855.62,33.53,2376.18,10.16,0.87,0.48,-4.136,0.375,-0.508,2.28,-7.87,-1.08,0.000000,0.000000,399.11
39.27,75912.37,33.53,2370.21,6.86,-0.20,0.89,-3.938,0.240,-0.021,-0.23,-5.96,-1.08,0.000000,0.000000,399.65
39.27,75971.61,33.54,2363.98,13.51,0.03,2.14,-4.071,0.190,0.058,0.27,-14.07,-1.99,0.000000,0.000000,400.20
39.27,76032.44,33.54,2357.59,8.50,-1.27,0.34,-4.354,-0.208,0.052,-0.74,-7.39,-1.54,0.000000,0.000000,400.74
39.27,76088.55,33.55,2351.69,10.53,-0.42,0.57,-4.505,-0.431,-0.740,-0.23,-7.87,-2.89,0.000000,0.000000,401.28
39.29,76150.63,33.56,2345.18,11.31,0.11,0.51,-4.377,1.025,-0.893,1.27,-8.82,-1.99,0.000000,0.000000,401.82
39.28,76205.88,33.56,2339.38,9.71,-0.01,1.23,-4.456,-0.234,0.082,1.27,-9.30,-1.08,0.000000,0.000000,402.36
39.29,76260.78,33.58,2333.63,10.62,-0.39,0.71,-4.500,0.270,-0.103,-0.23,-9.30,-2.44,0.000000,0.000000,402.90
39.29,76323.38,33.57,2327.07,9.13,-0.21,0.80,-4.687,-0.043,-0.752,1.78,-7.39,-1.08,0.000000,0.000000,403.44
39.29,76377.56,33.57,2321.40,11.10,0.14,0.28,-4.546,0.161,-0.108,1.27,-9.78,-2.44,0.000000,0.000000,403.98
39.30,76440.52,33.58,2314.81,7.93,-0.31,0.65,-4.347,0.151,-0.207,0.27,-5.96,-3.35,0.000000,0.000000,404.52
39.29,76499.25,33.58,2308.67,10.98,-0.15,0.75,-4.560,-0.372,-0.269,0.77,-8.82,-2.44,0.000000,0.000000,405.06
39.30,76562.08,33.58,2302.10,10.82,-0.47,0.74,-4.449,0.307,-0.280,-0.23,-10.25,-1.99,0.000000,0.000000,405.61
39.32,76619.77,33.59,2296.08,10.08,0.02,0.95,-4.581,0.000,-0.378,0.77,-8.82,-1.54,0.000000,0.000000,406.14
39.31,76679.22,33.60,2289.87,11.18,-0.42,0.92,-4.420,0.092,-0.326,-0.23,-9.30,-2.44,0.000000,0.000000,406.69
39.31,76735.81,33.60,2283.97,9.47,-0.87,0.99,-4.333,0.252,-0.250,-0.74,-7.87,-1.99,0.000000,0.000000,407.22
39.30,76794.08,33.60,2279.28,9.81,-0.51,0.57,-4.411,-0.128,-0.038,-0.23,-8.35,-3.80,0.000000,0.000000,407.77
39.32,76845.42,33.60,2272.55,9.18,-0.73,0.69,-4.377,0.186,-0.449,-0.23,-7.87,-1.54,0.000000,0.000000,408.30
39.31,76897.28,33.61,2267.15,9.89,0.31,1.16,-3.988,0.171,0.259,1.78,-9.78,-1.08,0.000000,0.000000,408.84
39.32,76964.13,33.61,2260.19,9.37,-0.89,0.67,-4.211,-0.099,-0.166,-0.74,-7.39,-0.63,0.000000,0.000000,409.39
39.32,77020.68,33.62,2254.31,11.04,-0.07,1.04,-4.209,-0.456,-0.362,0.77,-9.30,-1.99,0.000000,0.000000,409.93
39.32,77079.86,33.62,2248.16,9.58,-0.23,0.14,-4.296,0.027,-0.793,0.77,-7.39,-1.99,0.000000,0.000000,410.47
39.33,77132.25,33.62,2242.72,10.71,0.52,0.33,-4.255,0.163,-0.615,1.78,-9.78,-2.44,0.000000,0.000000,411.01
39.33,77199.52,33.63,2235.74,9.88,0.44,0.41,-4.332,0.318,-0.642,0.77,-6.92,-3.35,0.000000,0.000000,411.55
39.34,77257.48,33.62,2229.72,14.45,0.16,1.65,-4.261,-0.128,-0.194,1.27,-12.16,-0.63,0.000000,0.000000,412.09
39.34,77316.66,33.65,2223.59,11.98,-0.85,0.54,-4.445,0.022,-0.494,0.27,-10.25,-2.44,0.000000,0.000000,412.63
39.34,77366.91,33.63,2218.38,9.54,-0.99,0.69,-4.434,-0.295,0.026,0.27,-6.44,-3.35,0.000000,0.000000,413.17
39.35,77433.15,33.65,2211.52,9.67,-0.10,0.81,-4.479,0.088,-0.378,0.77,-8.35,-1.54,0.000000,0.000000,413.71
39.35,77480.86,33.63,2206.59,10.44,-0.28,0.50,-4.595,0.061,-0.621,0.27,-9.78,-3.35,0.000000,0.000000,414.25
39.36,77537.84,33.65,2200.69,10.60,0.05,1.30,-4.510,-0.038,-0.436,1.27,-8.82,-1.08,0.000000,0.000000,414.79
39.29,77591.80,33.65,2195.12,8.98,-0.20,0.22,-4.327,0.110,-0.007,0.77,-7.39,-1.54,0.000000,0.000000,415.33
39.31,77647.75,33.66,2189.34,11.04,-0.63,0.96,-4.505,0.099,-0.523,0.27,-8.35,-3.80,0.000000,0.000000,415.87
39.32,77707.98,33.66,2183.12,8.54,0.08,0.52,-4.439,0.132,-0.476,1.27,-6.92,-1.08,0.000000,0.000000,416.41
39.32,77762.53,33.66,2177.49,8.71,0.14,0.48,-4.350,0.192,-0.432,0.77,-7.39,-1.54,0.000000,0.000000,416.95
39.33,77829.53,33.67,2170.58,9.22,-1.19,1.69,-4.144,-0.167,0.108,-1.24,-7.39,-1.54,0.000000,0.000000,417.49
39.33,77884.25,33.67,2164.94,11.12,0.33,0.29,-4.510,-0.164,-0.749,2.28,-7.87,-2.44,0.000000,0.000000,418.03
39.33,77950.64,33.67,2158.10,7.52,-0.05,0.75,-4.014,0.350,-0.536,0.77,-6.44,-2.44,0.000000,0.000000,418.57
39.35,78002.91,33.67,2152.72,8.15,0.03,0.51,-4.066,0.283,-0.226,0.27,-5.96,-5.16,0.000000,0.000000,419.11
39.37,78060.20,33.67,2146.83,9.77,-0.27,0.69,-4.061,-0.072,-0.146,1.27,-6.92,-1.08,0.000000,0.000000,419.65
39.36,78127.57,33.68,2139.90,9.23,0.13,0.77,-4.069,-0.001,-0.189,0.77,-7.87,-2.44,0.000000,0.000000,420.19
39.38,78243.86,33.71,2127.96,9.60,-0.12,0.64,-3.958,0.060,-0.302,0.27,-7.87,-1.54,0.000000,0.000000,421.27
39.37,78299.01,33.69,2122.30,9.19,-0.00,0.58,-3.932,0.328,-0.516,0.27,-8.35,-3.35,0.000000,0.000000,421.81
39.38,78364.06,33.71,2115.63,10.69,-0.05,1.04,-3.985,-0.270,0.097,0.27,-9.30,-1.08,0.000000,0.000000,422.36
39.37,78412.23,33.71,2110.69,7.86,-0.34,1.00,-3.813,0.183,0.185,0.27,-6.92,-0.63,0.000000,0.000000,422.89
39.39,78486.82,33.71,2103.05,11.56,-0.66,0.71,-4.575,-0.253,-0.846,0.27,-10.73,-2.44,0.000000,0.000000,423.44
39.39,78538.63,33.72,2097.75,10.62,-0.90,0.59,-4.338,0.192,-0.081,0.27,-8.82,-1.54,0.000000,0.000000,423.97
39.40,78594.20,33.74,2092.07,9.46,0.19,0.49,-4.441,0.264,-0.916,0.77,-8.82,-2.89,0.000000,0.000000,424.51
39.40,78657.02,33.71,2085.64,9.29,-0.42,0.49,-4.394,-0.134,-0.153,0.27,-7.39,-2.89,0.000000,0.000000,425.06
39.39,78712.69,33.72,2079.96,10.57,-0.60,1.24,-4.341,-0.049,-0.363,1.27,-8.82,-1.08,0.000000,0.000000,425.60
39.39,78774.28,33.71,2073.67,7.81,-0.13,0.25,-4.285,0.195,-0.233,0.27,-7.39,-2.89,0.000000,0.000000,426.13
39.40,78827.27,33.73,2068.26,10.56,0.06,1.03,-4.397,0.043,-0.393,0.77,-8.82,-2.89,0.000000,0.000000,426.68
39.40,78891.25,33.73,2061.73,9.85,0.67,0.92,-4.162,0.034,-0.147,1.78,-8.82,-1.08,0.000000,0.000000,427.21
39.40,78943.98,33.73,2056.36,10.38,-0.05,1.00,-4.118,0.585,-0.200,0.27,-8.82,-1.08,0.000000,0.000000,427.76
39.40,79010.55,33.74,2049.58,8.34,-0.14,1.13,-4.219,-0.103,-0.146,0.77,-5.96,-0.63,0.000000,0.000000,428.30
39.40,79064.74,33.73,2044.06,9.89,0.07,1.15,-4.209,0.108,-0.337,1.27,-7.87,-1.99,0.000000,0.000000,428.83
39.41,79131.58,33.74,2037.26,9.43,-0.56,0.44,-4.401,-0.000,-0.442,0.27,-8.35,-2.89,0.000000,0.000000,429.38
39.42,79182.72,33.73,2032.06,8.84,-0.28,0.85,-4.187,0.163,-0.114,0.77,-6.92,-0.63,0.000000,0.000000,429.92
39.42,79239.88,33.74,2026.25,9.85,-0.18,0.65,-4.375,0.073,-0.462,0.77,-8.82,-1.99,0.000000,0.000000,430.46
39.42,79309.20,33.74,2019.21,10.80,-0.69,0.20,-4.550,0.117,-0.494,0.27,-9.78,-3.35,0.000000,0.000000,431.00
39.43,79369.85,33.74,2013.05,9.27,-0.11,0.36,-4.483,0.102,-0.525,0.27,-6.44,-1.08,0.000000,0.000000,431.54
39.42,79430.55,33.76,2006.90,9.41,-0.43,0.50,-4.410,0.063,-0.049,-0.23,-9.30,-2.44,0.000000,0.000000,432.08
39.43,79490.75,33.76,2000.80,11.38,0.13,1.17,-4.505,0.464,-0.518,0.27,-9.30,-1.08,0.000000,0.000000,432.62
39.43,79560.12,33.76,1993.77,8.76,0.01,0.77,-4.652,-0.137,-0.557,1.27,-7.39,-1.08,0.000000,0.000000,433.16
39.43,79611.61,33.77,1988.56,11.34,-0.83,0.69,-4.653,0.139,-0.177,-0.23,-10.25,-2.44,0.000000,0.000000,433.70
39.44,79680.91,33.77,1981.54,9.18,-0.40,0.42,-4.694,0.185,-0.920,0.77,-7.87,-0.63,0.000000,0.000000,434.24
39.44,79740.29,33.78,1975.54,11.42,0.07,0.40,-4.674,0.302,-0.359,1.27,-8.82,-1.99,0.000000,0.000000,434.78
39.45,79794.30,33.77,1970.08,8.66,-0.22,0.64,-4.545,0.010,-0.116,0.27,-7.87,-2.89,0.000000,0.000000,435.32
39.45,79862.64,33.77,1963.18,11.90,0.31,0.83,-4.747,0.141,-0.746,2.28,-9.30,-1.08,0.000000,0.000000,435.86
39.45,79918.27,33.77,1957.57,8.71,-0.56,0.67,-4.569,0.261,-0.116,0.77,-7.87,-1.54,0.000000,0.000000,436.40
39.45,79982.13,33.78,1951.13,10.29,-0.25,1.03,-4.603,0.459,-0.407,0.27,-9.30,-2.89,0.000000,0.000000,436.94
39.45,80039.13,33.78,1945.38,7.76,-0.04,0.29,-4.835,-0.411,-0.338,1.27,-5.96,-1.99,0.000000,0.000000,437.48
39.45,80104.09,33.78,1938.84,9.41,-0.28,0.99,-4.447,0.090,-0.178,-0.74,-8.35,-1.08,0.000000,0.000000,438.02
39.47,80165.09,33.78,1932.69,9.18,-0.04,0.51,-4.629,0.395,-0.761,1.27,-7.39,-2.89,0.000000,0.000000,438.56
39.46,80226.26,33.78,1926.54,9.44,-0.42,0.88,-4.506,-0.088,0.058,0.27,-7.39,-1.08,0.000000,0.000000,439.10
39.48,80291.56,33.78,1919.97,10.55,-0.76,1.29,-4.484,-0.113,0.047,-0.74,-10.73,-1.08,0.000000,0.000000,439.64
39.47,80345.91,33.81,1914.51,10.00,-0.55,0.70,-4.806,-0.214,-0.808,0.77,-8.35,-0.63,0.000000,0.000000,440.18
39.47,80414.80,33.81,1907.59,9.58,-0.54,0.43,-4.602,-0.265,-0.157,-1.24,-8.82,-0.63,0.000000,0.000000,440.72
39.47,80466.30,33.81,1902.43,10.86,0.25,0.90,-4.353,0.394,-0.555,0.77,-10.73,-1.99,0.000000,0.000000,441.26
39.47,80539.11,33.81,1895.12,9.55,-0.28,0.58,-4.218,0.320,0.066,0.77,-6.92,-1.08,0.000000,0.000000,441.80
39.48,80599.89,33.81,1889.03,8.33,-0.36,1.31,-4.091,0.093,-0.195,-0.23,-7.39,-1.08,0.000000,0.000000,442.34
39.49,80670.93,33.81,1881.91,10.95,-0.12,0.98,-4.109,-0.205,-0.051,0.27,-9.30,-3.80,0.000000,0.000000,442.88
39.49,80729.45,33.79,1876.05,10.25,-0.38,0.54,-4.176,-0.136,-0.284,-0.23,-8.82,-1.08,0.000000,0.000000,443.42
39.49,80805.45,33.81,1868.45,10.79,-0.57,1.41,-4.016,-0.067,0.096,0.27,-9.78,-1.54,0.000000,0.000000,443.96
39.50,80862.56,33.81,1862.74,10.58,-0.57,0.64,-4.603,-0.131,-0.682,0.27,-8.82,-0.18,0.000000,0.000000,444.50
39.49,80931.25,33.82,1855.88,7.84,-0.53,0.94,-4.276,-0.449,0.042,-0.23,-5.48,-0.18,0.000000,0.000000,445.04
39.50,80993.09,33.82,1849.71,9.93,-0.47,0.11,-4.518,0.173,-0.403,0.27,-9.78,-3.80,0.000000,0.000000,445.58
39.50,81047.71,33.83,1844.26,9.08,-0.49,1.23,-4.317,-0.032,-0.113,0.77,-7.39,-0.63,0.000000,0.000000,446.12
39.51,81119.19,33.83,1837.13,10.88,-0.19,0.95,-4.382,0.178,0.091,-0.74,-9.78,-1.08,0.000000,0.000000,446.66
39.51,81172.08,33.83,1831.86,9.45,-0.03,0.60,-4.808,0.034,-0.867,0.77,-7.39,-1.99,0.000000,0.000000,447.20
39.51,81239.20,33.83,1825.17,9.11,0.62,0.45,-4.674,0.073,-0.383,1.78,-5.96,-1.54,0.000000,0.000000,447.74
39.51,81293.30,33.82,1819.79,11.15,-0.34,1.17,-4.582,0.620,-0.347,-0.23,-9.78,-1.54,0.000000,0.000000,448.28
39.52,81361.64,33.82,1812.99,9.77,-0.41,1.13,-4.569,-0.382,0.198,0.27,-6.92,-0.63,0.000000,0.000000,448.82
39.52,81421.97,33.83,1806.99,10.21,-0.43,0.30,-4.973,0.075,-0.980,0.77,-9.78,-1.99,0.000000,0.000000,449.36
39.53,81491.32,33.82,1800.10,10.23,0.13,0.97,-4.472,0.097,-0.124,0.27,-8.35,-1.99,0.000000,0.000000,449.90
39.54,81547.08,33.83,1794.57,10.53,-0.01,0.87,-4.559,0.251,-0.685,1.27,-8.35,-1.08,0.000000,0.000000,450.44
39.54,81599.97,33.83,1789.32,10.84,-0.03,0.91,-4.437,-0.125,-0.124,0.27,-9.30,-1.54,0.000000,0.000000,450.98
39.55,81671.06,33.84,1782.27,9.86,-0.51,0.46,-4.427,-0.168,-0.413,-0.23,-7.87,-3.80,0.000000,0.000000,451.52
39.54,81723.69,33.84,1777.05,12.05,-0.75,0.74,-4.211,0.119,-0.683,0.27,-11.68,-2.44,0.000000,0.000000,452.06
39.55,81787.73,33.83,1770.71,10.31,-0.02,0.61,-4.036,0.012,-0.279,-0.23,-9.78,-1.08,0.000000,0.000000,452.61
39.54,81844.33,33.83,1765.10,10.31,-0.60,0.57,-4.104,0.153,-0.723,0.27,-9.30,-2.89,0.000000,0.000000,453.14
39.55,81913.87,33.83,1758.22,9.61,-0.53,0.88,-3.853,-0.332,-0.116,0.27,-7.39,-1.54,0.000000,0.000000,453.68
39.55,81969.19,33.83,1752.75,9.37,0.11,1.12,-3.699,0.142,-0.520,0.77,-8.35,-1.99,0.000000,0.000000,454.22
39.55,82040.70,33.83,1745.69,9.76,-0.69,0.57,-3.693,-0.055,-0.282,0.27,-6.92,-0.63,0.000000,0.000000,454.76
39.55,82096.88,33.85,1740.14,11.75,-0.48,0.82,-3.665,0.024,-0.338,0.27,-11.21,-1.99,0.000000,0.000000,455.31
39.56,82156.63,33.83,1734.24,11.06,-0.27,1.33,-3.557,0.246,0.142,-0.74,-8.35,-1.08,0.000000,0.000000,455.85
39.56,82227.14,33.83,1727.29,9.12,0.10,0.85,-3.755,0.168,-0.084,0.77,-6.92,-0.63,0.000000,0.000000,456.39
39.56,82280.59,33.85,1722.02,9.18,0.11,0.23,-3.912,0.394,-0.443,0.77,-8.82,-1.99,0.000000,0.000000,456.92
39.55,82353.34,33.86,1714.85,10.30,-0.75,1.36,-4.047,0.141,-0.526,-0.23,-8.82,-1.99,0.000000,0.000000,457.47
39.55,82410.91,33.86,1709.18,9.75,-0.26,0.50,-4.119,0.387,-0.504,1.27,-7.87,-1.54,0.000000,0.000000,458.00
39.57,82479.42,33.86,1702.44,10.31,-0.52,1.01,-4.595,-0.106,-0.723,0.27,-9.78,-1.08,0.000000,0.000000,458.55
39.56,82538.08,33.87,1696.68,11.47,-0.07,1.08,-4.598,0.257,-0.286,1.27,-9.30,0.28,0.000000,0.000000,459.09
39.56,82607.52,33.87,1689.85,8.70,-0.48,0.52,-4.835,0.305,-0.332,0.27,-7.87,-1.08,0.000000,0.000000,459.62
39.57,82663.70,33.87,1684.34,10.49,-0.14,0.78,-4.997,-0.145,-0.424,0.77,-9.30,-1.99,0.000000,0.000000,460.17
39.57,82721.91,33.87,1678.62,9.13,-0.48,0.36,-4.880,0.248,-0.163,0.77,-6.92,-1.54,0.000000,0.000000,460.70
39.58,82794.27,33.86,1671.53,10.36,-0.38,0.85,-5.105,0.186,-0.926,-0.23,-9.30,-1.99,0.000000,0.000000,461.25
39.58,82848.72,33.87,1666.19,7.67,0.00,0.95,-4.767,-0.074,-0.049,0.27,-5.48,-3.80,0.000000,0.000000,461.79
39.58,82925.09,33.86,1658.71,9.62,-0.02,0.87,-4.599,0.439,-0.150,0.77,-7.87,-1.54,0.000000,0.000000,462.33
39.58,82985.95,33.86,1652.75,8.87,-0.50,0.41,-4.913,-0.254,-0.407,-0.23,-6.44,-1.99,0.000000,0.000000,462.87
39.59,83062.98,33.87,1645.21,10.26,0.67,1.04,-4.556,0.033,-0.545,2.28,-8.82,-1.08,0.000000,0.000000,463.41
39.59,83115.05,33.85,1640.12,9.28,-0.22,0.96,-4.376,0.132,0.070,0.27,-8.35,-1.54,0.000000,0.000000,463.94
39.58,83187.70,33.86,1633.02,10.08,-0.27,0.85,-4.518,0.001,-0.489,0.27,-7.87,-1.99,0.000000,0.000000,464.49
39.60,83247.92,33.85,1627.14,10.16,-0.23,0.93,-4.096,0.346,0.063,0.77,-7.87,-1.54,0.000000,0.000000,465.03
39.60,83320.19,33.87,1621.20,8.65,-0.50,0.12,-4.639,-0.537,-0.661,-0.23,-7.87,-2.44,0.000000,0.000000,465.57
39.60,83384.66,33.87,1613.81,10.43,-0.27,1.02,-4.214,0.018,-0.591,0.27,-9.30,-1.54,0.000000,0.000000,466.11
39.61,83441.21,33.87,1608.29,10.77,-0.25,1.00,-4.022,-0.272,-0.126,0.77,-9.30,-1.99,0.000000,0.000000,466.65
39.60,83506.41,33.86,1601.94,10.38,0.24,0.55,-3.963,0.615,-0.796,1.27,-9.78,-2.44,0.000000,0.000000,467.19
39.61,83571.36,33.86,1595.62,10.45,-0.23,1.05,-3.778,0.229,0.160,1.27,-8.82,-1.08,0.000000,0.000000,467.73
39.61,83638.63,33.86,1589.08,10.63,-0.63,0.91,-4.194,-0.043,-0.396,-0.23,-9.30,-1.99,0.000000,0.000000,468.27
39.62,83699.98,33.87,1583.11,11.11,0.00,0.59,-4.308,0.203,-0.721,0.77,-8.35,-2.44,0.000000,0.000000,468.81
39.62,83772.05,33.89,1576.11,9.58,-0.46,0.56,-4.431,0.314,-0.237,1.27,-6.92,-1.54,0.000000,0.000000,469.35
39.62,83830.52,33.87,1570.43,9.93,0.02,0.82,-4.801,0.284,-0.741,0.27,-8.82,-1.54,0.000000,0.000000,469.89
39.62,83899.45,33.86,1564.75,9.50,-0.57,0.68,-5.213,-0.197,-0.441,-0.23,-6.92,-1.54,0.000000,0.000000,470.43
39.63,83955.85,33.87,1558.28,11.06,-0.12,0.32,-5.380,0.275,-0.822,-0.23,-9.30,-1.99,0.000000,0.000000,470.97
39.63,84016.72,33.86,1552.38,9.59,0.03,1.24,-5.189,0.746,-0.291,0.27,-6.92,-2.44,0.000000,0.000000,471.51
39.62,84082.31,33.88,1546.02,9.09,-0.89,0.59,-5.958,-0.068,-0.256,0.27,-7.39,-0.63,0.000000,0.000000,472.05
39.63,84141.77,33.88,1540.27,10.48,-0.70,0.55,-6.296,-0.186,-1.035,-0.74,-8.35,-1.99,0.000000,0.000000,472.59
39.63,84213.33,33.88,1533.34,10.50,-0.04,0.80,-5.620,-0.133,-0.021,0.77,-8.35,-1.99,0.000000,0.000000,473.15
39.63,84263.53,33.88,1528.49,10.12,-0.53,0.56,-5.343,0.424,0.261,0.27,-7.87,-3.35,0.000000,0.000000,473.68
39.63,84342.16,33.88,1520.89,9.73,-0.07,0.70,-5.472,-0.172,-0.980,1.27,-7.87,-1.54,0.000000,0.000000,474.23
39.63,84394.45,33.90,1515.84,8.66,-0.20,0.24,-5.159,-0.313,-0.340,0.27,-6.92,-2.44,0.000000,0.000000,474.77
39.63,84467.73,33.89,1508.77,9.36,-0.17,0.29,-4.991,-0.010,-0.684,0.77,-8.35,-2.89,0.000000,0.000000,475.31
39.64,84530.52,33.88,1502.72,9.07,0.31,0.48,-4.873,0.362,-0.816,2.28,-6.92,-1.54,0.000000,0.000000,475.84
39.64,84595.55,33.86,1496.45,8.70,-0.09,0.42,-4.829,-0.301,-0.708,0.27,-7.87,-1.54,0.000000,0.000000,476.39
39.64,84656.11,33.88,1490.61,11.17,-0.70,0.62,-4.669,-0.585,-0.619,0.27,-9.78,-2.44,0.000000,0.000000,476.93
39.63,84714.61,33.87,1484.98,11.65,-0.03,0.63,-4.483,0.131,-0.840,0.27,-9.78,-2.89,0.000000,0.000000,477.47
39.67,84787.98,33.87,1477.92,9.70,-0.27,0.68,-4.247,-0.047,-0.202,0.27,-8.82,-2.44,0.000000,0.000000,478.01
39.67,84853.52,33.87,1471.62,10.53,-0.84,1.44,-4.062,0.026,-0.438,0.27,-8.35,-0.63,0.000000,0.000000,478.55
39.67,84919.08,33.88,1465.32,10.41,-0.71,1.09,-3.821,-0.068,-0.138,-0.23,-9.30,-1.08,0.000000,0.000000,479.09
39.67,84976.88,33.87,1459.77,11.73,-0.64,0.97,-3.970,-0.420,-0.321,0.27,-10.25,-2.89,0.000000,0.000000,479.63
39.68,85051.56,33.87,1452.60,11.63,-0.27,0.63,-3.980,0.378,-1.125,2.28,-9.30,-1.99,0.000000,0.000000,480.17
39.69,85113.13,33.88,1446.70,9.88,0.30,0.66,-3.684,0.400,-0.046,1.78,-8.35,-3.35,0.000000,0.000000,480.71
39.67,85180.98,33.87,1440.20,8.00,0.63,0.73,-3.871,1.060,-0.614,1.78,-6.44,-2.44,0.000000,0.000000,481.25
39.69,85246.48,33.87,1433.92,11.08,-0.55,1.16,-4.671,-0.044,0.091,0.77,-9.30,-1.08,0.000000,0.000000,481.79
39.69,85312.21,33.89,1427.73,9.06,-0.65,0.92,-4.851,-0.064,-0.410,-0.23,-7.87,-1.99,0.000000,0.000000,482.33
39.70,85372.61,33.87,1421.85,8.26,-0.41,0.13,-5.340,-0.309,-0.905,0.77,-6.92,-1.54,0.000000,0.000000,482.87
39.69,85429.73,33.87,1416.39,11.71,0.24,0.31,-5.329,0.862,-1.110,0.27,-9.78,-2.89,0.000000,0.000000,483.41
39.70,85504.28,33.87,1409.27,11.15,-0.04,0.97,-5.254,0.361,0.231,1.27,-10.73,-1.54,0.000000,0.000000,483.95
39.70,85556.22,33.88,1404.30,10.09,-1.31,0.65,-6.058,-0.299,-0.331,-0.23,-8.82,-2.89,0.000000,0.000000,484.50
39.70,85626.63,33.88,1397.58,10.47,0.01,0.40,-5.986,0.004,-0.893,0.77,-8.82,-2.44,0.000000,0.000000,485.03
39.70,85680.98,33.87,1392.40,9.85,-0.28,0.40,-5.542,0.156,0.001,-0.23,-8.35,-3.80,0.000000,0.000000,485.57
39.71,85753.09,33.87,1385.53,9.82,-1.17,0.81,-5.742,-0.078,-0.644,-0.23,-7.39,-1.08,0.000000,0.000000,486.11
39.71,85810.39,33.87,1380.07,9.63,-0.65,0.63,-5.504,-0.159,-0.589,-0.23,-8.35,-3.35,0.000000,0.000000,486.66
39.61,85864.89,33.86,1374.88,10.22,-0.20,0.91,-5.007,0.442,-0.152,0.27,-7.87,-3.80,0.000000,0.000000,487.19
39.63,85923.19,33.86,1369.33,9.81,-0.16,0.17,-5.370,-0.385,-0.759,0.77,-6.92,-1.99,0.000000,0.000000,487.73
39.64,85985.13,33.86,1363.44,11.78,-0.13,0.59,-5.077,0.276,-0.815,1.78,-10.25,-1.54,0.000000,0.000000,488.30
39.68,86053.77,33.86,1356.91,9.92,0.00,0.15,-5.264,0.039,-1.142,0.77,-8.35,-1.99,0.000000,0.000000,488.81
39.67,86109.19,33.84,1351.65,9.35,0.41,0.49,-5.092,0.167,-0.659,0.77,-8.35,-1.99,0.000000,0.000000,489.35
39.68,86175.09,33.87,1345.39,10.09,0.26,0.47,-5.019,0.708,-0.452,1.27,-7.87,-1.08,0.000000,0.000000,489.90
39.68,86232.74,33.86,1339.92,10.63,-0.32,0.67,-5.600,0.454,-0.969,1.27,-8.82,-1.99,0.000000,0.000000,490.44
39.68,86294.37,33.85,1334.07,9.77,-0.32,0.66,-5.805,-0.129,-0.872,0.27,-7.87,-1.99,0.000000,0.000000,490.98
39.69,86350.09,33.87,1328.79,9.28,0.33,0.89,-5.237,0.673,-0.080,1.78,-7.39,-2.44,0.000000,0.000000,491.51
39.70,86423.64,33.86,1321.82,10.08,-0.86,0.73,-5.811,0.099,-0.652,-0.23,-8.35,-1.08,0.000000,0.000000,492.06
39.70,86478.68,33.84,1316.61,8.97,-0.41,-0.08,-6.102,-0.049,-1.121,0.27,-7.87,-2.44,0.000000,0.000000,492.60
39.71,86531.50,33.85,1311.61,8.63,0.14,0.53,-5.435,0.093,-0.320,0.77,-5.96,-1.08,0.000000,0.000000,493.14
39.71,86599.88,33.86,1305.15,9.89,-0.05,1.08,-5.023,0.345,0.091,0.77,-7.87,-0.63,0.000000,0.000000,493.68
39.70,86653.91,33.84,1300.04,8.79,-0.77,0.74,-5.098,0.311,-0.232,-0.23,-6.92,-1.54,0.000000,0.000000,494.22
39.70,86723.64,33.84,1293.45,9.20,-0.44,0.67,-5.232,-0.816,-0.291,0.27,-6.92,-1.54,0.000000,0.000000,494.76
39.70,86772.33,33.84,1288.86,10.78,-1.05,0.54,-4.723,0.500,-0.292,-0.74,-9.78,-2.44,0.000000,0.000000,495.30
39.73,86846.02,33.85,1281.90,9.52,0.07,0.30,-4.950,-0.445,-0.964,1.27,-7.39,-5.16,0.000000,0.000000,495.84
39.72,86895.74,33.85,1277.21,9.51,-0.31,0.42,-4.415,0.253,-0.305,1.27,-7.39,-1.99,0.000000,0.000000,496.38
39.72,86959.44,33.83,1271.21,8.93,0.14,0.36,-4.242,0.627,-1.141,0.77,-7.87,-1.99,0.000000,0.000000,496.92
39.72,87016.77,33.83,1265.81,10.16,0.45,0.81,-3.816,0.441,0.300,0.77,-8.82,-2.89,0.000000,0.000000,497.46
39.73,87070.11,33.83,1260.79,8.44,-0.28,0.99,-3.696,0.424,0.010,0.77,-7.39,-1.54,0.000000,0.000000,498.00
39.74,87142.79,33.84,1253.95,8.94,-0.34,1.28,-3.719,0.148,0.042,-0.23,-9.30,-2.89,0.000000,0.000000,498.54
39.74,87198.73,33.83,1248.69,9.73,-0.29,1.21,-3.651,0.144,0.048,0.27,-7.39,-1.54,0.000000,0.000000,499.09
39.74,87260.89,33.84,1242.84,9.42,-0.48,0.99,-3.625,0.245,0.103,0.27,-7.39,-2.44,0.000000,0.000000,499.63
39.73,87315.79,33.84,1237.69,9.10,-0.46,1.00,-3.981,-0.082,-0.612,0.77,-5.96,-0.18,0.000000,0.000000,500.17
39.74,87385.38,33.83,1231.15,8.90,-0.03,0.71,-3.593,0.674,0.020,0.27,-7.39,-1.54,0.000000,0.000000,500.71
39.74,87437.17,33.85,1226.29,10.32,-0.58,1.12,-4.248,-0.253,-0.957,0.77,-8.82,0.28,0.000000,0.000000,501.25
39.73,87508.31,33.84,1219.62,8.96,-0.07,0.66,-4.103,0.002,-0.485,1.27,-6.92,-1.54,0.000000,0.000000,501.79
39.74,87567.20,33.84,1214.10,10.49,-0.72,0.87,-4.320,0.245,-0.831,-0.23,-8.82,-1.99,0.000000,0.000000,502.33
39.74,87636.09,33.83,1207.65,10.91,-0.58,0.42,-4.621,-0.537,-0.923,0.27,-9.30,-1.54,0.000000,0.000000,502.87
39.75,87687.77,33.84,1202.81,9.51,-0.10,0.19,-4.504,0.321,-0.977,0.77,-7.39,-1.99,0.000000,0.000000,503.41
39.75,87747.86,33.83,1197.19,10.42,-0.07,0.45,-4.574,0.244,-1.079,1.78,-8.82,-3.80,0.000000,0.000000,503.95
39.75,87810.55,33.84,1191.33,9.20,-0.06,0.29,-4.696,0.010,-0.851,1.27,-6.44,-1.08,0.000000,0.000000,504.49
39.75,87867.19,33.83,1186.03,9.61,-0.08,0.75,-4.508,0.226,-0.771,0.77,-8.35,-1.99,0.000000,0.000000,505.03
39.76,87928.15,33.83,1180.34,10.00,-0.47,1.11,-4.512,-0.053,-0.378,0.77,-8.35,-3.35,0.000000,0.000000,505.57
39.77,87987.75,33.83,1174.77,11.35,-0.21,0.98,-4.690,0.141,-0.770,-0.23,-9.30,-1.08,0.000000,0.000000,506.11
39.78,88050.45,33.83,1168.92,10.75,-0.32,0.38,-4.997,-0.396,-1.040,0.27,-8.82,-2.44,0.000000,0.000000,506.65
39.78,88104.69,33.82,1163.86,9.98,-0.14,0.42,-4.789,0.220,-0.737,1.78,-7.87,-1.08,0.000000,0.000000,507.19
39.78,88220.58,33.79,1153.06,8.54,0.20,0.31,-4.999,0.150,-0.874,1.27,-6.44,-2.89,0.000000,0.000000,508.27
39.78,88272.56,33.80,1148.22,9.23,-0.34,0.17,-5.078,0.349,-0.963,1.27,-7.39,-1.99,0.000000,0.000000,508.81
39.79,88334.23,33.79,1142.48,9.37,-0.13,0.72,-4.827,0.477,-0.131,0.27,-9.30,-1.54,0.000000,0.000000,509.35
39.80,88389.91,33.79,1137.31,8.91,-0.19,0.41,-5.223,0.450,-0.542,1.27,-6.92,-1.08,0.000000,0.000000,509.89
39.80,88450.36,33.78,1131.69,10.24,-0.57,0.48,-5.442,-0.262,-0.534,0.27,-9.30,-1.99,0.000000,0.000000,510.43
39.80,88500.12,33.79,1127.06,9.73,-0.52,0.59,-5.226,0.328,-0.420,0.27,-7.39,-3.80,0.000000,0.000000,510.97
39.80,88561.25,33.78,1121.39,10.22,0.25,0.38,-5.310,0.260,-0.738,1.27,-8.35,-1.99,0.000000,0.000000,511.51
39.80,88619.83,33.79,1115.95,9.65,-0.23,0.70,-4.975,0.368,-0.050,-0.23,-8.35,-1.54,0.000000,0.000000,512.05
39.79,88674.37,33.81,1110.92,10.12,-0.53,0.96,-5.094,0.045,-0.264,0.27,-8.35,-0.63,0.000000,0.000000,512.59
39.81,88729.02,33.77,1105.82,10.96,-0.02,0.61,-5.023,0.084,-0.619,-0.74,-9.30,-1.54,0.000000,0.000000,513.13
39.81,88777.39,33.77,1101.34,9.34,-0.22,0.88,-4.606,0.076,-0.170,0.27,-7.87,-2.89,0.000000,0.000000,513.67
39.81,88837.16,33.77,1095.80,9.99,-0.10,0.57,-4.643,0.022,-0.825,0.77,-8.35,-1.08,0.000000,0.000000,514.21
39.80,88882.59,33.77,1091.59,9.87,-0.56,0.89,-4.340,-0.313,-0.043,0.27,-9.30,-2.44,0.000000,0.000000,514.75
39.81,88947.73,33.77,1085.56,11.58,0.09,1.21,-4.149,0.385,-0.577,1.27,-9.30,-1.99,0.000000,0.000000,515.29
39.82,88993.02,33.76,1081.38,9.96,-0.05,0.79,-4.073,0.226,-0.331,0.77,-8.35,-2.44,0.000000,0.000000,515.83
39.82,89051.23,33.75,1075.99,9.45,-0.24,1.17,-3.955,0.124,-0.059,0.77,-7.39,-2.89,0.000000,0.000000,516.37
39.82,89105.85,33.75,1070.95,9.59,-0.18,0.58,-4.105,0.138,-0.508,0.77,-8.35,-1.54,0.000000,0.000000,516.91
39.82,89158.70,33.74,1066.06,10.41,-0.58,1.17,-4.125,0.227,-0.340,-0.23,-9.30,-1.99,0.000000,0.000000,517.46
39.80,89217.41,33.76,1060.65,10.29,-0.15,0.74,-4.288,0.204,-0.764,0.77,-8.82,-3.35,0.000000,0.000000,517.99
39.83,89274.00,33.75,1055.42,9.42,-0.31,0.61,-4.394,0.213,-0.577,0.27,-7.39,-1.99,0.000000,0.000000,518.53
39.83,89333.93,33.75,1049.90,9.48,-0.31,0.48,-4.543,0.115,-0.704,0.77,-7.39,-3.35,0.000000,0.000000,519.07
39.83,89381.80,33.77,1045.48,9.68,0.25,0.43,-4.518,0.619,-0.626,1.78,-7.87,-0.63,0.000000,0.000000,519.61
39.83,89442.28,33.75,1039.91,9.12,-0.55,0.64,-4.681,0.372,-0.419,0.77,-7.87,-3.35,0.000000,0.000000,520.15
39.82,89490.96,33.75,1035.43,10.19,0.02,0.62,-4.806,0.223,-0.567,1.27,-8.35,-1.08,0.000000,0.000000,520.70
39.82,89547.13,33.76,1030.26,10.70,-0.54,0.29,-5.041,0.369,-0.747,0.77,-8.82,-1.99,0.000000,0.000000,521.24
39.84,89604.73,33.73,1024.96,10.08,-0.08,0.76,-5.029,0.189,-0.747,0.27,-10.25,-2.89,0.000000,0.000000,521.78
39.84,89664.18,33.69,1020.42,9.69,-0.11,0.36,-4.902,0.264,-0.348,0.77,-6.92,-0.18,0.000000,0.000000,522.31
39.85,89715.39,33.73,1014.79,10.02,-0.37,0.80,-4.784,0.386,-0.424,0.27,-8.82,-2.44,0.000000,0.000000,522.85
39.85,89766.20,33.72,1010.12,10.09,0.24,0.36,-4.946,0.283,-0.826,1.78,-8.35,-3.35,0.000000,0.000000,523.39
39.85,89828.25,33.72,1004.42,10.58,-0.47,0.63,-4.806,-0.352,-0.217,0.27,-9.30,-1.99,0.000000,0.000000,523.94
39.85,89882.02,33.72,999.49,9.30,-0.62,0.44,-4.640,-0.094,-0.471,-0.23,-8.35,-4.25,0.000000,0.000000,524.48
39.87,89948.78,33.72,993.37,10.25,-0.43,0.98,-4.337,-0.437,-0.503,1.27,-8.35,-0.63,0.000000,0.000000,525.02
39.86,90008.91,33.72,987.86,9.73,-0.23,0.85,-3.969,0.110,-0.313,0.27,-7.87,-1.54,0.000000,0.000000,525.55
39.87,90071.32,33.73,982.14,10.02,-0.05,0.96,-3.836,-0.230,-0.518,0.77,-9.30,-1.99,0.000000,0.000000,526.10
39.86,90121.57,33.71,977.54,9.96,-0.99,0.30,-3.550,-0.305,0.253,-0.23,-8.35,-1.99,0.000000,0.000000,526.64
39.86,90187.06,33.72,972.62,8.49,-0.96,0.55,-3.785,-0.864,-0.315,-0.23,-6.92,-2.89,0.000000,0.000000,527.18
39.86,90239.98,33.71,966.70,10.22,-0.52,0.55,-3.657,-0.245,-0.065,0.27,-7.39,-1.99,0.000000,0.000000,527.72
39.87,90289.95,33.70,962.14,8.52,-0.31,0.74,-3.509,0.108,-0.506,0.77,-7.39,-1.54,0.000000,0.000000,528.26
39.87,90350.81,33.68,956.57,9.66,0.46,0.42,-3.408,0.423,-0.379,1.27,-7.39,-1.99,0.000000,0.000000,528.79
39.86,90400.70,33.70,952.02,7.92,-0.18,0.75,-3.152,0.534,0.110,0.27,-6.44,-1.54,0.000000,0.000000,529.33
39.87,90467.84,33.70,945.89,11.03,-0.06,1.12,-3.244,0.028,0.002,0.77,-11.68,-1.54,0.000000,0.000000,529.88
39.86,90523.29,33.70,940.83,8.63,-0.27,0.77,-3.302,-0.361,-0.060,1.27,-6.44,-1.54,0.000000,0.000000,530.42
39.89,90593.94,33.70,934.39,10.30,-0.73,0.40,-3.611,-0.793,-0.457,0.27,-8.82,-2.44,0.000000,0.000000,530.96
39.88,90649.06,33.70,929.36,9.16,-0.38,0.43,-3.795,0.050,-1.451,0.77,-8.35,-2.89,0.000000,0.000000,531.50
39.89,90713.55,33.72,923.49,10.22,0.36,0.20,-3.978,0.305,-1.278,0.77,-8.35,-2.44,0.000000,0.000000,532.04
39.89,90777.20,33.70,917.70,9.71,0.31,0.71,-3.987,0.678,-0.779,1.27,-8.82,-2.44,0.000000,0.000000,532.57
39.88,90831.09,33.70,912.79,8.85,0.01,1.29,-4.009,0.336,-0.167,0.77,-7.39,-0.18,0.000000,0.000000,533.12
39.89,90896.30,33.69,906.86,10.03,-0.74,1.10,-4.256,-0.014,-0.104,-0.74,-9.30,-1.08,0.000000,0.000000,533.66
39.90,90954.63,33.69,901.56,10.16,-0.56,0.69,-4.604,-0.257,-0.816,0.27,-7.87,-1.99,0.000000,0.000000,534.20
39.89,91015.13,33.70,896.07,9.03,-0.02,0.25,-4.626,0.318,-1.084,0.77,-7.39,-1.99,0.000000,0.000000,534.74
39.90,91075.16,33.69,890.62,9.92,-0.15,0.93,-4.396,0.471,-0.299,0.27,-7.87,-2.44,0.000000,0.000000,535.28
39.90,91144.86,33.67,884.29,9.62,-0.53,0.85,-4.757,-0.010,-0.401,0.77,-7.39,-1.08,0.000000,0.000000,535.82
39.90,91197.59,33.69,879.51,11.19,-0.49,0.68,-5.108,-0.028,-0.755,-0.23,-10.25,-2.44,0.000000,0.000000,536.36
39.89,91248.32,33.71,874.91,11.57,0.14,0.38,-5.103,0.370,-0.998,1.78,-9.78,-3.80,0.000000,0.000000,536.90
39.92,91322.01,33.68,868.23,10.88,0.20,1.28,-4.901,0.473,-0.407,0.77,-8.82,-1.08,0.000000,0.000000,537.44
39.92,91373.69,33.68,863.55,9.87,-0.42,0.66,-4.952,0.317,-0.173,0.77,-8.82,-2.44,0.000000,0.000000,537.98
39.92,91448.96,33.67,856.74,8.85,-0.29,0.27,-5.197,0.309,-0.623,0.77,-6.92,-1.08,0.000000,0.000000,538.52
39.92,91502.17,33.67,851.93,9.23,0.30,0.62,-4.938,0.344,-0.242,0.27,-8.35,-1.99,0.000000,0.000000,539.06
39.92,91568.59,33.65,845.93,8.98,-0.54,0.80,-4.858,-0.116,-0.143,-0.23,-6.92,-3.80,0.000000,0.000000,539.60
39.91,91622.84,33.65,841.03,10.92,-0.01,1.11,-4.623,0.050,-0.510,1.27,-8.82,-1.08,0.000000,0.000000,540.14
39.92,91695.55,33.65,834.46,10.43,-1.21,0.76,-4.328,-0.405,-0.062,0.27,-9.30,-1.08,0.000000,0.000000,540.68
39.93,91751.42,33.65,829.42,9.21,-0.77,0.68,-4.079,-0.351,-0.066,-0.23,-6.92,-0.63,0.000000,0.000000,541.22
39.93,91809.36,33.65,824.19,10.90,-0.54,0.23,-4.183,-0.330,-0.890,-0.74,-9.78,-2.89,0.000000,0.000000,541.76
39.93,91882.03,33.65,817.64,10.46,0.28,0.52,-3.702,0.201,-0.546,1.78,-8.35,-3.80,0.000000,0.000000,542.30
39.93,91942.06,33.65,812.23,8.19,-0.22,1.11,-3.201,0.329,-0.032,0.77,-6.92,-0.63,0.000000,0.000000,542.84
39.93,92005.86,33.65,806.49,10.31,-1.31,0.83,-3.533,-0.655,-0.067,-0.74,-10.25,-1.99,0.000000,0.000000,543.38
39.94,92061.83,33.66,801.45,8.17,-0.52,1.16,-3.358,-0.009,-0.079,0.27,-6.44,-0.18,0.000000,0.000000,543.92
39.94,92133.25,33.66,795.03,9.41,-0.40,0.52,-3.776,-0.190,-0.401,0.27,-8.35,-1.99,0.000000,0.000000,544.46
39.94,92185.96,33.65,790.29,10.82,-0.74,0.93,-3.872,-0.411,-0.736,-0.23,-9.30,-4.71,0.000000,0.000000,545.00
39.95,92253.89,33.67,784.18,8.80,-0.26,0.40,-3.786,-0.159,-0.217,-0.23,-7.39,-1.08,0.000000,0.000000,545.54
39.94,92307.95,33.66,779.33,10.25,-0.50,0.25,-4.104,-0.132,-1.220,0.27,-8.82,-4.25,0.000000,0.000000,546.08
39.95,92365.23,33.64,774.19,9.87,0.32,0.57,-3.730,0.935,-0.372,1.27,-7.39,-1.08,0.000000,0.000000,546.62
39.95,92441.92,33.64,767.31,9.31,0.15,0.83,-3.882,0.385,-0.392,0.27,-7.39,-1.54,0.000000,0.000000,547.16
39.96,92498.69,33.66,762.22,9.81,-0.99,0.16,-4.400,-0.209,-1.046,-0.74,-8.35,-3.80,0.000000,0.000000,547.70
39.96,92572.42,33.65,755.61,11.15,0.15,0.48,-4.393,-0.304,-0.843,1.27,-10.25,-2.89,0.000000,0.000000,548.24
39.97,92634.06,33.65,750.09,12.34,0.51,0.14,-4.856,0.219,-1.305,0.77,-12.16,-3.35,0.000000,0.000000,548.78
39.97,92701.53,33.63,744.05,10.83,0.48,0.90,-4.609,0.295,-0.380,2.28,-8.35,-1.08,0.000000,0.000000,549.32
39.96,92759.27,33.65,738.89,9.74,0.04,0.81,-4.555,0.520,-0.306,0.27,-8.35,-1.99,0.000000,0.000000,549.86
39.97,92834.41,33.63,732.17,9.50,0.08,0.43,-4.740,-0.032,-0.484,1.27,-7.87,-4.25,0.000000,0.000000,550.40
39.97,92890.45,33.63,727.16,8.37,-0.08,0.01,-4.844,0.575,-0.807,0.27,-6.44,-1.99,0.000000,0.000000,550.94
39.97,92947.19,33.62,722.10,8.94,-0.43,0.52,-4.967,0.043,-0.531,-0.23,-8.35,-2.44,0.000000,0.000000,551.48
39.97,93015.53,33.62,716.00,9.40,-0.37,0.58,-4.596,-0.159,0.014,0.77,-6.92,-0.63,0.000000,0.000000,552.02
39.97,93072.08,33.62,710.95,11.34,-0.32,0.56,-4.511,0.045,-0.723,0.27,-10.73,-2.89,0.000000,0.000000,552.56
39.97,93139.75,33.61,704.92,10.36,0.29,0.32,-4.371,0.767,-0.951,1.78,-8.35,-3.35,0.000000,0.000000,553.10
39.96,93187.98,33.61,700.62,11.01,0.36,0.83,-4.249,0.874,-0.212,1.27,-9.78,-1.08,0.000000,0.000000,553.64
39.98,93260.27,33.60,694.18,11.89,-0.08,1.04,-4.385,0.402,-0.349,0.77,-10.73,-1.54,0.000000,0.000000,554.19
39.98,93315.29,33.60,689.28,9.65,-0.30,1.13,-4.263,0.220,-0.114,0.27,-7.87,-0.63,0.000000,0.000000,554.72
39.99,93379.61,33.60,683.56,9.93,-0.12,0.51,-4.371,0.339,-0.539,0.77,-8.82,-2.44,0.000000,0.000000,555.26
39.98,93434.36,33.60,678.69,9.77,-0.39,0.94,-4.425,0.418,-0.509,0.27,-8.82,-2.44,0.000000,0.000000,555.83
39.99,93482.83,33.60,674.38,9.70,-0.33,0.94,-4.570,0.243,-0.541,1.27,-7.87,-1.99,0.000000,0.000000,556.36
40.00,93542.88,33.59,669.05,9.11,-0.17,0.64,-4.481,0.473,-0.420,0.77,-8.82,-3.35,0.000000,0.000000,556.88
40.02,93601.02,33.59,663.88,11.04,-0.15,0.86,-4.505,0.388,-0.369,1.27,-8.82,-1.08,0.000000,0.000000,557.42
40.03,93665.70,33.59,658.14,10.41,-0.15,0.54,-4.516,0.363,-0.612,0.27,-8.35,-1.99,0.000000,0.000000,557.97
40.04,93718.36,33.59,653.47,11.39,-0.25,1.12,-4.500,0.290,-0.576,-0.23,-9.30,-3.35,0.000000,0.000000,558.51
40.03,93773.02,33.58,648.63,10.23,0.34,0.43,-4.482,0.830,-0.768,0.77,-8.35,-1.99,0.000000,0.000000,559.04
40.02,93817.34,33.58,644.70,8.74,0.31,0.75,-4.401,0.600,0.014,0.27,-6.92,-4.25,0.000000,0.000000,559.58
40.02,93877.33,33.58,639.38,10.21,-0.73,0.81,-4.893,0.052,-0.523,0.27,-8.82,-1.08,0.000000,0.000000,560.13
40.03,93925.24,33.58,635.14,10.55,-0.28,0.69,-4.861,0.191,-0.473,-0.23,-9.30,-2.44,0.000000,0.000000,560.67
40.04,93976.06,33.57,630.64,11.09,0.10,0.51,-4.771,0.472,-0.632,1.27,-8.82,-2.44,0.000000,0.000000,561.21
40.04,94037.92,33.57,625.17,10.45,0.08,0.77,-4.632,0.423,-0.509,0.27,-8.82,-1.54,0.000000,0.000000,561.75
40.04,94085.17,33.57,620.99,9.34,0.22,0.38,-4.493,0.262,-0.319,0.27,-7.87,-2.44,0.000000,0.000000,562.28
40.04,94139.18,33.56,616.22,9.50,-0.45,0.75,-4.267,0.399,-0.154,0.27,-7.87,-1.99,0.000000,0.000000,562.83
40.05,94191.33,33.56,611.61,10.12,-0.32,0.96,-4.260,0.189,-0.347,-0.23,-8.35,-1.08,0.000000,0.000000,563.37
40.05,94254.19,33.56,606.06,11.15,-0.73,1.01,-4.207,0.110,-0.258,-0.23,-9.30,-1.08,0.000000,0.000000,563.91
40.05,94310.13,33.55,601.12,10.97,-0.52,0.85,-4.324,-0.092,-0.554,-0.23,-10.25,-2.89,0.000000,0.000000,564.45
40.06,94369.85,33.54,595.86,11.21,0.12,0.47,-4.246,0.519,-0.806,1.27,-9.30,-6.06,0.000000,0.000000,564.99
40.06,94421.03,33.55,591.34,10.10,-0.05,0.58,-4.262,0.510,-0.651,0.77,-8.35,-2.89,0.000000,0.000000,565.53
40.06,94473.82,33.55,586.69,10.03,0.18,0.56,-4.340,0.282,-0.546,0.77,-7.39,-1.99,0.000000,0.000000,566.07
40.06,94530.25,33.55,581.72,8.59,-0.11,0.44,-4.439,0.512,-0.645,0.77,-5.96,-1.08,0.000000,0.000000,566.61
40.06,94582.53,33.54,577.12,10.63,-0.34,0.44,-4.678,-0.114,-0.710,0.27,-8.35,-3.80,0.000000,0.000000,567.15
40.07,94649.02,33.55,571.27,9.54,0.15,0.27,-4.533,0.725,-0.725,0.77,-7.39,-4.25,0.000000,0.000000,567.69
40.07,94696.45,33.55,567.09,9.59,0.00,0.82,-4.551,0.428,-0.670,0.77,-7.39,-1.08,0.000000,0.000000,568.23
40.07,94762.17,33.55,561.31,10.86,-0.00,0.00,-4.951,0.180,-0.810,1.27,-10.25,-4.25,0.000000,0.000000,568.77
40.07,94814.86,33.55,556.68,8.74,0.02,1.27,-4.487,0.527,-0.347,0.77,-6.44,-0.63,0.000000,0.000000,569.31
40.08,94883.14,33.55,551.78,9.64,-0.21,1.23,-4.375,-0.029,0.502,-0.23,-8.82,-1.99,0.000000,0.000000,569.85
40.08,94937.99,33.55,545.87,9.57,-0.27,0.89,-4.611,0.594,-0.961,-0.23,-8.82,-1.99,0.000000,0.000000,570.40
40.08,94992.70,33.54,541.07,11.36,-0.23,0.49,-4.643,-0.083,-0.165,0.77,-10.73,-4.71,0.000000,0.000000,570.94
40.08,95058.03,33.54,535.34,9.32,-0.33,0.74,-4.496,0.472,-0.792,0.77,-7.39,-0.63,0.000000,0.000000,571.48
40.08,95115.00,33.54,530.35,6.32,0.16,0.52,-3.918,0.609,0.152,0.77,-5.01,-1.54,0.000000,0.000000,572.01
38.63,95334.78,38.03,511.11,9.52,1.03,2.28,-0.017,-0.058,-0.017,1.78,-9.78,-1.08,0.000000,0.000000,248.39
38.63,95334.78,38.03,511.11,9.52,1.03,2.28,-0.017,-0.058,-0.017,1.78,-9.78,-1.08,0.000000,0.000000,248.39
37.80,95332.70,38.95,511.29,9.54,1.03,2.24,-0.017,-0.060,-0.019,2.28,-9.30,-0.18,0.000000,0.000000,135.46
37.66,95333.16,39.10,511.25,9.54,1.03,2.28,-0.018,-0.060,-0.018,2.28,-9.30,0.73,0.000000,0.000000,117.07
37.64,95348.48,39.20,509.91,9.52,1.03,2.25,-0.018,-0.059,-0.017,2.28,-8.35,0.28,0.000000,0.000000,101.95
37.56,95336.84,39.20,510.93,9.51,1.01,2.30,-0.017,-0.059,-0.018,0.77,-8.35,-0.63,0.000000,0.000000,102.49
37.50,95334.82,39.25,511.10,9.53,1.04,2.23,-0.020,-0.058,-0.018,1.27,-8.35,-1.08,0.000000,0.000000,94.38
37.59,95346.63,39.25,510.07,9.52,1.01,2.28,-0.014,-0.060,-0.018,1.78,-8.35,-0.18,0.000000,0.000000,94.92
37.67,95347.00,39.17,510.04,9.52,1.04,2.28,-0.014,-0.060,-0.018,1.27,-8.82,1.18,0.000000,0.000000,106.81
37.84,95344.73,39.01,510.24,9.53,1.02,2.26,-0.017,-0.059,-0.018,1.78,-7.87,0.28,0.000000,0.000000,127.91
37.83,95333.56,38.93,511.21,9.53,1.03,2.27,-0.017,-0.059,-0.017,2.28,-8.35,-2.89,0.000000,0.000000,139.24
37.87,95329.81,38.90,511.54,9.54,1.02,2.27,-0.018,-0.060,-0.019,1.27,-9.78,-1.54,0.000000,0.000000,143.02
37.87,95332.23,38.88,511.33,9.53,1.05,2.29,-0.018,-0.059,-0.018,2.28,-8.35,0.28,0.000000,0.000000,143.56
37.87,95330.36,38.88,511.49,9.52,1.03,2.24,-0.016,-0.060,-0.019,1.78,-7.87,0.28,0.000000,0.000000,144.10
37.90,95337.47,38.89,510.87,9.53,1.03,2.29,-0.019,-0.058,-0.018,2.78,-8.82,0.28,0.000000,0.000000,144.65
37.95,95332.65,38.80,511.29,9.53,1.04,2.28,-0.017,-0.059,-0.018,1.78,-8.82,-0.18,0.000000,0.000000,154.37
38.03,95343.28,38.81,510.36,9.53,1.02,2.29,-0.015,-0.060,-0.018,1.27,-7.87,-0.18,0.000000,0.000000,154.91
37.96,95332.92,38.80,511.27,9.53,1.03,2.27,-0.016,-0.060,-0.018,1.27,-9.78,-1.99,0.000000,0.000000,155.45
38.04,95342.10,38.79,510.47,9.54,1.02,2.28,-0.016,-0.059,-0.017,2.28,-7.87,0.28,0.000000,0.000000,155.99
37.96,95330.43,38.79,511.49,9.53,1.01,2.24,-0.017,-0.060,-0.019,1.78,-7.87,-0.18,0.000000,0.000000,156.53
37.97,95330.22,38.79,511.51,9.54,0.99,2.27,-0.018,-0.059,-0.018,0.77,-8.82,-1.54,0.000000,0.000000,157.07
38.06,95346.34,38.78,510.10,9.55,1.02,2.26,-0.017,-0.059,-0.018,2.78,-8.35,0.28,0.000000,0.000000,158.69
37.98,95333.50,38.77,511.22,9.54,1.02,2.25,-0.016,-0.060,-0.019,1.78,-7.87,0.28,0.000000,0.000000,159.23
38.07,95344.23,38.76,510.28,9.53,1.01,2.28,-0.017,-0.059,-0.019,1.78,-9.30,-0.63,0.000000,0.000000,159.77
37.99,95334.22,38.76,511.16,9.52,1.02,2.27,-0.017,-0.058,-0.018,2.28,-8.35,-2.44,0.000000,0.000000,160.32
38.08,95345.13,38.75,510.20,9.54,1.02,2.29,-0.017,-0.060,-0.019,1.27,-7.87,-0.18,0.000000,0.000000,160.86
38.00,95333.15,38.76,511.25,9.53,1.03,2.28,-0.017,-0.059,-0.018,1.78,-8.35,-0.18,0.000000,0.000000,161.40
38.09,95346.98,38.74,510.04,9.51,1.03,2.29,-0.018,-0.059,-0.018,1.78,-9.30,-1.08,0.000000,0.000000,161.94
38.00,95332.21,38.76,511.33,9.51,1.04,2.26,-0.017,-0.059,-0.018,1.27,-7.87,-0.63,0.000000,0.000000,162.48
38.09,95343.98,38.75,510.30,9.54,1.02,2.25,-0.019,-0.059,-0.018,1.78,-7.87,0.73,0.000000,0.000000,163.02
38.01,95333.90,38.74,511.18,9.53,1.02,2.28,-0.016,-0.060,-0.019,1.78,-8.35,-0.63,0.000000,0.000000,163.56
38.02,95331.20,38.74,511.42,9.54,1.02,2.25,-0.018,-0.059,-0.019,2.28,-8.82,-0.18,0.000000,0.000000,164.10
38.11,95347.11,38.72,510.03,9.54,1.03,2.26,-0.018,-0.058,-0.019,1.78,-8.35,-0.63,0.000000,0.000000,164.64
38.02,95332.48,38.73,511.31,9.54,1.02,2.29,-0.017,-0.060,-0.018,1.78,-7.87,0.73,0.000000,0.000000,165.18
38.11,95346.80,38.70,510.06,9.52,1.02,2.28,-0.017,-0.058,-0.017,2.28,-7.87,-0.18,0.000000,0.000000,165.72
38.03,95337.27,38.70,510.89,9.54,1.02,2.25,-0.016,-0.060,-0.018,2.28,-8.35,-0.63,0.000000,0.000000,166.26
38.11,95347.53,38.70,509.99,9.54,1.03,2.25,-0.017,-0.059,-0.017,1.78,-8.82,-2.89,0.000000,0.000000,166.80
38.04,95335.03,38.72,511.09,9.56,1.02,2.28,-0.016,-0.059,-0.018,2.28,-7.39,0.28,0.000000,0.000000,167.34
38.13,95349.66,38.70,509.81,9.53,1.04,2.30,-0.018,-0.058,-0.019,1.27,-7.39,0.28,0.000000,0.000000,167.88
38.05,95336.65,38.69,510.94,9.56,1.02,2.24,-0.015,-0.059,-0.018,1.27,-8.82,-1.54,0.000000,0.000000,168.42
38.14,95347.34,38.68,510.01,9.55,1.01,2.24,-0.017,-0.060,-0.018,1.27,-7.87,-1.54,0.000000,0.000000,168.96
38.06,95335.95,38.68,511.00,9.53,1.02,2.28,-0.016,-0.059,-0.018,1.78,-8.35,0.73,0.000000,0.000000,169.50
38.07,95336.60,38.68,510.95,9.54,1.02,2.25,-0.018,-0.058,-0.018,1.27,-8.35,-0.63,0.000000,0.000000,171.12
38.15,95347.61,38.67,509.99,9.54,1.01,2.25,-0.017,-0.059,-0.018,1.27,-7.87,-1.54,0.000000,0.000000,171.66
38.08,95337.22,38.66,510.89,9.54,1.01,2.31,-0.017,-0.059,-0.018,1.78,-7.39,0.28,0.000000,0.000000,172.20
38.16,95347.23,38.65,510.02,9.53,1.03,2.28,-0.018,-0.059,-0.019,1.27,-8.35,-0.63,0.000000,0.000000,172.74
38.09,95334.11,38.67,511.17,9.54,1.02,2.29,-0.017,-0.060,-0.018,1.78,-8.82,-1.08,0.000000,0.000000,173.28
38.17,95347.81,38.66,509.97,9.54,1.01,2.25,-0.017,-0.059,-0.017,1.78,-7.87,-1.54,0.000000,0.000000,173.82
38.10,95332.63,38.65,511.30,9.53,1.04,2.28,-0.017,-0.059,-0.019,2.28,-7.87,1.18,0.000000,0.000000,174.36
38.17,95349.74,38.66,510.17,9.54,1.02,2.25,-0.018,-0.059,-0.018,1.78,-9.30,0.28,0.000000,0.000000,174.90
38.63,95334.78,38.03,511.11,9.52,1.03,2.28,-0.017,-0.058,-0.017,1.78,-9.78,-1.08,0.000000,0.000000,248.39
38.73,95348.22,38.03,509.93,9.54,1.03,2.25,-0.018,-0.059,-0.018,0.77,-7.87,-2.44,0.000000,0.000000,248.93
38.75,95351.14,37.99,509.68,9.54,1.01,2.25,-0.018,-0.058,-0.017,2.28,-9.30,-1.08,0.000000,0.000000,252.71
38.11,95346.80,38.70,510.06,9.52,1.02,2.28,-0.017,-0.058,-0.017,2.28,-7.87,-0.18,0.000000,0.000000,165.72
38.09,95334.11,38.67,511.17,9.54,1.02,2.29,-0.017,-0.060,-0.018,1.78,-8.82,-1.08,0.000000,0.000000,173.28
38.17,95347.81,38.66,509.97,9.54,1.01,2.25,-0.017,-0.059,-0.017,1.78,-7.87,-1.54,0.000000,0.000000,173.82
38.10,95332.63,38.65,511.30,9.53,1.04,2.28,-0.017,-0.059,-0.019,2.28,-7.87,1.18,0.000000,0.000000,174.36
38.17,95349.74,38.66,510.17,9.54,1.02,2.25,-0.018,-0.059,-0.018,1.78,-9.30,0.28,0.000000,0.000000,174.90
38.63,95334.78,38.03,511.11,9.52,1.03,2.28,-0.017,-0.058,-0.017,1.78,-9.78,-1.08,0.000000,0.000000,248.39
38.73,95348.22,38.03,509.93,9.54,1.03,2.25,-0.018,-0.059,-0.018,0.77,-7.87,-2.44,0.000000,0.000000,248.93
38.63,95334.78,38.03,511.11,9.52,1.03,2.28,-0.017,-0.058,-0.017,1.78,-9.78,-1.08,0.000000,0.000000,248.39
38.73,95348.22,38.03,509.93,9.54,1.03,2.25,-0.018,-0.059,-0.018,0.77,-7.87,-2.44,0.000000,0.000000,248.93
38.75,95351.14,37.99,509.68,9.54,1.01,2.25,-0.018,-0.058,-0.017,2.28,-9.30,-1.08,0.000000,0.000000,252.71
38.66,95332.68,37.98,511.29,9.55,1.02,2.29,-0.019,-0.059,-0.018,2.28,-8.35,-0.18,0.000000,0.000000,253.25
38.75,95346.19,37.97,510.11,9.55,1.04,2.28,-0.018,-0.059,-0.019,2.28,-8.35,-0.18,0.000000,0.000000,253.79
38.67,95337.13,37.99,510.90,9.56,1.01,2.26,-0.019,-0.059,-0.018,1.27,-9.30,-1.54,0.000000,0.000000,254.33
38.76,95349.95,37.97,509.78,9.53,1.02,2.27,-0.017,-0.059,-0.018,1.78,-7.39,-3.80,0.000000,0.000000,254.88
38.68,95334.61,37.98,511.12,9.53,1.02,2.27,-0.019,-0.059,-0.019,1.78,-6.92,0.28,0.000000,0.000000,255.41
38.69,95338.95,37.97,510.74,9.53,1.03,2.26,-0.018,-0.059,-0.018,1.27,-9.30,-1.08,0.000000,0.000000,256.50
38.69,95336.53,37.96,510.95,9.54,1.01,2.25,-0.018,-0.059,-0.018,2.28,-7.87,0.73,0.000000,0.000000,257.04
38.70,95339.08,37.97,510.73,9.53,1.01,2.26,-0.018,-0.059,-0.018,1.78,-7.39,-0.63,0.000000,0.000000,257.58
38.70,95337.04,37.96,510.91,9.55,1.02,2.25,-0.019,-0.059,-0.018,1.27,-8.82,-1.54,0.000000,0.000000,258.12
38.73,95340.55,37.95,510.60,9.54,1.02,2.22,-0.018,-0.058,-0.018,1.27,-8.35,-1.08,0.000000,0.000000,258.66
38.71,95335.20,37.95,511.07,9.54,1.04,2.27,-0.018,-0.058,-0.018,1.78,-7.87,0.28,0.000000,0.000000,259.20
38.73,95337.34,37.92,510.88,9.55,1.02,2.24,-0.018,-0.058,-0.017,1.27,-8.35,0.28,0.000000,0.000000,261.36
38.81,95349.54,37.92,509.82,9.55,1.01,2.27,-0.018,-0.059,-0.019,1.78,-8.82,-0.18,0.000000,0.000000,261.90
38.74,95337.84,37.90,510.84,9.54,1.02,2.27,-0.018,-0.058,-0.018,1.78,-9.30,-0.18,0.000000,0.000000,262.44
38.82,95351.13,37.91,509.68,9.54,1.01,2.29,-0.018,-0.059,-0.019,1.78,-7.87,0.28,0.000000,0.000000,262.98
38.74,95336.53,37.91,510.95,9.54,1.04,2.26,-0.018,-0.058,-0.019,2.28,-8.35,-0.63,0.000000,0.000000,263.52
38.75,95338.21,37.90,510.81,9.54,1.02,2.24,-0.018,-0.058,-0.018,1.27,-8.82,-0.18,0.000000,0.000000,264.06
38.75,95335.76,37.90,511.02,9.53,1.04,2.24,-0.017,-0.060,-0.017,1.78,-7.87,-1.99,0.000000,0.000000,264.60
38.76,95338.97,37.89,510.74,9.55,1.02,2.28,-0.017,-0.059,-0.018,2.78,-7.87,0.28,0.000000,0.000000,265.14
38.83,95349.87,37.89,509.79,9.54,1.02,2.26,-0.018,-0.058,-0.017,1.27,-8.82,-0.63,0.000000,0.000000,265.68
38.76,95339.55,37.88,510.69,9.53,1.02,2.26,-0.017,-0.059,-0.018,1.78,-8.82,-0.63,0.000000,0.000000,266.22
38.84,95348.23,37.89,509.93,9.53,1.01,2.25,-0.019,-0.059,-0.018,1.78,-7.87,-0.18,0.000000,0.000000,266.76
38.77,95337.41,37.87,510.88,9.55,1.04,2.27,-0.018,-0.059,-0.019,1.27,-7.87,0.28,0.000000,0.000000,267.30
38.85,95348.06,37.88,509.95,9.54,1.03,2.27,-0.018,-0.058,-0.018,1.78,-9.30,-0.18,0.000000,0.000000,267.84
38.78,95337.88,37.86,510.84,9.55,1.01,2.26,-0.018,-0.058,-0.018,1.78,-9.78,-2.89,0.000000,0.000000,268.38
38.86,95348.36,37.88,509.92,9.54,1.02,2.26,-0.018,-0.059,-0.019,1.78,-7.87,-0.63,0.000000,0.000000,268.92
38.79,95336.63,37.86,510.95,9.53,1.04,2.27,-0.018,-0.059,-0.018,1.27,-8.35,-0.18,0.000000,0.000000,269.46
38.86,95346.53,37.85,510.08,9.54,1.02,2.28,-0.019,-0.058,-0.018,1.78,-9.78,-0.63,0.000000,0.000000,270.00
38.79,95338.77,37.85,510.76,9.53,1.02,2.24,-0.018,-0.058,-0.018,1.78,-7.39,-0.18,0.000000,0.000000,270.54
38.80,95340.08,37.86,510.64,9.56,1.04,2.27,-0.018,-0.059,-0.019,2.28,-8.35,-0.63,0.000000,0.000000,271.09
38.80,95336.97,37.85,510.92,9.55,1.03,2.25,-0.018,-0.059,-0.019,2.28,-8.82,-0.63,0.000000,0.000000,271.63
38.80,95336.69,37.84,510.94,9.53,1.02,2.26,-0.019,-0.058,-0.018,1.78,-9.30,-0.18,0.000000,0.000000,272.17
38.89,95348.20,37.83,509.93,9.52,1.03,2.23,-0.017,-0.059,-0.018,2.78,-7.87,1.18,0.000000,0.000000,272.70
38.81,95337.41,37.84,510.88,9.54,1.02,2.25,-0.017,-0.059,-0.018,1.27,-8.35,-0.63,0.000000,0.000000,273.25
38.90,95350.72,37.82,509.71,9.56,1.02,2.25,-0.018,-0.058,-0.018,2.28,-10.25,-0.18,0.000000,0.000000,273.79
38.82,95338.79,37.82,510.76,9.53,1.01,2.27,-0.018,-0.059,-0.018,2.28,-8.35,-0.63,0.000000,0.000000,274.33
38.90,95348.34,37.82,509.92,9.56,1.02,2.27,-0.019,-0.058,-0.018,1.78,-8.35,-0.18,0.000000,0.000000,274.87
38.82,95337.64,37.80,510.86,9.54,1.02,2.25,-0.018,-0.059,-0.018,1.78,-8.82,-1.54,0.000000,0.000000,275.41
38.91,95350.78,37.81,509.71,9.56,0.96,2.36,-0.013,-0.060,-0.018,1.27,-7.87,-1.08,0.000000,0.000000,275.95
38.89,95347.52,37.77,509.99,59.68,0.39,9.80,0.318,-0.081,0.001,7.81,-59.85,-0.63,0.000000,0.000000,276.49
38.86,95204.05,37.79,522.55,78.21,-1.55,37.12,-1.070,-0.008,-0.291,3.29,-260.61,-2.89,0.000000,0.000000,277.03
38.47,94367.95,37.63,596.02,78.21,2.07,17.45,-1.834,0.123,-0.257,4.29,-121.84,-1.08,0.000000,0.000000,277.57
38.49,93049.05,37.34,713.01,52.22,1.98,9.52,-2.124,0.023,-0.213,4.29,-51.26,2.09,0.000000,0.000000,278.11
38.93,91922.80,37.09,813.97,28.98,2.08,5.56,-2.344,-0.079,-0.304,3.29,-27.42,2.09,0.000000,0.000000,278.65
39.07,90422.14,36.73,950.06,12.51,1.99,4.11,-2.223,-0.021,-0.281,2.28,-11.21,0.73,0.000000,0.000000,279.19
39.11,89163.84,36.47,1065.59,4.37,0.72,1.63,-2.179,-0.032,-0.306,4.29,-5.48,-0.63,0.000000,0.000000,279.73
39.19,87669.70,36.16,1204.50,-4.98,1.85,1.68,-2.192,-0.077,-0.289,4.29,5.01,1.63,0.000000,0.000000,280.27
39.19,86516.02,35.91,1313.08,-6.33,1.76,0.70,-2.227,0.026,-0.263,1.78,6.44,-0.63,0.000000,0.000000,280.81
39.19,85140.11,35.64,1444.11,-5.98,2.15,0.34,-2.327,-0.039,-0.313,2.78,7.87,-1.08,0.000000,0.000000,281.35
39.19,84039.66,35.41,1550.15,-5.62,0.84,0.89,-2.300,-0.047,-0.309,4.79,6.44,0.73,0.000000,0.000000,281.89
39.20,82778.77,35.16,1673.05,-5.21,1.06,0.57,-2.286,-0.047,-0.341,1.27,5.96,0.28,0.000000,0.000000,282.43
39.20,81780.46,34.96,1771.43,-4.83,1.13,0.60,-2.249,-0.026,-0.311,1.78,6.91,-1.08,0.000000,0.000000,282.97
39.20,80623.00,34.71,1886.71,-4.51,0.80,0.55,-2.196,-0.004,-0.291,1.27,6.44,0.73,0.000000,0.000000,283.51
39.20,79715.39,34.52,1978.06,-4.14,0.84,0.15,-2.105,-0.022,-0.192,0.77,5.48,0.28,0.000000,0.000000,284.05
39.20,78850.55,34.29,2065.88,-3.79,0.76,0.33,-2.116,-0.081,-0.241,1.27,5.01,-0.18,0.000000,0.000000,284.59
39.20,77856.98,34.13,2167.75,-3.51,1.12,0.35,-2.105,-0.057,-0.290,1.78,5.01,-1.54,0.000000,0.000000,285.13
39.21,77060.78,33.98,2250.14,-3.25,0.91,0.22,-2.077,-0.013,-0.301,1.27,4.53,-1.08,0.000000,0.000000,285.67
39.20,76159.63,33.79,2344.23,-3.00,0.68,0.36,-2.038,-0.015,-0.282,0.77,4.53,-1.08,0.000000,0.000000,286.21
39.20,75439.28,33.62,2420.10,-2.79,0.52,0.35,-1.976,-0.030,-0.239,0.27,4.05,-2.44,0.000000,0.000000,286.75
39.20,74625.23,33.46,2506.54,-2.51,0.38,0.14,-1.936,-0.047,-0.251,1.27,4.53,0.73,0.000000,0.000000,287.29
39.20,73974.00,33.31,2576.24,-2.32,0.43,0.06,-1.900,-0.055,-0.260,0.27,2.62,-1.08,0.000000,0.000000,287.83
39.19,73237.25,33.17,2655.69,-2.13,0.45,0.35,-1.869,-0.036,-0.277,-0.74,4.53,-1.08,0.000000,0.000000,288.37
39.19,72657.44,33.04,2718.68,-1.94,0.44,0.17,-1.812,-0.013,-0.255,0.77,4.53,0.73,0.000000,0.000000,288.91
39.19,71994.01,32.91,2791.26,-1.73,0.35,-0.09,-1.771,-0.009,-0.252,0.27,3.10,-0.63,0.000000,0.000000,289.45
39.15,71466.09,32.79,2849.39,-1.63,0.28,0.07,-1.692,-0.009,-0.200,1.27,3.58,-0.63,0.000000,0.000000,289.99
39.16,70878.82,32.67,2914.48,-1.47,0.31,0.10,-1.653,-0.047,-0.191,0.77,3.58,-2.44,0.000000,0.000000,290.53
39.15,70409.16,32.57,2966.84,-1.30,0.23,-0.10,-1.593,-0.074,-0.189,0.77,2.62,-1.08,0.000000,0.000000,291.07
39.15,69879.81,32.47,3026.20,-1.20,0.22,0.18,-1.546,-0.066,-0.222,0.27,1.67,-1.08,0.000000,0.000000,291.61
39.22,69479.34,32.38,3071.35,-1.08,0.36,0.11,-1.492,-0.048,-0.251,0.77,3.58,-2.44,0.000000,0.000000,292.15
39.22,69014.77,32.27,3115.53,-0.98,0.12,-0.08,-1.437,-0.030,-0.239,0.27,3.10,0.28,0.000000,0.000000,292.69
39.23,68656.91,32.21,3164.74,-0.87,0.21,0.11,-1.356,0.013,-0.208,1.27,1.67,-1.54,0.000000,0.000000,293.23
39.23,68318.73,32.15,3203.40,-0.78,0.22,0.04,-1.302,0.019,-0.188,0.27,2.62,-1.99,0.000000,0.000000,293.77
39.23,67945.33,32.07,3246.27,-0.69,0.09,-0.11,-1.229,-0.006,-0.133,0.77,2.62,-1.54,0.000000,0.000000,294.31
39.24,67652.61,32.01,3280.01,-0.61,0.04,0.05,-1.134,-0.036,-0.095,0.27,2.15,-1.08,0.000000,0.000000,294.85
39.24,67342.83,31.95,3315.85,-0.53,0.07,-0.14,-1.071,-0.076,-0.081,0.27,1.19,-2.44,0.000000,0.000000,295.39
39.24,67093.27,31.91,3344.82,-0.48,0.05,-0.06,-1.022,-0.127,-0.102,0.27,2.62,-0.63,0.000000,0.000000,295.94
39.24,66839.19,31.88,3374.40,-0.40,0.03,-0.06,-0.966,-0.142,-0.125,0.27,2.15,-0.63,0.000000,0.000000,296.48
39.25,66643.34,31.83,3397.26,-0.32,0.14,-0.11,-0.953,-0.136,-0.184,0.77,0.71,-1.99,0.000000,0.000000,297.02
39.25,66428.03,31.80,3422.46,-0.29,0.11,-0.07,-0.943,-0.104,-0.242,1.27,2.15,-2.89,0.000000,0.000000,297.56
39.25,66279.20,31.77,3439.92,-0.26,0.07,-0.10,-0.907,-0.055,-0.255,-0.23,2.15,-1.08,0.000000,0.000000,298.10
39.27,66129.36,31.75,3457.53,-0.23,0.10,-0.02,-0.864,0.006,-0.251,0.77,-0.24,-1.08,0.000000,0.000000,298.64
39.27,66017.39,31.74,3470.71,-0.20,0.08,-0.00,-0.804,0.075,-0.222,0.27,2.62,-4.71,0.000000,0.000000,299.17
39.27,65912.55,31.73,3483.06,-0.18,0.02,0.01,-0.730,0.123,-0.149,1.27,2.15,-0.18,0.000000,0.000000,299.71
39.28,65844.73,31.74,3491.06,-0.18,0.03,0.03,-0.686,0.132,-0.072,0.27,1.67,-1.99,0.000000,0.000000,300.25
39.28,65793.64,31.74,3497.10,-0.17,0.02,0.01,-0.668,0.122,-0.019,-0.23,1.19,-2.89,0.000000,0.000000,300.79
39.28,65767.41,31.75,3500.20,-0.16,-0.04,-0.05,-0.650,0.093,0.041,0.77,2.15,-1.08,0.000000,0.000000,301.33
39.29,65764.50,31.81,3500.95,-0.16,-0.00,-0.02,-0.663,0.030,0.085,0.27,1.19,-1.99,0.000000,0.000000,301.88
39.29,65781.90,31.79,3498.48,-0.14,-0.04,-0.07,-0.663,-0.036,0.095,0.77,2.15,-0.63,0.000000,0.000000,302.42
39.29,65798.23,31.86,3495.88,0.32,-1.76,0.80,-0.545,-0.058,0.021,0.27,0.24,-1.08,0.000000,0.000000,302.96
39.14,65951.80,31.86,3478.43,-1.42,-0.73,-0.28,-0.685,-0.239,0.098,0.27,2.62,-2.44,0.000000,0.000000,303.50
39.14,66044.30,31.90,3467.54,-53.91,4.79,22.84,0.736,-4.235,0.906,-0.23,50.31,18.84,0.000000,0.000000,304.05
38.91,65995.23,31.90,3473.32,32.82,3.98,5.95,1.395,4.761,-3.946,5.30,-29.80,4.80,0.000000,0.000000,304.58
38.79,65965.88,31.89,3476.78,67.32,-4.06,-2.28,8.731,1.432,8.731,-7.77,-71.29,-17.83,0.000000,0.000000,305.13
38.43,66031.74,31.88,3469.02,21.94,2.92,-6.10,8.731,-3.838,8.237,5.80,-19.79,-13.76,0.000000,0.000000,305.67
38.52,66108.78,31.82,3459.95,15.66,1.05,-1.42,8.731,-3.013,3.284,3.29,-12.64,-4.71,0.000000,0.000000,306.20
38.76,66172.89,31.76,3452.41,11.64,1.16,-0.87,8.731,-4.593,3.306,2.28,-9.78,-3.35,0.000000,0.000000,306.74
38.77,66246.42,31.75,3443.77,13.09,1.84,-0.80,8.731,-2.368,3.166,2.78,-13.11,-5.16,0.000000,0.000000,307.28
38.77,66321.80,31.72,3434.92,7.87,0.87,-0.61,8.731,-1.685,1.086,2.28,-5.96,-1.99,0.000000,0.000000,307.82
38.78,66368.34,31.69,3429.46,11.04,-0.25,0.52,7.771,-0.849,0.037,-0.23,-9.78,-2.44,0.000000,0.000000,308.37
38.76,66435.73,31.68,3421.56,7.17,0.23,-0.18,6.985,-0.369,0.809,0.77,-5.96,-3.35,0.000000,0.000000,308.90
38.79,66490.30,31.67,3415.17,11.89,-1.24,0.96,4.112,-0.392,-0.451,-1.24,-10.25,-2.89,0.000000,0.000000,309.45
38.78,66538.24,31.67,3409.56,8.44,-0.65,1.78,3.054,0.942,0.127,0.77,-6.92,-0.18,0.000000,0.000000,309.98
38.79,66612.56,31.68,3400.86,5.74,0.23,0.74,0.478,-0.546,0.570,1.78,-4.05,-1.99,0.000000,0.000000,310.52
38.78,66660.88,31.68,3395.21,12.04,-0.76,2.02,-0.715,0.100,0.278,-0.74,-9.78,-2.44,0.000000,0.000000,311.07
38.79,66719.85,31.71,3388.33,10.33,-0.31,1.56,-2.185,0.410,-0.800,0.27,-8.35,-0.18,0.000000,0.000000,311.61
38.80,66766.66,31.72,3382.86,12.55,-1.62,1.54,-4.815,-1.562,-0.220,-1.74,-11.68,-1.54,0.000000,0.000000,312.15
38.79,66832.53,31.74,3375.18,10.34,-0.11,0.96,-5.319,0.223,-0.909,0.77,-9.30,-0.63,0.000000,0.000000,312.69
38.81,66883.30,31.74,3369.26,9.37,0.04,0.18,-6.253,-0.365,-0.277,1.27,-7.87,-1.54,0.000000,0.000000,313.23
38.80,66936.24,31.76,3363.09,9.31,-0.52,-0.35,-7.754,1.172,-1.517,-0.23,-7.39,-2.89,0.000000,0.000000,313.77
38.81,66991.13,31.77,3356.70,10.52,-0.32,0.02,-8.731,0.551,-1.160,1.27,-8.82,-1.99,0.000000,0.000000,314.31
38.82,67046.92,31.78,3350.21,10.15,-0.43,-0.97,-8.731,-0.332,-1.893,0.27,-8.82,-4.25,0.000000,0.000000,314.85
38.82,67100.48,31.78,3343.98,9.30,-0.74,-0.93,-8.731,0.151,-0.742,0.27,-6.44,-4.71,0.000000,0.000000,315.39
38.82,67163.72,31.76,3338.05,9.03,-1.44,-1.37,-8.731,-0.091,-1.672,-0.23,-7.87,-3.35,0.000000,0.000000,315.93
38.82,67218.34,31.79,3330.29,9.76,-0.73,-0.18,-8.731,0.437,-0.248,-0.23,-8.82,-1.99,0.000000,0.000000,316.47
38.82,67272.77,31.80,3323.97,8.63,0.38,-0.94,-8.731,0.405,-1.185,1.27,-7.39,-4.71,0.000000,0.000000,317.01
38.84,67329.48,31.83,3317.40,10.39,-0.47,-0.80,-8.731,-0.311,0.218,0.77,-6.92,-1.99,0.000000,0.000000,317.55
38.83,67382.05,31.84,3311.31,11.39,-0.18,-1.11,-8.731,0.780,-0.371,0.77,-10.25,-3.80,0.000000,0.000000,318.10
38.83,67441.19,31.86,3304.46,9.87,-2.06,-0.12,-8.731,-0.062,0.850,-1.74,-9.30,-2.89,0.000000,0.000000,318.63
38.84,67502.86,31.86,3297.32,9.86,-0.09,-0.69,-8.731,0.271,-0.677,0.27,-7.39,-4.25,0.000000,0.000000,319.17
38.84,67554.58,31.87,3291.34,10.30,-0.22,0.08,-8.731,0.038,0.518,0.77,-8.82,-1.54,0.000000,0.000000,319.71
38.84,67611.40,31.88,3284.77,8.83,-0.38,-0.47,-8.651,0.151,-0.493,-0.23,-8.35,-2.89,0.000000,0.000000,320.26
38.84,67677.32,31.89,3277.16,11.36,-0.39,-0.56,-8.731,0.535,-0.781,0.77,-8.82,-4.71,0.000000,0.000000,320.80
38.85,67725.02,31.91,3271.66,9.43,-1.28,-0.09,-8.731,0.050,-0.140,-0.23,-7.87,-1.99,0.000000,0.000000,321.34
38.85,67783.95,31.89,3264.80,8.76,0.14,0.32,-7.256,0.546,-0.265,0.27,-7.87,-1.08,0.000000,0.000000,321.87
38.86,67833.48,31.92,3259.15,9.68,-1.27,-0.40,-8.197,0.140,-1.108,-0.74,-7.87,-2.89,0.000000,0.000000,322.42
38.85,67886.86,31.93,3253.00,11.46,-0.81,0.94,-7.255,0.313,-0.435,-0.23,-9.78,-0.63,0.000000,0.000000,322.96
38.87,67952.16,31.94,3245.49,8.56,-0.41,0.09,-6.811,-0.044,-0.648,-0.74,-6.92,-1.99,0.000000,0.000000,323.50
38.86,67998.06,31.96,3240.21,8.69,0.47,0.01,-6.075,0.043,-0.448,1.78,-8.35,-3.35,0.000000,0.000000,324.03
38.87,68062.08,31.98,3232.85,10.40,-0.71,0.74,-6.224,0.150,-0.680,-0.23,-7.87,-0.63,0.000000,0.000000,324.58
38.87,68111.27,31.98,3227.20,9.31,-0.21,0.62,-6.123,0.695,-0.914,0.27,-7.39,-1.08,0.000000,0.000000,325.11
38.87,68170.77,31.99,3220.37,9.14,0.24,0.26,-6.059,0.399,-0.504,1.27,-8.35,-2.44,0.000000,0.000000,325.65
38.89,68221.21,32.00,3214.58,9.64,-0.21,0.06,-6.493,0.218,-0.630,0.77,-7.87,-1.99,0.000000,0.000000,326.19
38.87,68279.50,32.04,3207.90,7.85,-0.41,0.19,-5.983,0.027,-0.568,0.27,-6.92,-1.54,0.000000,0.000000,326.74
38.87,68329.84,32.04,3202.13,10.72,-0.54,0.47,-5.553,-0.143,-0.587,-0.23,-9.30,-2.89,0.000000,0.000000,327.28
38.88,68394.02,32.07,3194.78,9.42,-0.41,0.85,-5.074,-0.094,-0.617,0.77,-7.87,-4.25,0.000000,0.000000,327.82
38.88,68442.60,32.09,3189.22,10.59,-0.39,0.95,-4.765,-0.121,-0.884,0.77,-8.82,-1.99,0.000000,0.000000,328.36
38.87,68489.72,32.10,3183.83,9.59,0.13,0.23,-4.289,0.512,-0.632,0.27,-8.35,-3.35,0.000000,0.000000,328.89
38.88,68549.48,32.13,3177.00,8.23,0.14,0.71,-3.954,0.318,-0.352,0.27,-6.92,-1.54,0.000000,0.000000,329.44
38.88,68598.78,32.13,3171.37,9.34,-0.54,0.94,-3.880,-0.165,-0.240,-0.23,-7.39,-0.63,0.000000,0.000000,329.98
38.90,68666.34,32.15,3163.66,10.74,-0.39,0.80,-3.702,-0.361,-0.560,0.27,-9.30,-2.44,0.000000,0.000000,330.52
38.89,68718.53,32.16,3157.71,8.99,0.04,0.54,-3.320,-0.288,-0.557,0.77,-7.87,-3.80,0.000000,0.000000,331.06
38.89,68778.24,32.19,3150.90,9.19,-0.35,0.43,-3.046,-0.387,-0.465,0.27,-6.92,-1.54,0.000000,0.000000,331.60
38.88,68828.61,32.21,3145.17,9.00,-0.44,0.72,-2.677,0.097,-0.405,0.27,-7.87,-1.54,0.000000,0.000000,332.14
38.90,68891.39,32.23,3138.02,9.90,0.09,0.98,-2.438,0.250,-0.177,0.77,-8.82,-1.99,0.000000,0.000000,332.68
38.89,68942.18,32.24,3132.24,12.38,0.43,1.18,-2.330,0.937,-0.590,1.27,-10.25,-0.63,0.000000,0.000000,333.22
38.89,68997.99,32.25,3125.90,11.05,-0.11,1.00,-2.578,0.322,-0.661,1.27,-9.78,-1.99,0.000000,0.000000,333.76
38.89,69048.42,32.28,3120.17,9.24,-0.40,0.50,-2.615,0.271,-0.545,0.77,-8.82,-2.89,0.000000,0.000000,334.30
38.90,69102.78,32.30,3114.00,8.62,-0.40,0.86,-2.675,-0.264,-0.348,-0.23,-6.92,-1.08,0.000000,0.000000,334.84
38.90,69165.90,32.31,3106.84,10.43,-0.06,0.59,-2.452,0.112,-0.283,0.77,-9.30,-1.99,0.000000,0.000000,335.38
38.91,69220.95,32.33,3100.59,11.25,-0.77,0.80,-2.382,-0.156,-0.808,0.27,-11.21,-1.08,0.000000,0.000000,335.92
38.91,69283.22,32.35,3093.54,10.34,-0.24,0.44,-2.285,0.475,-0.441,0.27,-7.87,-2.89,0.000000,0.000000,336.46
38.90,69335.58,32.36,3087.61,9.20,-0.13,0.49,-2.640,-0.318,-0.777,-0.23,-7.87,-2.44,0.000000,0.000000,337.00
38.90,69399.56,32.38,3080.37,10.72,-0.37,0.66,-2.665,-0.141,-0.774,0.27,-8.35,-1.99,0.000000,0.000000,337.54
38.92,69453.77,32.40,3074.24,10.43,-1.02,0.92,-2.965,-0.420,0.276,-0.74,-7.87,-0.63,0.000000,0.000000,338.08
38.63,95334.78,38.03,511.11,9.52,1.03,2.28,-0.017,-0.058,-0.017,1.78,-9.78,-1.08,0.000000,0.000000,248.39
38.73,95348.22,38.03,509.93,9.54,1.03,2.25,-0.018,-0.059,-0.018,0.77,-7.87,-2.44,0.000000,0.000000,248.93
38.75,95351.14,37.99,509.68,9.54,1.01,2.25,-0.018,-0.058,-0.017,2.28,-9.30,-1.08,0.000000,0.000000,252.71
38.66,95332.68,37.98,511.29,9.55,1.02,2.29,-0.019,-0.059,-0.018,2.28,-8.35,-0.18,0.000000,0.000000,253.25
38.75,95346.19,37.97,510.11,9.55,1.04,2.28,-0.018,-0.059,-0.019,2.28,-8.35,-0.18,0.000000,0.000000,253.79
38.63,95334.78,38.03,511.11,9.52,1.03,2.28,-0.017,-0.058,-0.017,1.78,-9.78,-1.08,0.000000,0.000000,248.39
39.20,74629.11,33.41,2506.12,10.19,-1.35,1.58,-3.188,-0.759,0.384,-1.24,-10.73,-1.08,0.000000,0.000000,387.77
39.51,81293.30,33.82,1819.79,11.15,-0.34,1.17,-4.582,0.620,-0.347,-0.23,-9.78,-1.54,0.000000,0.000000,448.28
39.74,87385.38,33.83,1231.15,8.90,-0.03,0.71,-3.593,0.674,0.020,0.27,-7.39,-1.54,0.000000,0.000000,500.71
39.85,89766.20,33.72,1010.12,10.09,0.24,0.36,-4.946,0.283,-0.826,1.78,-8.35,-3.35,0.000000,0.000000,523.39
39.85,89828.25,33.72,1004.42,10.58,-0.47,0.63,-4.806,-0.352,-0.217,0.27,-9.30,-1.99,0.000000,0.000000,523.94
39.80,88619.83,33.79,1115.95,9.65,-0.23,0.70,-4.975,0.368,-0.050,-0.23,-8.35,-1.54,0.000000,0.000000,512.05
39.79,88674.37,33.81,1110.92,10.12,-0.53,0.96,-5.094,0.045,-0.264,0.27,-8.35,-0.63,0.000000,0.000000,512.59
39.81,88729.02,33.77,1105.82,10.96,-0.02,0.61,-5.023,0.084,-0.619,-0.74,-9.30,-1.54,0.000000,0.000000,513.13
39.81,88777.39,33.77,1101.34,9.34,-0.22,0.88,-4.606,0.076,-0.170,0.27,-7.87,-2.89,0.000000,0.000000,513.67
39.81,88837.16,33.77,1095.80,9.99,-0.10,0.57,-4.643,0.022,-0.825,0.77,-8.35,-1.08,0.000000,0.000000,514.21
39.80,88882.59,33.77,1091.59,9.87,-0.56,0.89,-4.340,-0.313,-0.043,0.27,-9.30,-2.44,0.000000,0.000000,514.75
39.81,88947.73,33.77,1085.56,11.58,0.09,1.21,-4.149,0.385,-0.577,1.27,-9.30,-1.99,0.000000,0.000000,515.29
39.82,88993.02,33.76,1081.38,9.96,-0.05,0.79,-4.073,0.226,-0.331,0.77,-8.35,-2.44,0.000000,0.000000,515.83
39.82,89051.23,33.75,1075.99,9.45,-0.24,1.17,-3.955,0.124,-0.059,0.77,-7.39,-2.89,0.000000,0.000000,516.37
39.82,89105.85,33.75,1070.95,9.59,-0.18,0.58,-4.105,0.138,-0.508,0.77,-8.35,-1.54,0.000000,0.000000,516.91
39.82,89158.70,33.74,1066.06,10.41,-0.58,1.17,-4.125,0.227,-0.340,-0.23,-9.30,-1.99,0.000000,0.000000,517.46
39.80,89217.41,33.76,1060.65,10.29,-0.15,0.74,-4.288,0.204,-0.764,0.77,-8.82,-3.35,0.000000,0.000000,517.99
39.83,89274.00,33.75,1055.42,9.42,-0.31,0.61,-4.394,0.213,-0.577,0.27,-7.39,-1.99,0.000000,0.000000,518.53
39.83,89333.93,33.75,1049.90,9.48,-0.31,0.48,-4.543,0.115,-0.704,0.77,-7.39,-3.35,0.000000,0.000000,519.07
39.83,89381.80,33.77,1045.48,9.68,0.25,0.43,-4.518,0.619,-0.626,1.78,-7.87,-0.63,0.000000,0.000000,519.61
39.83,89442.28,33.75,1039.91,9.12,-0.55,0.64,-4.681,0.372,-0.419,0.77,-7.87,-3.35,0.000000,0.000000,520.15
39.82,89490.96,33.75,1035.43,10.19,0.02,0.62,-4.806,0.223,-0.567,1.27,-8.35,-1.08,0.000000,0.000000,520.70
39.82,89547.13,33.76,1030.26,10.70,-0.54,0.29,-5.041,0.369,-0.747,0.77,-8.82,-1.99,0.000000,0.000000,521.24
39.84,89604.73,33.73,1024.96,10.08,-0.08,0.76,-5.029,0.189,-0.747,0.27,-10.25,-2.89,0.000000,0.000000,521.78
39.84,89664.18,33.69,1020.42,9.69,-0.11,0.36,-4.902,0.264,-0.348,0.77,-6.92,-0.18,0.000000,0.000000,522.31
39.85,89715.39,33.73,1014.79,10.02,-0.37,0.80,-4.784,0.386,-0.424,0.27,-8.82,-2.44,0.000000,0.000000,522.85
39.85,89766.20,33.72,1010.12,10.09,0.24,0.36,-4.946,0.283,-0.826,1.78,-8.35,-3.35,0.000000,0.000000,523.39
39.85,89828.25,33.72,1004.42,10.58,-0.47,0.63,-4.806,-0.352,-0.217,0.27,-9.30,-1.99,0.000000,0.000000,523.94
39.85,89882.02,33.72,999.49,9.30,-0.62,0.44,-4.640,-0.094,-0.471,-0.23,-8.35,-4.25,0.000000,0.000000,524.48
39.87,89948.78,33.72,993.37,10.25,-0.43,0.98,-4.337,-0.437,-0.503,1.27,-8.35,-0.63,0.000000,0.000000,525.02
39.86,90008.91,33.72,987.86,9.73,-0.23,0.85,-3.969,0.110,-0.313,0.27,-7.87,-1.54,0.000000,0.000000,525.55
39.87,90071.32,33.73,982.14,10.02,-0.05,0.96,-3.836,-0.230,-0.518,0.77,-9.30,-1.99,0.000000,0.000000,526.10
39.86,90121.57,33.71,977.54,9.96,-0.99,0.30,-3.550,-0.305,0.253,-0.23,-8.35,-1.99,0.000000,0.000000,526.64
39.86,90187.06,33.72,972.62,8.49,-0.96,0.55,-3.785,-0.864,-0.315,-0.23,-6.92,-2.89,0.000000,0.000000,527.18
39.86,90239.98,33.71,966.70,10.22,-0.52,0.55,-3.657,-0.245,-0.065,0.27,-7.39,-1.99,0.000000,0.000000,527.72
39.87,90289.95,33.70,962.14,8.52,-0.31,0.74,-3.509,0.108,-0.506,0.77,-7.39,-1.54,0.000000,0.000000,528.26
39.87,90350.81,33.68,956.57,9.66,0.46,0.42,-3.408,0.423,-0.379,1.27,-7.39,-1.99,0.000000,0.000000,528.79
39.86,90400.70,33.70,952.02,7.92,-0.18,0.75,-3.152,0.534,0.110,0.27,-6.44,-1.54,0.000000,0.000000,529.33
39.87,90467.84,33.70,945.89,11.03,-0.06,1.12,-3.244,0.028,0.002,0.77,-11.68,-1.54,0.000000,0.000000,529.88
39.86,90523.29,33.70,940.83,8.63,-0.27,0.77,-3.302,-0.361,-0.060,1.27,-6.44,-1.54,0.000000,0.000000,530.42
39.89,90593.94,33.70,934.39,10.30,-0.73,0.40,-3.611,-0.793,-0.457,0.27,-8.82,-2.44,0.000000,0.000000,530.96
39.88,90649.06,33.70,929.36,9.16,-0.38,0.43,-3.795,0.050,-1.451,0.77,-8.35,-2.89,0.000000,0.000000,531.50
39.89,90713.55,33.72,923.49,10.22,0.36,0.20,-3.978,0.305,-1.278,0.77,-8.35,-2.44,0.000000,0.000000,532.04
39.89,90777.20,33.70,917.70,9.71,0.31,0.71,-3.987,0.678,-0.779,1.27,-8.82,-2.44,0.000000,0.000000,532.57
39.88,90831.09,33.70,912.79,8.85,0.01,1.29,-4.009,0.336,-0.167,0.77,-7.39,-0.18,0.000000,0.000000,533.12
39.89,90896.30,33.69,906.86,10.03,-0.74,1.10,-4.256,-0.014,-0.104,-0.74,-9.30,-1.08,0.000000,0.000000,533.66
39.90,90954.63,33.69,901.56,10.16,-0.56,0.69,-4.604,-0.257,-0.816,0.27,-7.87,-1.99,0.000000,0.000000,534.20
39.89,91015.13,33.70,896.07,9.03,-0.02,0.25,-4.626,0.318,-1.084,0.77,-7.39,-1.99,0.000000,0.000000,534.74
39.90,91075.16,33.69,890.62,9.92,-0.15,0.93,-4.396,0.471,-0.299,0.27,-7.87,-2.44,0.000000,0.000000,535.28
39.90,91144.86,33.67,884.29,9.62,-0.53,0.85,-4.757,-0.010,-0.401,0.77,-7.39,-1.08,0.000000,0.000000,535.82
39.90,91197.59,33.69,879.51,11.19,-0.49,0.68,-5.108,-0.028,-0.755,-0.23,-10.25,-2.44,0.000000,0.000000,536.36
39.89,91248.32,33.71,874.91,11.57,0.14,0.38,-5.103,0.370,-0.998,1.78,-9.78,-3.80,0.000000,0.000000,536.90
39.92,91322.01,33.68,868.23,10.88,0.20,1.28,-4.901,0.473,-0.407,0.77,-8.82,-1.08,0.000000,0.000000,537.44
39.92,91373.69,33.68,863.55,9.87,-0.42,0.66,-4.952,0.317,-0.173,0.77,-8.82,-2.44,0.000000,0.000000,537.98
39.92,91448.96,33.67,856.74,8.85,-0.29,0.27,-5.197,0.309,-0.623,0.77,-6.92,-1.08,0.000000,0.000000,538.52
39.92,91502.17,33.67,851.93,9.23,0.30,0.62,-4.938,0.344,-0.242,0.27,-8.35,-1.99,0.000000,0.000000,539.06
39.92,91568.59,33.65,845.93,8.98,-0.54,0.80,-4.858,-0.116,-0.143,-0.23,-6.92,-3.80,0.000000,0.000000,539.60
39.91,91622.84,33.65,841.03,10.92,-0.01,1.11,-4.623,0.050,-0.510,1.27,-8.82,-1.08,0.000000,0.000000,540.14
39.92,91695.55,33.65,834.46,10.43,-1.21,0.76,-4.328,-0.405,-0.062,0.27,-9.30,-1.08,0.000000,0.000000,540.68
39.93,91751.42,33.65,829.42,9.21,-0.77,0.68,-4.079,-0.351,-0.066,-0.23,-6.92,-0.63,0.000000,0.000000,541.22
39.93,91809.36,33.65,824.19,10.90,-0.54,0.23,-4.183,-0.330,-0.890,-0.74,-9.78,-2.89,0.000000,0.000000,541.76
39.93,91882.03,33.65,817.64,10.46,0.28,0.52,-3.702,0.201,-0.546,1.78,-8.35,-3.80,0.000000,0.000000,542.30
39.93,91942.06,33.65,812.23,8.19,-0.22,1.11,-3.201,0.329,-0.032,0.77,-6.92,-0.63,0.000000,0.000000,542.84
39.93,92005.86,33.65,806.49,10.31,-1.31,0.83,-3.533,-0.655,-0.067,-0.74,-10.25,-1.99,0.000000,0.000000,543.38
39.94,92061.83,33.66,801.45,8.17,-0.52,1.16,-3.358,-0.009,-0.079,0.27,-6.44,-0.18,0.000000,0.000000,543.92
39.94,92133.25,33.66,795.03,9.41,-0.40,0.52,-3.776,-0.190,-0.401,0.27,-8.35,-1.99,0.000000,0.000000,544.46
39.94,92185.96,33.65,790.29,10.82,-0.74,0.93,-3.872,-0.411,-0.736,-0.23,-9.30,-4.71,0.000000,0.000000,545.00
39.95,92253.89,33.67,784.18,8.80,-0.26,0.40,-3.786,-0.159,-0.217,-0.23,-7.39,-1.08,0.000000,0.000000,545.54
39.94,92307.95,33.66,779.33,10.25,-0.50,0.25,-4.104,-0.132,-1.220,0.27,-8.82,-4.25,0.000000,0.000000,546.08
39.95,92365.23,33.64,774.19,9.87,0.32,0.57,-3.730,0.935,-0.372,1.27,-7.39,-1.08,0.000000,0.000000,546.62
39.95,92441.92,33.64,767.31,9.31,0.15,0.83,-3.882,0.385,-0.392,0.27,-7.39,-1.54,0.000000,0.000000,547.16
39.96,92498.69,33.66,762.22,9.81,-0.99,0.16,-4.400,-0.209,-1.046,-0.74,-8.35,-3.80,0.000000,0.000000,547.70
39.96,92572.42,33.65,755.61,11.15,0.15,0.48,-4.393,-0.304,-0.843,1.27,-10.25,-2.89,0.000000,0.000000,548.24
39.97,92634.06,33.65,750.09,12.34,0.51,0.14,-4.856,0.219,-1.305,0.77,-12.16,-3.35,0.000000,0.000000,548.78
39.97,92701.53,33.63,744.05,10.83,0.48,0.90,-4.609,0.295,-0.380,2.28,-8.35,-1.08,0.000000,0.000000,549.32
39.96,92759.27,33.65,738.89,9.74,0.04,0.81,-4.555,0.520,-0.306,0.27,-8.35,-1.99,0.000000,0.000000,549.86
39.97,92834.41,33.63,732.17,9.50,0.08,0.43,-4.740,-0.032,-0.484,1.27,-7.87,-4.25,0.000000,0.000000,550.40
39.97,92890.45,33.63,727.16,8.37,-0.08,0.01,-4.844,0.575,-0.807,0.27,-6.44,-1.99,0.000000,0.000000,550.94
39.97,92947.19,33.62,722.10,8.94,-0.43,0.52,-4.967,0.043,-0.531,-0.23,-8.35,-2.44,0.000000,0.000000,551.48
39.97,93015.53,33.62,716.00,9.40,-0.37,0.58,-4.596,-0.159,0.014,0.77,-6.92,-0.63,0.000000,0.000000,552.02
39.97,93072.08,33.62,710.95,11.34,-0.32,0.56,-4.511,0.045,-0.723,0.27,-10.73,-2.89,0.000000,0.000000,552.56
39.97,93139.75,33.61,704.92,10.36,0.29,0.32,-4.371,0.767,-0.951,1.78,-8.35,-3.35,0.000000,0.000000,553.10
39.96,93187.98,33.61,700.62,11.01,0.36,0.83,-4.249,0.874,-0.212,1.27,-9.78,-1.08,0.000000,0.000000,553.64
39.98,93260.27,33.60,694.18,11.89,-0.08,1.04,-4.385,0.402,-0.349,0.77,-10.73,-1.54,0.000000,0.000000,554.19
39.98,93315.29,33.60,689.28,9.65,-0.30,1.13,-4.263,0.220,-0.114,0.27,-7.87,-0.63,0.000000,0.000000,554.72
39.99,93379.61,33.60,683.56,9.93,-0.12,0.51,-4.371,0.339,-0.539,0.77,-8.82,-2.44,0.000000,0.000000,555.26
39.98,93434.36,33.60,678.69,9.77,-0.39,0.94,-4.425,0.418,-0.509,0.27,-8.82,-2.44,0.000000,0.000000,555.83
39.99,93482.83,33.60,674.38,9.70,-0.33,0.94,-4.570,0.243,-0.541,1.27,-7.87,-1.99,0.000000,0.000000,556.36
40.00,93542.88,33.59,669.05,9.11,-0.17,0.64,-4.481,0.473,-0.420,0.77,-8.82,-3.35,0.000000,0.000000,556.88
40.02,93601.02,33.59,663.88,11.04,-0.15,0.86,-4.505,0.388,-0.369,1.27,-8.82,-1.08,0.000000,0.000000,557.42
40.03,93665.70,33.59,658.14,10.41,-0.15,0.54,-4.516,0.363,-0.612,0.27,-8.35,-1.99,0.000000,0.000000,557.97
40.04,93718.36,33.59,653.47,11.39,-0.25,1.12,-4.500,0.290,-0.576,-0.23,-9.30,-3.35,0.000000,0.000000,558.51
40.03,93773.02,33.58,648.63,10.23,0.34,0.43,-4.482,0.830,-0.768,0.77,-8.35,-1.99,0.000000,0.000000,559.04
40.02,93817.34,33.58,644.70,8.74,0.31,0.75,-4.401,0.600,0.014,0.27,-6.92,-4.25,0.000000,0.000000,559.58
40.02,93877.33,33.58,639.38,10.21,-0.73,0.81,-4.893,0.052,-0.523,0.27,-8.82,-1.08,0.000000,0.000000,560.13
40.03,93925.24,33.58,635.14,10.55,-0.28,0.69,-4.861,0.191,-0.473,-0.23,-9.30,-2.44,0.000000,0.000000,560.67
40.04,93976.06,33.57,630.64,11.09,0.10,0.51,-4.771,0.472,-0.632,1.27,-8.82,-2.44,0.000000,0.000000,561.21
40.04,94037.92,33.57,625.17,10.45,0.08,0.77,-4.632,0.423,-0.509,0.27,-8.82,-1.54,0.000000,0.000000,561.75
40.04,94085.17,33.57,620.99,9.34,0.22,0.38,-4.493,0.262,-0.319,0.27,-7.87,-2.44,0.000000,0.000000,562.28
40.04,94139.18,33.56,616.22,9.50,-0.45,0.75,-4.267,0.399,-0.154,0.27,-7.87,-1.99,0.000000,0.000000,562.83
40.05,94191.33,33.56,611.61,10.12,-0.32,0.96,-4.260,0.189,-0.347,-0.23,-8.35,-1.08,0.000000,0.000000,563.37
40.05,94254.19,33.56,606.06,11.15,-0.73,1.01,-4.207,0.110,-0.258,-0.23,-9.30,-1.08,0.000000,0.000000,563.91
40.05,94310.13,33.55,601.12,10.97,-0.52,0.85,-4.324,-0.092,-0.554,-0.23,-10.25,-2.89,0.000000,0.000000,564.45
40.06,94369.85,33.54,595.86,11.21,0.12,0.47,-4.246,0.519,-0.806,1.27,-9.30,-6.06,0.000000,0.000000,564.99
40.06,94421.03,33.55,591.34,10.10,-0.05,0.58,-4.262,0.510,-0.651,0.77,-8.35,-2.89,0.000000,0.000000,565.53
40.06,94473.82,33.55,586.69,10.03,0.18,0.56,-4.340,0.282,-0.546,0.77,-7.39,-1.99,0.000000,0.000000,566.07
40.06,94530.25,33.55,581.72,8.59,-0.11,0.44,-4.439,0.512,-0.645,0.77,-5.96,-1.08,0.000000,0.000000,566.61
40.06,94582.53,33.54,577.12,10.63,-0.34,0.44,-4.678,-0.114,-0.710,0.27,-8.35,-3.80,0.000000,0.000000,567.15
40.07,94649.02,33.55,571.27,9.54,0.15,0.27,-4.533,0.725,-0.725,0.77,-7.39,-4.25,0.000000,0.000000,567.69
40.07,94696.45,33.55,567.09,9.59,0.00,0.82,-4.551,0.428,-0.670,0.77,-7.39,-1.08,0.000000,0.000000,568.23
40.07,94762.17,33.55,561.31,10.86,-0.00,0.00,-4.951,0.180,-0.810,1.27,-10.25,-4.25,0.000000,0.000000,568.77
40.07,94814.86,33.55,556.68,8.74,0.02,1.27,-4.487,0.527,-0.347,0.77,-6.44,-0.63,0.000000,0.000000,569.31
40.08,94883.14,33.55,551.78,9.64,-0.21,1.23,-4.375,-0.029,0.502,-0.23,-8.82,-1.99,0.000000,0.000000,569.85
40.08,94937.99,33.55,545.87,9.57,-0.27,0.89,-4.611,0.594,-0.961,-0.23,-8.82,-1.99,0.000000,0.000000,570.40
40.08,94992.70,33.54,541.07,11.36,-0.23,0.49,-4.643,-0.083,-0.165,0.77,-10.73,-4.71,0.000000,0.000000,570.94
40.08,95058.03,33.54,535.34,9.32,-0.33,0.74,-4.496,0.472,-0.792,0.77,-7.39,-0.63,0.000000,0.000000,571.48
40.08,95115.00,33.54,530.35,6.32,0.16,0.52,-3.918,0.609,0.152,0.77,-5.01,-1.54,0.000000,0.000000,572.01
