Temperatura,Pressao,Umidade,Altitude,ax,ay,az,gx,gy,gz,vib_x,vib_y,vib_z,Latitude,Longitude,Tempo
14.96,94151.27,60.96,615.15,1.57,0.44,-9.63,-0.049,-0.056,-0.026,0.77,0.71,-8.78,0.000000,0.000000,1.15
15.70,94269.98,60.98,604.67,1.66,0.40,-9.73,0.025,-0.064,-0.013,-0.23,0.24,-9.23,0.000000,0.000000,1.69
15.25,94203.74,60.94,610.52,1.62,0.33,-9.60,0.006,-0.064,-0.015,-0.74,-1.67,-9.69,0.000000,0.000000,2.23
15.56,94251.34,60.95,606.31,1.76,0.18,-9.58,-0.035,-0.064,0.179,0.27,-1.19,-9.69,0.000000,0.000000,2.77
12.01,93714.87,60.72,653.78,1.49,-0.22,-9.65,-0.023,-0.066,-0.017,-0.23,0.24,-10.59,0.000000,0.000000,3.32
9.28,93324.30,60.54,688.48,1.22,2.35,-8.95,-1.472,-0.027,-0.339,2.78,1.67,-7.42,0.000000,0.000000,3.86
14.93,94153.51,60.86,614.95,1.26,5.34,-8.11,-0.028,-0.072,-0.016,6.30,0.24,-7.87,0.000000,0.000000,4.40
15.30,94228.14,60.93,608.36,1.37,5.31,-8.01,0.040,-0.062,-0.010,6.30,-0.24,-8.33,0.000000,0.000000,4.94
15.48,94261.02,60.99,605.46,1.50,2.82,-9.27,1.389,-0.068,0.199,2.28,-0.24,-9.69,0.000000,0.000000,5.48
15.98,94336.83,61.08,598.77,1.52,-0.07,-9.69,0.068,-0.095,-0.001,-0.23,-0.72,-10.59,0.000000,0.000000,6.03
14.64,94130.95,61.02,616.95,1.82,-0.00,-9.66,0.007,-0.067,-0.022,0.77,-0.24,-10.14,0.000000,0.000000,6.56
14.15,94062.80,61.03,622.97,1.57,-0.18,-9.66,-0.003,-0.060,-0.019,-0.23,0.24,-9.23,0.000000,0.000000,7.11
14.39,94100.27,61.07,619.66,1.54,-0.30,-9.64,-0.004,-0.062,-0.017,0.27,0.24,-8.33,0.000000,0.000000,7.65
14.07,94049.44,61.05,624.15,1.46,-0.20,-9.66,-0.005,-0.058,-0.017,0.77,-0.24,-9.69,0.000000,0.000000,8.19
14.02,94040.64,61.04,624.93,1.55,-0.52,-9.69,0.002,-0.065,-0.024,-1.24,-0.72,-9.69,0.000000,0.000000,8.73
14.23,94072.02,61.05,622.16,1.42,0.04,-9.67,-0.008,-0.057,-0.018,-0.74,-0.72,-9.23,0.000000,0.000000,9.27
14.25,94077.17,61.05,621.70,1.66,-0.17,-9.67,0.000,-0.064,-0.016,-0.23,-0.72,-13.31,0.000000,0.000000,9.81
14.23,94070.23,61.04,622.31,1.61,-0.15,-9.68,-0.004,-0.063,-0.004,-0.23,0.24,-8.78,0.000000,0.000000,10.36
14.25,94076.46,61.04,621.76,1.49,-0.09,-9.68,-0.001,-0.063,-0.016,-0.74,-0.72,-9.23,0.000000,0.000000,10.91
14.21,94066.59,61.02,622.64,1.49,-0.26,-9.66,-0.003,-0.062,-0.023,-1.24,0.24,-9.69,0.000000,0.000000,11.45
14.22,94066.81,61.01,622.62,1.52,-0.29,-9.67,-0.004,-0.059,-0.026,-0.74,-1.19,-10.59,0.000000,0.000000,11.99
14.26,94072.39,61.00,622.12,1.57,-0.14,-9.66,-0.004,-0.060,-0.019,-0.74,-1.67,-8.33,0.000000,0.000000,12.66
14.23,94070.36,61.00,622.30,1.55,-0.21,-9.67,-0.004,-0.060,-0.018,-0.23,0.24,-11.04,0.000000,0.000000,13.07
14.26,94074.06,60.98,621.98,1.54,-0.14,-9.66,-0.004,-0.062,-0.018,-0.74,-0.24,-11.50,0.000000,0.000000,13.62
14.25,94073.73,60.95,622.00,1.57,-0.21,-9.67,-0.003,-0.062,-0.019,-0.23,0.24,-8.78,0.000000,0.000000,14.15
14.28,94075.27,60.90,621.87,1.56,-0.20,-9.66,-0.003,-0.063,-0.017,-0.74,-0.24,-9.23,0.000000,0.000000,14.78
14.26,94074.97,60.87,621.89,1.56,-0.21,-9.68,-0.003,-0.063,-0.018,-0.74,0.24,-10.59,0.000000,0.000000,15.24
14.30,94077.55,60.83,621.67,1.59,-0.24,-9.64,-0.002,-0.060,-0.014,-0.74,-0.24,-9.23,0.000000,0.000000,15.78
14.28,94076.32,60.79,621.78,1.52,-0.16,-9.68,0.001,-0.068,-0.010,-0.23,0.24,-11.50,0.000000,0.000000,16.32
14.30,94080.21,60.75,621.43,1.59,-0.23,-9.68,-0.004,-0.063,-0.018,-0.74,-2.62,-10.59,0.000000,0.000000,16.87
14.27,94077.45,60.74,621.68,1.55,-0.18,-9.70,-0.003,-0.062,-0.018,-0.23,0.24,-11.04,0.000000,0.000000,17.41
14.23,94074.00,60.71,621.98,1.52,-0.17,-9.69,-0.004,-0.056,-0.029,-0.23,0.71,-8.78,0.000000,0.000000,17.95
14.93,94176.24,60.73,612.94,1.71,-0.12,-9.65,0.164,-0.155,0.010,-0.23,0.24,-9.69,0.000000,0.000000,18.48
17.07,94498.19,60.85,584.54,3.82,-3.26,-11.58,-0.979,-1.000,0.203,-1.24,-0.72,-6.06,0.000000,0.000000,19.03
19.10,94804.69,60.96,557.58,-0.80,0.08,-9.80,0.694,-0.375,0.145,-0.23,4.05,-7.87,0.000000,0.000000,19.57
19.55,94874.53,61.06,551.44,2.18,-0.55,-10.82,-0.475,0.276,-0.029,-0.74,-2.62,-21.91,0.000000,0.000000,20.11
19.98,94941.64,61.13,545.55,1.57,-0.04,-9.55,0.087,-0.173,-0.039,-0.23,0.24,-11.95,0.000000,0.000000,20.65
19.95,94942.48,61.13,545.48,1.56,-0.31,-9.69,-0.006,-0.057,-0.031,0.77,-0.24,-8.33,0.000000,0.000000,21.19
19.93,94947.33,61.19,545.05,1.60,-0.30,-9.68,-0.010,-0.063,0.010,-0.74,-0.72,-9.69,0.000000,0.000000,22.91
19.85,94934.02,61.19,546.22,1.73,-0.01,-9.66,-0.020,-0.059,-0.024,-0.74,0.24,-10.59,0.000000,0.000000,23.45
19.85,94931.83,61.19,546.41,1.60,-0.08,-9.65,-0.002,-0.062,-0.017,0.77,-0.72,-12.40,0.000000,0.000000,24.00
19.57,94890.24,61.18,550.06,1.63,-0.12,-9.69,-0.003,-0.062,-0.018,-0.74,0.24,-10.59,0.000000,0.000000,24.54
19.39,94864.08,61.17,552.36,2.62,0.08,-10.94,0.550,0.275,0.513,0.27,0.24,-10.14,0.000000,0.000000,25.07
19.39,94869.53,61.18,551.88,1.73,-0.38,-8.78,0.783,-1.325,0.251,-0.23,-0.24,-8.78,0.000000,0.000000,25.62
19.37,94864.55,61.20,552.32,-0.47,-1.28,-5.02,-0.331,0.420,0.182,-1.74,0.24,-5.16,0.000000,0.000000,26.16
19.55,94894.83,61.22,549.66,-5.48,1.93,-2.77,0.573,-0.270,-0.001,4.29,-11.21,-1.99,0.000000,0.000000,26.99
19.62,94906.92,61.25,548.60,1.64,-0.19,-9.66,-0.014,-0.057,-0.020,-0.74,-1.19,-9.23,0.000000,0.000000,27.54
19.45,94884.45,61.31,550.57,1.60,-0.14,-9.66,-0.002,-0.061,-0.018,0.27,-0.72,-10.14,0.000000,0.000000,28.08
19.45,94886.52,61.36,550.39,1.61,-0.15,-9.66,-0.004,-0.062,-0.018,-0.74,-0.24,-10.59,0.000000,0.000000,28.62
19.47,94888.55,61.40,550.21,1.58,-0.26,-9.67,-0.026,-0.042,-0.025,-1.24,0.71,-11.04,0.000000,0.000000,29.16
19.17,94845.35,61.41,554.01,1.66,-0.11,-9.65,-0.006,-0.064,-0.021,-0.74,0.24,-11.04,0.000000,0.000000,29.70
19.23,94856.11,61.44,553.06,1.66,-0.16,-9.67,-0.007,-0.063,-0.023,0.77,-0.24,-8.78,0.000000,0.000000,30.24
19.34,94875.94,61.47,551.32,1.64,-0.08,-9.66,0.022,-0.073,-0.016,-0.23,-0.24,-9.23,0.000000,0.000000,30.79
19.35,94879.06,61.48,551.05,1.63,-0.18,-9.67,-0.003,-0.064,-0.019,-0.23,-0.24,-10.14,0.000000,0.000000,31.33
19.23,94857.79,61.50,552.91,1.54,-0.15,-9.67,-0.006,-0.059,-0.017,0.27,-0.72,-10.14,0.000000,0.000000,31.87
19.17,94852.44,61.53,553.38,1.70,-0.21,-9.66,-0.004,-0.061,-0.015,-0.74,-0.72,-10.59,0.000000,0.000000,32.41
18.74,94787.98,61.53,559.05,1.55,-0.22,-9.68,-0.003,-0.062,-0.017,-0.23,-0.24,-10.14,0.000000,0.000000,32.95
18.60,94767.68,61.54,560.83,1.68,-0.05,-9.65,-0.003,-0.063,-0.048,0.27,0.71,-9.23,0.000000,0.000000,33.49
18.72,94784.69,61.56,559.34,2.14,-0.39,-9.65,-0.001,-0.073,0.022,-0.74,-0.24,-8.78,0.000000,0.000000,34.04
19.02,94831.96,61.57,555.18,1.81,-0.18,-9.66,0.016,-0.074,-0.018,0.77,0.24,-8.78,0.000000,0.000000,34.58
19.03,94833.38,61.60,555.06,1.83,-0.31,-9.64,-0.056,-0.019,-0.016,-0.23,0.71,-10.59,0.000000,0.000000,35.12
19.03,94833.50,61.59,555.05,1.57,-0.13,-9.67,-0.002,-0.062,-0.017,-0.23,-1.67,-10.14,0.000000,0.000000,35.66
19.22,94861.71,61.63,552.57,1.67,-0.27,-9.65,-0.007,-0.058,-0.021,-0.74,-0.24,-10.59,0.000000,0.000000,36.20
19.21,94861.02,61.62,552.63,1.59,-0.21,-9.63,0.001,-0.064,-0.020,0.27,1.19,-11.50,0.000000,0.000000,36.74
19.03,94836.83,61.62,554.75,2.98,-4.35,-9.58,0.732,-0.464,0.045,-5.26,-1.19,-11.50,0.000000,0.000000,37.29
19.81,94952.48,61.67,544.60,1.72,2.93,-10.66,-1.231,-0.231,1.370,2.28,0.71,-10.59,0.000000,0.000000,37.83
19.60,94914.52,61.69,547.93,1.16,-5.33,-8.57,0.802,0.419,-0.281,-5.76,0.24,-7.42,0.000000,0.000000,38.37
19.70,94930.69,61.72,546.51,0.46,-0.58,-6.96,1.380,-0.169,-1.133,-0.23,0.71,-7.42,0.000000,0.000000,38.91
19.78,94943.17,61.75,545.42,1.96,8.67,-10.37,-0.230,-0.620,-0.362,9.32,-1.67,-10.59,0.000000,0.000000,39.45
19.80,94946.41,61.76,545.13,2.37,2.87,-11.94,-1.770,0.773,1.673,-0.74,-0.24,-12.40,0.000000,0.000000,39.99
19.61,94919.53,61.75,547.49,1.58,-8.54,-7.53,0.179,0.022,0.390,-9.78,-0.24,-8.33,0.000000,0.000000,40.53
19.76,94940.28,61.73,545.67,2.68,4.69,-10.50,1.323,-1.166,-1.153,7.31,0.24,-11.04,0.000000,0.000000,41.07
19.75,94940.20,61.71,545.68,2.46,2.64,-10.91,-2.283,0.289,0.940,3.29,-1.19,-11.04,0.000000,0.000000,41.61
19.75,94939.58,61.72,545.73,-0.42,-6.25,-7.49,-0.348,2.115,0.603,-7.27,-0.24,-4.71,0.000000,0.000000,42.16
19.59,94915.23,61.73,547.87,1.30,-4.65,-6.53,0.900,-1.534,-0.548,-4.25,-0.72,-6.97,0.000000,0.000000,42.70
19.73,94935.69,61.73,546.07,3.24,4.43,-11.48,1.115,-1.578,-1.260,7.31,-2.15,-12.40,0.000000,0.000000,43.24
19.61,94923.53,61.69,547.14,-1.28,-5.86,-6.05,-1.524,2.592,1.615,-7.77,2.15,-5.16,0.000000,0.000000,43.78
19.57,94918.40,61.68,547.59,2.54,-2.09,-6.13,1.785,-2.675,-1.774,-0.23,-1.19,-6.97,0.000000,0.000000,44.32
19.69,94932.23,61.68,546.38,4.01,7.82,-16.57,-1.384,0.994,0.705,7.81,-1.19,-15.12,0.000000,0.000000,44.86
19.37,94886.33,61.67,550.41,-2.32,-6.66,-7.21,-0.706,1.643,1.239,-7.27,3.10,-4.71,0.000000,0.000000,45.40
19.54,94885.84,61.66,548.11,-0.48,-0.52,-5.38,0.883,-0.710,-0.452,0.27,1.19,-6.06,0.000000,0.000000,45.95
18.98,94832.91,61.66,555.10,1.71,-0.21,-9.68,-0.028,-0.052,-0.024,-0.74,-0.72,-10.59,0.000000,0.000000,46.49
19.15,94856.45,61.68,553.03,1.62,0.02,-9.66,-0.004,-0.061,-0.035,0.27,-0.72,-10.59,0.000000,0.000000,47.03
18.65,94783.31,61.67,559.46,1.67,-0.03,-9.64,0.001,-0.065,-0.010,-0.23,-0.24,-10.59,0.000000,0.000000,47.57
18.48,94759.82,61.65,561.52,1.68,-0.03,-9.62,-0.004,-0.061,-0.021,0.27,-0.72,-8.78,0.000000,0.000000,48.11
18.26,94724.30,61.68,564.39,1.64,-0.10,-9.63,-0.004,-0.063,-0.015,0.27,0.24,-8.78,0.000000,0.000000,48.65
18.40,94749.30,61.67,562.45,1.56,-0.30,-9.66,-0.003,-0.059,-0.021,-0.74,-0.24,-9.23,0.000000,0.000000,49.20
18.44,94755.22,61.67,561.93,1.62,-0.09,-9.65,-0.003,-0.063,-0.018,0.27,-0.72,-8.78,0.000000,0.000000,49.74
18.49,94762.59,61.67,561.28,1.65,-0.10,-9.66,-0.004,-0.062,-0.020,0.27,-0.24,-10.14,0.000000,0.000000,50.28
18.46,94759.84,61.67,561.52,1.66,-0.11,-9.66,-0.004,-0.063,-0.016,-0.23,-2.15,-11.04,0.000000,0.000000,50.82
18.49,94763.48,61.70,561.20,1.63,-0.13,-9.62,-0.003,-0.062,-0.017,0.27,-0.72,-11.50,0.000000,0.000000,51.36
18.45,94760.65,61.72,561.45,1.66,-0.12,-9.61,-0.004,-0.060,-0.019,0.27,0.71,-7.87,0.000000,0.000000,51.90
18.00,94693.76,61.70,567.33,1.56,-0.02,-9.62,-0.006,-0.061,-0.019,-0.23,1.19,-9.23,0.000000,0.000000,52.45
18.65,94787.50,61.75,559.09,2.70,-0.25,-8.80,-0.047,0.070,0.051,0.27,-0.24,-8.78,0.000000,0.000000,52.99
18.38,94748.91,61.76,562.48,4.15,1.25,-10.92,1.294,-2.559,-1.803,1.27,-2.62,-12.40,0.000000,0.000000,53.53
19.24,94877.30,61.83,551.20,0.74,-7.33,-11.12,-1.775,1.006,2.005,-10.79,-0.72,-10.14,0.000000,0.000000,54.07
18.95,94840.63,61.85,554.42,-2.13,7.04,-5.02,1.871,-0.179,-2.671,11.33,3.58,-4.25,0.000000,0.000000,54.61
19.31,94894.49,61.91,549.69,1.55,2.10,-10.90,-2.000,-0.575,2.477,-0.23,1.19,-11.50,0.000000,0.000000,55.15
18.76,94811.84,61.92,556.95,0.47,-7.79,-11.35,0.393,2.137,-0.243,-7.27,1.67,-9.23,0.000000,0.000000,55.69
19.00,94845.48,61.96,553.99,0.86,0.87,-11.14,-0.190,1.494,0.302,1.27,0.24,-9.69,0.000000,0.000000,56.23
18.94,94836.83,61.97,554.75,4.67,-1.20,-15.89,-0.105,-0.421,0.079,-1.24,-2.62,-17.38,0.000000,0.000000,56.78
18.94,94836.56,61.96,554.78,7.43,-5.82,-17.94,0.442,1.003,-0.018,-5.76,-5.01,-21.46,0.000000,0.000000,57.32
19.52,94921.91,62.00,547.28,0.74,0.59,-9.06,0.372,0.970,-0.343,1.27,0.71,-10.59,0.000000,0.000000,57.86
17.99,94703.30,61.91,566.49,1.51,-0.19,-9.70,-0.001,-0.058,-0.016,-0.23,-0.24,-10.14,0.000000,0.000000,58.40
18.43,94761.92,61.94,561.34,1.81,0.14,-9.67,-0.007,-0.063,-0.004,-0.23,0.24,-12.40,0.000000,0.000000,58.94
18.92,94841.00,61.97,554.39,1.59,-0.09,-9.65,-0.002,-0.067,-0.015,0.77,0.71,-9.23,0.000000,0.000000,59.48
18.67,94802.15,61.95,557.80,1.64,-0.08,-9.66,-0.004,-0.060,-0.020,-0.23,-0.24,-9.69,0.000000,0.000000,60.03
18.92,94837.39,61.96,554.71,1.63,-0.10,-9.66,-0.003,-0.063,-0.019,-1.74,-0.72,-10.59,0.000000,0.000000,60.57
18.16,94721.90,61.94,564.86,1.66,-0.13,-9.65,-0.004,-0.061,-0.019,-0.74,-1.67,-10.59,0.000000,0.000000,61.12
17.99,94701.08,61.93,566.69,1.65,-0.10,-9.67,-0.003,-0.062,-0.018,-0.23,-0.24,-11.50,0.000000,0.000000,61.66
18.02,94709.95,61.95,566.65,1.64,-0.11,-9.68,-0.003,-0.062,-0.018,-0.23,0.24,-11.50,0.000000,0.000000,62.20
17.97,94693.75,61.94,567.33,1.66,-0.12,-9.62,-0.003,-0.062,-0.018,-0.74,0.71,-9.23,0.000000,0.000000,62.74
17.97,94692.25,61.94,567.46,1.66,-0.11,-9.69,-0.003,-0.062,-0.018,-0.23,0.24,-9.69,0.000000,0.000000,63.28
17.91,94687.34,61.94,567.89,1.64,-0.11,-9.67,-0.003,-0.063,-0.018,0.27,-1.19,-9.69,0.000000,0.000000,63.82
17.86,94676.89,61.94,568.81,1.65,-0.12,-9.64,-0.004,-0.062,-0.018,0.27,-1.67,-9.69,0.000000,0.000000,64.37
17.84,94673.70,61.93,569.09,1.84,-0.08,-9.70,-0.000,-0.070,-0.007,-0.23,-1.19,-10.14,0.000000,0.000000,64.91
17.81,94667.55,61.92,569.63,1.72,-0.33,-9.64,-0.001,-0.058,-0.026,-0.23,-2.62,-11.50,0.000000,0.000000,65.50
17.78,94660.91,61.92,570.22,1.54,-0.05,-9.66,-0.004,-0.061,-0.022,-0.23,0.24,-11.04,0.000000,0.000000,65.99
17.79,94665.78,61.91,569.79,1.72,-0.17,-9.67,-0.003,-0.060,-0.025,-0.23,0.24,-9.69,0.000000,0.000000,66.53
17.77,94661.21,61.90,570.19,1.72,0.01,-9.65,-0.003,-0.066,-0.001,-0.74,-0.24,-9.23,0.000000,0.000000,67.07
17.79,94661.39,61.90,570.18,1.62,-0.14,-9.65,-0.004,-0.063,-0.010,0.27,-0.72,-10.14,0.000000,0.000000,67.62
17.79,94662.56,61.91,570.07,1.67,-0.05,-9.67,-0.004,-0.063,-0.014,-0.74,-0.72,-9.69,0.000000,0.000000,68.16
17.77,94657.75,61.89,570.50,1.65,-0.11,-9.66,-0.004,-0.064,-0.016,-0.23,-0.72,-10.59,0.000000,0.000000,68.70
17.76,94658.22,61.89,570.46,1.67,-0.11,-9.62,-0.004,-0.061,-0.018,-0.23,0.71,-11.04,0.000000,0.000000,69.24
17.76,94654.95,61.88,570.74,1.66,-0.09,-9.67,-0.002,-0.063,-0.017,0.77,0.24,-9.69,0.000000,0.000000,69.78
17.76,94657.84,61.87,570.49,1.65,-0.13,-9.65,-0.003,-0.062,-0.017,0.77,0.71,-9.23,0.000000,0.000000,70.32
17.76,94655.95,61.87,570.66,1.65,-0.12,-9.67,-0.004,-0.063,-0.018,0.27,0.24,-8.78,0.000000,0.000000,70.86
17.76,94655.56,61.87,570.69,1.65,-0.11,-9.67,-0.004,-0.062,-0.019,-0.23,-0.24,-9.23,0.000000,0.000000,71.41
17.74,94653.28,61.85,570.89,1.66,-0.11,-9.64,-0.004,-0.063,-0.018,-0.23,-0.72,-9.23,0.000000,0.000000,71.95
17.73,94650.19,61.86,571.02,1.66,-0.12,-9.65,-0.003,-0.063,-0.017,-0.74,-0.24,-8.33,0.000000,0.000000,72.49
17.70,94648.44,61.84,571.32,1.65,-0.14,-9.64,-0.004,-0.063,-0.018,-0.23,0.24,-11.50,0.000000,0.000000,73.03
17.73,94655.30,61.84,570.71,1.65,-0.12,-9.66,-0.003,-0.062,-0.018,0.27,-0.24,-8.33,0.000000,0.000000,73.57
17.72,94654.41,61.84,570.79,1.65,-0.10,-9.64,-0.004,-0.063,-0.017,-0.23,0.24,-9.23,0.000000,0.000000,74.11
17.40,94605.64,61.82,575.08,1.67,-0.11,-9.67,-0.004,-0.062,-0.017,0.27,-0.72,-9.69,0.000000,0.000000,74.65
17.63,94638.20,61.84,572.22,1.63,-0.14,-9.63,-0.005,-0.062,-0.018,-0.23,-0.72,-10.14,0.000000,0.000000,75.20
17.70,94648.89,61.86,571.28,1.67,-0.19,-9.70,-0.004,-0.059,-0.014,-0.23,-1.67,-9.23,0.000000,0.000000,75.74
18.30,94712.01,61.90,565.73,1.84,1.08,-9.82,-0.113,0.461,-0.183,0.77,0.24,-13.31,0.000000,0.000000,76.27
18.76,94800.45,61.97,557.95,0.13,-1.52,-5.93,2.497,-0.372,-1.447,0.27,1.67,-5.16,0.000000,0.000000,76.82
18.79,94809.38,61.99,557.17,1.61,8.79,-11.99,0.100,-1.721,-0.591,10.32,0.24,-13.31,0.000000,0.000000,77.36
18.95,94836.86,62.01,554.75,4.78,2.72,-13.19,1.018,-1.159,-0.339,4.29,-2.15,-16.02,0.000000,0.000000,77.90
18.32,94745.77,62.00,562.76,3.43,-0.59,-6.42,-1.498,-3.909,0.521,-1.24,-2.62,-8.33,0.000000,0.000000,78.44
17.90,94709.20,61.95,568.18,-0.32,0.20,-11.29,0.888,2.559,-0.622,0.27,0.71,-10.14,0.000000,0.000000,78.98
17.61,94644.58,61.98,571.66,1.29,0.99,-12.10,-0.449,2.304,-0.439,0.77,0.71,-12.40,0.000000,0.000000,79.53
18.54,94784.03,62.03,559.39,0.69,0.00,-10.89,-0.305,3.165,-0.063,-0.74,-1.19,-10.14,0.000000,0.000000,80.07
18.23,94733.25,62.03,563.86,-0.20,-1.06,-8.39,-0.736,-0.070,0.147,-1.74,1.19,-7.42,0.000000,0.000000,80.61
18.67,94803.17,62.06,557.71,-0.15,0.89,-6.91,0.539,-0.164,-0.159,1.78,2.15,-5.16,0.000000,0.000000,81.15
19.14,94875.91,62.08,551.32,1.52,-0.16,-9.65,-0.017,-0.056,-0.022,0.27,-0.24,-9.69,0.000000,0.000000,81.69
18.48,94777.77,62.06,559.94,1.60,-0.30,-9.67,-0.031,-0.043,-0.024,-0.74,0.24,-10.59,0.000000,0.000000,82.23
18.27,94747.63,62.05,562.59,1.76,-0.32,-9.60,-0.019,-0.058,0.055,-0.23,-1.19,-11.04,0.000000,0.000000,82.78
18.61,94798.39,62.07,558.13,1.70,-0.21,-9.68,0.001,-0.067,-0.019,-0.23,-2.62,-9.69,0.000000,0.000000,83.32
19.50,94933.34,62.15,546.28,1.59,-0.16,-9.67,-0.043,-0.047,-0.026,-0.74,0.24,-10.14,0.000000,0.000000,83.86
18.57,94794.16,62.10,558.65,1.64,-0.21,-9.65,-0.002,-0.062,-0.018,-0.23,0.24,-11.95,0.000000,0.000000,84.40
18.57,94795.20,62.11,558.41,1.62,-0.21,-9.68,-0.004,-0.062,-0.017,-0.23,0.71,-9.23,0.000000,0.000000,84.94
18.41,94768.36,62.11,560.77,1.62,-0.21,-9.64,-0.003,-0.062,-0.018,-1.24,0.24,-9.69,0.000000,0.000000,85.48
18.36,94761.58,62.13,561.37,1.60,-0.22,-9.67,-0.004,-0.062,-0.017,-0.74,-0.72,-10.14,0.000000,0.000000,86.03
18.34,94756.33,62.11,561.83,1.62,-0.21,-9.63,-0.004,-0.063,-0.018,-1.24,-0.72,-10.59,0.000000,0.000000,86.57
18.38,94761.91,62.14,561.34,1.59,-0.21,-9.67,-0.004,-0.062,-0.017,0.27,-1.19,-10.14,0.000000,0.000000,87.11
18.19,94734.11,62.15,563.78,1.60,-0.25,-9.64,-0.004,-0.062,-0.018,-0.23,-0.24,-11.04,0.000000,0.000000,87.65
18.18,94733.45,62.15,563.84,1.61,-0.21,-9.66,-0.004,-0.061,-0.017,-0.74,0.24,-9.23,0.000000,0.000000,88.19
18.20,94735.60,62.13,563.65,1.62,-0.22,-9.67,-0.003,-0.062,-0.018,-0.23,0.24,-10.14,0.000000,0.000000,88.73
18.19,94734.45,62.14,563.75,1.60,-0.23,-9.64,-0.004,-0.062,-0.019,-0.74,-0.72,-9.69,0.000000,0.000000,89.27
18.15,94727.55,62.13,564.36,1.60,-0.21,-9.66,-0.004,-0.062,-0.017,-1.24,-0.24,-10.14,0.000000,0.000000,89.82
18.26,94741.58,62.13,563.13,1.63,-0.21,-9.64,-0.002,-0.063,-0.017,1.27,-2.15,-10.59,0.000000,0.000000,90.36
18.97,94849.41,62.18,553.65,1.41,-0.17,-9.69,0.002,-0.069,0.005,-0.23,-0.24,-11.95,0.000000,0.000000,90.90
19.08,94862.48,62.18,552.50,1.64,-0.29,-8.59,-0.054,-0.020,-0.053,-0.23,0.24,-9.69,0.000000,0.000000,91.44
18.94,94843.64,62.16,554.16,1.72,0.24,-9.67,0.178,-0.156,0.029,-0.23,-0.72,-10.59,0.000000,0.000000,91.98
18.35,94756.52,62.14,561.81,1.71,-0.23,-9.65,-0.002,-0.066,-0.026,0.27,-0.72,-9.69,0.000000,0.000000,92.52
17.91,94690.62,62.10,567.61,1.57,-0.42,-9.65,-0.006,-0.063,-0.002,-1.24,-0.72,-9.69,0.000000,0.000000,93.06
17.93,94691.30,62.10,567.55,1.69,-0.14,-9.64,0.002,-0.068,0.008,-0.23,-1.19,-11.95,0.000000,0.000000,93.60
17.92,94693.54,62.10,567.35,1.60,-0.22,-9.67,-0.004,-0.065,-0.004,-0.23,-0.24,-11.95,0.000000,0.000000,94.15
17.92,94692.20,62.10,567.47,1.61,-0.13,-9.63,-0.002,-0.061,-0.011,0.27,0.24,-7.87,0.000000,0.000000,94.68
17.93,94691.97,62.09,567.49,1.54,-0.19,-9.61,-0.004,-0.059,-0.021,-0.74,-0.24,-10.14,0.000000,0.000000,95.30
17.97,94697.93,62.08,566.96,1.61,-0.29,-9.63,-0.009,-0.060,-0.027,0.27,1.19,-8.78,0.000000,0.000000,95.77
18.20,94732.38,62.10,563.93,1.58,-0.12,-9.69,0.000,-0.060,-0.013,-0.23,-0.24,-10.14,0.000000,0.000000,96.31
18.09,94715.58,62.09,565.41,1.65,-0.27,-9.66,-0.006,-0.067,-0.017,-1.24,-0.72,-10.14,0.000000,0.000000,96.85
18.07,94712.64,62.08,565.67,1.55,-0.25,-9.68,-0.002,-0.061,-0.016,0.27,-3.10,-11.50,0.000000,0.000000,97.39
18.07,94712.64,62.08,565.67,1.62,-0.23,-9.67,-0.005,-0.061,-0.021,-0.23,0.24,-9.69,0.000000,0.000000,98.03
18.00,94704.91,62.07,566.35,1.62,-0.21,-9.67,-0.003,-0.062,-0.017,0.77,0.24,-11.04,0.000000,0.000000,98.48
17.96,94698.06,62.05,566.95,1.63,-0.24,-9.65,-0.004,-0.063,-0.018,0.27,0.24,-8.33,0.000000,0.000000,99.02
17.93,94695.41,62.05,567.19,1.60,-0.21,-9.68,-0.005,-0.060,-0.018,-0.23,0.24,-9.69,0.000000,0.000000,99.56
17.99,94705.48,62.05,566.30,1.61,-0.23,-9.67,-0.003,-0.063,-0.017,-0.23,-0.72,-10.59,0.000000,0.000000,100.10
17.98,94704.13,62.05,566.42,1.64,-0.19,-9.65,-0.003,-0.060,-0.020,0.27,-0.72,-11.50,0.000000,0.000000,100.64
17.98,94703.41,62.04,566.48,1.63,-0.22,-9.66,-0.004,-0.060,-0.023,-0.23,-1.19,-11.95,0.000000,0.000000,101.19
18.04,94713.02,62.05,565.64,1.21,-0.03,-9.79,0.003,-0.075,0.252,-0.23,-0.72,-10.14,0.000000,0.000000,101.73
16.58,94497.95,61.98,584.57,2.99,0.08,-9.06,0.038,-0.146,-0.183,-0.74,-0.72,-9.69,0.000000,0.000000,102.27
17.45,94628.74,62.03,573.05,3.51,0.73,-8.85,0.094,-0.872,-0.169,0.77,-2.15,-9.23,0.000000,0.000000,102.81
18.31,94754.74,62.09,561.97,-5.42,-0.41,-3.62,1.111,1.897,-1.056,1.27,5.48,1.63,0.000000,0.000000,103.35
18.14,94730.43,62.08,564.10,7.47,-2.30,-13.01,-1.622,-0.553,0.826,-4.76,-6.92,-15.57,0.000000,0.000000,103.89
18.26,94747.71,62.10,562.59,-0.66,2.14,-5.89,-1.215,-2.485,1.005,-0.23,1.67,-6.97,0.000000,0.000000,104.43
18.48,94781.56,62.12,559.61,-1.63,0.57,-9.38,0.919,1.651,-0.849,2.78,0.71,-9.23,0.000000,0.000000,105.09
17.82,94682.36,62.08,568.33,5.83,-4.64,-14.71,-1.811,-2.902,2.383,-6.26,-3.58,-16.48,0.000000,0.000000,105.52
18.75,94820.27,62.17,556.21,-2.83,6.93,0.71,0.020,1.691,-0.966,8.81,4.05,4.35,0.000000,0.000000,106.05
18.12,94728.81,62.15,564.25,3.45,-6.09,-18.10,1.655,2.174,-0.754,-6.26,-0.72,-18.29,0.000000,0.000000,106.60
17.65,94661.33,62.14,570.18,2.81,-1.06,-11.51,-0.304,-0.734,0.683,-1.74,-1.67,-12.85,0.000000,0.000000,107.14
17.46,94630.13,62.13,572.93,1.86,-0.11,-9.68,-0.054,-0.038,-0.072,-0.74,-1.19,-9.23,0.000000,0.000000,107.68
18.71,94818.27,62.21,556.39,1.59,-0.33,-9.66,-0.003,-0.064,-0.009,-0.74,-1.67,-10.59,0.000000,0.000000,108.22
19.47,94928.08,62.23,546.74,1.86,0.09,-9.85,0.170,-0.130,-0.002,0.27,0.24,-10.14,0.000000,0.000000,108.76
19.50,94933.84,62.23,546.24,1.59,-0.15,-9.67,-0.003,-0.063,-0.014,0.27,0.24,-9.23,0.000000,0.000000,109.30
17.89,94694.95,62.15,567.23,1.65,-0.24,-9.65,-0.003,-0.062,-0.017,0.27,-0.72,-9.69,0.000000,0.000000,109.85
17.78,94675.50,62.13,568.94,1.60,-0.19,-9.66,-0.003,-0.063,-0.017,-0.23,-0.72,-10.14,0.000000,0.000000,110.40
17.82,94681.23,62.12,568.43,1.62,-0.24,-9.63,-0.004,-0.062,-0.018,-0.23,-1.19,-12.85,0.000000,0.000000,110.94
17.79,94674.88,62.11,568.99,1.62,-0.19,-9.65,-0.004,-0.062,-0.016,-0.23,-0.72,-11.04,0.000000,0.000000,111.48
17.84,94681.42,62.12,568.41,1.62,-0.21,-9.67,-0.003,-0.062,-0.018,-0.23,-0.24,-10.14,0.000000,0.000000,112.02
17.80,94677.16,62.10,568.79,1.62,-0.23,-9.67,-0.004,-0.062,-0.017,-0.23,-0.24,-8.78,0.000000,0.000000,112.56
17.84,94679.80,62.09,568.56,1.61,-0.19,-9.64,-0.004,-0.062,-0.018,-0.23,-0.24,-10.59,0.000000,0.000000,113.11
17.59,94644.20,62.08,571.69,1.62,-0.23,-9.67,-0.004,-0.061,-0.019,-0.23,0.24,-10.59,0.000000,0.000000,113.65
17.89,94688.30,62.08,567.81,1.63,-0.21,-9.67,-0.003,-0.063,-0.019,-0.23,-0.24,-9.69,0.000000,0.000000,114.19
17.89,94688.27,62.10,567.81,1.62,-0.21,-9.66,-0.004,-0.062,-0.019,-0.23,-1.19,-9.69,0.000000,0.000000,114.73
17.90,94690.25,62.09,567.64,1.61,-0.22,-9.66,-0.004,-0.062,-0.018,-0.23,-0.24,-9.69,0.000000,0.000000,115.27
17.94,94693.53,62.09,567.35,1.62,-0.20,-9.64,-0.004,-0.063,-0.018,-0.23,0.24,-9.69,0.000000,0.000000,115.81
17.90,94688.13,62.09,567.83,1.63,-0.22,-9.67,-0.004,-0.062,-0.018,0.77,-0.24,-10.59,0.000000,0.000000,116.35
17.84,94679.38,62.07,568.59,1.61,-0.21,-9.64,-0.005,-0.062,-0.018,0.77,0.71,-9.23,0.000000,0.000000,116.89
17.86,94682.73,62.07,568.30,1.63,-0.21,-9.65,-0.005,-0.062,-0.018,0.27,0.24,-9.69,0.000000,0.000000,117.44
17.88,94684.69,62.05,568.13,1.63,-0.22,-9.65,-0.004,-0.061,-0.018,-0.74,-0.72,-9.69,0.000000,0.000000,117.98
17.84,94676.81,62.03,568.75,1.61,-0.22,-9.65,-0.005,-0.063,-0.018,-0.23,-0.72,-9.69,0.000000,0.000000,118.52
17.86,94682.45,62.05,568.32,1.61,-0.21,-9.65,-0.004,-0.062,-0.018,-0.74,0.24,-10.59,0.000000,0.000000,119.06
17.90,94683.80,62.03,568.21,1.64,-0.21,-9.66,-0.004,-0.062,-0.018,-0.23,0.71,-9.23,0.000000,0.000000,119.60
17.89,94684.95,62.02,568.10,1.63,-0.21,-9.64,-0.004,-0.063,-0.018,0.27,0.24,-9.23,0.000000,0.000000,120.14
17.89,94683.53,62.02,568.23,1.61,-0.20,-9.66,-0.004,-0.062,-0.018,-0.23,0.24,-9.69,0.000000,0.000000,120.68
17.83,94673.47,62.01,569.11,1.62,-0.21,-9.66,-0.004,-0.062,-0.018,-0.23,-0.24,-9.69,0.000000,0.000000,121.23
17.76,94663.08,61.98,570.03,1.63,-0.21,-9.65,-0.003,-0.062,-0.017,0.27,-0.72,-9.69,0.000000,0.000000,121.77
17.86,94678.22,61.99,568.70,1.64,-0.22,-9.64,-0.004,-0.062,-0.019,0.27,-0.24,-8.78,0.000000,0.000000,122.31
17.91,94682.42,61.99,568.33,1.62,-0.20,-9.66,-0.004,-0.062,-0.018,0.27,-0.24,-9.23,0.000000,0.000000,122.85
17.91,94684.44,61.99,568.15,1.63,-0.22,-9.65,-0.003,-0.062,-0.018,-0.74,0.24,-12.40,0.000000,0.000000,123.39
17.87,94681.44,61.98,568.41,1.63,-0.19,-9.65,-0.003,-0.062,-0.018,0.27,0.24,-9.23,0.000000,0.000000,123.93
17.88,94681.18,61.97,568.44,1.62,-0.21,-9.65,-0.003,-0.063,-0.019,0.27,-0.72,-8.78,0.000000,0.000000,124.47
17.89,94682.53,61.96,568.32,1.63,-0.20,-9.67,-0.004,-0.062,-0.018,-1.74,-0.72,-9.69,0.000000,0.000000,125.02
17.88,94677.17,61.95,568.79,1.63,-0.21,-9.64,-0.005,-0.062,-0.018,-0.74,-0.72,-10.14,0.000000,0.000000,125.56
17.83,94668.86,61.94,569.52,1.64,-0.22,-9.69,-0.006,-0.061,-0.018,-0.74,-2.15,-9.69,0.000000,0.000000,126.10
17.80,94666.35,61.95,569.74,1.54,-0.26,-9.66,-0.003,-0.061,-0.015,0.27,-1.19,-8.78,0.000000,0.000000,126.64
17.80,94666.97,61.95,569.69,1.61,-0.16,-9.66,-0.004,-0.063,-0.018,-0.23,0.24,-11.95,0.000000,0.000000,127.19
17.82,94668.25,61.94,569.57,1.61,-0.20,-9.68,-0.003,-0.062,-0.019,-0.74,0.71,-9.23,0.000000,0.000000,127.72
17.81,94669.94,61.95,569.42,1.63,-0.21,-9.66,-0.005,-0.062,-0.017,-0.23,0.24,-9.69,0.000000,0.000000,128.27
17.81,94665.68,61.95,569.80,1.61,-0.22,-9.67,-0.004,-0.062,-0.018,-0.74,-0.24,-11.04,0.000000,0.000000,128.81
17.82,94670.38,61.95,569.39,1.63,-0.21,-9.66,-0.004,-0.064,-0.017,-0.74,-0.24,-9.69,0.000000,0.000000,129.35
17.80,94667.02,61.95,569.68,1.63,-0.20,-9.65,-0.002,-0.062,-0.018,-0.23,-2.15,-10.59,0.000000,0.000000,129.89
17.81,94666.00,61.95,569.77,1.63,-0.18,-9.66,-0.004,-0.063,-0.017,-0.74,-0.24,-10.59,0.000000,0.000000,130.43
17.83,94675.59,61.94,568.93,1.64,-0.20,-9.65,-0.003,-0.063,-0.017,-0.74,1.19,-8.78,0.000000,0.000000,130.97
17.80,94668.80,61.95,569.52,1.64,-0.21,-9.66,-0.004,-0.062,-0.018,0.27,0.24,-10.14,0.000000,0.000000,131.51
17.93,94687.13,61.95,567.91,1.63,-0.20,-9.69,-0.004,-0.062,-0.018,-0.74,-0.24,-8.78,0.000000,0.000000,132.06
17.95,94688.89,61.94,567.76,1.64,-0.21,-9.65,-0.004,-0.061,-0.018,-0.23,-0.24,-9.23,0.000000,0.000000,132.60
17.95,94691.06,61.94,567.57,1.63,-0.22,-9.69,-0.004,-0.062,-0.018,-0.74,-1.19,-10.59,0.000000,0.000000,133.14
17.69,94653.80,61.93,570.84,1.63,-0.21,-9.68,-0.003,-0.062,-0.018,-0.74,-0.72,-8.33,0.000000,0.000000,133.68
17.88,94679.80,61.94,568.56,1.60,-0.21,-9.66,-0.004,-0.063,-0.018,-1.24,0.24,-12.40,0.000000,0.000000,134.22
17.85,94677.45,61.94,568.76,1.61,-0.22,-9.67,-0.004,-0.063,-0.017,-0.23,-0.24,-8.78,0.000000,0.000000,134.77
17.77,94661.28,61.90,569.98,1.60,-0.22,-9.67,-0.004,-0.060,-0.019,-0.74,0.24,-9.23,0.000000,0.000000,135.31
17.84,94674.20,61.93,569.05,1.60,-0.23,-9.69,-0.004,-0.061,-0.020,-0.74,0.71,-11.04,0.000000,0.000000,135.85
18.43,94759.20,61.96,561.58,1.65,-0.20,-9.67,-0.005,-0.061,-0.019,0.77,-0.72,-9.23,0.000000,0.000000,136.39
17.85,94677.81,61.93,568.73,1.59,-0.21,-9.66,-0.004,-0.063,-0.018,-0.23,-0.24,-9.69,0.000000,0.000000,136.94
17.93,94686.12,61.94,568.00,1.64,-0.22,-9.66,-0.004,-0.061,-0.019,-0.23,-0.72,-9.23,0.000000,0.000000,137.48
17.89,94683.92,61.94,568.19,1.62,-0.21,-9.65,-0.004,-0.062,-0.018,0.27,-0.72,-9.69,0.000000,0.000000,138.02
18.01,94697.88,61.95,566.97,1.61,-0.22,-9.66,-0.003,-0.062,-0.018,-0.23,-0.72,-10.59,0.000000,0.000000,138.56
17.95,94684.99,61.93,568.10,1.62,-0.21,-9.66,-0.004,-0.061,-0.017,-0.74,-0.72,-9.69,0.000000,0.000000,139.10
17.80,94666.19,61.93,569.76,1.63,-0.21,-9.65,-0.004,-0.063,-0.018,-0.23,0.24,-11.50,0.000000,0.000000,139.64
17.97,94688.73,61.93,567.77,1.61,-0.21,-9.68,-0.004,-0.063,-0.018,0.27,-0.24,-8.78,0.000000,0.000000,140.18
17.95,94691.44,61.92,567.53,1.61,-0.18,-9.63,-0.004,-0.061,-0.021,-0.23,0.24,-9.23,0.000000,0.000000,140.72
17.96,94689.88,61.92,567.67,1.61,-0.19,-9.68,-0.003,-0.062,-0.024,-0.23,-1.19,-10.59,0.000000,0.000000,141.27
18.04,94699.05,61.95,566.86,1.65,-0.34,-9.65,-0.004,-0.062,-0.020,-0.23,0.24,-9.69,0.000000,0.000000,141.81
17.90,94677.93,61.93,568.72,1.64,-0.11,-9.66,-0.003,-0.061,-0.019,-1.24,1.19,-8.78,0.000000,0.000000,142.35
18.72,94798.25,61.96,558.14,1.61,-0.23,-9.65,-0.003,-0.064,-0.017,0.77,-0.24,-9.23,0.000000,0.000000,142.89
17.96,94685.02,61.92,568.10,1.57,-0.20,-9.65,-0.004,-0.059,-0.020,-1.24,-0.72,-10.14,0.000000,0.000000,143.43
17.91,94682.09,61.92,568.36,1.60,-0.30,-9.64,-0.011,-0.055,-0.016,-0.23,-2.15,-10.59,0.000000,0.000000,143.97
18.02,94694.38,61.93,567.28,1.67,-0.17,-9.62,-0.002,-0.065,-0.022,-1.74,-0.24,-9.23,0.000000,0.000000,144.51
18.62,94780.83,61.95,559.67,1.58,-0.20,-9.68,-0.008,-0.060,-0.023,0.27,0.24,-9.69,0.000000,0.000000,145.05
18.20,94717.66,61.92,565.23,1.56,-0.38,-9.66,0.002,-0.061,-0.015,-0.74,0.71,-8.78,0.000000,0.000000,145.59
17.98,94683.56,61.91,568.23,1.61,-0.21,-9.70,-0.181,0.026,-0.054,0.27,0.71,-9.23,0.000000,0.000000,146.13
16.70,94496.61,61.82,584.68,1.73,0.02,-9.66,0.009,-0.064,-0.167,-0.74,0.24,-9.69,0.000000,0.000000,146.68
18.14,94708.30,61.91,566.05,1.69,-0.11,-9.66,0.001,-0.056,-0.016,-1.24,-0.72,-10.14,0.000000,0.000000,147.22
18.14,94709.13,61.90,565.98,1.85,-0.05,-9.60,0.093,-0.110,-0.006,-0.74,-1.67,-10.14,0.000000,0.000000,147.76
18.68,94786.14,61.91,559.21,1.57,-0.07,-9.67,-0.004,-0.061,-0.018,0.77,-1.67,-8.78,0.000000,0.000000,148.30
18.05,94699.69,61.94,566.81,1.67,-0.23,-9.69,0.003,-0.065,-0.020,-1.24,0.71,-10.59,0.000000,0.000000,148.84
18.14,94704.73,61.99,566.37,1.55,-0.10,-9.65,0.001,-0.065,-0.015,-0.23,0.24,-9.69,0.000000,0.000000,149.38
18.21,94713.34,62.00,565.61,1.68,-0.12,-9.65,-0.004,-0.061,-0.012,0.77,-0.72,-9.69,0.000000,0.000000,149.93
17.92,94668.82,62.00,569.52,1.56,0.10,-9.63,0.011,-0.082,-0.007,-0.74,-0.24,-9.69,0.000000,0.000000,150.47
19.23,94866.94,62.08,552.11,1.59,0.04,-9.58,0.024,-0.078,-0.008,-0.23,-0.24,-10.14,0.000000,0.000000,151.01
19.34,94878.91,62.11,551.06,1.76,0.67,-9.21,-0.055,-0.065,-0.013,-0.23,-2.15,-10.14,0.000000,0.000000,151.55
18.87,94813.20,62.11,556.83,1.57,-0.21,-9.65,-0.008,-0.059,-0.014,-0.74,-1.67,-11.04,0.000000,0.000000,152.10
18.90,94815.03,62.13,556.67,1.75,-0.01,-9.65,0.050,-0.091,-0.005,-0.23,0.24,-11.95,0.000000,0.000000,152.64
19.17,94857.13,62.15,552.97,1.51,-0.35,-9.73,-0.160,0.011,-0.042,-0.23,-0.24,-9.69,0.000000,0.000000,153.18
19.27,94872.52,62.15,551.62,1.73,-0.23,-9.65,-0.013,-0.061,-0.017,-0.23,-0.24,-8.78,0.000000,0.000000,153.72
18.79,94797.61,62.15,558.20,1.58,-0.26,-9.65,-0.002,-0.063,-0.018,-0.74,-0.24,-9.69,0.000000,0.000000,154.26
19.55,94910.52,62.22,548.28,1.64,-0.15,-9.66,-0.011,-0.055,-0.021,-0.74,-0.24,-10.59,0.000000,0.000000,154.80
19.13,94849.44,62.20,553.65,1.79,0.11,-9.61,0.044,-0.090,-0.004,0.77,-0.24,-10.59,0.000000,0.000000,155.34
18.95,94823.58,62.20,555.92,1.73,-0.11,-9.70,0.023,-0.068,-0.020,-0.74,-0.24,-12.40,0.000000,0.000000,155.88
18.88,94808.42,62.19,557.25,1.86,0.35,-9.90,0.413,-0.221,0.023,0.77,0.24,-9.23,0.000000,0.000000,156.42
19.59,94915.64,62.23,547.83,1.76,0.04,-9.73,0.241,-0.166,0.007,0.77,0.71,-8.78,0.000000,0.000000,156.96
18.42,94742.70,62.21,563.03,1.64,-0.14,-9.65,-0.086,-0.029,-0.028,-0.23,0.24,-9.23,0.000000,0.000000,157.51
18.97,94825.73,62.30,555.73,1.62,-0.11,-9.67,-0.018,-0.057,-0.017,-1.24,-0.72,-11.50,0.000000,0.000000,158.05
19.68,94927.44,62.40,546.80,1.78,-0.03,-9.64,0.004,-0.072,-0.019,-0.23,-1.19,-8.78,0.000000,0.000000,158.59
18.52,94801.43,62.41,561.89,1.58,-0.18,-9.66,-0.013,-0.057,-0.018,-0.23,-0.24,-9.69,0.000000,0.000000,159.13
18.16,94701.21,62.41,566.67,1.61,-0.16,-9.66,-0.001,-0.063,-0.018,-0.23,0.24,-7.87,0.000000,0.000000,159.68
18.25,94715.50,62.44,565.42,1.68,-0.24,-9.67,-0.004,-0.059,-0.027,0.27,-0.24,-9.23,0.000000,0.000000,160.23
18.30,94722.28,62.45,564.82,1.54,-0.24,-9.67,-0.002,-0.060,-0.012,-0.74,-0.72,-10.14,0.000000,0.000000,160.77
18.25,94713.38,62.47,565.61,1.56,-0.17,-9.68,0.006,-0.071,0.008,-0.23,-1.67,-9.23,0.000000,0.000000,161.31
18.27,94719.14,62.46,565.10,1.66,-0.24,-9.65,-0.006,-0.060,-0.012,-0.74,-0.24,-10.14,0.000000,0.000000,161.85
18.27,94719.97,62.42,565.02,1.61,0.02,-9.67,-0.004,-0.065,-0.020,0.77,0.24,-9.23,0.000000,0.000000,162.39
18.31,94723.37,62.40,564.73,1.60,-0.31,-9.66,-0.004,-0.062,-0.025,0.27,-0.24,-8.78,0.000000,0.000000,162.93
18.49,94752.37,62.39,562.18,1.62,-0.14,-9.65,-0.006,-0.060,-0.023,0.27,-0.24,-9.23,0.000000,0.000000,163.47
18.43,94739.96,62.34,563.27,1.63,-0.23,-9.66,-0.002,-0.063,-0.019,-0.23,-0.72,-9.69,0.000000,0.000000,164.02
18.68,94775.76,62.35,560.12,1.69,-0.23,-9.64,-0.008,-0.061,-0.023,-0.23,0.71,-10.14,0.000000,0.000000,164.56
18.40,94736.20,62.31,563.60,1.62,-0.14,-9.70,-0.003,-0.063,-0.018,-1.24,-0.24,-10.59,0.000000,0.000000,165.10
19.17,94850.02,62.33,553.60,1.75,0.01,-9.65,0.060,-0.103,-0.003,-0.23,0.24,-8.78,0.000000,0.000000,165.64
19.74,94932.84,62.36,546.32,1.58,-0.43,-9.73,-0.264,0.061,-0.060,-0.23,0.71,-8.78,0.000000,0.000000,166.18
19.76,94934.59,62.36,546.17,1.61,-0.17,-9.72,-0.003,-0.061,-0.015,0.77,-0.24,-8.78,0.000000,0.000000,166.72
18.63,94751.88,62.27,562.22,1.65,-0.29,-9.59,-0.021,-0.058,0.198,-1.24,0.71,-11.04,0.000000,0.000000,167.26
18.94,94814.17,62.30,556.74,1.50,-0.20,-9.68,-0.012,-0.057,-0.019,-0.23,-0.72,-10.14,0.000000,0.000000,167.81
19.34,94875.06,62.30,551.40,1.71,-0.23,-9.61,-0.058,-0.040,-0.026,-0.23,-0.72,-12.40,0.000000,0.000000,168.35
19.27,94863.69,62.28,552.40,1.63,-0.25,-9.67,-0.005,-0.057,-0.019,-0.23,-0.24,-10.59,0.000000,0.000000,168.89
19.37,94880.80,62.28,550.89,1.52,-0.21,-9.67,-0.016,-0.069,-0.014,-0.23,0.24,-10.14,0.000000,0.000000,169.43
19.59,94907.98,62.28,548.51,1.71,-0.16,-9.67,-0.008,-0.060,-0.011,0.27,0.71,-7.42,0.000000,0.000000,169.97
19.67,94922.25,62.28,547.25,1.37,-0.18,-9.67,0.017,-0.071,-0.019,-0.74,0.71,-9.23,0.000000,0.000000,170.51
19.48,94894.09,62.26,549.73,1.49,-0.27,-9.66,0.025,-0.069,-0.094,-0.74,-0.24,-10.14,0.000000,0.000000,171.06
19.65,94918.51,62.25,547.58,2.82,-0.45,-9.48,-0.023,-0.072,0.214,-0.23,-3.58,-11.04,0.000000,0.000000,171.60
19.27,94863.64,62.22,552.40,1.52,-0.14,-9.62,-0.004,-0.062,-0.020,0.27,-0.72,-10.14,0.000000,0.000000,172.14
18.79,94794.69,62.18,558.46,1.81,-0.11,-9.67,0.031,-0.072,-0.188,-0.23,-0.24,-11.50,0.000000,0.000000,172.68
19.05,94828.88,62.17,555.45,1.53,-0.21,-9.70,-0.019,-0.054,-0.025,0.27,0.71,-9.23,0.000000,0.000000,173.22
19.05,94829.67,62.15,555.38,1.74,-0.10,-9.64,-0.003,-0.062,-0.012,-0.74,-0.24,-9.69,0.000000,0.000000,173.76
18.95,94811.24,62.14,557.00,1.75,-0.09,-9.63,0.005,-0.077,-0.025,-0.74,-0.72,-10.59,0.000000,0.000000,174.30
18.75,94787.89,62.10,559.05,1.72,0.03,-9.55,0.009,-0.071,-0.018,-0.74,-0.24,-10.59,0.000000,0.000000,174.85
19.29,94864.31,62.10,552.34,1.72,-0.06,-9.66,-0.005,-0.063,-0.019,-0.74,-0.24,-10.59,0.000000,0.000000,175.39
18.94,94815.06,62.05,556.67,1.69,-0.15,-9.66,-0.006,-0.060,-0.018,-0.23,-0.72,-9.69,0.000000,0.000000,175.93
18.79,94792.52,62.00,558.65,1.71,0.02,-9.62,0.001,-0.056,-0.047,-0.23,0.24,-11.50,0.000000,0.000000,176.47
18.68,94777.11,61.99,560.00,1.56,-0.25,-9.65,-0.023,-0.050,-0.044,0.77,-0.24,-9.23,0.000000,0.000000,177.01
18.72,94779.72,61.97,559.77,1.64,-0.28,-9.68,-0.144,0.002,-0.059,-0.23,-0.24,-8.78,0.000000,0.000000,177.55
18.75,94785.55,61.99,559.26,1.73,-0.15,-9.77,0.157,-0.128,-0.000,-0.23,-0.72,-9.69,0.000000,0.000000,178.10
19.62,94913.63,62.00,548.01,1.48,-0.37,-9.71,-0.105,-0.014,-0.042,-1.24,0.24,-9.23,0.000000,0.000000,178.64
19.70,94925.44,62.01,546.97,1.65,-0.22,-9.67,-0.004,-0.063,-0.017,0.27,-0.72,-9.69,0.000000,0.000000,179.18
19.73,94926.23,62.01,546.91,1.66,-0.14,-9.65,-0.002,-0.063,-0.016,-0.23,-0.24,-10.59,0.000000,0.000000,179.72
19.70,94922.83,61.99,547.20,1.65,-0.22,-9.67,-0.004,-0.062,-0.017,0.27,-0.72,-8.78,0.000000,0.000000,180.26
19.82,94948.09,62.03,544.99,1.74,-0.20,-9.65,-0.004,-0.067,-0.019,-0.74,0.24,-11.95,0.000000,0.000000,181.85
19.56,94903.62,62.01,548.89,1.64,-0.29,-9.66,-0.004,-0.060,-0.022,-0.23,-0.24,-10.59,0.000000,0.000000,182.42
19.28,94857.19,62.01,552.97,1.23,-1.36,-9.75,-0.151,0.029,-0.054,-2.24,-0.24,-9.23,0.000000,0.000000,182.95
19.52,94892.96,62.00,549.82,1.96,0.06,-9.68,-0.002,-0.069,-0.021,-0.23,-0.72,-10.14,0.000000,0.000000,183.50
19.63,94911.38,62.03,548.21,1.73,-0.12,-9.59,-0.004,-0.065,-0.030,-0.23,-0.72,-11.04,0.000000,0.000000,184.04
18.54,94743.70,61.97,562.94,1.65,0.16,-9.62,-0.025,-0.054,-0.016,-0.23,-0.24,-11.50,0.000000,0.000000,184.58
19.72,94920.03,62.04,547.45,1.93,-0.19,-9.64,-0.060,-0.040,-0.013,-0.74,0.24,-8.33,0.000000,0.000000,185.12
19.74,94919.28,62.06,547.51,1.79,-0.00,-9.60,0.003,-0.078,0.004,-0.74,-0.24,-9.23,0.000000,0.000000,185.66
19.61,94903.27,62.06,548.92,1.67,-0.11,-9.69,-0.118,-0.004,-0.036,-0.23,0.24,-9.69,0.000000,0.000000,186.20
19.16,94835.48,62.06,554.87,1.03,-1.05,-9.67,-0.091,0.009,-0.040,-1.74,-0.24,-9.69,0.000000,0.000000,186.74
19.47,94881.56,62.12,550.83,1.70,0.20,-9.57,0.014,-0.086,0.003,-0.23,-1.19,-10.59,0.000000,0.000000,187.28
19.66,94908.81,62.17,548.43,1.28,-0.48,-9.62,-0.017,-0.076,0.000,-0.74,0.71,-8.78,0.000000,0.000000,187.83
19.55,94890.80,62.19,550.02,1.52,0.01,-9.59,-0.001,-0.057,-0.026,0.27,0.24,-9.69,0.000000,0.000000,188.37
19.45,94877.36,62.26,551.20,1.45,-0.17,-9.69,-0.009,-0.060,-0.019,-0.23,-0.24,-9.69,0.000000,0.000000,188.91
19.27,94850.91,62.28,553.52,1.70,-0.15,-9.70,-0.005,-0.062,-0.019,0.27,0.24,-9.23,0.000000,0.000000,189.45
18.26,94703.45,62.24,566.48,1.68,-0.16,-9.69,0.006,-0.072,-0.021,-0.23,-1.19,-10.59,0.000000,0.000000,189.99
19.88,94949.41,62.33,544.87,1.66,-0.17,-9.64,-0.006,-0.059,-0.017,0.27,-0.72,-9.69,0.000000,0.000000,191.58
19.71,94920.22,62.33,547.43,1.71,-0.15,-9.67,-0.003,-0.060,-0.009,0.27,0.24,-10.59,0.000000,0.000000,192.14
19.58,94896.14,62.32,549.55,1.76,-0.08,-9.65,-0.010,-0.055,-0.044,0.27,-0.24,-12.40,0.000000,0.000000,192.69
17.81,94630.23,62.22,572.92,1.59,-0.25,-9.66,-0.004,-0.058,-0.023,0.27,0.71,-9.23,0.000000,0.000000,193.28
18.01,94660.52,62.23,570.25,1.67,-0.07,-9.60,-0.009,-0.061,-0.018,0.77,0.24,-12.40,0.000000,0.000000,193.77
18.25,94693.77,62.26,567.33,1.60,-0.17,-9.66,-0.004,-0.058,-0.014,-0.23,0.71,-9.23,0.000000,0.000000,194.31
18.34,94711.50,62.27,565.77,1.56,-0.30,-9.66,-0.002,-0.059,-0.025,-0.74,-0.24,-9.69,0.000000,0.000000,194.85
18.45,94724.97,62.34,564.58,1.81,-0.35,-9.65,-0.002,-0.056,-0.027,-0.74,-1.19,-11.04,0.000000,0.000000,195.40
18.54,94740.75,62.46,563.20,1.92,-0.02,-9.67,0.104,-0.123,0.001,-0.23,-0.24,-11.04,0.000000,0.000000,195.93
18.37,94713.30,62.53,565.61,1.81,-0.25,-9.68,0.043,-0.095,-0.006,0.77,0.24,-9.69,0.000000,0.000000,196.48
18.31,94700.91,62.60,566.70,1.65,-0.04,-9.67,-0.003,-0.063,-0.015,-0.23,-0.24,-11.04,0.000000,0.000000,197.02
18.20,94686.98,62.61,567.93,1.63,-0.14,-9.65,-0.006,-0.060,-0.017,0.27,0.24,-9.23,0.000000,0.000000,197.56
18.09,94669.25,62.58,569.49,1.65,0.01,-9.66,-0.004,-0.061,-0.022,-0.23,0.24,-10.14,0.000000,0.000000,198.10
18.11,94670.98,62.51,569.33,1.69,-0.15,-9.68,-0.004,-0.062,-0.017,-0.74,-0.72,-11.04,0.000000,0.000000,198.64
18.06,94664.51,62.44,569.90,1.63,-0.19,-9.66,-0.015,-0.058,-0.020,-0.23,0.24,-10.59,0.000000,0.000000,199.18
18.23,94690.02,62.39,567.66,1.69,-0.17,-9.65,-0.020,-0.050,-0.019,0.77,0.71,-8.78,0.000000,0.000000,199.72
18.12,94671.53,62.34,569.28,1.42,-0.39,-9.66,-0.228,0.060,-0.054,-1.24,0.71,-8.78,0.000000,0.000000,200.27
18.55,94739.15,62.33,563.34,1.55,-0.47,-9.68,-0.107,-0.001,-0.040,-0.23,0.24,-8.78,0.000000,0.000000,200.81
17.68,94605.91,62.26,575.06,1.67,-0.08,-9.67,-0.003,-0.061,-0.018,-0.74,-0.72,-10.14,0.000000,0.000000,201.35
18.50,94727.14,62.28,564.39,1.57,-0.35,-9.61,0.011,-0.064,-0.146,-1.24,-1.19,-10.59,0.000000,0.000000,201.89
18.63,94745.72,62.24,562.76,1.71,-0.23,-9.67,-0.001,-0.067,-0.009,-0.23,-1.19,-9.69,0.000000,0.000000,202.44
19.17,94827.70,62.21,555.56,1.61,-0.08,-9.58,0.006,-0.067,-0.019,-0.23,0.71,-10.14,0.000000,0.000000,202.98
18.72,94762.72,62.25,561.27,1.92,-0.28,-9.54,-0.156,-0.062,1.229,-0.74,0.24,-10.59,0.000000,0.000000,203.52
18.77,94768.42,62.33,560.77,1.72,-0.19,-9.63,-0.007,-0.063,-0.014,0.27,0.24,-9.69,0.000000,0.000000,204.06
17.78,94623.69,62.29,573.49,1.62,-0.30,-9.68,-0.002,-0.062,-0.022,0.27,-0.24,-10.59,0.000000,0.000000,204.60
18.60,94744.09,62.36,562.90,1.60,-0.22,-9.67,-0.002,-0.059,-0.018,-0.74,-0.72,-10.14,0.000000,0.000000,205.14
19.48,94868.34,62.42,551.99,1.71,-0.21,-9.65,-0.004,-0.062,-0.017,0.27,-1.19,-11.95,0.000000,0.000000,205.68
19.29,94840.80,62.41,554.41,1.33,-0.41,-9.68,-0.006,-0.055,-0.042,-0.23,-1.19,-9.23,0.000000,0.000000,206.23
19.58,94885.86,62.46,550.45,3.69,1.68,-11.57,2.015,0.008,0.182,2.78,-1.67,-12.85,0.000000,0.000000,206.76
19.77,94918.75,62.53,547.56,-2.29,-6.61,1.60,1.655,-0.473,0.134,-5.76,3.10,0.28,0.000000,0.000000,207.30
19.58,94892.23,62.56,549.89,-3.73,-6.56,-1.90,-2.901,0.383,-0.767,-7.77,3.58,5.71,0.000000,0.000000,207.85
19.55,94888.39,62.60,550.23,0.45,-0.43,-10.22,-0.130,0.177,-0.026,-1.24,0.24,-10.59,0.000000,0.000000,208.39
19.03,94808.88,62.58,557.21,0.60,-0.22,-9.77,0.048,-0.078,-0.019,-0.23,0.24,-10.14,0.000000,0.000000,208.95
19.04,94808.58,62.57,557.24,0.66,-0.16,-9.71,-0.043,0.039,-0.044,-0.74,-0.72,-9.69,0.000000,0.000000,209.47
19.01,94802.34,62.58,557.78,1.07,-0.32,-9.84,0.001,-0.078,-0.048,-0.23,0.71,-10.14,0.000000,0.000000,210.01
18.92,94785.25,62.58,559.29,1.81,0.43,-9.35,0.168,0.339,-0.166,0.77,-0.72,-6.97,0.000000,0.000000,210.55
18.42,94708.00,62.54,566.08,1.51,-0.27,-9.68,-0.010,-0.058,-0.021,-0.23,-0.72,-10.14,0.000000,0.000000,211.10
18.87,94767.16,62.54,560.88,1.56,-0.34,-9.68,-0.001,-0.064,-0.018,0.27,-0.24,-9.69,0.000000,0.000000,211.65
18.83,94765.05,62.53,561.06,1.58,-0.27,-9.68,-0.009,-0.059,-0.020,-0.23,0.24,-10.59,0.000000,0.000000,212.19
18.39,94693.13,62.48,567.38,-0.79,0.01,-10.38,-0.250,0.188,0.035,1.27,2.62,-10.59,0.000000,0.000000,212.73
18.98,94780.84,62.45,559.67,-2.95,0.45,-9.53,0.453,0.561,1.497,1.27,5.96,-8.33,0.000000,0.000000,213.27
17.56,94571.50,62.32,578.09,10.43,-2.07,-9.59,-0.700,-0.253,0.179,-1.74,-8.82,-11.04,0.000000,0.000000,213.82
18.37,94688.63,62.41,567.78,7.83,-1.90,-10.12,0.439,-0.524,-2.097,-1.74,-6.92,-11.04,0.000000,0.000000,214.36
18.90,94772.22,62.53,560.43,-9.04,-1.49,-10.39,-0.320,-0.209,-0.216,-2.75,8.82,-9.69,0.000000,0.000000,214.90
18.57,94724.42,62.64,564.63,-4.96,0.07,-9.63,0.156,0.505,1.572,-0.23,7.39,-9.69,0.000000,0.000000,215.44
18.43,94698.14,62.71,566.94,1.99,0.13,-9.65,-0.046,-0.035,-0.025,0.77,-0.72,-9.23,0.000000,0.000000,215.98
18.19,94657.59,62.72,570.51,1.63,-0.14,-9.65,-0.005,-0.062,-0.018,0.27,0.71,-8.78,0.000000,0.000000,216.52
18.88,94755.55,62.76,561.90,1.65,-0.19,-9.66,-0.005,-0.062,-0.018,-0.74,0.24,-9.23,0.000000,0.000000,217.06
18.93,94766.87,62.79,560.90,1.59,-0.15,-9.66,-0.004,-0.061,-0.019,-0.74,-0.72,-10.14,0.000000,0.000000,217.61
18.94,94769.41,62.78,560.68,1.65,-0.20,-9.67,-0.004,-0.062,-0.017,-0.23,-0.72,-10.59,0.000000,0.000000,218.15
18.99,94774.05,62.74,560.27,1.70,-0.15,-9.65,-0.005,-0.062,-0.023,-0.74,-1.19,-9.23,0.000000,0.000000,218.69
18.93,94767.10,62.68,560.88,1.60,-0.20,-9.67,-0.004,-0.062,-0.019,-0.23,0.24,-11.50,0.000000,0.000000,219.23
18.98,94776.75,62.65,560.03,1.47,-0.21,-9.67,-0.004,-0.060,-0.017,0.77,0.24,-9.23,0.000000,0.000000,219.77
18.85,94752.58,62.60,562.16,1.65,-0.13,-9.67,-0.005,-0.061,-0.021,-0.74,-0.24,-9.69,0.000000,0.000000,220.31
18.92,94765.06,62.58,561.06,1.65,-0.21,-9.65,-0.004,-0.061,-0.020,-0.74,-0.24,-9.69,0.000000,0.000000,220.86
18.79,94745.81,62.53,562.75,1.68,-0.16,-9.66,-0.015,-0.052,-0.016,-0.74,-0.72,-9.69,0.000000,0.000000,221.40
18.85,94750.88,62.49,562.31,1.63,-0.20,-9.68,-0.005,-0.061,-0.019,-0.23,-0.24,-11.04,0.000000,0.000000,221.94
19.08,94787.73,62.47,559.07,1.68,-0.15,-9.64,-0.025,-0.051,-0.024,0.27,0.71,-8.78,0.000000,0.000000,222.48
18.68,94730.50,62.36,564.10,1.75,-0.19,-9.71,-0.001,-0.069,-0.015,-0.23,-0.24,-8.33,0.000000,0.000000,223.02
17.21,94515.71,62.22,583.00,1.62,-0.06,-9.65,-0.004,-0.064,-0.018,-0.23,-0.24,-9.69,0.000000,0.000000,223.56
19.84,94903.47,62.35,548.90,3.41,3.03,-3.75,-1.111,0.075,-0.028,3.29,-4.05,-4.25,0.000000,0.000000,224.10
19.82,94906.75,62.42,548.61,-0.18,-0.61,-9.29,2.157,0.498,-2.212,-3.25,1.67,-9.23,0.000000,0.000000,224.64
19.14,94806.41,62.51,557.43,2.54,4.44,-1.29,-1.378,0.669,-0.375,4.79,-2.62,-3.35,0.000000,0.000000,225.18
18.00,94630.79,62.73,572.87,0.50,1.10,-9.65,-0.734,-2.490,2.193,2.28,0.71,-6.97,0.000000,0.000000,225.72
19.18,94846.03,63.26,556.96,0.40,-4.24,-19.73,0.955,0.409,-0.195,-3.75,3.10,-18.29,0.000000,0.000000,226.27
19.51,94858.20,63.52,552.88,3.21,0.88,-6.88,0.552,1.488,-1.127,-0.23,-2.62,-8.33,0.000000,0.000000,226.81
19.82,94905.97,63.75,548.68,2.31,-0.59,-11.78,-0.203,-1.509,-0.079,-1.74,-1.19,-11.04,0.000000,0.000000,227.36
19.49,94857.11,63.79,552.97,1.60,-0.20,-9.66,-0.001,-0.066,-0.018,-0.23,0.71,-11.95,0.000000,0.000000,227.89
18.16,94652.67,63.71,570.94,1.51,-0.29,-9.67,-0.007,-0.069,-0.017,-1.24,0.24,-11.04,0.000000,0.000000,228.44
18.40,94689.32,63.65,567.72,1.56,-0.15,-9.67,-0.014,-0.056,-0.028,0.27,-0.24,-8.78,0.000000,0.000000,229.02
18.55,94709.32,63.59,565.96,1.68,-0.14,-9.68,0.015,-0.070,-0.012,-0.23,-0.24,-9.23,0.000000,0.000000,229.52
18.72,94738.93,63.54,563.36,1.54,-0.37,-9.68,0.124,-0.156,0.010,-0.23,-0.72,-10.14,0.000000,0.000000,230.06
19.44,94845.28,63.54,554.01,1.60,-0.15,-9.70,0.003,-0.061,-0.021,-0.23,-0.72,-10.14,0.000000,0.000000,230.60
19.08,94789.86,63.52,558.88,1.68,-0.26,-9.62,-0.014,-0.053,-0.018,-0.74,-1.19,-11.50,0.000000,0.000000,231.15
19.51,94857.00,63.53,552.98,1.26,-0.73,-9.75,-0.064,-0.012,-0.012,0.77,-0.24,-10.59,0.000000,0.000000,231.69
19.48,94853.53,63.55,553.29,1.85,-0.20,-9.65,0.029,-0.089,0.003,0.77,0.71,-8.78,0.000000,0.000000,232.22
19.37,94836.28,63.56,554.80,1.66,-0.37,-9.81,0.092,-0.127,-0.002,-0.23,0.24,-9.23,0.000000,0.000000,232.77
19.32,94826.50,63.58,555.66,1.13,-0.36,-9.64,0.004,-0.057,-0.020,-0.23,-0.24,-10.59,0.000000,0.000000,233.31
19.34,94829.11,63.63,555.43,1.80,-0.21,-9.65,-0.015,-0.063,-0.007,-1.24,-0.24,-10.14,0.000000,0.000000,233.85
19.49,94850.27,63.68,553.57,0.96,-0.69,-9.64,-0.128,0.077,-0.039,-0.74,0.24,-10.59,0.000000,0.000000,234.39
19.19,94805.27,63.71,557.53,1.70,-0.20,-9.67,0.056,-0.125,-0.010,0.27,0.24,-9.23,0.000000,0.000000,234.93
19.18,94802.67,63.74,557.76,1.63,-0.15,-9.69,-0.002,-0.065,-0.016,0.77,-0.24,-9.69,0.000000,0.000000,235.47
19.23,94812.61,63.75,556.88,1.57,-0.22,-9.67,-0.005,-0.060,-0.021,-0.23,-0.72,-8.78,0.000000,0.000000,236.02
18.99,94774.22,63.69,560.26,1.60,-0.07,-9.66,-0.059,-0.033,-0.019,-0.74,-0.72,-11.50,0.000000,0.000000,236.56
19.05,94786.30,63.67,559.19,1.66,-0.15,-9.66,-0.015,-0.052,-0.015,-0.74,-0.24,-10.59,0.000000,0.000000,237.10
19.01,94775.05,63.64,560.18,1.71,-0.30,-9.67,-0.006,-0.064,-0.015,-0.74,0.24,-11.50,0.000000,0.000000,237.64
18.20,94651.66,63.54,571.03,1.66,-0.19,-9.65,0.000,-0.065,-0.027,0.27,0.71,-9.23,0.000000,0.000000,238.18
18.16,94645.94,63.52,571.54,1.48,-0.52,-9.69,0.020,-0.065,-0.139,-0.74,0.24,-9.23,0.000000,0.000000,238.72
17.46,94540.99,63.45,580.77,1.63,-0.21,-9.70,-0.007,-0.063,-0.017,-0.23,-0.24,-11.04,0.000000,0.000000,239.27
17.66,94571.50,63.47,578.09,1.77,0.05,-9.53,0.057,-0.111,-0.044,-0.74,-1.19,-10.59,0.000000,0.000000,239.81
18.34,94668.25,63.50,569.57,1.69,-0.20,-9.71,0.025,-0.082,-0.022,-0.74,-0.72,-9.69,0.000000,0.000000,240.35
17.37,94520.82,63.44,582.55,1.60,-0.23,-9.69,-0.005,-0.062,-0.021,0.27,0.24,-11.50,0.000000,0.000000,240.89
17.17,94490.49,63.43,585.22,1.53,-0.24,-9.67,-0.004,-0.059,-0.025,-0.23,0.71,-9.69,0.000000,0.000000,241.43
17.65,94560.08,63.44,579.09,1.73,-0.19,-9.67,-0.009,-0.057,-0.018,-0.23,0.24,-9.69,0.000000,0.000000,241.97
17.95,94606.20,63.44,575.03,1.60,-0.25,-9.67,0.001,-0.062,-0.019,-0.23,-1.19,-10.59,0.000000,0.000000,242.51
17.36,94522.84,63.40,582.37,1.88,0.07,-9.65,0.121,-0.130,-0.010,0.27,-0.72,-10.59,0.000000,0.000000,243.05
18.02,94617.21,63.44,574.06,1.62,-0.21,-9.68,0.000,-0.063,-0.017,-0.23,0.71,-11.04,0.000000,0.000000,243.60
17.48,94536.59,63.45,581.16,1.64,-0.30,-9.68,-0.002,-0.062,-0.022,0.27,-0.24,-9.23,0.000000,0.000000,244.14
18.88,94747.94,63.56,562.57,1.56,-0.18,-9.64,0.003,-0.048,-0.036,0.27,-0.24,-9.23,0.000000,0.000000,244.68
18.22,94648.32,63.59,571.33,1.62,-0.05,-9.69,0.004,-0.069,-0.007,-0.23,-0.24,-10.59,0.000000,0.000000,245.22
18.24,94650.02,63.65,571.18,1.67,-0.07,-9.65,0.001,-0.070,-0.007,-0.74,-0.72,-11.95,0.000000,0.000000,245.76
18.09,94626.61,63.67,573.24,1.47,-0.42,-9.67,-0.001,-0.063,-0.020,-1.24,-1.19,-10.14,0.000000,0.000000,246.31
17.96,94608.95,63.68,574.79,1.66,-0.30,-9.79,0.065,-0.096,-0.011,0.27,-0.24,-11.95,0.000000,0.000000,246.85
17.76,94573.85,63.71,577.88,1.62,-0.22,-9.65,-0.013,-0.062,-0.030,0.27,0.24,-8.78,0.000000,0.000000,247.39
18.11,94626.45,63.78,573.25,1.67,0.00,-9.66,0.030,-0.092,-0.036,-0.23,0.24,-9.69,0.000000,0.000000,247.93
18.71,94717.93,63.88,565.20,1.52,-0.21,-9.72,-0.075,-0.012,-0.030,-0.74,-0.24,-10.59,0.000000,0.000000,248.47
18.28,94650.19,63.87,571.16,1.62,-0.10,-9.63,0.023,-0.086,-0.007,0.27,-1.67,-11.50,0.000000,0.000000,249.01
17.78,94573.75,63.87,577.89,1.36,-0.38,-9.73,0.103,-0.093,-0.118,-0.23,0.24,-9.69,0.000000,0.000000,249.55
17.66,94557.44,63.90,579.33,1.79,-0.21,-9.64,0.011,-0.071,-0.001,-0.23,0.71,-10.59,0.000000,0.000000,250.10
18.37,94660.77,63.98,570.23,1.65,-0.36,-9.68,0.055,-0.091,-0.018,0.27,0.71,-8.33,0.000000,0.000000,250.63
18.52,94684.30,64.00,568.16,1.77,-0.31,-9.71,-0.037,-0.036,-0.036,-0.74,0.24,-10.14,0.000000,0.000000,251.18
18.46,94676.63,64.04,568.84,1.60,0.33,-9.65,0.000,-0.069,0.113,-1.24,-1.19,-10.59,0.000000,0.000000,251.72
17.86,94582.08,64.04,577.16,1.77,-0.16,-9.65,0.023,-0.097,-0.003,-0.74,-0.72,-10.59,0.000000,0.000000,252.26
17.91,94588.27,64.01,576.61,1.62,-0.24,-9.66,0.006,-0.061,-0.013,-1.24,0.24,-10.14,0.000000,0.000000,252.80
17.73,94560.05,63.98,579.10,1.56,0.07,-9.67,0.019,-0.080,0.006,0.77,0.71,-8.78,0.000000,0.000000,253.34
19.83,94873.88,64.05,551.50,1.64,-0.05,-9.65,-0.006,-0.060,-0.010,0.27,-0.24,-9.69,0.000000,0.000000,253.88
18.02,94606.51,63.92,575.01,1.18,4.90,-8.62,-1.376,-0.277,-0.336,4.79,-0.72,-8.33,0.000000,0.000000,254.43
16.51,94379.16,63.83,595.04,1.22,6.55,-9.63,1.959,-0.170,-0.716,6.30,0.71,-11.50,0.000000,0.000000,254.97
18.98,94744.39,63.97,562.88,2.56,7.01,-5.57,-0.194,0.006,0.158,6.80,-0.24,-6.52,0.000000,0.000000,255.51
18.85,94728.30,63.93,564.29,3.27,3.08,-9.04,0.672,0.029,-0.282,3.29,-1.67,-10.14,0.000000,0.000000,256.05
19.05,94759.72,63.95,561.53,1.81,7.17,-6.25,-2.012,0.327,-0.396,7.31,0.24,-3.80,0.000000,0.000000,256.59
19.54,94833.63,64.02,555.04,1.42,10.24,1.01,-1.189,-0.209,-0.422,9.82,-0.72,0.73,0.000000,0.000000,257.13
18.73,94711.36,64.03,565.78,2.10,4.19,7.98,-0.403,0.498,0.964,4.29,-4.05,7.52,0.000000,0.000000,257.67
19.74,94861.77,64.19,552.56,-0.31,1.69,8.61,-0.554,0.373,0.184,2.28,-0.24,6.61,0.000000,0.000000,258.21
18.22,94635.21,64.20,572.48,-0.48,2.72,7.74,0.868,0.122,-0.224,2.28,-0.24,5.71,0.000000,0.000000,258.75
19.54,94825.58,64.47,555.74,-2.68,6.29,7.44,-0.812,0.217,0.446,7.81,2.15,8.42,0.000000,0.000000,259.30
19.26,94789.72,64.49,558.89,-0.74,5.87,6.27,-0.746,-2.101,-0.413,6.80,-0.24,6.16,0.000000,0.000000,259.84
19.82,94870.38,64.48,551.81,1.30,3.24,9.21,-0.733,-1.020,0.778,4.29,-3.58,7.52,0.000000,0.000000,260.38
19.29,94790.94,64.31,558.79,4.91,1.28,8.20,-0.407,-0.665,0.831,1.78,-6.44,5.71,0.000000,0.000000,260.92
18.55,94679.16,64.11,568.61,4.58,1.66,8.38,0.700,0.232,0.243,2.78,-4.53,7.97,0.000000,0.000000,261.47
19.13,94761.56,63.92,561.37,6.24,1.59,7.59,-0.369,-0.369,0.298,1.27,-6.92,6.61,0.000000,0.000000,262.01
18.86,94726.28,63.67,564.47,4.09,0.02,9.01,-0.452,-0.512,0.470,1.27,-4.53,8.42,0.000000,0.000000,262.55
19.41,94805.61,63.52,557.50,5.38,-1.65,8.96,-0.163,0.294,-0.476,-2.24,-7.39,7.97,0.000000,0.000000,263.10
20.27,94931.36,63.28,546.45,5.11,-1.44,7.77,0.239,-0.221,0.375,-1.24,-6.44,4.80,0.000000,0.000000,263.64
20.10,94910.80,63.06,548.26,5.51,1.82,8.79,0.783,-0.202,-0.043,2.28,-5.48,8.42,0.000000,0.000000,264.18
20.20,94929.59,62.82,546.61,4.51,1.48,8.69,-0.111,-0.017,0.006,1.78,-5.48,7.97,0.000000,0.000000,264.72
20.14,94918.33,62.61,547.60,3.45,1.38,9.40,0.048,0.203,0.025,1.78,-4.53,7.97,0.000000,0.000000,265.26
19.68,94851.50,62.33,553.47,2.98,0.67,9.27,-0.342,-0.018,0.171,0.27,-4.53,8.88,0.000000,0.000000,265.80
20.05,94906.42,62.16,548.64,1.69,-0.28,9.68,-0.136,-0.051,-0.062,-0.74,-5.01,8.42,0.000000,0.000000,266.35
19.73,94857.66,62.00,552.93,2.70,-1.07,10.62,0.082,-0.182,0.165,-0.74,-3.58,9.33,0.000000,0.000000,266.89
19.99,94894.03,61.89,549.73,1.80,-0.72,9.04,-0.258,0.137,0.463,-1.24,-2.62,8.88,0.000000,0.000000,267.43
15.23,94193.34,61.55,611.43,1.45,-0.96,9.83,-0.037,-0.295,-0.036,-1.74,-3.10,7.97,0.000000,0.000000,267.97
18.46,94659.85,61.63,570.31,1.82,-0.62,9.36,0.374,0.171,-0.837,-0.74,-3.10,8.88,0.000000,0.000000,268.51
16.88,94409.73,61.45,592.34,1.06,4.34,9.24,1.262,0.180,-0.483,5.30,-3.10,8.88,0.000000,0.000000,269.05
17.93,94578.58,61.43,577.46,0.83,4.27,8.47,-0.662,-0.059,0.337,4.29,-2.15,5.71,0.000000,0.000000,269.59
20.32,94938.91,61.52,545.79,1.04,3.14,8.86,-0.083,-0.253,0.115,3.29,-2.62,8.42,0.000000,0.000000,270.13
20.16,94920.02,61.47,547.45,2.68,1.63,8.96,-0.312,0.064,0.086,1.27,-3.58,7.97,0.000000,0.000000,270.67
20.01,94893.99,61.47,549.73,2.65,0.84,9.31,-0.108,-0.090,-0.004,0.27,-4.05,8.42,0.000000,0.000000,271.22
18.22,94630.88,61.37,572.86,2.57,0.45,9.43,0.076,-0.045,-0.165,1.27,-4.53,7.97,0.000000,0.000000,271.76
19.16,94766.94,61.42,560.90,2.57,0.36,9.60,0.310,-0.063,0.021,-0.23,-4.05,7.07,0.000000,0.000000,272.30
18.80,94729.97,61.40,564.15,1.83,-0.34,9.81,0.228,0.066,-0.097,0.27,-2.15,8.88,0.000000,0.000000,272.84
16.01,94300.06,61.25,602.01,1.55,-0.33,9.74,0.001,-0.079,-0.032,-0.23,-2.62,8.42,0.000000,0.000000,273.38
15.83,94267.81,61.23,604.86,2.06,-0.30,9.46,-0.157,0.178,-0.021,-1.74,-3.58,8.42,0.000000,0.000000,273.93
15.93,94277.63,61.22,603.99,0.22,-0.33,9.86,-0.160,0.033,-0.096,-0.74,-1.67,9.33,0.000000,0.000000,274.47
11.20,93591.85,60.92,664.70,-0.66,0.17,9.96,0.166,0.187,-0.168,-0.23,-0.72,11.14,0.000000,0.000000,275.01
17.78,94540.88,61.28,580.78,-1.51,-0.06,9.26,-0.067,0.135,-0.013,0.27,0.71,7.52,0.000000,0.000000,275.55
12.64,94011.18,61.07,627.54,-2.01,-0.47,9.38,-0.044,0.032,0.047,0.27,1.19,9.33,0.000000,0.000000,276.09
20.47,94953.48,61.40,544.51,-1.79,-0.29,9.68,0.039,-0.059,-0.015,-0.23,0.24,9.78,0.000000,0.000000,277.54
19.62,94823.62,61.41,555.92,-1.46,-0.25,9.72,-0.019,-0.072,-0.018,-0.74,0.24,9.33,0.000000,0.000000,278.08
19.47,94803.06,61.43,557.72,-1.35,-0.47,9.72,0.060,-0.067,0.003,-1.24,-0.24,8.88,0.000000,0.000000,278.62
18.68,94683.98,61.40,568.19,-1.27,-0.10,9.73,0.001,-0.058,-0.014,-0.23,-1.19,8.88,0.000000,0.000000,279.17
18.66,94676.86,61.42,568.82,-0.64,-0.19,9.64,-0.233,-0.055,1.225,0.27,0.24,10.69,0.000000,0.000000,279.71
18.15,94600.52,61.40,575.53,-1.38,0.25,9.70,-0.054,-0.043,0.225,0.27,-0.24,9.33,0.000000,0.000000,280.25
18.25,94610.60,61.39,574.35,-1.48,0.14,9.56,0.018,-0.052,-0.024,0.27,0.24,9.78,0.000000,0.000000,280.79
18.24,94613.75,61.42,574.37,-1.63,-0.11,9.70,-0.013,-0.057,-0.051,0.27,-0.72,10.24,0.000000,0.000000,281.33
18.62,94665.36,61.45,569.83,-1.33,-0.04,9.72,-0.004,-0.064,-0.015,-1.24,-1.67,7.97,0.000000,0.000000,281.87
18.38,94629.69,61.45,572.97,-1.58,-0.06,9.70,-0.005,-0.063,-0.023,-0.23,0.71,8.88,0.000000,0.000000,282.41
18.74,94682.66,61.47,568.31,-1.60,-0.00,9.69,-0.004,-0.063,-0.022,0.77,1.67,9.33,0.000000,0.000000,282.95
18.50,94644.66,61.47,571.65,-1.54,-0.05,9.68,-0.006,-0.062,-0.010,-0.23,-0.24,8.42,0.000000,0.000000,283.50
18.68,94673.17,61.47,569.14,-1.56,-0.20,9.68,-0.002,-0.057,0.003,-0.23,-0.72,9.33,0.000000,0.000000,284.04
18.74,94686.39,61.49,567.98,-1.58,0.05,9.67,-0.005,-0.062,-0.013,-0.23,0.71,8.88,0.000000,0.000000,284.58
17.75,94534.10,61.44,581.38,-1.57,-0.01,9.67,-0.004,-0.062,-0.008,-0.74,0.24,7.97,0.000000,0.000000,285.12
18.25,94601.23,61.47,575.47,-1.55,-0.07,9.71,-0.002,-0.061,-0.014,0.27,0.71,9.33,0.000000,0.000000,285.66
17.94,94555.30,61.46,579.51,-1.60,0.03,9.70,-0.005,-0.062,-0.023,-0.23,-0.24,8.88,0.000000,0.000000,286.20
18.43,94631.20,61.48,572.83,-1.61,-0.01,9.67,-0.006,-0.063,-0.017,0.27,0.71,9.33,0.000000,0.000000,286.74
18.24,94601.35,61.48,575.46,-1.34,-0.13,9.74,-0.003,-0.062,-0.012,-0.74,0.24,8.88,0.000000,0.000000,287.29
18.44,94629.56,61.50,572.98,-1.56,-0.08,9.66,-0.005,-0.062,-0.023,0.77,0.71,9.33,0.000000,0.000000,287.83
18.09,94576.41,61.48,577.66,-1.51,-0.18,9.67,-0.000,-0.062,-0.019,-0.74,0.71,9.33,0.000000,0.000000,288.37
18.57,94648.39,61.51,571.32,-1.55,-0.02,9.69,-0.004,-0.059,-0.020,-0.23,1.67,8.42,0.000000,0.000000,288.91
18.19,94554.13,61.47,576.36,-1.46,-0.09,9.70,-0.005,-0.059,-0.014,-0.74,0.24,8.42,0.000000,0.000000,289.45
18.45,94629.71,61.52,572.96,-1.67,0.03,9.68,-0.005,-0.062,-0.022,-0.23,0.24,9.78,0.000000,0.000000,289.99
18.03,94564.87,61.48,578.67,-1.50,-0.10,9.73,-0.005,-0.062,-0.014,-0.23,1.19,9.33,0.000000,0.000000,290.54
18.22,94594.64,61.51,576.05,-1.53,-0.04,9.70,-0.004,-0.063,-0.022,-0.23,1.19,9.78,0.000000,0.000000,291.08
18.12,94575.99,61.52,577.69,-1.54,-0.10,9.71,-0.007,-0.064,-0.021,-0.74,1.19,9.78,0.000000,0.000000,291.62
18.17,94585.44,61.51,576.86,-1.53,-0.06,9.72,-0.004,-0.062,-0.016,-0.74,-0.72,8.42,0.000000,0.000000,292.16
18.51,94631.99,61.53,572.76,-1.39,-0.09,9.70,-0.007,-0.060,-0.014,0.27,0.71,7.97,0.000000,0.000000,292.70
18.11,94573.91,61.52,577.88,-1.52,-0.20,9.74,0.002,-0.067,-0.030,-0.23,1.19,9.33,0.000000,0.000000,293.24
18.66,94656.11,61.53,570.64,-1.55,-0.11,9.69,-0.007,-0.061,-0.016,-0.23,0.71,9.33,0.000000,0.000000,293.78
18.26,94597.64,61.51,575.79,-1.48,-0.03,9.68,-0.006,-0.063,-0.020,-0.23,1.19,9.33,0.000000,0.000000,294.33
18.81,94678.23,61.55,568.70,-1.53,-0.06,9.70,-0.006,-0.063,-0.032,0.27,0.24,9.33,0.000000,0.000000,294.87
18.48,94629.49,61.52,572.98,-1.44,-0.12,9.71,-0.006,-0.062,-0.010,0.27,-0.24,8.88,0.000000,0.000000,295.41
18.78,94671.99,61.55,569.24,-1.46,-0.06,9.68,-0.004,-0.061,-0.021,0.77,0.71,7.97,0.000000,0.000000,295.95
18.45,94624.74,61.53,573.40,-1.47,-0.07,9.70,-0.004,-0.062,-0.020,0.77,0.71,9.33,0.000000,0.000000,296.49
18.79,94672.84,61.55,569.17,-1.54,-0.00,9.70,-0.008,-0.059,0.005,-1.24,0.24,8.88,0.000000,0.000000,297.03
18.41,94616.39,61.53,574.14,-1.55,-0.07,9.67,-0.004,-0.061,-0.021,-0.23,-0.24,8.88,0.000000,0.000000,297.58
18.54,94630.38,61.54,572.90,-1.56,-0.09,9.68,-0.005,-0.064,-0.029,0.27,-0.24,9.78,0.000000,0.000000,298.12
18.84,94675.70,61.56,568.92,-1.44,-0.07,9.69,-0.004,-0.062,-0.007,0.27,0.71,7.97,0.000000,0.000000,298.66
18.44,94617.69,61.55,574.02,-1.53,-0.13,9.70,-0.004,-0.062,-0.033,0.77,0.71,9.78,0.000000,0.000000,299.20
18.80,94669.38,61.54,569.47,-1.47,0.00,9.68,-0.003,-0.064,-0.020,-0.74,0.71,8.88,0.000000,0.000000,299.74
18.46,94620.44,61.55,573.78,-1.66,0.07,9.67,-0.009,-0.064,-0.024,-0.23,0.24,8.88,0.000000,0.000000,300.28
18.87,94679.51,61.58,568.58,-1.63,-0.15,9.69,-0.005,-0.065,-0.021,0.27,-0.72,8.88,0.000000,0.000000,300.82
18.53,94631.96,61.56,572.77,-1.52,-0.12,9.72,-0.005,-0.061,-0.017,-0.74,0.71,7.97,0.000000,0.000000,301.37
18.73,94655.80,61.56,570.67,-1.54,-0.00,9.66,-0.004,-0.064,-0.019,0.27,0.71,8.88,0.000000,0.000000,301.91
18.58,94632.25,61.56,572.74,-1.55,-0.01,9.68,-0.003,-0.060,-0.011,-0.23,0.24,8.88,0.000000,0.000000,302.45
18.85,94672.72,61.56,569.18,-1.55,0.06,9.69,-0.004,-0.062,-0.022,-0.23,0.24,7.97,0.000000,0.000000,302.99
18.57,94633.23,61.56,572.65,-1.49,0.01,9.65,-0.006,-0.062,-0.025,0.27,0.24,7.97,0.000000,0.000000,303.53
18.47,94618.47,61.55,573.95,-1.52,-0.12,9.79,-0.004,-0.063,-0.011,0.77,0.24,8.88,0.000000,0.000000,304.07
18.59,94637.23,61.55,572.30,-1.49,-0.05,9.71,-0.005,-0.062,-0.017,0.77,0.24,10.24,0.000000,0.000000,304.61
18.67,94646.20,61.55,571.51,-1.56,-0.03,9.71,-0.005,-0.061,-0.017,0.27,0.24,9.78,0.000000,0.000000,305.15
19.01,94694.11,61.57,567.30,-1.56,0.01,9.67,-0.006,-0.060,-0.019,-1.24,-0.24,8.42,0.000000,0.000000,305.74
18.71,94650.87,61.54,571.10,-1.50,0.00,9.71,-0.002,-0.063,-0.025,-0.23,-0.72,8.88,0.000000,0.000000,306.24
19.05,94700.82,61.57,566.71,-1.52,-0.06,9.71,-0.005,-0.062,-0.015,-0.74,0.71,7.52,0.000000,0.000000,306.78
18.73,94654.78,61.56,570.76,-1.62,-0.17,9.63,-0.007,-0.075,-0.042,-0.23,0.71,9.33,0.000000,0.000000,307.32
19.12,94708.56,61.57,566.03,-1.50,-0.10,9.72,-0.003,-0.063,-0.017,0.27,-0.24,9.33,0.000000,0.000000,307.86
18.73,94651.50,61.55,571.05,-1.53,-0.08,9.70,-0.005,-0.062,-0.023,-0.74,0.71,9.33,0.000000,0.000000,308.40
19.14,94711.30,61.58,565.79,-1.51,-0.05,9.67,-0.006,-0.063,-0.015,0.27,-1.19,9.33,0.000000,0.000000,308.95
18.60,94629.69,61.54,572.97,-1.48,-0.10,9.74,-0.005,-0.062,-0.015,0.27,0.24,7.97,0.000000,0.000000,309.49
19.03,94697.17,61.56,567.03,-1.44,-0.04,9.69,-0.005,-0.063,-0.019,0.27,-0.24,7.97,0.000000,0.000000,310.03
18.80,94660.84,61.53,570.23,-1.56,0.01,9.67,-0.004,-0.063,-0.024,0.27,1.19,9.78,0.000000,0.000000,310.57
18.69,94645.09,61.54,571.61,-1.52,-0.08,9.71,-0.004,-0.063,-0.019,-0.23,0.24,8.88,0.000000,0.000000,311.11
19.10,94704.20,61.55,566.41,-1.44,-0.10,9.68,-0.004,-0.063,-0.025,-0.74,-1.19,8.88,0.000000,0.000000,311.65
18.81,94659.86,61.55,570.31,-1.47,-0.06,9.72,-0.004,-0.064,-0.019,-0.74,0.24,7.97,0.000000,0.000000,312.19
19.07,94697.05,61.55,567.04,-1.47,-0.10,9.69,-0.003,-0.063,-0.026,0.77,0.71,8.88,0.000000,0.000000,312.74
18.94,94676.17,61.55,568.88,-1.49,-0.10,9.70,-0.004,-0.061,-0.019,-0.23,0.24,9.33,0.000000,0.000000,313.29
19.11,94705.02,61.55,566.34,-1.51,-0.09,9.71,-0.005,-0.061,-0.020,0.77,0.24,8.42,0.000000,0.000000,313.83
18.87,94665.66,61.53,569.80,-1.49,-0.16,9.70,-0.005,-0.060,-0.014,-0.23,-0.72,8.42,0.000000,0.000000,314.37
13.16,93816.82,61.21,644.74,-1.59,0.02,9.66,-0.003,-0.061,-0.016,-0.23,0.71,10.69,0.000000,0.000000,314.91
13.05,93793.12,61.18,646.85,-1.43,-0.04,9.81,0.005,-0.071,-0.005,-0.23,-0.24,8.42,0.000000,0.000000,315.45
19.09,94701.52,61.50,566.65,-1.69,0.03,9.64,-0.002,-0.062,-0.019,-0.74,0.24,10.69,0.000000,0.000000,315.99
18.72,94638.25,61.48,572.21,-1.33,-0.12,9.73,-0.003,-0.063,-0.025,-0.74,-0.24,8.88,0.000000,0.000000,316.54
18.63,94629.18,61.49,573.01,-1.58,0.02,9.69,-0.006,-0.063,-0.010,-0.23,0.24,7.52,0.000000,0.000000,317.08
18.54,94612.48,61.48,574.48,-1.56,-0.09,9.72,-0.006,-0.062,-0.019,0.27,0.71,9.78,0.000000,0.000000,317.62
18.83,94655.64,61.50,570.68,-1.51,-0.09,9.70,-0.007,-0.061,-0.015,-0.23,0.71,9.33,0.000000,0.000000,318.16
18.86,94658.66,61.50,570.42,-1.47,-0.10,9.71,-0.005,-0.060,-0.013,-1.24,0.24,8.88,0.000000,0.000000,318.70
18.62,94621.48,61.48,573.69,-1.48,-0.10,9.71,-0.005,-0.063,-0.016,-1.74,0.71,8.88,0.000000,0.000000,319.24
18.90,94664.45,61.49,569.91,-1.56,-0.12,9.70,-0.003,-0.063,-0.029,0.27,0.24,7.97,0.000000,0.000000,319.78
18.67,94628.84,61.47,573.04,-1.60,-0.09,9.70,-0.007,-0.062,-0.017,0.27,1.19,9.33,0.000000,0.000000,320.32
18.92,94663.89,61.46,569.96,-1.44,-0.06,9.70,-0.005,-0.062,-0.023,-0.23,1.19,9.33,0.000000,0.000000,320.87
18.80,94646.27,61.47,571.51,-1.53,-0.05,9.67,-0.004,-0.064,-0.017,-1.24,-0.72,9.33,0.000000,0.000000,321.41
18.91,94661.73,61.47,570.15,-1.54,-0.02,9.67,-0.002,-0.062,-0.029,-0.23,0.71,7.07,0.000000,0.000000,321.95
18.68,94626.41,61.45,573.26,-1.49,-0.07,9.68,-0.003,-0.063,-0.019,0.27,0.24,8.88,0.000000,0.000000,322.49
19.06,94635.24,61.44,572.48,-1.48,-0.03,9.69,-0.005,-0.063,-0.018,0.27,1.19,9.33,0.000000,0.000000,323.03
18.92,94661.05,61.46,570.21,-1.46,-0.10,9.69,-0.004,-0.062,-0.022,-0.23,0.71,10.24,0.000000,0.000000,323.58
18.78,94640.41,61.45,572.02,-1.48,-0.05,9.71,-0.006,-0.062,-0.014,-0.74,-0.24,8.42,0.000000,0.000000,324.12
18.82,94642.61,61.45,571.83,-1.59,-0.04,9.67,-0.004,-0.063,-0.019,-0.23,-0.72,7.97,0.000000,0.000000,324.66
18.75,94634.75,61.44,572.52,-1.69,-0.03,9.71,-0.005,-0.061,-0.011,0.27,1.19,8.42,0.000000,0.000000,325.20
13.57,93864.74,61.15,640.50,-1.61,-0.02,9.66,-0.011,-0.062,-0.021,0.27,1.19,8.88,0.000000,0.000000,325.74
14.49,93996.91,61.21,628.80,-1.32,-0.24,9.74,-0.006,-0.061,-0.003,0.27,0.71,10.24,0.000000,0.000000,326.28
16.37,94277.84,61.30,603.97,-1.66,-0.22,9.74,0.023,-0.085,-0.024,0.27,0.71,9.33,0.000000,0.000000,326.82
16.44,94294.08,61.29,602.54,-1.40,-0.24,9.75,0.055,-0.086,-0.019,-0.23,-0.72,8.88,0.000000,0.000000,327.37
15.78,94194.77,61.26,611.31,-1.67,-0.21,9.64,-0.009,-0.063,-0.021,-0.74,0.71,7.97,0.000000,0.000000,327.91
15.48,94147.48,61.24,615.49,-1.47,-0.35,9.69,-0.004,-0.063,-0.016,-0.23,1.19,10.24,0.000000,0.000000,328.45
15.90,94210.60,61.25,609.91,-1.57,0.05,9.63,-0.007,-0.063,-0.036,0.27,0.71,9.33,0.000000,0.000000,328.99
15.69,94176.14,61.23,612.95,-1.34,-0.38,9.70,-0.005,-0.062,-0.014,-0.74,0.24,8.88,0.000000,0.000000,329.53
15.85,94202.34,61.25,610.64,-1.41,-0.21,9.67,-0.007,-0.064,-0.026,-0.23,-0.24,9.33,0.000000,0.000000,330.07
15.71,94180.61,61.23,612.56,-1.42,-0.37,9.72,-0.006,-0.062,-0.021,-0.23,0.71,7.97,0.000000,0.000000,330.61
15.74,94181.78,61.23,612.46,-1.57,-0.19,9.67,-0.004,-0.061,-0.013,-0.23,1.19,10.24,0.000000,0.000000,331.16
16.05,94227.25,61.23,608.44,-1.48,-0.31,9.72,-0.006,-0.063,-0.019,-0.23,1.19,10.24,0.000000,0.000000,331.70
16.06,94229.16,61.24,608.27,-1.44,-0.28,9.68,-0.006,-0.062,-0.008,-0.23,0.71,8.88,0.000000,0.000000,332.24
16.63,94312.25,61.27,600.94,-1.27,-0.31,9.70,-0.004,-0.059,-0.004,-0.74,-0.24,8.88,0.000000,0.000000,332.78
16.50,94294.20,61.26,602.53,-1.50,-0.18,9.70,-0.005,-0.062,-0.015,-0.23,-0.24,9.33,0.000000,0.000000,333.32
16.55,94301.11,61.28,601.92,-1.46,-0.26,9.70,-0.004,-0.062,-0.021,-0.23,1.19,9.78,0.000000,0.000000,333.86
16.26,94258.81,61.25,605.65,-1.53,-0.19,9.70,-0.004,-0.060,-0.019,-0.74,0.24,8.88,0.000000,0.000000,334.41
16.47,94289.52,61.25,602.94,-1.44,-0.21,9.71,-0.004,-0.062,-0.017,-0.23,0.71,9.33,0.000000,0.000000,334.95
16.22,94250.67,61.24,606.37,-1.46,-0.25,9.70,-0.006,-0.063,-0.021,-0.23,-0.72,7.97,0.000000,0.000000,335.49
16.62,94309.05,61.25,601.22,-1.43,-0.27,9.69,-0.004,-0.062,-0.018,0.27,0.71,8.42,0.000000,0.000000,336.03
16.26,94257.15,61.23,605.80,-1.50,-0.23,9.72,-0.004,-0.062,-0.022,0.27,1.19,10.24,0.000000,0.000000,336.57
16.20,94246.38,61.22,606.75,-1.45,-0.24,9.70,-0.005,-0.062,-0.017,-0.23,-0.24,8.88,0.000000,0.000000,337.11
16.29,94256.93,61.22,605.82,-1.51,-0.25,9.69,-0.003,-0.061,-0.019,0.27,0.71,9.33,0.000000,0.000000,337.65
16.94,94354.55,61.24,597.21,-1.55,-0.24,9.68,-0.008,-0.060,-0.025,0.27,-0.72,10.69,0.000000,0.000000,338.20
17.06,94375.29,61.25,595.38,-1.49,-0.27,9.72,-0.004,-0.063,-0.025,-0.23,0.24,8.42,0.000000,0.000000,338.74
16.77,94329.86,61.24,599.38,-1.32,-0.33,9.70,-0.005,-0.065,-0.013,0.77,0.71,9.33,0.000000,0.000000,339.28
17.66,94458.70,61.28,588.02,-1.45,-0.08,9.55,0.041,-0.069,-0.005,-1.24,-0.24,9.33,0.000000,0.000000,339.82
20.45,94881.98,61.44,550.79,-1.55,0.04,9.64,0.001,-0.052,-0.016,-0.23,0.24,9.33,0.000000,0.000000,340.36
20.38,94871.70,61.45,551.69,-1.40,-0.04,9.72,-0.010,-0.065,-0.006,-0.23,0.24,7.07,0.000000,0.000000,340.90
19.43,94726.30,61.39,564.47,-1.64,-0.10,9.59,0.005,-0.057,-0.013,0.27,0.24,7.97,0.000000,0.000000,341.44
19.41,94714.47,61.38,565.51,-1.80,-0.41,9.65,0.051,-0.090,-0.021,-0.23,1.67,9.33,0.000000,0.000000,341.99
17.55,94441.81,61.28,589.51,-1.61,-0.04,9.68,-0.002,-0.064,-0.019,-0.23,0.71,8.42,0.000000,0.000000,342.53
19.91,94794.77,61.40,558.45,-1.61,-0.09,9.70,-0.007,-0.062,-0.015,-0.23,0.24,8.88,0.000000,0.000000,343.07
19.86,94785.22,61.40,559.29,-1.53,-0.02,9.72,-0.003,-0.064,-0.034,0.77,1.19,9.33,0.000000,0.000000,343.61
19.90,94791.17,61.40,558.77,-1.58,0.08,9.66,-0.005,-0.064,-0.034,0.27,0.24,9.33,0.000000,0.000000,344.15
19.97,94802.24,61.40,557.79,-1.48,-0.02,9.68,-0.005,-0.062,-0.016,0.27,0.24,9.78,0.000000,0.000000,344.69
19.85,94784.23,61.38,559.38,-1.56,0.03,9.66,-0.005,-0.060,-0.014,-0.74,-0.24,9.33,0.000000,0.000000,345.24
20.00,94802.90,61.38,557.74,-1.52,-0.02,9.68,-0.004,-0.064,-0.020,-0.74,1.19,6.61,0.000000,0.000000,345.78
19.90,94791.63,61.37,558.73,-1.57,-0.15,9.70,-0.006,-0.061,-0.013,-0.23,0.71,9.78,0.000000,0.000000,346.32
20.02,94806.84,61.38,557.39,-1.51,-0.08,9.71,-0.005,-0.062,-0.016,0.27,0.71,9.78,0.000000,0.000000,346.86
19.87,94786.38,61.37,559.19,-1.53,-0.01,9.69,-0.004,-0.062,-0.022,-0.23,1.19,9.78,0.000000,0.000000,347.40
19.99,94802.31,61.37,557.79,-1.68,-0.07,9.64,-0.001,-0.059,-0.013,-0.74,-0.24,8.42,0.000000,0.000000,347.95
19.83,94776.03,61.36,560.10,-1.70,0.02,9.65,-0.004,-0.065,-0.025,-0.23,0.24,7.52,0.000000,0.000000,348.48
19.94,94792.48,61.36,558.65,-1.48,-0.07,9.66,-0.004,-0.062,-0.020,-0.23,1.19,10.24,0.000000,0.000000,349.03
19.73,94761.66,61.34,561.36,-1.54,-0.06,9.72,-0.005,-0.064,-0.017,-0.74,-0.72,9.33,0.000000,0.000000,349.57
19.80,94770.88,61.33,560.55,-1.47,0.00,9.67,-0.006,-0.061,-0.016,0.27,-1.19,7.52,0.000000,0.000000,350.11
19.80,94771.78,61.34,560.47,-1.55,0.00,9.67,-0.006,-0.060,-0.017,0.27,-1.19,9.33,0.000000,0.000000,350.65
19.84,94772.64,61.33,560.40,-1.58,-0.04,9.66,-0.004,-0.062,-0.018,-0.23,1.19,7.97,0.000000,0.000000,351.20
19.97,94790.50,61.33,558.83,-1.55,-0.04,9.68,-0.006,-0.060,-0.016,-0.23,1.19,9.78,0.000000,0.000000,351.73
19.71,94753.76,61.31,562.05,-1.46,-0.08,9.69,-0.006,-0.062,-0.016,-0.74,1.19,9.33,0.000000,0.000000,352.27
19.88,94776.53,61.32,560.05,-1.58,0.06,9.66,-0.008,-0.065,-0.029,-0.74,0.24,8.88,0.000000,0.000000,352.81
19.71,94753.47,61.30,562.08,-1.52,-0.12,9.69,-0.007,-0.061,-0.014,-0.23,0.71,8.88,0.000000,0.000000,353.36
17.35,94403.27,61.16,592.91,-1.78,-0.11,9.66,-0.001,-0.059,-0.022,0.27,1.19,9.33,0.000000,0.000000,353.90
17.20,94377.02,61.15,595.22,-1.64,-0.03,9.66,-0.006,-0.062,-0.018,-0.23,1.19,8.88,0.000000,0.000000,354.44
17.55,94430.13,61.17,590.54,-1.41,-0.09,9.69,-0.006,-0.061,-0.015,-0.23,0.24,7.97,0.000000,0.000000,354.98
17.28,94387.58,61.14,594.29,-1.48,-0.03,9.69,-0.003,-0.062,-0.017,0.27,0.24,7.52,0.000000,0.000000,355.52
17.03,94352.43,61.12,597.39,-1.48,0.01,9.67,-0.004,-0.065,-0.019,-0.23,1.19,9.78,0.000000,0.000000,356.06
16.99,94341.98,61.11,598.31,-1.60,0.11,9.67,-0.012,-0.061,-0.022,0.77,0.24,9.78,0.000000,0.000000,356.61
16.95,94335.88,61.09,598.85,-1.51,-0.06,9.70,-0.007,-0.062,-0.015,-0.23,0.71,9.78,0.000000,0.000000,357.15
17.05,94351.20,61.10,597.50,-1.58,-0.03,9.67,-0.003,-0.062,-0.018,-0.74,-0.72,9.33,0.000000,0.000000,357.69
16.91,94327.16,61.08,599.62,-1.60,-0.08,9.66,-0.009,-0.061,-0.020,-0.23,0.71,8.88,0.000000,0.000000,358.23
17.23,94374.09,61.09,595.48,-1.53,0.02,9.68,-0.007,-0.062,-0.017,0.27,1.19,10.24,0.000000,0.000000,358.77
16.91,94328.78,61.07,599.48,-1.59,-0.06,9.66,-0.005,-0.064,-0.026,-0.74,0.24,9.33,0.000000,0.000000,359.32
17.41,94400.63,61.09,593.14,-1.62,-0.05,9.68,-0.004,-0.064,-0.028,-0.23,0.24,9.78,0.000000,0.000000,359.86
16.45,94254.00,61.00,606.08,-1.61,-0.07,9.69,-0.004,-0.060,-0.013,-0.23,-0.24,8.42,0.000000,0.000000,360.40
16.87,94315.73,61.04,600.63,-1.43,-0.00,9.70,-0.004,-0.061,-0.017,-0.23,0.71,9.78,0.000000,0.000000,360.94
16.10,94200.77,60.96,610.78,-1.57,0.04,9.64,-0.011,-0.061,-0.015,0.27,0.71,10.24,0.000000,0.000000,361.48
16.82,94307.48,60.99,601.36,-1.64,-0.11,9.65,-0.006,-0.062,-0.020,0.27,0.71,8.88,0.000000,0.000000,362.02
16.65,94281.86,60.96,603.62,-1.61,-0.15,9.64,-0.007,-0.060,-0.011,-0.23,0.71,9.78,0.000000,0.000000,362.57
17.14,94356.66,60.99,597.02,-1.44,0.07,9.67,-0.006,-0.059,-0.011,1.27,0.71,9.33,0.000000,0.000000,363.11
17.26,94371.37,61.00,595.72,-1.44,0.10,9.71,-0.003,-0.063,-0.038,-0.23,0.71,9.78,0.000000,0.000000,363.65
16.94,94326.23,60.97,599.70,-1.52,-0.24,9.49,0.008,-0.063,-0.013,-1.24,-0.24,8.42,0.000000,0.000000,364.20
19.22,94663.22,61.10,570.02,-1.71,0.06,9.66,-0.005,-0.064,-0.024,0.27,0.71,7.97,0.000000,0.000000,364.74
19.43,94693.80,61.10,567.33,-1.48,-0.10,9.70,-0.005,-0.063,-0.017,0.77,1.19,9.33,0.000000,0.000000,365.28
19.47,94700.75,61.11,566.72,-1.72,-0.09,9.61,-0.001,-0.064,-0.029,0.27,1.19,9.33,0.000000,0.000000,365.82
19.30,94670.61,61.10,569.37,-1.57,0.00,9.64,-0.005,-0.060,-0.016,-0.74,-0.24,9.33,0.000000,0.000000,366.36
19.36,94696.75,61.11,568.15,-1.43,0.02,9.68,-0.007,-0.065,-0.032,0.27,-0.72,8.42,0.000000,0.000000,366.90
19.24,94660.72,61.09,570.24,-1.73,-0.06,9.65,0.014,-0.071,-0.018,-0.23,0.24,7.97,0.000000,0.000000,367.44
19.36,94682.69,61.09,568.30,-1.47,0.05,9.70,-0.018,-0.056,-0.025,0.27,0.24,8.88,0.000000,0.000000,367.98
19.35,94680.77,61.10,568.47,-1.27,0.01,9.72,0.018,-0.074,-0.026,-0.74,-0.24,8.42,0.000000,0.000000,368.52
19.28,94670.19,61.08,569.40,-1.45,-0.05,9.68,0.006,-0.069,-0.024,-0.23,0.24,7.52,0.000000,0.000000,369.07
19.30,94673.95,61.08,569.07,-1.76,-0.04,9.63,-0.001,-0.068,-0.031,-0.23,0.24,7.52,0.000000,0.000000,369.61
19.35,94679.09,61.07,568.62,-1.55,-0.05,9.69,-0.003,-0.062,-0.019,0.27,1.19,9.78,0.000000,0.000000,370.15
19.42,94687.40,61.04,567.89,-1.72,0.16,9.64,-0.024,-0.056,-0.026,-0.23,0.71,9.33,0.000000,0.000000,370.69
19.36,94675.36,61.05,568.95,-1.51,-0.06,9.67,0.011,-0.071,-0.021,-0.74,-0.24,8.42,0.000000,0.000000,371.23
19.46,94688.11,61.06,567.83,-1.51,-0.11,9.68,0.013,-0.067,-0.010,-0.23,1.19,7.52,0.000000,0.000000,371.78
19.47,94689.91,61.06,567.67,-1.52,-0.15,9.71,0.016,-0.072,-0.016,0.27,0.24,9.78,0.000000,0.000000,372.32
19.56,94705.29,61.06,566.32,-1.77,0.22,9.63,0.009,-0.068,-0.018,0.27,0.71,9.78,0.000000,0.000000,372.86
19.71,94727.61,61.07,564.35,-1.67,0.03,9.72,-0.013,-0.055,-0.024,0.27,0.24,9.33,0.000000,0.000000,373.40
19.57,94705.84,61.06,566.27,-1.43,-0.21,9.66,0.019,-0.075,-0.016,0.27,-0.72,7.97,0.000000,0.000000,373.94
19.43,94680.97,61.05,567.94,-1.61,-0.01,9.66,0.010,-0.073,-0.020,-0.23,0.24,7.97,0.000000,0.000000,374.48
19.72,94728.02,61.05,564.32,-1.56,-0.12,9.70,0.006,-0.067,-0.017,0.27,1.19,9.78,0.000000,0.000000,375.03
19.60,94708.54,61.03,566.03,-1.67,0.18,9.63,-0.002,-0.061,-0.024,0.27,1.19,9.33,0.000000,0.000000,375.57
19.71,94724.98,61.04,564.58,-1.57,-0.03,9.67,0.015,-0.069,-0.021,-0.23,0.24,8.88,0.000000,0.000000,376.11
20.10,94780.35,61.07,559.72,-1.41,0.15,9.70,-0.017,-0.054,-0.008,-0.23,-0.72,8.88,0.000000,0.000000,376.65
19.90,94753.42,61.05,562.08,-1.39,-0.09,9.69,-0.004,-0.064,-0.024,0.27,0.71,9.33,0.000000,0.000000,377.19
19.34,94666.65,61.01,569.71,-1.54,-0.02,9.69,-0.005,-0.064,-0.026,-0.23,0.71,9.33,0.000000,0.000000,377.73
19.18,94646.38,60.98,571.97,-1.64,-0.13,9.61,-0.022,-0.056,-0.020,0.27,0.24,10.24,0.000000,0.000000,378.28
19.47,94683.27,61.00,568.25,-1.46,-0.18,9.69,-0.002,-0.063,-0.014,-1.24,-0.24,8.88,0.000000,0.000000,378.82
19.53,94691.89,60.99,567.49,-1.53,0.25,9.76,-0.049,-0.037,-0.030,0.27,0.71,8.42,0.000000,0.000000,379.36
19.35,94662.73,60.99,570.06,-1.51,-0.07,9.69,-0.004,-0.059,-0.012,0.27,0.71,10.24,0.000000,0.000000,379.90
19.12,94627.77,60.95,573.13,-1.54,0.07,9.66,-0.006,-0.062,-0.026,-0.74,0.24,8.88,0.000000,0.000000,380.44
19.33,94659.46,60.97,570.35,-1.53,0.05,9.68,-0.006,-0.058,0.003,-0.23,-0.24,11.14,0.000000,0.000000,380.98
19.14,94633.41,60.95,572.64,-1.43,-0.13,9.71,-0.004,-0.061,-0.011,-0.23,0.71,8.88,0.000000,0.000000,381.53
19.32,94631.39,60.98,570.60,-1.57,0.06,9.68,-0.005,-0.063,-0.022,0.27,0.24,7.07,0.000000,0.000000,382.06
19.18,94635.91,60.94,572.42,-1.44,-0.14,9.74,-0.004,-0.060,-0.011,-0.23,0.71,8.88,0.000000,0.000000,382.61
19.39,94669.23,60.95,569.49,-1.46,0.03,9.70,-0.005,-0.063,-0.030,-0.74,-0.24,8.88,0.000000,0.000000,383.15
19.42,94673.38,60.94,569.12,-1.54,-0.07,9.68,-0.007,-0.063,-0.020,-0.23,0.71,8.88,0.000000,0.000000,383.69
19.31,94652.66,60.93,570.95,-1.54,0.04,9.70,-0.006,-0.061,-0.014,0.77,1.19,9.33,0.000000,0.000000,384.23
19.52,94687.39,60.93,567.89,-1.42,-0.05,9.70,-0.005,-0.063,-0.017,0.27,0.24,9.33,0.000000,0.000000,384.77
19.38,94663.26,60.92,570.01,-1.62,0.02,9.66,-0.006,-0.062,-0.015,0.27,0.24,8.88,0.000000,0.000000,385.31
19.54,94689.34,60.91,567.72,-1.50,-0.01,9.70,-0.004,-0.062,-0.024,0.27,0.24,8.88,0.000000,0.000000,385.86
19.37,94663.66,60.91,569.98,-1.52,0.00,9.68,-0.006,-0.062,-0.019,-0.23,0.71,7.97,0.000000,0.000000,386.40
19.56,94692.41,60.91,567.45,-1.59,-0.01,9.68,-0.007,-0.064,-0.022,1.27,0.71,9.33,0.000000,0.000000,386.94
19.38,94664.08,60.90,569.94,-1.54,0.00,9.68,-0.005,-0.061,-0.017,-0.23,0.24,9.33,0.000000,0.000000,387.48
19.41,94666.05,60.90,569.77,-1.58,0.10,9.65,-0.004,-0.062,-0.017,-0.23,0.24,9.33,0.000000,0.000000,388.02
19.39,94664.13,60.90,569.94,-1.62,0.01,9.70,-0.005,-0.063,-0.025,0.27,0.24,7.52,0.000000,0.000000,388.56
19.43,94669.55,60.89,569.46,-1.63,-0.01,9.66,-0.005,-0.062,-0.021,0.27,1.19,7.07,0.000000,0.000000,389.11
19.44,94672.12,60.88,569.23,-1.54,0.03,9.69,-0.002,-0.061,-0.015,-0.23,0.71,9.33,0.000000,0.000000,389.65
19.45,94668.36,60.89,569.56,-1.53,-0.01,9.66,-0.006,-0.060,-0.011,0.27,0.24,9.33,0.000000,0.000000,390.19
19.51,94674.91,60.89,568.99,-1.51,-0.03,9.69,-0.005,-0.061,-0.018,-0.23,0.71,8.88,0.000000,0.000000,390.73
19.38,94660.51,60.88,570.25,-1.50,0.02,9.69,-0.006,-0.062,-0.021,0.27,0.24,7.97,0.000000,0.000000,391.27
19.54,94681.39,60.87,568.42,-1.57,-0.02,9.68,-0.006,-0.062,-0.017,-0.23,1.19,9.33,0.000000,0.000000,391.81
19.32,94648.00,60.86,571.35,-1.53,0.02,9.68,-0.004,-0.061,-0.020,-1.24,-0.24,8.88,0.000000,0.000000,392.35
19.54,94681.56,60.87,568.40,-1.47,0.01,9.67,-0.004,-0.059,-0.018,0.27,1.19,7.97,0.000000,0.000000,392.90
19.43,94663.02,60.86,570.03,-1.52,0.06,9.66,-0.008,-0.063,-0.025,0.27,1.19,9.33,0.000000,0.000000,393.43
19.68,94701.43,60.87,566.65,-1.46,-0.05,9.70,-0.013,-0.063,-0.017,-0.23,-0.24,8.88,0.000000,0.000000,393.98
19.62,94693.94,60.85,567.31,-1.58,0.00,9.66,-0.005,-0.061,-0.020,-0.74,0.24,8.42,0.000000,0.000000,394.52
19.72,94707.35,60.86,566.13,-1.68,-0.02,9.67,-0.001,-0.059,-0.016,-0.23,1.19,8.88,0.000000,0.000000,395.06
19.59,94686.96,60.86,567.93,-1.61,0.03,9.66,-0.009,-0.062,-0.028,0.27,0.71,9.78,0.000000,0.000000,395.60
19.63,94694.49,60.85,567.26,-1.60,0.01,9.67,-0.012,-0.062,-0.022,0.27,0.24,9.78,0.000000,0.000000,396.17
19.78,94711.88,60.85,565.74,-1.71,0.11,9.63,-0.006,-0.063,-0.027,0.27,0.71,7.52,0.000000,0.000000,396.71
17.41,94363.00,60.72,596.46,-1.59,0.05,9.68,-0.020,-0.065,-0.027,0.77,1.19,9.78,0.000000,0.000000,397.25
18.48,94513.67,60.77,583.18,-1.57,-0.04,9.68,-0.004,-0.064,-0.028,0.27,1.19,9.78,0.000000,0.000000,397.80
18.46,94520.57,60.76,582.57,-1.79,0.08,9.65,-0.011,-0.062,-0.025,-0.23,0.71,8.88,0.000000,0.000000,398.34
15.97,94142.41,60.62,615.93,-1.61,-0.08,9.71,0.002,-0.064,-0.030,-0.23,0.71,8.42,0.000000,0.000000,398.88
15.63,94091.25,60.60,620.46,-1.68,-0.04,9.65,-0.006,-0.070,-0.022,0.27,1.19,9.78,0.000000,0.000000,399.42
19.78,94709.58,60.82,565.94,-1.69,0.12,9.63,-0.006,-0.062,-0.016,-0.74,-0.24,9.33,0.000000,0.000000,399.96
19.63,94685.95,60.81,568.02,-1.56,-0.02,9.66,-0.009,-0.067,-0.018,-0.23,0.24,8.88,0.000000,0.000000,400.50
19.76,94705.52,60.80,566.30,-1.37,-0.03,9.69,-0.004,-0.063,-0.019,-0.23,-0.24,9.33,0.000000,0.000000,401.05
19.64,94685.93,60.81,568.02,-1.65,-0.00,9.65,-0.008,-0.063,-0.024,0.77,0.71,9.78,0.000000,0.000000,401.59
19.66,94692.47,60.80,567.44,-1.38,-0.00,9.71,-0.007,-0.063,-0.014,-0.23,0.71,8.88,0.000000,0.000000,402.13
19.73,94698.86,60.81,566.88,-1.90,-0.01,9.66,-0.002,-0.059,-0.060,0.27,0.24,8.88,0.000000,0.000000,402.67
19.49,94664.92,60.78,569.87,-1.43,-0.04,9.71,-0.004,-0.059,-0.001,-0.74,1.67,7.97,0.000000,0.000000,403.21
19.76,94703.84,60.79,566.44,-1.68,-0.08,9.73,-0.008,-0.072,-0.022,-0.23,1.19,9.78,0.000000,0.000000,403.75
17.76,94402.06,60.69,593.02,-1.58,-0.10,9.67,-0.003,-0.065,-0.011,-0.23,0.24,9.78,0.000000,0.000000,404.29
19.57,94673.70,60.79,569.09,-1.44,-0.04,9.69,-0.004,-0.060,-0.014,-1.24,0.24,8.88,0.000000,0.000000,404.83
19.34,94638.34,60.77,572.21,-1.55,0.03,9.65,-0.005,-0.062,-0.014,-0.74,1.19,8.42,0.000000,0.000000,405.37
19.51,94666.70,60.76,569.71,-1.58,-0.03,9.67,-0.006,-0.064,-0.028,0.27,0.71,9.33,0.000000,0.000000,405.92
19.24,94625.84,60.75,573.31,-1.53,0.02,9.67,-0.005,-0.060,-0.022,-0.74,0.71,9.78,0.000000,0.000000,406.46
19.31,94633.73,60.75,572.61,-1.48,0.04,9.70,-0.007,-0.063,-0.014,-0.23,-1.19,8.42,0.000000,0.000000,407.00
18.93,94575.17,60.72,577.76,-1.52,0.04,9.67,-0.006,-0.062,-0.025,0.27,0.71,10.24,0.000000,0.000000,407.54
18.85,94565.92,60.72,578.58,-1.41,0.04,9.70,-0.006,-0.062,-0.022,0.27,-0.24,9.33,0.000000,0.000000,408.08
17.57,94372.06,60.64,595.66,-1.44,-0.05,9.69,-0.006,-0.062,-0.012,-0.23,-0.72,8.42,0.000000,0.000000,408.62
17.88,94417.30,60.66,591.67,-1.46,0.02,9.68,-0.005,-0.062,-0.016,-0.23,0.71,8.88,0.000000,0.000000,409.16
16.01,94141.41,60.53,616.02,-1.54,-0.03,9.67,-0.004,-0.061,-0.023,0.27,-0.24,9.33,0.000000,0.000000,409.70
15.73,94095.48,60.50,620.08,-1.50,-0.07,9.70,-0.007,-0.063,-0.022,-0.74,0.71,9.33,0.000000,0.000000,410.25
16.07,94146.50,60.52,615.57,-1.52,0.00,9.71,-0.004,-0.061,-0.021,-0.23,-0.72,9.33,0.000000,0.000000,410.79
15.85,94111.64,60.49,618.65,-1.52,-0.01,9.65,-0.006,-0.060,-0.018,-0.23,0.71,7.52,0.000000,0.000000,411.33
19.60,94668.27,60.69,569.57,-1.59,-0.08,9.66,-0.004,-0.060,-0.026,0.27,0.24,9.78,0.000000,0.000000,411.87
15.95,94127.77,60.49,617.23,-1.47,-0.03,9.67,-0.006,-0.061,-0.014,-1.24,0.24,8.88,0.000000,0.000000,412.41
16.14,94157.91,60.50,614.56,-1.42,-0.13,9.71,-0.007,-0.063,-0.010,0.27,0.71,7.52,0.000000,0.000000,412.96
17.72,94395.48,60.58,593.60,-1.52,-0.00,9.68,-0.006,-0.063,-0.023,-0.23,1.19,9.33,0.000000,0.000000,413.50
19.57,94663.27,60.67,570.01,-1.49,-0.02,9.69,-0.004,-0.062,-0.017,-0.23,0.24,9.33,0.000000,0.000000,414.04
19.51,94654.64,60.66,570.77,-1.57,0.02,9.68,-0.005,-0.062,-0.017,0.27,-0.72,8.88,0.000000,0.000000,414.58
19.38,94647.44,60.67,572.52,-1.53,-0.03,9.67,-0.006,-0.062,-0.019,-0.23,0.24,10.24,0.000000,0.000000,415.13
19.49,94653.84,60.66,570.84,-1.50,-0.02,9.70,-0.006,-0.062,-0.019,-0.23,0.71,10.24,0.000000,0.000000,415.67
19.41,94638.73,60.66,572.17,-1.48,0.04,9.69,-0.006,-0.062,-0.021,-0.74,0.24,8.88,0.000000,0.000000,416.21
19.54,94658.31,60.67,570.45,-1.54,-0.04,9.68,-0.005,-0.061,-0.020,-0.23,0.24,9.33,0.000000,0.000000,416.75
19.15,94599.53,60.64,575.62,-1.47,-0.08,9.70,-0.008,-0.063,-0.015,-0.23,0.24,8.42,0.000000,0.000000,417.29
19.06,94584.95,60.63,576.90,-1.53,0.01,9.68,-0.004,-0.061,-0.017,0.77,0.24,9.33,0.000000,0.000000,417.83
18.80,94545.11,60.60,580.41,-1.52,-0.01,9.67,-0.006,-0.063,-0.018,-0.74,1.19,8.88,0.000000,0.000000,418.37
19.58,94661.34,60.64,570.18,-1.49,-0.04,9.68,-0.006,-0.061,-0.017,-0.23,-2.15,9.78,0.000000,0.000000,418.92
16.69,94226.86,60.48,608.47,-1.50,-0.03,9.72,-0.006,-0.062,-0.018,0.27,0.71,8.88,0.000000,0.000000,419.46
19.89,94707.02,60.65,566.16,-1.52,-0.02,9.67,-0.005,-0.062,-0.019,0.77,0.71,6.16,0.000000,0.000000,420.00
19.78,94690.88,60.65,567.58,-1.57,0.01,9.67,-0.006,-0.062,-0.019,-1.24,0.24,8.88,0.000000,0.000000,420.54
19.80,94692.60,60.65,567.43,-1.44,0.04,9.64,-0.004,-0.062,-0.018,0.27,-0.24,8.42,0.000000,0.000000,421.08
19.83,94698.95,60.65,566.87,-1.56,-0.05,9.68,-0.006,-0.062,-0.017,0.77,0.71,8.88,0.000000,0.000000,421.62
19.82,94698.45,60.65,566.92,-1.55,-0.06,9.67,-0.005,-0.061,-0.016,-0.23,2.15,9.78,0.000000,0.000000,422.17
19.98,94719.78,60.65,565.04,-1.46,-0.03,9.69,-0.007,-0.061,-0.022,0.77,1.19,8.88,0.000000,0.000000,422.71
19.79,94689.55,60.63,567.70,-1.54,0.01,9.69,-0.006,-0.062,-0.019,-0.74,0.24,8.88,0.000000,0.000000,423.25
19.68,94672.64,60.63,569.19,-1.49,0.10,9.64,-0.008,-0.059,-0.020,-0.23,-0.72,8.88,0.000000,0.000000,423.79
19.58,94660.07,60.61,570.29,-1.51,-0.10,9.69,-0.003,-0.061,-0.011,0.77,0.71,9.78,0.000000,0.000000,424.33
19.74,94681.57,60.61,568.40,-1.43,-0.04,9.66,-0.006,-0.062,-0.018,0.27,0.71,8.88,0.000000,0.000000,424.87
19.64,94666.81,60.60,569.70,-1.41,-0.03,9.69,-0.009,-0.064,-0.020,-0.23,-0.72,7.52,0.000000,0.000000,425.42
19.68,94671.97,60.61,569.25,-1.49,-0.03,9.68,-0.004,-0.063,-0.020,-0.23,-1.19,7.07,0.000000,0.000000,425.96
19.43,94636.33,60.58,572.38,-1.46,-0.03,9.68,-0.004,-0.061,-0.016,0.27,0.71,9.78,0.000000,0.000000,426.50
19.29,94613.42,60.58,574.40,-1.50,0.01,9.66,-0.006,-0.062,-0.018,0.27,0.24,9.33,0.000000,0.000000,427.04
19.81,94690.49,60.59,567.62,-1.56,0.03,9.66,-0.006,-0.062,-0.019,-0.23,-0.24,7.52,0.000000,0.000000,427.58
19.66,94666.98,60.59,569.68,-1.56,-0.07,9.68,-0.006,-0.062,-0.020,0.27,0.24,7.97,0.000000,0.000000,428.12
16.52,94199.67,60.42,610.88,-1.55,0.01,9.67,-0.005,-0.063,-0.025,-0.23,1.67,10.24,0.000000,0.000000,428.66
18.95,94564.20,60.54,578.73,-1.49,-0.05,9.66,-0.007,-0.061,-0.018,-0.23,0.71,9.33,0.000000,0.000000,429.21
17.02,94275.58,60.44,604.17,-1.55,0.05,9.65,-0.007,-0.060,-0.016,-0.23,-0.72,8.88,0.000000,0.000000,429.75
19.39,94623.25,60.56,573.53,-1.51,-0.02,9.67,-0.005,-0.063,-0.020,0.27,0.24,6.61,0.000000,0.000000,430.29
20.05,94725.78,60.58,564.51,-1.47,-0.10,9.67,-0.005,-0.059,-0.013,0.27,1.19,9.78,0.000000,0.000000,430.83
19.87,94697.63,60.57,566.99,-1.66,0.01,9.65,-0.004,-0.061,-0.015,-0.74,0.24,9.33,0.000000,0.000000,431.37
20.07,94728.16,60.57,564.30,-1.54,0.03,9.68,-0.004,-0.058,-0.015,-0.74,-0.72,7.52,0.000000,0.000000,431.91
19.96,94709.47,60.58,565.95,-1.30,0.17,9.69,-0.015,-0.065,-0.025,0.77,-0.24,8.88,0.000000,0.000000,432.45
19.79,94685.70,60.55,568.04,-1.56,-0.01,9.68,-0.006,-0.064,-0.010,0.77,0.71,8.88,0.000000,0.000000,432.99
16.83,94245.41,60.40,606.84,-1.39,-0.16,9.72,-0.013,-0.063,-0.014,-0.23,0.71,9.33,0.000000,0.000000,433.54
15.84,94095.77,60.34,620.06,-1.50,-0.03,9.66,-0.006,-0.062,-0.032,-0.23,-1.19,7.52,0.000000,0.000000,434.08
15.84,94093.93,60.33,620.22,-1.56,0.02,9.69,-0.005,-0.061,-0.017,-0.23,0.71,8.42,0.000000,0.000000,434.62
15.86,94096.52,60.32,619.99,-1.38,-0.08,9.70,-0.005,-0.061,-0.004,-0.23,-0.24,8.42,0.000000,0.000000,435.16
16.17,94139.93,60.33,616.15,-1.53,-0.09,9.69,-0.007,-0.061,-0.023,0.27,1.19,10.24,0.000000,0.000000,435.70
15.86,94094.80,60.31,620.14,-1.48,0.18,9.67,-0.006,-0.065,-0.014,0.77,0.71,8.42,0.000000,0.000000,436.24
16.15,94135.75,60.31,616.52,-1.53,-0.13,9.69,-0.007,-0.063,-0.008,0.27,0.24,7.52,0.000000,0.000000,436.78
15.83,94086.97,60.29,620.83,-1.54,-0.08,9.67,-0.006,-0.062,-0.026,-0.23,0.24,10.24,0.000000,0.000000,437.33
16.11,94133.60,60.28,616.71,-1.48,0.00,9.67,-0.006,-0.062,-0.018,-0.23,0.24,8.42,0.000000,0.000000,437.87
15.81,94082.22,60.26,621.25,-1.49,-0.08,9.67,-0.005,-0.062,-0.017,0.27,-0.24,9.33,0.000000,0.000000,438.41
16.16,94135.62,60.28,616.53,-1.53,0.00,9.66,-0.006,-0.062,-0.017,0.27,1.19,8.42,0.000000,0.000000,438.95
15.87,94091.74,60.26,620.41,-1.75,0.14,9.65,-0.009,-0.059,0.015,-0.23,0.71,9.78,0.000000,0.000000,439.49
16.14,94133.43,60.26,616.73,-1.53,-0.05,9.67,-0.005,-0.061,-0.018,-0.23,-0.72,7.97,0.000000,0.000000,440.03
15.81,94082.72,60.25,621.21,-1.46,0.01,9.67,-0.005,-0.064,-0.037,-0.23,0.24,7.52,0.000000,0.000000,440.57
15.83,94084.41,60.23,621.06,-1.52,0.01,9.70,-0.005,-0.062,-0.008,0.27,1.19,9.78,0.000000,0.000000,441.11
16.15,94129.54,60.25,617.07,-1.54,0.01,9.66,-0.007,-0.063,-0.021,0.77,0.71,9.78,0.000000,0.000000,441.65
15.83,94082.64,60.23,621.22,-1.39,-0.05,9.71,-0.005,-0.063,-0.025,0.27,-1.19,8.88,0.000000,0.000000,442.20
16.15,94131.38,60.23,616.91,-1.57,-0.11,9.66,-0.006,-0.060,-0.015,-0.23,0.24,9.78,0.000000,0.000000,442.74
15.79,94076.05,60.23,621.80,-1.54,0.07,9.70,-0.005,-0.060,-0.015,0.77,0.71,9.33,0.000000,0.000000,443.28
16.14,94124.33,60.20,617.32,-1.56,-0.16,9.69,-0.005,-0.063,-0.021,-0.74,-0.24,9.33,0.000000,0.000000,443.82
15.89,94087.47,60.22,620.79,-1.56,-0.02,9.68,-0.006,-0.062,-0.020,-0.23,0.24,9.33,0.000000,0.000000,444.36
16.17,94132.88,60.17,616.78,-1.55,-0.00,9.65,-0.006,-0.064,-0.020,0.27,0.71,7.52,0.000000,0.000000,444.90
15.84,94081.06,60.19,621.36,-1.51,-0.02,9.69,-0.005,-0.062,-0.021,0.27,0.71,9.78,0.000000,0.000000,445.45
16.21,94137.91,60.22,616.33,-1.52,-0.05,9.70,-0.006,-0.062,-0.015,-0.23,0.71,9.33,0.000000,0.000000,445.99
15.87,94083.51,60.20,621.14,-1.53,-0.02,9.69,-0.006,-0.063,-0.019,0.27,-0.72,8.42,0.000000,0.000000,446.53
16.14,94125.14,60.21,617.46,-1.51,-0.00,9.70,-0.006,-0.062,-0.018,0.27,0.24,9.78,0.000000,0.000000,447.07
15.88,94085.04,60.18,621.00,-1.47,-0.06,9.66,-0.007,-0.061,-0.015,-0.23,0.24,9.78,0.000000,0.000000,447.61
15.88,94084.27,60.17,621.07,-1.48,0.01,9.70,-0.005,-0.062,-0.024,-0.74,0.24,9.78,0.000000,0.000000,448.15
16.18,94128.67,60.18,617.15,-1.58,-0.02,9.66,-0.006,-0.062,-0.023,0.27,0.24,9.78,0.000000,0.000000,448.70
15.82,94076.88,60.17,621.73,-1.52,0.01,9.68,-0.005,-0.061,-0.018,0.27,0.71,8.88,0.000000,0.000000,449.23
16.18,94125.80,60.17,617.40,-1.44,-0.18,9.70,-0.004,-0.064,-0.031,0.27,-0.24,9.33,0.000000,0.000000,449.78
15.85,94077.64,60.15,621.66,-1.48,-0.07,9.67,-0.006,-0.060,-0.004,-0.23,-1.67,9.33,0.000000,0.000000,450.32
16.25,94136.78,60.18,616.43,-1.47,-0.09,9.65,-0.005,-0.059,-0.015,-0.23,-0.24,7.97,0.000000,0.000000,450.86
15.85,94077.14,60.14,621.70,-1.56,0.02,9.68,-0.008,-0.063,-0.021,0.27,0.24,7.52,0.000000,0.000000,451.40
16.24,94137.45,60.16,616.37,-1.52,-0.01,9.67,-0.006,-0.059,-0.005,-0.74,1.19,9.78,0.000000,0.000000,451.94
15.91,94084.88,60.14,621.02,-1.50,0.02,9.68,-0.007,-0.062,-0.019,-0.23,-0.24,9.33,0.000000,0.000000,452.49
15.93,94085.95,60.13,620.92,-1.53,-0.01,9.69,-0.004,-0.059,-0.001,-0.23,0.71,8.42,0.000000,0.000000,453.03
15.91,94082.45,60.13,621.23,-1.45,-0.07,9.68,-0.007,-0.061,-0.020,-0.23,1.19,9.78,0.000000,0.000000,453.57
15.89,94080.95,60.12,621.37,-1.51,0.01,9.67,-0.005,-0.063,-0.018,0.77,0.71,9.78,0.000000,0.000000,454.11
15.91,94081.33,60.11,621.33,-1.44,-0.07,9.69,-0.006,-0.059,-0.009,-0.23,0.71,8.88,0.000000,0.000000,454.65
15.90,94081.27,60.11,621.34,-1.51,-0.03,9.68,-0.006,-0.063,-0.019,0.27,-1.67,8.88,0.000000,0.000000,455.19
16.20,94127.09,60.13,617.29,-1.52,0.02,9.67,-0.006,-0.061,-0.014,0.77,0.71,9.78,0.000000,0.000000,455.73
15.88,94077.61,60.10,621.66,-1.52,0.11,9.69,-0.005,-0.062,-0.021,0.27,0.24,9.33,0.000000,0.000000,456.27
16.23,94129.42,60.13,617.08,-1.50,0.02,9.65,-0.007,-0.063,-0.026,-0.23,-0.72,8.88,0.000000,0.000000,456.82
15.92,94083.42,60.09,621.15,-1.51,0.01,9.69,-0.007,-0.061,-0.020,0.27,-0.72,9.33,0.000000,0.000000,457.36
16.24,94129.07,60.10,617.11,-1.48,0.04,9.67,-0.007,-0.063,-0.014,0.27,0.71,10.24,0.000000,0.000000,457.90
15.92,94081.43,60.08,621.32,-1.50,-0.01,9.69,-0.007,-0.062,-0.016,0.77,0.71,10.24,0.000000,0.000000,458.44
16.27,94131.52,60.11,616.90,-1.54,0.11,9.65,-0.006,-0.062,-0.020,0.27,-0.24,8.88,0.000000,0.000000,458.98
15.95,94084.03,60.10,621.09,-1.57,-0.09,9.67,-0.006,-0.062,-0.020,-0.23,0.71,8.42,0.000000,0.000000,459.52
16.01,94097.25,60.08,619.93,-1.59,0.04,9.65,-0.007,-0.062,-0.022,0.27,0.71,9.33,0.000000,0.000000,460.06
15.95,94085.45,60.10,620.81,-1.56,-0.03,9.65,-0.008,-0.062,-0.035,-0.23,0.24,8.42,0.000000,0.000000,460.61
15.94,94083.16,60.08,621.17,-1.54,0.04,9.70,-0.004,-0.062,-0.012,0.27,0.24,8.42,0.000000,0.000000,461.15
16.03,94095.48,60.08,620.08,-1.46,-0.07,9.72,-0.007,-0.062,-0.022,1.27,1.19,10.24,0.000000,0.000000,461.69
15.92,94080.31,60.06,621.42,-1.49,-0.01,9.69,-0.006,-0.062,-0.019,-0.23,0.71,8.42,0.000000,0.000000,462.23
16.22,94122.56,60.06,617.69,-1.52,0.01,9.68,-0.006,-0.063,-0.020,-0.23,-0.72,10.24,0.000000,0.000000,462.77
15.91,94075.11,60.05,621.88,-1.52,-0.05,9.73,-0.007,-0.062,-0.018,-0.23,1.19,9.78,0.000000,0.000000,463.32
16.21,94119.80,60.08,617.93,-1.50,-0.05,9.68,-0.006,-0.062,-0.020,0.27,0.24,8.88,0.000000,0.000000,463.86
15.88,94072.38,60.06,622.12,-1.52,0.02,9.68,-0.004,-0.061,-0.021,-0.23,0.24,8.88,0.000000,0.000000,464.41
16.22,94119.89,60.07,617.92,-1.64,-0.05,9.66,-0.007,-0.062,-0.022,-0.23,-0.24,9.78,0.000000,0.000000,464.95
15.87,94069.23,60.04,622.40,-1.37,-0.07,9.71,-0.004,-0.061,-0.012,0.77,0.71,8.88,0.000000,0.000000,465.49
16.20,94120.77,60.07,617.85,-1.58,0.02,9.65,-0.007,-0.062,-0.022,-0.23,0.71,8.88,0.000000,0.000000,466.03
15.86,94063.77,60.03,622.88,-1.48,0.04,9.68,-0.009,-0.063,-0.003,-0.23,0.24,8.88,0.000000,0.000000,466.57
15.87,94068.42,60.03,622.47,-1.53,-0.08,9.68,-0.022,-0.053,-0.021,-0.23,-1.19,8.42,0.000000,0.000000,467.12
19.32,94582.16,60.21,577.15,-1.60,-0.01,9.69,-0.006,-0.065,-0.026,0.27,0.71,7.97,0.000000,0.000000,467.65
15.81,94059.91,60.02,623.23,-1.44,0.07,9.68,-0.010,-0.058,-0.019,0.27,0.71,9.78,0.000000,0.000000,468.20
16.14,94104.98,60.04,619.24,-1.33,0.17,9.72,-0.031,-0.044,-0.023,-0.23,0.71,9.78,0.000000,0.000000,468.74
15.78,94048.53,60.01,624.23,-1.52,-0.09,9.66,0.022,-0.075,-0.012,-0.23,1.19,5.71,0.000000,0.000000,469.28
19.35,94581.57,60.19,577.20,-1.47,0.01,9.69,-0.024,-0.054,-0.023,-0.23,-0.24,8.42,0.000000,0.000000,469.82
15.77,94051.22,60.00,624.00,-1.54,-0.15,9.67,0.003,-0.067,-0.014,-0.23,0.24,9.33,0.000000,0.000000,470.36
16.19,94111.92,60.02,618.63,-1.45,-0.02,9.74,0.003,-0.065,-0.022,-0.23,-1.19,10.24,0.000000,0.000000,470.91
15.86,94059.66,60.01,623.25,-1.61,0.05,9.66,0.002,-0.067,-0.020,0.77,0.71,8.42,0.000000,0.000000,471.44
16.22,94114.06,60.00,618.44,-1.57,-0.08,9.65,-0.006,-0.065,-0.012,0.27,0.71,8.88,0.000000,0.000000,471.99
15.84,94057.02,59.96,623.48,-1.51,0.12,9.74,-0.032,-0.039,-0.027,0.27,-1.19,8.88,0.000000,0.000000,472.53
15.86,94063.04,59.98,622.95,-1.39,-0.10,9.70,-0.015,-0.060,-0.017,-0.74,-1.19,8.88,0.000000,0.000000,473.07
15.88,94062.50,59.99,623.00,-1.46,0.00,9.69,-0.012,-0.052,-0.015,-0.74,0.24,8.42,0.000000,0.000000,473.61
17.83,94358.73,60.06,596.84,-1.63,-0.02,9.67,-0.000,-0.065,-0.019,0.27,-0.24,9.78,0.000000,0.000000,474.15
16.21,94109.41,59.98,618.85,-1.46,0.01,9.69,0.011,-0.068,-0.015,-0.23,-0.72,8.88,0.000000,0.000000,474.69
16.15,94090.38,59.98,620.53,-1.45,0.04,9.70,-0.007,-0.064,-0.021,-0.23,0.71,8.88,0.000000,0.000000,475.23
20.03,94674.03,60.18,569.06,-1.55,0.03,9.63,-0.009,-0.060,-0.021,0.77,0.71,8.42,0.000000,0.000000,475.78
19.86,94651.70,60.17,571.03,-1.43,0.07,9.69,-0.019,-0.053,-0.012,0.27,1.19,10.24,0.000000,0.000000,476.32
20.05,94678.94,60.17,568.63,-1.39,0.07,9.68,-0.007,-0.060,-0.018,-0.74,-0.24,8.88,0.000000,0.000000,476.86
19.88,94652.45,60.16,570.96,-1.61,-0.11,9.67,0.010,-0.071,-0.017,-0.23,0.71,8.42,0.000000,0.000000,477.40
20.06,94682.77,60.19,568.30,-1.55,-0.04,9.66,-0.015,-0.058,-0.017,0.77,1.19,9.33,0.000000,0.000000,477.94
19.89,94654.58,60.19,570.78,-1.58,-0.04,9.68,-0.000,-0.065,-0.016,0.27,0.24,8.88,0.000000,0.000000,478.48
19.87,94654.58,60.18,570.78,-1.44,0.00,9.70,-0.006,-0.061,-0.011,0.27,0.24,7.97,0.000000,0.000000,479.03
19.94,94664.36,60.17,569.92,-1.53,0.02,9.67,-0.005,-0.061,-0.017,-0.74,-1.19,8.42,0.000000,0.000000,479.57
19.98,94667.29,60.18,569.66,-1.41,-0.04,9.69,-0.007,-0.064,-0.011,0.27,0.71,8.88,0.000000,0.000000,480.11
19.93,94660.20,60.17,570.28,-1.53,0.07,9.69,-0.007,-0.063,-0.022,-0.74,1.19,9.33,0.000000,0.000000,480.65
19.94,94661.97,60.17,570.13,-1.51,-0.06,9.68,-0.006,-0.062,-0.020,-0.23,-0.72,7.07,0.000000,0.000000,481.19
20.12,94684.27,60.25,568.16,-1.50,0.08,9.68,-0.005,-0.063,-0.020,0.77,0.71,10.24,0.000000,0.000000,481.74
19.95,94661.48,60.17,570.17,-1.53,0.06,9.65,-0.007,-0.062,-0.024,0.77,1.19,9.78,0.000000,0.000000,482.28
20.12,94686.55,60.18,567.96,-1.60,0.02,9.66,-0.006,-0.062,-0.019,-0.23,0.71,8.88,0.000000,0.000000,482.82
19.96,94661.84,60.16,570.14,-1.60,0.05,9.64,-0.006,-0.063,-0.023,-0.23,-0.24,7.97,0.000000,0.000000,483.36
20.13,94685.56,60.16,568.05,-1.55,0.05,9.66,-0.007,-0.062,-0.019,0.27,0.71,9.78,0.000000,0.000000,483.90
19.98,94663.98,60.16,569.95,-1.48,-0.00,9.69,-0.006,-0.061,-0.017,-0.74,1.19,9.78,0.000000,0.000000,484.44
20.16,94689.45,60.17,567.71,-1.54,0.05,9.65,-0.007,-0.062,-0.019,-0.23,-0.24,7.97,0.000000,0.000000,484.99
19.98,94663.94,60.15,569.95,-1.54,0.03,9.69,-0.006,-0.062,-0.022,0.27,0.71,9.78,0.000000,0.000000,485.52
20.00,94667.22,60.16,569.66,-1.49,-0.01,9.69,-0.008,-0.060,-0.020,0.27,1.67,10.69,0.000000,0.000000,486.07
19.96,94657.47,60.15,570.52,-1.48,0.10,9.67,-0.004,-0.061,-0.023,-1.24,-0.24,9.33,0.000000,0.000000,486.61
19.95,94657.80,60.15,570.49,-1.51,-0.02,9.69,-0.007,-0.063,-0.029,-0.74,1.19,8.88,0.000000,0.000000,487.15
20.14,94684.25,60.15,568.17,-1.45,0.02,9.70,-0.016,-0.055,-0.012,0.27,0.71,9.78,0.000000,0.000000,487.69
19.97,94657.75,60.14,570.50,-1.47,-0.00,9.67,-0.010,-0.060,-0.016,0.27,0.71,8.88,0.000000,0.000000,488.23
20.15,94685.16,60.14,568.09,-1.63,0.06,9.67,0.006,-0.071,-0.019,0.27,-0.24,8.42,0.000000,0.000000,488.77
19.96,94656.24,60.13,570.63,-1.58,0.08,9.70,0.015,-0.063,-0.021,-0.74,1.19,8.42,0.000000,0.000000,489.31
20.17,94685.98,60.14,568.01,-1.29,0.16,9.74,-0.050,-0.042,-0.030,0.27,0.24,9.78,0.000000,0.000000,489.85
19.96,94657.63,60.14,570.51,-1.42,0.09,9.73,-0.009,-0.059,-0.025,0.27,-0.24,8.42,0.000000,0.000000,490.40
20.16,94683.74,60.13,568.21,-1.59,-0.08,9.68,-0.021,-0.054,-0.020,0.27,1.19,8.88,0.000000,0.000000,490.94
19.96,94653.68,60.12,570.85,-1.67,0.06,9.68,0.001,-0.065,-0.030,0.77,1.19,9.78,0.000000,0.000000,491.48
20.16,94684.49,60.14,568.14,-1.39,-0.16,9.63,0.001,-0.067,0.006,0.27,0.24,9.78,0.000000,0.000000,492.02
19.99,94658.86,60.13,570.40,-1.57,-0.04,9.69,-0.015,-0.057,-0.016,-0.23,0.24,8.88,0.000000,0.000000,492.56
19.96,94653.73,60.11,570.85,-1.54,0.14,9.69,-0.011,-0.057,-0.026,0.77,0.24,9.78,0.000000,0.000000,493.10
20.14,94683.23,60.11,568.26,-1.46,-0.10,9.70,0.000,-0.062,-0.015,0.27,0.24,9.78,0.000000,0.000000,493.64
19.92,94648.35,60.11,571.32,-1.48,-0.10,9.70,-0.012,-0.059,-0.010,-0.23,-0.24,8.42,0.000000,0.000000,494.19
20.17,94683.92,60.12,568.19,-1.42,-0.08,9.70,-0.006,-0.061,-0.013,0.27,-1.67,9.33,0.000000,0.000000,494.73
19.96,94651.33,60.14,571.06,-1.44,0.06,9.68,-0.029,-0.049,-0.017,-0.23,1.19,8.88,0.000000,0.000000,495.27
20.14,94678.93,60.11,568.63,-1.60,-0.15,9.63,0.001,-0.068,-0.019,0.77,0.24,9.78,0.000000,0.000000,495.81
19.98,94654.31,60.10,570.80,-1.53,-0.05,9.69,0.004,-0.066,-0.014,-0.23,-0.72,8.42,0.000000,0.000000,496.35
20.17,94683.68,60.10,568.22,-1.50,0.02,9.70,0.004,-0.065,-0.014,-0.23,0.24,9.33,0.000000,0.000000,496.89
19.98,94652.84,60.09,570.93,-1.49,-0.13,9.61,-0.037,-0.052,-0.019,0.27,1.19,9.33,0.000000,0.000000,497.43
20.16,94677.66,60.09,568.75,-1.47,-0.16,9.72,0.032,-0.078,-0.014,-0.23,-0.24,9.33,0.000000,0.000000,497.98
19.99,94652.70,60.09,570.94,-1.48,0.11,9.72,-0.033,-0.045,-0.020,-0.74,-0.24,8.88,0.000000,0.000000,498.52
20.14,94678.05,60.09,568.71,-1.45,0.07,9.69,-0.004,-0.061,-0.038,0.27,0.71,7.97,0.000000,0.000000,499.06
19.99,94650.59,60.08,571.13,-1.51,-0.14,9.64,-0.015,-0.058,-0.019,0.27,1.19,9.33,0.000000,0.000000,499.60
19.98,94079.73,59.86,621.47,-1.48,0.15,9.62,-0.009,-0.059,-0.016,0.77,-0.72,8.42,0.000000,0.000000,500.14
16.49,94130.77,59.88,616.96,-1.49,0.07,9.67,-0.006,-0.060,-0.021,-0.74,1.19,8.88,0.000000,0.000000,500.69
16.14,94077.65,59.85,621.54,-1.48,-0.13,9.67,-0.011,-0.059,-0.011,-0.23,0.71,6.61,0.000000,0.000000,501.23
16.49,94127.64,59.87,617.24,-1.57,-0.02,9.65,-0.005,-0.059,-0.016,-0.23,0.71,8.88,0.000000,0.000000,501.77
16.15,94081.59,59.83,621.31,-1.56,-0.04,9.69,-0.006,-0.060,-0.018,0.27,-0.24,8.88,0.000000,0.000000,502.31
16.52,94133.73,59.84,616.70,-1.57,-0.00,9.66,-0.005,-0.062,-0.023,-0.23,0.71,8.42,0.000000,0.000000,502.85
16.17,94079.70,59.83,621.48,-1.55,-0.01,9.67,-0.004,-0.065,-0.025,0.27,1.19,9.78,0.000000,0.000000,503.39
16.54,94138.77,59.82,616.25,-1.54,-0.04,9.66,-0.006,-0.061,-0.012,-0.23,-0.72,8.88,0.000000,0.000000,503.94
16.19,94084.05,59.81,621.09,-1.52,0.01,9.65,-0.008,-0.061,-0.012,0.27,0.24,7.97,0.000000,0.000000,504.47
16.47,94122.95,59.81,617.65,-1.53,-0.01,9.66,-0.006,-0.062,-0.019,-0.23,1.19,10.24,0.000000,0.000000,505.02
16.23,94086.42,59.81,620.88,-1.46,0.01,9.67,-0.007,-0.063,-0.018,-0.23,0.71,9.78,0.000000,0.000000,505.56
16.19,94081.71,59.79,621.30,-1.55,-0.00,9.68,-0.006,-0.062,-0.018,0.27,-0.24,9.33,0.000000,0.000000,506.10
16.20,94080.05,59.80,621.45,-1.52,-0.05,9.68,-0.006,-0.061,-0.018,0.27,0.71,9.33,0.000000,0.000000,506.64
16.19,94078.42,59.79,621.59,-1.50,-0.02,9.70,-0.007,-0.062,-0.023,0.77,-0.24,8.88,0.000000,0.000000,507.18
16.54,94127.44,59.80,617.26,-1.51,-0.04,9.69,-0.006,-0.062,-0.017,-0.23,-0.24,8.88,0.000000,0.000000,507.72
16.19,94079.11,59.77,621.53,-1.53,0.02,9.69,-0.007,-0.060,-0.013,-0.23,0.71,8.42,0.000000,0.000000,508.26
16.51,94124.53,59.78,617.51,-1.50,-0.07,9.65,-0.007,-0.061,-0.017,0.27,1.67,9.78,0.000000,0.000000,508.80
16.19,94076.09,59.78,621.80,-1.52,-0.04,9.67,-0.006,-0.061,-0.020,-0.23,0.24,9.33,0.000000,0.000000,509.35
16.51,94124.94,59.78,617.48,-1.50,-0.03,9.66,-0.006,-0.063,-0.022,0.27,-0.72,9.33,0.000000,0.000000,509.89
16.16,94071.84,59.76,622.17,-1.52,-0.05,9.68,-0.006,-0.062,-0.019,-0.23,1.19,9.33,0.000000,0.000000,510.43
16.53,94123.83,59.76,617.58,-1.47,0.01,9.67,-0.005,-0.062,-0.021,-0.23,1.19,10.24,0.000000,0.000000,510.97
16.16,94073.63,59.74,622.01,-1.44,-0.02,9.71,-0.010,-0.060,-0.021,-0.74,0.24,9.33,0.000000,0.000000,511.51
16.29,94089.80,59.74,620.58,-1.53,-0.01,9.65,-0.009,-0.061,-0.023,-0.23,0.71,9.33,0.000000,0.000000,512.05
16.15,94065.71,59.73,622.71,-1.45,0.04,9.68,-0.010,-0.061,-0.018,0.27,1.19,10.24,0.000000,0.000000,512.59
16.09,94061.08,59.71,623.12,-1.77,-0.02,9.67,0.017,-0.074,-0.013,-0.23,0.71,9.33,0.000000,0.000000,513.14
16.47,94113.34,59.73,618.50,-1.64,-0.06,9.65,0.008,-0.071,-0.019,-0.23,0.71,7.97,0.000000,0.000000,513.69
16.10,94059.96,59.73,623.22,-1.42,-0.00,9.67,-0.026,-0.050,-0.023,0.27,0.71,9.78,0.000000,0.000000,514.23
16.47,94114.67,59.75,618.38,-1.71,0.03,9.70,0.001,-0.060,-0.022,0.27,-0.24,9.78,0.000000,0.000000,514.77
16.11,94058.69,59.72,623.33,-1.53,0.10,9.69,-0.017,-0.057,-0.023,0.27,1.19,8.42,0.000000,0.000000,515.31
16.46,94114.07,59.71,618.44,-1.65,0.01,9.68,-0.012,-0.059,-0.027,0.27,0.71,9.78,0.000000,0.000000,515.85
16.08,94055.12,59.69,623.65,-1.48,0.01,9.70,-0.010,-0.059,-0.022,0.77,0.24,8.88,0.000000,0.000000,516.39
16.42,94105.98,59.71,619.15,-1.59,-0.09,9.70,0.005,-0.065,-0.019,0.27,-0.24,8.42,0.000000,0.000000,516.93
16.07,94051.25,59.69,623.99,-1.49,-0.11,9.67,0.020,-0.075,-0.006,-0.23,0.24,7.97,0.000000,0.000000,517.47
16.44,94106.73,59.71,619.09,-1.64,-0.07,9.65,0.004,-0.068,-0.022,0.27,0.24,9.78,0.000000,0.000000,518.01
16.13,94061.67,59.69,623.07,-1.67,-0.16,9.63,0.060,-0.091,-0.040,0.27,-0.24,9.33,0.000000,0.000000,518.56
16.11,94061.00,59.69,623.13,-1.77,-0.19,9.65,-0.025,-0.058,-0.002,-0.23,1.19,7.97,0.000000,0.000000,519.10
16.35,94089.48,59.69,620.61,-1.44,-0.02,9.70,-0.012,-0.059,-0.021,-0.74,0.71,9.78,0.000000,0.000000,519.64
16.10,94053.46,59.68,623.80,-1.49,0.04,9.67,-0.007,-0.063,-0.010,0.27,1.19,9.33,0.000000,0.000000,520.18
16.48,94106.58,59.68,619.10,-1.43,-0.15,9.67,-0.005,-0.062,-0.021,-0.74,1.19,9.33,0.000000,0.000000,520.72
16.11,94053.67,59.67,623.78,-1.55,0.12,9.68,-0.004,-0.062,-0.019,0.27,1.67,9.78,0.000000,0.000000,521.26
16.48,94107.58,59.68,619.01,-1.43,-0.03,9.69,-0.009,-0.061,-0.020,-0.74,0.24,8.42,0.000000,0.000000,521.81
16.13,94053.91,59.65,623.76,-1.44,-0.11,9.70,0.000,-0.063,-0.009,-0.23,0.71,9.33,0.000000,0.000000,522.35
16.50,94108.38,59.67,618.94,-1.49,-0.09,9.67,-0.005,-0.062,-0.016,-0.74,1.19,9.33,0.000000,0.000000,522.89
16.12,94054.27,59.65,623.73,-1.45,0.05,9.71,-0.024,-0.051,-0.024,0.77,1.19,9.78,0.000000,0.000000,523.43
16.54,94116.43,59.67,618.23,-1.56,-0.01,9.66,-0.004,-0.060,-0.014,-0.23,0.24,8.88,0.000000,0.000000,523.97
16.19,94064.33,59.64,622.84,-1.44,0.07,9.67,-0.018,-0.057,0.011,0.77,-0.24,9.33,0.000000,0.000000,524.51
16.27,94073.67,59.64,622.01,-1.49,0.16,9.63,-0.011,-0.054,-0.024,1.27,0.71,9.33,0.000000,0.000000,525.05
16.38,94090.18,59.65,620.55,-1.27,-0.07,9.61,-0.081,-0.059,0.518,-0.23,-0.72,9.78,0.000000,0.000000,525.60
16.22,94092.09,59.65,622.65,-1.45,0.06,9.65,0.012,-0.070,-0.014,-0.23,0.71,8.42,0.000000,0.000000,526.14
16.66,94133.05,59.65,616.76,-1.53,-0.12,9.67,-0.021,-0.056,-0.014,0.27,0.71,8.42,0.000000,0.000000,526.68
16.28,94078.55,59.63,621.58,-1.64,-0.08,9.66,-0.036,-0.049,-0.029,-0.23,1.19,9.78,0.000000,0.000000,527.22
19.22,94508.30,59.78,583.65,-1.67,-0.22,9.69,0.036,-0.087,0.002,-0.74,0.24,10.24,0.000000,0.000000,527.76
16.32,94081.84,59.62,621.29,-1.51,0.03,9.66,-0.008,-0.059,-0.016,-0.23,1.19,7.97,0.000000,0.000000,528.30
16.68,94133.92,59.64,616.68,-1.70,-0.03,9.63,0.021,-0.075,-0.015,0.27,1.19,9.78,0.000000,0.000000,528.84
16.32,94082.58,59.62,621.22,-1.57,-0.17,9.66,-0.014,-0.059,-0.015,-0.23,-0.72,7.97,0.000000,0.000000,529.39
16.73,94139.75,59.63,616.17,-1.62,0.09,9.64,-0.006,-0.060,-0.024,-0.23,-2.15,8.42,0.000000,0.000000,529.93
16.35,94082.91,59.62,621.19,-1.49,-0.00,9.68,-0.020,-0.054,-0.024,0.27,0.71,8.88,0.000000,0.000000,530.47
16.69,94135.28,59.62,616.56,-1.69,-0.09,9.66,0.003,-0.066,-0.017,0.27,1.19,9.78,0.000000,0.000000,531.01
16.33,94077.44,59.60,621.68,-1.53,-0.04,9.65,-0.023,-0.055,-0.018,0.27,-0.24,8.42,0.000000,0.000000,531.55
16.31,94077.64,59.61,621.66,-1.57,-0.06,9.67,0.013,-0.073,-0.014,-0.23,1.67,9.33,0.000000,0.000000,532.09
16.31,94073.00,59.59,622.07,-1.50,0.06,9.68,-0.023,-0.050,-0.029,0.27,1.67,9.78,0.000000,0.000000,532.63
16.35,94080.58,59.60,621.40,-1.52,0.00,9.66,-0.006,-0.062,-0.016,-1.24,0.24,8.88,0.000000,0.000000,533.18
16.70,94131.98,59.61,616.86,-1.61,-0.04,9.65,-0.014,-0.059,-0.025,-0.23,1.19,8.42,0.000000,0.000000,533.72
16.37,94081.70,59.60,621.30,-1.96,-0.17,9.59,0.019,-0.077,-0.019,0.27,2.15,10.24,0.000000,0.000000,534.26
16.72,94134.90,59.61,616.60,-1.62,-0.08,9.67,0.001,-0.063,-0.010,-1.24,-0.24,8.88,0.000000,0.000000,534.80
16.43,94091.50,59.59,620.43,-1.74,0.12,9.77,-0.006,-0.069,-0.013,0.77,0.71,7.97,0.000000,0.000000,535.34
16.75,94136.03,59.60,616.50,-1.39,0.19,9.66,-0.152,0.018,-0.044,-0.23,0.24,7.52,0.000000,0.000000,535.88
16.40,94087.10,59.57,620.82,-1.50,0.04,9.66,-0.023,-0.053,-0.017,0.77,0.24,9.33,0.000000,0.000000,536.42
16.75,94136.42,59.60,616.46,-1.52,-0.03,9.70,-0.006,-0.061,-0.019,0.27,-1.19,9.33,0.000000,0.000000,536.97
16.40,94084.65,59.57,621.04,-1.47,0.43,9.57,0.001,-0.060,-0.019,0.27,0.71,8.88,0.000000,0.000000,537.50
16.49,94100.02,59.57,619.68,-1.62,-0.02,9.63,-0.009,-0.061,-0.019,0.27,1.19,9.33,0.000000,0.000000,538.05
16.36,94073.95,59.56,621.98,-1.50,0.06,9.68,-0.007,-0.062,-0.018,0.77,0.24,8.42,0.000000,0.000000,538.59
16.39,94083.88,59.56,621.11,-1.48,-0.02,9.66,-0.003,-0.061,-0.020,0.27,-0.24,9.33,0.000000,0.000000,539.13
16.35,94125.58,59.56,622.13,-1.97,0.23,9.62,-0.012,-0.060,-0.032,0.27,1.67,9.78,0.000000,0.000000,539.67
16.33,94073.22,59.55,622.05,-1.54,0.01,9.66,-0.001,-0.067,-0.004,-0.74,1.19,9.33,0.000000,0.000000,540.21
16.73,94128.45,59.57,617.17,-1.56,-0.11,9.69,-0.017,-0.059,-0.013,0.27,-0.72,7.07,0.000000,0.000000,540.76
16.39,94080.38,59.54,621.42,-1.51,-0.23,9.64,0.028,-0.074,-0.011,0.27,0.71,9.33,0.000000,0.000000,541.29
16.75,94133.20,59.55,616.75,-1.61,-0.09,9.66,0.013,-0.070,-0.015,-0.74,0.24,9.33,0.000000,0.000000,541.84
16.41,94082.46,59.54,621.23,-1.44,0.48,9.57,-0.010,-0.054,-0.017,0.27,-0.24,8.42,0.000000,0.000000,542.38
16.76,94133.49,59.56,616.72,-1.71,0.25,9.65,-0.002,-0.064,-0.015,0.27,0.71,7.97,0.000000,0.000000,542.92
16.41,94078.89,59.52,621.55,-1.44,0.60,9.48,-0.007,-0.055,-0.014,-0.23,1.67,9.78,0.000000,0.000000,543.46
16.83,94142.97,59.54,615.88,-1.38,0.01,9.66,-0.028,-0.048,-0.017,-0.23,0.24,8.42,0.000000,0.000000,544.00
16.45,94084.75,59.52,621.03,-1.52,-0.04,9.57,-0.017,-0.056,-0.017,0.27,0.24,7.97,0.000000,0.000000,544.54
16.41,94079.27,59.51,621.52,-1.49,0.17,9.66,-0.018,-0.052,-0.025,0.27,0.71,9.78,0.000000,0.000000,545.09
16.54,94095.42,59.52,620.09,-1.42,-0.02,9.68,-0.006,-0.063,-0.017,0.27,0.24,9.33,0.000000,0.000000,545.63
16.37,94072.96,59.50,622.07,-1.61,-0.33,9.61,0.007,-0.075,-0.006,-0.74,0.71,7.52,0.000000,0.000000,546.17
16.80,94132.87,59.53,616.78,-1.47,-0.22,9.64,-0.156,0.008,-0.028,-0.23,0.71,7.97,0.000000,0.000000,546.71
16.45,94083.87,59.49,621.11,-1.66,-0.35,9.65,0.058,-0.097,-0.012,-0.23,1.19,9.33,0.000000,0.000000,547.25
16.82,94135.14,59.51,616.58,-1.51,0.01,9.66,-0.007,-0.059,-0.023,0.27,-0.24,8.42,0.000000,0.000000,547.79
16.40,94071.77,59.47,622.18,-1.37,0.11,9.73,-0.056,-0.036,-0.028,0.27,1.19,7.52,0.000000,0.000000,548.33
16.73,94122.11,59.50,617.73,-1.75,-0.16,9.93,0.006,-0.079,-0.016,0.27,0.24,8.42,0.000000,0.000000,548.88
16.38,94068.27,59.50,622.49,-1.53,0.07,9.82,0.021,-0.069,-0.015,0.27,-0.24,8.88,0.000000,0.000000,549.42
16.81,94134.66,59.50,616.62,-1.02,0.45,9.43,-0.013,-0.051,-0.004,-0.23,-0.24,7.07,0.000000,0.000000,549.96
16.41,94072.13,59.48,622.15,-1.60,-0.14,9.64,0.004,-0.070,-0.011,-0.23,1.19,9.33,0.000000,0.000000,550.50
16.43,94076.61,59.47,621.75,-1.79,0.14,9.65,-0.009,-0.060,-0.023,0.27,0.24,9.33,0.000000,0.000000,551.04
16.45,94075.77,59.46,621.82,-1.66,-0.43,9.61,-0.011,-0.061,-0.015,-0.74,0.24,9.33,0.000000,0.000000,551.59
16.43,94077.20,59.47,622.04,-1.71,0.07,9.63,-0.013,-0.059,-0.029,-0.23,1.19,7.97,0.000000,0.000000,552.13
16.79,94126.05,59.46,617.38,-1.68,-0.14,9.65,0.080,-0.107,-0.003,0.27,1.67,9.33,0.000000,0.000000,552.67
16.44,94077.38,59.45,621.68,-1.61,0.09,9.65,-0.009,-0.060,-0.017,0.77,-0.24,8.88,0.000000,0.000000,553.21
16.76,94122.39,59.47,617.70,-1.58,0.15,9.64,-0.006,-0.059,-0.016,-0.23,0.24,8.42,0.000000,0.000000,553.75
16.37,94063.70,59.45,622.89,-1.56,-0.07,9.68,-0.004,-0.062,-0.018,0.77,1.19,9.78,0.000000,0.000000,554.29
16.79,94124.00,59.46,617.56,-1.68,0.19,9.63,-0.003,-0.061,-0.018,0.77,0.24,8.88,0.000000,0.000000,554.83
16.39,94063.88,59.44,622.88,-1.59,-0.02,9.69,-0.009,-0.059,-0.030,0.77,0.24,8.88,0.000000,0.000000,555.38
16.82,94127.84,59.46,617.22,-1.48,0.01,9.69,-0.008,-0.060,-0.026,0.27,0.24,8.42,0.000000,0.000000,555.92
16.45,94073.65,59.44,622.01,-1.56,0.05,9.66,-0.006,-0.059,-0.017,0.77,0.71,9.33,0.000000,0.000000,556.46
16.82,94128.42,59.46,617.17,-1.60,0.12,9.67,-0.006,-0.063,-0.021,0.27,-0.72,8.88,0.000000,0.000000,557.00
16.43,94070.66,59.43,622.28,-1.57,0.01,9.68,-0.009,-0.063,-0.017,0.27,0.71,8.42,0.000000,0.000000,557.54
16.44,94072.00,59.43,622.16,-1.61,0.01,9.68,-0.008,-0.061,-0.020,0.27,1.67,9.33,0.000000,0.000000,558.08
16.42,94069.13,59.41,622.41,-1.53,-0.00,9.65,-0.005,-0.060,-0.022,0.27,0.24,8.88,0.000000,0.000000,558.62
16.41,94067.44,59.41,622.56,-1.53,0.05,9.69,-0.006,-0.064,-0.021,0.27,-0.24,9.78,0.000000,0.000000,559.17
16.80,94121.52,59.42,617.78,-1.56,0.10,9.67,-0.007,-0.060,-0.020,0.77,1.67,9.78,0.000000,0.000000,559.71
16.39,94062.16,59.41,623.03,-1.56,0.04,9.67,-0.007,-0.061,-0.019,-0.23,0.24,9.33,0.000000,0.000000,560.25
16.73,94110.77,59.41,618.73,-1.52,0.02,9.67,-0.006,-0.061,-0.019,0.27,0.24,8.42,0.000000,0.000000,560.79
16.43,94065.89,59.40,622.70,-1.54,0.01,9.64,-0.007,-0.062,-0.019,-0.23,1.19,7.97,0.000000,0.000000,561.33
16.80,94121.73,59.40,617.76,-1.56,0.04,9.67,-0.007,-0.062,-0.020,0.27,0.24,9.78,0.000000,0.000000,561.87
16.45,94070.41,59.40,622.30,-1.52,0.00,9.65,-0.006,-0.062,-0.019,0.27,0.24,7.97,0.000000,0.000000,562.41
16.82,94124.06,59.41,617.56,-1.54,0.03,9.66,-0.006,-0.062,-0.018,0.27,0.71,8.42,0.000000,0.000000,562.95
16.44,94067.43,59.41,622.91,-1.57,0.00,9.68,-0.008,-0.061,-0.021,0.27,0.71,9.33,0.000000,0.000000,563.49
16.78,94114.11,59.40,618.43,-1.56,0.04,9.66,-0.005,-0.063,-0.016,0.27,0.24,7.52,0.000000,0.000000,564.04
16.43,94058.34,59.38,623.36,-1.55,0.06,9.67,-0.008,-0.061,-0.020,0.27,2.15,9.78,0.000000,0.000000,564.59
16.39,94059.33,59.38,623.28,-1.59,0.05,9.66,-0.007,-0.060,-0.022,0.77,0.24,9.33,0.000000,0.000000,565.13
16.46,94123.38,59.39,622.55,-1.56,0.03,9.65,-0.006,-0.062,-0.021,-0.23,-1.67,7.97,0.000000,0.000000,565.67
16.44,94062.70,59.37,622.98,-1.52,0.03,9.65,-0.006,-0.062,-0.017,0.27,1.19,8.88,0.000000,0.000000,566.21
16.88,94129.23,59.39,617.10,-1.57,0.03,9.67,-0.007,-0.060,-0.020,0.27,0.71,9.33,0.000000,0.000000,566.75
16.49,94071.23,59.36,622.23,-1.45,-0.02,9.67,-0.007,-0.063,-0.021,-0.23,-0.72,8.42,0.000000,0.000000,567.30
16.82,94118.80,59.37,618.02,-1.50,0.02,9.65,-0.006,-0.062,-0.015,-0.23,0.24,8.42,0.000000,0.000000,567.84
16.46,94065.01,59.34,622.78,-1.35,0.04,9.69,-0.002,-0.064,-0.009,0.77,0.71,9.78,0.000000,0.000000,568.38
16.79,94115.80,59.37,618.29,-1.52,-0.03,9.68,-0.008,-0.063,-0.023,-0.23,-0.24,7.97,0.000000,0.000000,568.92
16.50,94071.94,59.35,622.16,-1.56,0.01,9.65,-0.009,-0.059,-0.023,0.77,0.71,7.97,0.000000,0.000000,569.46
16.97,94137.38,59.38,616.38,-1.40,-0.03,9.68,-0.006,-0.062,-0.013,0.27,0.24,10.24,0.000000,0.000000,570.00
16.50,94069.77,59.35,622.36,-1.60,0.03,9.64,-0.006,-0.063,-0.022,0.27,1.19,10.24,0.000000,0.000000,570.54
16.41,94056.38,59.34,623.54,-1.59,0.08,9.67,-0.006,-0.062,-0.021,0.27,-0.24,7.97,0.000000,0.000000,571.08
16.63,94085.59,59.35,620.96,-1.45,-0.03,9.68,-0.006,-0.062,-0.020,0.27,1.19,9.33,0.000000,0.000000,571.63
16.49,94066.07,59.33,622.68,-1.59,0.01,9.66,-0.007,-0.062,-0.022,0.27,-0.24,9.78,0.000000,0.000000,572.17
16.89,94124.50,59.36,617.52,-1.57,-0.01,9.69,-0.009,-0.060,-0.023,0.27,-0.24,8.42,0.000000,0.000000,572.71
16.50,94069.53,59.33,622.38,-1.49,0.03,9.66,-0.006,-0.062,-0.018,0.27,1.19,8.88,0.000000,0.000000,573.25
18.70,94393.42,59.44,593.78,-1.64,0.08,9.65,-0.013,-0.059,-0.027,-0.74,1.19,8.88,0.000000,0.000000,573.79
20.73,94696.77,59.55,567.07,-1.37,0.06,9.72,-0.182,-0.072,1.060,0.27,0.24,8.88,0.000000,0.000000,574.33
18.19,94315.44,59.43,600.66,-1.72,0.07,9.64,-0.006,-0.061,-0.035,-0.23,0.71,7.52,0.000000,0.000000,574.87
16.15,94018.22,59.32,626.91,-1.22,-0.48,9.83,0.063,-0.005,-0.003,-0.74,0.24,9.33,0.000000,0.000000,575.42
16.65,94089.52,59.33,620.61,-1.54,0.11,9.66,0.005,-0.051,-0.030,-0.23,-1.19,7.97,0.000000,0.000000,575.96
16.29,94035.25,59.31,625.41,-1.55,0.07,9.65,0.017,-0.048,-0.015,0.27,0.71,9.33,0.000000,0.000000,576.50
16.24,94025.07,59.30,626.31,-1.61,0.12,9.71,-0.006,-0.064,-0.018,0.77,0.71,9.33,0.000000,0.000000,577.04
16.20,94019.11,59.30,626.83,-1.97,0.17,9.63,-0.022,-0.078,-0.052,0.27,0.71,8.88,0.000000,0.000000,577.58
16.30,94034.45,59.28,625.48,-1.62,0.17,9.65,-0.001,-0.058,-0.014,0.27,1.19,8.42,0.000000,0.000000,578.12
16.68,94085.43,59.31,620.97,-1.81,0.31,9.66,-0.024,-0.076,-0.048,1.27,1.19,9.78,0.000000,0.000000,578.66
16.35,94038.42,59.28,625.13,-1.54,-0.06,9.69,0.007,-0.055,-0.009,-1.24,0.24,8.88,0.000000,0.000000,579.21
16.86,94115.14,59.30,618.34,-1.70,0.06,9.63,-0.009,-0.062,-0.023,0.27,0.71,7.97,0.000000,0.000000,579.75
16.51,94059.91,59.29,623.23,-1.65,0.22,9.61,-0.008,-0.067,-0.021,0.77,1.19,9.78,0.000000,0.000000,580.29
16.88,94116.17,59.29,618.25,-1.67,0.13,9.66,-0.007,-0.062,-0.026,0.27,0.24,8.42,0.000000,0.000000,580.83
16.48,94058.39,59.28,623.36,-1.88,0.21,9.61,-0.008,-0.063,-0.028,0.77,0.71,7.52,0.000000,0.000000,581.37
16.89,94117.38,59.29,618.15,-1.49,0.21,9.70,0.001,-0.059,-0.033,1.27,0.71,8.88,0.000000,0.000000,581.91
16.48,94055.18,59.27,623.64,-1.66,0.15,9.65,-0.013,-0.067,-0.020,0.27,-0.72,8.88,0.000000,0.000000,582.45
16.88,94116.73,59.29,618.20,-1.63,0.05,9.65,0.001,-0.053,-0.018,0.27,0.71,10.24,0.000000,0.000000,583.00
16.49,94054.16,59.27,623.73,-1.67,0.31,9.62,-0.018,-0.073,-0.023,0.27,1.19,8.42,0.000000,0.000000,583.54
16.46,94053.38,59.25,623.80,-1.74,0.17,9.62,-0.005,-0.062,-0.018,0.27,1.67,9.33,0.000000,0.000000,584.08
16.49,94054.16,59.25,623.73,-1.59,0.17,9.66,-0.008,-0.061,-0.019,0.27,-0.72,8.42,0.000000,0.000000,584.62
16.51,94056.50,59.26,623.53,-1.85,0.18,9.62,-0.002,-0.061,-0.019,0.77,1.19,9.33,0.000000,0.000000,585.16
16.92,94116.41,59.26,618.23,-1.63,0.21,9.64,-0.011,-0.062,-0.015,-1.24,0.71,9.33,0.000000,0.000000,585.70
16.52,94059.58,59.25,623.26,-1.75,0.11,9.63,-0.007,-0.062,-0.030,0.27,1.19,7.07,0.000000,0.000000,586.24
16.92,94116.03,59.25,618.26,-1.65,0.04,9.66,-0.005,-0.062,-0.013,0.27,0.24,7.97,0.000000,0.000000,586.78
16.55,94060.59,59.24,623.17,-1.64,-0.16,9.67,-0.022,-0.079,-0.011,0.27,0.71,9.78,0.000000,0.000000,587.33
16.75,94089.81,59.24,620.58,-1.65,0.12,9.64,-0.006,-0.062,-0.019,0.27,0.24,8.88,0.000000,0.000000,587.87
16.41,94043.43,59.22,624.68,-1.58,0.06,9.64,-0.004,-0.062,-0.013,0.77,0.24,7.07,0.000000,0.000000,588.41
16.85,94104.17,59.25,619.31,-1.63,0.35,9.62,-0.003,-0.057,-0.017,0.77,0.71,9.33,0.000000,0.000000,588.95
16.33,94027.31,59.22,626.11,-1.72,0.26,9.58,-0.049,-0.085,-0.028,0.77,-0.24,8.42,0.000000,0.000000,589.49
16.36,94031.33,59.20,625.75,-1.59,0.02,9.66,-0.007,-0.060,-0.019,0.27,-0.72,8.42,0.000000,0.000000,590.03
16.31,94023.42,59.19,626.45,-1.60,0.17,9.57,-0.026,-0.081,-0.010,0.27,2.15,9.33,0.000000,0.000000,590.57
16.38,94032.72,59.18,625.63,-1.61,0.15,9.69,0.015,-0.041,-0.020,0.27,1.19,8.88,0.000000,0.000000,591.11
16.42,94037.07,59.20,625.25,-1.60,0.18,9.64,-0.007,-0.066,-0.019,-0.23,0.71,7.97,0.000000,0.000000,591.66
16.40,94036.47,59.19,625.30,-1.78,0.19,9.61,0.006,-0.057,-0.015,0.77,1.19,9.78,0.000000,0.000000,592.20
16.84,94100.08,59.21,619.68,-1.68,0.22,9.63,0.004,-0.054,-0.022,0.27,0.24,9.33,0.000000,0.000000,592.74
16.45,94043.14,59.19,624.71,-1.74,0.09,9.70,-0.009,-0.067,-0.020,-0.23,-0.72,7.97,0.000000,0.000000,593.28
16.87,94103.94,59.19,619.33,-1.63,0.10,9.63,-0.002,-0.062,-0.019,0.77,0.24,9.33,0.000000,0.000000,593.82
16.45,94041.80,59.18,624.83,-1.71,0.33,9.67,0.032,-0.040,-0.027,0.77,0.24,8.88,0.000000,0.000000,594.36
16.88,94102.61,59.20,619.45,-1.66,0.14,9.62,-0.025,-0.068,-0.034,0.77,1.19,8.42,0.000000,0.000000,594.90
16.45,94040.30,59.17,624.96,-1.78,0.18,9.68,-0.008,-0.068,-0.019,0.27,1.67,9.78,0.000000,0.000000,595.45
16.86,94100.86,59.20,619.61,-1.73,0.12,9.65,-0.023,-0.073,-0.025,0.27,0.71,9.33,0.000000,0.000000,595.99
16.37,94027.86,59.16,626.06,-1.60,0.15,9.64,-0.010,-0.064,-0.023,0.27,1.19,8.88,0.000000,0.000000,596.53
17.29,94164.83,59.21,613.95,-2.70,-1.28,10.53,-0.137,-0.245,-1.097,-1.74,2.15,8.42,0.000000,0.000000,597.07
15.86,93954.73,59.12,632.53,5.68,-1.91,7.21,0.227,-1.159,-0.657,-1.74,-5.48,6.61,0.000000,0.000000,597.61
15.83,93944.73,59.12,633.42,8.17,0.19,5.38,-0.382,-1.242,-0.505,-0.23,-9.30,3.90,0.000000,0.000000,598.15
16.41,94030.78,59.13,625.80,10.35,0.21,1.09,0.034,-0.047,-0.021,1.27,-8.82,-0.18,0.000000,0.000000,598.70
17.45,94186.00,59.18,612.08,9.65,0.11,1.59,-0.007,-0.063,-0.017,0.27,-8.82,1.18,0.000000,0.000000,599.24
17.96,94261.02,59.25,605.16,9.63,0.30,1.24,-0.114,-0.115,-0.002,1.78,-11.21,0.28,0.000000,0.000000,599.78
18.09,94288.02,59.23,603.08,9.73,0.39,0.96,0.054,-0.126,-0.003,0.77,-10.25,-1.99,0.000000,0.000000,600.32
17.08,94133.09,59.19,616.76,9.74,0.23,0.69,0.049,0.444,0.127,0.77,-9.78,0.28,0.000000,0.000000,600.86
16.93,94111.22,59.18,618.69,9.70,-0.16,1.33,0.001,-0.050,-0.030,-0.23,-11.68,-0.63,0.000000,0.000000,601.41
16.44,94036.16,59.14,625.33,9.69,0.01,1.48,-0.001,-0.063,-0.020,0.27,-9.30,-0.63,0.000000,0.000000,601.95
19.95,94555.44,59.31,579.50,9.70,-0.15,1.36,-0.010,-0.063,-0.017,0.27,-8.82,-2.44,0.000000,0.000000,602.49
20.27,94573.80,59.31,575.23,9.71,-0.00,1.45,-0.007,-0.061,-0.018,0.27,-8.82,0.73,0.000000,0.000000,603.03
20.11,94578.88,59.33,577.44,9.67,0.13,1.50,-0.006,-0.062,-0.019,0.77,-10.25,-0.18,0.000000,0.000000,603.57
20.10,94577.56,59.34,577.55,9.69,-0.09,1.49,-0.007,-0.059,-0.020,0.27,-9.30,-0.18,0.000000,0.000000,604.11
20.14,94580.08,59.32,577.33,9.69,-0.09,1.38,-0.002,-0.059,-0.019,0.27,-9.30,-0.63,0.000000,0.000000,604.65
20.14,94580.70,59.31,577.28,9.65,-0.01,1.53,-0.003,-0.062,-0.022,0.27,-10.73,-1.08,0.000000,0.000000,605.33
20.34,94608.39,59.32,574.84,9.69,0.02,1.47,-0.005,-0.062,-0.019,0.27,-9.30,-0.63,0.000000,0.000000,605.74
20.11,94575.13,59.31,577.77,9.67,0.00,1.54,-0.016,-0.063,-0.018,-0.23,-8.82,-0.18,0.000000,0.000000,606.44
20.33,94611.89,59.29,574.53,9.70,0.05,1.45,-0.015,-0.065,-0.015,-0.23,-9.78,0.28,0.000000,0.000000,606.82
20.17,94585.38,59.30,576.87,9.69,-0.05,1.52,-0.006,-0.060,-0.020,0.77,-8.35,0.73,0.000000,0.000000,607.36
20.47,94627.41,59.31,573.17,9.67,-0.03,1.51,-0.009,-0.062,-0.019,-0.23,-10.25,0.28,0.000000,0.000000,607.90
20.22,94590.72,59.30,576.40,9.68,-0.01,1.47,-0.007,-0.062,-0.019,0.27,-10.25,0.28,0.000000,0.000000,608.44
20.60,94649.63,59.29,571.21,9.69,-0.01,1.49,-0.015,-0.065,-0.017,0.27,-9.30,0.28,0.000000,0.000000,608.98
20.49,94628.16,59.29,573.10,9.67,-0.04,1.53,-0.006,-0.062,-0.019,0.77,-8.82,1.18,0.000000,0.000000,609.53
20.24,94593.27,59.26,576.17,9.71,-0.09,1.32,0.002,-0.056,-0.018,-0.23,-10.73,-0.63,0.000000,0.000000,610.07
16.87,94097.72,59.08,619.88,9.69,-0.11,1.69,0.006,-0.070,-0.019,-0.23,-9.30,-1.54,0.000000,0.000000,610.61
18.65,94360.28,59.16,596.70,9.64,-0.09,1.79,-0.015,-0.073,-0.030,0.27,-9.78,0.28,0.000000,0.000000,611.15
17.07,94122.50,59.07,617.69,9.76,0.01,1.19,0.007,-0.058,-0.017,-0.23,-10.25,-0.63,0.000000,0.000000,611.69
16.52,94038.59,59.01,625.11,9.68,-0.03,1.47,-0.002,-0.062,-0.019,0.27,-9.30,-2.89,0.000000,0.000000,612.23
16.86,94087.52,59.01,620.79,9.69,-0.07,1.44,-0.011,-0.066,-0.028,0.77,-8.82,0.28,0.000000,0.000000,612.77
16.51,94035.21,58.97,625.41,9.69,0.11,1.38,-0.011,-0.055,-0.013,-1.24,-9.30,-1.08,0.000000,0.000000,613.32
16.94,94096.39,58.98,620.00,9.68,0.13,1.52,-0.017,-0.057,-0.007,0.77,-9.30,-2.44,0.000000,0.000000,613.86
20.22,94582.02,59.13,577.16,9.63,0.04,1.59,0.001,-0.066,-0.027,0.27,-8.82,0.73,0.000000,0.000000,614.40
20.51,94623.70,59.12,573.49,9.75,0.01,1.49,-0.013,-0.047,-0.004,1.27,-10.73,-0.18,0.000000,0.000000,614.95
20.38,94608.50,59.12,574.83,9.68,-0.09,1.46,-0.006,-0.072,-0.015,0.27,-9.78,-1.54,0.000000,0.000000,615.49
20.56,94633.78,59.11,572.61,9.66,0.01,1.62,-0.012,-0.066,-0.017,-0.23,-8.82,-0.18,0.000000,0.000000,616.03
20.36,94604.17,59.10,575.21,9.72,-0.11,1.25,-0.002,-0.052,-0.016,0.27,-8.82,-0.18,0.000000,0.000000,616.57
20.36,94604.48,59.08,575.18,9.68,0.06,1.39,-0.021,-0.067,-0.012,0.77,-9.30,-0.18,0.000000,0.000000,617.11
20.62,94641.16,59.08,571.96,9.67,-0.01,1.51,-0.006,-0.060,-0.025,0.27,-8.82,-0.18,0.000000,0.000000,617.66
20.38,94607.09,59.04,574.95,9.69,-0.01,1.44,-0.013,-0.064,-0.019,0.27,-8.82,0.28,0.000000,0.000000,618.20
20.69,94652.53,59.06,570.96,9.71,-0.30,1.39,-0.004,-0.057,-0.025,0.27,-10.25,-1.99,0.000000,0.000000,618.74
20.52,94626.41,59.03,573.26,9.70,-0.04,1.46,-0.014,-0.062,-0.017,0.77,-8.82,-0.18,0.000000,0.000000,619.28
20.79,94668.11,59.02,569.59,9.66,0.04,1.70,-0.005,-0.062,-0.022,0.77,-10.25,-0.18,0.000000,0.000000,619.82
20.59,94634.73,59.01,572.52,9.68,-0.10,1.51,-0.003,-0.059,-0.022,-0.23,-9.30,-0.63,0.000000,0.000000,620.37
20.72,94657.05,58.99,570.56,9.68,0.08,1.53,0.004,-0.054,-0.019,0.77,-9.30,0.28,0.000000,0.000000,620.90
20.52,94623.59,58.97,573.50,9.69,-0.60,1.67,-0.112,-0.085,-0.183,0.27,-9.30,1.18,0.000000,0.000000,621.45
20.72,94654.09,58.95,570.82,9.70,-0.01,1.43,0.012,-0.060,-0.027,0.27,-9.30,-1.54,0.000000,0.000000,621.99
20.52,94623.94,58.92,573.47,9.71,-0.26,1.43,-0.009,-0.058,-0.017,0.27,-8.82,0.73,0.000000,0.000000,622.53
20.64,94641.37,58.93,571.94,9.68,0.06,1.54,0.018,-0.048,-0.031,0.27,-9.30,-0.18,0.000000,0.000000,623.07
20.48,94614.80,58.90,574.28,9.68,0.05,1.62,0.010,-0.058,-0.022,0.27,-11.21,0.73,0.000000,0.000000,623.61
20.50,94620.67,58.89,573.76,9.70,-0.07,1.48,0.000,-0.063,-0.030,0.27,-8.82,0.73,0.000000,0.000000,624.15
20.67,94644.31,58.89,571.68,9.70,-0.16,1.50,0.001,-0.056,-0.028,0.77,-8.82,1.18,0.000000,0.000000,624.70
20.46,94614.27,58.86,574.32,9.68,-0.45,1.33,-0.020,-0.058,-0.023,0.27,-10.73,0.28,0.000000,0.000000,625.24
20.78,94660.41,58.86,570.26,9.71,-0.21,1.44,0.004,-0.062,-0.021,0.27,-9.30,-2.89,0.000000,0.000000,625.78
20.55,94628.44,58.83,573.08,9.68,0.10,1.39,-0.001,-0.050,-0.018,-0.23,-8.82,0.73,0.000000,0.000000,626.32
20.82,94664.39,58.84,569.91,9.65,0.06,1.59,-0.015,-0.063,-0.018,0.27,-10.73,-0.63,0.000000,0.000000,626.86
20.59,94632.05,58.81,572.76,9.72,-0.12,1.37,-0.009,-0.062,-0.018,-0.23,-11.68,-1.08,0.000000,0.000000,627.41
20.82,94665.18,58.81,569.84,9.69,-0.01,1.41,-0.005,-0.059,-0.018,0.77,-8.82,0.28,0.000000,0.000000,627.95
20.59,94628.69,58.79,573.05,9.70,-0.03,1.45,-0.008,-0.063,-0.018,-0.74,-10.25,-0.18,0.000000,0.000000,628.49
20.59,94629.53,58.78,572.98,9.70,-0.00,1.44,-0.008,-0.062,-0.018,0.27,-9.30,-1.08,0.000000,0.000000,629.03
20.73,94650.84,58.77,571.10,9.66,-0.02,1.44,-0.011,-0.061,-0.019,0.27,-9.30,-0.18,0.000000,0.000000,629.57
20.82,94663.50,58.75,569.99,9.70,-0.01,1.29,0.022,-0.052,-0.019,0.27,-9.30,-1.99,0.000000,0.000000,630.11
20.83,94663.95,58.74,569.95,9.74,-0.21,1.24,-0.010,-0.066,-0.018,-0.23,-11.21,-2.44,0.000000,0.000000,630.66
20.77,94656.96,58.74,570.57,9.71,-0.01,1.29,-0.015,-0.061,-0.019,0.27,-9.30,0.28,0.000000,0.000000,631.19
20.84,94663.59,58.72,569.98,9.67,-0.06,1.49,-0.018,-0.064,-0.019,0.27,-9.78,-0.18,0.000000,0.000000,631.74
20.48,94609.09,58.68,574.78,9.69,0.01,1.48,-0.014,-0.065,-0.019,0.27,-9.78,-1.08,0.000000,0.000000,632.28
20.73,94646.44,58.69,571.49,9.69,-0.05,1.49,-0.009,-0.062,-0.018,0.77,-7.87,0.73,0.000000,0.000000,632.82
20.53,94617.87,58.66,574.01,9.67,0.02,1.54,-0.009,-0.062,-0.019,-0.23,-10.25,0.73,0.000000,0.000000,633.36
20.86,94664.84,58.66,569.87,9.70,-0.05,1.42,-0.005,-0.060,-0.018,-0.23,-10.73,-0.18,0.000000,0.000000,633.91
20.54,94619.70,58.63,573.84,9.67,-0.08,1.59,-0.006,-0.063,-0.021,0.27,-9.78,0.28,0.000000,0.000000,634.44
20.69,94642.63,58.62,571.83,9.69,0.01,1.46,-0.008,-0.061,-0.019,0.77,-10.25,0.73,0.000000,0.000000,634.99
20.53,94617.67,58.59,574.02,9.70,-0.07,1.36,-0.012,-0.064,-0.015,0.77,-10.73,-1.54,0.000000,0.000000,635.53
20.43,94600.95,58.59,575.49,9.70,-0.21,1.46,-0.003,-0.059,-0.022,0.77,-8.82,0.28,0.000000,0.000000,636.07
20.45,94600.58,58.57,575.53,9.72,-0.10,1.29,-0.020,-0.068,-0.017,-0.23,-9.78,-0.18,0.000000,0.000000,636.61
20.49,94609.95,58.56,574.70,9.74,-0.28,1.11,0.009,-0.054,-0.025,-0.23,-9.78,-1.99,0.000000,0.000000,637.15
20.62,94626.09,58.55,573.28,9.66,-0.04,1.44,-0.016,-0.070,-0.014,-0.23,-8.82,-1.54,0.000000,0.000000,637.69
20.44,94600.06,58.53,575.57,9.73,-0.15,1.29,-0.002,-0.059,-0.024,0.27,-9.30,0.28,0.000000,0.000000,638.23
20.68,94633.62,58.53,572.55,9.66,0.15,1.64,-0.015,-0.072,-0.021,0.77,-9.30,0.73,0.000000,0.000000,638.77
20.50,94609.59,58.51,574.73,9.75,0.07,1.51,-0.025,-0.058,-0.010,0.77,-9.30,0.28,0.000000,0.000000,639.32
20.72,94639.98,58.51,572.06,9.70,-0.09,1.56,0.004,-0.059,-0.020,0.77,-9.78,0.28,0.000000,0.000000,639.86
20.57,94617.81,58.51,574.01,9.61,0.17,1.83,-0.008,-0.069,-0.030,0.77,-9.78,-0.63,0.000000,0.000000,640.40
20.78,94652.11,58.50,570.99,9.69,-0.14,1.45,-0.007,-0.065,-0.019,0.77,-9.30,-1.99,0.000000,0.000000,640.94
20.57,94619.49,58.48,573.86,9.65,0.31,1.59,-0.014,-0.060,-0.001,0.27,-9.30,0.28,0.000000,0.000000,641.48
20.61,94624.47,58.47,573.43,9.71,0.17,1.51,-0.009,-0.048,-0.006,0.27,-10.73,-1.54,0.000000,0.000000,642.02
20.64,94630.34,58.46,572.91,9.69,0.19,1.64,-0.012,-0.066,-0.013,1.27,-8.82,1.18,0.000000,0.000000,642.56
20.59,94619.87,58.45,573.83,9.74,0.27,1.08,-0.036,-0.010,0.050,0.77,-7.87,0.28,0.000000,0.000000,643.11
20.57,94617.86,58.41,574.01,9.70,-0.17,1.41,-0.005,-0.068,-0.026,0.27,-10.25,-0.63,0.000000,0.000000,643.65
20.54,94613.86,58.43,574.36,9.62,0.14,1.47,-0.018,-0.062,-0.013,0.77,-8.82,-1.54,0.000000,0.000000,644.19
20.77,94645.16,58.43,571.61,9.68,-0.11,1.47,-0.007,-0.065,-0.030,0.77,-9.78,-0.18,0.000000,0.000000,644.73
20.56,94614.22,58.40,574.33,9.69,-0.16,1.60,-0.009,-0.058,-0.024,0.27,-10.25,-1.08,0.000000,0.000000,645.27
20.78,94647.45,58.41,571.40,9.68,0.23,1.49,-0.011,-0.064,-0.020,0.77,-8.82,0.28,0.000000,0.000000,645.81
20.58,94619.10,58.38,573.90,9.61,0.29,1.88,0.003,-0.051,-0.021,0.77,-9.30,0.28,0.000000,0.000000,646.35
20.77,94644.75,58.39,571.64,9.67,0.13,1.43,-0.014,-0.065,-0.013,-0.23,-10.25,-1.08,0.000000,0.000000,646.90
20.67,94630.21,58.39,572.92,9.70,0.43,1.59,-0.334,-0.056,-0.044,1.78,-9.30,-2.44,0.000000,0.000000,647.44
20.93,94668.92,58.37,569.51,9.62,0.01,1.50,0.002,-0.062,-0.016,0.27,-9.30,0.28,0.000000,0.000000,647.98
20.68,94628.24,58.35,573.09,9.66,0.00,1.56,-0.007,-0.058,-0.017,0.27,-9.30,-0.18,0.000000,0.000000,648.52
20.62,94619.63,58.35,573.85,9.69,-0.14,1.46,-0.007,-0.062,-0.018,0.77,-9.30,-1.54,0.000000,0.000000,649.07
20.92,94664.70,58.35,569.89,9.68,-0.03,1.45,-0.010,-0.062,-0.019,0.27,-9.30,-0.63,0.000000,0.000000,649.61
20.83,94650.64,58.33,571.12,9.67,-0.08,1.43,-0.014,-0.064,-0.018,0.27,-9.78,0.73,0.000000,0.000000,650.15
20.99,94674.21,58.34,569.05,9.66,-0.09,1.52,-0.013,-0.063,-0.019,-0.23,-9.78,0.73,0.000000,0.000000,650.69
20.76,94639.59,58.32,572.09,9.68,-0.03,1.37,-0.013,-0.063,-0.017,0.77,-9.30,1.18,0.000000,0.000000,651.23
20.95,94667.59,58.32,569.63,9.68,-0.09,1.45,-0.010,-0.062,-0.018,0.27,-11.21,-1.08,0.000000,0.000000,651.77
20.68,94628.50,58.31,573.07,9.69,-0.06,1.45,-0.009,-0.060,-0.019,-0.23,-8.82,-0.63,0.000000,0.000000,652.32
20.86,94655.81,58.30,570.67,9.68,-0.05,1.50,-0.004,-0.061,-0.018,-0.23,-8.82,0.73,0.000000,0.000000,652.86
20.66,94624.94,58.27,573.38,9.67,-0.11,1.51,-0.009,-0.061,-0.020,-0.23,-9.78,0.28,0.000000,0.000000,653.40
20.91,94659.38,58.27,570.35,9.72,-0.23,1.26,-0.012,-0.043,-0.013,0.27,-9.78,-1.54,0.000000,0.000000,653.94
20.71,94633.98,58.26,572.59,9.67,-0.11,1.44,-0.003,-0.059,-0.019,1.27,-9.30,0.28,0.000000,0.000000,654.48
20.75,94639.67,58.25,572.09,9.69,-0.05,1.39,-0.007,-0.062,-0.018,-0.23,-10.25,-0.63,0.000000,0.000000,655.02
20.66,94622.80,58.22,573.57,9.67,-0.07,1.53,-0.006,-0.065,-0.019,0.27,-9.30,-0.63,0.000000,0.000000,655.56
20.64,94618.27,58.21,573.97,9.72,-0.06,1.34,-0.004,-0.057,-0.013,-0.23,-8.82,0.28,0.000000,0.000000,656.11
20.89,94657.25,58.23,570.54,9.66,-0.02,1.54,-0.007,-0.060,-0.020,0.27,-10.25,-0.63,0.000000,0.000000,656.65
20.67,94623.28,58.20,573.53,9.66,-0.05,1.56,-0.010,-0.062,-0.018,-0.23,-9.78,-1.08,0.000000,0.000000,657.19
20.74,94630.08,58.17,572.93,9.67,-0.11,1.58,-0.007,-0.060,-0.022,0.77,-8.82,0.73,0.000000,0.000000,657.73
20.64,94617.24,58.17,574.06,9.67,-0.11,1.48,-0.008,-0.063,-0.021,0.77,-10.73,-0.63,0.000000,0.000000,658.27
20.82,94642.39,58.17,571.85,9.66,-0.07,1.49,-0.003,-0.062,-0.017,0.27,-9.78,-1.54,0.000000,0.000000,658.81
20.65,94617.15,58.15,574.04,9.69,-0.07,1.49,-0.010,-0.062,-0.014,0.27,-8.82,0.73,0.000000,0.000000,659.35
20.92,94659.91,58.16,570.31,9.68,-0.12,1.47,-0.013,-0.066,-0.019,0.77,-10.73,-0.18,0.000000,0.000000,659.90
20.70,94624.59,58.13,573.41,9.69,-0.08,1.50,-0.021,-0.068,-0.017,0.27,-9.78,-1.99,0.000000,0.000000,660.44
20.83,94645.70,58.14,571.56,9.65,-0.01,1.60,-0.013,-0.065,-0.019,0.27,-8.82,0.73,0.000000,0.000000,660.98
20.62,94615.36,58.13,574.23,9.64,-0.13,1.41,-0.006,-0.072,-0.023,0.27,-9.78,-0.63,0.000000,0.000000,661.52
20.73,94630.10,58.12,572.93,9.64,0.05,1.60,-0.007,-0.058,-0.019,0.27,-9.30,-0.18,0.000000,0.000000,662.06
20.67,94618.41,58.11,573.96,9.68,-0.06,1.39,-0.010,-0.065,-0.018,0.27,-8.82,0.73,0.000000,0.000000,662.60
20.75,94632.45,58.11,572.72,9.70,-0.17,1.41,-0.007,-0.059,-0.027,0.27,-8.82,0.28,0.000000,0.000000,663.14
20.97,94660.63,58.10,570.24,9.71,-0.21,1.41,-0.006,-0.052,-0.011,-0.23,-10.73,0.73,0.000000,0.000000,663.69
20.70,94621.81,58.06,573.66,9.69,-0.26,1.48,-0.002,-0.069,-0.027,0.27,-8.35,0.73,0.000000,0.000000,664.23
20.94,94658.22,58.09,570.46,9.63,0.11,1.65,-0.007,-0.044,-0.006,-0.23,-9.78,0.28,0.000000,0.000000,664.78
20.74,94627.56,58.07,573.15,9.64,-0.01,1.71,-0.004,-0.066,-0.022,0.27,-9.78,-1.99,0.000000,0.000000,665.32
20.91,94652.83,58.07,570.93,9.66,0.00,1.45,-0.006,-0.065,-0.018,0.27,-10.25,0.28,0.000000,0.000000,665.87
20.71,94623.95,58.04,573.47,9.63,-0.03,1.55,-0.016,-0.059,-0.013,0.77,-9.30,0.73,0.000000,0.000000,666.41
20.93,94655.82,58.05,570.67,9.70,-0.16,1.56,-0.001,-0.049,-0.010,0.77,-9.30,0.73,0.000000,0.000000,666.95
20.68,94615.66,58.03,574.20,9.71,-0.18,1.41,-0.004,-0.046,-0.004,-0.23,-9.78,-0.18,0.000000,0.000000,667.50
20.65,94612.66,58.02,574.46,9.65,0.07,1.46,-0.021,-0.076,-0.017,-0.74,-10.73,-0.63,0.000000,0.000000,668.04
20.70,94618.08,58.01,573.99,9.74,-0.44,1.28,-0.021,-0.038,0.008,-0.23,-9.78,-1.54,0.000000,0.000000,668.58
20.66,94613.70,58.00,574.37,9.68,0.01,1.63,0.010,-0.041,-0.001,-0.23,-8.82,0.28,0.000000,0.000000,669.12
20.74,94625.09,57.98,573.37,9.75,-0.41,1.24,-0.012,-0.058,-0.022,-0.23,-9.78,0.28,0.000000,0.000000,669.66
20.77,94627.81,57.99,573.13,9.75,-0.59,1.06,-0.013,-0.054,-0.025,0.27,-8.35,0.28,0.000000,0.000000,670.20
20.96,94654.69,57.99,570.77,9.65,0.06,1.54,-0.010,-0.069,-0.023,0.27,-9.78,0.28,0.000000,0.000000,670.74
20.75,94622.95,57.98,573.56,9.70,-0.18,1.40,-0.198,-0.050,-0.052,-1.24,-9.30,-1.08,0.000000,0.000000,671.29
21.01,94662.78,57.99,570.05,9.68,-0.11,1.44,-0.016,-0.070,-0.019,0.27,-9.30,0.28,0.000000,0.000000,671.82
20.96,94658.21,57.96,570.46,9.70,-0.13,1.36,-0.005,-0.060,-0.020,0.27,-8.35,0.28,0.000000,0.000000,672.37
21.09,94676.61,57.97,568.84,9.69,-0.12,1.55,0.006,-0.060,-0.018,0.27,-10.25,-2.89,0.000000,0.000000,672.91
20.86,94638.30,57.96,572.21,9.71,-0.10,1.31,-0.004,-0.062,-0.018,0.27,-8.82,0.73,0.000000,0.000000,673.45
21.01,94663.05,57.96,570.03,9.68,-0.10,1.45,-0.012,-0.063,-0.019,-0.23,-9.30,-0.18,0.000000,0.000000,673.99
20.90,94646.19,57.93,571.51,9.68,-0.02,1.57,0.004,-0.057,-0.020,0.27,-10.25,-1.08,0.000000,0.000000,674.53
20.89,94645.83,57.94,571.55,9.68,-0.10,1.35,-0.007,-0.062,-0.017,-0.23,-8.82,-1.54,0.000000,0.000000,675.08
20.94,94651.67,57.92,571.03,9.69,-0.12,1.47,-0.003,-0.059,-0.020,0.77,-9.30,0.28,0.000000,0.000000,675.61
21.02,94665.13,57.92,569.85,9.67,-0.08,1.44,-0.009,-0.065,-0.018,0.77,-10.25,-2.44,0.000000,0.000000,676.16
21.15,94680.45,57.93,568.50,9.70,-0.11,1.44,-0.006,-0.060,-0.018,-0.23,-9.30,-0.18,0.000000,0.000000,676.70
21.00,94658.88,57.92,570.40,9.69,-0.10,1.50,-0.008,-0.063,-0.019,0.77,-8.35,-1.08,0.000000,0.000000,677.24
21.11,94674.84,57.91,568.99,9.69,-0.11,1.42,-0.008,-0.061,-0.019,0.27,-9.30,-0.63,0.000000,0.000000,677.78
20.89,94642.30,57.88,571.86,9.68,-0.10,1.48,-0.008,-0.061,-0.019,0.27,-9.30,-3.80,0.000000,0.000000,678.32
20.95,94650.13,57.89,571.17,9.69,-0.12,1.47,-0.007,-0.062,-0.019,0.27,-9.30,-0.18,0.000000,0.000000,678.86
20.72,94614.90,57.86,574.27,9.69,-0.10,1.46,-0.007,-0.062,-0.019,-0.23,-9.78,-1.08,0.000000,0.000000,679.41
20.95,94649.20,57.87,571.25,9.70,-0.11,1.47,-0.007,-0.061,-0.018,0.77,-8.35,0.73,0.000000,0.000000,679.95
20.74,94618.03,57.86,573.99,9.69,-0.10,1.46,-0.007,-0.062,-0.019,0.27,-8.82,-0.18,0.000000,0.000000,680.49
20.85,94634.88,57.86,572.51,9.69,-0.10,1.45,-0.006,-0.061,-0.019,-0.23,-10.25,-0.63,0.000000,0.000000,681.03
20.77,94622.28,57.85,573.62,9.69,-0.10,1.51,-0.007,-0.062,-0.018,0.27,-8.82,-0.63,0.000000,0.000000,681.57
20.74,94617.15,57.83,574.07,9.72,-0.16,1.31,0.005,-0.055,-0.021,0.77,-10.25,0.73,0.000000,0.000000,682.11
20.77,94652.62,57.86,570.95,9.67,-0.02,1.54,-0.009,-0.064,-0.018,-0.23,-10.25,-0.18,0.000000,0.000000,682.66
20.78,94620.71,57.83,573.76,9.69,-0.12,1.43,-0.008,-0.059,-0.019,0.77,-9.30,-0.63,0.000000,0.000000,683.20
20.98,94651.36,57.82,571.06,9.80,-0.13,1.43,-0.001,-0.066,-0.022,0.27,-8.82,-1.54,0.000000,0.000000,683.74
20.77,94619.92,57.80,573.83,9.70,-0.02,1.42,0.011,-0.075,-0.028,0.77,-9.30,0.28,0.000000,0.000000,684.28
20.95,94646.27,57.82,571.51,9.72,-0.12,1.39,-0.005,-0.042,-0.001,0.27,-10.25,-1.08,0.000000,0.000000,684.82
20.71,94609.53,57.79,574.74,9.64,0.23,1.37,-0.010,-0.056,0.001,1.78,-9.30,0.73,0.000000,0.000000,685.36
20.93,94642.96,57.80,571.80,9.67,0.00,1.51,-0.014,-0.057,-0.012,0.77,-10.73,0.28,0.000000,0.000000,685.90
20.77,94617.23,57.77,574.06,9.91,0.09,1.19,-0.013,-0.101,-0.043,0.77,-9.30,-2.44,0.000000,0.000000,686.45
20.92,94639.22,57.77,572.13,9.71,-0.09,1.33,-0.015,-0.062,-0.017,0.77,-8.82,0.28,0.000000,0.000000,686.99
20.76,94613.63,57.76,574.38,9.72,0.40,1.23,-0.008,-0.066,-0.004,0.27,-8.82,-0.18,0.000000,0.000000,687.53
20.75,94612.25,57.76,574.50,9.47,-0.35,1.68,-0.011,-0.091,-0.043,-0.23,-9.30,-1.08,0.000000,0.000000,688.07
20.87,94628.13,57.76,573.10,9.71,0.02,1.30,-0.008,-0.045,-0.005,0.77,-8.82,-0.63,0.000000,0.000000,688.61
20.80,94619.39,57.74,573.87,9.80,-0.15,1.55,0.001,-0.096,-0.061,-0.23,-10.25,-0.18,0.000000,0.000000,689.15
20.98,94645.16,57.74,571.61,9.68,0.00,1.46,-0.007,-0.068,-0.022,0.77,-9.78,0.28,0.000000,0.000000,689.69
20.78,94617.36,57.73,574.05,9.67,0.05,1.44,-0.005,-0.054,-0.015,-0.23,-9.30,-0.18,0.000000,0.000000,690.24
21.01,94648.81,57.74,571.28,9.72,-0.06,1.34,-0.007,-0.060,-0.015,-0.23,-9.78,-0.18,0.000000,0.000000,690.78
20.69,94603.84,57.70,575.24,9.70,-0.07,1.37,-0.015,-0.032,0.013,0.77,-9.30,-2.44,0.000000,0.000000,691.32
20.97,94643.91,57.72,571.71,9.73,-0.04,1.19,-0.012,-0.030,0.014,0.77,-9.78,-0.63,0.000000,0.000000,691.86
20.80,94613.56,57.70,574.39,9.69,0.16,1.35,-0.008,-0.067,-0.021,0.77,-10.73,-1.08,0.000000,0.000000,692.40
21.01,94649.94,57.69,571.18,9.71,-0.07,1.39,-0.016,-0.067,-0.017,0.77,-9.30,-0.18,0.000000,0.000000,692.94
20.88,94630.23,57.70,573.01,9.69,0.00,1.48,-0.008,-0.075,-0.033,0.77,-9.78,0.28,0.000000,0.000000,693.48
21.05,94652.06,57.69,571.00,9.74,-0.03,1.16,-0.023,-0.055,0.003,0.77,-11.21,-0.63,0.000000,0.000000,694.03
20.80,94615.41,57.67,574.22,9.59,-0.40,1.58,-0.009,-0.095,-0.049,1.78,-8.82,0.73,0.000000,0.000000,694.57
20.81,94618.36,57.67,573.96,9.70,0.06,1.29,-0.003,-0.015,0.015,-0.23,-9.30,-0.63,0.000000,0.000000,695.11
21.16,94668.83,57.66,569.52,9.69,0.07,1.40,-0.007,-0.066,-0.013,-0.23,-8.82,-1.99,0.000000,0.000000,695.65
20.85,94621.95,57.66,573.65,9.71,-0.37,1.20,0.008,-0.111,-0.067,-0.23,-9.30,-3.35,0.000000,0.000000,696.19
21.13,94661.19,57.66,570.19,9.67,-0.09,1.50,0.009,-0.113,-0.081,0.27,-9.78,0.73,0.000000,0.000000,696.73
20.86,94623.45,57.65,573.51,9.68,0.29,1.53,-0.012,-0.075,-0.016,0.77,-9.78,-1.99,0.000000,0.000000,697.27
21.10,94657.19,57.65,570.55,9.70,-0.29,1.29,0.008,-0.106,-0.067,0.27,-8.35,0.28,0.000000,0.000000,697.82
20.89,94627.73,57.63,573.14,9.77,0.09,1.36,0.004,-0.088,-0.053,0.27,-9.78,-0.18,0.000000,0.000000,698.36
21.06,94652.26,57.63,570.98,9.68,0.03,1.51,-0.020,-0.020,0.016,0.27,-8.82,-0.63,0.000000,0.000000,698.90
20.89,94626.06,57.61,573.28,9.69,-0.10,1.56,-0.051,-0.026,0.041,0.77,-9.78,-1.08,0.000000,0.000000,699.44
21.14,94663.52,57.63,569.99,9.70,-0.12,1.34,-0.104,-0.064,-0.008,-0.74,-9.30,-0.18,0.000000,0.000000,699.98
20.97,94638.99,57.61,572.15,9.69,-0.39,1.37,0.039,-0.099,-0.073,-0.23,-10.73,-0.63,0.000000,0.000000,700.53
20.96,94636.26,57.59,572.39,9.63,0.09,1.49,0.041,-0.076,-0.037,1.27,-9.78,1.18,0.000000,0.000000,701.06
20.94,94629.91,57.57,572.95,9.78,-0.04,1.02,-0.022,0.034,0.075,0.77,-10.25,-0.63,0.000000,0.000000,701.61
21.02,94643.25,57.58,571.77,9.75,0.16,1.07,-0.022,-0.045,-0.009,0.27,-8.82,0.28,0.000000,0.000000,702.15
21.27,94679.36,57.59,568.60,9.69,-0.00,1.43,-0.090,-0.068,-0.018,-0.23,-9.30,-1.08,0.000000,0.000000,702.69
21.10,94654.88,57.58,570.75,9.72,-0.12,1.36,0.002,-0.053,-0.022,-0.23,-10.25,-0.18,0.000000,0.000000,703.23
21.28,94680.75,57.57,568.47,9.66,-0.12,1.71,-0.006,-0.065,-0.018,-0.23,-9.78,-0.63,0.000000,0.000000,703.78
21.15,94662.98,57.57,570.04,9.72,-0.14,1.36,-0.009,-0.064,-0.015,0.27,-9.30,0.28,0.000000,0.000000,704.31
21.35,94689.47,57.57,567.71,9.70,-0.09,1.49,-0.005,-0.062,-0.022,0.27,-10.25,-0.63,0.000000,0.000000,704.86
21.19,94668.47,57.55,569.55,9.69,0.01,1.42,-0.012,-0.063,-0.014,0.27,-9.30,-2.44,0.000000,0.000000,705.40
21.35,94691.58,57.55,567.52,9.74,0.05,1.43,-0.019,-0.047,-0.002,0.27,-9.30,-1.54,0.000000,0.000000,705.94
21.21,94669.22,57.54,569.49,9.71,-0.33,1.43,-0.031,-0.075,-0.018,-0.23,-9.78,-0.18,0.000000,0.000000,706.48
21.32,94687.75,57.54,567.86,9.66,0.13,1.47,0.001,-0.063,-0.019,0.27,-10.25,-0.18,0.000000,0.000000,707.02
21.16,94661.44,57.53,570.17,9.82,-0.18,1.37,-0.007,-0.055,-0.017,0.77,-8.82,1.18,0.000000,0.000000,707.56
21.17,94662.30,57.54,570.10,9.69,-0.06,1.45,-0.006,-0.064,-0.020,-0.23,-9.78,-1.08,0.000000,0.000000,708.11
21.24,94673.01,57.53,569.15,9.70,-0.07,1.32,-0.004,-0.059,-0.018,-0.23,-10.25,0.28,0.000000,0.000000,708.65
21.20,94665.70,57.52,569.80,9.60,-0.38,1.67,-0.020,-0.063,-0.019,0.27,-9.30,0.73,0.000000,0.000000,709.19
21.36,94691.55,57.51,567.52,9.71,-0.07,1.34,-0.007,-0.062,-0.020,-0.23,-9.30,-0.18,0.000000,0.000000,709.73
21.19,94664.14,57.50,569.93,9.67,-0.02,1.52,0.001,-0.067,-0.023,0.27,-9.30,-1.99,0.000000,0.000000,710.27
21.37,94690.85,57.52,567.59,9.70,0.10,1.40,0.006,-0.070,-0.020,0.77,-8.82,0.28,0.000000,0.000000,710.81
21.20,94664.36,57.50,569.92,9.68,0.16,1.52,0.003,-0.071,-0.019,1.27,-9.30,0.28,0.000000,0.000000,711.35
21.33,94682.46,57.49,568.32,9.73,0.04,1.31,-0.006,-0.073,-0.025,-0.23,-8.82,-0.63,0.000000,0.000000,711.90
21.22,94666.84,57.49,569.70,9.63,-0.07,1.46,-0.015,-0.064,-0.031,0.27,-9.30,0.73,0.000000,0.000000,712.44
21.18,94662.86,57.48,570.05,9.69,-0.10,1.36,-0.000,-0.061,-0.019,0.27,-10.25,-0.63,0.000000,0.000000,712.98
21.17,94657.52,57.46,570.52,9.65,-0.10,1.67,-0.002,-0.062,-0.020,0.27,-9.78,-1.08,0.000000,0.000000,713.52
21.32,94679.75,57.47,568.56,9.68,-0.02,1.40,-0.009,-0.063,-0.015,0.27,-9.30,0.73,0.000000,0.000000,714.06
21.28,94674.31,57.45,569.04,9.67,-0.08,1.46,-0.005,-0.059,-0.019,0.27,-9.30,-1.54,0.000000,0.000000,714.61
21.35,94683.88,57.46,568.20,9.72,-0.12,1.44,-0.008,-0.057,-0.015,0.27,-8.82,-0.18,0.000000,0.000000,715.15
21.50,94705.72,57.46,566.28,9.69,0.00,1.37,-0.005,-0.060,-0.019,0.27,-8.82,0.28,0.000000,0.000000,715.69
21.33,94679.47,57.43,568.59,9.70,-0.13,1.50,-0.007,-0.061,-0.018,-0.23,-11.21,0.73,0.000000,0.000000,716.24
21.31,94679.33,57.47,568.60,9.69,-0.08,1.43,-0.007,-0.063,-0.019,0.27,-8.82,0.28,0.000000,0.000000,716.78
21.11,94646.41,57.43,571.50,9.69,-0.10,1.42,-0.007,-0.060,-0.018,0.27,-10.25,-0.63,0.000000,0.000000,717.32
21.33,94677.59,57.41,568.75,9.69,-0.10,1.52,-0.010,-0.063,-0.020,-0.23,-9.78,-1.08,0.000000,0.000000,717.86
21.20,94659.36,57.41,570.36,9.70,-0.09,1.45,-0.012,-0.062,-0.018,1.27,-8.82,0.73,0.000000,0.000000,718.40
21.33,94678.00,57.39,568.72,9.69,-0.10,1.43,-0.008,-0.062,-0.019,-0.23,-10.25,-0.18,0.000000,0.000000,718.95
21.15,94653.86,57.38,570.84,9.69,-0.09,1.44,-0.008,-0.061,-0.018,0.27,-9.30,-1.54,0.000000,0.000000,719.48
21.24,94663.88,57.38,569.96,9.69,-0.08,1.44,-0.008,-0.061,-0.019,1.27,-9.78,0.28,0.000000,0.000000,720.02
21.21,94658.88,57.39,570.40,9.70,-0.08,1.46,-0.006,-0.062,-0.019,0.27,-9.78,-1.08,0.000000,0.000000,720.57
21.22,94659.02,57.38,570.39,9.69,-0.09,1.45,-0.008,-0.062,-0.019,0.77,-9.30,0.28,0.000000,0.000000,721.11
21.21,94686.12,57.37,570.34,9.68,-0.08,1.44,-0.007,-0.062,-0.019,0.27,-9.30,0.73,0.000000,0.000000,721.65
21.21,94658.50,57.35,570.43,9.70,-0.10,1.45,-0.007,-0.062,-0.019,-0.23,-10.73,1.18,0.000000,0.000000,722.19
21.36,94682.47,57.35,568.32,9.69,-0.10,1.45,-0.007,-0.061,-0.019,0.27,-8.82,0.28,0.000000,0.000000,722.73
21.19,94655.74,57.34,570.67,9.69,-0.08,1.46,-0.007,-0.061,-0.019,0.77,-9.30,-0.18,0.000000,0.000000,723.27
21.34,94675.38,57.35,568.95,9.70,-0.09,1.42,-0.007,-0.061,-0.018,0.27,-9.78,-1.54,0.000000,0.000000,723.82
21.16,94647.16,57.33,571.43,9.67,-0.09,1.46,-0.007,-0.060,-0.018,0.77,-9.78,-3.35,0.000000,0.000000,724.36
21.36,94679.91,57.32,568.55,9.69,-0.08,1.46,-0.007,-0.062,-0.019,0.27,-9.30,0.28,0.000000,0.000000,724.90
21.22,94657.00,57.31,570.56,9.70,-0.09,1.45,-0.007,-0.062,-0.019,0.27,-11.21,-1.54,0.000000,0.000000,725.44
21.34,94674.66,57.32,569.01,9.68,-0.08,1.43,-0.006,-0.060,-0.019,0.77,-8.82,0.28,0.000000,0.000000,725.98
21.22,94660.64,57.29,570.24,9.68,-0.10,1.46,-0.007,-0.062,-0.018,0.77,-10.25,0.28,0.000000,0.000000,726.52
21.16,94648.81,57.28,571.28,9.69,-0.11,1.44,-0.007,-0.061,-0.019,0.77,-9.30,-1.08,0.000000,0.000000,727.07
21.24,94657.12,57.28,570.55,9.68,-0.08,1.45,-0.007,-0.062,-0.019,1.27,-9.30,-2.44,0.000000,0.000000,727.61
21.23,94656.86,57.29,570.58,9.70,-0.07,1.45,-0.007,-0.062,-0.018,-0.74,-8.82,-0.18,0.000000,0.000000,728.15
21.43,94685.94,57.29,568.02,9.69,-0.10,1.44,-0.007,-0.061,-0.018,0.77,-10.25,-1.99,0.000000,0.000000,728.69
21.24,94657.23,57.27,570.54,9.68,-0.07,1.43,-0.007,-0.061,-0.019,0.77,-9.30,0.28,0.000000,0.000000,729.23
21.40,94681.57,57.27,568.40,9.70,-0.11,1.41,-0.008,-0.062,-0.019,-0.74,-10.73,-0.63,0.000000,0.000000,729.77
21.23,94653.02,57.26,570.91,9.69,-0.09,1.45,-0.007,-0.062,-0.018,-0.23,-8.82,-2.44,0.000000,0.000000,730.31
21.42,94684.54,57.25,568.14,9.71,-0.09,1.44,-0.007,-0.062,-0.019,1.27,-9.30,1.18,0.000000,0.000000,730.85
21.27,94662.94,57.25,570.04,9.69,-0.08,1.43,-0.007,-0.062,-0.018,0.77,-9.78,-0.18,0.000000,0.000000,731.40
21.44,94687.80,57.25,567.85,9.69,-0.07,1.43,-0.007,-0.062,-0.018,0.27,-9.30,-0.63,0.000000,0.000000,731.94
21.28,94661.04,57.23,570.21,9.69,-0.08,1.43,-0.007,-0.062,-0.018,0.77,-9.30,0.28,0.000000,0.000000,732.48
21.47,94689.16,57.22,567.73,9.70,-0.10,1.42,-0.007,-0.062,-0.019,0.27,-10.25,-0.18,0.000000,0.000000,733.02
21.28,94661.72,57.22,570.15,9.68,-0.08,1.42,-0.006,-0.061,-0.018,0.27,-10.25,-0.63,0.000000,0.000000,733.56
21.27,94661.66,57.22,570.15,9.68,-0.08,1.45,-0.007,-0.062,-0.019,0.77,-9.30,0.28,0.000000,0.000000,734.10
21.40,94680.56,57.21,568.49,9.68,-0.10,1.46,-0.007,-0.062,-0.018,-0.23,-9.30,-0.18,0.000000,0.000000,734.65
21.26,94658.38,57.20,570.44,9.69,-0.09,1.44,-0.008,-0.062,-0.019,-0.23,-8.82,-1.08,0.000000,0.000000,735.19
21.42,94679.79,57.20,568.56,9.69,-0.08,1.45,-0.008,-0.061,-0.018,0.27,-8.82,-0.18,0.000000,0.000000,735.73
21.23,94651.43,57.18,571.05,9.70,-0.10,1.45,-0.008,-0.062,-0.018,0.27,-10.73,1.18,0.000000,0.000000,736.27
21.41,94676.45,57.18,568.85,9.69,-0.09,1.44,-0.007,-0.062,-0.020,-0.23,-8.82,-1.99,0.000000,0.000000,736.81
21.23,94650.30,57.17,571.15,9.68,-0.08,1.44,-0.007,-0.062,-0.019,0.27,-9.78,0.28,0.000000,0.000000,737.35
21.45,94683.66,57.18,568.22,9.69,-0.09,1.39,-0.007,-0.061,-0.019,0.27,-9.78,-0.18,0.000000,0.000000,737.89
21.28,94657.56,57.15,570.51,9.69,-0.07,1.45,-0.008,-0.062,-0.020,1.27,-8.82,0.73,0.000000,0.000000,738.43
21.41,94676.88,57.16,568.81,9.70,-0.10,1.44,-0.007,-0.060,-0.018,-0.23,-10.25,-0.63,0.000000,0.000000,738.98
21.21,94646.23,57.15,571.51,9.69,-0.09,1.43,-0.006,-0.061,-0.019,-0.23,-8.82,-0.63,0.000000,0.000000,739.52
21.53,94694.88,57.16,567.23,9.69,0.01,1.35,-0.004,-0.054,-0.013,0.27,-8.82,-0.18,0.000000,0.000000,740.06
22.22,94797.63,57.18,558.20,9.68,-0.00,1.48,-0.022,-0.060,-0.012,0.27,-9.78,-1.08,0.000000,0.000000,740.60
14.92,93709.37,56.83,654.27,9.39,-0.40,1.49,-0.001,-0.120,-0.058,-0.74,-8.35,-1.99,0.000000,0.000000,741.14
15.76,93797.81,56.75,646.43,9.56,0.19,1.22,-0.054,-0.119,-0.082,0.77,-10.25,-0.18,0.000000,0.000000,741.68
13.83,93521.27,56.58,670.97,9.73,-0.09,1.28,0.017,-0.041,0.005,0.27,-10.25,-0.18,0.000000,0.000000,742.22
15.53,93754.47,56.55,650.27,9.73,-0.31,1.37,0.475,-0.056,0.060,-0.23,-8.82,-1.08,0.000000,0.000000,742.77
15.04,93687.33,56.49,656.23,9.65,-0.08,1.77,0.061,-0.052,-0.025,1.27,-7.87,0.73,0.000000,0.000000,743.31
23.30,94944.73,56.87,545.28,9.64,0.01,1.65,-0.004,-0.060,-0.021,0.27,-9.78,0.28,0.000000,0.000000,744.79
15.35,93757.37,56.55,650.01,9.66,-0.04,1.70,-0.010,-0.062,-0.019,0.27,-8.35,0.28,0.000000,0.000000,745.43
21.84,94711.48,56.83,565.77,9.67,-0.14,1.67,-0.013,-0.056,-0.021,-0.23,-9.78,0.28,0.000000,0.000000,746.00
21.43,94665.02,56.83,569.86,9.68,-0.15,1.22,-0.002,-0.060,-0.022,0.77,-9.30,1.18,0.000000,0.000000,746.54
21.34,94655.95,56.87,570.66,9.68,-0.11,1.68,-0.009,-0.061,-0.018,0.27,-9.78,-0.63,0.000000,0.000000,747.08
21.53,94683.75,56.89,568.21,9.66,-0.11,1.63,-0.010,-0.061,-0.019,-0.23,-9.78,-1.08,0.000000,0.000000,747.62
21.41,94663.39,56.90,570.00,9.67,-0.05,1.58,-0.010,-0.063,-0.018,-0.23,-9.78,0.28,0.000000,0.000000,748.16
21.58,94691.97,56.92,567.49,9.65,-0.08,1.67,-0.009,-0.062,-0.019,0.27,-8.82,0.28,0.000000,0.000000,748.70
21.36,94656.59,56.90,570.60,9.67,-0.05,1.60,-0.009,-0.060,-0.019,0.77,-9.78,-2.44,0.000000,0.000000,749.24
21.53,94683.20,56.92,568.26,9.65,-0.07,1.69,-0.008,-0.062,-0.019,0.77,-9.30,0.28,0.000000,0.000000,749.79
21.37,94658.92,56.92,570.39,9.67,-0.05,1.64,-0.007,-0.062,-0.019,-0.23,-10.25,-0.18,0.000000,0.000000,750.33
21.47,94675.11,56.94,568.97,9.65,-0.05,1.63,-0.007,-0.061,-0.018,0.27,-9.30,-1.99,0.000000,0.000000,750.87
21.33,94652.80,56.93,570.93,9.65,-0.05,1.62,-0.007,-0.062,-0.019,0.77,-9.30,0.73,0.000000,0.000000,751.41
21.49,94677.72,56.93,568.74,9.64,-0.05,1.63,-0.006,-0.062,-0.019,0.77,-10.25,0.73,0.000000,0.000000,751.95
21.30,94648.40,56.93,571.32,9.66,-0.04,1.66,-0.008,-0.061,-0.019,0.27,-9.30,-1.99,0.000000,0.000000,752.49
21.33,94653.30,56.91,570.89,9.64,-0.07,1.63,-0.007,-0.062,-0.019,0.77,-9.30,0.73,0.000000,0.000000,753.03
22.05,94761.34,56.96,561.39,9.64,-0.06,1.65,-0.008,-0.063,-0.018,0.77,-10.25,-0.63,0.000000,0.000000,753.58
22.36,94806.63,56.97,557.41,12.07,-0.74,2.25,0.049,-0.188,-0.278,-0.23,-11.21,0.73,0.000000,0.000000,754.12
21.23,94637.36,56.94,572.29,7.03,-0.27,3.39,1.127,-0.390,0.114,-0.23,-6.92,2.54,0.000000,0.000000,754.66
21.15,94625.94,56.92,573.30,8.21,-1.34,6.44,2.337,1.477,1.096,-0.23,-10.25,5.26,0.000000,0.000000,755.20
21.37,94652.48,56.92,570.96,5.79,0.15,7.80,-0.184,0.103,0.098,0.77,-6.44,7.52,0.000000,0.000000,755.74
20.59,94535.14,56.86,581.29,4.14,0.91,8.14,0.351,-0.150,-0.065,1.78,-4.53,7.07,0.000000,0.000000,756.28
21.72,94704.13,56.89,566.42,4.45,1.65,9.64,-0.055,-0.240,0.817,1.78,-5.01,5.71,0.000000,0.000000,756.82
21.35,94651.36,56.86,571.06,4.95,1.43,7.76,0.415,-0.087,0.083,1.27,-5.48,6.61,0.000000,0.000000,757.36
21.20,94624.13,56.85,573.46,5.13,2.81,8.57,-0.223,-0.060,-0.486,4.29,-5.96,7.07,0.000000,0.000000,757.91
20.91,94586.63,56.84,576.76,4.89,2.53,8.07,-0.036,-0.072,-0.005,2.78,-5.48,6.16,0.000000,0.000000,758.45
21.18,94624.26,56.84,573.44,4.85,2.59,8.15,0.027,-0.060,-0.033,3.79,-5.01,7.52,0.000000,0.000000,758.99
20.86,94575.33,56.85,577.75,4.85,2.72,8.09,-0.001,-0.054,-0.021,3.29,-5.96,6.61,0.000000,0.000000,759.53
20.86,94574.25,56.82,577.85,4.79,2.69,8.10,-0.007,-0.044,-0.030,3.29,-5.01,5.71,0.000000,0.000000,760.07
21.15,94611.36,56.82,574.58,4.82,2.35,8.25,-0.855,-0.479,0.073,2.78,-5.48,7.97,0.000000,0.000000,760.61
21.02,94595.61,56.81,575.96,5.08,-0.05,7.72,-0.747,0.327,-0.677,0.27,-5.96,6.16,0.000000,0.000000,761.16
21.22,94624.55,56.83,573.42,4.69,0.51,9.83,-0.636,-0.119,-1.066,1.27,-6.44,7.52,0.000000,0.000000,761.70
21.11,94607.38,56.81,574.93,5.00,0.50,8.34,-0.512,1.380,-0.243,0.77,-5.96,7.52,0.000000,0.000000,762.24
21.25,94629.00,56.81,573.03,5.68,-2.30,9.16,-0.727,-0.207,-0.857,-2.24,-9.30,6.61,0.000000,0.000000,762.78
21.04,94599.69,56.82,575.61,7.68,-1.62,9.08,0.272,-0.525,0.718,-0.23,-8.35,7.97,0.000000,0.000000,763.32
21.19,94620.95,56.82,573.73,7.07,-0.27,13.49,-1.413,0.329,-0.764,-0.23,-8.82,10.24,0.000000,0.000000,763.87
21.12,94611.41,56.82,574.57,11.84,3.93,10.53,-0.005,-0.740,1.461,5.80,-13.59,8.88,0.000000,0.000000,764.41
21.28,94635.04,56.81,572.50,5.21,0.52,9.10,-1.860,-0.556,-0.567,0.77,-5.48,8.42,0.000000,0.000000,764.94
21.28,94632.81,56.78,572.69,5.19,-0.69,7.49,0.614,-0.416,1.112,-1.24,-5.96,6.61,0.000000,0.000000,765.49
21.39,94653.66,56.81,570.86,3.52,0.30,6.86,-0.673,-0.204,-0.819,-0.23,-4.05,4.35,0.000000,0.000000,766.03
21.24,94628.14,56.81,573.10,4.66,0.02,6.27,0.106,-0.147,0.166,0.77,-5.01,5.26,0.000000,0.000000,766.57
21.24,94626.92,56.80,573.21,13.58,8.02,16.48,2.359,-0.093,-1.929,9.82,-15.50,13.40,0.000000,0.000000,767.12
21.53,94671.89,56.79,569.25,3.57,-1.66,4.61,1.625,-0.018,0.842,-1.24,-3.10,4.35,0.000000,0.000000,767.66
21.26,94630.73,56.79,572.87,2.65,-1.25,3.44,-0.921,0.151,-1.196,-0.74,-3.10,2.54,0.000000,0.000000,768.20
21.49,94663.59,56.79,569.98,1.74,-1.12,3.90,0.293,-0.141,0.671,-0.74,-2.15,2.54,0.000000,0.000000,768.74
21.26,94631.37,56.77,572.82,5.77,0.91,6.84,-0.242,0.059,-0.467,0.77,-5.96,4.80,0.000000,0.000000,769.28
21.44,94657.88,56.79,570.49,3.12,-2.83,12.71,-0.554,0.600,-0.665,-3.25,-5.48,10.24,0.000000,0.000000,769.83
21.17,94617.82,56.77,574.01,13.15,6.62,12.30,1.642,0.516,1.351,5.80,-14.07,8.88,0.000000,0.000000,770.37
21.42,94653.02,56.75,570.91,8.95,3.45,11.22,0.358,-0.336,0.418,3.79,-9.78,9.33,0.000000,0.000000,770.91
21.22,94624.06,56.76,573.46,1.48,-1.83,4.97,-0.631,-0.366,1.800,-1.74,-2.15,4.35,0.000000,0.000000,771.45
21.80,94707.49,56.77,566.12,5.49,3.30,3.64,1.106,-1.160,-1.315,2.78,-4.05,3.44,0.000000,0.000000,771.99
21.44,94652.42,56.75,570.97,4.55,0.41,0.93,0.609,-0.504,-0.822,-0.23,-3.58,0.28,0.000000,0.000000,772.53
21.64,94685.26,56.75,568.08,0.14,1.89,-2.96,-0.627,-0.131,0.548,0.27,0.24,-3.35,0.000000,0.000000,773.07
21.69,94690.20,56.75,567.64,10.09,-0.82,3.10,-0.625,0.110,0.268,0.27,-9.30,0.28,0.000000,0.000000,773.62
21.69,94692.31,56.76,567.46,9.15,3.15,4.11,-3.301,0.058,-0.738,3.79,-8.82,2.99,0.000000,0.000000,774.16
21.81,94707.83,56.74,566.09,11.90,1.14,-2.01,-1.658,0.151,0.172,1.27,-11.21,-5.16,0.000000,0.000000,774.70
21.70,94703.84,56.74,566.44,13.36,-0.42,7.26,0.547,-0.152,0.768,0.77,-13.59,5.71,0.000000,0.000000,775.24
21.89,94721.58,56.74,564.88,13.54,-2.10,-2.32,1.178,-0.012,0.132,-1.24,-13.59,-4.25,0.000000,0.000000,775.78
21.72,94696.63,56.71,567.08,14.10,-0.05,9.11,-1.309,0.386,-0.642,0.77,-15.50,5.26,0.000000,0.000000,776.33
21.89,94720.52,56.73,564.98,12.49,1.14,-2.16,2.186,-0.117,-0.992,2.28,-10.73,-4.25,0.000000,0.000000,776.87
21.83,94712.31,56.72,565.70,8.55,2.76,3.03,-1.633,-0.473,-0.570,2.28,-9.30,1.18,0.000000,0.000000,777.41
21.87,94715.27,56.70,565.44,6.86,3.08,0.90,2.300,0.510,1.015,3.29,-5.96,-1.54,0.000000,0.000000,777.94
21.74,94695.95,56.70,567.14,6.60,1.57,3.14,-2.310,-0.562,-0.384,1.78,-6.44,1.63,0.000000,0.000000,778.49
21.82,94708.09,56.71,566.07,7.35,1.89,1.81,2.245,0.290,0.528,2.28,-8.35,-1.08,0.000000,0.000000,779.03
21.83,94706.98,56.69,566.17,6.42,2.78,2.65,-2.869,0.019,-1.353,3.79,-6.92,1.63,0.000000,0.000000,779.57
21.74,94696.63,56.67,567.08,7.65,1.72,0.46,-1.837,0.008,0.190,2.78,-6.92,-1.08,0.000000,0.000000,780.11
21.81,94708.67,56.68,566.02,8.28,1.04,2.58,-1.235,-0.625,0.072,1.27,-7.87,-1.54,0.000000,0.000000,780.65
21.63,94673.59,56.67,569.10,6.48,0.26,1.60,-0.038,-0.960,0.354,2.28,-5.96,1.63,0.000000,0.000000,781.19
21.65,94672.55,56.66,569.20,8.36,-5.29,0.71,-0.069,0.132,0.008,-5.26,-8.35,-1.08,0.000000,0.000000,781.74
21.48,94646.22,56.64,571.51,3.97,-6.73,0.56,0.117,-0.398,-0.546,-6.77,-3.10,-0.63,0.000000,0.000000,782.28
21.64,94675.75,56.64,568.91,6.62,18.85,1.89,0.497,-0.273,-4.432,19.37,-6.44,0.28,0.000000,0.000000,782.82
21.42,94650.92,56.62,571.10,1.15,7.73,-0.14,0.007,-0.084,-0.081,8.31,-2.15,-1.54,0.000000,0.000000,783.36
21.64,94677.14,56.63,568.79,-0.69,17.32,0.60,-0.838,0.571,5.193,19.37,1.19,1.18,0.000000,0.000000,783.90
21.33,94621.08,56.61,573.72,5.49,-7.79,1.36,0.273,-0.175,-0.268,-6.77,-5.01,-0.18,0.000000,0.000000,784.45
21.52,94636.09,56.61,572.40,7.64,-5.81,1.63,0.077,-0.129,-0.076,-6.26,-6.92,-1.99,0.000000,0.000000,784.99
21.45,94639.79,56.62,572.08,2.54,-2.25,2.29,0.441,-0.490,-2.440,-2.24,-2.62,1.18,0.000000,0.000000,785.53
21.61,94665.58,56.62,569.81,1.73,0.38,2.35,1.600,2.069,1.237,0.27,-2.15,0.73,0.000000,0.000000,786.06
21.56,94661.06,56.64,570.21,1.61,-1.20,13.15,-0.656,-0.219,0.117,-1.24,-2.15,9.78,0.000000,0.000000,786.61
21.49,94645.34,56.62,571.59,1.09,6.31,-7.96,-3.122,-4.325,0.114,6.80,0.71,-7.87,0.000000,0.000000,787.15
21.59,94660.55,56.63,570.25,3.43,-0.64,-9.54,0.186,0.211,-0.151,-0.23,-1.19,-11.04,0.000000,0.000000,787.69
21.48,94641.30,56.62,571.94,2.78,3.96,-1.70,2.675,3.746,0.735,3.79,-1.19,-2.44,0.000000,0.000000,788.23
21.85,94704.61,56.62,566.38,-1.23,1.28,11.26,-0.223,0.058,0.824,0.77,-1.19,10.24,0.000000,0.000000,788.77
21.57,94663.37,56.60,570.00,4.13,1.69,7.88,0.442,-2.162,0.035,2.28,-4.53,5.71,0.000000,0.000000,789.31
21.82,94702.08,56.62,566.60,1.87,18.81,7.25,-0.045,-3.101,-3.043,19.37,-1.67,7.07,0.000000,0.000000,789.86
21.45,94645.72,56.59,571.56,3.72,3.77,-10.44,1.526,1.661,-0.633,4.29,-1.67,-10.14,0.000000,0.000000,790.40
21.82,94696.66,56.61,567.08,3.11,2.74,11.87,0.900,0.595,0.868,2.78,-3.10,7.07,0.000000,0.000000,790.94
21.63,94671.74,56.61,569.27,-1.11,18.46,0.33,-3.829,-4.105,-0.987,19.37,1.67,0.73,0.000000,0.000000,791.48
21.45,94643.32,56.58,571.77,7.56,5.50,-5.18,-0.101,-0.185,-0.090,6.30,-6.44,-7.42,0.000000,0.000000,792.02
21.43,94638.16,56.58,572.22,1.98,14.12,-6.45,3.658,3.337,0.158,14.85,-0.24,-8.33,0.000000,0.000000,792.56
21.62,94668.79,56.58,569.53,8.35,3.94,5.16,-0.223,0.174,0.338,4.79,-9.30,2.99,0.000000,0.000000,793.10
21.56,94655.75,56.58,570.67,10.32,7.81,3.35,2.746,-0.471,2.290,8.81,-10.73,-0.63,0.000000,0.000000,793.65
21.59,94657.86,56.56,570.49,7.14,-2.13,-0.39,1.998,-0.058,-0.337,-1.24,-6.92,-1.99,0.000000,0.000000,794.19
21.89,94701.65,56.57,566.54,8.55,2.23,-0.33,0.990,0.523,-0.225,2.28,-9.30,-2.89,0.000000,0.000000,794.73
21.59,94661.55,56.57,570.16,9.58,-0.01,4.80,-0.378,-0.494,-0.175,0.77,-9.30,2.54,0.000000,0.000000,795.27
21.65,94668.84,56.55,569.52,12.50,3.75,-4.46,1.147,-0.017,0.017,3.79,-11.68,-6.97,0.000000,0.000000,795.81
21.59,94661.72,56.55,570.15,14.95,5.14,10.04,-0.686,0.199,-1.327,6.30,-17.41,5.71,0.000000,0.000000,796.35
21.69,94671.16,56.54,569.32,16.33,9.69,-0.33,1.470,0.325,0.076,10.82,-15.98,-2.89,0.000000,0.000000,796.90
21.64,94665.75,56.53,569.79,9.81,9.28,3.43,-1.464,-2.005,-0.472,8.81,-10.25,1.63,0.000000,0.000000,797.44
21.67,94671.51,56.52,569.29,8.40,9.61,3.56,1.525,2.759,0.809,10.82,-8.35,0.73,0.000000,0.000000,797.97
21.63,94665.98,56.52,569.77,7.93,4.69,0.25,-1.589,-1.472,1.301,5.80,-7.87,0.28,0.000000,0.000000,798.52
21.66,94665.69,56.50,569.80,5.70,1.09,3.57,0.621,0.406,1.575,0.77,-5.96,2.09,0.000000,0.000000,799.06
21.66,94669.39,56.50,569.47,6.03,1.65,0.47,-2.424,-0.812,-0.004,2.28,-5.96,-1.08,0.000000,0.000000,799.60
21.57,94652.22,56.48,570.98,2.99,-0.13,2.70,0.715,0.240,0.814,0.77,-3.10,2.54,0.000000,0.000000,800.14
21.34,94619.75,56.45,573.84,4.41,-1.40,-0.57,-0.851,-0.302,-0.058,-1.24,-5.48,-0.63,0.000000,0.000000,800.69
20.20,94452.88,56.40,588.54,3.53,-3.64,6.50,0.471,-0.496,0.534,-2.75,-3.58,5.71,0.000000,0.000000,801.22
21.71,94673.33,56.46,569.13,6.43,-1.29,-4.33,0.710,-0.095,-0.269,-1.74,-5.48,-5.16,0.000000,0.000000,801.77
20.11,94439.34,56.39,589.73,4.35,-4.18,6.27,-0.541,0.162,-1.003,-3.25,-6.44,3.44,0.000000,0.000000,802.31
20.13,94440.67,56.38,589.61,8.09,-0.53,-4.71,1.954,-0.059,-2.679,0.77,-6.92,-4.71,0.000000,0.000000,802.85
20.20,94455.44,56.38,588.31,6.83,-1.59,8.56,-0.799,0.257,-2.586,-2.24,-8.35,7.52,0.000000,0.000000,803.39
22.11,94734.58,56.46,563.74,16.65,15.31,2.33,1.488,1.548,-1.538,15.35,-15.50,-1.99,0.000000,0.000000,803.93
20.10,94440.97,56.37,589.59,13.91,12.88,11.73,-1.474,0.984,-1.631,13.84,-15.02,9.33,0.000000,0.000000,804.48
22.19,94746.72,56.42,562.67,16.90,19.43,5.77,1.788,1.811,0.775,21.38,-17.41,4.80,0.000000,0.000000,805.02
22.15,94740.98,56.42,563.18,12.40,6.82,3.76,-2.137,-1.169,1.738,8.31,-13.11,-1.54,0.000000,0.000000,805.56
22.16,94741.29,56.41,563.15,10.11,3.51,3.33,0.846,0.618,3.112,4.29,-9.78,2.09,0.000000,0.000000,806.10
22.21,94748.97,56.41,562.48,6.95,1.07,0.31,-2.151,-1.075,1.918,2.28,-7.39,-0.63,0.000000,0.000000,806.64
22.15,94738.80,56.36,563.37,4.14,1.02,2.14,0.918,0.344,3.045,2.28,-3.58,2.09,0.000000,0.000000,807.18
22.28,94755.81,56.38,561.87,4.18,-1.23,1.75,-1.798,-0.174,0.330,-0.74,-4.53,1.18,0.000000,0.000000,807.72
22.24,94750.66,56.35,562.33,4.10,0.93,2.11,0.247,0.515,3.407,1.27,-4.05,-0.18,0.000000,0.000000,808.26
22.24,94754.36,56.34,562.00,4.68,-0.79,-0.87,-2.211,-0.772,0.880,0.27,-3.58,-0.63,0.000000,0.000000,808.81
22.13,94736.55,56.33,563.57,2.03,-0.76,3.24,0.373,-0.018,1.556,-1.24,-2.15,2.09,0.000000,0.000000,809.35
22.23,94751.36,56.33,562.27,3.57,-1.02,0.34,-1.216,-0.996,0.550,-0.74,-3.58,-1.08,0.000000,0.000000,809.89
22.26,94757.13,56.30,561.76,2.04,0.04,0.22,-0.239,0.054,2.089,1.27,-2.62,0.73,0.000000,0.000000,810.43
22.13,94736.83,56.28,563.54,1.54,-0.85,0.00,-1.155,-0.212,0.959,-0.74,-1.19,-1.08,0.000000,0.000000,810.97
22.00,94675.37,56.24,568.95,1.57,-1.10,0.35,0.827,0.140,1.955,-0.74,-0.72,0.28,0.000000,0.000000,811.51
22.24,94754.70,56.25,561.97,-1.36,-8.27,-2.62,-0.463,0.003,-0.240,-5.76,0.71,-2.44,0.000000,0.000000,812.05
22.27,94757.81,56.22,561.70,7.04,1.39,3.10,-1.486,0.286,7.766,3.29,-8.82,1.63,0.000000,0.000000,812.59
22.18,94742.12,56.20,563.08,13.99,12.19,3.01,1.725,0.339,-4.935,10.82,-15.50,0.28,0.000000,0.000000,813.13
22.13,94735.24,56.15,563.68,7.01,-9.18,-0.82,-0.260,0.196,3.024,-6.77,-7.39,-2.89,0.000000,0.000000,813.68
20.97,94563.16,56.06,578.82,9.86,-0.27,-0.12,0.581,-0.950,-0.405,0.27,-8.82,-0.63,0.000000,0.000000,814.22
21.53,94641.08,56.03,571.96,8.57,-0.28,1.29,-0.044,0.325,0.110,0.27,-8.35,0.28,0.000000,0.000000,814.76
21.29,94606.25,56.01,575.03,9.00,0.30,-0.78,-0.214,-0.052,0.276,0.77,-9.30,-1.99,0.000000,0.000000,815.30
21.62,94649.98,55.98,571.18,7.59,-0.24,1.34,0.243,0.137,-0.301,1.78,-7.39,4.35,0.000000,0.000000,815.84
22.32,94756.50,56.02,561.81,6.10,0.75,0.90,-2.228,0.018,7.804,8.31,-8.35,-0.18,0.000000,0.000000,816.38
22.71,94819.56,56.00,556.27,4.10,16.70,0.47,2.002,0.495,-8.071,12.33,-3.58,-1.54,0.000000,0.000000,816.92
22.63,94804.63,55.96,557.58,-1.49,-27.83,-1.40,-1.167,-0.427,2.703,-23.35,0.24,-1.54,0.000000,0.000000,817.48
21.33,94615.81,55.90,574.19,8.35,27.56,0.10,-0.423,-0.600,4.199,27.41,-6.44,-1.99,0.000000,0.000000,818.02
22.61,94801.36,55.91,557.87,-1.77,-24.74,-1.52,-0.910,-0.021,-0.872,-20.34,1.67,-0.18,0.000000,0.000000,818.56
21.31,94610.30,55.81,574.67,3.89,28.98,1.82,-0.792,-0.042,4.027,26.41,-4.05,-0.18,0.000000,0.000000,819.10
20.99,94561.97,55.75,578.93,10.71,2.90,-0.27,0.195,-0.191,1.737,4.79,-9.78,-2.89,0.000000,0.000000,819.64
20.79,94533.45,55.72,581.44,9.48,0.65,1.35,2.195,-0.826,0.467,0.77,-8.82,0.28,0.000000,0.000000,820.18
20.87,94544.28,55.71,580.48,8.46,-0.94,2.68,0.835,0.267,-0.140,-0.74,-7.87,0.28,0.000000,0.000000,820.72
20.64,94512.88,55.69,583.25,10.61,-1.72,2.57,0.359,-0.176,0.267,-1.24,-9.78,0.73,0.000000,0.000000,821.27
20.84,94539.91,55.66,580.87,10.12,1.39,2.20,-0.268,0.276,0.114,1.27,-11.21,1.18,0.000000,0.000000,821.81
20.64,94511.31,55.67,583.39,10.33,0.73,2.55,0.680,-0.028,0.324,0.77,-11.68,-0.18,0.000000,0.000000,822.35
20.80,94530.02,55.65,581.74,9.81,1.07,1.81,0.021,-0.099,-0.190,1.78,-9.30,1.63,0.000000,0.000000,822.89
21.45,94626.52,55.68,573.25,9.77,1.07,1.61,0.109,-0.061,-0.045,1.27,-10.25,-0.18,0.000000,0.000000,823.43
21.84,94682.14,55.69,568.35,9.95,0.77,1.87,-0.011,0.232,-0.226,2.28,-9.78,-1.54,0.000000,0.000000,823.97
22.17,94736.98,55.69,563.53,5.71,-5.75,0.41,-0.112,-0.474,3.979,-4.25,-6.44,-0.18,0.000000,0.000000,824.52
21.51,94640.77,55.68,571.99,2.80,-14.20,1.31,0.416,-1.480,-3.057,-12.30,-3.10,0.73,0.000000,0.000000,825.06
20.37,94469.88,55.61,587.04,10.29,14.98,0.89,1.118,0.176,-5.175,11.33,-12.64,-2.44,0.000000,0.000000,825.60
20.32,94461.11,55.59,587.81,10.47,9.82,5.71,-1.892,-0.508,4.591,10.82,-11.68,3.44,0.000000,0.000000,826.14
20.41,94474.35,55.56,586.64,9.06,-9.46,1.36,1.211,-0.611,-0.267,-7.27,-8.35,-1.08,0.000000,0.000000,826.68
20.42,94474.62,55.53,586.62,11.94,-3.66,3.66,-1.047,0.828,-1.265,-3.75,-11.68,2.09,0.000000,0.000000,827.22
21.02,94564.25,55.54,578.73,13.12,0.57,1.65,1.013,-0.164,0.769,1.27,-12.16,0.28,0.000000,0.000000,827.76
22.25,94756.38,55.57,561.82,11.97,0.29,4.82,-0.701,0.037,0.727,0.77,-14.07,2.99,0.000000,0.000000,828.30
21.96,94704.09,55.57,566.42,11.78,-0.83,3.21,0.661,0.120,0.789,-0.23,-10.73,2.09,0.000000,0.000000,828.85
22.24,94747.59,55.58,562.60,0.30,-16.80,-0.97,-0.548,-1.326,1.803,-10.29,-0.72,-3.35,0.000000,0.000000,829.39
22.12,94726.59,55.57,564.44,3.78,13.67,0.23,-0.256,0.229,0.104,8.31,-3.10,-1.54,0.000000,0.000000,829.93
20.99,94558.86,55.50,579.20,7.09,3.65,-0.31,1.826,-1.176,-0.316,4.79,-6.92,-1.08,0.000000,0.000000,830.47
21.70,94662.70,55.51,570.06,3.35,1.89,-7.42,0.601,-0.475,0.061,1.27,-2.15,-7.87,0.000000,0.000000,831.01
21.01,94563.94,55.47,578.75,3.75,0.95,-6.50,0.105,0.033,0.073,0.27,-2.15,-9.69,0.000000,0.000000,831.55
21.56,94638.61,55.48,572.18,5.22,1.44,-6.59,-0.370,0.446,0.553,2.28,-5.01,-7.42,0.000000,0.000000,832.09
21.96,94696.69,55.50,567.07,5.65,2.31,-1.80,-1.298,1.801,0.880,1.78,-4.53,-3.80,0.000000,0.000000,832.63
21.87,94688.02,55.49,567.83,6.13,1.14,0.79,-0.405,-0.405,-0.286,2.28,-5.48,0.73,0.000000,0.000000,833.18
22.13,94724.50,55.52,564.63,7.12,2.71,0.67,0.748,0.107,0.031,2.78,-7.39,-0.18,0.000000,0.000000,833.72
21.92,94696.98,55.52,567.05,3.59,-4.89,1.69,-1.038,-0.653,-1.368,-3.25,-3.10,0.73,0.000000,0.000000,834.26
22.08,94719.83,55.53,565.04,6.20,17.35,0.63,-0.776,0.736,5.825,13.34,-5.01,0.28,0.000000,0.000000,834.80
22.30,94749.47,55.53,562.43,2.11,-11.93,1.04,-0.482,-0.277,-3.541,-10.29,-2.62,0.73,0.000000,0.000000,835.35
22.18,94731.44,55.52,564.02,9.67,12.13,0.60,-0.436,1.046,4.888,12.33,-8.35,-0.63,0.000000,0.000000,835.88
22.36,94757.97,55.52,561.68,5.64,-10.67,1.90,-0.539,-0.561,-1.954,-8.78,-6.44,1.63,0.000000,0.000000,836.43
21.61,94644.94,55.48,571.62,8.70,10.69,1.22,-0.884,0.582,6.782,12.33,-10.25,-1.08,0.000000,0.000000,836.97
22.35,94754.25,55.48,562.01,5.44,-7.28,0.70,-0.220,-0.522,-1.680,-5.26,-4.53,1.63,0.000000,0.000000,837.51
21.06,94568.43,55.41,578.36,7.72,12.17,2.98,0.186,0.395,-4.025,12.33,-8.35,2.09,0.000000,0.000000,838.05
21.37,94605.88,55.42,575.06,7.52,5.37,3.30,-0.545,-0.458,1.219,6.80,-7.39,0.28,0.000000,0.000000,838.59
19.32,94306.77,55.33,601.42,5.40,2.27,6.97,-0.637,0.706,-0.208,2.28,-5.48,5.71,0.000000,0.000000,839.13
23.52,94935.50,55.55,546.09,2.40,1.30,6.78,0.258,0.107,0.282,1.78,-1.67,3.90,0.000000,0.000000,842.40
21.37,94613.27,55.46,574.41,2.56,0.55,5.82,-0.301,-0.221,-0.168,1.27,-2.62,5.71,0.000000,0.000000,842.95
19.42,94321.20,55.37,600.15,3.42,0.76,6.24,0.257,0.279,0.217,1.27,-5.01,7.07,0.000000,0.000000,843.49
21.26,94593.76,55.44,576.13,2.52,0.23,6.08,-0.104,-0.403,0.045,0.77,-2.62,6.16,0.000000,0.000000,844.03
21.77,94665.98,55.45,569.77,4.79,5.13,6.34,0.471,0.291,0.059,5.80,-5.01,4.80,0.000000,0.000000,844.57
22.10,94715.64,55.45,565.41,3.45,0.88,4.76,-2.094,0.606,-1.448,0.77,-4.05,2.09,0.000000,0.000000,845.11
19.47,94326.36,55.35,599.69,3.63,0.27,6.34,0.108,0.674,0.122,0.27,-4.05,6.16,0.000000,0.000000,845.65
19.52,94329.03,55.34,599.46,2.57,1.40,6.17,-0.668,0.006,-1.245,0.77,-3.58,4.35,0.000000,0.000000,846.20
19.53,94333.17,55.34,599.09,2.84,1.70,6.60,0.509,-0.155,0.235,2.28,-3.58,5.26,0.000000,0.000000,846.74
21.63,94643.20,55.43,571.78,9.09,5.14,-9.49,-1.572,-2.277,-0.705,6.30,-9.30,-8.78,0.000000,0.000000,847.28
21.79,94663.77,55.43,569.97,1.99,27.28,0.54,3.609,1.252,-7.712,22.39,-1.19,1.18,0.000000,0.000000,847.82
21.70,94653.40,55.42,570.88,4.60,-26.63,-1.51,2.543,0.346,-7.474,-28.38,-4.53,-1.99,0.000000,0.000000,848.36
20.37,94448.74,55.32,588.90,3.18,-31.58,-2.60,0.333,-0.149,-1.720,-24.36,-5.01,-3.35,0.000000,0.000000,848.91
20.44,94457.41,55.26,588.14,4.34,-14.38,0.80,-1.787,-1.263,7.585,-7.27,-6.44,0.28,0.000000,0.000000,849.45
20.29,94439.02,55.18,589.76,1.08,25.06,2.07,-1.288,-0.125,4.880,22.89,0.71,1.63,0.000000,0.000000,849.99
20.86,94521.04,55.16,582.53,5.81,2.51,0.87,3.385,0.476,-8.731,-8.27,-7.39,-1.08,0.000000,0.000000,850.53
20.79,94508.14,55.14,583.67,-2.61,-25.69,-3.72,-0.572,-1.005,0.808,-17.82,3.10,-1.54,0.000000,0.000000,851.07
19.72,94353.55,55.06,597.29,9.13,7.85,3.61,-0.286,0.110,2.685,7.31,-9.78,1.63,0.000000,0.000000,851.61
19.96,94386.34,55.03,594.40,7.99,0.29,2.14,-0.410,-0.358,-1.104,-0.23,-7.39,-0.63,0.000000,0.000000,852.15
21.32,94588.16,55.08,576.62,5.74,-0.44,1.21,0.907,0.025,0.128,-0.23,-5.01,0.73,0.000000,0.000000,852.69
22.04,94694.06,55.10,567.30,8.96,1.44,2.01,-0.497,0.102,0.465,1.27,-9.78,0.28,0.000000,0.000000,853.23
22.48,94764.19,55.10,561.14,6.48,2.09,0.45,1.410,0.013,-0.574,2.28,-5.01,0.73,0.000000,0.000000,853.77
21.14,94575.86,55.06,577.70,-5.00,0.06,16.55,-2.351,2.940,2.308,0.77,2.62,12.50,0.000000,0.000000,854.32
22.75,94799.22,55.13,558.06,10.01,-1.99,-19.42,-0.335,-2.418,-1.437,0.27,-7.39,-18.74,0.000000,0.000000,854.86
21.35,94587.55,55.08,576.67,-1.53,2.23,16.86,0.316,5.156,0.457,1.78,-2.15,12.95,0.000000,0.000000,855.40
19.71,94348.63,55.04,597.73,11.14,0.93,-20.42,0.416,-1.831,-0.090,1.27,-8.82,-16.48,0.000000,0.000000,855.95
22.55,94769.67,55.14,560.66,-4.15,1.68,25.28,-0.126,-2.605,0.216,2.78,0.71,20.20,0.000000,0.000000,856.48
20.00,94385.66,55.06,594.46,13.82,0.86,-20.69,0.433,4.109,0.098,1.78,-10.73,-19.65,0.000000,0.000000,857.03
19.60,94331.97,55.04,599.20,-3.77,-0.18,23.26,-1.595,-3.871,-0.713,-1.24,0.71,18.84,0.000000,0.000000,857.57
20.13,94410.44,55.08,592.28,9.06,-0.57,-15.66,0.438,3.547,0.533,-0.74,-5.48,-13.76,0.000000,0.000000,858.11
19.89,94374.03,55.08,595.49,3.62,0.87,6.52,-0.551,-8.298,-1.093,1.78,-4.53,7.52,0.000000,0.000000,858.65
19.58,94333.83,55.06,599.11,8.15,-3.99,0.91,-0.027,0.023,1.292,-3.75,-8.82,-0.18,0.000000,0.000000,859.19
18.52,94175.94,55.02,612.97,7.77,-2.28,-0.76,-0.565,-0.149,0.513,-2.24,-6.92,-0.63,0.000000,0.000000,859.73
19.36,94293.63,55.06,602.58,-5.42,-4.53,2.43,1.186,0.368,0.325,-3.75,5.01,2.54,0.000000,0.000000,860.27
20.07,94402.23,55.09,593.00,7.59,-9.28,-33.77,-7.029,-2.053,-0.143,-6.26,-2.62,-36.85,0.000000,0.000000,860.82
20.02,94395.12,55.07,593.63,-17.74,-12.55,2.12,0.499,-0.561,-0.388,-12.30,16.93,4.80,0.000000,0.000000,861.36
19.70,94348.03,55.06,597.78,27.48,-20.18,6.73,1.431,-0.836,-0.756,-19.33,-28.85,2.99,0.000000,0.000000,861.90
20.05,94330.67,55.08,599.31,-23.24,-22.64,2.32,1.999,1.122,0.673,-25.36,22.17,2.09,0.000000,0.000000,862.44
19.83,94365.59,55.07,596.23,24.89,-18.39,6.67,1.443,-0.030,-2.025,-18.33,-25.51,4.80,0.000000,0.000000,862.98
20.08,94324.88,55.06,599.82,-12.41,-10.77,1.76,-0.914,1.586,1.947,-14.31,12.64,5.26,0.000000,0.000000,863.52
20.03,94395.35,55.08,593.61,6.48,-7.46,-4.54,1.679,0.081,-3.281,-7.77,-5.01,-4.71,0.000000,0.000000,864.07
19.59,94331.00,55.07,599.28,-5.22,-5.50,2.22,-0.541,0.891,2.144,-5.76,4.05,3.90,0.000000,0.000000,864.60
19.84,94368.91,55.08,595.94,12.76,-7.65,-1.69,1.702,-0.026,-2.250,-8.27,-13.11,-3.80,0.000000,0.000000,865.15
20.02,94394.73,55.06,593.66,-19.34,-18.67,2.47,0.750,1.065,0.448,-18.83,18.36,4.80,0.000000,0.000000,865.69
19.57,94326.31,55.05,599.70,-0.30,-3.32,-0.06,-3.958,0.510,1.661,-4.25,0.24,-0.63,0.000000,0.000000,866.23
20.14,94409.45,55.06,592.36,-2.66,0.52,8.30,-8.731,0.421,-1.327,1.78,2.15,12.95,0.000000,0.000000,866.77
19.93,94378.55,55.04,595.09,-4.14,8.14,19.78,-6.804,-0.238,-0.979,10.82,0.24,19.74,0.000000,0.000000,867.31
20.09,94402.73,55.05,592.96,-1.10,-4.16,4.09,8.731,1.060,0.127,-5.26,1.19,2.54,0.000000,0.000000,867.85
20.23,94424.48,55.06,591.04,3.40,-11.42,-29.13,-4.866,-1.288,-0.177,-9.28,2.15,-27.34,0.000000,0.000000,868.40
20.25,94426.38,55.05,590.87,-1.31,2.13,9.86,-7.682,0.122,-1.532,3.29,-0.72,9.33,0.000000,0.000000,868.93
19.93,94377.66,55.02,595.17,-3.55,7.50,23.10,-0.989,-0.218,-0.724,8.31,0.71,24.27,0.000000,0.000000,869.48
19.99,94386.36,55.02,594.40,-2.38,3.69,15.05,1.254,0.608,0.290,2.78,0.71,13.86,0.000000,0.000000,870.01
20.07,94399.01,55.01,593.29,3.70,-10.54,-0.29,0.410,0.978,0.370,-10.29,-2.62,0.73,0.000000,0.000000,870.57
19.99,94384.89,55.02,594.53,-7.15,-4.38,-0.59,-2.890,0.881,0.020,-3.75,7.39,2.09,0.000000,0.000000,871.11
20.16,94409.39,55.00,592.37,-4.70,-7.12,1.25,0.132,-0.820,-2.449,-5.26,3.58,-0.18,0.000000,0.000000,871.65
19.94,94375.61,54.99,595.35,6.37,-7.31,-2.72,-3.201,0.779,1.686,-6.26,-4.05,-4.25,0.000000,0.000000,872.19
20.27,94424.09,54.99,591.07,-5.12,-7.41,-2.20,-0.267,-0.286,-1.375,-7.27,5.48,-1.99,0.000000,0.000000,872.74
19.99,94381.03,54.98,594.87,6.66,-14.83,-15.08,6.316,-0.766,0.777,-15.81,-3.58,-17.38,0.000000,0.000000,873.28
20.22,94417.76,54.98,591.63,6.91,-7.14,-5.48,-1.501,0.345,-1.487,-6.26,-5.96,-6.97,0.000000,0.000000,873.82
19.81,94357.64,54.95,596.93,9.78,-2.09,-0.35,-0.362,0.655,-0.203,-1.74,-9.30,-1.54,0.000000,0.000000,874.36
20.06,94392.73,54.96,593.84,7.68,-0.60,-0.38,-0.225,0.359,0.252,-0.74,-6.92,-3.35,0.000000,0.000000,874.90
19.84,94361.20,54.95,596.62,9.83,-2.40,1.06,0.199,0.373,-0.060,-1.74,-9.78,-1.08,0.000000,0.000000,875.44
20.09,94394.39,54.95,593.69,9.99,-1.80,0.14,0.606,-0.731,-0.310,-1.74,-8.82,-2.44,0.000000,0.000000,875.98
19.82,94357.61,54.94,596.94,8.05,-2.35,-0.20,0.206,0.115,-0.066,-2.75,-6.92,-1.54,0.000000,0.000000,876.53
20.03,94387.42,54.95,594.31,6.23,-2.84,-7.48,-0.549,-2.601,1.611,-3.25,-5.48,-6.52,0.000000,0.000000,877.07
20.61,94472.72,54.96,586.79,-0.33,-5.68,0.59,2.142,-0.102,0.482,-6.26,1.19,-1.99,0.000000,0.000000,877.61
20.70,94490.58,54.96,585.21,-2.60,2.77,16.44,-0.567,-0.037,0.908,2.78,1.19,15.22,0.000000,0.000000,878.15
21.01,94533.45,54.99,581.44,2.20,-5.58,-18.77,-8.731,-1.709,-0.220,-3.25,-0.72,-16.93,0.000000,0.000000,878.69
20.91,94523.31,54.97,582.33,1.22,-10.03,-5.31,6.233,0.402,0.550,-11.29,1.19,-7.42,0.000000,0.000000,879.23
21.02,94534.73,54.99,581.32,-3.35,-0.04,14.60,4.560,-0.242,0.503,-1.24,1.19,12.95,0.000000,0.000000,879.77
20.92,94522.41,54.99,582.41,-13.72,-8.06,5.05,-0.558,-0.589,0.039,-7.77,12.64,7.07,0.000000,0.000000,880.32
20.91,94517.52,54.99,582.84,-3.57,-8.51,-6.92,0.477,-1.254,2.226,-10.79,6.44,-5.61,0.000000,0.000000,880.86
20.87,94511.08,54.98,583.41,23.73,-15.71,1.57,-2.007,-1.131,0.550,-15.31,-24.56,-1.08,0.000000,0.000000,881.40
21.13,94551.94,54.99,579.81,4.13,-7.71,-0.23,-0.565,0.591,-2.792,-7.77,-3.58,-1.99,0.000000,0.000000,881.94
21.11,94549.56,54.99,580.02,0.96,-5.39,-5.45,-0.612,-0.354,-0.709,-4.76,-0.24,-6.06,0.000000,0.000000,882.48
21.21,94564.71,54.98,578.69,-15.32,-10.60,-1.57,0.530,-0.574,-1.219,-9.28,14.54,1.18,0.000000,0.000000,883.03
20.99,94531.56,54.97,581.60,-5.59,-5.60,-4.59,0.373,-0.287,-0.147,-5.26,6.44,-5.61,0.000000,0.000000,883.57
20.86,94513.74,54.97,583.17,1.41,-7.86,-11.64,7.795,0.491,0.887,-7.77,1.67,-12.85,0.000000,0.000000,884.11
20.99,94531.20,54.98,581.64,-3.20,2.53,4.68,7.085,1.212,-0.174,2.28,2.62,3.44,0.000000,0.000000,884.64
20.95,94526.18,54.95,582.08,2.61,-20.14,-29.98,-1.470,0.298,0.123,-23.86,1.67,-25.53,0.000000,0.000000,885.19
21.10,94549.41,54.94,580.03,0.14,-5.70,0.22,6.339,1.149,0.699,-7.27,-0.24,0.28,0.000000,0.000000,885.73
21.15,94554.33,54.94,579.60,-0.75,0.19,-0.88,-8.731,-0.397,-1.804,1.78,1.67,-1.08,0.000000,0.000000,886.27
21.15,94553.10,54.93,579.71,1.90,-6.61,-5.80,0.912,-0.029,0.076,-6.26,-0.72,-6.06,0.000000,0.000000,886.82
21.17,94557.97,54.92,579.28,3.38,-4.80,-9.28,0.240,0.010,0.071,-5.26,-2.62,-9.69,0.000000,0.000000,887.35
21.90,94665.99,54.94,569.77,8.75,-1.19,-3.98,0.564,2.876,-3.534,-1.24,-6.92,-6.52,0.000000,0.000000,887.90
22.30,94722.42,54.95,564.81,3.14,9.09,0.43,-0.226,0.893,-0.742,9.32,-2.15,-0.63,0.000000,0.000000,888.44
22.55,94759.91,54.96,561.51,2.55,7.35,-2.34,1.182,-2.881,2.233,7.81,-1.67,-4.25,0.000000,0.000000,888.98
22.46,94744.67,54.97,562.85,0.80,8.22,-5.74,-0.420,-1.816,-0.049,8.31,1.67,-7.87,0.000000,0.000000,889.52
22.55,94757.21,54.97,561.75,1.49,6.07,-7.93,0.236,0.035,-0.132,6.80,0.71,-7.87,0.000000,0.000000,890.06
20.24,94412.50,54.88,592.10,2.03,3.70,-9.38,1.317,0.149,-0.280,4.79,-1.67,-11.04,0.000000,0.000000,890.60
20.22,94410.91,54.88,592.24,1.26,-0.26,-10.19,2.867,0.246,0.001,1.78,0.71,-9.23,0.000000,0.000000,891.14
20.26,94414.41,54.86,591.93,1.71,2.86,-9.71,-0.004,-0.091,-0.027,3.29,-0.24,-9.23,0.000000,0.000000,891.69
22.03,94675.88,54.93,568.90,2.34,2.69,-8.84,-0.077,-0.004,-0.508,4.29,-0.72,-8.33,0.000000,0.000000,892.23
20.02,94382.92,54.86,594.70,0.08,-7.68,3.42,-4.731,1.450,-1.315,-8.78,0.24,1.18,0.000000,0.000000,892.77
20.06,94388.87,54.86,594.18,2.26,-12.13,-4.46,-7.424,0.605,-1.497,-19.33,-1.19,-5.61,0.000000,0.000000,893.31
22.00,94675.47,54.93,568.94,1.84,1.06,-1.22,-7.333,0.712,-2.113,-3.25,-0.24,-3.80,0.000000,0.000000,893.85
20.00,94691.05,54.94,567.57,0.39,24.57,6.84,-4.974,0.905,-0.977,20.37,0.24,4.80,0.000000,0.000000,894.39
21.88,94651.80,54.94,571.02,-4.06,23.13,16.39,-3.686,0.540,-1.538,23.89,2.62,13.40,0.000000,0.000000,894.95
22.48,94740.71,54.97,563.20,-2.19,20.70,16.02,-2.411,-0.043,-0.644,21.88,1.67,13.40,0.000000,0.000000,895.48
22.21,94703.32,54.95,566.49,-2.40,17.83,19.18,-3.462,0.383,-0.862,17.36,0.71,17.48,0.000000,0.000000,896.02
22.13,94688.80,54.94,567.77,-0.83,18.39,16.29,-3.535,0.314,-1.034,19.37,0.71,13.40,0.000000,0.000000,896.56
22.02,94671.28,54.91,569.31,0.95,20.22,13.27,-1.306,-0.037,-0.477,21.38,-3.10,11.14,0.000000,0.000000,897.10
22.60,94760.88,54.93,561.43,-0.93,14.83,16.32,3.382,-0.024,0.111,18.36,0.24,14.31,0.000000,0.000000,897.64
22.31,94717.55,54.90,565.24,0.62,9.40,12.05,6.212,-1.861,-0.222,10.82,-2.15,11.14,0.000000,0.000000,898.18
22.39,94729.14,54.88,564.22,-1.87,12.43,14.46,3.929,-0.382,0.069,14.34,0.71,14.76,0.000000,0.000000,898.72
21.96,94454.30,54.79,569.26,2.08,-7.62,-1.22,-4.900,3.059,-3.534,-6.26,-1.67,-1.08,0.000000,0.000000,899.27
22.36,94726.92,54.81,564.41,17.53,-0.73,0.32,1.463,0.092,0.758,-0.23,-16.93,-2.44,0.000000,0.000000,899.81
19.69,94325.95,54.71,599.73,0.18,-0.88,-1.58,2.292,-4.119,2.247,-1.24,0.24,-1.99,0.000000,0.000000,900.35
22.10,94683.13,54.78,568.26,-10.40,0.18,6.95,-0.250,1.901,-0.125,0.27,8.82,7.97,0.000000,0.000000,900.89
19.46,94293.79,54.66,602.57,0.53,-4.48,-1.76,5.099,2.829,-0.432,-5.76,-0.24,-2.44,0.000000,0.000000,901.43
22.62,94762.57,54.76,561.28,11.33,0.41,1.18,-0.443,-0.171,-0.181,0.27,-11.21,-1.54,0.000000,0.000000,901.98
23.71,94920.30,54.79,547.43,3.99,-4.00,0.32,-1.201,-0.789,1.982,-4.76,-4.53,-0.63,0.000000,0.000000,902.51
23.09,94832.48,54.76,555.14,5.38,-8.28,-1.22,1.346,-0.462,0.191,-8.27,-4.53,-3.80,0.000000,0.000000,903.06
21.14,94540.48,54.70,580.82,1.47,-6.61,-0.09,3.479,0.201,-4.211,-6.26,-0.72,-0.18,0.000000,0.000000,903.60
19.82,94344.11,54.63,598.13,9.71,0.85,1.65,-0.399,-0.587,0.092,0.77,-9.30,-0.63,0.000000,0.000000,904.14
19.88,94346.97,54.61,597.87,9.82,-0.19,0.45,0.053,0.014,-0.018,0.27,-8.82,-0.63,0.000000,0.000000,904.68
19.77,94331.00,54.58,599.28,9.80,-0.38,1.10,-0.049,-0.257,-0.002,0.27,-9.78,-0.18,0.000000,0.000000,905.22
19.85,94339.00,54.57,598.58,9.87,-0.35,1.03,-0.019,-0.030,0.028,-0.23,-10.73,-1.54,0.000000,0.000000,905.76
19.69,94315.56,54.54,600.64,9.72,-0.46,0.95,0.053,-0.081,0.013,0.27,-9.30,0.28,0.000000,0.000000,906.30
19.98,94356.44,54.54,597.04,9.74,-0.66,0.80,0.016,-0.078,-0.049,-0.74,-9.78,-1.08,0.000000,0.000000,906.85
19.83,94336.09,54.53,598.83,9.67,-0.29,1.01,-0.055,0.053,0.029,0.27,-8.82,0.28,0.000000,0.000000,907.38
19.90,94342.74,54.52,598.25,9.86,-0.40,1.00,0.073,0.115,-0.148,-0.74,-9.78,-0.63,0.000000,0.000000,907.93
21.54,94588.69,54.58,576.57,0.67,0.17,12.64,0.699,2.425,1.980,-1.24,-1.67,10.24,0.000000,0.000000,908.47
20.90,94497.46,54.56,584.61,-1.80,0.03,9.13,-0.263,0.414,0.063,1.27,0.71,9.33,0.000000,0.000000,909.01
22.28,94692.66,54.64,566.62,-1.81,-0.33,9.69,0.015,-0.044,-0.065,-0.23,0.71,8.42,0.000000,0.000000,909.55
22.03,94665.66,54.63,569.80,-1.99,-0.28,9.60,0.012,-0.067,0.001,0.27,1.67,7.97,0.000000,0.000000,910.09
22.12,94680.03,54.65,568.54,-1.97,-0.31,9.56,-0.005,-0.045,-0.030,-0.23,0.71,8.88,0.000000,0.000000,910.63
21.99,94663.72,54.64,569.97,-2.08,-0.22,9.58,-0.021,-0.082,-0.034,-0.74,1.67,8.88,0.000000,0.000000,911.18
21.48,94585.82,54.62,576.83,-1.94,-0.18,9.62,-0.053,-0.009,-0.026,0.27,1.67,9.33,0.000000,0.000000,911.72
21.45,94577.50,54.62,577.56,-0.98,0.72,9.61,0.030,-0.109,0.011,0.77,-0.72,8.88,0.000000,0.000000,912.26
21.40,94572.73,54.63,577.98,-1.33,0.24,9.61,-0.065,-0.040,-0.059,0.27,0.71,7.52,0.000000,0.000000,912.80
21.26,94552.25,54.63,579.78,-1.36,0.17,9.62,-0.013,-0.042,-0.033,-0.23,-0.72,8.88,0.000000,0.000000,913.34
21.31,94560.84,54.64,579.03,-1.24,0.29,9.53,0.202,-0.098,-0.022,0.27,0.71,7.52,0.000000,0.000000,913.88
20.94,94503.61,54.62,584.07,-1.49,0.36,9.59,0.003,-0.034,-0.024,0.77,0.71,9.33,0.000000,0.000000,914.43
21.12,94529.67,54.64,581.77,-1.65,0.26,9.59,-0.027,-0.103,0.024,0.77,0.24,9.33,0.000000,0.000000,914.96
20.89,94495.81,54.63,584.75,-1.51,0.39,9.62,0.123,-0.089,0.033,0.77,0.71,8.42,0.000000,0.000000,915.50
20.86,94488.63,54.64,585.39,-2.26,0.56,8.81,-0.164,-1.002,-0.188,1.27,1.19,8.42,0.000000,0.000000,916.05
21.46,94576.66,54.64,577.63,0.28,-1.46,9.55,0.395,1.915,0.892,-1.74,-0.24,8.42,0.000000,0.000000,916.59
20.89,94494.76,54.66,584.85,-2.43,-0.08,11.85,0.211,-0.145,0.550,0.27,1.19,11.14,0.000000,0.000000,917.13
20.81,94481.55,54.67,586.01,-2.14,-0.60,9.83,-0.129,0.119,0.072,-0.74,0.71,9.33,0.000000,0.000000,917.67
20.60,94449.54,54.64,588.83,-1.72,-0.44,9.71,0.105,-0.198,-0.100,-0.74,-0.24,7.97,0.000000,0.000000,918.22
20.77,94474.86,54.67,586.60,-1.31,-0.33,9.54,0.054,-0.057,-0.047,-0.23,0.71,9.78,0.000000,0.000000,918.76
20.43,94425.34,54.65,590.96,-1.38,-0.14,9.70,-0.004,-0.091,-0.082,0.27,-0.72,7.97,0.000000,0.000000,919.30
20.77,94475.16,54.66,586.57,-1.38,0.11,9.69,0.051,-0.085,-0.144,0.27,-0.24,7.97,0.000000,0.000000,919.84
20.54,94443.16,54.66,589.39,-1.23,-0.12,9.74,0.069,-0.117,-0.168,-0.74,1.19,8.88,0.000000,0.000000,920.38
20.78,94478.20,54.67,586.30,-1.20,-0.30,9.63,0.042,-0.022,-0.029,-0.23,0.71,7.52,0.000000,0.000000,920.93
20.53,94438.78,54.68,589.78,-1.33,-0.27,9.67,0.009,-0.070,-0.004,0.77,0.71,9.33,0.000000,0.000000,921.47
20.58,94446.00,54.67,589.14,-1.29,-0.21,9.68,-0.033,-0.067,-0.035,-0.23,-0.72,8.42,0.000000,0.000000,922.01
20.53,94438.59,54.69,589.80,-1.35,-0.47,9.66,0.026,-0.069,0.056,-0.23,0.24,9.78,0.000000,0.000000,922.55
20.62,94452.43,54.70,588.58,-1.53,-0.14,9.57,-0.021,0.074,-0.225,0.27,0.24,9.33,0.000000,0.000000,923.10
20.63,94449.86,54.70,588.80,-1.52,-0.11,9.73,-0.035,-0.030,0.012,-0.23,0.24,8.88,0.000000,0.000000,923.64
20.64,94453.02,54.70,588.52,-1.45,-0.06,9.67,-0.028,-0.034,-0.058,0.27,0.71,8.88,0.000000,0.000000,924.18
20.90,94492.39,54.71,585.05,-1.64,-0.27,9.70,-0.029,-0.053,-0.092,0.27,0.71,8.88,0.000000,0.000000,924.72
20.69,94458.13,54.71,588.07,-1.33,-0.05,9.76,-0.028,-0.088,-0.111,-0.23,1.19,7.52,0.000000,0.000000,925.26
20.85,94482.54,54.72,585.92,-1.23,-0.27,9.67,0.038,-0.008,-0.077,0.27,0.24,9.78,0.000000,0.000000,925.80
20.47,94427.66,54.70,590.76,-1.07,0.08,9.59,0.051,-0.056,0.085,-0.23,1.19,9.78,0.000000,0.000000,926.34
20.79,94474.77,54.71,586.61,-1.12,0.13,9.73,-0.051,-0.088,-0.011,0.77,0.71,9.33,0.000000,0.000000,926.89
20.42,94418.23,54.71,591.59,-0.65,-0.40,9.63,-0.135,0.071,0.037,-0.23,0.71,9.33,0.000000,0.000000,927.43
20.82,94479.27,54.74,586.21,-0.96,-0.07,9.37,-0.060,-0.160,-0.289,0.27,0.24,8.42,0.000000,0.000000,927.97
20.36,94408.79,54.71,592.42,-1.07,0.04,9.59,0.035,-0.193,-0.047,0.77,0.24,9.78,0.000000,0.000000,928.51
20.45,94421.59,54.72,591.29,-1.14,-0.23,9.74,0.006,-0.117,-0.018,-0.23,0.24,8.42,0.000000,0.000000,929.05
20.37,94411.16,54.72,592.21,-0.91,-0.14,9.83,-0.025,-0.158,-0.019,0.77,-0.24,9.33,0.000000,0.000000,929.59
20.36,94407.45,54.71,592.54,-1.33,-0.58,9.59,0.109,-0.070,-0.024,-1.24,0.24,8.42,0.000000,0.000000,930.14
21.23,94537.17,54.75,581.11,-0.99,0.19,9.99,-0.109,0.021,-0.042,-0.23,-0.72,9.78,0.000000,0.000000,930.68
21.04,94511.06,54.75,583.41,-1.26,0.01,9.42,0.333,-0.140,0.192,0.27,0.71,9.33,0.000000,0.000000,931.22
22.03,94658.81,54.80,570.40,-1.51,-0.31,9.71,-0.092,-0.344,0.063,-0.23,0.24,8.42,0.000000,0.000000,931.76
21.83,94631.13,54.80,572.84,-1.48,-0.26,9.61,-0.008,-0.091,0.131,-0.23,0.71,8.88,0.000000,0.000000,932.30
21.99,94657.06,54.81,570.56,0.89,1.37,10.17,0.853,-1.722,1.406,1.27,-1.67,9.78,0.000000,0.000000,932.84
20.55,94439.48,54.77,589.72,7.82,-1.39,5.77,-0.043,0.226,0.643,-1.24,-10.25,3.90,0.000000,0.000000,933.39
22.21,94686.48,54.85,567.97,7.35,-2.68,5.26,-1.959,-1.052,0.692,-2.24,-6.92,2.54,0.000000,0.000000,933.93
18.01,94060.84,54.67,623.14,7.99,-7.43,0.09,-2.729,-1.816,0.439,-6.77,-6.92,-1.54,0.000000,0.000000,934.47
18.04,94044.27,54.62,624.61,6.45,-4.93,-6.29,0.006,0.057,-0.209,-5.26,-5.48,-8.33,0.000000,0.000000,935.01
23.82,94896.92,54.78,549.48,6.18,-2.18,-6.88,-2.384,-0.081,0.483,-1.24,-4.53,-6.97,0.000000,0.000000,935.55
20.17,94373.09,54.64,595.57,5.78,1.95,-8.33,0.820,0.208,-0.139,1.27,-5.01,-9.23,0.000000,0.000000,936.09
19.11,94214.69,54.62,609.55,6.22,3.04,6.45,-0.264,0.022,-0.512,3.79,-6.44,2.99,0.000000,0.000000,936.63
20.94,94483.63,54.68,585.83,3.23,-6.49,2.41,-8.731,0.462,1.108,-5.26,-3.10,0.73,0.000000,0.000000,937.17
20.48,94415.55,54.67,591.83,4.78,-1.94,-8.54,2.891,0.840,0.451,-1.74,-3.58,-9.23,0.000000,0.000000,937.72
19.34,94249.53,54.64,606.47,7.82,-4.94,-2.44,3.429,-0.790,-0.716,-4.25,-6.92,-3.35,0.000000,0.000000,938.26
22.31,94689.39,54.76,567.71,7.25,-6.03,-1.15,0.269,-0.203,-0.097,-5.26,-8.35,-2.44,0.000000,0.000000,938.80
22.08,94663.03,54.76,570.03,6.83,-6.58,-1.92,0.131,0.146,-0.014,-6.26,-5.96,-2.44,0.000000,0.000000,939.34
20.94,94491.69,54.73,585.12,7.03,-6.81,-0.82,0.762,1.215,-0.266,-6.77,-7.39,-2.89,0.000000,0.000000,939.88
19.15,94228.81,54.66,608.30,9.37,0.47,4.58,-0.111,0.090,-0.164,0.77,-8.82,2.09,0.000000,0.000000,940.42
18.98,94196.16,54.64,611.19,8.84,0.25,4.35,0.163,0.003,0.167,-0.23,-9.30,2.54,0.000000,0.000000,940.96
20.87,94474.70,54.70,586.61,7.82,-3.00,4.92,-0.105,0.117,-0.047,-2.24,-8.35,2.99,0.000000,0.000000,941.50
21.13,94517.50,54.70,582.84,7.77,0.05,5.95,1.397,-0.490,0.807,1.27,-7.87,4.80,0.000000,0.000000,942.04
21.62,94589.72,54.72,576.48,9.73,0.72,3.19,3.301,0.173,0.932,0.77,-10.25,0.28,0.000000,0.000000,942.58
19.99,94348.41,54.65,597.75,10.39,0.15,2.43,0.468,-0.041,-0.113,0.77,-9.78,0.28,0.000000,0.000000,943.13
20.07,94360.52,54.65,596.68,8.82,1.48,2.81,-2.129,0.303,-0.089,1.78,-9.78,1.63,0.000000,0.000000,943.67
22.23,94685.05,54.73,568.10,10.30,0.74,2.16,-0.062,-0.572,0.497,0.77,-9.30,-0.63,0.000000,0.000000,944.21
22.36,94701.80,54.74,566.62,10.04,0.07,1.26,-0.173,-0.093,-0.089,0.77,-9.78,0.73,0.000000,0.000000,944.75
22.38,94701.66,54.74,566.64,7.57,0.29,2.02,-2.916,0.531,-0.177,0.77,-6.92,0.28,0.000000,0.000000,945.29
21.97,94642.66,54.69,571.83,10.02,-2.63,2.05,-2.202,0.274,-0.702,-1.74,-8.82,0.28,0.000000,0.000000,945.84
20.18,94373.23,54.63,595.56,8.33,-2.03,2.14,-3.574,-0.391,0.591,-2.24,-7.87,0.73,0.000000,0.000000,946.37
22.34,94690.14,54.69,567.65,5.43,7.42,-3.77,-4.763,0.324,-0.753,7.81,-4.05,-6.06,0.000000,0.000000,946.92
22.14,94663.81,54.67,569.96,6.69,-4.03,-6.89,6.877,1.214,-0.209,-2.75,-5.48,-6.97,0.000000,0.000000,947.46
21.64,94590.26,54.65,576.44,7.95,-5.28,2.15,-4.846,-1.035,0.598,-5.26,-8.35,1.18,0.000000,0.000000,948.00
20.86,94472.39,54.62,586.82,5.91,3.84,-7.18,-3.471,-0.135,-0.766,4.29,-4.05,-7.87,0.000000,0.000000,948.54
20.24,94379.84,54.60,594.98,5.90,7.66,0.29,-0.453,-0.113,-0.052,7.81,-5.96,-1.54,0.000000,0.000000,949.08
20.29,94387.51,54.60,594.30,5.74,7.51,1.44,0.479,-0.408,0.085,8.81,-7.39,0.28,0.000000,0.000000,949.62
22.19,94669.81,54.67,569.44,7.06,5.51,-2.26,0.329,-0.924,0.277,6.80,-5.48,-2.89,0.000000,0.000000,950.16
21.28,94536.66,54.64,581.16,6.76,4.94,-2.89,2.116,-0.606,0.544,5.80,-7.39,-3.80,0.000000,0.000000,950.70
21.72,94608.52,54.68,574.83,6.15,8.99,-7.19,-0.603,0.474,-0.187,10.32,-4.53,-7.42,0.000000,0.000000,951.25
23.19,94821.77,54.74,556.08,-6.93,5.84,-4.97,1.127,-3.642,0.313,5.80,6.44,-4.25,0.000000,0.000000,951.79
22.12,94660.68,54.71,570.24,-5.21,-8.15,-0.66,1.921,0.502,-5.546,-7.27,5.96,-2.44,0.000000,0.000000,952.33
21.70,94621.35,54.71,575.63,10.23,-1.19,-0.55,0.751,0.596,-0.302,-1.74,-9.30,-1.08,0.000000,0.000000,952.87
19.09,94214.62,54.60,609.56,8.71,0.10,0.57,0.815,0.246,-0.137,-0.23,-8.82,-1.99,0.000000,0.000000,953.41
18.24,94083.39,54.56,621.15,8.91,-0.58,0.55,0.411,0.247,0.270,-0.23,-7.87,-1.99,0.000000,0.000000,953.95
18.24,94081.22,54.55,621.34,9.10,-0.73,2.49,0.729,0.618,-0.189,-1.24,-9.30,0.73,0.000000,0.000000,954.49
19.16,94215.17,54.56,609.51,3.02,-1.20,9.13,1.079,1.402,0.610,-1.24,-3.58,2.99,0.000000,0.000000,955.03
20.14,94360.26,54.58,596.70,-6.50,-1.28,5.47,-0.464,4.731,-0.179,-1.24,5.96,6.16,0.000000,0.000000,955.58
20.48,94410.77,54.59,592.25,-8.71,-1.81,-1.43,-0.109,-0.692,-0.270,-1.74,7.87,-0.63,0.000000,0.000000,956.12
20.25,94376.00,54.59,595.31,-9.47,-0.88,-1.66,0.280,-0.110,0.279,-1.24,9.78,-0.18,0.000000,0.000000,956.66
20.49,94410.98,54.58,592.23,-9.15,0.81,-1.69,0.230,-0.338,0.697,0.77,8.82,0.73,0.000000,0.000000,957.20
20.57,94422.98,54.59,591.17,-9.32,1.50,-1.30,0.612,-0.047,0.114,0.77,8.82,-1.08,0.000000,0.000000,957.74
20.26,94379.69,54.58,594.99,-9.50,-0.52,2.02,-1.214,-0.740,-0.727,-0.74,8.82,3.90,0.000000,0.000000,958.29
20.38,94393.80,54.58,593.74,-7.68,0.10,2.99,-0.498,-0.686,0.392,0.27,6.91,3.90,0.000000,0.000000,958.83
20.15,94364.61,54.59,596.32,2.08,-6.28,9.15,0.073,-3.849,-3.360,-6.26,-3.10,7.97,0.000000,0.000000,959.37
17.75,94002.50,54.48,628.30,9.73,-1.96,1.70,-0.611,0.226,0.414,-1.74,-10.73,-0.18,0.000000,0.000000,959.91
21.69,94574.22,54.61,577.85,9.37,0.04,1.21,0.259,0.257,-0.434,0.27,-8.82,-1.08,0.000000,0.000000,960.45
22.09,94649.04,54.66,571.26,8.01,0.26,3.49,-0.554,-0.417,0.687,0.27,-7.87,2.09,0.000000,0.000000,960.99
21.75,94634.46,54.68,572.55,9.57,-2.46,2.32,1.018,-0.160,-0.161,-2.24,-9.30,-0.63,0.000000,0.000000,961.54
21.38,94548.25,54.67,580.14,5.87,0.08,7.16,0.468,1.767,-0.661,1.27,-5.96,6.16,0.000000,0.000000,962.07
20.94,94479.25,54.65,586.21,2.13,1.90,9.28,1.020,2.293,-0.079,2.28,-3.10,7.97,0.000000,0.000000,962.61
23.34,94833.86,54.74,555.02,-4.00,6.27,8.06,1.834,0.536,1.274,6.30,3.58,7.52,0.000000,0.000000,963.15
21.30,94533.07,54.67,581.47,3.46,9.62,-4.09,5.445,-2.177,0.393,11.33,-2.62,-3.35,0.000000,0.000000,963.70
20.61,94426.48,54.65,590.86,2.55,9.69,-1.91,-6.609,-0.380,-2.072,9.82,-2.15,-4.25,0.000000,0.000000,964.24
22.29,94676.28,54.69,568.87,2.59,-3.10,9.00,-1.607,0.395,-1.266,-2.75,-3.10,8.42,0.000000,0.000000,964.78
19.57,94274.66,54.61,604.25,5.69,3.20,-9.07,3.462,-1.310,-0.432,3.79,-5.01,-10.59,0.000000,0.000000,965.33
22.39,94685.45,54.71,568.06,3.88,2.71,7.00,1.511,2.095,0.269,3.29,-3.58,6.61,0.000000,0.000000,965.86
20.04,94343.13,54.63,598.21,2.59,5.21,-8.31,-0.649,-0.138,0.586,5.30,-0.24,-7.87,0.000000,0.000000,966.41
20.82,94456.34,54.65,588.23,1.15,2.61,-9.83,-0.103,-0.059,0.087,2.78,-1.19,-11.50,0.000000,0.000000,966.95
20.51,94410.81,54.64,592.24,1.43,2.45,-8.88,0.142,-0.450,0.180,2.78,0.24,-9.23,0.000000,0.000000,967.49
20.69,94434.96,54.63,590.12,1.79,2.27,-9.21,0.132,-0.095,0.018,2.28,-0.24,-9.69,0.000000,0.000000,968.03
20.85,94472.70,54.65,587.97,2.93,2.07,-10.71,0.170,-0.329,0.556,2.78,-0.24,-11.95,0.000000,0.000000,968.57
18.66,94134.61,54.56,616.62,1.32,1.82,-8.96,0.302,-0.388,2.364,2.78,0.24,-9.23,0.000000,0.000000,969.11
18.50,94108.07,54.54,618.97,4.28,0.68,-9.23,-0.552,0.253,0.682,1.27,-2.62,-11.95,0.000000,0.000000,969.65
17.54,93962.20,54.47,631.87,5.65,5.87,-4.56,-2.499,-1.603,-2.776,6.30,-4.05,-6.06,0.000000,0.000000,970.20
21.05,94478.25,54.62,586.30,-9.36,2.62,-4.94,2.669,-1.245,-2.077,3.29,9.30,-4.71,0.000000,0.000000,970.74
21.68,94582.19,54.64,577.15,-3.21,-8.95,0.90,0.299,0.035,-4.054,-7.77,3.58,1.18,0.000000,0.000000,971.29
20.36,94388.20,54.62,594.24,9.77,-3.62,0.19,-2.380,0.330,-2.606,-3.75,-10.25,-2.44,0.000000,0.000000,971.83
21.19,94513.93,54.67,583.16,9.63,0.72,-1.67,-1.835,-2.786,-0.129,0.77,-8.82,-4.25,0.000000,0.000000,972.37
22.91,94758.59,54.73,561.63,-7.55,2.44,-4.66,1.612,-2.455,-0.905,2.78,7.87,-2.89,0.000000,0.000000,972.91
20.29,94376.22,54.64,595.29,-5.48,-6.72,2.47,1.736,-0.784,-2.400,-6.77,5.96,2.09,0.000000,0.000000,973.45
20.38,94392.17,54.65,593.89,8.88,-6.44,1.23,-2.283,0.344,-3.980,-5.76,-9.30,-0.18,0.000000,0.000000,973.99
22.69,94735.02,54.73,563.70,10.72,2.54,-0.32,-1.758,-2.092,0.050,2.28,-11.68,-4.71,0.000000,0.000000,974.54
20.74,94447.58,54.67,589.00,-2.25,-1.09,-10.47,-0.835,-4.152,1.899,-0.74,4.53,-11.95,0.000000,0.000000,975.08
21.38,94540.73,54.69,580.80,-5.96,7.49,-2.37,-1.315,1.194,2.543,7.81,5.96,-1.54,0.000000,0.000000,975.62
21.41,94542.88,54.71,580.61,7.76,1.82,3.91,-1.366,-0.453,1.835,2.28,-7.39,0.73,0.000000,0.000000,976.16
21.30,94527.65,54.72,581.95,9.61,-5.10,0.37,0.172,0.510,0.472,-4.25,-9.30,-0.18,0.000000,0.000000,976.70
21.31,94531.82,54.72,581.58,8.46,4.17,3.43,1.526,0.918,-1.999,3.79,-10.25,2.99,0.000000,0.000000,977.24
22.47,94699.86,54.76,566.79,4.35,4.40,8.41,1.421,-0.187,0.264,3.79,-4.05,7.52,0.000000,0.000000,977.78
23.55,94861.27,54.80,552.61,-3.99,-8.74,8.96,0.758,0.330,0.130,-8.27,2.15,8.88,0.000000,0.000000,978.32
21.39,94540.33,54.82,580.83,-5.22,-8.18,9.89,-2.280,1.366,0.537,-4.76,4.05,8.88,0.000000,0.000000,978.87
21.31,94522.91,54.73,582.37,4.06,21.55,5.48,-2.257,0.406,0.203,24.90,-4.05,4.80,0.000000,0.000000,979.41
21.35,94531.44,54.72,581.62,10.66,26.43,2.00,3.763,-2.524,0.525,20.37,-12.16,-1.99,0.000000,0.000000,979.95
21.21,94511.95,54.72,583.33,-7.36,-11.90,12.16,-0.250,0.370,1.083,-11.29,5.96,12.95,0.000000,0.000000,980.49
23.30,94825.44,54.79,555.76,3.68,9.41,5.36,1.583,-0.852,0.105,4.29,-4.53,4.80,0.000000,0.000000,981.03
21.18,94504.63,54.71,583.98,1.92,2.37,6.67,0.936,-0.594,0.530,2.78,-2.62,5.26,0.000000,0.000000,981.57
21.14,94501.84,54.71,584.22,1.81,4.84,8.89,-0.911,1.864,-2.985,6.30,-3.58,9.33,0.000000,0.000000,982.11
22.60,94717.14,54.75,565.27,6.47,5.60,10.96,0.463,0.162,1.782,4.79,-10.73,9.33,0.000000,0.000000,982.65
21.02,94478.70,54.69,586.26,-0.56,7.95,7.03,0.895,-0.823,-1.165,9.82,-0.72,8.42,0.000000,0.000000,983.20
22.82,94747.13,54.77,562.64,-11.43,8.26,3.15,0.850,-0.475,0.779,8.31,10.25,4.35,0.000000,0.000000,983.74
23.26,94813.38,54.78,556.82,-0.99,7.94,3.27,-0.227,0.270,0.187,8.31,3.10,2.09,0.000000,0.000000,984.28
23.39,94831.60,54.71,555.21,7.03,7.96,5.93,0.398,0.541,-0.139,7.81,-6.92,4.35,0.000000,0.000000,984.82
22.72,94737.30,54.77,563.50,3.17,11.09,1.47,0.197,-0.412,0.026,12.84,-3.10,0.28,0.000000,0.000000,985.36
21.14,94498.41,54.72,584.52,1.97,9.48,0.99,-0.006,-0.067,-0.075,10.82,-1.19,1.63,0.000000,0.000000,985.90
20.87,94459.64,54.71,587.94,2.58,9.35,0.75,-0.436,0.027,0.253,10.32,-3.10,-0.63,0.000000,0.000000,986.44
22.69,94726.64,54.78,564.44,2.93,8.92,3.05,-0.056,0.233,0.024,10.32,-1.67,3.90,0.000000,0.000000,986.99
22.56,94707.84,54.77,566.09,0.87,8.99,3.66,0.247,0.137,0.062,9.82,-0.72,2.99,0.000000,0.000000,987.53
22.95,94767.07,54.78,560.88,2.39,9.82,3.49,0.132,1.028,0.587,10.32,-3.58,1.63,0.000000,0.000000,988.07
22.24,94662.04,54.74,570.12,-3.22,8.40,4.16,0.708,1.021,-0.918,9.32,4.05,3.90,0.000000,0.000000,988.61
19.54,94259.56,54.64,605.59,-0.77,9.89,2.14,-0.027,0.166,-0.395,11.33,0.71,0.28,0.000000,0.000000,989.15
19.61,94263.16,54.63,605.27,-0.09,9.56,1.84,0.136,0.067,0.099,10.82,1.19,1.63,0.000000,0.000000,989.69
19.41,94235.82,54.62,607.68,-0.09,9.54,1.52,-0.046,-0.032,-0.006,10.32,-0.72,0.73,0.000000,0.000000,990.24
19.62,94266.31,54.61,604.99,0.19,9.62,1.07,0.015,-0.090,0.038,9.82,0.24,-1.08,0.000000,0.000000,990.78
18.67,94125.94,54.57,617.39,0.26,9.44,1.49,0.112,-0.032,-0.217,10.32,1.19,1.63,0.000000,0.000000,991.32
15.86,93704.45,54.44,654.71,0.54,9.14,-0.91,0.372,0.782,-0.531,10.32,-0.72,-2.89,0.000000,0.000000,991.86
20.66,94398.27,54.58,593.35,0.78,9.65,-1.88,0.641,0.311,0.366,10.82,1.19,-1.08,0.000000,0.000000,992.40
22.81,94730.88,54.67,564.07,0.05,9.83,-1.86,0.231,-0.028,-0.649,10.32,-0.24,-3.35,0.000000,0.000000,992.94
22.20,94648.03,54.67,571.35,-5.07,7.53,-2.29,0.375,-0.256,-1.126,8.31,5.96,-2.89,0.000000,0.000000,993.49
22.86,94746.13,54.72,562.72,-5.85,6.89,-3.54,0.160,0.062,0.461,7.31,6.91,-2.44,0.000000,0.000000,994.02
22.66,94719.71,54.72,565.05,0.84,10.40,-4.22,0.362,1.347,2.430,11.33,0.71,-4.25,0.000000,0.000000,994.57
22.39,94677.20,54.72,568.79,5.35,7.36,-3.55,-0.033,-0.042,0.021,8.81,-4.05,-3.80,0.000000,0.000000,995.11
22.56,94705.41,54.73,566.30,5.10,7.74,-3.40,-0.090,-0.103,-0.163,7.31,-4.53,-4.71,0.000000,0.000000,995.65
22.41,94680.93,54.75,568.46,3.80,8.41,-3.27,-0.034,-0.159,-0.278,8.81,-2.62,-5.61,0.000000,0.000000,996.19
22.40,94679.48,54.75,568.59,2.06,8.81,-3.71,0.049,-0.206,-0.257,9.32,-1.67,-4.71,0.000000,0.000000,996.73
21.07,94480.59,54.69,586.09,1.16,8.58,-4.39,0.268,-0.174,-0.108,9.32,-0.24,-4.71,0.000000,0.000000,997.28
22.56,94702.88,54.74,566.53,1.10,5.06,-8.15,1.329,-0.239,0.031,5.80,1.67,-6.97,0.000000,0.000000,997.81
22.92,94753.89,54.78,562.04,2.21,0.03,-9.35,1.614,-0.029,0.247,0.27,-0.72,-10.14,0.000000,0.000000,998.36
22.95,94759.16,54.76,561.58,1.26,-2.79,-9.21,0.100,-0.242,-0.014,-2.24,0.71,-8.33,0.000000,0.000000,998.90
21.75,94576.78,54.74,577.62,2.74,-0.47,-12.99,-0.319,-0.078,0.850,-1.24,-0.72,-14.21,0.000000,0.000000,999.44
22.77,94731.37,54.76,564.02,-0.41,-1.67,-5.75,-0.367,-0.027,-0.361,-1.74,1.67,-7.87,0.000000,0.000000,999.99
22.98,94762.80,54.78,561.26,4.29,8.14,-11.47,-0.538,0.513,-0.595,8.81,-1.67,-11.04,0.000000,0.000000,1000.53
23.50,94844.39,54.82,554.09,2.57,-0.61,-9.00,1.208,0.394,0.002,0.27,-3.10,-9.23,0.000000,0.000000,1001.06
23.07,94779.75,54.79,559.77,2.12,-3.38,-8.50,0.289,-0.673,0.007,-2.75,0.24,-7.87,0.000000,0.000000,1001.60
20.39,94395.40,54.71,593.60,0.93,-4.37,-8.50,0.046,-0.267,0.004,-4.76,0.24,-10.14,0.000000,0.000000,1002.15
20.44,94383.87,54.69,594.62,1.37,-4.30,-8.72,0.020,0.135,-0.044,-3.75,1.19,-10.59,0.000000,0.000000,1002.69
20.04,94328.23,54.65,599.53,2.30,-3.55,-8.73,-0.538,-0.545,-0.090,-3.75,-0.72,-9.69,0.000000,0.000000,1003.23
21.85,94592.76,54.73,576.22,1.30,-2.87,-9.31,0.067,-0.031,-0.031,-3.25,-0.24,-10.59,0.000000,0.000000,1003.78
20.14,94339.55,54.66,598.53,1.20,-3.18,-9.17,0.076,-0.163,-0.029,-2.75,0.71,-8.78,0.000000,0.000000,1004.31
20.32,94364.80,54.67,596.30,-0.37,-5.45,-8.29,0.411,0.072,0.028,-4.76,1.19,-8.78,0.000000,0.000000,1004.85
14.80,93537.67,54.42,669.51,1.63,-8.50,-3.36,0.813,0.949,0.209,-7.77,-1.19,-4.71,0.000000,0.000000,1005.39
17.25,93876.16,54.43,639.49,1.33,-8.68,-4.25,0.156,0.013,0.627,-7.77,-0.72,-4.71,0.000000,0.000000,1005.94
20.08,94310.02,54.51,601.13,-1.51,-9.75,-2.53,-0.431,0.029,-0.068,-9.28,1.67,-3.35,0.000000,0.000000,1006.48
20.49,94380.99,54.54,594.87,-1.68,-9.30,-3.02,0.174,0.105,-0.265,-8.27,3.10,-1.99,0.000000,0.000000,1007.02
23.37,94810.03,54.68,557.11,4.43,-3.84,6.83,-0.877,1.503,2.145,-4.76,-6.44,5.71,0.000000,0.000000,1007.56
21.68,94563.95,54.65,578.75,7.21,-1.79,8.68,0.124,-0.998,-0.059,-1.24,-6.92,7.52,0.000000,0.000000,1008.10
21.56,94447.41,54.63,580.20,-3.92,-3.86,8.10,0.690,2.900,1.761,-3.75,2.15,7.07,0.000000,0.000000,1008.64
20.74,94423.23,54.63,591.15,-8.76,-2.53,4.74,0.170,0.137,-0.145,-2.75,8.34,4.80,0.000000,0.000000,1009.19
20.77,94426.55,54.62,590.86,-8.85,-1.74,3.96,0.236,-0.101,0.034,-2.24,8.34,5.71,0.000000,0.000000,1009.73
20.77,94427.55,54.61,590.77,-8.78,-1.46,4.25,0.144,-0.477,-0.197,-2.24,7.39,4.35,0.000000,0.000000,1010.27
21.93,94600.63,54.66,575.52,4.45,-3.71,7.29,-1.718,-2.872,-1.792,-3.25,-4.53,4.80,0.000000,0.000000,1010.81
21.72,94566.56,54.66,578.52,7.10,-0.66,-4.79,-0.051,-4.763,1.183,-0.74,-6.44,-6.06,0.000000,0.000000,1011.35
19.97,94304.66,54.58,601.61,-2.73,-3.25,-7.39,-0.690,0.022,-0.222,-2.75,4.53,-6.97,0.000000,0.000000,1011.89
21.68,94558.98,54.64,579.19,-7.39,1.61,3.53,-0.166,-4.391,2.096,1.27,6.91,4.35,0.000000,0.000000,1012.43
18.48,94087.28,54.52,620.81,6.14,-3.98,8.64,-0.787,-2.392,0.848,-4.25,-7.87,7.52,0.000000,0.000000,1012.98
22.11,94619.15,54.65,573.89,9.36,1.70,-2.97,-0.035,-3.981,-1.580,1.27,-8.82,-6.06,0.000000,0.000000,1013.52
19.27,94205.36,54.53,610.37,-5.69,-4.51,-7.16,1.125,-2.583,0.044,-4.76,5.96,-5.61,0.000000,0.000000,1014.06
20.42,94368.31,54.58,595.99,-8.12,2.65,3.85,0.019,-3.776,1.946,3.29,6.91,3.90,0.000000,0.000000,1014.60
17.45,93934.27,54.46,634.34,5.95,-4.42,7.73,-0.314,-1.421,0.995,-3.75,-6.92,7.52,0.000000,0.000000,1015.14
21.47,94520.84,54.61,582.55,8.55,0.69,-5.70,-0.753,-3.975,-2.719,0.27,-7.87,-7.42,0.000000,0.000000,1015.68
18.31,94056.31,54.47,623.54,-7.47,-5.97,-3.17,0.373,-0.278,-0.025,-5.26,7.87,-1.54,0.000000,0.000000,1016.23
21.71,94561.46,54.60,578.97,-11.41,-3.27,3.04,-0.623,-0.171,1.240,-3.75,10.25,3.90,0.000000,0.000000,1016.77
20.52,94390.52,54.57,594.03,-10.63,-0.17,2.19,0.968,-1.404,-2.503,0.27,9.78,1.63,0.000000,0.000000,1017.31
20.77,94421.30,54.57,591.32,-5.15,-7.05,3.81,0.238,-0.376,-1.242,-7.27,4.53,4.80,0.000000,0.000000,1017.85
20.47,94379.38,54.56,595.02,-3.73,-7.64,5.29,-0.071,0.282,0.722,-7.27,4.05,5.71,0.000000,0.000000,1018.39
20.62,94399.05,54.59,593.28,-6.61,-5.07,4.49,-0.086,0.069,0.017,-5.76,5.96,5.26,0.000000,0.000000,1018.93
20.64,94404.88,54.58,592.77,-6.82,-5.32,4.62,0.113,0.061,0.066,-5.76,5.96,5.71,0.000000,0.000000,1019.47
20.97,94450.20,54.60,588.77,-7.93,-3.62,4.24,-0.274,-0.200,0.394,-3.75,7.39,3.90,0.000000,0.000000,1020.01
18.17,94039.42,54.47,625.04,-7.56,-2.18,5.16,-0.399,-0.810,0.575,-1.74,6.44,5.71,0.000000,0.000000,1020.56
17.69,93961.14,54.45,631.96,-5.67,-2.24,7.55,-0.191,-0.867,0.083,-2.24,5.01,6.61,0.000000,0.000000,1021.10
18.35,94052.69,54.45,623.87,-2.68,-2.48,8.91,-0.049,-0.601,0.234,-2.75,2.15,8.88,0.000000,0.000000,1021.65
19.32,94198.56,54.47,610.97,-0.24,-2.61,9.49,-0.012,-0.602,0.225,-2.75,-0.24,8.42,0.000000,0.000000,1022.19
19.60,94242.73,54.49,607.07,1.54,-3.13,9.00,-0.120,-0.562,-0.037,-2.24,-1.67,8.42,0.000000,0.000000,1022.73
19.03,94157.66,54.46,614.59,3.05,-3.18,8.79,0.027,-0.482,0.022,-3.25,-4.05,7.07,0.000000,0.000000,1023.27
20.14,94319.55,54.49,600.29,5.36,-1.83,8.12,0.117,-1.034,-0.352,-1.24,-5.96,5.26,0.000000,0.000000,1023.81
21.07,94460.47,54.54,587.87,8.23,-0.50,5.66,0.089,-0.604,-0.205,0.27,-9.30,3.44,0.000000,0.000000,1024.35
21.44,94520.64,54.58,582.57,9.06,0.53,2.60,0.077,-0.834,-0.092,0.77,-8.82,0.73,0.000000,0.000000,1024.90
20.20,94336.24,54.54,598.82,9.76,1.03,-0.09,0.004,-0.487,0.022,1.78,-8.82,-1.08,0.000000,0.000000,1025.44
20.62,94393.30,54.57,593.79,9.29,1.31,-2.72,-0.143,-0.407,-0.012,1.27,-8.35,-5.61,0.000000,0.000000,1025.98
20.74,94412.53,54.58,592.09,8.38,1.53,-4.79,-0.142,-0.674,-0.140,2.28,-6.92,-6.97,0.000000,0.000000,1026.52
21.01,94453.80,54.59,588.46,6.80,2.09,-6.99,-0.226,-0.630,0.043,2.28,-5.48,-7.87,0.000000,0.000000,1027.06
21.51,94527.97,54.62,581.92,4.67,2.45,-7.91,-0.224,-0.680,-0.108,2.78,-2.62,-9.69,0.000000,0.000000,1027.60
21.56,94539.13,54.63,580.94,2.47,3.04,-9.00,0.077,-0.319,0.025,3.29,-0.24,-8.33,0.000000,0.000000,1028.14
20.91,94437.41,54.60,589.90,-0.50,2.41,-9.59,0.302,-0.167,0.024,2.78,1.67,-10.14,0.000000,0.000000,1028.69
20.58,94389.55,54.59,594.12,-2.85,1.31,-9.26,0.156,-0.696,-0.244,1.27,5.01,-9.69,0.000000,0.000000,1029.23
20.49,94375.38,54.58,595.37,-5.20,0.58,-8.37,0.098,-0.540,-0.156,0.77,6.44,-7.42,0.000000,0.000000,1029.77
20.25,94337.99,54.58,598.67,-7.11,-0.28,-6.48,0.030,-0.468,-0.093,-0.23,7.87,-6.97,0.000000,0.000000,1030.31
20.49,94370.08,54.58,595.84,-8.42,-0.79,-4.82,-0.006,-0.476,-0.071,-1.24,9.30,-4.25,0.000000,0.000000,1030.85
20.29,94342.38,54.57,598.28,-9.30,-1.25,-2.06,0.038,-0.571,-0.070,-1.74,9.78,-1.54,0.000000,0.000000,1031.40
20.56,94382.97,54.57,594.70,-8.56,-1.65,0.19,0.045,0.122,-0.075,-0.74,8.82,1.63,0.000000,0.000000,1031.93
20.53,94379.46,54.60,595.01,-9.79,-0.54,-0.26,-0.142,-0.189,-0.018,-0.74,8.82,0.28,0.000000,0.000000,1032.48
20.72,94408.06,54.58,592.49,-9.59,-0.55,-0.33,-0.092,0.040,-0.076,-0.23,9.30,0.73,0.000000,0.000000,1033.02
21.42,94512.09,54.63,583.32,-9.99,-1.11,-0.82,-0.014,-0.088,-0.160,-0.74,10.25,1.18,0.000000,0.000000,1033.56
21.58,94536.88,54.65,581.14,-9.61,-1.52,-1.04,-0.103,-0.055,-0.258,-1.74,9.78,-2.89,0.000000,0.000000,1034.11
21.81,94572.66,54.67,577.99,-9.60,-2.34,-0.99,-0.031,0.133,-0.314,-3.25,9.30,0.73,0.000000,0.000000,1034.64
21.82,94574.97,54.68,577.78,-9.39,-2.20,-1.33,-0.087,0.066,-0.168,-2.75,9.30,-0.63,0.000000,0.000000,1035.19
21.28,94492.54,54.66,585.04,-7.99,-4.81,-2.24,-0.149,0.068,-1.088,-4.25,7.39,-3.80,0.000000,0.000000,1035.73
20.57,94387.91,54.64,594.26,-0.81,-8.60,-2.71,-1.031,1.163,-3.392,-8.27,1.19,-2.44,0.000000,0.000000,1036.27
22.33,94647.05,54.71,571.44,7.21,-7.32,-2.29,-1.664,-0.755,0.992,-6.77,-6.44,-4.71,0.000000,0.000000,1036.81
22.16,94619.16,54.70,573.89,-0.99,-3.36,-8.06,-1.817,-2.526,1.635,-2.75,2.62,-7.87,0.000000,0.000000,1037.35
22.66,94695.37,54.72,567.19,-7.81,-6.10,-2.15,0.769,0.300,-2.453,-6.26,7.39,-1.54,0.000000,0.000000,1037.89
22.00,94596.56,54.68,575.88,5.33,-7.88,-4.80,-0.942,2.127,-1.197,-6.77,-3.58,-4.71,0.000000,0.000000,1038.43
22.34,94644.31,54.70,571.68,7.49,-3.95,-5.52,-1.311,-0.397,0.461,-4.25,-6.92,-6.97,0.000000,0.000000,1038.98
22.23,94629.34,54.70,573.00,2.24,-0.72,-9.39,-0.407,-1.475,0.576,-0.23,-1.19,-9.69,0.000000,0.000000,1039.52
22.35,94646.05,54.71,571.53,-4.16,-0.07,-8.87,-0.004,-1.059,-0.086,-0.23,5.48,-8.78,0.000000,0.000000,1040.06
22.32,94639.92,54.69,572.07,-7.31,-2.21,-6.34,0.414,-0.524,-0.897,-2.24,5.96,-4.71,0.000000,0.000000,1040.60
22.25,94630.29,54.69,572.91,-4.58,-7.13,-5.07,-0.121,0.383,-1.111,-6.77,5.48,-6.52,0.000000,0.000000,1041.14
22.31,94639.23,54.69,572.13,1.19,-7.69,-6.19,-0.263,0.790,-0.667,-7.27,-0.24,-6.52,0.000000,0.000000,1041.68
22.21,94621.91,54.68,573.65,6.63,-5.00,-5.29,-0.287,0.645,-0.328,-4.76,-5.96,-7.42,0.000000,0.000000,1042.23
22.42,94652.70,54.69,570.94,8.45,-3.88,-3.26,-0.633,0.566,0.264,-3.25,-7.39,-4.25,0.000000,0.000000,1042.77
22.36,94645.78,54.69,571.55,7.09,-4.77,-4.47,-0.953,-0.231,0.690,-4.25,-5.48,-6.06,0.000000,0.000000,1043.31
22.40,94648.90,54.69,571.28,2.38,-5.49,-7.01,0.029,-1.605,0.281,-4.76,-1.19,-7.87,0.000000,0.000000,1043.85
20.56,94378.03,54.62,595.13,-4.49,-7.39,-5.27,0.204,-1.691,-0.865,-7.27,5.01,-5.16,0.000000,0.000000,1044.39
21.93,94581.63,54.67,577.20,-2.10,-9.64,-2.27,0.852,0.023,-0.907,-9.78,3.58,-2.89,0.000000,0.000000,1044.93
21.78,94557.34,54.66,579.33,-0.57,-10.12,-0.91,0.181,0.103,-0.082,-9.78,1.19,-1.08,0.000000,0.000000,1045.47
22.13,94610.67,54.66,574.64,-1.44,-10.45,-2.23,0.034,0.114,0.135,-10.29,2.15,-3.80,0.000000,0.000000,1046.02
22.33,94638.88,54.67,572.16,-1.44,-10.53,0.01,0.355,-0.557,0.605,-9.78,2.15,0.28,0.000000,0.000000,1046.56
23.08,94752.71,54.70,562.15,-4.35,-9.59,-0.13,-0.081,-1.011,-0.386,-9.28,4.05,-0.18,0.000000,0.000000,1047.10
23.65,94836.95,54.71,554.74,-4.90,-8.54,2.00,-0.764,-4.346,0.686,-7.27,5.96,0.28,0.000000,0.000000,1047.64
22.38,94649.01,54.66,571.27,-4.19,-7.43,2.58,1.276,-1.446,-0.505,-6.26,3.58,2.54,0.000000,0.000000,1048.18
21.83,94568.67,54.66,578.34,7.92,-6.41,2.92,-1.248,-1.353,-1.520,-5.26,-8.35,-0.18,0.000000,0.000000,1048.72
20.17,94320.59,54.59,600.30,9.29,-1.22,1.42,-0.572,0.036,-0.583,-1.24,-8.82,-0.63,0.000000,0.000000,1049.26
22.84,94714.48,54.68,565.51,9.35,0.76,-0.99,0.298,0.587,1.216,1.27,-7.87,-4.25,0.000000,0.000000,1049.80
20.23,94328.39,54.57,599.51,6.13,-5.83,4.56,0.497,1.060,2.004,-5.76,-5.96,3.90,0.000000,0.000000,1050.34
21.05,94447.76,54.59,588.99,-4.59,-8.30,1.97,-0.352,0.389,0.797,-8.78,3.58,1.63,0.000000,0.000000,1050.88
21.15,94465.95,54.58,587.38,-3.60,-7.91,4.54,0.259,-1.919,-0.023,-7.27,3.58,6.16,0.000000,0.000000,1051.43
21.22,94475.17,54.58,586.57,-1.83,-6.88,7.03,-0.076,0.036,-0.505,-6.77,1.19,6.61,0.000000,0.000000,1051.97
21.41,94497.11,54.59,584.64,-0.11,14.64,-1.60,-4.551,-1.833,-3.687,21.38,2.15,-2.44,0.000000,0.000000,1052.51
21.92,94577.91,54.59,577.52,4.55,-4.10,11.80,3.459,1.445,0.756,-6.26,-6.92,10.69,0.000000,0.000000,1053.05
21.90,94569.36,54.60,578.28,-9.88,22.80,-16.75,-3.547,-2.319,-1.625,25.90,12.16,-18.29,0.000000,0.000000,1053.60
21.77,94555.02,54.60,579.54,0.73,3.24,-4.52,-5.383,-3.239,1.752,6.80,2.62,-5.61,0.000000,0.000000,1054.13
20.68,94387.81,54.55,594.27,29.48,-56.79,9.38,-0.264,-1.834,-2.426,-56.53,-31.71,2.09,0.000000,0.000000,1054.68
21.51,94511.70,54.58,583.35,-16.64,25.86,-12.69,-2.467,-0.615,-0.180,31.43,21.22,-12.85,0.000000,0.000000,1055.22
21.75,94543.10,54.57,580.59,-6.92,19.78,5.10,3.180,-0.344,-1.885,17.86,5.96,6.61,0.000000,0.000000,1055.76
20.99,94433.19,54.55,590.27,5.32,-5.84,5.53,-0.272,-0.608,-0.597,-5.76,-5.01,5.26,0.000000,0.000000,1056.30
23.22,94765.70,54.62,561.00,7.64,-5.33,2.20,-0.370,-0.147,-0.757,-4.76,-7.39,-1.54,0.000000,0.000000,1056.85
22.36,94641.23,54.58,571.95,-1.17,-8.31,5.29,0.132,1.090,1.908,-7.77,0.24,5.26,0.000000,0.000000,1057.38
21.05,94448.59,54.53,588.91,0.50,-6.09,4.92,1.243,-0.959,-0.689,-6.26,-0.72,2.54,0.000000,0.000000,1057.93
20.34,94333.27,54.50,598.48,0.11,6.25,0.17,-1.562,-0.123,0.101,5.80,0.24,0.73,0.000000,0.000000,1058.46
22.25,94623.55,54.57,573.51,0.71,-14.81,-0.99,-5.341,-0.125,-1.383,-9.28,0.24,-2.89,0.000000,0.000000,1059.01
22.19,94612.77,54.54,574.46,12.26,-7.68,0.86,2.857,0.049,-0.809,-8.78,-12.64,-0.63,0.000000,0.000000,1059.55
22.58,94670.95,54.55,569.34,8.30,-2.76,2.82,-1.269,-1.000,-2.005,-3.75,-8.35,1.18,0.000000,0.000000,1060.09
21.47,94502.14,54.50,584.20,18.09,-3.81,-0.32,-0.381,-2.111,-3.425,-2.75,-16.93,-3.35,0.000000,0.000000,1060.64
21.48,94504.51,54.50,583.99,-1.97,-3.56,2.68,0.594,-2.682,0.762,-2.75,1.67,0.73,0.000000,0.000000,1061.29
21.74,94541.95,54.49,580.69,10.51,0.95,0.13,0.403,-0.862,2.445,2.28,-10.73,-3.80,0.000000,0.000000,1061.72
21.92,94570.77,54.50,578.15,8.76,-4.62,0.75,1.015,0.628,2.913,-4.25,-9.78,-0.18,0.000000,0.000000,1062.26
20.89,94419.95,54.46,591.44,1.63,12.09,-0.33,1.286,-0.607,0.108,11.83,-1.19,-0.63,0.000000,0.000000,1062.80
21.97,94579.11,54.50,577.42,0.71,15.84,-5.09,3.583,0.631,0.844,12.33,1.19,-5.16,0.000000,0.000000,1063.34
22.23,94619.63,54.48,573.85,-0.27,-21.17,0.24,-5.422,1.228,0.814,-14.81,0.24,-0.18,0.000000,0.000000,1063.88
21.78,94550.63,54.47,579.93,-1.04,-31.14,3.00,-3.796,1.859,1.573,-18.33,-1.67,2.99,0.000000,0.000000,1064.43
22.33,94633.63,54.45,572.62,-0.25,-6.13,0.28,0.413,-3.329,-2.270,-3.25,0.24,-1.99,0.000000,0.000000,1064.97
20.33,94334.78,54.36,598.95,10.24,-2.45,0.29,-1.722,-0.057,-1.256,-2.24,-9.30,-1.99,0.000000,0.000000,1065.51
19.69,94238.92,54.31,607.41,4.58,-9.18,-0.20,-1.692,-1.190,0.888,-7.77,-3.58,-0.63,0.000000,0.000000,1066.05
20.48,94354.41,54.32,597.22,2.29,-8.21,6.05,-0.510,-1.098,-1.596,-7.27,-3.58,4.80,0.000000,0.000000,1066.59
20.47,94351.42,54.32,597.48,16.57,-5.48,-10.02,1.719,2.377,0.884,-7.27,-15.98,-12.40,0.000000,0.000000,1067.14
21.46,94492.85,54.39,585.01,7.91,-3.88,3.11,1.857,1.266,1.903,-3.75,-8.35,1.18,0.000000,0.000000,1067.67
22.68,94682.17,54.38,568.35,-5.82,-7.87,5.79,-0.704,-0.703,1.040,-6.77,5.96,5.26,0.000000,0.000000,1068.21
23.23,94762.17,54.41,561.31,-4.28,-6.73,6.37,1.029,0.706,-1.394,-7.27,4.53,7.97,0.000000,0.000000,1068.76
23.31,94775.99,54.42,560.10,-1.94,-8.87,4.36,-0.204,-0.609,0.002,-8.27,1.19,5.26,0.000000,0.000000,1069.30
22.99,94730.07,54.43,564.14,-1.57,-7.17,8.36,-0.604,0.061,0.447,-6.77,1.67,7.52,0.000000,0.000000,1069.84
23.26,94769.83,54.43,560.64,-5.25,-8.29,0.42,-0.725,0.905,0.682,-7.77,5.01,0.28,0.000000,0.000000,1070.38
23.25,94767.69,54.44,560.83,-5.03,-8.91,0.50,0.012,-0.061,-0.166,-7.77,5.48,1.18,0.000000,0.000000,1070.92
23.21,94761.19,54.43,561.40,-4.61,-8.42,1.33,0.061,-0.039,-0.314,-9.28,4.53,0.73,0.000000,0.000000,1071.47
22.01,94583.10,54.38,577.07,2.46,-6.70,6.50,4.325,-5.111,-0.561,-6.77,-2.62,5.71,0.000000,0.000000,1072.01
20.72,94387.86,54.32,594.27,0.13,-9.02,9.02,3.736,-4.045,0.656,-8.27,-1.19,7.52,0.000000,0.000000,1072.55
20.65,94375.97,54.30,595.32,9.28,-1.42,6.05,-1.069,0.858,-1.405,-1.24,-10.73,4.80,0.000000,0.000000,1073.10
20.83,94403.89,54.29,592.85,3.73,-5.76,6.89,2.818,-2.059,0.839,-5.26,-3.10,6.16,0.000000,0.000000,1073.64
20.83,94403.50,54.26,592.89,1.45,-6.56,7.27,0.542,0.300,0.226,-6.77,-2.15,5.26,0.000000,0.000000,1074.18
21.34,94477.14,54.27,586.40,-1.53,0.43,20.46,-0.378,-0.246,-0.186,2.28,-0.72,19.29,0.000000,0.000000,1074.72
21.51,94506.11,54.27,583.85,-3.70,-3.12,14.33,-1.671,-0.667,-0.261,-2.24,1.67,16.12,0.000000,0.000000,1075.27
21.51,94506.86,54.26,583.78,-6.87,-7.29,7.43,-1.006,-3.260,-0.427,-5.76,6.44,6.16,0.000000,0.000000,1075.80
22.77,94696.42,54.31,567.10,5.82,-8.65,3.63,0.735,3.369,0.267,-8.27,-5.96,1.18,0.000000,0.000000,1076.34
22.01,94582.14,54.29,577.15,-6.26,-6.62,9.92,0.867,-3.659,-0.219,-6.26,5.96,8.42,0.000000,0.000000,1076.89
22.07,94592.69,54.28,576.22,6.12,-7.87,5.49,-0.375,1.941,-0.088,-5.26,-7.39,9.33,0.000000,0.000000,1077.43
21.93,94569.65,54.28,578.25,-1.94,-8.73,3.96,0.135,0.668,0.192,-7.27,0.71,2.09,0.000000,0.000000,1077.97
21.95,94573.08,54.28,577.95,-4.26,-7.83,3.24,1.471,-2.312,0.317,-7.27,4.53,1.18,0.000000,0.000000,1078.51
21.77,94548.59,54.27,580.11,-2.43,-9.05,0.14,0.139,-1.348,0.140,-9.28,2.62,0.28,0.000000,0.000000,1079.05
22.01,94583.48,54.27,577.03,-0.20,-5.35,9.16,0.154,0.542,-0.221,-5.76,-0.72,8.42,0.000000,0.000000,1079.59
21.62,94525.38,54.26,582.15,-4.40,-3.36,17.13,-1.535,-0.595,-0.167,-3.75,3.10,18.84,0.000000,0.000000,1080.14
21.80,94524.63,54.26,582.22,-1.14,-5.06,9.74,0.379,0.648,0.023,-5.26,0.71,8.88,0.000000,0.000000,1080.67
21.71,94534.98,54.26,581.30,4.02,-6.62,9.66,-0.755,0.609,-0.435,-6.26,-4.53,9.33,0.000000,0.000000,1081.22
21.58,94513.63,54.26,583.18,-1.33,-4.60,7.41,-0.574,-3.603,-2.420,-4.25,0.24,6.61,0.000000,0.000000,1081.76
21.51,94503.50,54.23,584.08,-5.75,-6.55,5.19,0.848,0.177,1.705,-5.76,5.01,3.90,0.000000,0.000000,1082.30
21.69,94528.39,54.26,581.88,4.82,-5.56,8.02,-1.015,3.251,2.883,-5.76,-6.44,7.07,0.000000,0.000000,1082.84
21.68,94529.98,54.23,581.74,1.12,-3.78,6.79,0.501,-3.344,-2.900,-3.75,-1.19,5.26,0.000000,0.000000,1083.38
21.55,94511.59,54.23,583.36,-8.20,-5.29,6.96,0.111,-0.834,-0.079,-5.26,7.39,7.07,0.000000,0.000000,1083.92
21.68,94529.31,54.23,581.80,3.11,-4.43,8.09,-0.756,3.438,2.946,-5.26,-4.05,6.61,0.000000,0.000000,1084.47
21.62,94519.48,54.24,582.67,3.85,-4.12,7.03,1.092,-3.480,-1.785,-3.75,-3.58,6.61,0.000000,0.000000,1085.01
21.60,94514.75,54.22,583.08,-6.77,-4.06,8.47,-0.009,-0.319,0.362,-3.25,5.48,8.42,0.000000,0.000000,1085.55
21.46,94495.83,54.23,584.75,4.09,-2.29,8.21,0.020,-0.196,0.350,-1.24,-4.53,5.26,0.000000,0.000000,1086.09
20.46,94345.50,54.17,598.00,6.58,-1.59,6.49,0.609,-0.832,0.193,-0.23,-6.92,6.16,0.000000,0.000000,1086.63
21.04,94430.90,54.20,590.47,7.05,-0.09,6.43,0.077,0.795,-0.553,0.77,-7.39,4.80,0.000000,0.000000,1087.17
22.27,94611.63,54.25,574.55,7.41,1.10,7.23,0.232,-0.624,0.136,0.77,-7.39,5.71,0.000000,0.000000,1087.71
22.81,94691.28,54.26,567.55,3.55,4.06,8.34,-0.627,1.871,-0.454,4.29,-3.58,7.52,0.000000,0.000000,1088.26
23.00,94720.53,54.31,564.98,0.35,1.85,10.27,0.228,-0.776,-0.163,2.28,-1.19,8.88,0.000000,0.000000,1088.80
21.86,94554.20,54.25,579.61,1.32,3.40,8.73,0.513,-0.197,-0.262,3.29,-1.67,7.97,0.000000,0.000000,1089.34
21.45,94493.09,54.25,584.99,1.30,6.19,6.99,0.012,-0.365,-0.362,6.80,-1.67,5.26,0.000000,0.000000,1089.88
20.22,94310.26,54.20,601.11,0.69,8.66,6.08,0.000,0.164,-0.997,8.81,-0.24,6.16,0.000000,0.000000,1090.42
20.45,94341.05,54.21,598.40,-0.16,8.15,6.54,-0.012,-0.178,0.266,9.32,-0.24,4.80,0.000000,0.000000,1090.97
22.73,94678.00,54.31,568.72,-1.02,5.29,4.24,0.344,-0.239,-0.033,5.30,1.19,0.73,0.000000,0.000000,1091.51
22.70,94670.36,54.29,569.39,-0.54,-5.18,-3.26,0.013,0.171,-0.244,-5.26,1.19,-2.89,0.000000,0.000000,1092.05
20.27,94314.66,54.21,600.73,0.22,-4.62,-3.33,0.571,0.046,-0.115,-5.76,0.71,-4.71,0.000000,0.000000,1092.59
20.02,94272.20,54.21,604.47,0.78,-3.67,-3.57,0.364,0.063,-0.195,-3.75,0.71,-2.89,0.000000,0.000000,1093.13
20.46,94339.34,54.21,598.55,-1.30,10.16,1.20,1.713,-0.705,0.625,10.32,2.62,0.73,0.000000,0.000000,1093.67
20.14,94294.89,54.21,602.47,0.76,9.32,2.84,-0.718,0.477,-0.491,10.82,-0.24,2.99,0.000000,0.000000,1094.21
20.03,94275.56,54.20,604.17,-0.08,9.49,3.41,0.181,-0.114,-0.167,10.32,0.24,3.44,0.000000,0.000000,1094.75
20.09,94282.70,54.21,603.54,-0.70,10.10,2.57,0.298,-0.232,-0.097,10.82,0.71,2.99,0.000000,0.000000,1095.29
20.30,94315.17,54.22,600.68,-1.28,9.60,1.56,0.034,0.042,-0.036,11.33,1.67,1.18,0.000000,0.000000,1095.83
20.21,94302.04,54.21,601.84,-0.99,9.92,1.81,-0.087,-0.009,0.178,10.32,0.24,2.54,0.000000,0.000000,1096.37
20.40,94328.39,54.22,599.51,-0.24,9.61,2.57,-0.251,-0.113,-0.008,10.82,0.24,1.63,0.000000,0.000000,1096.92
20.25,94307.94,54.22,601.32,-0.62,9.71,4.42,-0.268,-0.123,-0.047,10.32,0.71,4.35,0.000000,0.000000,1097.46
20.48,94342.38,54.23,598.28,2.13,16.63,1.62,1.218,-0.443,0.206,17.36,-1.67,0.73,0.000000,0.000000,1098.00
20.34,94318.58,54.22,600.38,-0.08,1.92,-0.25,-1.994,0.403,-0.265,2.78,0.71,-1.08,0.000000,0.000000,1098.54
20.42,94328.29,54.25,599.52,-0.64,11.06,5.24,1.554,-0.395,0.151,11.83,0.71,5.71,0.000000,0.000000,1099.08
20.66,94366.00,54.24,596.20,-2.94,8.58,7.55,-0.651,-0.752,-0.127,9.82,2.62,7.97,0.000000,0.000000,1099.62
20.54,94349.31,54.25,597.67,-1.12,11.50,3.23,0.631,-0.441,0.352,12.33,1.67,2.09,0.000000,0.000000,1100.17
20.71,94369.09,54.25,595.92,-0.05,-2.46,-0.95,-2.113,0.218,-0.063,-2.24,0.71,-1.54,0.000000,0.000000,1100.71
20.61,94361.44,54.27,596.60,0.68,17.92,6.70,-0.069,0.122,-0.130,19.87,0.24,6.16,0.000000,0.000000,1101.25
20.57,94347.70,54.26,597.81,-0.34,-4.64,0.44,0.406,0.118,0.217,-5.26,0.71,-0.63,0.000000,0.000000,1101.79
20.67,94368.73,54.27,595.95,0.67,14.46,6.55,-0.309,-0.178,-0.290,16.35,-0.24,2.99,0.000000,0.000000,1102.33
20.57,94347.67,54.28,597.81,-0.19,-3.10,1.31,-1.126,0.102,-0.003,-3.25,0.24,1.18,0.000000,0.000000,1102.87
20.64,94363.84,54.27,596.39,-1.85,15.67,2.87,1.495,0.311,0.264,15.85,3.10,1.18,0.000000,0.000000,1103.41
20.62,94359.86,54.28,596.74,4.52,3.28,-1.66,-3.117,-1.778,4.074,4.79,-3.10,-1.54,0.000000,0.000000,1103.96
20.14,94284.49,54.26,603.39,-9.90,0.10,2.32,2.096,1.624,1.437,0.27,8.34,3.44,0.000000,0.000000,1104.49
20.37,94318.66,54.26,600.37,7.26,7.96,2.70,-3.870,-2.907,2.366,9.32,-6.44,1.63,0.000000,0.000000,1105.04
20.21,94294.91,54.24,602.47,5.43,4.38,5.16,1.482,0.834,-1.621,4.29,-5.96,3.44,0.000000,0.000000,1105.58
19.02,94116.87,54.18,618.19,5.60,8.75,6.37,0.256,-0.027,-0.949,10.32,-5.48,3.90,0.000000,0.000000,1106.12
20.15,94284.47,54.22,603.39,2.86,10.91,-1.95,1.188,-0.333,-1.112,11.83,-2.15,-1.99,0.000000,0.000000,1106.67
20.07,94271.86,54.23,604.50,0.40,-2.02,0.03,-1.605,-0.177,-0.018,-1.24,-0.24,-1.08,0.000000,0.000000,1107.21
22.70,94659.75,54.31,570.32,7.53,9.57,4.96,-4.427,-0.195,1.350,11.33,-6.92,4.35,0.000000,0.000000,1107.75
20.39,94319.28,54.23,600.32,12.80,-4.49,5.74,-0.851,1.981,1.163,-4.25,-13.59,2.99,0.000000,0.000000,1108.29
19.99,94257.73,54.20,605.75,3.89,-2.36,6.16,2.192,-3.486,-2.127,-2.24,-3.58,4.80,0.000000,0.000000,1108.83
19.87,94243.52,54.21,607.00,5.07,4.41,6.55,3.125,3.081,-1.266,4.29,-6.44,5.26,0.000000,0.000000,1109.37
20.68,94358.34,54.24,596.87,-7.04,2.64,-6.73,2.400,-0.645,-0.789,3.79,8.34,-4.71,0.000000,0.000000,1109.91
20.03,94261.77,54.21,605.39,-6.90,6.20,-2.25,-4.530,-1.268,2.807,6.30,8.34,-0.63,0.000000,0.000000,1110.46
20.44,94322.91,54.23,600.00,0.37,6.85,6.56,-1.649,-1.131,1.096,7.81,-1.19,5.26,0.000000,0.000000,1110.99
20.28,94301.21,54.22,601.91,6.77,-0.09,6.95,-1.089,-1.314,0.241,1.27,-6.44,6.61,0.000000,0.000000,1111.54
20.60,94347.70,54.22,597.81,9.64,-0.11,-1.83,0.859,-2.885,-0.750,0.27,-9.30,-4.71,0.000000,0.000000,1112.08
21.04,94415.11,54.25,591.86,5.47,1.85,-8.04,0.396,-0.268,-1.337,2.78,-3.58,-7.87,0.000000,0.000000,1112.62
20.85,94389.08,54.24,594.16,3.94,5.67,-6.40,-0.574,1.038,-1.627,6.30,-3.58,-8.33,0.000000,0.000000,1113.16
20.75,94369.38,54.25,595.90,1.85,9.25,-2.72,-0.587,0.931,-0.767,10.32,-0.72,-2.89,0.000000,0.000000,1113.70
20.79,94378.02,54.25,595.14,-0.18,9.46,1.28,-1.708,0.518,1.502,10.82,1.19,1.63,0.000000,0.000000,1114.24
20.97,94406.17,54.26,592.65,6.18,4.50,6.30,-1.653,-0.816,0.158,5.30,-7.39,4.35,0.000000,0.000000,1114.78
19.41,94173.55,54.20,613.18,7.70,-0.32,6.06,-0.838,0.017,0.240,-0.23,-7.39,5.71,0.000000,0.000000,1115.33
19.31,94149.52,54.17,615.31,3.31,-4.37,7.56,-0.194,0.971,0.589,-4.76,-5.48,4.80,0.000000,0.000000,1115.87
20.27,94291.63,54.21,602.76,-5.52,-5.32,6.17,1.430,1.040,0.856,-5.26,5.48,7.52,0.000000,0.000000,1116.41
20.76,94369.88,54.21,595.85,-2.53,-4.47,8.85,-0.338,-1.163,-1.294,-3.75,1.19,8.88,0.000000,0.000000,1116.95
20.08,94270.70,54.18,604.60,3.02,-2.64,8.74,1.784,-1.491,-0.655,-3.25,-3.10,6.61,0.000000,0.000000,1117.49
19.81,94214.57,54.15,608.55,2.81,-1.71,8.91,-0.116,-0.233,-0.448,-0.23,-3.10,7.97,0.000000,0.000000,1118.04
19.64,94201.14,54.15,610.75,1.37,-3.38,8.71,-0.384,0.579,0.301,-3.25,-1.67,6.61,0.000000,0.000000,1118.58
21.56,94469.47,54.21,585.57,5.45,-5.34,6.07,-0.854,-0.762,-0.713,-4.76,-5.48,4.80,0.000000,0.000000,1119.12
21.35,94456.20,54.22,588.24,5.24,-5.64,5.02,-0.428,-0.287,-0.039,-4.76,-5.48,4.80,0.000000,0.000000,1119.66
20.59,94346.44,54.20,597.92,6.05,-5.71,4.76,0.483,-0.245,0.225,-6.77,-5.96,3.44,0.000000,0.000000,1120.20
20.51,94332.94,54.19,599.11,5.77,-5.69,5.69,0.139,-0.010,0.480,-6.26,-6.44,4.35,0.000000,0.000000,1120.74
20.46,94322.94,54.15,600.13,3.12,-5.49,7.30,0.558,0.395,0.422,-5.76,-3.58,5.71,0.000000,0.000000,1121.28
20.11,94270.38,54.15,604.63,-0.55,-3.39,8.98,0.310,0.433,0.406,-2.75,0.24,8.88,0.000000,0.000000,1121.82
20.05,94260.00,54.16,605.55,-1.37,-2.29,9.02,0.077,-0.321,-0.143,-2.24,-2.15,8.42,0.000000,0.000000,1122.38
20.26,94292.00,54.14,602.72,-0.55,-2.03,9.49,-0.024,-0.107,-0.097,-1.74,-0.24,9.78,0.000000,0.000000,1122.92
20.64,94348.68,54.14,597.72,0.21,-1.46,9.86,0.057,-0.055,-0.426,-1.24,-2.62,7.97,0.000000,0.000000,1123.46
20.69,94355.50,54.14,597.12,-0.25,-0.91,10.42,0.188,0.540,-0.401,-1.24,0.24,10.24,0.000000,0.000000,1124.00
20.48,94322.63,54.12,600.02,-6.38,0.09,6.56,0.504,1.206,0.859,-0.23,5.48,6.61,0.000000,0.000000,1124.54
20.92,94389.22,54.14,594.15,-6.79,2.34,6.34,0.181,-0.615,0.169,2.78,6.44,7.97,0.000000,0.000000,1125.08
20.55,94334.88,54.12,598.94,-1.37,0.48,10.65,-0.978,-1.011,-0.585,-0.23,0.24,9.78,0.000000,0.000000,1125.63
20.37,94308.92,54.13,601.23,1.82,-2.81,9.26,0.009,-0.541,0.043,-3.25,-2.15,7.97,0.000000,0.000000,1126.17
20.33,94299.22,54.10,602.09,3.55,-1.29,9.02,0.161,-0.381,-0.042,-1.74,-4.05,8.42,0.000000,0.000000,1126.71
19.60,94191.48,54.08,611.60,4.48,-0.69,8.66,-0.083,-0.055,-0.019,-0.23,-5.96,8.88,0.000000,0.000000,1127.25
19.72,94212.29,54.07,609.97,3.64,-1.29,9.08,-0.273,0.287,0.138,-0.23,-4.53,8.42,0.000000,0.000000,1127.79
19.48,94172.98,54.05,613.23,3.11,-2.00,9.10,0.011,-0.037,-0.012,-1.74,-4.05,7.52,0.000000,0.000000,1128.33
19.90,94232.47,54.05,607.98,-0.66,-1.56,10.39,0.436,0.995,-0.157,-0.74,0.24,9.33,0.000000,0.000000,1128.87
21.48,94470.09,54.12,587.02,-1.33,-0.49,9.33,0.143,0.050,0.282,-0.74,1.67,8.42,0.000000,0.000000,1129.41
18.85,94077.02,54.02,621.71,-1.70,-0.07,9.66,0.008,-0.181,1.014,-0.74,1.19,7.52,0.000000,0.000000,1129.95
21.75,94497.02,54.11,584.65,-2.01,0.83,9.58,0.050,0.018,-0.450,0.77,1.19,9.78,0.000000,0.000000,1130.49
22.84,94669.23,54.16,569.49,-2.52,3.51,9.87,-0.112,0.406,0.118,3.79,1.67,7.07,0.000000,0.000000,1131.03
20.31,94294.63,54.08,602.49,-3.42,3.55,8.43,-0.096,0.016,-0.471,4.29,3.10,7.97,0.000000,0.000000,1131.58
22.77,94663.41,54.17,570.00,-3.92,2.72,8.89,0.045,-0.097,0.228,2.78,1.67,7.97,0.000000,0.000000,1132.12
21.76,94513.01,54.17,583.24,0.50,7.32,7.02,1.345,-0.805,0.898,7.31,-0.72,6.61,0.000000,0.000000,1132.66
21.26,94436.98,54.15,589.94,3.60,9.09,4.04,0.247,0.111,-0.164,9.82,-3.10,3.90,0.000000,0.000000,1133.20
21.10,94412.16,54.13,592.13,1.37,7.82,4.92,-0.134,-0.128,-0.414,8.81,-0.72,2.09,0.000000,0.000000,1133.74
22.62,94634.83,54.19,572.51,-4.19,10.00,2.38,0.123,-0.145,-1.258,10.32,4.05,2.54,0.000000,0.000000,1134.29
22.76,94653.58,54.21,570.86,-4.88,7.53,2.38,-0.001,0.087,0.032,7.81,5.01,1.18,0.000000,0.000000,1134.82
22.68,94644.10,54.22,571.70,-4.52,7.59,3.34,-0.431,-0.273,0.417,8.31,4.05,3.90,0.000000,0.000000,1135.37
22.56,94625.88,54.21,573.30,-2.10,7.85,5.19,0.200,-0.469,-0.161,7.81,1.19,4.80,0.000000,0.000000,1135.91
20.85,94373.22,54.15,595.56,-1.91,6.94,7.21,0.350,-0.528,0.063,7.31,2.15,7.52,0.000000,0.000000,1136.45
21.05,94401.27,54.17,593.08,1.88,9.90,0.44,0.430,-0.594,-0.454,10.32,-1.19,-0.18,0.000000,0.000000,1137.00
20.31,94292.86,54.14,602.65,1.17,9.67,2.06,-0.007,0.209,0.048,10.82,-0.72,0.73,0.000000,0.000000,1137.53
20.16,94268.16,54.14,604.83,7.61,6.39,3.47,-0.323,0.058,1.529,6.80,-8.35,2.99,0.000000,0.000000,1138.07
20.57,94327.70,54.13,599.57,9.35,2.10,3.15,-0.204,-0.301,0.367,2.28,-9.30,1.18,0.000000,0.000000,1138.62
20.41,94303.15,54.12,601.74,9.19,0.78,3.60,-0.255,-0.033,0.429,1.27,-8.82,3.44,0.000000,0.000000,1139.16
20.76,94356.61,54.12,597.02,9.33,0.46,4.09,-0.163,0.075,-0.306,0.27,-9.78,1.18,0.000000,0.000000,1139.70
20.55,94318.98,54.12,600.34,9.88,-0.71,0.87,-0.172,-0.127,-0.047,-0.23,-9.30,-0.18,0.000000,0.000000,1140.25
20.42,94302.38,54.08,601.81,9.31,-0.82,2.52,0.121,-0.285,-0.326,-0.23,-9.30,1.18,0.000000,0.000000,1140.78
20.54,94319.56,54.08,600.29,13.16,1.31,4.41,0.168,-0.821,0.474,2.78,-12.16,2.99,0.000000,0.000000,1141.32
20.56,94316.09,54.07,600.60,4.99,-0.05,-1.55,0.278,0.416,-0.190,0.27,-5.01,-2.44,0.000000,0.000000,1141.87
20.46,94307.45,54.04,601.36,13.29,0.86,6.24,-0.180,0.428,0.033,1.27,-14.54,2.99,0.000000,0.000000,1142.41
20.47,94304.19,54.02,601.65,6.67,0.22,1.77,0.003,-0.964,-0.059,0.77,-5.96,1.18,0.000000,0.000000,1142.95
20.39,94291.51,54.01,602.77,9.65,0.17,1.25,-0.037,-0.010,-0.045,0.27,-9.78,-0.18,0.000000,0.000000,1143.49
20.46,94302.50,54.02,601.80,9.72,0.20,1.62,-0.035,0.015,-0.014,1.78,-9.30,0.73,0.000000,0.000000,1144.03
20.47,94302.97,54.01,601.76,9.54,0.17,1.89,-0.048,-0.121,-0.052,1.27,-10.25,-1.08,0.000000,0.000000,1144.58
20.49,94306.27,54.01,601.46,9.94,0.00,1.87,0.020,-0.139,0.216,0.77,-9.30,-1.54,0.000000,0.000000,1145.12
20.55,94313.02,54.00,600.87,9.54,0.82,1.27,-0.092,0.056,0.120,1.27,-8.82,-0.18,0.000000,0.000000,1145.66
20.50,94305.23,53.98,601.56,9.58,0.33,1.89,-0.079,-0.046,-0.009,0.77,-9.30,0.73,0.000000,0.000000,1146.20
20.64,94324.17,53.96,599.89,9.69,0.22,1.19,0.313,-0.287,-0.065,0.77,-8.82,-1.08,0.000000,0.000000,1146.74
20.53,94311.70,53.94,600.99,9.24,-0.68,3.13,-0.284,-0.263,-0.092,0.27,-9.30,-1.08,0.000000,0.000000,1147.28
20.95,94370.11,53.95,595.83,9.97,0.13,0.59,0.140,-0.552,-0.142,0.77,-9.78,-1.54,0.000000,0.000000,1147.82
20.57,94316.31,53.93,600.58,9.21,0.94,6.08,-0.249,-0.186,-0.230,1.27,-9.78,4.80,0.000000,0.000000,1148.36
20.94,94372.03,53.94,595.66,9.24,0.48,-2.67,0.134,0.562,-0.206,0.77,-7.87,-7.87,0.000000,0.000000,1148.91
20.49,94304.05,53.90,601.66,9.94,0.83,5.11,-0.186,-0.455,0.008,1.78,-10.25,3.90,0.000000,0.000000,1149.45
20.72,94338.00,53.90,598.67,10.05,0.65,-2.85,0.081,-0.387,-0.367,0.77,-8.82,-5.61,0.000000,0.000000,1149.99
20.45,94296.08,53.87,602.36,8.93,1.02,6.13,-0.205,-0.370,0.159,1.27,-9.78,4.80,0.000000,0.000000,1150.53
20.44,94296.70,53.86,602.31,9.91,0.89,-1.67,0.189,-0.255,0.038,2.28,-9.30,-5.61,0.000000,0.000000,1151.07
20.45,94294.23,53.85,602.53,9.96,0.96,3.25,-0.204,0.696,0.017,1.78,-8.82,2.99,0.000000,0.000000,1151.61
20.33,94275.32,53.84,604.20,10.33,-0.11,-1.41,-0.002,-0.139,-0.079,1.27,-10.73,-3.80,0.000000,0.000000,1152.16
20.59,94314.30,53.83,600.76,9.59,0.63,2.33,0.104,-0.083,0.070,1.27,-9.30,1.18,0.000000,0.000000,1152.69
20.44,94292.75,53.82,602.66,9.27,1.22,2.41,-0.058,-0.095,-0.055,1.27,-8.35,0.73,0.000000,0.000000,1153.24
20.69,94327.93,53.81,599.55,9.18,0.90,1.94,-0.948,-0.130,0.021,1.27,-7.87,2.09,0.000000,0.000000,1153.78
20.53,94307.67,53.78,601.34,9.02,-1.80,1.87,1.128,0.188,-0.158,-0.23,-9.78,0.73,0.000000,0.000000,1154.32
20.82,94348.41,53.79,597.75,9.77,2.42,1.52,-0.632,0.242,0.257,2.78,-11.21,-0.18,0.000000,0.000000,1154.86
22.09,94537.41,53.84,581.09,10.22,-1.14,1.62,0.582,0.178,-0.248,-1.24,-8.82,1.18,0.000000,0.000000,1155.40
22.59,94615.84,53.87,574.18,11.16,0.39,0.19,-0.747,0.152,-0.257,0.27,-11.21,-0.63,0.000000,0.000000,1155.95
22.62,94624.30,53.86,573.44,9.24,0.40,2.61,0.725,0.210,0.058,1.78,-7.87,1.18,0.000000,0.000000,1156.48
22.81,94654.09,53.89,570.82,11.07,0.32,1.44,-1.014,-0.022,0.429,0.27,-11.68,-2.44,0.000000,0.000000,1157.03
22.78,94649.84,53.89,571.19,10.80,0.62,1.54,0.731,0.056,-0.130,1.27,-9.78,1.18,0.000000,0.000000,1157.57
22.84,94657.88,53.89,570.49,10.77,-1.26,1.86,-0.695,0.141,0.170,0.27,-11.21,-0.18,0.000000,0.000000,1158.11
22.10,94547.50,53.87,580.20,10.00,3.75,2.27,0.763,-0.028,0.130,4.29,-9.78,-1.08,0.000000,0.000000,1158.65
22.81,94651.94,53.88,571.01,8.44,0.23,1.51,-0.595,0.880,0.447,0.27,-8.82,0.73,0.000000,0.000000,1159.19
22.51,94608.48,53.87,574.83,9.46,1.92,2.59,-0.430,0.078,-1.345,2.28,-9.30,-0.63,0.000000,0.000000,1159.73
21.98,94527.56,53.84,581.96,6.26,6.24,4.79,0.304,2.015,-1.803,6.80,-6.44,3.90,0.000000,0.000000,1160.27
21.65,94480.35,53.84,586.12,8.16,0.50,2.40,0.920,0.063,1.129,1.78,-7.87,-0.63,0.000000,0.000000,1160.82
22.22,94563.60,53.85,578.78,9.45,3.82,0.83,0.651,-0.012,-0.303,4.79,-8.35,-2.44,0.000000,0.000000,1161.36
22.56,94611.56,53.85,574.56,9.19,-3.09,2.92,-1.001,-0.669,0.439,-3.75,-8.35,1.18,0.000000,0.000000,1161.90
22.54,94612.05,53.86,574.52,9.62,3.40,2.08,1.065,-0.086,-0.246,2.78,-9.30,-1.54,0.000000,0.000000,1162.44
22.63,94624.69,53.85,573.41,10.09,-3.45,2.76,-1.092,-0.393,0.268,-3.75,-10.73,1.18,0.000000,0.000000,1162.99
22.66,94630.45,53.87,572.90,10.44,6.08,1.78,1.787,-0.106,0.304,6.80,-9.30,-1.54,0.000000,0.000000,1163.52
22.57,94613.98,53.86,574.35,10.61,1.97,4.76,-2.580,0.204,0.922,2.78,-11.21,2.09,0.000000,0.000000,1164.07
22.63,94621.39,53.85,573.70,10.69,-4.55,4.28,1.748,-0.107,-1.274,-5.26,-11.21,2.99,0.000000,0.000000,1164.61
22.36,94582.90,53.85,577.08,8.52,1.27,2.56,-0.504,-0.427,-0.469,1.78,-7.87,-0.18,0.000000,0.000000,1165.15
22.01,94528.64,53.82,581.86,9.67,0.18,2.50,-0.059,-0.729,0.013,-0.23,-9.78,1.63,0.000000,0.000000,1165.69
21.16,94401.20,53.79,593.09,6.57,1.28,5.36,-0.428,4.133,-0.498,1.27,-6.92,2.99,0.000000,0.000000,1166.23
20.35,94279.84,53.73,603.80,11.11,0.45,-0.57,0.595,-4.274,0.460,0.27,-11.68,-1.54,0.000000,0.000000,1166.78
20.38,94276.66,53.69,604.08,4.50,-0.00,11.19,-0.416,3.134,-0.675,0.77,-5.96,7.07,0.000000,0.000000,1167.32
20.70,94325.59,53.69,599.76,10.77,-0.45,-7.92,0.368,-1.399,0.090,0.27,-8.35,-8.78,0.000000,0.000000,1167.86
20.47,94287.08,53.66,603.16,8.75,1.98,5.52,-0.278,-0.543,0.672,2.78,-10.25,2.99,0.000000,0.000000,1168.40
20.61,94308.98,53.66,601.23,7.72,-0.84,-3.81,0.893,-0.914,-0.872,0.77,-7.39,-4.25,0.000000,0.000000,1168.94
20.54,94294.39,53.62,602.51,15.06,-0.63,-2.66,-0.096,3.394,-0.135,-0.23,-15.02,-4.25,0.000000,0.000000,1169.49
20.58,94303.20,53.61,601.74,0.39,1.35,3.87,0.580,-2.866,0.757,2.28,0.24,5.26,0.000000,0.000000,1170.02
20.49,94285.13,53.61,603.33,20.55,-0.58,10.70,-0.059,0.586,-0.668,-0.23,-21.22,5.26,0.000000,0.000000,1170.57
20.55,94294.64,53.60,602.49,-1.50,0.30,0.23,-0.237,-0.804,0.454,0.27,2.62,-0.63,0.000000,0.000000,1171.11
20.66,94311.64,53.58,600.99,15.63,-0.30,12.53,0.029,-1.901,0.049,-0.74,-16.93,7.07,0.000000,0.000000,1171.65
20.48,94284.53,53.58,603.38,2.06,-0.44,-2.77,0.345,0.210,0.693,0.27,-0.24,-1.08,0.000000,0.000000,1172.19
20.59,94299.36,53.59,602.07,11.49,-0.89,6.03,-0.060,-0.119,0.125,-0.74,-11.21,3.90,0.000000,0.000000,1172.73
20.56,94295.45,53.58,602.42,6.39,-4.68,6.01,0.413,-1.233,-0.399,-4.76,-6.44,5.71,0.000000,0.000000,1173.28
21.05,94365.58,53.60,596.23,8.73,-2.48,3.22,0.010,-0.497,-0.425,-2.75,-8.35,2.09,0.000000,0.000000,1173.82
21.86,94486.38,53.62,585.58,9.73,-0.68,2.44,-0.532,0.057,0.302,-0.74,-11.21,-0.18,0.000000,0.000000,1174.36
21.61,94457.94,53.63,588.09,9.78,-1.25,0.84,-1.638,-1.201,1.372,-0.23,-8.82,0.28,0.000000,0.000000,1174.90
20.33,94265.13,53.61,605.10,7.91,-4.79,-1.96,0.332,-0.346,0.379,-4.76,-8.35,-3.80,0.000000,0.000000,1175.45
20.37,94272.80,53.60,604.42,7.89,-5.67,-1.78,0.320,0.014,0.270,-5.76,-5.96,-2.44,0.000000,0.000000,1175.99
20.01,94217.87,53.59,609.27,8.07,-6.87,-0.57,0.933,0.128,-1.870,-6.26,-7.87,-2.44,0.000000,0.000000,1176.53
21.35,94418.14,53.64,591.60,9.91,-1.37,0.69,0.449,0.020,-0.659,-1.74,-8.82,-4.25,0.000000,0.000000,1177.07
20.70,94323.99,53.61,599.90,9.70,-0.25,0.54,-0.050,-0.141,-0.011,-0.23,-9.30,-1.54,0.000000,0.000000,1177.61
20.72,94327.77,53.63,599.57,9.66,0.18,0.76,-0.289,-0.140,0.073,1.27,-9.78,-2.44,0.000000,0.000000,1178.15
21.18,94393.95,53.65,593.73,8.08,-2.36,-4.53,-0.096,-2.213,1.075,-1.74,-7.39,-5.16,0.000000,0.000000,1178.70
20.80,94335.28,53.64,598.91,-0.83,-5.75,-7.96,0.141,-0.904,0.686,-6.26,1.19,-7.87,0.000000,0.000000,1179.24
20.91,94351.47,53.64,597.48,-1.90,-5.94,-7.75,0.038,-0.309,0.071,-5.26,3.58,-6.97,0.000000,0.000000,1179.78
20.67,94316.58,53.61,600.56,-3.64,-5.17,-7.43,0.132,0.115,0.177,-5.26,3.58,-6.97,0.000000,0.000000,1180.32
20.77,94329.45,53.62,599.42,-4.19,-4.47,-7.51,-0.092,-0.126,0.812,-3.75,6.44,-6.52,0.000000,0.000000,1180.86
20.67,94317.13,53.62,600.51,-7.02,-1.26,-6.62,-0.254,-0.608,0.251,-4.76,10.25,-5.16,0.000000,0.000000,1181.40
20.96,94360.94,53.63,596.64,-8.40,-1.32,-4.75,-0.266,-0.719,0.241,-1.24,9.30,-3.35,0.000000,0.000000,1181.94
21.73,94471.98,53.66,586.85,-9.28,-0.54,-3.50,-0.439,0.019,0.202,-0.74,8.82,-2.44,0.000000,0.000000,1182.49
22.10,94530.38,53.69,581.71,-9.18,0.27,-2.91,0.128,0.115,0.141,-0.23,8.82,-2.44,0.000000,0.000000,1183.03
21.90,94498.63,53.69,584.51,-8.99,2.62,-2.88,-0.081,-0.224,0.486,2.78,9.78,-1.54,0.000000,0.000000,1183.57
21.89,94500.34,53.70,584.35,-8.65,4.11,-2.72,0.003,-0.117,0.133,3.79,8.82,-1.54,0.000000,0.000000,1184.11
22.07,94525.59,53.71,582.13,-7.22,5.84,-2.33,-0.016,-0.015,0.066,6.80,7.39,-1.08,0.000000,0.000000,1184.65
21.92,94502.18,53.71,584.19,-7.30,6.16,-2.21,0.009,-0.053,-0.031,6.80,7.39,-1.54,0.000000,0.000000,1185.19
22.04,94521.37,53.73,582.50,-6.93,6.34,-2.32,0.036,-0.195,-0.230,6.80,7.87,-1.54,0.000000,0.000000,1185.73
21.98,94514.10,53.73,583.14,-7.60,5.55,-2.35,-0.014,-0.085,-0.010,5.80,7.87,-1.54,0.000000,0.000000,1186.28
22.18,94540.00,53.74,580.86,-8.10,4.86,-2.54,-0.029,-0.103,0.031,4.79,7.87,-1.54,0.000000,0.000000,1186.82
21.81,94532.73,53.78,585.45,-8.75,3.28,-2.59,0.341,-0.233,-0.298,3.79,9.30,-1.99,0.000000,0.000000,1187.36
22.02,94516.75,53.74,582.91,-9.14,2.12,-2.35,-0.038,-0.024,-0.156,2.28,8.34,-2.44,0.000000,0.000000,1187.90
21.71,94469.91,53.73,587.04,-9.36,1.60,-1.83,0.271,-0.141,-0.144,1.78,9.30,-1.08,0.000000,0.000000,1188.44
21.30,94408.05,53.73,592.49,-9.28,2.33,-2.74,-0.337,0.052,0.095,2.28,10.25,-1.54,0.000000,0.000000,1188.98
21.14,94383.19,53.72,594.68,-9.35,2.04,-2.49,0.053,-0.124,0.098,2.28,9.78,-2.89,0.000000,0.000000,1189.52
20.04,94221.88,53.67,608.91,-9.27,1.89,-2.37,-0.044,-0.094,-0.144,1.78,8.82,-1.54,0.000000,0.000000,1190.07
20.59,94297.13,53.70,602.27,-8.96,1.28,-2.83,0.123,-0.152,-0.244,1.27,8.82,-2.89,0.000000,0.000000,1190.61
21.36,94414.63,53.72,591.91,-9.26,1.09,-2.69,-0.674,0.264,-0.409,1.27,9.78,-1.08,0.000000,0.000000,1191.15
21.28,94406.88,53.74,592.59,-9.58,0.34,-2.48,1.389,-1.970,0.118,0.27,9.78,-1.99,0.000000,0.000000,1191.69
22.03,94515.63,53.77,583.01,-4.67,0.50,-11.05,0.029,-4.772,0.273,-0.23,5.96,-11.04,0.000000,0.000000,1192.23
22.20,94541.45,53.80,580.73,-1.16,-6.19,-9.13,-2.201,4.069,0.767,-6.26,2.15,-7.42,0.000000,0.000000,1192.78
22.13,94531.03,53.82,581.65,8.48,2.18,-3.98,-4.812,-0.098,-1.599,3.79,-6.44,-5.16,0.000000,0.000000,1193.32
22.06,94517.92,53.81,582.81,-7.63,4.20,-2.19,2.146,-1.527,-2.212,4.29,5.96,-1.99,0.000000,0.000000,1193.86
22.07,94519.12,53.82,582.70,-9.23,-0.70,-2.25,0.523,-0.483,0.053,-1.24,10.25,-2.44,0.000000,0.000000,1194.40
22.17,94539.07,53.84,580.94,-9.56,-1.63,-1.89,0.330,0.033,-0.054,-1.74,8.82,0.28,0.000000,0.000000,1194.94
22.05,94518.46,53.84,582.76,-9.37,-1.41,-2.23,-0.017,-0.041,-0.020,-0.74,9.78,-1.99,0.000000,0.000000,1195.49
22.02,94515.23,53.86,583.04,-9.43,-1.40,-2.06,0.031,-0.106,-0.010,-1.24,9.78,-0.63,0.000000,0.000000,1196.02
22.02,94513.09,53.86,583.23,-9.46,-1.44,-2.10,-0.044,-0.075,-0.017,-2.24,9.78,-1.08,0.000000,0.000000,1196.57
22.02,94515.41,53.86,583.03,-9.34,-1.38,-2.10,-0.003,-0.011,0.030,-0.74,9.78,-0.63,0.000000,0.000000,1197.11
22.12,94529.05,53.86,581.83,-9.13,0.37,-3.62,0.162,-0.295,0.317,0.27,8.34,-3.80,0.000000,0.000000,1197.64
22.20,94538.92,53.87,580.96,-9.59,0.61,-3.52,0.366,-0.036,-0.146,-0.23,9.78,-1.54,0.000000,0.000000,1198.19
22.25,94547.34,53.87,580.21,-9.04,0.25,-3.41,-0.080,-0.093,-0.097,0.77,8.34,-2.44,0.000000,0.000000,1198.73
23.10,94672.72,53.90,569.18,-8.27,-0.02,-2.59,-0.621,0.201,-0.098,0.77,8.82,-1.08,0.000000,0.000000,1199.27
22.21,94540.96,53.88,580.73,-8.42,0.25,-3.94,0.573,-0.318,0.105,-0.74,8.34,-2.89,0.000000,0.000000,1199.82
22.25,94545.25,53.88,580.40,-9.79,-0.39,-2.32,-0.154,0.002,-0.147,-0.23,10.73,-0.63,0.000000,0.000000,1200.36
22.16,94531.22,53.90,581.63,-9.09,-3.40,-0.88,0.934,-0.273,-1.485,-3.25,8.34,0.28,0.000000,0.000000,1200.90
22.65,94603.16,53.90,575.30,-6.01,-7.62,-1.88,0.062,0.097,0.663,-7.27,6.44,-0.63,0.000000,0.000000,1201.44
22.26,94546.18,53.88,580.32,-9.56,0.44,-2.14,-0.483,0.182,0.760,0.27,10.73,-0.18,0.000000,0.000000,1201.98
22.37,94559.97,53.90,579.10,-6.66,1.79,-7.53,-0.257,-0.046,-0.663,2.28,7.87,-7.87,0.000000,0.000000,1202.52
22.27,94545.95,53.90,580.34,-9.52,2.02,-1.16,0.728,-0.186,-0.733,2.78,9.78,1.18,0.000000,0.000000,1203.16
22.29,94550.21,53.89,579.96,-9.37,-0.10,-1.86,-0.049,0.317,-0.032,0.27,9.78,0.28,0.000000,0.000000,1203.60
22.30,94548.88,53.89,580.08,-9.64,-1.28,-2.01,0.123,-0.197,-0.126,-0.74,9.30,-0.63,0.000000,0.000000,1204.14
22.86,94630.73,53.91,572.87,-9.56,-0.54,-0.99,0.069,-0.178,0.238,-1.24,9.30,-1.99,0.000000,0.000000,1204.69
22.52,94580.05,53.92,577.33,-9.44,0.25,-1.47,-0.161,0.052,0.078,0.27,9.78,-2.44,0.000000,0.000000,1205.23
22.38,94558.98,53.89,579.19,-9.59,0.03,-1.29,-0.403,0.129,0.027,-0.74,8.82,0.73,0.000000,0.000000,1205.77
22.12,94522.39,53.88,582.41,-9.72,0.26,-0.41,-0.010,-0.137,-0.030,0.27,10.25,-1.08,0.000000,0.000000,1206.31
22.28,94545.88,53.89,580.34,-9.61,0.15,-1.18,-0.039,-0.003,0.022,-0.23,9.30,-0.18,0.000000,0.000000,1206.85
22.17,94528.64,53.90,581.86,-9.69,0.46,-1.35,-0.228,0.040,0.152,0.77,10.25,-2.89,0.000000,0.000000,1207.39
21.89,94487.27,53.87,585.51,-10.06,-0.18,-0.39,0.264,0.106,-0.409,-0.23,9.30,0.28,0.000000,0.000000,1207.93
22.05,94510.48,53.88,583.46,-8.50,-0.64,-1.82,0.406,0.048,0.092,-1.24,7.87,-0.18,0.000000,0.000000,1208.48
22.09,94517.50,53.90,582.84,-10.14,0.42,-2.09,0.671,-0.281,0.234,1.27,11.21,0.28,0.000000,0.000000,1209.02
21.46,94425.88,53.88,590.92,-10.04,-0.72,0.01,0.948,-0.284,0.074,-0.74,8.82,1.18,0.000000,0.000000,1209.56
21.47,94424.15,53.87,591.07,-9.47,-1.02,-1.27,1.401,-0.006,0.246,-0.23,10.25,-0.18,0.000000,0.000000,1210.10
21.50,94428.61,53.88,590.68,-9.62,-0.48,-1.68,0.241,-0.056,-0.038,-0.74,8.82,-0.63,0.000000,0.000000,1210.64
21.41,94416.70,53.87,591.73,-9.57,-0.50,-1.37,-0.196,-0.047,-0.014,-0.23,8.82,-0.18,0.000000,0.000000,1211.19
21.52,94429.84,53.89,590.57,-9.75,-0.40,-1.57,0.034,-0.054,-0.021,-0.74,10.25,-0.18,0.000000,0.000000,1211.73
21.37,94406.94,53.88,592.59,-8.78,-0.02,-2.23,-0.975,-0.086,-0.242,-0.74,8.34,-2.44,0.000000,0.000000,1212.27
21.43,94415.37,53.88,591.84,-7.97,-0.87,-0.78,-1.030,0.222,-0.194,-0.74,8.82,0.73,0.000000,0.000000,1212.81
21.26,94390.48,53.86,594.04,-0.66,-3.23,-3.11,-0.390,0.209,1.316,-2.75,0.71,-3.80,0.000000,0.000000,1213.35
21.12,94369.49,53.87,595.89,-29.17,-0.39,-2.39,0.424,-0.160,-2.122,-1.74,28.37,2.54,0.000000,0.000000,1213.90
21.09,94361.67,53.88,596.58,0.64,-9.13,-0.01,-0.372,-0.131,1.400,-7.27,0.24,0.28,0.000000,0.000000,1214.43
21.20,94378.73,53.87,595.07,-26.51,1.66,-0.99,1.111,-0.138,-2.788,2.28,23.60,1.18,0.000000,0.000000,1214.98
21.00,94350.73,53.87,597.54,11.63,-11.58,0.05,-0.305,0.070,1.659,-10.79,-11.68,-0.63,0.000000,0.000000,1215.52
21.04,94353.97,53.87,597.26,-14.75,2.05,-5.81,-2.166,0.977,0.200,1.78,15.97,-5.61,0.000000,0.000000,1216.06
23.16,94664.77,53.94,569.88,-2.56,12.39,1.03,0.733,0.795,0.008,13.34,3.10,2.54,0.000000,0.000000,1216.60
21.27,94384.49,53.88,594.56,-2.65,-3.68,-9.91,2.147,0.227,-0.339,4.79,4.53,-10.59,0.000000,0.000000,1217.14
21.56,94428.13,53.89,590.72,2.57,10.50,-7.17,-1.235,-1.154,0.271,5.80,-1.19,-7.87,0.000000,0.000000,1217.68
21.51,94423.79,53.88,591.10,-2.46,-11.46,-9.91,3.241,0.555,-1.086,2.28,3.58,-7.87,0.000000,0.000000,1218.22
21.60,94434.27,53.87,590.18,0.89,10.56,-5.21,-1.125,-1.456,0.950,6.30,1.67,-5.16,0.000000,0.000000,1218.76
21.43,94409.27,53.87,592.38,-2.65,3.57,-12.42,-0.126,-0.976,0.197,4.29,4.05,-13.31,0.000000,0.000000,1219.31
21.44,94410.67,53.86,592.26,6.18,6.37,-8.02,0.071,0.893,1.424,7.81,-3.58,-10.14,0.000000,0.000000,1219.84
21.76,94458.60,53.86,588.03,0.27,2.09,-4.99,0.453,-4.679,-7.496,1.27,-0.24,-7.42,0.000000,0.000000,1220.39
21.51,94421.13,53.83,591.33,-4.91,3.24,-5.40,-1.515,2.249,8.731,2.78,5.96,-5.16,0.000000,0.000000,1220.93
21.31,94390.66,53.78,594.02,10.59,12.19,-2.80,-2.878,0.165,-3.241,15.85,-10.25,-4.25,0.000000,0.000000,1221.47
21.38,94397.74,53.74,593.40,-6.09,9.88,-3.22,2.409,-0.721,-1.815,8.31,6.44,-6.06,0.000000,0.000000,1222.01
21.32,94391.92,53.68,593.91,1.09,14.34,-9.90,-1.467,0.826,2.633,17.36,0.71,-10.59,0.000000,0.000000,1222.55
21.29,94387.02,53.64,594.34,-4.15,3.66,-6.92,1.735,-2.737,-2.671,3.29,5.01,-6.97,0.000000,0.000000,1223.10
21.13,94360.92,53.60,596.64,-9.47,0.90,-3.92,0.200,-0.166,-0.149,0.27,9.30,-2.89,0.000000,0.000000,1223.65
21.11,94357.24,53.57,596.97,-8.69,1.31,-3.33,-0.340,0.268,0.205,1.27,9.30,-3.35,0.000000,0.000000,1224.19
21.35,94395.06,53.57,593.63,-4.28,1.33,-13.57,1.400,2.057,0.198,0.77,6.91,-13.31,0.000000,0.000000,1224.73
21.34,94398.92,53.58,593.29,-3.81,-3.41,-13.41,-1.085,-1.460,0.474,-5.26,6.44,-14.21,0.000000,0.000000,1225.27
21.64,94439.82,53.57,589.69,-8.32,4.74,-5.08,-1.423,-0.603,0.271,4.79,8.82,-4.25,0.000000,0.000000,1225.81
21.23,94377.42,53.56,595.19,-9.52,3.16,-0.55,0.457,0.137,0.231,3.79,9.78,1.18,0.000000,0.000000,1226.35
22.50,94563.77,53.61,578.77,-9.64,3.03,-0.37,-0.248,-0.085,0.145,3.79,10.25,0.73,0.000000,0.000000,1226.89
23.34,94689.75,53.64,567.68,-5.75,6.67,-0.36,0.559,-0.735,1.884,6.80,5.48,-1.08,0.000000,0.000000,1227.43
23.39,94699.36,53.65,566.84,7.61,8.52,4.28,0.365,1.613,1.033,9.82,-6.44,2.99,0.000000,0.000000,1227.97
22.38,94547.83,53.61,580.17,11.47,15.88,-2.67,-1.114,2.827,-1.390,12.84,-11.68,-4.71,0.000000,0.000000,1228.52
23.72,94745.45,53.65,562.78,8.39,12.31,-1.36,0.279,0.199,-8.456,11.33,-7.39,-2.44,0.000000,0.000000,1229.06
22.77,94598.46,53.62,575.71,7.11,21.89,1.35,0.093,0.335,-7.460,17.86,-8.35,1.18,0.000000,0.000000,1229.60
23.41,94692.63,53.61,567.43,6.43,21.00,1.99,0.232,-0.003,-8.731,18.36,-6.44,1.63,0.000000,0.000000,1230.14
23.33,94685.36,53.61,568.07,11.25,11.76,-9.85,0.995,-2.433,-5.199,12.33,-10.73,-10.59,0.000000,0.000000,1230.69
22.78,94602.13,53.55,575.39,6.62,-0.17,12.69,2.524,2.158,0.010,0.27,-8.82,6.61,0.000000,0.000000,1231.22
22.36,94543.13,53.53,580.59,7.57,-0.43,5.70,-6.184,0.665,-0.856,0.27,-7.39,2.99,0.000000,0.000000,1231.76
22.45,94556.23,53.51,579.43,10.33,-0.04,0.73,-8.515,0.850,-2.549,1.27,-9.30,-2.44,0.000000,0.000000,1232.31
22.98,94631.66,53.53,572.79,7.66,4.02,1.41,7.460,-1.993,2.943,3.79,-7.87,0.28,0.000000,0.000000,1232.85
22.25,94521.14,53.49,582.52,8.70,-5.51,1.49,-3.568,2.587,-0.135,-3.25,-9.78,-0.18,0.000000,0.000000,1233.39
22.21,94517.64,53.47,582.83,10.30,1.88,2.29,-7.928,1.431,-1.700,2.28,-9.78,1.18,0.000000,0.000000,1233.93
22.19,94514.77,53.45,583.08,12.46,3.77,-6.31,-6.824,0.105,-1.540,5.30,-10.73,-9.69,0.000000,0.000000,1234.47
21.78,94446.69,53.43,589.08,13.48,3.25,-1.76,-8.203,0.256,-1.538,6.30,-13.11,-7.42,0.000000,0.000000,1235.02
22.43,94547.95,53.43,580.16,10.65,3.03,-1.16,-8.731,0.668,-1.801,3.79,-10.25,-4.25,0.000000,0.000000,1235.56
21.91,94467.80,53.39,587.22,11.46,3.86,-0.69,-2.934,-0.324,-1.958,5.30,-10.73,-1.54,0.000000,0.000000,1236.10
23.16,94656.34,53.43,570.62,1.20,-11.14,-2.47,0.598,-0.785,-4.331,-9.78,-1.67,-2.89,0.000000,0.000000,1236.64
23.11,94647.83,53.41,571.37,9.45,3.22,2.20,2.942,1.340,-8.731,1.27,-9.78,0.73,0.000000,0.000000,1237.18
22.76,94596.59,53.36,575.88,10.89,18.02,1.74,-1.130,1.627,1.839,17.36,-10.73,-1.08,0.000000,0.000000,1237.72
22.71,94588.34,53.38,576.60,9.36,-1.47,2.69,-1.301,-1.768,7.486,0.77,-10.25,1.63,0.000000,0.000000,1238.26
23.16,94658.58,53.32,570.42,-0.09,-15.52,-0.54,-0.740,-1.863,3.268,-11.79,-0.24,-0.18,0.000000,0.000000,1238.81
22.86,94611.14,53.30,574.60,1.32,-12.84,-2.44,1.253,-0.100,-6.277,-12.30,0.24,-3.35,0.000000,0.000000,1239.35
23.00,94630.59,53.27,572.89,9.34,6.40,-0.30,1.082,0.601,-8.219,6.30,-9.30,-2.44,0.000000,0.000000,1239.89
22.60,94569.16,53.23,578.29,6.65,0.70,0.98,0.832,0.822,-7.329,-0.74,-7.87,-1.08,0.000000,0.000000,1240.43
23.10,94645.77,53.24,571.55,9.04,-6.18,-0.09,1.764,1.189,-6.617,-5.26,-8.35,-1.08,0.000000,0.000000,1240.97
22.80,94602.06,53.21,575.40,5.63,-6.73,0.35,1.707,0.224,-5.875,-7.27,-6.92,-0.18,0.000000,0.000000,1241.51
23.10,94644.32,53.19,571.68,5.50,-6.48,-0.43,1.288,0.803,-4.568,-5.76,-4.05,-0.63,0.000000,0.000000,1242.06
23.16,94655.33,53.18,570.71,3.44,-10.85,-2.01,0.063,-0.844,0.702,-9.78,-3.58,-3.80,0.000000,0.000000,1242.60
23.15,94652.50,53.18,570.96,7.23,-7.92,-1.61,0.090,-0.196,-0.695,-6.26,-6.44,-2.44,0.000000,0.000000,1243.14
22.36,94536.66,53.15,581.16,6.40,1.52,6.57,-1.593,0.771,-0.552,1.78,-6.44,4.80,0.000000,0.000000,1243.68
22.19,94513.30,53.13,583.21,4.22,0.47,8.17,-0.495,0.628,0.065,1.27,-4.53,7.52,0.000000,0.000000,1244.22
22.19,94514.44,53.15,583.11,2.85,1.12,6.44,-0.226,-0.530,-0.359,1.27,-4.53,2.99,0.000000,0.000000,1244.76
22.24,94519.48,53.15,582.67,2.27,2.11,9.35,-0.090,-0.382,-0.388,3.29,-3.10,8.88,0.000000,0.000000,1245.30
22.30,94526.83,53.14,582.02,3.54,3.78,8.06,0.021,-0.540,-0.415,3.29,-4.05,7.07,0.000000,0.000000,1245.84
22.64,94576.87,53.13,577.62,3.97,1.32,5.50,-3.408,-0.847,2.439,1.27,-4.05,3.90,0.000000,0.000000,1246.38
20.90,94319.42,53.10,600.30,2.89,-2.97,10.54,-1.292,-2.321,-1.698,-3.25,-4.53,9.78,0.000000,0.000000,1246.93
22.53,94557.73,53.11,579.05,6.42,-0.26,9.30,-1.684,0.051,1.128,1.27,-8.35,7.52,0.000000,0.000000,1247.46
22.99,94630.28,53.18,572.91,2.75,0.98,8.91,-0.422,0.508,0.334,1.27,-3.58,7.07,0.000000,0.000000,1248.00
22.99,94628.17,53.19,573.10,3.47,-1.80,6.23,0.369,-1.104,1.350,-1.74,-3.58,3.44,0.000000,0.000000,1248.55
22.91,94617.95,53.20,574.00,6.58,1.34,6.19,1.475,-1.224,-0.523,1.27,-6.44,5.71,0.000000,0.000000,1249.09
23.20,94662.36,53.21,570.09,3.03,-1.18,9.41,0.498,-0.800,2.923,0.27,-4.05,6.61,0.000000,0.000000,1249.63
21.77,94448.62,53.18,588.91,7.52,0.96,5.42,-4.239,2.391,0.274,0.77,-7.39,3.44,0.000000,0.000000,1250.17
22.49,94550.70,53.17,579.92,9.69,1.61,1.40,2.955,-0.487,-0.676,2.28,-9.78,-0.18,0.000000,0.000000,1250.71
22.11,94496.61,53.15,584.68,4.29,-7.12,8.16,-1.550,-1.903,0.731,-7.27,-4.53,7.07,0.000000,0.000000,1251.26
21.95,94468.73,53.15,587.14,8.03,-4.26,2.12,3.129,-0.372,-2.625,-4.25,-7.39,-0.63,0.000000,0.000000,1251.80
22.73,94585.61,53.18,576.85,4.98,2.48,9.17,-1.800,2.657,-1.439,4.29,-5.01,8.88,0.000000,0.000000,1252.34
22.61,94567.91,53.18,578.40,4.40,-0.32,7.46,0.745,0.206,-1.379,-0.23,-6.44,6.16,0.000000,0.000000,1252.88
22.54,94556.22,53.20,579.43,2.89,4.48,6.89,-0.178,0.377,-0.617,5.30,-2.62,6.61,0.000000,0.000000,1253.42
21.69,94434.06,53.16,590.19,2.57,4.44,8.12,-0.410,-0.319,0.063,4.79,-4.53,6.61,0.000000,0.000000,1253.96
21.55,94411.10,53.15,592.22,3.87,2.82,8.60,-0.116,-0.030,0.202,4.29,-4.05,7.52,0.000000,0.000000,1254.50
21.61,94418.26,53.15,591.59,3.66,2.02,8.92,-0.126,0.099,-0.052,2.28,-4.53,5.71,0.000000,0.000000,1255.04
21.60,94418.84,53.16,591.54,3.36,1.60,9.12,-0.165,-0.074,0.036,1.78,-4.05,8.42,0.000000,0.000000,1255.59
21.60,94416.23,53.14,591.77,3.44,1.03,8.88,-0.123,-0.021,0.299,1.27,-3.58,6.61,0.000000,0.000000,1256.13
21.49,94399.25,53.13,593.26,3.70,0.21,9.26,-0.143,-0.278,0.037,0.77,-4.53,7.07,0.000000,0.000000,1256.67
21.33,94374.83,53.12,595.42,4.12,0.49,8.89,0.235,0.226,-0.053,0.77,-5.01,7.97,0.000000,0.000000,1257.21
21.52,94400.33,53.11,593.17,3.86,0.35,9.09,-0.237,-0.254,0.106,0.27,-3.58,8.42,0.000000,0.000000,1257.75
22.54,94552.98,53.18,579.72,4.44,-0.37,8.79,-0.020,-0.099,-0.014,0.27,-5.96,7.97,0.000000,0.000000,1258.30
22.82,94589.84,53.16,576.47,4.36,-0.47,8.84,0.020,0.062,-0.091,-0.74,-6.44,7.07,0.000000,0.000000,1258.84
23.03,94624.45,53.18,573.43,4.95,-0.08,8.61,-0.015,-0.156,-0.246,0.27,-5.01,7.97,0.000000,0.000000,1259.38
23.43,94705.36,53.20,568.10,5.77,-0.36,7.89,-0.053,-0.341,0.008,-0.23,-6.44,7.52,0.000000,0.000000,1259.92
23.04,94626.57,53.20,573.24,5.96,-0.40,7.79,-0.076,-0.079,-0.057,0.77,-5.96,7.97,0.000000,0.000000,1260.46
23.45,94687.55,53.21,567.88,6.23,-0.43,7.45,-0.104,-0.066,-0.004,0.77,-6.92,4.80,0.000000,0.000000,1261.00
23.45,94688.06,53.22,567.83,6.16,-0.46,7.44,0.005,0.011,-0.002,0.77,-5.96,7.07,0.000000,0.000000,1261.54
24.95,94931.29,53.60,546.46,2.39,0.73,9.19,0.110,-0.305,0.038,0.77,-4.53,7.07,0.000000,0.000000,1269.38
22.12,94506.58,53.47,583.80,2.35,0.81,9.55,0.034,-0.181,-0.018,1.27,-2.62,7.07,0.000000,0.000000,1269.92
22.39,94538.62,53.45,580.98,2.37,0.52,9.66,-0.104,-0.060,0.115,1.27,-2.62,8.88,0.000000,0.000000,1270.46
22.47,94545.05,53.40,580.42,2.14,1.25,9.37,1.438,-0.092,1.091,1.27,-3.58,7.52,0.000000,0.000000,1271.00
22.21,94510.55,53.36,583.46,3.90,4.33,7.44,-0.190,-0.332,0.017,4.79,-3.58,5.71,0.000000,0.000000,1271.54
22.19,94503.88,53.33,584.04,3.91,5.15,7.55,0.015,-0.160,-0.011,5.30,-4.53,5.71,0.000000,0.000000,1272.08
22.14,94494.24,53.31,584.89,3.52,5.59,7.13,-0.021,0.053,-0.171,6.30,-2.62,6.61,0.000000,0.000000,1272.62
22.15,94494.41,53.31,584.88,0.92,4.27,8.06,-0.360,0.778,-0.806,4.79,-1.67,6.16,0.000000,0.000000,1273.17
22.49,94546.50,53.30,580.29,-1.09,5.08,8.61,0.161,0.032,-0.060,5.80,1.67,8.42,0.000000,0.000000,1273.71
22.48,94545.81,53.29,580.35,-1.30,5.38,8.76,0.154,0.032,-0.079,5.80,-0.24,8.42,0.000000,0.000000,1274.25
22.45,94541.20,53.28,580.76,-1.45,4.13,8.19,-0.486,-0.146,-0.147,4.29,-0.72,6.61,0.000000,0.000000,1274.79
22.51,94547.66,53.28,580.19,-1.05,3.41,9.11,-0.450,-0.415,-0.005,3.79,0.71,8.88,0.000000,0.000000,1275.33
22.55,94553.50,53.27,579.67,-0.81,3.40,10.10,0.284,-0.031,-0.280,3.29,0.71,6.61,0.000000,0.000000,1275.88
22.57,94557.57,53.27,579.31,-0.58,1.80,9.06,0.266,0.169,0.058,1.78,0.71,8.42,0.000000,0.000000,1276.41
22.68,94569.66,53.27,578.25,0.63,2.30,9.43,-0.595,-0.767,-0.195,3.29,-0.72,8.42,0.000000,0.000000,1276.96
22.49,94540.52,53.26,580.82,6.07,3.83,5.10,1.089,-2.929,0.324,4.29,-5.96,3.90,0.000000,0.000000,1277.50
22.69,94571.14,53.29,578.12,2.53,14.21,-1.61,1.098,-0.786,-2.624,15.35,-2.62,-2.89,0.000000,0.000000,1278.05
22.87,94597.58,53.28,575.79,6.67,8.84,-0.93,0.232,0.689,-4.184,9.82,-5.48,-1.54,0.000000,0.000000,1278.58
23.13,94634.34,53.28,572.56,-1.36,7.91,5.13,0.018,0.130,0.944,8.31,0.24,4.35,0.000000,0.000000,1279.12
23.19,94645.62,53.29,571.56,0.44,8.00,5.23,-0.067,-0.189,-0.391,9.82,-0.72,5.71,0.000000,0.000000,1279.66
23.14,94640.52,53.28,572.01,-0.08,7.94,5.13,0.081,-0.250,-0.192,8.81,-1.19,5.26,0.000000,0.000000,1280.21
23.06,94625.63,53.27,573.32,2.73,8.07,1.97,1.075,-1.371,1.857,9.32,-1.19,2.54,0.000000,0.000000,1280.75
23.20,94645.38,53.28,571.58,1.83,18.62,0.45,1.616,-0.426,-6.424,17.86,-2.62,-0.63,0.000000,0.000000,1281.30
23.11,94629.80,53.27,572.96,5.51,-2.20,0.27,-0.460,-0.017,1.095,-1.24,-4.53,-0.18,0.000000,0.000000,1281.84
22.56,94548.64,53.24,580.10,8.28,12.10,1.65,-0.792,1.358,6.391,13.84,-9.30,-0.63,0.000000,0.000000,1282.38
22.74,94574.94,53.23,577.78,4.72,-1.73,-0.23,0.081,-0.686,-3.156,-1.24,-2.62,-0.18,0.000000,0.000000,1282.92
23.59,94699.31,53.24,566.84,8.27,0.88,0.19,-1.289,-0.757,5.166,3.79,-8.82,-1.08,0.000000,0.000000,1283.46
22.17,94489.47,53.17,585.31,4.94,0.76,-0.35,0.526,0.054,-4.473,1.78,-3.58,-0.63,0.000000,0.000000,1284.01
23.23,94646.37,53.18,571.50,6.48,-3.77,0.51,-0.213,-0.867,2.371,-3.75,-6.44,-0.63,0.000000,0.000000,1284.55
22.65,94558.19,53.15,579.26,7.28,-3.16,-4.20,-0.635,-2.672,-2.765,-2.75,-5.96,-6.52,0.000000,0.000000,1285.09
22.46,94529.09,53.14,581.82,7.85,-1.91,0.18,-1.642,-5.032,-0.082,-1.24,-8.82,-0.63,0.000000,0.000000,1285.63
22.90,94595.16,53.14,576.01,6.69,0.88,4.89,-1.008,-2.130,3.456,2.28,-6.44,3.44,0.000000,0.000000,1286.17
23.07,94619.27,53.12,573.88,2.76,14.13,0.64,-1.530,5.066,0.998,14.34,-3.10,-0.63,0.000000,0.000000,1286.71
22.10,94476.16,53.11,586.49,6.53,-0.86,-4.06,-1.229,-1.326,-4.439,0.27,-4.53,-3.80,0.000000,0.000000,1287.26
22.95,94601.05,53.12,575.49,5.66,3.13,4.63,-1.685,-1.873,5.144,4.29,-5.96,3.44,0.000000,0.000000,1287.79
23.08,94620.67,53.10,573.76,3.01,10.99,2.09,-1.925,4.787,1.507,10.32,-2.62,-0.18,0.000000,0.000000,1288.34
22.63,94553.23,53.08,579.70,7.44,-0.80,-3.85,-0.431,-1.590,-5.192,0.27,-6.92,-4.25,0.000000,0.000000,1288.88
22.68,94562.13,53.08,578.91,6.38,3.20,3.83,-2.439,-1.816,3.955,3.79,-5.96,2.54,0.000000,0.000000,1289.42
25.13,94931.64,53.17,546.43,6.65,-3.86,2.85,-0.472,-2.354,0.404,-3.75,-6.92,1.18,0.000000,0.000000,1293.61
22.92,94600.73,53.09,575.51,9.54,5.65,3.13,-0.122,0.128,0.054,4.79,-8.82,1.63,0.000000,0.000000,1294.15
23.18,94636.16,53.09,572.40,8.51,5.02,3.18,-0.938,0.980,-2.242,4.79,-9.30,1.18,0.000000,0.000000,1294.69
22.98,94607.09,53.08,574.95,-1.53,0.38,9.83,-0.939,-0.185,0.013,0.27,0.71,9.78,0.000000,0.000000,1295.23
22.99,94610.19,53.08,574.68,1.50,-0.14,9.79,-0.227,0.083,-0.104,-0.23,-3.10,7.97,0.000000,0.000000,1295.77
23.03,94615.19,53.08,574.24,3.51,0.64,8.84,0.252,-0.655,-0.140,1.27,-4.05,7.97,0.000000,0.000000,1296.31
20.85,94286.66,52.98,603.20,4.82,1.39,8.38,0.091,-0.114,-0.130,1.27,-6.44,6.16,0.000000,0.000000,1296.86
20.84,94282.70,52.97,603.54,5.09,1.56,8.10,0.012,-0.146,-0.096,2.28,-5.01,6.61,0.000000,0.000000,1297.40
21.17,94329.40,52.97,599.42,4.56,1.95,8.57,-0.044,-0.013,-0.106,3.29,-5.01,7.97,0.000000,0.000000,1297.94
21.18,94328.14,52.98,599.53,4.44,2.03,8.65,-0.062,0.069,-0.133,1.78,-4.05,5.26,0.000000,0.000000,1298.48
22.47,94521.02,53.00,582.53,4.12,2.13,8.64,-0.044,0.089,-0.106,1.78,-4.05,7.07,0.000000,0.000000,1299.02
21.92,94440.81,52.98,589.60,3.98,1.97,8.73,-0.049,-0.033,-0.028,2.28,-3.58,4.80,0.000000,0.000000,1299.56
22.29,94496.30,53.00,584.71,3.78,1.92,8.86,-0.049,-0.052,-0.022,2.28,-4.05,7.52,0.000000,0.000000,1300.10
25.07,94929.48,53.41,546.62,3.41,1.44,8.80,0.015,0.128,-0.051,0.27,-4.53,6.16,0.000000,0.000000,1305.87
22.89,94600.75,53.31,575.51,2.99,1.29,9.19,0.065,0.070,-0.096,1.27,-3.58,6.61,0.000000,0.000000,1306.41
22.81,94583.42,53.27,577.04,1.51,4.14,8.23,1.973,-0.046,0.719,4.29,-1.19,7.52,0.000000,0.000000,1306.95
22.92,94598.33,53.24,575.73,1.76,5.96,7.21,0.026,-0.110,-0.009,6.30,-1.67,5.71,0.000000,0.000000,1307.49
22.91,94595.88,53.22,575.94,-0.89,5.65,8.44,-0.428,0.605,0.210,5.80,1.19,7.97,0.000000,0.000000,1308.03
24.09,94769.30,53.24,560.69,-3.63,4.61,6.14,-0.272,0.971,0.935,4.79,3.58,6.61,0.000000,0.000000,1308.57
24.17,94778.98,53.24,559.84,-1.88,1.70,9.34,-1.111,-1.294,-0.892,2.28,3.10,8.88,0.000000,0.000000,1309.12
24.02,94758.84,53.22,561.61,0.99,-0.93,9.85,-0.871,-0.148,-0.598,-0.74,-3.10,7.52,0.000000,0.000000,1309.66
24.11,94771.27,53.22,560.52,1.94,-0.84,9.99,0.034,0.081,0.067,-0.23,-2.62,8.42,0.000000,0.000000,1310.20
24.11,94771.64,53.22,560.48,1.15,-1.26,9.91,-0.026,0.060,-0.212,-1.74,-4.05,7.97,0.000000,0.000000,1310.74
24.11,94772.10,53.22,560.44,1.09,-1.41,9.69,0.057,-0.035,0.105,-0.74,-2.15,9.78,0.000000,0.000000,1311.28
24.10,94771.25,53.21,560.52,0.83,-1.68,9.89,0.166,0.004,0.924,-1.24,-3.10,8.42,0.000000,0.000000,1311.82
24.07,94766.97,53.23,560.89,1.10,-1.04,9.83,0.239,-0.394,0.523,-0.23,-0.72,9.33,0.000000,0.000000,1312.36
24.08,94764.70,53.22,561.09,1.17,0.03,10.23,0.410,-0.255,0.346,-0.23,-3.10,7.97,0.000000,0.000000,1312.90
24.04,94760.87,53.20,561.43,0.22,0.59,9.32,-0.054,-0.242,-0.227,0.77,0.24,9.33,0.000000,0.000000,1313.45
24.06,94764.48,53.19,561.11,1.25,-0.23,9.92,0.087,0.026,0.060,-0.23,-3.10,7.97,0.000000,0.000000,1313.99
24.10,94766.98,53.20,560.89,2.01,-1.29,7.14,1.901,-0.312,0.224,-1.74,-1.19,5.71,0.000000,0.000000,1314.53
24.15,94773.98,53.22,560.28,3.18,3.59,7.70,-3.372,-1.304,0.083,7.81,-5.01,7.07,0.000000,0.000000,1315.07
24.36,94804.80,53.22,557.57,8.43,-8.61,3.31,0.357,-0.132,-0.173,-7.27,-8.35,3.44,0.000000,0.000000,1315.61
24.33,94794.11,53.22,558.02,-3.22,6.59,13.19,0.107,0.329,-0.378,6.30,2.62,11.14,0.000000,0.000000,1316.15
24.19,94781.19,53.22,559.64,3.59,3.04,6.25,-0.523,-1.706,-0.866,4.79,-4.05,6.61,0.000000,0.000000,1316.69
24.32,94801.33,53.22,557.87,11.12,6.13,3.99,-0.205,-1.004,0.679,6.80,-11.68,1.18,0.000000,0.000000,1317.24
22.93,94590.92,53.18,576.38,12.75,11.16,1.21,0.279,-0.327,0.697,11.83,-11.68,-0.63,0.000000,0.000000,1317.79
21.80,94419.69,53.11,591.46,7.64,-3.97,2.25,1.542,0.168,-2.989,-2.75,-8.82,0.28,0.000000,0.000000,1318.32
22.63,94540.27,53.14,580.84,7.72,-1.57,0.77,-1.078,0.679,2.372,-0.74,-6.92,0.73,0.000000,0.000000,1318.86
22.31,94497.05,53.12,584.64,0.99,-1.37,1.22,-0.316,0.549,0.045,-2.24,-0.24,-0.63,0.000000,0.000000,1319.40
22.48,94520.15,53.12,582.61,-0.48,-2.85,1.18,0.382,-0.127,-0.838,-2.24,1.67,1.18,0.000000,0.000000,1319.94
22.54,94530.67,53.13,581.68,2.36,-2.05,2.81,1.234,-0.944,-1.992,-2.24,-2.15,2.99,0.000000,0.000000,1320.48
22.66,94549.61,53.12,580.01,5.67,5.51,5.44,0.860,0.085,0.274,6.30,-4.53,5.71,0.000000,0.000000,1321.02
22.83,94572.19,53.12,578.03,6.24,7.92,2.20,0.066,-0.333,-0.792,8.31,-5.96,1.63,0.000000,0.000000,1321.57
23.17,94624.41,53.12,573.43,6.38,21.50,4.40,5.663,-0.921,-8.731,15.35,-7.39,2.54,0.000000,0.000000,1322.11
23.27,94637.80,53.11,572.25,7.21,2.46,2.71,0.211,0.448,-1.768,3.29,-7.87,2.09,0.000000,0.000000,1322.65
23.27,94638.17,53.11,572.22,-2.16,6.39,6.86,-0.306,1.264,0.712,6.80,2.15,4.35,0.000000,0.000000,1323.19
23.57,94682.59,53.11,568.31,2.53,8.89,4.40,0.496,-2.214,1.880,9.82,-2.62,3.90,0.000000,0.000000,1323.73
23.58,94682.81,53.09,568.29,5.10,4.55,2.52,-1.930,-0.939,2.277,6.30,-4.53,2.09,0.000000,0.000000,1324.27
23.49,94670.18,53.08,569.40,9.17,8.29,3.17,-1.815,0.026,1.558,8.81,-9.30,2.09,0.000000,0.000000,1324.82
23.04,94600.33,53.04,575.55,7.99,6.25,2.77,-0.062,0.497,-1.327,6.80,-7.39,1.63,0.000000,0.000000,1325.36
22.43,94509.91,53.01,583.51,8.13,3.77,3.20,-0.063,-0.166,-0.103,4.29,-7.39,2.54,0.000000,0.000000,1325.90
22.14,94468.78,52.99,587.14,7.30,5.55,2.53,0.730,-0.165,0.148,5.80,-6.44,0.28,0.000000,0.000000,1326.44
23.15,94615.08,53.01,574.25,3.81,-10.88,-1.49,0.787,-1.194,-0.250,-9.78,-3.10,-1.99,0.000000,0.000000,1326.99
23.11,94606.03,52.99,575.05,3.80,-11.84,-1.67,0.436,-1.216,-1.458,-10.79,-2.15,-1.54,0.000000,0.000000,1327.53
23.05,94600.55,52.98,575.53,5.87,-7.79,0.27,-1.018,-0.787,2.529,-6.77,-5.48,0.28,0.000000,0.000000,1328.07
22.58,94531.34,52.96,581.62,8.62,1.20,4.28,0.020,1.196,-0.699,1.27,-9.78,2.54,0.000000,0.000000,1328.61
22.32,94490.28,52.94,585.24,7.29,2.76,5.84,-0.182,0.159,-0.086,3.79,-7.39,6.61,0.000000,0.000000,1329.15
22.27,94484.59,52.94,585.74,6.77,3.16,6.13,-0.061,0.052,-0.340,4.29,-7.39,3.90,0.000000,0.000000,1329.69
22.32,94492.26,52.93,585.07,6.10,2.88,7.27,-0.145,0.087,-0.073,2.78,-6.44,5.71,0.000000,0.000000,1330.23
22.31,94490.23,52.92,585.25,4.62,3.25,7.94,0.051,0.023,-0.073,3.29,-5.01,5.71,0.000000,0.000000,1330.77
22.29,94488.83,52.92,585.37,5.73,0.03,6.52,0.102,-3.067,2.247,1.78,-5.01,6.61,0.000000,0.000000,1331.31
23.15,94609.34,52.94,574.76,5.17,8.68,10.18,-3.408,-1.605,0.534,12.84,-4.05,7.07,0.000000,0.000000,1331.86
22.41,94503.66,52.91,584.06,7.55,12.84,5.16,2.929,0.962,-0.512,12.33,-6.44,2.99,0.000000,0.000000,1332.40
23.34,94646.33,52.95,571.50,8.18,-4.27,-1.19,-1.168,-0.003,-0.092,-2.75,-7.87,-2.44,0.000000,0.000000,1332.94
22.36,94498.15,52.92,584.55,7.64,11.75,5.12,-1.675,-0.099,0.294,12.84,-5.96,2.99,0.000000,0.000000,1333.48
23.90,94724.45,52.95,564.63,4.97,0.81,1.89,4.217,-1.721,2.897,-0.74,-5.01,-1.54,0.000000,0.000000,1334.02
24.05,94746.31,52.96,562.71,8.29,7.24,6.35,-0.996,-2.090,1.179,8.81,-7.87,6.16,0.000000,0.000000,1334.56
22.44,94508.65,52.90,583.62,6.80,4.53,8.61,-0.995,-0.284,-0.151,4.29,-7.39,7.07,0.000000,0.000000,1335.11
22.29,94486.47,52.91,585.58,1.81,-0.44,9.32,-0.796,0.106,-0.899,-0.23,-1.67,8.42,0.000000,0.000000,1335.65
22.29,94483.85,52.90,585.81,2.81,-0.06,9.62,-0.065,-0.092,-0.028,0.77,-5.01,7.52,0.000000,0.000000,1336.19
22.31,94487.28,52.89,585.51,2.67,0.14,9.37,0.351,-0.035,-0.225,0.77,-3.10,8.88,0.000000,0.000000,1336.73
22.24,94476.95,52.89,586.42,3.07,0.97,8.99,0.141,-0.180,0.272,1.27,-5.01,7.07,0.000000,0.000000,1337.27
22.41,94500.42,52.89,584.35,2.90,-0.10,9.59,-0.064,0.233,0.200,0.27,-2.62,8.88,0.000000,0.000000,1337.81
22.30,94486.48,52.89,585.57,4.48,2.67,7.87,3.308,-1.378,3.319,2.28,-5.48,5.71,0.000000,0.000000,1338.35
22.45,94505.84,52.89,583.87,1.14,2.12,8.66,-3.257,2.605,-4.462,2.28,-1.67,7.52,0.000000,0.000000,1338.89
22.47,94506.84,52.88,583.78,8.00,-2.28,4.10,-1.608,0.446,-2.212,0.27,-8.82,3.44,0.000000,0.000000,1339.43
22.53,94518.13,52.88,582.79,8.09,2.38,4.25,5.076,-4.703,8.731,3.29,-7.87,3.44,0.000000,0.000000,1339.97
22.51,94512.55,52.88,583.28,1.98,2.66,8.23,-1.686,2.550,-4.457,2.78,-3.58,6.61,0.000000,0.000000,1340.52
22.46,94507.38,52.86,583.73,9.18,0.32,0.89,-1.710,0.649,-3.866,1.27,-8.35,-0.63,0.000000,0.000000,1341.07
22.35,94493.21,52.85,584.98,4.93,8.53,2.87,0.157,-0.459,0.506,9.32,-5.96,1.18,0.000000,0.000000,1341.61
22.10,94453.83,52.83,588.45,2.22,7.22,5.68,-0.507,0.384,-0.351,8.31,-1.67,5.26,0.000000,0.000000,1342.15
23.62,94676.68,52.89,568.83,5.91,6.78,4.27,-1.017,0.085,-0.539,7.81,-6.92,2.99,0.000000,0.000000,1342.69
23.43,94650.66,52.89,571.12,3.51,5.55,6.69,-1.831,-0.531,-0.397,6.30,-3.58,6.16,0.000000,0.000000,1343.23
21.70,94396.58,52.82,593.31,5.15,-6.95,3.19,-2.843,-1.611,1.989,-6.77,-5.96,1.63,0.000000,0.000000,1343.78
23.08,94596.48,52.86,575.89,3.77,-16.72,0.57,0.901,0.103,-0.401,-9.78,-2.62,0.73,0.000000,0.000000,1344.32
23.12,94605.23,52.86,575.12,4.34,2.85,8.30,2.166,0.101,-0.904,2.28,-5.48,7.07,0.000000,0.000000,1344.86
22.34,94487.86,52.85,585.45,4.57,5.39,6.70,-0.251,-0.027,0.042,6.30,-4.05,5.71,0.000000,0.000000,1345.40
22.46,94507.16,52.83,583.75,5.03,4.34,7.04,-0.505,-0.134,0.108,4.79,-7.39,5.71,0.000000,0.000000,1345.94
22.77,94552.30,52.84,579.78,5.31,3.55,7.32,0.172,0.163,-0.235,4.29,-5.01,7.07,0.000000,0.000000,1346.48
22.62,94527.64,52.84,581.95,4.95,4.03,7.83,-0.021,-0.059,-0.077,4.79,-5.48,6.16,0.000000,0.000000,1347.02
22.89,94567.67,52.84,578.42,4.90,3.78,7.52,0.036,-0.110,-0.150,3.79,-5.01,6.16,0.000000,0.000000,1347.57
22.55,94518.34,52.85,582.77,4.27,3.73,9.61,-0.256,0.375,0.292,3.79,-4.53,7.52,0.000000,0.000000,1348.11
23.33,94634.73,52.88,572.52,1.91,1.61,9.66,-0.195,0.523,-0.438,1.78,-2.62,7.52,0.000000,0.000000,1348.65
22.37,94491.51,52.84,585.13,0.33,2.71,9.37,0.427,0.036,-0.083,2.78,-0.72,8.42,0.000000,0.000000,1349.19
22.10,94450.63,52.83,588.73,0.18,7.86,5.17,2.151,-0.101,0.354,8.31,0.71,5.26,0.000000,0.000000,1349.73
21.66,94386.28,52.80,594.41,1.46,9.34,3.09,-0.733,-0.472,0.262,10.82,-0.72,2.99,0.000000,0.000000,1350.27
22.21,94464.34,52.81,587.53,2.50,8.59,4.16,-0.032,-0.032,-0.203,9.32,-3.58,2.99,0.000000,0.000000,1350.82
22.08,94438.16,52.79,589.83,1.46,8.49,4.26,0.065,-0.022,0.023,9.32,-1.19,3.44,0.000000,0.000000,1351.35
22.50,94508.30,52.81,583.65,1.81,8.71,3.82,-0.416,-0.222,-0.471,8.81,-2.62,2.09,0.000000,0.000000,1351.90
23.86,94704.20,52.87,566.41,0.62,9.05,4.05,0.011,0.144,0.026,9.82,-0.24,3.44,0.000000,0.000000,1352.44
23.88,94711.19,52.89,565.80,0.35,8.77,4.12,0.239,0.051,-0.164,9.32,0.71,3.44,0.000000,0.000000,1352.98
23.85,94707.73,52.90,566.10,-0.90,9.57,1.84,0.074,-0.188,-0.326,10.82,1.19,2.09,0.000000,0.000000,1353.52
24.88,94862.08,52.94,552.54,-0.77,9.61,1.39,-0.014,-0.137,0.085,10.32,0.71,0.28,0.000000,0.000000,1354.06
24.05,94741.67,52.92,563.12,-0.47,9.29,1.25,0.033,-0.042,-0.065,10.32,2.15,2.09,0.000000,0.000000,1354.60
23.99,94730.28,52.92,564.12,-1.07,9.40,1.30,0.060,-0.066,-0.212,10.82,0.71,-0.18,0.000000,0.000000,1355.15
24.56,94813.84,52.96,556.77,-0.90,9.59,1.01,0.011,-0.163,0.116,10.32,1.67,0.73,0.000000,0.000000,1355.68
24.57,94815.86,52.96,556.60,-0.92,9.75,0.81,-0.091,-0.149,-0.084,10.32,2.15,-1.08,0.000000,0.000000,1356.23
23.82,94704.95,52.95,566.34,-0.89,9.30,1.36,-0.185,0.529,-0.471,10.32,1.19,1.63,0.000000,0.000000,1356.77
24.01,94730.50,52.96,564.10,-3.34,9.45,4.60,-1.417,-0.424,0.064,9.32,2.62,4.35,0.000000,0.000000,1357.31
22.42,94498.28,52.91,584.54,2.70,-2.06,9.58,-0.482,-0.659,-1.112,-1.74,-2.62,7.97,0.000000,0.000000,1357.86
24.47,94801.39,52.99,557.87,-3.87,-4.25,8.89,-1.002,-0.184,-0.544,-5.76,3.10,7.07,0.000000,0.000000,1358.40
21.82,94407.54,52.89,592.53,1.43,-9.34,2.11,-1.226,-0.770,-1.372,-8.27,-0.72,2.09,0.000000,0.000000,1358.94
21.55,94364.20,52.87,596.35,0.20,-6.82,2.42,0.615,0.565,-0.049,-6.77,-1.19,0.73,0.000000,0.000000,1359.48
23.44,94635.15,52.93,572.01,2.38,9.66,-11.29,-8.731,-0.136,-1.274,12.33,0.24,-13.76,0.000000,0.000000,1360.02
23.34,94620.53,52.93,573.77,4.84,-53.75,-0.87,0.371,-0.896,-0.538,-56.02,-5.48,-4.25,0.000000,0.000000,1360.57
23.12,94591.33,52.93,576.34,0.82,-17.30,-2.24,8.731,0.451,0.862,-20.34,-0.24,-4.71,0.000000,0.000000,1361.10
23.35,94626.28,52.92,573.27,2.70,-13.17,-4.15,7.368,0.732,0.680,-13.80,-2.62,-4.71,0.000000,0.000000,1361.65
23.49,94648.14,52.92,571.34,1.10,-15.03,-2.27,2.373,-0.038,0.416,-15.81,-0.72,-1.54,0.000000,0.000000,1362.19
23.19,94605.67,52.90,575.08,1.49,-10.47,-1.73,-0.385,0.425,-0.280,-10.29,-1.67,-3.35,0.000000,0.000000,1362.73
23.13,94596.02,52.90,575.93,0.89,-9.27,-1.76,-0.138,-0.064,0.041,-8.27,-1.19,-3.35,0.000000,0.000000,1363.27
23.02,94579.16,52.88,577.41,-0.49,-10.83,-6.29,-0.418,0.170,-0.030,-10.79,2.15,-6.06,0.000000,0.000000,1363.82
23.36,94628.13,52.88,573.10,0.37,-9.30,-3.09,1.051,-0.116,-0.744,-8.27,1.19,-3.80,0.000000,0.000000,1364.35
23.03,94581.40,52.86,577.22,3.05,-9.74,-2.12,0.363,-0.777,0.059,-8.27,-3.10,-2.44,0.000000,0.000000,1364.89
23.04,94580.06,52.85,577.33,-0.22,-9.14,-2.40,0.011,0.269,0.149,-7.77,0.71,-5.16,0.000000,0.000000,1365.44
22.75,94537.22,52.83,581.11,0.54,-9.96,-1.48,-0.221,-0.252,0.104,-9.28,0.71,-1.99,0.000000,0.000000,1365.98
22.73,94532.27,52.82,581.54,-0.14,-8.96,-2.05,0.073,-0.520,-0.153,-8.27,0.24,-2.44,0.000000,0.000000,1366.52
22.50,94501.17,52.80,584.28,-0.20,-11.20,-1.12,0.149,0.091,-0.195,-10.79,1.19,-0.18,0.000000,0.000000,1367.06
22.92,94560.47,52.82,579.06,2.13,-10.34,-0.66,0.146,-0.494,-0.627,-9.28,-1.67,-1.99,0.000000,0.000000,1367.60
23.71,94675.77,52.82,568.91,7.44,-6.30,-0.87,0.546,0.674,-1.574,-5.76,-6.92,-1.99,0.000000,0.000000,1368.14
23.63,94665.14,52.83,569.85,4.72,-9.80,0.13,-0.612,0.114,1.184,-9.28,-4.05,-2.44,0.000000,0.000000,1368.68
22.38,94492.91,52.79,586.41,1.04,-10.12,-0.90,-0.407,-0.038,0.423,-8.78,0.24,0.28,0.000000,0.000000,1369.23
22.68,94524.69,52.79,582.21,0.53,-10.69,-1.92,0.435,0.117,0.045,-9.78,-0.72,-3.35,0.000000,0.000000,1369.77
22.80,94541.25,52.78,580.75,-0.21,-10.51,0.54,0.056,-0.212,-0.044,-9.78,0.71,0.73,0.000000,0.000000,1370.31
22.52,94500.23,52.76,584.36,-0.09,-10.40,-0.60,0.026,0.394,0.279,-9.78,0.24,-1.08,0.000000,0.000000,1370.85
23.47,94639.34,52.79,572.12,-0.79,-9.34,1.62,-0.208,0.025,-0.196,-8.27,1.67,1.18,0.000000,0.000000,1371.39
23.40,94628.84,52.78,573.04,-0.87,-5.40,2.15,-0.658,0.218,-0.317,-5.76,1.67,1.63,0.000000,0.000000,1371.93
23.31,94612.04,52.77,574.52,-1.34,-2.23,5.11,3.630,0.138,0.850,-2.75,2.15,4.35,0.000000,0.000000,1372.47
23.50,94644.64,52.78,571.65,3.01,-30.89,-3.51,1.748,-0.465,1.126,-34.91,-3.58,-5.16,0.000000,0.000000,1373.02
23.73,94678.48,52.79,568.67,-0.21,0.44,1.77,5.860,0.102,0.600,0.27,0.71,1.63,0.000000,0.000000,1373.55
23.52,94644.66,52.77,571.65,1.10,-13.11,2.72,5.203,-0.684,0.602,-15.31,-0.72,0.73,0.000000,0.000000,1374.10
23.79,94686.36,52.78,567.98,-0.31,3.26,1.81,-8.731,0.448,-2.103,5.30,0.71,3.90,0.000000,0.000000,1374.64
23.62,94660.19,52.77,570.28,-0.91,-4.14,7.17,5.324,0.122,1.117,-5.76,-0.24,6.61,0.000000,0.000000,1375.18
23.58,94655.03,52.75,570.74,0.62,-18.11,4.92,-7.263,-0.127,-0.577,-11.29,-1.19,2.09,0.000000,0.000000,1375.73
22.01,94424.20,52.68,591.06,-1.08,-1.28,5.92,5.327,-0.152,1.200,-1.24,0.24,4.80,0.000000,0.000000,1376.26
23.60,94656.00,52.73,570.65,-3.54,-2.08,0.23,-8.731,-0.122,-0.887,1.78,4.05,3.44,0.000000,0.000000,1376.80
23.76,94681.36,52.72,568.42,-0.67,3.99,5.80,3.607,0.703,0.809,4.79,-0.72,6.16,0.000000,0.000000,1377.34
22.26,94455.51,52.65,588.30,15.06,-2.40,7.42,0.063,-0.832,-0.093,-2.24,-14.54,5.71,0.000000,0.000000,1377.89
23.75,94677.22,52.69,568.78,13.48,0.47,8.01,1.062,6.112,1.797,0.77,-14.54,4.80,0.000000,0.000000,1378.43
23.63,94659.91,52.67,570.31,3.01,-6.79,4.22,-0.156,-3.503,-0.549,-6.77,-1.19,2.09,0.000000,0.000000,1378.97
23.72,94669.44,52.66,569.47,-14.38,-2.22,4.93,-0.308,-0.066,-0.627,-2.75,13.11,7.52,0.000000,0.000000,1379.52
23.67,94663.63,52.64,569.98,1.20,-7.56,7.13,-0.981,-2.414,-1.599,-6.77,-2.15,5.71,0.000000,0.000000,1380.05
23.85,94690.74,52.64,567.60,7.79,-0.69,0.77,0.495,0.259,-0.133,-0.23,-7.39,-1.08,0.000000,0.000000,1380.59
23.73,94673.84,52.65,569.08,9.72,-0.40,1.32,-0.052,-0.319,0.282,-0.23,-8.82,-1.99,0.000000,0.000000,1381.14
23.77,94682.43,52.65,568.33,11.26,0.19,1.33,0.174,-0.905,0.364,1.27,-9.78,0.28,0.000000,0.000000,1381.68
23.92,94703.23,52.66,566.50,9.01,-5.09,-0.27,-0.168,-0.181,-0.748,-5.26,-8.35,-2.89,0.000000,0.000000,1382.22
23.75,94678.53,52.66,568.67,7.92,-2.91,-0.93,0.763,0.513,0.085,-2.24,-7.39,-1.54,0.000000,0.000000,1382.76
22.94,94560.61,52.60,579.30,2.20,-13.27,7.00,-3.082,-1.241,0.678,-14.81,-4.05,6.61,0.000000,0.000000,1383.30
22.52,94491.55,52.59,585.13,0.68,-22.44,3.75,2.153,0.391,-0.247,-21.85,-0.72,3.90,0.000000,0.000000,1383.84
21.84,94391.67,52.58,593.93,-4.02,-21.56,-4.67,-1.802,-0.164,-1.145,-22.85,5.01,-5.61,0.000000,0.000000,1384.39
21.02,94268.08,52.50,604.84,6.18,-32.35,11.17,0.311,0.295,-0.212,-31.40,-7.39,10.24,0.000000,0.000000,1384.93
21.66,94363.33,52.55,596.43,0.60,-10.98,0.20,-8.731,0.211,-1.703,-14.81,0.24,-1.08,0.000000,0.000000,1385.47
22.11,94422.28,52.53,591.23,-2.83,-12.16,7.58,-1.988,-0.027,-0.441,-11.79,2.15,10.24,0.000000,0.000000,1386.01
22.40,94465.48,52.55,587.43,-12.66,-8.20,-1.39,1.988,-0.791,2.182,-7.77,10.25,-1.08,0.000000,0.000000,1386.55
21.27,94304.75,52.49,601.60,10.27,-7.25,5.28,-2.749,1.512,-1.752,-6.77,-10.25,5.71,0.000000,0.000000,1387.09
21.77,94376.26,52.47,595.29,24.22,-5.44,1.44,-0.108,0.765,0.340,-5.76,-25.04,-3.80,0.000000,0.000000,1387.64
22.04,94416.41,52.50,591.75,7.46,-7.73,8.74,-0.412,-0.320,1.463,-6.77,-8.82,6.61,0.000000,0.000000,1388.18
22.44,94478.05,52.44,586.69,-22.60,-11.23,0.26,1.156,-1.772,-1.220,-11.79,22.17,2.09,0.000000,0.000000,1388.72
21.00,94259.96,52.44,605.55,4.69,-7.20,4.49,-0.718,0.514,0.465,-8.27,-2.62,4.35,0.000000,0.000000,1389.26
22.24,94441.73,52.42,589.52,-0.41,-10.09,6.01,8.281,0.918,2.032,-6.26,-0.24,4.35,0.000000,0.000000,1389.80
22.44,94468.38,52.46,587.17,-4.69,-20.42,17.59,8.731,-0.642,1.008,-18.33,3.58,17.03,0.000000,0.000000,1390.35
22.23,94439.05,52.44,589.76,-1.03,-6.93,6.24,8.731,0.872,1.644,-4.76,-1.19,4.80,0.000000,0.000000,1390.89
20.96,94244.00,52.40,606.96,-0.24,-0.58,-3.49,-0.261,-0.558,0.215,0.77,1.67,0.73,0.000000,0.000000,1391.43
21.84,94382.59,52.40,594.73,-0.67,-19.79,8.43,3.791,0.178,0.509,-16.82,-1.67,8.42,0.000000,0.000000,1391.98
22.43,94465.39,52.41,587.43,3.21,7.87,-28.54,0.877,-0.144,0.771,8.81,2.62,-27.34,0.000000,0.000000,1392.51
21.91,94391.11,52.39,593.98,-0.86,-24.81,9.99,-5.277,-0.462,-2.104,-26.87,-1.19,7.97,0.000000,0.000000,1393.06
22.53,94478.94,52.37,586.24,13.47,0.55,-1.52,6.455,2.874,2.351,-0.74,-10.73,-2.89,0.000000,0.000000,1393.60
22.81,94519.88,52.36,582.63,8.42,4.06,1.28,6.016,2.357,2.291,4.29,-7.39,0.28,0.000000,0.000000,1394.14
22.73,94509.52,52.36,583.55,4.77,2.80,4.01,0.812,0.619,1.809,3.29,-3.10,2.99,0.000000,0.000000,1394.68
22.62,94492.56,52.34,585.04,2.57,2.91,-17.58,-3.791,-0.175,-0.195,2.28,0.24,-17.83,0.000000,0.000000,1395.23
22.50,94475.83,52.34,586.51,0.75,6.88,-2.53,4.910,-0.332,0.960,11.83,2.15,-3.80,0.000000,0.000000,1395.76
22.75,94512.08,52.32,583.32,1.72,-16.11,-1.92,2.932,1.038,1.353,-14.81,-2.15,-3.35,0.000000,0.000000,1396.31
22.21,94438.98,52.28,589.76,-0.45,-13.23,6.21,-6.586,-1.038,-0.297,-15.31,0.24,8.42,0.000000,0.000000,1396.85
22.06,94406.04,52.24,592.67,-7.87,-43.77,15.40,-0.410,-0.514,-0.397,-44.46,4.53,18.84,0.000000,0.000000,1397.39
22.10,94414.45,52.24,591.92,-0.04,-1.34,-4.66,8.395,1.018,1.616,7.81,1.67,-6.52,0.000000,0.000000,1397.93
22.17,94424.89,52.23,591.00,-0.21,18.58,-0.23,6.512,0.443,1.020,20.37,0.24,1.18,0.000000,0.000000,1398.47
19.44,94020.52,52.10,626.71,0.79,1.31,6.19,-5.639,-0.363,-1.061,0.77,-1.19,5.71,0.000000,0.000000,1399.01
20.27,94143.84,52.08,615.81,1.69,-15.99,-1.41,-0.531,-0.753,0.144,-16.32,-1.67,-1.08,0.000000,0.000000,1399.56
22.01,94396.45,52.11,593.51,2.85,-29.76,-4.00,-6.698,-0.178,-1.284,-31.90,-2.15,-4.25,0.000000,0.000000,1400.10
22.63,94493.06,52.13,585.00,-2.77,11.20,2.74,3.273,-0.035,0.308,11.83,3.58,4.35,0.000000,0.000000,1400.64
21.64,94349.36,52.08,597.66,3.03,-16.79,-9.30,-2.138,-0.602,-0.184,-17.82,-1.19,-10.59,0.000000,0.000000,1401.18
22.80,94117.11,52.00,582.01,2.57,-18.85,-6.37,-3.721,0.136,-0.775,-19.84,-1.19,-7.42,0.000000,0.000000,1401.72
20.36,94154.67,51.99,614.85,0.25,-9.38,-0.53,-7.332,-1.312,-1.707,-10.79,0.71,-1.54,0.000000,0.000000,1402.26
20.87,94230.09,51.97,608.19,0.29,4.88,-7.91,8.731,0.510,1.612,5.80,-0.24,-6.97,0.000000,0.000000,1402.80
21.20,94280.74,51.96,603.72,-3.43,19.34,6.23,0.615,-0.093,0.475,17.86,4.53,5.71,0.000000,0.000000,1403.34
20.76,94214.48,51.93,609.57,-0.92,18.94,0.86,0.998,-0.076,0.140,21.38,1.67,0.28,0.000000,0.000000,1403.88
21.16,94271.64,51.92,604.52,0.98,3.70,-5.32,4.077,0.281,0.584,10.32,1.67,-6.52,0.000000,0.000000,1404.42
20.72,94202.36,51.96,610.37,-0.45,-15.35,4.96,4.638,1.601,0.528,-15.81,-0.24,5.71,0.000000,0.000000,1404.97
23.45,94603.84,51.94,575.24,-16.11,1.66,2.79,0.563,-0.625,1.377,1.27,16.93,3.90,0.000000,0.000000,1405.51
22.90,94532.95,51.89,581.48,3.73,-6.61,3.75,-0.656,-0.578,-0.164,-5.76,-4.53,2.09,0.000000,0.000000,1406.05
23.04,94554.70,51.84,579.57,8.34,-7.88,2.21,-0.840,0.005,-1.641,-7.27,-8.35,-0.63,0.000000,0.000000,1406.59
22.14,94419.82,51.74,591.45,6.51,-6.78,-1.28,-0.431,0.854,0.389,-6.26,-5.48,-1.54,0.000000,0.000000,1407.13
24.56,94773.45,51.78,560.32,4.63,-7.74,-1.80,0.608,-0.113,-1.135,-6.77,-3.58,-3.35,0.000000,0.000000,1407.68
24.44,94762.33,51.79,561.30,6.86,-6.81,1.42,0.174,-0.104,0.315,-6.77,-6.92,-0.18,0.000000,0.000000,1408.21
24.02,94701.28,51.77,566.67,7.13,-7.89,0.72,-0.221,-0.185,-0.625,-7.27,-6.44,-2.44,0.000000,0.000000,1408.76
24.88,94825.82,51.78,555.72,6.77,-3.37,3.84,-1.527,1.174,-2.267,-2.75,-7.39,2.09,0.000000,0.000000,1409.30
24.87,94829.99,51.78,555.36,5.03,1.79,8.34,-1.612,0.067,-0.779,2.78,-6.92,6.61,0.000000,0.000000,1409.84
24.74,94807.63,51.80,557.32,5.63,-1.48,8.36,0.174,0.408,-0.283,-1.24,-5.48,6.61,0.000000,0.000000,1410.38
24.70,94802.97,51.82,557.73,3.80,-1.40,9.26,-0.293,0.379,0.295,-1.24,-5.01,7.07,0.000000,0.000000,1410.92
24.73,94808.34,51.81,557.26,2.86,-1.22,9.66,0.253,0.119,0.104,-1.24,-3.10,7.97,0.000000,0.000000,1411.46
24.70,94803.26,51.83,557.70,3.65,-0.45,9.34,-0.095,0.300,-0.475,-1.24,-4.05,6.61,0.000000,0.000000,1412.01
24.67,94798.72,51.84,558.10,2.59,-1.48,8.23,-0.674,-0.441,-0.832,-1.24,-3.10,7.52,0.000000,0.000000,1412.55
24.64,94795.28,51.84,558.40,3.43,-2.27,10.01,0.036,-0.253,0.019,-3.25,-5.96,8.42,0.000000,0.000000,1413.09
24.63,94792.91,51.86,558.61,3.69,-1.73,8.93,-0.043,-0.030,-0.114,-1.74,-4.53,7.52,0.000000,0.000000,1413.63
24.66,94798.80,51.87,558.10,3.18,-3.06,8.91,-0.354,0.145,-0.637,-2.75,-3.10,7.07,0.000000,0.000000,1414.17
24.64,94792.41,51.88,558.66,6.75,-3.16,7.81,-0.423,-0.564,-0.169,-3.25,-6.92,6.61,0.000000,0.000000,1414.71
24.79,94816.66,51.88,556.53,5.56,-2.59,7.37,0.009,-0.133,0.199,-2.24,-5.96,5.71,0.000000,0.000000,1415.25
24.81,94818.98,51.91,556.32,5.73,-1.91,7.33,0.161,-0.129,0.033,-2.24,-5.96,6.16,0.000000,0.000000,1415.80
24.84,94823.23,51.89,555.95,5.99,-3.11,6.82,-0.054,-0.453,0.406,-3.75,-6.44,4.80,0.000000,0.000000,1416.34
24.66,94794.58,51.90,558.47,6.13,-2.86,6.91,0.010,-0.325,0.045,-2.24,-5.96,5.71,0.000000,0.000000,1416.88
24.85,94821.28,51.90,556.12,6.10,-2.75,7.09,0.072,0.055,0.035,-2.24,-6.44,4.35,0.000000,0.000000,1417.42
24.94,94837.34,51.91,554.71,5.76,-2.98,7.37,0.216,-0.189,0.113,-2.75,-6.44,6.61,0.000000,0.000000,1417.96
24.93,94836.83,51.92,554.75,5.61,-2.69,7.52,0.036,-0.038,0.149,-2.24,-5.96,6.61,0.000000,0.000000,1418.50
24.84,94825.01,51.93,555.79,5.56,-3.00,7.51,-0.041,-0.012,-0.078,-3.25,-6.92,5.71,0.000000,0.000000,1419.05
24.81,94819.11,51.92,556.31,5.60,-2.71,7.54,-0.078,-0.083,-0.162,-2.75,-6.92,7.52,0.000000,0.000000,1419.59
24.81,94817.29,51.92,556.47,5.70,-2.80,7.43,-0.036,-0.015,-0.040,-2.24,-5.96,5.71,0.000000,0.000000,1420.13
24.82,94821.44,51.91,556.11,5.82,-2.81,7.77,-0.014,-0.186,0.146,-2.24,-5.96,5.71,0.000000,0.000000,1420.67
24.81,94819.99,51.92,556.23,5.80,-2.77,7.09,-0.003,-0.007,-0.041,-2.75,-6.92,6.16,0.000000,0.000000,1421.21
24.85,94820.87,51.92,556.16,5.58,-2.93,7.23,0.081,-0.110,0.028,-2.24,-5.96,4.35,0.000000,0.000000,1421.75
24.85,94820.77,51.92,556.16,5.42,-2.91,7.50,0.004,-0.092,0.076,-2.75,-5.48,6.16,0.000000,0.000000,1422.29
24.87,94821.46,51.93,556.10,5.49,-2.85,7.55,-0.010,-0.051,-0.021,-3.25,-5.96,5.71,0.000000,0.000000,1422.83
24.90,94831.49,51.93,555.22,5.52,-2.86,7.50,0.053,0.020,0.013,-2.24,-6.44,6.16,0.000000,0.000000,1423.37
24.87,94821.92,51.92,556.06,4.80,-2.16,8.76,0.202,0.027,0.076,-1.74,-5.01,6.16,0.000000,0.000000,1423.91
24.25,94732.77,51.90,563.90,3.33,-1.62,8.66,0.124,0.381,0.124,-1.74,-4.05,6.61,0.000000,0.000000,1424.46
24.14,94713.41,51.89,565.60,2.74,-1.68,9.18,-0.060,-0.064,-0.095,-1.74,-3.10,5.71,0.000000,0.000000,1425.00
24.17,94716.09,51.88,565.37,2.80,-2.02,8.82,-0.002,-0.047,0.069,-1.74,-3.10,8.42,0.000000,0.000000,1425.54
24.18,94717.44,51.87,565.25,3.28,-1.86,9.16,0.075,-0.050,0.002,-1.74,-4.53,7.07,0.000000,0.000000,1426.08
24.20,94721.17,51.86,564.92,2.84,-1.36,8.94,-0.052,-0.146,0.068,-1.24,-3.10,8.42,0.000000,0.000000,1426.62
24.16,94716.25,51.86,565.35,3.86,-2.09,8.00,-0.124,-0.550,-0.452,-2.75,-5.48,6.16,0.000000,0.000000,1427.17
24.21,94725.02,51.85,564.58,6.34,-2.33,6.75,-0.011,-0.269,-0.023,-1.74,-6.44,5.71,0.000000,0.000000,1427.71
24.23,94722.66,51.85,564.79,6.08,-2.49,7.73,-0.302,0.171,-0.060,-2.24,-7.87,4.35,0.000000,0.000000,1428.25
24.24,94727.81,51.84,564.34,5.70,-2.14,7.89,0.229,-0.108,0.079,-1.74,-5.48,7.07,0.000000,0.000000,1428.79
24.29,94734.05,51.83,563.79,5.72,-1.87,7.74,-0.089,0.101,-0.132,-1.74,-6.44,5.71,0.000000,0.000000,1429.33
24.34,94743.23,51.84,562.98,5.27,-1.78,8.01,0.039,-0.087,-0.096,-1.74,-5.48,7.07,0.000000,0.000000,1429.87
24.32,94740.27,51.83,563.24,5.49,-1.66,7.73,0.048,-0.077,0.092,-1.74,-6.92,4.35,0.000000,0.000000,1430.41
24.31,94736.22,51.82,563.60,5.27,-2.21,8.16,-0.078,0.007,-0.190,-2.24,-5.48,7.07,0.000000,0.000000,1430.95
24.19,94719.14,51.81,565.10,3.99,-2.40,8.46,0.123,-0.129,0.103,-2.24,-4.53,6.61,0.000000,0.000000,1431.50
23.94,94682.70,51.81,568.30,4.89,-2.89,8.35,0.166,0.383,0.280,-2.24,-4.53,7.07,0.000000,0.000000,1432.04
21.53,94314.83,51.69,600.71,-10.77,-3.76,6.37,-0.246,0.103,0.279,-3.75,9.78,7.52,0.000000,0.000000,1432.58
21.75,94346.27,51.68,597.94,13.82,-1.23,9.06,0.268,-1.269,0.173,-0.74,-12.16,6.16,0.000000,0.000000,1433.12
21.55,94316.53,51.63,600.56,4.69,-3.84,11.04,0.415,-0.149,-0.475,-3.75,-6.92,8.42,0.000000,0.000000,1433.66
22.07,94385.70,51.64,594.46,2.44,-2.29,9.21,0.065,-0.169,-0.108,-2.75,-2.62,8.42,0.000000,0.000000,1434.20
24.19,94706.90,51.70,566.17,3.34,0.10,7.95,1.489,-0.765,-0.352,-0.23,-5.48,6.61,0.000000,0.000000,1434.74
23.88,94662.72,51.70,570.06,5.32,5.06,5.78,0.585,-0.911,-0.837,5.80,-5.01,4.80,0.000000,0.000000,1435.29
24.26,94723.44,51.72,564.72,4.38,7.63,4.28,0.057,-0.927,1.012,7.81,-4.53,2.54,0.000000,0.000000,1435.82
24.69,94783.70,51.74,559.42,7.57,4.98,1.06,-0.424,-1.142,0.505,6.30,-5.96,0.28,0.000000,0.000000,1436.37
24.59,94771.31,51.75,560.51,8.93,5.34,-0.15,1.717,1.144,0.056,6.30,-8.82,-1.54,0.000000,0.000000,1436.91
24.51,94757.13,51.75,561.76,9.81,4.03,3.29,0.410,-0.011,0.278,5.30,-9.78,1.63,0.000000,0.000000,1437.45
24.38,94738.09,51.75,563.43,9.60,2.12,-2.14,1.040,0.175,0.512,2.28,-8.35,-4.71,0.000000,0.000000,1437.99
24.52,94764.22,51.75,561.13,10.78,-0.66,0.48,0.387,-0.104,0.696,0.27,-9.30,-0.63,0.000000,0.000000,1438.53
24.55,94766.91,51.75,560.90,10.36,-0.45,1.11,0.015,0.175,-0.316,0.27,-11.21,-1.08,0.000000,0.000000,1439.08
24.20,94714.88,51.74,565.47,6.68,0.31,0.58,-0.001,0.036,-0.070,1.27,-5.48,0.28,0.000000,0.000000,1439.62
24.07,94692.41,51.71,567.45,7.94,-0.20,1.46,0.007,-0.017,-0.072,-0.74,-8.35,-0.18,0.000000,0.000000,1440.16
24.07,94695.23,51.70,567.20,5.79,-0.09,0.67,-0.006,-0.133,-0.154,-0.74,-6.44,0.73,0.000000,0.000000,1440.70
24.11,94701.54,51.71,566.65,11.06,0.94,2.02,-0.002,-0.090,-0.011,0.77,-12.64,-1.08,0.000000,0.000000,1441.25
24.12,94699.48,51.70,566.83,6.65,-0.42,1.19,0.043,0.076,-0.186,-0.23,-6.92,0.28,0.000000,0.000000,1441.79
24.14,94714.68,51.73,566.43,8.86,0.04,1.18,-0.001,-0.083,-0.028,-0.23,-9.78,-1.99,0.000000,0.000000,1442.33
24.15,94704.64,51.68,566.37,9.79,0.05,1.10,-0.037,-0.107,0.099,1.27,-8.82,-0.63,0.000000,0.000000,1442.87
24.24,94717.86,51.68,565.21,9.54,-0.19,1.21,-0.017,-0.053,0.000,0.27,-9.78,-0.18,0.000000,0.000000,1443.41
24.18,94707.73,51.67,566.10,8.34,0.21,1.25,0.013,0.063,-0.162,0.27,-6.92,-0.18,0.000000,0.000000,1443.96
24.28,94724.08,51.66,564.66,9.32,0.10,1.72,-0.014,-0.112,0.001,1.27,-8.35,0.73,0.000000,0.000000,1444.50
24.15,94701.01,51.67,566.69,14.18,0.90,0.67,-0.030,-0.155,0.184,1.78,-15.02,-2.44,0.000000,0.000000,1445.04
24.28,94722.02,51.64,564.85,9.74,0.33,1.36,-0.017,-0.061,-0.011,0.77,-8.82,-1.99,0.000000,0.000000,1445.58
24.18,94705.20,51.64,566.32,10.34,-0.09,1.67,0.006,-0.092,-0.070,0.27,-10.73,-0.63,0.000000,0.000000,1446.12
24.25,94717.06,51.63,565.28,15.34,1.25,0.39,-0.020,-0.174,0.099,1.27,-12.64,-2.44,0.000000,0.000000,1446.66
24.19,94707.41,51.62,566.13,10.77,0.65,1.67,-0.020,-0.056,0.007,0.27,-10.73,0.28,0.000000,0.000000,1447.21
24.16,94701.86,51.61,566.62,9.57,0.38,1.38,-0.010,-0.075,-0.001,1.27,-8.82,-0.63,0.000000,0.000000,1447.75
24.27,94718.45,51.59,565.16,14.39,0.39,1.25,-0.024,-0.077,-0.014,0.77,-14.07,-1.08,0.000000,0.000000,1448.29
24.17,94701.58,51.59,566.64,10.91,0.81,2.00,-0.047,-0.061,0.108,0.77,-6.44,-1.54,0.000000,0.000000,1448.83
24.28,94722.86,51.58,564.77,9.66,0.86,0.96,-0.012,-0.013,0.049,1.27,-8.82,-0.63,0.000000,0.000000,1449.37
24.18,94705.28,51.57,566.32,9.60,0.18,1.08,-0.007,-0.023,-0.068,0.77,-9.78,-1.99,0.000000,0.000000,1449.91
24.27,94716.66,51.56,565.32,9.89,0.45,1.00,-0.021,-0.004,-0.023,1.27,-8.82,-1.08,0.000000,0.000000,1450.45
24.20,94707.62,51.55,566.11,9.66,0.30,1.51,-0.005,-0.065,-0.017,1.78,-10.25,-1.54,0.000000,0.000000,1451.00
24.30,94721.98,51.55,564.85,9.70,0.24,1.51,-0.012,-0.061,-0.021,1.27,-8.82,0.73,0.000000,0.000000,1451.54
24.22,94710.84,51.53,565.83,9.69,0.30,1.50,-0.011,-0.061,-0.019,0.77,-10.73,-0.63,0.000000,0.000000,1452.08
24.29,94718.48,51.53,565.16,9.70,0.24,1.46,-0.011,-0.060,-0.019,-0.23,-8.82,0.28,0.000000,0.000000,1452.62
24.22,94710.34,51.51,565.87,9.69,0.27,1.50,-0.009,-0.061,-0.020,0.27,-8.82,-1.54,0.000000,0.000000,1453.16
24.04,94681.53,51.51,568.41,9.76,0.58,1.33,-0.014,-0.061,-0.010,0.77,-9.30,-0.18,0.000000,0.000000,1453.70
23.94,94666.20,51.50,569.75,9.72,0.21,1.49,-0.010,-0.060,-0.019,1.27,-10.25,0.28,0.000000,0.000000,1454.24
24.42,94738.08,51.51,563.43,9.73,0.31,1.54,-0.009,-0.059,-0.010,0.27,-8.82,-0.63,0.000000,0.000000,1454.79
24.58,94761.59,51.50,561.37,9.69,0.33,1.48,-0.006,-0.062,-0.010,0.77,-10.73,-1.08,0.000000,0.000000,1455.33
24.62,94765.53,51.50,561.02,9.76,0.06,1.09,-0.018,-0.097,0.007,0.77,-9.30,0.28,0.000000,0.000000,1455.87
24.34,94725.17,51.49,564.57,9.61,0.36,1.58,-0.013,-0.064,-0.014,0.77,-10.25,-1.99,0.000000,0.000000,1456.41
24.19,94706.90,51.47,566.17,10.43,0.18,2.27,-0.002,-0.104,-0.029,1.27,-9.30,-0.18,0.000000,0.000000,1456.95
24.40,94730.97,51.46,564.06,9.47,0.44,1.69,-0.216,-0.162,0.083,0.77,-9.78,-0.63,0.000000,0.000000,1457.49
24.80,94796.92,51.47,558.26,10.58,3.18,1.20,1.002,1.731,-1.194,4.29,-9.78,0.28,0.000000,0.000000,1458.03
25.03,94822.80,51.49,555.99,3.33,0.73,5.52,0.345,1.219,-2.411,1.78,-4.05,3.44,0.000000,0.000000,1458.57
24.76,94784.14,51.49,559.38,0.83,-1.40,9.26,-0.039,-1.285,0.221,-0.74,-2.62,8.42,0.000000,0.000000,1459.12
24.67,94772.28,51.49,560.43,2.42,-2.36,9.29,-0.448,-0.004,-0.153,-2.75,-3.10,7.52,0.000000,0.000000,1459.66
24.84,94798.21,51.49,558.15,5.39,-0.93,8.98,0.507,-0.308,0.449,-0.23,-5.96,7.97,0.000000,0.000000,1460.20
24.84,94797.08,51.49,558.25,2.97,-1.10,8.36,-0.493,-0.076,-0.749,-0.74,-4.05,6.16,0.000000,0.000000,1460.74
24.81,94794.90,51.49,558.44,3.32,-0.54,9.02,0.065,-0.014,0.051,-0.74,-3.10,7.07,0.000000,0.000000,1461.28
24.83,94797.19,51.50,558.24,3.28,-1.06,9.03,0.155,-0.208,0.602,-0.74,-3.58,6.16,0.000000,0.000000,1461.82
24.78,94787.37,51.49,559.10,3.71,-1.43,8.87,0.123,-0.084,0.080,-1.24,-4.53,7.97,0.000000,0.000000,1462.36
24.60,94763.63,51.48,561.19,1.94,-1.81,9.45,0.503,0.164,0.416,-2.75,-2.62,7.07,0.000000,0.000000,1462.90
24.59,94759.87,51.48,561.52,3.20,0.25,9.22,-0.147,0.015,-0.186,0.27,-4.05,8.42,0.000000,0.000000,1463.45
24.63,94765.08,51.50,561.06,3.47,-0.28,9.40,-0.054,-0.060,-0.121,0.27,-3.58,7.52,0.000000,0.000000,1463.99
24.64,94769.36,51.49,560.68,2.93,-0.82,9.41,0.346,0.216,0.171,-0.23,-3.58,8.42,0.000000,0.000000,1464.53
24.61,94762.12,51.49,561.32,3.12,-1.72,11.43,-0.554,-0.147,-0.204,-1.74,-4.05,7.52,0.000000,0.000000,1465.07
24.64,94767.23,51.50,560.87,1.48,-0.91,10.17,0.049,-0.105,0.375,-0.23,-2.62,8.42,0.000000,0.000000,1465.61
24.71,94776.69,51.51,560.04,2.85,0.08,10.10,0.058,0.332,0.410,1.27,-3.58,6.16,0.000000,0.000000,1466.15
24.60,94760.30,51.51,561.48,3.46,-1.38,9.41,0.360,0.362,0.654,-1.24,-4.53,7.97,0.000000,0.000000,1466.69
24.66,94770.63,51.51,560.57,2.90,-1.64,8.72,0.336,-0.338,0.706,-1.24,-4.05,5.71,0.000000,0.000000,1467.24
24.73,94779.87,51.51,559.76,3.82,-0.09,8.93,0.023,0.053,0.136,0.27,-4.53,7.52,0.000000,0.000000,1467.78
24.72,94777.28,51.51,559.99,3.29,-1.04,9.18,0.026,-0.072,0.137,-1.24,-3.58,7.52,0.000000,0.000000,1468.32
24.69,94770.13,51.49,560.61,3.23,-1.44,8.34,0.255,0.222,-0.599,-1.24,-5.01,7.07,0.000000,0.000000,1468.86
24.59,94755.77,51.50,561.88,1.48,0.22,10.05,0.501,0.483,-0.174,0.77,-2.15,9.78,0.000000,0.000000,1469.40
24.62,94762.41,51.51,561.29,-0.25,1.94,8.99,0.439,-0.355,-0.299,2.28,-0.24,7.97,0.000000,0.000000,1469.94
24.64,94764.12,51.51,561.14,2.69,2.96,9.12,-0.054,-0.804,-0.316,3.29,-2.62,5.71,0.000000,0.000000,1470.49
24.91,94803.73,51.53,557.66,3.70,2.90,8.61,0.188,-0.141,0.157,2.78,-4.53,7.07,0.000000,0.000000,1471.02
24.89,94803.73,51.54,557.66,3.72,3.28,8.57,-0.102,-0.025,-0.129,3.79,-5.01,7.07,0.000000,0.000000,1471.57
24.91,94804.06,51.55,557.63,4.22,3.05,8.39,0.116,-0.104,0.156,3.29,-5.01,7.07,0.000000,0.000000,1472.11
24.89,94799.92,51.54,558.00,3.81,3.06,8.42,-0.007,-0.051,-0.023,3.79,-4.05,7.52,0.000000,0.000000,1472.65
24.91,94802.59,51.54,557.76,7.00,4.06,6.86,3.140,-0.582,3.001,4.79,-7.39,5.71,0.000000,0.000000,1473.19
24.85,94793.56,51.56,558.56,11.39,2.85,-0.48,-5.162,5.066,-6.021,4.29,-11.21,-2.89,0.000000,0.000000,1473.76
24.89,94799.80,51.56,558.01,10.79,1.64,-1.52,2.878,-3.832,4.043,3.29,-10.25,-3.35,0.000000,0.000000,1474.28
24.82,94789.91,51.56,558.88,-0.87,3.60,10.26,-2.877,-0.741,-0.408,3.79,-0.24,7.07,0.000000,0.000000,1474.82
24.63,94760.05,51.57,561.50,8.99,-0.21,2.89,1.719,-1.065,0.176,0.27,-8.82,0.73,0.000000,0.000000,1475.36
24.86,94792.05,51.57,558.69,7.04,3.60,6.62,-1.377,1.394,-1.713,4.29,-7.39,6.61,0.000000,0.000000,1475.90
24.61,94758.73,51.56,561.62,4.54,-2.97,7.73,-1.630,-1.064,-0.548,-2.75,-5.48,6.61,0.000000,0.000000,1476.44
24.61,94757.72,51.56,561.71,6.87,-4.78,5.40,0.027,-0.394,0.114,-4.25,-6.44,3.90,0.000000,0.000000,1476.98
24.71,94771.41,51.55,560.50,7.50,-5.11,5.27,0.187,-0.223,0.236,-5.26,-7.87,2.99,0.000000,0.000000,1477.52
24.76,94780.09,51.57,559.74,6.43,-3.31,6.33,1.524,-0.066,0.926,-2.24,-6.92,3.44,0.000000,0.000000,1478.06
24.65,94758.92,51.56,561.60,7.75,4.04,3.60,3.862,-0.137,0.930,3.79,-8.82,1.63,0.000000,0.000000,1478.60
24.58,94750.91,51.55,562.30,5.64,1.80,7.92,2.612,-4.312,3.521,3.29,-5.96,7.07,0.000000,0.000000,1479.15
24.72,94767.98,51.55,560.80,5.57,2.25,6.14,0.129,3.666,-2.937,2.78,-6.92,4.35,0.000000,0.000000,1479.69
24.67,94762.85,51.56,561.25,3.86,-4.26,7.42,-0.580,-2.880,0.342,-4.25,-4.53,6.61,0.000000,0.000000,1480.23
24.71,94768.19,51.56,560.79,9.17,-0.96,3.19,3.313,-1.779,0.777,-0.74,-10.25,0.73,0.000000,0.000000,1480.77
24.66,94759.77,51.56,561.53,7.32,-1.70,4.93,-0.119,1.902,-2.949,-0.74,-6.92,3.90,0.000000,0.000000,1481.31
24.60,94749.66,51.55,562.41,0.56,-3.57,9.25,-0.301,-1.781,0.008,-4.25,-2.62,5.71,0.000000,0.000000,1481.85
24.59,94749.34,51.56,562.44,9.65,-0.85,1.55,0.484,-0.713,-0.251,-0.23,-8.35,0.73,0.000000,0.000000,1482.40
24.67,94762.98,51.55,561.24,9.03,0.75,3.79,-0.277,0.311,-0.553,1.27,-10.25,1.63,0.000000,0.000000,1482.94
24.56,94741.66,51.56,563.12,3.19,2.83,8.03,0.025,2.067,0.453,3.79,-4.05,7.07,0.000000,0.000000,1483.48
24.32,94705.66,51.54,566.28,-0.09,0.32,9.27,-0.014,0.236,1.375,0.77,-1.19,7.07,0.000000,0.000000,1484.02
24.24,94694.05,51.51,567.30,-0.81,-2.09,9.67,-0.246,-0.214,0.139,-1.74,0.24,9.33,0.000000,0.000000,1484.56
24.16,94681.77,51.51,568.38,-1.14,-1.95,9.45,0.012,-0.046,0.153,-2.24,0.71,8.88,0.000000,0.000000,1485.10
24.29,94698.59,51.50,566.91,-0.81,-2.45,9.60,-0.059,-0.103,-0.097,-2.24,0.71,9.33,0.000000,0.000000,1485.65
24.24,94694.05,51.51,567.30,-0.97,-1.66,9.53,-0.040,-0.070,-0.049,-1.74,-0.72,8.42,0.000000,0.000000,1486.19
24.21,94688.68,51.52,567.78,-0.93,-1.57,9.53,-0.037,-0.101,-0.285,-1.74,0.71,8.42,0.000000,0.000000,1486.73
24.26,94691.44,51.51,567.53,-1.00,-0.76,9.92,-0.264,-0.076,-0.163,-0.74,-1.19,8.42,0.000000,0.000000,1487.27
24.35,94709.05,51.51,565.98,-2.07,-1.23,10.01,0.292,-0.545,0.605,-0.74,1.67,9.78,0.000000,0.000000,1487.81
24.34,94705.11,51.52,566.33,-1.54,-1.53,9.55,-1.160,0.144,-1.108,-0.23,-0.24,8.42,0.000000,0.000000,1488.36
24.31,94702.66,51.52,566.55,1.23,-2.80,9.83,-1.138,-1.507,1.909,-2.24,-0.72,6.61,0.000000,0.000000,1488.89
24.33,94706.58,51.52,566.20,2.15,-1.65,9.40,-1.541,2.553,-6.187,-2.75,-4.53,7.97,0.000000,0.000000,1489.44
24.51,94731.33,51.52,564.03,5.39,-7.12,5.66,3.093,-2.405,7.974,-5.76,-6.44,4.35,0.000000,0.000000,1489.98
24.62,94749.73,51.52,562.41,0.53,-2.44,9.95,-2.216,2.086,-3.733,-2.75,-2.15,6.61,0.000000,0.000000,1490.52
24.32,94705.70,51.52,566.28,2.96,-1.33,9.53,0.789,-1.865,1.852,-0.23,-3.58,8.88,0.000000,0.000000,1491.06
24.27,94695.08,51.51,567.21,1.09,-1.11,9.61,-0.197,0.030,-1.236,-0.74,-3.10,7.97,0.000000,0.000000,1491.61
24.14,94674.11,51.50,569.06,1.91,-4.19,7.55,0.773,-0.708,3.628,-3.75,-4.05,6.61,0.000000,0.000000,1492.15
24.45,94724.08,51.48,564.66,3.67,-4.92,7.77,1.654,-3.419,6.966,-5.76,-5.01,5.71,0.000000,0.000000,1492.69
24.53,94738.80,51.47,563.37,7.38,-3.39,7.46,-1.391,2.371,-4.295,-2.24,-7.87,6.16,0.000000,0.000000,1493.23
24.52,94733.22,51.45,563.86,4.21,-0.50,7.26,0.453,0.384,0.572,-2.24,-4.53,3.90,0.000000,0.000000,1493.77
24.45,94726.40,51.44,564.46,4.22,-0.90,11.22,-0.905,1.170,-0.230,-0.74,-5.48,8.88,0.000000,0.000000,1494.32
24.44,94724.23,51.43,564.65,4.91,-1.97,8.02,-0.039,-0.409,0.039,-1.74,-5.01,6.16,0.000000,0.000000,1494.86
24.45,94725.84,51.44,564.51,5.38,-1.40,7.92,-0.026,-0.064,0.009,-0.74,-5.96,6.61,0.000000,0.000000,1495.40
24.40,94718.44,51.44,565.16,5.39,-0.73,7.71,0.194,-0.303,-0.030,-0.74,-5.96,4.35,0.000000,0.000000,1495.94
24.43,94722.03,51.43,564.84,5.49,-0.78,8.27,-0.105,-0.018,0.052,-0.74,-5.96,6.16,0.000000,0.000000,1496.48
24.36,94713.14,51.42,565.63,4.94,-1.08,8.17,0.106,-0.010,0.004,-0.74,-5.48,6.61,0.000000,0.000000,1497.02
24.41,94718.69,51.43,565.14,4.77,-1.46,8.41,0.003,-0.121,0.207,-2.24,-6.44,7.97,0.000000,0.000000,1497.56
24.40,94713.38,51.46,565.46,4.65,-1.24,8.58,-0.066,0.022,-0.144,0.27,-4.53,7.07,0.000000,0.000000,1498.11
24.43,94720.77,51.43,564.96,4.61,-1.17,8.64,-0.033,-0.012,-0.047,-0.23,-5.01,7.97,0.000000,0.000000,1498.65
24.39,94716.41,51.42,565.34,4.56,-1.10,8.62,-0.007,0.008,-0.049,-1.24,-5.01,5.71,0.000000,0.000000,1499.19
24.39,94714.28,51.43,565.52,4.44,-1.18,8.66,0.004,-0.075,-0.002,-1.24,-5.48,7.52,0.000000,0.000000,1499.73
24.41,94714.64,51.42,565.49,4.28,-1.13,8.78,0.058,-0.076,0.032,-1.24,-4.53,6.61,0.000000,0.000000,1500.27
24.40,94714.42,51.43,565.51,4.34,-1.08,8.80,-0.017,-0.083,-0.001,-1.24,-5.48,6.61,0.000000,0.000000,1500.81
24.41,94715.19,51.42,565.45,4.34,-1.10,8.59,-0.020,-0.102,0.002,-0.74,-5.01,4.35,0.000000,0.000000,1501.36
24.39,94711.54,51.42,565.77,4.41,-1.01,8.68,0.005,-0.053,-0.015,-0.74,-5.48,7.52,0.000000,0.000000,1501.90
24.42,94714.27,51.41,565.53,4.41,-1.08,8.66,-0.014,-0.060,-0.007,-0.23,-5.01,6.16,0.000000,0.000000,1502.44
24.40,94713.63,51.42,565.58,4.36,-1.17,8.70,-0.035,-0.058,-0.049,-0.74,-5.01,7.52,0.000000,0.000000,1502.98
24.42,94714.61,51.42,565.50,4.54,-1.25,8.49,-0.006,-0.040,-0.041,-0.74,-5.96,5.71,0.000000,0.000000,1503.52
24.42,94715.11,51.43,565.45,4.48,-1.21,8.65,-0.010,-0.051,-0.019,-1.24,-5.48,7.07,0.000000,0.000000,1504.07
24.43,94716.55,51.42,565.33,4.76,-1.33,8.46,0.034,-0.074,0.006,-1.74,-5.48,6.16,0.000000,0.000000,1504.60
24.40,94712.48,51.41,565.68,4.59,-1.19,8.65,0.110,-0.045,0.192,-0.74,-5.48,7.07,0.000000,0.000000,1505.15
24.41,94713.88,51.42,565.56,4.91,-0.86,8.42,0.061,-0.111,0.069,-0.74,-5.48,6.61,0.000000,0.000000,1505.69
24.37,94707.61,51.41,566.11,5.05,-0.97,8.25,-0.037,-0.014,-0.109,-0.74,-6.44,7.07,0.000000,0.000000,1506.23
24.38,94708.88,51.41,566.00,4.62,-0.62,8.56,-0.286,-0.041,0.194,-1.24,-5.48,5.71,0.000000,0.000000,1506.77
24.41,94713.63,51.41,565.58,4.96,-1.50,8.52,0.248,0.114,-0.138,-1.24,-6.44,7.07,0.000000,0.000000,1507.31
24.38,94708.37,51.41,566.04,4.14,-1.00,8.67,-0.098,-0.233,0.184,-1.24,-5.48,6.16,0.000000,0.000000,1507.85
24.39,94710.49,51.42,565.86,4.49,-1.38,8.14,-0.037,-0.285,0.057,-1.24,-4.53,6.61,0.000000,0.000000,1508.39
24.37,94706.14,51.42,566.43,4.28,-1.41,8.51,-0.102,-0.025,-0.273,-1.24,-5.01,5.71,0.000000,0.000000,1508.94
24.38,94706.80,51.41,566.18,4.09,-1.16,9.29,-0.198,0.038,-0.168,-0.74,-4.05,7.97,0.000000,0.000000,1509.48
24.39,94708.72,51.41,566.01,4.19,-1.05,8.43,-0.217,-0.296,-0.319,-1.24,-4.53,4.35,0.000000,0.000000,1510.02
24.40,94710.33,51.41,565.87,4.70,-0.65,8.24,0.221,-0.225,0.084,-0.74,-5.48,6.61,0.000000,0.000000,1510.56
24.40,94709.02,51.41,565.99,4.66,-0.91,8.33,-0.081,-0.085,-0.009,-0.74,-5.01,5.26,0.000000,0.000000,1511.10
24.42,94710.12,51.40,565.89,4.49,-1.33,8.45,-0.241,-0.148,-0.014,-1.74,-5.01,7.52,0.000000,0.000000,1511.64
24.37,94702.77,51.40,566.54,3.94,-1.03,9.13,0.011,-0.143,-0.071,-0.74,-4.53,7.52,0.000000,0.000000,1512.18
24.38,94706.09,51.39,566.24,3.00,-2.14,8.27,0.105,-0.285,-0.044,-2.24,-4.05,6.61,0.000000,0.000000,1512.72
24.42,94710.16,51.40,565.89,5.35,-0.97,8.11,0.129,0.034,0.490,-0.23,-5.48,7.07,0.000000,0.000000,1513.26
24.39,94709.22,51.39,565.97,4.19,-1.90,7.88,-0.205,-0.322,-0.311,-1.74,-5.48,5.71,0.000000,0.000000,1513.81
24.42,94710.55,51.40,565.85,4.80,-2.00,8.47,-0.213,0.339,0.137,-1.74,-5.01,6.61,0.000000,0.000000,1514.35
24.42,94709.66,51.41,565.93,4.39,-1.44,8.78,0.043,-0.031,-0.217,-1.74,-5.96,7.97,0.000000,0.000000,1514.89
24.43,94710.97,51.39,565.82,3.80,-1.43,8.98,-0.049,-0.045,-0.170,-0.74,-4.53,7.97,0.000000,0.000000,1515.43
24.44,94712.54,51.39,565.68,4.75,-1.76,8.52,-0.005,0.021,-0.257,-2.24,-5.96,7.52,0.000000,0.000000,1515.97
24.45,94714.45,51.39,565.51,4.64,-1.64,8.63,-0.043,0.032,-0.135,-0.74,-5.01,7.52,0.000000,0.000000,1516.52
24.43,94709.58,51.38,565.94,4.02,-1.42,8.60,-0.138,0.210,0.066,-1.24,-5.01,6.61,0.000000,0.000000,1517.06
24.42,94707.42,51.38,566.13,3.38,-1.95,8.91,-0.143,-0.124,0.003,-1.74,-4.05,7.52,0.000000,0.000000,1517.60
24.36,94702.63,51.38,566.55,3.19,-1.68,9.80,1.724,-0.796,1.108,-2.24,-3.10,6.16,0.000000,0.000000,1518.15
24.54,94730.23,51.39,564.12,7.22,5.74,3.18,0.419,-1.144,-0.836,6.80,-6.44,2.54,0.000000,0.000000,1518.69
24.47,94718.89,51.38,565.12,4.12,3.48,8.19,-2.132,0.857,-0.153,4.29,-4.53,6.61,0.000000,0.000000,1519.23
24.39,94714.14,51.39,565.54,3.51,-3.65,7.53,-0.505,-0.680,0.046,-3.25,-3.58,6.61,0.000000,0.000000,1519.77
24.42,94712.06,51.38,565.72,4.70,-3.18,7.73,0.057,-0.161,-0.014,-3.75,-4.05,6.16,0.000000,0.000000,1520.31
24.37,94700.17,51.37,566.77,4.67,-2.83,8.04,-0.037,-0.125,-0.087,-1.74,-4.05,7.52,0.000000,0.000000,1520.86
24.41,94706.92,51.37,566.17,4.67,-2.67,7.95,0.001,-0.049,-0.019,-2.75,-5.01,4.80,0.000000,0.000000,1521.40
24.38,94703.69,51.38,566.46,4.66,-2.69,8.15,-0.027,-0.037,-0.044,-1.74,-4.53,7.52,0.000000,0.000000,1521.94
24.42,94708.64,51.38,566.02,4.64,-2.04,8.22,-0.022,0.001,-0.091,-1.74,-6.44,7.07,0.000000,0.000000,1522.48
24.37,94699.89,51.37,566.79,4.67,-2.10,8.48,0.034,-0.038,-0.049,-1.74,-4.53,7.07,0.000000,0.000000,1523.02
24.45,94710.14,51.37,565.89,4.38,-2.01,7.54,-1.167,-1.321,1.833,-1.24,-4.53,5.26,0.000000,0.000000,1523.56
24.40,94702.30,51.35,566.58,5.29,-1.85,8.01,3.502,-0.691,-0.432,-1.74,-4.53,6.16,0.000000,0.000000,1524.10
24.49,94716.66,51.36,565.32,2.78,0.38,8.27,2.312,-1.637,3.640,0.27,-4.05,6.16,0.000000,0.000000,1524.64
24.28,94686.22,51.36,567.99,5.87,-1.68,6.82,-2.298,2.465,-6.348,-0.74,-5.96,5.26,0.000000,0.000000,1525.19
24.32,94689.53,51.35,567.70,1.75,-2.55,9.29,-0.702,-1.505,-0.285,-1.74,-2.15,7.52,0.000000,0.000000,1525.73
24.48,94712.14,51.36,565.71,6.73,-5.63,4.42,0.049,-0.058,-0.024,-5.76,-7.39,3.44,0.000000,0.000000,1526.27
24.46,94712.22,51.35,565.71,6.54,-5.42,4.64,0.031,-0.146,-0.019,-5.26,-7.87,2.09,0.000000,0.000000,1526.81
24.46,94711.75,51.35,565.75,6.24,-5.01,5.39,-0.032,0.067,-0.275,-4.76,-5.48,4.80,0.000000,0.000000,1527.35
24.41,94701.77,51.34,566.63,6.13,-5.16,5.60,-0.033,-0.037,0.307,-5.26,-6.92,2.99,0.000000,0.000000,1527.89
24.42,94703.70,51.33,566.45,5.92,-5.52,5.54,-0.010,-0.024,-0.005,-5.26,-5.48,4.35,0.000000,0.000000,1528.44
24.38,94698.83,51.33,566.88,5.71,-5.61,5.67,-0.119,-0.071,-0.080,-5.76,-5.48,2.99,0.000000,0.000000,1528.98
24.40,94702.59,51.32,566.55,5.66,-5.16,5.87,0.036,-0.188,0.019,-4.76,-5.96,5.26,0.000000,0.000000,1529.52
24.43,94705.15,51.31,566.33,6.57,-5.01,5.09,0.093,-0.149,0.057,-4.25,-7.39,2.99,0.000000,0.000000,1530.06
24.45,94708.41,51.30,566.04,6.75,-4.52,5.11,0.014,0.011,-0.293,-3.75,-6.92,3.90,0.000000,0.000000,1530.60
24.40,94700.66,51.29,566.72,6.30,-4.48,5.69,-0.038,-0.023,-0.076,-5.26,-7.87,3.90,0.000000,0.000000,1531.14
24.58,94727.84,51.30,564.33,6.02,-3.53,5.50,4.497,-1.138,2.446,-2.24,-5.96,3.90,0.000000,0.000000,1531.68
24.56,94722.02,51.30,564.85,7.91,1.46,4.84,-4.971,3.262,-6.169,2.28,-8.35,1.18,0.000000,0.000000,1532.22
24.61,94731.20,51.29,564.04,12.06,-4.83,1.61,3.774,-1.677,6.001,-3.25,-13.11,-1.08,0.000000,0.000000,1532.77
24.44,94702.95,51.28,566.52,-3.80,-1.82,8.56,0.987,-2.315,2.935,-2.24,2.62,6.61,0.000000,0.000000,1533.31
24.45,94706.80,51.29,566.18,7.47,-6.05,3.99,-2.932,3.065,-8.731,-4.76,-7.39,2.99,0.000000,0.000000,1533.85
24.72,94746.02,51.28,562.74,10.16,0.32,4.17,5.684,-4.095,8.731,0.77,-11.68,0.73,0.000000,0.000000,1534.39
24.69,94740.73,51.26,563.20,7.33,2.86,6.01,-4.351,3.438,-8.731,4.29,-8.82,3.44,0.000000,0.000000,1534.93
24.81,94757.25,51.26,561.75,2.51,-3.01,6.07,0.928,-1.052,1.422,-0.74,-4.53,4.35,0.000000,0.000000,1535.47
25.11,94799.65,51.24,558.02,8.99,-1.15,3.80,7.010,-5.907,8.731,-1.24,-10.73,1.63,0.000000,0.000000,1536.02
24.87,94763.91,51.21,561.16,1.96,0.36,8.59,-3.893,2.779,-6.989,-0.74,-4.05,5.71,0.000000,0.000000,1536.56
24.74,94744.27,51.18,562.89,9.47,-6.21,0.41,-5.441,3.711,-8.731,-4.25,-8.82,-1.08,0.000000,0.000000,1537.10
24.89,94768.06,51.15,560.80,11.78,1.88,0.52,2.784,-4.729,6.020,3.29,-13.11,-3.35,0.000000,0.000000,1537.64
24.74,94747.98,51.12,562.56,7.09,6.73,-0.29,0.483,-0.487,-0.635,8.31,-6.44,-1.54,0.000000,0.000000,1538.18
24.52,94712.70,51.13,565.66,1.48,-1.07,-0.60,-0.871,0.016,0.878,-0.74,-0.72,-1.08,0.000000,0.000000,1538.73
24.85,94763.35,51.14,561.21,0.88,-0.21,0.21,-1.254,-0.075,4.185,0.27,-0.24,0.28,0.000000,0.000000,1539.27
24.82,94760.38,51.13,561.47,2.78,19.31,-2.15,-1.761,0.703,5.606,20.88,-3.10,-3.35,0.000000,0.000000,1539.81
24.73,94742.86,51.11,563.01,-1.63,21.29,-4.11,2.348,0.522,-7.126,20.88,2.15,-3.80,0.000000,0.000000,1540.35
24.85,94758.45,51.13,561.64,-1.83,2.45,-0.25,0.929,-0.463,-6.768,1.78,2.15,-0.63,0.000000,0.000000,1540.89
24.86,94753.67,51.10,561.25,-1.79,-2.65,-0.15,0.201,-0.520,-1.927,-2.75,2.15,0.28,0.000000,0.000000,1541.43
24.79,94753.95,51.10,562.04,-2.67,-1.96,-0.30,-0.745,0.033,2.019,-1.74,3.58,-0.63,0.000000,0.000000,1541.98
24.47,94708.20,51.06,566.06,0.57,16.18,1.05,-2.200,-0.877,6.049,18.36,-1.67,-0.18,0.000000,0.000000,1542.52
24.59,94720.03,51.05,565.02,9.96,25.81,4.07,-0.741,1.076,2.283,25.90,-9.30,0.73,0.000000,0.000000,1543.06
24.60,94715.98,51.03,565.38,7.08,23.66,5.14,1.577,1.495,-4.912,23.39,-7.39,3.44,0.000000,0.000000,1543.61
24.55,94709.98,51.01,565.90,-3.30,3.29,0.01,2.043,0.811,-6.315,3.79,3.58,-0.18,0.000000,0.000000,1544.14
24.63,94723.17,51.00,564.74,-3.20,-3.06,-0.89,-1.340,-0.466,1.214,-1.24,4.05,-1.54,0.000000,0.000000,1544.69
24.45,94700.43,50.97,566.74,-1.94,15.52,-0.35,-2.938,-0.612,6.933,17.36,3.10,0.73,0.000000,0.000000,1545.23
24.48,94704.78,50.95,566.36,2.62,25.87,1.17,-0.122,0.059,-0.695,25.90,-2.15,0.28,0.000000,0.000000,1545.77
24.58,94714.16,50.93,565.54,-3.96,2.09,-0.39,1.427,0.486,-7.310,2.78,4.05,0.28,0.000000,0.000000,1546.31
24.37,94682.95,50.89,568.28,-5.46,-1.21,-1.40,-1.427,-0.843,4.448,1.27,5.01,-1.08,0.000000,0.000000,1546.86
24.53,94713.38,50.85,565.61,5.16,24.86,1.94,-0.842,-0.435,4.655,25.90,-4.05,0.73,0.000000,0.000000,1547.40
24.54,94710.98,50.83,565.81,-6.90,22.14,2.52,3.416,0.513,-8.731,23.39,4.05,3.90,0.000000,0.000000,1547.94
24.38,94686.75,50.78,567.95,1.76,3.16,0.88,-1.261,-0.463,3.445,4.79,-1.67,0.28,0.000000,0.000000,1548.48
24.40,94689.30,50.77,567.72,7.10,6.89,2.80,0.096,-0.045,0.215,7.31,-7.39,1.18,0.000000,0.000000,1549.02
24.57,94714.37,50.77,565.52,6.57,6.89,1.08,0.032,0.811,-0.068,7.81,-5.96,0.73,0.000000,0.000000,1549.56
23.70,94589.80,50.74,576.48,6.10,6.97,2.26,0.574,-0.374,-0.318,7.81,-6.44,-0.18,0.000000,0.000000,1550.10
23.91,94617.16,50.73,574.07,5.46,7.99,1.48,0.141,0.037,-0.229,9.32,-4.05,1.18,0.000000,0.000000,1550.64
24.20,94657.90,50.73,570.48,4.65,8.34,1.47,-0.060,0.093,0.061,8.31,-5.48,-1.54,0.000000,0.000000,1551.18
24.17,94654.55,50.73,570.78,4.96,8.18,2.37,-0.079,-0.112,0.104,8.81,-4.53,0.73,0.000000,0.000000,1551.73
24.06,94634.03,50.73,572.58,4.90,8.29,1.60,0.492,0.003,-0.742,8.31,-5.48,-0.63,0.000000,0.000000,1552.27
24.64,94720.23,50.77,565.00,-0.50,9.43,1.07,0.814,2.199,-0.639,10.82,2.62,1.18,0.000000,0.000000,1552.81
24.82,94749.48,50.77,562.43,8.50,2.96,0.23,-0.980,0.676,-0.313,4.29,-7.87,-3.35,0.000000,0.000000,1553.35
24.55,94710.82,50.77,565.83,-2.33,14.87,-2.21,-0.446,-1.952,2.667,15.85,3.58,-1.99,0.000000,0.000000,1553.90
24.64,94722.63,50.78,564.79,-12.75,2.85,0.92,-0.724,0.896,0.005,2.78,12.64,-0.18,0.000000,0.000000,1554.43
24.70,94731.83,50.81,563.98,10.43,5.86,0.49,0.195,1.084,-3.538,6.80,-9.78,-0.63,0.000000,0.000000,1554.98
24.59,94718.52,50.79,565.15,6.82,7.94,1.14,0.779,-1.015,2.134,9.32,-6.44,-1.54,0.000000,0.000000,1555.52
24.25,94660.58,50.78,570.25,1.61,28.32,4.72,7.599,-1.179,2.433,26.91,0.24,2.09,0.000000,0.000000,1556.06
24.58,94709.14,50.78,565.98,1.26,26.45,-5.02,8.731,-0.233,1.985,22.39,0.24,-6.52,0.000000,0.000000,1556.60
24.54,94702.70,50.79,566.54,0.45,-2.10,-4.17,4.481,-0.401,0.640,-2.24,0.71,-3.80,0.000000,0.000000,1557.14
24.65,94721.97,50.80,564.85,-0.10,-8.14,-4.81,-2.100,0.557,-0.525,-7.27,1.67,-5.61,0.000000,0.000000,1557.69
24.54,94707.69,50.80,566.10,5.14,23.20,-9.02,-8.237,0.773,-0.994,24.90,-2.62,-9.23,0.000000,0.000000,1558.23
24.57,94705.63,50.82,566.29,5.93,30.66,1.08,3.504,-0.471,-0.037,32.94,-5.01,-0.18,0.000000,0.000000,1558.77
24.66,94720.73,50.83,564.96,0.62,-1.31,-6.45,5.346,-0.751,0.688,-1.74,1.67,-5.61,0.000000,0.000000,1559.31
24.59,94714.77,50.81,565.48,0.82,-2.98,-5.91,-4.685,0.426,-0.281,-1.24,-0.72,-7.42,0.000000,0.000000,1559.85
24.64,94721.33,50.81,564.91,3.36,25.17,-7.53,-5.338,0.741,-0.019,25.40,-1.19,-6.52,0.000000,0.000000,1560.39
24.49,94695.25,50.82,567.20,5.98,31.70,-9.25,7.567,0.033,1.695,31.94,-2.15,-12.85,0.000000,0.000000,1560.94
24.62,94714.94,50.81,565.47,0.72,-5.44,-4.73,4.530,-0.156,0.148,-5.26,0.71,-5.16,0.000000,0.000000,1561.48
24.48,94698.63,50.81,566.90,2.43,6.29,-9.74,-8.525,0.833,-1.420,9.82,-0.72,-12.40,0.000000,0.000000,1562.02
24.72,94731.48,50.81,564.01,3.91,19.96,0.96,-1.298,0.267,-0.362,21.88,-2.62,0.28,0.000000,0.000000,1562.56
24.74,94732.85,50.81,563.89,4.16,7.64,7.41,0.621,-0.561,0.872,8.81,-4.05,2.99,0.000000,0.000000,1563.10
24.05,94634.62,50.77,572.53,6.35,3.77,-3.03,1.263,0.249,1.115,4.29,-5.48,-3.80,0.000000,0.000000,1563.64
23.98,94624.04,50.77,573.46,4.39,7.33,-6.79,-0.790,-0.341,-0.833,7.81,-2.62,-7.87,0.000000,0.000000,1564.19
23.76,94589.75,50.75,576.48,0.56,9.12,0.26,-0.195,-0.586,0.038,10.82,0.71,-0.63,0.000000,0.000000,1564.72
23.67,94577.69,50.74,577.54,1.81,9.63,-0.82,-0.022,0.059,-0.219,10.32,-1.67,-1.08,0.000000,0.000000,1565.27
23.62,94568.05,50.71,578.39,0.85,10.11,-1.69,0.298,-0.054,0.203,10.82,0.24,-2.44,0.000000,0.000000,1565.81
23.68,94578.70,50.70,577.45,1.02,9.53,-1.49,0.070,-0.032,-0.036,9.82,0.24,-2.89,0.000000,0.000000,1566.35
23.63,94572.70,50.71,577.98,0.63,9.73,-0.89,-0.104,-0.537,-0.080,10.82,1.19,-0.18,0.000000,0.000000,1566.89
23.79,94594.58,50.70,576.06,0.78,9.75,-1.74,0.097,-0.166,0.064,10.82,0.24,-3.80,0.000000,0.000000,1567.43
23.69,94582.12,50.71,577.15,1.14,9.46,-1.32,-0.072,0.655,-0.280,10.32,-0.24,-1.08,0.000000,0.000000,1567.97
23.74,94587.64,50.70,576.67,-0.54,10.21,-1.21,-0.488,0.901,-0.097,11.33,1.67,-2.44,0.000000,0.000000,1568.52
23.87,94604.87,50.71,575.15,3.50,7.31,4.63,-0.904,-0.377,-0.049,7.81,-3.58,4.80,0.000000,0.000000,1569.05
23.80,94596.30,50.69,575.90,3.26,8.40,3.84,0.022,-0.116,-0.097,9.32,-3.10,2.09,0.000000,0.000000,1569.59
23.66,94573.13,50.69,577.94,3.27,8.37,3.83,0.041,0.022,-0.011,8.81,-3.58,2.99,0.000000,0.000000,1570.13
23.68,94579.09,50.68,577.42,3.07,8.57,4.26,0.100,0.032,-0.194,9.32,-2.62,3.90,0.000000,0.000000,1570.68
23.65,94569.99,50.67,578.22,2.36,8.76,4.52,-0.064,-0.027,-0.049,8.81,-2.15,3.90,0.000000,0.000000,1571.22
23.66,94572.62,50.68,577.99,2.36,8.65,4.31,-0.026,-0.070,-0.012,9.82,-1.19,2.09,0.000000,0.000000,1571.76
23.65,94569.41,50.67,578.27,2.52,8.45,4.25,-0.015,-0.033,-0.031,8.31,-3.10,2.54,0.000000,0.000000,1572.30
23.65,94569.70,50.68,578.25,2.17,8.43,4.39,-0.162,-0.039,-0.093,9.82,-1.67,4.35,0.000000,0.000000,1572.84
23.73,94581.72,50.68,577.19,2.81,8.90,3.90,0.173,0.019,0.146,9.82,-2.62,2.54,0.000000,0.000000,1573.38
23.32,94522.77,50.65,582.38,5.74,5.27,4.43,-1.387,-0.384,0.919,6.30,-5.48,3.90,0.000000,0.000000,1573.93
23.02,94475.11,50.64,586.58,6.62,2.88,6.42,-0.152,-0.014,-0.144,2.78,-7.39,4.35,0.000000,0.000000,1574.47
23.02,94472.99,50.63,586.76,5.86,4.22,7.20,-0.275,-0.398,-0.314,5.80,-5.96,6.61,0.000000,0.000000,1575.01
25.23,94803.92,50.68,557.65,6.28,3.76,6.58,-0.148,-0.111,-0.191,4.79,-6.44,3.44,0.000000,0.000000,1575.55
24.55,94705.62,50.67,566.29,5.82,3.63,6.45,-0.251,0.307,-0.200,4.79,-5.01,5.71,0.000000,0.000000,1576.09
22.89,94461.46,50.63,587.78,8.00,4.24,4.04,0.058,-0.585,0.134,4.79,-9.30,1.63,0.000000,0.000000,1576.63
24.33,94665.77,50.65,569.79,9.42,2.01,1.91,-0.049,-0.545,0.372,2.78,-9.30,1.18,0.000000,0.000000,1577.18
24.36,94674.13,50.64,569.06,9.31,1.91,2.55,0.001,0.029,-0.103,1.78,-9.30,0.28,0.000000,0.000000,1577.72
24.49,94691.49,50.64,567.53,8.76,2.76,3.07,0.363,1.067,-0.121,4.29,-8.82,1.63,0.000000,0.000000,1578.26
23.03,94477.34,50.58,586.38,4.52,4.36,7.85,0.417,0.472,-0.307,3.79,-6.92,6.61,0.000000,0.000000,1578.80
23.05,94478.04,50.58,586.32,4.13,4.71,7.19,0.025,0.068,-0.141,5.80,-4.53,6.16,0.000000,0.000000,1579.34
23.09,94484.80,50.56,585.72,4.54,2.77,7.56,-0.231,-0.578,0.111,3.79,-5.01,6.61,0.000000,0.000000,1579.88
23.41,94529.19,50.55,581.81,6.63,2.57,7.59,-0.655,-0.256,-0.364,3.79,-6.92,6.16,0.000000,0.000000,1580.43
22.98,94464.30,50.54,587.53,7.75,2.04,5.83,-0.864,-0.470,-0.426,2.28,-8.82,3.44,0.000000,0.000000,1580.97
25.69,94867.90,50.60,552.03,8.78,1.29,4.32,-0.101,-0.070,-0.032,2.78,-8.82,3.44,0.000000,0.000000,1581.51
22.89,94453.16,50.51,588.51,7.51,1.33,5.39,-0.398,0.222,-0.029,2.28,-8.35,3.90,0.000000,0.000000,1582.05
23.21,94498.44,50.52,584.52,7.60,1.89,6.32,-0.322,0.564,0.004,2.28,-7.39,5.26,0.000000,0.000000,1582.59
23.16,94493.69,50.52,584.94,6.87,1.70,6.49,-0.108,-0.226,-0.284,1.78,-7.87,3.44,0.000000,0.000000,1583.13
23.25,94504.88,50.50,583.95,6.76,1.56,6.63,0.157,-0.160,-0.017,2.28,-6.92,5.26,0.000000,0.000000,1583.67
23.15,94490.19,50.48,585.25,6.15,1.77,7.50,0.070,0.196,-0.199,2.28,-6.92,5.71,0.000000,0.000000,1584.21
23.11,94484.84,50.47,585.72,6.19,2.64,7.41,-0.164,-0.152,0.034,3.29,-5.48,6.16,0.000000,0.000000,1584.76
25.87,94886.79,50.54,550.37,7.50,2.06,5.99,0.125,-0.270,0.126,2.28,-7.39,3.44,0.000000,0.000000,1585.30
25.95,94905.14,50.55,548.76,7.80,2.39,5.55,-0.151,0.283,-0.231,3.29,-8.35,4.35,0.000000,0.000000,1585.84
26.06,94924.63,50.56,547.04,6.62,2.28,6.60,0.324,0.221,0.406,2.28,-6.92,2.99,0.000000,0.000000,1586.38
25.95,94910.22,50.57,548.31,6.37,2.30,7.11,0.468,0.293,0.593,3.29,-7.39,5.71,0.000000,0.000000,1586.92
25.87,94899.66,50.56,549.24,5.74,1.71,7.61,0.146,-0.057,-0.014,2.28,-5.96,6.16,0.000000,0.000000,1587.46
25.95,94923.30,50.60,547.16,7.19,1.88,6.57,-0.006,-0.157,-0.055,2.28,-8.35,4.80,0.000000,0.000000,1646.59
23.32,94520.70,50.49,582.56,7.52,1.53,5.85,0.141,0.079,-0.177,2.28,-7.39,4.80,0.000000,0.000000,1647.13
25.11,94789.80,50.49,558.89,7.04,2.02,6.56,-0.161,-0.021,0.070,2.78,-8.35,3.90,0.000000,0.000000,1647.67
25.14,94795.55,50.48,558.38,6.83,1.51,6.81,0.063,-0.138,-0.105,2.28,-7.39,5.71,0.000000,0.000000,1648.21
25.07,94785.20,50.45,559.29,7.91,1.60,6.13,-0.383,0.121,-0.207,2.28,-8.35,3.90,0.000000,0.000000,1648.75
25.05,94783.03,50.43,559.48,7.79,1.39,5.96,0.032,-0.043,-0.107,2.78,-7.39,3.90,0.000000,0.000000,1649.29
25.05,94782.27,50.45,559.57,6.39,3.44,6.97,1.298,0.503,0.524,3.29,-6.92,4.80,0.000000,0.000000,1649.83
25.18,94800.82,50.41,557.92,5.44,4.25,9.52,0.160,0.940,-0.367,4.79,-5.96,7.97,0.000000,0.000000,1650.38
25.11,94788.83,50.40,558.97,3.88,3.00,9.11,0.007,0.082,0.438,3.79,-4.05,6.61,0.000000,0.000000,1650.92
25.24,94808.27,50.39,557.26,3.68,3.31,8.51,1.049,-0.607,0.408,3.79,-4.05,7.07,0.000000,0.000000,1651.47
25.28,94812.39,50.38,556.90,2.98,5.45,8.81,-0.963,1.187,-1.071,6.30,-3.10,7.97,0.000000,0.000000,1652.01
25.16,94797.94,50.37,558.17,1.23,1.94,9.66,-0.246,-0.206,-0.589,1.78,-2.15,8.42,0.000000,0.000000,1652.55
25.31,94818.73,50.38,556.34,1.42,1.39,9.50,-0.226,-0.289,-0.140,1.27,-1.19,6.61,0.000000,0.000000,1653.09
25.23,94806.16,50.38,557.45,2.03,1.11,9.35,0.101,0.089,-0.131,0.27,-3.10,7.52,0.000000,0.000000,1653.63
25.23,94805.48,50.37,557.51,1.74,1.39,9.78,0.118,0.101,0.233,1.78,-2.62,8.88,0.000000,0.000000,1654.17
25.22,94802.65,50.39,557.76,1.75,1.54,9.64,-0.083,-0.152,0.118,1.78,-3.10,8.42,0.000000,0.000000,1654.72
25.23,94805.57,50.39,557.50,2.19,1.88,9.26,0.057,0.138,0.282,2.28,-2.62,5.71,0.000000,0.000000,1655.26
25.24,94805.48,50.38,557.51,2.09,1.48,9.42,-0.036,-0.129,0.038,1.27,-4.05,7.52,0.000000,0.000000,1655.80
25.22,94804.13,50.39,557.63,2.36,1.37,9.39,-0.025,-0.116,-0.036,1.78,-2.62,8.42,0.000000,0.000000,1656.34
25.22,94802.09,50.38,557.81,2.46,1.52,9.30,0.026,-0.146,-0.003,1.27,-4.05,7.52,0.000000,0.000000,1656.88
25.21,94800.40,50.38,557.96,2.15,1.65,9.32,0.042,-0.159,0.022,3.29,-3.10,7.97,0.000000,0.000000,1657.42
25.22,94799.22,50.38,558.06,2.52,1.84,9.34,-0.021,-0.026,-0.032,2.28,-5.01,7.07,0.000000,0.000000,1657.97
25.23,94803.45,50.38,557.69,2.07,1.81,9.36,0.016,-0.097,-0.026,2.28,-2.15,7.97,0.000000,0.000000,1658.51
25.23,94806.13,50.38,557.45,2.20,1.93,9.35,0.002,-0.065,-0.032,2.28,-3.10,7.97,0.000000,0.000000,1659.05
25.23,94804.60,50.39,557.59,2.04,1.86,9.42,-0.008,-0.055,-0.006,2.78,-2.15,8.42,0.000000,0.000000,1659.59
25.23,94803.63,50.39,557.67,2.23,1.82,9.37,-0.004,-0.081,-0.011,2.28,-2.15,7.07,0.000000,0.000000,1660.13
25.23,94804.56,50.39,557.59,2.21,1.80,9.34,0.022,-0.033,-0.005,2.28,-3.10,8.42,0.000000,0.000000,1660.67
25.23,94803.50,50.39,557.68,2.22,1.80,9.41,0.015,-0.051,0.006,2.28,-2.62,6.16,0.000000,0.000000,1661.21
25.24,94807.00,50.40,557.38,2.28,1.83,9.31,0.018,-0.081,-0.035,2.78,-2.15,8.42,0.000000,0.000000,1661.76
25.24,94806.58,50.41,557.37,2.25,2.02,9.35,-0.027,-0.123,-0.100,2.78,-4.05,8.42,0.000000,0.000000,1662.30
25.24,94806.75,50.41,557.40,2.24,1.98,9.29,-0.012,-0.046,-0.053,2.28,-2.15,8.42,0.000000,0.000000,1662.84
25.24,94807.77,50.40,557.31,2.22,1.99,9.31,-0.009,-0.071,-0.023,1.78,-2.15,7.97,0.000000,0.000000,1663.38
25.25,94807.38,50.41,557.34,2.23,1.92,9.33,-0.033,-0.038,-0.001,2.28,-2.62,8.42,0.000000,0.000000,1663.92
25.25,94811.02,50.40,557.02,2.04,1.82,9.31,-0.001,-0.068,-0.055,2.28,-2.62,9.33,0.000000,0.000000,1664.47
25.26,94811.62,50.41,556.97,3.36,3.31,7.39,-0.474,-0.949,0.184,3.79,-3.10,7.52,0.000000,0.000000,1665.01
25.24,94805.15,50.42,557.54,0.74,4.11,13.65,0.778,0.828,-0.161,3.79,-2.62,10.69,0.000000,0.000000,1665.55
25.25,94809.33,50.43,557.17,3.85,-0.81,5.03,-0.619,-1.364,0.835,-0.23,-4.53,3.90,0.000000,0.000000,1666.09
25.20,94798.03,50.43,558.16,2.85,0.68,8.57,3.487,1.422,-1.281,1.27,-3.10,7.07,0.000000,0.000000,1666.63
25.16,94804.85,50.42,558.51,3.54,4.45,10.43,-2.547,-1.068,0.390,4.79,-5.01,8.42,0.000000,0.000000,1667.17
25.23,94803.67,50.43,557.67,3.93,-2.04,5.95,-0.316,-0.473,0.239,-1.24,-4.53,4.35,0.000000,0.000000,1667.72
25.19,94797.09,50.43,558.25,2.21,4.38,9.28,3.320,-0.335,0.502,4.79,-2.62,7.97,0.000000,0.000000,1668.25
24.96,94764.28,50.43,561.13,4.82,2.59,7.91,-2.190,-1.059,-0.598,4.29,-5.96,5.26,0.000000,0.000000,1668.80
25.20,94799.59,50.44,558.03,4.39,1.82,8.42,0.044,-0.056,0.160,1.78,-5.01,7.97,0.000000,0.000000,1669.34
25.19,94799.50,50.44,558.03,4.37,1.94,8.56,0.031,-0.016,0.013,2.28,-4.53,6.16,0.000000,0.000000,1669.88
25.20,94802.47,50.44,557.77,4.56,1.98,8.32,0.111,0.023,-0.031,2.28,-5.96,6.16,0.000000,0.000000,1670.42
25.21,94801.67,50.45,557.84,4.29,2.08,8.59,0.002,-0.015,-0.038,2.28,-5.96,6.61,0.000000,0.000000,1670.96
25.21,94800.66,50.45,557.93,3.96,1.76,9.02,0.027,-0.031,0.033,2.28,-4.05,7.97,0.000000,0.000000,1671.50
25.21,94799.94,50.46,558.00,3.99,1.81,8.71,-0.004,-0.036,-0.043,2.28,-4.53,5.26,0.000000,0.000000,1672.05
25.21,94802.05,50.47,557.81,4.07,2.22,8.66,0.064,-0.049,-0.023,2.78,-5.48,7.52,0.000000,0.000000,1672.59
25.22,94801.63,50.46,557.85,4.00,2.30,8.68,-0.050,-0.058,-0.051,2.28,-4.53,4.80,0.000000,0.000000,1673.13
25.23,94802.19,50.46,557.80,3.90,2.19,8.73,-0.001,-0.020,0.009,2.28,-5.01,7.07,0.000000,0.000000,1673.67
25.23,94801.73,50.47,557.84,3.92,2.07,8.65,-0.020,-0.041,-0.014,2.28,-2.62,5.26,0.000000,0.000000,1674.21
25.23,94802.53,50.47,557.77,3.80,1.98,8.86,-0.058,-0.027,-0.067,2.28,-4.53,7.07,0.000000,0.000000,1674.75
25.23,94799.27,50.47,558.05,3.77,2.06,8.78,-0.026,-0.103,-0.086,2.28,-4.05,5.71,0.000000,0.000000,1675.29
25.24,94803.41,50.45,557.69,4.02,1.99,8.47,0.069,-0.116,0.042,1.27,-5.48,6.61,0.000000,0.000000,1675.83
25.25,94805.73,50.46,557.49,3.96,2.12,8.66,0.013,-0.020,0.047,3.29,-4.05,7.52,0.000000,0.000000,1676.37
25.24,94804.09,50.46,557.63,3.92,2.14,8.69,-0.022,-0.008,-0.029,2.78,-5.01,6.16,0.000000,0.000000,1676.92
25.22,94802.56,50.47,557.77,6.08,0.89,6.60,-1.687,-0.416,0.958,1.78,-5.48,6.16,0.000000,0.000000,1677.46
25.37,94824.52,50.47,555.84,3.27,6.10,9.94,-0.717,-0.309,0.097,6.80,-5.01,8.42,0.000000,0.000000,1678.00
25.36,94823.06,50.47,555.96,5.06,-0.34,7.65,-0.547,0.029,-0.387,0.77,-5.01,7.52,0.000000,0.000000,1678.54
25.33,94819.30,50.47,556.29,4.00,0.85,8.45,-0.407,0.168,-0.282,2.28,-5.48,6.16,0.000000,0.000000,1679.08
25.39,94826.95,50.49,555.62,3.51,1.20,9.14,-0.013,0.315,0.032,1.78,-4.53,7.52,0.000000,0.000000,1679.62
25.33,94816.98,50.47,556.50,3.37,1.11,8.58,-0.630,0.042,0.302,1.27,-3.58,5.71,0.000000,0.000000,1680.17
25.38,94825.61,50.46,555.74,2.39,-0.05,9.26,0.487,-0.021,-0.170,0.27,-3.58,8.42,0.000000,0.000000,1680.71
25.36,94824.59,50.47,555.83,1.93,3.71,9.25,0.337,0.000,0.004,3.29,-2.62,8.42,0.000000,0.000000,1681.25
25.28,94810.70,50.46,557.05,2.00,4.95,9.56,-0.508,-0.181,0.249,6.30,-3.58,8.42,0.000000,0.000000,1681.79
25.22,94802.69,50.48,557.75,2.70,3.30,9.93,-0.589,-0.368,0.202,4.29,-2.62,7.97,0.000000,0.000000,1682.33
25.20,94800.53,50.48,557.94,1.74,2.51,9.81,-0.407,0.704,-0.076,3.29,-3.58,8.42,0.000000,0.000000,1682.87
24.99,94768.77,50.46,560.73,1.02,3.88,9.44,0.330,-0.018,1.584,4.79,-1.19,8.42,0.000000,0.000000,1683.41
25.21,94796.59,50.46,558.29,2.92,-0.47,8.54,-0.905,0.379,1.397,-0.23,-3.10,7.52,0.000000,0.000000,1683.96
25.08,94776.48,50.46,560.06,2.57,-2.02,8.88,0.127,0.184,-0.147,-1.24,-3.58,5.71,0.000000,0.000000,1684.50
25.04,94770.02,50.46,560.63,1.31,-1.14,9.33,0.049,-0.044,0.689,-1.24,-2.15,7.97,0.000000,0.000000,1685.04
25.11,94782.57,50.47,559.52,1.84,-2.16,9.13,0.039,0.924,-0.954,-1.74,-2.62,8.88,0.000000,0.000000,1685.58
25.12,94784.19,50.47,559.38,1.24,-1.01,9.90,-1.124,0.306,-1.092,0.27,-3.58,8.88,0.000000,0.000000,1686.12
25.02,94768.31,50.48,560.78,2.22,-2.75,10.28,-1.078,0.279,-1.272,-1.74,-3.10,8.42,0.000000,0.000000,1686.67
25.20,94792.48,50.47,558.65,0.95,-3.99,10.66,0.398,0.684,-0.796,-4.76,-2.62,9.33,0.000000,0.000000,1687.21
25.11,94778.90,50.48,559.84,0.31,0.43,9.08,-0.981,0.779,0.371,0.77,-0.72,8.88,0.000000,0.000000,1687.74
25.15,94786.13,50.47,559.21,3.06,-1.40,8.31,-0.959,0.032,-0.680,-1.74,-4.53,6.16,0.000000,0.000000,1688.29
25.19,94793.03,50.49,558.60,-0.08,-1.10,7.64,-0.129,0.415,-1.028,-1.24,0.24,6.16,0.000000,0.000000,1688.83
25.13,94786.94,50.49,559.14,0.11,1.39,14.35,-1.218,-2.543,2.342,1.78,-1.19,14.76,0.000000,0.000000,1689.37
25.38,94815.51,50.51,556.63,0.81,-3.03,6.36,0.377,-1.216,0.465,-1.74,-1.67,5.71,0.000000,0.000000,1689.91
25.03,94767.18,50.50,560.87,2.16,-1.38,8.68,0.344,0.662,-2.790,-1.24,-2.15,9.33,0.000000,0.000000,1690.45
24.91,94751.16,50.50,562.28,3.46,-2.32,9.32,0.803,-0.534,0.662,-1.74,-4.53,7.97,0.000000,0.000000,1690.99
24.98,94759.85,50.50,561.52,4.07,2.92,8.00,-0.322,-0.771,0.667,2.78,-3.58,6.61,0.000000,0.000000,1691.53
25.01,94766.66,50.50,560.92,2.01,0.72,8.44,0.711,0.047,1.359,0.27,-3.10,6.61,0.000000,0.000000,1692.07
25.11,94778.52,50.50,559.88,2.10,0.58,9.37,-1.083,0.497,-0.698,2.28,-2.15,7.07,0.000000,0.000000,1692.62
25.15,94784.57,50.51,559.35,2.73,-2.89,9.51,-0.124,-0.079,0.938,-2.75,-4.53,7.52,0.000000,0.000000,1693.16
25.02,94761.97,50.49,561.33,0.75,-0.29,9.51,2.183,-0.356,0.124,-1.24,-1.19,8.42,0.000000,0.000000,1693.70
24.96,94756.25,50.50,561.84,0.95,-0.33,8.87,-0.069,-0.251,-0.224,-0.23,-2.15,7.97,0.000000,0.000000,1694.24
25.02,94764.00,50.50,561.15,2.07,-1.32,10.50,0.146,-0.959,2.227,-0.23,-3.58,9.78,0.000000,0.000000,1694.78
25.04,94767.14,50.49,560.82,2.80,-1.66,8.25,0.041,-0.012,0.333,-1.74,-3.58,6.16,0.000000,0.000000,1695.32
25.04,94763.72,50.51,561.18,4.13,-1.65,9.13,-0.672,0.062,-1.277,-1.24,-3.58,7.97,0.000000,0.000000,1695.87
25.05,94767.22,50.50,560.87,2.04,-2.56,9.42,0.457,-0.251,0.338,-2.24,-4.53,7.07,0.000000,0.000000,1696.41
24.93,94751.97,50.50,562.21,2.76,-0.17,8.84,0.016,-0.436,0.294,0.27,-2.62,8.42,0.000000,0.000000,1696.95
24.93,94753.16,50.50,562.11,2.64,2.12,9.06,0.254,0.562,-1.014,2.28,-2.62,7.97,0.000000,0.000000,1697.49
24.94,94751.59,50.50,562.24,3.47,2.65,9.03,0.185,-0.806,0.003,3.79,-3.58,7.97,0.000000,0.000000,1698.03
23.56,94550.27,50.46,579.96,6.65,2.80,7.05,-0.169,-0.034,0.017,2.78,-7.39,4.80,0.000000,0.000000,1698.57
23.34,94506.70,50.43,583.79,6.72,2.12,6.64,-0.014,-0.029,0.022,3.29,-6.44,5.26,0.000000,0.000000,1699.11
23.07,94465.73,50.40,587.40,7.06,2.29,5.78,0.059,-0.009,-0.200,2.78,-9.78,3.44,0.000000,0.000000,1699.66
23.53,94535.00,50.40,581.30,7.33,3.15,6.28,0.206,0.225,-0.342,4.29,-6.92,5.71,0.000000,0.000000,1700.20
