Temperatura,Pressao,Altitude,ax,ay,az,gx,gy,gz,Latitude,Longitude,Reefing
28.00,101316.59,0.70,0.16,0.62,69.81,2.82,1.66,6.22,-27.599996,-48.519985,Não
27.99,101299.77,2.10,-0.52,-0.73,70.56,1.51,-1.11,-8.48,-27.599991,-48.519970,Não
27.97,101274.55,4.20,-0.63,0.11,70.32,1.75,3.77,12.65,-27.599987,-48.519954,Não
27.95,101240.94,7.00,0.14,0.12,69.41,2.69,-8.98,-2.60,-27.599982,-48.519939,Não
27.93,101198.93,10.50,-0.73,0.26,69.88,9.34,1.81,-22.72,-27.599978,-48.519924,Não
27.90,101148.53,14.70,0.10,0.54,69.71,1.20,-7.18,-2.94,-27.599973,-48.519909,Não
27.87,101089.76,19.60,0.29,-0.68,69.71,-2.57,2.53,-2.13,-27.599969,-48.519894,Não
27.84,101022.63,25.20,0.16,0.71,70.74,-0.71,3.79,11.96,-27.599964,-48.519878,Não
27.80,100947.16,31.50,-0.69,0.73,70.03,-0.56,-5.54,-15.62,-27.599960,-48.519863,Não
27.75,100863.35,38.50,-1.01,-0.16,70.00,8.70,6.97,-6.04,-27.599955,-48.519848,Não
27.70,100771.22,46.20,0.57,-0.10,70.37,-1.28,6.29,-6.22,-27.599951,-48.519833,Não
27.65,100670.80,54.60,0.78,-0.28,70.28,-0.48,4.40,5.27,-27.599946,-48.519818,Não
27.59,100562.10,63.70,0.42,0.32,70.16,-7.34,-0.31,9.08,-27.599942,-48.519802,Não
27.52,100445.14,73.50,0.69,0.28,70.30,5.47,-1.12,-9.43,-27.599937,-48.519787,Não
27.45,100319.96,84.00,0.12,-0.26,70.69,0.91,-2.21,12.52,-27.599933,-48.519772,Não
27.38,100186.56,95.20,0.51,-0.36,69.61,-5.63,-5.83,-0.23,-27.599928,-48.519757,Não
27.30,100044.99,107.10,0.54,-0.65,69.64,-2.19,-2.36,0.86,-27.599924,-48.519742,Não
27.22,99895.26,119.70,0.05,-0.31,69.44,6.39,-3.25,3.35,-27.599919,-48.519726,Não
27.14,99737.42,133.00,-0.75,-0.61,70.09,-0.45,-6.21,4.01,-27.599915,-48.519711,Não
27.04,99571.48,147.00,0.02,0.42,70.05,3.68,-4.03,-0.34,-27.599910,-48.519696,Não
26.95,99397.49,161.70,0.89,-0.08,70.51,-5.77,1.83,-8.00,-27.599906,-48.519681,Não
26.85,99215.48,177.10,-0.40,0.08,70.15,-3.69,9.09,11.47,-27.599901,-48.519665,Não
26.74,99025.48,193.20,-0.76,-0.27,70.06,1.91,-1.58,-15.75,-27.599897,-48.519650,Não
26.63,98827.54,210.00,-0.08,-0.11,69.27,3.74,-0.49,-5.27,-27.599892,-48.519635,Não
26.52,98621.69,227.50,0.26,-0.61,69.86,-0.36,4.51,-3.38,-27.599888,-48.519620,Não
26.40,98407.97,245.70,0.23,-0.19,69.89,-4.54,-3.23,20.03,-27.599883,-48.519605,Não
26.28,98186.43,264.60,0.48,0.31,70.61,4.14,2.91,9.03,-27.599879,-48.519589,Não
26.15,97957.12,284.20,0.70,0.57,69.53,1.37,2.70,3.79,-27.599874,-48.519574,Não
26.02,97720.07,304.50,0.89,0.99,69.15,-2.67,-3.33,-8.82,-27.599870,-48.519559,Não
25.88,97475.33,325.50,0.60,-0.80,70.34,6.92,-3.46,10.52,-27.599865,-48.519544,Não
25.74,97222.96,347.20,-0.22,-0.44,69.49,-6.30,1.28,9.68,-27.599861,-48.519529,Não
25.60,96963.00,369.60,0.55,-0.03,69.59,-0.87,-0.30,-6.40,-27.599856,-48.519513,Não
25.45,96695.51,392.70,-0.87,0.04,69.87,4.05,-1.03,-1.81,-27.599852,-48.519498,Não
25.29,96420.54,416.50,-0.26,0.84,71.16,-6.05,-10.18,12.52,-27.599847,-48.519483,Não
25.13,96138.14,441.00,-0.37,0.44,70.26,-0.13,-0.66,8.57,-27.599843,-48.519468,Não
24.97,95848.38,466.20,0.63,0.15,69.37,-6.22,-5.68,7.72,-27.599838,-48.519453,Não
24.80,95551.30,492.10,0.59,-0.07,69.78,5.17,-9.60,-0.07,-27.599834,-48.519437,Não
24.63,95246.97,518.70,0.57,-0.64,69.89,4.70,3.95,-10.07,-27.599829,-48.519422,Não
24.45,94935.45,546.00,-1.01,-0.25,69.61,-2.40,4.44,-4.77,-27.599825,-48.519407,Não
24.27,94616.79,574.00,0.19,-0.49,69.54,-3.79,-0.21,-8.05,-27.599820,-48.519392,Não
24.08,94291.07,602.70,0.22,-0.31,70.46,5.88,11.51,4.93,-27.599816,-48.519377,Não
23.89,93958.35,632.10,0.35,0.47,69.55,2.17,-1.44,0.63,-27.599811,-48.519361,Não
23.70,93618.69,662.20,-0.49,-0.05,70.07,-2.59,3.19,-18.54,-27.599807,-48.519346,Não
23.50,93272.17,693.00,0.21,-0.24,70.42,-7.32,-2.77,-8.17,-27.599802,-48.519331,Não
23.29,92918.84,724.50,0.49,-0.46,70.17,0.64,-6.66,-4.02,-27.599798,-48.519316,Não
23.08,92558.78,756.70,-0.20,-0.48,70.20,3.63,1.49,8.41,-27.599793,-48.519301,Não
22.87,92192.06,789.60,0.21,-0.36,70.09,10.49,-14.12,-8.42,-27.599789,-48.519285,Não
22.65,91818.75,823.20,0.41,0.27,69.12,0.79,-4.16,0.36,-27.599784,-48.519270,Não
22.43,91438.93,857.50,0.08,0.27,69.47,-3.17,-2.61,3.94,-27.599780,-48.519255,Não
22.20,91052.67,892.50,-0.19,0.80,70.41,3.47,5.22,-22.58,-27.599775,-48.519240,Não
21.97,90660.05,928.20,-0.35,0.21,70.41,0.58,-0.21,-9.28,-27.599771,-48.519225,Não
21.73,90261.14,964.60,0.29,0.13,70.24,-0.07,-7.29,11.92,-27.599766,-48.519209,Não
21.49,89856.03,1001.70,-0.13,0.16,69.11,-3.74,-2.61,-11.42,-27.599762,-48.519194,Não
21.24,89444.79,1039.50,0.99,0.20,70.42,12.62,0.86,-3.90,-27.599757,-48.519179,Não
20.99,89027.49,1078.00,-0.98,-0.43,70.45,4.95,0.96,-14.77,-27.599753,-48.519164,Não
20.74,88604.24,1117.20,-0.28,0.08,69.58,2.57,-2.54,33.49,-27.599748,-48.519149,Não
20.48,88175.10,1157.10,-0.11,-0.39,70.04,-0.76,2.86,-5.15,-27.599744,-48.519133,Não
20.21,87740.16,1197.70,0.29,-0.80,70.16,6.51,-12.38,-1.03,-27.599739,-48.519118,Não
19.95,87299.50,1239.00,1.20,-0.10,70.45,-7.02,-4.70,16.17,-27.599735,-48.519103,Não
19.67,86853.22,1281.00,0.15,0.23,69.92,4.83,8.33,-2.78,-27.599731,-48.519088,Não
19.40,86401.39,1323.70,0.76,-0.04,69.62,6.28,4.28,-18.63,-27.599726,-48.519072,Não
19.11,85944.11,1367.10,0.65,-0.34,70.54,-5.04,-8.78,-1.42,-27.599722,-48.519057,Não
18.83,85489.82,1410.40,0.02,-0.28,-10.55,-1.05,-6.64,-0.76,-27.599717,-48.519042,Não
18.55,85038.49,1453.61,0.11,0.02,-9.17,-0.60,-4.06,-0.12,-27.599713,-48.519027,Não
18.27,84590.12,1496.71,-0.09,-0.19,-9.86,-1.87,-4.96,0.58,-27.599708,-48.519012,Não
17.99,84144.67,1539.72,-0.40,-0.19,-9.88,0.47,-2.35,-0.80,-27.599704,-48.518996,Não
17.71,83702.14,1582.63,0.04,-0.08,-9.66,-1.80,-4.14,-1.20,-27.599699,-48.518981,Não
17.43,83262.50,1625.44,-0.05,1.30,-10.03,-0.01,-3.08,-1.31,-27.599695,-48.518966,Não
17.16,82825.73,1668.15,0.38,0.38,-10.15,0.25,-4.71,-0.32,-27.599690,-48.518951,Não
16.88,82391.82,1710.77,-0.08,1.66,-10.19,-0.04,-4.65,1.25,-27.599686,-48.518936,Não
16.60,81960.74,1753.29,0.24,-1.16,-9.14,0.34,-3.36,0.43,-27.599681,-48.518920,Não
16.33,81532.47,1795.70,0.21,-0.21,-10.38,1.81,-3.86,0.50,-27.599677,-48.518905,Não
16.05,81107.01,1838.03,-0.21,-0.51,-9.24,0.08,-3.65,0.66,-27.599672,-48.518890,Não
15.78,80684.32,1880.25,-1.30,-0.05,-9.80,0.84,-4.45,0.40,-27.599668,-48.518875,Não
15.50,80264.40,1922.37,0.48,-0.25,-9.36,-1.39,-4.16,0.93,-27.599663,-48.518860,Não
15.23,79847.21,1964.40,-0.58,-0.78,-10.36,1.51,-2.45,1.25,-27.599659,-48.518844,Não
14.96,79432.76,2006.33,0.10,0.82,-9.41,1.23,-5.32,-1.03,-27.599654,-48.518829,Não
14.69,79021.01,2048.16,0.85,-0.52,-9.03,-1.18,-4.90,-2.24,-27.599650,-48.518814,Não
14.42,78611.95,2089.89,-0.45,0.85,-9.34,0.13,-2.17,-1.21,-27.599645,-48.518799,Não
14.15,78205.56,2131.52,-0.27,0.67,-10.30,-0.20,-4.82,-0.01,-27.599641,-48.518784,Não
13.88,77801.83,2173.06,1.08,-0.61,-9.09,-0.48,-3.78,1.62,-27.599636,-48.518768,Não
13.61,77400.73,2214.50,-0.37,-0.25,-11.11,1.03,-5.86,-0.74,-27.599632,-48.518753,Não
13.34,77002.26,2255.84,1.04,-0.71,-10.28,1.60,-3.29,-1.27,-27.599627,-48.518738,Não
13.07,76606.38,2297.08,0.31,0.21,-9.54,-0.03,-2.84,-1.36,-27.599623,-48.518723,Não
12.80,76213.09,2338.22,0.25,-0.63,-8.85,2.36,-4.65,0.82,-27.599618,-48.518708,Não
12.53,75822.37,2379.27,-1.25,-0.42,-9.15,-0.91,-2.23,-0.54,-27.599614,-48.518692,Não
12.27,75434.20,2420.22,0.33,-0.19,-10.20,-0.17,-3.64,1.09,-27.599609,-48.518677,Não
12.00,75048.57,2461.07,0.90,0.10,-9.92,-0.57,-4.88,-0.28,-27.599605,-48.518662,Não
11.74,74665.45,2501.82,-0.30,0.69,-9.96,1.07,-3.41,1.14,-27.599600,-48.518647,Não
11.47,74284.84,2542.47,0.78,-0.32,-9.70,0.19,-5.02,0.62,-27.599596,-48.518632,Não
11.21,73906.71,2583.03,-0.27,0.86,-9.64,0.85,-4.54,-1.39,-27.599591,-48.518616,Não
10.95,73531.05,2623.48,-0.28,-0.21,-9.99,0.24,-5.01,-0.48,-27.599587,-48.518601,Não
10.69,73157.84,2663.84,0.76,0.77,-10.07,-0.20,-4.65,-1.15,-27.599582,-48.518586,Não
10.42,72787.07,2704.10,0.17,1.12,-10.21,0.16,-5.33,0.75,-27.599578,-48.518571,Não
10.16,72418.72,2744.27,-0.86,0.71,-9.52,-0.03,-3.95,0.80,-27.599573,-48.518556,Não
9.90,72052.78,2784.33,0.12,-0.37,-9.73,-0.39,-4.27,0.38,-27.599569,-48.518540,Não
9.64,71689.23,2824.30,0.08,-0.13,-10.58,-1.64,-1.89,-0.72,-27.599564,-48.518525,Não
9.38,71328.05,2864.17,-0.75,0.28,-9.68,-0.25,-3.94,-0.65,-27.599560,-48.518510,Não
9.12,70969.22,2903.94,-0.00,-0.36,-10.17,-0.66,-2.89,-0.48,-27.599555,-48.518495,Não
8.87,70612.74,2943.61,-0.87,-0.62,-10.35,0.96,-3.40,2.02,-27.599551,-48.518480,Não
8.61,70258.59,2983.18,-0.77,-0.01,-10.33,-0.08,-6.07,0.69,-27.599546,-48.518464,Não
8.35,69906.75,3022.66,0.12,0.91,-9.96,-0.72,-5.01,-0.44,-27.599542,-48.518449,Não
8.10,69557.21,3062.04,0.86,-0.76,-9.12,-0.46,-2.94,0.22,-27.599537,-48.518434,Não
7.84,69209.95,3101.32,-0.90,0.37,-9.70,-0.58,-3.63,-0.05,-27.599533,-48.518419,Não
7.59,68864.95,3140.50,0.33,-0.03,-10.10,0.29,-2.07,-1.07,-27.599528,-48.518403,Não
7.33,68522.21,3179.58,0.09,-0.37,-9.19,0.75,-4.53,-1.41,-27.599524,-48.518388,Não
7.08,68181.71,3218.57,-0.12,-0.57,-9.83,-1.20,-2.61,0.50,-27.599519,-48.518373,Não
6.83,67843.43,3257.45,-0.40,-0.29,-10.47,0.42,-4.61,-0.23,-27.599515,-48.518358,Não
6.57,67507.35,3296.24,-1.46,0.33,-10.90,-0.74,-4.57,-0.20,-27.599510,-48.518343,Não
6.32,67173.47,3334.93,-0.23,-0.46,-10.11,0.75,-2.28,-0.89,-27.599506,-48.518327,Não
6.07,66841.78,3373.53,-0.28,0.23,-10.24,0.53,-4.49,1.14,-27.599501,-48.518312,Não
5.82,66512.24,3412.02,0.90,0.05,-9.70,-1.62,-2.04,-1.40,-27.599497,-48.518297,Não
5.57,66184.86,3450.42,0.02,-0.52,-10.74,-0.22,-4.28,0.35,-27.599492,-48.518282,Não
5.32,65859.62,3488.72,0.12,-0.00,-9.04,-0.75,-6.02,1.72,-27.599488,-48.518267,Não
5.08,65536.50,3526.92,0.09,-0.31,-9.52,1.46,-3.20,-0.62,-27.599483,-48.518251,Não
4.83,65215.49,3565.02,0.70,0.09,-10.29,2.38,-4.13,-0.48,-27.599479,-48.518236,Não
4.58,64896.57,3603.03,-0.99,-0.60,-10.26,-1.76,-4.49,2.53,-27.599474,-48.518221,Não
4.33,64579.74,3640.93,-0.27,0.62,-9.77,1.23,-4.60,0.85,-27.599470,-48.518206,Não
4.09,64264.98,3678.74,-0.49,0.52,-10.29,-0.13,-4.88,2.44,-27.599466,-48.518191,Não
3.84,63952.27,3716.45,-0.05,-0.33,-8.96,-0.39,-4.27,-2.08,-27.599461,-48.518175,Não
3.60,63641.60,3754.06,-0.55,-0.14,-10.51,0.92,-2.40,-2.36,-27.599457,-48.518160,Não
3.35,63332.97,3791.58,-0.28,0.03,-10.42,-1.23,-2.76,-0.05,-27.599452,-48.518145,Não
3.11,63026.34,3828.99,-0.11,0.58,-9.62,0.03,-4.92,-0.27,-27.599448,-48.518130,Não
2.87,62721.72,3866.31,0.44,-0.58,-10.70,-0.56,-4.40,1.33,-27.599443,-48.518115,Não
2.63,62419.09,3903.53,1.03,-0.51,-9.92,-0.37,-3.80,0.42,-27.599439,-48.518099,Não
2.39,62118.44,3940.65,1.33,0.85,-10.17,-1.04,-3.59,-0.53,-27.599434,-48.518084,Não
2.15,61819.75,3977.68,-0.05,0.13,-10.14,0.95,-4.28,-0.22,-27.599430,-48.518069,Não
1.91,61523.01,4014.60,-0.24,0.60,-10.03,-0.30,-3.07,0.94,-27.599425,-48.518054,Não
1.67,61228.21,4051.43,0.76,-0.84,-9.77,-0.75,-4.25,-0.00,-27.599421,-48.518039,Não
1.43,60935.33,4088.16,-0.71,-0.86,-9.20,0.65,-5.00,-0.20,-27.599416,-48.518023,Não
1.19,60644.37,4124.79,-0.49,0.08,-9.93,-0.85,-3.65,-0.86,-27.599412,-48.518008,Não
0.95,60355.31,4161.32,0.31,0.76,-9.58,-0.02,-2.76,-0.61,-27.599407,-48.517993,Não
0.71,60068.13,4197.76,-0.35,-0.58,-9.50,1.15,-3.94,-0.02,-27.599403,-48.517978,Não
0.48,59782.84,4234.09,-1.22,-0.03,-9.38,-1.86,-2.61,-0.01,-27.599398,-48.517963,Não
0.24,59499.40,4270.33,-0.08,0.72,-9.56,-0.51,-3.95,0.21,-27.599394,-48.517947,Não
0.01,59217.82,4306.47,0.64,-0.51,-9.80,-0.73,-3.60,-0.78,-27.599389,-48.517932,Não
-0.23,58938.08,4342.52,0.27,-0.17,-9.80,0.30,-2.96,0.09,-27.599385,-48.517917,Não
-0.46,58660.17,4378.46,-0.23,0.09,-9.59,0.67,-3.77,1.07,-27.599380,-48.517902,Não
-0.69,58384.07,4414.31,-0.12,0.47,-9.28,-1.71,-4.40,0.89,-27.599376,-48.517887,Não
-0.93,58109.78,4450.05,-0.51,0.70,-9.55,-1.18,-2.75,0.54,-27.599371,-48.517871,Não
-1.16,57837.28,4485.70,-0.71,0.39,-9.51,-0.18,-3.59,0.48,-27.599367,-48.517856,Não
-1.39,57566.56,4521.26,0.04,-0.42,-10.41,0.37,-3.73,0.68,-27.599362,-48.517841,Não
-1.62,57297.61,4556.71,-0.31,-0.21,-9.98,0.64,-3.83,-0.80,-27.599358,-48.517826,Não
-1.85,57030.42,4592.07,1.21,-0.05,-10.16,-0.58,-3.90,0.55,-27.599353,-48.517810,Não
-2.08,56764.97,4627.32,-0.45,-0.28,-10.03,-1.12,-4.23,-0.51,-27.599349,-48.517795,Não
-2.31,56501.27,4662.48,-0.55,0.35,-10.34,-0.32,-4.14,1.14,-27.599344,-48.517780,Não
-2.53,56239.28,4697.54,-0.97,0.29,-9.78,-0.17,-3.74,0.60,-27.599340,-48.517765,Não
-2.76,55979.01,4732.51,-0.79,-0.17,-10.27,1.44,-5.11,1.00,-27.599335,-48.517750,Não
-2.99,55720.44,4767.37,-0.73,0.05,-9.44,1.29,-2.95,1.00,-27.599331,-48.517734,Não
-3.21,55463.57,4802.14,0.03,0.47,-9.99,-1.06,-2.91,1.10,-27.599326,-48.517719,Não
-3.44,55208.37,4836.81,-0.18,-0.18,-9.64,-0.90,-3.88,1.33,-27.599322,-48.517704,Não
-3.66,54954.85,4871.38,-0.44,0.28,-9.70,0.17,-4.44,1.18,-27.599317,-48.517689,Não
-3.89,54702.98,4905.85,0.78,-0.41,-9.18,-1.34,-4.53,0.49,-27.599313,-48.517674,Não
-4.11,54452.76,4940.23,0.81,0.87,-9.43,0.53,-3.28,0.05,-27.599308,-48.517658,Não
-4.33,54204.18,4974.50,0.49,1.77,-9.70,-1.29,-4.40,-1.15,-27.599304,-48.517643,Não
-4.56,53957.22,5008.68,-0.29,-0.14,-9.48,1.67,-2.97,1.77,-27.599299,-48.517628,Não
-4.78,53711.89,5042.76,-0.64,-0.55,-8.41,0.59,-6.16,0.59,-27.599295,-48.517613,Não
-5.00,53468.16,5076.75,-0.73,0.05,-10.03,0.44,-3.59,0.38,-27.599290,-48.517598,Não
-5.22,53226.02,5110.63,-0.22,0.06,-9.46,0.50,-2.35,1.12,-27.599286,-48.517582,Não
-5.44,52985.47,5144.42,0.21,-0.39,-10.48,0.63,-2.37,-1.92,-27.599281,-48.517567,Não
-5.66,52746.50,5178.11,-0.03,0.23,-8.93,1.22,-3.21,-1.11,-27.599277,-48.517552,Não
-5.88,52509.09,5211.70,-0.04,-0.69,-8.85,-0.60,-3.32,-0.46,-27.599272,-48.517537,Não
-6.09,52273.24,5245.19,0.63,0.59,-9.83,1.50,-5.17,1.02,-27.599268,-48.517522,Não
-6.31,52038.93,5278.58,-0.07,-1.07,-9.43,-0.40,-2.69,0.57,-27.599263,-48.517506,Não
-6.53,51806.16,5311.88,1.08,0.19,-10.04,-0.77,-5.69,-1.02,-27.599259,-48.517491,Não
-6.74,51574.92,5345.07,-0.21,-0.24,-9.31,-0.47,-3.39,0.99,-27.599254,-48.517476,Não
-6.96,51345.19,5378.17,0.20,0.62,-9.80,-0.99,-4.34,-1.78,-27.599250,-48.517461,Não
-7.17,51116.97,5411.17,0.17,0.05,-9.70,0.29,-2.28,-0.30,-27.599245,-48.517446,Não
-7.39,50890.24,5444.08,1.05,-0.09,-8.99,0.51,-4.04,-0.24,-27.599241,-48.517430,Não
-7.60,50665.00,5476.88,0.28,-0.72,-9.38,-0.67,-5.40,-0.14,-27.599236,-48.517415,Não
-7.81,50441.24,5509.59,0.69,-0.75,-10.50,-0.13,-2.89,-1.45,-27.599232,-48.517400,Não
-8.02,50218.95,5542.20,0.13,-0.68,-9.85,-0.39,-5.00,-1.78,-27.599227,-48.517385,Não
-8.24,49998.12,5574.71,-0.20,-0.00,-9.00,-1.44,-3.88,0.18,-27.599223,-48.517370,Não
-8.45,49778.73,5607.12,-0.11,0.86,-9.07,0.03,-5.81,1.15,-27.599218,-48.517354,Não
-8.66,49560.79,5639.44,-0.88,0.18,-9.93,-0.71,-3.73,-0.21,-27.599214,-48.517339,Não
-8.87,49344.28,5671.65,-0.63,0.73,-9.41,0.28,-3.10,0.28,-27.599209,-48.517324,Não
-9.07,49129.19,5703.77,-0.71,-0.18,-10.21,0.71,-3.00,0.43,-27.599205,-48.517309,Não
-9.28,48915.51,5735.79,0.08,0.40,-9.82,2.14,-5.07,-0.10,-27.599201,-48.517294,Não
-9.49,48703.24,5767.72,0.28,-0.31,-10.68,0.86,-3.97,-0.77,-27.599196,-48.517278,Não
-9.70,48492.37,5799.54,0.49,-0.69,-9.87,-0.58,-3.64,0.48,-27.599192,-48.517263,Não
-9.90,48282.88,5831.27,0.11,0.29,-10.26,-1.60,-2.85,-0.74,-27.599187,-48.517248,Não
-10.11,48074.77,5862.89,-0.08,0.12,-9.33,0.99,-5.34,-0.27,-27.599183,-48.517233,Não
-10.31,47868.02,5894.42,0.50,-0.70,-10.65,0.13,-3.38,-0.26,-27.599178,-48.517217,Não
-10.52,47662.64,5925.86,0.54,0.26,-10.22,-1.66,-2.89,-0.57,-27.599174,-48.517202,Não
-10.72,47458.61,5957.19,-0.26,0.50,-9.52,-0.60,-2.95,2.59,-27.599169,-48.517187,Não
-10.92,47255.93,5988.43,-0.34,0.24,-9.40,-0.19,-3.31,-1.56,-27.599165,-48.517172,Não
-11.13,47054.57,6019.56,0.43,-0.44,-8.83,-0.22,-2.84,1.10,-27.599160,-48.517157,Não
-11.33,46854.55,6050.60,-0.49,-0.18,-10.21,0.05,-3.89,-2.32,-27.599156,-48.517141,Não
-11.53,46655.84,6081.54,-0.11,1.10,-10.04,0.36,-5.71,0.76,-27.599151,-48.517126,Não
-11.73,46458.44,6112.39,0.12,-0.34,-8.40,-0.64,-4.07,0.80,-27.599147,-48.517111,Não
-11.93,46262.34,6143.13,-0.17,1.30,-9.80,-0.24,-3.05,1.04,-27.599142,-48.517096,Não
-12.13,46067.54,6173.78,0.43,-0.01,-9.80,0.44,-4.24,-2.28,-27.599138,-48.517081,Não
-12.33,45874.02,6204.33,-1.15,-0.11,-10.08,-0.22,-4.22,-0.09,-27.599133,-48.517065,Não
-12.53,45681.78,6234.78,-0.64,0.38,-8.98,-1.37,-2.16,-1.27,-27.599129,-48.517050,Não
-12.72,45490.81,6265.13,-0.18,0.85,-9.64,0.27,-2.92,1.35,-27.599124,-48.517035,Não
-12.92,45301.10,6295.39,-0.15,0.27,-9.54,0.03,-5.21,-1.79,-27.599120,-48.517020,Não
-13.12,45112.64,6325.54,0.09,-0.66,-9.41,-0.71,-4.59,2.49,-27.599115,-48.517005,Não
-13.31,44925.43,6355.60,-0.33,-0.72,-10.11,1.59,-4.28,1.79,-27.599111,-48.516989,Não
-13.51,44739.45,6385.56,-0.18,-0.11,-9.62,-0.98,-2.82,1.58,-27.599106,-48.516974,Não
-13.70,44554.71,6415.42,0.67,-0.41,-10.07,0.94,-4.64,0.37,-27.599102,-48.516959,Não
-13.89,44371.18,6445.19,-0.13,-0.13,-8.84,0.32,-2.00,2.64,-27.599097,-48.516944,Não
-14.09,44188.87,6474.85,-0.33,0.07,-9.50,0.71,-4.59,-0.33,-27.599093,-48.516929,Não
-14.28,44007.77,6504.42,-0.42,0.82,-9.79,0.96,-3.70,1.07,-27.599088,-48.516913,Não
-14.47,43827.87,6533.89,-0.49,0.42,-9.33,1.10,-5.39,0.57,-27.599084,-48.516898,Não
-14.66,43649.16,6563.26,-0.14,0.02,-9.18,-0.32,-3.71,-0.69,-27.599079,-48.516883,Não
-14.85,43471.63,6592.54,0.42,1.00,-9.66,1.69,-3.56,-2.73,-27.599075,-48.516868,Não
-15.04,43295.28,6621.71,0.47,-1.55,-9.72,0.71,-4.99,0.35,-27.599070,-48.516853,Não
-15.23,43120.10,6650.79,0.79,-0.86,-9.91,2.32,-1.22,-1.15,-27.599066,-48.516837,Não
-15.42,42946.09,6679.77,-0.32,0.14,-9.28,-2.05,-4.14,0.01,-27.599061,-48.516822,Não
-15.61,42773.22,6708.65,0.04,0.11,-9.05,-1.69,-3.68,-1.37,-27.599057,-48.516807,Não
-15.79,42601.51,6737.43,0.24,0.19,-9.82,-0.19,-3.14,-0.49,-27.599052,-48.516792,Não
-15.98,42430.94,6766.12,-0.13,0.78,-10.55,0.44,-3.22,-0.65,-27.599048,-48.516777,Não
-16.17,42261.50,6794.70,0.47,0.33,-10.63,-1.24,-6.08,0.95,-27.599043,-48.516761,Não
-16.35,42093.19,6823.19,-0.82,0.17,-9.41,-0.38,-4.10,0.54,-27.599039,-48.516746,Não
-16.54,41926.00,6851.58,0.75,-0.45,-9.41,-2.00,-5.42,-0.41,-27.599034,-48.516731,Não
-16.72,41759.92,6879.88,-0.98,-0.06,-10.26,0.90,-3.44,0.49,-27.599030,-48.516716,Não
-16.90,41594.94,6908.07,0.89,-0.30,-8.92,1.03,-4.81,-0.47,-27.599025,-48.516701,Não
-17.09,41431.07,6936.17,0.20,0.52,-9.26,-0.52,-5.23,0.59,-27.599021,-48.516685,Não
-17.27,41268.29,6964.17,-0.72,0.01,-9.89,-0.87,-4.16,-0.05,-27.599016,-48.516670,Não
-17.45,41106.60,6992.07,-0.48,0.37,-8.73,-0.23,-4.27,-0.32,-27.599012,-48.516655,Não
-17.63,40945.98,7019.87,0.39,-0.18,-10.01,-0.33,-4.00,0.06,-27.599007,-48.516640,Não
-17.81,40786.44,7047.57,0.32,-0.22,-10.37,1.41,-3.92,0.18,-27.599003,-48.516625,Não
-17.99,40627.96,7075.18,-0.69,0.31,-10.44,-0.83,-1.43,0.69,-27.598998,-48.516609,Não
-18.17,40470.54,7102.69,-0.44,-0.59,-9.62,-0.83,-3.91,1.68,-27.598994,-48.516594,Não
-18.35,40314.18,7130.10,-0.02,0.03,-10.09,-0.13,-4.66,-0.94,-27.598989,-48.516579,Não
-18.52,40158.86,7157.41,0.51,-0.04,-9.60,-0.16,-3.64,0.51,-27.598985,-48.516564,Não
-18.70,40004.58,7184.62,0.17,0.05,-9.84,-0.04,-3.37,0.24,-27.598980,-48.516548,Não
-18.88,39851.34,7211.74,-0.45,-0.69,-10.07,-0.07,-4.95,0.69,-27.598976,-48.516533,Não
-19.05,39699.12,7238.75,-0.19,0.16,-9.71,-0.66,-5.41,1.34,-27.598971,-48.516518,Não
-19.23,39547.93,7265.67,-0.72,0.22,-9.55,-0.39,-5.47,-0.71,-27.598967,-48.516503,Não
-19.40,39397.75,7292.49,-0.27,-0.51,-9.82,-1.11,-4.35,-0.91,-27.598962,-48.516488,Não
-19.57,39248.58,7319.22,-0.44,0.16,-8.97,0.93,-5.79,-1.73,-27.598958,-48.516472,Não
-19.75,39100.41,7345.84,-0.08,-0.77,-9.28,0.89,-2.23,2.52,-27.598953,-48.516457,Não
-19.92,38953.24,7372.37,0.11,0.01,-10.06,0.84,-3.63,0.92,-27.598949,-48.516442,Não
-20.09,38807.06,7398.80,-0.05,0.22,-10.09,-0.67,-4.19,0.58,-27.598944,-48.516427,Não
-20.26,38661.86,7425.13,0.11,1.18,-10.25,0.29,-5.68,-1.17,-27.598940,-48.516412,Não
-20.43,38517.64,7451.36,0.86,0.19,-9.70,0.26,-5.65,0.36,-27.598936,-48.516396,Não
-20.60,38374.40,7477.49,-0.04,0.71,-9.25,-1.29,-4.22,0.09,-27.598931,-48.516381,Não
-20.77,38232.12,7503.53,-0.32,0.52,-9.58,-0.84,-3.81,0.29,-27.598927,-48.516366,Não
-20.94,38090.80,7529.47,1.20,0.39,-10.09,0.62,-4.60,1.52,-27.598922,-48.516351,Não
-21.11,37950.44,7555.31,1.02,0.26,-9.17,-0.71,-5.37,0.62,-27.598918,-48.516336,Não
-21.28,37811.03,7581.05,0.27,-0.28,-9.81,-0.12,-3.81,-0.02,-27.598913,-48.516320,Não
-21.44,37672.56,7606.69,-0.05,0.03,-10.05,0.96,-2.62,-0.35,-27.598909,-48.516305,Não
-21.61,37535.03,7632.24,0.18,-0.55,-10.50,1.36,-4.03,-1.83,-27.598904,-48.516290,Não
-21.77,37398.44,7657.69,-1.25,-0.34,-10.89,-0.93,-4.03,-0.23,-27.598900,-48.516275,Não
-21.94,37262.77,7683.04,-0.09,-0.22,-9.62,0.55,-4.13,0.79,-27.598895,-48.516260,Não
-22.10,37128.02,7708.29,-0.23,-0.20,-9.41,-0.81,-4.31,-0.58,-27.598891,-48.516244,Não
-22.27,36994.18,7733.44,-0.29,-0.26,-9.96,-1.52,-4.56,1.31,-27.598886,-48.516229,Não
-22.43,36861.26,7758.50,-0.20,-0.38,-10.30,0.46,-3.35,-0.74,-27.598882,-48.516214,Não
-22.59,36729.25,7783.46,0.89,-0.56,-9.09,-0.49,-3.23,-1.28,-27.598877,-48.516199,Não
-22.75,36598.13,7808.31,-0.79,-0.31,-9.35,-0.70,-5.10,-0.83,-27.598873,-48.516184,Não
-22.91,36467.91,7833.08,-0.02,0.51,-9.64,0.12,-4.42,0.63,-27.598868,-48.516168,Não
-23.08,36338.57,7857.74,-0.28,-0.79,-10.03,-1.33,-4.02,0.93,-27.598864,-48.516153,Não
-23.23,36210.12,7882.30,0.03,-0.25,-9.37,-0.49,-2.14,0.20,-27.598859,-48.516138,Não
-23.39,36082.55,7906.77,0.47,-0.04,-9.60,-0.64,-3.35,1.16,-27.598855,-48.516123,Não
-23.55,35955.85,7931.14,-0.46,-0.11,-9.78,-2.46,-3.44,2.30,-27.598850,-48.516108,Não
-23.71,35830.03,7955.41,1.49,-0.32,-10.65,0.89,-2.16,0.56,-27.598846,-48.516092,Não
-23.87,35705.06,7979.58,0.45,-0.45,-9.81,-0.01,-2.72,-0.64,-27.598841,-48.516077,Não
-24.02,35580.95,8003.66,-0.15,-0.26,-9.31,0.37,-4.12,-0.12,-27.598837,-48.516062,Não
-24.18,35457.70,8027.63,-0.75,-0.09,-9.65,-0.78,-3.44,-1.27,-27.598832,-48.516047,Não
-24.33,35335.29,8051.51,-0.14,0.06,-9.31,0.95,-4.54,-0.59,-27.598828,-48.516032,Não
-24.49,35213.73,8075.29,0.49,0.20,-9.20,0.57,-5.06,1.16,-27.598823,-48.516016,Não
-24.64,35093.00,8098.97,0.46,0.58,-10.24,0.56,-5.71,-2.12,-27.598819,-48.516001,Não
-24.80,34973.11,8122.56,0.43,-0.11,-10.15,0.53,-4.52,-0.07,-27.598814,-48.515986,Não
-24.95,34854.05,8146.04,0.37,-0.36,-10.09,0.32,-1.67,0.17,-27.598810,-48.515971,Não
-25.10,34735.81,8169.43,-0.21,-0.07,-10.60,-0.30,-5.40,-0.16,-27.598805,-48.515955,Não
-25.25,34618.39,8192.72,-0.24,-0.25,-10.03,0.08,-2.82,0.67,-27.598801,-48.515940,Não
-25.40,34501.78,8215.91,1.27,0.58,-10.19,0.42,-3.67,0.76,-27.598796,-48.515925,Não
-25.55,34385.99,8239.00,-0.27,-0.18,-9.99,-0.25,-3.41,-0.86,-27.598792,-48.515910,Não
-25.70,34270.99,8262.00,0.57,-0.09,-9.87,0.74,-1.36,0.67,-27.598787,-48.515895,Não
-25.85,34156.80,8284.90,0.83,0.44,-10.00,-1.72,-3.40,0.08,-27.598783,-48.515879,Não
-26.00,34043.41,8307.69,-0.09,0.15,-9.83,2.41,-5.36,0.62,-27.598778,-48.515864,Não
-26.15,33930.80,8330.40,-0.83,-0.26,-9.47,-0.93,-2.81,-0.68,-27.598774,-48.515849,Não
-26.29,33818.98,8353.00,-0.20,-0.25,-9.65,-0.99,-2.99,-0.13,-27.598769,-48.515834,Não
-26.44,33707.95,8375.50,0.29,-0.24,-9.66,0.53,-3.34,-1.50,-27.598765,-48.515819,Não
-26.59,33597.69,8397.91,-0.01,0.09,-9.35,-0.52,-2.85,-0.71,-27.598760,-48.515803,Não
-26.73,33488.20,8420.22,-0.24,-0.17,-9.66,0.21,-2.85,-1.15,-27.598756,-48.515788,Não
-26.88,33379.48,8442.43,0.34,0.22,-9.74,-2.28,-4.23,0.14,-27.598751,-48.515773,Não
-27.02,33271.53,8464.54,0.33,-0.18,-9.44,0.85,-2.15,-0.08,-27.598747,-48.515758,Não
-27.16,33164.34,8486.55,0.15,-0.35,-10.68,-0.98,-3.68,0.14,-27.598742,-48.515743,Não
-27.31,33057.90,8508.47,-0.20,-1.22,-9.89,0.00,-2.25,-1.11,-27.598738,-48.515727,Não
-27.45,32952.21,8530.29,-0.30,-0.95,-8.67,-0.24,-4.54,0.74,-27.598733,-48.515712,Não
-27.59,32847.27,8552.01,-0.08,-0.05,-9.64,-0.96,-5.86,-0.56,-27.598729,-48.515697,Não
-27.73,32743.08,8573.63,0.77,-0.10,-9.91,-2.37,-1.73,-1.01,-27.598724,-48.515682,Não
-27.87,32639.62,8595.15,0.17,-0.85,-9.26,-0.24,-6.42,-0.49,-27.598720,-48.515667,Não
-28.01,32536.89,8616.58,0.40,0.40,-9.59,-1.46,-4.40,1.51,-27.598715,-48.515651,Não
-28.15,32434.90,8637.91,-0.43,0.78,-10.21,0.84,-3.14,-0.94,-27.598711,-48.515636,Não
-28.28,32333.64,8659.14,-0.13,0.39,-10.10,0.71,-3.40,2.37,-27.598706,-48.515621,Não
-28.42,32233.09,8680.27,-0.95,-0.53,-9.45,-1.52,-4.48,0.71,-27.598702,-48.515606,Não
-28.56,32133.27,8701.30,-1.20,0.33,-10.07,1.90,-3.90,-0.05,-27.598697,-48.515591,Não
-28.69,32034.16,8722.24,0.26,-0.40,-8.77,-0.80,-2.96,-1.35,-27.598693,-48.515575,Não
-28.83,31935.75,8743.07,0.33,0.01,-9.18,2.07,-4.00,-0.23,-27.598688,-48.515560,Não
-28.96,31838.06,8763.81,0.84,-1.17,-9.80,0.47,-4.17,1.27,-27.598684,-48.515545,Não
-29.10,31741.07,8784.45,-0.52,0.15,-9.38,0.26,-4.36,0.05,-27.598679,-48.515530,Não
-29.23,31644.77,8805.00,0.09,0.63,-9.28,-1.14,-2.97,0.79,-27.598675,-48.515515,Não
-29.37,31549.18,8825.44,-0.44,-0.17,-9.74,-1.24,-2.94,0.16,-27.598670,-48.515499,Não
-29.50,31454.27,8845.79,0.11,0.40,-9.47,-0.58,-3.93,-1.00,-27.598666,-48.515484,Não
-29.63,31360.05,8866.04,0.32,0.35,-9.99,-1.03,-4.22,1.15,-27.598662,-48.515469,Não
-29.76,31266.51,8886.19,0.13,-0.47,-10.48,-0.00,-1.75,0.18,-27.598657,-48.515454,Não
-29.89,31173.65,8906.24,0.15,-0.71,-9.53,-0.04,-3.23,1.25,-27.598653,-48.515439,Não
-30.02,31081.47,8926.19,0.17,0.21,-9.34,0.68,-4.48,0.35,-27.598648,-48.515423,Não
-30.15,30989.97,8946.05,-0.63,-0.62,-9.97,-1.74,-2.30,0.76,-27.598644,-48.515408,Não
-30.28,30899.13,8965.81,0.86,0.51,-10.19,0.53,-2.66,-0.13,-27.598639,-48.515393,Não
-30.41,30808.95,8985.47,0.77,0.42,-8.85,0.67,-4.74,-0.56,-27.598635,-48.515378,Não
-30.53,30719.44,9005.03,0.51,0.04,-9.78,-1.10,-5.18,0.70,-27.598630,-48.515362,Não
-30.66,30630.58,9024.49,0.67,-0.51,-8.48,-0.63,-4.31,-1.05,-27.598626,-48.515347,Não
-30.79,30542.38,9043.86,0.02,-0.01,-9.46,0.09,-5.99,-0.66,-27.598621,-48.515332,Não
-30.91,30454.83,9063.12,0.46,-0.38,-10.42,-0.14,-4.23,0.27,-27.598617,-48.515317,Não
-31.03,30367.93,9082.29,0.20,0.24,-10.23,-0.53,-2.85,-0.16,-27.598612,-48.515302,Não
-31.16,30281.67,9101.36,-0.72,0.56,-10.13,0.74,-5.17,0.36,-27.598608,-48.515286,Não
-31.28,30196.06,9120.34,-0.70,-0.75,-10.19,0.39,-5.17,-0.45,-27.598603,-48.515271,Não
-31.40,30111.08,9139.21,-0.25,0.07,-9.26,0.89,-4.33,-0.29,-27.598599,-48.515256,Não
-31.53,30026.73,9157.99,0.11,-0.13,-10.49,0.48,-3.24,1.91,-27.598594,-48.515241,Não
-31.65,29943.02,9176.67,0.62,-1.11,-10.25,0.98,-4.12,-1.15,-27.598590,-48.515226,Não
-31.77,29859.93,9195.25,-0.16,0.39,-9.57,0.61,-3.80,-1.03,-27.598585,-48.515210,Não
-31.89,29777.46,9213.73,-0.06,-0.23,-9.67,0.76,-3.30,-0.54,-27.598581,-48.515195,Não
-32.01,29695.62,9232.12,-0.41,0.42,-9.81,-0.24,-4.57,0.88,-27.598576,-48.515180,Não
-32.13,29614.39,9250.40,1.06,0.11,-10.23,0.20,-6.35,0.17,-27.598572,-48.515165,Não
-32.25,29533.78,9268.59,0.27,-0.02,-10.43,0.58,-3.01,0.76,-27.598567,-48.515150,Não
-32.36,29453.78,9286.68,-0.35,-0.38,-10.38,0.69,-2.97,-0.72,-27.598563,-48.515134,Não
-32.48,29374.39,9304.67,0.15,0.50,-9.21,1.50,-3.75,0.12,-27.598558,-48.515119,Não
-32.60,29295.60,9322.57,-0.65,-0.17,-9.80,0.56,-5.04,0.00,-27.598554,-48.515104,Não
-32.71,29217.42,9340.36,0.85,-0.70,-10.20,0.16,-5.00,0.10,-27.598549,-48.515089,Não
-32.83,29139.83,9358.06,0.56,0.65,-9.61,-0.54,-3.10,0.45,-27.598545,-48.515074,Não
-32.94,29062.84,9375.66,0.86,0.31,-9.98,0.22,-5.97,-1.36,-27.598540,-48.515058,Não
-33.06,28986.44,9393.16,0.04,0.73,-10.00,0.87,-4.75,0.01,-27.598536,-48.515043,Não
-33.17,28910.63,9410.57,0.22,-0.23,-9.69,1.20,-1.44,1.01,-27.598531,-48.515028,Não
-33.28,28835.41,9427.87,-0.20,0.82,-9.69,-0.45,-4.36,-0.13,-27.598527,-48.515013,Não
-33.39,28760.77,9445.08,-0.42,-0.02,-10.23,-0.20,-5.56,-1.14,-27.598522,-48.514998,Não
-33.50,28686.71,9462.19,-0.43,-1.48,-9.30,0.25,-4.16,-0.58,-27.598518,-48.514982,Não
-33.61,28613.23,9479.20,-0.20,0.13,-9.71,2.10,-3.29,-0.07,-27.598513,-48.514967,Não
-33.72,28540.32,9496.11,-0.49,0.03,-9.41,0.53,-4.19,0.51,-27.598509,-48.514952,Não
-33.83,28467.99,9512.93,0.48,0.72,-9.82,-1.33,-3.65,0.84,-27.598504,-48.514937,Não
-33.94,28396.22,9529.64,0.15,-0.39,-10.03,-0.31,-4.26,0.92,-27.598500,-48.514922,Não
-34.05,28325.03,9546.26,-0.21,0.19,-9.49,-1.09,-4.29,0.13,-27.598495,-48.514906,Não
-34.16,28254.39,9562.78,-0.49,-1.04,-10.92,0.34,-4.78,0.88,-27.598491,-48.514891,Não
-34.26,28184.32,9579.21,-0.26,0.76,-9.10,0.71,-4.57,0.94,-27.598486,-48.514876,Não
-34.37,28114.80,9595.53,0.15,-0.56,-8.77,-0.15,-2.92,0.19,-27.598482,-48.514861,Não
-34.48,28045.84,9611.76,0.23,0.42,-9.89,2.06,-3.51,-0.42,-27.598477,-48.514846,Não
-34.58,27977.43,9627.88,0.11,-0.42,-9.29,-0.02,-2.74,1.60,-27.598473,-48.514830,Não
-34.69,27909.58,9643.91,-0.75,0.13,-10.51,1.72,-5.30,-0.17,-27.598468,-48.514815,Não
-34.79,27842.27,9659.85,0.54,-0.49,-9.65,-1.28,-2.81,-0.09,-27.598464,-48.514800,Não
-34.89,27775.50,9675.68,0.09,-0.59,-9.96,-0.65,-2.46,1.65,-27.598459,-48.514785,Não
-34.99,27709.28,9691.42,0.07,-0.28,-9.66,0.06,-3.19,0.31,-27.598455,-48.514770,Não
-35.10,27643.59,9707.05,0.70,0.01,-10.48,-1.20,-4.08,-0.31,-27.598450,-48.514754,Não
-35.20,27578.45,9722.59,0.34,-0.49,-9.96,0.32,-3.74,0.08,-27.598446,-48.514739,Não
-35.30,27513.84,9738.03,-0.34,0.36,-10.67,1.30,-3.71,-1.35,-27.598441,-48.514724,Não
-35.40,27449.76,9753.38,0.21,0.62,-10.60,-1.35,-3.31,-1.17,-27.598437,-48.514709,Não
-35.50,27386.21,9768.62,-1.20,0.35,-9.76,-0.98,-3.18,-1.52,-27.598432,-48.514693,Não
-35.59,27323.18,9783.77,0.27,-0.08,-9.55,1.07,-4.97,0.71,-27.598428,-48.514678,Não
-35.69,27260.68,9798.82,-0.13,-0.93,-11.09,-1.17,-4.75,-0.28,-27.598423,-48.514663,Não
-35.79,27198.71,9813.77,-0.00,0.57,-10.10,-0.81,-3.15,-0.85,-27.598419,-48.514648,Não
-35.89,27137.25,9828.62,0.22,0.12,-10.81,-1.37,-2.37,-1.41,-27.598414,-48.514633,Não
-35.98,27076.31,9843.38,0.16,0.58,-8.83,0.01,-2.53,0.18,-27.598410,-48.514617,Não
-36.08,27015.88,9858.03,0.05,0.44,-9.32,0.22,-2.59,0.87,-27.598405,-48.514602,Não
-36.17,26955.97,9872.59,0.51,0.42,-9.11,0.79,-3.21,-0.16,-27.598401,-48.514587,Não
-36.27,26896.57,9887.05,0.91,-0.41,-10.34,1.12,-2.29,-0.84,-27.598397,-48.514572,Não
-36.36,26837.67,9901.42,0.51,0.00,-9.95,-2.60,-4.27,-0.26,-27.598392,-48.514557,Não
-36.45,26779.28,9915.68,-0.15,0.30,-9.54,0.15,-5.12,0.76,-27.598388,-48.514541,Não
-36.54,26721.40,9929.85,1.30,-0.43,-9.94,-0.36,-4.56,1.85,-27.598383,-48.514526,Não
-36.64,26664.01,9943.92,0.32,0.14,-10.40,-0.56,-4.87,-0.72,-27.598379,-48.514511,Não
-36.73,26607.13,9957.89,-0.20,0.34,-9.57,-0.63,-4.35,-1.59,-27.598374,-48.514496,Não
-36.82,26550.74,9971.76,-0.43,1.14,-10.38,0.12,-4.16,0.15,-27.598370,-48.514481,Não
-36.91,26494.85,9985.53,-0.06,-0.81,-9.01,-0.38,-5.05,-0.83,-27.598365,-48.514465,Não
-36.99,26439.45,9999.21,-0.77,-0.08,-10.39,-0.16,-5.95,-2.53,-27.598361,-48.514450,Não
-37.08,26384.53,10012.78,0.28,-0.03,-10.37,1.79,-5.56,0.06,-27.598356,-48.514435,Não
-37.17,26330.11,10026.26,-0.24,-0.34,-9.68,-0.25,-4.23,-0.94,-27.598352,-48.514420,Não
-37.26,26276.17,10039.64,0.21,0.25,-9.64,-0.14,-4.08,-0.68,-27.598347,-48.514405,Não
-37.34,26222.72,10052.93,-0.40,0.75,-9.03,0.30,-3.89,0.39,-27.598343,-48.514389,Não
-37.43,26169.75,10066.11,-0.27,0.08,-10.23,0.49,-3.35,-0.85,-27.598338,-48.514374,Não
-37.51,26117.26,10079.20,-0.30,0.67,-9.87,-0.62,-3.74,-0.42,-27.598334,-48.514359,Não
-37.60,26065.24,10092.19,-0.40,-0.32,-9.75,-0.65,-4.45,-0.21,-27.598329,-48.514344,Não
-37.68,26013.71,10105.08,-0.20,-0.13,-10.11,0.35,-5.49,-0.10,-27.598325,-48.514329,Não
-37.77,25962.64,10117.87,0.08,0.20,-9.52,-0.03,-4.01,1.61,-27.598320,-48.514313,Não
-37.85,25912.05,10130.57,0.10,-0.00,-9.71,-0.51,-3.62,0.63,-27.598316,-48.514298,Não
-37.93,25861.93,10143.16,-0.10,-0.28,-9.33,1.00,-5.10,-1.61,-27.598311,-48.514283,Não
-38.01,25812.27,10155.66,1.20,0.33,-9.54,-0.33,-4.28,0.40,-27.598307,-48.514268,Não
-38.09,25763.08,10168.06,-0.56,-0.13,-9.77,0.23,-5.34,1.10,-27.598302,-48.514253,Não
-38.17,25714.36,10180.37,-0.97,-0.67,-9.56,0.51,-3.32,1.33,-27.598298,-48.514237,Não
-38.25,25666.10,10192.57,-0.32,-0.25,-9.65,1.33,-4.09,-0.77,-27.598293,-48.514222,Não
-38.33,25618.30,10204.68,-1.12,0.60,-9.54,-0.56,-4.78,-2.25,-27.598289,-48.514207,Não
-38.41,25570.95,10216.68,-0.65,0.60,-9.57,-0.97,-3.69,-0.77,-27.598284,-48.514192,Não
-38.49,25524.07,10228.59,-0.25,0.27,-10.03,0.74,-3.87,-0.80,-27.598280,-48.514177,Não
-38.56,25477.64,10240.41,-0.49,-0.83,-8.70,0.92,-2.45,0.25,-27.598275,-48.514161,Não
-38.64,25431.66,10252.12,-0.21,0.43,-9.71,-0.51,-3.49,0.82,-27.598271,-48.514146,Não
-38.71,25386.13,10263.74,-0.11,-0.03,-9.74,-0.61,-3.64,1.10,-27.598266,-48.514131,Não
-38.79,25341.06,10275.25,0.00,0.55,-10.66,-1.00,-2.77,-0.15,-27.598262,-48.514116,Não
-38.86,25296.43,10286.67,0.59,-0.79,-9.72,0.24,-3.45,0.73,-27.598257,-48.514100,Não
-38.94,25252.24,10297.99,0.19,0.40,-9.55,-0.87,-3.62,-1.12,-27.598253,-48.514085,Não
-39.01,25208.51,10309.22,0.31,-0.76,-9.71,-0.05,-2.49,1.74,-27.598248,-48.514070,Não
-39.08,25165.21,10320.34,-0.15,-0.10,-9.72,-0.38,-5.73,0.06,-27.598244,-48.514055,Não
-39.15,25122.36,10331.37,0.67,-0.27,-8.85,-1.12,-3.08,0.83,-27.598239,-48.514040,Não
-39.22,25079.94,10342.30,0.57,-0.52,-9.49,1.86,-3.21,-0.90,-27.598235,-48.514024,Não
-39.30,25037.97,10353.13,-0.40,-0.65,-9.50,0.91,-4.47,-0.13,-27.598230,-48.514009,Não
-39.37,24996.43,10363.86,-0.14,-0.33,-9.11,0.47,-5.14,-0.47,-27.598226,-48.513994,Não
-39.43,24955.32,10374.50,-0.60,-0.05,-8.81,-0.62,-4.54,-1.28,-27.598221,-48.513979,Não
-39.50,24914.65,10385.03,-0.07,-0.50,-9.69,0.21,-2.55,-0.62,-27.598217,-48.513964,Não
-39.57,24874.41,10395.47,0.07,-0.14,-9.47,2.19,-4.20,1.26,-27.598212,-48.513948,Não
-39.64,24834.60,10405.81,-0.01,-0.04,-9.55,-1.34,-2.67,0.58,-27.598208,-48.513933,Não
-39.70,24795.21,10416.05,0.04,0.10,-10.02,-0.91,-3.52,2.25,-27.598203,-48.513918,Não
-39.77,24756.26,10426.20,-0.42,-0.45,-8.66,0.51,-4.82,1.12,-27.598199,-48.513903,Não
-39.84,24717.73,10436.24,0.31,0.31,-10.16,1.42,-0.62,1.95,-27.598194,-48.513888,Não
-39.90,24679.63,10446.19,0.67,0.54,-9.88,-0.95,-3.57,-1.09,-27.598190,-48.513872,Não
-39.96,24641.94,10456.04,0.01,-0.25,-10.01,1.19,-2.45,-1.37,-27.598185,-48.513857,Não
-40.03,24604.68,10465.79,0.11,-0.07,-9.61,-0.56,-2.26,-0.85,-27.598181,-48.513842,Não
-40.09,24567.84,10475.45,0.18,0.32,-9.83,1.05,-4.07,-0.84,-27.598176,-48.513827,Não
-40.15,24531.42,10485.00,0.36,-0.17,-9.54,0.26,-5.15,0.61,-27.598172,-48.513812,Não
-40.21,24495.41,10494.46,-0.47,0.03,-9.77,0.96,-3.88,-0.67,-27.598167,-48.513796,Não
-40.27,24459.82,10503.82,0.01,0.08,-8.62,-0.12,-3.54,-1.08,-27.598163,-48.513781,Não
-40.34,24424.64,10513.08,1.20,0.07,-10.18,-0.16,-4.37,0.19,-27.598158,-48.513766,Não
-40.39,24389.88,10522.24,-1.08,0.45,-9.86,-0.87,-2.79,-0.24,-27.598154,-48.513751,Não
-40.45,24355.53,10531.31,-0.75,-0.01,-10.19,-0.79,-4.53,1.09,-27.598149,-48.513736,Não
-40.51,24321.59,10540.27,0.35,-0.38,-9.57,0.92,-3.06,0.20,-27.598145,-48.513720,Não
-40.57,24288.05,10549.14,0.15,0.22,-9.84,0.28,-2.78,-0.51,-27.598140,-48.513705,Não
-40.63,24254.93,10557.91,0.15,-0.01,-10.69,-1.06,-2.99,-0.41,-27.598136,-48.513690,Não
-40.68,24222.21,10566.59,-0.57,-0.52,-9.53,0.46,-5.41,-0.30,-27.598132,-48.513675,Não
-40.74,24189.90,10575.16,-0.01,-0.19,-10.47,0.10,-3.99,-0.67,-27.598127,-48.513660,Não
-40.79,24157.99,10583.64,-0.93,0.05,-9.34,-0.92,-5.25,-0.74,-27.598123,-48.513644,Não
-40.85,24126.48,10592.02,0.17,0.17,-10.02,-0.21,-3.65,-0.74,-27.598118,-48.513629,Não
-40.90,24095.38,10600.30,0.01,0.72,-10.13,-0.56,-4.23,-1.90,-27.598114,-48.513614,Não
-40.96,24064.67,10608.48,0.12,-0.22,-9.78,0.22,-3.52,-0.56,-27.598109,-48.513599,Não
-41.01,24034.37,10616.56,-0.86,0.39,-10.43,-0.70,-4.57,-0.99,-27.598105,-48.513584,Não
-41.06,24004.46,10624.55,-1.19,-0.06,-9.62,-1.97,-2.60,-0.35,-27.598100,-48.513568,Não
-41.11,23974.95,10632.44,0.31,1.00,-9.54,0.26,-5.50,-3.64,-27.598096,-48.513553,Não
-41.16,23945.84,10640.23,-0.91,0.59,-10.44,1.39,-3.94,0.55,-27.598091,-48.513538,Não
-41.21,23917.12,10647.92,0.15,-0.32,-10.11,0.39,-3.18,-0.74,-27.598087,-48.513523,Não
-41.26,23888.79,10655.51,-0.21,-0.17,-9.76,0.93,-3.57,0.38,-27.598082,-48.513507,Não
-41.31,23860.86,10663.01,1.04,-0.25,-9.95,-0.05,-2.93,1.48,-27.598078,-48.513492,Não
-41.36,23833.32,10670.40,-0.50,0.17,-9.18,0.27,-5.12,-0.49,-27.598073,-48.513477,Não
-41.41,23806.17,10677.70,-0.48,-0.70,-10.62,-0.71,-4.76,-0.72,-27.598069,-48.513462,Não
-41.45,23779.41,10684.90,0.27,-0.16,-10.31,-0.49,-4.74,-0.91,-27.598064,-48.513447,Não
-41.50,23753.03,10692.01,0.23,-0.68,-9.44,-1.17,-1.89,-1.24,-27.598060,-48.513431,Não
-41.54,23727.05,10699.01,0.20,0.21,-9.50,-0.64,-3.83,0.85,-27.598055,-48.513416,Não
-41.59,23701.45,10705.92,-0.27,-0.60,-10.09,0.39,-2.64,-0.73,-27.598051,-48.513401,Não
-41.63,23676.23,10712.73,-0.17,-0.46,-9.17,-0.39,-4.01,2.01,-27.598046,-48.513386,Não
-41.68,23651.41,10719.44,0.61,0.23,-10.04,-0.75,-4.35,-0.70,-27.598042,-48.513371,Não
-41.72,23626.96,10726.05,0.26,-0.27,-8.89,-0.19,-3.56,-0.21,-27.598037,-48.513355,Não
-41.76,23602.90,10732.56,-0.83,-0.10,-9.37,-1.20,-2.75,-0.04,-27.598033,-48.513340,Não
-41.80,23579.22,10738.98,-1.20,-0.57,-10.36,-0.25,-4.31,-0.20,-27.598028,-48.513325,Não
-41.84,23555.92,10745.30,-0.22,0.44,-10.33,-1.23,-3.65,-2.03,-27.598024,-48.513310,Não
-41.88,23533.00,10751.52,-0.76,-0.21,-10.26,0.10,-5.30,-0.07,-27.598019,-48.513295,Não
-41.92,23510.45,10757.64,-0.88,-0.09,-10.24,-0.01,-3.49,0.66,-27.598015,-48.513279,Não
-41.96,23488.29,10763.66,0.10,0.73,-9.83,0.24,-2.78,0.48,-27.598010,-48.513264,Não
-42.00,23466.51,10769.59,-0.18,0.18,-10.27,-0.35,-3.18,-0.55,-27.598006,-48.513249,Não
-42.04,23445.10,10775.42,0.27,0.11,-8.85,-0.84,-4.84,0.35,-27.598001,-48.513234,Não
-42.08,23424.06,10781.15,-0.01,-0.07,-10.64,-0.15,-4.86,0.14,-27.597997,-48.513219,Não
-42.11,23403.41,10786.78,0.50,0.01,-9.92,0.22,-2.98,-1.15,-27.597992,-48.513203,Não
-42.15,23383.12,10792.31,0.66,0.31,-9.40,-0.60,-3.40,0.50,-27.597988,-48.513188,Não
-42.19,23363.21,10797.75,0.74,0.25,-9.58,0.53,-5.27,-0.08,-27.597983,-48.513173,Não
-42.22,23343.67,10803.09,0.21,0.29,-9.98,-1.74,-4.02,1.15,-27.597979,-48.513158,Não
-42.25,23324.51,10808.32,0.10,-0.04,-10.01,-1.03,-3.14,-0.89,-27.597974,-48.513143,Não
-42.29,23305.71,10813.47,-0.25,0.40,-9.70,1.51,-4.46,-0.45,-27.597970,-48.513127,Não
-42.32,23287.29,10818.51,-0.57,-0.57,-9.80,-0.76,-6.13,-0.24,-27.597965,-48.513112,Não
-42.35,23269.24,10823.45,0.36,0.06,-9.55,-1.07,-4.91,0.56,-27.597961,-48.513097,Não
-42.38,23251.55,10828.30,0.07,0.35,-9.76,0.52,-2.53,-2.02,-27.597956,-48.513082,Não
-42.41,23234.24,10833.05,0.08,0.62,-9.24,-0.43,-2.28,2.12,-27.597952,-48.513067,Não
-42.45,23217.29,10837.70,-0.68,0.49,-10.20,0.41,-4.26,-1.30,-27.597947,-48.513051,Não
-42.47,23200.71,10842.25,0.87,-0.39,-9.90,-2.65,-5.30,-0.58,-27.597943,-48.513036,Não
-42.50,23184.49,10846.71,0.34,-0.16,-10.26,-0.34,-5.92,-1.35,-27.597938,-48.513021,Não
-42.53,23168.64,10851.06,-0.19,-0.27,-10.04,-1.60,-5.05,-0.42,-27.597934,-48.513006,Não
-42.56,23153.16,10855.32,-0.11,-0.57,-10.18,0.10,-3.13,-0.62,-27.597929,-48.512991,Não
-42.59,23138.04,10859.48,0.35,0.46,-9.42,-0.76,-4.97,1.63,-27.597925,-48.512975,Não
-42.61,23123.29,10863.54,-0.19,-0.29,-9.20,-0.48,-4.15,-1.22,-27.597920,-48.512960,Não
-42.64,23108.90,10867.51,0.26,-0.10,-9.94,-0.60,-3.91,0.38,-27.597916,-48.512945,Não
-42.66,23094.87,10871.37,0.56,-0.08,-9.49,1.01,-2.62,0.88,-27.597911,-48.512930,Não
-42.69,23081.20,10875.14,0.58,0.40,-10.01,-0.17,-3.73,0.76,-27.597907,-48.512915,Não
-42.71,23067.90,10878.81,0.16,-1.17,-10.38,-0.81,-3.49,-0.23,-27.597902,-48.512899,Não
-42.74,23054.96,10882.38,0.35,-0.54,-10.04,1.29,-3.76,0.99,-27.597898,-48.512884,Não
-42.76,23042.38,10885.85,-0.83,0.21,-10.33,-0.29,-3.88,-0.73,-27.597893,-48.512869,Não
-42.78,23030.16,10889.23,0.05,0.27,-10.44,0.77,-3.48,-0.32,-27.597889,-48.512854,Não
-42.80,23018.30,10892.51,0.35,0.30,-9.67,-0.96,-4.07,0.42,-27.597884,-48.512838,Não
-42.82,23006.80,10895.68,0.62,-0.39,-10.35,0.21,-6.14,-0.59,-27.597880,-48.512823,Não
-42.84,22995.66,10898.77,0.57,0.52,-10.47,0.24,-3.75,-0.33,-27.597875,-48.512808,Não
-42.86,22984.88,10901.75,-0.33,0.09,-10.47,0.81,-4.31,-0.36,-27.597871,-48.512793,Não
-42.88,22974.46,10904.63,0.06,0.31,-10.31,-1.47,-4.26,0.61,-27.597867,-48.512778,Não
-42.90,22964.39,10907.42,0.13,0.62,-9.77,-1.15,-5.02,-0.92,-27.597862,-48.512762,Não
-42.92,22954.69,10910.11,-0.52,-0.32,-9.52,-0.40,-5.66,-1.70,-27.597858,-48.512747,Não
-42.93,22945.34,10912.70,1.33,0.91,-10.40,0.90,-4.40,1.15,-27.597853,-48.512732,Não
-42.95,22936.34,10915.19,0.13,0.13,-8.81,0.42,-3.66,-1.06,-27.597849,-48.512717,Não
-42.96,22927.71,10917.58,-0.06,-0.80,-9.32,-0.48,-3.62,-0.58,-27.597844,-48.512702,Não
-42.98,22919.43,10919.88,0.28,-1.68,-9.38,0.42,-4.97,-1.18,-27.597840,-48.512686,Não
-42.99,22911.50,10922.08,0.78,0.08,-10.12,-0.32,-4.95,-1.04,-27.597835,-48.512671,Não
-43.01,22903.94,10924.18,0.39,-0.13,-10.04,-1.27,-3.65,-0.21,-27.597831,-48.512656,Não
-43.02,22896.72,10926.18,-0.32,-0.44,-9.06,-0.28,-2.74,-1.01,-27.597826,-48.512641,Não
-43.03,22889.87,10928.08,-0.40,-0.74,-9.63,0.19,-3.74,-0.88,-27.597822,-48.512626,Não
-43.04,22883.36,10929.89,-0.49,0.77,-9.93,1.07,-3.97,0.13,-27.597817,-48.512610,Não
-43.06,22877.22,10931.60,0.57,0.42,-9.99,-1.06,-3.58,-1.18,-27.597813,-48.512595,Não
-43.07,22871.42,10933.21,0.35,-0.34,-9.61,-1.65,-3.48,1.02,-27.597808,-48.512580,Não
-43.08,22865.98,10934.72,0.48,-0.46,-9.64,-0.69,-4.49,1.32,-27.597804,-48.512565,Não
-43.08,22860.90,10936.13,0.21,-0.39,-9.91,1.54,-4.18,0.03,-27.597799,-48.512550,Não
-43.09,22856.17,10937.45,-0.80,0.46,-9.69,-0.89,-4.76,-0.13,-27.597795,-48.512534,Não
-43.10,22851.79,10938.66,0.34,-0.10,-9.92,-1.19,-5.08,0.69,-27.597790,-48.512519,Não
-43.11,22847.76,10939.78,0.63,-0.71,-10.45,0.94,-3.96,-0.25,-27.597786,-48.512504,Não
-43.12,22844.09,10940.80,0.62,-0.32,-9.31,-0.27,-4.55,0.23,-27.597781,-48.512489,Não
-43.12,22840.78,10941.73,-0.03,-0.58,-10.76,0.93,-3.03,-0.37,-27.597777,-48.512474,Não
-43.13,22837.81,10942.55,-0.56,0.91,-9.45,-2.00,-2.83,0.39,-27.597772,-48.512458,Não
-43.13,22835.20,10943.28,-0.57,-0.21,-10.21,-1.39,-4.18,0.35,-27.597768,-48.512443,Não
-43.14,22832.94,10943.91,-0.07,-0.06,-9.68,-1.29,-4.10,-1.20,-27.597763,-48.512428,Não
-43.14,22831.03,10944.44,0.39,-0.64,-10.22,0.52,-3.37,-1.96,-27.597759,-48.512413,Não
-43.14,22829.48,10944.87,-0.49,0.10,-9.84,-0.30,-5.20,0.68,-27.597754,-48.512398,Não
-43.14,22828.28,10945.20,-0.15,1.27,-10.20,-0.19,-4.39,-0.42,-27.597750,-48.512382,Não
-43.15,22827.43,10945.44,-0.64,0.36,-10.16,1.02,-3.91,0.35,-27.597745,-48.512367,Não
-43.15,22826.94,10945.58,-0.75,0.03,-9.78,0.90,-5.72,-0.09,-27.597741,-48.512352,Não
-43.15,22826.79,10945.62,-0.19,-0.44,-10.02,0.20,-5.54,0.43,-27.597736,-48.512337,Não
-43.15,22827.00,10945.56,0.48,0.29,-10.57,-0.86,-3.67,-0.60,-27.597732,-48.512322,Sim
-43.12,22839.58,10942.06,-0.43,-0.78,0.33,25.76,19.43,5.94,-27.597723,-48.512301,Sim
-43.10,22852.17,10938.56,0.47,0.89,-0.04,30.97,3.55,7.35,-27.597714,-48.512281,Sim
-43.08,22864.76,10935.06,0.40,0.38,0.03,26.08,-4.59,8.12,-27.597705,-48.512261,Sim
-43.06,22877.36,10931.56,-0.30,-0.50,0.71,23.93,-18.07,9.96,-27.597696,-48.512240,Sim
-43.03,22889.96,10928.06,0.41,-0.42,0.06,18.01,-25.52,10.27,-27.597687,-48.512220,Sim
-43.01,22902.57,10924.56,0.08,-0.01,0.41,4.09,-29.97,10.25,-27.597678,-48.512200,Sim
-42.99,22915.19,10921.06,-0.20,-0.06,0.80,-4.59,-31.04,9.71,-27.597669,-48.512180,Sim
-42.96,22927.81,10917.56,0.46,0.41,1.10,-16.34,-22.97,12.03,-27.597660,-48.512159,Sim
-42.94,22940.43,10914.06,0.49,0.09,-0.40,-24.04,-19.03,6.91,-27.597651,-48.512139,Sim
-42.92,22953.06,10910.56,0.22,-0.15,0.24,-27.48,-3.92,7.45,-27.597642,-48.512119,Sim
-42.90,22965.70,10907.06,0.16,0.74,0.58,-26.59,7.10,5.37,-27.597633,-48.512099,Sim
-42.87,22978.34,10903.56,-0.43,0.00,-0.65,-27.10,15.56,2.77,-27.597624,-48.512078,Sim
-42.85,22990.99,10900.06,-0.51,-0.60,-0.44,-15.50,21.94,5.41,-27.597615,-48.512058,Sim
-42.83,23003.64,10896.56,-0.52,0.35,0.44,-8.07,28.25,1.24,-27.597606,-48.512038,Sim
-42.80,23016.30,10893.06,0.75,-0.13,-0.49,5.65,33.13,-2.53,-27.597597,-48.512017,Sim
-42.78,23028.97,10889.56,0.54,-0.92,-0.43,18.50,19.20,-1.98,-27.597588,-48.511997,Sim
-42.76,23041.64,10886.06,-0.09,0.27,-0.04,25.63,12.99,-6.79,-27.597579,-48.511977,Sim
-42.74,23054.32,10882.56,-0.48,0.49,0.91,34.16,7.29,-3.62,-27.597570,-48.511957,Sim
-42.71,23067.00,10879.06,-0.37,-0.43,-0.23,25.56,-5.17,-8.70,-27.597561,-48.511936,Sim
-42.69,23079.69,10875.56,0.03,0.62,0.64,22.54,-20.45,-8.89,-27.597552,-48.511916,Sim
-42.67,23092.38,10872.06,-0.20,0.51,-0.38,12.09,-24.85,-11.24,-27.597543,-48.511896,Sim
-42.65,23105.08,10868.56,-0.34,0.27,-0.45,0.80,-27.11,-11.45,-27.597534,-48.511875,Sim
-42.62,23117.78,10865.06,0.32,-0.12,-0.07,-7.96,-27.68,-8.22,-27.597525,-48.511855,Sim
-42.60,23130.49,10861.56,-0.42,-0.03,0.26,-18.48,-20.67,-9.25,-27.597516,-48.511835,Sim
-42.58,23143.21,10858.06,0.15,0.12,-0.08,-27.11,-12.78,-10.55,-27.597507,-48.511815,Sim
-42.55,23155.93,10854.56,0.42,-0.01,-1.39,-30.31,1.49,-6.75,-27.597498,-48.511794,Sim
-42.53,23168.66,10851.06,-0.04,-0.81,-0.45,-28.85,11.78,-3.20,-27.597489,-48.511774,Sim
-42.51,23181.39,10847.56,0.35,0.57,0.58,-20.71,13.35,-6.81,-27.597480,-48.511754,Sim
-42.49,23194.13,10844.06,-0.02,0.73,-0.54,-11.98,26.10,-0.01,-27.597471,-48.511734,Sim
-42.46,23206.87,10840.56,0.00,-0.10,-0.38,-0.41,29.86,1.91,-27.597462,-48.511713,Sim
-42.44,23219.62,10837.06,-0.84,0.08,-0.33,7.62,29.82,5.98,-27.597453,-48.511693,Sim
-42.42,23232.38,10833.56,0.73,0.65,-0.23,19.62,16.98,1.25,-27.597444,-48.511673,Sim
-42.40,23245.14,10830.06,1.36,-0.08,0.08,27.00,9.62,6.69,-27.597435,-48.511652,Sim
-42.37,23257.91,10826.56,1.31,0.16,0.67,29.92,-0.68,8.22,-27.597426,-48.511632,Sim
-42.35,23270.68,10823.06,0.62,0.38,-1.08,28.11,-14.30,7.29,-27.597417,-48.511612,Sim
-42.33,23283.46,10819.56,-0.37,-0.20,-0.89,22.38,-18.71,8.38,-27.597408,-48.511592,Sim
-42.30,23296.24,10816.06,0.70,0.07,-0.14,9.50,-26.37,8.79,-27.597399,-48.511571,Sim
-42.28,23309.03,10812.56,-0.01,0.26,-0.69,1.78,-33.50,8.83,-27.597390,-48.511551,Sim
-42.26,23321.83,10809.06,0.53,-0.20,0.57,-13.26,-26.82,9.17,-27.597381,-48.511531,Sim
-42.24,23334.63,10805.56,-0.19,1.26,-0.02,-20.67,-17.54,8.84,-27.597372,-48.511511,Sim
-42.21,23347.44,10802.06,-0.56,0.26,-0.33,-24.50,-12.22,8.30,-27.597363,-48.511490,Sim
-42.19,23360.25,10798.56,0.42,-0.74,-0.94,-30.72,4.41,6.16,-27.597354,-48.511470,Sim
-42.17,23373.07,10795.06,0.27,-0.11,-0.51,-31.37,9.56,2.88,-27.597345,-48.511450,Sim
-42.15,23385.89,10791.56,0.51,0.88,-0.30,-19.80,19.79,2.87,-27.597337,-48.511429,Sim
-42.12,23398.72,10788.06,0.35,-1.37,-0.42,-8.58,27.31,3.29,-27.597328,-48.511409,Sim
-42.10,23411.56,10784.56,-0.26,-0.11,0.36,-0.23,27.93,0.19,-27.597319,-48.511389,Sim
-42.08,23424.40,10781.06,0.35,0.14,-0.44,10.34,29.10,-2.09,-27.597310,-48.511369,Sim
-42.05,23437.24,10777.56,-0.13,0.28,0.79,23.68,16.28,-3.21,-27.597301,-48.511348,Sim
-42.03,23450.10,10774.06,0.39,0.16,0.35,27.93,10.71,-5.26,-27.597292,-48.511328,Sim
-42.01,23462.95,10770.56,0.22,-0.55,0.32,30.16,-2.37,-6.15,-27.597283,-48.511308,Sim
-41.99,23475.82,10767.06,-0.28,0.81,0.13,24.29,-15.12,-13.04,-27.597274,-48.511288,Sim
-41.96,23488.69,10763.56,0.63,0.26,0.16,18.50,-22.78,-14.61,-27.597265,-48.511267,Sim
-41.94,23501.56,10760.06,-0.51,-0.22,0.15,8.22,-31.05,-9.36,-27.597256,-48.511247,Sim
-41.92,23514.44,10756.56,-0.85,0.39,-0.08,-3.12,-29.16,-9.86,-27.597247,-48.511227,Sim
-41.89,23527.33,10753.06,-0.29,0.64,-0.81,-16.69,-24.30,-9.15,-27.597238,-48.511206,Sim
-41.87,23540.22,10749.56,1.73,-0.00,-0.36,-26.45,-20.04,-10.49,-27.597229,-48.511186,Sim
-41.85,23553.12,10746.06,-0.23,-0.92,-0.42,-28.14,-6.45,-8.94,-27.597220,-48.511166,Sim
-41.83,23566.02,10742.56,0.62,0.01,0.54,-31.14,5.04,-6.11,-27.597211,-48.511146,Sim
-41.80,23578.93,10739.06,0.20,0.41,-0.62,-23.89,16.53,-6.79,-27.597202,-48.511125,Sim
-41.78,23591.85,10735.56,-0.31,0.64,0.03,-17.59,26.21,-1.20,-27.597193,-48.511105,Sim
-41.76,23604.77,10732.06,-0.45,0.06,-0.21,-6.95,29.16,-0.74,-27.597184,-48.511085,Sim
-41.74,23617.70,10728.56,0.18,-0.22,-0.81,8.49,31.95,3.50,-27.597175,-48.511065,Sim
-41.71,23630.63,10725.06,-0.88,0.70,-0.14,18.45,25.92,-0.23,-27.597166,-48.511044,Sim
-41.69,23643.57,10721.56,0.82,0.20,0.16,24.64,12.22,0.24,-27.597157,-48.511024,Sim
-41.67,23656.51,10718.06,0.93,-0.08,-0.44,33.84,7.01,4.02,-27.597148,-48.511004,Sim
-41.64,23669.46,10714.56,0.31,0.27,0.17,29.16,-9.44,6.13,-27.597139,-48.510983,Sim
-41.62,23682.42,10711.06,0.27,0.37,0.04,21.88,-18.46,7.06,-27.597130,-48.510963,Sim
-41.60,23695.38,10707.56,-0.27,0.47,-0.28,16.49,-27.48,10.09,-27.597121,-48.510943,Sim
-41.58,23708.34,10704.06,-0.97,0.45,-1.24,0.90,-30.13,9.34,-27.597112,-48.510923,Sim
-41.55,23721.32,10700.56,0.48,0.00,0.15,-7.01,-29.76,7.38,-27.597103,-48.510902,Sim
-41.53,23734.29,10697.06,0.24,0.05,0.28,-19.00,-22.01,10.14,-27.597094,-48.510882,Sim
-41.51,23747.28,10693.56,0.51,-0.01,0.01,-27.41,-12.78,6.69,-27.597085,-48.510862,Sim
-41.49,23760.27,10690.06,0.09,-0.54,-0.11,-29.20,-2.76,4.90,-27.597076,-48.510842,Sim
-41.46,23773.26,10686.56,-0.59,-0.35,0.94,-26.64,10.64,5.04,-27.597067,-48.510821,Sim
-41.44,23786.27,10683.06,-0.34,0.26,0.10,-21.28,16.30,4.35,-27.597058,-48.510801,Sim
-41.42,23799.27,10679.56,1.07,-0.32,-0.63,-14.33,30.69,-1.94,-27.597049,-48.510781,Sim
-41.39,23812.29,10676.06,-0.41,0.48,-0.31,-1.28,29.84,-0.39,-27.597040,-48.510760,Sim
-41.37,23825.30,10672.56,0.41,0.29,-0.24,12.95,28.01,2.21,-27.597031,-48.510740,Sim
-41.35,23838.33,10669.06,0.04,-0.20,-0.49,19.17,21.25,-4.98,-27.597022,-48.510720,Sim
-41.33,23851.36,10665.56,-0.06,0.06,-0.05,26.31,13.08,-6.54,-27.597013,-48.510700,Sim
-41.30,23864.39,10662.06,-0.53,0.53,0.34,29.07,-0.00,-5.27,-27.597004,-48.510679,Sim
-41.28,23877.44,10658.56,1.04,0.83,0.13,28.57,-10.01,-9.35,-27.596995,-48.510659,Sim
-41.26,23890.48,10655.06,0.34,0.45,0.63,18.43,-18.33,-13.01,-27.596986,-48.510639,Sim
-41.24,23903.54,10651.56,0.00,0.14,0.23,13.66,-26.84,-5.36,-27.596977,-48.510619,Sim
-41.21,23916.60,10648.06,-0.38,0.54,0.51,3.06,-32.57,-14.84,-27.596968,-48.510598,Sim
-41.19,23929.66,10644.56,0.59,0.09,0.51,-8.87,-24.91,-8.25,-27.596959,-48.510578,Sim
-41.17,23942.73,10641.06,0.90,-0.75,0.09,-21.13,-24.20,-10.21,-27.596950,-48.510558,Sim
-41.14,23955.81,10637.56,-0.08,0.69,-0.69,-29.95,-13.69,-9.60,-27.596941,-48.510537,Sim
-41.12,23968.89,10634.06,-0.27,0.10,0.27,-30.79,-2.16,-7.30,-27.596932,-48.510517,Sim
-41.10,23981.98,10630.56,0.40,0.36,-0.78,-29.78,7.58,-5.68,-27.596923,-48.510497,Sim
-41.08,23995.07,10627.06,-0.26,-0.15,0.07,-17.58,21.82,-4.63,-27.596914,-48.510477,Sim
-41.05,24008.17,10623.56,-0.86,-0.10,-0.00,-13.21,30.28,-3.19,-27.596905,-48.510456,Sim
-41.03,24021.28,10620.06,-0.66,-0.64,0.23,7.44,31.09,-0.85,-27.596896,-48.510436,Sim
-41.01,24034.39,10616.56,-0.48,0.35,0.17,12.75,24.47,2.17,-27.596887,-48.510416,Sim
-40.98,24047.50,10613.06,0.47,-0.26,0.12,20.82,22.87,7.41,-27.596878,-48.510396,Sim
-40.96,24060.63,10609.56,-0.51,0.23,0.02,30.82,8.66,2.07,-27.596869,-48.510375,Sim
-40.94,24073.75,10606.06,0.25,-0.33,0.82,26.17,-2.54,7.43,-27.596860,-48.510355,Sim
-40.92,24086.89,10602.56,-0.02,-0.07,0.22,27.64,-17.39,10.18,-27.596851,-48.510335,Sim
-40.89,24100.03,10599.06,1.35,0.12,0.32,19.44,-24.37,9.02,-27.596842,-48.510314,Sim
-40.87,24113.17,10595.56,-0.49,0.16,-0.06,9.79,-28.82,7.43,-27.596833,-48.510294,Sim
-40.85,24126.33,10592.06,-0.86,0.43,-0.78,-0.63,-28.39,10.26,-27.596824,-48.510274,Sim
-40.83,24139.48,10588.56,0.03,0.58,-0.47,-16.35,-23.98,11.77,-27.596815,-48.510254,Sim
-40.80,24152.65,10585.06,-0.26,0.14,-0.09,-24.86,-21.19,7.94,-27.596807,-48.510233,Sim
-40.78,24165.82,10581.56,-0.07,0.84,-0.58,-27.63,-5.98,8.13,-27.596798,-48.510213,Sim
-40.76,24178.99,10578.06,0.72,-0.17,-0.47,-29.82,6.79,4.84,-27.596789,-48.510193,Sim
-40.73,24192.17,10574.56,-0.05,0.05,0.25,-22.90,16.05,5.98,-27.596780,-48.510173,Sim
-40.71,24205.36,10571.06,-0.66,0.08,0.44,-21.09,27.72,3.39,-27.596771,-48.510152,Sim
-40.69,24218.55,10567.56,0.23,-0.09,0.47,-9.35,32.74,1.82,-27.596762,-48.510132,Sim
-40.67,24231.75,10564.06,-0.12,0.85,-0.27,2.43,30.91,3.99,-27.596753,-48.510112,Sim
-40.64,24244.95,10560.56,-0.01,0.12,-0.03,18.26,24.43,-4.58,-27.596744,-48.510091,Sim
-40.62,24258.16,10557.06,0.02,0.54,-0.07,23.37,15.46,-4.83,-27.596735,-48.510071,Sim
-40.60,24271.38,10553.56,0.86,0.53,0.45,24.95,7.84,-2.79,-27.596726,-48.510051,Sim
-40.58,24284.60,10550.06,-0.92,-0.94,1.54,26.02,-6.78,-9.52,-27.596717,-48.510031,Sim
-40.55,24297.83,10546.56,-0.22,-0.08,0.07,24.49,-15.69,-7.53,-27.596708,-48.510010,Sim
-40.53,24311.06,10543.06,-0.89,-0.65,0.77,17.53,-25.96,-10.64,-27.596699,-48.509990,Sim
-40.51,24324.30,10539.56,-0.62,0.25,-0.94,4.54,-31.41,-10.15,-27.596690,-48.509970,Sim
-40.48,24337.54,10536.06,-0.56,0.02,-0.10,-5.89,-29.87,-8.37,-27.596681,-48.509950,Sim
-40.46,24350.79,10532.56,0.30,0.85,0.84,-14.84,-23.43,-13.64,-27.596672,-48.509929,Sim
-40.44,24364.05,10529.06,-0.19,0.20,0.52,-24.47,-14.87,-9.23,-27.596663,-48.509909,Sim
-40.42,24377.31,10525.56,-0.58,0.78,-0.41,-30.03,-4.33,-6.41,-27.596654,-48.509889,Sim
-40.39,24390.58,10522.06,0.21,-0.16,0.57,-30.90,8.27,-7.74,-27.596645,-48.509868,Sim
-40.37,24403.86,10518.56,0.53,-0.18,0.97,-23.11,17.92,-4.08,-27.596636,-48.509848,Sim
-40.35,24417.14,10515.06,0.25,0.16,0.27,-16.80,24.90,-1.02,-27.596627,-48.509828,Sim
-40.33,24430.42,10511.56,0.12,-0.38,-0.45,-3.57,28.49,-0.81,-27.596618,-48.509808,Sim
-40.30,24443.71,10508.06,-0.40,0.42,0.25,6.49,26.87,-2.91,-27.596609,-48.509787,Sim
-40.28,24457.01,10504.56,0.21,0.00,0.08,19.13,22.02,4.95,-27.596600,-48.509767,Sim
-40.26,24470.31,10501.06,-0.64,-1.05,0.10,27.47,15.44,6.59,-27.596591,-48.509747,Sim
-40.23,24483.62,10497.56,0.19,-0.40,0.33,26.68,2.93,7.16,-27.596582,-48.509727,Sim
-40.21,24496.94,10494.06,-0.50,-0.05,-0.07,27.95,-7.72,12.90,-27.596573,-48.509706,Sim
-40.19,24510.26,10490.56,-0.04,-0.29,0.32,22.06,-17.56,11.39,-27.596564,-48.509686,Sim
-40.17,24523.59,10487.06,0.06,-0.56,-0.44,14.94,-22.68,7.95,-27.596555,-48.509666,Sim
-40.14,24536.92,10483.56,-0.45,0.49,-0.01,2.91,-28.02,9.49,-27.596546,-48.509645,Sim
-40.12,24550.26,10480.06,0.20,-0.72,-0.20,-11.58,-26.72,13.19,-27.596537,-48.509625,Sim
-40.10,24563.60,10476.56,-0.13,0.45,-0.23,-22.91,-21.74,6.84,-27.596528,-48.509605,Sim
-40.07,24576.95,10473.06,0.29,-0.38,-0.67,-27.43,-10.23,8.79,-27.596519,-48.509585,Sim
-40.05,24590.31,10469.56,-0.04,0.62,-0.14,-32.40,-3.78,8.28,-27.596510,-48.509564,Sim
-40.03,24603.67,10466.06,-1.01,-0.33,0.16,-30.48,12.28,6.52,-27.596501,-48.509544,Sim
-40.01,24617.04,10462.56,0.32,0.30,-0.39,-21.34,18.24,4.95,-27.596492,-48.509524,Sim
-39.98,24630.41,10459.06,0.24,-0.75,0.39,-12.80,26.48,-1.67,-27.596483,-48.509504,Sim
-39.96,24643.79,10455.56,-0.18,0.16,-0.46,-3.12,29.09,-1.99,-27.596474,-48.509483,Sim
-39.94,24657.18,10452.06,0.33,-0.21,-0.17,10.75,28.76,-3.76,-27.596465,-48.509463,Sim
-39.92,24670.57,10448.56,-0.31,0.54,-0.31,24.08,23.14,-4.42,-27.596456,-48.509443,Sim
-39.89,24683.96,10445.06,0.36,0.68,-0.29,30.39,8.95,-5.57,-27.596447,-48.509422,Sim
-39.87,24697.37,10441.56,0.26,-0.44,0.25,27.34,-1.16,-8.96,-27.596438,-48.509402,Sim
-39.85,24710.78,10438.06,0.10,0.74,0.52,30.42,-15.41,-9.95,-27.596429,-48.509382,Sim
-39.82,24724.19,10434.56,0.22,0.42,-0.22,21.09,-24.65,-5.21,-27.596420,-48.509362,Sim
-39.80,24737.61,10431.06,-0.38,-0.61,0.64,10.34,-28.49,-9.98,-27.596411,-48.509341,Sim
-39.78,24751.04,10427.56,0.26,-0.27,1.13,-0.28,-31.36,-11.16,-27.596402,-48.509321,Sim
-39.76,24764.47,10424.06,0.05,0.23,0.75,-12.97,-27.43,-9.70,-27.596393,-48.509301,Sim
-39.73,24777.91,10420.56,0.44,-0.09,0.69,-22.44,-21.24,-7.29,-27.596384,-48.509281,Sim
-39.71,24791.35,10417.06,-0.53,-0.16,-0.20,-25.70,-10.01,-7.34,-27.596375,-48.509260,Sim
-39.69,24804.81,10413.56,0.99,-0.30,-0.54,-27.34,-0.83,-4.44,-27.596366,-48.509240,Sim
-39.67,24818.26,10410.06,0.76,0.17,-0.11,-26.75,12.27,-2.22,-27.596357,-48.509220,Sim
-39.64,24831.72,10406.56,-0.39,-0.11,0.15,-19.86,24.31,-2.05,-27.596348,-48.509199,Sim
-39.62,24845.19,10403.06,-0.32,0.84,-0.68,-7.31,27.75,-1.56,-27.596339,-48.509179,Sim
-39.60,24858.67,10399.56,0.11,-0.36,0.32,2.89,24.54,0.46,-27.596330,-48.509159,Sim
-39.57,24872.15,10396.06,-0.55,0.76,0.23,19.88,23.46,2.37,-27.596321,-48.509139,Sim
-39.55,24885.63,10392.56,-0.20,1.03,-0.06,21.74,14.80,3.84,-27.596312,-48.509118,Sim
-39.53,24899.12,10389.06,-0.30,-0.56,-0.75,27.83,9.54,8.60,-27.596303,-48.509098,Sim
-39.51,24912.62,10385.56,0.05,0.33,-0.00,29.39,-4.48,7.45,-27.596294,-48.509078,Sim
-39.48,24926.12,10382.06,-0.30,0.02,-0.25,25.47,-14.45,9.50,-27.596285,-48.509058,Sim
-39.46,24939.63,10378.56,-0.15,-0.01,0.20,16.51,-20.36,5.87,-27.596277,-48.509037,Sim
-39.44,24953.15,10375.06,0.51,-0.39,-0.26,5.35,-25.55,8.29,-27.596268,-48.509017,Sim
-39.42,24966.67,10371.56,0.24,0.04,0.23,-4.44,-32.78,8.16,-27.596259,-48.508997,Sim
-39.39,24980.20,10368.06,-0.58,-1.08,0.20,-20.99,-25.44,10.05,-27.596250,-48.508976,Sim
-39.37,24993.73,10364.56,-0.80,0.32,-0.36,-26.58,-18.99,12.42,-27.596241,-48.508956,Sim
-39.35,25007.27,10361.06,-0.35,0.33,0.03,-28.02,-8.66,5.65,-27.596232,-48.508936,Sim
-39.32,25020.82,10357.56,-0.38,0.39,-0.09,-24.99,6.02,4.43,-27.596223,-48.508916,Sim
-39.30,25034.37,10354.06,0.05,-0.12,-0.34,-23.64,18.39,3.75,-27.596214,-48.508895,Sim
-39.28,25047.92,10350.56,-0.52,0.14,0.89,-15.06,22.17,3.56,-27.596205,-48.508875,Sim
-39.26,25061.49,10347.06,0.10,-0.63,0.13,-7.97,33.19,3.15,-27.596196,-48.508855,Sim
-39.23,25075.06,10343.56,-0.11,0.55,-0.22,6.34,30.58,0.49,-27.596187,-48.508835,Sim
-39.21,25088.63,10340.06,0.68,-0.50,0.93,16.90,26.61,-2.93,-27.596178,-48.508814,Sim
-39.19,25102.21,10336.56,-0.56,-0.37,-0.18,26.98,17.01,-2.97,-27.596169,-48.508794,Sim
-39.16,25115.80,10333.06,0.97,0.48,-0.61,29.62,3.77,-8.02,-27.596160,-48.508774,Sim
-39.14,25129.39,10329.56,0.77,0.72,-0.13,32.46,-7.26,-6.70,-27.596151,-48.508753,Sim
-39.12,25142.99,10326.06,-0.57,1.51,0.01,22.25,-18.54,-7.99,-27.596142,-48.508733,Sim
-39.10,25156.59,10322.56,-0.44,1.20,0.53,17.56,-23.97,-9.03,-27.596133,-48.508713,Sim
-39.07,25170.20,10319.06,0.29,-0.78,0.12,6.58,-26.75,-12.23,-27.596124,-48.508693,Sim
-39.05,25183.82,10315.56,0.19,-0.50,0.44,-1.93,-30.19,-9.89,-27.596115,-48.508672,Sim
-39.03,25197.44,10312.06,-0.56,0.04,0.37,-20.62,-20.94,-10.99,-27.596106,-48.508652,Sim
-39.01,25211.07,10308.56,-0.10,0.67,0.23,-26.31,-13.73,-9.73,-27.596097,-48.508632,Sim
-38.98,25224.71,10305.06,1.04,0.89,0.31,-30.40,3.17,-4.04,-27.596088,-48.508612,Sim
-38.96,25238.35,10301.56,-0.19,0.13,0.90,-29.85,10.08,-7.28,-27.596079,-48.508591,Sim
-38.94,25251.99,10298.06,0.45,-0.30,-0.64,-23.72,20.93,-4.43,-27.596070,-48.508571,Sim
-38.91,25265.65,10294.56,-0.45,-0.61,0.68,-14.06,28.18,-1.48,-27.596061,-48.508551,Sim
-38.89,25279.30,10291.06,-0.61,-0.68,-0.34,0.08,32.96,-2.43,-27.596052,-48.508530,Sim
-38.87,25292.97,10287.56,-0.02,-0.00,-0.97,9.24,30.15,1.71,-27.596043,-48.508510,Sim
-38.85,25306.64,10284.06,-0.36,-0.16,-0.35,20.74,21.91,1.17,-27.596034,-48.508490,Sim
-38.82,25320.32,10280.56,-0.37,-0.76,-0.11,27.94,13.36,2.58,-27.596025,-48.508470,Sim
-38.80,25334.00,10277.06,-0.05,0.36,-0.30,29.80,3.00,3.71,-27.596016,-48.508449,Sim
-38.78,25347.69,10273.56,0.36,0.35,-0.10,27.52,-12.28,8.42,-27.596007,-48.508429,Sim
-38.76,25361.38,10270.06,1.21,-0.99,-0.33,22.20,-22.29,10.13,-27.595998,-48.508409,Sim
-38.73,25375.08,10266.56,0.72,-0.35,-0.60,14.03,-29.55,10.41,-27.595989,-48.508388,Sim
-38.71,25388.79,10263.06,-0.58,-0.68,-0.36,-0.36,-34.21,9.85,-27.595980,-48.508368,Sim
-38.69,25402.50,10259.56,0.35,-0.39,-0.10,-16.13,-29.58,12.04,-27.595971,-48.508348,Sim
-38.66,25416.22,10256.06,0.72,0.08,0.85,-25.38,-18.86,10.18,-27.595962,-48.508328,Sim
-38.64,25429.94,10252.56,0.34,-0.57,0.33,-29.89,-9.73,7.78,-27.595953,-48.508307,Sim
-38.62,25443.67,10249.06,-0.53,-0.74,-0.79,-28.52,-1.99,4.91,-27.595944,-48.508287,Sim
-38.60,25457.41,10245.56,0.64,-0.21,-0.26,-25.11,12.43,4.98,-27.595935,-48.508267,Sim
-38.57,25471.15,10242.06,0.72,-0.27,0.55,-18.40,20.71,-0.03,-27.595926,-48.508247,Sim
-38.55,25484.90,10238.56,0.78,0.72,-0.31,-10.39,28.38,3.32,-27.595917,-48.508226,Sim
-38.53,25498.65,10235.06,0.88,-0.12,-0.67,0.44,28.15,-2.11,-27.595908,-48.508206,Sim
-38.51,25512.41,10231.56,0.45,0.78,1.25,13.70,25.13,-2.22,-27.595899,-48.508186,Sim
-38.48,25526.18,10228.06,-0.34,1.26,0.74,26.95,22.30,1.50,-27.595890,-48.508165,Sim
-38.46,25539.95,10224.56,0.37,-0.92,-0.34,31.53,10.62,-7.59,-27.595881,-48.508145,Sim
-38.44,25553.73,10221.06,-0.31,0.33,0.44,26.80,-4.45,-9.35,-27.595872,-48.508125,Sim
-38.41,25567.51,10217.56,-1.13,-0.57,-0.57,26.96,-12.23,-7.56,-27.595863,-48.508105,Sim
-38.39,25581.30,10214.06,-0.82,0.53,-0.12,18.01,-23.86,-7.93,-27.595854,-48.508084,Sim
-38.37,25595.10,10210.56,0.56,0.29,0.05,8.03,-31.15,-8.67,-27.595845,-48.508064,Sim
-38.35,25608.90,10207.06,-0.07,-0.29,-0.15,-2.13,-27.48,-8.05,-27.595836,-48.508044,Sim
-38.32,25622.71,10203.56,1.01,-0.34,0.34,-11.81,-25.91,-11.18,-27.595827,-48.508024,Sim
-38.30,25636.53,10200.06,-0.23,-0.19,0.40,-22.37,-16.44,-11.51,-27.595818,-48.508003,Sim
-38.28,25650.35,10196.56,0.47,0.40,-0.07,-26.53,-8.82,-8.52,-27.595809,-48.507983,Sim
-38.25,25664.17,10193.06,-0.49,-0.41,0.31,-27.26,5.36,-4.31,-27.595800,-48.507963,Sim
-38.23,25678.00,10189.56,-0.14,0.26,0.31,-23.52,15.88,-7.02,-27.595791,-48.507942,Sim
-38.21,25691.84,10186.06,-0.38,-0.86,0.85,-20.05,24.84,1.05,-27.595782,-48.507922,Sim
-38.19,25705.69,10182.56,0.45,0.16,0.32,-5.53,31.52,-2.18,-27.595773,-48.507902,Sim
-38.16,25719.54,10179.06,0.45,-0.63,-0.02,6.18,27.05,0.38,-27.595764,-48.507882,Sim
-38.14,25733.40,10175.56,-0.42,-0.65,-0.09,16.15,26.30,2.99,-27.595755,-48.507861,Sim
-38.12,25747.26,10172.06,-0.54,0.34,-0.21,25.59,13.58,6.73,-27.595746,-48.507841,Sim
-38.10,25761.13,10168.56,0.18,0.08,-0.05,30.32,7.95,5.82,-27.595738,-48.507821,Sim
-38.07,25775.00,10165.06,-0.75,-0.49,-0.33,24.85,-6.38,5.59,-27.595729,-48.507801,Sim
-38.05,25788.88,10161.56,0.17,0.50,-0.77,22.36,-15.92,7.93,-27.595720,-48.507780,Sim
-38.03,25802.77,10158.06,-0.44,-0.12,-0.05,14.19,-24.69,12.36,-27.595711,-48.507760,Sim
-38.00,25816.66,10154.56,-0.37,-1.57,0.05,4.97,-29.79,9.03,-27.595702,-48.507740,Sim
-37.98,25830.56,10151.06,0.32,0.68,-0.68,-7.64,-29.38,7.63,-27.595693,-48.507719,Sim
-37.96,25844.47,10147.56,-0.52,0.28,-0.57,-17.27,-25.07,12.19,-27.595684,-48.507699,Sim
-37.94,25858.38,10144.06,0.57,-0.74,-0.66,-26.47,-15.22,9.55,-27.595675,-48.507679,Sim
-37.91,25872.29,10140.56,0.76,0.09,-0.43,-29.66,-3.91,9.07,-27.595666,-48.507659,Sim
-37.89,25886.22,10137.06,0.50,0.40,-0.07,-23.59,8.67,7.94,-27.595657,-48.507638,Sim
-37.87,25900.15,10133.56,0.07,0.42,-0.66,-23.35,18.52,2.39,-27.595648,-48.507618,Sim
-37.85,25914.08,10130.06,-0.03,-0.34,0.35,-15.01,25.93,1.92,-27.595639,-48.507598,Sim
-37.82,25928.02,10126.56,-0.26,-0.38,0.34,-2.79,30.53,3.43,-27.595630,-48.507578,Sim
-37.80,25941.97,10123.06,0.64,0.09,-0.16,8.77,27.96,-1.95,-27.595621,-48.507557,Sim
-37.78,25955.93,10119.56,-0.32,0.45,-0.01,18.12,24.27,-4.84,-27.595612,-48.507537,Sim
-37.75,25969.89,10116.06,-0.69,0.20,-0.17,28.59,12.47,-7.76,-27.595603,-48.507517,Sim
-37.73,25983.85,10112.56,0.11,0.27,-0.66,29.38,-0.27,-7.19,-27.595594,-48.507496,Sim
-37.71,25997.82,10109.06,0.10,0.29,0.10,24.49,-8.85,-8.03,-27.595585,-48.507476,Sim
-37.69,26011.80,10105.56,-0.10,-0.49,-0.57,22.48,-16.48,-6.90,-27.595576,-48.507456,Sim
-37.66,26025.78,10102.06,0.38,0.44,-0.57,16.58,-24.89,-9.67,-27.595567,-48.507436,Sim
-37.64,26039.77,10098.56,-0.31,-0.83,0.46,0.90,-27.89,-9.96,-27.595558,-48.507415,Sim
-37.62,26053.77,10095.06,-1.01,1.11,-0.63,-10.02,-27.74,-11.36,-27.595549,-48.507395,Sim
-37.60,26067.77,10091.56,-0.45,0.05,-0.08,-21.55,-20.62,-8.71,-27.595540,-48.507375,Sim
-37.57,26081.78,10088.06,0.29,-0.06,0.29,-26.24,-15.27,-10.36,-27.595531,-48.507355,Sim
-37.55,26095.80,10084.56,-0.13,-1.05,-0.14,-30.57,2.75,-2.98,-27.595522,-48.507334,Sim
-37.53,26109.82,10081.06,-0.05,-0.14,0.13,-30.00,9.15,-6.41,-27.595513,-48.507314,Sim
-37.50,26123.84,10077.56,-0.32,0.16,0.26,-23.00,18.82,-5.50,-27.595504,-48.507294,Sim
-37.48,26137.88,10074.06,-0.05,0.34,-0.22,-12.30,26.34,-0.63,-27.595495,-48.507273,Sim
-37.46,26151.92,10070.56,-0.05,-0.74,0.36,-3.48,31.44,3.78,-27.595486,-48.507253,Sim
-37.44,26165.96,10067.06,0.24,0.57,-0.89,13.06,25.44,1.98,-27.595477,-48.507233,Sim
-37.41,26180.01,10063.56,-0.20,0.13,-0.06,21.62,19.19,0.90,-27.595468,-48.507213,Sim
-37.39,26194.07,10060.06,0.77,0.61,0.47,28.73,10.75,7.56,-27.595459,-48.507192,Sim
-37.37,26208.13,10056.56,0.22,0.34,0.24,29.23,0.25,4.60,-27.595450,-48.507172,Sim
-37.34,26222.20,10053.06,0.12,-0.09,0.22,26.05,-16.38,10.15,-27.595441,-48.507152,Sim
-37.32,26236.28,10049.56,-0.47,0.71,0.22,15.49,-20.81,6.73,-27.595432,-48.507132,Sim
-37.30,26250.36,10046.06,-0.54,0.16,-0.47,12.79,-28.94,6.09,-27.595423,-48.507111,Sim
-37.28,26264.45,10042.56,0.22,-0.00,-0.50,-1.01,-27.38,11.48,-27.595414,-48.507091,Sim
-37.25,26278.54,10039.06,-0.01,-0.57,-0.07,-14.83,-23.49,9.86,-27.595405,-48.507071,Sim
-37.23,26292.64,10035.56,0.56,-0.45,0.09,-20.96,-21.26,10.78,-27.595396,-48.507050,Sim
-37.21,26306.75,10032.06,0.54,0.23,-0.44,-29.27,-7.72,9.53,-27.595387,-48.507030,Sim
-37.19,26320.86,10028.56,-0.78,-0.24,0.63,-26.00,-0.74,7.31,-27.595378,-48.507010,Sim
-37.16,26334.98,10025.06,0.40,-0.21,-0.32,-26.16,14.61,7.32,-27.595369,-48.506990,Sim
-37.14,26349.10,10021.56,-0.46,-0.19,0.11,-20.72,23.98,3.35,-27.595360,-48.506969,Sim
-37.12,26363.23,10018.06,0.35,-0.64,-0.41,-10.62,29.34,3.15,-27.595351,-48.506949,Sim
-37.09,26377.37,10014.56,0.06,0.22,0.45,3.23,30.73,-1.97,-27.595342,-48.506929,Sim
-37.07,26391.51,10011.06,-0.32,-0.19,-0.22,16.22,25.53,-3.54,-27.595333,-48.506909,Sim
-37.05,26405.66,10007.56,0.37,-0.21,0.11,22.17,18.20,-0.86,-27.595324,-48.506888,Sim
-37.03,26419.82,10004.06,0.55,-0.40,-0.35,26.13,6.21,-2.91,-27.595315,-48.506868,Sim
-37.00,26433.98,10000.56,0.04,0.44,0.93,27.67,-3.84,-11.49,-27.595306,-48.506848,Sim
-36.98,26448.15,9997.06,-0.36,0.82,-0.64,27.81,-13.35,-7.28,-27.595297,-48.506827,Sim
-36.96,26462.32,9993.56,-0.00,0.43,-0.50,18.31,-24.51,-8.68,-27.595288,-48.506807,Sim
-36.94,26476.50,9990.06,-0.02,-0.68,0.52,8.54,-28.42,-8.43,-27.595279,-48.506787,Sim
-36.91,26490.68,9986.56,-0.48,0.10,0.31,-10.56,-32.90,-9.79,-27.595270,-48.506767,Sim
-36.89,26504.88,9983.06,-0.22,0.30,-0.50,-16.96,-25.09,-12.96,-27.595261,-48.506746,Sim
-36.87,26519.08,9979.56,0.65,0.30,0.13,-26.45,-15.19,-6.39,-27.595252,-48.506726,Sim
-36.84,26533.28,9976.06,-0.27,0.20,0.36,-30.79,-2.68,-10.42,-27.595243,-48.506706,Sim
-36.82,26547.49,9972.56,-0.28,-0.22,-1.05,-28.61,6.76,-8.66,-27.595234,-48.506686,Sim
-36.80,26561.71,9969.06,0.12,-0.25,0.17,-23.23,17.54,-6.15,-27.595225,-48.506665,Sim
-36.78,26575.93,9965.56,0.76,0.38,-0.24,-13.58,24.74,0.46,-27.595216,-48.506645,Sim
-36.75,26590.16,9962.06,-0.26,-0.35,0.09,-4.60,31.82,-2.54,-27.595208,-48.506625,Sim
-36.73,26604.39,9958.56,0.49,-0.26,-0.99,5.02,28.75,0.99,-27.595199,-48.506604,Sim
-36.71,26618.64,9955.06,-0.29,0.44,-0.32,18.69,24.56,0.69,-27.595190,-48.506584,Sim
-36.69,26632.88,9951.56,0.37,-0.43,-0.33,23.34,12.43,2.93,-27.595181,-48.506564,Sim
-36.66,26647.14,9948.06,-0.67,-0.63,-0.06,32.51,5.83,8.95,-27.595172,-48.506544,Sim
-36.64,26661.40,9944.56,0.20,0.08,0.61,28.29,-6.37,8.62,-27.595163,-48.506523,Sim
-36.62,26675.66,9941.06,1.08,0.53,0.59,24.54,-21.85,8.69,-27.595154,-48.506503,Sim
-36.59,26689.94,9937.56,-0.07,0.32,-0.57,12.93,-23.47,8.76,-27.595145,-48.506483,Sim
-36.57,26704.21,9934.06,0.47,0.39,-0.14,2.01,-29.88,12.62,-27.595136,-48.506463,Sim
-36.55,26718.50,9930.56,0.47,0.16,-0.09,-6.33,-29.14,11.77,-27.595127,-48.506442,Sim
-36.53,26732.79,9927.06,0.44,-0.29,-0.73,-18.90,-22.32,9.47,-27.595118,-48.506422,Sim
-36.50,26747.09,9923.56,-0.08,0.28,-0.02,-28.08,-15.98,2.97,-27.595109,-48.506402,Sim
-36.48,26761.39,9920.06,0.39,-0.24,-0.20,-32.01,-5.08,4.11,-27.595100,-48.506381,Sim
-36.46,26775.70,9916.56,-0.42,-0.86,0.45,-28.97,11.82,6.56,-27.595091,-48.506361,Sim
-36.43,26790.01,9913.06,-0.28,0.69,0.53,-20.10,16.93,1.90,-27.595082,-48.506341,Sim
-36.41,26804.34,9909.56,-0.32,-0.23,0.47,-16.35,27.10,9.28,-27.595073,-48.506321,Sim
-36.39,26818.66,9906.06,-0.61,-0.05,-0.49,-1.37,32.66,1.32,-27.595064,-48.506300,Sim
-36.37,26833.00,9902.56,0.36,-1.47,0.02,11.15,27.60,-0.89,-27.595055,-48.506280,Sim
-36.34,26847.34,9899.06,-0.13,-0.07,0.06,20.50,21.46,-4.63,-27.595046,-48.506260,Sim
-36.32,26861.69,9895.56,-0.20,-0.02,0.50,26.16,10.03,-10.79,-27.595037,-48.506240,Sim
-36.30,26876.04,9892.06,-0.11,0.05,0.09,30.08,0.48,-11.55,-27.595028,-48.506219,Sim
-36.28,26890.40,9888.56,0.31,-0.13,-0.11,28.88,-11.16,-6.03,-27.595019,-48.506199,Sim
-36.25,26904.76,9885.06,0.02,-0.20,-0.51,21.40,-19.73,-11.08,-27.595010,-48.506179,Sim
-36.23,26919.13,9881.56,0.15,0.82,-1.73,8.24,-28.83,-9.32,-27.595001,-48.506158,Sim
-36.21,26933.51,9878.06,-0.99,-0.03,-0.28,2.62,-32.64,-9.75,-27.594992,-48.506138,Sim
-36.18,26947.90,9874.56,0.71,0.26,0.57,-7.39,-25.85,-8.12,-27.594983,-48.506118,Sim
-36.16,26962.29,9871.06,0.48,-0.22,-0.04,-21.51,-22.04,-4.13,-27.594974,-48.506098,Sim
-36.14,26976.68,9867.56,0.29,-0.16,-0.03,-29.47,-11.17,-9.85,-27.594965,-48.506077,Sim
-36.12,26991.09,9864.06,0.17,-0.37,-0.27,-29.58,1.29,-6.51,-27.594956,-48.506057,Sim
-36.09,27005.49,9860.56,0.62,0.34,0.13,-27.48,14.03,-5.81,-27.594947,-48.506037,Sim
-36.07,27019.91,9857.06,-0.80,0.13,-0.78,-16.20,25.82,-3.06,-27.594938,-48.506017,Sim
-36.05,27034.33,9853.56,0.57,0.26,0.58,-7.65,29.44,-0.29,-27.594929,-48.505996,Sim
-36.03,27048.76,9850.06,-0.53,-0.20,0.62,0.30,32.63,-1.96,-27.594920,-48.505976,Sim
-36.00,27063.19,9846.56,0.18,-0.22,-0.54,14.30,26.13,-0.16,-27.594911,-48.505956,Sim
-35.98,27077.63,9843.06,-0.17,-0.27,0.42,23.24,20.63,2.87,-27.594902,-48.505935,Sim
-35.96,27092.08,9839.56,0.58,-0.11,-1.07,24.34,9.18,5.91,-27.594893,-48.505915,Sim
-35.93,27106.53,9836.06,0.24,-1.01,0.27,27.30,-4.70,8.89,-27.594884,-48.505895,Sim
-35.91,27120.99,9832.56,-0.41,-0.57,-0.24,27.91,-12.13,8.16,-27.594875,-48.505875,Sim
-35.89,27135.45,9829.06,-0.37,0.61,-0.72,20.44,-25.53,7.04,-27.594866,-48.505854,Sim
-35.87,27149.92,9825.56,-0.82,-0.77,-0.07,7.91,-31.29,7.13,-27.594857,-48.505834,Sim
-35.84,27164.40,9822.06,0.53,-0.31,-0.28,-3.11,-28.70,7.67,-27.594848,-48.505814,Sim
-35.82,27178.89,9818.56,-0.48,0.40,-0.43,-16.65,-27.01,6.28,-27.594839,-48.505794,Sim
-35.80,27193.38,9815.06,-0.86,-0.40,0.56,-21.06,-14.63,10.24,-27.594830,-48.505773,Sim
-35.78,27207.87,9811.56,-0.16,0.43,0.68,-26.46,-4.16,7.92,-27.594821,-48.505753,Sim
-35.75,27222.37,9808.06,0.07,-0.27,-0.24,-28.90,9.28,8.21,-27.594812,-48.505733,Sim
-35.73,27236.88,9804.56,-0.24,-0.27,-0.26,-32.28,16.75,5.83,-27.594803,-48.505712,Sim
-35.71,27251.40,9801.06,-0.06,-0.34,0.40,-17.19,27.00,1.57,-27.594794,-48.505692,Sim
-35.68,27265.92,9797.56,-0.51,0.30,0.10,-7.02,29.21,2.11,-27.594785,-48.505672,Sim
-35.66,27280.45,9794.06,-0.55,-0.71,0.24,4.40,28.42,-1.58,-27.594776,-48.505652,Sim
-35.64,27294.98,9790.56,0.65,-0.10,-0.35,17.75,28.70,-4.04,-27.594767,-48.505631,Sim
-35.62,27309.52,9787.06,0.03,-0.32,0.76,22.79,15.00,-5.27,-27.594758,-48.505611,Sim
-35.59,27324.07,9783.56,0.44,0.42,-0.79,27.85,7.40,-7.23,-27.594749,-48.505591,Sim
-35.57,27338.62,9780.06,-1.03,0.73,-0.02,28.97,-8.42,-9.38,-27.594740,-48.505571,Sim
-35.55,27353.18,9776.56,-0.19,-0.04,0.39,24.60,-19.17,-8.99,-27.594731,-48.505550,Sim
-35.52,27367.74,9773.06,-0.11,-0.03,0.14,17.85,-28.15,-8.93,-27.594722,-48.505530,Sim
-35.50,27382.31,9769.56,-0.31,-0.58,0.74,2.53,-28.37,-10.47,-27.594713,-48.505510,Sim
-35.48,27396.89,9766.06,-0.03,-0.47,0.25,-5.18,-28.47,-14.88,-27.594704,-48.505489,Sim
-35.46,27411.48,9762.56,0.51,0.29,0.23,-19.24,-26.17,-7.50,-27.594695,-48.505469,Sim
-35.43,27426.07,9759.06,0.78,-0.03,-1.05,-25.37,-14.78,-5.52,-27.594686,-48.505449,Sim
-35.41,27440.66,9755.56,0.58,0.18,-0.15,-28.35,-3.81,-6.26,-27.594678,-48.505429,Sim
-35.39,27455.27,9752.06,0.18,0.55,0.03,-31.78,6.06,-8.00,-27.594669,-48.505408,Sim
-35.37,27469.88,9748.56,-0.04,-0.44,0.97,-20.28,20.16,-2.55,-27.594660,-48.505388,Sim
-35.34,27484.49,9745.06,0.03,-0.58,-0.01,-12.21,26.19,-1.51,-27.594651,-48.505368,Sim
-35.32,27499.11,9741.56,0.06,-0.66,0.60,-3.56,35.22,-2.24,-27.594642,-48.505348,Sim
-35.30,27513.74,9738.06,-0.31,-0.28,0.38,7.39,30.02,0.30,-27.594633,-48.505327,Sim
-35.27,27528.37,9734.56,-0.01,-0.36,0.85,21.48,20.93,5.18,-27.594624,-48.505307,Sim
-35.25,27543.02,9731.06,-0.62,-0.81,0.24,24.97,12.08,4.35,-27.594615,-48.505287,Sim
-35.23,27557.66,9727.56,-0.14,0.59,-0.28,32.72,1.33,5.57,-27.594606,-48.505266,Sim
-35.21,27572.32,9724.06,0.15,-0.05,-0.33,24.57,-12.89,7.15,-27.594597,-48.505246,Sim
-35.18,27586.97,9720.56,-0.85,-0.35,-0.63,21.46,-20.73,4.91,-27.594588,-48.505226,Sim
-35.16,27601.64,9717.06,0.39,-0.17,-0.10,10.64,-27.41,7.22,-27.594579,-48.505206,Sim
-35.14,27616.31,9713.56,0.24,0.32,0.55,3.31,-29.98,8.89,-27.594570,-48.505185,Sim
-35.12,27630.99,9710.06,0.39,-0.67,-0.16,-12.51,-28.34,6.05,-27.594561,-48.505165,Sim
-35.09,27645.68,9706.56,-0.19,-0.32,0.39,-20.95,-20.02,8.04,-27.594552,-48.505145,Sim
-35.07,27660.37,9703.06,0.39,0.06,-0.88,-29.28,-12.30,9.49,-27.594543,-48.505125,Sim
-35.05,27675.06,9699.56,-0.10,1.14,0.24,-27.07,2.98,9.22,-27.594534,-48.505104,Sim
-35.02,27689.77,9696.06,0.58,-0.27,-0.43,-29.55,11.93,1.16,-27.594525,-48.505084,Sim
-35.00,27704.48,9692.56,-0.39,0.56,0.35,-22.44,22.96,6.00,-27.594516,-48.505064,Sim
-34.98,27719.19,9689.06,-0.62,0.61,0.15,-7.77,25.63,-0.43,-27.594507,-48.505043,Sim
-34.96,27733.92,9685.56,0.20,0.04,0.53,-0.09,30.96,-0.75,-27.594498,-48.505023,Sim
-34.93,27748.65,9682.06,-0.61,-0.45,1.29,11.98,28.73,-3.09,-27.594489,-48.505003,Sim
-34.91,27763.38,9678.56,-0.11,0.41,0.63,19.75,21.51,-7.88,-27.594480,-48.504983,Sim
-34.89,27778.12,9675.06,-0.87,0.48,-0.29,24.73,9.48,-3.84,-27.594471,-48.504962,Sim
-34.87,27792.87,9671.56,-0.59,-0.55,-1.17,31.40,-1.45,-2.43,-27.594462,-48.504942,Sim
-34.84,27807.63,9668.06,-0.21,0.51,-0.94,28.23,-13.03,-7.28,-27.594453,-48.504922,Sim
-34.82,27822.39,9664.56,0.52,0.47,-0.05,23.22,-24.37,-13.62,-27.594444,-48.504901,Sim
-34.80,27837.15,9661.06,0.18,0.17,-0.69,7.95,-31.09,-5.70,-27.594435,-48.504881,Sim
-34.77,27851.93,9657.56,0.28,-0.44,0.13,-1.46,-29.12,-7.61,-27.594426,-48.504861,Sim
-34.75,27866.71,9654.06,-0.42,-0.79,0.17,-11.82,-27.34,-9.64,-27.594417,-48.504841,Sim
-34.73,27881.49,9650.56,0.32,-0.03,-0.50,-19.56,-20.52,-11.33,-27.594408,-48.504820,Sim
-34.71,27896.29,9647.06,-0.38,-0.16,-0.08,-28.13,-9.96,-11.90,-27.594399,-48.504800,Sim
-34.68,27911.08,9643.56,0.08,-0.56,-0.88,-30.60,1.41,-6.62,-27.594390,-48.504780,Sim
-34.66,27925.89,9640.06,-0.27,-0.44,-0.12,-25.87,17.03,-4.05,-27.594381,-48.504760,Sim
-34.64,27940.70,9636.56,-0.52,0.37,0.06,-18.21,21.08,-1.92,-27.594372,-48.504739,Sim
-34.61,27955.52,9633.06,1.13,0.12,-0.15,-4.83,31.77,-2.24,-27.594363,-48.504719,Sim
-34.59,27970.34,9629.56,0.14,0.13,-0.19,5.17,29.88,-0.20,-27.594354,-48.504699,Sim
-34.57,27985.17,9626.06,-0.25,0.78,-0.27,16.00,26.12,2.33,-27.594345,-48.504678,Sim
-34.55,28000.01,9622.56,0.11,-0.85,0.26,24.24,18.34,3.97,-27.594336,-48.504658,Sim
-34.52,28014.85,9619.06,0.42,-0.19,-0.03,26.66,7.20,10.71,-27.594327,-48.504638,Sim
-34.50,28029.70,9615.56,-0.29,0.11,1.21,28.16,-6.70,3.66,-27.594318,-48.504618,Sim
-34.48,28044.56,9612.06,0.29,0.43,0.22,27.03,-14.92,8.45,-27.594309,-48.504597,Sim
-34.46,28059.42,9608.56,0.34,0.74,0.35,15.09,-29.04,11.01,-27.594300,-48.504577,Sim
-34.43,28074.29,9605.06,0.31,1.01,0.19,5.39,-27.08,10.83,-27.594291,-48.504557,Sim
-34.41,28089.17,9601.56,-0.52,-0.23,0.62,-7.28,-31.61,9.23,-27.594282,-48.504537,Sim
-34.39,28104.05,9598.06,0.27,0.13,-0.22,-17.59,-23.57,10.46,-27.594273,-48.504516,Sim
-34.36,28118.94,9594.56,-0.26,-0.34,0.30,-27.64,-16.51,8.76,-27.594264,-48.504496,Sim
-34.34,28133.83,9591.06,0.52,0.24,0.09,-29.71,-5.58,8.13,-27.594255,-48.504476,Sim
-34.32,28148.73,9587.56,-0.43,-0.54,0.78,-31.25,3.72,8.29,-27.594246,-48.504455,Sim
-34.30,28163.64,9584.06,0.36,0.44,-0.54,-24.28,13.47,4.89,-27.594237,-48.504435,Sim
-34.27,28178.55,9580.56,0.03,-0.46,-0.02,-13.73,25.77,3.32,-27.594228,-48.504415,Sim
-34.25,28193.47,9577.06,-0.42,-0.17,0.18,-8.61,29.53,1.75,-27.594219,-48.504395,Sim
-34.23,28208.40,9573.56,0.46,-0.38,0.39,4.80,28.62,-1.15,-27.594210,-48.504374,Sim
-34.21,28223.33,9570.06,-0.13,-0.55,0.01,22.54,22.89,-4.34,-27.594201,-48.504354,Sim
-34.18,28238.27,9566.56,0.45,0.04,1.03,24.94,16.06,-6.11,-27.594192,-48.504334,Sim
-34.16,28253.22,9563.06,-0.11,-0.28,-0.30,27.56,3.91,-8.99,-27.594183,-48.504314,Sim
-34.14,28268.17,9559.56,-0.36,0.64,-0.34,27.89,-7.51,-9.56,-27.594174,-48.504293,Sim
-34.11,28283.13,9556.06,-0.50,-0.12,-0.11,22.19,-18.86,-12.70,-27.594165,-48.504273,Sim
-34.09,28298.09,9552.56,-0.39,0.59,0.89,9.56,-26.49,-16.15,-27.594156,-48.504253,Sim
-34.07,28313.06,9549.06,0.79,0.46,-0.41,3.28,-29.67,-8.72,-27.594148,-48.504232,Sim
-34.05,28328.04,9545.56,0.68,0.00,0.19,-9.61,-26.11,-11.44,-27.594139,-48.504212,Sim
-34.02,28343.02,9542.06,0.43,0.94,-0.22,-18.71,-21.47,-11.51,-27.594130,-48.504192,Sim
-34.00,28358.02,9538.56,-0.53,-0.46,0.55,-29.94,-13.44,-11.09,-27.594121,-48.504172,Sim
-33.98,28373.01,9535.06,0.09,-0.25,-0.56,-26.84,-2.18,-7.26,-27.594112,-48.504151,Sim
-33.96,28388.02,9531.56,0.40,-1.11,-0.05,-26.41,11.45,-6.25,-27.594103,-48.504131,Sim
-33.93,28403.02,9528.06,-0.52,0.39,0.11,-21.42,24.68,-3.45,-27.594094,-48.504111,Sim
-33.91,28418.04,9524.56,-0.27,-0.55,1.48,-12.88,30.02,-1.92,-27.594085,-48.504091,Sim
-33.89,28433.06,9521.06,0.01,0.30,0.76,-1.30,28.33,1.71,-27.594076,-48.504070,Sim
-33.86,28448.09,9517.56,0.36,0.55,-0.54,14.17,29.62,0.62,-27.594067,-48.504050,Sim
-33.84,28463.13,9514.06,-0.19,0.11,-0.79,20.49,21.41,4.12,-27.594058,-48.504030,Sim
-33.82,28478.17,9510.56,-0.71,0.87,-0.21,31.82,13.36,4.46,-27.594049,-48.504009,Sim
-33.80,28493.22,9507.06,0.41,0.30,-0.23,30.01,-3.87,10.49,-27.594040,-48.503989,Sim
-33.77,28508.27,9503.56,-0.15,0.13,0.01,28.23,-12.31,7.08,-27.594031,-48.503969,Sim
-33.75,28523.33,9500.06,0.25,-0.07,-0.20,20.68,-22.59,7.90,-27.594022,-48.503949,Sim
-33.73,28538.40,9496.56,-0.13,0.94,-0.77,8.90,-27.01,9.01,-27.594013,-48.503928,Sim
-33.70,28553.48,9493.06,0.57,-0.09,0.52,-7.16,-29.78,8.51,-27.594004,-48.503908,Sim
-33.68,28568.56,9489.56,-0.22,-0.04,0.13,-11.76,-24.82,11.99,-27.593995,-48.503888,Sim
-33.66,28583.64,9486.06,-0.57,-0.30,-0.59,-23.38,-21.46,8.15,-27.593986,-48.503868,Sim
-33.64,28598.74,9482.56,0.04,0.56,0.25,-30.97,-10.98,7.70,-27.593977,-48.503847,Sim
-33.61,28613.84,9479.06,0.04,-0.21,0.66,-27.70,1.03,8.78,-27.593968,-48.503827,Sim
-33.59,28628.94,9475.56,0.03,-0.64,0.18,-25.82,12.86,3.18,-27.593959,-48.503807,Sim
-33.57,28644.06,9472.06,0.81,0.03,-0.62,-18.09,23.16,4.25,-27.593950,-48.503786,Sim
-33.55,28659.17,9468.56,-0.21,0.66,0.52,-9.98,31.06,-1.34,-27.593941,-48.503766,Sim
-33.52,28674.30,9465.06,-0.47,0.45,0.32,1.26,27.82,1.72,-27.593932,-48.503746,Sim
-33.50,28689.43,9461.56,0.62,-0.08,-0.51,14.16,29.46,-2.38,-27.593923,-48.503726,Sim
-33.48,28704.57,9458.06,0.05,-0.49,0.10,27.38,22.10,-1.35,-27.593914,-48.503705,Sim
-33.45,28719.72,9454.56,1.18,0.12,-0.12,30.01,2.14,-4.46,-27.593905,-48.503685,Sim
-33.43,28734.87,9451.06,-0.01,-0.99,-0.08,32.50,-0.74,-6.73,-27.593896,-48.503665,Sim
-33.41,28750.03,9447.56,0.02,-1.59,0.40,27.84,-19.91,-6.35,-27.593887,-48.503645,Sim
-33.39,28765.19,9444.06,0.26,-0.19,0.02,15.15,-25.21,-8.09,-27.593878,-48.503624,Sim
-33.36,28780.36,9440.56,-0.09,-0.26,-1.51,10.88,-27.84,-14.37,-27.593869,-48.503604,Sim
-33.34,28795.54,9437.06,0.34,0.99,0.04,-4.93,-24.96,-13.64,-27.593860,-48.503584,Sim
-33.32,28810.72,9433.56,-0.37,-0.29,0.17,-16.10,-24.50,-8.86,-27.593851,-48.503563,Sim
-33.30,28825.91,9430.06,-0.69,-0.01,-0.64,-24.76,-20.26,-10.06,-27.593842,-48.503543,Sim
-33.27,28841.11,9426.56,-0.14,-0.23,-0.12,-27.34,-5.04,-5.80,-27.593833,-48.503523,Sim
-33.25,28856.31,9423.06,-0.48,0.27,0.18,-32.52,3.58,-2.85,-27.593824,-48.503503,Sim
-33.23,28871.52,9419.56,0.84,-0.91,-0.41,-23.92,13.87,-3.62,-27.593815,-48.503482,Sim
-33.20,28886.74,9416.06,-0.36,-0.66,1.04,-19.64,23.60,-7.13,-27.593806,-48.503462,Sim
-33.18,28901.96,9412.56,0.41,0.37,0.86,-4.20,29.86,2.77,-27.593797,-48.503442,Sim
-33.16,28917.19,9409.06,-0.12,0.31,-0.15,6.02,26.69,-0.61,-27.593788,-48.503422,Sim
-33.14,28932.43,9405.56,0.74,0.74,0.23,18.21,24.77,2.34,-27.593779,-48.503401,Sim
-33.11,28947.67,9402.06,1.46,-0.74,-0.73,26.65,17.76,2.68,-27.593770,-48.503381,Sim
-33.09,28962.92,9398.56,-0.22,-1.01,-0.09,28.90,1.38,3.13,-27.593761,-48.503361,Sim
-33.07,28978.17,9395.06,-0.53,0.81,-0.44,29.64,-5.50,9.95,-27.593752,-48.503340,Sim
-33.05,28993.44,9391.56,0.04,1.03,0.25,23.58,-19.95,11.64,-27.593743,-48.503320,Sim
-33.02,29008.70,9388.06,0.31,0.20,-0.24,16.05,-24.44,9.83,-27.593734,-48.503300,Sim
-33.00,29023.98,9384.56,-0.11,-0.14,-0.19,6.20,-29.32,8.21,-27.593725,-48.503280,Sim
-32.98,29039.26,9381.06,0.02,0.64,-0.49,-10.94,-29.33,7.53,-27.593716,-48.503259,Sim
-32.95,29054.55,9377.56,-0.64,-0.51,0.69,-19.18,-23.91,11.36,-27.593707,-48.503239,Sim
-32.93,29069.84,9374.06,0.16,-0.44,0.28,-25.30,-11.70,11.19,-27.593698,-48.503219,Sim
-32.91,29085.14,9370.56,0.73,-0.31,0.44,-29.07,-0.45,9.96,-27.593689,-48.503199,Sim
-32.89,29100.45,9367.06,-0.35,-0.25,0.54,-25.35,5.95,6.88,-27.593680,-48.503178,Sim
-32.86,29115.77,9363.56,-0.73,-0.79,0.36,-27.62,16.02,5.16,-27.593671,-48.503158,Sim
-32.84,29131.09,9360.06,-0.81,0.69,-0.27,-12.41,26.38,5.54,-27.593662,-48.503138,Sim
-32.82,29146.41,9356.56,-0.90,0.13,-0.05,-0.62,32.15,0.86,-27.593653,-48.503117,Sim
-32.79,29161.75,9353.06,0.30,-0.63,-0.00,9.00,27.85,-0.89,-27.593644,-48.503097,Sim
-32.77,29177.09,9349.56,-0.53,0.94,0.60,17.53,22.87,-3.29,-27.593635,-48.503077,Sim
-32.75,29192.43,9346.06,-0.71,-0.02,0.22,27.04,12.06,-3.91,-27.593626,-48.503057,Sim
-32.73,29207.79,9342.56,0.44,0.28,0.05,31.71,0.39,-3.14,-27.593617,-48.503036,Sim
-32.70,29223.15,9339.06,0.08,-0.36,-0.55,27.78,-14.28,-7.93,-27.593609,-48.503016,Sim
-32.68,29238.51,9335.56,0.83,-0.05,0.70,19.00,-19.70,-9.05,-27.593600,-48.502996,Sim
-32.66,29253.89,9332.06,-0.18,-0.76,-0.68,12.19,-29.86,-10.21,-27.593591,-48.502976,Sim
-32.64,29269.26,9328.56,0.64,-0.26,0.41,-0.97,-28.24,-11.51,-27.593582,-48.502955,Sim
-32.61,29284.65,9325.06,-0.05,0.06,0.29,-11.98,-28.35,-8.68,-27.593573,-48.502935,Sim
-32.59,29300.04,9321.56,-0.06,0.14,0.40,-20.47,-17.62,-9.81,-27.593564,-48.502915,Sim
-32.57,29315.44,9318.06,-0.01,-0.29,0.01,-26.84,-12.26,-8.12,-27.593555,-48.502894,Sim
-32.54,29330.85,9314.56,0.22,-0.96,-0.10,-28.91,0.84,-6.87,-27.593546,-48.502874,Sim
-32.52,29346.26,9311.06,-0.83,0.55,-0.90,-28.97,13.00,-3.82,-27.593537,-48.502854,Sim
-32.50,29361.68,9307.56,0.94,-0.56,0.67,-21.81,22.53,-0.45,-27.593528,-48.502834,Sim
-32.48,29377.10,9304.06,0.12,-0.05,-0.14,-13.13,28.17,-1.81,-27.593519,-48.502813,Sim
-32.45,29392.54,9300.56,-0.36,-0.05,0.89,-2.00,30.57,1.92,-27.593510,-48.502793,Sim
-32.43,29407.97,9297.06,0.65,-0.00,-0.08,13.82,24.77,2.75,-27.593501,-48.502773,Sim
-32.41,29423.42,9293.56,0.47,-0.31,0.56,25.87,18.14,2.53,-27.593492,-48.502753,Sim
-32.39,29438.87,9290.06,-0.63,-0.01,0.04,30.19,9.89,8.34,-27.593483,-48.502732,Sim
-32.36,29454.33,9286.56,0.06,-1.25,-0.01,28.25,-0.61,5.53,-27.593474,-48.502712,Sim
-32.34,29469.79,9283.06,-0.03,-0.48,0.02,25.54,-15.24,8.72,-27.593465,-48.502692,Sim
-32.32,29485.26,9279.56,0.36,-0.14,0.16,19.67,-26.02,11.12,-27.593456,-48.502671,Sim
-32.29,29500.74,9276.06,0.17,-0.93,-0.97,14.32,-28.00,13.08,-27.593447,-48.502651,Sim
-32.27,29516.23,9272.56,0.32,-0.05,-0.67,-4.20,-32.86,9.29,-27.593438,-48.502631,Sim
-32.25,29531.72,9269.06,-0.32,0.04,0.17,-15.19,-26.28,6.84,-27.593429,-48.502611,Sim
-32.23,29547.21,9265.56,-0.29,-0.20,0.49,-27.42,-19.18,9.93,-27.593420,-48.502590,Sim
-32.20,29562.72,9262.06,0.25,-0.02,-0.11,-30.31,-7.80,11.35,-27.593411,-48.502570,Sim
-32.18,29578.23,9258.56,0.46,-0.23,-0.14,-28.46,3.44,4.75,-27.593402,-48.502550,Sim
-32.16,29593.75,9255.06,0.59,0.28,-0.20,-22.16,15.66,5.29,-27.593393,-48.502530,Sim
-32.14,29609.27,9251.56,-0.99,-0.28,-0.11,-21.88,21.74,0.67,-27.593384,-48.502509,Sim
-32.11,29624.80,9248.06,-0.13,0.66,0.30,-8.34,26.08,0.30,-27.593375,-48.502489,Sim
-32.09,29640.34,9244.56,0.42,1.11,0.22,4.79,30.01,1.00,-27.593366,-48.502469,Sim
-32.07,29655.88,9241.06,-0.40,-0.91,-0.34,13.35,26.08,-1.77,-27.593357,-48.502448,Sim
-32.04,29671.43,9237.56,0.12,0.07,0.25,23.47,16.69,-1.92,-27.593348,-48.502428,Sim
-32.02,29686.99,9234.06,-0.31,-0.12,0.34,30.64,7.66,-4.34,-27.593339,-48.502408,Sim
-32.00,29702.55,9230.56,0.33,-0.35,-0.17,30.87,-2.65,-11.62,-27.593330,-48.502388,Sim
-31.98,29718.12,9227.06,0.17,0.16,0.09,24.58,-16.19,-12.37,-27.593321,-48.502367,Sim
-31.95,29733.70,9223.56,0.92,0.31,0.16,15.80,-27.91,-14.32,-27.593312,-48.502347,Sim
-31.93,29749.28,9220.06,0.25,0.19,0.20,4.18,-30.51,-9.75,-27.593303,-48.502327,Sim
-31.91,29764.87,9216.56,-0.00,0.26,-0.17,-6.94,-29.14,-9.83,-27.593294,-48.502307,Sim
-31.88,29780.47,9213.06,-0.73,0.46,0.30,-16.10,-30.77,-6.55,-27.593285,-48.502286,Sim
-31.86,29796.07,9209.56,0.08,0.26,0.31,-24.26,-11.90,-11.56,-27.593276,-48.502266,Sim
-31.84,29811.68,9206.06,-0.31,1.37,-0.32,-27.42,-2.88,-7.71,-27.593267,-48.502246,Sim
-31.82,29827.30,9202.56,-0.60,0.22,0.05,-28.14,7.72,-8.32,-27.593258,-48.502225,Sim
-31.79,29842.92,9199.06,0.74,-0.33,0.42,-25.57,20.69,-1.84,-27.593249,-48.502205,Sim
-31.77,29858.55,9195.56,0.68,-0.18,1.03,-11.22,22.37,-2.87,-27.593240,-48.502185,Sim
-31.75,29874.19,9192.06,0.50,-0.14,-0.41,-3.25,28.85,0.91,-27.593231,-48.502165,Sim
-31.73,29889.83,9188.56,0.21,0.75,0.22,9.47,29.98,3.43,-27.593222,-48.502144,Sim
-31.70,29905.48,9185.06,-0.49,-0.30,0.10,17.36,25.26,2.91,-27.593213,-48.502124,Sim
-31.68,29921.13,9181.56,-0.16,-0.29,0.44,26.67,16.00,2.96,-27.593204,-48.502104,Sim
-31.66,29936.80,9178.06,-0.43,0.06,0.01,29.89,2.54,6.90,-27.593195,-48.502084,Sim
-31.63,29952.47,9174.56,-0.03,-0.50,-0.24,28.82,-7.05,6.99,-27.593186,-48.502063,Sim
-31.61,29968.14,9171.06,0.06,-0.85,0.01,25.98,-19.02,10.61,-27.593177,-48.502043,Sim
-31.59,29983.83,9167.56,-0.39,-0.43,0.48,15.05,-24.98,11.33,-27.593168,-48.502023,Sim
-31.57,29999.51,9164.06,-1.01,0.32,-0.02,0.03,-30.80,8.84,-27.593159,-48.502002,Sim
-31.54,30015.21,9160.56,-0.70,0.61,0.15,-11.34,-29.63,8.24,-27.593150,-48.501982,Sim
-31.52,30030.91,9157.06,-0.11,0.61,0.73,-20.08,-21.47,7.91,-27.593141,-48.501962,Sim
-31.50,30046.62,9153.56,-0.21,-0.26,0.13,-28.00,-10.16,9.04,-27.593132,-48.501942,Sim
-31.48,30062.34,9150.06,0.47,0.24,0.21,-33.88,-0.44,9.28,-27.593123,-48.501921,Sim
-31.45,30078.06,9146.56,-0.52,0.14,0.06,-27.65,11.32,6.22,-27.593114,-48.501901,Sim
-31.43,30093.79,9143.06,0.31,0.14,-0.46,-21.17,17.82,3.24,-27.593105,-48.501881,Sim
-31.41,30109.53,9139.56,1.05,0.04,0.18,-11.21,26.38,-0.06,-27.593096,-48.501861,Sim
-31.38,30125.27,9136.06,0.08,-0.21,0.90,-0.53,29.81,0.03,-27.593087,-48.501840,Sim
-31.36,30141.02,9132.56,1.15,-0.82,0.08,10.59,27.70,-2.16,-27.593079,-48.501820,Sim
-31.34,30156.77,9129.06,-0.41,-0.90,-0.77,15.78,21.96,-2.81,-27.593070,-48.501800,Sim
-31.32,30172.54,9125.56,-0.16,0.34,-0.38,27.12,7.56,0.08,-27.593061,-48.501779,Sim
-31.29,30188.31,9122.06,-0.47,0.37,0.53,29.64,2.86,-4.49,-27.593052,-48.501759,Sim
-31.27,30204.08,9118.56,-0.45,-0.78,0.07,27.89,-10.29,-9.03,-27.593043,-48.501739,Sim
-31.25,30219.86,9115.06,-0.40,-0.47,-0.22,18.69,-20.70,-9.33,-27.593034,-48.501719,Sim
-31.23,30235.65,9111.56,-0.43,0.61,-0.96,9.14,-28.44,-11.70,-27.593025,-48.501698,Sim
-31.20,30251.45,9108.06,0.09,0.01,-0.12,-1.79,-31.68,-6.08,-27.593016,-48.501678,Sim
-31.18,30267.25,9104.56,0.23,-0.67,0.79,-16.11,-30.04,-9.90,-27.593007,-48.501658,Sim
-31.16,30283.06,9101.06,-0.79,-0.56,0.39,-24.97,-20.15,-9.16,-27.592998,-48.501638,Sim
-31.13,30298.88,9097.56,0.35,-0.68,-1.62,-25.33,-9.39,-9.05,-27.592989,-48.501617,Sim
-31.11,30314.70,9094.06,0.26,-0.29,-1.28,-27.88,1.85,-8.28,-27.592980,-48.501597,Sim
-31.09,30330.53,9090.56,-0.58,-0.53,-0.32,-28.89,14.27,-6.85,-27.592971,-48.501577,Sim
-31.07,30346.36,9087.06,-0.01,-0.33,0.23,-18.86,22.14,-4.08,-27.592962,-48.501556,Sim
-31.04,30362.21,9083.56,-0.11,-0.20,-0.02,-9.36,28.63,-4.50,-27.592953,-48.501536,Sim
-31.02,30378.06,9080.06,0.06,-1.21,0.60,4.05,33.40,-2.29,-27.592944,-48.501516,Sim
-31.00,30393.91,9076.56,-1.00,-0.04,-0.13,13.04,30.14,4.44,-27.592935,-48.501496,Sim
-30.97,30409.78,9073.06,-0.33,0.36,-0.17,25.43,19.57,4.84,-27.592926,-48.501475,Sim
-30.95,30425.65,9069.56,0.12,-0.46,0.44,26.48,9.63,5.06,-27.592917,-48.501455,Sim
-30.93,30441.52,9066.06,0.27,-0.06,-0.72,28.91,-2.40,8.10,-27.592908,-48.501435,Sim
-30.91,30457.40,9062.56,-0.09,-0.85,-1.23,25.77,-13.58,10.18,-27.592899,-48.501415,Sim
-30.88,30473.29,9059.06,-0.37,0.05,-1.52,15.59,-19.80,11.25,-27.592890,-48.501394,Sim
-30.86,30489.19,9055.56,-0.31,-0.17,0.32,5.43,-28.62,10.99,-27.592881,-48.501374,Sim
-30.84,30505.09,9052.06,0.84,-0.07,0.49,-4.67,-30.34,8.51,-27.592872,-48.501354,Sim
-30.82,30521.00,9048.56,-0.96,-0.04,0.27,-18.13,-28.12,9.39,-27.592863,-48.501333,Sim
-30.79,30536.92,9045.06,0.28,0.40,0.18,-30.15,-17.92,9.10,-27.592854,-48.501313,Sim
-30.77,30552.84,9041.56,-1.07,-0.02,-0.28,-28.90,-4.69,8.04,-27.592845,-48.501293,Sim
-30.75,30568.77,9038.06,0.52,-0.52,0.46,-29.54,5.27,6.76,-27.592836,-48.501273,Sim
-30.72,30584.71,9034.56,-0.35,0.05,0.07,-19.95,12.25,4.53,-27.592827,-48.501252,Sim
-30.70,30600.65,9031.06,0.24,-0.15,0.42,-13.88,23.90,0.66,-27.592818,-48.501232,Sim
-30.68,30616.60,9027.56,-0.66,-0.33,-0.02,-2.73,29.40,4.12,-27.592809,-48.501212,Sim
-30.66,30632.56,9024.06,0.22,0.76,0.11,6.38,27.20,0.32,-27.592800,-48.501191,Sim
-30.63,30648.52,9020.56,0.36,-0.20,0.20,17.38,28.49,0.75,-27.592791,-48.501171,Sim
-30.61,30664.49,9017.06,-0.54,-0.59,-0.27,27.64,17.33,-4.88,-27.592782,-48.501151,Sim
-30.59,30680.47,9013.56,1.49,0.43,0.30,26.98,2.47,-6.27,-27.592773,-48.501131,Sim
-30.57,30696.46,9010.06,0.04,-1.06,-0.52,31.04,-6.91,-6.38,-27.592764,-48.501110,Sim
-30.54,30712.45,9006.56,0.44,-0.81,1.08,24.37,-13.54,-11.54,-27.592755,-48.501090,Sim
-30.52,30728.44,9003.06,-0.74,-0.59,-0.42,10.00,-23.30,-9.68,-27.592746,-48.501070,Sim
-30.50,30744.45,8999.56,-0.57,0.97,-0.37,1.04,-30.57,-9.82,-27.592737,-48.501050,Sim
-30.47,30760.46,8996.06,0.44,0.03,-0.82,-6.90,-30.10,-9.78,-27.592728,-48.501029,Sim
-30.45,30776.48,8992.56,-0.53,0.61,-0.39,-21.94,-24.90,-9.13,-27.592719,-48.501009,Sim
-30.43,30792.50,8989.06,0.08,-0.64,-0.52,-25.07,-13.73,-7.03,-27.592710,-48.500989,Sim
-30.41,30808.53,8985.56,-0.20,-0.90,0.13,-27.24,-3.37,-6.38,-27.592701,-48.500968,Sim
-30.38,30824.57,8982.06,0.57,0.95,-0.48,-30.75,8.88,-5.19,-27.592692,-48.500948,Sim
-30.36,30840.61,8978.56,0.29,-0.47,0.25,-22.27,20.97,-6.36,-27.592683,-48.500928,Sim
-30.34,30856.67,8975.06,-0.22,-0.26,-0.19,-8.37,25.62,-6.27,-27.592674,-48.500908,Sim
-30.32,30872.72,8971.56,0.56,-1.19,-1.09,-3.41,29.87,-0.37,-27.592665,-48.500887,Sim
-30.29,30888.79,8968.06,0.61,-1.00,-0.64,9.27,26.87,1.04,-27.592656,-48.500867,Sim
-30.27,30904.86,8964.56,-0.11,-0.25,-0.01,23.13,25.21,-1.07,-27.592647,-48.500847,Sim
-30.25,30920.94,8961.06,-0.31,0.85,-0.65,26.00,15.36,4.28,-27.592638,-48.500827,Sim
-30.22,30937.02,8957.56,-0.41,0.78,-0.34,30.53,0.18,7.60,-27.592629,-48.500806,Sim
-30.20,30953.12,8954.06,-0.89,-0.02,0.12,29.39,-10.13,6.67,-27.592620,-48.500786,Sim
-30.18,30969.21,8950.56,-0.07,-0.73,0.84,25.36,-23.21,7.10,-27.592611,-48.500766,Sim
-30.16,30985.32,8947.06,-0.53,-0.33,-0.29,13.33,-26.39,12.04,-27.592602,-48.500745,Sim
-30.13,31001.43,8943.56,-0.32,0.63,-0.01,0.46,-27.93,10.16,-27.592593,-48.500725,Sim
-30.11,31017.55,8940.06,-0.07,0.06,-0.05,-12.34,-28.87,7.39,-27.592584,-48.500705,Sim
-30.09,31033.68,8936.56,-0.46,0.09,0.20,-24.71,-15.53,8.17,-27.592575,-48.500685,Sim
-30.06,31049.81,8933.06,-0.48,-0.61,-0.60,-28.22,-12.97,11.46,-27.592566,-48.500664,Sim
-30.04,31065.95,8929.56,0.68,-0.53,-0.04,-29.58,-1.80,4.79,-27.592557,-48.500644,Sim
-30.02,31082.10,8926.06,-0.33,-0.53,0.18,-27.47,10.24,5.55,-27.592549,-48.500624,Sim
-30.00,31098.25,8922.56,0.45,-0.17,-0.59,-19.66,20.20,3.92,-27.592540,-48.500604,Sim
-29.97,31114.41,8919.06,0.76,-0.16,0.14,-8.09,25.76,2.82,-27.592531,-48.500583,Sim
-29.95,31130.57,8915.56,-0.47,0.23,1.60,-0.29,28.61,1.76,-27.592522,-48.500563,Sim
-29.93,31146.75,8912.06,0.04,0.09,0.17,11.48,27.88,-2.08,-27.592513,-48.500543,Sim
-29.91,31162.93,8908.56,0.22,0.12,0.95,21.73,19.30,-8.40,-27.592504,-48.500522,Sim
-29.88,31179.12,8905.06,-0.48,0.42,-0.11,29.95,5.71,-8.33,-27.592495,-48.500502,Sim
-29.86,31195.31,8901.56,-0.27,0.59,-0.23,29.40,-5.82,-8.30,-27.592486,-48.500482,Sim
-29.84,31211.51,8898.06,0.44,0.69,-0.49,25.83,-11.74,-7.62,-27.592477,-48.500462,Sim
-29.81,31227.72,8894.56,-0.11,-0.29,-0.67,17.59,-23.72,-11.65,-27.592468,-48.500441,Sim
-29.79,31243.93,8891.06,-0.61,-0.23,-0.35,10.38,-27.40,-8.71,-27.592459,-48.500421,Sim
-29.77,31260.15,8887.56,0.57,-0.28,0.28,-1.52,-28.03,-10.68,-27.592450,-48.500401,Sim
-29.75,31276.38,8884.06,-0.27,0.47,0.72,-15.70,-23.03,-9.39,-27.592441,-48.500381,Sim
-29.72,31292.62,8880.56,1.01,-0.32,0.41,-23.78,-17.99,-9.47,-27.592432,-48.500360,Sim
-29.70,31308.86,8877.06,-0.39,-0.85,0.14,-26.10,-8.69,-8.49,-27.592423,-48.500340,Sim
-29.68,31325.11,8873.56,-0.78,0.80,-0.38,-28.08,3.03,-8.12,-27.592414,-48.500320,Sim
-29.66,31341.36,8870.06,-0.21,0.60,0.58,-26.98,14.63,-2.66,-27.592405,-48.500299,Sim
-29.63,31357.62,8866.56,-0.19,-0.36,0.34,-17.76,21.96,-4.85,-27.592396,-48.500279,Sim
-29.61,31373.89,8863.06,-0.10,0.22,-0.20,-4.27,29.01,-1.34,-27.592387,-48.500259,Sim
-29.59,31390.17,8859.56,-0.78,0.71,0.44,5.97,30.00,-1.73,-27.592378,-48.500239,Sim
-29.56,31406.45,8856.06,0.05,0.11,-0.69,19.59,25.76,2.42,-27.592369,-48.500218,Sim
-29.54,31422.74,8852.56,0.17,0.37,0.24,22.93,16.20,4.08,-27.592360,-48.500198,Sim
-29.52,31439.04,8849.06,-0.16,-0.48,0.15,30.68,3.06,5.60,-27.592351,-48.500178,Sim
-29.50,31455.34,8845.56,0.22,-0.03,0.16,29.42,-2.03,10.20,-27.592342,-48.500158,Sim
-29.47,31471.65,8842.06,-0.49,-0.59,0.64,24.94,-16.78,11.14,-27.592333,-48.500137,Sim
-29.45,31487.97,8838.56,-0.65,0.66,-0.64,18.55,-27.88,10.12,-27.592324,-48.500117,Sim
-29.43,31504.29,8835.06,-0.46,-0.24,0.59,5.62,-29.27,9.63,-27.592315,-48.500097,Sim
-29.41,31520.62,8831.56,0.08,0.31,-0.35,-8.45,-26.23,11.15,-27.592306,-48.500076,Sim
-29.38,31536.96,8828.06,-0.05,-0.02,0.68,-18.85,-24.88,9.51,-27.592297,-48.500056,Sim
-29.36,31553.30,8824.56,0.32,0.35,-0.15,-24.33,-13.60,5.95,-27.592288,-48.500036,Sim
-29.34,31569.65,8821.06,-0.09,-0.38,0.43,-26.45,-4.77,8.14,-27.592279,-48.500016,Sim
-29.31,31586.01,8817.56,-0.17,-1.27,-0.56,-29.54,8.21,2.76,-27.592270,-48.499995,Sim
-29.29,31602.37,8814.06,0.27,0.24,-0.67,-24.14,15.90,1.90,-27.592261,-48.499975,Sim
-29.27,31618.75,8810.56,0.46,-0.75,-0.23,-14.28,26.73,3.23,-27.592252,-48.499955,Sim
-29.25,31635.12,8807.06,0.50,-0.65,-0.22,-2.23,30.54,1.88,-27.592243,-48.499935,Sim
-29.22,31651.51,8803.56,-0.51,-0.23,0.00,9.09,27.95,-3.62,-27.592234,-48.499914,Sim
-29.20,31667.90,8800.06,-0.35,-0.41,0.55,18.98,19.99,-7.46,-27.592225,-48.499894,Sim
-29.18,31684.30,8796.56,-0.01,0.94,0.03,29.37,11.72,-6.14,-27.592216,-48.499874,Sim
-29.15,31700.71,8793.06,0.24,0.71,-0.50,31.41,6.83,-7.33,-27.592207,-48.499853,Sim
-29.13,31717.12,8789.56,0.08,-0.27,0.20,28.02,-11.35,-5.59,-27.592198,-48.499833,Sim
-29.11,31733.54,8786.06,-0.48,0.56,0.06,23.87,-21.41,-8.93,-27.592189,-48.499813,Sim
-29.09,31749.97,8782.56,-0.16,-0.20,0.50,10.44,-29.76,-8.89,-27.592180,-48.499793,Sim
-29.06,31766.40,8779.06,0.37,0.56,-0.08,3.24,-29.78,-7.06,-27.592171,-48.499772,Sim
-29.04,31782.84,8775.56,0.50,0.23,-0.16,-7.79,-27.93,-12.03,-27.592162,-48.499752,Sim
-29.02,31799.29,8772.06,-0.50,0.10,-0.51,-21.07,-23.14,-8.45,-27.592153,-48.499732,Sim
-29.00,31815.74,8768.56,-0.51,0.21,0.26,-26.48,-9.71,-6.96,-27.592144,-48.499712,Sim
-28.97,31832.20,8765.06,1.09,-0.32,-1.63,-30.47,-2.11,-9.00,-27.592135,-48.499691,Sim
-28.95,31848.67,8761.56,-0.31,0.44,-0.71,-28.01,15.12,-3.36,-27.592126,-48.499671,Sim
-28.93,31865.15,8758.06,-0.08,-0.38,-0.36,-21.41,20.00,-4.75,-27.592117,-48.499651,Sim
-28.90,31881.63,8754.56,0.18,-0.26,-0.06,-13.31,27.05,-3.26,-27.592108,-48.499630,Sim
-28.88,31898.12,8751.06,0.94,0.37,0.02,4.80,27.66,0.61,-27.592099,-48.499610,Sim
-28.86,31914.61,8747.56,0.29,-0.65,-0.51,11.25,30.34,-1.40,-27.592090,-48.499590,Sim
-28.84,31931.11,8744.06,-0.12,0.51,0.14,21.22,21.46,3.90,-27.592081,-48.499570,Sim
-28.81,31947.62,8740.56,0.14,-0.71,0.85,25.59,9.01,3.62,-27.592072,-48.499549,Sim
-28.79,31964.14,8737.06,-0.19,0.06,-0.04,29.41,-0.06,6.35,-27.592063,-48.499529,Sim
-28.77,31980.66,8733.56,0.27,-0.57,0.00,26.74,-11.18,8.90,-27.592054,-48.499509,Sim
-28.75,31997.19,8730.06,0.16,-0.08,1.01,22.95,-21.51,10.67,-27.592045,-48.499489,Sim
-28.72,32013.73,8726.56,0.42,-0.61,-0.08,9.45,-27.98,10.07,-27.592036,-48.499468,Sim
-28.70,32030.27,8723.06,0.14,-0.10,0.20,-2.82,-28.02,10.28,-27.592027,-48.499448,Sim
-28.68,32046.82,8719.56,-0.36,0.17,-0.78,-12.06,-30.29,8.83,-27.592019,-48.499428,Sim
-28.65,32063.38,8716.06,0.64,-0.13,0.10,-24.83,-18.34,9.26,-27.592010,-48.499407,Sim
-28.63,32079.95,8712.56,0.12,0.30,0.25,-27.75,-9.80,9.45,-27.592001,-48.499387,Sim
-28.61,32096.52,8709.06,-0.40,-0.09,-0.77,-28.63,3.00,4.11,-27.591992,-48.499367,Sim
-28.59,32113.10,8705.56,-0.31,-0.85,0.26,-27.77,14.61,3.90,-27.591983,-48.499347,Sim
-28.56,32129.68,8702.06,0.93,0.24,0.09,-23.02,21.32,1.35,-27.591974,-48.499326,Sim
-28.54,32146.28,8698.56,0.21,0.01,0.53,-6.83,30.55,-2.84,-27.591965,-48.499306,Sim
-28.52,32162.87,8695.06,-0.58,-0.59,-0.65,6.26,25.74,-2.49,-27.591956,-48.499286,Sim
-28.50,32179.48,8691.56,-0.62,-0.07,0.28,15.11,22.98,-0.90,-27.591947,-48.499266,Sim
-28.47,32196.09,8688.06,0.12,-0.87,0.55,24.52,18.04,-7.05,-27.591938,-48.499245,Sim
-28.45,32212.71,8684.56,0.53,0.04,0.80,30.45,4.88,-3.87,-27.591929,-48.499225,Sim
-28.43,32229.34,8681.06,-0.73,-0.07,0.14,25.13,-4.93,-5.90,-27.591920,-48.499205,Sim
-28.40,32245.98,8677.56,-0.48,0.01,0.23,28.20,-13.76,-8.83,-27.591911,-48.499184,Sim
-28.38,32262.62,8674.06,0.80,-0.80,0.53,17.78,-23.63,-8.19,-27.591902,-48.499164,Sim
-28.36,32279.27,8670.56,-0.48,-0.50,0.64,2.55,-30.64,-9.48,-27.591893,-48.499144,Sim
-28.34,32295.92,8667.06,-0.06,-0.37,-0.90,-4.45,-28.23,-10.72,-27.591884,-48.499124,Sim
-28.31,32312.58,8663.56,-0.32,-0.43,-0.22,-16.53,-25.25,-9.75,-27.591875,-48.499103,Sim
-28.29,32329.25,8660.06,0.24,0.22,-0.87,-27.18,-18.79,-9.07,-27.591866,-48.499083,Sim
-28.27,32345.93,8656.56,0.34,0.11,0.35,-28.26,-6.01,-5.46,-27.591857,-48.499063,Sim
-28.24,32362.61,8653.06,-0.83,-0.17,0.00,-29.53,4.10,-2.59,-27.591848,-48.499043,Sim
-28.22,32379.30,8649.56,0.19,0.33,-0.19,-26.35,16.35,-7.01,-27.591839,-48.499022,Sim
-28.20,32396.00,8646.06,0.06,-0.38,0.94,-17.78,24.82,-1.36,-27.591830,-48.499002,Sim
-28.18,32412.70,8642.56,0.70,0.90,-0.07,-6.29,31.08,-3.10,-27.591821,-48.498982,Sim
-28.15,32429.41,8639.06,-0.72,0.82,0.59,6.62,26.76,1.38,-27.591812,-48.498961,Sim
-28.13,32446.13,8635.56,-0.09,-0.94,0.27,19.31,24.09,2.24,-27.591803,-48.498941,Sim
-28.11,32462.85,8632.06,-0.28,0.15,0.17,24.83,10.45,3.03,-27.591794,-48.498921,Sim
-28.09,32479.58,8628.56,-0.34,-0.51,0.05,30.56,4.19,6.62,-27.591785,-48.498901,Sim
-28.06,32496.32,8625.06,-0.21,0.00,0.76,27.62,-9.00,7.06,-27.591776,-48.498880,Sim
-28.04,32513.07,8621.56,0.24,0.32,-0.15,21.94,-19.50,10.68,-27.591767,-48.498860,Sim
-28.02,32529.82,8618.06,-0.37,0.42,0.68,12.98,-29.49,9.79,-27.591758,-48.498840,Sim
-27.99,32546.58,8614.56,-0.18,0.37,-0.60,6.60,-29.06,10.17,-27.591749,-48.498820,Sim
-27.97,32563.35,8611.06,1.07,-0.06,0.68,-7.09,-23.14,10.97,-27.591740,-48.498799,Sim
-27.95,32580.12,8607.56,-0.13,0.43,-0.09,-15.64,-23.46,7.52,-27.591731,-48.498779,Sim
-27.93,32596.90,8604.06,-0.43,-0.51,-0.34,-25.88,-9.88,8.92,-27.591722,-48.498759,Sim
-27.90,32613.69,8600.56,0.54,-0.38,0.30,-29.90,-4.73,6.27,-27.591713,-48.498738,Sim
-27.88,32630.48,8597.06,0.27,0.33,0.72,-29.89,10.09,6.42,-27.591704,-48.498718,Sim
-27.86,32647.29,8593.56,-0.39,-0.57,0.60,-24.14,19.11,8.82,-27.591695,-48.498698,Sim
-27.84,32664.09,8590.06,-0.26,0.02,0.09,-11.84,26.84,4.67,-27.591686,-48.498678,Sim
-27.81,32680.91,8586.56,0.03,0.43,-0.32,-1.60,31.57,5.98,-27.591677,-48.498657,Sim
-27.79,32697.73,8583.06,-0.00,-0.62,0.37,10.89,29.61,-1.75,-27.591668,-48.498637,Sim
-27.77,32714.56,8579.56,0.21,0.44,0.45,21.02,22.03,-4.21,-27.591659,-48.498617,Sim
-27.74,32731.40,8576.06,-0.04,0.91,-0.50,24.44,7.96,-4.11,-27.591650,-48.498597,Sim
-27.72,32748.24,8572.56,-0.31,-1.41,0.07,30.94,1.69,-7.79,-27.591641,-48.498576,Sim
-27.70,32765.09,8569.06,-0.44,-0.55,0.67,33.44,-8.47,-11.11,-27.591632,-48.498556,Sim
-27.68,32781.95,8565.56,-0.11,-0.85,-0.95,21.51,-22.10,-7.73,-27.591623,-48.498536,Sim
-27.65,32798.81,8562.06,0.08,-0.74,-0.28,10.68,-25.76,-6.66,-27.591614,-48.498515,Sim
-27.63,32815.69,8558.56,0.03,0.80,-0.32,-1.47,-31.39,-7.74,-27.591605,-48.498495,Sim
-27.61,32832.57,8555.06,0.27,0.58,0.55,-14.88,-27.68,-10.09,-27.591596,-48.498475,Sim
-27.59,32849.45,8551.56,0.22,0.35,-0.50,-20.90,-17.98,-10.72,-27.591587,-48.498455,Sim
-27.56,32866.34,8548.06,-0.23,0.26,-0.09,-30.23,-12.51,-7.80,-27.591578,-48.498434,Sim
-27.54,32883.24,8544.56,-1.04,0.19,-0.03,-29.04,2.17,-2.23,-27.591569,-48.498414,Sim
-27.52,32900.15,8541.06,-0.22,0.81,0.36,-26.74,12.17,-5.78,-27.591560,-48.498394,Sim
-27.49,32917.06,8537.56,0.32,0.51,0.45,-20.67,25.35,-1.51,-27.591551,-48.498374,Sim
-27.47,32933.99,8534.06,0.65,-0.08,-0.03,-11.74,27.33,-1.29,-27.591542,-48.498353,Sim
-27.45,32950.91,8530.56,-0.59,-0.63,0.04,2.34,31.37,-0.82,-27.591533,-48.498333,Sim
-27.43,32967.85,8527.06,0.73,0.50,1.26,15.15,25.73,3.53,-27.591524,-48.498313,Sim
-27.40,32984.79,8523.56,0.30,-0.57,-0.33,23.36,17.64,2.23,-27.591515,-48.498292,Sim
-27.38,33001.74,8520.06,0.24,-0.62,0.45,31.06,8.48,7.18,-27.591506,-48.498272,Sim
-27.36,33018.70,8516.56,-0.42,-0.01,0.57,29.78,-3.84,5.68,-27.591497,-48.498252,Sim
-27.33,33035.66,8513.06,-0.58,0.33,0.08,27.52,-16.14,8.50,-27.591489,-48.498232,Sim
-27.31,33052.63,8509.56,-0.22,-0.35,-0.38,20.80,-23.83,9.21,-27.591480,-48.498211,Sim
-27.29,33069.61,8506.06,0.55,0.30,-0.03,5.79,-30.38,10.37,-27.591471,-48.498191,Sim
-27.27,33086.59,8502.56,-0.80,-0.35,-0.81,-1.80,-29.36,12.12,-27.591462,-48.498171,Sim
-27.24,33103.58,8499.06,-0.33,0.56,-0.64,-18.37,-25.86,8.70,-27.591453,-48.498151,Sim
-27.22,33120.58,8495.56,-1.33,0.26,0.63,-24.61,-18.21,8.05,-27.591444,-48.498130,Sim
-27.20,33137.59,8492.06,-0.93,-1.06,0.09,-29.92,-10.12,10.61,-27.591435,-48.498110,Sim
-27.18,33154.60,8488.56,-0.23,-0.12,0.83,-29.60,9.73,5.60,-27.591426,-48.498090,Sim
-27.15,33171.62,8485.06,-0.71,0.08,0.19,-25.32,11.09,5.01,-27.591417,-48.498069,Sim
-27.13,33188.65,8481.56,0.36,0.36,0.07,-15.84,25.97,4.50,-27.591408,-48.498049,Sim
-27.11,33205.68,8478.06,-0.10,0.31,-0.04,-10.54,30.60,2.78,-27.591399,-48.498029,Sim
-27.08,33222.72,8474.56,0.84,0.02,-0.56,3.68,27.61,0.46,-27.591390,-48.498009,Sim
-27.06,33239.77,8471.06,-0.08,0.75,0.11,18.37,24.59,-2.33,-27.591381,-48.497988,Sim
-27.04,33256.82,8467.56,0.49,0.87,0.85,21.77,16.48,-3.81,-27.591372,-48.497968,Sim
-27.02,33273.89,8464.06,0.28,0.42,1.02,30.38,3.61,-8.67,-27.591363,-48.497948,Sim
-26.99,33290.96,8460.56,0.80,0.03,0.32,29.47,-6.15,-10.98,-27.591354,-48.497928,Sim
-26.97,33308.03,8457.06,0.33,-0.01,0.18,24.80,-17.51,-8.38,-27.591345,-48.497907,Sim
-26.95,33325.12,8453.56,-0.81,0.38,-0.57,13.43,-24.99,-10.03,-27.591336,-48.497887,Sim
-26.93,33342.21,8450.06,-0.18,-0.19,0.62,5.06,-24.12,-8.72,-27.591327,-48.497867,Sim
-26.90,33359.30,8446.56,0.23,-0.20,-0.22,-7.61,-25.64,-7.97,-27.591318,-48.497846,Sim
-26.88,33376.41,8443.06,0.92,0.95,-0.54,-17.32,-22.01,-11.27,-27.591309,-48.497826,Sim
-26.86,33393.52,8439.56,0.29,-0.00,0.33,-24.74,-15.59,-9.17,-27.591300,-48.497806,Sim
-26.83,33410.64,8436.06,-0.78,-0.21,-0.50,-28.19,-2.37,-8.14,-27.591291,-48.497786,Sim
-26.81,33427.77,8432.56,-0.36,-0.34,0.13,-30.79,7.56,-5.63,-27.591282,-48.497765,Sim
-26.79,33444.90,8429.06,0.36,0.60,-0.02,-23.48,16.68,-5.22,-27.591273,-48.497745,Sim
-26.77,33462.04,8425.56,-0.62,0.11,-0.91,-14.85,26.49,-1.26,-27.591264,-48.497725,Sim
-26.74,33479.19,8422.06,0.84,0.16,-0.02,-0.62,25.92,0.24,-27.591255,-48.497704,Sim
-26.72,33496.34,8418.56,0.11,-0.14,-0.75,7.22,30.28,0.29,-27.591246,-48.497684,Sim
-26.70,33513.50,8415.06,-0.65,-1.18,-0.08,21.23,23.43,3.51,-27.591237,-48.497664,Sim
-26.68,33530.67,8411.56,-0.38,-0.19,0.00,24.70,14.11,3.68,-27.591228,-48.497644,Sim
-26.65,33547.85,8408.06,0.79,-0.11,0.54,32.45,-0.70,3.07,-27.591219,-48.497623,Sim
-26.63,33565.03,8404.56,-0.70,0.06,-0.36,32.29,-10.12,7.41,-27.591210,-48.497603,Sim
-26.61,33582.22,8401.06,-0.64,-0.43,0.58,20.08,-21.45,9.20,-27.591201,-48.497583,Sim
-26.58,33599.42,8397.56,0.40,-0.68,0.00,13.34,-27.97,7.75,-27.591192,-48.497563,Sim
-26.56,33616.62,8394.06,0.49,0.82,-0.11,2.05,-28.44,7.78,-27.591183,-48.497542,Sim
-26.54,33633.83,8390.56,-0.12,-0.18,-0.33,-12.52,-25.37,7.46,-27.591174,-48.497522,Sim
-26.52,33651.05,8387.06,-0.13,0.11,-0.78,-18.98,-22.08,10.45,-27.591165,-48.497502,Sim
-26.49,33668.28,8383.56,0.02,-1.07,-0.24,-29.45,-10.05,8.74,-27.591156,-48.497481,Sim
-26.47,33685.51,8380.06,0.31,0.26,0.28,-30.83,-3.83,5.97,-27.591147,-48.497461,Sim
-26.45,33702.75,8376.56,0.65,0.46,-0.41,-22.89,14.21,5.01,-27.591138,-48.497441,Sim
-26.42,33720.00,8373.06,1.18,0.18,0.07,-21.31,21.08,5.24,-27.591129,-48.497421,Sim
-26.40,33737.25,8369.56,-0.98,0.28,-0.04,-9.91,32.51,3.33,-27.591120,-48.497400,Sim
-26.38,33754.51,8366.06,-0.23,-0.68,0.25,0.32,30.04,0.86,-27.591111,-48.497380,Sim
-26.36,33771.78,8362.56,0.17,-0.57,0.39,11.79,24.55,-3.52,-27.591102,-48.497360,Sim
-26.33,33789.06,8359.06,-1.00,0.07,0.22,26.05,23.30,-4.25,-27.591093,-48.497340,Sim
-26.31,33806.34,8355.56,-1.11,0.06,-0.01,30.27,8.62,-5.09,-27.591084,-48.497319,Sim
-26.29,33823.63,8352.06,-0.64,-0.17,0.37,29.13,-4.60,-4.45,-27.591075,-48.497299,Sim
-26.27,33840.93,8348.56,0.31,-0.18,0.46,28.23,-16.05,-6.81,-27.591066,-48.497279,Sim
-26.24,33858.23,8345.06,-0.63,0.19,-0.90,22.93,-22.65,-12.04,-27.591057,-48.497258,Sim
-26.22,33875.54,8341.56,-0.42,0.59,-0.12,13.58,-25.19,-12.38,-27.591048,-48.497238,Sim
-26.20,33892.86,8338.06,0.12,0.19,-0.01,-0.39,-30.48,-11.81,-27.591039,-48.497218,Sim
-26.17,33910.19,8334.56,-0.11,0.51,-0.19,-15.42,-28.04,-10.60,-27.591030,-48.497198,Sim
-26.15,33927.52,8331.06,-0.01,0.08,0.11,-20.28,-20.24,-9.01,-27.591021,-48.497177,Sim
-26.13,33944.86,8327.56,0.40,0.93,0.21,-30.76,-11.79,-7.60,-27.591012,-48.497157,Sim
-26.11,33962.21,8324.06,-0.06,0.07,0.17,-27.92,2.12,-7.34,-27.591003,-48.497137,Sim
-26.08,33979.56,8320.56,0.11,-0.14,0.25,-28.11,13.20,-7.17,-27.590994,-48.497117,Sim
-26.06,33996.93,8317.06,-0.53,0.57,0.20,-17.91,22.30,-1.88,-27.590985,-48.497096,Sim
-26.04,34014.30,8313.56,-0.08,0.73,0.74,-9.05,28.00,2.92,-27.590976,-48.497076,Sim
-26.02,34031.67,8310.06,0.80,-0.23,-0.01,4.11,30.85,-0.15,-27.590967,-48.497056,Sim
-25.99,34049.06,8306.56,0.31,0.06,-0.38,12.78,24.96,2.46,-27.590958,-48.497035,Sim
-25.97,34066.45,8303.06,-0.60,0.44,0.02,27.45,21.17,3.19,-27.590950,-48.497015,Sim
-25.95,34083.84,8299.56,0.88,0.77,0.16,28.00,10.38,7.30,-27.590941,-48.496995,Sim
-25.92,34101.25,8296.06,-0.72,-0.06,-0.72,27.49,-5.82,6.24,-27.590932,-48.496975,Sim
-25.90,34118.66,8292.56,-0.16,0.77,-0.81,26.04,-15.07,3.70,-27.590923,-48.496954,Sim
-25.88,34136.08,8289.06,0.96,-0.02,-0.31,17.79,-24.33,9.12,-27.590914,-48.496934,Sim
-25.86,34153.51,8285.56,0.35,0.12,-0.31,6.79,-30.28,9.93,-27.590905,-48.496914,Sim
-25.83,34170.94,8282.06,0.64,0.10,-0.45,-1.91,-30.42,9.85,-27.590896,-48.496894,Sim
-25.81,34188.38,8278.56,0.00,0.09,-0.21,-15.54,-22.36,11.85,-27.590887,-48.496873,Sim
-25.79,34205.83,8275.06,0.37,0.06,0.60,-26.53,-13.47,8.77,-27.590878,-48.496853,Sim
-25.77,34223.28,8271.56,-0.17,-0.08,-0.20,-25.73,-8.44,8.90,-27.590869,-48.496833,Sim
-25.74,34240.75,8268.06,-0.31,0.00,0.27,-28.83,6.72,7.85,-27.590860,-48.496812,Sim
-25.72,34258.22,8264.56,0.43,-0.02,0.22,-22.58,18.91,3.99,-27.590851,-48.496792,Sim
-25.70,34275.69,8261.06,0.05,-0.43,1.43,-15.62,27.85,3.40,-27.590842,-48.496772,Sim
-25.67,34293.18,8257.56,0.39,-0.71,1.15,-5.43,24.99,0.43,-27.590833,-48.496752,Sim
-25.65,34310.67,8254.06,-1.25,0.25,-1.10,5.12,28.12,-3.04,-27.590824,-48.496731,Sim
-25.63,34328.17,8250.56,0.52,-0.84,0.18,17.32,25.34,-2.57,-27.590815,-48.496711,Sim
-25.61,34345.67,8247.06,0.10,-0.78,0.86,27.38,12.50,-2.92,-27.590806,-48.496691,Sim
-25.58,34363.19,8243.56,0.76,-0.44,-0.10,30.51,4.23,-5.90,-27.590797,-48.496671,Sim
-25.56,34380.71,8240.06,-0.33,0.02,0.13,29.67,-7.44,-5.96,-27.590788,-48.496650,Sim
-25.54,34398.24,8236.56,0.37,0.32,0.19,22.98,-17.19,-4.74,-27.590779,-48.496630,Sim
-25.51,34415.77,8233.06,-0.41,0.49,-1.01,13.61,-25.90,-7.98,-27.590770,-48.496610,Sim
-25.49,34433.31,8229.56,-0.88,0.26,-0.04,-0.69,-32.62,-10.72,-27.590761,-48.496589,Sim
-25.47,34450.86,8226.06,-0.27,0.01,-0.28,-9.36,-29.03,-12.84,-27.590752,-48.496569,Sim
-25.45,34468.42,8222.56,0.15,-1.07,0.27,-23.25,-21.98,-8.79,-27.590743,-48.496549,Sim
-25.42,34485.98,8219.06,-0.62,0.27,-0.71,-23.46,-12.04,-6.81,-27.590734,-48.496529,Sim
-25.40,34503.55,8215.56,0.73,0.07,-0.30,-30.36,-0.30,-8.48,-27.590725,-48.496508,Sim
-25.38,34521.13,8212.06,0.57,0.76,-1.08,-29.61,12.75,-7.54,-27.590716,-48.496488,Sim
-25.36,34538.72,8208.56,0.48,0.83,0.54,-23.96,22.57,-5.33,-27.590707,-48.496468,Sim
-25.33,34556.31,8205.06,0.99,-0.33,0.57,-12.01,28.62,-2.73,-27.590698,-48.496448,Sim
-25.31,34573.91,8201.56,0.62,-0.17,-0.32,1.90,27.54,-0.77,-27.590689,-48.496427,Sim
-25.29,34591.52,8198.06,0.55,-0.26,0.18,12.60,30.22,0.57,-27.590680,-48.496407,Sim
-25.26,34609.13,8194.56,-0.96,-1.16,0.11,24.09,20.99,0.39,-27.590671,-48.496387,Sim
-25.24,34626.75,8191.06,0.65,-0.01,-0.88,26.99,12.84,4.49,-27.590662,-48.496366,Sim
-25.22,34644.38,8187.56,-0.76,-0.24,-0.23,27.19,1.57,6.95,-27.590653,-48.496346,Sim
-25.20,34662.02,8184.06,0.52,-0.35,0.23,26.78,-10.76,8.81,-27.590644,-48.496326,Sim
-25.17,34679.66,8180.56,-0.52,-0.08,0.32,17.08,-21.14,6.10,-27.590635,-48.496306,Sim
-25.15,34697.31,8177.06,0.27,0.34,0.10,15.16,-26.84,13.61,-27.590626,-48.496285,Sim
-25.13,34714.97,8173.56,1.14,0.72,-0.24,-2.13,-31.44,10.47,-27.590617,-48.496265,Sim
-25.11,34732.64,8170.06,0.27,0.17,0.13,-7.41,-26.58,7.66,-27.590608,-48.496245,Sim
-25.08,34750.31,8166.56,-0.03,-0.14,-0.33,-22.37,-20.10,6.31,-27.590599,-48.496225,Sim
-25.06,34767.99,8163.06,0.79,0.66,0.41,-27.24,-6.68,5.12,-27.590590,-48.496204,Sim
-25.04,34785.68,8159.56,0.07,0.34,-0.32,-27.24,1.86,4.87,-27.590581,-48.496184,Sim
-25.01,34803.37,8156.06,-0.09,0.13,-0.10,-27.22,14.44,7.04,-27.590572,-48.496164,Sim
-24.99,34821.07,8152.56,-0.34,-0.71,-0.20,-21.13,23.25,4.53,-27.590563,-48.496143,Sim
-24.97,34838.78,8149.06,0.35,0.07,0.19,-13.39,30.41,1.57,-27.590554,-48.496123,Sim
-24.95,34856.50,8145.56,0.62,-0.47,-0.05,-0.10,28.56,4.08,-27.590545,-48.496103,Sim
-24.92,34874.22,8142.06,0.46,0.66,-0.13,16.48,25.88,-3.10,-27.590536,-48.496083,Sim
-24.90,34891.95,8138.56,0.34,0.31,0.24,21.19,16.85,-3.29,-27.590527,-48.496062,Sim
-24.88,34909.69,8135.06,0.27,-0.04,-0.27,29.47,4.74,-8.60,-27.590518,-48.496042,Sim
-24.86,34927.44,8131.56,-0.07,-0.17,0.25,31.14,-2.43,-7.62,-27.590509,-48.496022,Sim
-24.83,34945.19,8128.06,0.57,0.98,0.37,26.19,-15.47,-10.65,-27.590500,-48.496002,Sim
-24.81,34962.95,8124.56,0.12,-0.77,0.79,16.85,-23.75,-14.99,-27.590491,-48.495981,Sim
-24.79,34980.72,8121.06,-0.10,-0.06,-0.40,3.95,-30.80,-10.83,-27.590482,-48.495961,Sim
-24.76,34998.49,8117.56,-0.53,0.06,-0.36,-5.22,-29.75,-9.44,-27.590473,-48.495941,Sim
-24.74,35016.28,8114.06,-0.32,0.81,0.69,-15.02,-25.43,-12.21,-27.590464,-48.495920,Sim
-24.72,35034.07,8110.56,0.17,0.37,0.18,-22.81,-19.58,-10.29,-27.590455,-48.495900,Sim
-24.70,35051.86,8107.06,0.15,0.92,0.19,-31.71,-6.81,-8.27,-27.590446,-48.495880,Sim
-24.67,35069.67,8103.56,0.60,-0.08,0.54,-31.49,6.92,-2.26,-27.590437,-48.495860,Sim
-24.65,35087.48,8100.06,0.76,-0.54,0.06,-28.45,15.74,-3.87,-27.590428,-48.495839,Sim
-24.63,35105.30,8096.56,0.36,-0.00,0.48,-15.60,24.66,-3.88,-27.590420,-48.495819,Sim
-24.60,35123.12,8093.06,0.45,0.57,-0.46,-4.53,28.99,3.65,-27.590411,-48.495799,Sim
-24.58,35140.96,8089.56,-0.41,0.63,-0.53,7.92,32.42,2.67,-27.590402,-48.495779,Sim
-24.56,35158.80,8086.06,-0.30,0.54,0.27,18.06,27.47,4.82,-27.590393,-48.495758,Sim
-24.54,35176.65,8082.56,-0.32,0.19,0.12,27.83,13.16,9.46,-27.590384,-48.495738,Sim
-24.51,35194.50,8079.06,0.05,0.44,0.35,27.82,6.59,7.88,-27.590375,-48.495718,Sim
-24.49,35212.36,8075.56,0.08,-0.62,0.67,28.78,-11.65,7.63,-27.590366,-48.495697,Sim
-24.47,35230.23,8072.06,0.05,0.06,-0.25,26.51,-16.73,8.68,-27.590357,-48.495677,Sim
-24.45,35248.11,8068.56,-0.19,-0.34,1.01,16.19,-25.99,11.82,-27.590348,-48.495657,Sim
-24.42,35266.00,8065.06,-1.52,0.28,-0.71,3.73,-29.38,9.67,-27.590339,-48.495637,Sim
-24.40,35283.89,8061.56,-0.05,0.35,-0.46,-6.86,-28.56,13.35,-27.590330,-48.495616,Sim
-24.38,35301.79,8058.06,0.20,-0.81,0.18,-18.61,-19.82,8.39,-27.590321,-48.495596,Sim
-24.35,35319.69,8054.56,0.28,0.29,0.17,-25.19,-16.67,7.98,-27.590312,-48.495576,Sim
-24.33,35337.61,8051.06,0.01,0.46,-0.03,-31.70,-1.29,7.87,-27.590303,-48.495556,Sim
-24.31,35355.53,8047.56,-0.23,-0.08,0.17,-27.47,8.79,3.90,-27.590294,-48.495535,Sim
-24.29,35373.46,8044.06,0.71,0.29,0.64,-23.46,19.98,4.55,-27.590285,-48.495515,Sim
-24.26,35391.40,8040.56,-0.04,0.35,-0.50,-16.20,24.91,2.20,-27.590276,-48.495495,Sim
-24.24,35409.34,8037.06,0.23,-0.67,-0.20,-5.65,31.72,-2.49,-27.590267,-48.495474,Sim
-24.22,35427.29,8033.56,0.48,-0.04,-0.33,8.99,27.33,1.07,-27.590258,-48.495454,Sim
-24.20,35445.25,8030.06,0.32,0.22,-0.08,20.61,24.62,-1.44,-27.590249,-48.495434,Sim
-24.17,35463.21,8026.56,-0.70,-0.71,0.68,30.03,16.03,-7.92,-27.590240,-48.495414,Sim
-24.15,35481.19,8023.06,-0.24,-0.09,0.22,31.15,-1.84,-7.14,-27.590231,-48.495393,Sim
-24.13,35499.17,8019.56,-0.50,-0.10,-0.37,28.08,-11.08,-5.94,-27.590222,-48.495373,Sim
-24.10,35517.16,8016.06,0.20,0.14,-0.18,20.60,-22.23,-10.67,-27.590213,-48.495353,Sim
-24.08,35535.15,8012.56,0.42,-0.12,0.50,12.34,-30.59,-11.49,-27.590204,-48.495333,Sim
-24.06,35553.15,8009.06,-0.54,-1.16,-0.13,-3.20,-32.60,-10.50,-27.590195,-48.495312,Sim
-24.04,35571.16,8005.56,-0.18,0.30,0.66,-11.75,-30.14,-9.28,-27.590186,-48.495292,Sim
-24.01,35589.18,8002.06,0.19,-0.21,-1.39,-25.51,-20.98,-11.02,-27.590177,-48.495272,Sim
-23.99,35607.21,7998.56,-0.68,0.39,0.45,-27.19,-10.61,-6.28,-27.590168,-48.495251,Sim
-23.97,35625.24,7995.06,-0.59,-0.37,-0.66,-29.91,-3.90,-4.81,-27.590159,-48.495231,Sim
-23.95,35643.28,7991.56,-0.90,-0.70,0.45,-30.51,11.46,-8.59,-27.590150,-48.495211,Sim
-23.92,35661.32,7988.06,-0.08,-0.48,0.23,-18.88,20.95,-2.87,-27.590141,-48.495191,Sim
-23.90,35679.38,7984.56,0.38,-0.63,1.26,-13.86,27.05,-1.22,-27.590132,-48.495170,Sim
-23.88,35697.44,7981.06,-0.28,0.08,0.13,4.14,35.91,5.22,-27.590123,-48.495150,Sim
-23.85,35715.51,7977.56,0.16,-0.37,-0.55,13.86,29.56,1.98,-27.590114,-48.495130,Sim
-23.83,35733.59,7974.06,0.28,-0.15,0.02,22.26,19.08,5.76,-27.590105,-48.495110,Sim
-23.81,35751.67,7970.56,0.09,-0.41,-0.48,29.24,8.46,9.57,-27.590096,-48.495089,Sim
-23.79,35769.76,7967.06,0.09,-0.47,-0.69,28.04,-1.89,7.49,-27.590087,-48.495069,Sim
-23.76,35787.86,7963.56,-0.13,-0.05,0.50,31.62,-17.18,6.81,-27.590078,-48.495049,Sim
-23.74,35805.97,7960.06,0.81,-0.13,0.02,17.71,-23.34,9.78,-27.590069,-48.495028,Sim
-23.72,35824.08,7956.56,-0.17,0.08,0.47,6.44,-28.69,9.25,-27.590060,-48.495008,Sim
-23.69,35842.20,7953.06,0.07,0.06,-0.64,-3.07,-29.23,9.29,-27.590051,-48.494988,Sim
-23.67,35860.33,7949.56,0.14,0.11,-0.36,-14.35,-27.55,11.34,-27.590042,-48.494968,Sim
-23.65,35878.47,7946.06,-0.18,-0.55,0.32,-26.85,-19.09,13.28,-27.590033,-48.494947,Sim
-23.63,35896.61,7942.56,-0.51,-0.86,0.28,-28.66,-11.23,11.18,-27.590024,-48.494927,Sim
-23.60,35914.76,7939.06,-0.19,-0.12,0.04,-29.56,4.75,6.64,-27.590015,-48.494907,Sim
-23.58,35932.92,7935.56,0.70,-0.46,0.02,-25.64,10.85,4.85,-27.590006,-48.494887,Sim
-23.56,35951.08,7932.06,-0.18,0.62,0.45,-19.36,25.21,5.83,-27.589997,-48.494866,Sim
-23.54,35969.26,7928.56,-0.29,0.26,0.40,-6.65,30.88,6.36,-27.589988,-48.494846,Sim
-23.51,35987.44,7925.06,-0.03,0.21,0.25,6.12,28.07,-0.30,-27.589979,-48.494826,Sim
-23.49,36005.63,7921.56,-0.13,0.05,-0.95,19.31,26.38,-2.50,-27.589970,-48.494805,Sim
-23.47,36023.82,7918.06,-0.43,-0.06,0.80,24.16,16.87,-3.34,-27.589961,-48.494785,Sim
-23.44,36042.02,7914.56,-0.02,-0.42,0.60,27.74,9.71,-5.72,-27.589952,-48.494765,Sim
-23.42,36060.23,7911.06,0.56,0.72,0.01,29.40,-4.78,-8.71,-27.589943,-48.494745,Sim
-23.40,36078.45,7907.56,0.60,-0.66,0.90,24.89,-18.76,-8.72,-27.589934,-48.494724,Sim
-23.38,36096.68,7904.06,0.47,-0.47,0.56,12.37,-23.45,-10.27,-27.589925,-48.494704,Sim
-23.35,36114.91,7900.56,0.21,0.46,-0.23,9.15,-26.69,-9.64,-27.589916,-48.494684,Sim
-23.33,36133.15,7897.06,0.22,0.46,0.31,-6.59,-24.60,-10.03,-27.589907,-48.494664,Sim
-23.31,36151.40,7893.56,0.10,0.27,-0.26,-17.51,-22.76,-14.55,-27.589898,-48.494643,Sim
-23.29,36169.65,7890.06,1.03,-0.34,0.30,-22.91,-15.42,-9.88,-27.589890,-48.494623,Sim
-23.26,36187.92,7886.56,-0.51,-0.09,0.03,-31.10,-5.25,-4.68,-27.589881,-48.494603,Sim
-23.24,36206.19,7883.06,-1.34,-0.57,-0.59,-29.62,7.81,-3.16,-27.589872,-48.494582,Sim
-23.22,36224.46,7879.56,-0.09,0.15,-0.37,-24.67,14.64,-4.12,-27.589863,-48.494562,Sim
-23.19,36242.75,7876.06,0.38,0.97,-0.17,-17.73,32.24,-2.06,-27.589854,-48.494542,Sim
-23.17,36261.04,7872.56,0.18,-0.05,0.48,-3.41,26.52,-1.91,-27.589845,-48.494522,Sim
-23.15,36279.34,7869.06,0.35,-0.18,-0.11,9.58,27.64,4.23,-27.589836,-48.494501,Sim
-23.13,36297.65,7865.56,0.20,0.09,-1.24,21.03,21.24,4.72,-27.589827,-48.494481,Sim
-23.10,36315.96,7862.06,-0.41,0.28,-0.55,29.53,13.99,2.41,-27.589818,-48.494461,Sim
-23.08,36334.28,7858.56,0.50,0.29,-0.12,27.77,3.79,7.21,-27.589809,-48.494441,Sim
-23.06,36352.61,7855.06,-0.41,-0.76,0.15,27.56,-7.50,9.86,-27.589800,-48.494420,Sim
-23.04,36370.95,7851.56,-0.74,0.06,0.29,25.17,-19.41,8.40,-27.589791,-48.494400,Sim
-23.01,36389.30,7848.06,0.16,0.41,-0.93,11.54,-27.88,10.58,-27.589782,-48.494380,Sim
-22.99,36407.65,7844.56,-0.23,0.19,-0.35,3.80,-31.11,9.30,-27.589773,-48.494359,Sim
-22.97,36426.01,7841.06,-0.33,0.39,-1.19,-9.12,-28.47,9.10,-27.589764,-48.494339,Sim
-22.94,36444.38,7837.56,-0.05,-0.23,0.05,-19.04,-23.13,7.29,-27.589755,-48.494319,Sim
-22.92,36462.75,7834.06,0.92,-0.38,-0.62,-28.76,-9.15,7.85,-27.589746,-48.494299,Sim
-22.90,36481.13,7830.56,-0.21,0.47,-0.13,-29.51,-2.04,5.61,-27.589737,-48.494278,Sim
-22.88,36499.52,7827.06,-0.22,0.61,0.18,-29.57,8.62,5.59,-27.589728,-48.494258,Sim
-22.85,36517.92,7823.56,-0.33,0.76,0.22,-22.88,20.86,3.73,-27.589719,-48.494238,Sim
-22.83,36536.32,7820.06,0.50,0.54,-0.26,-12.87,29.19,-0.76,-27.589710,-48.494217,Sim
-22.81,36554.74,7816.56,0.27,0.17,0.25,0.48,30.03,1.20,-27.589701,-48.494197,Sim
-22.78,36573.16,7813.06,-0.30,0.32,0.86,11.41,28.79,-0.15,-27.589692,-48.494177,Sim
-22.76,36591.58,7809.56,0.34,0.97,-0.17,16.91,20.08,-7.23,-27.589683,-48.494157,Sim
-22.74,36610.02,7806.06,-0.24,-0.15,-0.33,27.93,9.10,-7.31,-27.589674,-48.494136,Sim
-22.72,36628.46,7802.56,0.40,0.24,-0.07,28.76,-2.35,-10.13,-27.589665,-48.494116,Sim
-22.69,36646.91,7799.06,0.43,-0.47,0.42,25.27,-14.74,-10.87,-27.589656,-48.494096,Sim
-22.67,36665.37,7795.56,0.01,-0.17,-0.11,22.58,-25.62,-10.49,-27.589647,-48.494076,Sim
-22.65,36683.83,7792.06,-0.16,-0.00,-0.16,13.01,-30.42,-14.08,-27.589638,-48.494055,Sim
-22.63,36702.30,7788.56,-0.31,-0.20,-0.56,-0.42,-31.52,-10.61,-27.589629,-48.494035,Sim
-22.60,36720.78,7785.06,0.07,0.18,-0.46,-12.75,-25.43,-9.87,-27.589620,-48.494015,Sim
-22.58,36739.27,7781.56,-0.18,-1.08,-0.29,-24.23,-19.30,-10.83,-27.589611,-48.493994,Sim
-22.56,36757.77,7778.06,0.49,0.36,0.02,-29.44,-5.51,-10.18,-27.589602,-48.493974,Sim
-22.53,36776.27,7774.56,0.23,0.25,-0.44,-30.63,4.86,-8.39,-27.589593,-48.493954,Sim
-22.51,36794.78,7771.06,-0.08,0.45,0.03,-25.77,17.90,-5.75,-27.589584,-48.493934,Sim
-22.49,36813.30,7767.56,0.17,-0.41,0.62,-15.89,22.10,-4.60,-27.589575,-48.493913,Sim
-22.47,36831.82,7764.06,0.20,0.12,0.24,-8.99,29.41,-2.15,-27.589566,-48.493893,Sim
-22.44,36850.36,7760.56,-1.12,-0.43,0.95,0.75,28.99,-1.06,-27.589557,-48.493873,Sim
-22.42,36868.90,7757.06,-0.01,-0.91,0.30,13.46,24.41,3.10,-27.589548,-48.493853,Sim
-22.40,36887.44,7753.56,-0.34,0.12,-0.67,25.72,15.51,3.48,-27.589539,-48.493832,Sim
-22.38,36906.00,7750.06,-0.44,-0.23,-0.46,31.41,9.11,3.54,-27.589530,-48.493812,Sim
-22.35,36924.56,7746.56,1.00,0.04,0.14,34.22,-2.70,7.54,-27.589521,-48.493792,Sim
-22.33,36943.13,7743.06,-0.17,0.66,0.95,24.83,-14.41,8.51,-27.589512,-48.493771,Sim
-22.31,36961.71,7739.56,0.07,0.12,0.36,21.02,-22.69,7.41,-27.589503,-48.493751,Sim
-22.28,36980.30,7736.06,-0.41,0.35,0.50,5.52,-28.17,10.21,-27.589494,-48.493731,Sim
-22.26,36998.89,7732.56,0.24,0.05,0.16,-3.17,-30.10,12.40,-27.589485,-48.493711,Sim
-22.24,37017.49,7729.06,0.16,0.16,-0.21,-15.72,-24.28,8.80,-27.589476,-48.493690,Sim
-22.22,37036.10,7725.56,1.23,0.52,-0.04,-28.14,-17.49,9.53,-27.589467,-48.493670,Sim
-22.19,37054.71,7722.06,0.64,0.02,0.43,-31.60,-6.93,7.47,-27.589458,-48.493650,Sim
-22.17,37073.34,7718.56,0.45,-0.56,0.27,-29.71,4.64,7.30,-27.589449,-48.493630,Sim
-22.15,37091.97,7715.06,-0.02,1.10,-0.52,-27.26,17.27,5.68,-27.589440,-48.493609,Sim
-22.13,37110.61,7711.56,0.50,0.07,-0.40,-13.80,25.54,1.07,-27.589431,-48.493589,Sim
-22.10,37129.25,7708.06,-0.21,-0.45,-0.58,-9.14,26.76,3.00,-27.589422,-48.493569,Sim
-22.08,37147.91,7704.56,-0.05,-0.50,0.16,8.18,25.01,-0.77,-27.589413,-48.493548,Sim
-22.06,37166.57,7701.06,-0.23,0.75,0.23,15.43,22.71,-3.66,-27.589404,-48.493528,Sim
-22.03,37185.24,7697.56,-0.40,-1.46,-0.01,27.30,13.93,-7.75,-27.589395,-48.493508,Sim
-22.01,37203.91,7694.06,-0.01,0.06,-0.45,26.23,4.78,-4.38,-27.589386,-48.493488,Sim
-21.99,37222.60,7690.56,-0.77,-0.70,0.20,31.06,-6.72,-6.26,-27.589377,-48.493467,Sim
-21.97,37241.29,7687.06,-0.17,-0.97,0.46,22.25,-16.94,-11.35,-27.589368,-48.493447,Sim
-21.94,37259.99,7683.56,-0.66,-0.05,1.15,16.46,-25.78,-9.96,-27.589360,-48.493427,Sim
-21.92,37278.70,7680.06,0.33,-1.06,-0.30,2.86,-30.51,-11.41,-27.589351,-48.493407,Sim
-21.90,37297.41,7676.56,0.43,-0.57,1.22,-6.90,-30.89,-11.07,-27.589342,-48.493386,Sim
-21.87,37316.13,7673.06,-0.87,-0.87,0.23,-18.68,-27.60,-12.67,-27.589333,-48.493366,Sim
-21.85,37334.86,7669.56,-0.36,0.21,0.45,-28.45,-16.41,-6.71,-27.589324,-48.493346,Sim
-21.83,37353.60,7666.06,-0.16,0.02,-0.13,-31.01,-2.64,-8.51,-27.589315,-48.493325,Sim
-21.81,37372.35,7662.56,-0.07,0.42,-0.32,-30.69,9.96,-8.18,-27.589306,-48.493305,Sim
-21.78,37391.10,7659.06,0.26,0.46,-0.92,-25.04,23.46,-3.70,-27.589297,-48.493285,Sim
-21.76,37409.86,7655.56,0.74,0.76,-0.05,-15.66,25.88,-2.03,-27.589288,-48.493265,Sim
-21.74,37428.63,7652.06,0.75,-1.37,0.55,0.76,28.76,-2.11,-27.589279,-48.493244,Sim
-21.72,37447.40,7648.56,0.21,-0.66,0.16,5.54,30.94,2.08,-27.589270,-48.493224,Sim
-21.69,37466.18,7645.06,0.04,-0.12,0.65,19.22,20.35,1.93,-27.589261,-48.493204,Sim
-21.67,37484.98,7641.56,0.50,-0.16,0.98,32.19,14.95,3.38,-27.589252,-48.493184,Sim
-21.65,37503.77,7638.06,-0.43,-0.97,-0.63,29.73,0.86,6.16,-27.589243,-48.493163,Sim
-21.62,37522.58,7634.56,0.26,0.31,-0.51,27.85,-13.17,6.38,-27.589234,-48.493143,Sim
-21.60,37541.39,7631.06,-0.19,0.56,-0.97,23.27,-22.44,7.64,-27.589225,-48.493123,Sim
-21.58,37560.21,7627.56,0.41,0.45,-0.25,8.75,-29.66,10.54,-27.589216,-48.493102,Sim
-21.56,37579.04,7624.06,-0.12,-0.23,0.82,3.85,-29.41,11.25,-27.589207,-48.493082,Sim
-21.53,37597.88,7620.56,0.21,0.08,-0.23,-16.45,-29.07,11.08,-27.589198,-48.493062,Sim
-21.51,37616.72,7617.06,-0.11,0.05,-0.61,-21.56,-20.53,10.91,-27.589189,-48.493042,Sim
-21.49,37635.58,7613.56,0.61,0.15,0.03,-28.78,-13.68,5.90,-27.589180,-48.493021,Sim
-21.47,37654.44,7610.06,-0.36,0.03,1.05,-27.29,-0.14,8.57,-27.589171,-48.493001,Sim
-21.44,37673.30,7606.56,0.16,0.69,0.31,-27.53,10.69,3.45,-27.589162,-48.492981,Sim
-21.42,37692.18,7603.06,-0.26,0.26,0.32,-19.03,20.22,6.59,-27.589153,-48.492961,Sim
-21.40,37711.06,7599.56,0.46,0.07,-0.29,-9.68,30.76,2.93,-27.589144,-48.492940,Sim
-21.37,37729.95,7596.06,0.63,-0.45,0.01,5.20,30.73,-1.57,-27.589135,-48.492920,Sim
-21.35,37748.85,7592.56,-0.35,-0.07,0.19,15.25,24.70,0.38,-27.589126,-48.492900,Sim
-21.33,37767.75,7589.06,0.59,0.90,-0.70,21.61,18.62,-4.72,-27.589117,-48.492879,Sim
-21.31,37786.67,7585.56,-0.39,-0.09,-0.63,26.19,11.30,-3.78,-27.589108,-48.492859,Sim
-21.28,37805.59,7582.06,-0.29,0.56,-0.17,28.40,-4.26,-5.11,-27.589099,-48.492839,Sim
-21.26,37824.52,7578.56,-0.02,0.47,0.88,26.53,-11.40,-8.50,-27.589090,-48.492819,Sim
-21.24,37843.45,7575.06,-1.25,-0.78,0.72,16.97,-25.63,-9.55,-27.589081,-48.492798,Sim
-21.22,37862.40,7571.56,-0.48,0.34,-0.61,8.40,-31.10,-11.64,-27.589072,-48.492778,Sim
-21.19,37881.35,7568.06,-0.17,0.72,0.25,-5.03,-28.61,-8.93,-27.589063,-48.492758,Sim
-21.17,37900.31,7564.56,-0.65,-0.48,0.22,-16.76,-26.99,-11.90,-27.589054,-48.492738,Sim
-21.15,37919.27,7561.06,0.96,-0.96,0.04,-20.46,-16.90,-6.72,-27.589045,-48.492717,Sim
-21.12,37938.25,7557.56,0.93,0.03,-0.42,-29.06,-3.48,-8.29,-27.589036,-48.492697,Sim
-21.10,37957.23,7554.06,0.36,-0.31,-0.02,-30.04,1.86,-6.17,-27.589027,-48.492677,Sim
-21.08,37976.22,7550.56,0.10,-0.74,0.02,-28.34,17.14,-2.17,-27.589018,-48.492656,Sim
-21.06,37995.22,7547.06,0.28,-0.19,0.18,-17.10,23.99,-1.05,-27.589009,-48.492636,Sim
-21.03,38014.22,7543.56,0.50,1.13,0.48,-4.54,28.88,-0.49,-27.589000,-48.492616,Sim
-21.01,38033.24,7540.06,-0.08,-0.23,-1.03,2.05,26.70,-1.21,-27.588991,-48.492596,Sim
-20.99,38052.26,7536.56,-0.39,-0.06,-0.66,14.03,26.01,2.43,-27.588982,-48.492575,Sim
-20.96,38071.29,7533.06,0.57,-0.11,-0.12,28.31,14.05,4.20,-27.588973,-48.492555,Sim
-20.94,38090.32,7529.56,0.12,0.41,0.11,28.81,2.92,9.88,-27.588964,-48.492535,Sim
-20.92,38109.37,7526.06,0.99,0.85,0.18,28.79,-6.90,7.15,-27.588955,-48.492515,Sim
-20.90,38128.42,7522.56,0.36,-0.05,-0.15,25.57,-17.43,5.45,-27.588946,-48.492494,Sim
-20.87,38147.48,7519.06,0.03,0.19,-0.01,15.81,-25.90,9.60,-27.588937,-48.492474,Sim
-20.85,38166.54,7515.56,-1.14,0.27,-0.48,9.87,-31.85,9.90,-27.588928,-48.492454,Sim
-20.83,38185.62,7512.06,-0.56,0.99,1.03,-6.35,-30.32,11.74,-27.588919,-48.492433,Sim
-20.81,38204.70,7508.56,0.00,0.08,0.15,-19.79,-22.73,9.39,-27.588910,-48.492413,Sim
-20.78,38223.79,7505.06,-0.66,0.22,0.32,-28.09,-16.66,9.39,-27.588901,-48.492393,Sim
-20.76,38242.89,7501.56,-0.51,-0.10,-0.05,-31.28,-3.20,6.16,-27.588892,-48.492373,Sim
-20.74,38261.99,7498.06,0.63,-0.24,-0.02,-28.94,4.91,6.16,-27.588883,-48.492352,Sim
-20.71,38281.11,7494.56,0.36,0.11,-0.01,-24.49,19.20,2.43,-27.588874,-48.492332,Sim
-20.69,38300.23,7491.06,0.11,0.77,0.51,-11.84,29.24,1.42,-27.588865,-48.492312,Sim
-20.67,38319.36,7487.56,0.18,0.14,-0.34,-3.05,30.68,-1.79,-27.588856,-48.492292,Sim
-20.65,38338.49,7484.06,-0.45,-0.04,0.30,8.35,32.20,0.18,-27.588847,-48.492271,Sim
-20.62,38357.64,7480.56,-0.19,0.86,-0.44,17.78,24.02,-1.52,-27.588838,-48.492251,Sim
-20.60,38376.79,7477.06,0.21,0.15,0.00,26.77,14.23,-5.04,-27.588830,-48.492231,Sim
-20.58,38395.95,7473.56,0.98,0.91,0.45,30.85,2.20,-6.70,-27.588821,-48.492210,Sim
-20.56,38415.12,7470.06,-0.37,0.59,0.43,21.92,-9.48,-8.42,-27.588812,-48.492190,Sim
-20.53,38434.29,7466.56,-0.30,-0.71,-0.51,21.07,-18.99,-8.76,-27.588803,-48.492170,Sim
-20.51,38453.47,7463.06,-0.00,0.37,0.88,17.03,-24.37,-10.50,-27.588794,-48.492150,Sim
-20.49,38472.67,7459.56,-0.67,0.31,0.16,1.01,-29.88,-9.22,-27.588785,-48.492129,Sim
-20.46,38491.86,7456.06,0.59,-0.50,-0.66,-12.84,-29.94,-7.40,-27.588776,-48.492109,Sim
-20.44,38511.07,7452.56,0.40,0.50,-0.43,-20.31,-20.51,-9.40,-27.588767,-48.492089,Sim
-20.42,38530.28,7449.06,-0.69,0.24,-0.61,-29.15,-12.50,-5.55,-27.588758,-48.492069,Sim
-20.40,38549.51,7445.56,-0.02,-0.54,-0.30,-30.41,-3.01,-6.34,-27.588749,-48.492048,Sim
-20.37,38568.74,7442.06,0.27,-0.22,0.37,-30.53,10.74,-1.36,-27.588740,-48.492028,Sim
-20.35,38587.97,7438.56,-0.77,0.24,0.01,-23.63,22.03,-6.19,-27.588731,-48.492008,Sim
-20.33,38607.22,7435.06,-0.01,-0.33,0.31,-15.24,27.58,-1.73,-27.588722,-48.491987,Sim
-20.31,38626.47,7431.56,-1.17,-0.20,0.70,3.47,32.64,2.77,-27.588713,-48.491967,Sim
-20.28,38645.73,7428.06,0.88,-0.12,-0.22,6.99,26.23,-3.52,-27.588704,-48.491947,Sim
-20.26,38665.00,7424.56,0.79,-0.28,-0.24,20.68,18.68,2.47,-27.588695,-48.491927,Sim
-20.24,38684.28,7421.06,-0.64,0.05,0.79,31.12,11.12,4.80,-27.588686,-48.491906,Sim
-20.21,38703.56,7417.56,0.38,0.20,0.19,29.27,-0.83,12.30,-27.588677,-48.491886,Sim
-20.19,38722.85,7414.06,-0.29,-0.13,-0.02,26.83,-12.44,5.96,-27.588668,-48.491866,Sim
-20.17,38742.15,7410.56,0.43,0.10,-0.16,23.09,-22.03,8.95,-27.588659,-48.491846,Sim
-20.15,38761.46,7407.06,1.21,0.53,-0.49,9.17,-28.03,11.80,-27.588650,-48.491825,Sim
-20.12,38780.77,7403.56,0.39,0.80,0.16,-1.26,-30.09,12.31,-27.588641,-48.491805,Sim
-20.10,38800.10,7400.06,-0.40,-0.55,0.14,-15.30,-25.99,12.08,-27.588632,-48.491785,Sim
-20.08,38819.43,7396.56,0.06,-0.97,0.61,-25.36,-18.35,8.87,-27.588623,-48.491764,Sim
-20.05,38838.76,7393.06,0.29,0.51,0.92,-26.26,-7.05,6.97,-27.588614,-48.491744,Sim
-20.03,38858.11,7389.56,-0.07,0.12,-0.34,-28.87,2.58,8.61,-27.588605,-48.491724,Sim
-20.01,38877.47,7386.06,0.15,0.07,-0.95,-25.72,14.12,3.49,-27.588596,-48.491704,Sim
-19.99,38896.83,7382.56,-0.18,0.87,-0.19,-18.86,21.60,2.13,-27.588587,-48.491683,Sim
-19.96,38916.20,7379.06,0.52,-0.74,0.27,-9.15,30.39,1.80,-27.588578,-48.491663,Sim
-19.94,38935.57,7375.56,-0.92,0.27,0.78,5.77,30.91,-3.27,-27.588569,-48.491643,Sim
-19.92,38954.96,7372.06,0.06,0.86,-0.09,15.11,25.07,-3.16,-27.588560,-48.491623,Sim
-19.90,38974.35,7368.56,-0.26,-0.62,0.38,21.89,19.27,-1.02,-27.588551,-48.491602,Sim
-19.87,38993.75,7365.06,0.10,0.19,0.53,28.51,6.71,-3.40,-27.588542,-48.491582,Sim
-19.85,39013.16,7361.56,-0.47,0.00,-0.80,29.69,-3.29,-9.75,-27.588533,-48.491562,Sim
-19.83,39032.58,7358.06,-0.06,0.96,0.82,23.94,-14.74,-13.45,-27.588524,-48.491541,Sim
-19.80,39052.00,7354.56,0.13,-0.08,0.76,18.49,-27.44,-13.14,-27.588515,-48.491521,Sim
-19.78,39071.44,7351.06,-0.33,-0.42,-0.59,3.83,-31.62,-6.67,-27.588506,-48.491501,Sim
-19.76,39090.88,7347.56,-0.35,-1.07,0.58,-6.83,-29.21,-9.77,-27.588497,-48.491481,Sim
-19.74,39110.32,7344.06,-0.24,0.06,0.12,-16.67,-22.97,-13.62,-27.588488,-48.491460,Sim
-19.71,39129.78,7340.56,0.09,0.21,-0.25,-26.03,-14.32,-8.46,-27.588479,-48.491440,Sim
-19.69,39149.24,7337.06,-0.42,-0.65,-0.00,-29.84,-4.77,-9.71,-27.588470,-48.491420,Sim
-19.67,39168.71,7333.56,-0.29,-0.97,-0.18,-29.18,7.45,-5.19,-27.588461,-48.491400,Sim
-19.65,39188.19,7330.06,-0.20,0.28,0.12,-26.20,15.70,-4.09,-27.588452,-48.491379,Sim
-19.62,39207.68,7326.56,0.61,0.56,0.82,-13.21,28.27,-2.15,-27.588443,-48.491359,Sim
-19.60,39227.17,7323.06,-0.69,0.43,-0.73,-6.29,29.40,-0.48,-27.588434,-48.491339,Sim
-19.58,39246.68,7319.56,-0.96,-0.28,-0.21,5.15,29.36,2.40,-27.588425,-48.491318,Sim
-19.55,39266.19,7316.06,-0.14,0.10,0.26,19.09,24.11,2.50,-27.588416,-48.491298,Sim
-19.53,39285.71,7312.56,-0.59,0.03,0.08,29.40,16.39,5.34,-27.588407,-48.491278,Sim
-19.51,39305.23,7309.06,0.71,0.38,0.93,30.29,0.99,9.32,-27.588398,-48.491258,Sim
-19.49,39324.77,7305.56,-0.47,0.05,0.23,28.33,-6.47,7.68,-27.588389,-48.491237,Sim
-19.46,39344.31,7302.06,-0.57,-0.38,0.19,20.95,-21.16,7.84,-27.588380,-48.491217,Sim
