Temperatura,Pressao,Umidade,Altitude,ax,ay,az,gx,gy,gz,vib_x,vib_y,vib_z,Latitude,Longitude,Tempo
22.50,94951.30,44.56,544.71,-9.26,-0.28,-3.00,-0.015,-0.061,-0.020,0.27,9.78,-1.54,0.000000,0.000000,0.35
22.50,94953.61,44.56,544.50,-9.28,-0.30,-2.98,-0.014,-0.062,-0.020,-0.74,10.25,-3.80,0.000000,0.000000,0.89
22.67,94972.66,44.56,542.83,-9.25,-0.31,-3.03,-0.014,-0.061,-0.019,-0.23,7.87,-3.35,0.000000,0.000000,1.43
22.65,94966.06,44.57,543.41,-9.26,-0.31,-3.00,-0.014,-0.059,-0.019,-0.74,8.82,-3.35,0.000000,0.000000,2.02
22.87,95003.12,44.57,540.16,-9.24,-0.30,-2.99,-0.014,-0.060,-0.019,-0.23,9.78,-1.99,0.000000,0.000000,2.51
22.63,94966.53,44.57,543.37,-9.26,-0.29,-3.01,-0.014,-0.060,-0.019,-0.23,9.78,-2.89,0.000000,0.000000,3.05
22.77,94988.86,44.58,541.41,-9.28,-0.30,-2.99,-0.015,-0.060,-0.019,-0.23,10.25,-1.99,0.000000,0.000000,3.59
22.54,94952.08,44.58,544.64,-9.24,-0.30,-2.97,-0.014,-0.061,-0.019,0.27,9.78,-2.44,0.000000,0.000000,4.13
22.79,94988.42,44.59,541.45,-9.25,-0.29,-2.97,-0.015,-0.060,-0.018,-0.23,10.73,-1.08,0.000000,0.000000,4.67
22.61,94963.05,44.60,543.67,-9.25,-0.29,-3.00,-0.014,-0.060,-0.018,-1.24,10.25,-3.35,0.000000,0.000000,5.22
22.98,95018.39,44.59,538.82,-9.28,-0.30,-3.01,-0.014,-0.060,-0.019,-1.74,10.25,-1.54,0.000000,0.000000,5.75
22.89,95004.53,44.59,540.03,-9.26,-0.29,-3.02,-0.013,-0.060,-0.019,-1.24,8.34,-2.89,0.000000,0.000000,6.29
22.81,94996.26,44.60,540.76,-8.90,0.29,-4.23,-0.118,-0.033,-0.151,-0.23,10.25,-2.89,0.000000,0.000000,6.83
23.87,95153.88,44.62,526.94,-9.19,-0.48,-3.02,-0.046,-0.048,-0.013,-1.24,8.82,-2.44,0.000000,0.000000,7.37
23.55,95108.89,44.64,530.88,-9.28,-0.43,-2.89,-0.023,-0.057,-0.014,-0.74,9.78,-2.89,0.000000,0.000000,7.91
23.68,95125.72,44.64,529.41,-9.25,-0.29,-3.02,-0.018,-0.059,-0.017,0.27,10.25,-1.99,0.000000,0.000000,8.45
23.50,95095.68,44.68,532.05,-9.26,-0.25,-3.01,-0.016,-0.060,-0.022,-0.23,10.73,-1.54,0.000000,0.000000,8.99
23.72,95129.74,44.66,529.06,-9.25,-0.28,-3.01,-0.014,-0.060,-0.019,0.27,10.25,-1.54,0.000000,0.000000,9.53
23.58,95109.48,44.65,530.83,-9.26,-0.30,-3.02,-0.014,-0.061,-0.019,0.27,10.25,-1.99,0.000000,0.000000,10.07
23.64,95118.36,44.66,530.06,-9.26,-0.31,-3.01,-0.014,-0.060,-0.018,-0.23,10.25,-2.89,0.000000,0.000000,10.61
23.53,95103.50,44.68,531.36,-9.27,-0.31,-2.96,-0.014,-0.061,-0.019,-0.23,9.78,-4.71,0.000000,0.000000,11.15
23.44,95088.25,44.67,532.69,-9.70,-0.79,-2.75,-0.063,0.123,0.114,0.27,9.78,-3.35,0.000000,0.000000,11.69
23.37,95075.36,44.67,533.82,-9.37,-0.68,-2.81,0.014,-0.080,-0.055,-0.23,8.82,-2.44,0.000000,0.000000,12.23
23.50,95094.27,44.68,532.17,-9.21,-0.36,-3.02,-0.010,-0.073,-0.034,-0.74,8.82,-2.44,0.000000,0.000000,12.77
23.53,95099.41,44.68,531.72,-9.22,-0.35,-3.03,-0.012,-0.067,-0.018,-1.24,9.78,-2.44,0.000000,0.000000,13.31
23.35,95072.13,44.68,534.11,-9.24,-0.30,-3.03,-0.016,-0.060,-0.019,-0.23,10.25,-2.89,0.000000,0.000000,13.85
23.64,95112.97,44.69,530.53,-9.28,-0.29,-2.96,-0.015,-0.059,-0.019,0.27,10.25,-1.99,0.000000,0.000000,14.39
23.56,95102.63,44.69,531.43,-9.27,-0.29,-2.96,-0.013,-0.060,-0.019,-0.74,9.78,-2.44,0.000000,0.000000,14.93
23.70,95122.96,44.70,529.65,-9.27,-0.31,-2.99,-0.015,-0.061,-0.019,-0.23,10.73,-2.44,0.000000,0.000000,15.48
23.59,95106.63,44.70,531.08,-9.25,-0.31,-3.01,-0.015,-0.059,-0.019,0.27,10.25,-1.99,0.000000,0.000000,16.02
23.67,95119.34,44.72,529.97,-9.26,-0.29,-2.98,-0.014,-0.062,-0.020,-0.23,9.78,-2.44,0.000000,0.000000,16.56
23.65,95114.58,44.71,530.39,-9.25,-0.31,-2.98,-0.015,-0.060,-0.018,0.27,10.73,-1.54,0.000000,0.000000,17.10
23.76,95129.97,44.73,529.04,-9.26,-0.30,-2.99,-0.014,-0.061,-0.020,0.77,9.78,-1.99,0.000000,0.000000,17.64
23.62,95109.36,44.71,530.84,-9.24,-0.30,-2.99,-0.014,-0.061,-0.019,-0.23,10.73,-1.54,0.000000,0.000000,18.18
23.66,95113.13,44.72,530.51,-9.25,-0.29,-2.97,-0.015,-0.061,-0.019,-0.74,9.78,-3.35,0.000000,0.000000,18.72
23.63,95110.53,44.74,530.74,-9.24,-0.29,-2.98,-0.015,-0.061,-0.019,-0.23,9.30,-2.44,0.000000,0.000000,19.26
23.64,95110.66,44.74,530.73,-9.27,-0.32,-2.99,-0.016,-0.061,-0.018,-0.23,10.25,-4.71,0.000000,0.000000,19.80
23.57,95100.02,44.74,531.66,-9.26,-0.29,-2.98,-0.014,-0.061,-0.018,-0.23,8.82,-2.89,0.000000,0.000000,20.34
23.46,95084.39,44.74,533.03,-9.26,-0.32,-2.99,-0.013,-0.062,-0.018,-0.74,9.30,-3.35,0.000000,0.000000,20.88
23.64,95109.98,44.75,530.79,-9.25,-0.31,-3.01,-0.014,-0.061,-0.019,-0.23,9.30,-2.44,0.000000,0.000000,21.42
23.48,95086.33,44.73,532.86,-9.26,-0.30,-2.99,-0.015,-0.060,-0.019,-1.74,9.78,-2.44,0.000000,0.000000,21.96
23.56,95095.78,44.74,532.03,-9.28,-0.30,-3.01,-0.014,-0.059,-0.019,-0.23,9.78,-2.44,0.000000,0.000000,22.51
23.40,95073.17,44.74,534.02,-9.26,-0.31,-2.98,-0.014,-0.060,-0.019,-0.74,8.82,-3.35,0.000000,0.000000,23.05
23.48,95085.68,44.74,532.92,-9.26,-0.31,-2.98,-0.014,-0.062,-0.018,-0.74,9.78,-2.44,0.000000,0.000000,23.59
23.51,95088.58,44.75,532.66,-9.26,-0.31,-2.99,-0.014,-0.060,-0.018,-0.74,10.25,-1.99,0.000000,0.000000,24.13
23.54,95093.45,44.75,532.24,-9.25,-0.29,-2.97,-0.014,-0.061,-0.019,-1.24,10.25,-1.54,0.000000,0.000000,24.67
23.51,95087.45,44.77,532.76,-9.26,-0.31,-3.00,-0.014,-0.060,-0.018,0.27,10.73,-1.08,0.000000,0.000000,25.21
23.49,95084.27,44.76,533.04,-9.25,-0.29,-3.00,-0.015,-0.060,-0.019,0.27,10.25,-1.99,0.000000,0.000000,25.75
23.39,95067.76,44.75,534.49,-9.27,-0.31,-2.97,-0.015,-0.060,-0.019,-0.23,9.78,-3.35,0.000000,0.000000,26.29
23.41,95073.14,44.76,534.02,-9.28,-0.29,-3.02,-0.015,-0.060,-0.019,0.27,9.78,-2.44,0.000000,0.000000,26.83
23.40,95069.30,44.76,534.35,-9.26,-0.29,-3.01,-0.014,-0.060,-0.019,-0.23,9.30,-2.44,0.000000,0.000000,27.37
23.38,95065.26,44.76,534.71,-9.27,-0.31,-2.97,-0.014,-0.061,-0.018,-1.24,9.30,-3.80,0.000000,0.000000,27.91
23.44,95072.00,44.75,533.85,-9.24,-0.29,-2.97,-0.013,-0.060,-0.019,0.27,9.78,-2.89,0.000000,0.000000,28.45
23.32,95056.62,44.76,535.47,-9.25,-0.31,-3.01,-0.014,-0.060,-0.019,-0.74,9.30,-2.89,0.000000,0.000000,28.99
23.39,95065.61,44.75,534.68,-9.26,-0.31,-2.98,-0.013,-0.061,-0.019,-0.74,9.78,-1.54,0.000000,0.000000,29.53
23.40,95063.27,44.76,534.88,-9.27,-0.30,-3.04,-0.015,-0.060,-0.017,-0.74,9.78,-2.44,0.000000,0.000000,30.07
23.47,95079.05,44.75,533.50,-9.24,-0.31,-2.99,-0.015,-0.061,-0.019,-0.74,10.73,-2.44,0.000000,0.000000,30.61
23.40,95066.14,44.77,534.63,-9.24,-0.30,-3.00,-0.014,-0.060,-0.019,0.27,11.21,-1.99,0.000000,0.000000,31.15
23.47,95074.53,44.75,533.90,-9.27,-0.30,-2.99,-0.014,-0.060,-0.019,0.27,9.78,-1.54,0.000000,0.000000,31.69
23.53,95082.72,44.76,533.18,-9.27,-0.30,-3.00,-0.015,-0.060,-0.019,-0.23,9.78,-4.25,0.000000,0.000000,32.23
23.56,95090.35,44.77,532.51,-9.29,-0.30,-2.98,-0.014,-0.060,-0.019,-0.74,10.73,-2.89,0.000000,0.000000,32.77
23.46,95073.94,44.76,533.95,-9.26,-0.31,-3.01,-0.014,-0.060,-0.019,-1.24,9.30,-3.80,0.000000,0.000000,33.31
23.53,95083.89,44.76,533.08,-9.24,-0.30,-2.97,-0.015,-0.060,-0.018,0.27,10.25,-2.89,0.000000,0.000000,33.85
23.53,95081.02,44.76,533.33,-9.27,-0.30,-2.95,-0.015,-0.059,-0.019,-0.74,9.30,-2.44,0.000000,0.000000,34.39
23.62,95093.00,44.78,532.28,-9.27,-0.30,-2.99,-0.014,-0.060,-0.018,-1.24,9.78,-2.89,0.000000,0.000000,34.93
23.73,95111.53,44.79,530.65,-9.25,-0.30,-3.01,-0.014,-0.061,-0.018,-0.23,9.78,-1.99,0.000000,0.000000,35.47
23.61,95093.36,44.79,532.25,-9.27,-0.31,-3.01,-0.014,-0.060,-0.018,-0.23,10.73,-1.99,0.000000,0.000000,36.01
23.67,95101.07,44.77,531.57,-9.26,-0.31,-2.99,-0.015,-0.062,-0.018,0.77,9.30,-2.89,0.000000,0.000000,36.55
23.59,95087.91,44.79,532.72,-9.24,-0.31,-3.00,-0.014,-0.061,-0.018,-0.23,10.73,-1.54,0.000000,0.000000,37.09
23.64,95097.66,44.79,531.87,-9.25,-0.30,-2.97,-0.014,-0.060,-0.019,0.27,10.73,-1.54,0.000000,0.000000,37.63
23.55,95083.84,44.81,533.08,-9.25,-0.30,-2.99,-0.013,-0.060,-0.019,0.27,10.25,-2.44,0.000000,0.000000,38.17
23.58,95086.03,44.80,532.89,-9.24,-0.30,-2.97,-0.015,-0.059,-0.019,-0.74,9.78,-2.89,0.000000,0.000000,38.71
23.64,95094.96,44.80,532.11,-9.25,-0.31,-2.98,-0.014,-0.061,-0.019,-0.74,8.82,-3.80,0.000000,0.000000,39.25
23.54,95080.34,44.79,533.39,-9.29,-0.31,-2.81,-0.011,-0.063,-0.011,-0.74,8.82,-2.44,0.000000,0.000000,39.79
23.52,95079.97,44.80,533.42,-9.21,-0.31,-3.12,-0.017,-0.064,-0.023,-0.74,8.82,-4.25,0.000000,0.000000,40.33
23.46,95070.09,44.80,534.29,-9.26,-0.31,-2.96,-0.012,-0.065,-0.022,-0.74,9.30,-2.44,0.000000,0.000000,40.87
23.54,95077.09,44.81,533.67,-9.27,-0.33,-3.04,-0.013,-0.061,-0.019,-0.74,9.78,-2.44,0.000000,0.000000,41.41
23.81,95115.56,44.81,530.30,-9.26,-0.31,-3.02,-0.015,-0.060,-0.019,-0.74,9.78,-2.44,0.000000,0.000000,41.95
23.55,95080.58,44.81,533.37,-9.26,-0.29,-2.98,-0.015,-0.061,-0.018,-0.23,11.21,-1.54,0.000000,0.000000,42.49
23.47,95070.91,44.83,534.21,-9.25,-0.31,-2.95,-0.014,-0.060,-0.019,0.27,10.25,-1.99,0.000000,0.000000,43.03
23.67,95099.48,44.83,531.71,-9.26,-0.30,-3.02,-0.015,-0.062,-0.020,0.77,10.25,-1.54,0.000000,0.000000,43.57
23.67,95098.25,44.83,531.82,-9.27,-0.32,-3.01,-0.014,-0.060,-0.018,-0.23,10.25,-2.44,0.000000,0.000000,44.12
23.65,95095.18,44.83,532.09,-9.27,-0.30,-3.01,-0.015,-0.060,-0.019,-0.23,10.25,-4.25,0.000000,0.000000,44.65
23.57,95096.84,44.85,533.12,-9.26,-0.30,-2.99,-0.015,-0.062,-0.019,-0.23,9.30,-2.44,0.000000,0.000000,45.19
23.69,95100.22,44.83,531.64,-9.26,-0.30,-2.99,-0.014,-0.059,-0.018,-0.74,10.25,-3.80,0.000000,0.000000,45.74
23.68,95097.04,44.83,531.92,-9.28,-0.32,-2.99,-0.015,-0.059,-0.020,-0.23,10.73,-1.99,0.000000,0.000000,46.27
23.66,95095.75,44.83,532.04,-9.26,-0.30,-2.99,-0.015,-0.060,-0.018,0.27,9.30,-2.89,0.000000,0.000000,46.81
23.72,95102.12,44.83,531.48,-9.26,-0.30,-2.98,-0.014,-0.062,-0.018,-0.74,9.78,-2.44,0.000000,0.000000,47.35
23.72,95101.19,44.83,531.56,-9.25,-0.30,-2.98,-0.015,-0.061,-0.018,-0.74,10.25,-1.99,0.000000,0.000000,47.90
23.74,95104.50,44.84,531.27,-9.28,-0.31,-3.00,-0.015,-0.060,-0.019,-0.74,10.73,-2.44,0.000000,0.000000,48.44
23.65,95091.73,44.83,532.39,-9.26,-0.31,-2.99,-0.015,-0.060,-0.018,0.27,10.25,-1.08,0.000000,0.000000,48.97
23.77,95109.66,44.84,530.82,-9.26,-0.30,-3.00,-0.014,-0.061,-0.019,-0.23,10.73,-1.54,0.000000,0.000000,49.52
23.71,95097.42,44.85,531.89,-9.23,-0.31,-2.98,-0.014,-0.060,-0.020,0.77,10.25,-1.99,0.000000,0.000000,50.06
23.77,95107.88,44.85,530.97,-9.25,-0.30,-2.99,-0.015,-0.060,-0.019,0.77,9.30,-3.80,0.000000,0.000000,50.60
23.63,95088.59,44.85,532.66,-9.26,-0.31,-3.00,-0.016,-0.060,-0.019,-1.24,9.78,-4.71,0.000000,0.000000,51.14
23.74,95103.48,44.85,531.36,-9.27,-0.30,-2.99,-0.015,-0.060,-0.019,0.27,9.30,-4.71,0.000000,0.000000,51.67
23.58,95076.46,44.83,533.73,-9.25,-0.31,-2.97,-0.014,-0.060,-0.018,0.27,8.82,-4.25,0.000000,0.000000,52.21
23.66,95087.55,44.86,532.75,-9.27,-0.30,-2.99,-0.014,-0.061,-0.018,-0.74,9.78,-2.44,0.000000,0.000000,52.76
23.69,95092.16,44.84,532.35,-9.26,-0.30,-3.00,-0.014,-0.060,-0.019,-0.23,8.82,-1.99,0.000000,0.000000,53.30
23.73,95099.00,44.85,531.75,-9.26,-0.31,-2.99,-0.014,-0.060,-0.018,-0.74,9.78,-2.44,0.000000,0.000000,53.84
23.71,95096.20,44.83,532.00,-9.25,-0.33,-2.97,-0.015,-0.061,-0.020,-0.23,10.25,-2.44,0.000000,0.000000,54.38
23.81,95110.33,44.85,530.76,-9.26,-0.29,-2.98,-0.015,-0.061,-0.019,-0.23,9.30,-1.54,0.000000,0.000000,54.92
23.79,95108.20,44.86,530.95,-9.26,-0.32,-2.97,-0.014,-0.061,-0.018,-0.23,10.73,-1.99,0.000000,0.000000,55.46
23.72,95095.28,44.86,532.08,-9.27,-0.30,-2.99,-0.014,-0.062,-0.019,0.27,10.25,-1.54,0.000000,0.000000,56.00
23.76,95102.55,44.86,531.44,-9.28,-0.31,-3.00,-0.014,-0.060,-0.019,0.27,10.73,-1.54,0.000000,0.000000,56.54
23.75,95100.42,44.86,531.63,-9.25,-0.30,-3.00,-0.015,-0.061,-0.017,-0.23,10.73,-4.71,0.000000,0.000000,57.08
23.79,95105.50,44.85,531.18,-9.24,-0.31,-3.00,-0.013,-0.062,-0.020,-0.23,10.25,-3.35,0.000000,0.000000,57.62
23.76,95100.86,44.86,531.59,-9.25,-0.29,-3.02,-0.016,-0.063,-0.018,-0.23,9.78,-2.89,0.000000,0.000000,58.16
23.83,95110.96,44.86,530.70,-9.26,-0.30,-2.98,-0.015,-0.059,-0.019,-1.24,9.30,-2.89,0.000000,0.000000,58.70
23.79,95103.98,44.86,531.31,-9.26,-0.28,-2.97,-0.015,-0.060,-0.020,-0.74,7.87,-3.80,0.000000,0.000000,59.24
23.72,95093.59,44.86,532.23,-9.28,-0.30,-2.96,-0.014,-0.063,-0.020,-1.24,8.82,-1.99,0.000000,0.000000,59.78
23.78,95101.31,44.88,531.55,-9.26,-0.29,-2.99,-0.014,-0.061,-0.019,-0.74,9.78,-2.89,0.000000,0.000000,60.32
23.60,95076.06,44.86,533.76,-9.26,-0.31,-2.99,-0.014,-0.060,-0.018,-0.74,9.78,-3.35,0.000000,0.000000,60.86
23.76,95099.30,44.86,531.73,-9.21,0.01,-3.50,-0.018,-0.074,-0.015,-0.23,11.21,-1.54,0.000000,0.000000,61.40
23.57,95070.55,44.85,534.25,-9.22,-0.19,-3.11,-0.015,-0.071,-0.025,0.27,9.30,-2.44,0.000000,0.000000,61.94
23.43,95051.47,44.85,535.92,-9.27,-0.25,-2.98,-0.010,-0.053,-0.017,-0.23,10.25,-2.44,0.000000,0.000000,62.48
23.54,95065.57,44.85,534.68,-9.27,-0.32,-2.94,-0.014,-0.063,-0.021,-0.23,9.78,-1.99,0.000000,0.000000,63.02
23.62,95074.61,44.86,533.89,-9.25,-0.32,-3.01,-0.014,-0.062,-0.019,-0.23,9.30,-2.44,0.000000,0.000000,63.56
23.56,95064.75,44.86,534.75,-9.26,-0.30,-2.99,-0.016,-0.061,-0.019,0.27,10.25,-2.44,0.000000,0.000000,64.10
23.62,95074.78,44.85,533.87,-9.26,-0.30,-2.99,-0.014,-0.061,-0.019,0.77,10.25,-1.99,0.000000,0.000000,64.64
23.54,95061.40,44.86,535.05,-9.26,-0.30,-3.00,-0.015,-0.059,-0.019,0.27,10.73,-1.54,0.000000,0.000000,65.18
23.60,95068.89,44.84,534.39,-9.25,-0.29,-3.03,-0.015,-0.060,-0.019,-0.74,10.25,-2.89,0.000000,0.000000,65.72
23.57,95062.06,44.85,534.99,-9.25,-0.30,-2.98,-0.013,-0.061,-0.018,-0.74,9.30,-3.35,0.000000,0.000000,66.26
23.59,95065.64,44.84,534.68,-9.25,-0.30,-2.99,-0.014,-0.060,-0.018,-0.23,7.39,-2.89,0.000000,0.000000,66.80
23.56,95063.03,44.85,534.90,-9.28,-0.32,-3.01,-0.013,-0.060,-0.019,-0.23,8.82,-2.44,0.000000,0.000000,67.34
23.57,95065.44,44.85,534.69,-9.25,-0.31,-2.99,-0.014,-0.061,-0.020,-0.23,9.78,-3.80,0.000000,0.000000,67.88
23.62,95070.31,44.86,534.27,-9.25,-0.31,-3.01,-0.013,-0.063,-0.020,-0.23,8.34,-3.35,0.000000,0.000000,68.42
23.53,95058.73,44.85,535.28,-9.26,-0.30,-2.99,-0.015,-0.062,-0.019,-0.23,9.78,-2.44,0.000000,0.000000,68.96
23.56,95062.98,44.85,534.91,-9.26,-0.30,-2.99,-0.014,-0.059,-0.017,-0.23,10.25,-2.89,0.000000,0.000000,69.50
21.46,94752.94,44.82,562.13,-9.36,-1.40,-2.85,0.474,-0.016,0.253,-1.24,9.78,-1.08,0.000000,0.000000,70.04
19.95,94519.67,44.78,582.65,-10.27,-0.36,-2.06,-0.488,0.036,-0.052,0.27,10.73,-1.08,0.000000,0.000000,70.58
20.76,94636.08,44.77,572.40,-8.91,-0.22,-1.87,-0.322,-0.114,-0.202,0.77,9.30,-0.63,0.000000,0.000000,71.12
20.90,94655.76,44.77,570.67,-9.27,-0.40,-2.05,-0.122,-0.009,0.030,0.77,9.78,-0.18,0.000000,0.000000,71.66
20.07,94529.13,44.76,581.82,-8.83,-0.36,-1.75,0.030,0.349,-0.186,-0.74,8.82,-2.44,0.000000,0.000000,72.20
18.63,94312.12,44.71,600.95,-9.82,0.25,-1.31,-0.092,-0.243,0.138,0.77,9.78,-0.18,0.000000,0.000000,72.74
18.98,94362.20,44.68,596.53,-9.59,0.19,-1.65,-0.042,-0.024,-0.051,0.27,9.78,-0.18,0.000000,0.000000,73.28
19.05,94365.89,44.66,596.21,-9.17,-0.22,-3.25,-0.253,0.822,-0.304,0.77,9.30,-1.99,0.000000,0.000000,73.82
19.47,94434.38,44.66,590.17,-0.87,0.41,-9.83,-1.073,2.456,-0.672,1.27,1.67,-10.14,0.000000,0.000000,74.36
18.81,94332.88,44.65,599.12,1.05,-0.24,-9.99,0.120,-0.041,0.257,0.27,0.71,-10.14,0.000000,0.000000,75.13
18.17,94236.59,44.61,607.62,0.14,-1.47,-9.93,0.040,-0.071,-0.068,-1.24,2.15,-9.69,0.000000,0.000000,75.44
18.36,94260.64,44.61,605.49,0.01,-1.73,-9.73,0.032,-0.114,-0.013,-0.74,1.67,-9.23,0.000000,0.000000,75.98
17.91,94194.56,44.59,611.33,-0.45,-1.89,-10.04,0.199,-0.134,0.013,-1.74,2.15,-10.14,0.000000,0.000000,76.52
18.07,94214.77,44.57,609.54,0.03,-1.89,-9.28,-0.071,-0.200,0.255,-1.24,2.15,-9.23,0.000000,0.000000,77.06
24.87,95222.02,44.68,520.97,-1.66,-2.18,-10.27,0.082,-0.326,0.379,-1.74,4.53,-8.78,0.000000,0.000000,77.60
26.92,95548.20,44.79,492.46,-0.40,-2.23,-10.76,-1.002,0.091,0.115,-1.74,3.58,-10.14,0.000000,0.000000,78.14
28.16,95741.31,44.86,475.61,-0.56,0.18,-10.33,0.039,-0.354,0.513,1.27,3.58,-10.59,0.000000,0.000000,78.68
28.99,95870.70,44.95,464.34,0.49,0.64,-9.93,-0.282,0.043,0.736,1.27,3.10,-10.59,0.000000,0.000000,79.22
23.87,95106.53,44.89,531.09,1.31,1.21,-9.84,0.045,0.177,-0.138,1.78,1.67,-10.14,0.000000,0.000000,79.76
24.27,95158.19,44.90,526.57,1.57,0.86,-9.71,-0.032,-0.303,0.107,0.77,1.19,-12.85,0.000000,0.000000,80.30
23.48,95044.58,44.89,536.52,1.06,1.10,-9.83,0.153,0.564,-1.280,1.27,1.19,-11.50,0.000000,0.000000,80.84
23.40,95030.50,44.89,537.76,2.26,0.64,-9.43,0.001,1.258,-0.056,1.78,-0.24,-11.04,0.000000,0.000000,81.38
26.15,95436.14,44.94,502.25,9.63,1.67,-3.59,0.027,1.183,-0.069,2.28,-7.87,-7.42,0.000000,0.000000,81.92
21.60,94767.09,44.88,560.88,9.62,0.77,1.83,-0.257,0.625,-0.251,0.77,-9.30,-1.08,0.000000,0.000000,82.46
21.96,94806.88,44.87,557.39,9.98,1.07,0.89,0.002,-0.782,-0.524,1.27,-9.78,-2.89,0.000000,0.000000,83.00
19.83,94480.84,44.79,585.73,5.28,7.53,-7.30,0.959,-0.809,-0.419,7.81,-4.05,-7.87,0.000000,0.000000,83.54
22.23,94827.95,44.83,555.53,1.44,5.07,-3.94,-1.012,0.080,-0.525,5.30,0.24,-4.71,0.000000,0.000000,84.08
28.23,95728.35,44.94,476.74,0.85,10.09,-2.13,0.344,-0.021,0.407,10.82,1.19,-2.44,0.000000,0.000000,84.62
28.54,95786.78,44.99,471.65,0.83,9.76,-2.04,0.204,-0.065,0.063,9.82,1.67,-3.35,0.000000,0.000000,85.16
28.38,95765.57,45.03,473.50,0.76,9.57,-1.45,0.071,-0.070,0.023,9.32,0.71,-1.99,0.000000,0.000000,85.70
28.31,95756.19,45.06,474.31,0.74,9.68,-1.75,0.043,-0.113,-0.009,10.82,1.19,-1.99,0.000000,0.000000,86.24
28.29,95748.64,45.08,474.97,0.56,9.73,-1.85,0.057,-0.106,-0.007,11.33,1.19,-2.44,0.000000,0.000000,86.78
28.28,95753.28,45.13,474.67,0.41,9.61,-1.56,-0.014,-0.032,-0.001,10.82,1.67,-1.99,0.000000,0.000000,87.32
27.59,95654.52,45.10,483.18,1.18,10.47,-1.25,-1.090,-0.078,-0.366,11.33,0.24,-3.80,0.000000,0.000000,87.86
22.91,94952.29,45.03,544.62,-1.33,1.10,9.03,-1.201,-0.624,-0.344,1.27,1.67,8.88,0.000000,0.000000,88.40
20.76,94625.04,44.97,573.38,-1.15,1.53,9.38,0.189,-0.342,-0.212,1.78,0.71,8.88,0.000000,0.000000,88.94
24.75,95208.55,45.02,522.16,-0.95,1.92,9.48,-0.038,0.012,0.052,2.78,-0.24,8.42,0.000000,0.000000,89.48
25.16,95272.41,45.00,516.56,-1.11,2.13,9.43,-0.026,-0.035,-0.041,2.28,0.71,7.52,0.000000,0.000000,90.02
24.98,95244.13,45.00,519.04,-1.12,1.93,9.48,0.016,-0.059,-0.054,2.28,-0.72,7.52,0.000000,0.000000,90.56
25.33,95297.89,45.00,514.34,-1.10,1.80,9.51,0.020,-0.114,-0.300,1.78,0.71,7.97,0.000000,0.000000,91.10
25.15,95269.86,45.01,516.79,-1.15,2.03,9.49,0.018,-0.069,-0.036,1.78,-0.24,7.52,0.000000,0.000000,91.64
25.44,95315.00,45.01,512.84,-1.11,1.79,9.47,0.041,-0.056,-0.035,1.27,0.71,8.42,0.000000,0.000000,92.18
25.20,95277.31,45.00,516.14,-1.21,2.17,9.48,-0.014,-0.102,-0.231,2.28,0.71,7.52,0.000000,0.000000,92.72
25.21,95280.75,44.99,515.83,-1.60,1.47,9.50,-0.018,-0.201,-0.904,1.78,1.67,8.42,0.000000,0.000000,93.26
25.17,95271.75,44.99,516.62,-1.47,1.13,9.63,0.022,-0.107,0.156,0.77,1.67,8.42,0.000000,0.000000,93.80
25.23,95282.64,45.00,515.67,-0.99,1.63,9.60,-0.058,0.068,0.313,2.28,1.19,8.88,0.000000,0.000000,94.34
25.48,95315.17,44.99,512.82,-1.78,1.29,9.49,0.064,-0.036,0.077,2.28,1.67,8.88,0.000000,0.000000,94.88
25.27,95288.02,44.98,515.20,-1.52,1.60,9.50,-0.010,-0.061,0.201,2.28,1.67,8.88,0.000000,0.000000,95.42
25.46,95311.52,45.00,513.14,-1.69,1.60,9.46,-0.092,-0.021,0.215,2.78,1.67,7.97,0.000000,0.000000,95.96
25.18,95268.67,44.98,516.89,-1.61,1.76,9.46,-0.109,0.039,0.333,2.28,2.15,8.42,0.000000,0.000000,96.50
25.07,95267.88,44.97,516.96,-1.44,1.73,9.54,0.008,0.083,0.217,2.28,0.24,8.88,0.000000,0.000000,97.04
21.25,94681.50,44.90,568.41,-1.32,1.83,9.57,0.020,-0.240,0.037,2.28,1.19,7.97,0.000000,0.000000,97.58
21.35,94691.61,44.87,567.52,2.92,1.14,9.17,0.202,-0.658,0.043,1.78,-3.10,6.61,0.000000,0.000000,98.12
21.45,94707.20,44.85,566.15,3.35,1.25,9.11,-0.017,-0.073,-0.048,1.27,-4.53,7.52,0.000000,0.000000,98.66
21.47,94705.63,44.83,566.29,3.39,1.51,9.05,0.015,-0.080,-0.057,1.78,-5.01,7.07,0.000000,0.000000,99.20
21.46,94707.43,44.83,566.13,3.44,1.61,9.02,-0.012,-0.071,-0.032,1.78,-4.53,8.42,0.000000,0.000000,99.74
21.49,94712.30,44.82,565.70,3.39,1.69,8.99,-0.029,-0.070,-0.069,0.77,-4.05,7.07,0.000000,0.000000,100.28
21.47,94706.88,44.81,566.18,3.48,1.60,9.00,-0.008,-0.058,-0.030,0.77,-3.58,6.61,0.000000,0.000000,100.82
21.48,94703.99,44.80,566.43,3.48,1.65,9.03,-0.012,-0.063,-0.053,1.78,-3.58,7.07,0.000000,0.000000,101.36
21.59,94721.63,44.81,564.88,3.53,1.55,8.99,-0.103,-0.076,-0.059,2.28,-4.05,7.97,0.000000,0.000000,101.90
21.55,94716.30,44.79,565.35,3.20,1.58,9.08,-0.036,0.045,-0.063,1.78,-3.10,7.52,0.000000,0.000000,102.44
21.51,94708.02,44.79,566.08,2.35,1.71,9.35,-0.011,0.073,-0.102,1.78,-3.10,7.07,0.000000,0.000000,102.98
21.35,94683.80,44.77,568.21,1.18,1.99,9.46,0.002,0.143,-0.037,3.29,-0.72,7.97,0.000000,0.000000,103.52
21.43,94696.50,44.77,567.09,3.07,1.37,9.12,-0.101,-0.681,-0.038,1.78,-3.10,8.88,0.000000,0.000000,104.06
21.78,94748.66,44.77,562.50,4.44,1.31,8.75,-0.164,-0.481,0.023,1.78,-4.05,7.07,0.000000,0.000000,104.60
22.27,94821.98,44.77,556.06,7.62,0.31,6.11,-0.050,-1.004,-0.154,0.77,-6.92,2.54,0.000000,0.000000,105.14
22.17,94807.11,44.78,557.37,8.87,-0.13,3.79,0.326,-0.432,-0.098,0.77,-8.35,-0.18,0.000000,0.000000,105.69
22.05,94788.27,44.78,559.02,9.15,-0.19,3.64,-0.054,-0.075,-0.041,1.27,-8.82,0.28,0.000000,0.000000,106.23
22.15,94802.07,44.77,557.81,9.19,-0.09,3.55,0.019,-0.034,0.015,-0.23,-10.73,-0.63,0.000000,0.000000,106.77
22.14,94798.91,44.76,558.09,9.08,0.10,3.55,0.045,-0.085,-0.023,0.77,-9.78,0.28,0.000000,0.000000,107.30
22.20,94806.98,44.74,557.38,8.06,-0.53,6.70,-0.201,1.325,-0.088,0.27,-8.82,4.35,0.000000,0.000000,107.85
22.49,94852.05,44.73,553.42,3.70,0.54,9.05,0.098,0.856,0.052,0.27,-3.58,6.61,0.000000,0.000000,108.38
22.44,94845.76,44.74,553.97,5.91,1.03,7.55,-0.150,-0.453,-0.008,0.27,-5.96,5.26,0.000000,0.000000,108.93
22.18,94807.22,44.74,557.36,4.37,0.47,8.93,0.078,0.541,-0.001,-0.23,-4.53,7.52,0.000000,0.000000,109.47
22.25,94815.94,44.73,556.59,5.47,-0.14,8.17,-0.203,-0.168,-0.041,0.27,-5.48,7.07,0.000000,0.000000,110.01
22.43,94843.19,44.73,554.20,8.00,-0.03,5.86,-0.230,-0.599,-0.293,0.77,-7.87,2.99,0.000000,0.000000,110.55
22.46,94844.69,44.71,554.06,5.73,0.11,8.73,0.491,0.958,0.081,0.77,-6.44,7.07,0.000000,0.000000,111.08
21.92,94765.14,44.69,561.05,2.66,1.80,9.52,0.235,0.955,-0.170,2.28,-3.10,7.97,0.000000,0.000000,111.62
22.10,94792.55,44.68,558.65,5.52,1.41,8.06,-0.443,-1.290,-0.328,3.29,-5.48,7.07,0.000000,0.000000,112.17
22.57,94861.10,44.70,552.62,6.87,0.26,7.38,-0.173,1.105,0.427,0.77,-6.92,5.71,0.000000,0.000000,112.71
21.94,94766.35,44.67,560.95,3.04,0.69,9.43,0.255,1.503,-0.238,0.77,-4.05,7.97,0.000000,0.000000,113.25
22.16,94797.88,44.66,558.18,6.13,1.44,8.19,-0.550,-1.283,-0.146,1.78,-6.44,5.71,0.000000,0.000000,113.79
22.36,94829.18,44.67,555.43,5.03,0.73,8.04,0.289,1.419,-0.162,0.77,-5.48,5.71,0.000000,0.000000,114.33
21.76,94738.53,44.64,563.39,0.70,-0.80,9.91,-0.298,0.163,-0.395,-1.24,-0.24,8.88,0.000000,0.000000,114.87
21.57,94705.95,44.63,566.26,1.60,-1.62,9.46,-0.202,-0.141,-0.127,-0.74,-2.62,7.97,0.000000,0.000000,115.41
21.89,94757.45,44.63,561.73,3.42,-2.56,8.72,0.288,-1.475,0.025,-2.24,-3.58,7.07,0.000000,0.000000,115.95
21.76,94738.37,44.61,563.41,1.12,-0.82,9.89,0.030,-0.410,0.170,-0.74,-1.67,9.78,0.000000,0.000000,116.49
22.24,94808.56,44.61,557.24,5.08,1.91,8.48,0.279,-0.645,0.341,3.29,-4.53,6.61,0.000000,0.000000,117.03
22.47,94841.94,44.61,554.31,7.48,0.64,6.09,0.301,-0.120,-0.130,0.77,-5.96,4.80,0.000000,0.000000,117.57
22.28,94814.27,44.59,556.74,5.49,1.17,7.99,-0.013,-0.352,-0.052,2.28,-5.48,6.16,0.000000,0.000000,118.11
22.45,94837.27,44.59,554.72,6.14,1.45,7.85,0.174,0.553,-0.135,2.28,-5.96,4.35,0.000000,0.000000,118.65
22.21,94800.27,44.58,557.97,2.94,1.75,9.11,0.022,0.901,-0.052,2.28,-3.10,7.07,0.000000,0.000000,119.19
21.99,94770.05,44.57,560.62,0.83,1.44,9.25,-0.203,-1.513,0.578,0.77,-0.72,7.97,0.000000,0.000000,119.73
22.03,94774.41,44.57,560.24,3.01,2.51,9.09,0.205,1.701,-0.540,2.78,-4.05,8.42,0.000000,0.000000,120.27
21.99,94767.09,44.55,560.88,0.95,2.65,8.98,0.119,0.592,-0.353,3.29,-2.62,7.52,0.000000,0.000000,120.81
21.93,94759.86,44.55,561.52,1.23,3.77,9.18,-0.852,0.009,-0.764,5.30,-2.15,7.97,0.000000,0.000000,121.35
22.90,94902.56,44.57,548.98,6.98,-0.57,7.19,0.108,-0.065,0.182,-0.23,-7.87,5.71,0.000000,0.000000,121.89
22.00,94770.81,44.55,560.56,2.11,0.82,9.38,0.152,0.329,0.164,1.27,-2.62,7.52,0.000000,0.000000,122.44
22.01,94771.51,44.55,560.49,1.91,-0.90,10.05,0.730,-0.277,0.013,-0.23,-2.15,8.42,0.000000,0.000000,122.98
21.46,94686.83,44.54,567.94,-0.12,4.46,6.70,1.009,0.373,0.223,3.79,0.71,2.54,0.000000,0.000000,123.52
21.88,94757.84,44.53,561.70,1.04,11.32,0.53,2.420,0.010,0.268,12.33,0.71,-2.44,0.000000,0.000000,124.06
22.30,94816.92,44.54,556.50,0.43,8.62,-4.73,0.230,0.096,-0.026,9.82,1.67,-6.97,0.000000,0.000000,124.60
21.51,94703.14,44.52,566.50,1.18,11.03,-3.61,-1.861,-0.116,-0.245,11.83,-2.15,-7.87,0.000000,0.000000,125.15
23.19,94941.28,44.55,545.58,-0.63,7.69,5.05,-0.323,-0.159,-0.124,8.31,0.71,2.99,0.000000,0.000000,125.68
22.40,94839.26,44.56,554.54,-0.56,7.85,5.69,-0.091,-0.054,-0.008,7.81,0.71,4.80,0.000000,0.000000,126.22
23.21,94956.95,44.57,544.21,-0.46,7.51,5.98,-0.064,-0.081,-0.043,7.81,0.24,5.26,0.000000,0.000000,126.76
24.99,95226.09,44.64,520.62,-0.40,7.55,6.14,-0.091,-0.001,0.014,7.81,0.24,4.80,0.000000,0.000000,127.30
23.32,94977.95,44.65,542.37,-0.44,6.64,6.14,0.221,0.067,0.141,6.80,0.71,5.26,0.000000,0.000000,127.84
22.48,94844.17,44.54,554.11,0.18,8.42,-1.63,2.510,0.148,0.186,9.32,0.24,-2.44,0.000000,0.000000,128.38
21.45,94691.52,44.58,567.53,0.12,3.31,-11.43,2.428,0.024,0.916,3.79,3.10,-11.95,0.000000,0.000000,128.92
24.30,95114.06,44.65,530.43,1.83,-2.50,-9.48,-0.089,0.341,0.667,-2.24,0.71,-10.59,0.000000,0.000000,129.47
27.57,95610.95,44.72,486.98,1.84,-2.86,-9.40,-0.057,-0.117,-0.060,-1.74,1.19,-10.59,0.000000,0.000000,130.01
27.39,95587.83,44.75,489.00,1.76,-2.92,-9.25,-0.027,-0.050,0.013,-2.24,0.71,-9.23,0.000000,0.000000,130.54
27.71,95637.48,44.79,484.67,1.81,-3.09,-9.25,0.023,-0.059,0.000,-2.75,0.71,-8.78,0.000000,0.000000,131.08
27.40,95592.72,44.80,488.57,1.91,-3.30,-9.25,-0.100,-0.247,-0.092,-3.25,1.67,-10.14,0.000000,0.000000,131.63
27.04,95536.13,44.81,493.51,1.45,-2.60,-9.82,-0.277,-0.210,-0.068,-1.24,1.19,-11.95,0.000000,0.000000,132.17
25.33,95278.17,44.77,516.06,2.00,-1.79,-10.23,-0.720,0.609,0.143,-1.74,0.24,-11.50,0.000000,0.000000,132.71
20.95,94626.11,44.71,573.28,3.25,-0.77,-9.20,-0.079,-0.075,0.145,-0.74,-1.19,-12.40,0.000000,0.000000,133.25
21.21,94659.81,44.68,570.32,2.82,-0.39,-9.53,-0.001,-0.048,0.126,-0.23,0.24,-12.85,0.000000,0.000000,133.79
21.85,94747.63,44.66,562.59,2.75,-0.39,-8.85,-0.031,-0.207,-0.472,-0.23,-0.24,-11.04,0.000000,0.000000,134.33
27.19,95544.88,44.75,492.75,1.92,-0.38,-9.73,0.070,-0.153,-0.182,-0.23,-0.72,-10.59,0.000000,0.000000,134.87
28.12,95691.75,44.80,479.93,1.60,-0.64,-9.69,0.027,-0.134,0.035,-0.74,-0.24,-11.50,0.000000,0.000000,135.41
28.16,95700.39,44.84,479.18,1.58,-0.65,-9.68,-0.007,-0.063,-0.027,-0.74,0.71,-11.95,0.000000,0.000000,135.95
28.31,95725.38,44.87,477.00,1.67,-0.94,-9.74,-0.015,-0.044,0.023,-1.74,-0.24,-11.04,0.000000,0.000000,136.49
28.55,95760.60,44.89,473.93,1.47,-0.89,-9.67,-0.047,-0.058,-0.034,-0.74,0.71,-11.04,0.000000,0.000000,137.03
28.29,95722.34,44.91,477.26,1.42,-0.50,-9.87,-0.191,-0.168,-0.126,-0.23,-0.24,-10.59,0.000000,0.000000,137.57
26.53,95465.91,44.88,499.64,1.56,-0.20,-9.58,-0.303,0.000,-0.100,-0.23,1.19,-10.59,0.000000,0.000000,138.11
24.96,95226.98,44.85,520.54,0.96,0.21,-9.68,0.018,-0.301,-0.532,0.77,0.71,-11.95,0.000000,0.000000,138.64
24.98,95218.52,44.85,521.28,1.85,0.08,-9.77,0.197,-0.055,-0.105,-0.23,-0.24,-11.50,0.000000,0.000000,139.19
26.25,95411.03,44.85,504.44,1.29,-0.90,-9.85,0.014,-0.088,-0.018,-0.74,0.71,-10.59,0.000000,0.000000,139.73
26.16,95395.10,44.87,505.83,1.46,-1.03,-9.86,-0.045,-0.158,0.065,-0.74,1.19,-11.50,0.000000,0.000000,140.27
26.63,95465.70,44.86,499.66,1.58,-0.19,-9.59,-0.238,-0.350,0.096,-0.23,1.19,-11.04,0.000000,0.000000,140.81
26.69,95476.80,44.88,498.69,1.33,-0.59,-9.72,0.001,0.033,0.015,-0.23,0.71,-10.14,0.000000,0.000000,141.34
26.79,95493.15,44.87,497.26,1.07,-0.57,-9.74,-0.028,-0.073,-0.018,-0.23,1.19,-10.59,0.000000,0.000000,141.89
26.99,95523.53,44.89,494.61,1.32,-0.53,-9.86,-0.066,-0.042,-0.008,0.77,1.19,-10.14,0.000000,0.000000,142.43
27.03,95530.77,44.90,493.98,1.13,-0.62,-9.73,0.032,-0.076,-0.004,0.27,2.15,-11.04,0.000000,0.000000,142.97
26.71,95480.50,44.90,498.37,1.11,-0.65,-9.76,-0.036,-0.040,-0.094,-0.23,2.15,-10.14,0.000000,0.000000,143.51
26.90,95507.57,44.92,496.01,1.10,-0.63,-9.86,0.055,-0.051,-0.003,0.77,2.62,-10.14,0.000000,0.000000,144.05
27.00,95524.35,44.91,494.54,1.28,-0.66,-9.77,-0.042,-0.048,0.027,-0.74,1.67,-13.76,0.000000,0.000000,144.59
27.24,95559.72,44.92,491.45,1.28,-0.79,-9.76,0.013,-0.072,-0.007,-1.24,1.67,-11.95,0.000000,0.000000,145.13
27.31,95567.91,44.93,490.74,1.10,0.00,-9.91,-0.164,-0.178,-0.103,0.27,2.15,-13.31,0.000000,0.000000,145.67
26.25,95413.31,44.91,504.24,1.38,-0.06,-9.87,-0.202,-0.207,-0.051,-0.23,1.19,-11.50,0.000000,0.000000,146.21
26.04,95380.64,44.90,507.10,1.31,-0.38,-9.91,-0.130,-0.130,0.098,0.27,0.24,-12.40,0.000000,0.000000,146.75
25.89,95357.58,44.90,509.13,1.37,-0.50,-9.80,0.050,-0.020,0.007,-0.74,-0.24,-12.40,0.000000,0.000000,147.29
25.28,95269.72,44.88,516.80,1.40,-0.03,-10.17,0.036,-0.016,-0.005,0.27,0.24,-11.50,0.000000,0.000000,147.83
24.45,95140.66,44.88,528.10,0.66,0.32,-9.86,0.181,-0.094,0.016,0.27,1.19,-11.50,0.000000,0.000000,148.37
26.88,95501.88,44.92,496.50,0.27,0.47,-9.65,-0.223,0.050,-0.115,0.77,2.15,-10.59,0.000000,0.000000,148.91
25.85,95349.16,44.90,509.85,-0.30,0.65,-10.11,0.069,-0.412,0.196,1.27,2.15,-10.14,0.000000,0.000000,149.45
26.57,95452.12,44.91,500.85,-0.23,0.74,-8.74,-0.153,-0.034,0.245,1.27,2.15,-9.69,0.000000,0.000000,149.99
28.52,95746.05,44.94,475.20,0.41,1.15,-10.42,-0.103,0.091,0.133,0.27,2.15,-11.04,0.000000,0.000000,150.53
29.90,95958.20,45.00,456.72,0.29,1.21,-9.80,0.166,-0.073,0.097,1.78,2.62,-8.78,0.000000,0.000000,151.07
29.64,95921.58,45.04,459.91,0.38,1.14,-10.08,0.052,0.017,0.076,2.28,2.62,-11.04,0.000000,0.000000,151.61
29.15,95852.62,45.04,465.91,0.81,0.79,-10.04,-0.316,-0.049,0.228,1.78,1.67,-10.59,0.000000,0.000000,152.15
29.36,95880.27,45.07,463.50,0.84,0.88,-9.78,-0.023,-0.040,0.047,1.78,2.15,-9.69,0.000000,0.000000,152.69
29.59,95916.63,45.10,460.34,0.77,1.08,-9.92,-0.044,-0.056,-0.098,2.28,2.15,-10.14,0.000000,0.000000,153.23
29.76,95940.48,45.11,458.26,0.56,1.59,-9.87,-0.052,-0.121,-0.106,1.78,2.62,-13.76,0.000000,0.000000,153.77
29.83,95954.19,45.12,457.07,0.10,1.00,-9.46,0.080,-0.152,-0.050,0.77,3.10,-11.50,0.000000,0.000000,154.31
29.63,95924.34,45.13,459.67,0.36,0.34,-9.86,0.011,-0.030,0.007,1.27,2.15,-11.04,0.000000,0.000000,154.85
29.55,95912.81,45.14,460.67,0.42,0.19,-9.91,0.033,-0.076,-0.011,0.27,2.62,-10.59,0.000000,0.000000,155.39
29.47,95895.73,45.15,462.16,0.58,0.03,-9.94,0.070,-0.030,0.104,-0.23,2.15,-10.59,0.000000,0.000000,155.93
29.10,95842.94,45.15,466.76,0.48,-0.05,-9.58,-0.364,-0.004,0.217,0.77,2.15,-11.50,0.000000,0.000000,156.47
28.64,95772.42,45.15,472.90,0.34,0.59,-9.67,-0.122,0.042,-0.569,0.77,2.15,-11.50,0.000000,0.000000,157.01
27.95,95672.48,45.13,481.61,0.89,-0.41,-9.01,-0.091,0.084,-0.320,-0.74,0.71,-10.59,0.000000,0.000000,157.55
28.02,95677.28,45.14,481.19,0.56,-0.08,-9.52,-0.052,-0.087,0.810,-0.74,2.15,-11.95,0.000000,0.000000,158.09
27.62,95617.55,45.13,486.40,1.52,-1.14,-10.01,0.421,-0.262,0.092,-1.24,1.19,-11.04,0.000000,0.000000,158.63
25.55,95314.22,45.09,512.91,1.91,1.40,-9.26,0.020,-0.138,0.130,1.78,1.19,-10.59,0.000000,0.000000,159.17
23.80,95043.48,45.03,536.62,2.01,0.98,-9.81,-0.118,-0.107,0.076,1.27,-0.24,-10.14,0.000000,0.000000,159.71
27.69,95619.98,45.10,486.19,2.09,0.54,-9.26,-0.185,-0.301,0.106,1.27,0.24,-10.14,0.000000,0.000000,160.25
27.86,95650.59,45.10,483.52,1.63,-0.18,-10.12,-0.371,-0.522,0.260,0.27,0.24,-11.04,0.000000,0.000000,160.79
25.22,95261.15,45.06,517.55,1.65,0.12,-9.91,0.084,-0.337,0.126,1.78,0.71,-10.59,0.000000,0.000000,161.33
23.81,95046.42,45.03,536.36,1.24,-0.05,-9.57,-0.063,-0.036,-0.265,1.27,2.15,-10.14,0.000000,0.000000,161.87
23.21,94954.45,44.99,544.43,0.92,0.01,-9.66,-0.171,-0.061,0.127,0.77,2.62,-9.23,0.000000,0.000000,162.41
23.50,94994.83,44.99,540.89,1.25,-0.02,-9.85,0.163,-0.047,-0.040,1.27,2.15,-10.14,0.000000,0.000000,162.95
24.07,95077.92,44.99,533.60,0.95,0.09,-9.89,-0.035,-0.104,-0.060,0.77,1.67,-12.85,0.000000,0.000000,163.49
23.87,95047.17,44.98,536.29,0.26,-0.11,-9.55,-0.273,-0.002,0.318,0.27,3.10,-11.95,0.000000,0.000000,164.03
23.44,94984.66,44.97,541.78,0.98,0.21,-10.38,0.013,0.095,0.285,-0.23,1.67,-13.76,0.000000,0.000000,164.57
23.56,95000.45,44.96,540.39,1.26,0.27,-10.06,0.325,-0.010,-0.673,0.77,1.67,-12.40,0.000000,0.000000,165.11
26.60,95445.49,45.01,501.43,0.85,0.23,-10.10,-0.293,-0.259,-0.319,0.77,1.67,-11.50,0.000000,0.000000,165.65
24.73,95176.78,45.00,524.94,0.84,0.07,-9.81,0.184,-0.077,-0.088,-0.23,-0.72,-11.50,0.000000,0.000000,166.19
24.56,95150.78,44.99,527.21,0.56,0.14,-9.85,-0.001,-0.131,-0.218,0.27,1.67,-11.50,0.000000,0.000000,166.73
24.57,95151.27,45.01,527.17,0.53,0.14,-9.77,-0.116,-0.032,0.084,0.27,1.19,-11.50,0.000000,0.000000,167.27
24.62,95156.00,45.00,526.76,1.02,0.22,-9.84,0.351,-0.081,-0.088,-0.23,1.19,-10.59,0.000000,0.000000,167.81
24.99,95211.38,45.00,521.91,1.00,0.06,-10.25,0.093,-0.118,-0.256,0.77,0.71,-10.59,0.000000,0.000000,168.35
25.20,95240.23,45.02,519.38,1.26,-0.26,-10.30,-0.143,-0.084,0.170,-0.23,1.19,-11.50,0.000000,0.000000,168.90
28.33,95712.05,45.07,478.16,0.41,-0.03,-9.74,-0.083,-0.255,-0.307,0.77,2.15,-10.59,0.000000,0.000000,169.43
28.54,95746.86,45.12,475.13,0.73,0.73,-9.80,0.050,-0.063,-0.222,1.27,1.19,-10.59,0.000000,0.000000,169.97
28.63,95759.95,45.12,473.99,0.68,-0.08,-9.69,-0.146,0.054,-0.209,0.27,2.15,-10.14,0.000000,0.000000,170.51
28.52,95744.86,45.15,475.30,0.44,0.24,-10.13,-0.264,-0.006,0.075,0.77,1.67,-11.95,0.000000,0.000000,171.05
27.98,95662.02,45.16,482.52,0.58,-0.68,-10.35,-0.223,0.182,0.081,-0.74,2.15,-11.04,0.000000,0.000000,171.59
27.89,95649.27,45.16,483.64,1.26,0.37,-10.27,0.024,-0.241,-0.082,1.78,0.71,-11.04,0.000000,0.000000,172.14
27.84,95641.89,45.16,484.28,1.07,0.30,-10.15,-0.116,-0.012,0.099,1.27,1.67,-11.04,0.000000,0.000000,172.67
27.71,95623.04,45.17,485.92,1.11,0.76,-10.21,0.117,-0.156,-0.076,1.27,1.19,-11.04,0.000000,0.000000,173.21
27.30,95563.58,45.16,491.11,0.96,0.62,-9.89,-0.175,-0.096,0.017,1.27,2.15,-10.59,0.000000,0.000000,173.75
27.83,95640.78,45.17,484.38,0.98,0.62,-10.10,0.084,-0.102,0.048,0.77,2.15,-11.95,0.000000,0.000000,174.29
27.75,95629.56,45.18,485.36,1.42,0.31,-10.37,0.346,0.051,-0.018,0.77,1.19,-12.85,0.000000,0.000000,174.83
27.65,95615.47,45.18,486.59,1.15,0.20,-10.37,0.152,0.048,0.045,-0.23,1.67,-13.76,0.000000,0.000000,175.38
27.95,95662.72,45.17,482.46,0.96,0.39,-9.79,-0.030,-0.088,-0.011,0.77,1.19,-12.40,0.000000,0.000000,175.92
28.46,95737.81,45.20,475.92,0.24,0.90,-9.58,-0.558,-0.048,0.190,1.27,1.19,-11.95,0.000000,0.000000,176.46
24.32,95121.98,45.14,529.74,0.83,0.65,-10.18,-0.025,-0.201,0.439,0.77,1.19,-12.40,0.000000,0.000000,177.01
23.69,95021.64,45.12,538.53,-0.26,1.27,-9.36,-0.181,-0.099,0.481,1.78,3.58,-11.50,0.000000,0.000000,177.55
23.63,95008.42,45.08,539.69,-0.59,0.49,-9.64,0.004,-0.290,0.054,0.27,4.05,-10.59,0.000000,0.000000,178.09
25.28,95248.78,45.10,518.63,-6.60,3.38,-7.05,0.014,-1.391,0.112,3.79,6.91,-6.97,0.000000,0.000000,178.63
22.68,94868.06,45.04,552.01,-9.07,1.64,-5.37,-1.307,-0.359,-0.883,1.78,8.82,-5.61,0.000000,0.000000,179.17
23.56,94993.53,45.04,541.00,-9.03,0.82,-2.59,0.743,-0.004,0.927,0.27,8.34,-1.54,0.000000,0.000000,179.71
24.22,95084.84,45.02,532.99,-8.48,3.76,-1.79,0.988,-0.753,0.117,3.79,8.82,-1.54,0.000000,0.000000,180.25
24.06,95060.94,45.01,535.09,-7.68,3.06,-1.67,0.257,0.381,-0.126,3.29,7.39,-2.89,0.000000,0.000000,180.79
26.52,95425.05,45.05,503.22,-8.60,1.21,-1.82,-1.303,0.195,-1.014,1.27,8.34,-1.08,0.000000,0.000000,181.34
27.52,95582.47,45.08,489.47,-8.19,1.46,-1.75,0.127,0.473,0.570,1.78,8.34,-1.54,0.000000,0.000000,181.87
26.57,95439.11,45.09,501.99,-8.65,1.48,-2.72,0.589,-0.047,-0.120,1.78,9.78,-2.44,0.000000,0.000000,182.42
24.93,95195.00,45.07,523.34,-9.48,1.66,-3.10,0.323,-0.489,0.278,1.78,10.73,-2.44,0.000000,0.000000,182.96
23.56,94989.73,45.03,541.33,-10.30,1.39,-4.05,0.384,-0.336,0.137,1.27,10.73,-2.44,0.000000,0.000000,183.50
22.49,94824.10,44.99,555.87,-9.45,-0.64,-2.31,0.278,-0.084,0.300,0.77,9.78,-0.18,0.000000,0.000000,184.04
22.37,94805.05,44.98,557.55,-9.88,-1.12,-2.37,0.737,-0.464,0.472,-1.74,10.73,-0.63,0.000000,0.000000,184.58
21.84,94723.55,44.95,564.71,-9.32,2.18,-1.37,-0.663,-0.557,0.137,3.29,10.25,-1.08,0.000000,0.000000,185.12
23.17,94920.44,44.97,547.41,-9.43,0.56,0.34,-0.020,0.751,-1.226,0.77,10.25,0.28,0.000000,0.000000,185.66
23.18,94918.52,44.93,547.58,-8.77,-2.13,-1.26,-0.366,-0.047,-0.179,-2.75,9.30,-2.44,0.000000,0.000000,186.20
23.71,95000.23,44.95,540.41,-9.34,-2.22,-0.30,-0.203,-0.105,-0.064,-2.24,10.25,-0.63,0.000000,0.000000,186.74
21.98,94742.69,44.93,563.03,-8.65,-3.17,-1.80,-0.138,0.370,-0.483,-3.25,9.30,-2.89,0.000000,0.000000,187.28
22.20,94773.91,44.92,560.28,-8.45,-2.23,-2.49,0.476,0.553,0.814,-2.75,8.82,-2.89,0.000000,0.000000,187.82
22.28,94783.70,44.91,559.42,-7.88,-1.32,-5.22,0.010,2.131,0.660,-1.24,7.39,-5.16,0.000000,0.000000,188.36
22.37,94800.53,44.90,557.94,0.82,0.79,-9.51,0.728,0.648,-1.288,1.27,0.24,-11.04,0.000000,0.000000,188.90
22.62,94835.19,44.89,554.90,3.60,2.11,-8.95,0.068,0.587,-0.200,2.78,-2.15,-9.69,0.000000,0.000000,189.44
22.03,94748.78,44.90,562.49,5.32,-3.24,-8.22,0.745,-0.194,-0.176,-4.25,-3.58,-9.69,0.000000,0.000000,189.98
21.56,94675.77,44.87,568.91,5.94,-7.51,-2.53,1.014,0.687,-0.126,-6.26,-5.48,-2.89,0.000000,0.000000,190.52
22.20,94770.88,44.89,560.55,6.09,-7.77,-0.19,0.225,0.343,-0.204,-7.77,-5.01,-0.18,0.000000,0.000000,191.06
22.88,94913.47,44.89,551.15,6.65,-7.05,-0.37,0.019,-0.294,-0.017,-6.26,-5.96,-1.99,0.000000,0.000000,191.60
24.17,95072.72,44.94,534.06,6.17,-8.75,-2.98,-0.285,-0.979,0.011,-8.27,-5.48,-4.25,0.000000,0.000000,192.14
22.98,94894.91,44.94,549.65,6.37,-6.42,-4.46,0.596,-0.419,-0.306,-5.76,-4.05,-5.16,0.000000,0.000000,192.68
22.85,94872.81,44.88,551.51,4.92,-3.34,-6.36,0.108,-0.063,-0.374,-2.75,-2.15,-8.33,0.000000,0.000000,193.22
23.09,94907.61,44.90,548.54,4.69,-5.05,-6.83,-0.898,-0.265,0.103,-4.25,-2.15,-7.42,0.000000,0.000000,193.76
23.37,94948.00,44.92,544.99,5.89,-2.93,-6.68,0.255,0.000,0.013,-2.24,-4.05,-7.87,0.000000,0.000000,194.30
23.46,94963.34,44.90,543.57,9.46,-2.11,-4.93,0.519,1.260,-0.782,-2.24,-8.35,-9.23,0.000000,0.000000,194.84
23.03,94898.60,44.90,549.33,9.26,-1.87,1.34,-2.180,-0.475,0.370,-1.24,-7.87,-4.25,0.000000,0.000000,195.38
26.79,95459.91,44.96,500.17,8.84,-4.55,1.99,0.026,0.145,0.178,-4.76,-8.35,0.73,0.000000,0.000000,195.92
23.66,95000.30,44.93,540.41,4.35,-7.69,4.67,0.462,-0.676,0.708,-7.27,-5.96,3.44,0.000000,0.000000,196.46
24.04,95050.70,44.92,535.99,5.99,-6.63,3.66,0.077,-0.331,0.111,-5.76,-7.39,2.54,0.000000,0.000000,197.00
23.91,95028.74,44.91,537.91,5.40,-6.77,3.80,0.747,-0.525,0.480,-6.26,-6.92,2.54,0.000000,0.000000,197.54
25.56,95274.67,44.92,516.37,5.29,-7.02,4.21,0.239,-0.047,0.390,-6.26,-5.48,2.99,0.000000,0.000000,198.08
25.64,95290.27,44.92,515.00,5.40,-7.63,3.66,0.180,-0.356,0.197,-7.27,-4.05,1.18,0.000000,0.000000,198.62
25.51,95270.23,44.91,516.76,5.15,-5.21,4.85,0.608,-0.013,0.384,-5.76,-5.01,2.99,0.000000,0.000000,199.16
26.03,95348.25,44.91,509.93,4.78,-6.87,4.70,-0.916,-0.022,-0.316,-7.27,-5.01,3.44,0.000000,0.000000,199.70
25.59,95284.81,44.90,515.48,5.01,-7.38,3.31,-0.138,0.103,-0.140,-7.77,-3.58,2.09,0.000000,0.000000,200.25
25.80,95313.13,44.89,513.00,3.86,-7.75,3.82,-0.082,-0.473,-0.185,-6.26,-3.58,2.54,0.000000,0.000000,200.79
25.88,95323.78,44.88,512.07,4.42,-7.85,3.54,-0.001,-0.263,0.013,-7.27,-3.10,2.54,0.000000,0.000000,201.33
25.70,95299.25,44.84,514.22,4.63,-8.35,2.86,-0.131,-0.092,-0.078,-7.27,-3.10,2.09,0.000000,0.000000,201.87
25.82,95320.22,44.83,512.38,4.79,-8.07,2.61,-0.183,-0.123,-0.185,-6.77,-4.05,1.63,0.000000,0.000000,202.41
26.08,95356.89,44.83,509.17,4.86,-8.01,2.40,-0.021,-0.127,-0.197,-7.27,-3.58,2.09,0.000000,0.000000,202.95
25.91,95344.79,44.80,511.35,4.85,-8.76,2.89,-0.048,-0.071,-0.355,-7.77,-3.58,2.09,0.000000,0.000000,203.49
27.17,95521.28,44.82,494.81,8.59,-5.53,0.32,0.646,-0.324,-0.967,-4.76,-7.87,-3.35,0.000000,0.000000,204.03
24.16,95076.84,44.77,533.69,8.11,-4.96,0.15,0.035,-0.599,-0.374,-4.25,-6.92,-3.35,0.000000,0.000000,204.57
24.04,95052.09,44.72,535.86,9.76,-1.60,2.53,-0.068,-0.880,-0.815,-0.74,-8.82,-1.54,0.000000,0.000000,205.11
23.80,95012.66,44.71,539.32,10.01,0.67,0.14,0.072,-0.120,0.083,1.27,-7.39,-3.35,0.000000,0.000000,205.65
25.57,95278.84,44.72,516.00,9.93,0.15,-0.20,-0.058,-0.132,-0.035,0.77,-9.78,-3.80,0.000000,0.000000,206.19
26.35,95389.38,44.69,506.33,9.69,-0.27,-0.32,-0.034,-0.111,0.080,-0.23,-10.25,-3.35,0.000000,0.000000,206.73
26.00,95338.27,44.69,510.80,9.87,-0.88,-0.34,-0.036,-0.152,-0.114,-1.24,-8.82,-4.25,0.000000,0.000000,207.27
25.62,95306.45,44.65,513.59,9.47,-0.55,-1.06,-0.280,-0.605,0.090,-0.74,-8.82,-4.25,0.000000,0.000000,207.81
28.31,95679.95,44.69,480.96,9.81,0.47,-2.15,0.022,-0.043,-0.004,0.27,-8.82,-5.16,0.000000,0.000000,208.35
26.28,95389.92,44.68,506.29,9.22,-0.21,-3.23,-0.084,-0.196,0.033,0.27,-8.35,-6.97,0.000000,0.000000,208.89
25.95,95333.88,44.66,511.19,9.76,-0.31,-2.70,-0.206,-0.205,-0.168,0.27,-9.30,-5.16,0.000000,0.000000,209.43
26.04,95344.74,44.64,510.24,9.67,0.17,-2.49,-0.105,0.157,0.022,0.27,-8.35,-4.25,0.000000,0.000000,209.97
25.48,95264.70,44.62,517.24,9.96,-0.68,-0.78,-0.030,0.587,-0.168,-0.23,-8.35,-2.89,0.000000,0.000000,210.51
25.26,95226.00,44.61,520.63,9.24,0.27,2.19,0.029,0.012,-0.175,0.77,-7.87,0.28,0.000000,0.000000,211.05
24.06,95052.16,44.58,535.86,9.70,1.95,1.29,-0.043,-0.090,-0.023,3.29,-7.87,-0.63,0.000000,0.000000,211.59
25.05,95196.30,44.58,523.23,9.50,2.03,1.57,0.009,-0.061,-0.077,3.29,-7.87,0.28,0.000000,0.000000,212.13
24.64,95135.67,44.56,528.54,9.53,1.93,1.38,-0.039,-0.099,-0.042,3.29,-8.35,0.28,0.000000,0.000000,212.67
24.45,95101.56,44.55,531.53,9.67,1.73,1.42,0.045,-0.072,0.071,3.29,-8.35,-0.18,0.000000,0.000000,213.21
25.39,95240.13,44.57,519.39,9.19,1.92,1.35,-0.084,-0.211,-0.065,2.28,-7.87,-0.63,0.000000,0.000000,213.75
25.55,95264.46,44.56,517.26,9.85,1.37,0.37,0.055,-0.055,-0.147,2.28,-8.82,-3.80,0.000000,0.000000,214.29
25.60,95268.88,44.54,516.87,9.67,1.38,1.06,-0.191,-0.233,-0.172,1.78,-7.87,-3.35,0.000000,0.000000,214.83
25.70,95283.01,44.54,515.64,9.67,2.16,1.82,-0.136,0.022,-0.057,2.78,-8.82,-2.89,0.000000,0.000000,215.37
24.17,95060.86,44.50,535.10,9.15,1.51,1.54,-0.560,-0.085,-0.107,1.78,-8.35,-1.99,0.000000,0.000000,215.91
22.97,94874.00,44.45,551.49,9.47,1.24,1.26,-0.795,-0.076,0.294,1.27,-7.39,-1.08,0.000000,0.000000,216.45
23.06,94883.89,44.44,550.62,9.46,0.48,1.89,-0.084,0.321,-0.293,0.77,-9.30,-0.18,0.000000,0.000000,216.99
23.68,94976.84,44.42,542.46,9.97,0.66,2.31,-0.008,0.152,-0.224,0.27,-10.25,-0.63,0.000000,0.000000,217.53
23.31,94905.28,44.40,548.74,9.58,1.37,2.23,-0.156,0.031,0.275,2.28,-10.25,-1.08,0.000000,0.000000,218.07
23.20,94901.69,44.37,549.06,9.66,1.02,2.07,0.029,-0.035,-0.098,1.27,-9.30,0.28,0.000000,0.000000,218.61
23.38,94925.51,44.37,546.97,9.34,0.61,2.31,-0.082,-0.225,-0.487,0.77,-9.30,-0.18,0.000000,0.000000,219.16
23.78,94990.78,44.38,541.68,10.18,0.24,2.02,0.178,0.468,-0.139,1.27,-9.78,-1.08,0.000000,0.000000,219.69
23.63,94961.09,44.35,543.84,9.74,0.43,2.10,0.310,-0.112,0.158,0.27,-9.30,-1.54,0.000000,0.000000,220.23
23.67,94966.53,44.34,543.37,9.84,0.39,2.69,0.077,-0.175,0.183,0.77,-9.78,-0.18,0.000000,0.000000,220.77
23.58,94944.77,44.34,544.36,9.41,0.96,2.38,0.185,-0.079,-0.395,1.27,-9.78,-0.63,0.000000,0.000000,221.31
23.41,94928.84,44.31,546.68,9.54,0.09,3.07,-0.071,-0.205,-0.004,0.27,-9.30,0.73,0.000000,0.000000,221.85
23.63,94961.56,44.30,543.80,9.69,0.87,2.70,0.063,-0.501,-0.055,1.78,-9.78,-0.63,0.000000,0.000000,222.40
23.48,94936.42,44.31,546.01,9.05,0.19,2.15,0.244,-0.162,-0.076,0.77,-9.30,-1.54,0.000000,0.000000,222.94
23.35,94920.38,44.30,547.42,8.26,0.81,2.63,0.717,0.253,0.354,1.27,-7.87,-1.54,0.000000,0.000000,223.48
23.19,94894.17,44.28,549.72,8.81,0.54,1.98,-0.409,-0.441,-0.244,0.77,-8.82,-1.54,0.000000,0.000000,224.02
23.64,94961.19,44.26,543.84,10.10,1.05,1.54,0.123,-0.033,0.053,2.28,-9.30,-2.44,0.000000,0.000000,224.56
23.71,94972.14,44.25,542.88,9.54,0.11,1.56,-0.063,-0.040,-0.133,0.27,-10.73,-1.99,0.000000,0.000000,225.10
23.85,94989.94,44.24,541.31,9.38,0.65,1.77,-0.098,-0.057,0.047,0.77,-8.82,-1.54,0.000000,0.000000,225.64
23.90,94996.57,44.22,540.73,9.59,0.26,1.84,-0.355,-0.104,-0.046,1.27,-8.82,-0.18,0.000000,0.000000,226.18
23.57,94947.50,44.20,545.04,9.59,0.06,2.07,-0.077,-0.153,-0.069,-0.23,-8.35,-0.18,0.000000,0.000000,226.72
23.52,94941.91,44.18,545.53,9.52,0.51,2.15,0.116,-0.017,-0.049,0.77,-8.82,-0.63,0.000000,0.000000,227.26
23.52,94938.88,44.17,545.80,9.73,0.52,1.98,-0.006,-0.254,-0.068,2.28,-8.82,-0.18,0.000000,0.000000,227.80
23.36,94918.02,44.16,547.63,9.64,0.53,1.78,0.029,-0.078,-0.089,1.27,-8.35,-0.18,0.000000,0.000000,228.34
23.47,94932.11,44.13,546.39,9.57,0.73,2.09,-0.057,-0.149,0.004,1.78,-7.39,-0.63,0.000000,0.000000,228.88
23.32,94914.48,44.12,548.41,9.87,0.60,1.81,0.031,-0.182,-0.012,1.78,-8.82,-0.18,0.000000,0.000000,229.43
23.42,94922.47,44.09,547.23,9.51,1.06,2.21,0.006,-0.045,0.017,1.78,-7.39,0.73,0.000000,0.000000,229.96
23.51,94936.92,44.07,545.97,9.62,0.58,2.24,0.023,-0.046,0.017,1.78,-8.35,1.18,0.000000,0.000000,230.50
23.34,94911.13,44.05,548.23,9.69,0.87,2.07,-0.154,-0.063,0.049,1.27,-7.87,-0.18,0.000000,0.000000,231.04
23.56,94941.58,44.04,545.56,9.73,0.66,2.17,-0.051,-0.118,-0.054,1.78,-8.82,-0.18,0.000000,0.000000,231.59
23.77,94974.23,44.03,542.69,9.49,0.99,1.24,0.284,-0.293,0.050,1.27,-9.30,-1.08,0.000000,0.000000,232.12
23.77,94974.95,44.02,542.63,10.00,1.18,-0.04,-0.187,-0.403,-0.449,1.27,-9.30,-4.25,0.000000,0.000000,232.67
24.04,95021.20,44.01,538.57,9.67,1.75,0.01,-0.001,-0.111,-0.105,2.28,-7.87,-3.80,0.000000,0.000000,233.20
23.71,94973.08,44.00,542.79,9.48,1.49,-0.07,0.097,0.078,-0.094,1.78,-8.35,-4.25,0.000000,0.000000,233.74
23.40,94921.78,43.98,547.29,8.57,1.54,2.74,-0.106,-0.144,-0.121,2.28,-7.87,-1.99,0.000000,0.000000,234.29
23.47,94929.63,43.96,546.61,9.38,1.77,2.25,0.029,0.299,-0.023,2.28,-8.35,-2.44,0.000000,0.000000,234.83
23.68,94956.55,43.94,544.24,8.75,2.44,2.60,0.236,0.011,0.153,1.78,-8.82,-1.08,0.000000,0.000000,235.36
24.32,95211.98,43.98,535.94,9.85,4.04,0.07,-0.081,-0.432,0.210,4.79,-10.25,-4.25,0.000000,0.000000,235.91
25.23,95202.42,43.97,522.69,9.75,1.82,1.15,-0.160,0.025,-0.032,2.28,-9.30,-3.35,0.000000,0.000000,236.45
29.81,95888.27,44.04,462.81,10.08,2.22,0.93,-0.053,-0.056,-0.032,2.78,-9.78,-2.89,0.000000,0.000000,236.99
24.84,95148.77,43.99,527.39,9.54,2.23,1.00,-0.041,-0.084,0.142,2.78,-10.25,-1.99,0.000000,0.000000,237.53
23.65,94964.52,43.94,543.54,9.05,3.71,0.05,-0.983,-1.522,-1.422,4.79,-8.82,-2.89,0.000000,0.000000,238.07
23.21,94895.13,43.92,549.64,7.02,6.79,-1.28,-0.221,-0.254,-0.153,6.80,-5.48,-3.80,0.000000,0.000000,238.61
24.91,95140.67,43.92,528.10,2.67,9.63,-1.36,-0.541,-0.650,-1.522,9.32,-2.15,-1.99,0.000000,0.000000,239.15
25.03,95161.29,43.91,526.29,0.56,9.81,2.09,-1.889,-0.398,0.461,10.32,-0.24,0.28,0.000000,0.000000,239.69
22.31,94753.70,43.84,562.06,0.61,9.45,-0.20,0.196,0.031,-0.074,9.82,-0.24,-0.63,0.000000,0.000000,240.23
21.98,94699.45,43.82,566.83,-0.03,5.58,2.46,-1.030,0.231,-0.160,6.30,0.24,2.09,0.000000,0.000000,240.76
26.29,95339.10,43.89,510.73,0.59,8.68,1.98,-0.367,0.036,-1.014,10.32,-0.24,1.18,0.000000,0.000000,241.31
23.14,94877.59,43.85,551.17,2.62,8.06,0.99,0.117,-0.398,-0.102,9.32,-1.67,0.73,0.000000,0.000000,241.85
23.54,94929.58,43.84,546.61,2.98,9.95,-0.65,-0.040,-0.277,0.118,11.33,-1.19,-1.99,0.000000,0.000000,242.39
21.98,94697.26,43.83,567.02,2.48,7.97,-1.86,2.523,0.199,0.204,8.31,-0.72,-3.35,0.000000,0.000000,242.93
26.74,95411.00,43.91,504.44,1.60,-1.31,-6.30,2.679,0.281,0.131,-1.24,0.71,-6.97,0.000000,0.000000,243.47
22.94,94845.44,43.88,554.00,0.37,6.56,-7.02,-2.496,0.220,-0.103,4.79,1.67,-6.52,0.000000,0.000000,244.01
23.11,94871.15,43.91,551.74,-0.73,-30.56,12.16,2.967,-0.245,0.220,-23.86,-0.72,5.71,0.000000,0.000000,244.55
23.09,94871.47,43.91,551.71,1.05,6.88,-4.95,-2.488,-0.633,0.107,6.80,1.19,-5.16,0.000000,0.000000,245.09
22.51,94782.55,43.88,559.52,2.82,-2.91,-10.59,-8.066,-0.271,-2.107,-3.25,0.24,-11.95,0.000000,0.000000,245.63
22.70,94804.09,43.87,557.63,2.31,-2.76,-8.53,6.999,0.007,1.717,-1.74,-0.24,-8.33,0.000000,0.000000,246.17
25.65,95242.13,43.92,519.22,3.65,-7.64,-5.15,-0.135,0.663,-1.027,-6.77,-1.19,-6.06,0.000000,0.000000,246.71
27.44,95512.41,43.99,495.58,2.67,-6.45,-6.32,0.037,-0.155,0.112,-5.26,-0.24,-6.97,0.000000,0.000000,247.25
26.72,95418.45,44.01,503.79,1.97,-6.27,-7.66,-0.235,-0.101,0.056,-6.26,0.24,-9.69,0.000000,0.000000,247.79
26.26,95343.68,44.05,510.26,1.64,-6.34,-7.49,0.242,-0.036,0.089,-6.26,0.24,-9.69,0.000000,0.000000,248.33
28.16,95628.20,44.07,485.47,1.75,-6.76,-6.68,0.040,-0.025,-0.004,-6.77,0.71,-10.14,0.000000,0.000000,248.87
28.77,95723.28,44.09,477.18,0.72,-6.80,-6.67,-0.257,-0.041,-0.287,-6.26,0.71,-9.23,0.000000,0.000000,249.41
29.14,95778.95,44.13,472.33,0.81,-6.86,-7.59,-0.159,0.060,0.030,-6.26,0.71,-10.59,0.000000,0.000000,249.95
27.39,95519.42,44.11,494.97,0.77,-7.41,-6.53,-0.453,0.021,0.029,-7.27,0.71,-9.23,0.000000,0.000000,250.49
27.84,95583.92,44.13,489.34,1.19,-7.45,-6.78,-0.083,0.086,-0.065,-6.77,1.67,-10.14,0.000000,0.000000,251.03
27.73,95564.84,44.13,491.00,0.91,-7.09,-6.83,-0.174,-0.153,-0.072,-6.77,0.24,-8.78,0.000000,0.000000,251.57
27.44,95524.11,44.11,494.41,1.51,-6.82,-7.48,-0.342,0.059,-0.209,-6.77,0.24,-10.14,0.000000,0.000000,252.11
27.55,95540.31,44.12,493.15,1.99,-4.30,-9.11,-1.584,-0.714,-0.298,-4.25,-1.19,-11.50,0.000000,0.000000,252.66
27.76,95569.91,44.12,490.56,1.56,0.26,-9.67,0.028,0.541,-0.139,0.77,1.19,-12.85,0.000000,0.000000,253.19
27.05,95465.61,44.13,499.67,0.73,-2.23,-10.03,-0.541,-0.665,-0.103,-2.24,1.67,-11.95,0.000000,0.000000,253.74
28.90,95738.81,44.15,475.83,4.93,1.12,-8.56,-2.157,2.252,0.104,1.27,-3.58,-10.59,0.000000,0.000000,254.27
27.15,95479.53,44.14,498.45,7.68,3.46,-5.30,-0.105,-0.154,-0.713,4.29,-7.39,-7.87,0.000000,0.000000,254.81
27.98,95600.56,44.16,487.89,6.10,4.19,-4.76,-0.393,0.463,-0.344,4.79,-5.48,-6.52,0.000000,0.000000,255.35
28.10,95620.74,44.19,486.13,3.97,4.29,-8.54,1.099,-1.742,0.007,4.79,-3.10,-11.04,0.000000,0.000000,255.89
28.73,95711.39,44.20,478.22,-0.27,1.85,-10.05,0.331,-0.191,-0.144,0.77,2.15,-10.59,0.000000,0.000000,256.43
28.50,95676.23,44.21,481.28,0.17,1.96,-9.59,-0.009,-0.084,0.280,1.27,1.19,-11.04,0.000000,0.000000,256.97
28.55,95690.11,44.23,480.07,0.12,1.97,-9.80,-0.171,0.013,-0.066,1.78,2.15,-10.14,0.000000,0.000000,257.51
28.51,95686.70,44.24,480.37,-1.18,5.70,-7.75,-1.660,-0.321,-0.317,5.80,4.05,-8.33,0.000000,0.000000,258.05
28.44,95675.56,44.25,481.34,-1.85,8.08,-5.81,-1.456,0.101,0.153,9.32,4.05,-6.06,0.000000,0.000000,258.59
23.82,94975.56,44.17,542.58,-1.16,8.55,-3.13,0.360,0.406,-0.532,9.32,2.62,-3.80,0.000000,0.000000,259.13
26.60,95379.24,44.20,507.22,-0.51,10.17,-0.90,-0.241,-0.234,-0.081,11.33,2.62,-1.99,0.000000,0.000000,259.68
27.24,95481.61,44.21,498.27,-1.56,9.46,0.04,0.161,0.239,-0.146,10.82,3.10,-0.18,0.000000,0.000000,260.21
27.48,95513.95,44.23,495.45,-0.60,10.07,0.82,0.423,-0.167,0.553,11.33,2.15,0.28,0.000000,0.000000,260.75
27.15,95465.78,44.18,499.66,1.33,9.57,1.32,0.245,-0.281,0.082,11.33,0.71,1.18,0.000000,0.000000,261.29
27.11,95458.68,44.21,500.28,1.33,9.42,0.15,-0.230,-0.076,-0.132,10.82,0.24,-0.18,0.000000,0.000000,261.83
27.26,95481.33,44.24,498.30,1.03,9.62,0.68,-0.009,-0.017,0.077,10.82,1.19,1.18,0.000000,0.000000,262.37
27.20,95472.26,44.24,499.09,0.79,9.65,0.58,0.002,-0.148,0.004,10.82,1.19,0.73,0.000000,0.000000,262.91
27.14,95467.17,44.25,499.53,0.50,9.60,0.72,-0.028,-0.036,-0.035,10.82,1.67,0.73,0.000000,0.000000,263.45
27.11,95457.09,44.25,500.03,0.49,9.71,0.67,-0.011,-0.057,-0.053,11.33,1.19,0.28,0.000000,0.000000,263.99
26.96,95436.93,44.25,502.18,0.26,9.71,0.92,-0.057,-0.055,-0.072,10.82,1.67,0.28,0.000000,0.000000,264.53
26.97,95441.69,44.25,501.76,0.17,9.62,1.01,0.014,-0.060,-0.031,11.83,1.67,0.28,0.000000,0.000000,265.07
26.87,95423.85,44.26,503.32,0.35,9.83,0.99,0.021,-0.051,-0.009,9.32,1.67,0.28,0.000000,0.000000,265.61
26.99,95440.59,44.26,501.86,0.22,9.85,0.96,-0.072,-0.154,-0.043,10.32,0.71,-4.25,0.000000,0.000000,266.16
26.90,95428.83,44.24,502.97,0.35,9.66,1.14,-0.020,-0.001,-0.033,10.32,1.19,-1.54,0.000000,0.000000,266.70
26.84,95419.92,44.28,503.66,0.35,9.68,1.11,0.007,-0.067,-0.001,10.32,1.67,-0.63,0.000000,0.000000,267.23
26.88,95427.03,44.25,503.04,0.37,9.57,1.13,-0.051,-0.076,-0.033,10.82,0.71,-0.63,0.000000,0.000000,267.78
26.91,95428.59,44.24,502.91,0.25,10.01,0.60,-0.043,-0.009,-0.151,11.33,1.67,-1.99,0.000000,0.000000,268.32
26.97,95436.05,44.24,502.25,-0.42,9.34,1.43,-0.153,-0.105,-0.257,10.32,1.67,-0.18,0.000000,0.000000,268.86
27.00,95440.98,44.25,501.82,-1.18,9.81,1.56,-0.218,-0.193,-0.138,10.32,3.10,-0.18,0.000000,0.000000,269.40
27.06,95449.71,44.25,501.06,-1.84,9.79,0.35,-0.460,0.058,-0.509,10.32,2.62,-0.63,0.000000,0.000000,269.94
27.22,95475.11,44.25,498.84,0.27,9.71,1.91,0.040,-0.013,-0.005,11.33,-0.72,-0.63,0.000000,0.000000,270.48
27.37,95498.53,44.26,496.79,0.29,10.23,2.31,0.260,0.311,0.086,10.82,0.24,1.18,0.000000,0.000000,271.01
29.87,95868.17,44.29,464.56,0.98,9.75,2.32,0.058,0.059,0.134,10.32,-0.72,0.28,0.000000,0.000000,271.55
29.52,95820.50,44.31,468.71,-0.83,9.05,-2.23,1.176,-0.717,-0.225,9.82,-0.24,-3.80,0.000000,0.000000,272.10
27.83,95566.80,44.29,490.83,-0.91,5.26,-6.73,1.471,-1.030,1.414,6.30,1.67,-7.42,0.000000,0.000000,272.64
27.63,95542.30,44.30,492.97,2.12,2.64,-10.72,0.960,-0.298,1.310,2.78,0.24,-11.04,0.000000,0.000000,273.18
27.97,95593.11,44.31,488.54,1.33,-0.30,-9.78,0.261,-0.395,0.405,0.27,2.15,-10.14,0.000000,0.000000,273.72
27.57,95528.52,44.30,494.18,3.08,-1.24,-9.34,-0.306,0.893,1.321,-0.23,-0.72,-10.14,0.000000,0.000000,274.26
23.45,94914.20,44.24,547.96,3.38,-0.72,-9.27,-0.063,-0.125,0.375,-1.24,-0.72,-10.59,0.000000,0.000000,274.81
23.52,94919.39,44.21,547.51,3.39,0.93,-9.04,0.395,-0.053,-0.012,1.78,-1.19,-9.69,0.000000,0.000000,275.34
22.33,94734.08,44.17,563.78,2.20,1.14,-9.53,-0.074,-0.032,-0.091,1.78,0.71,-11.50,0.000000,0.000000,275.89
23.63,94927.40,44.16,546.80,1.33,0.87,-9.61,-0.097,-0.511,0.148,1.78,1.19,-11.50,0.000000,0.000000,276.42
23.00,94834.06,44.14,555.00,0.84,0.95,-9.69,-0.016,1.097,0.277,0.77,1.67,-12.85,0.000000,0.000000,276.96
23.10,94841.94,44.12,554.31,2.19,1.56,-9.82,-0.242,0.293,0.060,1.78,0.24,-11.50,0.000000,0.000000,277.50
22.12,94668.53,44.08,566.78,2.23,1.20,-9.65,-0.201,-0.055,0.021,2.28,0.71,-11.50,0.000000,0.000000,278.04
23.73,94927.55,44.08,546.79,3.15,0.89,-9.45,0.359,0.220,-0.159,2.28,-0.72,-11.50,0.000000,0.000000,278.58
23.38,94878.38,44.08,551.11,1.39,-1.31,-9.35,0.794,-0.648,-0.495,-1.24,1.67,-11.95,0.000000,0.000000,279.13
21.73,94633.55,44.04,572.63,-0.21,-4.48,-7.36,1.766,0.890,0.447,-4.76,1.67,-8.33,0.000000,0.000000,279.67
21.01,94524.13,44.00,582.26,-0.78,-8.18,-5.56,0.320,-0.800,0.564,-7.77,0.71,-5.61,0.000000,0.000000,280.21
21.65,94622.46,44.02,573.60,-0.34,-8.78,-1.63,0.055,0.336,0.053,-7.77,0.71,-1.99,0.000000,0.000000,280.74
23.97,94973.06,44.06,542.79,1.21,-9.61,-1.45,-0.038,0.446,-0.019,-8.27,-0.72,-2.44,0.000000,0.000000,281.29
24.04,94987.69,44.10,541.51,1.11,-9.39,-1.14,-0.172,0.284,0.069,-8.27,-1.19,-1.99,0.000000,0.000000,281.83
23.69,94936.15,44.11,546.03,1.63,-9.40,-1.38,0.093,-0.205,-0.041,-8.27,-0.72,-1.08,0.000000,0.000000,282.37
23.94,94973.70,44.12,542.74,1.65,-9.45,-1.52,0.030,-0.186,-0.023,-7.77,-1.19,-2.89,0.000000,0.000000,282.91
23.89,94968.25,44.13,543.22,1.98,-9.35,-1.77,-0.108,-0.214,-0.049,-8.27,-0.24,-2.44,0.000000,0.000000,283.45
24.02,94985.87,44.13,541.67,1.84,-9.44,-1.79,-0.012,-0.105,-0.083,-7.77,-1.67,-3.35,0.000000,0.000000,283.99
23.90,94968.67,44.13,543.18,2.14,-9.34,-2.06,-0.089,-0.158,-0.055,-8.78,-1.19,-2.44,0.000000,0.000000,284.53
23.97,94982.10,44.13,542.00,2.21,-9.22,-1.93,0.035,-0.173,-0.078,-7.77,-1.19,-1.99,0.000000,0.000000,285.07
23.89,94965.55,44.13,543.45,2.29,-9.12,-2.02,-0.128,-0.203,-0.053,-9.28,-0.24,-1.99,0.000000,0.000000,285.61
23.93,94973.95,44.12,542.72,1.86,-9.53,-1.84,0.198,0.022,-0.159,-8.78,-0.72,-2.44,0.000000,0.000000,286.15
23.73,94939.90,44.10,545.71,2.60,-9.29,-1.46,-0.067,0.019,0.050,-7.77,-1.67,-2.44,0.000000,0.000000,286.69
23.93,94971.52,44.10,542.93,2.24,-9.77,-1.42,-0.091,0.113,-0.056,-9.28,-1.67,-1.08,0.000000,0.000000,287.23
23.61,94923.20,44.08,547.17,2.80,-9.09,-1.99,0.130,-0.261,-0.087,-8.78,-1.67,-3.35,0.000000,0.000000,287.77
23.65,94928.84,44.07,546.68,2.08,-9.34,-1.79,-0.153,-0.211,0.043,-7.77,-1.67,-1.99,0.000000,0.000000,288.31
23.28,94872.70,44.06,551.61,0.74,-7.69,-4.62,-0.586,0.051,0.275,-6.77,1.67,-5.16,0.000000,0.000000,288.85
26.24,95309.76,44.09,513.30,1.81,2.21,-9.73,-0.844,0.020,0.140,3.29,1.67,-9.23,0.000000,0.000000,289.39
25.97,95276.73,44.10,516.19,2.62,5.93,-6.21,-1.162,0.039,-0.300,6.80,-0.24,-6.97,0.000000,0.000000,289.93
25.99,95282.47,44.11,515.68,2.94,5.99,-6.83,-0.806,-0.157,-0.283,6.80,-0.24,-7.87,0.000000,0.000000,290.47
28.75,95773.38,44.17,479.98,0.47,10.68,2.90,-2.061,-0.577,-0.741,11.83,1.19,2.09,0.000000,0.000000,291.01
28.15,95601.64,44.19,487.79,-0.96,4.39,8.21,-0.865,0.257,-0.115,5.30,2.15,7.52,0.000000,0.000000,291.55
28.24,95617.83,44.21,486.38,-0.47,2.98,9.42,0.168,0.163,0.418,2.78,1.19,7.07,0.000000,0.000000,292.09
28.22,95614.34,44.22,486.68,-0.07,2.02,9.74,-0.010,-0.226,-0.004,2.78,-0.72,7.52,0.000000,0.000000,292.63
28.35,95632.39,44.23,485.11,1.78,2.07,9.39,0.164,0.039,0.378,2.28,-1.67,5.71,0.000000,0.000000,293.17
27.64,95531.87,44.23,493.88,-0.74,2.57,9.28,-0.062,-0.453,-0.030,3.79,0.24,7.07,0.000000,0.000000,293.71
28.03,95587.63,44.25,489.02,1.01,2.02,9.48,0.030,0.316,0.466,2.28,-0.72,7.97,0.000000,0.000000,294.25
27.85,95559.97,44.25,491.43,-0.30,1.79,9.69,-0.021,0.141,0.097,2.78,-0.24,6.61,0.000000,0.000000,294.79
28.04,95588.65,44.26,488.93,-0.33,1.60,9.74,-0.179,-0.013,0.037,2.28,0.24,7.97,0.000000,0.000000,295.33
28.08,95596.40,44.25,488.25,0.26,1.81,9.46,-0.038,-0.141,0.196,3.29,-0.24,8.42,0.000000,0.000000,295.87
28.31,95627.29,44.26,485.55,0.54,1.89,9.32,-0.104,-0.068,0.072,3.29,-0.72,8.42,0.000000,0.000000,296.41
28.77,95699.63,44.29,479.24,0.17,1.53,9.71,-0.077,-0.170,-0.188,2.28,0.24,8.88,0.000000,0.000000,296.95
28.05,95591.41,44.27,488.69,0.09,2.04,9.13,0.117,-0.051,-0.048,2.78,0.24,8.42,0.000000,0.000000,297.49
28.16,95608.32,44.27,487.21,0.35,2.28,9.02,-0.228,-0.152,-0.161,2.78,-0.72,7.07,0.000000,0.000000,298.03
27.41,95495.25,44.28,497.08,1.22,0.82,10.39,0.127,0.140,-0.015,1.27,-1.19,8.88,0.000000,0.000000,298.57
27.11,95448.37,44.26,501.18,1.32,1.19,9.41,0.018,0.035,-0.022,1.27,-1.19,8.88,0.000000,0.000000,299.11
27.76,95545.49,44.28,492.69,1.14,0.59,9.92,0.205,-0.275,0.061,0.27,-1.67,7.97,0.000000,0.000000,299.65
27.48,95503.94,44.28,496.32,1.59,1.12,9.86,0.014,-0.058,-0.096,1.78,-1.67,6.61,0.000000,0.000000,300.19
27.68,95530.40,44.26,494.01,1.38,0.92,9.56,0.070,-0.098,-0.018,1.78,-1.19,8.42,0.000000,0.000000,300.73
27.87,95558.33,44.27,491.57,0.76,1.67,9.46,0.036,-0.076,-0.081,2.28,-1.19,8.42,0.000000,0.000000,301.27
27.96,95571.36,44.27,490.43,0.55,0.56,9.84,-0.203,-0.110,0.081,1.27,-1.19,6.61,0.000000,0.000000,301.81
28.10,95596.56,44.29,488.24,0.35,1.68,9.67,-0.348,0.174,-0.036,1.27,-0.24,7.97,0.000000,0.000000,302.35
27.24,95463.38,44.26,499.87,0.44,0.08,9.66,-0.303,0.149,-0.018,-0.23,-0.72,8.42,0.000000,0.000000,302.89
27.08,95443.36,44.26,501.61,0.04,-0.10,9.66,-0.039,-0.075,0.054,-0.23,-0.24,7.97,0.000000,0.000000,303.43
27.31,95471.63,44.27,499.15,0.09,0.36,9.83,-0.003,-0.176,0.022,0.27,-0.72,7.97,0.000000,0.000000,303.97
26.91,95416.89,44.25,503.93,0.24,0.25,9.91,0.010,-0.032,0.025,0.27,-1.19,8.88,0.000000,0.000000,304.51
27.16,95452.00,44.25,500.86,-0.19,0.57,9.83,0.272,-0.006,0.113,0.27,-1.19,10.24,0.000000,0.000000,305.05
28.15,95601.39,44.26,487.81,0.07,0.35,9.57,0.088,-0.307,0.036,0.77,-1.19,6.61,0.000000,0.000000,305.59
27.64,95526.98,44.25,494.31,0.78,-0.17,9.55,0.071,-0.166,-0.130,-0.23,-1.19,7.52,0.000000,0.000000,306.13
26.67,95379.09,44.25,507.23,0.49,-0.45,9.67,-0.177,-0.143,-0.377,-0.23,-2.15,8.42,0.000000,0.000000,306.67
26.82,95399.74,44.24,505.43,0.62,-0.37,9.78,-0.026,-0.023,-0.149,0.27,-2.15,8.42,0.000000,0.000000,307.21
26.77,95392.38,44.25,506.07,1.03,-0.19,9.73,0.362,-0.107,0.127,-0.23,-2.15,8.42,0.000000,0.000000,307.75
26.80,95395.23,44.24,505.82,1.09,-0.15,9.76,-0.083,-0.049,0.061,-1.24,-2.15,8.42,0.000000,0.000000,308.29
27.74,95535.60,44.24,493.56,1.15,0.26,9.47,-0.029,-0.136,-0.042,0.77,-2.62,7.97,0.000000,0.000000,308.83
27.55,95512.34,44.24,495.59,1.00,0.23,9.63,0.059,-0.027,-0.113,-0.23,-2.15,8.42,0.000000,0.000000,309.37
27.88,95554.64,44.23,491.89,1.00,0.05,9.80,0.028,-0.078,-0.033,0.27,-3.10,7.97,0.000000,0.000000,309.91
27.75,95537.27,44.24,493.41,1.21,0.86,9.50,-0.102,-0.130,0.196,0.77,-2.15,7.97,0.000000,0.000000,310.45
27.88,95557.66,44.23,491.63,1.56,0.23,9.79,0.155,0.023,0.134,0.27,-2.62,8.42,0.000000,0.000000,310.99
27.68,95527.09,44.22,494.30,1.33,0.47,9.54,0.069,-0.044,0.108,0.77,-1.67,7.97,0.000000,0.000000,311.53
27.84,95548.80,44.23,492.40,1.36,0.07,9.57,-0.077,-0.409,0.249,-0.23,-2.15,8.42,0.000000,0.000000,312.07
27.69,95528.50,44.21,494.18,1.06,0.14,9.61,-0.051,-0.031,0.056,1.27,-2.15,7.97,0.000000,0.000000,312.61
27.70,95533.30,44.21,493.76,0.91,0.34,9.47,-0.298,-0.166,-0.290,0.27,-1.67,8.42,0.000000,0.000000,313.16
26.80,95395.02,44.21,505.84,1.06,0.07,9.39,0.069,-0.162,-0.107,-0.23,-2.15,7.97,0.000000,0.000000,313.69
27.84,95550.93,44.23,492.22,1.00,-0.17,9.91,-0.085,-0.036,0.021,0.27,-1.19,8.88,0.000000,0.000000,314.24
26.70,95379.73,44.21,507.18,0.58,-0.12,9.50,-0.037,-0.020,0.109,0.27,-0.72,8.42,0.000000,0.000000,314.78
27.21,95456.36,44.21,500.48,0.84,-0.19,9.78,-0.097,-0.145,0.107,0.77,-0.72,8.42,0.000000,0.000000,315.32
26.85,95402.22,44.14,505.21,0.43,0.04,9.93,0.060,0.030,-0.163,0.27,-1.19,8.88,0.000000,0.000000,315.85
26.82,95394.66,44.20,505.87,0.82,0.20,9.73,-0.017,-0.008,-0.137,0.27,-1.19,7.97,0.000000,0.000000,316.40
27.04,95428.58,44.18,502.91,0.90,0.11,9.82,-0.032,-0.126,0.038,0.77,-0.72,8.88,0.000000,0.000000,316.94
27.91,95560.00,44.21,491.43,0.91,0.33,9.63,0.094,-0.198,-0.128,0.77,0.24,8.88,0.000000,0.000000,317.48
27.97,95566.61,44.21,490.85,1.34,-0.01,9.55,-0.126,-0.102,-0.076,0.27,-0.72,8.42,0.000000,0.000000,318.02
27.95,95561.20,44.19,491.08,1.16,0.04,9.73,-0.020,0.019,0.186,1.27,-1.19,8.88,0.000000,0.000000,318.55
27.92,95558.56,44.19,491.55,0.64,-0.03,9.48,-0.088,0.001,0.077,0.77,-0.24,8.42,0.000000,0.000000,319.10
27.00,95423.13,44.18,503.38,0.75,-0.16,9.49,-0.171,-0.311,0.010,0.27,-0.72,8.42,0.000000,0.000000,319.64
27.90,95552.01,44.19,492.12,0.37,-0.21,9.78,0.030,-0.144,0.025,1.27,0.71,8.88,0.000000,0.000000,320.18
27.25,95459.89,44.17,500.17,0.80,-0.04,9.77,-0.039,-0.028,-0.204,1.27,-0.72,8.42,0.000000,0.000000,320.72
26.98,95420.36,44.17,503.62,1.07,-0.04,9.59,0.017,-0.029,-0.102,1.27,-0.72,8.88,0.000000,0.000000,321.26
26.90,95405.52,44.16,504.92,0.92,0.05,9.42,-0.004,-0.191,0.077,0.27,-0.72,8.42,0.000000,0.000000,321.80
26.97,95415.69,44.17,504.03,1.77,-0.09,9.58,0.097,-0.057,0.078,0.27,-1.67,8.88,0.000000,0.000000,322.34
27.31,95464.05,44.17,499.81,0.84,0.01,9.95,-0.053,-0.249,0.115,0.77,-0.72,8.88,0.000000,0.000000,322.88
27.03,95423.98,44.16,503.31,1.06,-0.03,10.17,0.007,0.166,-0.200,-0.23,-1.19,8.88,0.000000,0.000000,323.43
27.13,95438.91,44.16,502.00,1.20,-0.54,9.55,0.044,0.068,-0.209,-0.74,-1.67,8.42,0.000000,0.000000,323.97
26.95,95413.00,44.15,504.27,1.30,0.37,9.61,0.131,-0.054,-0.042,0.77,-1.19,8.88,0.000000,0.000000,324.51
27.47,95487.77,44.16,497.73,0.92,0.55,9.91,0.579,-0.196,-0.321,1.27,-0.72,7.97,0.000000,0.000000,325.04
28.35,95621.09,44.17,486.10,0.62,4.26,10.26,-1.802,-0.578,-0.726,4.79,-0.72,8.88,0.000000,0.000000,325.59
27.28,95452.31,44.15,500.83,1.36,1.96,9.54,-0.136,0.545,-0.607,2.78,-1.67,8.42,0.000000,0.000000,326.13
28.42,95630.00,44.16,485.32,-0.09,3.65,9.85,0.252,-0.478,-0.301,4.79,-0.24,7.97,0.000000,0.000000,326.67
27.16,95443.69,44.17,501.59,0.47,1.92,8.97,-0.220,-0.239,-0.664,2.28,0.24,8.42,0.000000,0.000000,327.21
24.84,95093.20,44.11,532.26,0.09,1.17,9.39,-0.245,-0.220,-0.318,2.28,0.24,7.97,0.000000,0.000000,327.75
24.90,95097.51,44.10,531.88,-0.77,2.01,9.65,0.054,-0.067,-0.084,2.78,0.24,8.88,0.000000,0.000000,328.29
24.94,95101.78,44.08,531.51,0.23,2.62,9.32,-0.279,0.235,0.233,3.29,-0.24,8.88,0.000000,0.000000,328.83
24.61,95052.77,44.06,535.80,-2.36,0.77,9.55,-0.273,-0.185,0.376,1.27,2.15,9.78,0.000000,0.000000,329.37
23.48,94877.15,44.01,551.21,-1.61,1.37,8.79,-0.246,-0.001,0.060,1.78,1.67,8.88,0.000000,0.000000,329.91
20.95,94503.08,43.94,584.11,-3.22,-0.61,9.06,-0.808,-0.073,-0.039,-0.23,4.05,9.78,0.000000,0.000000,330.45
13.08,93316.77,43.72,689.15,-3.12,-0.76,9.52,-0.151,-0.330,0.113,-0.74,3.10,8.88,0.000000,0.000000,330.99
20.96,94466.58,43.78,587.33,-2.43,0.14,9.67,0.778,0.141,-0.427,0.27,3.10,8.42,0.000000,0.000000,331.53
25.66,95176.59,43.85,524.95,-2.15,0.73,9.24,0.421,-0.292,-0.015,1.27,1.67,8.88,0.000000,0.000000,332.07
26.85,95363.34,43.90,508.61,-2.35,0.91,9.49,-0.143,0.194,0.126,2.28,2.62,8.88,0.000000,0.000000,332.61
26.13,95260.97,43.93,517.57,-2.42,1.36,9.21,0.108,-0.011,0.125,2.28,2.62,8.42,0.000000,0.000000,333.15
26.83,95366.90,43.95,508.30,-2.78,2.09,9.18,-0.003,-0.044,0.120,2.28,3.10,8.42,0.000000,0.000000,333.69
26.96,95388.03,43.99,506.45,-3.17,2.27,8.61,-0.089,-0.132,-0.077,3.29,2.62,7.52,0.000000,0.000000,334.23
26.87,95372.77,44.00,507.79,-2.96,2.84,8.95,0.158,-0.169,-0.111,3.29,3.58,7.97,0.000000,0.000000,334.77
26.87,95376.45,44.02,507.46,-2.75,2.29,9.08,-0.008,-0.028,0.091,2.78,4.05,8.88,0.000000,0.000000,335.31
26.89,95374.51,44.04,507.63,-2.54,2.50,9.07,0.422,-0.142,0.008,3.79,2.62,7.97,0.000000,0.000000,335.85
26.83,95369.02,44.04,508.11,-2.77,2.44,8.99,0.122,-0.023,-0.031,3.29,3.10,7.52,0.000000,0.000000,336.39
26.82,95366.25,44.06,508.36,-2.43,2.88,9.03,0.083,-0.086,-0.006,3.79,2.62,6.16,0.000000,0.000000,336.93
26.77,95360.93,44.05,508.82,-3.19,3.03,8.54,0.031,-0.049,-0.029,3.29,4.53,5.71,0.000000,0.000000,337.47
26.76,95358.67,44.06,509.02,-3.27,3.10,8.64,-0.019,-0.007,-0.058,3.79,4.05,8.42,0.000000,0.000000,338.01
26.59,95330.94,44.06,511.44,-3.20,3.02,8.85,0.039,-0.052,-0.087,3.79,3.58,7.52,0.000000,0.000000,338.55
26.67,95339.63,44.07,510.68,-3.29,2.99,8.78,0.205,-0.134,-0.050,3.79,4.05,7.97,0.000000,0.000000,339.09
26.68,95342.98,44.07,510.39,-3.26,3.08,8.64,0.036,-0.039,0.037,4.29,3.10,7.52,0.000000,0.000000,339.63
26.76,95353.54,44.08,509.47,-3.23,3.36,8.53,-0.089,-0.041,-0.004,4.29,3.10,7.07,0.000000,0.000000,340.17
26.71,95347.19,44.08,510.02,-3.33,3.44,8.53,-0.046,0.025,-0.019,4.29,3.10,5.26,0.000000,0.000000,340.71
26.78,95357.72,44.08,509.10,-3.29,3.50,8.45,-0.055,-0.024,0.067,4.29,3.10,5.26,0.000000,0.000000,341.25
26.69,95342.69,44.09,510.42,-3.10,3.61,8.45,-0.062,-0.066,-0.025,4.29,4.05,5.26,0.000000,0.000000,341.79
26.66,95337.88,44.10,510.84,-3.19,3.63,8.47,-0.060,-0.037,-0.007,3.79,3.58,6.16,0.000000,0.000000,342.33
26.63,95334.99,44.10,511.09,-3.13,3.46,8.33,-0.001,-0.096,0.030,3.79,3.10,4.35,0.000000,0.000000,342.87
26.74,95349.38,44.09,509.83,-3.15,3.58,8.36,0.021,-0.095,0.008,3.79,3.10,4.80,0.000000,0.000000,343.41
26.79,95356.52,44.10,509.21,-2.98,4.01,8.43,0.071,-0.142,-0.037,4.79,4.05,7.07,0.000000,0.000000,343.95
26.79,95354.48,44.09,509.38,-2.88,3.52,8.72,0.070,-0.208,-0.105,3.79,2.62,6.16,0.000000,0.000000,344.49
26.84,95363.04,44.10,508.64,-2.83,3.72,8.61,-0.179,-0.275,-0.057,4.29,3.58,5.26,0.000000,0.000000,345.03
27.03,95388.71,44.10,506.39,-2.69,3.40,8.80,0.026,-0.117,-0.141,4.79,2.15,4.80,0.000000,0.000000,345.57
26.67,95335.77,44.09,511.02,-2.73,3.36,8.62,-0.037,-0.051,0.028,3.79,3.10,7.52,0.000000,0.000000,346.11
26.63,95331.73,44.10,511.37,-2.92,3.43,8.58,-0.060,-0.067,0.019,3.29,3.10,6.61,0.000000,0.000000,346.65
26.73,95336.29,44.08,510.14,-2.86,3.44,8.62,0.195,-0.113,0.211,3.79,3.58,6.16,0.000000,0.000000,347.19
26.69,95335.74,44.09,511.02,-2.79,3.75,8.49,-0.004,-0.117,0.099,4.79,3.10,6.61,0.000000,0.000000,347.73
26.62,95328.92,44.09,511.62,-3.00,3.58,8.51,-0.011,-0.124,0.009,4.29,3.58,7.52,0.000000,0.000000,348.27
26.64,95329.10,44.09,511.60,-2.34,3.68,8.64,-0.000,-0.019,-0.044,4.29,2.62,4.35,0.000000,0.000000,348.82
26.49,95308.42,44.08,513.41,-3.02,4.05,8.10,0.194,-0.346,-0.091,4.79,1.67,6.61,0.000000,0.000000,349.35
26.52,95310.59,44.08,513.22,-2.96,5.50,7.75,0.860,0.291,-0.544,5.80,3.10,7.52,0.000000,0.000000,349.89
26.07,95245.35,44.07,518.93,-4.50,5.67,6.03,-0.189,-0.017,-0.041,6.30,4.05,4.80,0.000000,0.000000,350.43
26.16,95253.92,44.05,518.18,-4.36,3.85,7.55,-0.088,-0.196,-0.023,3.79,4.05,6.61,0.000000,0.000000,350.97
26.05,95238.70,44.08,519.37,-4.47,2.81,8.50,-0.132,-0.145,-0.018,2.78,4.53,11.14,0.000000,0.000000,351.52
26.13,95250.38,44.05,518.49,-3.29,2.89,9.08,0.188,-0.052,0.120,3.79,2.62,8.88,0.000000,0.000000,352.05
26.04,95233.47,44.04,519.97,-2.23,4.92,8.30,0.338,-0.172,-0.116,5.80,1.67,6.16,0.000000,0.000000,352.59
26.16,95251.45,44.03,518.40,-3.82,4.96,7.98,-0.273,-0.320,-0.018,5.30,4.05,6.16,0.000000,0.000000,353.14
26.01,95229.95,44.02,520.28,-2.54,4.13,8.30,-0.020,0.096,0.037,3.79,2.62,7.07,0.000000,0.000000,353.67
26.99,95375.33,44.04,507.56,-3.09,4.22,7.97,-0.329,0.165,-0.135,5.30,2.62,5.71,0.000000,0.000000,354.21
27.33,95426.20,44.04,503.11,-3.13,4.79,7.91,0.299,0.051,-0.011,4.79,1.19,5.71,0.000000,0.000000,354.75
27.03,95380.39,44.05,507.12,-1.79,6.00,7.51,-0.177,-0.358,0.393,6.30,0.71,5.26,0.000000,0.000000,355.30
27.35,95340.81,44.04,502.36,-0.69,6.87,7.04,-0.010,-0.008,0.182,7.31,0.24,5.26,0.000000,0.000000,355.83
24.25,94971.44,44.02,542.94,-1.12,7.77,5.71,0.454,-0.066,0.139,8.81,0.71,3.90,0.000000,0.000000,356.37
22.15,94652.47,43.97,570.96,0.57,8.70,3.91,0.374,0.342,0.255,9.82,-0.72,1.63,0.000000,0.000000,356.91
23.11,94794.13,43.95,558.51,-1.55,9.93,1.97,0.280,-0.010,-0.126,9.82,3.10,-0.18,0.000000,0.000000,357.46
24.13,94939.97,43.96,545.70,0.12,9.93,0.00,0.256,0.022,0.115,10.82,-0.24,-1.54,0.000000,0.000000,357.99
24.06,94929.27,43.95,546.64,-0.21,9.75,-0.47,0.032,-0.235,-0.116,10.82,0.71,-3.35,0.000000,0.000000,358.54
23.75,94886.52,43.94,550.39,0.27,9.53,-0.26,-0.139,-0.221,-0.134,8.81,1.19,-1.99,0.000000,0.000000,359.08
23.86,94898.66,43.93,549.33,0.83,9.62,-1.01,0.307,-0.134,0.089,9.82,0.24,-2.44,0.000000,0.000000,359.62
23.54,94852.80,43.92,553.35,1.72,9.19,-3.17,1.026,-0.028,0.320,9.82,-1.19,-5.61,0.000000,0.000000,360.16
22.32,94671.33,43.89,569.30,1.48,7.86,-5.67,0.413,-0.369,-0.284,9.32,-0.24,-6.97,0.000000,0.000000,360.70
22.35,94671.94,43.85,569.25,1.70,5.81,-8.38,1.490,0.549,0.373,6.80,0.71,-10.14,0.000000,0.000000,361.24
21.59,94562.86,43.83,578.85,2.08,2.57,-9.50,-0.042,-0.135,-0.075,3.29,-0.72,-11.04,0.000000,0.000000,361.78
21.95,94620.39,43.83,573.78,2.25,1.52,-9.59,0.386,0.629,0.445,1.27,-0.24,-10.14,0.000000,0.000000,362.32
22.55,94902.94,43.82,566.59,5.01,-0.42,-8.53,-0.169,-0.261,0.138,-0.23,-3.58,-11.04,0.000000,0.000000,362.86
20.59,94418.88,43.80,591.53,4.58,-0.26,-8.58,-0.060,-0.153,0.045,-0.74,-3.10,-10.59,0.000000,0.000000,363.40
20.18,94343.47,43.77,598.18,3.92,0.13,-9.04,0.045,-0.186,-0.029,-0.23,-2.15,-11.04,0.000000,0.000000,363.94
19.30,94205.90,43.69,610.33,4.03,-0.25,-9.17,0.253,0.503,-0.322,-0.23,-2.15,-10.59,0.000000,0.000000,364.48
24.30,95045.20,43.72,536.47,7.44,0.82,-5.70,0.637,0.579,-0.377,0.77,-6.44,-9.23,0.000000,0.000000,365.02
23.60,94857.49,43.75,552.94,8.20,-2.90,-5.81,0.409,0.352,-0.075,-2.75,-6.92,-8.33,0.000000,0.000000,365.56
22.92,94753.34,43.75,562.09,9.04,-2.20,-1.11,0.355,0.101,0.788,-1.74,-8.82,-2.89,0.000000,0.000000,366.10
22.86,94744.65,43.75,562.86,9.05,-4.21,-0.57,0.384,0.158,-0.128,-4.25,-8.82,-3.35,0.000000,0.000000,366.64
20.01,94322.24,43.68,600.06,10.13,-2.03,1.08,1.099,0.004,-0.429,-1.74,-10.25,-0.18,0.000000,0.000000,367.18
19.96,94309.69,43.68,601.16,9.81,-2.22,-0.00,0.447,-0.284,-0.332,-1.74,-9.30,-1.99,0.000000,0.000000,367.72
20.29,94355.88,43.68,597.09,9.70,-1.78,0.21,0.165,0.135,-0.071,-1.74,-9.78,-1.99,0.000000,0.000000,368.26
20.80,94434.23,43.67,590.18,10.15,-1.96,2.03,-0.091,0.073,0.103,-1.24,-9.78,1.18,0.000000,0.000000,368.80
21.16,94487.02,43.64,585.53,8.99,-2.95,2.25,0.260,-0.265,0.367,-2.75,-9.78,0.28,0.000000,0.000000,369.34
20.90,94441.97,43.64,589.50,9.71,-1.66,2.67,0.249,-0.057,-0.166,-1.24,-9.78,-0.18,0.000000,0.000000,369.88
22.73,94713.96,43.65,565.55,9.84,-2.02,3.28,1.584,0.545,-0.091,-2.24,-9.78,0.73,0.000000,0.000000,370.43
21.57,94543.66,43.62,580.54,8.92,-1.82,3.47,-0.635,-0.452,0.314,-1.24,-8.35,2.09,0.000000,0.000000,370.97
21.76,94571.20,43.60,578.11,8.80,-2.02,3.58,-0.209,0.198,0.235,-1.24,-7.87,-1.99,0.000000,0.000000,371.51
21.74,94566.94,43.59,578.49,9.34,-2.15,3.56,0.457,-0.349,0.460,-0.74,-8.82,1.18,0.000000,0.000000,372.05
22.48,94678.08,43.57,568.71,9.50,-2.18,2.09,-0.129,0.183,0.139,-1.24,-8.35,-0.18,0.000000,0.000000,372.59
22.29,94648.34,43.55,571.32,8.95,-2.66,3.25,0.582,-0.653,-0.179,-1.74,-7.39,1.18,0.000000,0.000000,373.13
22.73,94717.76,43.53,565.22,9.25,-1.68,3.55,0.102,0.305,-0.184,-1.74,-7.87,2.09,0.000000,0.000000,373.67
22.55,94688.80,43.51,567.77,8.55,-1.23,4.18,0.164,0.049,0.147,-0.74,-7.87,2.54,0.000000,0.000000,374.21
23.49,94831.88,43.47,555.19,9.28,-1.02,3.35,0.013,-0.002,-0.002,-0.23,-8.35,0.73,0.000000,0.000000,374.75
23.88,94886.81,43.48,550.37,9.36,-0.61,3.40,0.101,-0.183,-0.007,-0.23,-8.82,1.18,0.000000,0.000000,375.29
24.15,94928.25,43.49,546.73,9.18,-1.29,3.10,-0.176,-0.082,0.136,-0.23,-7.87,0.73,0.000000,0.000000,375.83
23.80,94878.17,43.46,551.12,9.01,-2.16,3.25,0.021,0.004,-0.097,-0.74,-7.87,1.18,0.000000,0.000000,376.37
24.18,94930.89,43.44,546.50,7.24,1.98,5.37,0.037,-0.073,-0.071,3.29,-5.96,2.99,0.000000,0.000000,376.91
24.27,94945.75,43.42,545.19,8.95,2.07,3.88,0.626,-0.326,0.358,2.78,-8.35,2.09,0.000000,0.000000,377.45
23.99,94907.41,43.41,548.56,8.99,2.36,3.39,0.639,-0.031,-0.359,3.29,-7.87,2.09,0.000000,0.000000,377.99
23.53,94836.38,43.37,554.79,8.79,4.71,2.05,0.469,-0.339,-0.267,5.80,-6.92,0.73,0.000000,0.000000,378.53
23.48,94828.86,43.35,555.46,7.59,5.93,1.43,0.208,-0.006,0.121,6.80,-5.96,-0.18,0.000000,0.000000,379.07
22.55,94689.39,43.31,567.71,7.57,6.08,2.02,-0.075,-0.054,-0.305,7.81,-6.44,0.73,0.000000,0.000000,379.61
22.48,94667.42,43.28,569.65,6.82,6.43,1.37,0.654,0.112,0.547,7.81,-4.53,0.73,0.000000,0.000000,380.14
23.72,94865.86,43.27,552.21,8.72,3.44,-1.55,0.367,-0.250,-0.105,5.80,-6.92,-2.89,0.000000,0.000000,380.69
24.28,94937.18,43.27,545.94,8.11,2.42,-4.60,0.488,-0.119,0.293,3.79,-5.96,-5.61,0.000000,0.000000,381.23
23.80,94871.20,43.26,551.74,8.33,1.02,-4.72,0.181,0.055,0.081,2.28,-5.48,-5.61,0.000000,0.000000,381.77
23.71,94859.53,43.26,552.76,8.68,-0.20,-4.62,0.400,-0.256,0.211,0.27,-6.44,-6.06,0.000000,0.000000,382.31
23.57,94838.19,43.25,554.64,8.33,0.81,-4.11,-0.159,0.412,-0.260,1.78,-5.96,-5.16,0.000000,0.000000,382.85
23.78,94868.80,43.24,551.95,9.35,-0.14,-2.22,1.292,0.758,0.135,0.77,-7.39,-3.80,0.000000,0.000000,383.39
22.41,94659.21,43.22,570.37,9.10,-0.24,-1.64,0.285,0.004,0.103,1.27,-7.87,-3.35,0.000000,0.000000,383.93
22.30,94647.92,43.19,571.36,9.90,-0.64,-1.04,0.144,0.236,-0.076,-0.23,-7.87,-2.89,0.000000,0.000000,384.47
23.14,94763.01,43.19,561.24,9.63,-0.74,-1.03,0.204,-0.067,-0.061,0.77,-7.39,-3.80,0.000000,0.000000,385.01
18.28,94047.29,43.08,624.34,10.17,-0.82,-1.09,0.567,0.328,-0.249,0.27,-7.87,-2.44,0.000000,0.000000,385.55
22.60,94674.30,43.11,569.04,9.58,0.38,-0.48,0.104,-0.480,0.032,1.27,-7.87,-1.54,0.000000,0.000000,386.09
21.95,94588.22,43.08,576.62,9.46,0.10,-1.84,0.179,0.448,0.060,1.78,-7.39,-2.89,0.000000,0.000000,386.63
15.91,93697.95,42.97,655.28,8.23,-2.20,0.60,-0.716,0.342,0.081,-1.74,-6.92,-1.08,0.000000,0.000000,387.22
16.94,93837.56,42.93,642.91,7.99,-2.26,4.31,-0.494,0.543,0.074,-1.24,-6.92,2.99,0.000000,0.000000,387.80
19.37,94193.05,42.93,611.46,10.47,-2.05,3.15,0.023,-0.801,-0.423,-1.74,-9.30,2.09,0.000000,0.000000,388.25
22.45,94643.95,42.96,571.71,10.05,-1.02,1.96,0.179,-0.768,-0.295,0.77,-9.78,1.63,0.000000,0.000000,388.79
22.89,94725.38,42.99,564.55,8.98,-1.35,1.26,-0.667,0.228,0.137,-0.74,-8.35,-0.18,0.000000,0.000000,389.33
20.62,94394.44,42.96,593.69,9.38,-1.20,0.92,0.821,-0.161,0.159,-0.74,-8.35,-0.18,0.000000,0.000000,389.87
21.75,94554.80,42.96,579.56,9.57,-1.44,1.75,1.493,-0.087,-0.018,-0.23,-8.82,-0.63,0.000000,0.000000,390.41
21.43,94507.47,42.93,583.73,9.69,-1.63,2.12,-0.332,-0.020,-0.017,-0.74,-8.82,0.73,0.000000,0.000000,390.95
20.86,94424.07,42.92,591.08,9.86,-0.58,0.12,0.559,-0.502,-0.119,0.27,-9.30,-1.08,0.000000,0.000000,391.49
20.00,94295.27,42.89,602.43,11.46,-1.10,0.28,-0.058,0.103,0.354,-0.23,-10.25,-1.54,0.000000,0.000000,392.03
23.09,94748.17,42.90,562.55,11.28,-3.31,3.12,0.994,-0.351,-0.535,-2.75,-10.25,-0.63,0.000000,0.000000,392.58
19.11,94166.20,42.85,613.83,9.53,-2.10,2.21,-0.571,0.113,0.188,-2.24,-8.35,0.73,0.000000,0.000000,393.11
20.39,94358.00,42.84,596.90,6.84,-2.61,6.69,0.134,0.325,-0.238,-1.74,-6.44,4.80,0.000000,0.000000,393.65
20.42,94355.81,42.83,597.09,6.26,0.17,8.21,-0.549,-0.212,-0.748,0.77,-5.96,5.71,0.000000,0.000000,394.19
22.82,94698.45,42.82,566.92,6.65,4.52,4.08,1.201,-0.476,-0.759,4.79,-5.48,2.54,0.000000,0.000000,394.73
26.52,95261.73,42.89,517.50,4.59,7.29,1.22,0.354,0.139,-0.460,7.81,-3.10,-0.63,0.000000,0.000000,395.27
26.92,95330.81,42.94,511.45,3.82,6.67,2.34,0.334,-0.073,-0.176,7.81,-3.10,0.73,0.000000,0.000000,395.81
27.38,95402.81,42.99,505.16,4.48,7.91,1.72,0.635,0.513,0.187,9.82,-3.10,0.28,0.000000,0.000000,396.35
27.46,95421.55,43.03,503.52,3.78,9.04,2.90,-0.262,0.026,-0.706,9.82,-3.10,1.63,0.000000,0.000000,396.89
27.37,95408.53,43.05,504.66,5.70,7.16,1.91,0.154,-0.431,0.385,7.81,-5.01,-0.18,0.000000,0.000000,397.43
27.96,95490.06,43.06,497.53,5.33,6.85,3.34,-1.402,-1.474,0.575,7.81,-4.05,1.18,0.000000,0.000000,397.97
21.88,94590.06,43.00,576.45,9.18,2.78,2.78,-0.240,-0.492,-0.001,3.29,-8.35,0.73,0.000000,0.000000,398.51
23.12,94755.32,42.99,561.92,10.45,1.29,2.74,-0.879,-1.101,-0.213,1.78,-10.25,0.28,0.000000,0.000000,399.06
21.89,94573.94,42.95,577.87,10.12,1.60,2.26,-0.159,-0.000,-0.011,1.78,-9.78,0.28,0.000000,0.000000,399.60
23.87,94858.23,42.95,552.87,8.99,1.17,2.10,0.125,-0.394,0.034,1.27,-7.39,0.73,0.000000,0.000000,400.13
23.70,94842.22,42.95,554.28,8.55,0.20,1.61,-0.014,0.084,-0.023,0.77,-7.87,-0.63,0.000000,0.000000,400.68
23.08,94751.28,42.92,562.27,9.05,-0.63,2.81,0.118,-0.078,0.104,-0.23,-8.82,1.63,0.000000,0.000000,401.21
22.88,94720.92,42.92,564.94,9.26,-0.57,2.29,-0.476,0.046,-0.331,0.27,-8.82,0.73,0.000000,0.000000,401.75
22.98,94733.35,42.91,563.85,11.12,0.97,3.38,0.262,0.195,0.105,0.77,-10.73,0.73,0.000000,0.000000,402.29
19.67,94235.44,42.85,607.72,10.49,-0.11,1.73,-0.061,-0.293,0.201,0.77,-9.30,-0.63,0.000000,0.000000,402.84
21.36,94479.45,42.84,586.19,8.39,1.49,3.63,0.271,0.489,-0.341,2.28,-7.87,1.63,0.000000,0.000000,403.37
21.50,94503.66,42.82,584.06,8.84,0.31,2.54,0.150,-0.305,-0.165,-0.23,-8.35,-0.18,0.000000,0.000000,403.92
22.24,94619.13,42.84,573.90,8.82,0.47,2.13,-0.472,0.132,-0.210,0.27,-8.35,0.28,0.000000,0.000000,404.45
22.40,94641.73,42.83,571.91,10.86,0.88,2.75,0.083,0.383,0.375,1.27,-10.73,-0.63,0.000000,0.000000,404.99
20.41,94345.19,42.79,598.03,11.66,-0.34,3.02,-0.686,0.484,-0.044,-0.23,-11.68,0.28,0.000000,0.000000,405.54
20.63,94371.42,42.75,595.72,10.38,1.83,2.65,0.368,-0.426,-0.344,1.78,-9.30,0.28,0.000000,0.000000,406.08
20.37,94334.22,42.74,599.00,9.87,1.56,2.10,0.116,-0.089,0.126,2.28,-9.30,-1.08,0.000000,0.000000,406.61
20.63,94370.24,42.71,595.82,9.15,0.60,0.30,-0.023,0.375,-0.644,1.78,-8.82,-2.44,0.000000,0.000000,407.16
21.07,94427.38,42.69,590.78,9.10,1.26,1.40,0.022,0.321,0.589,1.78,-8.35,-1.54,0.000000,0.000000,407.69
19.88,94252.63,42.66,606.20,7.78,0.79,3.17,-0.650,1.585,-0.794,1.27,-7.87,1.18,0.000000,0.000000,408.23
22.41,94628.70,42.67,573.05,0.94,1.86,9.17,-0.047,0.314,0.255,1.78,-0.72,7.97,0.000000,0.000000,408.77
21.17,94452.09,42.66,588.61,1.98,0.84,11.06,-0.101,-0.168,-0.382,0.77,-3.58,8.42,0.000000,0.000000,409.32
21.53,94504.23,42.65,584.01,-0.51,1.52,10.60,0.148,0.240,0.031,1.27,-0.72,8.88,0.000000,0.000000,409.86
21.67,94527.61,42.64,581.95,-1.18,2.09,9.44,-0.201,-0.519,0.052,1.78,0.71,7.52,0.000000,0.000000,410.40
21.22,94456.38,42.63,588.23,-1.06,0.66,8.97,-0.034,-0.549,-0.102,0.27,0.71,7.52,0.000000,0.000000,410.94
21.26,94464.20,42.66,587.54,-0.81,1.34,8.73,0.141,-0.406,-0.288,2.28,0.24,7.07,0.000000,0.000000,411.48
21.34,94474.95,42.64,586.59,-0.15,-0.70,10.32,-0.058,-0.182,-0.296,-0.74,0.71,8.42,0.000000,0.000000,412.02
22.86,94702.07,42.68,566.60,1.20,0.84,10.21,0.014,-0.123,-0.224,0.77,-2.15,7.97,0.000000,0.000000,412.56
23.42,94789.76,42.69,558.89,1.00,1.12,9.67,-0.052,-0.102,0.025,1.27,-1.67,7.52,0.000000,0.000000,413.10
21.84,94554.69,42.67,579.57,0.17,1.82,8.04,0.752,-0.618,0.472,2.28,-1.19,7.97,0.000000,0.000000,413.64
20.73,94391.86,42.66,593.92,1.43,4.78,6.28,1.732,-0.297,0.279,4.79,-0.72,5.71,0.000000,0.000000,414.18
21.26,94448.79,42.63,588.90,2.32,9.96,3.67,0.935,-0.160,-0.038,10.32,-2.15,2.09,0.000000,0.000000,414.72
23.30,94764.91,42.67,561.07,1.61,9.19,1.26,-0.204,-0.326,-0.198,9.82,-2.62,-0.18,0.000000,0.000000,415.26
25.52,95101.91,42.70,531.50,1.38,9.20,-0.10,0.449,0.176,-0.071,9.32,-1.19,-1.54,0.000000,0.000000,415.80
25.54,95102.89,42.73,531.41,1.44,8.91,2.17,0.166,-0.925,-0.060,9.32,-1.19,0.28,0.000000,0.000000,416.34
25.10,95044.36,42.77,536.54,2.64,11.66,0.16,0.275,0.499,0.596,11.83,-2.62,-2.44,0.000000,0.000000,416.88
22.90,94714.48,42.76,565.51,5.62,8.73,-3.49,1.244,-0.095,0.694,8.81,-5.01,-5.16,0.000000,0.000000,417.42
24.02,94882.52,42.79,550.74,4.34,0.73,-7.82,0.135,-0.210,0.296,1.27,-2.62,-10.14,0.000000,0.000000,417.96
23.08,94742.69,42.78,563.03,5.93,0.11,-7.43,1.410,1.304,0.357,-0.23,-5.96,-9.69,0.000000,0.000000,418.50
23.29,94767.67,42.76,560.83,7.21,-5.41,0.02,-0.496,-0.298,0.510,-5.26,-5.48,-2.89,0.000000,0.000000,419.04
23.00,94724.11,42.76,564.66,7.76,-7.23,-4.24,0.061,-0.760,-0.304,-6.77,-5.96,-5.16,0.000000,0.000000,419.58
23.01,94724.25,42.75,564.65,6.28,-7.46,-1.12,0.403,-0.139,0.004,-6.77,-6.44,-1.99,0.000000,0.000000,420.12
23.12,94737.53,42.76,563.48,7.13,-5.29,-1.64,-0.585,0.245,-0.281,-5.26,-5.48,-4.25,0.000000,0.000000,420.66
23.29,94765.99,42.74,560.98,7.30,-2.58,-2.65,1.072,-0.726,-0.823,-2.24,-5.48,-4.25,0.000000,0.000000,421.20
21.13,94445.88,42.70,589.15,9.13,-2.75,1.44,0.018,-0.098,-0.065,-2.75,-8.35,-1.08,0.000000,0.000000,421.74
21.50,94496.30,42.69,584.71,8.48,-4.80,2.02,0.424,0.253,0.340,-4.25,-8.35,-0.63,0.000000,0.000000,422.28
25.72,95131.98,42.75,528.86,6.93,-3.23,5.10,0.316,0.582,0.585,-2.75,-6.92,2.54,0.000000,0.000000,422.82
19.17,94157.64,42.67,614.59,6.86,-2.28,5.80,0.086,0.020,-0.059,-1.24,-7.39,5.26,0.000000,0.000000,423.36
23.94,94852.95,42.69,553.34,5.49,-3.99,5.85,0.353,0.271,0.111,-4.25,-5.01,4.35,0.000000,0.000000,423.90
25.22,95056.84,42.70,535.45,1.88,-2.42,9.01,-0.011,0.745,-0.385,-2.24,-2.15,6.61,0.000000,0.000000,424.44
26.42,95235.73,42.71,519.77,3.45,-3.66,8.15,-0.437,0.095,-0.032,-3.75,-3.10,4.35,0.000000,0.000000,424.99
23.08,94746.14,42.65,562.72,1.43,-4.28,8.65,-0.526,0.721,0.183,-3.75,-2.15,7.52,0.000000,0.000000,425.53
23.14,94751.42,42.62,562.26,0.86,-6.69,6.06,-0.854,0.616,-0.336,-6.26,-1.67,5.71,0.000000,0.000000,426.07
17.99,93950.25,42.44,629.76,0.77,-7.21,3.70,-0.977,0.465,-0.112,-5.76,-0.72,2.54,0.000000,0.000000,426.61
19.66,94220.50,42.43,609.04,3.72,-10.24,-0.74,-0.632,-0.363,-0.231,-9.78,-2.62,-1.99,0.000000,0.000000,427.15
25.75,95127.94,42.45,529.22,1.06,-9.14,-1.92,-0.123,0.707,0.249,-8.27,1.19,-3.35,0.000000,0.000000,427.69
19.66,94237.42,42.37,607.54,6.14,-9.25,-1.77,-0.945,0.758,-1.432,-8.27,-5.48,-3.35,0.000000,0.000000,428.23
19.58,94205.69,42.32,610.34,7.88,-4.69,-1.69,-1.924,0.097,-0.738,-4.25,-6.44,-3.35,0.000000,0.000000,428.77
21.35,94463.92,42.30,587.56,7.35,-1.53,-6.72,-0.713,0.084,0.060,-0.74,-5.96,-7.87,0.000000,0.000000,429.31
21.18,94443.59,42.30,589.35,8.72,1.76,-4.61,-2.096,-0.383,-0.326,2.78,-6.92,-6.06,0.000000,0.000000,429.85
22.52,94638.59,42.30,572.18,9.26,1.26,-4.30,-2.038,0.157,0.185,1.27,-7.87,-6.97,0.000000,0.000000,430.39
25.59,95096.88,42.34,531.94,8.44,2.72,-3.02,0.788,-0.194,0.124,2.78,-7.87,-4.25,0.000000,0.000000,430.93
24.97,95016.72,42.33,538.97,7.62,3.79,-1.04,-1.269,-0.823,-0.880,4.29,-6.44,-3.35,0.000000,0.000000,431.47
24.63,94966.81,42.32,543.34,8.98,4.40,-1.35,-0.658,0.060,0.248,4.79,-7.87,-3.80,0.000000,0.000000,432.01
24.66,94877.16,42.28,542.95,9.35,3.56,-0.51,-0.076,0.138,0.102,3.29,-8.82,-2.89,0.000000,0.000000,432.55
24.50,94939.77,42.26,545.72,7.94,4.03,2.03,-0.655,-0.249,-0.604,4.29,-6.92,-0.63,0.000000,0.000000,433.09
24.63,94970.75,42.21,543.00,9.08,5.20,2.55,-0.516,-0.098,-0.336,5.30,-7.39,-0.18,0.000000,0.000000,433.63
24.76,94980.81,42.19,542.12,7.89,4.17,1.74,-0.317,-0.056,-0.142,4.29,-7.39,-1.54,0.000000,0.000000,434.17
24.51,94944.97,42.19,545.26,7.89,4.35,4.39,-0.695,-0.092,-0.582,5.30,-8.82,2.09,0.000000,0.000000,434.71
23.58,94808.55,42.16,557.24,7.72,6.45,4.92,-0.271,0.347,0.028,6.80,-6.92,2.54,0.000000,0.000000,435.25
24.76,94985.29,42.16,541.72,7.90,4.93,3.20,0.075,-0.148,0.374,4.29,-7.39,0.28,0.000000,0.000000,435.79
22.86,94707.13,42.12,566.15,8.81,3.94,3.63,-1.005,0.207,-0.314,4.29,-8.35,0.73,0.000000,0.000000,436.33
22.78,94688.77,42.09,567.77,9.34,4.40,4.02,-0.386,0.283,-0.055,4.79,-7.87,0.73,0.000000,0.000000,436.87
22.82,94693.73,42.04,567.33,7.65,4.63,2.68,0.249,-0.642,0.511,5.30,-7.87,0.28,0.000000,0.000000,437.41
22.64,94665.45,42.01,569.82,8.20,3.23,3.27,-0.386,-0.169,-0.442,3.79,-8.82,-0.18,0.000000,0.000000,437.95
25.08,95026.00,42.01,538.15,8.75,6.22,4.36,-0.921,0.901,-0.094,6.80,-9.78,1.18,0.000000,0.000000,438.49
22.87,94703.44,41.97,566.48,6.64,4.50,2.56,0.547,-0.149,0.274,5.30,-7.87,-0.18,0.000000,0.000000,439.03
23.09,94735.63,41.92,563.65,8.33,3.65,2.96,-0.413,-0.564,-0.472,3.79,-8.82,0.28,0.000000,0.000000,439.57
24.77,94985.89,41.87,541.67,7.81,5.38,3.51,0.260,0.013,0.393,5.80,-7.87,2.09,0.000000,0.000000,440.11
22.79,94687.42,41.81,567.89,9.40,4.29,2.14,-0.106,-0.459,0.252,4.29,-8.82,1.18,0.000000,0.000000,440.65
22.73,94676.32,41.74,568.86,8.39,4.54,2.05,-0.070,0.249,-0.097,5.30,-6.92,-1.99,0.000000,0.000000,441.19
22.79,94679.75,41.65,568.56,7.51,4.92,2.56,0.460,-0.116,0.276,5.80,-6.92,1.63,0.000000,0.000000,441.73
22.70,94674.23,41.59,569.05,9.31,2.55,3.07,-0.506,0.046,0.302,3.29,-8.35,1.63,0.000000,0.000000,442.27
22.85,94696.08,41.51,567.13,8.76,4.78,2.07,0.111,-0.165,-0.357,5.80,-6.92,0.73,0.000000,0.000000,442.81
22.88,94695.84,41.44,567.15,7.72,3.42,2.56,0.373,-0.211,0.115,4.79,-6.44,1.18,0.000000,0.000000,443.35
22.80,94684.58,41.33,568.14,9.30,2.25,3.39,-0.537,-0.215,-0.446,4.29,-7.87,2.54,0.000000,0.000000,443.89
25.09,95024.58,41.29,538.28,9.37,5.24,3.17,-0.174,-0.537,-0.076,6.30,-8.82,0.73,0.000000,0.000000,444.43
22.92,94700.77,41.19,566.71,8.76,3.68,3.16,-0.177,-0.241,0.211,4.79,-7.39,0.73,0.000000,0.000000,444.97
22.46,94636.08,41.04,572.40,8.70,1.77,1.85,-0.479,-0.105,-0.549,3.79,-7.39,0.28,0.000000,0.000000,445.51
22.30,94609.14,40.93,574.77,9.51,3.69,4.43,-0.145,0.310,-0.381,5.30,-9.30,2.99,0.000000,0.000000,446.05
21.74,94522.16,40.83,582.43,6.10,5.91,2.12,0.353,-0.367,0.295,7.81,-5.01,1.18,0.000000,0.000000,446.59
22.39,94613.56,40.73,574.39,4.99,4.05,5.73,-1.540,0.042,-0.164,5.30,-4.05,4.35,0.000000,0.000000,447.13
24.99,94998.78,40.64,540.54,5.64,2.19,8.20,0.481,-0.087,-0.612,2.78,-5.01,6.16,0.000000,0.000000,447.67
23.08,94722.13,40.60,564.84,4.98,4.22,8.04,0.124,0.729,-0.522,4.79,-4.53,6.61,0.000000,0.000000,448.21
23.10,94723.88,40.56,564.68,0.38,1.82,8.32,-0.428,0.474,-0.921,2.28,-0.24,7.97,0.000000,0.000000,448.75
23.56,94792.55,40.53,558.65,-4.33,0.64,9.26,0.221,0.291,-0.070,1.78,4.05,9.33,0.000000,0.000000,449.29
22.86,94689.22,40.51,567.73,-5.68,1.85,8.27,0.399,2.056,-0.306,1.78,4.53,8.88,0.000000,0.000000,449.83
24.66,94955.77,40.51,544.31,-9.02,-1.25,2.01,-0.011,0.087,0.280,-0.74,8.82,2.09,0.000000,0.000000,450.37
24.19,94891.81,40.51,549.93,-11.35,1.04,1.06,-0.155,0.128,0.467,1.27,11.68,2.09,0.000000,0.000000,450.91
24.78,94976.86,40.52,542.46,-9.32,1.48,-0.05,0.154,0.060,-0.165,1.27,9.78,0.28,0.000000,0.000000,451.45
23.94,94852.30,40.53,553.40,-8.33,0.14,0.61,0.083,0.277,-0.024,-0.23,8.34,1.18,0.000000,0.000000,451.99
24.87,94991.72,40.54,541.16,-11.67,1.06,0.20,-0.579,-0.206,0.108,0.77,12.16,2.09,0.000000,0.000000,452.53
24.58,94945.73,40.55,545.19,-10.22,1.45,-0.28,-0.270,-0.050,-0.170,1.27,10.25,1.18,0.000000,0.000000,453.08
24.76,94972.06,40.56,542.88,-8.93,0.03,0.87,-0.547,0.396,-0.321,-0.74,8.34,0.73,0.000000,0.000000,453.61
24.43,94927.72,40.57,546.77,-11.31,1.29,-0.29,-0.577,-0.458,-0.481,1.27,11.68,0.73,0.000000,0.000000,454.16
25.99,95148.56,40.59,527.41,-9.00,1.89,2.50,-0.373,0.112,-0.375,2.28,8.82,3.44,0.000000,0.000000,454.69
24.77,94975.41,40.60,542.59,-9.15,-1.23,-0.87,0.116,0.281,-0.013,-2.24,8.82,-1.54,0.000000,0.000000,455.24
28.90,95586.86,40.66,489.08,-9.44,-1.64,-1.71,-0.406,-0.208,-0.438,-1.24,8.82,-1.54,0.000000,0.000000,455.78
25.24,95047.16,40.68,536.30,-10.41,0.08,-0.35,-0.490,-0.442,-0.168,0.27,11.21,-0.63,0.000000,0.000000,456.32
25.24,95043.45,40.70,536.62,-7.61,1.38,0.17,-0.109,0.703,-0.733,1.27,7.39,-0.63,0.000000,0.000000,456.86
24.71,94963.63,40.70,543.62,-10.53,2.47,0.51,-1.406,-0.435,2.225,2.28,9.30,0.73,0.000000,0.000000,457.39
23.79,94832.14,40.70,555.17,-4.88,8.14,0.60,0.560,-0.019,0.824,9.32,6.91,0.28,0.000000,0.000000,457.93
26.07,95159.39,40.72,526.46,-3.09,10.14,1.38,0.458,-0.777,0.242,10.32,4.05,-0.18,0.000000,0.000000,458.48
26.05,95164.77,40.74,525.99,0.33,9.83,2.96,-0.863,-0.867,-0.015,9.32,-1.19,1.18,0.000000,0.000000,459.01
25.67,95106.33,40.76,531.11,-0.29,8.41,1.44,0.608,-0.027,-0.066,9.32,0.71,-0.18,0.000000,0.000000,459.55
26.16,95179.85,40.78,524.67,-0.48,10.14,0.80,-1.052,-0.868,0.380,11.33,1.67,-1.54,0.000000,0.000000,460.10
26.35,95206.59,40.79,522.33,0.85,10.49,1.31,0.228,0.126,0.180,11.33,-1.19,-1.54,0.000000,0.000000,460.64
26.87,95285.17,40.81,515.45,2.02,8.97,0.07,0.226,0.056,-0.298,9.82,-1.19,-1.99,0.000000,0.000000,461.17
26.93,95293.81,40.83,514.69,0.82,8.05,0.00,-0.437,-0.690,0.121,7.81,2.15,-1.08,0.000000,0.000000,461.71
26.99,95302.94,40.82,513.89,0.98,10.50,1.14,-0.016,0.279,0.047,10.82,0.71,-1.99,0.000000,0.000000,462.26
27.03,95307.80,40.84,513.47,1.53,9.53,0.77,0.340,-0.135,-0.102,9.82,0.24,-2.89,0.000000,0.000000,462.79
26.76,95271.39,40.84,516.65,-2.06,8.50,1.14,-0.115,-0.064,-0.111,9.82,3.10,-1.08,0.000000,0.000000,463.34
26.81,95274.38,40.83,516.39,-1.01,9.08,0.04,-0.527,0.826,0.151,10.32,2.15,-1.99,0.000000,0.000000,463.88
26.74,95265.02,40.80,517.21,-0.45,11.38,0.29,0.118,-0.624,-0.144,12.84,1.67,-1.99,0.000000,0.000000,464.42
26.62,95248.87,40.79,518.63,-0.53,9.68,1.42,-0.065,0.507,0.368,10.32,1.67,0.28,0.000000,0.000000,464.96
26.84,95279.52,40.79,515.94,-0.30,8.80,1.50,0.224,0.304,0.089,9.32,2.62,1.18,0.000000,0.000000,465.49
26.43,95220.69,40.77,521.09,-0.11,9.12,0.87,-0.622,-1.192,-0.107,10.32,2.15,0.28,0.000000,0.000000,466.04
27.59,95498.70,40.77,506.54,0.32,11.03,0.93,0.133,0.531,-0.169,12.33,1.67,0.28,0.000000,0.000000,466.58
28.20,95486.39,40.77,497.86,0.10,9.91,2.67,0.064,-0.155,-0.310,11.83,1.19,2.09,0.000000,0.000000,467.12
27.89,95437.82,40.76,502.10,-1.44,8.97,0.65,0.278,0.533,-0.369,9.82,2.15,0.28,0.000000,0.000000,467.66
24.66,94953.70,40.71,544.49,-1.86,8.75,1.24,-0.023,0.706,-0.230,9.82,2.62,-0.18,0.000000,0.000000,468.20
22.52,94627.81,40.64,573.13,-2.30,10.26,2.11,0.561,0.287,-0.640,10.82,2.62,1.18,0.000000,0.000000,468.74
24.78,94966.17,40.62,543.40,-2.62,8.98,1.48,0.605,0.164,-0.343,9.32,3.10,0.28,0.000000,0.000000,469.28
24.87,94976.30,40.61,542.51,-2.89,8.12,1.18,-0.160,0.265,-0.072,8.81,2.62,0.73,0.000000,0.000000,469.82
25.03,94998.93,40.58,540.53,-4.10,9.57,3.17,-0.384,-1.214,-0.178,10.82,4.53,1.18,0.000000,0.000000,470.36
25.19,95024.72,40.56,538.26,-3.33,9.02,2.07,-0.108,0.221,0.279,8.81,4.53,0.73,0.000000,0.000000,470.90
24.88,94978.11,40.53,542.35,-2.14,8.08,1.37,0.095,0.224,0.047,9.32,1.67,0.73,0.000000,0.000000,471.44
25.25,95032.16,40.51,537.61,-3.32,9.90,2.18,0.348,0.397,-0.474,10.82,5.01,0.73,0.000000,0.000000,471.98
24.84,94972.90,40.50,542.81,-3.23,8.69,1.37,0.454,0.355,-0.318,9.32,4.53,-1.08,0.000000,0.000000,472.52
25.22,95026.77,40.46,538.08,-2.99,8.32,1.23,-0.103,0.380,-0.240,9.32,5.01,-0.63,0.000000,0.000000,473.06
25.30,95040.23,40.44,536.90,-3.31,8.75,0.40,0.560,-0.759,-0.203,9.32,5.01,-1.99,0.000000,0.000000,473.60
25.20,95032.59,40.39,537.57,-1.27,10.80,-0.41,-0.162,0.376,0.444,12.33,3.58,-3.35,0.000000,0.000000,474.15
24.95,94984.72,40.35,541.77,-2.23,9.96,0.10,-0.493,0.189,0.310,10.82,4.05,-1.99,0.000000,0.000000,474.68
22.65,94643.57,40.30,571.74,-1.79,10.42,0.36,0.223,0.281,-0.263,11.33,3.58,0.73,0.000000,0.000000,475.22
22.93,94677.98,40.29,568.72,-0.68,8.47,-0.25,0.231,0.276,-0.143,9.32,2.62,-2.44,0.000000,0.000000,475.77
23.05,94694.92,40.26,567.23,-1.04,9.42,-0.95,0.171,-0.942,-0.489,10.32,2.62,-2.89,0.000000,0.000000,476.31
25.81,95103.38,40.23,531.37,-0.12,11.95,0.05,0.013,0.334,0.442,12.84,2.15,-2.89,0.000000,0.000000,476.85
25.58,95075.75,40.22,533.79,-1.32,10.19,1.01,0.094,-0.881,-0.722,11.33,3.10,-1.08,0.000000,0.000000,477.39
23.44,94745.91,40.19,562.74,-0.89,9.16,2.40,-0.073,0.304,0.372,9.82,2.62,1.63,0.000000,0.000000,477.92
23.47,94763.08,40.14,561.23,-0.91,9.77,1.87,-0.219,0.516,-0.586,11.33,2.15,1.18,0.000000,0.000000,478.47
24.93,94965.98,40.13,543.42,-2.57,9.69,3.38,0.500,0.059,-0.565,10.32,4.05,3.44,0.000000,0.000000,479.01
28.86,95559.68,40.12,491.46,-2.72,8.33,3.41,-0.871,0.920,0.540,9.32,4.53,3.44,0.000000,0.000000,479.54
27.77,95399.70,40.13,505.43,-2.82,7.95,4.94,-0.108,0.040,-0.071,8.31,3.58,5.71,0.000000,0.000000,480.09
27.46,95354.33,40.12,509.40,-2.73,7.62,5.18,-0.071,-0.006,-0.037,8.31,4.53,5.71,0.000000,0.000000,480.63
27.41,95348.59,40.09,509.90,-2.83,8.07,5.43,-0.155,-0.185,-0.024,8.81,4.53,5.71,0.000000,0.000000,481.17
27.09,95297.70,40.09,514.35,-2.76,7.13,5.82,-0.033,-0.101,-0.026,9.32,3.10,6.16,0.000000,0.000000,481.71
27.23,95319.34,40.07,512.46,-2.84,7.07,6.16,-0.112,0.082,0.064,8.31,3.58,5.71,0.000000,0.000000,482.25
27.34,95330.92,40.07,511.45,-3.35,6.54,6.37,-0.152,-0.102,-0.193,7.81,4.53,6.61,0.000000,0.000000,482.79
27.47,95352.89,40.06,509.52,-3.17,6.34,6.86,0.097,-0.121,0.032,7.31,4.05,7.07,0.000000,0.000000,483.33
27.41,95342.09,40.06,510.47,-3.21,6.20,6.82,-0.318,0.092,0.042,6.80,4.05,7.07,0.000000,0.000000,483.86
27.40,95343.59,40.05,510.34,-3.19,5.96,6.94,-0.361,0.469,0.451,6.80,4.05,7.07,0.000000,0.000000,484.41
28.12,95447.08,40.04,501.29,-3.24,5.84,7.23,-0.208,-0.232,-0.202,5.30,4.05,6.61,0.000000,0.000000,484.95
27.85,95405.28,40.03,504.94,-3.24,5.00,7.59,-0.153,-0.063,-0.220,5.80,3.58,7.07,0.000000,0.000000,485.49
28.23,95464.61,40.04,499.76,-3.25,4.38,8.15,0.021,-0.243,0.036,5.30,4.53,7.97,0.000000,0.000000,486.03
27.83,95407.10,40.00,504.78,-2.89,3.46,7.90,-0.515,-0.277,-0.258,3.79,3.10,7.52,0.000000,0.000000,486.57
27.47,95350.64,40.02,509.72,-2.68,3.26,8.50,0.061,-0.001,-0.051,3.79,3.10,8.42,0.000000,0.000000,487.11
27.03,95280.95,40.00,515.82,-3.17,3.31,8.50,0.039,0.073,0.109,4.29,3.10,7.97,0.000000,0.000000,487.65
27.31,95319.25,39.97,512.47,-3.46,2.57,8.55,0.112,-0.002,-0.883,2.78,3.10,8.42,0.000000,0.000000,488.19
26.47,95197.73,39.97,523.10,-4.28,1.88,8.36,-0.055,-0.190,-0.308,0.77,3.58,7.52,0.000000,0.000000,488.73
24.25,94870.00,39.96,551.84,-4.18,1.45,8.52,0.059,-0.009,-0.072,2.28,4.53,7.97,0.000000,0.000000,489.27
24.34,94879.48,39.93,551.01,-4.55,1.82,8.51,0.049,-0.056,-0.025,1.78,4.05,7.52,0.000000,0.000000,489.81
24.27,94865.97,39.92,552.20,-4.44,1.74,8.50,0.054,-0.049,-0.100,1.27,4.05,7.52,0.000000,0.000000,490.35
24.35,94877.17,39.92,551.21,-4.58,1.82,8.38,0.011,-0.045,-0.030,1.78,4.53,7.97,0.000000,0.000000,490.89
24.34,94873.10,39.92,551.57,-4.51,1.80,8.42,0.010,-0.052,-0.026,1.78,3.58,7.97,0.000000,0.000000,491.43
24.38,94880.59,39.91,550.91,-4.57,1.99,8.33,-0.023,-0.054,-0.045,2.28,4.05,7.97,0.000000,0.000000,491.97
24.34,94875.69,39.92,551.34,-4.67,2.04,8.26,-0.009,-0.054,-0.044,1.78,4.05,8.42,0.000000,0.000000,492.51
24.41,94884.30,39.91,550.59,-4.68,2.08,8.29,-0.008,-0.032,-0.038,1.78,3.58,7.97,0.000000,0.000000,493.05
24.39,94880.86,39.91,550.89,-4.82,2.19,8.22,0.043,-0.017,-0.072,2.78,4.53,8.42,0.000000,0.000000,493.59
24.39,94880.86,39.92,550.89,-4.92,2.05,8.05,-0.013,-0.053,-0.050,1.78,3.58,7.52,0.000000,0.000000,494.13
24.17,94845.55,39.90,553.99,-4.38,1.92,9.09,-0.054,-0.249,-0.114,1.78,3.10,7.97,0.000000,0.000000,494.67
24.40,94875.92,39.91,551.32,-3.91,1.80,8.81,-0.504,-0.577,0.603,2.28,3.58,7.97,0.000000,0.000000,495.21
23.92,94804.08,39.91,557.63,-0.87,1.75,9.82,-0.283,0.013,0.046,2.78,-1.67,9.78,0.000000,0.000000,495.75
22.17,94545.47,39.89,580.38,-0.31,-0.54,9.32,0.383,-0.187,-0.467,-0.23,-1.19,7.97,0.000000,0.000000,496.29
22.53,94597.38,39.88,575.81,0.85,1.99,8.96,-1.296,0.102,-0.224,2.28,-1.19,7.52,0.000000,0.000000,496.83
23.46,94731.45,39.87,564.02,-0.12,1.15,10.45,-0.303,-0.064,0.279,1.78,-0.24,9.33,0.000000,0.000000,497.37
23.43,94728.31,39.87,564.29,-0.13,0.42,9.54,-0.166,-0.225,-0.196,0.77,-0.24,7.97,0.000000,0.000000,497.91
23.46,94730.98,39.87,564.06,-0.18,1.21,9.99,-0.412,0.454,-0.138,2.28,0.24,9.78,0.000000,0.000000,498.45
22.96,94652.97,39.86,570.92,-0.96,-0.09,8.89,1.024,0.308,0.680,-0.23,1.67,7.52,0.000000,0.000000,498.99
23.96,94794.91,39.89,558.44,-2.57,9.72,3.51,0.132,1.363,-0.470,10.32,4.05,2.99,0.000000,0.000000,499.53
26.50,95183.13,39.90,524.38,-8.22,-1.74,2.79,-1.026,0.049,-4.487,-0.74,8.34,3.44,0.000000,0.000000,500.07
26.45,95363.56,39.91,525.23,-1.84,-9.77,-0.22,0.144,0.813,-0.760,-8.78,3.58,-1.08,0.000000,0.000000,500.61
23.79,94790.59,39.91,558.82,-2.66,-9.31,2.22,0.638,-0.083,0.035,-8.27,3.58,2.54,0.000000,0.000000,501.16
23.22,94694.91,39.90,567.23,0.02,-8.60,2.46,-0.096,0.073,-0.133,-6.77,0.71,2.09,0.000000,0.000000,501.69
20.28,94273.20,39.86,604.38,-3.33,-9.18,0.93,0.775,-0.168,0.442,-8.27,5.48,1.63,0.000000,0.000000,502.23
18.93,94052.45,39.83,623.89,-3.67,-10.10,0.50,-0.065,-0.383,-0.049,-8.27,4.53,0.73,0.000000,0.000000,502.78
22.82,94633.04,39.84,572.67,-1.37,-9.38,2.01,-0.201,0.172,-0.172,-7.77,3.10,2.99,0.000000,0.000000,503.32
21.92,94500.91,39.82,584.30,-1.39,-7.53,0.35,1.396,-0.339,-0.013,-6.77,2.15,0.28,0.000000,0.000000,503.86
21.01,94366.88,39.84,596.12,0.09,-9.40,0.17,-0.142,-0.935,0.319,-7.77,1.19,-0.18,0.000000,0.000000,504.39
21.68,94464.12,39.83,587.55,-1.76,-9.71,1.30,0.154,-0.966,0.338,-8.78,3.10,1.18,0.000000,0.000000,504.94
26.49,95168.47,39.86,525.66,-5.27,-7.57,5.84,0.007,-0.702,0.653,-6.77,5.48,6.16,0.000000,0.000000,505.47
21.92,94492.04,39.82,585.09,-0.99,-7.21,8.89,-1.130,-0.194,-0.312,-7.27,0.71,8.88,0.000000,0.000000,506.02
23.07,94659.33,39.83,570.36,1.59,-10.20,-1.79,0.432,-0.195,-0.318,-10.29,-0.24,-3.35,0.000000,0.000000,506.56
27.18,95277.29,39.87,516.14,-1.05,-8.92,0.84,-0.662,-0.325,-0.189,-8.78,1.67,0.28,0.000000,0.000000,507.10
26.88,95239.64,39.89,519.43,0.36,-10.62,1.95,0.257,-0.448,-0.118,-10.29,0.71,0.28,0.000000,0.000000,507.64
26.59,95194.61,39.90,523.38,3.85,-9.14,-0.03,-0.059,0.734,0.011,-8.78,-2.62,-2.44,0.000000,0.000000,508.18
26.42,95172.19,39.91,525.34,-0.10,-8.61,0.80,0.252,-0.269,0.556,-8.78,0.71,-0.63,0.000000,0.000000,508.72
26.50,95183.55,39.91,524.34,-1.06,-9.41,0.50,-0.080,-0.496,-0.191,-8.78,1.19,-0.63,0.000000,0.000000,509.26
26.48,95177.96,39.93,524.83,2.20,-9.01,1.08,-0.010,-0.151,-0.071,-8.27,-1.67,-1.08,0.000000,0.000000,509.80
26.41,95170.10,39.91,525.52,-1.51,-9.00,1.80,0.065,-0.343,0.467,-9.28,1.19,0.73,0.000000,0.000000,510.34
26.41,95168.58,39.91,525.65,-0.94,-9.49,1.55,0.072,0.038,-0.343,-8.27,0.24,-0.63,0.000000,0.000000,510.88
26.43,95171.55,39.90,525.40,1.81,-9.20,1.26,-0.123,-0.332,0.140,-9.78,-1.19,-0.18,0.000000,0.000000,511.42
26.54,95186.63,39.90,524.07,-0.71,-9.76,-0.49,0.018,0.244,-0.034,-9.28,1.19,-1.54,0.000000,0.000000,511.96
26.46,95177.77,39.88,524.85,-0.10,-12.57,-0.64,0.234,-0.067,-0.146,-11.79,-0.24,-1.99,0.000000,0.000000,512.50
26.46,95177.65,39.86,524.86,1.40,-9.37,-2.01,-0.396,-0.136,0.054,-8.78,-2.15,-4.25,0.000000,0.000000,513.04
26.30,95152.60,39.86,527.05,0.55,-9.49,-4.20,-0.196,0.051,0.075,-8.78,-0.24,-6.52,0.000000,0.000000,513.58
26.23,95138.55,39.85,528.29,0.74,-11.11,-3.43,-0.382,-0.385,-0.573,-9.78,0.71,-3.80,0.000000,0.000000,514.12
25.92,95092.89,39.82,532.29,1.60,-8.25,-2.69,0.101,0.061,0.068,-7.77,0.71,-5.61,0.000000,0.000000,514.66
26.42,95168.33,39.81,525.68,1.27,-9.19,-4.94,0.171,0.276,-0.010,-9.28,1.19,-7.87,0.000000,0.000000,515.20
26.41,95167.09,39.81,525.79,1.87,-11.52,-2.46,0.063,0.003,-0.097,-11.29,0.24,-5.61,0.000000,0.000000,515.74
26.19,95133.00,39.79,528.77,1.18,-8.57,-1.75,-0.099,-0.024,0.059,-8.27,0.24,-4.25,0.000000,0.000000,516.28
26.17,95129.46,39.78,529.08,0.45,-8.69,-2.73,0.277,0.128,0.095,-7.77,0.71,-6.06,0.000000,0.000000,516.82
26.16,95128.31,39.77,529.18,1.07,-8.88,-0.18,-0.120,-0.429,-0.288,-7.77,-0.24,-0.63,0.000000,0.000000,517.36
26.05,95109.89,39.77,530.80,1.82,-9.78,-1.16,-0.137,0.032,0.078,-9.28,-1.19,-2.89,0.000000,0.000000,517.90
26.05,95111.08,39.75,530.69,0.09,-8.94,-1.91,-0.199,-0.138,-0.145,-7.77,1.67,-2.89,0.000000,0.000000,518.44
26.40,95250.11,39.72,518.52,1.74,-9.22,-2.61,-0.856,-0.057,-0.300,-7.77,0.24,-2.89,0.000000,0.000000,518.98
26.10,95116.56,39.72,530.21,1.75,-9.47,-1.36,-0.168,-0.036,0.230,-8.78,-0.24,-2.89,0.000000,0.000000,519.52
25.96,95094.95,39.69,532.11,-0.27,-9.28,-1.34,0.110,-0.011,0.009,-8.27,2.62,-2.89,0.000000,0.000000,520.06
26.06,95112.91,39.69,530.53,2.45,-9.49,-3.82,-0.289,0.235,-0.276,-8.27,-0.24,-4.25,0.000000,0.000000,520.60
20.04,94207.63,39.61,610.17,0.10,-9.05,-0.27,0.208,-0.676,-0.544,-7.77,1.19,-0.63,0.000000,0.000000,521.14
21.55,94417.56,39.54,591.65,-3.31,-9.19,0.33,-0.690,-0.980,1.001,-8.27,4.53,0.28,0.000000,0.000000,521.68
26.45,95167.44,39.54,525.75,-3.04,-8.71,1.64,-0.903,-0.779,-0.047,-7.77,4.05,2.09,0.000000,0.000000,522.22
23.45,94718.80,39.53,565.13,-2.93,-10.15,0.10,-0.358,0.213,-0.232,-9.28,3.58,0.28,0.000000,0.000000,522.76
23.78,94769.63,39.52,560.66,-1.24,-9.65,-0.41,-0.280,0.038,-0.127,-9.28,2.62,-0.63,0.000000,0.000000,523.30
24.01,94804.86,39.51,557.56,-1.23,-9.54,-1.05,0.142,0.360,0.090,-8.78,2.15,-1.54,0.000000,0.000000,523.84
24.53,94879.77,39.51,550.98,-0.76,-9.63,0.02,0.884,0.562,-0.738,-8.78,2.15,-0.63,0.000000,0.000000,524.38
24.45,94866.13,39.52,552.18,-1.43,-10.20,-0.51,0.051,-0.306,-0.067,-10.29,3.10,-1.54,0.000000,0.000000,524.93
23.92,94789.81,39.49,558.89,-2.13,-8.94,-0.38,0.001,0.059,-0.074,-8.78,2.62,0.28,0.000000,0.000000,525.46
24.23,94835.20,39.47,554.90,-2.11,-8.56,-0.28,0.394,0.043,-0.334,-9.28,3.10,-0.18,0.000000,0.000000,526.00
23.59,94741.42,39.47,563.14,-2.17,-10.54,-1.50,-0.435,0.233,-0.385,-9.28,2.62,-1.54,0.000000,0.000000,526.55
24.21,94830.38,39.47,555.32,-0.23,-9.70,0.08,1.370,0.510,-0.700,-9.78,2.15,-2.44,0.000000,0.000000,527.09
23.77,94765.23,39.46,561.05,-0.61,-8.93,0.77,-0.011,-0.334,0.122,-8.27,1.67,-0.63,0.000000,0.000000,527.63
24.14,94817.53,39.46,556.45,0.48,-9.08,1.99,-0.407,-0.274,-0.415,-9.28,0.71,-1.99,0.000000,0.000000,528.17
23.73,94754.23,39.45,562.01,-0.33,-10.89,-0.50,0.644,-0.005,0.397,-9.78,1.19,-1.08,0.000000,0.000000,528.71
24.85,94921.22,39.46,547.34,-1.69,-9.86,2.93,-0.232,0.087,-0.424,-8.78,2.62,3.90,0.000000,0.000000,529.25
24.57,94875.70,39.45,551.34,-1.12,-11.62,1.36,-0.416,-0.836,-0.264,-10.79,3.10,1.18,0.000000,0.000000,529.79
24.55,94878.06,39.46,551.13,-1.19,-9.12,2.57,-0.401,0.830,-0.429,-7.77,3.10,2.54,0.000000,0.000000,530.33
24.69,94895.84,39.45,549.57,-0.33,-9.83,0.68,0.467,0.204,-0.908,-8.78,1.19,0.28,0.000000,0.000000,530.87
24.19,94857.92,39.47,556.18,3.14,-8.37,2.82,0.634,0.058,0.213,-7.27,-2.15,1.63,0.000000,0.000000,531.41
25.52,95019.59,39.46,538.71,2.65,-11.57,1.89,-0.134,-0.016,-0.187,-10.29,-1.67,1.18,0.000000,0.000000,531.97
25.51,95021.07,39.46,538.58,1.98,-8.80,1.74,-0.281,-0.595,0.370,-8.27,-2.15,0.28,0.000000,0.000000,532.51
26.12,95111.15,39.49,530.69,1.41,-8.97,2.94,-0.067,-0.559,0.035,-8.27,-1.67,2.09,0.000000,0.000000,533.05
25.30,94989.14,39.48,541.38,0.22,-8.48,1.32,-0.356,-0.442,-0.055,-8.27,0.24,0.28,0.000000,0.000000,533.59
25.94,95083.09,39.49,533.15,-0.27,-9.46,1.78,0.000,-1.056,0.547,-9.28,-0.24,0.28,0.000000,0.000000,534.13
25.21,94976.41,39.47,542.50,0.71,-9.52,2.27,0.527,-1.153,-0.409,-8.27,-0.24,0.73,0.000000,0.000000,534.67
26.22,95125.13,39.46,529.46,-1.68,-8.51,2.20,0.362,0.096,-0.573,-7.77,1.19,1.63,0.000000,0.000000,535.21
24.94,94935.61,39.46,546.08,1.45,-9.17,0.88,0.107,0.112,-0.065,-8.27,-1.19,-1.08,0.000000,0.000000,535.75
25.00,94943.54,39.45,545.39,-2.20,-9.23,3.14,0.346,-0.989,0.338,-8.78,2.15,2.09,0.000000,0.000000,536.29
25.45,95006.91,39.46,539.83,-0.94,-10.24,2.56,0.471,0.592,-0.305,-9.28,1.67,0.28,0.000000,0.000000,536.83
25.16,94966.31,39.47,543.39,1.44,-8.28,2.00,-0.055,-0.140,0.011,-7.77,0.24,1.18,0.000000,0.000000,537.37
25.86,95067.86,39.47,534.48,-0.18,-8.19,3.95,-0.272,-0.049,0.073,-8.27,-2.15,2.54,0.000000,0.000000,537.91
25.58,95029.05,39.48,537.88,1.47,-9.44,3.84,-0.407,0.868,-0.341,-8.78,-2.15,2.09,0.000000,0.000000,538.45
25.74,95052.36,39.49,535.84,1.02,-9.34,-0.66,-0.418,0.311,-0.073,-8.78,0.24,-3.35,0.000000,0.000000,538.99
25.11,94957.84,39.51,544.13,-1.13,-7.94,1.19,-0.047,-0.851,-0.075,-7.27,0.71,-0.63,0.000000,0.000000,539.54
25.44,95001.06,39.51,540.34,-1.19,-9.51,0.23,-0.152,0.157,-0.620,-8.78,1.67,-0.63,0.000000,0.000000,540.07
25.20,94966.55,39.51,543.37,-0.22,-8.35,0.97,0.195,-0.218,-0.743,-7.77,2.15,-1.54,0.000000,0.000000,540.61
25.61,95031.15,39.52,537.70,-0.14,-9.09,3.32,0.097,-0.504,-0.714,-7.77,1.19,2.54,0.000000,0.000000,541.15
25.06,94945.77,39.52,545.19,-0.69,-9.44,2.50,-0.176,-0.250,0.417,-9.28,2.62,0.28,0.000000,0.000000,541.69
25.62,95030.69,39.54,537.74,2.48,-12.66,2.36,0.739,1.035,-0.429,-9.78,-1.67,-1.54,0.000000,0.000000,542.24
26.17,95110.11,39.55,530.78,0.86,-14.57,3.40,0.359,-1.421,1.123,-15.81,-0.72,2.09,0.000000,0.000000,542.78
25.50,95015.14,39.56,539.10,-0.99,-9.57,2.00,0.143,-0.086,-0.253,-8.78,2.15,-0.63,0.000000,0.000000,543.32
25.82,95057.30,39.57,535.41,-0.01,-7.93,2.11,-0.150,0.339,-0.219,-7.27,1.19,1.63,0.000000,0.000000,543.85
25.42,95001.22,39.58,540.32,-1.20,-11.07,3.01,0.290,-1.779,0.501,-9.28,1.67,1.63,0.000000,0.000000,544.39
25.37,94992.57,39.56,541.08,-1.61,-9.40,1.85,-0.277,-2.263,0.628,-8.27,3.10,2.09,0.000000,0.000000,544.93
21.88,94481.15,39.57,586.05,-1.55,-8.79,2.15,0.288,0.782,-0.343,-7.27,3.10,3.90,0.000000,0.000000,545.47
22.43,94549.02,39.55,580.07,0.35,-11.16,-0.61,-0.085,-0.787,-0.131,-10.29,1.19,-0.63,0.000000,0.000000,546.02
18.92,94025.24,39.49,626.29,-0.06,-9.38,0.13,-0.438,-0.101,-1.109,-9.28,2.15,-0.18,0.000000,0.000000,546.56
20.53,94251.98,39.48,606.26,-1.46,-8.94,0.42,0.037,-0.496,-0.167,-7.27,2.15,0.28,0.000000,0.000000,547.09
19.96,94165.89,39.44,613.86,-0.19,-9.94,1.00,0.525,-0.182,-0.133,-9.28,1.67,0.28,0.000000,0.000000,547.63
19.99,94165.92,39.42,613.86,0.26,-10.94,0.51,-0.424,0.276,-0.257,-9.78,0.71,0.73,0.000000,0.000000,548.18
19.06,94031.05,39.40,625.78,0.61,-9.21,0.15,-0.038,0.797,0.053,-7.77,1.19,-1.08,0.000000,0.000000,548.72
16.63,93671.70,39.37,657.61,2.02,-9.48,-0.93,0.301,-0.560,-0.173,-8.78,-1.67,-1.08,0.000000,0.000000,549.26
16.29,93612.58,39.32,662.86,1.87,-8.95,0.64,-0.096,-0.322,-0.200,-7.77,-1.19,0.73,0.000000,0.000000,549.80
16.18,93595.38,39.31,664.39,1.54,-10.25,0.66,0.354,-0.336,0.145,-9.78,-1.67,-0.63,0.000000,0.000000,550.34
17.78,93825.97,39.30,643.93,1.67,-9.73,0.30,-0.205,0.844,-0.224,-8.78,-2.15,-0.18,0.000000,0.000000,550.88
15.41,93479.20,39.28,674.71,-0.76,-9.20,0.87,0.169,0.501,0.311,-8.27,1.19,0.28,0.000000,0.000000,551.42
17.37,93764.48,39.28,649.38,-1.46,-9.12,1.66,0.105,-0.536,-0.110,-8.78,2.15,0.73,0.000000,0.000000,551.96
16.54,93650.36,39.28,659.51,0.29,-11.63,0.04,0.394,0.402,0.317,-10.79,-0.72,0.28,0.000000,0.000000,552.50
18.69,93957.03,39.29,632.33,-0.40,-9.79,2.54,0.385,0.276,-1.744,-8.78,-0.72,0.73,0.000000,0.000000,553.04
21.75,94420.39,39.33,591.40,3.10,-8.72,1.66,-1.065,0.493,0.917,-8.27,-3.58,0.73,0.000000,0.000000,553.58
22.52,94540.59,39.38,580.81,0.43,-9.34,1.73,0.167,-0.568,0.402,-8.27,-1.19,1.63,0.000000,0.000000,554.12
22.27,94509.81,39.41,583.52,1.71,-10.06,1.98,-0.001,-1.253,0.196,-8.78,-1.19,2.09,0.000000,0.000000,554.66
22.12,94493.83,39.46,584.93,3.66,-10.34,0.40,0.286,0.512,0.021,-8.78,-3.58,-0.63,0.000000,0.000000,555.20
22.28,94511.80,39.47,583.35,1.27,-9.45,1.77,0.270,0.520,0.091,-8.27,-0.72,0.73,0.000000,0.000000,555.74
23.04,94625.69,39.51,573.32,3.47,-10.10,3.83,0.572,-0.431,-0.269,-8.78,-3.10,2.99,0.000000,0.000000,556.28
23.95,94763.97,39.54,561.16,2.03,-8.31,2.86,-0.119,-0.023,0.463,-7.27,-1.19,2.99,0.000000,0.000000,556.82
23.43,94685.86,39.56,568.02,1.19,-9.40,1.71,-0.602,0.831,-0.233,-8.27,0.24,1.63,0.000000,0.000000,557.36
23.71,94730.76,39.56,564.08,1.42,-10.44,3.18,0.018,-0.358,0.184,-9.28,-0.24,3.44,0.000000,0.000000,557.90
23.67,94723.14,39.59,564.75,0.15,-8.84,1.55,-0.187,0.067,0.267,-7.27,0.24,-0.63,0.000000,0.000000,558.44
23.28,94664.32,39.59,569.92,0.76,-8.01,0.99,-0.764,0.549,-0.192,-6.77,0.24,2.09,0.000000,0.000000,558.98
24.43,94834.70,39.60,554.94,0.08,-11.45,0.26,0.321,-1.008,0.218,-10.29,1.67,0.73,0.000000,0.000000,559.52
23.90,94756.25,39.62,561.84,1.69,-9.79,1.21,0.028,0.224,-0.463,-8.27,-0.72,0.28,0.000000,0.000000,560.06
23.17,94652.00,39.61,571.00,-0.59,-7.97,1.52,-0.432,0.057,0.264,-7.77,1.67,1.63,0.000000,0.000000,560.60
23.32,94674.55,39.63,569.02,0.67,-8.44,1.20,0.576,-0.495,0.640,-7.27,-0.24,0.73,0.000000,0.000000,561.14
23.14,94640.30,39.62,572.03,0.25,-10.67,2.45,-0.670,1.375,-0.601,-9.78,1.19,2.99,0.000000,0.000000,561.68
24.37,94829.42,39.65,555.41,-1.05,-13.02,3.55,0.652,-0.245,1.027,-13.30,1.19,3.44,0.000000,0.000000,562.22
23.74,94734.83,39.65,563.72,1.39,-8.95,2.13,-0.005,0.080,-0.319,-7.77,-1.19,2.09,0.000000,0.000000,562.76
23.73,94732.21,39.65,563.95,-0.76,-9.06,1.21,-0.146,0.474,-0.106,-8.27,1.67,1.18,0.000000,0.000000,563.30
24.02,94774.99,39.68,560.19,-1.56,-8.96,2.71,-0.248,-0.880,0.997,-7.77,1.19,2.99,0.000000,0.000000,563.85
24.11,94789.91,39.67,558.88,-0.30,-10.43,0.68,-0.149,0.260,-0.570,-10.29,0.24,0.73,0.000000,0.000000,564.39
24.45,94837.66,39.67,554.68,-1.49,-9.16,0.76,0.271,0.303,0.081,-8.78,1.67,0.28,0.000000,0.000000,564.92
25.12,94938.27,39.70,545.85,-1.78,-9.19,0.01,0.033,-0.336,-0.056,-8.27,1.67,-1.54,0.000000,0.000000,565.47
25.61,95014.02,39.71,539.20,-1.97,-10.62,-0.95,0.066,0.049,-0.232,-11.29,2.62,-0.63,0.000000,0.000000,566.01
24.83,94900.12,39.73,549.20,-0.53,-9.50,0.40,0.074,-0.488,-0.453,-8.78,1.19,-1.54,0.000000,0.000000,566.55
24.27,94815.14,39.72,556.66,0.73,-9.41,0.22,-0.055,0.271,0.075,-8.27,-2.15,-1.08,0.000000,0.000000,567.09
24.14,94793.68,39.72,558.55,0.32,-9.86,0.60,-0.005,0.327,0.109,-8.78,-0.72,-0.18,0.000000,0.000000,567.63
24.20,94805.17,39.72,557.54,0.87,-10.28,1.67,0.029,-0.925,-0.004,-9.78,0.24,-0.63,0.000000,0.000000,568.17
24.65,94873.02,39.72,551.58,1.86,-9.42,0.99,-0.323,0.034,0.181,-8.27,-0.72,0.73,0.000000,0.000000,568.71
23.30,94672.09,39.71,569.23,-0.07,-8.75,1.06,0.083,0.321,0.232,-7.77,0.71,-1.54,0.000000,0.000000,569.24
23.47,94692.52,39.72,567.44,-0.68,-10.59,2.54,0.223,0.076,0.779,-11.29,2.15,2.54,0.000000,0.000000,569.79
25.46,94983.10,39.73,541.91,1.19,-9.27,2.22,-0.602,0.407,-0.047,-8.27,0.71,2.09,0.000000,0.000000,570.33
24.87,94900.65,39.73,549.15,-0.21,-9.16,0.49,-0.301,0.104,-0.198,-8.27,1.67,0.28,0.000000,0.000000,570.87
24.57,94858.64,39.75,552.84,0.53,-8.40,2.69,-0.112,-0.824,0.027,-7.27,-0.24,2.54,0.000000,0.000000,571.41
25.98,95067.66,39.76,534.50,0.35,-8.35,1.54,0.260,0.183,0.159,-7.27,1.19,0.73,0.000000,0.000000,571.94
25.07,94935.16,39.78,546.12,2.86,-9.72,1.41,-0.053,-0.769,-0.450,-8.78,-2.62,0.73,0.000000,0.000000,572.49
24.93,94911.47,39.79,548.20,2.76,-9.19,1.66,0.087,0.222,0.139,-8.27,-2.62,0.73,0.000000,0.000000,573.03
24.91,94907.69,39.79,548.53,1.86,-9.66,1.48,-0.181,0.025,-0.088,-9.28,-1.67,0.73,0.000000,0.000000,573.57
25.41,94981.21,39.80,542.08,-0.47,-12.02,2.80,-1.004,-0.558,0.108,-11.29,0.24,2.09,0.000000,0.000000,574.11
26.11,95087.06,39.82,532.80,2.48,-10.34,0.10,-1.080,0.897,-0.241,-10.29,-1.19,-0.63,0.000000,0.000000,574.65
25.11,94933.19,39.82,546.29,1.60,-9.10,-0.51,0.021,-0.044,-0.004,-9.28,-0.24,-1.54,0.000000,0.000000,575.19
27.22,95249.77,39.84,518.55,1.56,-9.29,1.21,0.003,-0.397,0.194,-9.28,-1.19,-0.18,0.000000,0.000000,575.73
27.12,95244.55,39.86,519.00,1.55,-11.29,-1.40,-0.224,0.992,0.092,-10.79,-2.62,-2.44,0.000000,0.000000,576.27
26.55,95156.54,39.86,526.71,2.94,-9.56,-1.34,0.358,-0.303,-0.259,-8.27,-0.72,-2.89,0.000000,0.000000,576.81
27.75,95334.61,39.88,511.12,2.76,-8.45,-1.55,-0.061,-0.263,0.020,-7.77,-1.67,-3.80,0.000000,0.000000,577.35
27.59,95316.00,39.89,512.75,2.14,-9.22,-0.11,1.024,0.178,-0.138,-8.78,-1.67,-2.89,0.000000,0.000000,577.89
27.53,95308.91,39.90,513.37,1.35,-9.37,0.29,-0.427,-0.708,0.342,-8.78,-1.19,-0.63,0.000000,0.000000,578.43
24.59,94873.14,39.92,551.57,2.16,-11.49,-3.32,0.816,0.776,0.030,-11.29,-1.67,-5.16,0.000000,0.000000,578.97
28.99,95522.23,39.94,494.72,1.87,-8.90,4.06,0.406,0.331,-0.443,-8.27,-1.67,-0.18,0.000000,0.000000,579.51
29.32,95568.93,39.97,490.65,1.71,-8.83,4.01,-0.052,0.140,-0.523,-8.27,-1.19,2.54,0.000000,0.000000,580.05
28.25,95412.00,39.96,504.36,1.57,-8.85,3.22,-0.042,-0.337,0.594,-8.27,-2.62,0.28,0.000000,0.000000,580.59
26.85,95203.59,39.96,522.59,3.03,-9.60,1.89,-0.457,-1.025,0.177,-9.28,-2.62,0.73,0.000000,0.000000,581.14
27.03,95227.39,39.96,520.50,1.33,-10.64,1.52,-0.058,1.045,-0.478,-9.28,-0.24,-1.54,0.000000,0.000000,581.68
27.28,95267.44,39.96,517.00,1.89,-10.02,2.20,0.701,-0.612,0.045,-8.78,-1.19,1.63,0.000000,0.000000,582.21
27.00,95222.84,39.94,520.90,1.70,-10.00,0.93,0.087,-0.124,0.131,-9.28,-0.24,-0.18,0.000000,0.000000,582.76
26.76,95189.92,39.96,523.79,1.62,-9.82,-0.30,-0.087,-0.169,-0.242,-9.28,-0.24,-1.08,0.000000,0.000000,583.30
26.34,95233.30,39.97,529.67,2.78,-8.52,-0.83,0.208,1.219,0.548,-7.77,-1.19,-1.08,0.000000,0.000000,583.83
26.74,95182.45,39.96,524.44,1.10,-10.14,-0.54,-0.471,1.130,0.201,-8.27,1.19,-1.08,0.000000,0.000000,584.38
27.10,95234.69,39.95,519.87,1.90,-9.80,-0.39,0.370,0.970,0.266,-8.78,0.24,-1.08,0.000000,0.000000,584.91
26.76,95185.52,39.96,524.17,0.10,-9.00,0.93,0.261,0.527,-0.130,-7.77,0.24,-1.08,0.000000,0.000000,585.45
27.21,95249.98,39.97,518.53,-0.73,-10.24,1.85,-0.303,-0.057,0.749,-9.78,1.67,2.09,0.000000,0.000000,586.00
26.96,95212.06,39.99,521.85,0.30,-9.34,2.75,0.007,0.460,-0.153,-8.27,0.71,2.09,0.000000,0.000000,586.54
26.80,95184.13,39.97,524.29,-0.36,-8.07,2.47,-0.110,0.076,-0.134,-7.27,2.15,0.73,0.000000,0.000000,587.08
26.28,95109.91,39.97,530.80,-0.87,-10.04,2.91,0.780,-0.839,-0.558,-9.28,1.67,2.09,0.000000,0.000000,587.62
26.70,95169.94,39.97,525.54,0.54,-9.89,3.74,-0.177,0.096,0.092,-8.78,-0.72,2.54,0.000000,0.000000,588.16
26.41,95124.98,39.97,529.47,0.36,-8.10,3.29,-0.617,-0.222,-0.302,-7.27,-0.72,2.54,0.000000,0.000000,588.70
26.49,95138.81,39.99,528.26,-0.28,-8.69,1.57,0.289,-0.839,0.048,-7.77,0.71,0.28,0.000000,0.000000,589.24
26.53,95144.80,39.98,527.74,0.38,-8.85,1.67,0.628,-0.445,-0.316,-8.27,0.24,-0.18,0.000000,0.000000,589.78
26.50,95137.80,39.99,528.35,1.19,-10.34,2.48,0.129,0.092,0.029,-10.29,-1.19,1.18,0.000000,0.000000,590.32
26.75,95171.44,40.00,525.40,0.55,-8.19,2.96,-0.128,-0.517,0.339,-7.27,-1.19,2.09,0.000000,0.000000,590.86
26.38,95119.72,40.00,529.94,-0.36,-8.51,1.93,-0.064,0.056,-0.228,-8.78,1.19,-0.63,0.000000,0.000000,591.40
26.70,95167.98,40.00,525.71,1.16,-9.02,1.59,-0.118,-0.301,-0.436,-8.78,-1.19,-1.08,0.000000,0.000000,591.94
26.65,95159.03,40.00,526.49,1.60,-8.96,3.62,0.104,-0.015,-0.148,-8.27,-0.72,0.73,0.000000,0.000000,592.48
26.98,95207.44,40.01,522.25,1.16,-8.11,3.56,-0.033,-0.205,-0.058,-7.77,-1.19,2.09,0.000000,0.000000,593.02
26.72,95168.42,40.01,525.67,-0.24,-10.65,1.60,-0.463,0.223,0.056,-10.29,-0.24,0.28,0.000000,0.000000,593.56
27.12,95226.00,40.03,520.63,2.48,-9.14,2.68,-0.109,-0.136,0.127,-8.78,-2.15,1.63,0.000000,0.000000,594.10
26.62,95155.47,39.99,527.00,0.37,-8.66,1.18,-0.044,0.308,0.178,-7.77,0.71,-1.08,0.000000,0.000000,594.64
27.07,95220.16,40.03,521.14,1.12,-10.84,2.90,0.661,-0.389,0.285,-9.78,-0.24,0.73,0.000000,0.000000,595.18
26.75,95171.02,40.02,525.44,0.48,-9.21,3.79,-0.411,-0.221,0.182,-8.78,0.71,3.44,0.000000,0.000000,595.72
26.57,95142.91,40.03,527.90,1.02,-7.77,2.98,0.064,-0.236,0.372,-6.77,0.24,2.09,0.000000,0.000000,596.26
26.64,95154.38,40.03,526.90,0.65,-9.24,4.34,-0.057,-0.313,-0.497,-8.27,-0.24,3.44,0.000000,0.000000,596.80
26.78,95177.47,40.02,524.88,1.07,-10.61,3.67,-0.210,0.355,-0.160,-9.28,0.24,2.99,0.000000,0.000000,597.34
27.00,95207.45,40.03,522.25,1.98,-9.19,2.62,-0.161,-0.979,0.586,-8.78,-1.19,1.18,0.000000,0.000000,597.88
26.63,95152.55,40.04,527.06,-0.59,-8.51,2.09,-0.246,-0.179,0.476,-7.77,1.67,1.63,0.000000,0.000000,598.42
26.98,95202.58,40.03,522.68,-0.64,-8.21,1.80,-0.435,0.191,-0.206,-8.27,2.15,1.18,0.000000,0.000000,598.96
26.57,95140.58,40.04,528.11,2.08,-11.21,3.45,1.098,-0.993,0.344,-10.79,-1.19,2.54,0.000000,0.000000,599.50
27.06,95213.48,40.04,521.72,1.78,-9.53,2.25,-0.859,0.321,-0.596,-8.27,-1.19,1.18,0.000000,0.000000,600.04
26.88,95187.45,40.04,524.00,1.87,-9.07,2.94,0.090,-0.077,0.123,-8.27,-1.67,1.18,0.000000,0.000000,600.58
27.18,95231.23,40.05,520.17,-0.37,-9.00,3.56,-0.175,0.214,0.655,-9.28,-0.24,1.63,0.000000,0.000000,601.12
26.80,95175.27,40.04,525.07,1.12,-11.62,3.48,-0.952,1.191,0.156,-11.29,-1.19,1.63,0.000000,0.000000,601.67
27.11,95221.03,40.03,521.06,0.57,-9.53,0.84,-0.082,-0.507,0.493,-8.27,-0.24,-0.18,0.000000,0.000000,602.21
26.80,95176.58,40.01,524.95,0.59,-8.85,2.46,0.351,-0.427,0.254,-8.27,-1.67,1.63,0.000000,0.000000,602.74
26.99,95204.10,40.01,522.54,-0.99,-8.49,1.93,0.117,-0.260,-0.702,-7.77,1.19,0.73,0.000000,0.000000,603.28
26.80,95174.50,39.97,525.14,1.34,-9.90,1.85,0.223,-0.654,-0.081,-8.78,-0.24,0.73,0.000000,0.000000,603.82
26.62,95147.50,39.96,527.50,1.70,-8.39,2.26,0.040,-0.667,-0.136,-7.27,-0.72,1.18,0.000000,0.000000,604.36
26.97,95198.08,39.95,523.07,-0.42,-8.70,2.38,0.782,-0.296,0.439,-8.27,2.15,0.28,0.000000,0.000000,604.91
26.54,95136.13,39.96,528.50,1.52,-11.83,2.36,-0.131,-0.589,-0.093,-11.79,-0.72,-0.18,0.000000,0.000000,605.45
27.79,95316.66,39.93,512.69,2.40,-8.68,3.02,-0.346,0.489,0.060,-7.77,-1.19,2.54,0.000000,0.000000,605.98
28.81,95474.41,39.94,498.90,0.74,-9.15,0.28,-0.460,0.499,0.347,-8.27,0.71,-1.54,0.000000,0.000000,606.52
28.45,95426.83,39.95,503.06,1.72,-8.30,0.62,-0.419,-0.017,-0.150,-7.27,-1.19,-0.18,0.000000,0.000000,607.07
28.41,95419.98,39.94,503.66,0.78,-11.41,3.36,-0.486,1.214,0.277,-11.29,-0.24,3.44,0.000000,0.000000,607.61
28.51,95431.81,39.94,502.62,0.81,-9.54,1.83,-0.518,-0.044,0.035,-9.28,-0.24,1.18,0.000000,0.000000,608.15
28.16,95379.33,39.94,507.21,1.17,-9.40,3.44,0.275,-0.332,0.069,-9.28,-0.24,2.09,0.000000,0.000000,608.69
28.45,95424.66,39.95,503.25,0.44,-7.88,2.25,0.454,-0.564,-0.447,-7.27,0.71,0.73,0.000000,0.000000,609.23
27.99,95354.30,39.94,509.40,1.04,-9.98,2.48,0.250,0.276,-0.246,-9.78,-0.72,1.63,0.000000,0.000000,609.77
27.90,95341.08,39.93,510.56,-0.38,-8.98,2.66,-0.593,0.137,-0.361,-8.78,0.71,1.63,0.000000,0.000000,610.31
27.90,95336.88,39.92,510.92,0.53,-8.11,1.63,-0.280,-0.123,-0.281,-7.27,0.24,0.28,0.000000,0.000000,610.85
27.78,95321.11,39.92,512.30,-0.10,-9.98,1.89,0.493,-0.488,0.154,-9.28,0.24,1.18,0.000000,0.000000,611.39
27.72,95307.77,39.92,513.47,-0.02,-10.48,2.88,-0.120,0.921,-0.717,-10.29,0.71,1.18,0.000000,0.000000,611.93
27.43,95265.21,39.91,517.19,0.16,-9.96,1.94,-0.002,-0.767,0.142,-9.28,-0.72,0.28,0.000000,0.000000,612.47
28.96,95493.99,39.90,497.19,-0.98,-9.32,3.37,0.053,-0.072,-0.188,-8.27,0.24,1.63,0.000000,0.000000,613.01
28.07,95365.85,39.91,508.39,-0.01,-9.52,1.62,-0.337,0.671,-0.233,-8.78,0.71,-0.18,0.000000,0.000000,613.55
27.30,95247.50,39.91,518.74,0.20,-9.96,1.58,-0.054,-0.005,-0.081,-9.28,0.71,-1.08,0.000000,0.000000,614.09
26.84,95180.70,39.92,524.59,-0.92,-9.11,2.52,0.456,-0.192,0.039,-8.78,-0.24,3.44,0.000000,0.000000,614.63
27.10,95215.35,39.91,521.56,0.52,-9.23,1.95,-0.391,0.509,-0.329,-9.28,0.71,1.18,0.000000,0.000000,615.17
26.99,95198.84,39.92,523.00,1.31,-9.53,1.50,0.044,-0.319,-0.497,-8.27,-0.72,-1.08,0.000000,0.000000,615.71
27.11,95217.61,39.91,521.36,-0.40,-9.86,2.60,0.324,-0.443,0.010,-9.28,1.19,2.54,0.000000,0.000000,616.25
26.91,95184.92,39.92,524.22,0.84,-8.95,2.29,-0.104,-0.651,0.258,-7.77,0.24,2.09,0.000000,0.000000,616.79
26.99,95198.20,39.93,523.06,0.63,-9.57,1.54,-0.199,-0.825,0.128,-8.27,0.71,1.18,0.000000,0.000000,617.33
27.37,95252.89,39.94,518.27,-0.25,-9.59,2.50,0.421,-0.499,0.698,-8.78,1.67,2.09,0.000000,0.000000,617.87
27.10,95213.78,39.93,521.70,-0.29,-8.92,2.42,0.151,0.525,-0.240,-7.77,1.67,2.09,0.000000,0.000000,618.41
26.97,95193.67,39.93,523.46,-0.46,-10.71,1.05,0.013,-0.382,0.073,-10.29,1.67,0.28,0.000000,0.000000,618.95
26.83,95172.09,39.94,525.35,0.23,-9.33,1.69,0.081,0.118,-0.109,-8.78,1.19,0.28,0.000000,0.000000,619.49
27.29,95241.14,39.92,519.30,0.12,-9.16,1.77,0.029,0.116,0.063,-8.27,0.24,0.73,0.000000,0.000000,620.03
26.83,95169.64,39.93,525.56,-0.93,-9.22,2.40,-0.086,-0.139,-0.021,-8.78,1.67,0.73,0.000000,0.000000,620.58
27.13,95213.19,39.93,521.75,0.55,-9.44,0.97,-0.304,-0.079,-0.194,-8.78,0.24,0.28,0.000000,0.000000,621.12
26.82,95167.34,39.94,525.76,0.35,-9.41,-0.28,-0.779,0.176,0.301,-8.78,0.24,-1.08,0.000000,0.000000,621.66
28.25,95379.03,39.94,507.24,1.65,-10.33,-3.15,-1.262,-0.051,0.294,-9.78,-1.19,-5.16,0.000000,0.000000,622.20
28.42,95408.26,39.95,504.68,2.30,-7.93,-3.17,0.432,-0.395,0.321,-8.27,-1.67,-5.61,0.000000,0.000000,622.74
28.63,95439.28,39.99,501.97,2.47,-8.90,-3.23,1.320,-0.042,-0.382,-7.77,-3.10,-5.16,0.000000,0.000000,623.28
28.91,95479.84,40.00,498.43,2.06,-3.61,5.95,0.816,0.282,-0.767,-2.75,-2.15,2.99,0.000000,0.000000,623.82
23.76,94717.42,39.98,565.25,1.87,-5.85,6.97,1.560,0.314,0.736,-5.76,-2.62,5.71,0.000000,0.000000,624.35
25.53,94974.66,39.97,542.65,1.09,-1.47,9.53,1.492,-0.575,-0.237,-1.24,-3.58,7.97,0.000000,0.000000,624.90
25.50,94971.15,39.96,542.96,2.01,0.20,9.51,0.058,-0.213,-0.067,0.27,-2.15,7.07,0.000000,0.000000,625.44
25.19,94924.09,39.97,547.09,3.65,1.71,8.71,0.286,-0.271,-0.079,2.28,-3.58,5.71,0.000000,0.000000,625.97
27.48,95247.73,39.98,518.72,5.54,3.95,7.30,0.864,-0.568,0.013,5.80,-5.01,2.99,0.000000,0.000000,626.51
29.66,95584.57,40.00,489.28,6.56,4.87,5.77,0.099,-0.236,-0.114,6.30,-5.96,3.90,0.000000,0.000000,627.06
29.79,95607.88,40.04,487.25,6.16,5.10,5.55,-0.037,0.036,-0.231,5.30,-6.44,2.54,0.000000,0.000000,627.60
30.75,95750.59,40.06,474.80,6.39,5.31,5.17,0.091,-0.162,0.011,5.80,-6.44,2.54,0.000000,0.000000,628.15
