Temperatura (°C),Pressão (Pa),Umidade (%),Altitude (m),ax (m/s^2),ay (m/s^2),az (m/s^2),gx (°/s),gy (°/s),gz (°/s),vib_x (m/s^2),vib_y (m/s^2),vib_z (m/s^2),Latitude,Longitude,Satélites Visíveis
28.00,101316.59,70.26,0.70,0.08,-0.19,69.44,1.43,-1.73,9.04,-5.28,11.05,81.52,-27.599996,-48.519985,6
27.99,101299.77,69.24,2.10,-0.92,-1.08,69.53,-5.77,-9.57,6.35,13.25,-3.48,69.16,-27.599991,-48.519970,6
27.97,101274.55,70.21,4.20,-0.14,-0.43,68.87,-0.67,5.35,12.92,-2.06,-3.97,68.99,-27.599987,-48.519954,4
27.95,101240.94,69.51,7.00,0.41,1.01,69.64,-5.66,1.22,-3.48,-7.27,8.11,61.21,-27.599982,-48.519939,8
27.93,101198.93,69.84,10.50,-0.06,-0.20,69.80,2.07,-0.77,-4.62,5.54,0.89,84.03,-27.599978,-48.519924,4
27.90,101148.53,69.88,14.70,-0.64,0.81,69.55,1.93,-1.48,3.55,3.20,-5.32,71.21,-27.599973,-48.519909,7
27.87,101089.76,70.50,19.60,-0.45,-0.58,69.47,-3.44,3.21,8.27,-7.01,9.40,58.72,-27.599969,-48.519894,6
27.84,101022.63,70.27,25.20,-0.27,-0.14,70.06,-0.37,-8.19,3.51,1.88,8.47,69.15,-27.599964,-48.519878,8
27.80,100947.16,67.00,31.50,-0.50,-0.99,68.69,-2.95,-5.66,-5.42,15.59,-14.19,72.85,-27.599960,-48.519863,8
27.75,100863.35,69.24,38.50,0.25,-1.01,69.98,-3.24,-0.90,11.32,-14.19,6.47,81.15,-27.599955,-48.519848,7
27.70,100771.22,68.92,46.20,-0.26,0.08,70.45,2.13,-7.07,-11.22,-14.15,8.70,59.79,-27.599951,-48.519833,4
27.65,100670.80,69.42,54.60,0.06,0.49,69.39,7.20,2.35,-2.33,7.40,-5.30,68.30,-27.599946,-48.519818,8
27.59,100562.10,73.21,63.70,0.23,-0.05,69.65,1.50,-3.27,7.80,2.99,-0.04,85.10,-27.599942,-48.519802,5
27.52,100445.14,69.16,73.50,-0.86,-0.61,70.33,-7.92,5.81,-18.37,-22.22,7.84,67.01,-27.599937,-48.519787,8
27.45,100319.96,68.59,84.00,-0.76,0.15,69.45,-1.42,-9.28,-4.20,0.14,-10.02,61.05,-27.599933,-48.519772,4
27.38,100186.56,68.51,95.20,0.93,-0.01,69.84,5.58,7.58,18.48,9.35,-2.85,74.64,-27.599928,-48.519757,6
27.30,100044.99,68.45,107.10,0.03,-0.42,69.71,-0.40,6.38,4.95,-10.71,11.03,86.05,-27.599924,-48.519742,5
27.22,99895.26,68.08,119.70,-0.70,-0.00,70.24,10.54,-3.34,-9.85,-10.02,-8.47,66.73,-27.599919,-48.519726,4
27.14,99737.42,68.57,133.00,0.38,-0.29,70.16,5.22,3.31,-1.48,10.92,-6.84,54.07,-27.599915,-48.519711,8
27.04,99571.48,68.70,147.00,0.29,0.15,70.47,10.95,-2.88,-8.63,5.27,13.11,75.65,-27.599910,-48.519696,5
26.95,99397.49,67.73,161.70,-0.46,0.53,69.27,0.59,-0.83,7.61,-13.33,1.24,77.25,-27.599906,-48.519681,4
26.85,99215.48,69.08,177.10,-0.77,0.02,68.63,1.61,-5.47,-11.84,0.99,-13.47,64.24,-27.599901,-48.519665,4
26.74,99025.48,68.27,193.20,-0.77,0.33,70.89,1.46,5.67,-10.04,9.85,7.63,56.33,-27.599897,-48.519650,5
26.63,98827.54,69.07,210.00,0.52,-0.01,69.56,3.14,2.82,-0.47,-6.13,5.28,69.00,-27.599892,-48.519635,6
26.52,98621.69,69.26,227.50,1.08,-0.12,69.64,8.91,-0.58,-12.54,-3.38,-9.58,76.88,-27.599888,-48.519620,6
26.40,98407.97,67.64,245.70,0.46,-0.40,69.91,-3.15,5.13,-2.01,17.80,5.63,60.05,-27.599883,-48.519605,4
26.28,98186.43,69.38,264.60,0.41,0.01,70.02,-3.15,3.64,-18.30,9.31,-0.04,63.26,-27.599879,-48.519589,7
26.15,97957.12,67.71,284.20,0.39,-0.38,69.15,-3.79,-0.60,4.61,-9.64,-11.08,70.42,-27.599874,-48.519574,8
26.02,97720.07,65.92,304.50,-0.85,-0.44,70.63,-10.07,-6.25,3.57,2.69,1.15,83.15,-27.599870,-48.519559,7
25.88,97475.33,67.11,325.50,0.54,0.44,69.97,7.82,0.59,9.28,5.96,11.79,59.59,-27.599865,-48.519544,5
25.74,97222.96,67.82,347.20,-0.34,0.76,69.70,4.58,-1.76,12.88,-8.29,-18.95,62.39,-27.599861,-48.519529,7
25.60,96963.00,66.75,369.60,-0.23,-0.20,69.84,11.74,6.00,25.33,-7.75,0.66,80.20,-27.599856,-48.519513,7
25.45,96695.51,65.68,392.70,0.80,0.02,69.99,8.07,-3.89,-26.31,4.89,10.01,75.26,-27.599852,-48.519498,7
25.29,96420.54,67.36,416.50,0.41,1.06,68.93,4.80,-2.14,-10.46,5.46,-12.24,60.38,-27.599847,-48.519483,6
25.13,96138.14,66.64,441.00,-0.90,0.25,70.32,-1.85,-5.24,12.71,-17.51,-6.92,61.33,-27.599843,-48.519468,6
24.97,95848.38,67.83,466.20,-0.15,-0.07,69.42,2.38,-3.55,4.91,-2.16,9.48,76.72,-27.599838,-48.519453,8
24.80,95551.30,67.58,492.10,-0.38,-0.79,69.43,4.67,-3.77,-8.79,11.77,-5.87,75.70,-27.599834,-48.519437,7
24.63,95246.97,66.50,518.70,0.13,-0.11,69.88,0.47,-3.29,6.30,-8.71,-3.55,55.63,-27.599829,-48.519422,8
24.45,94935.45,68.46,546.00,-0.07,-0.48,69.88,-0.08,0.77,10.25,-8.74,16.73,72.79,-27.599825,-48.519407,6
24.27,94616.79,65.17,574.00,0.49,-0.82,70.23,-1.60,-8.26,3.44,9.63,-3.72,83.93,-27.599820,-48.519392,4
24.08,94291.07,65.02,602.70,-0.38,0.22,69.36,3.23,3.18,-5.97,4.45,-12.35,63.78,-27.599816,-48.519377,7
23.89,93958.35,63.14,632.10,0.74,0.00,70.12,-5.64,-2.94,-15.45,-8.47,14.27,61.07,-27.599811,-48.519361,4
23.70,93618.69,64.87,662.20,-0.23,-0.54,69.77,8.66,-5.16,-17.86,2.20,-1.04,65.40,-27.599807,-48.519346,8
23.50,93272.17,65.23,693.00,0.48,0.56,70.82,0.66,4.95,-2.70,11.63,-5.19,80.87,-27.599802,-48.519331,5
23.29,92918.84,63.40,724.50,0.16,0.34,69.65,3.37,6.41,-19.83,-12.10,11.20,70.80,-27.599798,-48.519316,6
23.08,92558.78,64.62,756.70,-0.25,0.01,70.65,3.33,2.87,-1.46,-10.89,1.64,63.01,-27.599793,-48.519301,8
22.87,92192.06,65.13,789.60,0.79,0.66,70.00,5.19,1.54,-0.48,10.98,-13.42,73.71,-27.599789,-48.519285,6
22.65,91818.75,65.18,823.20,0.80,0.78,70.38,-4.47,0.62,4.44,0.88,0.67,82.19,-27.599784,-48.519270,8
22.43,91438.93,63.24,857.50,-1.36,0.26,70.62,-9.36,6.32,-3.62,-13.17,8.62,70.70,-27.599780,-48.519255,6
22.20,91052.67,61.76,892.50,0.11,0.32,70.05,3.14,1.00,15.35,-4.60,-11.75,56.71,-27.599775,-48.519240,7
21.97,90660.05,62.03,928.20,0.09,0.61,70.69,0.88,3.34,-14.82,12.81,-1.13,73.45,-27.599771,-48.519225,4
21.73,90261.14,65.03,964.60,-0.41,-0.03,70.37,15.34,-4.62,-7.12,-6.20,13.98,83.48,-27.599766,-48.519209,5
21.49,89856.03,60.68,1001.70,0.27,-0.60,70.08,-1.28,7.23,-12.62,-6.09,-12.21,65.59,-27.599762,-48.519194,7
21.24,89444.79,61.86,1039.50,0.68,-0.38,70.30,1.16,-6.27,-10.04,15.85,-9.30,62.32,-27.599757,-48.519179,5
20.99,89027.49,61.50,1078.00,0.16,0.05,69.11,7.04,1.43,-3.91,3.88,18.26,76.74,-27.599753,-48.519164,6
20.74,88604.24,60.96,1117.20,0.34,-0.53,69.96,-0.38,5.43,8.04,-9.37,-5.21,74.76,-27.599748,-48.519149,5
20.48,88175.10,62.98,1157.10,-0.28,-0.08,70.40,-3.83,-7.44,11.54,-5.01,-6.17,58.27,-27.599744,-48.519133,7
20.21,87740.16,61.49,1197.70,-0.66,0.02,70.93,6.27,-5.95,2.49,8.61,16.20,60.37,-27.599739,-48.519118,4
19.95,87299.50,60.44,1239.00,0.25,-0.70,69.37,2.15,4.23,4.49,-11.11,-2.51,80.86,-27.599735,-48.519103,7
19.67,86853.22,61.00,1281.00,0.70,0.37,70.26,-8.89,2.53,-5.19,-4.74,-5.56,73.65,-27.599731,-48.519088,8
19.40,86401.39,59.20,1323.70,-0.24,0.57,69.32,3.65,1.25,2.01,9.22,11.89,56.70,-27.599726,-48.519072,6
19.11,85944.11,58.49,1367.10,0.15,-0.26,69.78,1.84,-2.22,3.46,-0.65,-1.97,71.37,-27.599722,-48.519057,12
18.83,85489.82,59.30,1410.40,0.24,1.12,-10.02,-0.86,-4.04,-1.73,-0.55,-0.97,-10.08,-27.599717,-48.519042,9
18.55,85038.49,57.71,1453.61,-0.56,-0.22,-9.96,-1.86,-5.07,-1.70,-1.04,-1.21,-10.44,-27.599713,-48.519027,8
18.27,84590.12,59.63,1496.71,0.43,0.33,-9.18,1.74,-4.54,0.57,1.10,0.73,-11.40,-27.599708,-48.519012,12
17.99,84144.67,57.89,1539.72,-0.32,-0.93,-10.32,-0.36,-3.70,-0.28,0.72,-0.29,-12.09,-27.599704,-48.518996,10
17.71,83702.14,58.19,1582.63,0.40,0.42,-9.61,1.89,-4.72,-0.14,2.04,2.22,-11.77,-27.599699,-48.518981,10
17.43,83262.50,57.56,1625.44,-0.34,0.21,-9.62,-0.14,-5.80,-1.83,1.00,2.67,-9.79,-27.599695,-48.518966,11
17.16,82825.73,57.72,1668.15,0.24,0.21,-9.43,1.93,-4.02,0.50,-0.29,2.45,-9.33,-27.599690,-48.518951,11
16.88,82391.82,55.66,1710.77,0.27,0.37,-9.18,-1.21,-4.02,0.60,-1.30,0.23,-8.56,-27.599686,-48.518936,9
16.60,81960.74,56.37,1753.29,0.35,-0.51,-10.27,-0.10,-4.88,-0.22,-2.36,-2.20,-7.53,-27.599681,-48.518920,8
16.33,81532.47,57.36,1795.70,0.16,-0.28,-9.56,0.03,-4.53,0.09,-2.10,-2.69,-7.63,-27.599677,-48.518905,12
16.05,81107.01,55.36,1838.03,-0.45,0.08,-10.17,0.50,-3.91,0.09,-2.14,-1.83,-7.48,-27.599672,-48.518890,11
15.78,80684.32,53.78,1880.25,-0.05,-0.13,-9.94,0.43,-4.62,-0.03,-1.06,-1.49,-9.31,-27.599668,-48.518875,8
15.50,80264.40,55.75,1922.37,-0.44,0.05,-10.10,-0.02,-3.21,0.68,0.09,0.16,-10.69,-27.599663,-48.518860,8
15.23,79847.21,52.41,1964.40,-0.74,-0.32,-10.49,-0.01,-1.53,-1.72,0.37,1.46,-12.24,-27.599659,-48.518844,9
14.96,79432.76,54.82,2006.33,-0.14,0.40,-9.20,1.00,-4.20,0.78,2.52,2.32,-10.56,-27.599654,-48.518829,10
14.69,79021.01,53.31,2048.16,-0.29,-0.84,-10.42,0.66,-3.90,-0.71,1.70,0.98,-12.68,-27.599650,-48.518814,10
14.42,78611.95,51.34,2089.89,0.96,-0.11,-8.86,-0.64,-3.55,0.66,1.27,1.19,-10.34,-27.599645,-48.518799,11
14.15,78205.56,53.18,2131.52,0.76,-1.11,-9.23,0.33,-3.89,-1.26,0.04,-1.93,-10.41,-27.599641,-48.518784,9
13.88,77801.83,52.54,2173.06,0.60,1.29,-9.57,-0.54,-4.96,-0.05,-0.90,-0.02,-9.84,-27.599636,-48.518768,10
13.61,77400.73,52.18,2214.50,-0.58,-0.98,-9.92,-0.60,-4.11,0.57,-1.66,-1.94,-8.13,-27.599632,-48.518753,11
13.34,77002.26,51.03,2255.84,-0.10,-0.00,-9.62,-0.62,-1.68,0.01,-1.36,-1.93,-7.55,-27.599627,-48.518738,11
13.07,76606.38,52.64,2297.08,0.00,-0.39,-9.95,-1.13,-3.52,0.16,-0.61,-0.42,-8.83,-27.599623,-48.518723,12
12.80,76213.09,52.23,2338.22,0.49,-0.15,-10.25,0.82,-2.29,0.79,1.14,1.26,-8.74,-27.599618,-48.518708,10
12.53,75822.37,51.42,2379.27,-0.45,0.12,-9.46,-1.46,-4.66,0.52,0.38,1.90,-9.04,-27.599614,-48.518692,11
12.27,75434.20,51.32,2420.22,0.10,-0.68,-9.99,1.94,-3.13,-0.17,2.83,0.98,-10.86,-27.599609,-48.518677,12
12.00,75048.57,52.44,2461.07,0.05,-0.24,-9.87,-0.95,-3.09,0.56,1.95,2.06,-11.45,-27.599605,-48.518662,11
11.74,74665.45,51.18,2501.82,0.89,-0.05,-9.67,-0.21,-4.82,-1.04,1.87,0.54,-12.07,-27.599600,-48.518647,8
11.47,74284.84,48.93,2542.47,0.35,0.30,-9.54,-0.55,-4.54,-0.29,0.10,-0.94,-11.50,-27.599596,-48.518632,8
11.21,73906.71,50.08,2583.03,0.01,0.33,-10.23,1.43,-4.01,1.39,-1.26,-2.03,-11.45,-27.599591,-48.518616,9
10.95,73531.05,49.12,2623.48,-0.07,0.60,-9.64,2.27,-4.63,0.26,-2.09,-0.65,-9.56,-27.599587,-48.518601,11
10.69,73157.84,48.43,2663.84,-0.82,0.81,-10.30,1.35,-3.79,-1.80,-2.47,0.09,-10.74,-27.599582,-48.518586,9
10.42,72787.07,48.73,2704.10,-0.10,0.40,-9.51,-1.01,-4.29,-0.02,-1.59,0.88,-8.56,-27.599578,-48.518571,10
10.16,72418.72,47.28,2744.27,-0.78,0.26,-10.16,-0.28,-4.43,-0.60,-1.67,1.31,-7.24,-27.599573,-48.518556,12
9.90,72052.78,47.93,2784.33,-0.54,-0.25,-9.55,0.03,-4.72,0.08,1.95,2.33,-8.52,-27.599569,-48.518540,12
9.64,71689.23,48.53,2824.30,0.86,-0.13,-9.04,-1.07,-4.36,0.23,3.04,1.85,-8.41,-27.599564,-48.518525,10
9.38,71328.05,47.30,2864.17,0.33,0.56,-9.62,-1.58,-3.38,-0.51,2.22,1.89,-9.58,-27.599560,-48.518510,9
9.12,70969.22,47.18,2903.94,0.31,-0.40,-9.61,-0.61,-5.71,0.12,1.11,-0.74,-9.15,-27.599555,-48.518495,9
8.87,70612.74,45.73,2943.61,0.42,0.45,-9.37,-1.22,-4.88,-1.24,-0.64,-2.20,-10.92,-27.599551,-48.518480,8
8.61,70258.59,45.13,2983.18,0.69,0.22,-9.59,-0.13,-3.51,0.74,-0.17,-2.35,-11.28,-27.599546,-48.518464,9
8.35,69906.75,44.93,3022.66,-0.52,0.42,-10.83,-0.55,-4.69,1.54,-1.26,-2.02,-13.51,-27.599542,-48.518449,11
8.10,69557.21,44.76,3062.04,-0.23,-0.19,-9.30,-0.38,-3.97,-0.44,-1.74,-1.30,-10.13,-27.599537,-48.518434,8
7.84,69209.95,45.34,3101.32,-0.53,0.06,-8.98,-0.06,-3.16,1.13,-1.80,0.16,-8.97,-27.599533,-48.518419,11
7.59,68864.95,43.44,3140.50,0.38,0.47,-9.90,-0.76,-3.36,-0.41,0.64,3.46,-8.33,-27.599528,-48.518403,8
7.33,68522.21,43.47,3179.58,0.55,-0.02,-10.55,0.16,-3.64,0.11,1.24,2.79,-8.72,-27.599524,-48.518388,11
7.08,68181.71,43.04,3218.57,-0.87,-0.44,-9.61,0.32,-2.80,-0.14,0.28,0.29,-7.67,-27.599519,-48.518373,10
6.83,67843.43,44.88,3257.45,0.04,0.40,-8.79,-0.75,-4.15,1.31,3.46,0.54,-6.22,-27.599515,-48.518358,8
6.57,67507.35,43.46,3296.24,-0.36,-0.76,-9.69,1.50,-2.44,0.09,1.26,-1.08,-9.86,-27.599510,-48.518343,12
6.32,67173.47,43.90,3334.93,-0.17,-0.34,-9.05,0.26,-5.10,-1.62,1.40,-1.86,-9.84,-27.599506,-48.518327,10
6.07,66841.78,40.63,3373.53,-0.50,0.70,-10.16,-0.82,-4.14,-0.65,-1.51,-1.14,-11.92,-27.599501,-48.518312,12
5.82,66512.24,41.41,3412.02,0.39,-0.26,-10.24,0.28,-4.66,0.58,-0.60,-0.89,-11.59,-27.599497,-48.518297,11
5.57,66184.86,42.91,3450.42,0.07,0.33,-9.13,1.58,-4.70,-0.27,-2.33,0.09,-11.48,-27.599492,-48.518282,8
5.32,65859.62,41.80,3488.72,-0.09,0.21,-9.68,-0.58,-4.37,1.39,-2.58,1.90,-11.75,-27.599488,-48.518267,8
5.08,65536.50,43.23,3526.92,-0.49,0.62,-9.80,-0.07,-3.49,0.44,-2.43,2.14,-11.46,-27.599483,-48.518251,11
4.83,65215.49,41.42,3565.02,0.13,0.57,-9.78,-1.44,-5.24,0.49,-1.18,0.94,-9.07,-27.599479,-48.518236,12
4.58,64896.57,40.45,3603.03,-0.04,-0.66,-9.83,-0.26,-3.29,-1.28,0.73,-0.17,-8.73,-27.599474,-48.518221,11
4.33,64579.74,40.57,3640.93,-0.61,-0.10,-9.64,-0.02,-3.88,0.87,0.49,-0.20,-8.57,-27.599470,-48.518206,10
4.09,64264.98,39.50,3678.74,-0.18,-0.33,-10.36,0.04,-6.44,0.13,2.70,-1.72,-7.94,-27.599466,-48.518191,12
3.84,63952.27,39.41,3716.45,0.33,-0.08,-9.32,-0.08,-4.50,0.89,1.31,-0.47,-7.91,-27.599461,-48.518175,8
3.60,63641.60,40.52,3754.06,0.37,-0.22,-10.14,-0.30,-4.54,0.37,1.08,-2.30,-10.19,-27.599457,-48.518160,11
3.35,63332.97,39.90,3791.58,0.96,0.37,-10.71,0.13,-4.05,-0.02,0.20,0.16,-11.07,-27.599452,-48.518145,8
3.11,63026.34,41.13,3828.99,0.57,-0.24,-10.17,-1.65,-4.01,0.98,-1.42,1.36,-12.31,-27.599448,-48.518130,10
2.87,62721.72,36.99,3866.31,0.07,-0.57,-9.99,-0.96,-4.60,0.53,-1.61,0.86,-12.13,-27.599443,-48.518115,12
2.63,62419.09,38.94,3903.53,-1.01,-1.16,-9.32,-0.98,-2.68,-2.09,-1.94,1.21,-11.40,-27.599439,-48.518099,8
2.39,62118.44,38.58,3940.65,0.39,0.42,-9.76,-0.08,-4.26,-0.86,-0.11,2.97,-10.19,-27.599434,-48.518084,10
2.15,61819.75,39.73,3977.68,-0.57,-0.35,-9.29,-1.60,-3.75,-0.95,0.07,0.20,-10.18,-27.599430,-48.518069,9
1.91,61523.01,37.63,4014.60,0.63,0.86,-9.34,-0.33,-3.16,0.34,2.16,-0.14,-7.70,-27.599425,-48.518054,11
1.67,61228.21,37.17,4051.43,-0.71,-0.16,-9.37,0.61,-4.93,0.46,1.01,-2.19,-8.30,-27.599421,-48.518039,9
1.43,60935.33,36.69,4088.16,0.24,0.08,-9.82,-0.32,-4.67,-0.60,2.16,-1.39,-6.96,-27.599416,-48.518023,10
1.19,60644.37,35.97,4124.79,0.19,0.22,-10.32,0.08,-2.53,1.63,1.38,-0.77,-8.16,-27.599412,-48.518008,8
0.95,60355.31,37.11,4161.32,-0.07,-0.37,-10.04,0.69,-4.87,1.19,-0.58,0.20,-8.61,-27.599407,-48.517993,12
0.71,60068.13,37.62,4197.76,-0.45,0.39,-10.00,-1.92,-4.30,0.37,-0.95,0.83,-10.67,-27.599403,-48.517978,8
0.48,59782.84,36.36,4234.09,0.63,-0.26,-9.61,0.35,-3.93,-0.56,-0.34,2.08,-11.19,-27.599398,-48.517963,11
0.24,59499.40,35.51,4270.33,-0.01,-0.30,-10.05,1.03,-3.23,0.38,-2.07,1.68,-12.18,-27.599394,-48.517947,9
0.01,59217.82,33.93,4306.47,-0.18,-0.87,-10.24,0.92,-3.58,-0.06,-0.97,-1.14,-13.16,-27.599389,-48.517932,8
-0.23,58938.08,34.05,4342.52,-0.56,0.28,-10.07,0.94,-1.67,0.71,-0.30,-0.35,-11.78,-27.599385,-48.517917,12
-0.46,58660.17,34.76,4378.46,0.83,-1.09,-9.64,-0.26,-3.71,0.32,1.93,-3.62,-9.95,-27.599380,-48.517902,10
-0.69,58384.07,32.96,4414.31,-1.03,-0.28,-9.44,-0.97,-4.12,-1.99,0.51,-2.99,-8.88,-27.599376,-48.517887,11
-0.93,58109.78,35.48,4450.05,0.39,-0.31,-8.75,-1.42,-3.12,-0.35,2.14,-1.89,-7.54,-27.599371,-48.517871,8
-1.16,57837.28,35.27,4485.70,0.67,-0.38,-9.24,-0.44,-3.82,3.10,2.05,-0.32,-7.99,-27.599367,-48.517856,10
-1.39,57566.56,36.75,4521.26,-0.06,0.22,-9.06,-1.58,-5.69,-1.07,-0.14,0.49,-7.65,-27.599362,-48.517841,9
-1.62,57297.61,35.09,4556.71,-0.34,0.19,-10.36,1.00,-4.04,-0.56,-0.17,1.38,-9.32,-27.599358,-48.517826,12
-1.85,57030.42,32.09,4592.07,0.13,0.06,-9.22,0.42,-3.87,1.70,-2.64,1.70,-8.09,-27.599353,-48.517810,12
-2.08,56764.97,32.71,4627.32,-0.15,-0.01,-9.80,-0.85,-3.27,1.07,-2.63,1.92,-10.03,-27.599349,-48.517795,12
-2.31,56501.27,33.35,4662.48,-1.17,0.44,-9.30,-0.95,-5.29,-0.59,-3.33,-0.07,-10.21,-27.599344,-48.517780,10
-2.53,56239.28,32.75,4697.54,-0.83,-0.60,-10.40,1.14,-2.94,-1.24,-0.87,-2.63,-11.50,-27.599340,-48.517765,12
-2.76,55979.01,32.49,4732.51,-0.02,-0.05,-10.12,2.05,-3.40,2.36,0.51,-2.31,-11.06,-27.599335,-48.517750,8
-2.99,55720.44,31.75,4767.37,-0.42,0.36,-9.61,-0.81,-3.40,1.06,1.26,-1.34,-10.55,-27.599331,-48.517734,10
-3.21,55463.57,31.39,4802.14,-1.32,0.46,-10.10,0.58,-3.26,-0.45,0.56,-0.52,-10.46,-27.599326,-48.517719,10
-3.44,55208.37,31.13,4836.81,0.37,0.98,-9.60,-1.11,-5.24,-0.33,2.25,2.35,-8.46,-27.599322,-48.517704,12
-3.66,54954.85,32.22,4871.38,-0.11,0.21,-8.91,-1.67,-4.00,-0.34,1.56,0.60,-6.06,-27.599317,-48.517689,11
-3.89,54702.98,29.58,4905.85,-0.41,-0.02,-10.09,-0.62,-2.97,0.63,0.10,2.89,-9.86,-27.599313,-48.517674,10
-4.11,54452.76,31.59,4940.23,0.13,-0.33,-10.23,-0.84,-4.41,-1.28,-0.93,0.73,-8.90,-27.599308,-48.517658,12
-4.33,54204.18,30.13,4974.50,-0.38,0.29,-10.99,-0.25,-3.61,-0.21,-1.97,1.73,-9.87,-27.599304,-48.517643,10
-4.56,53957.22,29.45,5008.68,-0.11,-0.11,-9.37,0.96,-5.48,2.84,-2.33,-0.95,-9.11,-27.599299,-48.517628,10
-4.78,53711.89,28.48,5042.76,-0.45,-0.47,-9.27,-1.80,-4.39,0.61,-1.87,-1.79,-10.09,-27.599295,-48.517613,9
-5.00,53468.16,28.06,5076.75,-0.07,0.38,-9.81,0.09,-2.70,-1.86,-0.36,-1.93,-12.64,-27.599290,-48.517598,8
-5.22,53226.02,28.96,5110.63,-0.55,-0.05,-10.54,0.73,-3.08,0.88,0.35,-1.20,-12.72,-27.599286,-48.517582,12
-5.44,52985.47,27.83,5144.42,0.47,0.34,-9.46,-0.31,-4.52,-1.43,3.07,-0.56,-10.20,-27.599281,-48.517567,9
-5.66,52746.50,29.67,5178.11,0.16,-0.04,-9.10,-0.27,-5.03,-0.08,1.86,1.43,-11.28,-27.599277,-48.517552,9
-5.88,52509.09,27.39,5211.70,-0.21,-0.21,-10.93,-0.20,-5.21,-1.22,1.06,0.27,-11.29,-27.599272,-48.517537,10
-6.09,52273.24,29.25,5245.19,0.03,-0.12,-9.84,0.68,-3.22,-0.04,-0.35,0.75,-9.16,-27.599268,-48.517522,12
-6.31,52038.93,29.48,5278.58,-0.37,-0.80,-9.99,1.06,-3.30,-0.26,-0.87,0.55,-7.21,-27.599263,-48.517506,9
-6.53,51806.16,26.95,5311.88,0.30,0.43,-10.50,0.89,-4.55,-1.08,-1.55,1.16,-7.94,-27.599259,-48.517491,8
-6.74,51574.92,27.37,5345.07,0.48,0.14,-9.72,-1.08,-2.34,0.99,-1.35,-0.31,-7.75,-27.599254,-48.517476,12
-6.96,51345.19,28.03,5378.17,0.27,0.36,-10.05,-0.45,-5.99,-0.43,-1.35,-1.98,-10.07,-27.599250,-48.517461,8
-7.17,51116.97,26.06,5411.17,0.88,0.41,-10.20,0.55,-5.13,1.19,0.72,-1.32,-10.25,-27.599245,-48.517446,11
-7.39,50890.24,27.99,5444.08,-0.20,-0.08,-11.00,-0.57,-5.94,0.01,0.27,-0.60,-12.61,-27.599241,-48.517430,9
-7.60,50665.00,26.92,5476.88,0.04,0.17,-9.22,-1.21,-4.17,-0.62,1.20,-0.14,-11.01,-27.599236,-48.517415,9
-7.81,50441.24,27.98,5509.59,0.29,0.08,-9.29,-0.07,-3.97,0.52,1.32,1.69,-10.89,-27.599232,-48.517400,9
-8.02,50218.95,25.27,5542.20,0.44,0.29,-9.39,-0.04,-4.24,-0.88,2.27,2.84,-11.52,-27.599227,-48.517385,11
-8.24,49998.12,25.41,5574.71,-0.23,-0.17,-9.48,-1.44,-6.13,0.03,0.50,1.47,-9.49,-27.599223,-48.517370,8
-8.45,49778.73,24.55,5607.12,0.23,-1.04,-9.83,-0.70,-2.50,-1.32,0.72,0.29,-9.87,-27.599218,-48.517354,11
-8.66,49560.79,26.19,5639.44,0.19,0.76,-9.64,-1.76,-3.47,0.96,-1.80,0.72,-7.52,-27.599214,-48.517339,12
-8.87,49344.28,24.40,5671.65,-0.03,-0.19,-9.42,1.38,-5.44,-0.85,-1.02,-2.28,-7.30,-27.599209,-48.517324,10
-9.07,49129.19,23.45,5703.77,-0.01,-0.24,-10.27,0.70,-2.76,0.15,-0.83,-3.47,-8.11,-27.599205,-48.517309,10
-9.28,48915.51,23.97,5735.79,-0.45,0.24,-9.84,-0.42,-4.73,-0.15,-1.53,-0.04,-8.66,-27.599201,-48.517294,10
-9.49,48703.24,23.71,5767.72,0.57,0.06,-9.91,-0.13,-4.70,1.75,0.88,-1.61,-8.47,-27.599196,-48.517278,12
-9.70,48492.37,24.18,5799.54,-0.03,0.03,-10.36,-0.47,-4.53,0.44,-0.09,1.48,-10.97,-27.599192,-48.517263,8
-9.90,48282.88,21.45,5831.27,0.01,0.32,-10.30,-0.74,-3.49,0.94,2.53,1.65,-11.70,-27.599187,-48.517248,11
-10.11,48074.77,24.02,5862.89,-0.90,0.12,-8.90,-0.30,-2.66,0.08,0.51,2.22,-11.23,-27.599183,-48.517233,12
-10.31,47868.02,22.45,5894.42,0.55,0.28,-9.73,-0.83,-4.48,-0.70,1.28,0.56,-11.49,-27.599178,-48.517217,8
-10.52,47662.64,22.52,5925.86,-0.20,-1.23,-10.58,0.53,-5.77,1.12,1.19,-0.49,-12.94,-27.599174,-48.517202,9
-10.72,47458.61,21.75,5957.19,0.03,0.00,-9.85,0.55,-3.77,-0.22,-1.40,-0.27,-9.90,-27.599169,-48.517187,11
-10.92,47255.93,23.24,5988.43,-0.43,-0.59,-9.75,0.75,-4.19,-0.74,-2.55,-1.90,-9.26,-27.599165,-48.517172,10
-11.13,47054.57,21.44,6019.56,-0.33,0.45,-10.69,0.46,-4.11,0.84,-2.30,-1.94,-10.44,-27.599160,-48.517157,10
-11.33,46854.55,21.12,6050.60,0.32,-0.43,-10.05,-1.22,-6.42,0.46,-0.94,-1.93,-7.30,-27.599156,-48.517141,10
-11.53,46655.84,20.79,6081.54,0.33,-1.00,-9.69,0.30,-4.56,2.63,-0.24,-1.54,-7.44,-27.599151,-48.517126,9
-11.73,46458.44,21.25,6112.39,-0.47,0.07,-9.52,1.96,-3.38,0.05,0.80,0.27,-7.65,-27.599147,-48.517111,9
-11.93,46262.34,22.86,6143.13,-0.21,-0.48,-9.33,0.85,-4.21,-0.29,2.64,1.04,-8.73,-27.599142,-48.517096,11
-12.13,46067.54,19.89,6173.78,0.09,0.03,-9.51,-0.08,-6.12,-1.27,2.10,1.58,-10.07,-27.599138,-48.517081,9
-12.33,45874.02,19.17,6204.33,0.36,-0.80,-9.63,-0.53,-5.44,-0.44,1.43,0.13,-12.02,-27.599133,-48.517065,12
-12.53,45681.78,20.47,6234.78,-0.59,-0.42,-9.27,-0.01,-3.73,1.80,-0.19,0.22,-11.52,-27.599129,-48.517050,9
-12.72,45490.81,19.08,6265.13,-0.03,-0.49,-10.26,-0.77,-4.30,2.13,0.05,-1.46,-12.66,-27.599124,-48.517035,11
-12.92,45301.10,19.51,6295.39,0.06,0.47,-9.81,-0.56,-3.35,-0.59,-1.32,-1.34,-10.79,-27.599120,-48.517020,11
-13.12,45112.64,19.00,6325.54,0.17,-0.37,-9.86,-0.72,-5.95,0.27,-2.00,-1.53,-10.30,-27.599115,-48.517005,10
-13.31,44925.43,18.06,6355.60,0.20,1.23,-10.13,0.49,-4.28,-0.49,-0.62,0.60,-9.16,-27.599111,-48.516989,8
-13.51,44739.45,19.00,6385.56,-0.16,0.16,-10.54,0.48,-3.63,-0.22,-0.89,0.67,-7.45,-27.599106,-48.516974,8
-13.70,44554.71,20.19,6415.42,0.33,-0.67,-9.74,-1.09,-4.69,2.93,-0.34,1.72,-8.30,-27.599102,-48.516959,11
-13.89,44371.18,20.81,6445.19,-0.27,0.20,-9.91,-1.71,-3.43,-1.22,1.31,1.87,-8.98,-27.599097,-48.516944,8
-14.09,44188.87,17.77,6474.85,-0.32,-0.38,-10.33,1.26,-5.97,-0.27,1.90,0.43,-9.48,-27.599093,-48.516929,10
-14.28,44007.77,17.85,6504.42,-0.01,0.27,-9.65,-0.20,-3.92,-0.55,2.24,1.09,-9.52,-27.599088,-48.516913,12
-14.47,43827.87,17.84,6533.89,-0.18,-0.13,-10.36,-0.10,-1.07,0.87,1.27,-1.40,-11.85,-27.599084,-48.516898,10
-14.66,43649.16,17.38,6563.26,-0.71,0.10,-9.40,0.55,-2.11,0.17,-1.24,-1.47,-11.38,-27.599079,-48.516883,9
-14.85,43471.63,14.70,6592.54,0.53,-0.30,-10.98,-0.22,-7.08,1.03,-0.11,-1.80,-11.94,-27.599075,-48.516868,8
-15.04,43295.28,17.98,6621.71,0.09,-0.58,-9.94,-0.01,-3.84,-0.18,-1.72,-1.50,-11.13,-27.599070,-48.516853,8
-15.23,43120.10,16.21,6650.79,-0.30,0.49,-9.79,2.09,-3.59,0.24,-0.75,-0.11,-10.70,-27.599066,-48.516837,9
-15.42,42946.09,18.25,6679.77,-0.07,0.32,-9.79,-0.64,-3.22,-0.76,-1.37,2.44,-9.29,-27.599061,-48.516822,11
-15.61,42773.22,13.96,6708.65,1.78,0.62,-9.84,-0.46,-6.57,-0.74,1.17,2.83,-8.48,-27.599057,-48.516807,10
-15.79,42601.51,14.81,6737.43,-0.53,0.09,-9.63,-0.79,-5.19,0.26,0.12,3.60,-7.28,-27.599052,-48.516792,10
-15.98,42430.94,17.54,6766.12,0.02,-0.43,-9.77,-0.27,-3.79,0.01,1.64,-0.80,-8.07,-27.599048,-48.516777,12
-16.17,42261.50,14.67,6794.70,0.13,0.47,-9.96,0.41,-2.74,-0.98,2.87,0.95,-7.26,-27.599043,-48.516761,12
-16.35,42093.19,14.25,6823.19,-0.22,-0.07,-10.30,-0.05,-2.87,2.20,1.95,-1.57,-9.84,-27.599039,-48.516746,9
-16.54,41926.00,16.83,6851.58,-0.06,1.06,-9.71,0.92,-3.89,1.03,1.19,-1.46,-10.59,-27.599034,-48.516731,11
-16.72,41759.92,14.97,6879.88,-0.33,-0.34,-10.05,-0.83,-4.62,2.10,-1.17,-3.43,-11.08,-27.599030,-48.516716,8
-16.90,41594.94,15.68,6908.07,-0.33,0.60,-10.20,0.68,-3.95,-0.54,-1.92,-0.87,-13.03,-27.599025,-48.516701,11
-17.09,41431.07,14.18,6936.17,-0.35,0.42,-10.24,2.90,-3.46,-1.78,-1.76,1.60,-13.37,-27.599021,-48.516685,11
-17.27,41268.29,14.72,6964.17,0.12,-0.81,-9.77,1.16,-2.54,1.95,-1.63,1.52,-11.20,-27.599016,-48.516670,11
-17.45,41106.60,14.32,6992.07,-1.28,0.03,-9.12,-1.29,-2.62,0.87,-2.28,2.79,-9.14,-27.599012,-48.516655,12
-17.63,40945.98,13.30,7019.87,-0.07,0.02,-9.85,0.38,-4.47,-0.13,-0.24,1.36,-8.59,-27.599007,-48.516640,11
-17.81,40786.44,12.95,7047.57,-0.27,0.22,-10.54,-0.08,-4.63,-0.89,0.62,0.64,-8.48,-27.599003,-48.516625,9
-17.99,40627.96,13.37,7075.18,-0.15,0.08,-9.25,0.84,-6.11,-1.48,2.35,-0.21,-7.76,-27.598998,-48.516609,12
-18.17,40470.54,12.64,7102.69,0.69,-0.30,-9.48,-0.13,-2.27,-0.37,2.55,-2.27,-7.24,-27.598994,-48.516594,10
-18.35,40314.18,13.13,7130.10,-0.28,0.43,-9.51,0.57,-4.94,-0.11,0.28,-1.33,-7.91,-27.598989,-48.516579,10
-18.52,40158.86,11.82,7157.41,0.32,-0.62,-9.62,0.25,-4.54,-1.88,1.48,-0.94,-9.16,-27.598985,-48.516564,11
-18.70,40004.58,12.08,7184.62,-0.34,-0.54,-10.80,0.95,-4.00,-0.75,-2.12,-0.23,-12.14,-27.598980,-48.516548,10
-18.88,39851.34,11.07,7211.74,0.94,0.66,-9.57,-1.83,-4.76,-1.29,-0.49,1.49,-11.51,-27.598976,-48.516533,11
-19.05,39699.12,12.23,7238.75,-0.32,0.30,-9.45,0.47,-3.73,0.27,-2.04,1.73,-10.57,-27.598971,-48.516518,9
-19.23,39547.93,10.72,7265.67,-0.78,0.15,-10.09,-0.64,-5.34,0.47,-1.79,1.90,-11.45,-27.598967,-48.516503,9
-19.40,39397.75,11.13,7292.49,0.13,-0.18,-9.15,-0.58,-4.13,-0.14,-0.64,0.28,-10.99,-27.598962,-48.516488,8
-19.57,39248.58,11.13,7319.22,-0.08,1.20,-10.41,-2.34,-3.15,-0.43,1.36,0.93,-9.85,-27.598958,-48.516472,8
-19.75,39100.41,10.96,7345.84,-0.10,0.12,-10.10,-0.33,-4.35,-0.22,1.30,-1.14,-8.44,-27.598953,-48.516457,12
-19.92,38953.24,11.22,7372.37,0.12,-0.23,-9.71,0.42,-2.97,-1.05,1.77,-1.32,-8.10,-27.598949,-48.516442,11
-20.09,38807.06,10.72,7398.80,0.28,1.08,-9.61,-0.57,-4.05,1.76,2.21,0.73,-7.95,-27.598944,-48.516427,8
-20.26,38661.86,7.93,7425.13,0.62,-0.30,-10.47,-1.49,-3.67,0.37,0.58,-1.69,-8.94,-27.598940,-48.516412,12
-20.43,38517.64,7.82,7451.36,-0.62,0.65,-9.49,1.00,-3.37,0.66,-0.81,1.28,-8.49,-27.598936,-48.516396,8
-20.60,38374.40,7.94,7477.49,0.00,-0.34,-9.59,-1.02,-4.42,0.40,-0.20,1.72,-9.16,-27.598931,-48.516381,9
-20.77,38232.12,11.08,7503.53,0.57,0.10,-8.57,1.33,-4.00,0.00,-1.74,1.93,-9.98,-27.598927,-48.516366,12
-20.94,38090.80,10.22,7529.47,-0.05,0.14,-9.57,-0.74,-3.16,-0.57,-1.68,3.30,-10.88,-27.598922,-48.516351,8
-21.11,37950.44,9.73,7555.31,-0.14,-0.64,-10.07,-0.76,-4.44,-0.16,-0.96,0.20,-12.67,-27.598918,-48.516336,10
-21.28,37811.03,9.82,7581.05,-0.55,-0.63,-9.75,0.26,-4.33,1.15,0.61,-1.07,-11.24,-27.598913,-48.516320,9
-21.44,37672.56,9.62,7606.69,-0.40,0.27,-9.00,-0.59,-4.11,0.99,0.77,-0.95,-9.11,-27.598909,-48.516305,11
-21.61,37535.03,8.82,7632.24,0.17,0.01,-9.59,2.75,-3.47,-0.68,1.96,-1.95,-7.85,-27.598904,-48.516290,8
-21.77,37398.44,8.66,7657.69,-0.21,0.06,-9.04,-0.41,-3.00,1.63,1.85,-0.71,-7.89,-27.598900,-48.516275,12
-21.94,37262.77,8.31,7683.04,0.64,-0.30,-9.71,0.12,-3.93,-1.18,0.88,-1.03,-6.97,-27.598895,-48.516260,12
-22.10,37128.02,8.17,7708.29,-0.01,-0.13,-10.71,0.72,-2.97,1.60,0.01,-0.42,-8.14,-27.598891,-48.516244,10
-22.27,36994.18,8.57,7733.44,1.14,-0.30,-9.38,1.69,-3.53,-0.55,0.67,0.61,-7.98,-27.598886,-48.516229,11
-22.43,36861.26,7.59,7758.50,0.19,0.21,-10.00,-0.49,-3.61,1.41,-1.86,2.94,-9.14,-27.598882,-48.516214,12
-22.59,36729.25,7.61,7783.46,-0.34,-0.07,-9.29,0.30,-4.07,1.04,-2.49,1.15,-9.15,-27.598877,-48.516199,8
-22.75,36598.13,6.34,7808.31,-0.02,0.19,-9.74,-1.97,-5.47,1.50,-1.38,-0.50,-10.78,-27.598873,-48.516184,12
-22.91,36467.91,5.20,7833.08,0.46,-0.12,-9.62,-1.06,-3.97,0.05,0.59,-1.73,-11.86,-27.598868,-48.516168,10
-23.08,36338.57,8.74,7857.74,-0.26,0.63,-10.59,-0.19,-2.68,-0.75,1.10,-0.91,-11.73,-27.598864,-48.516153,9
-23.23,36210.12,6.28,7882.30,-0.45,-0.43,-8.96,0.95,-3.84,-1.49,1.77,-1.95,-9.36,-27.598859,-48.516138,10
-23.39,36082.55,5.59,7906.77,0.22,-0.15,-10.03,1.11,-3.43,0.15,1.98,-0.71,-9.38,-27.598855,-48.516123,12
-23.55,35955.85,6.95,7931.14,0.10,0.38,-9.46,1.23,-5.93,-0.15,2.21,0.43,-7.88,-27.598850,-48.516108,12
-23.71,35830.03,9.10,7955.41,-0.14,-0.05,-9.27,1.48,-2.89,1.12,0.93,1.47,-8.20,-27.598846,-48.516092,8
-23.87,35705.06,7.43,7979.58,0.62,0.63,-8.83,-0.75,-5.54,1.27,-0.25,2.34,-7.59,-27.598841,-48.516077,9
-24.02,35580.95,6.10,8003.66,-0.47,0.00,-9.10,0.24,-3.18,0.28,-1.18,1.39,-7.15,-27.598837,-48.516062,11
-24.18,35457.70,5.85,8027.63,0.05,-0.24,-9.65,-0.11,-4.80,1.65,-2.72,0.72,-9.43,-27.598832,-48.516047,8
-24.33,35335.29,6.80,8051.51,0.65,-0.58,-9.92,0.27,-3.74,0.12,-0.59,-1.76,-11.00,-27.598828,-48.516032,12
-24.49,35213.73,5.82,8075.29,-0.67,-0.31,-9.82,0.11,-3.96,0.35,-1.91,-2.75,-10.70,-27.598823,-48.516016,10
-24.64,35093.00,4.47,8098.97,-0.20,-0.95,-10.48,1.14,-4.87,2.66,0.21,-3.55,-12.05,-27.598819,-48.516001,8
-24.80,34973.11,5.33,8122.56,-0.45,-0.36,-10.13,-0.21,-3.45,0.19,1.01,-2.09,-12.66,-27.598814,-48.515986,10
-24.95,34854.05,4.99,8146.04,0.23,-0.63,-9.05,1.02,-6.30,-1.12,1.68,-0.02,-10.24,-27.598810,-48.515971,11
-25.10,34735.81,4.43,8169.43,0.81,-0.50,-9.53,-0.02,-4.47,0.09,1.85,0.72,-10.53,-27.598805,-48.515955,11
-25.25,34618.39,4.29,8192.72,-0.39,1.04,-9.50,-0.20,-3.27,-0.74,1.17,2.43,-9.92,-27.598801,-48.515940,12
-25.40,34501.78,3.67,8215.91,-0.52,-0.14,-9.54,-0.27,-3.59,-0.05,-0.18,1.32,-8.03,-27.598796,-48.515925,12
-25.55,34385.99,4.11,8239.00,-0.05,0.69,-9.56,0.71,-4.22,0.48,-1.11,2.55,-7.11,-27.598792,-48.515910,11
-25.70,34270.99,4.51,8262.00,-0.73,0.30,-9.50,-0.40,-2.35,0.89,-2.90,0.18,-7.81,-27.598787,-48.515895,10
-25.85,34156.80,4.23,8284.90,0.05,-0.02,-10.46,-1.13,-4.33,0.30,-2.22,-2.09,-8.98,-27.598783,-48.515879,11
-26.00,34043.41,3.46,8307.69,-0.38,-0.45,-10.34,-0.40,-2.77,0.70,-0.77,-2.39,-9.78,-27.598778,-48.515864,8
-26.15,33930.80,3.15,8330.40,-0.05,0.38,-9.79,0.14,-5.85,-1.64,-0.53,-1.62,-11.31,-27.598774,-48.515849,11
-26.29,33818.98,3.88,8353.00,0.12,0.66,-9.69,1.48,-4.52,-0.73,1.20,-0.05,-11.76,-27.598769,-48.515834,10
-26.44,33707.95,3.89,8375.50,0.46,0.13,-9.28,0.71,-2.64,-0.02,1.80,0.25,-11.52,-27.598765,-48.515819,8
-26.59,33597.69,2.00,8397.91,-0.09,0.30,-9.67,2.16,-3.74,-1.44,0.93,2.87,-11.56,-27.598760,-48.515803,10
-26.73,33488.20,1.74,8420.22,-0.01,-0.12,-9.22,0.09,-5.88,-0.83,1.92,1.59,-11.13,-27.598756,-48.515788,10
-26.88,33379.48,2.62,8442.43,-0.84,0.26,-10.26,-0.78,-4.54,0.53,0.07,1.99,-10.41,-27.598751,-48.515773,11
-27.02,33271.53,4.19,8464.54,0.02,-0.01,-9.80,0.27,-4.44,-0.22,-1.12,0.83,-10.10,-27.598747,-48.515758,12
-27.16,33164.34,3.41,8486.55,0.04,0.34,-9.74,1.08,-3.86,0.62,-2.08,-0.26,-8.30,-27.598742,-48.515743,10
-27.31,33057.90,3.34,8508.47,-0.64,0.83,-9.58,0.56,-3.93,-1.37,-2.43,-0.53,-7.68,-27.598738,-48.515727,8
-27.45,32952.21,3.17,8530.29,1.00,-0.68,-9.80,-1.01,-4.55,0.36,-0.64,-3.41,-8.70,-27.598733,-48.515712,12
-27.59,32847.27,0.87,8552.01,0.18,-0.49,-9.55,0.86,-3.76,-0.25,-0.31,-1.92,-8.21,-27.598729,-48.515697,12
-27.73,32743.08,2.09,8573.63,0.89,0.15,-8.94,0.20,-6.54,-0.23,1.02,-0.35,-8.15,-27.598724,-48.515682,12
-27.87,32639.62,0.24,8595.15,0.13,-0.98,-9.44,-0.29,-3.57,-0.24,0.81,0.36,-10.26,-27.598720,-48.515667,9
-28.01,32536.89,0.60,8616.58,-0.21,-0.44,-9.58,1.20,-4.95,-0.25,1.22,2.68,-11.37,-27.598715,-48.515651,8
-28.15,32434.90,2.49,8637.91,0.02,-0.59,-10.35,0.30,-2.63,-2.29,1.72,2.11,-13.58,-27.598711,-48.515636,9
-28.28,32333.64,0.25,8659.14,-0.05,0.43,-11.09,-1.17,-3.41,-0.90,1.09,1.28,-12.68,-27.598706,-48.515621,10
-28.42,32233.09,2.47,8680.27,0.10,-0.77,-10.38,1.12,-4.96,-0.86,-0.08,-1.18,-12.05,-27.598702,-48.515606,10
-28.56,32133.27,0.99,8701.30,-0.09,1.25,-10.16,-0.44,-3.66,0.09,-0.44,-0.44,-9.33,-27.598697,-48.515591,9
-28.69,32034.16,1.39,8722.24,-0.13,-0.04,-10.17,-1.03,-4.03,1.44,-1.92,-1.70,-9.49,-27.598693,-48.515575,9
-28.83,31935.75,0.00,8743.07,0.44,0.81,-10.25,0.57,-4.51,-0.79,-0.71,-1.58,-8.44,-27.598688,-48.515560,10
-28.96,31838.06,1.45,8763.81,-0.04,0.20,-10.04,0.87,-3.91,0.51,-2.39,-0.73,-7.98,-27.598684,-48.515545,12
-29.10,31741.07,0.88,8784.45,-0.20,-0.07,-8.60,0.58,-3.77,-0.21,-0.66,0.40,-6.48,-27.598679,-48.515530,8
-29.23,31644.77,0.00,8805.00,-0.43,0.22,-9.76,-1.60,-3.38,0.55,0.96,1.24,-8.59,-27.598675,-48.515515,10
-29.37,31549.18,0.00,8825.44,0.57,0.23,-10.03,-0.26,-3.84,-1.34,1.85,2.24,-9.29,-27.598670,-48.515499,9
-29.50,31454.27,0.00,8845.79,0.11,-1.19,-10.55,1.03,-3.66,-0.12,1.99,-1.60,-11.43,-27.598666,-48.515484,11
-29.63,31360.05,0.00,8866.04,0.36,-0.45,-9.62,-1.29,-2.56,-0.29,1.60,1.59,-11.38,-27.598662,-48.515469,10
-29.76,31266.51,0.00,8886.19,-0.25,0.18,-10.03,-0.67,-4.57,-1.30,0.46,-0.09,-11.99,-27.598657,-48.515454,11
-29.89,31173.65,0.00,8906.24,-0.53,-0.27,-10.28,-1.05,-4.84,-0.28,-1.46,-2.79,-11.91,-27.598653,-48.515439,9
-30.02,31081.47,0.00,8926.19,-0.50,0.55,-10.31,0.88,-3.91,-0.30,-2.71,-1.13,-10.03,-27.598648,-48.515423,11
-30.15,30989.97,0.00,8946.05,-0.49,0.21,-9.31,1.17,-4.64,1.37,-2.36,-1.50,-8.81,-27.598644,-48.515408,11
-30.28,30899.13,0.00,8965.81,-0.42,0.32,-9.32,0.35,-3.55,-1.59,-1.92,1.13,-8.93,-27.598639,-48.515393,10
-30.41,30808.95,0.00,8985.47,0.09,-0.63,-9.51,0.78,-4.49,0.29,-0.22,0.17,-7.79,-27.598635,-48.515378,10
-30.53,30719.44,0.00,9005.03,-0.58,0.21,-9.76,-0.92,-4.53,0.35,-0.59,1.90,-7.50,-27.598630,-48.515362,11
-30.66,30630.58,0.00,9024.49,0.56,0.19,-9.74,1.66,-3.14,0.79,1.30,2.42,-9.25,-27.598626,-48.515347,9
-30.79,30542.38,0.00,9043.86,-0.68,0.38,-9.67,-0.32,-3.70,1.89,1.69,1.43,-10.01,-27.598621,-48.515332,9
-30.91,30454.83,0.00,9063.12,0.89,0.28,-8.96,-0.66,-3.64,-0.77,3.55,-0.91,-11.36,-27.598617,-48.515317,9
-31.03,30367.93,0.00,9082.29,-0.63,0.59,-9.42,-0.71,-3.65,-0.21,1.09,-1.14,-10.54,-27.598612,-48.515302,8
-31.16,30281.67,0.00,9101.36,-0.10,0.05,-10.48,-0.84,-4.63,1.10,-1.10,-1.52,-12.95,-27.598608,-48.515286,10
-31.28,30196.06,0.00,9120.34,0.83,0.14,-9.75,-1.44,-1.97,0.07,-0.16,-0.95,-11.94,-27.598603,-48.515271,9
-31.40,30111.08,0.00,9139.21,-0.18,0.27,-9.81,0.25,-2.78,-0.13,-1.28,-0.37,-10.80,-27.598599,-48.515256,11
-31.53,30026.73,0.00,9157.99,-0.06,0.07,-10.72,0.63,-3.76,0.77,-1.81,0.95,-12.19,-27.598594,-48.515241,11
-31.65,29943.02,0.00,9176.67,0.05,0.46,-9.65,-1.07,-4.14,0.70,-0.75,2.63,-9.05,-27.598590,-48.515226,10
-31.77,29859.93,0.00,9195.25,0.03,-0.29,-10.17,0.67,-4.58,3.65,0.08,2.43,-8.81,-27.598585,-48.515210,10
-31.89,29777.46,0.00,9213.73,0.66,0.08,-8.61,1.10,-3.37,-0.14,1.01,2.38,-6.42,-27.598581,-48.515195,9
-32.01,29695.62,0.00,9232.12,-1.12,0.32,-9.61,-1.08,-5.01,-1.23,0.22,1.65,-7.92,-27.598576,-48.515180,9
-32.13,29614.39,0.00,9250.40,-0.13,-0.03,-9.47,0.76,-3.43,-0.04,1.35,0.31,-8.25,-27.598572,-48.515165,9
-32.25,29533.78,0.00,9268.59,1.06,-0.16,-9.70,-0.06,-4.07,0.23,3.19,-0.73,-10.04,-27.598567,-48.515150,11
-32.36,29453.78,0.00,9286.68,0.96,0.36,-10.68,1.31,-3.85,-0.43,1.64,-1.94,-12.37,-27.598563,-48.515134,8
-32.48,29374.39,0.00,9304.67,0.63,0.09,-9.85,-0.48,-4.00,0.53,-0.86,-1.05,-11.27,-27.598558,-48.515119,12
-32.60,29295.60,0.00,9322.57,1.03,-0.30,-10.01,-0.13,-4.26,-1.01,-1.08,-1.44,-12.08,-27.598554,-48.515104,9
-32.71,29217.42,0.00,9340.36,0.54,-0.72,-10.32,-0.07,-3.96,1.17,-2.10,0.45,-11.08,-27.598549,-48.515089,8
-32.83,29139.83,0.00,9358.06,0.88,-0.18,-9.50,-1.05,-4.19,-0.23,-0.47,0.84,-10.32,-27.598545,-48.515074,8
-32.94,29062.84,0.00,9375.66,0.04,0.04,-8.45,1.45,-2.98,1.30,-1.35,2.72,-8.86,-27.598540,-48.515058,10
-33.06,28986.44,0.00,9393.16,-0.05,0.80,-9.25,-0.13,-5.24,-0.91,-0.26,2.02,-8.55,-27.598536,-48.515043,9
-33.17,28910.63,0.00,9410.57,-0.56,-0.40,-9.73,2.42,-3.52,-0.09,0.66,-0.57,-7.81,-27.598531,-48.515028,11
-33.28,28835.41,0.00,9427.87,-0.04,-0.02,-10.66,0.78,-3.22,-0.32,1.60,-0.49,-8.25,-27.598527,-48.515013,9
-33.39,28760.77,0.00,9445.08,0.04,-0.62,-9.67,-0.34,-2.51,-0.21,1.78,-2.14,-8.28,-27.598522,-48.514998,8
-33.50,28686.71,0.00,9462.19,-0.32,0.30,-9.48,1.45,-3.48,1.52,1.89,-1.40,-8.29,-27.598518,-48.514982,11
-33.61,28613.23,0.00,9479.20,-0.32,0.03,-9.47,0.06,-3.62,0.77,-0.66,-0.39,-9.96,-27.598513,-48.514967,9
-33.72,28540.32,0.00,9496.11,0.32,0.27,-10.17,1.34,-4.69,0.06,-1.99,-0.69,-12.02,-27.598509,-48.514952,8
-33.83,28467.99,0.00,9512.93,-0.32,-0.02,-9.37,-0.30,-4.27,1.61,-3.16,2.12,-11.29,-27.598504,-48.514937,10
-33.94,28396.22,0.00,9529.64,0.48,0.44,-8.76,-1.77,-3.06,0.81,-1.25,1.78,-11.46,-27.598500,-48.514922,10
-34.05,28325.03,0.00,9546.26,-0.30,0.67,-9.45,-0.92,-4.13,0.05,-1.08,2.46,-10.11,-27.598495,-48.514906,10
-34.16,28254.39,0.00,9562.78,0.41,-0.08,-9.66,1.69,-2.75,1.33,0.92,0.52,-10.00,-27.598491,-48.514891,12
-34.26,28184.32,0.00,9579.21,0.11,-0.16,-9.87,-1.81,-3.49,0.16,0.53,0.12,-10.19,-27.598486,-48.514876,10
-34.37,28114.80,0.00,9595.53,0.23,-0.43,-9.45,-1.39,-4.12,2.64,1.27,-2.62,-7.92,-27.598482,-48.514861,10
-34.48,28045.84,0.00,9611.76,-0.10,1.19,-10.28,-1.63,-3.48,-0.97,1.92,-0.38,-8.25,-27.598477,-48.514846,12
-34.58,27977.43,0.00,9627.88,0.57,0.57,-9.88,0.08,-2.05,0.01,1.61,-1.03,-6.28,-27.598473,-48.514830,8
-34.69,27909.58,0.00,9643.91,0.29,-0.44,-10.11,0.21,-4.17,-1.27,0.19,-1.01,-8.62,-27.598468,-48.514815,10
-34.79,27842.27,0.00,9659.85,-0.26,-0.78,-9.66,-0.79,-2.71,-0.55,-1.32,0.49,-10.63,-27.598464,-48.514800,11
-34.89,27775.50,0.00,9675.68,-0.27,-0.21,-9.89,1.23,-3.35,0.33,-1.78,1.85,-10.60,-27.598459,-48.514785,8
-34.99,27709.28,0.00,9691.42,-0.05,-0.32,-10.12,0.70,-4.93,2.56,-1.42,2.11,-10.60,-27.598455,-48.514770,11
-35.10,27643.59,0.00,9707.05,-0.20,-0.46,-9.71,0.06,-3.79,-0.97,-2.03,0.64,-10.53,-27.598450,-48.514754,12
-35.20,27578.45,0.00,9722.59,0.32,0.39,-8.69,0.12,-4.69,0.90,-0.32,0.44,-9.96,-27.598446,-48.514739,8
-35.30,27513.84,0.00,9738.03,0.97,0.42,-9.73,-1.79,-3.46,-0.26,1.69,-0.94,-11.31,-27.598441,-48.514724,12
-35.40,27449.76,0.00,9753.38,-0.79,0.01,-9.72,-1.14,-4.09,0.72,0.50,-2.30,-9.79,-27.598437,-48.514709,8
-35.50,27386.21,0.00,9768.62,-0.86,0.06,-9.97,1.66,-3.32,0.39,0.88,-1.98,-9.28,-27.598432,-48.514693,12
-35.59,27323.18,0.00,9783.77,0.43,-0.44,-9.61,0.42,-4.26,1.28,2.24,-1.51,-7.52,-27.598428,-48.514678,8
-35.69,27260.68,0.00,9798.82,-0.78,-0.16,-9.87,0.77,-4.62,-0.52,0.70,-0.54,-6.52,-27.598423,-48.514663,11
-35.79,27198.71,0.00,9813.77,-0.12,0.30,-10.31,1.60,-5.33,0.69,-0.88,1.57,-8.67,-27.598419,-48.514648,8
-35.89,27137.25,0.00,9828.62,0.15,0.17,-9.74,-0.94,-3.80,-0.80,-1.19,3.42,-8.01,-27.598414,-48.514633,9
-35.98,27076.31,0.00,9843.38,-0.08,0.71,-9.99,-0.72,-2.93,-0.84,-1.41,1.97,-9.82,-27.598410,-48.514617,8
-36.08,27015.88,0.00,9858.03,0.44,-0.52,-9.20,-0.35,-3.48,0.82,-2.12,0.64,-10.30,-27.598405,-48.514602,10
-36.17,26955.97,0.00,9872.59,-0.19,0.23,-10.18,0.25,-3.08,-0.31,-1.41,0.87,-11.80,-27.598401,-48.514587,8
-36.27,26896.57,0.00,9887.05,-0.70,-0.47,-9.42,-1.24,-2.78,-0.47,-1.72,-2.02,-12.00,-27.598397,-48.514572,11
-36.36,26837.67,0.00,9901.42,0.47,0.26,-9.55,-0.97,-5.14,0.73,2.95,-1.56,-10.28,-27.598392,-48.514557,12
-36.45,26779.28,0.00,9915.68,-0.25,0.35,-10.49,-1.10,-5.37,0.01,1.45,-1.51,-11.03,-27.598388,-48.514541,8
-36.54,26721.40,0.00,9929.85,-1.13,-0.23,-9.96,-0.71,-3.19,-1.11,0.37,-0.30,-10.01,-27.598383,-48.514526,8
-36.64,26664.01,0.00,9943.92,-0.17,-0.37,-9.85,-1.95,-4.76,1.27,1.77,1.21,-8.83,-27.598379,-48.514511,9
-36.73,26607.13,0.00,9957.89,-0.25,0.33,-10.58,0.94,-3.38,0.35,0.45,2.28,-8.61,-27.598374,-48.514496,12
-36.82,26550.74,0.00,9971.76,-0.31,-0.17,-10.10,0.02,-2.40,0.89,-2.41,2.55,-7.61,-27.598370,-48.514481,12
-36.91,26494.85,0.00,9985.53,-0.89,0.90,-9.84,0.96,-4.37,0.10,-3.11,1.90,-7.86,-27.598365,-48.514465,9
-36.99,26439.45,0.00,9999.21,0.05,-0.64,-9.80,1.66,-4.85,-2.19,-0.74,-1.81,-9.29,-27.598361,-48.514450,8
-37.08,26384.53,0.00,10012.78,0.47,0.69,-9.74,-0.75,-2.74,-0.88,-0.75,0.11,-8.94,-27.598356,-48.514435,9
-37.17,26330.11,0.00,10026.26,0.62,-0.08,-10.74,0.44,-3.86,0.49,0.76,-2.08,-11.62,-27.598352,-48.514420,8
-37.26,26276.17,0.00,10039.64,0.29,-0.32,-9.40,-1.33,-5.37,1.96,0.89,-2.86,-10.15,-27.598347,-48.514405,12
-37.34,26222.72,0.00,10052.93,-0.17,0.71,-9.66,-2.23,-4.91,-0.64,0.88,0.02,-11.51,-27.598343,-48.514389,10
-37.43,26169.75,0.00,10066.11,0.13,0.39,-9.74,0.95,-4.18,0.25,1.50,0.22,-11.33,-27.598338,-48.514374,10
-37.51,26117.26,0.00,10079.20,0.26,-0.65,-10.95,-0.07,-3.81,-1.12,2.32,0.18,-11.83,-27.598334,-48.514359,8
-37.60,26065.24,0.00,10092.19,0.88,-0.34,-10.18,-1.80,-2.89,-0.14,2.11,2.16,-9.39,-27.598329,-48.514344,9
-37.68,26013.71,0.00,10105.08,-0.49,-0.16,-9.71,-0.90,-3.25,-0.95,0.09,1.60,-9.02,-27.598325,-48.514329,10
-37.77,25962.64,0.00,10117.87,0.70,-0.38,-9.36,-2.68,-4.80,-1.28,-0.38,0.38,-7.22,-27.598320,-48.514313,8
-37.85,25912.05,0.00,10130.57,0.77,0.31,-10.14,0.23,-4.20,-0.42,-1.89,0.42,-7.13,-27.598316,-48.514298,12
-37.93,25861.93,0.00,10143.16,0.26,-0.60,-9.97,-0.78,-5.59,-0.14,-0.57,-1.36,-9.97,-27.598311,-48.514283,8
-38.01,25812.27,0.00,10155.66,-0.53,0.08,-9.25,0.45,-3.97,-1.48,-0.83,-1.66,-8.43,-27.598307,-48.514268,10
-38.09,25763.08,0.00,10168.06,-0.91,1.34,-9.58,-0.20,-5.13,0.14,-0.80,0.21,-10.71,-27.598302,-48.514253,9
-38.17,25714.36,0.00,10180.37,-0.27,-0.02,-9.60,-0.42,-5.11,0.47,0.35,-0.75,-11.18,-27.598298,-48.514237,11
-38.25,25666.10,0.00,10192.57,-0.88,0.16,-9.34,1.26,-3.00,0.75,2.26,0.66,-11.89,-27.598293,-48.514222,8
-38.33,25618.30,0.00,10204.68,-0.30,0.34,-9.65,0.66,-5.04,-0.07,1.42,1.83,-10.86,-27.598289,-48.514207,9
-38.41,25570.95,0.00,10216.68,0.24,0.19,-10.20,-1.60,-2.83,-0.35,1.23,2.24,-10.81,-27.598284,-48.514192,12
-38.49,25524.07,0.00,10228.59,-0.34,-0.07,-9.20,0.12,-3.72,1.25,-0.05,1.17,-8.36,-27.598280,-48.514177,11
-38.56,25477.64,0.00,10240.41,0.10,0.91,-9.55,-0.11,-2.75,-1.46,-1.55,1.51,-9.00,-27.598275,-48.514161,9
-38.64,25431.66,0.00,10252.12,0.62,1.08,-9.35,0.12,-5.40,-0.37,-1.57,-0.05,-7.95,-27.598271,-48.514146,11
-38.71,25386.13,0.00,10263.74,0.03,-0.34,-9.47,1.24,-1.65,2.75,-2.00,-2.64,-6.67,-27.598266,-48.514131,8
-38.79,25341.06,0.00,10275.25,0.42,0.36,-9.77,-1.13,-2.49,-1.67,-1.51,-2.06,-7.58,-27.598262,-48.514116,9
-38.86,25296.43,0.00,10286.67,-0.60,0.08,-9.75,-1.26,-4.45,0.14,-1.44,-1.48,-8.84,-27.598257,-48.514100,11
-38.94,25252.24,0.00,10297.99,-0.35,-0.33,-9.69,-0.05,-2.71,2.14,0.07,0.50,-9.33,-27.598253,-48.514085,11
-39.01,25208.51,0.00,10309.22,0.63,-0.09,-9.59,0.15,-2.91,0.40,2.01,1.19,-10.92,-27.598248,-48.514070,10
-39.08,25165.21,0.00,10320.34,-0.36,0.26,-9.93,1.54,-5.42,-0.16,1.64,1.77,-12.11,-27.598244,-48.514055,9
-39.15,25122.36,0.00,10331.37,-0.04,0.08,-9.68,0.12,-3.17,0.53,1.31,2.80,-12.17,-27.598239,-48.514040,8
-39.22,25079.94,0.00,10342.30,0.06,0.41,-8.95,-1.18,-5.69,-0.78,0.47,0.86,-11.13,-27.598235,-48.514024,12
-39.30,25037.97,0.00,10353.13,0.45,-0.38,-10.57,0.85,-3.06,0.07,0.04,-1.22,-12.01,-27.598230,-48.514009,8
-39.37,24996.43,0.00,10363.86,-1.14,-0.00,-9.94,1.67,-3.88,0.86,-2.32,-0.79,-9.73,-27.598226,-48.513994,10
-39.43,24955.32,0.00,10374.50,-0.55,0.03,-10.04,-0.35,-3.14,0.02,-1.67,-2.13,-9.62,-27.598221,-48.513979,8
-39.50,24914.65,0.00,10385.03,-0.05,-0.64,-10.56,2.09,-2.62,-1.33,-1.34,-2.29,-9.09,-27.598217,-48.513964,12
-39.57,24874.41,0.00,10395.47,0.38,0.32,-8.93,2.25,-3.64,1.17,-0.75,-0.27,-7.31,-27.598212,-48.513948,10
-39.64,24834.60,0.00,10405.81,0.03,0.75,-10.05,-1.02,-3.62,1.34,-0.82,2.60,-7.59,-27.598208,-48.513933,10
-39.70,24795.21,0.00,10416.05,-0.13,0.23,-9.91,0.85,-5.01,-0.12,0.97,1.54,-8.53,-27.598203,-48.513918,12
-39.77,24756.26,0.00,10426.20,-0.01,-0.74,-9.86,0.30,-3.34,1.04,2.25,1.30,-11.33,-27.598199,-48.513903,11
-39.84,24717.73,0.00,10436.24,-0.30,-1.00,-9.88,-1.63,-3.94,0.78,1.92,0.11,-11.59,-27.598194,-48.513888,8
-39.90,24679.63,0.00,10446.19,1.43,0.85,-10.13,-0.27,-6.02,-0.35,2.63,1.03,-11.57,-27.598190,-48.513872,11
-39.96,24641.94,0.00,10456.04,-0.35,0.54,-9.84,-1.07,-5.70,-1.54,0.19,0.12,-11.55,-27.598185,-48.513857,10
-40.03,24604.68,0.00,10465.79,-0.71,0.09,-11.35,-0.24,-2.93,1.16,-2.05,-3.20,-12.26,-27.598181,-48.513842,12
-40.09,24567.84,0.00,10475.45,0.53,-0.33,-10.13,1.31,-2.86,-0.89,-0.87,-2.57,-10.71,-27.598176,-48.513827,9
-40.15,24531.42,0.00,10485.00,-0.47,0.36,-9.37,0.51,-6.13,1.26,-2.68,-1.39,-9.35,-27.598172,-48.513812,10
-40.21,24495.41,0.00,10494.46,0.26,0.54,-8.47,-0.79,-3.85,0.49,-0.80,0.98,-7.17,-27.598167,-48.513796,9
-40.27,24459.82,0.00,10503.82,-0.45,-0.44,-9.83,0.78,-4.89,-0.58,-1.25,0.34,-7.20,-27.598163,-48.513781,8
-40.34,24424.64,0.00,10513.08,0.52,-0.68,-10.26,-1.10,-5.83,-0.03,0.80,1.98,-7.23,-27.598158,-48.513766,8
-40.39,24389.88,0.00,10522.24,0.08,0.16,-10.60,2.09,-3.97,-0.56,1.59,2.45,-8.84,-27.598154,-48.513751,8
-40.45,24355.53,0.00,10531.31,-0.68,0.17,-10.69,0.17,-6.54,-0.99,0.77,1.66,-10.11,-27.598149,-48.513736,11
-40.51,24321.59,0.00,10540.27,-0.31,0.26,-10.43,0.53,-3.18,0.13,2.30,-0.29,-10.72,-27.598145,-48.513720,10
-40.57,24288.05,0.00,10549.14,1.37,-0.19,-9.58,-2.13,-3.58,-0.65,1.74,-1.75,-10.84,-27.598140,-48.513705,11
-40.63,24254.93,0.00,10557.91,0.01,-0.14,-10.39,0.79,-2.66,-0.49,-0.21,-2.06,-13.38,-27.598136,-48.513690,8
-40.68,24222.21,0.00,10566.59,-0.06,-0.28,-9.02,0.15,-3.66,-1.35,-1.05,-1.24,-10.46,-27.598132,-48.513675,10
-40.74,24189.90,0.00,10575.16,-0.17,0.28,-10.56,0.26,-3.60,1.40,-2.40,-0.05,-11.57,-27.598127,-48.513660,12
-40.79,24157.99,0.00,10583.64,0.20,0.32,-9.99,0.11,-2.80,-0.66,-1.65,1.01,-10.95,-27.598123,-48.513644,12
-40.85,24126.48,0.00,10592.02,-0.34,0.41,-9.93,0.49,-3.39,0.42,-0.82,2.03,-9.45,-27.598118,-48.513629,8
-40.90,24095.38,0.00,10600.30,0.00,0.35,-9.52,-1.37,-3.38,0.13,-0.42,2.27,-8.82,-27.598114,-48.513614,9
-40.96,24064.67,0.00,10608.48,-0.89,-0.26,-9.95,1.55,-4.70,0.34,1.07,1.77,-7.76,-27.598109,-48.513599,9
-41.01,24034.37,0.00,10616.56,0.05,-0.15,-9.44,0.39,-6.81,0.13,1.20,0.45,-7.75,-27.598105,-48.513584,11
-41.06,24004.46,0.00,10624.55,0.01,0.45,-10.18,-0.57,-5.30,-0.21,2.94,-0.52,-9.15,-27.598100,-48.513568,8
-41.11,23974.95,0.00,10632.44,-0.69,-0.38,-9.58,-0.16,-4.30,-1.34,0.60,-2.57,-9.67,-27.598096,-48.513553,8
-41.16,23945.84,0.00,10640.23,0.57,0.39,-10.49,0.89,-3.58,-0.19,1.20,-2.13,-10.99,-27.598091,-48.513538,11
-41.21,23917.12,0.00,10647.92,-0.16,-0.73,-11.15,1.19,-3.22,-0.12,-2.75,-2.46,-12.55,-27.598087,-48.513523,11
-41.26,23888.79,0.00,10655.51,0.89,-0.10,-9.38,-0.99,-5.32,-0.38,-1.34,0.28,-10.54,-27.598082,-48.513507,12
-41.31,23860.86,0.00,10663.01,-0.39,0.44,-9.36,-0.40,-3.61,-0.44,-2.38,1.05,-10.12,-27.598078,-48.513492,10
-41.36,23833.32,0.00,10670.40,-0.49,0.20,-10.66,0.16,-3.20,0.12,-1.97,2.41,-10.60,-27.598073,-48.513477,11
-41.41,23806.17,0.00,10677.70,-0.58,0.26,-10.80,-1.24,-3.55,-0.06,-0.04,0.95,-10.46,-27.598069,-48.513462,12
-41.45,23779.41,0.00,10684.90,0.82,0.59,-10.21,0.56,-3.04,-1.81,0.91,2.14,-8.22,-27.598064,-48.513447,11
-41.50,23753.03,0.00,10692.01,0.67,0.18,-10.07,0.76,-5.52,-0.59,2.35,0.22,-7.41,-27.598060,-48.513431,12
-41.54,23727.05,0.00,10699.01,-0.59,-0.11,-9.47,0.73,-3.36,1.18,1.66,-1.49,-7.78,-27.598055,-48.513416,8
-41.59,23701.45,0.00,10705.92,-0.26,0.56,-10.46,-0.37,-3.10,0.90,2.13,-2.51,-8.88,-27.598051,-48.513401,10
-41.63,23676.23,0.00,10712.73,-0.29,-0.01,-9.70,1.09,-3.76,0.50,0.07,-1.45,-9.79,-27.598046,-48.513386,11
-41.68,23651.41,0.00,10719.44,-0.06,0.86,-10.22,-1.73,-3.85,-0.97,0.31,1.44,-10.39,-27.598042,-48.513371,12
-41.72,23626.96,0.00,10726.05,0.27,0.32,-9.75,-0.73,-2.36,0.78,-0.86,0.69,-10.55,-27.598037,-48.513355,11
-41.76,23602.90,0.00,10732.56,-0.04,0.59,-9.10,1.49,-5.18,0.56,-2.83,2.13,-9.42,-27.598033,-48.513340,9
-41.80,23579.22,0.00,10738.98,1.18,-0.68,-9.74,-2.81,-6.34,0.87,-0.67,1.66,-12.09,-27.598028,-48.513325,9
-41.84,23555.92,0.00,10745.30,0.57,-0.43,-10.44,-0.07,-4.26,-0.02,-0.58,0.75,-11.95,-27.598024,-48.513310,8
-41.88,23533.00,0.00,10751.52,0.28,-0.20,-10.59,-1.00,-3.18,-1.95,0.80,0.54,-10.48,-27.598019,-48.513295,11
-41.92,23510.45,0.00,10757.64,0.98,-0.01,-10.28,-0.19,-1.51,-0.57,2.22,-0.58,-10.22,-27.598015,-48.513279,12
-41.96,23488.29,0.00,10763.66,0.09,0.22,-10.42,1.20,-2.44,0.99,2.04,-1.65,-9.67,-27.598010,-48.513264,10
-42.00,23466.51,0.00,10769.59,0.54,-0.71,-10.05,-0.56,-3.74,-0.54,2.79,-2.37,-7.04,-27.598006,-48.513249,11
-42.04,23445.10,0.00,10775.42,0.14,-0.14,-10.78,-0.40,-6.01,-0.55,0.16,-1.14,-9.00,-27.598001,-48.513234,9
-42.08,23424.06,0.00,10781.15,-0.81,-0.41,-9.42,1.64,-5.06,-0.07,-1.50,-0.30,-7.98,-27.597997,-48.513219,9
-42.11,23403.41,0.00,10786.78,0.49,0.29,-10.17,-1.12,-3.95,-0.78,0.74,1.08,-10.87,-27.597992,-48.513203,10
-42.15,23383.12,0.00,10792.31,-0.01,0.34,-10.58,-1.35,-3.14,-0.13,-3.17,2.49,-11.65,-27.597988,-48.513188,11
-42.19,23363.21,0.00,10797.75,-0.42,1.16,-9.77,-1.16,-4.42,-1.66,-3.03,3.38,-12.83,-27.597983,-48.513173,12
-42.22,23343.67,0.00,10803.09,0.52,0.35,-9.91,-0.36,-3.18,-0.30,-0.86,1.36,-12.04,-27.597979,-48.513158,8
-42.25,23324.51,0.00,10808.32,-0.74,0.38,-10.29,1.75,-5.67,0.79,-0.64,0.55,-11.79,-27.597974,-48.513143,10
-42.29,23305.71,0.00,10813.47,0.19,-0.35,-10.82,0.54,-3.34,-0.64,0.32,-1.55,-11.69,-27.597970,-48.513127,12
-42.32,23287.29,0.00,10818.51,-0.52,-0.09,-9.71,0.59,-4.52,-0.20,1.11,-2.87,-9.73,-27.597965,-48.513112,8
-42.35,23269.24,0.00,10823.45,0.34,0.38,-10.28,-0.79,-5.98,0.41,2.41,-0.54,-8.45,-27.597961,-48.513097,10
-42.38,23251.55,0.00,10828.30,0.47,-0.75,-9.32,-1.04,-3.24,-0.14,2.65,-0.20,-7.98,-27.597956,-48.513082,11
-42.41,23234.24,0.00,10833.05,0.18,0.18,-10.10,0.62,-4.44,-1.12,0.83,0.79,-8.11,-27.597952,-48.513067,10
-42.45,23217.29,0.00,10837.70,0.36,0.32,-10.66,-1.28,-3.40,-0.01,0.10,1.48,-9.41,-27.597947,-48.513051,9
-42.47,23200.71,0.00,10842.25,-0.63,-0.04,-9.32,0.27,-4.51,0.71,-2.38,2.29,-8.44,-27.597943,-48.513036,11
-42.50,23184.49,0.00,10846.71,0.11,-0.57,-10.15,-1.05,-5.39,-1.16,-1.75,1.26,-10.28,-27.597938,-48.513021,12
-42.53,23168.64,0.00,10851.06,-0.21,0.99,-9.47,-0.56,-3.20,0.22,-2.11,1.73,-10.37,-27.597934,-48.513006,10
-42.56,23153.16,0.00,10855.32,1.07,0.51,-9.56,2.04,-2.39,-1.29,-0.60,0.16,-10.96,-27.597929,-48.512991,9
-42.59,23138.04,0.00,10859.48,-0.74,0.40,-9.56,0.49,-4.35,1.16,-0.16,-1.85,-10.45,-27.597925,-48.512975,10
-42.61,23123.29,0.00,10863.54,-0.29,-0.53,-10.39,0.31,-3.51,-0.74,1.00,-2.10,-11.63,-27.597920,-48.512960,12
-42.64,23108.90,0.00,10867.51,0.40,-0.24,-9.88,0.15,-4.07,-1.98,1.70,-1.92,-10.93,-27.597916,-48.512945,10
-42.66,23094.87,0.00,10871.37,-1.06,0.17,-9.47,-1.67,-2.92,2.22,0.09,-0.04,-9.21,-27.597911,-48.512930,10
-42.69,23081.20,0.00,10875.14,-0.75,-0.34,-9.64,0.21,-4.81,0.67,0.66,1.30,-8.09,-27.597907,-48.512915,9
-42.71,23067.90,0.00,10878.81,-0.11,-0.16,-8.57,1.07,-2.68,2.82,-0.51,2.85,-6.85,-27.597902,-48.512899,11
-42.74,23054.96,0.00,10882.38,-0.18,-0.48,-9.80,0.38,-5.92,-1.42,-2.65,1.68,-7.95,-27.597898,-48.512884,9
-42.76,23042.38,0.00,10885.85,-0.19,0.23,-9.93,-1.93,-2.98,-1.20,-2.91,1.01,-9.07,-27.597893,-48.512869,9
-42.78,23030.16,0.00,10889.23,-0.28,-1.18,-9.97,0.80,-3.65,0.85,-1.93,-0.14,-8.46,-27.597889,-48.512854,8
-42.80,23018.30,0.00,10892.51,0.97,0.22,-10.03,1.19,-5.42,-0.61,0.04,-2.31,-10.82,-27.597884,-48.512838,11
-42.82,23006.80,0.00,10895.68,0.81,-0.81,-9.34,0.11,-5.34,1.33,0.32,-3.00,-10.01,-27.597880,-48.512823,11
-42.84,22995.66,0.00,10898.77,-0.37,0.43,-9.37,-2.73,-4.02,-0.07,-0.03,-1.73,-10.98,-27.597875,-48.512808,12
-42.86,22984.88,0.00,10901.75,-0.34,-0.22,-10.27,-0.62,-4.97,0.12,1.10,-1.58,-11.43,-27.597871,-48.512793,8
-42.88,22974.46,0.00,10904.63,0.56,0.03,-9.78,-0.80,-1.92,-1.18,2.80,0.66,-11.23,-27.597867,-48.512778,11
-42.90,22964.39,0.00,10907.42,-0.37,-0.08,-8.84,0.79,-3.41,0.13,0.18,1.60,-9.86,-27.597862,-48.512762,10
-42.92,22954.69,0.00,10910.11,-0.49,0.41,-9.97,-0.30,-3.83,0.70,0.62,3.05,-9.83,-27.597858,-48.512747,9
-42.93,22945.34,0.00,10912.70,0.45,-0.26,-10.19,-1.90,-4.55,-1.29,-0.74,0.91,-8.34,-27.597853,-48.512732,9
-42.95,22936.34,0.00,10915.19,0.60,0.74,-10.24,-0.47,-6.45,-0.44,-1.46,1.34,-8.50,-27.597849,-48.512717,8
-42.96,22927.71,0.00,10917.58,-0.56,-0.19,-10.14,-0.93,-4.28,0.81,-3.15,-1.89,-7.82,-27.597844,-48.512702,10
-42.98,22919.43,0.00,10919.88,-0.33,0.15,-9.38,0.15,-3.44,0.57,-1.48,-2.26,-8.49,-27.597840,-48.512686,8
-42.99,22911.50,0.00,10922.08,0.75,0.63,-10.44,-2.35,-4.03,-0.75,0.19,-1.53,-10.99,-27.597835,-48.512671,8
-43.01,22903.94,0.00,10924.18,0.19,-0.36,-8.71,0.87,-3.36,0.25,0.28,-2.22,-8.94,-27.597831,-48.512656,9
-43.02,22896.72,0.00,10926.18,0.22,-0.53,-9.76,-0.92,-3.66,1.46,0.94,-0.85,-11.83,-27.597826,-48.512641,9
-43.03,22889.87,0.00,10928.08,0.31,0.32,-10.01,-1.40,-3.13,-0.46,2.95,1.28,-12.41,-27.597822,-48.512626,12
-43.04,22883.36,0.00,10929.89,-0.40,0.46,-9.13,0.57,-4.13,-0.55,1.86,2.69,-9.76,-27.597817,-48.512610,8
-43.06,22877.22,0.00,10931.60,-1.03,0.24,-8.87,-0.22,-4.04,-0.11,1.81,1.24,-10.45,-27.597813,-48.512595,12
-43.07,22871.42,0.00,10933.21,-0.35,0.02,-10.32,-1.29,-4.00,0.13,-0.42,0.92,-9.95,-27.597808,-48.512580,12
-43.08,22865.98,0.00,10934.72,0.61,-0.02,-8.99,0.21,-5.08,-0.92,0.67,-0.24,-8.72,-27.597804,-48.512565,10
-43.08,22860.90,0.00,10936.13,-0.33,-0.49,-9.97,1.94,-5.86,-0.44,-1.20,-2.04,-8.44,-27.597799,-48.512550,10
-43.09,22856.17,0.00,10937.45,0.53,-0.35,-10.55,0.27,-4.16,-1.49,-2.13,-2.29,-8.99,-27.597795,-48.512534,12
-43.10,22851.79,0.00,10938.66,0.18,0.25,-9.39,0.09,-3.40,-0.59,-3.05,-1.89,-7.47,-27.597790,-48.512519,9
-43.11,22847.76,0.00,10939.78,-0.01,-1.41,-9.45,0.30,-4.83,-0.53,0.25,-3.22,-8.55,-27.597786,-48.512504,9
-43.12,22844.09,0.00,10940.80,0.34,0.22,-9.69,0.15,-2.56,-1.54,0.70,1.04,-10.39,-27.597781,-48.512489,8
-43.12,22840.78,0.00,10941.73,0.22,0.54,-10.31,-0.24,-5.68,1.24,2.86,2.51,-12.71,-27.597777,-48.512474,12
-43.13,22837.81,0.00,10942.55,0.76,0.50,-9.00,0.68,-5.48,-0.72,2.29,2.48,-10.41,-27.597772,-48.512458,8
-43.13,22835.20,0.00,10943.28,-1.30,0.50,-10.01,-0.43,-4.63,1.66,0.83,1.11,-11.44,-27.597768,-48.512443,12
-43.14,22832.94,0.00,10943.91,-0.12,0.22,-9.50,-0.55,-4.51,-1.78,1.02,0.51,-10.86,-27.597763,-48.512428,8
-43.14,22831.03,0.00,10944.44,0.36,-0.32,-10.27,1.21,-4.19,-0.22,-0.86,-2.69,-11.30,-27.597759,-48.512413,12
-43.14,22829.48,0.00,10944.87,0.73,0.48,-10.26,0.84,-3.57,1.05,-0.05,-1.76,-9.60,-27.597754,-48.512398,12
-43.14,22828.28,0.00,10945.20,-0.21,0.26,-9.20,0.93,-5.36,-0.36,-1.84,-1.56,-6.94,-27.597750,-48.512382,12
-43.15,22827.43,0.00,10945.44,-0.49,-0.10,-10.29,-0.67,-5.64,0.95,-1.94,-1.18,-7.33,-27.597745,-48.512367,10
-43.15,22826.94,0.00,10945.58,0.72,-0.55,-9.92,-0.51,-3.69,-1.26,0.70,-1.37,-8.74,-27.597741,-48.512352,12
-43.15,22826.79,0.00,10945.62,-0.42,0.66,-9.77,-1.13,-4.79,-0.45,0.16,1.67,-8.72,-27.597736,-48.512337,10
-43.15,22827.00,0.00,10945.56,-0.21,0.24,-10.07,1.66,-5.45,-0.58,4.83,-0.72,-5.61,-27.597732,-48.512322,8
-43.12,22839.58,0.00,10942.06,-0.03,0.32,0.32,27.67,17.22,3.83,5.57,-6.25,-0.21,-27.597723,-48.512301,6
-43.10,22852.17,0.00,10938.56,-0.05,0.17,0.33,28.53,10.36,6.33,-1.30,-5.57,-5.18,-27.597714,-48.512281,8
-43.08,22864.76,0.00,10935.06,-0.40,0.72,0.29,26.47,-7.12,6.33,-4.98,-1.81,-5.29,-27.597705,-48.512261,7
-43.06,22877.36,0.00,10931.56,-0.98,0.18,0.16,19.62,-16.89,10.45,-3.76,1.55,-3.60,-27.597696,-48.512240,8
-43.03,22889.96,0.00,10928.06,-0.07,-1.34,0.01,17.55,-23.65,9.71,-1.84,1.87,-0.74,-27.597687,-48.512220,9
-43.01,22902.57,0.00,10924.56,0.12,-0.69,-0.75,4.94,-28.56,10.72,9.93,-3.49,4.04,-27.597678,-48.512200,8
-42.99,22915.19,0.00,10921.06,0.11,-0.42,-0.08,-7.66,-31.66,12.81,6.65,-5.18,1.65,-27.597669,-48.512180,9
-42.96,22927.81,0.00,10917.56,-0.92,-0.09,0.41,-16.98,-24.01,11.97,-0.82,-3.36,0.01,-27.597660,-48.512159,10
-42.94,22940.43,0.00,10914.06,0.22,-0.45,0.20,-23.90,-14.91,7.36,-0.36,4.76,-3.76,-27.597651,-48.512139,6
-42.92,22953.06,0.00,10910.56,-0.88,-0.02,0.72,-30.45,-5.29,9.83,-10.09,11.02,-5.88,-27.597642,-48.512119,9
-42.90,22965.70,0.00,10907.06,0.13,-0.33,0.23,-27.57,7.46,6.29,-0.07,3.21,-4.83,-27.597633,-48.512099,6
-42.87,22978.34,0.00,10903.56,0.64,-0.76,-0.57,-23.87,20.02,6.94,2.62,-2.45,-0.28,-27.597624,-48.512078,6
-42.85,22990.99,0.00,10900.06,-0.29,0.08,-0.22,-15.61,25.16,-0.79,6.84,-3.49,3.28,-27.597615,-48.512058,7
-42.83,23003.64,0.00,10896.56,0.11,0.78,-0.02,-7.88,31.63,0.87,3.57,-1.13,5.59,-27.597606,-48.512038,9
-42.80,23016.30,0.00,10893.06,-0.52,0.42,-0.40,10.11,27.52,-3.20,-7.22,2.47,-3.07,-27.597597,-48.512017,10
-42.78,23028.97,0.00,10889.56,-0.37,-0.30,0.56,15.92,23.38,-5.21,-5.81,6.12,-6.72,-27.597588,-48.511997,10
-42.76,23041.64,0.00,10886.06,0.14,-0.14,0.48,23.42,14.74,-4.73,-2.17,0.40,-8.21,-27.597579,-48.511977,9
-42.74,23054.32,0.00,10882.56,-0.12,-0.03,-0.22,30.09,3.66,-5.65,4.32,-4.60,-3.92,-27.597570,-48.511957,6
-42.71,23067.00,0.00,10879.06,0.31,-0.33,-0.15,29.07,-4.81,-7.58,5.46,-6.11,6.01,-27.597561,-48.511936,7
-42.69,23079.69,0.00,10875.56,0.15,0.82,0.15,21.03,-19.57,-10.46,4.92,1.05,2.21,-27.597552,-48.511916,8
-42.67,23092.38,0.00,10872.06,0.61,0.67,-0.40,13.48,-29.21,-11.62,-1.77,3.44,5.96,-27.597543,-48.511896,8
-42.65,23105.08,0.00,10868.56,0.02,-0.36,0.35,2.01,-32.39,-12.22,-4.73,7.43,0.68,-27.597534,-48.511875,6
-42.62,23117.78,0.00,10865.06,0.22,-0.05,-0.63,-8.30,-28.96,-11.48,-3.17,-0.51,-3.51,-27.597525,-48.511855,8
-42.60,23130.49,0.00,10861.56,0.32,-0.67,0.53,-19.65,-19.32,-6.98,0.80,-8.26,-6.20,-27.597516,-48.511835,10
-42.58,23143.21,0.00,10858.06,-0.12,0.65,-0.73,-27.53,-12.93,-9.77,7.07,-3.70,-2.51,-27.597507,-48.511815,6
-42.55,23155.93,0.00,10854.56,-0.33,-0.73,0.44,-32.84,-2.37,-5.21,4.69,2.66,2.49,-27.597498,-48.511794,8
-42.53,23168.66,0.00,10851.06,0.10,0.49,-0.18,-29.12,8.22,-8.88,-1.05,7.89,5.18,-27.597489,-48.511774,8
-42.51,23181.39,0.00,10847.56,-0.20,-0.31,-0.11,-20.98,23.85,-2.88,-8.17,4.38,6.43,-27.597480,-48.511754,8
-42.49,23194.13,0.00,10844.06,0.62,0.07,0.13,-13.08,26.07,-5.31,-3.68,1.95,0.92,-27.597471,-48.511734,8
-42.46,23206.87,0.00,10840.56,0.04,-0.53,-0.48,6.50,26.80,0.04,-1.97,-7.15,-6.45,-27.597462,-48.511713,6
-42.44,23219.62,0.00,10837.06,-0.55,0.09,0.00,11.48,28.01,5.77,5.06,-3.53,-6.98,-27.597453,-48.511693,7
-42.42,23232.38,0.00,10833.56,0.61,-0.10,-0.23,18.04,21.33,3.14,5.57,6.80,-2.12,-27.597444,-48.511673,6
-42.40,23245.14,0.00,10830.06,0.73,0.16,0.04,30.36,8.90,6.35,-1.32,4.83,2.37,-27.597435,-48.511652,7
-42.37,23257.91,0.00,10826.56,0.38,0.31,-0.88,25.27,0.23,7.03,-1.23,1.14,5.22,-27.597426,-48.511632,10
-42.35,23270.68,0.00,10823.06,-0.10,-0.39,0.62,27.60,-12.11,6.02,-3.93,-3.58,5.90,-27.597417,-48.511612,7
-42.33,23283.46,0.00,10819.56,-0.55,0.37,-0.12,22.81,-25.57,8.13,-4.67,-7.86,-1.84,-27.597408,-48.511592,7
-42.30,23296.24,0.00,10816.06,-0.73,0.43,-0.67,8.11,-27.92,6.42,6.14,-2.62,-7.36,-27.597399,-48.511571,8
-42.28,23309.03,0.00,10812.56,-0.32,-0.83,-0.05,1.51,-29.25,9.20,7.19,7.77,-5.88,-27.597390,-48.511551,6
-42.26,23321.83,0.00,10809.06,0.19,-0.54,0.78,-13.73,-26.99,7.14,4.98,3.44,1.78,-27.597381,-48.511531,9
-42.24,23334.63,0.00,10805.56,-0.58,0.98,0.34,-26.59,-20.16,7.89,-1.67,5.44,2.13,-27.597372,-48.511511,7
-42.21,23347.44,0.00,10802.06,0.79,0.12,0.13,-28.52,-8.16,6.71,-6.93,-6.55,5.83,-27.597363,-48.511490,6
-42.19,23360.25,0.00,10798.56,-0.25,-0.53,-0.39,-31.17,0.84,4.13,-7.35,-8.89,5.77,-27.597354,-48.511470,10
-42.17,23373.07,0.00,10795.06,0.05,-0.55,-0.61,-26.53,14.10,3.34,3.61,0.34,-3.83,-27.597345,-48.511450,10
-42.15,23385.89,0.00,10791.56,-0.07,0.03,-0.09,-19.95,25.86,3.37,5.48,7.55,-4.83,-27.597337,-48.511429,9
-42.12,23398.72,0.00,10788.06,0.26,0.34,0.48,-5.78,27.27,-3.19,6.12,5.69,-5.51,-27.597328,-48.511409,7
-42.10,23411.56,0.00,10784.56,-0.38,0.56,-0.01,6.90,30.65,0.19,-1.37,-0.83,-1.24,-27.597319,-48.511389,10
-42.08,23424.40,0.00,10781.06,-0.04,-0.02,0.01,11.54,26.33,-3.47,-5.36,-8.61,2.09,-27.597310,-48.511369,6
-42.05,23437.24,0.00,10777.56,-0.05,0.09,-0.04,23.10,20.03,-3.54,-4.43,-4.28,6.27,-27.597301,-48.511348,10
-42.03,23450.10,0.00,10774.06,-0.43,-0.29,-0.12,26.84,12.05,-5.96,-2.05,2.23,6.09,-27.597292,-48.511328,8
-42.01,23462.95,0.00,10770.56,0.56,-0.20,-0.99,26.67,-4.86,-6.54,4.03,4.07,-3.95,-27.597283,-48.511308,7
-41.99,23475.82,0.00,10767.06,-0.09,0.02,0.63,25.07,-14.53,-6.39,4.13,1.12,-1.88,-27.597274,-48.511288,9
-41.96,23488.69,0.00,10763.56,-0.25,0.30,0.07,19.82,-23.80,-11.47,-3.25,-2.31,-8.08,-27.597265,-48.511267,9
-41.94,23501.56,0.00,10760.06,1.24,-0.35,0.81,5.31,-28.59,-10.64,-3.42,-8.13,-1.01,-27.597256,-48.511247,8
-41.92,23514.44,0.00,10756.56,-0.42,0.00,0.72,-3.51,-29.15,-9.06,-5.39,-1.91,4.04,-27.597247,-48.511227,6
-41.89,23527.33,0.00,10753.06,-0.34,0.24,0.14,-15.55,-27.35,-8.55,-3.42,5.24,5.75,-27.597238,-48.511206,10
-41.87,23540.22,0.00,10749.56,0.18,-0.18,-0.80,-25.60,-18.53,-6.45,4.99,9.73,4.99,-27.597229,-48.511186,8
-41.85,23553.12,0.00,10746.06,-0.15,-0.69,-0.59,-30.67,-4.86,-5.29,1.13,1.07,-1.10,-27.597220,-48.511166,8
-41.83,23566.02,0.00,10742.56,-0.31,0.50,-0.04,-27.90,5.95,-5.11,2.03,-5.80,-5.81,-27.597211,-48.511146,9
-41.80,23578.93,0.00,10739.06,-1.04,-0.26,0.61,-25.19,16.92,-4.01,-3.71,-3.96,-3.90,-27.597202,-48.511125,8
-41.78,23591.85,0.00,10735.56,-0.79,0.59,0.60,-18.93,27.29,-4.28,-9.08,-3.60,-0.17,-27.597193,-48.511105,10
-41.76,23604.77,0.00,10732.06,-0.33,0.39,0.21,-8.41,29.66,-2.72,-5.51,2.72,5.03,-27.597184,-48.511085,10
-41.74,23617.70,0.00,10728.56,-0.22,-0.17,-0.74,7.72,33.51,0.91,3.75,2.21,8.72,-27.597175,-48.511065,10
-41.71,23630.63,0.00,10725.06,0.33,-0.16,-0.08,18.30,25.57,5.61,6.60,0.85,5.57,-27.597166,-48.511044,7
-41.69,23643.57,0.00,10721.56,0.67,0.82,-0.32,26.78,15.93,3.85,2.63,-1.70,-3.18,-27.597157,-48.511024,8
-41.67,23656.51,0.00,10718.06,-0.16,-0.44,-0.39,29.09,0.30,5.16,2.18,-5.03,-3.54,-27.597148,-48.511004,7
-41.64,23669.46,0.00,10714.56,0.25,-0.68,0.81,28.51,-7.04,8.50,-3.53,0.11,-5.16,-27.597139,-48.510983,9
-41.62,23682.42,0.00,10711.06,-0.14,-0.01,-0.15,22.90,-19.86,9.12,-5.07,5.19,1.43,-27.597130,-48.510963,10
-41.60,23695.38,0.00,10707.56,0.18,-0.13,0.25,14.42,-23.36,9.35,-1.53,4.22,4.31,-27.597121,-48.510943,10
-41.58,23708.34,0.00,10704.06,-0.56,-0.83,-1.06,1.44,-30.83,8.59,4.51,-3.79,6.21,-27.597112,-48.510923,9
-41.55,23721.32,0.00,10700.56,-0.57,0.33,-0.03,-10.76,-30.53,10.18,8.80,-7.42,0.85,-27.597103,-48.510902,10
-41.53,23734.29,0.00,10697.06,0.35,-0.04,0.45,-17.97,-28.55,8.48,-0.00,-0.53,0.86,-27.597094,-48.510882,6
-41.51,23747.28,0.00,10693.56,0.84,-0.49,0.17,-23.79,-14.43,9.46,-6.74,5.52,-2.49,-27.597085,-48.510862,6
-41.49,23760.27,0.00,10690.06,-0.37,-0.04,0.03,-32.73,-2.18,7.63,-3.33,4.98,-2.18,-27.597076,-48.510842,6
-41.46,23773.26,0.00,10686.56,-0.67,-0.05,0.18,-31.06,9.10,6.40,-0.57,0.02,0.20,-27.597067,-48.510821,9
-41.44,23786.27,0.00,10683.06,-0.02,0.17,0.02,-20.94,19.12,3.67,6.97,-5.86,1.79,-27.597058,-48.510801,9
-41.42,23799.27,0.00,10679.56,0.85,0.07,0.62,-12.58,28.06,0.39,5.98,-3.81,7.58,-27.597049,-48.510781,6
-41.39,23812.29,0.00,10676.06,-0.34,0.09,0.23,-3.25,30.79,0.35,-1.29,0.24,5.22,-27.597040,-48.510760,10
-41.37,23825.30,0.00,10672.56,-0.14,0.44,-0.20,10.71,30.35,-1.29,-6.26,6.55,-2.01,-27.597031,-48.510740,8
-41.35,23838.33,0.00,10669.06,-0.50,0.18,0.95,20.86,21.63,-2.27,-7.57,6.24,-2.99,-27.597022,-48.510720,6
-41.33,23851.36,0.00,10665.56,0.51,0.23,0.61,23.72,14.57,-5.60,-4.93,-4.38,-8.98,-27.597013,-48.510700,10
-41.30,23864.39,0.00,10662.06,-0.70,0.14,-0.13,31.69,3.08,-8.74,2.93,-4.93,-1.02,-27.597004,-48.510679,7
-41.28,23877.44,0.00,10658.56,0.34,0.77,0.13,29.82,-8.44,-9.11,4.80,-1.64,4.16,-27.596995,-48.510659,10
-41.26,23890.48,0.00,10655.06,-0.09,0.11,-0.80,23.65,-19.89,-15.46,1.18,-0.90,5.85,-27.596986,-48.510639,10
-41.24,23903.54,0.00,10651.56,-0.20,-0.68,-0.12,11.95,-27.17,-8.34,-6.00,5.77,3.33,-27.596977,-48.510619,7
-41.21,23916.60,0.00,10648.06,-0.18,-0.36,0.65,4.27,-26.31,-10.15,-6.32,6.76,-0.53,-27.596968,-48.510598,9
-41.19,23929.66,0.00,10644.56,0.28,-0.11,0.22,-10.76,-27.52,-10.03,-3.83,-2.59,-7.29,-27.596959,-48.510578,9
-41.17,23942.73,0.00,10641.06,-1.12,0.16,0.43,-19.55,-19.12,-6.15,3.22,-6.97,-2.29,-27.596950,-48.510558,6
-41.14,23955.81,0.00,10637.56,-0.54,-0.40,0.75,-25.36,-10.01,-4.96,3.86,-5.92,-1.87,-27.596941,-48.510537,6
-41.12,23968.89,0.00,10634.06,0.37,0.58,-0.10,-29.55,-0.15,-8.38,6.61,2.75,3.29,-27.596932,-48.510517,10
-41.10,23981.98,0.00,10630.56,-0.10,-0.04,-0.08,-28.90,12.57,-4.59,-2.48,7.08,7.67,-27.596923,-48.510497,6
-41.08,23995.07,0.00,10627.06,-0.16,-0.12,0.55,-22.16,20.51,-2.51,-6.49,6.06,7.87,-27.596914,-48.510477,9
-41.05,24008.17,0.00,10623.56,-0.27,-0.27,-0.58,-11.66,27.74,-1.65,-6.40,-4.32,-2.09,-27.596905,-48.510456,7
-41.03,24021.28,0.00,10620.06,-0.36,0.31,-0.07,4.04,28.34,-0.59,1.05,-9.26,-5.73,-27.596896,-48.510436,9
-41.01,24034.39,0.00,10616.56,0.40,-0.12,0.15,10.33,28.97,2.05,4.60,-6.20,-8.67,-27.596887,-48.510416,8
-40.98,24047.50,0.00,10613.06,-0.08,0.37,-0.09,20.93,18.61,4.31,7.65,5.40,0.01,-27.596878,-48.510396,8
-40.96,24060.63,0.00,10609.56,0.30,0.04,-0.20,28.55,11.87,6.43,2.17,7.42,2.31,-27.596869,-48.510375,6
-40.94,24073.75,0.00,10606.06,-0.01,-0.00,0.54,29.07,-4.96,10.05,-3.71,1.18,5.80,-27.596860,-48.510355,7
-40.92,24086.89,0.00,10602.56,0.01,-0.30,-0.09,29.39,-13.07,10.54,-6.76,-5.47,5.34,-27.596851,-48.510335,8
-40.89,24100.03,0.00,10599.06,0.25,-0.80,0.03,20.87,-22.74,8.82,-0.02,-6.74,-0.38,-27.596842,-48.510314,7
-40.87,24113.17,0.00,10595.56,0.87,-0.11,0.15,4.85,-26.48,12.91,5.49,-2.11,-7.00,-27.596833,-48.510294,6
-40.85,24126.33,0.00,10592.06,-0.27,-0.18,0.28,-6.24,-29.94,11.72,5.54,6.49,-4.65,-27.596824,-48.510274,6
-40.83,24139.48,0.00,10588.56,-0.62,0.83,-0.68,-17.15,-25.57,11.24,-0.13,1.38,-1.33,-27.596815,-48.510254,9
-40.80,24152.65,0.00,10585.06,-0.70,0.66,-0.11,-25.17,-17.48,8.25,-2.26,-0.69,2.61,-27.596807,-48.510233,6
-40.78,24165.82,0.00,10581.56,-0.78,-0.22,0.52,-28.28,-6.91,11.35,-4.81,-5.13,7.29,-27.596798,-48.510213,9
-40.76,24178.99,0.00,10578.06,-0.57,-1.01,0.40,-31.35,5.39,5.28,0.38,-3.45,0.51,-27.596789,-48.510193,6
-40.73,24192.17,0.00,10574.56,-0.03,0.76,0.44,-26.66,15.78,7.44,6.10,5.40,-3.44,-27.596780,-48.510173,6
-40.71,24205.36,0.00,10571.06,0.07,0.25,0.17,-18.63,25.71,1.58,7.59,6.38,-5.76,-27.596771,-48.510152,8
-40.69,24218.55,0.00,10567.56,-0.09,0.33,0.05,-5.93,33.86,0.54,5.09,2.26,-7.06,-27.596762,-48.510132,10
-40.67,24231.75,0.00,10564.06,0.05,0.08,-0.00,1.88,29.34,-0.06,-0.71,-4.30,0.40,-27.596753,-48.510112,8
-40.64,24244.95,0.00,10560.56,0.30,0.12,0.67,11.86,25.34,-0.26,-4.63,-6.25,3.88,-27.596744,-48.510091,8
-40.62,24258.16,0.00,10557.06,-1.10,-0.03,-0.12,28.31,19.20,-6.76,-3.89,-3.81,4.55,-27.596735,-48.510071,7
-40.60,24271.38,0.00,10553.56,-0.46,0.03,0.23,27.53,6.95,-9.56,1.77,3.45,4.87,-27.596726,-48.510051,9
-40.58,24284.60,0.00,10550.06,0.04,0.05,-0.22,30.91,-5.27,-12.75,5.92,4.47,-1.72,-27.596717,-48.510031,9
-40.55,24297.83,0.00,10546.56,0.45,1.60,0.13,22.86,-12.71,-7.04,5.01,3.17,-5.53,-27.596708,-48.510010,10
-40.53,24311.06,0.00,10543.06,0.54,-0.63,0.29,21.46,-26.02,-9.49,0.07,-4.43,-4.61,-27.596699,-48.509990,8
-40.51,24324.30,0.00,10539.56,-0.27,-0.52,0.55,7.05,-26.64,-8.81,-9.99,-4.89,-1.60,-27.596690,-48.509970,7
-40.48,24337.54,0.00,10536.06,-0.10,-0.14,0.31,-6.76,-28.63,-9.10,-3.66,-0.91,5.54,-27.596681,-48.509950,6
-40.46,24350.79,0.00,10532.56,0.07,0.24,0.32,-21.01,-26.36,-8.04,-1.07,3.12,6.33,-27.596672,-48.509929,8
-40.44,24364.05,0.00,10529.06,-0.82,-1.16,0.45,-23.39,-16.60,-9.96,6.95,2.74,2.87,-27.596663,-48.509909,6
-40.42,24377.31,0.00,10525.56,-0.51,-0.85,-0.11,-25.12,-3.35,-5.42,2.89,-2.99,2.39,-27.596654,-48.509889,8
-40.39,24390.58,0.00,10522.06,-0.26,0.33,0.54,-29.09,7.94,-4.41,1.60,-4.57,-5.42,-27.596645,-48.509868,10
-40.37,24403.86,0.00,10518.56,0.07,-0.03,0.10,-27.57,18.56,0.80,-5.65,-4.97,-7.53,-27.596636,-48.509848,6
-40.35,24417.14,0.00,10515.06,-0.38,0.62,-0.22,-17.67,24.92,-2.20,-6.44,-0.49,0.18,-27.596627,-48.509828,7
-40.33,24430.42,0.00,10511.56,-0.26,0.18,0.43,-5.59,33.25,3.48,-2.39,3.80,3.75,-27.596618,-48.509808,8
-40.30,24443.71,0.00,10508.06,0.13,-0.51,-0.51,7.73,26.95,4.10,3.14,2.09,5.76,-27.596609,-48.509787,8
-40.28,24457.01,0.00,10504.56,0.22,0.21,0.49,16.23,22.64,5.65,7.17,-4.13,5.40,-27.596600,-48.509767,8
-40.26,24470.31,0.00,10501.06,0.61,-0.57,-1.16,26.56,13.50,6.00,4.12,-7.57,-4.50,-27.596591,-48.509747,6
-40.23,24483.62,0.00,10497.56,-0.25,0.50,-0.38,30.38,8.24,5.17,-0.19,-5.12,-7.14,-27.596582,-48.509727,10
-40.21,24496.94,0.00,10494.06,0.12,0.92,-2.03,26.82,-8.83,7.73,-7.16,4.92,-5.91,-27.596573,-48.509706,9
-40.19,24510.26,0.00,10490.56,-0.87,-0.62,0.37,25.37,-18.97,10.61,-5.61,4.93,-1.71,-27.596564,-48.509686,9
-40.17,24523.59,0.00,10487.06,0.00,0.02,-0.04,17.74,-26.16,11.48,1.77,4.24,2.69,-27.596555,-48.509666,9
-40.14,24536.92,0.00,10483.56,-0.28,0.01,-0.41,0.59,-33.04,9.94,5.13,-4.47,5.05,-27.596546,-48.509645,7
-40.12,24550.26,0.00,10480.06,-0.90,-0.57,0.21,-7.87,-29.12,10.78,1.39,-7.34,3.44,-27.596537,-48.509625,6
-40.10,24563.60,0.00,10476.56,-0.04,1.05,-0.64,-18.72,-23.70,8.94,-1.23,1.22,-1.26,-27.596528,-48.509605,8
-40.07,24576.95,0.00,10473.06,0.39,-0.63,0.21,-28.08,-14.02,7.80,-5.71,2.82,-7.12,-27.596519,-48.509585,7
-40.05,24590.31,0.00,10469.56,0.41,-0.15,-0.45,-27.58,1.85,4.52,-4.20,6.36,-3.38,-27.596510,-48.509564,9
-40.03,24603.67,0.00,10466.06,0.65,0.52,0.28,-29.30,10.55,6.08,1.99,0.27,-4.62,-27.596501,-48.509544,9
-40.01,24617.04,0.00,10462.56,-0.06,-0.24,-0.22,-21.89,18.94,5.80,8.20,-7.62,3.90,-27.596492,-48.509524,10
-39.98,24630.41,0.00,10459.06,-0.31,0.38,0.43,-8.62,27.50,3.65,3.62,-4.46,7.63,-27.596483,-48.509504,7
-39.96,24643.79,0.00,10455.56,-1.12,0.18,-0.26,-2.20,29.95,1.81,1.78,-2.03,3.15,-27.596474,-48.509483,8
-39.94,24657.18,0.00,10452.06,-0.05,-0.27,-0.19,12.62,30.98,-2.73,-4.22,3.92,0.89,-27.596465,-48.509463,9
-39.92,24670.57,0.00,10448.56,0.45,-0.20,-0.31,18.84,20.20,-3.57,-4.62,3.73,-4.42,-27.596456,-48.509443,9
-39.89,24683.96,0.00,10445.06,-0.51,0.06,0.66,30.09,14.74,-5.03,-3.94,-1.87,-3.44,-27.596447,-48.509422,8
-39.87,24697.37,0.00,10441.56,-0.28,-0.66,0.14,33.43,-1.76,-6.50,4.88,-5.16,1.79,-27.596438,-48.509402,6
-39.85,24710.78,0.00,10438.06,-0.12,0.52,-0.59,29.30,-9.88,-11.27,8.50,-2.94,3.70,-27.596429,-48.509382,10
-39.82,24724.19,0.00,10434.56,-0.03,-0.68,-0.41,20.77,-22.41,-9.19,3.14,2.26,1.55,-27.596420,-48.509362,8
-39.80,24737.61,0.00,10431.06,0.45,-0.49,-0.29,10.99,-28.36,-10.52,-5.49,6.03,4.85,-27.596411,-48.509341,9
-39.78,24751.04,0.00,10427.56,0.15,0.08,0.05,-1.16,-31.15,-11.44,-8.81,0.66,-1.89,-27.596402,-48.509321,7
-39.76,24764.47,0.00,10424.06,-0.18,-0.31,0.19,-16.00,-29.19,-10.01,-2.85,-2.43,-6.27,-27.596393,-48.509301,6
-39.73,24777.91,0.00,10420.56,-0.30,-0.34,0.20,-19.86,-20.62,-8.47,4.65,-4.57,-6.17,-27.596384,-48.509281,8
-39.71,24791.35,0.00,10417.06,-0.11,0.08,-0.12,-28.11,-5.44,-8.60,6.47,-2.92,-2.08,-27.596375,-48.509260,6
-39.69,24804.81,0.00,10413.56,-0.05,0.46,0.50,-31.24,5.71,-5.42,3.32,2.94,2.23,-27.596366,-48.509240,7
-39.67,24818.26,0.00,10410.06,-0.05,0.71,0.65,-26.16,14.42,-5.58,-0.93,7.46,5.38,-27.596357,-48.509220,7
-39.64,24831.72,0.00,10406.56,0.11,-0.44,0.30,-21.19,24.67,-1.31,-6.00,0.49,6.04,-27.596348,-48.509199,6
-39.62,24845.19,0.00,10403.06,-0.17,-0.54,-0.55,-12.69,27.87,-3.59,-6.06,-2.89,-4.41,-27.596339,-48.509179,7
-39.60,24858.67,0.00,10399.56,0.58,-0.24,-0.26,0.11,26.87,-2.13,1.76,-5.28,-6.15,-27.596330,-48.509159,8
-39.57,24872.15,0.00,10396.06,-0.16,-0.15,0.60,13.53,26.55,5.80,2.98,-8.85,-0.15,-27.596321,-48.509139,10
-39.55,24885.63,0.00,10392.56,-0.06,0.29,-0.16,24.10,20.40,3.18,5.48,4.79,0.98,-27.596312,-48.509118,7
-39.53,24899.12,0.00,10389.06,0.25,-0.74,-0.72,28.02,8.41,6.74,-1.27,8.00,-0.37,-27.596303,-48.509098,10
-39.51,24912.62,0.00,10385.56,-0.15,0.61,-0.26,28.72,-3.78,7.01,-5.82,-0.34,6.16,-27.596294,-48.509078,8
-39.48,24926.12,0.00,10382.06,-0.56,0.37,0.20,23.83,-18.43,8.86,-4.01,-4.23,1.73,-27.596285,-48.509058,10
-39.46,24939.63,0.00,10378.56,-0.25,-0.08,-0.26,18.81,-21.11,11.52,-1.56,-5.40,-2.70,-27.596277,-48.509037,9
-39.44,24953.15,0.00,10375.06,-0.51,0.72,0.50,3.76,-29.41,12.74,4.28,-1.00,-2.65,-27.596268,-48.509017,7
-39.42,24966.67,0.00,10371.56,0.79,-0.34,0.23,-6.31,-31.09,7.56,7.20,6.09,-6.54,-27.596259,-48.508997,9
-39.39,24980.20,0.00,10368.06,0.03,0.15,-0.56,-15.61,-23.36,11.88,2.28,7.17,-3.27,-27.596250,-48.508976,6
-39.37,24993.73,0.00,10364.56,-0.31,0.56,0.47,-23.18,-17.84,6.29,-5.53,1.50,6.31,-27.596241,-48.508956,7
-39.35,25007.27,0.00,10361.06,0.57,0.26,-0.30,-30.84,-6.25,5.93,-3.97,-7.70,5.75,-27.596232,-48.508936,8
-39.32,25020.82,0.00,10357.56,0.25,0.27,0.49,-27.79,8.25,3.74,-2.01,-3.03,1.77,-27.596223,-48.508916,6
-39.30,25034.37,0.00,10354.06,0.11,-0.69,0.81,-25.91,15.21,7.64,4.69,1.64,1.95,-27.596214,-48.508895,10
-39.28,25047.92,0.00,10350.56,0.18,0.02,0.51,-14.22,26.31,-0.96,6.60,4.94,-5.39,-27.596205,-48.508875,7
-39.26,25061.49,0.00,10347.06,-0.09,0.18,-0.67,-2.71,33.79,1.45,5.05,4.84,-5.66,-27.596196,-48.508855,10
-39.23,25075.06,0.00,10343.56,-0.17,-0.43,-0.27,6.13,32.50,-1.40,-3.92,-5.12,1.62,-27.596187,-48.508835,8
-39.21,25088.63,0.00,10340.06,-0.59,-0.57,0.51,16.47,26.06,-2.67,-6.60,-9.39,4.05,-27.596178,-48.508814,7
-39.19,25102.21,0.00,10336.56,-0.15,-0.66,-0.16,26.10,14.87,-4.00,-4.20,-0.79,5.00,-27.596169,-48.508794,6
-39.16,25115.80,0.00,10333.06,1.09,-0.61,0.28,28.56,4.55,-8.35,4.85,2.65,1.14,-27.596160,-48.508774,9
-39.14,25129.39,0.00,10329.56,0.53,0.01,0.26,28.15,-9.62,-8.55,8.36,7.92,-1.17,-27.596151,-48.508753,10
-39.12,25142.99,0.00,10326.06,0.12,0.30,0.32,23.08,-17.79,-14.07,3.91,-0.92,-6.75,-27.596142,-48.508733,7
-39.10,25156.59,0.00,10322.56,0.71,0.33,0.69,12.53,-25.13,-11.30,1.67,-4.36,-2.93,-27.596133,-48.508713,6
-39.07,25170.20,0.00,10319.06,-0.72,-0.09,0.56,-0.97,-34.35,-8.35,-7.46,-6.87,0.78,-27.596124,-48.508693,7
-39.05,25183.82,0.00,10315.56,-0.82,0.51,-0.29,-9.14,-25.24,-9.52,-10.52,3.28,8.58,-27.596115,-48.508672,10
-39.03,25197.44,0.00,10312.06,0.42,0.20,0.71,-16.66,-21.20,-12.27,-0.41,9.27,7.70,-27.596106,-48.508652,9
-39.01,25211.07,0.00,10308.56,-0.27,-0.58,-0.48,-25.69,-13.56,-11.64,5.72,4.07,0.66,-27.596097,-48.508632,8
-38.98,25224.71,0.00,10305.06,0.19,0.10,-0.05,-32.89,-4.12,-5.63,7.52,-2.03,-2.19,-27.596088,-48.508612,7
-38.96,25238.35,0.00,10301.56,0.21,0.19,-0.51,-24.60,10.02,-1.37,-1.11,-2.21,-7.39,-27.596079,-48.508591,9
-38.94,25251.99,0.00,10298.06,0.75,0.31,-0.73,-22.76,17.63,-7.64,-2.79,-2.82,-0.97,-27.596070,-48.508571,10
-38.91,25265.65,0.00,10294.56,-1.44,0.62,0.06,-12.07,29.07,-4.39,-7.02,2.89,-0.75,-27.596061,-48.508551,6
-38.89,25279.30,0.00,10291.06,-0.60,-1.37,-0.22,-1.22,28.97,-0.01,-0.67,5.12,6.25,-27.596052,-48.508530,10
-38.87,25292.97,0.00,10287.56,-0.95,-0.69,-0.20,8.70,25.57,0.88,4.93,6.44,5.17,-27.596043,-48.508510,10
-38.85,25306.64,0.00,10284.06,0.73,-0.31,0.62,20.58,24.67,7.46,8.50,-3.33,2.95,-27.596034,-48.508490,8
-38.82,25320.32,0.00,10280.56,-0.54,0.40,-0.26,29.08,8.88,3.43,1.98,-6.49,-5.27,-27.596025,-48.508470,8
-38.80,25334.00,0.00,10277.06,-0.31,0.66,-0.60,31.71,1.68,5.81,-1.71,-2.19,-3.07,-27.596016,-48.508449,9
-38.78,25347.69,0.00,10273.56,-0.37,-0.30,0.29,25.46,-11.13,12.75,-6.07,3.91,-7.77,-27.596007,-48.508429,9
-38.76,25361.38,0.00,10270.06,0.05,-0.58,0.21,19.80,-21.38,8.27,-0.90,4.05,1.11,-27.595998,-48.508409,10
-38.73,25375.08,0.00,10266.56,0.51,0.59,-0.71,10.43,-26.62,9.03,3.41,4.60,4.20,-27.595989,-48.508388,9
-38.71,25388.79,0.00,10263.06,0.45,0.01,-0.50,0.01,-28.60,11.21,5.74,-3.87,3.38,-27.595980,-48.508368,7
-38.69,25402.50,0.00,10259.56,0.20,0.08,0.27,-11.25,-25.39,10.75,2.75,-4.87,2.40,-27.595971,-48.508348,10
-38.66,25416.22,0.00,10256.06,0.12,1.03,-0.00,-20.11,-20.62,7.67,-2.83,1.74,-0.92,-27.595962,-48.508328,8
-38.64,25429.94,0.00,10252.56,-0.05,-0.03,-0.94,-23.93,-13.49,6.58,-1.73,4.02,-8.28,-27.595953,-48.508307,7
-38.62,25443.67,0.00,10249.06,-0.76,-0.28,-0.29,-29.82,0.30,9.60,-4.08,4.07,-8.89,-27.595944,-48.508287,10
-38.60,25457.41,0.00,10245.56,-0.08,-0.17,0.06,-26.65,15.04,6.49,2.88,0.23,-0.41,-27.595935,-48.508267,10
-38.57,25471.15,0.00,10242.06,-0.34,-0.00,-0.55,-18.78,21.33,4.09,6.07,-5.21,7.06,-27.595926,-48.508247,9
-38.55,25484.90,0.00,10238.56,0.01,0.24,0.57,-10.16,28.01,1.46,4.82,-2.49,9.69,-27.595917,-48.508226,7
-38.53,25498.65,0.00,10235.06,-0.41,-0.05,0.60,-0.04,31.05,-1.07,0.95,1.25,0.92,-27.595908,-48.508206,8
-38.51,25512.41,0.00,10231.56,0.04,0.49,0.18,15.02,27.85,-2.29,-3.81,3.77,-2.42,-27.595899,-48.508186,9
-38.48,25526.18,0.00,10228.06,-1.04,0.29,0.23,22.93,19.55,-4.75,-5.17,2.55,-5.65,-27.595890,-48.508165,8
-38.46,25539.95,0.00,10224.56,-0.85,-0.32,1.13,26.14,7.07,-5.20,-4.11,-1.53,-2.31,-27.595881,-48.508145,9
-38.44,25553.73,0.00,10221.06,-0.03,0.92,0.12,30.33,-1.49,-5.35,7.14,-3.07,1.39,-27.595872,-48.508125,8
-38.41,25567.51,0.00,10217.56,0.09,0.89,-0.92,29.52,-17.14,-10.18,6.66,-2.45,4.14,-27.595863,-48.508105,8
-38.39,25581.30,0.00,10214.06,0.22,-0.20,0.00,16.31,-21.24,-9.21,1.07,1.32,3.04,-27.595854,-48.508084,7
-38.37,25595.10,0.00,10210.56,1.31,0.32,0.34,6.63,-31.06,-7.27,-3.23,3.36,3.26,-27.595845,-48.508064,10
-38.35,25608.90,0.00,10207.06,-0.09,-1.12,-0.31,-2.47,-29.79,-11.25,-4.10,1.86,-4.81,-27.595836,-48.508044,9
-38.32,25622.71,0.00,10203.56,0.08,-0.25,0.19,-16.60,-27.30,-13.20,-0.67,-4.95,-5.07,-27.595827,-48.508024,10
-38.30,25636.53,0.00,10200.06,-0.09,0.04,-0.39,-26.41,-23.00,-8.24,4.34,-6.64,-2.22,-27.595818,-48.508003,6
-38.28,25650.35,0.00,10196.56,0.56,-0.57,-0.41,-29.12,-7.81,-8.16,5.10,-1.13,1.66,-27.595809,-48.507983,6
-38.25,25664.17,0.00,10193.06,0.19,-0.21,0.90,-26.09,6.27,-7.65,3.22,3.08,4.35,-27.595800,-48.507963,8
-38.23,25678.00,0.00,10189.56,0.36,-0.16,0.10,-23.42,13.72,-1.48,-3.86,6.44,6.91,-27.595791,-48.507942,9
-38.21,25691.84,0.00,10186.06,-0.16,-0.27,-0.06,-13.96,25.61,-5.07,-3.76,1.45,3.41,-27.595782,-48.507922,6
-38.19,25705.69,0.00,10182.56,0.23,1.27,0.19,-8.92,29.17,4.82,-1.24,-2.49,-1.51,-27.595773,-48.507902,9
-38.16,25719.54,0.00,10179.06,0.03,0.26,-0.59,1.25,30.92,-1.14,2.96,-4.06,-5.78,-27.595764,-48.507882,7
-38.14,25733.40,0.00,10175.56,-0.33,-0.47,1.08,17.35,23.98,5.86,8.28,0.85,-5.31,-27.595755,-48.507861,6
-38.12,25747.26,0.00,10172.06,-0.48,0.32,0.46,24.60,11.88,2.17,4.91,4.33,0.15,-27.595746,-48.507841,6
-38.10,25761.13,0.00,10168.56,0.59,-0.07,0.68,29.76,5.10,6.13,0.37,1.74,5.62,-27.595738,-48.507821,6
-38.07,25775.00,0.00,10165.06,0.09,-0.29,0.10,29.88,-4.13,9.14,-5.21,-1.25,7.43,-27.595729,-48.507801,9
-38.05,25788.88,0.00,10161.56,-0.24,0.38,-0.08,22.07,-20.94,10.04,-8.15,-3.45,3.25,-27.595720,-48.507780,10
-38.03,25802.77,0.00,10158.06,-0.65,-0.16,0.01,16.73,-22.66,7.45,0.85,-7.24,-0.08,-27.595711,-48.507760,10
-38.00,25816.66,0.00,10154.56,-1.04,-0.29,-0.17,2.18,-29.40,8.20,6.02,0.51,-8.67,-27.595702,-48.507740,9
-37.98,25830.56,0.00,10151.06,0.10,-1.17,-0.34,-8.66,-27.77,6.99,7.45,4.53,-3.48,-27.595693,-48.507719,8
-37.96,25844.47,0.00,10147.56,-0.19,-0.63,0.71,-16.60,-25.20,9.18,-1.28,1.98,1.39,-27.595684,-48.507699,7
-37.94,25858.38,0.00,10144.06,-0.27,0.38,-0.40,-28.30,-15.41,9.41,-5.26,-0.36,5.78,-27.595675,-48.507679,10
-37.91,25872.29,0.00,10140.56,0.42,0.18,0.30,-29.39,-10.06,7.92,-5.57,-4.85,7.03,-27.595666,-48.507659,7
-37.89,25886.22,0.00,10137.06,-0.58,0.46,0.31,-29.42,6.67,5.48,-2.30,-2.92,1.07,-27.595657,-48.507638,9
-37.87,25900.15,0.00,10133.56,-0.38,-0.30,0.59,-26.78,18.15,2.34,4.64,3.91,-3.81,-27.595648,-48.507618,9
-37.85,25914.08,0.00,10130.06,0.20,0.25,0.17,-15.18,22.58,4.77,4.84,5.30,-2.69,-27.595639,-48.507598,7
-37.82,25928.02,0.00,10126.56,0.34,-1.10,0.14,1.48,29.21,0.46,-1.43,2.38,-2.52,-27.595630,-48.507578,8
-37.80,25941.97,0.00,10123.06,-0.29,-0.02,0.70,9.30,30.77,-3.94,-1.00,-4.21,-1.92,-27.595621,-48.507557,10
-37.78,25955.93,0.00,10119.56,-0.32,-0.19,-0.17,19.57,24.32,-3.08,-7.23,-8.93,3.90,-27.595612,-48.507537,7
-37.75,25969.89,0.00,10116.06,0.46,0.18,-0.15,28.18,14.80,-11.01,-1.56,-1.73,2.98,-27.595603,-48.507517,9
-37.73,25983.85,0.00,10112.56,-0.05,-0.09,0.96,27.27,2.93,-7.39,1.34,6.44,7.80,-27.595594,-48.507496,10
-37.71,25997.82,0.00,10109.06,0.68,0.14,0.61,28.18,-9.60,-6.54,7.67,5.28,-2.77,-27.595585,-48.507476,7
-37.69,26011.80,0.00,10105.56,0.04,0.13,-0.45,24.73,-20.24,-7.91,2.32,-1.11,-3.62,-27.595576,-48.507456,6
-37.66,26025.78,0.00,10102.06,0.03,0.91,0.13,14.94,-25.75,-10.59,-2.96,-7.85,-0.48,-27.595567,-48.507436,9
-37.64,26039.77,0.00,10098.56,-0.41,-0.53,-0.19,1.62,-27.84,-7.96,-6.66,-4.86,0.01,-27.595558,-48.507415,7
-37.62,26053.77,0.00,10095.06,0.22,0.46,0.64,-10.63,-27.74,-10.26,-7.74,2.40,4.77,-27.595549,-48.507395,10
-37.60,26067.77,0.00,10091.56,-0.13,0.30,-0.03,-19.89,-20.21,-8.36,3.54,6.95,0.19,-27.595540,-48.507375,7
-37.57,26081.78,0.00,10088.06,-0.02,-0.48,0.15,-28.93,-12.92,-6.90,5.37,4.34,2.58,-27.595531,-48.507355,6
-37.55,26095.80,0.00,10084.56,0.81,0.39,0.78,-32.02,-1.00,-10.22,5.15,-3.81,-1.88,-27.595522,-48.507334,9
-37.53,26109.82,0.00,10081.06,0.38,0.08,0.21,-28.14,9.87,-7.19,-2.75,-9.48,-5.26,-27.595513,-48.507314,9
-37.50,26123.84,0.00,10077.56,0.43,0.02,-0.22,-22.04,20.72,-6.34,-12.16,-2.99,-3.90,-27.595504,-48.507294,9
-37.48,26137.88,0.00,10074.06,-0.54,0.55,-0.65,-11.18,26.32,-1.43,-3.05,4.23,0.34,-27.595495,-48.507273,10
-37.46,26151.92,0.00,10070.56,0.08,1.00,-0.04,3.41,28.80,-2.44,-2.85,6.75,3.85,-27.595486,-48.507253,7
-37.44,26165.96,0.00,10067.06,0.39,-0.06,-0.40,13.60,27.74,2.66,6.91,3.03,4.84,-27.595477,-48.507233,9
-37.41,26180.01,0.00,10063.56,-0.07,-0.01,0.14,23.43,21.87,3.85,6.82,-4.75,1.11,-27.595468,-48.507213,6
-37.39,26194.07,0.00,10060.06,0.40,0.83,0.76,30.64,12.19,6.05,1.63,-3.66,-4.52,-27.595459,-48.507192,10
-37.37,26208.13,0.00,10056.56,0.37,0.44,-0.47,26.11,-2.89,5.84,-4.98,1.21,-5.07,-27.595450,-48.507172,7
-37.34,26222.20,0.00,10053.06,1.03,-0.59,-0.66,23.47,-11.21,10.87,-5.06,2.34,-5.90,-27.595441,-48.507152,7
-37.32,26236.28,0.00,10049.56,-0.14,-0.17,0.66,21.03,-18.22,7.72,-0.87,5.51,2.85,-27.595432,-48.507132,9
-37.30,26250.36,0.00,10046.06,0.53,-0.20,0.11,11.34,-27.45,10.18,1.91,-0.57,3.40,-27.595423,-48.507111,10
-37.28,26264.45,0.00,10042.56,0.09,-0.30,-0.43,-4.77,-27.98,12.14,7.17,-7.98,2.55,-27.595414,-48.507091,9
-37.25,26278.54,0.00,10039.06,0.49,-0.03,-1.01,-13.93,-26.35,11.45,1.77,-7.38,-0.02,-27.595405,-48.507071,6
-37.23,26292.64,0.00,10035.56,0.23,0.28,-0.56,-27.73,-16.64,5.93,-3.98,-0.52,-0.34,-27.595396,-48.507050,8
-37.21,26306.75,0.00,10032.06,-0.28,0.00,-0.45,-29.65,-12.27,10.77,-5.54,6.85,-4.67,-27.595387,-48.507030,9
-37.19,26320.86,0.00,10028.56,-1.26,0.59,0.63,-29.04,3.90,8.46,-5.49,3.11,-1.48,-27.595378,-48.507010,8
-37.16,26334.98,0.00,10025.06,0.57,0.04,-0.98,-25.77,15.48,8.20,3.17,-1.41,-1.58,-27.595369,-48.506990,6
-37.14,26349.10,0.00,10021.56,-0.31,-0.26,0.24,-19.54,22.87,3.97,7.82,-6.81,6.46,-27.595360,-48.506969,8
-37.12,26363.23,0.00,10018.06,0.14,-0.54,0.60,-8.07,29.24,0.32,2.39,-3.37,6.07,-27.595351,-48.506949,8
-37.09,26377.37,0.00,10014.56,-0.83,-0.29,-0.70,3.76,30.08,-1.98,-4.34,-0.66,2.90,-27.595342,-48.506929,7
-37.07,26391.51,0.00,10011.06,0.37,0.35,0.60,13.53,26.13,-4.16,-5.53,5.00,-5.59,-27.595333,-48.506909,10
-37.05,26405.66,0.00,10007.56,-0.39,-1.53,0.59,22.72,17.64,-2.36,-5.03,-1.38,-2.77,-27.595324,-48.506888,7
-37.03,26419.82,0.00,10004.06,0.92,0.82,-0.16,30.86,9.08,-6.60,4.02,-3.78,-1.45,-27.595315,-48.506868,10
-37.00,26433.98,0.00,10000.56,-0.08,-0.68,-0.34,29.72,-4.52,-6.66,4.58,-9.00,0.76,-27.595306,-48.506848,7
-36.98,26448.15,0.00,9997.06,-0.04,-1.29,0.54,26.30,-17.91,-8.94,4.29,-5.31,5.04,-27.595297,-48.506827,8
-36.96,26462.32,0.00,9993.56,-0.30,-0.25,-0.16,14.97,-21.88,-5.98,0.48,5.05,4.12,-27.595288,-48.506807,7
-36.94,26476.50,0.00,9990.06,0.79,-0.95,0.55,6.59,-29.31,-10.76,-5.66,6.95,1.69,-27.595279,-48.506787,6
-36.91,26490.68,0.00,9986.56,0.92,-0.51,0.77,-6.59,-30.72,-7.94,-5.59,3.65,-1.55,-27.595270,-48.506767,8
-36.89,26504.88,0.00,9983.06,0.83,-0.21,-1.26,-18.32,-28.35,-10.95,1.20,-2.91,-5.31,-27.595261,-48.506746,7
-36.87,26519.08,0.00,9979.56,0.01,-0.28,0.44,-26.36,-16.72,-11.33,3.53,-1.47,-2.24,-27.595252,-48.506726,10
-36.84,26533.28,0.00,9976.06,0.33,0.01,-0.14,-30.90,-10.90,-10.82,6.09,-3.20,-0.19,-27.595243,-48.506706,7
-36.82,26547.49,0.00,9972.56,0.74,-0.22,-0.39,-33.76,4.88,-7.99,1.85,7.28,5.98,-27.595234,-48.506686,6
-36.80,26561.71,0.00,9969.06,0.78,0.33,-0.97,-23.33,18.72,-6.98,-2.32,4.65,4.14,-27.595225,-48.506665,7
-36.78,26575.93,0.00,9965.56,0.18,0.58,-0.17,-14.11,23.59,-2.44,-6.78,1.75,4.13,-27.595216,-48.506645,9
-36.75,26590.16,0.00,9962.06,-0.38,-0.25,-0.10,-4.89,28.27,0.45,-1.73,-10.29,-2.94,-27.595208,-48.506625,10
-36.73,26604.39,0.00,9958.56,0.67,-0.82,0.82,6.93,30.10,5.00,1.69,-5.71,-5.51,-27.595199,-48.506604,8
-36.71,26618.64,0.00,9955.06,0.34,-0.49,-0.11,16.65,24.78,2.40,6.49,1.73,-1.54,-27.595190,-48.506584,7
-36.69,26632.88,0.00,9951.56,-0.45,0.30,0.37,25.68,13.04,6.30,3.59,5.69,1.44,-27.595181,-48.506564,8
-36.66,26647.14,0.00,9948.06,0.56,-0.18,-0.10,29.47,1.65,8.33,-2.57,5.04,3.80,-27.595172,-48.506544,10
-36.64,26661.40,0.00,9944.56,-0.38,0.45,0.70,30.18,-8.82,10.45,-6.29,-2.33,4.37,-27.595163,-48.506523,6
-36.62,26675.66,0.00,9941.06,0.41,0.43,-0.05,22.72,-20.03,7.87,-3.63,-6.71,1.34,-27.595154,-48.506503,9
-36.59,26689.94,0.00,9937.56,-0.48,0.73,-0.17,13.34,-26.18,11.73,3.19,-2.11,-1.18,-27.595145,-48.506483,6
-36.57,26704.21,0.00,9934.06,-0.26,0.03,-0.44,1.29,-27.52,8.75,4.18,3.16,-6.60,-27.595136,-48.506463,9
-36.55,26718.50,0.00,9930.56,0.01,0.94,-0.73,-7.36,-28.46,11.04,4.58,7.55,-4.41,-27.595127,-48.506442,6
-36.53,26732.79,0.00,9927.06,1.15,-0.52,-0.67,-20.48,-25.74,7.34,1.20,0.45,1.15,-27.595118,-48.506422,8
-36.50,26747.09,0.00,9923.56,-0.53,0.25,0.37,-28.93,-10.53,7.85,-6.89,-4.85,3.08,-27.595109,-48.506402,7
-36.48,26761.39,0.00,9920.06,0.40,0.61,-0.73,-28.13,-0.85,9.41,-3.54,-4.51,5.98,-27.595100,-48.506381,7
-36.46,26775.70,0.00,9916.56,-0.37,-0.60,-0.09,-27.68,9.59,7.26,-1.31,-0.56,3.99,-27.595091,-48.506361,6
-36.43,26790.01,0.00,9913.06,0.32,0.39,-0.40,-21.17,18.37,6.33,5.69,5.03,-4.98,-27.595082,-48.506341,8
-36.41,26804.34,0.00,9909.56,-0.97,0.49,0.71,-15.00,29.73,3.51,6.70,7.87,-6.11,-27.595073,-48.506321,6
-36.39,26818.66,0.00,9906.06,0.62,-0.48,0.65,2.22,26.89,3.22,0.71,-2.53,-4.11,-27.595064,-48.506300,9
-36.37,26833.00,0.00,9902.56,-0.53,0.06,-0.27,9.87,29.21,-3.53,-4.44,-5.97,0.09,-27.595055,-48.506280,10
-36.34,26847.34,0.00,9899.06,0.66,-0.09,0.05,22.12,22.73,-0.92,-2.14,-3.56,4.82,-27.595046,-48.506260,6
-36.32,26861.69,0.00,9895.56,-0.58,-0.15,-0.30,24.88,13.29,-4.26,-0.55,0.01,4.13,-27.595037,-48.506240,7
-36.30,26876.04,0.00,9892.06,0.89,-0.59,-0.46,31.73,2.20,-7.31,5.68,6.15,1.39,-27.595028,-48.506219,9
-36.28,26890.40,0.00,9888.56,0.35,-0.16,-0.48,26.08,-7.54,-7.66,7.24,7.11,-5.37,-27.595019,-48.506199,7
-36.25,26904.76,0.00,9885.06,-0.33,0.59,-0.93,18.99,-19.93,-7.04,0.47,-1.39,-8.67,-27.595010,-48.506179,7
-36.23,26919.13,0.00,9881.56,0.55,-0.39,-0.14,12.86,-27.00,-13.11,-3.93,-6.48,-4.83,-27.595001,-48.506158,8
-36.21,26933.51,0.00,9878.06,1.50,0.78,0.40,1.66,-30.29,-10.27,-4.32,-2.56,2.09,-27.594992,-48.506138,8
-36.18,26947.90,0.00,9874.56,0.11,0.03,0.08,-13.20,-27.48,-10.30,-2.96,1.00,6.12,-27.594983,-48.506118,9
-36.16,26962.29,0.00,9871.06,0.05,0.40,0.22,-19.27,-21.26,-7.53,-0.84,6.35,5.42,-27.594974,-48.506098,6
-36.14,26976.68,0.00,9867.56,0.19,0.11,-0.13,-28.15,-10.30,-6.67,8.83,1.69,-0.04,-27.594965,-48.506077,9
-36.12,26991.09,0.00,9864.06,-0.09,-0.85,0.08,-26.30,0.82,-8.27,2.29,-3.93,-3.83,-27.594956,-48.506057,7
-36.09,27005.49,0.00,9860.56,-0.00,0.16,1.12,-25.93,12.52,-4.57,-3.19,-6.97,-3.29,-27.594947,-48.506037,8
-36.07,27019.91,0.00,9857.06,-0.04,-0.41,-0.98,-20.08,24.16,-5.25,-5.79,-2.27,-2.18,-27.594938,-48.506017,7
-36.05,27034.33,0.00,9853.56,-0.27,-0.22,-0.42,-10.76,25.52,-1.21,-7.02,4.26,5.09,-27.594929,-48.505996,6
-36.03,27048.76,0.00,9850.06,-0.57,-0.45,-0.57,3.79,31.19,-1.01,2.12,6.85,4.09,-27.594920,-48.505976,10
-36.00,27063.19,0.00,9846.56,1.13,0.07,0.02,13.02,23.97,3.59,8.58,-1.23,5.86,-27.594911,-48.505956,6
-35.98,27077.63,0.00,9843.06,-0.13,-0.27,0.38,26.01,20.66,2.45,6.93,-4.64,-0.02,-27.594902,-48.505935,6
-35.96,27092.08,0.00,9839.56,-0.13,0.32,0.06,24.70,10.20,5.21,1.57,-5.67,-1.98,-27.594893,-48.505915,9
-35.93,27106.53,0.00,9836.06,-0.59,0.88,0.33,30.72,-5.86,10.62,-7.30,-1.19,-3.66,-27.594884,-48.505895,7
-35.91,27120.99,0.00,9832.56,0.01,-0.42,-0.14,27.10,-16.50,8.32,-4.95,4.96,-2.21,-27.594875,-48.505875,6
-35.89,27135.45,0.00,9829.06,1.86,0.33,-0.41,16.49,-24.07,12.71,1.34,5.86,1.43,-27.594866,-48.505854,9
-35.87,27149.92,0.00,9825.56,-0.30,-0.49,0.59,9.22,-27.58,9.44,4.95,1.10,3.96,-27.594857,-48.505834,7
-35.84,27164.40,0.00,9822.06,0.52,0.22,0.16,-7.46,-21.90,8.31,6.22,-7.29,3.99,-27.594848,-48.505814,8
-35.82,27178.89,0.00,9818.56,0.95,-0.73,0.17,-13.33,-25.20,8.66,5.10,-7.21,-3.90,-27.594839,-48.505794,7
-35.80,27193.38,0.00,9815.06,0.43,0.23,-0.57,-19.74,-17.19,9.35,-2.74,3.87,-4.08,-27.594830,-48.505773,10
-35.78,27207.87,0.00,9811.56,-0.54,-0.49,0.20,-27.38,-8.74,9.43,-5.20,5.62,-4.15,-27.594821,-48.505753,8
-35.75,27222.37,0.00,9808.06,-0.00,-0.76,-0.06,-32.27,3.11,5.32,-3.26,5.64,-1.39,-27.594812,-48.505733,9
-35.73,27236.88,0.00,9804.56,-0.52,0.11,-0.04,-26.94,14.08,2.70,5.17,-2.44,1.56,-27.594803,-48.505712,6
-35.71,27251.40,0.00,9801.06,0.28,-0.13,0.49,-16.53,19.98,2.57,8.65,-5.50,5.52,-27.594794,-48.505692,10
-35.68,27265.92,0.00,9797.56,0.52,0.76,0.04,-7.56,25.56,-0.78,1.79,-2.37,5.51,-27.594785,-48.505672,10
-35.66,27280.45,0.00,9794.06,-0.46,-0.13,1.24,4.76,29.14,-0.23,-2.44,3.60,1.00,-27.594776,-48.505652,10
-35.64,27294.98,0.00,9790.56,0.50,0.28,0.58,15.25,23.98,-2.34,-3.48,5.50,-4.51,-27.594767,-48.505631,7
-35.62,27309.52,0.00,9787.06,0.47,0.62,-0.02,23.19,20.07,-4.41,-3.97,4.82,-7.34,-27.594758,-48.505611,8
-35.59,27324.07,0.00,9783.56,0.09,-0.10,-0.78,29.01,3.73,-5.04,2.30,-2.82,-4.25,-27.594749,-48.505591,9
-35.57,27338.62,0.00,9780.06,-0.53,-0.32,-0.83,29.41,-8.22,-9.69,6.95,-8.03,-0.27,-27.594740,-48.505571,10
-35.55,27353.18,0.00,9776.56,-0.19,0.14,-0.43,27.33,-18.67,-8.93,3.86,-1.40,5.71,-27.594731,-48.505550,10
-35.52,27367.74,0.00,9773.06,-0.46,-0.88,-0.19,12.47,-24.83,-12.47,-1.02,2.26,4.73,-27.594722,-48.505530,10
-35.50,27382.31,0.00,9769.56,0.20,0.28,-0.30,9.65,-30.49,-10.77,-6.90,6.39,2.72,-27.594713,-48.505510,10
-35.48,27396.89,0.00,9766.06,-0.56,-0.16,0.85,-8.30,-30.33,-12.94,-4.95,0.28,-2.89,-27.594704,-48.505489,6
-35.46,27411.48,0.00,9762.56,-0.15,0.87,1.00,-18.09,-24.32,-10.87,1.25,-6.97,-2.79,-27.594695,-48.505469,8
-35.43,27426.07,0.00,9759.06,0.78,-0.40,1.00,-27.16,-15.54,-5.28,5.28,-3.58,-0.67,-27.594686,-48.505449,6
-35.41,27440.66,0.00,9755.56,0.52,-0.18,1.34,-33.22,-0.80,-8.90,2.87,-1.55,4.50,-27.594678,-48.505429,9
-35.39,27455.27,0.00,9752.06,0.03,0.66,-0.25,-28.03,8.66,-4.77,2.64,2.11,7.22,-27.594669,-48.505408,6
-35.37,27469.88,0.00,9748.56,-0.14,-0.08,-0.24,-20.30,16.95,-5.60,-4.64,4.83,4.82,-27.594660,-48.505388,8
-35.34,27484.49,0.00,9745.06,0.87,-0.41,-0.25,-11.20,26.14,-4.22,-6.60,-1.25,2.09,-27.594651,-48.505368,8
-35.32,27499.11,0.00,9741.56,-0.16,0.51,-0.55,-3.57,30.65,-4.33,-2.76,-3.32,-4.94,-27.594642,-48.505348,6
-35.30,27513.74,0.00,9738.06,0.72,-0.20,-0.20,6.87,28.99,2.33,3.72,-1.18,-5.12,-27.594633,-48.505327,7
-35.27,27528.37,0.00,9734.56,-0.30,-0.55,-1.14,18.38,21.29,1.05,3.25,3.98,-5.49,-27.594624,-48.505307,6
-35.25,27543.02,0.00,9731.06,-0.64,-0.13,-0.64,26.83,15.19,4.26,0.44,7.72,2.04,-27.594615,-48.505287,7
-35.23,27557.66,0.00,9727.56,0.48,-0.34,0.70,30.75,3.38,3.17,-2.95,-0.29,6.11,-27.594606,-48.505266,9
-35.21,27572.32,0.00,9724.06,0.05,-0.18,-0.78,32.60,-10.65,10.82,-3.33,-1.94,8.73,-27.594597,-48.505246,10
-35.18,27586.97,0.00,9720.56,-1.11,-0.01,-0.13,23.89,-22.16,8.85,-5.61,-7.19,-0.74,-27.594588,-48.505226,9
-35.16,27601.64,0.00,9717.06,-1.70,-0.26,-0.82,15.12,-26.13,10.76,0.54,-5.12,-3.48,-27.594579,-48.505206,7
-35.14,27616.31,0.00,9713.56,0.49,-0.48,-1.15,3.78,-29.95,10.87,6.78,1.58,-6.32,-27.594570,-48.505185,10
-35.12,27630.99,0.00,9710.06,-0.24,0.66,0.82,-12.08,-26.23,6.13,6.90,3.53,-5.25,-27.594561,-48.505165,10
-35.09,27645.68,0.00,9706.56,0.35,0.10,-0.49,-21.61,-22.43,11.63,-5.41,1.43,0.22,-27.594552,-48.505145,8
-35.07,27660.37,0.00,9703.06,0.74,0.35,-0.40,-29.42,-9.32,6.93,-6.41,-3.95,6.97,-27.594543,-48.505125,7
-35.05,27675.06,0.00,9699.56,-0.63,-0.26,0.26,-29.77,1.35,8.14,-4.41,-6.21,4.69,-27.594534,-48.505104,6
-35.02,27689.77,0.00,9696.06,0.03,0.88,0.43,-29.05,11.12,8.43,-1.35,1.52,3.12,-27.594525,-48.505084,9
-35.00,27704.48,0.00,9692.56,-0.35,-0.35,-0.57,-24.20,19.29,7.87,4.93,4.24,-6.80,-27.594516,-48.505064,10
-34.98,27719.19,0.00,9689.06,0.46,0.23,0.02,-9.76,29.00,2.22,8.56,4.38,-8.92,-27.594507,-48.505043,8
-34.96,27733.92,0.00,9685.56,0.31,-0.18,-0.61,0.65,29.00,-1.11,3.19,-0.85,-3.20,-27.594498,-48.505023,9
-34.93,27748.65,0.00,9682.06,-0.47,0.17,0.70,12.75,31.28,1.46,-5.88,-7.53,3.25,-27.594489,-48.505003,7
-34.91,27763.38,0.00,9678.56,0.38,0.11,-0.21,26.72,19.34,-0.90,-3.44,-3.37,1.44,-27.594480,-48.504983,7
-34.89,27778.12,0.00,9675.06,0.36,-0.69,0.19,31.04,7.68,-11.06,2.64,1.99,5.79,-27.594471,-48.504962,7
-34.87,27792.87,0.00,9671.56,-0.66,1.10,-1.13,29.95,-3.67,-9.67,4.16,8.94,-4.00,-27.594462,-48.504942,8
-34.84,27807.63,0.00,9668.06,-0.01,0.12,0.56,25.58,-10.04,-6.34,8.09,6.26,-3.99,-27.594453,-48.504922,6
-34.82,27822.39,0.00,9664.56,0.85,0.27,0.32,20.95,-27.70,-8.94,1.41,-3.82,-4.15,-27.594444,-48.504901,8
-34.80,27837.15,0.00,9661.06,0.05,-0.78,-0.69,6.60,-30.18,-7.08,-4.44,-4.89,-4.44,-27.594435,-48.504881,6
-34.77,27851.93,0.00,9657.56,0.49,0.28,0.51,-0.03,-26.90,-8.32,-6.23,-2.20,3.77,-27.594426,-48.504861,8
-34.75,27866.71,0.00,9654.06,0.43,0.33,0.65,-14.71,-29.18,-12.72,-2.01,4.00,4.65,-27.594417,-48.504841,9
-34.73,27881.49,0.00,9650.56,-0.26,-0.69,0.09,-25.81,-19.90,-7.22,4.71,5.13,5.52,-27.594408,-48.504820,10
-34.71,27896.29,0.00,9647.06,-0.20,-0.68,-0.84,-27.05,-8.53,-8.44,9.47,1.46,-2.82,-27.594399,-48.504800,10
-34.68,27911.08,0.00,9643.56,-0.37,0.19,-0.02,-31.36,6.96,-5.63,3.93,-3.82,-7.65,-27.594390,-48.504780,6
-34.66,27925.89,0.00,9640.06,0.11,-0.06,-0.38,-23.09,12.44,-6.77,-1.36,-4.02,-6.42,-27.594381,-48.504760,10
-34.64,27940.70,0.00,9636.56,0.09,-0.95,-0.15,-19.92,25.79,-0.37,-6.05,1.55,-3.05,-27.594372,-48.504739,10
-34.61,27955.52,0.00,9633.06,0.06,-0.57,-0.05,-6.92,30.42,-3.73,-4.85,2.50,2.81,-27.594363,-48.504719,6
-34.59,27970.34,0.00,9629.56,0.26,0.70,-0.77,5.97,30.24,0.68,0.57,8.67,4.61,-27.594354,-48.504699,10
-34.57,27985.17,0.00,9626.06,0.22,-0.10,0.54,15.19,27.87,-0.56,4.56,1.27,6.12,-27.594345,-48.504678,10
-34.55,28000.01,0.00,9622.56,0.13,-0.13,-0.45,25.03,17.89,3.31,3.23,-6.89,-3.76,-27.594336,-48.504658,8
-34.52,28014.85,0.00,9619.06,-0.31,0.64,-0.45,28.96,7.28,5.12,0.22,-7.49,-9.19,-27.594327,-48.504638,8
-34.50,28029.70,0.00,9615.56,1.18,1.05,0.04,28.25,-6.09,6.11,-3.97,1.00,-5.00,-27.594318,-48.504618,9
-34.48,28044.56,0.00,9612.06,-0.01,0.42,-0.02,28.19,-16.17,11.42,-6.75,5.32,-3.44,-27.594309,-48.504597,7
-34.46,28059.42,0.00,9608.56,0.53,-0.09,-0.43,20.19,-24.27,10.09,2.19,6.59,5.14,-27.594300,-48.504577,8
-34.43,28074.29,0.00,9605.06,0.59,0.01,-0.77,6.75,-30.81,9.92,5.88,-1.46,6.15,-27.594291,-48.504557,9
-34.41,28089.17,0.00,9601.56,0.34,0.58,0.63,-9.40,-31.83,10.97,2.35,-9.02,5.66,-27.594282,-48.504537,6
-34.39,28104.05,0.00,9598.06,-0.22,-0.43,0.34,-18.82,-23.70,10.83,1.76,-5.86,-0.83,-27.594273,-48.504516,10
-34.36,28118.94,0.00,9594.56,-0.37,0.56,-0.75,-24.23,-16.24,8.71,-5.64,5.13,-4.99,-27.594264,-48.504496,10
-34.34,28133.83,0.00,9591.06,0.65,-1.35,-0.41,-28.40,-6.10,2.64,-4.59,5.60,-4.03,-27.594255,-48.504476,9
-34.32,28148.73,0.00,9587.56,0.11,0.53,-0.22,-29.72,2.68,6.95,-2.04,2.81,-0.89,-27.594246,-48.504455,10
-34.30,28163.64,0.00,9584.06,-0.40,-0.21,0.08,-22.86,17.13,7.33,1.15,-1.96,2.72,-27.594237,-48.504435,8
-34.27,28178.55,0.00,9580.56,0.06,-0.53,-0.98,-12.70,23.57,2.29,6.73,-7.21,1.40,-27.594228,-48.504415,8
-34.25,28193.47,0.00,9577.06,-0.69,0.10,0.10,-3.48,33.48,2.54,-1.49,-1.89,6.56,-27.594219,-48.504395,9
-34.23,28208.40,0.00,9573.56,-0.28,-0.24,0.30,8.08,29.35,-2.52,-4.75,2.74,1.59,-27.594210,-48.504374,7
-34.21,28223.33,0.00,9570.06,-0.43,-0.20,-0.13,18.87,27.16,-3.63,-6.77,4.95,-4.41,-27.594201,-48.504354,10
-34.18,28238.27,0.00,9566.56,-0.03,-0.44,0.89,30.02,15.04,-3.66,-3.80,0.99,-2.91,-27.594192,-48.504334,8
-34.16,28253.22,0.00,9563.06,-0.88,0.06,-0.45,31.24,3.48,-7.19,2.41,-4.45,-4.50,-27.594183,-48.504314,10
-34.14,28268.17,0.00,9559.56,0.53,-0.47,0.18,31.46,-6.61,-10.35,7.05,-4.66,4.75,-27.594174,-48.504293,7
-34.11,28283.13,0.00,9556.06,0.09,-0.19,-0.42,23.57,-16.79,-9.35,3.03,-1.64,4.92,-27.594165,-48.504273,7
-34.09,28298.09,0.00,9552.56,0.76,-0.14,-0.04,17.63,-25.16,-8.49,-2.71,4.48,4.79,-27.594156,-48.504253,10
-34.07,28313.06,0.00,9549.06,0.21,-1.12,0.13,3.44,-29.23,-7.36,-7.95,3.18,-0.58,-27.594148,-48.504232,10
-34.05,28328.04,0.00,9545.56,-0.14,0.50,-0.29,-7.29,-28.15,-12.99,-3.98,1.56,-5.76,-27.594139,-48.504212,6
-34.02,28343.02,0.00,9542.06,0.50,-0.22,0.37,-21.70,-19.95,-9.20,1.53,-4.11,-5.29,-27.594130,-48.504192,9
-34.00,28358.02,0.00,9538.56,-0.43,0.50,0.66,-29.49,-12.61,-5.07,6.89,-6.31,-1.72,-27.594121,-48.504172,6
-33.98,28373.01,0.00,9535.06,0.97,-0.35,-0.25,-29.35,-2.84,-5.72,5.32,-0.77,2.12,-27.594112,-48.504151,7
-33.96,28388.02,0.00,9531.56,0.36,0.73,0.49,-29.21,10.48,-6.08,-1.09,8.40,5.12,-27.594103,-48.504131,8
-33.93,28403.02,0.00,9528.06,-0.76,-0.04,0.98,-21.92,21.83,-4.25,-6.06,5.67,6.38,-27.594094,-48.504111,9
-33.91,28418.04,0.00,9524.56,0.14,0.33,-0.62,-14.03,25.90,-1.80,-5.02,-4.95,-2.69,-27.594085,-48.504091,7
-33.89,28433.06,0.00,9521.06,0.16,0.39,0.00,-0.79,36.65,-0.93,-1.99,-5.34,-3.08,-27.594076,-48.504070,8
-33.86,28448.09,0.00,9517.56,0.02,0.58,0.22,8.64,29.14,0.21,3.18,-5.39,-6.54,-27.594067,-48.504050,6
-33.84,28463.13,0.00,9514.06,-0.33,0.23,0.70,20.64,22.04,3.00,7.27,1.59,-0.28,-27.594058,-48.504030,8
-33.82,28478.17,0.00,9510.56,0.32,-0.26,-0.18,27.14,16.85,5.73,2.50,6.37,4.15,-27.594049,-48.504009,9
-33.80,28493.22,0.00,9507.06,-0.30,-0.23,-0.33,27.28,-2.75,8.64,-4.71,2.45,1.40,-27.594040,-48.503989,9
-33.77,28508.27,0.00,9503.56,-0.91,0.56,0.07,29.31,-12.59,7.77,-6.59,-4.30,5.54,-27.594031,-48.503969,6
-33.75,28523.33,0.00,9500.06,-0.13,-0.93,0.62,20.44,-22.95,10.39,-1.41,-6.56,-1.28,-27.594022,-48.503949,9
-33.73,28538.40,0.00,9496.56,0.06,0.13,-0.21,11.28,-28.13,6.05,2.32,-0.59,-6.66,-27.594013,-48.503928,6
-33.70,28553.48,0.00,9493.06,-0.47,-0.40,0.13,2.83,-29.11,10.96,7.20,4.54,-4.26,-27.594004,-48.503908,9
-33.68,28568.56,0.00,9489.56,0.49,-0.18,-0.06,-12.03,-27.08,10.20,3.86,4.91,-4.62,-27.593995,-48.503888,8
-33.66,28583.64,0.00,9486.06,0.18,-0.37,-0.35,-24.98,-19.14,7.97,-2.39,0.23,0.72,-27.593986,-48.503868,7
-33.64,28598.74,0.00,9482.56,0.15,0.38,0.21,-29.50,-6.93,5.31,-7.27,-6.66,5.08,-27.593977,-48.503847,8
-33.61,28613.84,0.00,9479.06,-0.05,0.27,-0.60,-29.73,0.08,6.99,-3.65,-2.92,4.19,-27.593968,-48.503827,6
-33.59,28628.94,0.00,9475.56,-0.90,-0.90,0.73,-26.87,10.41,7.32,2.59,-1.26,-1.15,-27.593959,-48.503807,10
-33.57,28644.06,0.00,9472.06,0.06,-0.14,-0.29,-21.49,19.81,3.97,5.36,5.17,-3.79,-27.593950,-48.503786,7
-33.55,28659.17,0.00,9468.56,0.51,0.64,-0.28,-7.88,25.66,2.07,4.14,6.60,-7.15,-27.593941,-48.503766,6
-33.52,28674.30,0.00,9465.06,0.07,0.39,-0.60,3.57,30.40,-0.30,0.80,-3.35,-4.05,-27.593932,-48.503746,6
-33.50,28689.43,0.00,9461.56,-0.51,-0.84,-0.05,13.28,28.94,-5.15,-4.62,-7.39,6.11,-27.593923,-48.503726,7
-33.48,28704.57,0.00,9458.06,-0.08,-0.25,0.37,26.33,16.57,-4.10,-2.89,-5.20,5.85,-27.593914,-48.503705,9
-33.45,28719.72,0.00,9454.56,-0.18,-0.29,-0.31,26.86,4.78,-2.44,-1.66,1.09,2.29,-27.593905,-48.503685,8
-33.43,28734.87,0.00,9451.06,-0.75,0.35,-0.09,28.54,-1.20,-8.86,4.63,5.04,1.45,-27.593896,-48.503665,9
-33.41,28750.03,0.00,9447.56,-0.15,0.41,0.10,25.85,-11.40,-5.32,6.20,5.95,-5.33,-27.593887,-48.503645,10
-33.39,28765.19,0.00,9444.06,0.71,0.60,-0.11,18.25,-24.36,-8.34,1.50,-1.55,-4.35,-27.593878,-48.503624,7
-33.36,28780.36,0.00,9440.56,0.21,0.08,-1.06,11.49,-30.41,-10.42,-4.10,-4.35,-3.59,-27.593869,-48.503604,8
-33.34,28795.54,0.00,9437.06,0.05,0.41,-0.60,-3.93,-28.72,-13.23,-5.46,-3.60,2.23,-27.593860,-48.503584,7
-33.32,28810.72,0.00,9433.56,-0.11,0.37,0.61,-18.11,-30.33,-11.61,-3.05,4.53,6.97,-27.593851,-48.503563,9
-33.30,28825.91,0.00,9430.06,-0.31,-0.85,-0.36,-22.83,-19.46,-8.06,1.89,8.37,3.13,-27.593842,-48.503543,10
-33.27,28841.11,0.00,9426.56,0.23,-0.46,0.57,-29.89,-9.69,-8.65,4.19,3.50,-0.02,-27.593833,-48.503523,8
-33.25,28856.31,0.00,9423.06,-0.32,-0.28,0.82,-25.33,7.25,-8.48,4.23,-5.01,-5.78,-27.593824,-48.503503,7
-33.23,28871.52,0.00,9419.56,0.31,-0.82,0.05,-23.36,16.90,-3.22,-5.50,-8.25,-2.72,-27.593815,-48.503482,8
-33.20,28886.74,0.00,9416.06,-0.58,-0.60,-0.82,-17.35,25.97,-3.71,-7.53,-1.71,-2.97,-27.593806,-48.503462,10
-33.18,28901.96,0.00,9412.56,-0.12,0.31,-0.68,-6.93,26.76,-0.35,-1.58,3.43,1.38,-27.593797,-48.503442,10
-33.16,28917.19,0.00,9409.06,-0.79,-0.07,0.06,9.18,28.54,-0.88,1.82,5.88,6.51,-27.593788,-48.503422,6
-33.14,28932.43,0.00,9405.56,-0.50,0.11,-0.06,19.06,27.95,2.74,3.42,-0.22,2.48,-27.593779,-48.503401,8
-33.11,28947.67,0.00,9402.06,-0.02,0.71,-0.89,25.71,19.77,7.44,5.19,-4.22,-1.16,-27.593770,-48.503381,10
-33.09,28962.92,0.00,9398.56,0.06,0.10,0.29,30.59,4.70,6.13,-1.54,-7.20,-4.26,-27.593761,-48.503361,10
-33.07,28978.17,0.00,9395.06,-0.82,0.91,0.19,30.01,-6.57,8.14,-6.44,3.20,-4.25,-27.593752,-48.503340,10
-33.05,28993.44,0.00,9391.56,-0.10,-0.37,0.09,22.10,-16.09,9.36,-6.52,5.28,-1.52,-27.593743,-48.503320,8
-33.02,29008.70,0.00,9388.06,0.38,0.47,-0.06,12.74,-25.84,10.09,-1.24,4.46,4.85,-27.593734,-48.503300,8
-33.00,29023.98,0.00,9384.56,-0.10,-0.49,-0.52,5.05,-31.88,10.62,4.59,-2.88,3.21,-27.593725,-48.503280,6
-32.98,29039.26,0.00,9381.06,0.14,-0.19,-0.69,-8.71,-25.70,12.13,4.64,-4.61,7.26,-27.593716,-48.503259,8
-32.95,29054.55,0.00,9377.56,-0.53,0.22,-0.12,-21.71,-24.52,7.75,0.19,-4.95,1.69,-27.593707,-48.503239,7
-32.93,29069.84,0.00,9374.06,-0.54,0.18,-1.01,-27.20,-15.73,8.73,-4.70,5.27,-2.07,-27.593698,-48.503219,6
-32.91,29085.14,0.00,9370.56,-0.79,0.59,-0.10,-28.30,-3.31,8.61,-5.38,7.88,-7.91,-27.593689,-48.503199,7
-32.89,29100.45,0.00,9367.06,-0.41,-0.09,0.01,-30.22,9.39,6.34,0.48,4.12,3.54,-27.593680,-48.503178,7
-32.86,29115.77,0.00,9363.56,0.21,0.01,0.26,-22.83,18.07,5.28,4.33,-2.49,4.42,-27.593671,-48.503158,10
-32.84,29131.09,0.00,9360.06,0.42,-0.20,0.42,-12.86,28.32,2.83,5.69,-5.32,7.07,-27.593662,-48.503138,7
-32.82,29146.41,0.00,9356.56,-0.36,0.29,0.45,-3.39,30.57,-1.20,3.86,-1.88,5.63,-27.593653,-48.503117,8
-32.79,29161.75,0.00,9353.06,0.37,0.21,-0.24,14.20,27.02,-3.63,-4.10,7.23,0.31,-27.593644,-48.503097,7
-32.77,29177.09,0.00,9349.56,0.16,0.10,-0.09,19.01,22.59,-3.56,-4.48,7.39,-7.11,-27.593635,-48.503077,10
-32.75,29192.43,0.00,9346.06,-0.25,0.51,-0.05,28.48,11.98,-4.53,0.70,2.80,-4.79,-27.593626,-48.503057,7
-32.73,29207.79,0.00,9342.56,-0.37,0.78,1.36,31.09,0.61,-4.79,1.69,-1.76,-0.92,-27.593617,-48.503036,7
-32.70,29223.15,0.00,9339.06,-0.30,-0.61,0.68,30.52,-11.80,-6.28,6.45,-5.55,2.23,-27.593609,-48.503016,9
-32.68,29238.51,0.00,9335.56,-0.00,-0.59,-0.44,20.65,-19.03,-7.91,1.45,0.84,5.66,-27.593600,-48.502996,8
-32.66,29253.89,0.00,9332.06,0.45,-0.06,0.19,9.54,-26.67,-10.40,-3.67,5.84,1.15,-27.593591,-48.502976,6
-32.64,29269.26,0.00,9328.56,-0.50,-0.57,0.48,0.22,-36.93,-6.95,-7.46,6.66,2.44,-27.593582,-48.502955,10
-32.61,29284.65,0.00,9325.06,-0.09,0.07,0.34,-7.53,-28.62,-11.12,-4.04,1.41,-5.36,-27.593573,-48.502935,6
-32.59,29300.04,0.00,9321.56,-0.09,0.75,-0.11,-21.30,-21.98,-5.51,3.57,-7.71,-3.52,-27.593564,-48.502915,10
-32.57,29315.44,0.00,9318.06,0.05,0.44,0.68,-25.83,-9.30,-8.32,12.53,-3.47,-2.29,-27.593555,-48.502894,8
-32.54,29330.85,0.00,9314.56,-0.80,0.05,0.17,-29.22,-1.10,-8.19,0.70,4.24,2.79,-27.593546,-48.502874,7
-32.52,29346.26,0.00,9311.06,0.37,-0.32,0.49,-27.22,14.72,-1.03,1.73,6.61,5.08,-27.593537,-48.502854,9
-32.50,29361.68,0.00,9307.56,0.06,-0.34,0.52,-23.08,21.13,-3.29,-8.26,1.38,1.72,-27.593528,-48.502834,9
-32.48,29377.10,0.00,9304.06,0.23,0.16,0.49,-8.04,29.45,-3.05,-6.96,-2.41,-2.03,-27.593519,-48.502813,9
-32.45,29392.54,0.00,9300.56,0.06,0.11,0.46,3.07,32.66,-0.83,-1.47,-7.26,-8.91,-27.593510,-48.502793,6
-32.43,29407.97,0.00,9297.06,-1.19,-0.28,-0.34,8.15,28.54,1.86,2.75,-2.08,-6.28,-27.593501,-48.502773,7
-32.41,29423.42,0.00,9293.56,0.46,0.23,0.21,23.55,21.07,4.38,6.79,4.29,1.06,-27.593492,-48.502753,6
-32.39,29438.87,0.00,9290.06,0.06,0.89,-0.07,32.55,11.11,8.21,-0.71,6.12,1.62,-27.593483,-48.502732,6
-32.36,29454.33,0.00,9286.56,0.45,0.57,0.48,30.76,-0.27,8.17,-4.72,0.74,7.95,-27.593474,-48.502712,7
-32.34,29469.79,0.00,9283.06,0.99,0.17,0.26,26.83,-12.43,8.17,-6.61,-2.96,4.96,-27.593465,-48.502692,10
-32.32,29485.26,0.00,9279.56,-0.97,-0.39,-0.51,17.12,-20.76,8.82,0.93,-6.83,2.78,-27.593456,-48.502671,8
-32.29,29500.74,0.00,9276.06,0.18,-0.13,0.53,9.04,-29.90,10.34,2.37,2.89,-6.24,-27.593447,-48.502651,10
-32.27,29516.23,0.00,9272.56,-0.55,0.48,-0.15,1.28,-28.97,16.88,5.02,6.10,-7.58,-27.593438,-48.502631,9
-32.25,29531.72,0.00,9269.06,0.04,0.97,0.35,-15.62,-24.18,8.73,0.23,7.39,-3.62,-27.593429,-48.502611,9
-32.23,29547.21,0.00,9265.56,-0.66,0.10,0.25,-22.42,-19.32,6.84,-5.74,-1.23,5.97,-27.593420,-48.502590,9
-32.20,29562.72,0.00,9262.06,-0.10,-0.49,-0.80,-28.06,-5.82,9.15,-6.23,-5.61,6.11,-27.593411,-48.502570,10
-32.18,29578.23,0.00,9258.56,0.06,-0.58,0.30,-27.20,4.18,8.20,-2.11,-8.33,4.36,-27.593402,-48.502550,10
-32.16,29593.75,0.00,9255.06,0.21,-0.54,0.74,-27.16,15.91,5.19,2.66,-0.57,-0.72,-27.593393,-48.502530,6
-32.14,29609.27,0.00,9251.56,-0.01,0.32,0.52,-16.57,21.16,2.57,7.48,8.65,-7.16,-27.593384,-48.502509,9
-32.11,29624.80,0.00,9248.06,0.92,0.68,-0.24,-6.70,26.33,1.04,1.55,6.47,-7.17,-27.593375,-48.502489,9
-32.09,29640.34,0.00,9244.56,0.63,-0.16,0.22,3.04,26.03,-2.75,-3.21,-0.50,0.65,-27.593366,-48.502469,8
-32.07,29655.88,0.00,9241.06,-0.90,-0.45,-0.04,10.88,25.59,-3.94,-1.92,-6.80,3.81,-27.593357,-48.502448,7
-32.04,29671.43,0.00,9237.56,0.29,-0.73,-0.06,20.86,15.46,-7.01,-4.76,-2.84,8.79,-27.593348,-48.502428,9
-32.02,29686.99,0.00,9234.06,0.98,-0.31,-0.27,31.01,6.05,-4.55,0.43,4.23,2.40,-27.593339,-48.502408,6
-32.00,29702.55,0.00,9230.56,0.29,-0.21,0.74,33.00,-4.94,-4.02,5.87,5.45,-0.14,-27.593330,-48.502388,7
-31.98,29718.12,0.00,9227.06,-0.05,-1.12,0.37,23.63,-16.21,-8.31,4.63,1.69,-4.74,-27.593321,-48.502367,9
-31.95,29733.70,0.00,9223.56,-0.43,0.39,0.09,15.64,-25.35,-7.72,-3.26,-2.78,-3.83,-27.593312,-48.502347,9
-31.93,29749.28,0.00,9220.06,-0.17,-0.47,-0.14,5.08,-32.11,-8.62,-3.33,-4.34,-1.20,-27.593303,-48.502327,7
-31.91,29764.87,0.00,9216.56,0.04,-0.55,0.54,-5.62,-26.97,-11.28,-6.09,-3.37,8.75,-27.593294,-48.502307,8
-31.88,29780.47,0.00,9213.06,0.32,0.03,-0.37,-16.38,-22.27,-4.73,3.83,3.62,3.16,-27.593285,-48.502286,9
-31.86,29796.07,0.00,9209.56,0.52,-0.69,0.91,-27.66,-18.87,-8.06,7.28,5.89,4.69,-27.593276,-48.502266,6
-31.84,29811.68,0.00,9206.06,-0.33,-0.10,0.70,-30.25,-2.42,-6.65,2.89,-0.32,-1.07,-27.593267,-48.502246,6
-31.82,29827.30,0.00,9202.56,-0.11,0.68,0.30,-26.51,5.15,-2.98,1.43,-2.87,-4.80,-27.593258,-48.502225,7
-31.79,29842.92,0.00,9199.06,-0.67,-1.50,0.40,-25.83,13.87,-6.44,-2.79,-7.45,-5.44,-27.593249,-48.502205,7
-31.77,29858.55,0.00,9195.56,0.33,-0.60,-0.45,-13.30,25.64,-0.84,-4.34,-1.85,-0.31,-27.593240,-48.502185,10
-31.75,29874.19,0.00,9192.06,-0.30,-0.56,-0.32,-1.32,32.19,-1.79,2.31,3.13,7.49,-27.593231,-48.502165,6
-31.73,29889.83,0.00,9188.56,0.17,0.87,0.27,6.76,30.73,-1.23,2.88,5.95,9.35,-27.593222,-48.502144,8
-31.70,29905.48,0.00,9185.06,0.06,-0.58,0.35,22.26,23.62,3.49,7.95,-3.99,6.60,-27.593213,-48.502124,9
-31.68,29921.13,0.00,9181.56,-0.99,-0.40,-0.26,24.67,13.24,4.24,0.25,-4.58,-2.19,-27.593204,-48.502104,10
-31.66,29936.80,0.00,9178.06,-0.41,-0.12,0.12,32.56,1.53,6.44,-6.45,-5.09,-4.34,-27.593195,-48.502084,7
-31.63,29952.47,0.00,9174.56,0.37,-0.18,0.45,29.84,-10.10,7.02,-4.01,0.18,-5.87,-27.593186,-48.502063,9
-31.61,29968.14,0.00,9171.06,-0.21,0.37,-0.91,23.94,-20.69,8.51,-3.12,6.93,-2.48,-27.593177,-48.502043,8
-31.59,29983.83,0.00,9167.56,0.58,-0.77,-0.39,11.47,-26.07,11.91,0.38,4.85,3.21,-27.593168,-48.502023,8
-31.57,29999.51,0.00,9164.06,-1.19,-0.21,-0.52,-0.64,-29.05,12.26,3.88,-2.95,5.06,-27.593159,-48.502002,8
-31.54,30015.21,0.00,9160.56,0.38,0.80,0.18,-6.62,-28.77,8.53,1.48,-8.05,1.22,-27.593150,-48.501982,8
-31.52,30030.91,0.00,9157.06,0.26,-0.57,0.39,-21.43,-23.17,9.90,-0.59,-0.39,0.55,-27.593141,-48.501962,6
-31.50,30046.62,0.00,9153.56,-0.76,-0.22,-0.47,-25.87,-14.11,12.14,-7.17,5.43,-9.28,-27.593132,-48.501942,7
-31.48,30062.34,0.00,9150.06,-0.79,0.20,-0.08,-28.19,1.60,5.61,-6.54,7.39,-1.08,-27.593123,-48.501921,8
-31.45,30078.06,0.00,9146.56,-0.41,-0.58,-0.50,-27.32,14.23,2.69,2.41,0.21,1.16,-27.593114,-48.501901,7
-31.43,30093.79,0.00,9143.06,-0.14,-0.37,0.46,-20.84,23.99,3.01,4.67,-4.52,1.38,-27.593105,-48.501881,8
-31.41,30109.53,0.00,9139.56,-0.67,-0.69,-0.57,-10.46,28.19,0.00,2.21,-3.68,2.33,-27.593096,-48.501861,8
-31.38,30125.27,0.00,9136.06,-0.19,0.17,-0.54,-3.94,31.32,4.72,0.79,-4.04,3.59,-27.593087,-48.501840,7
-31.36,30141.02,0.00,9132.56,0.11,-0.36,-0.14,8.05,25.12,-1.84,-5.70,3.41,-1.21,-27.593079,-48.501820,7
-31.34,30156.77,0.00,9129.06,0.43,0.74,-0.22,21.41,19.53,-7.93,-8.53,3.51,-9.08,-27.593070,-48.501800,9
-31.32,30172.54,0.00,9125.56,0.87,0.14,-0.41,28.64,8.55,-7.82,0.15,-1.42,-5.04,-27.593061,-48.501779,9
-31.29,30188.31,0.00,9122.06,-0.37,-0.60,0.15,28.44,-0.94,-6.07,3.81,-6.97,1.64,-27.593052,-48.501759,7
-31.27,30204.08,0.00,9118.56,0.26,-0.36,0.15,26.04,-11.20,-11.68,5.83,-5.17,3.31,-27.593043,-48.501739,9
-31.25,30219.86,0.00,9115.06,-0.27,-0.22,0.77,21.54,-23.19,-10.01,0.14,3.04,4.35,-27.593034,-48.501719,10
-31.23,30235.65,0.00,9111.56,-0.24,1.03,0.71,9.63,-29.34,-9.90,-2.63,6.46,0.85,-27.593025,-48.501698,6
-31.20,30251.45,0.00,9108.06,-0.17,-0.91,0.33,1.23,-31.74,-12.46,-4.87,1.31,0.58,-27.593016,-48.501678,6
-31.18,30267.25,0.00,9104.56,-0.90,-0.28,1.13,-13.12,-27.60,-7.28,-4.07,-4.19,-0.66,-27.593007,-48.501658,10
-31.16,30283.06,0.00,9101.06,-0.29,0.53,-0.10,-22.82,-21.21,-6.30,-0.39,-6.95,-1.53,-27.592998,-48.501638,8
-31.13,30298.88,0.00,9097.56,0.86,0.78,0.50,-29.82,-10.61,-9.30,6.91,-1.74,-0.55,-27.592989,-48.501617,9
-31.11,30314.70,0.00,9094.06,0.29,0.28,0.45,-30.37,-0.84,-6.91,0.64,3.32,4.23,-27.592980,-48.501597,6
-31.09,30330.53,0.00,9090.56,-0.44,-0.39,-0.60,-27.23,16.74,-5.12,-4.52,4.89,5.75,-27.592971,-48.501577,6
-31.07,30346.36,0.00,9087.06,-0.19,0.58,-0.07,-19.65,23.92,-2.67,-5.21,3.39,5.41,-27.592962,-48.501556,8
-31.04,30362.21,0.00,9083.56,-0.76,-0.53,-0.48,-9.47,29.38,0.52,-4.98,-3.99,-1.85,-27.592953,-48.501536,7
-31.02,30378.06,0.00,9080.06,1.00,0.37,0.08,1.32,30.05,1.28,-2.11,-2.95,-4.47,-27.592944,-48.501516,10
-31.00,30393.91,0.00,9076.56,0.17,-1.30,-0.14,12.72,24.83,1.06,3.83,-0.46,-6.81,-27.592935,-48.501496,7
-30.97,30409.78,0.00,9073.06,-0.25,-0.51,-0.39,23.98,18.79,4.78,4.64,4.76,-0.59,-27.592926,-48.501475,8
-30.95,30425.65,0.00,9069.56,-0.60,0.30,-0.38,33.15,12.37,3.52,-2.69,5.65,4.03,-27.592917,-48.501455,7
-30.93,30441.52,0.00,9066.06,-0.43,-0.78,-0.31,26.15,-2.06,4.47,-7.25,0.55,7.24,-27.592908,-48.501435,7
-30.91,30457.40,0.00,9062.56,-1.21,0.35,-0.50,28.96,-14.69,9.95,-7.17,-4.74,5.84,-27.592899,-48.501415,7
-30.88,30473.29,0.00,9059.06,-0.11,-0.24,-0.29,18.95,-21.99,9.36,-1.09,-5.43,-3.27,-27.592890,-48.501394,6
-30.86,30489.19,0.00,9055.56,-0.65,-1.50,-0.26,8.22,-32.05,10.47,4.80,2.28,-7.11,-27.592881,-48.501374,6
-30.84,30505.09,0.00,9052.06,-0.21,0.24,-0.15,-3.77,-28.62,6.95,5.95,9.41,-5.07,-27.592872,-48.501354,7
-30.82,30521.00,0.00,9048.56,-0.02,-0.26,0.38,-15.22,-28.72,12.10,1.72,4.16,-2.29,-27.592863,-48.501333,10
-30.79,30536.92,0.00,9045.06,0.15,0.91,0.60,-25.60,-17.94,7.55,-2.66,-1.98,5.92,-27.592854,-48.501313,10
-30.77,30552.84,0.00,9041.56,0.45,0.84,-0.22,-33.01,-6.23,5.68,-5.35,-3.71,3.79,-27.592845,-48.501293,8
-30.75,30568.77,0.00,9038.06,-0.51,0.22,0.55,-29.15,3.45,8.14,0.12,-6.44,5.31,-27.592836,-48.501273,8
-30.72,30584.71,0.00,9034.56,0.62,1.22,-0.01,-25.14,16.23,6.30,3.74,4.23,-4.47,-27.592827,-48.501252,7
-30.70,30600.65,0.00,9031.06,0.92,0.35,0.29,-11.88,24.91,0.76,6.67,7.11,-5.87,-27.592818,-48.501232,8
-30.68,30616.60,0.00,9027.56,-0.28,-0.00,0.81,-8.09,30.25,4.24,2.67,2.34,-3.82,-27.592809,-48.501212,9
-30.66,30632.56,0.00,9024.06,0.74,0.06,-0.89,6.25,26.44,0.12,1.29,-1.95,0.28,-27.592800,-48.501191,9
-30.63,30648.52,0.00,9020.56,-0.20,0.03,0.05,17.42,25.62,-4.48,-8.06,-6.34,1.90,-27.592791,-48.501171,10
-30.61,30664.49,0.00,9017.06,-0.03,-0.30,0.02,26.40,13.55,-2.01,-5.45,-1.65,5.85,-27.592782,-48.501151,6
-30.59,30680.47,0.00,9013.56,-1.31,0.47,-0.11,26.99,6.75,-8.01,1.68,1.58,3.59,-27.592773,-48.501131,8
-30.57,30696.46,0.00,9010.06,-0.11,-0.62,0.00,29.51,-8.44,-7.97,5.27,4.68,-4.25,-27.592764,-48.501110,7
-30.54,30712.45,0.00,9006.56,-0.14,-0.21,0.37,23.16,-17.13,-12.16,5.36,1.16,-6.04,-27.592755,-48.501090,6
-30.52,30728.44,0.00,9003.06,-0.01,0.25,-0.22,12.12,-22.87,-8.18,-2.20,-3.55,-6.38,-27.592746,-48.501070,10
-30.50,30744.45,0.00,8999.56,-0.15,0.16,0.19,4.98,-30.19,-10.20,-6.21,-5.87,-5.23,-27.592737,-48.501050,10
-30.47,30760.46,0.00,8996.06,-0.83,-0.72,-0.38,-7.14,-27.05,-7.90,-6.59,2.22,4.33,-27.592728,-48.501029,10
-30.45,30776.48,0.00,8992.56,0.02,0.00,0.16,-16.49,-25.47,-9.03,1.62,4.79,6.11,-27.592719,-48.501009,10
-30.43,30792.50,0.00,8989.06,-0.82,0.45,0.62,-26.66,-11.47,-8.77,5.65,5.92,1.73,-27.592710,-48.500989,9
-30.41,30808.53,0.00,8985.56,0.21,0.44,0.36,-27.70,-7.71,-8.91,3.36,1.44,-1.50,-27.592701,-48.500968,7
-30.38,30824.57,0.00,8982.06,-1.04,-0.24,0.70,-29.52,13.75,-7.03,-1.30,-5.47,-3.87,-27.592692,-48.500948,9
-30.36,30840.61,0.00,8978.56,-0.41,-1.03,-0.81,-20.11,18.15,-7.38,-2.42,-6.71,-8.23,-27.592683,-48.500928,8
-30.34,30856.67,0.00,8975.06,0.24,0.59,-0.18,-13.42,26.62,-2.93,-4.37,4.58,0.62,-27.592674,-48.500908,7
-30.32,30872.72,0.00,8971.56,-0.20,0.25,0.49,0.78,32.47,-0.24,-4.87,6.76,5.90,-27.592665,-48.500887,6
-30.29,30888.79,0.00,8968.06,0.65,-0.14,-0.53,9.10,27.61,1.33,6.28,2.27,5.22,-27.592656,-48.500867,9
-30.27,30904.86,0.00,8964.56,-0.27,-0.33,0.04,23.69,20.19,6.11,8.77,-5.06,4.31,-27.592647,-48.500847,7
-30.25,30920.94,0.00,8961.06,-0.40,0.81,-0.74,27.88,10.16,5.70,2.24,-3.74,-2.38,-27.592638,-48.500827,9
-30.22,30937.02,0.00,8957.56,0.51,0.57,-0.49,30.83,1.08,8.18,-1.84,-3.93,-8.07,-27.592629,-48.500806,10
-30.20,30953.12,0.00,8954.06,0.03,0.23,0.84,29.73,-8.03,8.33,-2.39,6.80,-6.68,-27.592620,-48.500786,9
-30.18,30969.21,0.00,8950.56,1.14,-0.30,-0.64,21.09,-20.17,8.75,-2.39,7.57,-1.93,-27.592611,-48.500766,6
-30.16,30985.32,0.00,8947.06,-0.34,-0.28,-0.53,9.81,-27.18,11.26,3.19,2.63,5.03,-27.592602,-48.500745,9
-30.13,31001.43,0.00,8943.56,0.32,-0.02,-0.87,-0.78,-28.78,9.66,7.10,-4.56,5.94,-27.592593,-48.500725,8
-30.11,31017.55,0.00,8940.06,-0.61,-0.10,0.02,-13.61,-26.44,8.50,4.09,-4.51,4.03,-27.592584,-48.500705,9
-30.09,31033.68,0.00,8936.56,-0.17,-0.31,0.30,-22.67,-21.92,9.67,-1.78,-0.94,-1.87,-27.592575,-48.500685,7
-30.06,31049.81,0.00,8933.06,-0.28,0.17,-0.39,-29.52,-10.99,9.33,-7.57,4.08,-8.41,-27.592566,-48.500664,10
-30.04,31065.95,0.00,8929.56,0.35,-0.09,0.42,-29.07,1.33,6.11,0.24,7.11,-6.52,-27.592557,-48.500644,9
-30.02,31082.10,0.00,8926.06,0.63,-0.66,-0.17,-24.95,15.96,7.23,3.23,-0.59,1.52,-27.592549,-48.500624,7
-30.00,31098.25,0.00,8922.56,0.54,-0.06,0.03,-17.89,22.97,0.83,7.19,-6.00,4.89,-27.592540,-48.500604,6
-29.97,31114.41,0.00,8919.06,-0.72,0.38,0.35,-9.49,29.32,3.16,3.47,-2.03,8.16,-27.592531,-48.500583,7
-29.95,31130.57,0.17,8915.56,0.02,-0.58,0.70,3.30,29.37,0.93,-0.62,-0.84,3.15,-27.592522,-48.500563,10
-29.93,31146.75,0.00,8912.06,-0.35,-0.13,-0.94,13.41,26.20,-0.47,-8.60,1.90,-4.55,-27.592513,-48.500543,7
-29.91,31162.93,0.00,8908.56,0.77,-0.27,0.09,23.41,18.14,-4.28,-4.32,3.95,-7.71,-27.592504,-48.500522,9
-29.88,31179.12,0.00,8905.06,0.92,-0.65,-0.15,26.78,12.81,-7.60,1.24,-3.04,-7.10,-27.592495,-48.500502,6
-29.86,31195.31,0.00,8901.56,1.17,0.72,0.06,30.48,-2.93,-7.54,4.27,-7.20,-0.21,-27.592486,-48.500482,10
-29.84,31211.51,0.00,8898.06,0.13,0.02,0.22,22.71,-14.17,-12.05,4.37,-3.57,4.19,-27.592477,-48.500462,6
-29.81,31227.72,0.00,8894.56,-0.06,0.03,0.34,19.49,-23.45,-10.97,1.40,3.32,8.04,-27.592468,-48.500441,8
-29.79,31243.93,0.00,8891.06,-0.48,0.71,-0.93,13.10,-26.80,-8.70,-5.69,7.71,2.41,-27.592459,-48.500421,8
-29.77,31260.15,0.00,8887.56,-0.34,-0.22,0.31,-2.64,-29.59,-10.00,-4.14,2.30,-5.81,-27.592450,-48.500401,7
-29.75,31276.38,0.00,8884.06,-0.03,-0.35,0.57,-10.00,-26.88,-8.51,0.02,0.65,-1.46,-27.592441,-48.500381,9
-29.72,31292.62,0.00,8880.56,0.64,0.77,0.37,-20.60,-20.30,-8.55,5.80,-4.52,-2.10,-27.592432,-48.500360,10
-29.70,31308.86,0.00,8877.06,-0.64,-0.29,-0.68,-26.89,-8.40,-10.77,5.20,-4.02,-1.55,-27.592423,-48.500340,10
-29.68,31325.11,0.00,8873.56,-0.45,-0.85,0.37,-23.95,1.78,-5.31,4.93,4.77,7.02,-27.592414,-48.500320,6
-29.66,31341.36,0.00,8870.06,-0.70,0.14,0.47,-26.93,15.37,-1.88,-5.49,2.54,5.14,-27.592405,-48.500299,7
-29.63,31357.62,0.00,8866.56,-0.34,-0.17,0.56,-21.77,23.89,-1.00,-3.19,1.94,3.17,-27.592396,-48.500279,7
-29.61,31373.89,0.00,8863.06,0.15,0.30,-0.12,-6.37,30.45,-0.34,-3.50,-4.57,-4.78,-27.592387,-48.500259,6
-29.59,31390.17,0.00,8859.56,0.62,-0.19,0.49,3.82,26.53,-0.77,5.31,-6.13,-5.74,-27.592378,-48.500239,6
-29.56,31406.45,0.26,8856.06,0.34,-0.29,1.09,12.13,26.64,2.68,3.68,-0.10,-4.93,-27.592369,-48.500218,10
-29.54,31422.74,0.00,8852.56,-0.01,0.04,-0.56,25.23,19.94,4.02,1.49,4.28,-2.41,-27.592360,-48.500198,7
-29.52,31439.04,0.00,8849.06,0.04,-0.26,0.23,32.26,7.37,6.55,-3.34,7.65,5.30,-27.592351,-48.500178,10
-29.50,31455.34,0.00,8845.56,0.53,-0.35,0.84,29.18,-8.64,7.17,-2.75,-0.18,8.10,-27.592342,-48.500158,10
-29.47,31471.65,0.00,8842.06,-0.89,-0.66,0.49,27.38,-18.01,8.05,-5.39,-7.39,1.34,-27.592333,-48.500137,9
-29.45,31487.97,0.00,8838.56,-0.96,-0.27,0.13,15.40,-27.27,6.06,-2.05,-2.62,-3.63,-27.592324,-48.500117,6
-29.43,31504.29,0.22,8835.06,-0.49,-0.06,-0.14,2.92,-30.96,8.11,4.97,1.13,-5.73,-27.592315,-48.500097,6
-29.41,31520.62,0.00,8831.56,0.17,0.45,-0.44,-6.60,-29.39,10.26,2.80,2.40,-4.64,-27.592306,-48.500076,8
-29.38,31536.96,0.00,8828.06,-0.02,0.53,-0.44,-15.38,-23.01,10.52,-1.90,-0.40,-1.73,-27.592297,-48.500056,10
-29.36,31553.30,0.38,8824.56,0.08,0.44,-0.33,-24.02,-19.58,10.17,-7.63,-4.78,4.78,-27.592288,-48.500036,7
-29.34,31569.65,0.00,8821.06,-0.03,-0.46,0.51,-34.81,-0.80,6.77,-3.37,-7.06,5.33,-27.592279,-48.500016,10
-29.31,31586.01,0.00,8817.56,-0.02,-0.65,0.01,-29.57,9.72,3.99,-3.10,-3.55,5.78,-27.592270,-48.499995,8
-29.29,31602.37,0.59,8814.06,-0.23,-0.04,0.72,-23.29,18.69,4.64,1.65,4.69,-3.72,-27.592261,-48.499975,6
-29.27,31618.75,0.26,8810.56,0.37,-1.28,-0.34,-16.66,24.14,1.96,5.13,1.03,-5.55,-27.592252,-48.499955,10
-29.25,31635.12,0.00,8807.06,0.16,0.03,0.59,-5.12,31.55,-0.74,-4.50,0.32,-3.68,-27.592243,-48.499935,9
-29.22,31651.51,0.00,8803.56,0.62,0.69,0.11,7.79,30.14,-2.11,-3.29,-5.92,0.07,-27.592234,-48.499914,10
-29.20,31667.90,0.00,8800.06,-0.24,0.19,-0.13,20.46,22.61,-1.54,-4.47,-4.49,2.86,-27.592225,-48.499894,9
-29.18,31684.30,0.76,8796.56,0.92,0.76,0.56,26.61,14.53,-3.59,-0.08,-2.81,5.58,-27.592216,-48.499874,7
-29.15,31700.71,0.70,8793.06,1.03,-0.30,0.08,29.46,3.28,-7.11,4.48,2.18,2.49,-27.592207,-48.499853,7
-29.13,31717.12,0.28,8789.56,0.27,-0.02,0.52,28.70,-7.11,-6.98,5.61,2.41,1.56,-27.592198,-48.499833,10
-29.11,31733.54,0.00,8786.06,0.59,-0.35,0.15,20.72,-21.65,-9.85,-0.14,0.14,-6.06,-27.592189,-48.499813,8
-29.09,31749.97,0.00,8782.56,-1.01,-0.42,0.29,9.47,-25.86,-9.16,-3.74,-8.59,-3.97,-27.592180,-48.499793,10
-29.06,31766.40,0.00,8779.06,-0.67,-0.66,0.07,0.48,-31.00,-10.90,-3.75,-4.55,3.07,-27.592171,-48.499772,6
-29.04,31782.84,0.00,8775.56,1.01,-0.32,0.40,-10.31,-27.65,-13.41,-2.92,2.48,5.16,-27.592162,-48.499752,6
-29.02,31799.29,0.00,8772.06,0.02,-0.58,-0.16,-18.43,-22.94,-6.92,0.67,8.43,3.76,-27.592153,-48.499732,7
-29.00,31815.74,0.17,8768.56,-0.01,0.44,1.73,-27.50,-9.94,-10.99,3.53,3.33,1.81,-27.592144,-48.499712,6
-28.97,31832.20,0.00,8765.06,0.25,-0.13,1.27,-29.88,-0.96,-5.11,5.46,-2.92,-2.84,-27.592135,-48.499691,10
-28.95,31848.67,0.00,8761.56,-0.26,-0.12,0.91,-27.30,9.70,-5.24,-3.88,-4.19,-7.06,-27.592126,-48.499671,8
-28.93,31865.15,0.00,8758.06,-0.34,0.63,-0.77,-20.47,22.24,-1.50,-3.06,-1.34,-4.01,-27.592117,-48.499651,8
-28.90,31881.63,0.79,8754.56,-0.60,-0.04,-0.78,-17.40,25.47,-2.50,-5.34,1.34,-1.68,-27.592108,-48.499630,9
-28.88,31898.12,0.00,8751.06,0.32,0.57,-0.23,2.44,30.47,-1.38,0.31,5.64,4.49,-27.592099,-48.499610,7
-28.86,31914.61,0.00,8747.56,0.00,-0.14,-0.72,10.77,26.28,2.94,3.96,3.08,4.39,-27.592090,-48.499590,10
-28.84,31931.11,0.00,8744.06,-0.10,1.12,-0.09,21.94,20.12,2.73,2.81,-1.01,0.00,-27.592081,-48.499570,9
-28.81,31947.62,0.00,8740.56,-0.54,0.42,-0.24,30.08,9.02,1.07,-2.37,-5.79,-0.63,-27.592072,-48.499549,8
-28.79,31964.14,0.00,8737.06,-0.05,0.73,-0.03,29.31,0.17,9.19,-5.54,-1.53,-7.72,-27.592063,-48.499529,6
-28.77,31980.66,0.46,8733.56,-0.69,-0.92,0.50,25.96,-12.24,8.79,-8.30,4.96,-5.52,-27.592054,-48.499509,9
-28.75,31997.19,0.00,8730.06,0.35,-0.68,-0.23,19.07,-23.46,9.38,-0.78,3.87,0.83,-27.592045,-48.499489,10
-28.72,32013.73,0.00,8726.56,0.32,-0.21,-0.63,6.79,-30.09,10.86,2.89,0.96,5.04,-27.592036,-48.499468,10
-28.70,32030.27,0.00,8723.06,-0.14,0.19,0.27,-1.14,-28.86,10.62,6.55,-5.82,6.82,-27.592027,-48.499448,7
-28.68,32046.82,0.65,8719.56,0.19,-0.47,-0.03,-10.82,-28.82,12.26,1.52,-6.25,-0.96,-27.592019,-48.499428,7
-28.65,32063.38,0.00,8716.06,-0.47,0.04,-0.09,-24.28,-18.24,9.08,-4.09,1.51,-4.88,-27.592010,-48.499407,6
-28.63,32079.95,0.00,8712.56,0.53,-0.71,-0.59,-27.18,-6.03,9.55,-5.54,7.02,-8.25,-27.592001,-48.499387,8
-28.61,32096.52,0.00,8709.06,0.52,-0.08,0.40,-30.55,3.41,6.92,-3.28,6.15,-2.77,-27.591992,-48.499367,10
-28.59,32113.10,0.90,8705.56,-0.21,0.60,0.19,-26.88,14.08,6.88,4.90,-2.01,4.94,-27.591983,-48.499347,9
-28.56,32129.68,0.83,8702.06,-0.32,0.06,-0.52,-20.19,19.07,3.56,5.10,-6.47,2.64,-27.591974,-48.499326,7
-28.54,32146.28,0.87,8698.56,0.30,0.14,0.10,-7.42,26.74,5.25,6.32,-1.15,9.57,-27.591965,-48.499306,10
-28.52,32162.87,0.64,8695.06,-0.20,0.30,-0.07,4.16,31.41,-0.47,-3.65,2.61,1.62,-27.591956,-48.499286,10
-28.50,32179.48,2.05,8691.56,-0.16,-0.39,-0.16,16.56,27.04,-4.05,-6.75,6.58,-0.28,-27.591947,-48.499266,8
-28.47,32196.09,0.00,8688.06,0.34,-0.32,0.20,19.90,18.69,-7.04,-4.20,3.35,-3.84,-27.591938,-48.499245,10
-28.45,32212.71,0.27,8684.56,0.15,-0.39,0.26,30.93,7.73,-7.57,0.20,-6.10,-1.16,-27.591929,-48.499225,9
-28.43,32229.34,0.00,8681.06,-0.04,-0.08,0.69,29.70,-2.66,-4.96,6.62,-8.49,0.06,-27.591920,-48.499205,7
-28.40,32245.98,0.00,8677.56,0.41,0.64,-0.32,23.79,-16.81,-9.84,4.40,-1.72,2.65,-27.591911,-48.499184,7
-28.38,32262.62,2.03,8674.06,0.03,0.21,0.16,17.73,-28.00,-10.54,0.77,7.39,7.12,-27.591902,-48.499164,6
-28.36,32279.27,0.00,8670.56,0.10,-0.35,0.76,4.34,-28.17,-6.92,-7.20,4.13,0.12,-27.591893,-48.499144,6
-28.34,32295.92,1.77,8667.06,-0.29,-0.04,-0.29,-2.39,-27.23,-8.95,-9.58,-1.92,-3.85,-27.591884,-48.499124,6
-28.31,32312.58,1.22,8663.56,-0.37,-0.26,1.03,-16.39,-26.26,-10.15,-2.68,-6.37,-8.57,-27.591875,-48.499103,8
-28.29,32329.25,0.01,8660.06,-0.48,-0.92,0.05,-24.77,-15.78,-10.71,3.44,-5.58,-3.47,-27.591866,-48.499083,9
-28.27,32345.93,0.59,8656.56,-0.36,-1.22,0.79,-27.78,-5.52,-7.18,2.69,-0.46,0.01,-27.591857,-48.499063,9
-28.24,32362.61,0.00,8653.06,0.64,0.38,0.60,-28.19,5.42,-7.41,0.53,7.90,7.64,-27.591848,-48.499043,8
-28.22,32379.30,0.00,8649.56,-0.70,-1.34,-1.34,-27.01,17.77,-5.57,-3.35,2.22,3.09,-27.591839,-48.499022,9
-28.20,32396.00,1.18,8646.06,-0.43,-0.02,0.72,-17.85,28.95,-2.78,-4.74,1.47,0.20,-27.591830,-48.499002,7
-28.18,32412.70,1.07,8642.56,-0.07,0.23,-0.32,-5.10,28.05,-2.54,-3.12,-6.49,-2.65,-27.591821,-48.498982,8
-28.15,32429.41,0.50,8639.06,-0.56,1.11,0.01,6.41,30.48,-0.83,5.81,-5.12,-4.25,-27.591812,-48.498961,8
-28.13,32446.13,0.00,8635.56,-0.03,-0.25,-0.08,17.36,24.21,4.58,6.74,5.26,-5.72,-27.591803,-48.498941,7
-28.11,32462.85,1.08,8632.06,-0.11,-0.79,-1.09,25.38,13.06,4.20,3.59,2.81,1.08,-27.591794,-48.498921,8
-28.09,32479.58,0.52,8628.56,0.51,0.05,-0.27,29.57,5.36,5.34,-1.94,3.25,1.66,-27.591785,-48.498901,8
-28.06,32496.32,0.80,8625.06,0.02,-0.59,0.26,29.95,-8.15,10.67,-10.06,-5.12,2.87,-27.591776,-48.498880,7
-28.04,32513.07,1.71,8621.56,-0.80,-0.70,0.22,26.01,-17.10,9.98,-6.67,-3.67,2.74,-27.591767,-48.498860,9
-28.02,32529.82,0.41,8618.06,-0.92,0.31,0.22,15.52,-26.97,5.93,-0.67,-3.22,-5.07,-27.591758,-48.498840,9
-27.99,32546.58,0.00,8614.56,-0.48,-0.10,-0.27,4.16,-31.90,11.70,3.71,0.74,-7.47,-27.591749,-48.498820,9
-27.97,32563.35,0.57,8611.06,-0.23,-0.63,0.78,-10.12,-25.98,12.70,4.47,6.09,-4.43,-27.591740,-48.498799,8
-27.95,32580.12,0.00,8607.56,-0.65,0.49,0.14,-17.30,-24.07,11.52,-1.28,3.55,-0.33,-27.591731,-48.498779,10
-27.93,32596.90,1.68,8604.06,0.84,-0.10,-1.27,-28.58,-13.15,7.64,-3.65,-5.59,4.21,-27.591722,-48.498759,6
-27.90,32613.69,0.59,8600.56,-0.37,-0.07,0.57,-29.54,-2.56,7.75,-5.91,-3.79,5.47,-27.591713,-48.498738,8
-27.88,32630.48,1.73,8597.06,-0.23,-0.31,-1.03,-29.05,13.16,5.33,-0.74,-3.09,-0.33,-27.591704,-48.498718,8
-27.86,32647.29,0.03,8593.56,0.24,-0.04,0.16,-19.10,20.59,3.46,4.60,1.97,-3.75,-27.591695,-48.498698,8
-27.84,32664.09,1.71,8590.06,-0.16,-0.45,-1.31,-14.52,23.82,3.38,6.24,4.79,-6.92,-27.591686,-48.498678,10
-27.81,32680.91,2.06,8586.56,0.42,-0.34,0.24,-5.00,30.47,2.66,2.84,-1.10,-3.51,-27.591677,-48.498657,10
-27.79,32697.73,1.11,8583.06,-0.29,-0.59,-0.13,10.69,28.71,0.03,-3.99,-3.54,0.37,-27.591668,-48.498637,6
-27.77,32714.56,2.64,8579.56,-0.03,0.23,0.42,19.52,19.27,-1.73,-5.34,-7.51,4.99,-27.591659,-48.498617,9
-27.74,32731.40,2.62,8576.06,-0.60,0.12,0.36,28.23,11.13,-6.06,-0.75,3.65,7.17,-27.591650,-48.498597,9
-27.72,32748.24,1.73,8572.56,0.50,-0.55,0.52,31.46,-2.44,-9.96,4.14,3.07,1.03,-27.591641,-48.498576,8
-27.70,32765.09,0.00,8569.06,0.06,-0.47,0.62,28.44,-15.61,-7.21,4.68,2.44,-3.12,-27.591632,-48.498556,8
-27.68,32781.95,0.85,8565.56,0.24,-0.35,0.17,19.57,-22.83,-3.92,-1.25,-0.25,-4.48,-27.591623,-48.498536,6
-27.65,32798.81,1.87,8562.06,-0.60,-0.43,0.18,13.88,-26.66,-5.62,-1.97,-5.39,-2.70,-27.591614,-48.498515,6
-27.63,32815.69,0.00,8558.56,-0.39,0.23,-0.89,1.98,-30.31,-8.41,-4.70,-2.74,-0.66,-27.591605,-48.498495,6
-27.61,32832.57,2.53,8555.06,-0.10,0.68,-0.63,-12.29,-26.51,-5.86,-4.57,4.10,10.39,-27.591596,-48.498475,7
-27.59,32849.45,2.23,8551.56,-0.33,-1.02,0.49,-21.28,-24.55,-9.63,2.56,7.16,4.34,-27.591587,-48.498455,6
-27.56,32866.34,1.11,8548.06,-0.31,-0.33,-0.02,-29.43,-6.83,-8.59,4.44,4.66,1.30,-27.591578,-48.498434,9
-27.54,32883.24,2.44,8544.56,0.08,0.07,-0.32,-29.97,1.31,-5.38,3.43,-4.17,-2.71,-27.591569,-48.498414,6
-27.52,32900.15,1.90,8541.06,-0.10,-0.58,-0.76,-27.06,10.74,-6.20,-2.47,-9.14,-4.30,-27.591560,-48.498394,7
-27.49,32917.06,0.23,8537.56,-0.99,0.49,0.00,-21.09,20.76,-4.37,-9.92,-1.73,-3.34,-27.591551,-48.498374,10
-27.47,32933.99,0.90,8534.06,-0.58,0.11,-0.14,-8.37,28.48,3.12,-5.72,5.34,2.39,-27.591542,-48.498353,8
-27.45,32950.91,1.21,8530.56,-0.47,-0.27,0.21,4.16,32.07,-1.57,0.24,3.69,5.99,-27.591533,-48.498333,7
-27.43,32967.85,2.63,8527.06,-0.05,-0.56,0.47,11.32,25.83,3.50,6.84,2.11,6.71,-27.591524,-48.498313,10
-27.40,32984.79,2.29,8523.56,-0.62,-0.22,-0.69,20.60,19.04,5.99,4.42,-1.29,-2.63,-27.591515,-48.498292,10
-27.38,33001.74,1.65,8520.06,-0.14,-0.13,0.35,27.21,11.05,5.62,-1.66,-7.74,-5.36,-27.591506,-48.498272,8
-27.36,33018.70,1.72,8516.56,0.60,-0.23,-0.29,27.50,-5.88,6.60,-2.61,-3.54,-4.01,-27.591497,-48.498252,7
-27.33,33035.66,1.43,8513.06,-0.39,-0.52,-0.02,25.10,-12.13,7.97,-3.93,5.70,-2.66,-27.591489,-48.498232,7
-27.31,33052.63,0.76,8509.56,0.07,-0.24,0.48,17.91,-24.99,9.01,-0.14,2.77,0.67,-27.591480,-48.498211,7
-27.29,33069.61,2.09,8506.06,-0.43,-0.07,-0.15,4.79,-26.18,9.46,1.89,-1.02,4.45,-27.591471,-48.498191,7
-27.27,33086.59,2.96,8502.56,-0.02,0.15,0.02,1.01,-30.42,11.44,4.28,-6.90,6.92,-27.591462,-48.498171,10
-27.24,33103.58,2.01,8499.06,0.01,-0.35,-0.51,-17.58,-24.09,12.98,1.84,-3.96,-0.58,-27.591453,-48.498151,8
-27.22,33120.58,0.99,8495.56,0.21,-0.72,-0.28,-24.39,-15.68,11.55,-3.63,3.45,-2.50,-27.591444,-48.498130,8
-27.20,33137.59,1.93,8492.06,-0.45,-0.13,0.35,-30.23,-9.52,5.68,-5.96,4.42,-6.73,-27.591435,-48.498110,7
-27.18,33154.60,2.80,8488.56,0.11,-0.04,-0.14,-28.72,3.97,4.64,-0.38,6.87,-4.09,-27.591426,-48.498090,6
-27.15,33171.62,2.72,8485.06,0.18,-0.08,0.62,-27.27,13.95,5.44,3.62,-1.79,4.57,-27.591417,-48.498069,10
-27.13,33188.65,2.23,8481.56,0.11,-0.92,0.30,-15.43,23.85,5.05,4.60,-8.44,6.66,-27.591408,-48.498049,7
-27.11,33205.68,3.68,8478.06,0.37,0.04,0.69,-6.93,29.95,-0.88,-1.32,-3.34,6.21,-27.591399,-48.498029,6
-27.08,33222.72,1.45,8474.56,0.19,0.12,0.35,10.71,30.98,-2.61,0.96,3.20,0.98,-27.591390,-48.498009,6
-27.06,33239.77,0.81,8471.06,-0.93,0.18,-0.54,20.29,25.78,0.40,-7.23,5.37,-3.83,-27.591381,-48.497988,10
-27.04,33256.82,1.02,8467.56,-0.86,-0.02,0.21,26.90,14.14,-3.88,-2.83,4.92,-5.75,-27.591372,-48.497968,9
-27.02,33273.89,1.66,8464.06,-0.76,0.18,-0.42,27.45,4.76,-6.75,3.86,-3.08,-5.18,-27.591363,-48.497948,9
-26.99,33290.96,2.58,8460.56,0.46,-0.33,-0.20,27.56,-7.00,-8.89,6.22,-5.21,2.37,-27.591354,-48.497928,8
-26.97,33308.03,2.46,8457.06,0.27,0.01,-0.10,25.58,-22.77,-10.19,5.22,-2.03,8.33,-27.591345,-48.497907,10
-26.95,33325.12,2.60,8453.56,0.12,-0.02,0.29,14.94,-27.06,-7.91,1.23,5.82,5.51,-27.591336,-48.497887,7
-26.93,33342.21,1.16,8450.06,-0.52,-0.33,-0.17,3.36,-27.62,-7.92,-8.31,4.42,1.50,-27.591327,-48.497867,8
-26.90,33359.30,3.34,8446.56,-0.15,0.11,0.03,-6.35,-29.86,-8.32,-5.38,1.62,-4.18,-27.591318,-48.497846,8
-26.88,33376.41,3.41,8443.06,0.03,-0.09,-0.05,-17.24,-23.25,-10.69,3.25,-4.10,-4.21,-27.591309,-48.497826,8
-26.86,33393.52,3.85,8439.56,-0.51,-0.72,0.80,-27.14,-14.64,-9.70,4.44,-7.03,-2.38,-27.591300,-48.497806,7
-26.83,33410.64,2.13,8436.06,-0.46,0.95,0.35,-29.21,-6.29,-9.04,4.20,0.38,3.70,-27.591291,-48.497786,10
-26.81,33427.77,1.73,8432.56,-0.02,-0.07,-0.21,-26.78,7.07,-6.45,-1.37,5.91,5.33,-27.591282,-48.497765,9
-26.79,33444.90,2.20,8429.06,0.34,-0.14,0.38,-22.95,16.87,-5.52,-5.01,5.26,9.02,-27.591273,-48.497745,9
-26.77,33462.04,1.32,8425.56,-0.23,-1.01,-0.29,-16.45,25.62,-0.55,-4.20,-2.61,1.81,-27.591264,-48.497725,6
-26.74,33479.19,2.79,8422.06,-0.33,0.29,0.15,-3.15,30.85,-0.15,-2.05,-5.50,-4.46,-27.591255,-48.497704,9
-26.72,33496.34,1.82,8418.56,-0.23,-0.46,0.48,9.69,26.85,-0.02,2.72,-3.90,-5.70,-27.591246,-48.497684,6
-26.70,33513.50,1.99,8415.06,-0.44,-0.63,0.31,21.34,20.95,1.53,6.03,-1.21,-1.99,-27.591237,-48.497664,9
-26.68,33530.67,2.09,8411.56,0.05,-0.44,0.13,26.59,13.39,6.27,1.03,10.51,3.78,-27.591228,-48.497644,10
-26.65,33547.85,2.22,8408.06,-0.21,0.72,0.23,25.94,2.71,6.53,-1.51,2.11,7.64,-27.591219,-48.497623,6
-26.63,33565.03,2.16,8404.56,0.53,-0.53,0.62,24.19,-8.92,7.03,-4.01,-3.83,3.29,-27.591210,-48.497603,7
-26.61,33582.22,4.62,8401.06,-0.58,-0.34,0.26,21.11,-19.14,7.45,-4.49,-8.08,-0.52,-27.591201,-48.497583,6
-26.58,33599.42,2.00,8397.56,0.41,0.35,-0.33,11.13,-28.12,11.37,3.71,-3.47,-6.10,-27.591192,-48.497563,8
-26.56,33616.62,3.98,8394.06,-0.24,0.38,-0.40,2.40,-31.68,8.03,7.60,5.80,-7.72,-27.591183,-48.497542,6
-26.54,33633.83,2.23,8390.56,0.40,-0.25,0.73,-13.80,-27.63,9.13,4.81,11.16,-1.80,-27.591174,-48.497522,6
-26.52,33651.05,3.36,8387.06,-0.62,0.14,-0.46,-19.54,-22.91,11.28,-1.59,1.51,4.26,-27.591165,-48.497502,6
-26.49,33668.28,4.75,8383.56,-0.34,0.43,-0.16,-27.68,-13.53,13.13,-5.04,-6.42,5.48,-27.591156,-48.497481,6
-26.47,33685.51,2.40,8380.06,-0.87,0.54,-0.75,-32.40,-0.47,10.20,-0.75,-5.30,3.40,-27.591147,-48.497461,8
-26.45,33702.75,1.46,8376.56,-0.30,0.40,0.28,-27.07,10.44,2.19,1.39,-1.70,0.94,-27.591138,-48.497441,10
-26.42,33720.00,2.56,8373.06,-0.17,-0.30,-0.23,-24.36,22.45,3.49,8.85,6.55,-4.24,-27.591129,-48.497421,9
-26.40,33737.25,1.13,8369.56,-0.00,0.07,-0.02,-13.00,31.77,1.00,4.26,7.45,-7.34,-27.591120,-48.497400,8
-26.38,33754.51,1.60,8366.06,0.80,0.28,-0.22,-0.48,29.56,-3.09,-0.24,-0.64,-5.78,-27.591111,-48.497380,10
-26.36,33771.78,1.35,8362.56,0.02,-0.17,-0.80,12.40,29.24,-5.44,-5.66,-6.52,-0.05,-27.591102,-48.497360,6
-26.33,33789.06,4.10,8359.06,0.41,-0.54,-0.06,22.27,17.77,-5.69,-5.14,-6.94,8.47,-27.591093,-48.497340,8
-26.31,33806.34,4.16,8355.56,-0.41,0.13,0.13,28.08,10.39,-7.09,2.51,2.97,5.98,-27.591084,-48.497319,10
-26.29,33823.63,3.64,8352.06,0.15,-0.78,-1.02,27.87,-2.75,-4.70,7.79,3.62,-1.46,-27.591075,-48.497299,8
-26.27,33840.93,2.93,8348.56,-0.38,-0.72,-0.14,23.80,-16.25,-8.04,6.84,3.09,-7.76,-27.591066,-48.497279,9
-26.24,33858.23,2.68,8345.06,-0.21,-0.44,0.50,16.41,-21.48,-7.18,2.62,-6.22,-3.06,-27.591057,-48.497258,10
-26.22,33875.54,3.07,8341.56,-0.51,0.78,0.41,6.57,-30.45,-9.37,-5.39,-5.16,0.44,-27.591048,-48.497238,6
-26.20,33892.86,4.67,8338.06,0.56,0.47,-0.04,-3.76,-27.00,-11.83,-7.44,-0.81,3.60,-27.591039,-48.497218,8
-26.17,33910.19,3.37,8334.56,-0.14,1.27,0.48,-14.74,-27.19,-8.67,-2.87,3.31,8.78,-27.591030,-48.497198,6
-26.15,33927.52,3.78,8331.06,0.95,0.45,-0.27,-22.97,-15.12,-11.31,4.55,5.86,4.32,-27.591021,-48.497177,9
-26.13,33944.86,3.43,8327.56,-0.06,-0.04,0.55,-32.04,-11.06,-13.14,7.18,-0.80,2.94,-27.591012,-48.497157,6
-26.11,33962.21,3.76,8324.06,0.70,-0.56,0.10,-28.98,1.40,-7.90,1.11,-5.46,-6.09,-27.591003,-48.497137,7
-26.08,33979.56,3.75,8320.56,1.04,0.07,0.72,-18.38,14.26,-6.70,-3.44,-7.38,-5.63,-27.590994,-48.497117,8
-26.06,33996.93,2.41,8317.06,-0.82,-0.01,0.17,-17.14,26.32,-1.12,-4.86,-3.02,-1.73,-27.590985,-48.497096,10
-26.04,34014.30,2.12,8313.56,0.43,0.73,0.90,-10.74,30.03,-2.32,-3.59,2.46,1.29,-27.590976,-48.497076,7
-26.02,34031.67,3.17,8310.06,0.13,-0.61,1.25,6.40,27.65,2.01,-0.07,2.88,7.21,-27.590967,-48.497056,10
-25.99,34049.06,4.28,8306.56,-0.59,-0.13,-0.94,16.38,25.87,1.09,4.22,0.87,2.43,-27.590958,-48.497035,7
-25.97,34066.45,2.67,8303.06,1.07,0.79,0.94,24.37,22.01,3.74,5.21,-0.74,0.62,-27.590950,-48.497015,7
-25.95,34083.84,3.27,8299.56,0.22,0.60,-0.31,27.79,9.05,2.07,-0.62,-4.67,-4.31,-27.590941,-48.496995,9
-25.92,34101.25,2.11,8296.06,1.11,0.15,-0.05,28.61,-4.61,5.54,-3.69,1.23,-7.42,-27.590932,-48.496975,7
-25.90,34118.66,3.44,8292.56,0.55,-0.00,0.20,25.18,-18.23,9.66,-3.89,2.79,-3.15,-27.590923,-48.496954,8
-25.88,34136.08,3.06,8289.06,-0.04,0.04,0.65,15.89,-23.93,8.38,-1.43,5.91,1.72,-27.590914,-48.496934,7
-25.86,34153.51,3.46,8285.56,0.10,0.03,0.24,5.33,-36.11,6.52,5.14,2.15,8.08,-27.590905,-48.496914,9
-25.83,34170.94,5.23,8282.06,0.06,-0.55,0.58,-7.02,-27.49,11.78,2.30,-6.43,4.42,-27.590896,-48.496894,6
-25.81,34188.38,4.89,8278.56,-0.37,-0.15,0.35,-19.39,-25.05,6.95,0.55,-5.66,-0.42,-27.590887,-48.496873,8
-25.79,34205.83,4.21,8275.06,-0.30,0.42,-0.30,-22.20,-16.45,7.88,-3.07,3.36,-5.60,-27.590878,-48.496853,6
-25.77,34223.28,4.69,8271.56,-0.30,-0.11,-0.55,-26.96,-7.27,5.73,-3.09,6.85,-4.91,-27.590869,-48.496833,7
-25.74,34240.75,4.55,8268.06,0.24,0.40,-0.02,-30.64,8.92,6.01,-1.97,4.05,-1.60,-27.590860,-48.496812,7
-25.72,34258.22,3.64,8264.56,0.62,-0.23,-0.19,-23.62,19.05,4.55,8.06,-6.31,1.31,-27.590851,-48.496792,10
-25.70,34275.69,3.49,8261.06,-0.26,-0.18,-0.21,-14.12,29.35,1.07,7.58,-5.25,5.25,-27.590842,-48.496772,9
-25.67,34293.18,3.17,8257.56,-0.06,-0.45,-0.14,-0.57,32.23,-0.46,3.99,-3.00,4.08,-27.590833,-48.496752,7
-25.65,34310.67,2.45,8254.06,0.77,0.02,0.39,6.50,28.21,-5.57,-2.08,4.17,-1.37,-27.590824,-48.496731,7
-25.63,34328.17,3.50,8250.56,-0.61,0.11,-0.45,18.64,23.90,-4.55,-6.57,3.21,-6.51,-27.590815,-48.496711,10
-25.61,34345.67,3.63,8247.06,0.57,0.17,0.50,26.93,14.61,-7.57,0.99,-2.36,-5.55,-27.590806,-48.496691,7
-25.58,34363.19,3.77,8243.56,-0.12,0.08,0.19,29.64,3.54,-2.59,-0.00,-7.79,-1.11,-27.590797,-48.496671,7
-25.56,34380.71,4.75,8240.06,-0.17,0.01,0.76,28.19,-10.61,-5.16,5.90,-5.96,3.15,-27.590788,-48.496650,6
-25.54,34398.24,3.62,8236.56,0.05,0.38,-0.22,23.88,-17.08,-14.01,1.73,2.55,6.21,-27.590779,-48.496630,7
-25.51,34415.77,4.68,8233.06,-0.42,0.47,-0.31,12.92,-25.76,-9.45,-4.56,6.42,2.85,-27.590770,-48.496610,10
-25.49,34433.31,4.18,8229.56,0.37,0.08,-0.25,0.97,-29.02,-8.41,-3.21,4.80,1.47,-27.590761,-48.496589,10
-25.47,34450.86,3.26,8226.06,0.34,-0.09,0.46,-3.12,-30.62,-6.59,-5.87,-1.51,-3.95,-27.590752,-48.496569,7
-25.45,34468.42,3.19,8222.56,-0.11,0.42,-0.60,-19.58,-20.69,-8.20,3.83,-0.66,-8.19,-27.590743,-48.496549,7
-25.42,34485.98,4.60,8219.06,-0.39,0.21,0.22,-26.38,-16.81,-7.83,3.40,-2.34,-3.42,-27.590734,-48.496529,9
-25.40,34503.55,4.03,8215.56,0.51,0.42,-0.04,-26.20,-0.84,-6.84,2.29,-1.46,2.82,-27.590725,-48.496508,7
-25.38,34521.13,3.97,8212.06,0.02,0.02,0.24,-24.90,7.55,-7.58,0.22,6.53,6.93,-27.590716,-48.496488,9
-25.36,34538.72,4.40,8208.56,-0.70,-0.90,0.29,-23.36,19.99,-2.40,-8.25,-0.51,10.48,-27.590707,-48.496468,10
-25.33,34556.31,4.23,8205.06,-0.12,-0.39,-0.44,-13.15,24.88,-5.30,-4.72,-3.22,0.55,-27.590698,-48.496448,6
-25.31,34573.91,4.59,8201.56,1.01,-0.06,-0.42,0.85,30.29,-0.67,0.43,-4.43,-5.93,-27.590689,-48.496427,10
-25.29,34591.52,4.43,8198.06,-0.53,-0.73,0.23,10.96,26.56,1.31,4.02,-3.80,-6.80,-27.590680,-48.496407,9
-25.26,34609.13,5.44,8194.56,0.09,-0.07,0.24,16.49,20.30,3.41,9.94,1.53,-4.69,-27.590671,-48.496387,8
-25.24,34626.75,4.23,8191.06,0.21,-0.90,0.48,26.17,12.61,8.22,1.99,6.70,0.74,-27.590662,-48.496366,7
-25.22,34644.38,4.41,8187.56,0.19,-0.75,0.49,26.44,0.05,5.55,-5.20,1.20,5.50,-27.590653,-48.496346,8
-25.20,34662.02,5.23,8184.06,-0.53,-0.51,-0.54,29.59,-13.22,7.47,-5.03,-3.41,2.91,-27.590644,-48.496326,6
-25.17,34679.66,5.77,8180.56,-0.45,0.28,0.08,22.68,-21.99,7.54,-4.09,-5.01,0.45,-27.590635,-48.496306,8
-25.15,34697.31,4.18,8177.06,-0.07,-0.49,0.40,9.58,-30.17,8.71,4.60,-2.75,-4.48,-27.590626,-48.496285,8
-25.13,34714.97,4.37,8173.56,-0.14,0.76,-0.12,-0.80,-28.14,7.49,6.32,6.70,-4.68,-27.590617,-48.496265,8
-25.11,34732.64,2.64,8170.06,-1.07,0.60,-0.58,-13.60,-25.86,10.15,1.25,4.51,-6.07,-27.590608,-48.496245,8
-25.08,34750.31,6.36,8166.56,-0.60,-0.30,-0.56,-20.36,-19.83,11.90,-3.88,1.45,1.34,-27.590599,-48.496225,7
-25.06,34767.99,7.44,8163.06,0.17,-0.63,0.39,-25.68,-8.22,6.38,-8.39,-6.35,7.48,-27.590590,-48.496204,9
-25.04,34785.68,4.79,8159.56,0.26,0.56,0.01,-31.83,1.26,5.20,-5.34,-3.33,3.24,-27.590581,-48.496184,8
-25.01,34803.37,6.27,8156.06,0.17,-0.28,0.51,-26.49,12.29,5.54,1.86,4.39,0.60,-27.590572,-48.496164,10
-24.99,34821.07,3.06,8152.56,-0.48,-1.11,0.38,-18.00,24.53,1.93,4.24,0.98,-5.27,-27.590563,-48.496143,9
-24.97,34838.78,5.17,8149.06,0.22,-1.10,-0.23,-10.87,28.00,3.61,6.28,3.14,-5.85,-27.590554,-48.496123,8
-24.95,34856.50,4.26,8145.56,0.28,1.01,-0.05,4.33,31.60,0.03,-1.27,0.88,-2.11,-27.590545,-48.496103,8
-24.92,34874.22,4.09,8142.06,0.49,-0.06,0.19,18.96,25.47,0.19,-4.21,-1.57,1.52,-27.590536,-48.496083,10
-24.90,34891.95,5.42,8138.56,0.53,-0.75,0.28,26.30,21.97,-4.97,-3.05,-4.18,5.15,-27.590527,-48.496062,9
-24.88,34909.69,5.39,8135.06,-0.64,-0.22,0.42,29.57,9.63,-6.43,1.71,1.69,6.24,-27.590518,-48.496042,9
-24.86,34927.44,3.65,8131.56,0.65,0.55,0.14,30.22,-3.64,-10.22,7.66,7.63,0.30,-27.590509,-48.496022,7
-24.83,34945.19,6.52,8128.06,-0.12,0.01,-0.78,26.60,-14.31,-7.59,6.20,6.77,-6.75,-27.590500,-48.496002,9
-24.81,34962.95,6.69,8124.56,-0.48,0.35,0.53,19.96,-23.49,-8.42,-1.17,-4.13,-5.09,-27.590491,-48.495981,9
-24.79,34980.72,2.47,8121.06,0.39,0.20,0.09,10.09,-32.25,-14.38,-2.79,-3.74,-5.30,-27.590482,-48.495961,8
-24.76,34998.49,4.61,8117.56,0.95,0.11,0.10,-6.95,-28.64,-7.82,-4.63,-4.87,4.00,-27.590473,-48.495941,10
-24.74,35016.28,2.44,8114.06,-0.00,0.63,-0.52,-15.82,-22.14,-10.43,-3.01,4.82,1.12,-27.590464,-48.495920,8
-24.72,35034.07,4.55,8110.56,-0.65,0.33,-0.59,-19.89,-16.80,-5.94,5.81,8.46,6.50,-27.590455,-48.495900,8
-24.70,35051.86,4.45,8107.06,0.07,-0.62,0.28,-24.01,-5.73,-6.19,6.47,-0.86,-1.68,-27.590446,-48.495880,8
-24.67,35069.67,5.45,8103.56,-0.91,-0.64,-0.29,-31.26,6.55,-8.94,3.10,-9.14,-5.23,-27.590437,-48.495860,10
-24.65,35087.48,4.91,8100.06,0.29,1.06,0.28,-22.20,20.65,-4.31,-5.49,-1.63,-5.70,-27.590428,-48.495839,6
-24.63,35105.30,4.92,8096.56,0.06,-0.05,0.46,-15.39,24.66,-4.48,-4.28,-2.80,-1.02,-27.590420,-48.495819,6
-24.60,35123.12,4.56,8093.06,-1.08,0.21,0.55,-4.26,27.22,0.60,-0.57,4.31,4.76,-27.590411,-48.495799,9
-24.58,35140.96,4.63,8089.56,0.18,0.85,-0.28,6.66,32.97,2.54,2.41,5.69,6.18,-27.590402,-48.495779,10
-24.56,35158.80,6.86,8086.06,0.29,0.28,-0.09,17.29,23.89,2.65,8.48,0.49,4.07,-27.590393,-48.495758,8
-24.54,35176.65,7.18,8082.56,-0.51,0.56,0.34,25.38,13.80,5.65,2.67,-4.20,2.74,-27.590384,-48.495738,9
-24.51,35194.50,4.17,8079.06,-0.25,-0.58,-0.04,30.30,3.60,6.51,-1.88,-4.28,-8.35,-27.590375,-48.495718,9
-24.49,35212.36,6.01,8075.56,0.35,-0.19,-1.56,28.21,-5.80,7.69,-8.70,3.28,-7.78,-27.590366,-48.495697,6
-24.47,35230.23,5.26,8072.06,-0.22,0.26,-0.44,20.97,-16.09,7.84,-3.72,6.95,-1.27,-27.590357,-48.495677,8
-24.45,35248.11,4.19,8068.56,-0.05,-1.50,0.06,14.11,-24.45,9.03,3.10,3.91,1.34,-27.590348,-48.495657,7
-24.42,35266.00,5.41,8065.06,-0.23,-0.09,0.24,4.80,-28.52,7.99,6.23,-1.51,8.53,-27.590339,-48.495637,10
-24.40,35283.89,6.50,8061.56,-0.11,-0.07,0.68,-11.51,-34.15,10.83,5.31,-3.70,5.81,-27.590330,-48.495616,9
-24.38,35301.79,4.50,8058.06,-0.05,0.38,0.38,-19.41,-21.06,8.18,-1.02,-4.31,-3.71,-27.590321,-48.495596,10
-24.35,35319.69,3.58,8054.56,-0.13,0.01,-0.06,-24.21,-13.75,7.28,-7.69,0.94,-5.94,-27.590312,-48.495576,10
-24.33,35337.61,5.50,8051.06,-0.32,0.08,-0.68,-31.79,-1.59,4.69,-9.94,6.68,-5.51,-27.590303,-48.495556,9
-24.31,35355.53,4.56,8047.56,0.19,-0.42,0.89,-29.63,12.07,7.28,0.61,2.39,0.04,-27.590294,-48.495535,10
-24.29,35373.46,5.12,8044.06,0.33,0.30,0.77,-23.66,20.59,-1.00,6.61,-4.53,6.11,-27.590285,-48.495515,10
-24.26,35391.40,5.58,8040.56,0.55,0.12,0.28,-14.77,25.52,1.06,6.22,-4.85,4.58,-27.590276,-48.495495,8
-24.24,35409.34,6.04,8037.06,-0.56,-0.50,-0.27,-0.66,32.95,-0.46,0.70,-1.78,3.42,-27.590267,-48.495474,8
-24.22,35427.29,5.52,8033.56,-0.24,-0.60,-0.27,11.79,28.06,-4.98,-5.54,3.85,-1.43,-27.590258,-48.495454,10
-24.20,35445.25,5.40,8030.06,0.17,-0.96,0.86,17.04,27.94,-4.53,-6.28,6.32,-4.30,-27.590249,-48.495434,9
-24.17,35463.21,6.86,8026.56,0.49,-0.15,1.30,24.82,11.80,-4.65,-0.89,-0.91,-1.30,-27.590240,-48.495414,10
-24.15,35481.19,5.04,8023.06,0.52,0.05,-0.46,28.41,1.75,-5.98,2.63,-5.30,-1.43,-27.590231,-48.495393,10
-24.13,35499.17,4.68,8019.56,-0.09,-0.12,0.33,25.62,-8.70,-6.04,6.39,-6.28,2.97,-27.590222,-48.495373,8
-24.10,35517.16,6.99,8016.06,-0.23,0.34,-0.54,21.70,-19.03,-7.53,3.04,2.05,7.67,-27.590213,-48.495353,9
-24.08,35535.15,5.15,8012.56,0.12,0.29,-1.08,10.86,-26.39,-9.59,-2.06,3.41,2.38,-27.590204,-48.495333,7
-24.06,35553.15,5.48,8009.06,0.41,0.04,0.36,-1.31,-30.49,-11.22,-8.51,3.27,-0.62,-27.590195,-48.495312,10
-24.04,35571.16,4.57,8005.56,0.40,-0.15,0.37,-9.17,-25.72,-10.24,-4.24,-3.75,-6.84,-27.590186,-48.495292,6
-24.01,35589.18,7.32,8002.06,-1.09,-0.99,0.12,-24.89,-21.16,-9.10,3.10,-8.25,-6.01,-27.590177,-48.495272,8
-23.99,35607.21,5.88,7998.56,0.42,0.56,0.34,-29.54,-12.65,-9.09,4.92,-2.45,-1.74,-27.590168,-48.495251,8
-23.97,35625.24,5.70,7995.06,0.37,0.47,-0.46,-30.96,2.50,-8.18,1.57,2.60,4.06,-27.590159,-48.495231,9
-23.95,35643.28,4.23,7991.56,-0.71,-0.93,-0.20,-25.67,10.62,-4.20,-0.11,3.60,10.25,-27.590150,-48.495211,9
-23.92,35661.32,6.04,7988.06,-0.41,-0.51,0.02,-25.24,24.76,-2.67,-5.77,2.06,3.84,-27.590141,-48.495191,6
-23.90,35679.38,6.78,7984.56,0.09,-0.60,0.27,-12.00,27.57,-5.27,-4.89,-2.30,3.50,-27.590132,-48.495170,8
-23.88,35697.44,5.64,7981.06,0.51,-0.28,-0.91,2.79,29.10,-0.15,1.19,-7.92,-6.27,-27.590123,-48.495150,6
-23.85,35715.51,7.87,7977.56,-0.02,-0.59,0.59,12.46,25.83,1.21,7.02,-2.43,-6.16,-27.590114,-48.495130,10
-23.83,35733.59,5.67,7974.06,-0.91,0.29,0.22,20.48,21.22,6.99,2.46,4.03,-0.44,-27.590105,-48.495110,6
-23.81,35751.67,7.91,7970.56,0.42,0.20,-0.51,31.69,12.71,3.66,5.24,-2.16,1.15,-27.590096,-48.495089,6
-23.79,35769.76,6.19,7967.06,-0.02,0.23,0.44,31.18,0.71,10.56,-4.82,0.55,7.21,-27.590087,-48.495069,7
-23.76,35787.86,5.50,7963.56,-0.19,0.60,-0.39,27.57,-14.68,5.91,-3.37,-2.24,5.16,-27.590078,-48.495049,6
-23.74,35805.97,8.28,7960.06,0.05,0.57,0.86,18.81,-19.34,10.11,-2.62,-5.17,-2.16,-27.590069,-48.495028,10
-23.72,35824.08,7.75,7956.56,-0.48,-0.57,0.34,7.47,-28.20,7.08,5.22,-2.93,-7.15,-27.590060,-48.495008,8
-23.69,35842.20,6.50,7953.06,-0.26,0.85,0.18,-5.14,-28.08,8.98,5.52,3.99,-7.64,-27.590051,-48.494988,10
-23.67,35860.33,5.12,7949.56,0.14,0.58,0.60,-15.02,-26.86,8.48,4.07,7.55,-2.92,-27.590042,-48.494968,10
-23.65,35878.47,6.17,7946.06,-0.26,0.56,0.49,-24.92,-19.78,12.70,-2.93,-2.29,5.32,-27.590033,-48.494947,9
-23.63,35896.61,5.87,7942.56,0.21,-0.40,-0.20,-29.07,-9.84,6.03,-5.12,-7.75,3.50,-27.590024,-48.494927,10
-23.60,35914.76,4.88,7939.06,-0.14,-0.10,0.05,-28.66,1.54,7.76,0.47,-2.46,3.34,-27.590015,-48.494907,9
-23.58,35932.92,6.91,7935.56,-0.52,-0.49,-0.49,-23.57,18.25,3.83,3.72,-0.01,-2.78,-27.590006,-48.494887,6
-23.56,35951.08,7.87,7932.06,0.40,-0.25,1.22,-16.35,20.84,1.57,7.88,7.44,-3.27,-27.589997,-48.494866,9
-23.54,35969.26,6.90,7928.56,0.67,0.45,-0.06,-5.30,25.01,-0.03,4.77,5.36,-7.64,-27.589988,-48.494846,9
-23.51,35987.44,7.00,7925.06,0.11,-0.23,0.38,4.54,27.78,-2.81,-0.40,-3.15,-0.89,-27.589979,-48.494826,8
-23.49,36005.63,3.82,7921.56,0.33,0.65,-0.23,15.67,26.43,-0.19,-6.37,-5.04,4.98,-27.589970,-48.494805,10
-23.47,36023.82,6.47,7918.06,-0.03,-0.30,0.31,25.35,14.39,-4.87,-3.58,-2.77,8.31,-27.589961,-48.494785,9
-23.44,36042.02,6.24,7914.56,0.23,-0.50,0.26,29.46,4.19,-6.36,1.13,1.94,4.63,-27.589952,-48.494765,10
-23.42,36060.23,6.90,7911.06,-0.79,-0.39,-0.35,29.63,-5.25,-9.68,6.13,6.91,-1.49,-27.589943,-48.494745,10
-23.40,36078.45,5.65,7907.56,-0.12,0.32,0.12,26.67,-14.27,-8.83,4.89,2.66,-5.33,-27.589934,-48.494724,8
-23.38,36096.68,5.38,7904.06,-0.20,-0.06,-0.05,18.75,-23.01,-8.70,0.50,-4.35,-3.71,-27.589925,-48.494704,6
-23.35,36114.91,5.32,7900.56,0.42,0.83,0.12,2.19,-31.39,-14.12,-6.99,-4.86,0.11,-27.589916,-48.494684,8
-23.33,36133.15,6.40,7897.06,-0.42,0.53,-0.13,-6.58,-29.50,-7.07,-5.35,-1.45,3.49,-27.589907,-48.494664,9
-23.31,36151.40,9.14,7893.56,0.02,-0.51,0.26,-19.22,-25.86,-6.53,0.67,4.91,4.14,-27.589898,-48.494643,10
-23.29,36169.65,5.62,7890.06,-0.91,-0.42,-0.22,-24.01,-13.15,-8.89,3.77,3.56,4.63,-27.589890,-48.494623,9
-23.26,36187.92,5.25,7886.56,-0.10,-0.17,-0.36,-31.51,-3.09,-5.76,4.68,4.39,-3.18,-27.589881,-48.494603,7
-23.24,36206.19,6.69,7883.06,0.18,-0.16,-0.77,-29.73,2.63,-4.25,1.56,-6.17,-5.84,-27.589872,-48.494582,9
-23.22,36224.46,5.97,7879.56,0.27,0.20,0.41,-28.49,18.49,-0.73,-2.62,-6.27,-4.85,-27.589863,-48.494562,9
-23.19,36242.75,7.25,7876.06,-0.70,0.15,-0.23,-12.12,32.12,-1.81,-5.90,-1.78,-3.42,-27.589854,-48.494542,8
-23.17,36261.04,5.39,7872.56,-0.46,0.14,0.21,2.04,29.71,-1.83,3.61,8.13,1.64,-27.589845,-48.494522,7
-23.15,36279.34,6.82,7869.06,0.11,-0.76,0.19,10.07,28.29,0.82,3.73,5.74,8.64,-27.589836,-48.494501,10
-23.13,36297.65,7.80,7865.56,-0.07,-0.06,0.85,19.70,20.97,5.05,3.78,-3.83,4.46,-27.589827,-48.494481,8
-23.10,36315.96,6.21,7862.06,-0.58,0.23,0.18,30.78,13.89,2.02,-0.43,-5.96,-1.45,-27.589818,-48.494461,6
-23.08,36334.28,6.86,7858.56,0.09,-0.21,-0.16,28.77,5.37,8.68,-1.52,-3.95,-4.92,-27.589809,-48.494441,6
-23.06,36352.61,8.34,7855.06,-0.07,-0.43,-0.48,33.19,-10.75,9.96,-6.34,5.79,-3.72,-27.589800,-48.494420,9
-23.04,36370.95,7.77,7851.56,0.56,-0.11,0.17,25.01,-17.88,8.76,-2.74,5.82,2.07,-27.589791,-48.494400,10
-23.01,36389.30,9.00,7848.06,0.23,-0.36,-0.28,13.42,-27.07,8.25,2.37,0.41,2.54,-27.589782,-48.494380,8
-22.99,36407.65,6.45,7844.56,0.77,-0.66,0.16,0.16,-29.22,8.34,6.71,-5.17,5.47,-27.589773,-48.494359,6
-22.97,36426.01,6.44,7841.06,-0.38,0.58,0.71,-5.74,-28.47,10.96,4.31,-4.04,6.10,-27.589764,-48.494339,7
-22.94,36444.38,6.66,7837.56,0.08,-0.03,-0.36,-17.20,-22.32,6.61,-3.16,-4.11,-0.95,-27.589755,-48.494319,9
-22.92,36462.75,6.14,7834.06,-1.03,0.88,-0.13,-22.72,-12.39,8.91,-7.47,3.90,-5.67,-27.589746,-48.494299,10
-22.90,36481.13,5.75,7830.56,0.44,-0.41,0.75,-31.78,1.17,9.24,-0.62,7.27,-3.39,-27.589737,-48.494278,8
-22.88,36499.52,7.78,7827.06,-0.97,0.23,0.30,-30.02,13.17,2.44,-0.91,1.22,-1.24,-27.589728,-48.494258,8
-22.85,36517.92,9.66,7823.56,0.23,-0.03,1.25,-20.29,21.71,6.04,2.11,-3.39,5.77,-27.589719,-48.494238,6
-22.83,36536.32,7.00,7820.06,0.62,0.21,-0.25,-10.59,30.81,2.91,5.61,-3.02,7.21,-27.589710,-48.494217,10
-22.81,36554.74,8.71,7816.56,0.55,0.75,0.06,-0.76,28.48,-0.64,-1.27,0.41,3.11,-27.589701,-48.494197,10
-22.78,36573.16,6.37,7813.06,0.23,-0.48,-0.43,11.51,26.91,-3.82,-3.80,7.35,-0.96,-27.589692,-48.494177,6
-22.76,36591.58,7.26,7809.56,0.14,1.00,0.47,23.80,22.29,-6.11,-5.68,3.54,-7.44,-27.589683,-48.494157,9
-22.74,36610.02,7.74,7806.06,0.03,0.79,0.24,23.61,11.43,-4.21,-3.21,-4.03,-4.79,-27.589674,-48.494136,6
-22.72,36628.46,8.73,7802.56,0.96,-0.76,0.33,32.71,1.94,-7.92,6.20,-6.89,-3.11,-27.589665,-48.494116,7
-22.69,36646.91,7.32,7799.06,0.04,-0.80,0.11,24.83,-11.30,-9.58,2.71,-3.58,2.70,-27.589656,-48.494096,7
-22.67,36665.37,6.94,7795.56,0.32,0.34,0.86,19.88,-19.47,-12.63,0.50,3.26,6.76,-27.589647,-48.494076,8
-22.65,36683.83,8.50,7792.06,0.70,-0.25,-0.03,9.86,-26.61,-10.22,-1.13,6.54,2.55,-27.589638,-48.494055,7
-22.63,36702.30,7.32,7788.56,0.02,-0.41,1.31,-4.86,-29.53,-10.11,-7.15,4.92,0.27,-27.589629,-48.494035,7
-22.60,36720.78,7.51,7785.06,-0.66,-1.34,0.27,-12.71,-24.31,-9.40,-2.44,-6.06,-4.14,-27.589620,-48.494015,6
-22.58,36739.27,7.95,7781.56,-0.36,-0.10,0.27,-25.63,-20.82,-7.48,0.12,-4.18,-4.45,-27.589611,-48.493994,9
-22.56,36757.77,9.48,7778.06,-0.18,0.87,1.58,-28.58,-6.27,-7.14,3.44,-4.09,4.28,-27.589602,-48.493974,9
-22.53,36776.27,8.02,7774.56,0.94,-0.46,0.15,-26.54,2.76,-10.56,6.01,2.32,9.78,-27.589593,-48.493954,9
-22.51,36794.78,7.76,7771.06,1.73,-0.35,-0.14,-24.34,10.83,-3.67,-3.22,2.81,7.31,-27.589584,-48.493934,8
-22.49,36813.30,8.99,7767.56,0.34,0.55,0.27,-20.91,24.93,-1.99,-5.93,1.45,4.26,-27.589575,-48.493913,10
-22.47,36831.82,8.90,7764.06,0.09,0.60,0.16,-11.70,29.13,-0.51,-3.57,-4.65,-2.05,-27.589566,-48.493893,9
-22.44,36850.36,5.76,7760.56,-0.04,-0.49,-0.17,-0.80,29.21,4.13,-1.59,-4.87,-4.66,-27.589557,-48.493873,10
-22.42,36868.90,9.04,7757.06,0.07,-1.24,1.45,15.12,26.93,1.85,7.67,-2.54,-3.57,-27.589548,-48.493853,10
-22.40,36887.44,6.75,7753.56,0.43,0.52,-0.01,21.35,17.13,6.45,4.36,5.21,-1.11,-27.589539,-48.493832,6
-22.38,36906.00,7.68,7750.06,0.09,0.26,-0.12,26.82,2.61,4.85,1.35,4.10,5.86,-27.589530,-48.493812,7
-22.35,36924.56,5.91,7746.56,0.09,0.44,0.66,29.26,-1.64,8.91,-7.42,-0.03,7.62,-27.589521,-48.493792,7
-22.33,36943.13,7.55,7743.06,-0.16,0.05,0.65,26.64,-15.36,6.60,-7.07,-3.00,2.02,-27.589512,-48.493771,8
-22.31,36961.71,5.93,7739.56,0.15,0.13,-0.15,16.62,-24.62,9.91,-1.28,-4.86,-3.71,-27.589503,-48.493751,9
-22.28,36980.30,6.75,7736.06,-0.95,-0.75,0.52,5.80,-28.60,8.35,3.44,-0.42,-5.10,-27.589494,-48.493731,10
-22.26,36998.89,6.23,7732.56,0.60,-0.36,-0.56,-4.99,-29.31,6.97,7.27,4.96,-3.71,-27.589485,-48.493711,10
-22.24,37017.49,8.70,7729.06,0.64,-0.08,0.59,-15.08,-25.66,13.21,1.80,4.23,-0.99,-27.589476,-48.493690,9
-22.22,37036.10,8.46,7725.56,0.37,0.15,0.04,-21.05,-22.16,5.52,-4.10,-2.12,3.63,-27.589467,-48.493670,9
-22.19,37054.71,10.31,7722.06,-0.35,-1.36,-0.10,-25.46,-7.40,8.72,-4.75,-8.75,3.07,-27.589458,-48.493650,8
-22.17,37073.34,8.53,7718.56,-0.47,0.35,0.61,-31.42,8.75,8.93,-5.55,-1.48,3.23,-27.589449,-48.493630,10
-22.15,37091.97,7.93,7715.06,-0.59,0.23,0.05,-23.72,16.90,0.75,4.03,4.19,-3.47,-27.589440,-48.493609,6
-22.13,37110.61,7.41,7711.56,0.53,-0.85,-0.24,-18.71,22.39,3.11,9.00,7.41,-8.53,-27.589431,-48.493589,8
-22.10,37129.25,7.69,7708.06,-0.35,0.01,0.11,-4.79,28.05,-0.84,2.82,2.68,-5.70,-27.589422,-48.493569,6
-22.08,37147.91,8.22,7704.56,0.38,-0.06,-0.24,7.36,27.49,-4.25,-0.21,-3.36,2.60,-27.589413,-48.493548,10
-22.06,37166.57,7.75,7701.06,-0.32,0.04,0.53,16.24,26.74,-0.88,-5.05,-5.93,8.37,-27.589404,-48.493528,9
-22.03,37185.24,7.24,7697.56,0.11,0.14,-0.46,25.11,16.25,-2.49,-5.11,-1.44,6.70,-27.589395,-48.493508,7
-22.01,37203.91,9.37,7694.06,-0.29,0.06,-0.35,25.04,4.26,-7.29,0.22,5.07,3.29,-27.589386,-48.493488,7
-21.99,37222.60,9.50,7690.56,0.47,-0.20,0.40,28.15,-6.17,-6.26,6.87,5.90,0.47,-27.589377,-48.493467,9
-21.97,37241.29,8.34,7687.06,0.36,-0.17,-0.19,26.20,-17.78,-6.51,5.52,-1.28,-6.64,-27.589368,-48.493447,9
-21.94,37259.99,7.83,7683.56,-0.80,0.71,-0.35,10.88,-23.96,-9.44,-4.43,-5.89,-6.66,-27.589360,-48.493427,7
-21.92,37278.70,9.28,7680.06,-0.28,0.33,-1.02,2.02,-29.32,-8.05,-8.76,-1.81,-1.72,-27.589351,-48.493407,9
-21.90,37297.41,8.48,7676.56,0.28,0.19,-0.41,-13.21,-30.67,-10.86,-4.24,1.37,7.13,-27.589342,-48.493386,7
-21.87,37316.13,8.21,7673.06,0.36,-0.68,-0.91,-16.68,-23.97,-7.93,0.52,2.65,0.52,-27.589333,-48.493366,10
-21.85,37334.86,6.58,7669.56,-0.17,0.28,0.42,-24.57,-13.61,-9.27,5.51,4.13,0.18,-27.589324,-48.493346,8
-21.83,37353.60,8.47,7666.06,0.46,-0.14,0.71,-28.04,-1.75,-4.51,7.99,-0.32,-0.55,-27.589315,-48.493325,8
-21.81,37372.35,7.20,7662.56,0.01,-0.70,0.07,-27.95,6.49,-4.39,-3.70,-6.83,-6.20,-27.589306,-48.493305,9
-21.78,37391.10,8.36,7659.06,-0.36,-0.67,-0.16,-22.35,18.02,-3.71,-7.20,-4.58,-7.55,-27.589297,-48.493285,10
-21.76,37409.86,9.98,7655.56,0.01,-0.69,0.10,-11.18,29.64,-1.87,-4.17,0.34,-1.18,-27.589288,-48.493265,9
-21.74,37428.63,10.50,7652.06,-0.15,0.23,-0.59,2.24,28.52,-1.91,0.95,7.12,3.38,-27.589279,-48.493244,8
-21.72,37447.40,9.22,7648.56,0.31,-0.11,-0.05,8.26,25.88,2.39,6.40,0.40,4.81,-27.589270,-48.493224,8
-21.69,37466.18,10.78,7645.06,-0.19,-0.16,-0.88,19.02,22.42,6.16,8.42,-1.80,-1.35,-27.589261,-48.493204,10
-21.67,37484.98,9.22,7641.56,-0.32,-0.44,-0.42,27.29,13.72,2.50,-0.01,-5.33,-1.54,-27.589252,-48.493184,6
-21.65,37503.77,7.27,7638.06,-0.60,-1.29,-0.52,29.10,-4.94,7.69,-8.19,-6.61,-7.42,-27.589243,-48.493163,6
-21.62,37522.58,9.51,7634.56,0.60,0.29,0.03,26.35,-15.29,7.70,-4.56,4.04,-5.36,-27.589234,-48.493143,10
-21.60,37541.39,9.97,7631.06,0.23,0.30,-0.37,18.14,-22.18,7.69,-0.63,8.85,-0.84,-27.589225,-48.493123,8
-21.58,37560.21,7.63,7627.56,0.55,-0.53,0.11,7.04,-28.85,10.57,7.37,-0.53,6.64,-27.589216,-48.493102,6
-21.56,37579.04,9.10,7624.06,0.08,0.07,0.00,0.30,-30.94,10.56,4.78,-4.67,4.65,-27.589207,-48.493082,10
-21.53,37597.88,9.57,7620.56,-0.25,-0.28,-0.95,-11.88,-26.22,9.33,0.84,-1.61,0.44,-27.589198,-48.493062,9
-21.51,37616.72,8.68,7617.06,0.69,0.09,-0.12,-21.41,-22.40,9.09,-6.24,1.11,-4.40,-27.589189,-48.493042,10
-21.49,37635.58,10.61,7613.56,0.02,0.41,-0.31,-29.44,-9.95,7.48,-7.93,1.86,-7.35,-27.589180,-48.493021,8
-21.47,37654.44,7.49,7610.06,-0.27,0.36,-0.91,-29.50,-0.04,6.17,-9.53,5.97,-5.99,-27.589171,-48.493001,8
-21.44,37673.30,8.02,7606.56,1.07,0.25,0.50,-26.00,13.73,7.38,1.94,-1.52,-0.03,-27.589162,-48.492981,8
-21.42,37692.18,7.46,7603.06,-0.53,0.71,-0.86,-17.46,22.33,1.22,5.36,-3.85,4.36,-27.589153,-48.492961,7
-21.40,37711.06,9.31,7599.56,0.49,-0.63,-0.37,-9.69,30.73,-1.02,4.98,-5.58,8.19,-27.589144,-48.492940,9
-21.37,37729.95,9.22,7596.06,-0.20,-0.18,-0.83,4.39,28.44,0.54,-1.14,-0.76,0.60,-27.589135,-48.492920,6
-21.35,37748.85,10.99,7592.56,-0.10,-0.88,0.72,14.71,28.87,-3.73,-7.65,7.66,0.24,-27.589126,-48.492900,8
-21.33,37767.75,10.16,7589.06,-0.37,-1.08,-0.20,27.04,16.91,-2.91,-3.74,1.58,-8.18,-27.589117,-48.492879,7
-21.31,37786.67,9.03,7585.56,0.36,-0.28,-0.35,30.66,9.97,-3.15,1.63,-1.92,-2.64,-27.589108,-48.492859,8
-21.28,37805.59,10.25,7582.06,-0.14,-0.89,0.02,28.48,-2.52,-5.08,1.62,-9.60,0.95,-27.589099,-48.492839,7
-21.26,37824.52,9.85,7578.56,0.93,0.90,-0.55,26.77,-11.36,-6.75,8.94,-2.75,3.58,-27.589090,-48.492819,8
-21.24,37843.45,10.28,7575.06,-0.36,0.41,-0.02,20.02,-23.14,-10.31,-0.76,2.81,5.52,-27.589081,-48.492798,9
-21.22,37862.40,10.48,7571.56,-0.04,-0.45,0.20,8.81,-31.33,-11.53,-4.74,6.09,2.99,-27.589072,-48.492778,9
-21.19,37881.35,11.20,7568.06,0.02,-0.39,0.34,-2.83,-32.19,-9.83,-4.77,4.92,0.15,-27.589063,-48.492758,8
-21.17,37900.31,9.19,7564.56,0.23,0.16,0.32,-17.18,-26.14,-12.55,0.94,-2.38,-7.38,-27.589054,-48.492738,10
-21.15,37919.27,11.17,7561.06,0.68,1.35,-0.65,-21.34,-19.79,-7.00,6.14,-6.12,-5.88,-27.589045,-48.492717,6
-21.12,37938.25,9.74,7557.56,-1.70,1.76,-0.19,-27.07,-7.93,-10.28,7.33,-1.54,1.46,-27.589036,-48.492697,8
-21.10,37957.23,8.43,7554.06,0.16,0.65,-0.78,-26.65,8.54,-5.31,3.59,5.23,2.88,-27.589027,-48.492677,9
-21.08,37976.22,9.11,7550.56,0.16,0.20,0.02,-23.03,18.09,-7.52,-4.65,7.29,5.22,-27.589018,-48.492656,9
-21.06,37995.22,8.94,7547.06,-0.94,-0.26,0.13,-17.13,29.37,2.27,-5.04,0.73,8.14,-27.589009,-48.492636,7
-21.03,38014.22,9.45,7543.56,0.57,1.03,0.19,-7.71,27.42,-3.01,-5.88,-4.35,-2.57,-27.589000,-48.492616,8
-21.01,38033.24,11.15,7540.06,0.29,0.50,-0.49,6.87,26.18,-2.19,2.74,-5.54,-2.55,-27.588991,-48.492596,7
-20.99,38052.26,9.42,7536.56,0.72,0.15,-0.15,15.90,25.58,1.56,5.72,2.58,-4.57,-27.588982,-48.492575,6
-20.96,38071.29,9.57,7533.06,-0.23,-0.85,0.35,21.58,17.50,7.23,5.45,4.98,-1.35,-27.588973,-48.492555,9
-20.94,38090.32,8.68,7529.56,-0.23,-0.97,0.92,28.67,4.55,8.00,-3.89,4.64,7.51,-27.588964,-48.492535,9
-20.92,38109.37,9.21,7526.06,0.37,-1.22,0.17,29.95,-6.32,8.75,-7.30,-2.36,7.12,-27.588955,-48.492515,7
-20.90,38128.42,10.72,7522.56,-0.58,0.16,-0.16,24.92,-18.51,6.35,-5.15,-4.78,1.11,-27.588946,-48.492494,6
-20.87,38147.48,8.54,7519.06,-0.27,-0.39,0.15,14.81,-25.20,8.68,-2.11,-4.91,-2.95,-27.588937,-48.492474,9
-20.85,38166.54,9.40,7515.56,-0.03,1.03,-0.46,3.21,-30.34,11.95,5.90,-0.23,-5.54,-27.588928,-48.492454,6
-20.83,38185.62,9.91,7512.06,-0.04,0.79,0.09,-4.63,-30.94,13.32,5.76,5.51,-0.43,-27.588919,-48.492433,6
-20.81,38204.70,8.78,7508.56,-0.46,0.09,0.19,-17.95,-24.87,9.17,-1.20,4.61,-2.42,-27.588910,-48.492413,10
-20.78,38223.79,12.13,7505.06,0.06,-0.94,-0.08,-28.63,-14.97,8.49,-2.88,-7.54,0.93,-27.588901,-48.492393,10
-20.76,38242.89,8.81,7501.56,0.39,-0.47,-0.88,-31.37,-3.47,8.58,-4.39,-5.04,5.14,-27.588892,-48.492373,9
-20.74,38261.99,9.87,7498.06,-0.13,0.74,-0.30,-31.28,5.18,7.17,-1.86,-1.69,1.55,-27.588883,-48.492352,8
-20.71,38281.11,10.95,7494.56,0.65,-0.32,0.44,-24.79,19.29,2.73,0.20,3.66,-3.48,-27.588874,-48.492332,10
-20.69,38300.23,10.14,7491.06,0.04,0.94,-0.31,-15.71,24.75,3.81,5.95,7.39,-9.84,-27.588865,-48.492312,10
-20.67,38319.36,11.19,7487.56,-1.01,0.40,-0.26,-1.15,28.88,-0.88,0.40,2.76,-6.19,-27.588856,-48.492292,10
-20.65,38338.49,10.31,7484.06,-0.31,-0.42,-0.27,6.83,27.68,-1.67,-4.49,-3.55,0.56,-27.588847,-48.492271,8
-20.62,38357.64,9.38,7480.56,-0.43,0.06,0.05,20.87,24.36,-3.10,-6.97,-5.84,0.90,-27.588838,-48.492251,6
-20.60,38376.79,12.47,7477.06,-0.05,-0.31,0.52,25.67,14.61,-5.77,-3.79,-3.06,6.03,-27.588830,-48.492231,9
-20.58,38395.95,10.71,7473.56,0.29,0.41,0.23,31.54,1.80,-9.17,2.13,2.12,3.25,-27.588821,-48.492210,6
-20.56,38415.12,10.71,7470.06,0.13,0.12,-0.45,27.54,-9.25,-7.35,7.07,7.40,-2.09,-27.588812,-48.492190,10
-20.53,38434.29,11.02,7466.56,-0.08,0.72,-0.54,19.70,-18.30,-7.86,3.59,1.78,-12.21,-27.588803,-48.492170,6
-20.51,38453.47,11.11,7463.06,-0.41,-0.68,-1.02,16.67,-28.14,-10.59,-1.04,-9.17,-1.27,-27.588794,-48.492150,6
-20.49,38472.67,10.49,7459.56,-0.85,0.26,-1.31,0.90,-31.49,-9.85,-8.78,-3.38,-1.37,-27.588785,-48.492129,8
-20.46,38491.86,11.99,7456.06,1.08,-1.06,0.00,-12.90,-25.75,-8.86,-3.09,-0.96,5.46,-27.588776,-48.492109,6
-20.44,38511.07,11.15,7452.56,0.26,0.71,0.25,-23.88,-23.58,-6.40,1.36,6.24,7.15,-27.588767,-48.492089,8
-20.42,38530.28,11.38,7449.06,-0.94,-0.25,-1.10,-25.39,-9.58,-7.74,6.60,5.12,-4.19,-27.588758,-48.492069,7
-20.40,38549.51,10.86,7445.56,-0.41,-0.57,-0.36,-28.24,-0.48,-11.29,2.59,-3.99,-7.87,-27.588749,-48.492048,10
-20.37,38568.74,10.24,7442.06,0.50,-0.19,-0.06,-27.87,9.66,-4.36,-0.33,-7.58,-7.05,-27.588740,-48.492028,8
-20.35,38587.97,11.09,7438.56,-0.21,-1.14,-0.84,-19.94,20.98,-3.54,-5.24,-6.43,-6.07,-27.588731,-48.492008,9
-20.33,38607.22,10.77,7435.06,-0.12,0.41,-1.38,-14.89,28.79,-1.96,-2.67,6.28,-0.32,-27.588722,-48.491987,7
-20.31,38626.47,10.27,7431.56,-0.90,0.31,-0.13,1.29,30.18,-1.99,-0.92,2.89,4.93,-27.588713,-48.491967,8
-20.28,38645.73,10.24,7428.06,0.09,-0.91,-0.43,14.23,27.78,3.54,5.84,1.23,4.93,-27.588704,-48.491947,8
-20.26,38665.00,11.28,7424.56,0.30,0.39,0.38,21.46,23.36,-0.45,7.55,-1.75,3.36,-27.588695,-48.491927,8
-20.24,38684.28,11.05,7421.06,-0.25,0.08,0.31,32.85,8.92,5.29,-0.79,-5.37,-7.13,-27.588686,-48.491906,10
-20.21,38703.56,8.71,7417.56,0.42,-1.08,0.20,28.30,-0.35,11.41,-3.74,-2.40,-4.95,-27.588677,-48.491886,7
-20.19,38722.85,11.75,7414.06,0.23,0.27,-0.38,28.46,-11.93,10.86,-5.38,3.56,-2.04,-27.588668,-48.491866,6
-20.17,38742.15,10.73,7410.56,0.73,0.59,-0.20,22.65,-23.91,8.73,-7.09,5.84,2.33,-27.588659,-48.491846,10
-20.15,38761.46,8.42,7407.06,-0.15,-0.05,0.05,7.05,-29.07,12.37,4.34,2.11,6.63,-27.588650,-48.491825,6
-20.12,38780.77,9.33,7403.56,1.09,0.41,-0.08,-3.96,-29.18,5.73,6.55,-4.17,5.38,-27.588641,-48.491805,9
-20.10,38800.10,11.75,7400.06,-0.08,-0.12,-0.27,-13.30,-25.86,7.56,-0.28,-3.34,0.86,-27.588632,-48.491785,8
-20.08,38819.43,10.72,7396.56,0.09,0.18,0.70,-23.16,-21.64,7.72,-0.19,0.48,-0.93,-27.588623,-48.491764,10
-20.05,38838.76,9.61,7393.06,-0.63,-0.54,0.43,-30.75,-11.22,7.51,-4.65,5.46,-3.14,-27.588614,-48.491744,7
-20.03,38858.11,13.62,7389.56,0.29,-0.48,0.02,-30.48,4.03,5.02,-2.03,6.56,-3.52,-27.588605,-48.491724,10
-20.01,38877.47,11.78,7386.06,0.13,-0.63,-0.48,-27.26,13.94,7.85,0.75,-2.31,-0.07,-27.588596,-48.491704,9
-19.99,38896.83,11.57,7382.56,-0.12,-0.53,-0.12,-19.70,23.66,4.88,4.09,-3.66,4.25,-27.588587,-48.491683,7
-19.96,38916.20,10.75,7379.06,-0.19,0.84,0.46,-7.28,30.99,0.68,6.17,-1.20,8.23,-27.588578,-48.491663,8
-19.94,38935.57,12.12,7375.56,-0.06,-0.26,-0.84,7.16,28.99,-0.83,-0.60,0.82,1.52,-27.588569,-48.491643,7
-19.92,38954.96,10.60,7372.06,-0.07,0.23,0.39,14.26,25.27,-3.09,-7.39,5.98,-4.14,-27.588560,-48.491623,6
-19.90,38974.35,11.18,7368.56,0.05,0.13,-0.69,26.98,22.11,-2.84,-5.13,2.45,-7.34,-27.588551,-48.491602,10
-19.87,38993.75,10.39,7365.06,-0.61,0.47,0.80,26.51,7.70,-10.33,0.83,-2.84,-0.69,-27.588542,-48.491582,8
-19.85,39013.16,11.43,7361.56,-0.08,0.27,-0.01,25.48,-3.40,-8.96,6.77,-5.56,1.34,-27.588533,-48.491562,9
-19.83,39032.58,11.38,7358.06,-0.73,0.06,0.50,25.59,-17.36,-6.05,3.02,-3.91,4.91,-27.588524,-48.491541,6
-19.80,39052.00,11.70,7354.56,-0.65,-0.05,0.30,15.38,-25.43,-9.07,-0.90,3.13,6.01,-27.588515,-48.491521,9
-19.78,39071.44,12.58,7351.06,-0.31,0.77,-0.19,6.07,-27.55,-10.82,-3.35,6.29,0.04,-27.588506,-48.491501,8
-19.76,39090.88,11.16,7347.56,-0.56,0.42,0.70,-4.81,-33.56,-13.54,-4.69,-1.53,0.00,-27.588497,-48.491481,10
-19.74,39110.32,10.84,7344.06,-0.39,1.08,0.02,-18.42,-23.75,-8.31,-0.77,-5.88,-2.35,-27.588488,-48.491460,10
-19.71,39129.78,11.13,7340.56,0.81,-0.22,0.08,-26.55,-18.06,-11.04,1.94,-4.73,-4.35,-27.588479,-48.491440,7
-19.69,39149.24,11.64,7337.06,0.96,0.55,0.26,-28.87,-4.88,-6.29,4.55,0.10,0.27,-27.588470,-48.491420,6
-19.67,39168.71,12.03,7333.56,0.19,-0.23,-0.99,-27.65,8.36,-11.53,3.48,5.46,2.19,-27.588461,-48.491400,7
-19.65,39188.19,11.49,7330.06,-0.17,0.17,-0.06,-25.53,17.45,-4.05,-5.46,6.49,2.07,-27.588452,-48.491379,6
-19.62,39207.68,13.22,7326.56,0.39,-0.35,-0.17,-9.98,21.33,-3.27,-1.70,-3.68,-0.25,-27.588443,-48.491359,10
-19.60,39227.17,11.43,7323.06,-0.45,-0.18,0.10,-7.07,28.89,-0.47,-2.83,-1.39,-4.64,-27.588434,-48.491339,7
-19.58,39246.68,12.11,7319.56,-0.21,-0.42,-0.16,3.21,34.78,1.23,3.52,-2.98,-0.79,-27.588425,-48.491318,6
-19.55,39266.19,11.98,7316.06,-0.59,0.06,0.29,17.41,22.84,1.42,4.11,-3.41,-0.28,-27.588416,-48.491298,6
-19.53,39285.71,11.59,7312.56,0.86,0.33,0.11,26.96,15.49,3.02,2.46,8.61,1.69,-27.588407,-48.491278,7
-19.51,39305.23,12.01,7309.06,-0.01,0.25,0.62,32.06,4.36,8.83,-1.69,5.26,1.20,-27.588398,-48.491258,6
-19.49,39324.77,12.83,7305.56,-0.12,-0.15,-0.27,34.53,-9.01,5.46,-5.16,-0.78,5.15,-27.588389,-48.491237,7
-19.46,39344.31,12.58,7302.06,-0.15,0.03,0.08,23.69,-17.37,4.74,-3.96,-4.96,0.11,-27.588380,-48.491217,7
-19.44,39363.86,11.46,7298.56,0.24,0.23,-0.14,12.18,-26.92,9.42,0.27,-4.05,-3.37,-27.588371,-48.491197,8
-19.42,39383.42,10.55,7295.06,0.41,-0.07,-0.54,1.19,-33.85,9.88,6.75,3.55,-7.47,-27.588362,-48.491177,9
-19.40,39402.98,11.66,7291.56,-0.02,-0.49,-0.43,-8.05,-28.48,10.73,3.74,5.70,-3.60,-27.588353,-48.491156,6
-19.37,39422.56,14.08,7288.06,0.23,-0.13,-0.86,-22.74,-25.27,6.88,-2.88,1.00,-0.21,-27.588344,-48.491136,6
-19.35,39442.14,9.91,7284.56,-0.04,-0.01,-0.27,-28.08,-11.87,10.29,-3.93,-4.99,3.26,-27.588335,-48.491116,6
-19.33,39461.73,11.36,7281.06,-0.14,0.30,0.19,-31.10,-3.79,7.26,-7.02,-6.58,3.22,-27.588326,-48.491095,9
-19.30,39481.32,10.84,7277.56,-0.87,-0.66,0.65,-28.69,12.21,5.57,0.27,0.50,1.69,-27.588317,-48.491075,8
-19.28,39500.93,10.86,7274.06,-0.76,0.84,0.35,-19.46,20.56,2.99,3.74,7.85,-4.29,-27.588308,-48.491055,10
-19.26,39520.54,12.00,7270.56,0.83,-0.18,-0.45,-10.44,25.77,3.11,5.80,2.85,-9.33,-27.588299,-48.491035,8
-19.24,39540.16,13.04,7267.06,-0.45,0.48,0.25,1.35,30.92,-4.51,0.10,1.15,-3.60,-27.588291,-48.491014,8
-19.21,39559.79,11.15,7263.56,0.11,0.58,-0.28,9.68,27.15,-2.50,-1.00,-4.53,1.12,-27.588282,-48.490994,7
-19.19,39579.43,12.03,7260.06,0.26,-0.22,-0.60,23.73,24.65,-2.96,-3.14,-4.56,4.66,-27.588273,-48.490974,6
-19.17,39599.07,13.82,7256.56,0.33,0.52,0.82,25.81,11.12,-5.54,0.61,-1.89,4.90,-27.588264,-48.490954,6
-19.14,39618.72,12.30,7253.06,-0.02,0.28,-0.04,29.17,-1.47,-8.67,2.66,12.39,1.55,-27.588255,-48.490933,9
-19.12,39638.38,10.82,7249.56,-0.65,-0.51,0.80,27.04,-9.87,-8.68,5.12,5.57,-2.91,-27.588246,-48.490913,9
-19.10,39658.05,10.58,7246.06,0.52,-0.78,0.17,20.46,-22.34,-13.67,0.74,-3.37,-5.57,-27.588237,-48.490893,10
-19.08,39677.73,11.35,7242.56,0.88,-0.29,0.91,14.12,-28.67,-7.97,0.42,-5.51,-0.57,-27.588228,-48.490872,8
-19.05,39697.41,13.94,7239.06,0.44,0.61,-0.08,1.14,-29.12,-9.52,-4.39,0.28,0.36,-27.588219,-48.490852,9
-19.03,39717.10,9.92,7235.56,0.69,0.54,0.81,-13.35,-27.13,-7.36,-2.47,-0.17,7.05,-27.588210,-48.490832,6
-19.01,39736.80,12.34,7232.06,0.66,0.11,0.73,-19.73,-22.74,-5.74,1.02,5.64,6.12,-27.588201,-48.490812,9
-18.99,39756.51,12.81,7228.56,0.13,0.05,-0.12,-28.56,-10.01,-8.34,7.03,3.26,1.78,-27.588192,-48.490791,9
-18.96,39776.23,13.29,7225.06,0.88,1.04,-0.31,-30.22,3.48,-10.59,9.99,0.03,-1.48,-27.588183,-48.490771,8
-18.94,39795.95,10.92,7221.56,-0.28,0.21,1.24,-27.30,14.77,-2.94,-2.26,-7.57,-3.37,-27.588174,-48.490751,8
-18.92,39815.68,11.08,7218.06,-0.47,0.30,-0.80,-17.87,22.53,-0.81,-2.97,-1.72,-2.05,-27.588165,-48.490731,6
-18.89,39835.42,12.29,7214.56,0.14,0.25,0.13,-10.86,27.11,-1.20,-2.38,5.90,0.43,-27.588156,-48.490710,10
-18.87,39855.17,10.83,7211.06,0.28,0.14,0.84,3.17,29.52,2.49,-0.04,7.90,6.05,-27.588147,-48.490690,8
-18.85,39874.92,14.27,7207.56,0.28,0.10,-0.54,13.37,25.87,3.43,7.66,1.60,5.38,-27.588138,-48.490670,8
-18.83,39894.69,12.88,7204.06,0.30,0.86,0.08,30.25,16.43,5.44,5.05,-6.63,0.63,-27.588129,-48.490649,10
-18.80,39914.46,13.14,7200.56,0.11,0.13,-0.08,23.56,7.35,6.06,0.69,-6.50,0.25,-27.588120,-48.490629,7
-18.78,39934.24,11.72,7197.06,-0.23,-0.07,-0.37,27.60,-7.76,10.11,-5.79,1.98,-7.07,-27.588111,-48.490609,6
-18.76,39954.02,10.91,7193.56,-0.38,-0.32,0.11,26.78,-13.42,8.06,-8.28,8.30,-0.63,-27.588102,-48.490589,8
-18.74,39973.82,12.80,7190.06,0.75,0.76,0.46,18.98,-22.72,6.39,2.67,9.75,2.14,-27.588093,-48.490568,6
-18.71,39993.62,12.29,7186.56,1.01,-0.54,0.01,7.45,-29.06,11.84,5.01,1.52,7.19,-27.588084,-48.490548,6
-18.69,40013.43,12.87,7183.06,0.42,-0.51,0.14,-5.94,-31.01,8.44,6.97,-7.03,5.64,-27.588075,-48.490528,8
-18.67,40033.25,12.73,7179.56,0.22,-0.24,0.52,-12.46,-27.27,8.02,5.06,-5.02,0.68,-27.588066,-48.490507,8
-18.64,40053.08,12.46,7176.06,0.32,0.85,0.05,-23.20,-16.27,10.46,-2.55,4.25,-3.09,-27.588057,-48.490487,9
-18.62,40072.91,13.26,7172.56,0.29,0.36,0.79,-27.90,-6.39,6.78,-2.13,7.01,-6.36,-27.588048,-48.490467,7
-18.60,40092.75,14.28,7169.06,-1.02,0.04,0.51,-25.79,7.34,3.26,-2.01,5.59,-5.16,-27.588039,-48.490447,7
-18.58,40112.60,12.71,7165.56,1.05,-0.52,-0.60,-28.42,14.32,5.72,1.25,-1.12,0.93,-27.588030,-48.490426,6
-18.55,40132.46,11.86,7162.06,-0.59,-0.06,-0.60,-14.50,28.30,3.62,6.77,-9.55,4.65,-27.588021,-48.490406,9
-18.53,40152.33,11.32,7158.56,0.11,0.40,0.62,-3.25,26.64,-3.29,4.18,1.17,8.17,-27.588012,-48.490386,8
-18.51,40172.20,11.59,7155.06,1.17,-0.08,-0.06,4.20,26.77,3.70,0.01,3.13,0.81,-27.588003,-48.490366,8
-18.49,40192.09,12.30,7151.56,0.06,-0.10,-0.03,16.28,22.07,-0.71,-4.05,3.27,-4.89,-27.587994,-48.490345,8
-18.46,40211.98,11.33,7148.06,-0.78,-0.45,0.38,25.90,16.68,-5.61,-4.41,2.66,-5.54,-27.587985,-48.490325,8
-18.44,40231.87,13.68,7144.56,0.27,1.14,0.46,31.05,4.46,-5.41,3.05,-2.11,-0.09,-27.587976,-48.490305,10
-18.42,40251.78,14.54,7141.06,1.32,0.56,-0.61,27.58,-3.75,-9.42,8.84,-5.56,2.86,-27.587967,-48.490284,7
-18.39,40271.70,11.64,7137.56,-0.36,0.55,-0.55,24.95,-17.47,-5.80,3.68,-1.78,5.63,-27.587958,-48.490264,9
-18.37,40291.62,13.42,7134.06,-0.16,-0.22,0.25,14.38,-26.25,-6.02,-5.94,-0.29,4.39,-27.587949,-48.490244,9
-18.35,40311.55,12.18,7130.56,0.39,0.56,0.12,7.06,-35.96,-10.95,-6.14,3.78,0.23,-27.587940,-48.490224,7
-18.33,40331.49,13.89,7127.06,0.35,-0.39,-0.38,-4.12,-31.74,-12.00,-7.21,-0.02,-2.92,-27.587931,-48.490203,10
-18.30,40351.43,12.34,7123.56,-0.63,0.41,-0.11,-15.78,-24.10,-6.70,1.61,-4.26,-7.24,-27.587922,-48.490183,10
-18.28,40371.39,13.38,7120.06,0.16,-0.56,0.16,-27.57,-16.32,-8.47,4.53,-2.24,-2.19,-27.587913,-48.490163,6
-18.26,40391.35,12.98,7116.56,-0.42,-0.51,0.34,-29.46,-3.14,-10.44,5.11,-0.93,1.97,-27.587904,-48.490143,7
-18.23,40411.32,13.30,7113.06,-0.12,-0.17,0.18,-27.77,11.54,-10.20,2.80,2.46,6.17,-27.587895,-48.490122,9
-18.21,40431.30,13.49,7109.56,-0.17,-0.02,0.46,-23.54,22.46,-4.59,-4.37,4.61,3.95,-27.587886,-48.490102,6
-18.19,40451.28,13.03,7106.06,0.49,-0.29,0.18,-13.32,23.98,-2.45,-5.54,-1.31,-2.58,-27.587877,-48.490082,10
-18.17,40471.28,12.61,7102.56,0.49,-0.08,-0.02,-4.76,28.89,2.35,-0.44,-4.18,-5.40,-27.587868,-48.490061,8
-18.14,40491.28,14.99,7099.06,0.23,-0.13,0.34,6.71,27.66,4.15,6.70,-2.11,-4.00,-27.587859,-48.490041,7
-18.12,40511.29,13.84,7095.56,-0.60,-0.45,0.19,20.76,24.71,5.44,4.05,2.01,-3.85,-27.587850,-48.490021,8
-18.10,40531.31,12.27,7092.06,-0.61,0.47,0.18,25.96,14.38,3.71,2.52,5.62,0.77,-27.587841,-48.490001,9
-18.08,40551.33,14.38,7088.56,0.23,0.39,0.91,27.97,5.12,3.17,-1.08,5.68,3.95,-27.587832,-48.489980,6
-18.05,40571.37,13.73,7085.06,-0.30,0.38,0.33,31.43,-7.81,8.84,-6.81,-2.42,5.71,-27.587823,-48.489960,7
-18.03,40591.41,12.45,7081.56,-0.57,0.15,0.03,20.46,-16.12,10.41,-2.47,-8.72,0.97,-27.587814,-48.489940,7
-18.01,40611.46,13.70,7078.06,0.71,0.52,-0.40,9.83,-31.98,6.84,4.47,-0.26,-2.57,-27.587805,-48.489920,6
-17.98,40631.52,12.09,7074.56,1.32,-0.02,0.34,3.09,-29.63,11.78,6.57,5.47,-4.79,-27.587796,-48.489899,9
-17.96,40651.58,13.31,7071.06,0.71,-0.23,0.31,-9.84,-29.27,7.39,4.01,5.56,-0.44,-27.587787,-48.489879,7
-17.94,40671.66,12.19,7067.56,-0.05,-1.16,-0.52,-19.45,-19.96,4.50,-3.13,-1.46,1.87,-27.587778,-48.489859,9
-17.92,40691.74,14.09,7064.06,0.42,-0.31,0.66,-26.90,-15.46,9.60,-7.12,-0.83,7.32,-27.587769,-48.489838,6
-17.89,40711.83,15.35,7060.56,-0.17,-0.59,0.23,-34.64,-0.81,6.21,-3.82,-5.58,2.64,-27.587761,-48.489818,6
-17.87,40731.93,13.01,7057.06,0.45,-0.36,-0.03,-28.02,10.73,7.69,1.45,-0.77,-1.08,-27.587752,-48.489798,8
-17.85,40752.03,13.55,7053.56,0.21,-0.42,0.01,-22.38,21.03,4.43,3.21,2.79,-0.86,-27.587743,-48.489778,7
-17.83,40772.15,14.93,7050.06,0.48,-0.50,-0.01,-7.76,29.67,3.73,4.43,2.43,-6.25,-27.587734,-48.489757,8
-17.80,40792.27,12.78,7046.56,0.49,0.22,1.06,-0.91,29.57,0.32,0.59,-3.12,-0.49,-27.587725,-48.489737,10
-17.78,40812.40,13.08,7043.06,0.59,0.04,-0.70,10.80,29.55,-0.02,-4.39,-5.89,1.20,-27.587716,-48.489717,10
-17.76,40832.54,13.60,7039.56,0.48,0.15,0.11,20.76,23.64,-2.54,-5.34,-2.83,6.39,-27.587707,-48.489697,9
-17.73,40852.69,12.72,7036.06,-0.13,-0.71,-0.14,31.24,9.13,-5.53,-2.70,3.44,5.57,-27.587698,-48.489676,7
-17.71,40872.84,14.47,7032.56,-0.60,0.31,-0.12,32.06,-2.25,-10.37,4.90,6.21,1.21,-27.587689,-48.489656,8
-17.69,40893.00,14.21,7029.06,-0.32,-0.93,0.40,22.76,-10.53,-5.77,5.01,0.15,-3.22,-27.587680,-48.489636,8
-17.67,40913.18,13.51,7025.56,-0.31,-0.29,-0.24,19.70,-23.77,-6.78,-2.05,-3.31,-5.86,-27.587671,-48.489615,6
-17.64,40933.35,14.00,7022.06,0.33,1.07,-0.02,9.20,-28.00,-11.80,-5.06,-7.48,-1.34,-27.587662,-48.489595,8
-17.62,40953.54,13.11,7018.56,0.20,0.03,-0.29,-4.19,-26.94,-13.38,-7.32,-1.79,6.78,-27.587653,-48.489575,9
-17.60,40973.74,15.49,7015.06,0.05,-0.27,-0.30,-12.16,-24.35,-7.81,-0.74,2.43,2.77,-27.587644,-48.489555,6
-17.58,40993.94,13.02,7011.56,0.25,0.30,0.42,-23.74,-16.18,-7.77,4.15,4.81,5.17,-27.587635,-48.489534,7
-17.55,41014.15,15.90,7008.06,0.83,-0.53,-0.56,-33.67,-7.10,-7.91,5.49,1.42,-1.09,-27.587626,-48.489514,6
-17.53,41034.37,14.69,7004.56,-0.12,0.26,0.06,-29.09,1.91,-3.99,0.84,-5.84,-5.57,-27.587617,-48.489494,6
-17.51,41054.60,13.45,7001.06,0.18,0.68,-0.04,-25.61,13.79,-3.35,-3.78,-7.04,-6.75,-27.587608,-48.489474,9
-17.48,41074.83,14.12,6997.56,0.12,0.77,-0.31,-17.23,23.12,0.13,-9.19,-0.56,-4.99,-27.587599,-48.489453,10
-17.46,41095.07,13.45,6994.06,0.37,1.25,0.38,-9.16,31.41,-6.24,-2.15,7.06,3.26,-27.587590,-48.489433,8
-17.44,41115.33,12.46,6990.56,-0.09,0.29,-0.40,0.24,25.81,2.77,2.73,4.77,3.69,-27.587581,-48.489413,6
-17.42,41135.58,14.17,6987.06,-0.15,0.06,0.20,13.98,28.09,2.30,2.16,-1.14,2.63,-27.587572,-48.489392,7
-17.39,41155.85,14.50,6983.56,-0.78,0.61,0.15,21.56,17.95,3.76,1.95,-4.22,-2.05,-27.587563,-48.489372,6
-17.37,41176.13,14.81,6980.06,-0.50,-0.13,1.20,28.82,9.73,8.06,-2.22,-5.35,-4.66,-27.587554,-48.489352,10
-17.35,41196.41,14.68,6976.56,0.54,0.77,0.38,28.08,-3.03,8.88,-3.78,0.38,-8.40,-27.587545,-48.489332,7
-17.32,41216.70,14.43,6973.06,-0.30,-0.43,-0.70,25.24,-18.09,10.32,-2.90,10.05,-2.54,-27.587536,-48.489311,9
-17.30,41237.00,14.89,6969.56,-0.37,-0.14,-0.40,14.37,-21.50,12.21,0.85,0.29,4.35,-27.587527,-48.489291,9
-17.28,41257.31,14.44,6966.06,0.55,-1.34,-0.25,1.46,-32.86,8.24,5.65,-0.99,4.67,-27.587518,-48.489271,10
-17.26,41277.63,14.25,6962.56,0.08,0.19,0.12,-5.03,-28.81,7.52,5.61,-8.82,6.58,-27.587509,-48.489251,7
-17.23,41297.95,15.14,6959.06,0.46,0.17,-1.59,-19.33,-26.99,8.01,2.81,-4.25,-2.48,-27.587500,-48.489230,6
-17.21,41318.28,14.01,6955.56,-0.56,-0.83,-0.09,-23.68,-14.75,8.84,-7.17,-0.17,-1.61,-27.587491,-48.489210,9
-17.19,41338.62,16.14,6952.06,-0.28,-0.03,0.24,-29.97,-3.11,9.14,-6.92,5.79,-6.02,-27.587482,-48.489190,7
-17.17,41358.97,15.12,6948.56,-0.36,0.07,0.81,-29.37,6.81,7.83,-2.52,2.98,-1.68,-27.587473,-48.489169,6
-17.14,41379.33,13.88,6945.06,-0.81,-0.78,-0.42,-20.53,20.82,2.45,0.67,-5.62,2.02,-27.587464,-48.489149,7
-17.12,41399.69,15.74,6941.56,0.48,-0.07,0.29,-15.38,23.04,0.26,9.51,-7.66,8.37,-27.587455,-48.489129,6
-17.10,41420.07,14.90,6938.06,-0.91,-0.59,-0.32,-7.30,31.14,-1.01,0.48,-2.74,1.19,-27.587446,-48.489109,7
-17.07,41440.45,15.97,6934.56,0.51,0.27,0.63,6.55,24.71,-1.54,-5.14,5.57,-0.08,-27.587437,-48.489088,6
-17.05,41460.84,14.06,6931.06,-0.25,0.04,0.34,18.82,21.19,-7.17,-6.99,8.38,-1.54,-27.587428,-48.489068,6
-17.03,41481.23,13.88,6927.56,-0.59,0.34,-0.77,22.72,13.47,-5.93,-2.13,2.43,-8.11,-27.587419,-48.489048,7
-17.01,41501.64,14.95,6924.06,-0.25,-0.30,0.12,25.67,2.73,-6.93,3.26,-6.82,-4.35,-27.587410,-48.489028,8
-16.98,41522.05,14.57,6920.56,0.36,0.15,0.23,28.56,-8.01,-7.94,6.57,-4.02,3.21,-27.587401,-48.489007,9
-16.96,41542.47,14.52,6917.06,0.41,-0.94,0.70,24.68,-17.89,-5.86,2.43,2.01,4.29,-27.587392,-48.488987,8
-16.94,41562.90,13.57,6913.56,0.11,0.19,0.47,12.22,-27.82,-6.80,-3.60,7.40,2.99,-27.587383,-48.488967,8
-16.92,41583.34,15.19,6910.06,0.25,-0.70,0.25,2.06,-29.95,-10.70,-5.74,4.93,-0.78,-27.587374,-48.488946,8
-16.89,41603.79,14.97,6906.56,0.36,-0.36,-0.34,-9.74,-26.96,-10.44,-3.64,2.26,-5.05,-27.587365,-48.488926,6
-16.87,41624.24,15.57,6903.06,0.46,-0.99,-0.41,-21.07,-25.55,-10.00,-0.15,-11.22,-6.06,-27.587356,-48.488906,10
-16.85,41644.70,15.97,6899.56,-0.65,0.25,0.17,-26.09,-19.14,-11.02,1.20,-2.88,0.61,-27.587347,-48.488886,6
-16.82,41665.17,16.02,6896.06,-0.15,0.02,0.12,-29.97,-0.18,-9.22,3.39,-0.95,1.73,-27.587338,-48.488865,9
-16.80,41685.65,15.31,6892.56,0.27,-0.44,0.97,-28.16,11.65,-5.75,-1.60,4.06,8.94,-27.587329,-48.488845,10
-16.78,41706.14,15.59,6889.06,-0.01,-0.85,0.18,-22.73,23.09,-1.12,-6.18,3.13,8.07,-27.587320,-48.488825,6
-16.76,41726.63,16.07,6885.56,-0.01,0.31,0.23,-11.26,28.58,-1.64,-7.48,-0.68,-1.07,-27.587311,-48.488805,10
-16.73,41747.14,15.34,6882.06,-0.58,1.02,-0.31,0.65,29.80,-2.30,-2.21,-4.58,-5.27,-27.587302,-48.488784,10
-16.71,41767.65,14.81,6878.56,0.06,0.73,0.23,11.86,26.84,-0.55,3.35,-0.77,-7.30,-27.587293,-48.488764,6
-16.69,41788.17,14.65,6875.06,-0.13,0.08,0.84,20.69,18.89,3.84,4.37,2.02,-0.04,-27.587284,-48.488744,9
-16.67,41808.69,14.58,6871.56,0.09,0.12,0.23,29.25,14.20,6.70,0.97,6.04,5.27,-27.587275,-48.488723,6
-16.64,41829.23,14.54,6868.06,0.36,-1.33,-0.21,29.63,1.12,6.03,-4.29,-1.31,1.01,-27.587266,-48.488703,10
-16.62,41849.77,15.89,6864.56,-0.29,0.31,0.16,33.28,-9.77,8.38,-5.20,-5.78,4.02,-27.587257,-48.488683,6
-16.60,41870.33,14.21,6861.06,0.07,-0.49,0.21,20.43,-25.03,6.01,-4.92,-4.08,0.22,-27.587248,-48.488663,9
-16.57,41890.89,14.85,6857.56,0.39,-0.50,-0.80,8.32,-27.33,8.81,6.98,-0.62,-5.34,-27.587239,-48.488642,10
-16.55,41911.45,13.81,6854.06,-0.16,0.19,0.72,-0.43,-30.68,9.41,3.74,4.86,-4.56,-27.587231,-48.488622,7
-16.53,41932.03,15.76,6850.56,0.54,0.58,0.03,-12.01,-26.75,10.52,4.34,4.35,-1.12,-27.587222,-48.488602,7
-16.51,41952.62,14.33,6847.06,-0.48,0.56,0.23,-26.60,-19.45,11.42,-2.77,1.64,6.07,-27.587213,-48.488582,7
-16.48,41973.21,14.97,6843.56,0.37,-0.03,-0.36,-28.86,-8.18,8.17,-6.15,-8.01,7.49,-27.587204,-48.488561,10
-16.46,41993.81,14.38,6840.06,0.55,0.32,0.39,-30.85,1.44,7.71,-2.91,-8.92,2.97,-27.587195,-48.488541,8
-16.44,42014.42,13.67,6836.56,0.42,0.30,-0.32,-25.81,15.28,0.30,2.90,-0.88,1.85,-27.587186,-48.488521,9
-16.41,42035.04,15.15,6833.06,0.19,0.50,-1.12,-21.24,18.77,2.74,6.12,7.15,-7.20,-27.587177,-48.488500,6
-16.39,42055.66,15.53,6829.56,-0.04,-0.68,0.10,-8.95,27.43,-0.14,3.23,4.46,-7.61,-27.587168,-48.488480,9
-16.37,42076.30,16.00,6826.06,-0.18,-0.94,0.29,3.06,32.99,-0.21,-1.79,-2.33,-2.70,-27.587159,-48.488460,6
-16.35,42096.94,13.08,6822.56,0.15,1.29,-1.14,13.59,26.74,-4.59,-5.19,-3.39,1.25,-27.587150,-48.488440,6
-16.32,42117.59,17.28,6819.06,0.47,-0.62,0.93,24.63,19.33,-4.70,-5.42,-3.63,8.05,-27.587141,-48.488419,6
-16.30,42138.25,15.26,6815.56,0.30,0.32,-0.42,33.14,9.40,-5.14,-0.32,2.78,1.12,-27.587132,-48.488399,7
-16.28,42158.91,14.83,6812.06,0.42,-0.37,-0.23,27.94,-2.96,-8.69,7.27,6.98,1.18,-27.587123,-48.488379,8
-16.26,42179.59,15.62,6808.56,-0.16,0.14,-0.44,29.26,-15.68,-5.36,7.01,1.81,-3.27,-27.587114,-48.488359,8
-16.23,42200.27,16.57,6805.06,0.15,0.03,-0.81,17.06,-26.02,-9.11,-1.89,-0.02,-4.81,-27.587105,-48.488338,8
-16.21,42220.96,15.10,6801.56,0.41,0.36,1.25,8.81,-25.47,-9.28,-5.00,-1.80,-0.11,-27.587096,-48.488318,8
-16.19,42241.66,15.41,6798.06,0.84,0.48,0.51,-5.01,-29.47,-7.17,-7.13,-0.69,4.68,-27.587087,-48.488298,8
-16.16,42262.37,15.65,6794.56,0.01,0.14,-1.00,-14.32,-26.66,-9.38,-0.47,0.45,5.43,-27.587078,-48.488277,10
-16.14,42283.08,16.42,6791.06,0.01,0.05,-0.77,-21.34,-20.12,-6.74,4.43,6.12,3.73,-27.587069,-48.488257,10
-16.12,42303.81,15.46,6787.56,0.04,-0.42,0.07,-29.21,-4.41,-8.27,2.85,-1.02,-2.57,-27.587060,-48.488237,6
-16.10,42324.54,16.46,6784.06,-0.09,0.14,0.41,-26.53,6.89,-5.69,1.44,-2.52,-2.90,-27.587051,-48.488217,10
-16.07,42345.28,13.81,6780.56,0.10,0.37,-0.17,-26.97,18.80,-6.36,-5.59,-6.54,-5.05,-27.587042,-48.488196,7
-16.05,42366.03,15.88,6777.06,-0.74,-0.20,-0.30,-18.36,24.19,-3.02,-8.25,-1.04,-0.37,-27.587033,-48.488176,9
-16.03,42386.79,15.56,6773.56,0.09,-0.16,-0.10,-6.83,27.55,2.63,-4.30,4.74,4.72,-27.587024,-48.488156,10
-16.01,42407.55,16.25,6770.06,0.93,-1.04,-0.20,7.06,31.51,1.38,7.21,1.49,7.55,-27.587015,-48.488136,10
-15.98,42428.33,17.28,6766.56,-0.21,0.43,-1.36,17.74,26.22,1.35,8.76,0.85,2.91,-27.587006,-48.488115,7
-15.96,42449.11,13.97,6763.06,0.01,-0.55,0.41,22.97,17.16,3.66,7.41,-6.02,-1.63,-27.586997,-48.488095,9
-15.94,42469.90,14.86,6759.56,-0.67,-0.64,0.09,30.59,4.17,9.78,-2.73,-5.95,-5.31,-27.586988,-48.488075,10
-15.91,42490.70,16.25,6756.06,-1.48,-0.52,-0.77,27.15,-6.49,8.59,-3.84,0.55,-6.62,-27.586979,-48.488054,7
-15.89,42511.50,16.85,6752.56,-0.35,0.59,-0.37,22.14,-17.87,6.03,-4.60,6.53,-4.81,-27.586970,-48.488034,10
-15.87,42532.32,15.53,6749.06,0.40,-0.53,-0.64,13.88,-22.47,8.31,4.85,0.97,2.98,-27.586961,-48.488014,10
-15.85,42553.14,16.03,6745.56,-0.33,-0.60,0.08,2.91,-28.32,9.47,7.00,-3.03,8.96,-27.586952,-48.487994,7
-15.82,42573.97,14.72,6742.06,-0.47,-0.10,-0.54,-11.28,-26.42,9.42,1.59,-3.28,0.49,-27.586943,-48.487973,6
-15.80,42594.81,17.28,6738.56,0.11,0.28,-0.70,-21.29,-24.09,8.02,-1.89,-4.48,0.23,-27.586934,-48.487953,10
-15.78,42615.66,17.32,6735.06,0.31,-0.16,-0.24,-27.79,-13.23,8.74,-6.32,0.93,-6.26,-27.586925,-48.487933,8
-15.76,42636.51,15.95,6731.56,-0.09,-0.20,-0.11,-27.70,2.00,4.86,-4.12,5.29,-4.88,-27.586916,-48.487913,10
-15.73,42657.38,15.80,6728.06,0.04,-1.38,0.38,-28.01,9.41,4.33,-1.24,0.15,-0.99,-27.586907,-48.487892,7
-15.71,42678.25,15.70,6724.56,-0.04,0.50,0.10,-20.95,21.44,7.81,5.27,-4.71,5.86,-27.586898,-48.487872,6
-15.69,42699.13,16.21,6721.06,-0.33,-0.13,0.29,-12.82,28.74,2.74,4.48,-4.28,9.19,-27.586889,-48.487852,10
-15.66,42720.02,15.62,6717.56,0.25,0.10,0.06,-0.89,29.31,-1.19,3.35,0.51,7.07,-27.586880,-48.487831,9
-15.64,42740.92,16.77,6714.06,0.41,0.96,0.34,8.01,25.50,-3.45,-5.46,3.30,-3.27,-27.586871,-48.487811,10
-15.62,42761.82,17.36,6710.56,-0.39,-0.42,-0.57,22.09,21.32,-7.57,-7.02,9.68,-6.01,-27.586862,-48.487791,6
-15.60,42782.74,16.04,6707.06,1.16,-0.19,0.45,26.98,10.51,-3.82,-2.10,-2.33,-4.70,-27.586853,-48.487771,8
-15.57,42803.66,17.94,6703.56,0.24,0.59,-0.04,36.00,1.35,-4.38,4.04,-8.27,-3.93,-27.586844,-48.487750,7
-15.55,42824.59,15.48,6700.06,-0.55,-0.27,-0.34,30.05,-10.62,-8.44,3.12,-4.02,2.34,-27.586835,-48.487730,8
-15.53,42845.53,15.36,6696.56,-0.34,0.11,-0.01,24.61,-22.97,-8.26,-1.64,0.94,4.73,-27.586826,-48.487710,9
-15.50,42866.48,15.29,6693.06,0.67,0.62,-0.83,8.95,-30.71,-10.31,-4.58,7.66,1.61,-27.586817,-48.487690,8
-15.48,42887.43,17.50,6689.56,0.25,-0.47,0.07,2.05,-29.51,-9.33,-5.63,4.83,-1.67,-27.586808,-48.487669,8
-15.46,42908.40,16.01,6686.06,-0.37,1.12,0.50,-14.47,-28.31,-10.08,-3.03,-2.28,-2.06,-27.586799,-48.487649,10
-15.44,42929.37,17.34,6682.56,0.04,-0.48,0.28,-23.88,-23.00,-11.23,3.01,-4.69,-3.51,-27.586790,-48.487629,10
-15.41,42950.35,16.52,6679.06,0.32,-0.38,0.54,-29.93,-12.62,-7.58,9.34,-4.93,-0.82,-27.586781,-48.487608,6
-15.39,42971.34,16.50,6675.56,-0.05,-0.35,-0.46,-33.11,-1.86,-5.58,5.29,2.24,5.02,-27.586772,-48.487588,7
-15.37,42992.33,17.42,6672.06,0.11,-0.19,-0.56,-26.61,13.68,-4.51,-1.70,5.18,5.44,-27.586763,-48.487568,7
-15.35,43013.34,16.82,6668.56,0.06,0.77,0.38,-19.05,23.11,-5.29,-5.34,3.74,3.37,-27.586754,-48.487548,9
-15.32,43034.35,16.50,6665.06,0.15,0.26,0.32,-13.49,30.50,-1.98,-2.96,-1.95,-0.60,-27.586745,-48.487527,6
-15.30,43055.37,16.81,6661.56,0.13,-0.11,-0.10,0.93,30.64,3.18,2.16,-2.41,-9.89,-27.586736,-48.487507,10
-15.28,43076.40,16.33,6658.06,0.31,-0.43,-0.58,8.94,27.98,0.24,5.88,-2.95,-6.49,-27.586727,-48.487487,10
-15.25,43097.44,17.95,6654.56,-0.66,0.51,-0.41,21.42,16.47,6.16,6.97,2.76,2.20,-27.586718,-48.487467,6
-15.23,43118.49,17.68,6651.06,-0.54,0.82,-0.31,28.42,8.02,4.01,-0.70,3.82,4.38,-27.586709,-48.487446,8
-15.21,43139.54,17.00,6647.56,-0.32,-1.03,-0.86,28.24,0.64,2.04,-5.83,0.40,8.23,-27.586701,-48.487426,8
-15.19,43160.61,18.14,6644.06,-0.23,0.57,0.29,26.69,-13.57,6.70,-5.81,-4.07,6.42,-27.586692,-48.487406,10
-15.16,43181.68,15.27,6640.56,0.13,0.17,-0.22,18.86,-22.80,8.15,2.23,-7.38,-2.85,-27.586683,-48.487385,6
-15.14,43202.76,18.91,6637.06,0.44,-0.21,0.20,7.37,-29.28,11.41,4.85,-2.45,-4.97,-27.586674,-48.487365,7
-15.12,43223.85,16.80,6633.56,0.41,0.20,-0.24,-5.61,-31.39,10.67,4.32,9.51,-6.32,-27.586665,-48.487345,10
-15.10,43244.94,16.67,6630.06,-0.59,-0.32,0.41,-16.14,-23.87,11.50,1.15,6.46,2.70,-27.586656,-48.487325,9
-15.07,43266.05,17.48,6626.56,0.24,-0.97,0.09,-26.24,-19.13,10.78,-2.54,-1.29,3.35,-27.586647,-48.487304,9
-15.05,43287.16,16.76,6623.06,0.09,-0.05,0.32,-27.96,-6.31,2.59,-6.67,-4.07,8.13,-27.586638,-48.487284,10
-15.03,43308.28,17.48,6619.56,0.16,-0.30,-0.92,-32.94,4.85,6.03,-1.20,-5.30,-0.09,-27.586629,-48.487264,7
-15.00,43329.41,16.00,6616.06,0.15,-0.39,0.00,-25.77,14.28,3.81,3.59,-1.83,-4.56,-27.586620,-48.487244,7
-14.98,43350.55,17.10,6612.56,0.85,0.49,-0.00,-16.85,23.62,4.53,4.02,6.45,-7.40,-27.586611,-48.487223,6
-14.96,43371.70,17.72,6609.06,-0.06,-0.07,0.33,-8.60,27.87,2.94,3.65,5.42,-5.87,-27.586602,-48.487203,9
-14.94,43392.85,17.33,6605.56,-0.04,0.56,0.57,3.72,32.69,0.72,-4.35,-2.02,-1.27,-27.586593,-48.487183,7
-14.91,43414.02,17.85,6602.06,0.50,-0.28,-0.27,17.83,30.60,1.87,-7.10,-5.11,5.65,-27.586584,-48.487162,7
-14.89,43435.19,18.50,6598.56,0.47,0.63,0.08,24.31,18.18,-8.81,-5.34,0.66,7.23,-27.586575,-48.487142,7
-14.87,43456.37,18.01,6595.06,-0.05,-0.02,-0.63,27.80,6.82,-3.01,4.16,0.92,4.60,-27.586566,-48.487122,8
-14.85,43477.56,17.60,6591.56,-0.18,0.01,0.43,33.29,-3.72,-7.89,7.16,5.50,-0.45,-27.586557,-48.487102,6
-14.82,43498.75,16.12,6588.06,0.69,-0.34,0.07,22.21,-14.88,-9.51,8.10,2.68,-8.46,-27.586548,-48.487081,10
-14.80,43519.96,18.28,6584.56,-0.08,-0.37,0.08,18.77,-26.25,-7.14,-1.79,-4.71,-4.79,-27.586539,-48.487061,8
-14.78,43541.17,16.70,6581.06,0.61,0.14,0.53,5.71,-31.10,-6.19,-4.40,-6.17,-0.50,-27.586530,-48.487041,8
-14.75,43562.39,17.54,6577.56,-0.45,0.09,-0.49,-8.01,-26.77,-11.05,-6.63,3.77,5.07,-27.586521,-48.487020,7
-14.73,43583.62,18.12,6574.06,0.54,0.13,-0.03,-20.58,-26.05,-9.87,-0.06,5.66,3.92,-27.586512,-48.487000,8
-14.71,43604.86,18.23,6570.56,0.14,0.69,-0.56,-25.66,-16.31,-6.74,6.40,5.72,3.83,-27.586503,-48.486980,10
-14.69,43626.11,17.67,6567.06,-0.00,0.19,-0.05,-29.65,-3.25,-7.54,8.11,2.78,-0.91,-27.586494,-48.486960,7
-14.66,43647.37,17.29,6563.56,0.29,0.41,0.20,-29.17,6.61,-3.74,0.43,-5.95,-4.08,-27.586485,-48.486939,10
-14.64,43668.63,16.98,6560.06,0.36,0.57,0.10,-25.26,18.46,-5.13,-5.80,-4.53,-5.64,-27.586476,-48.486919,9
-14.62,43689.90,16.48,6556.56,-0.19,0.46,-0.80,-15.00,28.08,-0.59,-4.65,0.93,2.10,-27.586467,-48.486899,8
-14.59,43711.18,18.31,6553.06,0.09,-0.28,0.31,-6.88,30.75,-2.81,-5.24,6.16,5.96,-27.586458,-48.486879,9
-14.57,43732.47,15.34,6549.56,0.28,-0.46,0.44,9.79,30.48,-1.83,4.30,4.29,7.61,-27.586449,-48.486858,6
-14.55,43753.77,17.06,6546.06,-0.07,0.03,-0.21,18.98,26.14,1.40,9.89,-2.08,-0.22,-27.586440,-48.486838,10
-14.53,43775.08,18.24,6542.56,0.73,-0.70,0.20,24.22,17.89,6.46,0.67,-4.80,0.17,-27.586431,-48.486818,6
-14.50,43796.39,17.95,6539.06,0.46,0.40,0.18,31.97,3.99,9.81,-3.79,-5.75,-5.48,-27.586422,-48.486797,8
-14.48,43817.71,17.97,6535.56,0.06,0.25,0.64,30.56,-6.93,8.90,-2.72,-1.31,-3.45,-27.586413,-48.486777,7
-14.46,43839.04,19.01,6532.06,0.39,-0.72,0.10,21.57,-18.70,7.20,-2.83,5.20,-2.10,-27.586404,-48.486757,7
-14.44,43860.38,16.19,6528.56,0.63,-0.27,-0.05,10.92,-25.05,7.92,0.43,1.47,6.67,-27.586395,-48.486737,6
-14.41,43881.73,16.49,6525.06,0.10,-0.05,0.29,-1.73,-31.11,8.01,6.76,-6.31,5.97,-27.586386,-48.486716,10
-14.39,43903.09,16.62,6521.56,-0.21,-0.66,-0.27,-11.76,-24.00,11.23,6.02,-8.14,6.77,-27.586377,-48.486696,10
-14.37,43924.45,18.21,6518.06,0.24,-0.41,-0.19,-19.67,-19.73,9.33,1.27,-3.42,-4.72,-27.586368,-48.486676,10
-14.34,43945.82,17.86,6514.56,-0.21,-0.47,-0.21,-22.06,-15.52,9.72,-3.06,0.23,-4.79,-27.586359,-48.486656,8
-14.32,43967.21,16.16,6511.06,0.10,-0.29,0.43,-31.48,-0.94,10.04,-3.21,5.89,-3.79,-27.586350,-48.486635,6
-14.30,43988.60,17.73,6507.56,0.36,-0.25,-0.40,-29.52,10.04,5.81,1.69,-1.57,-3.25,-27.586341,-48.486615,8
-14.28,44009.99,16.68,6504.06,0.65,-0.54,0.01,-22.65,22.17,4.20,8.41,-2.30,7.26,-27.586332,-48.486595,7
-14.25,44031.40,17.44,6500.56,-0.47,0.07,0.60,-12.05,28.00,-0.33,7.90,-6.29,6.25,-27.586323,-48.486574,7
-14.23,44052.82,19.46,6497.06,0.21,0.35,0.28,3.85,28.92,1.03,-0.19,1.46,2.26,-27.586314,-48.486554,7
-14.21,44074.24,18.37,6493.56,-0.95,1.46,-0.42,12.08,27.17,-4.88,-5.53,7.58,-0.85,-27.586305,-48.486534,7
-14.19,44095.67,17.77,6490.06,0.52,0.25,0.69,23.13,25.35,-3.90,-4.71,6.81,-4.08,-27.586296,-48.486514,8
-14.16,44117.11,18.27,6486.56,0.11,0.99,0.32,26.32,13.10,-5.29,-3.28,0.31,-7.43,-27.586287,-48.486493,9
-14.14,44138.56,19.31,6483.06,0.35,-0.19,0.06,32.57,-1.41,-9.34,5.78,-7.30,-2.69,-27.586278,-48.486473,9
-14.12,44160.02,17.74,6479.56,0.02,0.26,0.53,28.91,-14.26,-8.44,5.02,-0.74,5.49,-27.586269,-48.486453,8
-14.09,44181.49,18.84,6476.06,-0.38,-0.76,0.28,22.75,-21.60,-9.65,1.14,0.68,2.09,-27.586260,-48.486433,9
-14.07,44202.96,16.01,6472.56,0.37,-0.43,0.60,7.73,-24.86,-11.29,-1.84,4.85,6.09,-27.586251,-48.486412,8
-14.05,44224.44,18.02,6469.06,-0.74,-0.50,0.22,-1.84,-33.51,-12.58,-6.74,2.86,-2.84,-27.586242,-48.486392,6
-14.03,44245.93,17.48,6465.56,-0.31,-0.28,0.13,-14.50,-26.44,-6.65,-0.99,0.24,-6.99,-27.586233,-48.486372,10
-14.00,44267.43,21.09,6462.06,-0.69,-0.45,-0.31,-25.97,-19.19,-12.94,3.30,-7.98,-3.80,-27.586224,-48.486351,8
-13.98,44288.94,17.33,6458.56,-0.17,-0.16,0.42,-25.92,-9.42,-3.55,7.85,-3.24,2.32,-27.586215,-48.486331,10
-13.96,44310.46,18.47,6455.06,0.65,-0.42,0.00,-29.99,0.95,-7.03,2.51,6.77,2.46,-27.586206,-48.486311,7
-13.94,44331.98,19.36,6451.56,0.48,-0.65,-0.16,-24.49,15.52,-6.95,-0.29,6.73,5.40,-27.586197,-48.486291,9
-13.91,44353.52,18.48,6448.06,-0.64,-0.61,0.17,-18.75,22.89,-0.47,-6.76,2.11,1.18,-27.586188,-48.486270,6
-13.89,44375.06,17.69,6444.56,-1.09,0.03,-0.01,-11.61,27.68,0.28,-6.36,-4.77,-2.68,-27.586179,-48.486250,8
-13.87,44396.61,16.79,6441.06,0.30,0.28,-0.53,5.39,32.10,0.52,3.74,-5.65,-5.73,-27.586170,-48.486230,10
-13.84,44418.17,17.23,6437.56,0.50,-0.37,-0.18,13.42,31.25,4.92,8.29,-1.96,-7.89,-27.586162,-48.486210,10
-13.82,44439.74,17.08,6434.06,0.12,-0.62,-0.68,25.20,13.80,3.37,5.04,5.75,-0.21,-27.586153,-48.486189,7
-13.80,44461.31,16.26,6430.56,0.17,-0.45,0.08,30.33,8.31,8.46,-1.86,5.09,4.34,-27.586144,-48.486169,10
-13.78,44482.90,18.42,6427.06,0.73,0.16,-0.42,29.30,-1.50,6.44,-5.98,1.45,8.82,-27.586135,-48.486149,7
-13.75,44504.49,18.16,6423.56,-0.02,-0.46,0.84,25.08,-15.53,9.62,-4.77,-8.52,3.11,-27.586126,-48.486128,7
-13.73,44526.09,19.42,6420.06,0.11,0.14,1.20,19.37,-25.24,9.66,-3.67,-3.38,1.29,-27.586117,-48.486108,8
-13.71,44547.70,22.15,6416.56,-0.11,1.01,-0.52,5.60,-32.39,13.80,6.58,6.33,-6.84,-27.586108,-48.486088,8
-13.68,44569.32,18.48,6413.06,0.25,-0.78,-0.11,-6.84,-27.99,10.67,4.65,6.28,-5.80,-27.586099,-48.486068,6
-13.66,44590.94,19.38,6409.56,-0.22,0.39,0.23,-17.94,-25.75,12.01,2.18,2.75,-1.19,-27.586090,-48.486047,8
-13.64,44612.58,18.50,6406.06,0.32,0.54,-0.13,-23.21,-14.14,12.68,-4.74,-1.05,3.80,-27.586081,-48.486027,7
-13.62,44634.22,18.79,6402.56,-0.28,-0.36,0.28,-27.59,-3.32,10.59,-6.49,-4.91,5.38,-27.586072,-48.486007,9
-13.59,44655.88,19.95,6399.06,0.55,0.36,0.58,-30.53,8.99,5.26,-2.58,-0.99,1.79,-27.586063,-48.485987,8
-13.57,44677.54,20.96,6395.56,-0.80,0.03,-0.47,-24.26,15.80,5.19,2.52,2.76,-2.18,-27.586054,-48.485966,7
-13.55,44699.21,18.53,6392.06,-0.31,-0.42,-0.44,-15.05,23.27,4.12,5.71,5.01,-10.18,-27.586045,-48.485946,10
-13.53,44720.88,18.08,6388.56,-0.61,-0.15,0.25,-7.05,25.71,-0.04,1.50,2.68,-5.48,-27.586036,-48.485926,10
-13.50,44742.57,17.61,6385.06,-0.30,0.34,-0.44,3.73,31.50,0.15,-2.47,-6.34,-1.81,-27.586027,-48.485905,9
-13.48,44764.27,17.96,6381.56,0.86,0.82,0.56,18.13,23.85,-3.33,-5.97,-4.99,2.53,-27.586018,-48.485885,10
-13.46,44785.97,19.99,6378.06,0.11,-0.32,-0.42,22.75,18.27,-3.41,-2.29,-0.76,4.58,-27.586009,-48.485865,9
-13.43,44807.68,18.26,6374.56,-0.59,0.44,0.46,27.53,9.14,-9.44,3.31,2.77,0.95,-27.586000,-48.485845,7
-13.41,44829.40,20.22,6371.06,-1.32,0.08,0.64,29.90,-7.51,-9.30,6.07,5.74,0.50,-27.585991,-48.485824,10
-13.39,44851.13,19.45,6367.56,-0.61,-0.04,0.09,22.32,-16.82,-8.95,4.53,-2.18,-5.44,-27.585982,-48.485804,6
-13.37,44872.87,18.66,6364.06,-0.76,0.49,-0.92,16.38,-26.84,-11.61,0.33,-6.82,-4.91,-27.585973,-48.485784,7
-13.34,44894.61,18.41,6360.56,-0.51,-0.20,-1.09,1.05,-31.20,-10.81,-4.61,-6.39,-2.48,-27.585964,-48.485764,6
-13.32,44916.37,18.93,6357.06,-1.23,0.06,0.26,-4.12,-25.15,-11.78,-3.98,2.40,6.51,-27.585955,-48.485743,9
-13.30,44938.13,19.08,6353.56,0.38,0.26,0.27,-17.87,-19.49,-9.75,3.54,3.84,6.58,-27.585946,-48.485723,8
-13.28,44959.90,19.18,6350.06,0.03,-0.42,0.09,-26.70,-11.88,-9.46,6.40,4.31,2.89,-27.585937,-48.485703,8
-13.25,44981.68,19.46,6346.56,-0.41,0.39,0.98,-29.82,0.15,-9.98,3.90,-2.01,-0.21,-27.585928,-48.485682,8
-13.23,45003.47,19.92,6343.06,0.38,0.26,0.23,-27.07,10.04,-7.25,1.58,-4.71,-3.11,-27.585919,-48.485662,6
-13.21,45025.27,20.59,6339.56,0.11,0.48,0.33,-23.22,23.90,-3.91,-5.05,-1.23,-3.30,-27.585910,-48.485642,9
-13.18,45047.07,20.28,6336.06,0.07,-0.99,0.55,-12.66,28.02,-2.19,-2.74,-0.67,3.20,-27.585901,-48.485622,6
-13.16,45068.89,20.49,6332.56,0.69,0.91,-1.12,-0.96,29.78,-1.88,-0.18,8.50,2.84,-27.585892,-48.485601,7
-13.14,45090.71,18.47,6329.06,-0.05,0.13,0.94,10.51,27.62,3.05,6.18,3.16,6.05,-27.585883,-48.485581,9
-13.12,45112.54,17.64,6325.56,0.45,0.21,0.13,21.27,22.48,1.70,2.80,-4.09,2.40,-27.585874,-48.485561,10
-13.09,45134.38,18.66,6322.06,0.51,-0.12,-0.04,26.43,12.32,4.80,-1.89,-5.90,-0.55,-27.585865,-48.485541,6
-13.07,45156.23,19.11,6318.56,0.33,-0.33,0.24,28.24,0.74,8.24,-3.79,-4.45,-3.49,-27.585856,-48.485520,9
-13.05,45178.09,19.54,6315.06,0.24,-0.86,0.33,30.38,-11.17,11.03,-3.87,3.40,-7.65,-27.585847,-48.485500,9
-13.03,45199.95,19.74,6311.56,0.46,-0.08,-0.17,23.03,-21.59,6.46,0.40,6.61,1.87,-27.585838,-48.485480,10
-13.00,45221.83,18.54,6308.06,-0.50,-0.63,-0.47,13.54,-27.16,12.31,4.89,-0.61,3.33,-27.585829,-48.485459,7
-12.98,45243.71,19.34,6304.56,-0.27,0.09,0.18,-1.53,-27.13,9.94,8.51,-2.79,5.33,-27.585820,-48.485439,7
-12.96,45265.60,17.84,6301.06,0.01,-1.06,0.11,-9.10,-31.91,10.17,0.78,-8.95,4.95,-27.585811,-48.485419,6
-12.93,45287.50,19.41,6297.56,-0.76,-0.23,-0.01,-23.14,-21.93,9.51,0.46,1.94,-2.88,-27.585802,-48.485399,7
-12.91,45309.41,17.70,6294.06,-0.38,-1.17,-0.27,-27.17,-14.35,7.23,-6.61,2.05,-7.55,-27.585793,-48.485378,10
-12.89,45331.33,20.64,6290.56,0.80,0.80,-0.04,-29.06,2.49,7.04,-1.30,5.93,-4.60,-27.585784,-48.485358,10
-12.87,45353.25,19.34,6287.06,-0.42,0.62,0.70,-26.11,15.48,4.41,2.68,1.84,4.13,-27.585775,-48.485338,8
-12.84,45375.19,19.88,6283.56,-0.34,0.04,-0.56,-19.73,18.86,3.58,5.77,-7.85,-0.21,-27.585766,-48.485318,9
-12.82,45397.13,21.36,6280.06,0.61,-0.82,0.07,-9.37,27.75,1.53,3.15,-8.90,0.51,-27.585757,-48.485297,9
-12.80,45419.08,21.64,6276.56,0.04,0.58,-0.13,2.06,30.03,0.69,0.32,-1.95,4.63,-27.585748,-48.485277,9
-12.77,45441.04,19.65,6273.06,0.47,0.41,-1.12,16.34,28.24,-4.01,-5.46,7.94,-4.58,-27.585739,-48.485257,7
-12.75,45463.01,18.62,6269.56,-0.52,-1.01,0.13,24.16,20.45,-7.17,-7.26,1.44,-4.04,-27.585730,-48.485236,10
-12.73,45484.99,22.67,6266.06,0.53,0.54,-0.29,27.79,8.38,-4.28,1.48,-0.62,-2.48,-27.585721,-48.485216,9
-12.71,45506.98,21.86,6262.56,-0.36,-0.24,0.33,29.53,-6.60,-7.21,5.59,-6.67,-2.64,-27.585712,-48.485196,6
-12.68,45528.97,18.63,6259.06,0.04,-0.37,-0.16,26.11,-13.15,-9.50,8.16,-2.30,3.76,-27.585703,-48.485176,9
-12.66,45550.97,19.63,6255.56,-0.20,0.39,0.57,17.64,-23.50,-10.95,-1.91,3.49,5.66,-27.585694,-48.485155,10
-12.64,45572.98,20.25,6252.06,0.32,-0.41,-0.29,7.17,-29.38,-9.85,-5.08,6.48,-0.26,-27.585685,-48.485135,8
-12.62,45595.01,19.60,6248.56,-0.10,0.51,-0.22,-4.34,-31.17,-11.52,-5.88,2.54,-5.97,-27.585676,-48.485115,10
-12.59,45617.03,20.22,6245.06,0.63,-0.34,0.32,-12.53,-28.81,-9.48,0.47,-4.67,-3.26,-27.585667,-48.485095,8
-12.57,45639.07,20.89,6241.56,-0.70,0.19,-0.37,-21.01,-19.36,-10.49,5.00,-7.21,-4.30,-27.585658,-48.485074,7
-12.55,45661.12,19.08,6238.06,0.21,0.61,0.42,-29.16,-4.59,-12.08,6.35,1.54,0.42,-27.585649,-48.485054,7
-12.52,45683.17,19.40,6234.56,-0.75,0.30,0.26,-31.03,5.30,-6.36,2.83,8.56,5.73,-27.585640,-48.485034,7
-12.50,45705.24,20.03,6231.06,0.12,0.42,0.42,-25.76,14.74,-6.76,-5.00,4.32,9.07,-27.585632,-48.485013,6
-12.48,45727.31,19.96,6227.56,-0.34,0.25,-0.27,-16.58,22.44,-1.15,-9.01,-2.92,1.11,-27.585623,-48.484993,10
-12.46,45749.39,20.61,6224.06,-1.04,-0.07,-0.47,-3.83,31.82,-0.37,-4.58,-4.62,-4.67,-27.585614,-48.484973,7
-12.43,45771.48,18.84,6220.56,-0.01,-0.81,0.60,4.97,29.36,1.82,2.26,-6.61,-4.77,-27.585605,-48.484953,7
-12.41,45793.58,19.23,6217.06,0.91,0.68,-0.20,18.07,24.51,4.47,4.60,0.57,-5.36,-27.585596,-48.484932,8
-12.39,45815.68,20.17,6213.56,-0.35,-1.16,-0.25,27.73,14.54,8.29,3.74,1.34,0.90,-27.585587,-48.484912,6
-12.37,45837.80,18.67,6210.06,0.22,-0.25,0.28,29.39,5.78,6.10,-2.49,5.58,6.93,-27.585578,-48.484892,9
-12.34,45859.92,20.24,6206.56,-0.02,0.59,-0.27,30.79,-6.93,3.50,-5.94,0.48,4.57,-27.585569,-48.484872,8
-12.32,45882.05,20.05,6203.06,0.12,-0.48,0.31,18.41,-20.10,9.24,-1.26,-3.36,1.70,-27.585560,-48.484851,10
-12.30,45904.20,21.19,6199.56,0.09,-0.24,0.26,13.77,-21.89,9.53,4.47,-6.61,-1.81,-27.585551,-48.484831,6
-12.27,45926.35,20.25,6196.06,-0.01,0.14,-1.33,2.96,-31.85,7.82,4.55,2.14,-7.44,-27.585542,-48.484811,9
-12.25,45948.50,19.04,6192.56,-0.35,0.24,0.32,-11.68,-27.26,12.39,4.17,7.39,-3.04,-27.585533,-48.484790,6
-12.23,45970.67,20.12,6189.06,0.07,0.67,-0.31,-17.39,-22.83,4.66,-0.70,3.75,-2.71,-27.585524,-48.484770,8
-12.21,45992.85,20.44,6185.56,0.85,0.34,0.27,-25.22,-15.14,8.82,-3.85,-0.83,3.60,-27.585515,-48.484750,7
-12.18,46015.03,20.73,6182.06,-0.05,0.15,0.11,-30.25,-3.56,5.26,-3.08,-6.24,5.99,-27.585506,-48.484730,8
-12.16,46037.22,21.03,6178.56,0.18,0.34,0.07,-27.66,8.17,9.77,-2.36,-0.57,2.91,-27.585497,-48.484709,8
-12.14,46059.43,18.59,6175.06,-0.44,1.04,0.24,-28.39,15.43,6.31,3.83,5.10,-3.46,-27.585488,-48.484689,8
-12.12,46081.64,20.70,6171.56,-0.25,0.15,1.54,-13.30,27.96,2.83,6.58,7.33,-7.25,-27.585479,-48.484669,7
-12.09,46103.86,19.19,6168.06,0.21,-0.77,-0.22,-4.91,27.48,1.59,1.27,0.35,-3.96,-27.585470,-48.484649,6
-12.07,46126.08,20.63,6164.56,-0.77,0.21,-0.18,9.17,29.86,-2.43,-2.29,-5.28,1.86,-27.585461,-48.484628,6
-12.05,46148.32,20.42,6161.06,-1.22,-0.10,0.52,20.85,22.51,-4.69,-6.32,-6.85,5.47,-27.585452,-48.484608,8
-12.02,46170.57,21.15,6157.56,-0.31,-0.64,0.25,29.37,14.37,-7.24,0.51,-2.87,6.18,-27.585443,-48.484588,7
-12.00,46192.82,21.49,6154.06,-0.24,-0.25,-0.18,29.39,2.03,-8.03,0.24,8.08,-0.05,-27.585434,-48.484567,7
-11.98,46215.08,21.18,6150.56,0.24,0.05,-0.59,29.43,-5.93,-6.47,9.09,7.41,-5.37,-27.585425,-48.484547,10
-11.96,46237.35,20.41,6147.06,1.00,-1.09,0.27,24.49,-20.45,-10.58,3.84,-1.88,-5.70,-27.585416,-48.484527,9
-11.93,46259.63,19.55,6143.56,0.44,0.44,-0.62,13.22,-29.76,-11.89,-1.94,-5.39,-2.52,-27.585407,-48.484507,8
-11.91,46281.92,21.40,6140.06,-0.39,-0.34,-0.95,0.19,-28.45,-10.95,-5.20,-3.43,0.28,-27.585398,-48.484486,7
-11.89,46304.22,21.37,6136.56,0.33,-0.33,0.29,-10.96,-31.74,-12.15,-3.71,2.41,7.50,-27.585389,-48.484466,10
-11.86,46326.52,21.72,6133.06,-0.02,-0.06,-0.29,-22.01,-19.49,-10.09,-2.29,2.50,7.07,-27.585380,-48.484446,10
-11.84,46348.84,22.51,6129.56,0.05,0.09,0.27,-29.43,-10.35,-7.04,8.06,3.97,3.31,-27.585371,-48.484426,6
-11.82,46371.16,21.97,6126.06,-0.35,-0.05,0.26,-29.68,-1.79,-5.97,2.21,1.12,-5.66,-27.585362,-48.484405,9
-11.80,46393.49,19.26,6122.56,-0.09,-0.61,0.37,-24.86,12.14,-5.08,-0.57,-8.78,-2.88,-27.585353,-48.484385,10
-11.77,46415.84,21.22,6119.06,-0.75,-0.04,0.21,-19.92,21.43,-1.79,-6.40,-4.23,-2.99,-27.585344,-48.484365,6
-11.75,46438.18,21.50,6115.56,-0.08,1.07,0.49,-8.85,26.49,-3.17,-7.14,4.51,2.12,-27.585335,-48.484344,6
-11.73,46460.54,18.24,6112.06,0.45,0.12,-0.23,3.21,27.53,2.33,-2.63,7.72,5.18,-27.585326,-48.484324,8
-11.71,46482.91,21.14,6108.56,-0.15,-0.89,0.48,9.31,28.77,1.60,5.46,-0.65,7.11,-27.585317,-48.484304,10
-11.68,46505.29,21.11,6105.06,0.41,0.80,-0.25,24.79,20.69,8.13,9.69,-1.57,-0.02,-27.585308,-48.484284,10
-11.66,46527.67,22.01,6101.56,0.40,-0.10,-0.01,29.12,10.39,0.35,1.95,-1.26,-4.20,-27.585299,-48.484263,9
-11.64,46550.06,19.57,6098.06,0.33,-1.09,-0.11,31.40,0.48,1.84,-3.86,-3.59,-5.97,-27.585290,-48.484243,7
-11.61,46572.46,19.94,6094.56,0.33,-0.56,0.18,27.74,-13.39,8.12,-4.75,5.61,-3.07,-27.585281,-48.484223,8
-11.59,46594.88,21.16,6091.06,-0.91,0.98,0.66,17.40,-24.48,9.63,-0.40,5.76,3.17,-27.585272,-48.484203,7
-11.57,46617.29,21.82,6087.56,0.20,0.90,0.08,10.97,-27.62,10.81,7.88,1.16,5.98,-27.585263,-48.484182,9
-11.55,46639.72,21.55,6084.06,-0.01,0.01,-0.22,-2.41,-31.05,11.99,7.93,-6.30,4.62,-27.585254,-48.484162,10
-11.52,46662.16,23.56,6080.56,0.55,1.11,-0.06,-12.30,-30.14,9.46,2.90,-5.05,0.22,-27.585245,-48.484142,8
-11.50,46684.60,22.02,6077.06,0.08,0.02,-0.17,-22.72,-18.24,8.83,-5.55,-1.64,-1.21,-27.585236,-48.484121,10
-11.48,46707.06,22.45,6073.56,0.55,0.32,0.38,-29.78,-10.61,6.95,-7.31,5.67,-6.43,-27.585227,-48.484101,7
-11.46,46729.52,19.81,6070.06,0.08,0.90,-0.38,-32.44,3.45,6.86,-1.91,2.57,-6.91,-27.585218,-48.484081,10
-11.43,46751.99,20.34,6066.56,0.57,-0.11,0.27,-25.33,14.79,5.13,5.21,-1.84,-1.29,-27.585209,-48.484061,10
-11.41,46774.47,20.16,6063.06,-0.89,-0.39,0.74,-19.33,24.76,2.69,3.13,-6.58,6.17,-27.585200,-48.484040,6
-11.39,46796.96,20.58,6059.56,-0.13,0.33,-0.12,-10.14,29.63,-0.04,6.44,-1.08,6.66,-27.585191,-48.484020,9
-11.36,46819.46,21.14,6056.06,0.22,-0.44,-0.67,4.62,27.27,-1.83,-2.10,1.49,0.25,-27.585182,-48.484000,6
-11.34,46841.97,22.97,6052.56,0.22,0.06,-0.17,14.37,25.78,0.01,-4.90,4.27,-1.35,-27.585173,-48.483980,10
-11.32,46864.48,21.14,6049.06,-0.39,0.24,-0.64,23.65,14.08,-7.90,-7.18,3.44,-8.66,-27.585164,-48.483959,9
-11.30,46887.01,20.44,6045.56,-0.04,-0.26,0.43,30.86,7.32,-7.56,3.52,-1.16,-2.88,-27.585155,-48.483939,10
-11.27,46909.54,21.12,6042.06,-0.24,-0.03,0.13,31.24,-7.79,-9.85,7.76,-6.13,1.97,-27.585146,-48.483919,9
-11.25,46932.08,20.70,6038.56,-0.25,0.94,-0.08,27.61,-18.64,-14.07,2.36,-1.66,6.72,-27.585137,-48.483898,6
-11.23,46954.63,21.81,6035.06,-0.97,0.55,0.27,18.72,-23.12,-10.31,0.21,6.77,5.15,-27.585128,-48.483878,8
-11.21,46977.19,21.17,6031.56,0.78,0.32,-0.03,7.67,-28.43,-9.42,-2.78,6.23,0.06,-27.585119,-48.483858,9
-11.18,46999.76,22.05,6028.06,1.57,0.86,0.66,-4.72,-28.17,-9.64,-5.28,0.54,-7.20,-27.585110,-48.483838,8
-11.16,47022.34,22.18,6024.56,-0.09,-0.04,0.20,-15.60,-27.80,-6.63,0.66,-2.48,-7.03,-27.585102,-48.483817,8
-11.14,47044.92,22.85,6021.06,-0.44,0.31,0.39,-27.10,-14.41,-5.55,5.22,-4.95,-4.56,-27.585093,-48.483797,9
-11.11,47067.52,22.09,6017.56,0.25,-0.26,0.13,-26.85,-5.01,-5.99,4.66,-1.66,1.94,-27.585084,-48.483777,9
-11.09,47090.12,20.34,6014.06,-0.27,0.03,0.27,-29.61,5.09,-10.16,-0.14,4.64,4.19,-27.585075,-48.483757,10
-11.07,47112.73,20.52,6010.56,0.43,0.15,-0.98,-26.33,19.94,-4.35,-5.34,5.40,6.27,-27.585066,-48.483736,7
-11.05,47135.35,20.33,6007.06,-0.32,-0.01,-0.31,-19.07,27.52,-7.92,-6.84,2.36,0.17,-27.585057,-48.483716,8
-11.02,47157.98,21.56,6003.56,0.42,0.61,-0.20,-2.53,27.66,1.31,-0.17,-5.08,-8.47,-27.585048,-48.483696,9
-11.00,47180.62,22.73,6000.06,0.28,0.44,0.35,10.03,28.63,1.42,4.80,-3.40,-5.63,-27.585039,-48.483675,7
-10.98,47203.27,21.72,5996.56,1.49,0.32,0.65,18.74,23.22,2.43,10.06,1.22,-7.74,-27.585030,-48.483655,9
-10.95,47225.93,21.15,5993.06,-0.49,-0.27,-0.20,24.28,16.00,7.08,-0.26,5.58,-0.24,-27.585021,-48.483635,10
-10.93,47248.59,19.66,5989.56,-0.38,-0.82,-0.36,30.87,2.46,9.92,-3.16,2.80,4.27,-27.585012,-48.483615,8
-10.91,47271.26,21.07,5986.06,-0.25,-0.28,0.36,29.11,-6.94,9.15,-7.03,0.31,5.94,-27.585003,-48.483594,6
-10.89,47293.95,23.75,5982.56,-0.41,-0.31,0.08,24.89,-18.96,5.20,-4.43,-7.07,1.22,-27.584994,-48.483574,10
-10.86,47316.64,22.85,5979.06,-0.18,-0.70,0.62,16.17,-28.63,10.48,0.10,-3.63,-4.68,-27.584985,-48.483554,10
-10.84,47339.34,23.33,5975.56,-0.29,-0.40,0.60,5.91,-32.55,8.73,5.43,3.71,-7.70,-27.584976,-48.483533,8
-10.82,47362.05,23.33,5972.06,0.31,0.59,0.37,-7.75,-28.80,11.05,3.03,3.95,-5.62,-27.584967,-48.483513,6
-10.80,47384.76,23.32,5968.56,-0.21,-0.30,-0.04,-19.19,-25.51,9.88,-1.04,-0.61,0.80,-27.584958,-48.483493,8
-10.77,47407.49,22.84,5965.06,-0.14,0.17,-0.65,-26.98,-11.33,6.67,-5.02,-2.17,5.68,-27.584949,-48.483473,10
-10.75,47430.23,21.76,5961.56,0.10,-0.14,-0.65,-31.06,-2.86,6.60,-5.96,-4.88,5.02,-27.584940,-48.483452,8
-10.73,47452.97,21.38,5958.06,-0.17,0.33,0.40,-25.24,8.79,5.97,3.90,-1.31,2.83,-27.584931,-48.483432,10
-10.70,47475.72,22.44,5954.56,0.34,-0.03,-0.00,-16.02,15.95,6.04,4.37,6.66,-2.08,-27.584922,-48.483412,6
-10.68,47498.48,22.46,5951.06,0.56,0.37,0.61,-12.60,27.88,3.38,3.70,4.71,-6.44,-27.584913,-48.483392,9
-10.66,47521.26,22.64,5947.56,-1.08,-0.11,0.55,-0.14,30.24,1.63,0.37,0.03,-3.53,-27.584904,-48.483371,9
-10.64,47544.04,22.34,5944.06,0.73,0.14,0.01,10.95,28.75,-1.09,-4.82,-7.44,2.87,-27.584895,-48.483351,9
-10.61,47566.82,22.64,5940.56,0.34,0.40,0.21,22.36,23.07,-2.89,-4.64,-1.64,4.87,-27.584886,-48.483331,7
-10.59,47589.62,21.29,5937.06,-1.03,0.14,0.06,31.94,13.48,-1.59,-2.60,-0.09,7.68,-27.584877,-48.483310,8
-10.57,47612.43,21.77,5933.56,-0.02,-0.27,-0.16,29.98,3.18,-9.38,5.02,3.36,-0.82,-27.584868,-48.483290,9
-10.55,47635.24,22.99,5930.06,0.18,-0.75,0.19,24.64,-15.16,-9.30,7.43,3.24,-4.72,-27.584859,-48.483270,6
-10.52,47658.07,23.09,5926.56,0.33,0.03,-0.17,22.93,-22.13,-9.61,2.32,-0.09,-5.68,-27.584850,-48.483250,6
-10.50,47680.90,22.64,5923.06,0.28,0.58,0.51,10.17,-25.68,-10.31,-5.17,-3.28,-1.90,-27.584841,-48.483229,8
-10.48,47703.74,24.35,5919.56,-0.12,0.14,-0.15,-0.18,-31.25,-6.24,-9.81,-3.45,-0.39,-27.584832,-48.483209,9
-10.45,47726.59,22.01,5916.06,0.47,-0.39,-0.29,-12.15,-26.15,-6.35,-2.50,2.90,5.46,-27.584823,-48.483189,8
-10.43,47749.45,22.95,5912.56,-0.26,0.89,-0.23,-21.63,-18.31,-8.74,2.88,7.62,8.89,-27.584814,-48.483169,7
-10.41,47772.32,22.56,5909.06,-0.61,0.45,0.20,-28.75,-11.18,-9.58,7.41,3.31,0.13,-27.584805,-48.483148,10
-10.39,47795.19,22.64,5905.56,-0.21,0.39,-0.10,-30.02,1.69,-8.71,4.97,-4.84,-0.95,-27.584796,-48.483128,6
-10.36,47818.08,21.30,5902.06,0.18,-0.20,-0.46,-24.13,14.47,-5.51,-0.76,-6.82,-5.37,-27.584787,-48.483108,8
-10.34,47840.97,23.10,5898.56,0.28,-0.27,0.51,-18.26,22.61,-6.26,-5.88,-3.30,-1.68,-27.584778,-48.483087,6
-10.32,47863.88,21.78,5895.06,0.17,0.15,-0.47,-9.65,30.94,-4.55,-3.14,4.33,-1.01,-27.584769,-48.483067,10
-10.30,47886.79,23.59,5891.56,-0.09,0.00,0.02,1.14,24.98,2.55,-0.51,7.00,3.24,-27.584760,-48.483047,9
-10.27,47909.71,23.50,5888.06,0.90,0.00,0.03,12.56,28.25,3.05,6.70,-1.82,8.58,-27.584751,-48.483027,8
-10.25,47932.64,21.48,5884.56,-0.04,1.01,0.32,22.82,17.82,3.43,4.91,-3.75,1.09,-27.584742,-48.483006,10
-10.23,47955.58,21.68,5881.06,0.06,-0.59,0.64,28.54,11.93,4.92,-1.97,-9.25,-3.82,-27.584733,-48.482986,10
-10.20,47978.53,24.68,5877.56,-0.11,-1.05,-0.01,29.55,-3.81,3.73,-7.72,-0.58,-6.60,-27.584724,-48.482966,9
-10.18,48001.49,22.97,5874.06,0.41,0.45,-0.30,22.69,-10.96,9.88,-5.36,9.44,-5.19,-27.584715,-48.482946,9
-10.16,48024.45,23.28,5870.56,1.45,0.96,0.30,18.05,-25.20,8.83,1.53,3.56,1.33,-27.584706,-48.482925,9
-10.14,48047.43,21.44,5867.06,-0.84,-0.41,0.54,10.88,-27.85,6.92,1.90,-0.42,4.04,-27.584697,-48.482905,9
-10.11,48070.41,21.91,5863.56,0.46,0.31,0.14,-3.66,-26.78,7.93,5.66,-5.76,7.14,-27.584688,-48.482885,6
-10.09,48093.40,24.27,5860.06,0.40,-0.22,0.71,-13.41,-26.26,7.28,-0.78,-4.29,3.64,-27.584679,-48.482864,10
-10.07,48116.40,21.52,5856.56,-0.41,-0.03,-0.59,-20.34,-20.23,9.87,-4.23,0.04,-4.63,-27.584670,-48.482844,10
-10.04,48139.41,24.87,5853.06,-0.80,1.44,-0.31,-28.11,-7.84,5.91,-9.59,6.74,-6.96,-27.584661,-48.482824,7
-10.02,48162.43,21.81,5849.56,0.36,-0.53,-0.02,-32.28,8.66,7.05,-2.29,3.47,-2.51,-27.584652,-48.482804,6
-10.00,48185.46,23.06,5846.06,0.50,0.22,0.11,-22.98,19.60,3.25,5.46,-0.54,3.26,-27.584643,-48.482783,6
-9.98,48208.50,24.35,5842.56,-0.18,-0.05,-0.33,-15.31,27.00,5.07,7.54,-5.41,7.44,-27.584634,-48.482763,8
-9.95,48231.54,23.71,5839.06,0.66,-0.35,0.38,-7.78,30.30,1.02,2.25,-1.16,5.09,-27.584625,-48.482743,6
-9.93,48254.60,22.93,5835.56,-0.09,0.27,0.59,4.51,29.92,-1.12,-2.20,4.45,0.54,-27.584616,-48.482723,10
-9.91,48277.66,24.39,5832.06,-0.11,0.15,-0.64,16.89,25.67,-1.54,-9.94,4.28,-2.97,-27.584607,-48.482702,8
-9.89,48300.73,23.67,5828.56,0.23,0.94,1.08,25.66,16.75,-6.43,-3.58,-1.67,-4.86,-27.584598,-48.482682,10
-9.86,48323.82,23.99,5825.06,0.33,0.54,0.75,29.90,6.13,-6.87,2.21,-3.45,-3.78,-27.584589,-48.482662,7
-9.84,48346.91,23.25,5821.56,0.36,0.35,-0.68,31.69,-3.77,-9.58,5.26,-6.00,5.85,-27.584580,-48.482641,6
-9.82,48370.01,24.03,5818.06,-0.14,-0.19,-0.07,23.11,-18.09,-10.97,6.29,-2.89,4.23,-27.584572,-48.482621,6
-9.79,48393.11,24.57,5814.56,0.33,0.17,0.30,17.28,-27.62,-8.82,-0.98,3.91,6.11,-27.584563,-48.482601,10
-9.77,48416.23,24.58,5811.06,-0.74,-0.69,1.12,4.47,-30.73,-9.38,-5.81,5.86,-0.32,-27.584554,-48.482581,8
-9.75,48439.36,24.01,5807.56,0.62,0.38,-0.45,-8.37,-28.63,-9.99,-4.25,-0.70,-5.76,-27.584545,-48.482560,8
-9.73,48462.49,23.99,5804.06,-0.57,-0.54,1.15,-20.32,-20.75,-8.89,1.45,-5.43,-2.49,-27.584536,-48.482540,6
-9.70,48485.64,23.51,5800.56,-0.24,1.95,0.67,-25.69,-10.13,-8.58,3.36,-3.39,-2.34,-27.584527,-48.482520,6
-9.68,48508.79,22.18,5797.06,0.06,0.33,-0.64,-29.22,-2.42,-7.16,6.16,-1.77,0.16,-27.584518,-48.482500,7
-9.66,48531.95,24.13,5793.56,-0.72,-0.04,-0.36,-28.45,8.25,-5.10,4.33,6.57,2.36,-27.584509,-48.482479,8
-9.64,48555.12,23.39,5790.06,-1.18,0.37,-0.55,-23.35,18.60,-6.52,-5.53,2.98,5.95,-27.584500,-48.482459,9
-9.61,48578.30,21.43,5786.56,-0.11,-0.20,-0.46,-14.89,28.27,-0.99,-6.85,-2.84,-1.00,-27.584491,-48.482439,6
-9.59,48601.49,24.48,5783.06,-0.08,-0.74,0.11,-2.95,30.49,0.95,-0.06,-7.49,-2.50,-27.584482,-48.482418,6
-9.57,48624.69,22.86,5779.56,0.20,0.29,0.43,12.14,30.95,-0.17,7.43,-3.76,-5.90,-27.584473,-48.482398,8
-9.54,48647.90,22.89,5776.06,0.37,-0.18,-0.52,16.09,22.43,3.98,3.61,3.08,0.06,-27.584464,-48.482378,8
-9.52,48671.11,22.04,5772.56,0.50,0.20,0.51,27.88,10.69,6.52,1.56,7.82,-0.88,-27.584455,-48.482358,6
-9.50,48694.34,22.83,5769.06,0.56,0.71,-0.37,28.08,0.16,9.21,-3.77,3.42,3.76,-27.584446,-48.482337,10
-9.48,48717.57,24.13,5765.56,-0.01,0.14,-0.09,29.50,-10.95,6.95,-5.05,1.20,4.72,-27.584437,-48.482317,8
-9.45,48740.81,23.28,5762.06,0.36,-0.21,-0.00,19.84,-20.99,7.59,-2.35,-5.77,-0.66,-27.584428,-48.482297,8
-9.43,48764.07,22.44,5758.56,0.14,-0.40,0.38,15.57,-28.27,12.15,1.85,-4.99,-1.05,-27.584419,-48.482277,6
-9.41,48787.33,24.60,5755.06,0.02,-0.29,-0.26,1.64,-29.69,6.07,5.68,2.39,-4.93,-27.584410,-48.482256,7
-9.39,48810.60,22.85,5751.56,-0.10,0.10,-0.37,-8.20,-25.71,8.36,7.77,5.12,-3.98,-27.584401,-48.482236,10
-9.36,48833.88,23.71,5748.06,0.22,-0.75,-0.86,-21.77,-19.67,7.40,-4.74,-0.53,0.96,-27.584392,-48.482216,9
-9.34,48857.16,23.87,5744.56,0.45,-0.09,-0.06,-30.15,-14.09,7.71,-5.73,0.65,4.89,-27.584383,-48.482195,8
-9.32,48880.46,23.03,5741.06,-0.09,0.62,-0.71,-31.42,-0.76,7.25,-6.41,-2.33,5.36,-27.584374,-48.482175,7
-9.29,48903.77,23.28,5737.56,0.17,0.00,0.33,-29.29,13.32,3.75,0.76,0.32,0.34,-27.584365,-48.482155,10
-9.27,48927.08,24.16,5734.06,-0.47,0.44,0.26,-22.26,23.79,4.81,5.42,5.94,-2.20,-27.584356,-48.482135,10
-9.25,48950.40,24.13,5730.56,0.09,-0.34,0.07,-10.82,27.24,2.04,4.93,6.57,-6.04,-27.584347,-48.482114,9
-9.23,48973.74,24.63,5727.06,0.44,-0.49,-0.38,4.32,28.82,3.02,-0.85,-2.08,-2.90,-27.584338,-48.482094,7
-9.20,48997.08,24.04,5723.56,-0.51,-0.21,-0.66,10.61,21.21,-3.20,-8.97,-5.04,1.08,-27.584329,-48.482074,6
-9.18,49020.43,24.37,5720.06,0.10,-0.29,0.64,22.63,18.45,1.04,-3.80,-6.77,6.56,-27.584320,-48.482054,6
-9.16,49043.79,23.02,5716.56,0.45,-0.15,-0.86,29.34,9.45,-5.12,-1.06,-0.98,2.08,-27.584311,-48.482033,7
-9.13,49067.16,22.98,5713.06,-0.33,-1.21,0.28,33.23,-4.96,-9.93,1.93,7.26,1.55,-27.584302,-48.482013,6
-9.11,49090.53,24.80,5709.56,-0.83,0.90,0.05,25.82,-11.88,-10.84,5.36,3.23,-3.34,-27.584293,-48.481993,9
-9.09,49113.92,25.56,5706.06,-0.94,0.52,0.01,17.55,-21.14,-7.65,2.23,-0.91,-6.95,-27.584284,-48.481972,9
-9.07,49137.32,24.03,5702.56,-0.12,0.54,0.59,11.63,-27.99,-11.02,-1.88,-4.63,-1.55,-27.584275,-48.481952,6
-9.04,49160.72,26.60,5699.06,-0.86,0.47,0.87,-0.84,-30.86,-11.87,-5.70,0.45,0.10,-27.584266,-48.481932,9
-9.02,49184.14,24.74,5695.56,0.06,-0.50,-0.41,-12.53,-29.05,-7.55,-2.26,4.08,1.04,-27.584257,-48.481912,8
-9.00,49207.56,24.56,5692.06,-0.13,0.45,-0.21,-23.08,-20.37,-8.48,4.74,8.77,4.26,-27.584248,-48.481891,8
-8.98,49230.99,24.83,5688.56,-0.33,-0.65,-0.13,-29.33,-10.44,-9.35,4.96,3.83,-0.35,-27.584239,-48.481871,8
-8.95,49254.43,23.64,5685.06,-0.20,0.02,1.07,-27.61,3.87,-10.56,0.43,-3.42,-5.20,-27.584230,-48.481851,10
-8.93,49277.88,23.97,5681.56,-0.15,-0.01,0.58,-23.27,13.74,-1.43,-5.09,-6.80,-4.74,-27.584221,-48.481831,9
-8.91,49301.34,25.20,5678.06,-0.79,-0.06,0.08,-19.16,21.29,-6.56,-2.94,1.99,-4.14,-27.584212,-48.481810,7
-8.88,49324.81,25.76,5674.56,-0.29,0.86,0.57,-7.14,28.03,-0.28,-3.79,7.76,2.56,-27.584203,-48.481790,9
-8.86,49348.28,25.21,5671.06,-0.13,-0.10,-0.41,2.75,30.17,1.00,0.08,5.90,2.61,-27.584194,-48.481770,7
-8.84,49371.77,25.49,5667.56,0.00,-0.39,-0.05,18.48,27.50,2.05,7.27,0.33,6.36,-27.584185,-48.481749,6
-8.82,49395.27,23.76,5664.06,0.09,-0.62,0.47,25.77,22.73,7.07,1.80,-4.91,1.77,-27.584176,-48.481729,6
-8.79,49418.77,25.27,5660.56,0.11,0.10,-0.49,31.04,5.56,5.50,0.91,-3.96,-6.89,-27.584167,-48.481709,8
-8.77,49442.28,22.62,5657.06,-0.71,-0.39,-0.69,29.06,-0.87,7.95,-6.11,2.15,-6.68,-27.584158,-48.481689,9
-8.75,49465.81,24.14,5653.56,0.01,0.28,-0.12,23.55,-16.46,8.50,-6.18,7.76,-0.72,-27.584149,-48.481668,6
-8.73,49489.34,23.43,5650.06,0.29,-0.24,0.32,15.72,-25.38,11.89,4.01,4.58,1.11,-27.584140,-48.481648,6
-8.70,49512.88,25.21,5646.56,-0.40,1.25,0.73,7.61,-33.36,12.49,3.09,-0.51,6.04,-27.584131,-48.481628,8
-8.68,49536.43,23.95,5643.06,-0.14,0.13,0.18,-5.93,-27.30,8.77,5.84,-2.98,4.92,-27.584122,-48.481608,9
-8.66,49559.99,26.38,5639.56,-0.68,0.02,0.30,-17.14,-23.87,11.71,-2.15,-4.45,1.54,-27.584113,-48.481587,8
-8.63,49583.55,24.95,5636.06,-0.03,0.36,0.61,-29.01,-16.21,8.64,-3.44,3.20,0.29,-27.584104,-48.481567,7
-8.61,49607.13,25.98,5632.56,0.26,-0.11,0.48,-22.42,-4.84,7.82,-5.98,6.06,-3.88,-27.584095,-48.481547,6
-8.59,49630.72,23.66,5629.06,-0.06,-0.66,0.25,-28.61,7.77,7.62,-3.18,5.09,-6.60,-27.584086,-48.481526,9
-8.57,49654.31,25.06,5625.56,0.74,-0.65,0.91,-26.04,18.77,4.19,8.54,-3.50,2.29,-27.584077,-48.481506,7
-8.54,49677.91,24.29,5622.06,0.59,0.59,-0.61,-16.58,24.58,1.40,8.11,-3.59,4.79,-27.584068,-48.481486,6
-8.52,49701.53,24.05,5618.56,-0.53,-0.17,-1.15,-1.05,30.71,-0.72,-0.77,-2.99,4.82,-27.584059,-48.481466,6
-8.50,49725.15,25.24,5615.06,-0.05,0.67,-0.02,6.16,34.27,2.07,-0.89,2.32,0.01,-27.584050,-48.481445,10
-8.48,49748.78,25.13,5611.56,0.10,0.04,0.33,17.14,22.72,-1.86,-6.82,10.42,-4.20,-27.584042,-48.481425,6
-8.45,49772.42,23.85,5608.06,0.24,0.41,-0.46,26.66,11.68,-5.74,0.33,2.33,-4.88,-27.584033,-48.481405,6
-8.43,49796.07,26.28,5604.56,-0.85,-0.15,-0.41,31.35,3.23,-8.67,6.71,-3.87,-2.42,-27.584024,-48.481385,6
-8.41,49819.73,25.56,5601.06,0.57,-0.81,-0.54,27.78,-7.37,-11.05,8.28,-6.82,4.60,-27.584015,-48.481364,8
-8.38,49843.40,24.61,5597.56,-0.08,-0.92,0.75,26.89,-19.62,-11.21,7.10,-2.08,3.69,-27.584006,-48.481344,9
-8.36,49867.07,27.57,5594.06,0.41,0.02,-0.16,16.11,-28.79,-8.98,-4.28,5.52,4.74,-27.583997,-48.481324,6
-8.34,49890.76,26.27,5590.56,-0.31,-0.69,0.45,5.75,-29.12,-8.93,-3.51,5.55,0.65,-27.583988,-48.481303,6
-8.32,49914.45,25.15,5587.06,0.32,-0.06,-0.78,-9.26,-27.80,-12.05,-5.04,-2.89,-6.34,-27.583979,-48.481283,8
-8.29,49938.16,24.28,5583.56,-0.57,-0.80,0.59,-20.24,-22.47,-12.11,1.43,-6.53,-3.23,-27.583970,-48.481263,7
-8.27,49961.87,25.81,5580.06,0.35,-0.36,-1.08,-29.32,-11.53,-11.03,3.31,-3.28,-4.88,-27.583961,-48.481243,7
-8.25,49985.59,26.01,5576.56,-0.25,0.16,1.12,-28.13,-1.65,-7.38,5.13,4.42,2.55,-27.583952,-48.481222,10
-8.22,50009.33,25.53,5573.06,0.00,0.42,-0.52,-26.19,11.26,-4.18,0.56,5.05,3.53,-27.583943,-48.481202,8
-8.20,50033.07,25.92,5569.56,-0.30,0.01,-0.54,-19.19,19.10,-2.55,-2.30,1.41,2.82,-27.583934,-48.481182,9
-8.18,50056.82,26.30,5566.06,0.88,0.26,-0.26,-13.97,28.22,-1.86,-8.77,-1.65,-0.00,-27.583925,-48.481162,10
-8.16,50080.57,27.09,5562.56,-0.59,-0.09,0.20,-1.41,34.37,0.25,0.52,-7.38,-6.69,-27.583916,-48.481141,10
-8.13,50104.34,26.78,5559.06,-0.22,0.33,-0.50,12.65,27.07,1.61,4.85,-1.92,-7.34,-27.583907,-48.481121,8
-8.11,50128.12,25.48,5555.56,-0.54,0.50,0.56,21.76,21.07,7.82,7.91,4.05,-3.44,-27.583898,-48.481101,8
-8.09,50151.91,24.02,5552.06,-0.28,-0.15,-0.74,28.17,9.33,5.35,0.36,8.66,4.34,-27.583889,-48.481080,8
-8.07,50175.70,23.80,5548.56,-1.49,0.10,0.22,32.83,2.26,6.07,-5.58,1.39,3.70,-27.583880,-48.481060,10
-8.04,50199.50,26.10,5545.06,0.10,-0.19,0.74,26.46,-13.57,10.24,-5.55,-6.40,6.60,-27.583871,-48.481040,7
-8.02,50223.32,26.55,5541.56,-0.47,0.18,-0.16,23.56,-20.38,4.20,-0.90,-6.82,-2.67,-27.583862,-48.481020,8
-8.00,50247.14,26.42,5538.06,-0.79,0.06,0.43,12.63,-31.13,10.73,4.38,-2.56,-4.93,-27.583853,-48.480999,10
-7.97,50270.97,25.18,5534.56,-0.74,0.43,0.28,0.82,-29.52,11.15,4.73,5.13,-6.30,-27.583844,-48.480979,9
-7.95,50294.81,26.25,5531.06,-0.01,0.00,-0.98,-13.73,-29.76,9.80,5.58,7.23,-3.39,-27.583835,-48.480959,10
-7.93,50318.66,23.83,5527.56,0.31,0.46,-0.37,-25.07,-20.92,10.84,-3.98,-4.47,1.38,-27.583826,-48.480939,9
-7.91,50342.52,26.29,5524.06,-0.42,0.19,0.29,-28.28,-8.15,8.46,-8.67,-3.17,7.88,-27.583817,-48.480918,10
-7.88,50366.39,26.35,5520.56,-0.30,-0.24,-0.09,-29.99,6.35,7.81,-3.36,-6.46,5.52,-27.583808,-48.480898,9
-7.86,50390.27,26.72,5517.06,-1.30,-0.40,0.79,-28.56,15.74,9.65,1.39,3.71,-0.27,-27.583799,-48.480878,8
-7.84,50414.16,25.26,5513.56,-0.77,-0.94,-0.77,-17.79,19.05,0.78,5.66,5.46,-3.05,-27.583790,-48.480857,9
-7.82,50438.05,26.07,5510.06,-0.38,-0.75,0.32,-10.90,27.75,0.83,2.45,3.71,-3.38,-27.583781,-48.480837,9
-7.79,50461.96,25.26,5506.56,-0.13,0.23,-0.41,1.80,27.94,-0.28,-1.79,-0.28,-3.38,-27.583772,-48.480817,9
-7.77,50485.87,27.37,5503.06,0.16,-0.51,-0.49,16.57,25.77,-4.25,-4.21,-6.40,1.69,-27.583763,-48.480797,6
-7.75,50509.80,24.71,5499.56,-0.45,0.07,-0.23,25.20,17.61,-3.93,-8.09,-4.90,3.64,-27.583754,-48.480776,9
-7.72,50533.73,24.47,5496.06,0.17,-0.00,-0.20,30.73,7.97,-7.54,1.59,2.12,0.77,-27.583745,-48.480756,8
-7.70,50557.67,25.29,5492.56,0.57,0.21,0.56,30.41,-3.80,-3.77,3.63,6.76,0.39,-27.583736,-48.480736,10
-7.68,50581.62,26.32,5489.06,-0.44,0.35,0.53,24.08,-17.89,-8.26,2.78,4.33,-3.71,-27.583727,-48.480716,10
-7.66,50605.58,28.25,5485.56,-0.57,0.12,0.20,21.51,-24.35,-7.27,2.17,-2.93,-3.61,-27.583718,-48.480695,10
-7.63,50629.55,26.81,5482.06,0.31,-0.68,-0.49,5.89,-33.27,-7.79,-2.96,-3.42,-0.91,-27.583709,-48.480675,7
-7.61,50653.53,27.24,5478.56,-0.17,0.07,-0.05,-5.50,-31.76,-9.55,-3.96,-1.57,2.71,-27.583700,-48.480655,8
-7.59,50677.52,26.42,5475.06,-1.01,0.57,-0.42,-17.00,-22.35,-9.76,-4.28,4.79,6.33,-27.583691,-48.480634,7
-7.57,50701.51,26.14,5471.56,-0.23,-0.40,-0.81,-21.61,-14.39,-6.95,4.09,5.50,-0.55,-27.583682,-48.480614,6
-7.54,50725.52,26.42,5468.06,0.11,0.72,0.19,-26.38,-5.83,-6.60,8.71,2.04,1.27,-27.583673,-48.480594,7
-7.52,50749.54,27.80,5464.56,0.08,-0.72,-0.36,-27.69,4.09,-5.00,4.29,-5.23,-4.77,-27.583664,-48.480574,7
-7.50,50773.56,27.92,5461.06,-0.39,-0.67,-0.48,-28.39,17.10,-5.40,-2.73,-7.16,-8.53,-27.583655,-48.480553,10
-7.47,50797.59,27.70,5457.56,0.30,0.53,0.15,-15.63,24.07,-3.09,-8.69,0.85,-0.39,-27.583646,-48.480533,8
-7.45,50821.64,26.32,5454.06,-0.85,-0.22,-0.17,-4.56,33.04,-1.65,-3.77,4.67,-0.16,-27.583637,-48.480513,6
-7.43,50845.69,26.25,5450.56,-0.40,0.04,-0.41,7.67,27.86,3.83,2.93,4.87,4.93,-27.583628,-48.480493,8
-7.41,50869.75,26.32,5447.06,0.19,-0.46,0.50,19.54,28.52,0.79,7.43,1.54,5.13,-27.583619,-48.480472,6
-7.38,50893.82,24.73,5443.56,-0.35,-0.39,0.54,23.57,15.26,5.87,0.33,-5.41,0.65,-27.583610,-48.480452,7
-7.36,50917.90,25.00,5440.06,0.55,0.74,0.54,28.95,5.30,2.23,-1.67,-4.47,-3.08,-27.583601,-48.480432,9
-7.34,50941.99,25.87,5436.56,-0.03,0.41,0.33,30.89,-6.20,8.07,-7.18,1.05,-7.89,-27.583592,-48.480411,9
-7.31,50966.09,28.01,5433.06,-0.35,-0.43,0.48,23.67,-18.22,9.86,-6.17,4.16,-0.28,-27.583583,-48.480391,7
-7.29,50990.20,26.14,5429.56,0.67,0.64,0.26,16.75,-24.68,9.34,6.31,0.92,3.76,-27.583574,-48.480371,6
-7.27,51014.31,26.26,5426.06,-0.26,-0.61,-1.02,5.81,-28.04,10.68,4.07,-5.40,4.59,-27.583565,-48.480351,9
-7.25,51038.44,27.41,5422.56,0.28,-0.69,0.24,-10.61,-29.37,6.64,4.84,-11.09,3.05,-27.583556,-48.480330,7
-7.22,51062.58,27.44,5419.06,-0.91,-0.66,0.39,-20.50,-24.54,11.28,1.48,-3.02,-2.14,-27.583547,-48.480310,7
-7.20,51086.72,27.48,5415.56,-0.10,1.09,0.15,-27.25,-11.50,8.82,-4.19,4.59,-6.21,-27.583538,-48.480290,6
-7.18,51110.87,27.09,5412.06,0.11,0.44,-0.71,-30.95,-3.91,7.46,-3.87,7.74,-6.60,-27.583529,-48.480270,9
-7.16,51135.04,27.36,5408.56,-0.29,-0.06,-0.42,-27.27,8.20,6.11,0.55,2.20,-2.20,-27.583520,-48.480249,7
-7.13,51159.21,25.65,5405.06,0.25,0.40,-0.66,-22.99,22.69,4.75,7.34,-8.14,5.48,-27.583511,-48.480229,8
-7.11,51183.39,26.75,5401.56,0.29,-0.14,-0.27,-15.18,27.59,0.15,4.83,-6.70,4.93,-27.583503,-48.480209,7
-7.09,51207.58,26.45,5398.06,0.97,-0.26,-0.13,-1.48,29.85,-0.52,1.57,-1.44,2.70,-27.583494,-48.480188,8
-7.06,51231.78,26.20,5394.56,0.03,0.24,0.24,11.15,24.52,-0.51,-5.71,4.89,-6.58,-27.583485,-48.480168,7
-7.04,51255.99,27.09,5391.06,-0.11,0.46,0.32,19.73,23.11,-1.68,-7.70,5.49,-3.32,-27.583476,-48.480148,9
-7.02,51280.21,26.11,5387.56,-0.11,0.29,-0.96,24.62,12.61,-4.60,-0.18,2.51,-6.33,-27.583467,-48.480128,9
-7.00,51304.44,26.85,5384.06,-0.38,0.63,0.29,29.88,3.77,-10.42,5.20,-6.80,-2.75,-27.583458,-48.480107,7
-6.97,51328.67,27.61,5380.56,-0.86,0.32,-0.18,28.94,-6.86,-7.72,6.55,-5.18,2.88,-27.583449,-48.480087,7
-6.95,51352.92,27.85,5377.06,0.30,0.51,0.09,23.34,-23.22,-8.05,0.22,-0.07,7.86,-27.583440,-48.480067,8
-6.93,51377.18,28.07,5373.56,0.05,-0.41,0.41,13.37,-26.98,-9.24,-3.95,3.58,4.86,-27.583431,-48.480046,9
-6.91,51401.44,27.01,5370.06,0.16,-0.97,-0.31,-0.98,-29.17,-8.38,-9.54,4.09,-1.01,-27.583422,-48.480026,7
-6.88,51425.72,26.74,5366.56,0.89,-0.16,0.67,-7.53,-28.86,-13.02,-4.27,-2.99,-4.17,-27.583413,-48.480006,9
-6.86,51450.00,26.41,5363.06,-1.11,0.89,0.63,-17.42,-22.44,-8.71,1.26,-5.74,-3.89,-27.583404,-48.479986,8
-6.84,51474.29,26.32,5359.56,-0.54,-0.72,0.73,-31.09,-11.97,-6.30,4.47,-7.88,0.25,-27.583395,-48.479965,8
-6.81,51498.59,28.28,5356.06,0.61,0.07,0.31,-29.33,-1.44,-5.33,3.95,5.67,5.09,-27.583386,-48.479945,10
-6.79,51522.90,27.72,5352.56,-0.32,0.01,-0.34,-25.27,9.95,-6.27,-5.28,5.46,5.11,-27.583377,-48.479925,6
-6.77,51547.23,28.04,5349.06,0.14,0.38,-0.41,-21.79,22.08,-3.40,-7.93,2.07,3.64,-27.583368,-48.479905,6
-6.75,51571.56,27.47,5345.56,0.13,0.09,0.89,-8.24,28.67,-2.27,-7.40,-2.82,-3.78,-27.583359,-48.479884,6
-6.72,51595.89,27.54,5342.06,-0.41,0.18,0.26,3.74,33.51,0.90,-1.84,-5.78,-5.50,-27.583350,-48.479864,6
-6.70,51620.24,27.74,5338.56,0.03,-0.10,-0.37,12.72,28.09,2.29,8.40,-0.39,-8.87,-27.583341,-48.479844,9
-6.68,51644.60,27.87,5335.06,0.34,0.53,-0.12,17.35,20.97,3.23,4.90,1.18,-5.87,-27.583332,-48.479823,7
-6.66,51668.97,28.27,5331.56,0.16,0.45,-0.28,29.08,8.45,8.08,-1.99,7.50,2.03,-27.583323,-48.479803,10
-6.63,51693.34,26.00,5328.06,0.57,-0.18,-0.28,28.12,-4.18,7.99,-6.90,2.12,3.02,-27.583314,-48.479783,8
-6.61,51717.73,28.24,5324.56,-0.11,0.79,0.11,25.69,-16.59,11.57,-5.80,-1.82,5.35,-27.583305,-48.479763,10
-6.59,51742.13,28.13,5321.06,0.15,-0.06,0.79,21.80,-27.13,12.38,-1.63,-3.54,-2.15,-27.583296,-48.479742,9
-6.56,51766.53,27.43,5317.56,-0.89,-0.81,0.51,6.04,-31.07,9.31,3.35,-1.34,-6.20,-27.583287,-48.479722,8
-6.54,51790.94,26.76,5314.06,0.21,0.34,0.42,-3.29,-30.51,11.71,6.43,6.56,-5.68,-27.583278,-48.479702,6
-6.52,51815.37,26.16,5310.56,-0.43,-0.12,-0.16,-17.04,-29.37,10.39,-0.82,2.00,-0.65,-27.583269,-48.479682,10
-6.50,51839.80,27.44,5307.06,0.48,-0.35,0.53,-20.49,-15.72,7.29,-6.17,-0.56,3.83,-27.583260,-48.479661,7
-6.47,51864.24,28.77,5303.56,0.53,-0.86,-0.77,-29.62,-7.25,8.75,-6.66,-4.19,2.90,-27.583251,-48.479641,6
-6.45,51888.69,27.62,5300.06,0.06,0.34,0.06,-29.62,6.59,8.77,-5.68,-2.94,4.41,-27.583242,-48.479621,8
-6.43,51913.15,28.05,5296.56,-0.44,-0.88,0.61,-24.80,12.53,3.60,1.15,0.74,-1.35,-27.583233,-48.479600,8
-6.40,51937.62,27.18,5293.06,0.71,0.09,0.42,-17.02,25.97,3.90,3.41,6.45,-6.52,-27.583224,-48.479580,10
-6.38,51962.10,27.88,5289.56,-0.86,-0.98,-1.30,-10.23,25.67,0.08,0.84,4.39,-7.56,-27.583215,-48.479560,6
-6.36,51986.59,27.76,5286.06,-0.64,1.01,-0.09,6.20,30.30,-2.02,-2.59,-0.68,-1.25,-27.583206,-48.479540,7
-6.34,52011.09,28.71,5282.56,0.66,0.77,0.11,16.12,24.35,-0.80,-2.21,-5.18,3.05,-27.583197,-48.479519,8
-6.31,52035.59,27.55,5279.06,0.05,0.22,-0.28,24.98,15.86,-7.89,-4.10,-5.16,6.66,-27.583188,-48.479499,7
-6.29,52060.11,28.48,5275.56,0.41,0.43,-0.09,27.47,3.96,-2.86,0.83,3.97,1.94,-27.583179,-48.479479,8
-6.27,52084.64,26.72,5272.06,1.58,-0.17,-0.24,30.92,-4.24,-6.59,6.00,5.69,-1.45,-27.583170,-48.479459,9
-6.25,52109.17,28.27,5268.56,-0.85,0.00,0.80,23.19,-17.38,-10.23,6.89,3.61,-2.93,-27.583161,-48.479438,10
-6.22,52133.72,27.65,5265.06,-0.28,-0.19,0.20,14.55,-26.87,-11.00,2.12,-5.06,-3.49,-27.583152,-48.479418,6
-6.20,52158.27,28.28,5261.56,0.09,0.49,-0.59,2.59,-25.91,-7.64,-5.42,-7.16,-1.92,-27.583143,-48.479398,8
-6.18,52182.83,28.67,5258.06,0.11,0.19,0.47,-6.30,-29.40,-9.49,-8.29,-1.38,1.06,-27.583134,-48.479377,7
-6.15,52207.41,25.79,5254.56,-0.39,0.47,0.23,-19.09,-20.12,-10.23,-1.84,5.66,4.93,-27.583125,-48.479357,9
-6.13,52231.99,29.01,5251.06,-0.19,-0.15,0.01,-24.68,-12.24,-12.51,6.69,6.23,1.98,-27.583116,-48.479337,9
-6.11,52256.58,27.45,5247.56,1.00,-0.11,-0.77,-27.46,-4.99,-7.54,7.02,2.39,-1.09,-27.583107,-48.479317,10
-6.09,52281.18,26.58,5244.06,0.69,0.61,-0.18,-28.67,8.74,-7.38,5.05,-8.08,-4.74,-27.583098,-48.479296,10
-6.06,52305.79,28.84,5240.56,-0.87,0.17,-0.31,-18.80,21.03,-1.48,-6.81,-6.22,-7.13,-27.583089,-48.479276,10
-6.04,52330.41,29.20,5237.06,-0.48,-0.03,-0.20,-17.48,26.59,-4.25,-4.50,1.85,0.11,-27.583080,-48.479256,10
-6.02,52355.04,28.91,5233.56,0.33,0.40,-0.29,-2.13,30.57,3.51,-0.46,1.72,4.07,-27.583071,-48.479236,10
-6.00,52379.68,27.57,5230.06,0.09,-0.28,-0.62,7.08,27.80,2.78,3.25,7.45,6.44,-27.583062,-48.479215,7
-5.97,52404.32,28.26,5226.56,1.67,0.26,0.42,15.81,25.75,3.96,8.21,0.07,5.10,-27.583053,-48.479195,8
-5.95,52428.98,26.68,5223.06,0.19,-0.07,-0.06,26.28,9.91,4.24,2.53,-6.48,-2.11,-27.583044,-48.479175,6
-5.93,52453.65,28.57,5219.56,0.67,0.29,0.74,27.84,1.52,6.91,-2.14,-4.06,-1.53,-27.583035,-48.479154,7
-5.90,52478.32,29.05,5216.06,0.48,0.64,0.09,27.67,-6.91,7.70,-6.83,3.41,-4.04,-27.583026,-48.479134,10
-5.88,52503.01,27.31,5212.56,-0.68,-0.72,0.08,23.03,-18.93,7.67,-5.00,1.50,-0.91,-27.583017,-48.479114,10
-5.86,52527.70,28.58,5209.06,0.76,0.27,-0.28,13.53,-25.93,9.39,3.16,3.01,5.17,-27.583008,-48.479094,9
-5.84,52552.41,27.45,5205.56,-0.28,0.37,-0.44,0.75,-26.31,6.17,7.24,-2.17,2.31,-27.582999,-48.479073,8
-5.81,52577.12,28.83,5202.06,0.73,-0.82,0.34,-10.64,-26.84,12.15,3.48,-5.19,4.35,-27.582990,-48.479053,6
-5.79,52601.84,29.55,5198.56,0.59,0.62,0.23,-21.47,-21.98,8.78,-0.39,-1.89,-1.31,-27.582981,-48.479033,9
-5.77,52626.57,27.37,5195.06,0.29,0.31,-0.02,-27.93,-13.27,11.90,-5.16,5.38,-9.58,-27.582973,-48.479013,7
-5.75,52651.32,29.12,5191.56,-0.58,0.13,0.24,-30.58,-6.62,6.15,-6.40,6.15,-5.39,-27.582964,-48.478992,7
-5.72,52676.07,30.01,5188.06,0.48,0.34,-0.06,-31.85,12.19,6.24,-0.16,3.93,-1.56,-27.582955,-48.478972,8
-5.70,52700.83,29.27,5184.56,-0.33,-0.33,1.06,-21.86,16.52,5.58,6.47,-3.02,2.22,-27.582946,-48.478952,7
-5.68,52725.60,29.11,5181.06,-0.28,0.62,0.52,-12.94,28.98,-3.74,4.46,-4.48,3.58,-27.582937,-48.478931,10
-5.65,52750.38,29.82,5177.56,0.90,-0.13,0.24,0.10,28.19,3.75,0.52,2.09,3.92,-27.582928,-48.478911,6
-5.63,52775.17,27.83,5174.06,0.63,-0.02,0.25,7.79,26.41,-1.73,-3.47,6.28,-1.37,-27.582919,-48.478891,6
-5.61,52799.96,29.94,5170.56,0.12,-0.39,-0.10,21.08,19.20,-4.49,-6.09,2.08,-6.72,-27.582910,-48.478871,10
-5.59,52824.77,30.60,5167.06,-0.42,-1.06,1.02,27.76,13.76,-8.62,-0.80,-4.09,-6.29,-27.582901,-48.478850,8
-5.56,52849.59,27.96,5163.56,0.51,0.28,0.22,31.52,2.34,-5.14,5.16,-9.69,-2.35,-27.582892,-48.478830,9
-5.54,52874.41,29.14,5160.06,0.62,-0.75,0.05,27.31,-13.09,-6.85,10.62,-8.67,5.43,-27.582883,-48.478810,10
-5.52,52899.25,28.69,5156.56,0.75,-0.47,0.29,24.55,-22.04,-6.81,0.94,-0.31,6.67,-27.582874,-48.478790,7
-5.49,52924.10,28.70,5153.06,-0.05,-0.39,0.77,11.26,-27.37,-8.56,-3.26,8.09,3.83,-27.582865,-48.478769,8
-5.47,52948.95,29.13,5149.56,-0.01,0.03,-0.22,-2.43,-31.65,-10.48,-6.97,4.31,-2.50,-27.582856,-48.478749,8
-5.45,52973.82,29.03,5146.06,-1.29,-1.16,-0.41,-11.05,-22.61,-9.34,-5.45,-1.02,-2.01,-27.582847,-48.478729,8
-5.43,52998.69,29.96,5142.56,0.39,-0.13,0.08,-20.08,-21.11,-8.77,2.92,-7.23,-5.36,-27.582838,-48.478708,10
-5.40,53023.57,29.07,5139.06,-0.05,-0.63,0.06,-32.22,-5.39,-9.87,5.37,-5.81,-0.36,-27.582829,-48.478688,8
-5.38,53048.46,29.83,5135.56,0.10,0.30,0.21,-25.39,4.35,-9.59,3.36,1.81,7.25,-27.582820,-48.478668,9
-5.36,53073.37,29.13,5132.06,-0.59,0.49,-0.78,-23.07,16.61,-2.65,-1.52,7.61,8.45,-27.582811,-48.478648,6
-5.34,53098.28,29.63,5128.56,1.34,-0.05,-0.63,-18.62,23.15,-3.70,-4.88,3.00,2.82,-27.582802,-48.478627,9
-5.31,53123.20,29.56,5125.06,0.76,0.82,0.57,-8.65,27.92,-2.29,-4.00,-3.47,0.83,-27.582793,-48.478607,9
-5.29,53148.13,29.61,5121.56,-0.45,0.16,-0.10,2.37,30.93,-1.31,-1.48,-4.29,-6.32,-27.582784,-48.478587,8
-5.27,53173.07,28.38,5118.06,-0.39,-0.22,0.65,14.92,23.76,3.59,5.42,-1.74,-4.69,-27.582775,-48.478567,10
-5.24,53198.02,29.07,5114.56,0.17,0.45,-0.56,21.97,19.14,2.28,3.83,9.43,-1.93,-27.582766,-48.478546,6
-5.22,53222.98,31.07,5111.06,-0.60,-0.20,-0.31,28.11,7.22,4.89,-3.72,4.91,7.70,-27.582757,-48.478526,8
-5.20,53247.95,28.70,5107.56,0.09,-0.13,0.10,30.68,-6.59,7.06,-8.22,-0.77,6.76,-27.582748,-48.478506,10
-5.18,53272.92,28.86,5104.06,-0.25,-0.15,-0.87,25.95,-17.65,5.41,-5.00,-5.39,1.56,-27.582739,-48.478485,7
-5.15,53297.91,28.93,5100.56,0.05,0.53,0.07,13.91,-23.22,6.93,-0.60,-6.49,-3.89,-27.582730,-48.478465,6
-5.13,53322.91,30.02,5097.06,0.70,-0.01,0.30,5.51,-25.82,11.38,4.07,2.68,-1.81,-27.582721,-48.478445,6
-5.11,53347.92,28.34,5093.56,0.24,-0.49,-0.48,-3.97,-26.93,9.20,5.07,3.34,-6.31,-27.582712,-48.478425,10
-5.09,53372.93,28.47,5090.06,-0.14,0.36,0.38,-16.09,-27.63,10.21,-0.97,8.13,2.43,-27.582703,-48.478404,8
-5.06,53397.96,29.45,5086.56,-0.08,0.62,0.08,-23.17,-17.22,8.63,-5.26,-1.48,5.88,-27.582694,-48.478384,8
-5.04,53422.99,28.72,5083.06,0.08,-0.23,0.50,-31.42,-6.81,7.22,-4.83,-5.82,7.48,-27.582685,-48.478364,10
-5.02,53448.04,30.02,5079.56,0.54,-0.42,-0.69,-30.09,5.64,5.84,-2.80,-3.76,3.13,-27.582676,-48.478344,6
-4.99,53473.09,28.58,5076.06,0.02,-0.02,0.46,-27.55,15.21,2.59,5.47,4.25,-4.63,-27.582667,-48.478323,8
-4.97,53498.15,29.44,5072.56,0.39,0.39,0.73,-15.56,25.93,2.87,8.91,6.74,-2.64,-27.582658,-48.478303,9
-4.95,53523.23,30.20,5069.06,0.30,-0.50,0.40,-9.09,29.65,4.22,3.78,2.82,-3.27,-27.582649,-48.478283,9
-4.93,53548.31,30.61,5065.56,-0.38,0.30,0.45,6.23,26.98,-3.20,-4.16,-2.59,-1.12,-27.582640,-48.478262,6
-4.90,53573.40,29.95,5062.06,-0.06,-0.02,-0.52,18.10,25.19,-4.05,-8.01,-4.08,2.88,-27.582631,-48.478242,9
-4.88,53598.50,29.06,5058.56,0.47,-0.49,-0.46,23.64,14.03,-3.43,-0.19,-2.83,3.64,-27.582622,-48.478222,7
-4.86,53623.61,29.47,5055.06,0.40,0.20,-0.38,31.07,6.12,-5.06,5.71,3.83,2.84,-27.582613,-48.478202,7
-4.84,53648.73,30.15,5051.56,1.12,0.64,0.53,27.47,-10.32,-4.97,6.77,8.82,-0.95,-27.582604,-48.478181,6
-4.81,53673.86,27.22,5048.06,0.17,0.08,0.11,20.50,-21.07,-7.79,4.08,4.67,-0.39,-27.582595,-48.478161,8
-4.79,53699.00,30.53,5044.56,-0.09,-0.27,-0.54,11.19,-24.22,-7.02,-1.16,-2.40,-3.34,-27.582586,-48.478141,7
-4.77,53724.15,28.57,5041.06,0.48,-1.03,0.06,7.07,-29.63,-8.56,-6.29,-4.56,-3.56,-27.582577,-48.478121,10
-4.74,53749.31,30.23,5037.56,0.24,-0.95,-0.04,-9.57,-26.04,-8.00,-5.59,-0.06,4.99,-27.582568,-48.478100,9
-4.72,53774.48,28.68,5034.06,-0.05,0.34,-0.32,-21.51,-21.61,-10.88,-1.17,7.77,4.64,-27.582559,-48.478080,8
-4.70,53799.66,29.87,5030.56,0.82,-0.59,0.68,-25.10,-14.17,-10.70,2.81,4.31,1.31,-27.582550,-48.478060,8
-4.68,53824.84,30.64,5027.06,-0.88,0.08,0.21,-32.15,-3.12,-7.87,5.86,-0.63,0.19,-27.582541,-48.478039,8
-4.65,53850.04,28.75,5023.56,-0.36,0.17,0.55,-30.67,13.27,-8.84,-1.55,-7.59,-9.08,-27.582532,-48.478019,9
-4.63,53875.25,28.99,5020.06,-0.21,-0.97,0.46,-20.49,20.85,-3.53,-9.03,-7.30,-1.58,-27.582523,-48.477999,8
-4.61,53900.46,29.11,5016.56,-0.71,-0.21,0.53,-15.15,28.35,-3.89,-5.32,1.96,-1.24,-27.582514,-48.477979,6
-4.58,53925.69,30.47,5013.06,0.37,-1.38,0.62,-3.64,31.85,-3.64,-0.31,9.39,5.70,-27.582505,-48.477958,10
-4.56,53950.92,29.69,5009.56,-0.59,1.17,-0.62,12.22,27.82,-0.81,-0.00,5.43,7.89,-27.582496,-48.477938,8
-4.54,53976.17,29.33,5006.06,-0.33,0.33,-0.38,24.99,18.46,6.57,3.62,-4.40,-0.35,-27.582487,-48.477918,9
-4.52,54001.42,29.45,5002.56,-1.18,-0.31,-0.45,26.96,12.06,5.59,3.28,-6.60,-0.67,-27.582478,-48.477898,9
-4.49,54026.68,30.27,4999.06,-0.86,0.24,1.08,31.94,1.80,4.99,-4.58,0.64,-7.65,-27.582469,-48.477877,10
-4.47,54051.96,29.26,4995.56,0.14,0.40,0.66,27.97,-13.96,11.71,-7.20,3.90,-2.48,-27.582460,-48.477857,6
-4.45,54077.24,28.56,4992.06,0.68,-0.28,0.97,21.24,-20.30,6.81,2.02,1.53,2.05,-27.582451,-48.477837,6
-4.43,54102.53,29.92,4988.56,0.04,-0.34,0.12,7.07,-26.85,11.63,3.17,-0.20,3.42,-27.582443,-48.477816,6
-4.40,54127.84,30.86,4985.06,-0.65,0.17,1.28,-4.53,-32.38,10.54,5.54,-2.44,5.88,-27.582434,-48.477796,6
-4.38,54153.15,30.36,4981.56,-0.08,0.17,-0.49,-15.70,-24.70,13.20,2.13,-8.99,0.34,-27.582425,-48.477776,7
-4.36,54178.47,29.05,4978.06,0.32,-0.23,-0.12,-21.31,-21.42,9.62,-4.78,-0.68,-6.70,-27.582416,-48.477756,9
-4.33,54203.80,30.20,4974.56,1.29,-0.15,0.16,-29.45,-10.33,10.65,-5.43,4.39,-5.00,-27.582407,-48.477735,8
-4.31,54229.14,30.94,4971.06,-0.39,0.25,-0.22,-30.46,2.17,8.15,-4.18,5.09,-2.85,-27.582398,-48.477715,10
-4.29,54254.49,30.27,4967.56,0.18,-0.80,0.49,-29.29,15.77,10.58,2.85,0.25,-0.51,-27.582389,-48.477695,6
-4.27,54279.85,31.21,4964.06,0.02,0.19,0.05,-20.01,23.75,2.53,5.25,-4.54,3.99,-27.582380,-48.477675,7
-4.24,54305.22,31.04,4960.56,-0.69,0.31,0.30,-8.52,27.12,1.33,1.82,-2.93,3.42,-27.582371,-48.477654,6
-4.22,54330.60,30.55,4957.06,0.05,0.08,0.73,4.80,31.07,-1.40,-0.18,-0.09,3.76,-27.582362,-48.477634,10
-4.20,54355.98,31.61,4953.56,0.12,0.60,-0.23,13.78,27.44,0.39,-6.67,7.33,-4.29,-27.582353,-48.477614,8
-4.18,54381.38,31.24,4950.06,0.25,-1.02,-0.21,22.45,18.92,-1.09,-3.76,4.14,-6.11,-27.582344,-48.477593,6
-4.15,54406.79,29.89,4946.56,-0.60,0.04,-0.37,34.54,5.64,-6.32,0.06,-1.74,-4.70,-27.582335,-48.477573,9
-4.13,54432.21,31.61,4943.06,-0.24,-0.23,-0.07,28.02,-0.76,-7.62,5.56,-6.33,-0.38,-27.582326,-48.477553,6
-4.11,54457.63,29.87,4939.56,-0.16,0.47,-0.68,26.66,-14.11,-8.40,2.06,-3.76,6.00,-27.582317,-48.477533,9
-4.08,54483.07,28.84,4936.06,-0.09,0.10,1.33,19.83,-26.52,-4.55,3.66,1.70,7.55,-27.582308,-48.477512,9
-4.06,54508.52,28.84,4932.56,0.12,-0.16,0.15,7.10,-30.22,-6.94,-3.22,4.44,3.06,-27.582299,-48.477492,7
-4.04,54533.97,30.65,4929.06,0.30,0.87,0.24,-2.71,-30.12,-8.68,-7.30,5.50,-2.87,-27.582290,-48.477472,9
-4.02,54559.44,30.02,4925.56,-0.54,-0.58,0.42,-12.52,-23.75,-8.77,-1.09,-6.70,-5.20,-27.582281,-48.477452,8
-3.99,54584.91,30.19,4922.06,0.18,0.66,1.02,-24.35,-22.52,-7.64,0.93,-6.56,-1.52,-27.582272,-48.477431,9
-3.97,54610.40,31.59,4918.56,0.71,0.23,-0.08,-28.98,-5.46,-7.33,11.14,-1.65,-1.89,-27.582263,-48.477411,9
-3.95,54635.89,31.40,4915.06,-0.08,-0.61,-0.36,-30.22,4.31,-2.42,4.58,2.15,4.58,-27.582254,-48.477391,9
-3.93,54661.39,31.45,4911.56,0.60,0.22,-0.15,-27.85,17.46,-5.64,-3.05,2.02,5.86,-27.582245,-48.477370,10
-3.90,54686.91,29.73,4908.06,0.46,1.06,-1.04,-13.99,24.54,-3.21,-4.45,1.83,-0.56,-27.582236,-48.477350,8
-3.88,54712.43,30.56,4904.56,0.14,1.21,-0.79,-2.84,28.27,-2.73,-5.72,-4.16,-4.81,-27.582227,-48.477330,6
-3.86,54737.96,30.15,4901.06,0.04,-0.50,0.24,7.34,27.25,4.06,2.45,-6.39,-4.94,-27.582218,-48.477310,10
-3.83,54763.51,30.55,4897.56,-0.10,0.40,0.62,14.94,24.47,3.08,8.57,-0.86,-3.90,-27.582209,-48.477289,8
-3.81,54789.06,30.04,4894.06,0.59,-0.58,0.10,26.25,17.15,3.86,5.14,5.32,1.89,-27.582200,-48.477269,7
-3.79,54814.62,29.94,4890.56,0.58,-0.10,0.41,29.51,5.82,6.65,-3.77,-0.05,3.87,-27.582191,-48.477249,8
-3.77,54840.19,29.74,4887.06,0.55,0.30,0.68,29.47,-6.20,8.21,-3.52,-0.10,5.48,-27.582182,-48.477229,9
-3.74,54865.77,31.54,4883.56,0.42,-0.98,-0.14,23.07,-17.02,8.08,-3.45,-4.69,1.97,-27.582173,-48.477208,10
-3.72,54891.36,31.01,4880.06,0.16,-0.29,0.52,17.02,-29.54,8.69,5.39,-2.67,-3.56,-27.582164,-48.477188,9
-3.70,54916.96,31.54,4876.56,0.69,0.58,-0.02,5.13,-26.56,9.41,5.42,2.28,-3.28,-27.582155,-48.477168,6
-3.67,54942.57,31.02,4873.06,0.62,-0.28,-0.14,-6.51,-31.81,8.68,3.20,3.94,-5.71,-27.582146,-48.477147,9
-3.65,54968.19,30.30,4869.56,0.37,0.28,-0.30,-17.99,-26.91,10.36,2.58,3.14,-0.75,-27.582137,-48.477127,7
-3.63,54993.82,32.30,4866.06,0.10,0.37,0.35,-25.77,-16.28,8.02,-4.16,-3.34,5.15,-27.582128,-48.477107,7
-3.61,55019.46,31.99,4862.56,-0.25,0.05,-0.39,-29.30,-1.05,8.53,-4.00,-6.63,1.50,-27.582119,-48.477087,6
-3.58,55045.11,31.83,4859.06,0.15,-0.15,-0.04,-28.70,5.59,5.30,-3.66,-3.12,3.14,-27.582110,-48.477066,9
-3.56,55070.77,29.81,4855.56,0.14,0.01,0.37,-23.48,16.17,4.13,7.80,4.05,-2.89,-27.582101,-48.477046,9
-3.54,55096.44,32.57,4852.06,-0.04,0.34,0.07,-14.19,28.75,-1.18,8.59,4.59,-1.51,-27.582092,-48.477026,9
-3.52,55122.11,29.31,4848.56,0.09,0.41,-0.50,-1.16,33.25,3.73,2.47,2.72,-8.96,-27.582083,-48.477006,7
-3.49,55147.80,32.43,4845.06,-0.07,-0.07,1.04,9.39,25.95,-0.18,-5.12,-5.64,3.62,-27.582074,-48.476985,6
-3.47,55173.50,30.95,4841.56,-0.41,-0.64,0.07,23.70,26.92,-2.67,-7.48,-5.43,4.96,-27.582065,-48.476965,6
-3.45,55199.20,30.55,4838.06,0.44,0.27,-0.37,27.07,16.00,-4.05,-3.95,-0.84,3.65,-27.582056,-48.476945,7
-3.42,55224.92,32.13,4834.56,0.10,0.18,-0.28,29.67,5.18,-4.09,3.02,4.99,3.01,-27.582047,-48.476924,6
-3.40,55250.65,31.16,4831.06,0.37,-0.28,-0.19,29.87,-9.75,-6.41,8.24,4.67,-2.77,-27.582038,-48.476904,9
-3.38,55276.38,33.66,4827.56,-0.35,-0.02,-0.09,19.13,-19.83,-7.89,1.93,-0.77,-8.23,-27.582029,-48.476884,9
-3.36,55302.13,31.58,4824.06,-1.39,0.12,0.14,13.26,-27.82,-10.15,-6.34,-4.99,-6.68,-27.582020,-48.476864,9
-3.33,55327.88,31.13,4820.56,0.27,0.01,-0.44,-1.15,-31.03,-9.45,-5.21,-6.11,-0.56,-27.582011,-48.476843,6
-3.31,55353.65,31.09,4817.06,-0.82,-0.17,-0.19,-14.19,-25.08,-10.87,-5.13,1.69,4.43,-27.582002,-48.476823,6
-3.29,55379.42,32.64,4813.56,0.96,0.01,0.08,-21.33,-21.82,-8.91,1.42,1.88,3.38,-27.581993,-48.476803,6
-3.27,55405.21,30.87,4810.06,-0.06,-0.01,-0.64,-24.94,-9.38,-10.78,6.72,5.92,3.38,-27.581984,-48.476783,10
-3.24,55431.00,31.62,4806.56,0.17,-0.21,-0.87,-29.29,0.22,-7.11,2.72,-4.29,-2.30,-27.581975,-48.476762,7
-3.22,55456.81,30.83,4803.06,-0.37,-0.67,0.04,-24.23,12.25,-5.03,-2.39,-6.07,-5.33,-27.581966,-48.476742,7
-3.20,55482.62,32.26,4799.56,-0.20,0.21,-0.40,-22.30,19.93,-3.87,-8.34,0.98,-0.56,-27.581957,-48.476722,9
-3.17,55508.44,32.08,4796.06,0.19,0.03,-0.32,-9.03,31.03,-3.74,-3.41,1.53,2.06,-27.581948,-48.476701,10
-3.15,55534.28,31.91,4792.56,-0.43,-0.45,-0.99,1.07,34.24,-0.78,-2.74,7.92,3.65,-27.581939,-48.476681,9
-3.13,55560.12,31.14,4789.06,-0.14,0.96,0.03,14.07,26.82,0.71,7.91,6.20,5.57,-27.581930,-48.476661,9
-3.11,55585.97,31.53,4785.56,0.22,0.62,-1.40,25.02,23.58,4.98,4.05,-4.97,0.41,-27.581921,-48.476641,10
-3.08,55611.83,31.45,4782.06,0.14,-0.43,0.03,30.08,12.82,3.61,0.28,-4.69,-3.21,-27.581913,-48.476620,10
-3.06,55637.71,30.15,4778.56,-0.09,-0.23,-0.65,29.57,0.37,11.14,-1.95,-0.65,-6.05,-27.581904,-48.476600,6
-3.04,55663.59,31.08,4775.06,-0.18,-0.14,0.03,25.97,-12.83,7.71,-3.02,2.77,-3.57,-27.581895,-48.476580,7
-3.02,55689.48,30.24,4771.56,-0.24,0.07,-0.45,18.10,-20.20,11.09,-1.40,5.50,2.94,-27.581886,-48.476560,9
-2.99,55715.38,29.74,4768.06,-0.23,0.84,0.47,8.14,-30.06,12.53,4.69,0.03,6.89,-27.581877,-48.476539,9
-2.97,55741.29,32.02,4764.56,0.02,-0.39,0.42,-0.66,-30.56,5.90,7.37,-6.21,4.58,-27.581868,-48.476519,10
-2.95,55767.21,32.75,4761.06,0.29,0.20,0.18,-13.19,-29.30,8.55,-1.54,-4.69,3.50,-27.581859,-48.476499,6
-2.92,55793.14,31.61,4757.56,0.06,-0.32,0.46,-22.95,-17.73,7.57,-1.84,-0.41,-2.35,-27.581850,-48.476478,8
-2.90,55819.08,32.11,4754.06,-0.02,0.61,-0.46,-30.45,-10.89,6.27,-6.67,7.80,-5.87,-27.581841,-48.476458,6
-2.88,55845.03,32.37,4750.56,0.42,0.24,0.07,-31.22,3.99,6.35,-0.81,6.00,-1.81,-27.581832,-48.476438,8
-2.86,55870.99,32.15,4747.06,0.47,0.39,-0.52,-23.33,14.22,3.44,2.20,-1.27,-1.82,-27.581823,-48.476418,8
-2.83,55896.96,32.74,4743.56,-0.45,-0.39,-0.57,-20.09,20.05,2.24,5.09,-3.62,4.46,-27.581814,-48.476397,7
-2.81,55922.94,31.48,4740.06,-0.63,-0.62,0.52,-9.94,34.21,1.89,3.08,-3.51,6.14,-27.581805,-48.476377,10
-2.79,55948.93,31.19,4736.56,0.59,0.90,-0.81,5.86,28.59,-2.60,-2.34,2.47,0.37,-27.581796,-48.476357,7
-2.76,55974.93,32.72,4733.06,0.16,-0.19,0.47,17.36,26.45,-3.69,-9.43,4.63,-6.66,-27.581787,-48.476336,6
-2.74,56000.94,32.79,4729.56,-0.67,0.29,0.00,28.59,14.16,-2.73,-5.87,0.96,-4.54,-27.581778,-48.476316,8
-2.72,56026.96,31.94,4726.06,-0.50,0.16,0.90,26.75,5.43,-9.46,-0.48,-0.62,-1.60,-27.581769,-48.476296,7
-2.70,56052.99,31.62,4722.56,-0.14,-0.34,-0.51,29.61,-7.58,-9.52,5.58,-4.87,1.99,-27.581760,-48.476276,8
-2.67,56079.02,33.08,4719.06,0.40,-0.48,-0.43,27.61,-13.17,-7.01,6.26,-5.02,6.74,-27.581751,-48.476255,6
-2.65,56105.07,32.06,4715.56,0.32,-0.37,0.35,18.93,-20.95,-8.82,3.02,3.70,4.44,-27.581742,-48.476235,9
-2.63,56131.13,32.96,4712.06,0.31,-0.09,0.43,6.06,-28.65,-9.45,-2.37,8.79,1.81,-27.581733,-48.476215,6
-2.61,56157.20,31.02,4708.56,-0.23,0.55,-0.27,-6.78,-29.94,-5.67,-7.11,0.26,-3.53,-27.581724,-48.476195,10
-2.58,56183.27,30.76,4705.06,0.92,-0.10,0.14,-15.98,-26.12,-7.72,-0.67,-3.63,-5.93,-27.581715,-48.476174,7
-2.56,56209.36,29.86,4701.56,0.94,-0.02,0.98,-30.63,-14.01,-11.58,5.33,-4.66,-3.52,-27.581706,-48.476154,6
-2.54,56235.46,31.23,4698.06,0.14,0.41,-0.13,-29.92,-7.97,-6.26,5.20,-0.61,1.59,-27.581697,-48.476134,8
-2.51,56261.56,32.40,4694.56,-0.16,-0.09,-0.12,-30.18,6.48,-8.07,0.53,6.47,7.23,-27.581688,-48.476113,6
-2.49,56287.68,31.90,4691.06,-0.10,-0.05,0.11,-26.25,16.14,-5.27,-3.44,4.31,6.03,-27.581679,-48.476093,9
-2.47,56313.81,31.33,4687.56,-0.55,0.81,0.03,-12.24,25.60,-0.44,-7.99,1.32,-1.50,-27.581670,-48.476073,7
-2.45,56339.94,31.68,4684.06,-0.12,-0.50,0.36,-4.99,29.26,0.43,-3.38,-5.41,-4.72,-27.581661,-48.476053,6
-2.42,56366.09,34.24,4680.56,-0.28,0.59,-0.32,7.79,25.50,-1.38,-2.38,-3.78,-4.68,-27.581652,-48.476032,9
-2.40,56392.24,33.06,4677.06,0.50,-0.26,0.60,17.39,25.60,5.52,8.56,3.49,-4.47,-27.581643,-48.476012,8
-2.38,56418.41,32.90,4673.56,0.38,1.35,0.94,23.78,12.42,5.84,1.31,7.86,5.31,-27.581634,-48.475992,9
-2.36,56444.59,33.16,4670.06,-0.39,-0.72,0.71,28.79,4.20,7.61,-3.49,5.42,4.92,-27.581625,-48.475972,7
-2.33,56470.77,33.93,4666.56,0.37,0.67,0.19,29.76,-13.98,8.43,-4.06,-3.18,8.21,-27.581616,-48.475951,7
-2.31,56496.97,33.88,4663.06,0.09,0.27,-0.83,23.76,-15.71,10.41,-1.13,-3.94,0.27,-27.581607,-48.475931,9
-2.29,56523.17,33.58,4659.56,0.41,-0.00,0.09,16.24,-26.77,9.88,1.55,-4.70,-6.17,-27.581598,-48.475911,9
-2.26,56549.39,32.52,4656.06,0.18,-0.36,0.06,3.68,-31.60,8.57,5.66,2.49,-5.10,-27.581589,-48.475890,10
-2.24,56575.61,31.89,4652.56,0.19,0.43,1.22,-8.28,-29.91,12.44,4.53,5.55,-4.18,-27.581580,-48.475870,6
-2.22,56601.84,31.83,4649.06,-0.30,-0.30,0.30,-19.84,-19.02,7.95,-1.40,2.49,0.60,-27.581571,-48.475850,6
-2.20,56628.09,32.47,4645.56,0.29,-0.25,-1.07,-24.78,-11.98,8.26,-7.47,-7.94,6.17,-27.581562,-48.475830,9
-2.17,56654.34,31.55,4642.06,0.08,-0.17,0.17,-27.38,-0.16,7.25,-5.27,-5.41,5.95,-27.581553,-48.475809,10
-2.15,56680.61,31.57,4638.56,1.28,-0.15,-0.66,-28.31,8.75,2.19,2.91,-5.02,-1.41,-27.581544,-48.475789,7
-2.13,56706.88,33.91,4635.06,-0.16,-0.34,0.57,-16.67,18.31,4.11,5.58,5.02,-4.24,-27.581535,-48.475769,10
-2.11,56733.16,32.73,4631.56,-0.15,0.57,0.52,-12.14,28.77,0.50,7.45,8.50,-6.06,-27.581526,-48.475749,7
-2.08,56759.46,33.69,4628.06,0.85,0.20,-0.53,0.31,28.86,0.95,-3.12,1.09,-2.55,-27.581517,-48.475728,10
-2.06,56785.76,35.90,4624.56,0.35,0.67,0.09,7.91,27.87,-1.77,-4.03,-5.57,-0.38,-27.581508,-48.475708,9
-2.04,56812.08,32.14,4621.06,1.00,-0.01,0.14,22.52,24.83,-1.81,-4.20,-4.26,7.54,-27.581499,-48.475688,6
-2.01,56838.40,35.54,4617.56,-0.11,0.31,-0.60,28.14,11.84,-5.60,-4.09,-1.04,7.48,-27.581490,-48.475667,9
-1.99,56864.73,33.77,4614.06,-1.13,-0.47,-0.48,28.14,0.27,-6.73,1.46,3.12,0.67,-27.581481,-48.475647,7
-1.97,56891.07,34.40,4610.56,-0.08,-0.23,-0.04,27.52,-9.44,-6.92,2.34,5.24,-6.57,-27.581472,-48.475627,6
-1.95,56917.43,33.07,4607.06,0.63,-0.34,0.01,22.20,-22.40,-10.05,3.27,1.83,-5.32,-27.581463,-48.475607,8
-1.92,56943.79,30.85,4603.56,0.11,0.29,0.06,11.71,-28.82,-7.85,-6.29,-4.94,-2.91,-27.581454,-48.475586,9
-1.90,56970.16,33.91,4600.06,-1.68,-0.61,-0.22,-2.03,-30.69,-10.10,-8.60,-7.47,3.57,-27.581445,-48.475566,6
-1.88,56996.55,32.20,4596.56,0.00,0.11,0.80,-17.01,-28.61,-10.19,-1.95,2.23,7.31,-27.581436,-48.475546,8
-1.85,57022.94,34.43,4593.06,-1.36,-0.77,-0.41,-23.01,-22.46,-12.24,1.89,3.67,2.99,-27.581427,-48.475526,8
-1.83,57049.34,35.01,4589.56,-0.12,0.32,0.35,-25.68,-12.15,-10.58,2.66,2.50,0.56,-27.581418,-48.475505,7
-1.81,57075.75,31.01,4586.06,-0.19,-0.32,0.70,-28.34,4.17,-6.45,2.75,-3.06,-1.22,-27.581409,-48.475485,8
-1.79,57102.17,32.13,4582.56,-0.10,0.86,0.29,-26.92,12.93,-7.56,-5.57,-3.79,-4.44,-27.581400,-48.475465,6
-1.76,57128.61,32.08,4579.06,-0.01,0.11,0.54,-18.18,27.37,-0.07,-8.66,-3.13,-5.72,-27.581391,-48.475444,9
-1.74,57155.05,34.18,4575.56,-0.40,0.04,0.19,-10.71,31.45,-1.13,-5.06,5.69,-2.68,-27.581383,-48.475424,8
-1.72,57181.50,34.24,4572.06,0.20,0.69,0.07,2.43,27.78,1.35,0.62,5.70,4.35,-27.581374,-48.475404,8
-1.70,57207.96,32.93,4568.56,0.28,0.60,-0.45,12.93,29.18,1.78,6.31,2.18,3.51,-27.581365,-48.475384,8
-1.67,57234.43,33.23,4565.06,-0.37,-0.17,0.91,26.04,16.71,3.23,4.81,-3.91,1.24,-27.581356,-48.475363,9
-1.65,57260.92,30.94,4561.56,0.23,-0.03,-1.16,26.02,9.62,3.72,2.12,-5.71,-3.43,-27.581347,-48.475343,6
-1.63,57287.41,31.48,4558.06,-0.53,-0.65,-0.99,29.32,-4.29,8.11,-4.33,-1.10,-10.07,-27.581338,-48.475323,6
-1.60,57313.91,33.03,4554.56,-0.57,0.35,0.45,26.41,-11.55,10.87,-3.57,6.14,-3.94,-27.581329,-48.475303,9
-1.58,57340.42,34.23,4551.06,-0.39,-0.20,0.12,15.70,-23.62,9.07,-4.02,3.80,2.95,-27.581320,-48.475282,7
-1.56,57366.94,34.93,4547.56,-0.70,-0.03,0.39,6.74,-28.67,9.14,8.14,-0.79,6.46,-27.581311,-48.475262,7
-1.54,57393.47,33.81,4544.06,0.52,0.05,0.37,-4.85,-29.99,11.15,4.78,-8.39,5.16,-27.581302,-48.475242,7
-1.51,57420.01,34.29,4540.56,0.52,-0.04,0.66,-18.06,-22.55,6.02,3.43,-3.36,0.56,-27.581293,-48.475221,9
-1.49,57446.56,33.00,4537.06,-0.25,-0.57,-0.34,-25.87,-16.97,13.65,-7.87,2.07,-7.14,-27.581284,-48.475201,10
-1.47,57473.12,33.64,4533.56,0.03,-0.16,0.06,-31.84,-8.56,8.66,-6.36,4.89,-4.21,-27.581275,-48.475181,10
-1.45,57499.70,31.25,4530.06,-0.15,0.61,-0.57,-31.07,7.66,7.36,-2.24,3.57,-3.82,-27.581266,-48.475161,6
-1.42,57526.28,32.77,4526.56,-0.15,-0.36,0.59,-29.22,17.65,6.12,6.55,-1.45,1.19,-27.581257,-48.475140,9
-1.40,57552.87,35.91,4523.06,0.25,-0.09,0.23,-17.72,24.86,3.52,3.93,-5.32,4.85,-27.581248,-48.475120,10
-1.38,57579.47,32.77,4519.56,-0.55,0.07,0.02,-6.56,30.86,2.81,2.58,-6.92,5.93,-27.581239,-48.475100,6
-1.35,57606.08,34.53,4516.06,-0.02,0.76,0.39,6.54,31.29,2.31,-1.58,5.41,2.93,-27.581230,-48.475080,6
-1.33,57632.70,34.50,4512.56,-0.14,0.31,0.13,16.53,24.37,-5.58,-8.65,6.02,-4.61,-27.581221,-48.475059,6
-1.31,57659.33,33.30,4509.06,-0.48,-0.97,-1.17,25.30,13.78,-3.39,-1.05,2.43,-7.39,-27.581212,-48.475039,8
-1.29,57685.97,32.93,4505.56,-0.23,0.16,-0.55,28.91,5.40,-5.58,0.59,-5.31,-3.98,-27.581203,-48.475019,9
-1.26,57712.62,33.53,4502.06,0.01,0.47,0.28,29.33,-7.77,-8.05,4.92,-3.38,-0.27,-27.581194,-48.474998,7
-1.24,57739.28,31.80,4498.56,0.56,0.07,-0.49,24.88,-20.58,-9.48,4.03,-0.08,5.30,-27.581185,-48.474978,9
-1.22,57765.95,33.27,4495.06,0.77,-0.69,-0.20,14.56,-27.88,-10.88,-3.05,1.95,3.93,-27.581176,-48.474958,10
-1.20,57792.63,35.53,4491.56,-0.38,0.89,-0.43,2.10,-29.18,-10.64,-7.28,6.40,0.17,-27.581167,-48.474938,8
-1.17,57819.32,35.22,4488.06,-1.08,0.09,0.11,-12.14,-31.26,-14.99,-6.25,0.83,-2.60,-27.581158,-48.474917,6
-1.15,57846.02,32.97,4484.56,0.38,0.40,0.21,-15.15,-24.56,-10.27,2.14,-4.51,-7.38,-27.581149,-48.474897,10
-1.13,57872.73,33.24,4481.06,-0.40,-0.90,-0.22,-24.18,-11.40,-7.21,2.58,-7.47,-6.90,-27.581140,-48.474877,10
-1.10,57899.46,34.15,4477.56,0.34,0.16,0.61,-30.09,-3.51,-5.93,7.56,-0.40,3.46,-27.581131,-48.474857,10
-1.08,57926.19,33.66,4474.06,-0.27,0.27,-0.04,-32.56,8.70,-6.81,-1.50,3.40,5.01,-27.581122,-48.474836,6
-1.06,57952.93,33.77,4470.56,-0.32,0.33,0.41,-21.79,19.58,-1.50,-4.94,4.61,6.83,-27.581113,-48.474816,7
-1.04,57979.68,33.22,4467.06,-0.31,-0.11,-0.25,-12.28,26.26,-3.05,-8.48,-0.84,-0.44,-27.581104,-48.474796,10
-1.01,58006.44,33.65,4463.56,-0.44,0.75,1.11,-0.65,28.02,1.18,-1.90,-6.31,-3.11,-27.581095,-48.474775,10
-0.99,58033.21,35.33,4460.06,0.44,0.26,0.67,13.00,28.09,4.53,0.76,-3.07,-4.01,-27.581086,-48.474755,9
-0.97,58059.99,33.33,4456.56,0.38,0.36,-0.14,21.08,21.28,5.12,4.84,1.52,-4.15,-27.581077,-48.474735,6
-0.94,58086.78,35.30,4453.06,0.63,-0.10,-0.68,27.70,16.41,5.89,3.57,6.69,2.30,-27.581068,-48.474715,8
-0.92,58113.58,35.43,4449.56,-0.12,-0.11,0.71,30.91,-1.71,9.15,-2.71,2.81,7.17,-27.581059,-48.474694,7
-0.90,58140.39,32.99,4446.06,0.09,-0.66,0.39,27.93,-8.30,9.25,-5.52,-3.85,3.90,-27.581050,-48.474674,7
-0.88,58167.21,35.57,4442.56,-0.92,-0.25,-0.77,25.81,-21.08,8.88,-3.92,-6.19,0.30,-27.581041,-48.474654,7
-0.85,58194.04,34.56,4439.06,-0.82,0.14,-0.28,14.74,-27.24,9.37,2.88,-3.95,-6.95,-27.581032,-48.474634,7
-0.83,58220.88,34.28,4435.56,-0.91,-0.16,-0.39,5.06,-30.87,12.66,8.15,5.84,-4.09,-27.581023,-48.474613,7
-0.81,58247.73,34.85,4432.06,-0.87,0.60,0.11,-12.30,-30.00,10.18,0.48,6.02,-1.16,-27.581014,-48.474593,8
-0.79,58274.59,34.75,4428.56,0.65,0.41,0.09,-16.30,-22.35,8.17,1.09,2.28,1.10,-27.581005,-48.474573,7
-0.76,58301.46,34.64,4425.06,-0.11,-0.01,-0.05,-30.04,-13.68,8.21,-3.28,-5.81,4.32,-27.580996,-48.474552,7
-0.74,58328.34,36.90,4421.56,-0.35,-0.62,0.04,-29.89,1.15,6.14,-3.59,-4.97,4.24,-27.580987,-48.474532,10
-0.72,58355.23,35.05,4418.06,-0.89,-0.51,0.62,-29.79,10.76,7.44,0.79,-1.65,3.65,-27.580978,-48.474512,7
-0.69,58382.13,33.48,4414.56,-0.45,0.17,0.34,-23.46,24.52,4.84,2.66,6.19,-6.24,-27.580969,-48.474492,10
-0.67,58409.04,32.88,4411.06,-0.00,-0.24,-0.65,-9.94,24.84,0.45,6.27,2.62,-8.41,-27.580960,-48.474471,8
-0.65,58435.97,34.87,4407.56,0.26,0.04,-0.46,1.40,29.38,0.81,-0.74,-3.65,-4.59,-27.580951,-48.474451,8
-0.63,58462.90,35.83,4404.06,0.13,-0.35,0.06,10.86,29.83,-0.11,-4.49,-5.54,2.64,-27.580942,-48.474431,10
-0.60,58489.84,34.27,4400.56,-0.53,0.41,0.73,17.86,18.03,-2.32,-8.76,-3.49,8.10,-27.580933,-48.474411,10
-0.58,58516.79,33.09,4397.06,-0.15,-0.77,0.80,26.12,10.55,-9.11,1.36,1.32,4.55,-27.580924,-48.474390,9
-0.56,58543.75,34.60,4393.56,-0.39,0.03,-0.23,28.36,-2.43,-6.07,4.77,7.06,0.26,-27.580915,-48.474370,9
-0.54,58570.72,36.40,4390.06,0.05,-0.20,0.10,28.63,-17.29,-9.09,6.06,2.36,-4.01,-27.580906,-48.474350,8
-0.51,58597.70,36.61,4386.56,-0.46,1.22,-1.09,17.21,-21.41,-9.04,-3.29,-3.10,-8.41,-27.580897,-48.474329,7
-0.49,58624.69,35.16,4383.06,-0.97,0.80,-0.29,10.34,-26.74,-7.37,-3.80,-7.63,-2.28,-27.580888,-48.474309,8
-0.47,58651.69,35.91,4379.56,0.29,0.03,-0.23,-6.74,-30.02,-7.87,-4.92,-1.78,1.39,-27.580879,-48.474289,8
-0.44,58678.70,35.55,4376.06,-0.99,0.19,0.91,-15.10,-22.79,-9.45,-3.75,4.20,10.08,-27.580870,-48.474269,6
-0.42,58705.73,34.42,4372.56,0.12,0.24,0.24,-25.27,-20.43,-9.51,2.95,5.87,3.79,-27.580861,-48.474248,6
-0.40,58732.76,34.86,4369.06,0.17,0.10,0.10,-28.82,-8.47,-10.97,6.66,5.40,4.53,-27.580852,-48.474228,8
-0.38,58759.80,34.18,4365.56,0.45,-0.65,-0.11,-28.76,5.31,-6.13,2.51,-5.24,-7.33,-27.580844,-48.474208,7
-0.35,58786.85,33.95,4362.06,-0.40,0.05,-0.23,-28.06,16.10,-5.94,-3.59,-10.78,-4.05,-27.580835,-48.474188,6
-0.33,58813.91,34.79,4358.56,0.37,0.34,0.10,-18.21,23.28,-2.67,-6.93,-1.25,-3.35,-27.580826,-48.474167,10
-0.31,58840.98,33.88,4355.06,-0.46,-1.23,1.09,-5.17,29.02,-1.81,-4.58,1.99,2.80,-27.580817,-48.474147,8
-0.29,58868.07,34.42,4351.56,-0.19,-0.37,-0.43,4.77,31.61,-0.88,3.24,4.46,5.63,-27.580808,-48.474127,6
-0.26,58895.16,34.65,4348.06,0.89,-0.79,-0.25,15.08,29.75,7.20,4.59,0.00,3.36,-27.580799,-48.474106,8
-0.24,58922.26,35.99,4344.56,-0.37,-0.94,0.22,24.91,17.79,6.06,-0.92,-7.54,2.05,-27.580790,-48.474086,8
-0.22,58949.37,35.02,4341.06,-0.37,-0.51,-0.32,29.77,7.88,6.83,-0.24,-4.97,-3.97,-27.580781,-48.474066,9
-0.19,58976.49,35.84,4337.56,0.09,-0.14,-0.92,26.04,-6.41,9.21,-5.42,2.72,-5.23,-27.580772,-48.474046,8
-0.17,59003.63,36.19,4334.06,0.61,-0.04,0.67,22.31,-17.91,14.35,-2.77,4.22,-0.50,-27.580763,-48.474025,6
-0.15,59030.77,35.14,4330.56,0.51,-0.18,0.70,13.58,-22.01,9.70,2.68,5.35,-0.20,-27.580754,-48.474005,7
-0.13,59057.92,34.72,4327.06,0.44,0.05,0.27,6.95,-28.25,11.13,5.74,0.19,4.42,-27.580745,-48.473985,8
-0.10,59085.08,33.96,4323.56,0.55,0.34,-0.56,-6.94,-30.76,13.30,4.68,-7.25,3.88,-27.580736,-48.473965,6
-0.08,59112.26,36.65,4320.06,0.35,0.19,0.24,-15.99,-22.84,10.64,-0.67,-0.96,-0.41,-27.580727,-48.473944,6
-0.06,59139.44,35.79,4316.56,-0.51,-0.63,0.04,-25.62,-18.24,11.27,-3.56,1.51,-6.13,-27.580718,-48.473924,7
-0.03,59166.63,35.63,4313.06,-0.08,0.31,-0.38,-28.84,-3.17,10.81,-4.13,4.77,-4.83,-27.580709,-48.473904,7
-0.01,59193.84,35.52,4309.56,-0.22,-0.24,0.19,-28.81,9.12,7.99,-1.57,4.99,-2.33,-27.580700,-48.473883,10
0.01,59221.05,35.86,4306.06,0.40,-0.21,0.10,-26.69,18.58,3.71,6.00,-2.84,3.55,-27.580691,-48.473863,8
0.03,59248.27,35.20,4302.56,-0.52,-0.62,0.27,-15.96,25.09,0.99,3.35,-9.17,7.16,-27.580682,-48.473843,7
0.06,59275.51,36.82,4299.06,-0.01,-0.64,0.16,-3.07,31.71,2.83,0.13,-2.88,2.42,-27.580673,-48.473823,7
0.08,59302.75,35.60,4295.56,0.45,-0.46,-0.53,9.70,26.53,-1.75,-2.53,7.02,-0.60,-27.580664,-48.473802,8
0.10,59330.00,35.71,4292.06,0.50,1.20,0.30,20.33,21.05,-1.82,-3.29,6.44,-5.62,-27.580655,-48.473782,10
0.12,59357.27,34.44,4288.56,-0.60,0.37,0.53,25.91,10.20,-10.85,-2.80,1.80,-3.75,-27.580646,-48.473762,10
0.15,59384.54,35.57,4285.06,0.40,0.55,-0.11,30.99,3.97,-5.64,4.08,-5.13,-6.36,-27.580637,-48.473742,9
0.17,59411.83,35.39,4281.56,-0.11,0.00,-1.24,32.34,-8.36,-8.90,4.81,-4.04,-0.15,-27.580628,-48.473721,9
0.19,59439.12,36.09,4278.06,-0.38,-0.04,-0.42,20.81,-22.73,-7.27,-0.57,0.97,5.00,-27.580619,-48.473701,8
0.22,59466.42,35.13,4274.56,-0.36,0.25,0.29,12.07,-24.38,-6.31,-4.85,6.75,5.16,-27.580610,-48.473681,6
0.24,59493.74,35.74,4271.06,-0.12,0.33,0.55,-0.84,-29.48,-9.57,-5.51,4.89,-3.13,-27.580601,-48.473660,8
0.26,59521.06,34.64,4267.56,-0.34,-0.09,0.03,-9.78,-28.49,-7.30,-3.94,-0.19,-7.02,-27.580592,-48.473640,7
0.28,59548.40,35.05,4264.06,0.04,0.33,-0.11,-18.24,-20.67,-7.93,1.90,-3.82,-4.34,-27.580583,-48.473620,9
0.31,59575.74,36.67,4260.56,-0.05,0.56,0.36,-25.70,-11.95,-6.69,4.71,-5.96,-3.32,-27.580574,-48.473600,6
0.33,59603.10,36.71,4257.06,-0.56,-0.53,-0.33,-30.25,-3.38,-7.49,2.11,1.93,2.86,-27.580565,-48.473579,9
0.35,59630.47,35.86,4253.56,-0.32,-0.01,-0.10,-27.46,11.08,-4.54,-3.31,6.06,5.41,-27.580556,-48.473559,9
0.37,59657.84,36.88,4250.06,-0.93,-0.24,0.40,-21.73,21.50,-1.97,-6.88,3.24,6.15,-27.580547,-48.473539,10
0.40,59685.23,37.13,4246.56,-0.36,1.04,0.06,-13.99,28.72,-2.08,-7.42,-2.04,-3.38,-27.580538,-48.473519,8
0.42,59712.62,36.61,4243.06,-0.41,-0.90,-0.01,0.46,30.33,-2.23,-2.00,-4.21,-7.83,-27.580529,-48.473498,10
0.44,59740.03,34.62,4239.56,-0.40,-0.45,-0.33,9.35,30.21,-1.84,5.60,-2.39,-9.10,-27.580520,-48.473478,8
0.47,59767.45,35.13,4236.06,0.58,-0.91,0.37,22.47,22.01,2.81,8.10,2.10,-3.18,-27.580511,-48.473458,7
0.49,59794.87,36.79,4232.56,-0.07,-0.38,-0.63,27.52,11.51,5.00,0.70,3.12,0.79,-27.580502,-48.473437,7
0.51,59822.31,35.65,4229.06,-0.39,0.49,-0.11,23.95,1.98,7.50,-5.39,3.75,6.47,-27.580493,-48.473417,9
0.53,59849.76,34.97,4225.56,0.04,0.13,-0.18,24.13,-7.29,9.36,-2.38,-3.13,4.16,-27.580484,-48.473397,9
0.56,59877.21,36.94,4222.06,-0.38,0.20,0.28,20.63,-19.48,9.12,-4.40,-6.63,-0.62,-27.580475,-48.473377,6
0.58,59904.68,36.77,4218.56,0.02,0.49,0.50,7.69,-25.41,10.98,1.50,-2.59,-9.24,-27.580466,-48.473356,6
0.60,59932.16,37.19,4215.06,-0.52,0.44,0.40,-2.96,-33.12,9.78,4.82,3.46,-4.64,-27.580457,-48.473336,10
0.62,59959.65,38.15,4211.56,0.23,0.13,0.28,-14.43,-24.03,8.68,-0.37,7.57,-0.37,-27.580448,-48.473316,8
0.65,59987.14,36.52,4208.06,-0.40,-0.24,-0.85,-21.84,-19.58,8.58,-3.91,-3.02,3.36,-27.580439,-48.473296,9
0.67,60014.65,34.71,4204.56,0.87,0.63,1.05,-29.10,-12.65,7.30,-4.21,-3.64,5.75,-27.580430,-48.473275,9
0.69,60042.17,35.27,4201.06,-0.02,0.07,0.73,-29.51,6.02,6.21,-2.11,-4.13,3.73,-27.580421,-48.473255,6
0.72,60069.70,35.55,4197.56,-0.98,-0.50,-0.51,-27.27,10.87,2.04,-0.80,4.80,-0.12,-27.580412,-48.473235,8
0.74,60097.24,36.66,4194.06,0.76,0.74,0.50,-19.94,25.67,3.09,7.97,7.54,-3.46,-27.580403,-48.473214,7
0.76,60124.79,35.95,4190.56,0.15,0.19,0.60,-12.98,28.23,-1.39,2.13,7.06,-3.73,-27.580394,-48.473194,9
0.78,60152.35,38.04,4187.06,-0.16,0.28,0.46,3.25,31.63,2.57,-3.77,-4.66,1.13,-27.580385,-48.473174,8
0.81,60179.92,35.35,4183.56,-0.63,-0.43,-0.26,15.29,26.60,-3.82,-7.42,-7.89,1.90,-27.580376,-48.473154,8
0.83,60207.50,36.86,4180.06,-0.29,0.45,-0.05,24.46,18.31,-6.79,-3.75,-2.83,5.25,-27.580367,-48.473133,10
0.85,60235.09,37.63,4176.56,-0.50,0.40,0.55,33.02,6.74,-4.23,0.88,1.54,4.24,-27.580358,-48.473113,10
0.88,60262.69,34.96,4173.06,-1.22,0.64,-0.13,32.94,-6.02,-6.27,1.54,5.67,-0.68,-27.580349,-48.473093,7
0.90,60290.30,36.21,4169.56,-0.86,-0.14,0.62,27.14,-15.34,-6.92,0.83,1.22,-7.25,-27.580340,-48.473073,6
0.92,60317.92,35.70,4166.06,0.74,0.51,-0.12,19.43,-25.74,-6.74,0.75,-5.97,-7.34,-27.580331,-48.473052,10
0.94,60345.55,36.51,4162.56,-0.54,-0.08,-0.14,6.96,-28.10,-8.98,-6.66,-5.18,-1.79,-27.580322,-48.473032,7
0.97,60373.19,34.73,4159.06,0.42,-0.19,0.66,-9.53,-29.65,-12.67,-3.69,-3.34,0.98,-27.580314,-48.473012,8
0.99,60400.84,36.35,4155.56,0.21,-0.38,0.56,-17.21,-27.25,-10.39,-2.64,3.85,8.98,-27.580305,-48.472991,8
1.01,60428.50,35.96,4152.06,-0.59,0.05,-0.14,-23.07,-14.56,-8.03,4.14,10.80,4.58,-27.580296,-48.472971,6
1.03,60456.17,35.89,4148.56,1.13,0.00,-1.18,-28.85,-5.87,-6.71,6.52,1.59,-3.66,-27.580287,-48.472951,9
1.06,60483.86,37.31,4145.06,-0.36,0.43,0.09,-29.32,5.93,-5.37,1.94,-7.91,-1.71,-27.580278,-48.472931,7
1.08,60511.55,37.02,4141.56,0.20,-0.01,0.26,-26.36,16.50,-3.08,-4.31,-5.51,-4.65,-27.580269,-48.472910,8
1.10,60539.25,35.93,4138.06,0.91,0.04,0.17,-16.06,27.05,-4.69,-2.35,3.52,-1.94,-27.580260,-48.472890,10
1.13,60566.96,37.60,4134.56,-0.10,-0.35,0.74,-1.85,28.40,-3.26,-2.74,7.70,0.75,-27.580251,-48.472870,7
1.15,60594.69,36.94,4131.06,-0.23,0.90,-0.52,4.95,30.45,2.64,-0.35,7.46,5.93,-27.580242,-48.472849,6
1.17,60622.42,36.64,4127.56,0.10,-0.25,0.84,16.77,25.04,3.41,1.23,0.74,6.28,-27.580233,-48.472829,6
1.19,60650.17,38.19,4124.06,-0.29,0.21,0.65,24.79,13.10,6.98,2.86,-6.78,-0.12,-27.580224,-48.472809,9
1.22,60677.92,35.92,4120.56,0.34,0.17,0.75,29.26,7.81,4.69,-3.92,-2.26,-4.91,-27.580215,-48.472789,6
1.24,60705.68,35.53,4117.06,-0.58,-0.06,0.33,28.72,-10.78,8.40,-8.37,2.61,-5.62,-27.580206,-48.472768,10
1.26,60733.46,37.10,4113.56,0.27,0.26,-0.13,24.04,-15.06,11.71,-3.12,4.57,-0.60,-27.580197,-48.472748,10
1.28,60761.24,38.56,4110.06,-0.25,-0.73,0.24,14.10,-22.81,7.55,2.30,-0.20,1.36,-27.580188,-48.472728,6
1.31,60789.04,37.14,4106.56,-0.39,0.48,0.39,3.75,-29.68,10.28,5.76,-2.42,7.58,-27.580179,-48.472708,9
1.33,60816.84,36.96,4103.06,0.37,0.99,0.21,-4.27,-25.58,6.85,8.62,-6.24,4.76,-27.580170,-48.472687,7
1.35,60844.66,37.18,4099.56,-0.08,0.40,-0.24,-17.03,-23.65,8.28,1.29,-1.12,0.43,-27.580161,-48.472667,6
1.38,60872.49,37.56,4096.06,1.11,0.39,-0.39,-28.81,-13.34,8.92,-3.38,4.27,-3.08,-27.580152,-48.472647,9
1.40,60900.32,38.33,4092.56,0.02,-1.45,0.59,-32.06,-3.86,5.58,-2.63,6.00,-7.26,-27.580143,-48.472626,8
1.42,60928.17,38.34,4089.06,0.06,-0.16,-0.73,-23.40,8.91,5.00,5.05,2.83,-2.44,-27.580134,-48.472606,9
1.44,60956.03,38.78,4085.56,0.29,0.98,0.07,-22.58,22.98,2.60,4.44,-1.81,3.92,-27.580125,-48.472586,7
1.47,60983.89,38.12,4082.06,0.20,-0.62,-0.42,-11.82,25.84,4.77,6.54,-5.68,1.06,-27.580116,-48.472566,9
1.49,61011.77,38.30,4078.56,-0.44,-0.19,0.36,-3.53,33.13,-2.05,1.66,-0.46,6.07,-27.580107,-48.472545,6
1.51,61039.66,36.74,4075.06,0.08,-0.28,-0.35,10.25,29.95,-1.55,-3.33,1.66,-3.36,-27.580098,-48.472525,9
1.53,61067.56,38.36,4071.56,0.12,0.56,-1.06,17.00,21.51,-3.89,-6.41,7.67,-7.78,-27.580089,-48.472505,9
1.56,61095.47,37.04,4068.06,-1.83,-0.07,0.42,28.44,14.27,-7.52,-5.81,1.00,-3.61,-27.580080,-48.472485,8
1.58,61123.39,35.75,4064.56,-0.32,0.67,-0.69,29.38,-2.24,-2.70,6.60,-4.40,-4.87,-27.580071,-48.472464,7
1.60,61151.32,37.28,4061.06,-0.80,0.50,0.45,23.15,-10.27,-8.17,3.88,-7.22,5.50,-27.580062,-48.472444,10
1.63,61179.25,38.57,4057.56,0.34,-0.66,-0.13,22.38,-18.00,-9.80,4.55,-1.78,6.94,-27.580053,-48.472424,10
1.65,61207.20,37.09,4054.06,-0.51,0.10,0.19,13.55,-28.35,-8.96,-2.29,9.92,4.47,-27.580044,-48.472403,6
1.67,61235.17,37.74,4050.56,0.18,-0.55,1.31,2.26,-27.19,-11.19,-3.25,1.88,1.91,-27.580035,-48.472383,9
1.69,61263.14,38.67,4047.06,-0.50,0.20,0.07,-9.13,-27.52,-9.38,-3.81,-1.23,-6.45,-27.580026,-48.472363,8
1.72,61291.12,35.57,4043.56,0.27,-0.17,0.99,-22.96,-24.82,-9.07,3.82,-3.67,-3.92,-27.580017,-48.472343,10
1.74,61319.11,36.05,4040.06,0.76,0.31,-0.97,-28.35,-10.44,-7.20,5.80,-2.74,-3.78,-27.580008,-48.472322,7
1.76,61347.11,38.69,4036.56,-0.38,0.13,0.12,-28.29,2.69,-5.69,2.22,0.63,4.44,-27.579999,-48.472302,7
1.79,61375.12,38.54,4033.06,-0.53,0.02,0.41,-27.34,9.44,-7.54,-0.91,8.08,4.80,-27.579990,-48.472282,6
1.81,61403.14,39.86,4029.56,0.41,-0.31,-1.15,-17.78,19.59,-1.13,-2.02,3.90,1.35,-27.579981,-48.472262,8
1.83,61431.18,37.06,4026.06,-0.60,1.09,-0.30,-7.98,27.74,0.62,-8.37,-2.55,-2.57,-27.579972,-48.472241,10
1.85,61459.22,39.37,4022.56,-0.24,-0.60,-0.19,-1.01,29.30,0.29,3.93,-4.14,-3.05,-27.579963,-48.472221,7
1.88,61487.27,37.11,4019.06,0.35,0.35,0.25,12.79,22.64,3.03,5.41,0.32,-6.45,-27.579954,-48.472201,7
1.90,61515.34,39.02,4015.56,0.20,-0.06,-0.39,25.38,21.09,3.58,3.86,5.84,-5.10,-27.579945,-48.472180,7
1.92,61543.41,38.44,4012.06,-0.42,-0.02,-0.41,26.85,9.95,12.71,1.83,6.87,2.26,-27.579936,-48.472160,10
1.94,61571.50,37.99,4008.56,0.21,0.49,-0.24,30.95,-3.19,7.70,-4.57,3.23,2.60,-27.579927,-48.472140,10
1.97,61599.59,37.37,4005.06,0.02,0.03,-0.45,27.47,-13.49,5.71,-5.71,-6.18,1.95,-27.579918,-48.472120,9
1.99,61627.70,36.87,4001.56,-0.13,-0.35,-0.57,19.51,-20.74,7.52,0.15,-6.07,-3.05,-27.579909,-48.472099,6
2.01,61655.81,38.80,3998.06,0.11,0.13,0.71,9.26,-28.77,10.95,3.46,-0.24,-7.75,-27.579900,-48.472079,9
2.04,61683.94,37.68,3994.56,0.62,-0.28,-0.55,-2.93,-25.49,7.95,5.77,4.13,-7.31,-27.579891,-48.472059,10
2.06,61712.08,38.85,3991.06,-1.01,0.72,0.76,-13.66,-27.14,11.00,-1.36,8.16,-1.29,-27.579882,-48.472039,8
2.08,61740.22,38.96,3987.56,0.51,0.47,-0.85,-22.14,-18.54,7.61,-1.99,-1.48,-0.40,-27.579873,-48.472018,8
2.10,61768.38,38.08,3984.06,-0.51,0.38,-0.21,-28.77,-5.41,4.32,-5.52,-7.18,4.80,-27.579864,-48.471998,10
2.13,61796.55,38.90,3980.56,0.03,-0.46,-1.01,-29.84,4.19,5.87,0.22,-5.76,1.92,-27.579855,-48.471978,9
2.15,61824.73,37.60,3977.06,-0.53,0.21,0.32,-28.28,12.33,3.17,1.35,-0.58,1.52,-27.579846,-48.471957,10
2.17,61852.91,39.12,3973.56,0.01,-0.00,0.17,-16.69,25.28,4.79,5.88,9.26,-6.41,-27.579837,-48.471937,7
2.19,61881.11,38.83,3970.06,0.49,0.32,-0.24,-4.64,30.79,2.78,3.57,3.56,-6.98,-27.579828,-48.471917,7
2.22,61909.32,37.03,3966.56,0.50,-0.56,-0.60,4.69,30.78,0.59,-0.17,-2.65,-2.57,-27.579819,-48.471897,8
2.24,61937.54,37.34,3963.06,0.17,-0.26,0.37,16.37,22.21,-3.13,-3.19,-10.82,3.98,-27.579810,-48.471876,10
2.26,61965.77,39.25,3959.56,0.05,-0.16,-0.15,23.14,19.48,-2.11,-4.93,0.21,3.72,-27.579801,-48.471856,7
2.29,61994.01,38.78,3956.06,0.29,0.95,0.13,31.88,4.21,-4.56,2.43,4.45,5.01,-27.579792,-48.471836,8
2.31,62022.26,40.38,3952.56,0.16,-0.35,0.02,27.44,-7.41,-11.94,5.50,3.85,0.40,-27.579784,-48.471816,6
2.33,62050.53,40.21,3949.06,-0.39,0.82,0.80,30.35,-16.69,-9.29,5.21,5.46,-7.36,-27.579775,-48.471795,8
2.35,62078.80,39.22,3945.56,-0.10,-0.53,0.19,15.37,-26.60,-10.51,-0.00,-6.59,-1.76,-27.579766,-48.471775,7
2.38,62107.08,40.20,3942.06,-0.63,-0.32,-0.15,5.61,-31.54,-9.47,-6.90,-6.14,0.15,-27.579757,-48.471755,6
2.40,62135.37,39.90,3938.56,0.44,-0.28,0.01,-7.93,-28.55,-7.16,-6.77,-3.60,5.75,-27.579748,-48.471734,8
2.42,62163.68,39.37,3935.06,0.66,0.90,-1.11,-13.98,-25.30,-10.56,-0.59,5.86,5.88,-27.579739,-48.471714,8
2.44,62191.99,36.58,3931.56,-0.18,-0.26,-0.24,-28.79,-16.09,-7.84,4.20,4.09,4.27,-27.579730,-48.471694,6
2.47,62220.31,37.26,3928.06,1.05,-0.42,0.52,-32.41,-3.58,-4.21,7.49,-0.94,-1.41,-27.579721,-48.471674,7
2.49,62248.65,39.23,3924.56,0.58,-0.22,-0.68,-29.30,5.24,-4.63,1.49,-2.31,-7.38,-27.579712,-48.471653,6
2.51,62276.99,39.68,3921.06,0.61,-0.70,-0.48,-25.74,19.82,-6.08,-5.45,-7.34,-7.20,-27.579703,-48.471633,9
2.54,62305.35,39.78,3917.56,-0.11,-0.04,0.12,-14.30,27.70,-6.30,-6.60,0.35,-1.08,-27.579694,-48.471613,6
2.56,62333.71,37.63,3914.06,-0.34,-0.57,-0.24,-1.47,28.90,-2.25,-5.50,5.76,2.97,-27.579685,-48.471593,7
2.58,62362.09,38.51,3910.56,-0.35,-0.42,0.60,7.17,31.29,0.97,2.01,3.40,7.53,-27.579676,-48.471572,10
2.60,62390.48,39.25,3907.06,0.88,-0.52,-0.32,19.08,22.53,4.24,4.56,-3.49,6.89,-27.579667,-48.471552,6
2.63,62418.87,37.65,3903.56,0.23,-0.59,1.18,28.26,12.41,6.85,2.82,-6.47,-3.15,-27.579658,-48.471532,8
2.65,62447.28,37.22,3900.06,0.22,1.04,-0.55,28.59,1.78,7.22,-2.30,-4.20,-3.92,-27.579649,-48.471511,8
2.67,62475.70,39.08,3896.56,0.31,-0.39,-0.41,28.09,-3.32,14.09,-5.87,4.01,-5.03,-27.579640,-48.471491,8
2.70,62504.13,38.53,3893.06,-0.15,-0.62,0.37,23.04,-20.69,11.21,-5.22,6.64,1.30,-27.579631,-48.471471,8
2.72,62532.57,38.55,3889.56,0.31,0.32,0.51,13.21,-23.19,8.40,4.40,4.59,3.64,-27.579622,-48.471451,8
2.74,62561.02,40.30,3886.06,-0.35,-0.11,-0.78,1.79,-27.39,10.65,0.99,-4.95,6.62,-27.579613,-48.471430,6
2.76,62589.48,38.03,3882.56,0.56,-0.16,-0.01,-11.49,-28.73,8.39,5.76,-7.96,3.37,-27.579604,-48.471410,8
2.79,62617.95,39.86,3879.06,0.30,-0.26,0.15,-20.50,-19.49,7.76,-1.04,-2.78,-4.81,-27.579595,-48.471390,6
2.81,62646.43,39.05,3875.56,-0.52,0.91,0.02,-29.94,-12.55,10.86,-5.12,6.10,-3.68,-27.579586,-48.471370,10
2.83,62674.92,39.78,3872.06,-0.36,-0.00,0.35,-29.61,-0.46,6.24,-6.52,7.07,-5.29,-27.579577,-48.471349,8
2.85,62703.42,40.40,3868.56,-0.24,1.28,-0.48,-26.17,11.27,2.97,0.32,1.76,-0.99,-27.579568,-48.471329,8
2.88,62731.93,37.70,3865.06,0.09,0.22,0.07,-20.75,19.14,8.26,5.97,-6.45,4.15,-27.579559,-48.471309,10
2.90,62760.46,38.21,3861.56,-0.28,0.14,0.58,-13.95,25.54,3.82,6.61,-4.22,7.60,-27.579550,-48.471288,6
2.92,62788.99,39.74,3858.06,-0.55,-1.32,1.15,2.64,31.53,-1.27,-0.53,-2.80,5.60,-27.579541,-48.471268,9
2.95,62817.54,37.97,3854.56,-0.39,0.55,0.26,9.57,26.42,-4.25,-2.33,6.44,-2.32,-27.579532,-48.471248,8
2.97,62846.09,40.19,3851.06,-0.14,0.32,-0.49,20.10,21.81,-3.78,-7.84,2.95,-3.31,-27.579523,-48.471228,8
2.99,62874.65,39.13,3847.56,0.34,0.34,-0.58,28.01,11.71,-8.48,-2.51,-1.66,-6.34,-27.579514,-48.471207,10
3.01,62903.23,39.67,3844.06,0.50,-0.37,0.31,28.38,-0.43,-8.97,2.17,-8.83,-1.02,-27.579505,-48.471187,7
3.04,62931.82,39.45,3840.56,-0.49,0.32,0.04,32.19,-11.74,-10.25,2.79,-5.96,4.38,-27.579496,-48.471167,7
3.06,62960.41,39.61,3837.06,-0.13,-0.19,-0.93,18.77,-20.90,-7.87,-3.07,1.10,1.92,-27.579487,-48.471147,6
3.08,62989.02,38.94,3833.56,0.16,0.38,-0.22,8.65,-24.44,-9.17,-7.43,6.96,4.18,-27.579478,-48.471126,7
3.10,63017.64,39.47,3830.06,0.29,0.36,-1.19,-3.32,-30.03,-9.15,-6.20,0.84,-4.21,-27.579469,-48.471106,8
3.13,63046.27,38.71,3826.56,0.81,-0.29,-0.50,-11.64,-25.33,-8.92,1.02,-4.26,-2.94,-27.579460,-48.471086,10
3.15,63074.90,39.53,3823.06,-0.55,-1.05,0.38,-23.21,-22.24,-7.36,1.20,-10.62,-0.52,-27.579451,-48.471065,10
3.17,63103.55,38.89,3819.56,0.26,-0.04,0.62,-27.83,-8.03,-6.68,8.52,-1.53,-1.99,-27.579442,-48.471045,10
3.20,63132.21,40.71,3816.06,-0.45,-0.56,-1.10,-31.40,4.79,-12.08,3.24,0.94,2.89,-27.579433,-48.471025,9
3.22,63160.88,38.84,3812.56,-0.29,-0.10,-1.57,-27.01,17.84,-6.51,-3.71,3.89,7.56,-27.579424,-48.471005,10
3.24,63189.56,40.42,3809.06,-0.27,0.30,0.40,-16.87,26.89,-5.22,-8.57,1.57,6.65,-27.579415,-48.470984,8
3.26,63218.26,39.76,3805.56,0.30,0.12,0.20,-7.55,26.41,-1.78,-3.29,-4.70,-1.76,-27.579406,-48.470964,8
3.29,63246.96,38.61,3802.06,-0.82,0.09,-0.47,0.16,28.41,-0.52,-2.12,-5.69,-4.20,-27.579397,-48.470944,6
3.31,63275.67,39.24,3798.56,-0.08,-0.01,0.17,15.29,27.94,2.34,2.61,-0.65,-2.52,-27.579388,-48.470924,8
3.33,63304.39,39.68,3795.06,-0.38,0.42,0.83,21.72,18.07,3.34,2.73,4.61,0.93,-27.579379,-48.470903,8
3.35,63333.13,39.22,3791.56,0.23,-0.61,-0.41,31.28,6.69,5.36,-1.81,5.12,7.83,-27.579370,-48.470883,7
3.38,63361.87,37.50,3788.06,0.26,0.13,-0.64,31.03,-5.15,9.85,-5.16,1.45,6.16,-27.579361,-48.470863,10
3.40,63390.63,40.49,3784.56,0.17,0.17,-0.26,23.31,-15.05,9.55,-3.88,-7.37,0.41,-27.579352,-48.470842,6
3.42,63419.39,39.34,3781.06,0.06,-0.50,-0.69,14.67,-23.88,8.19,-0.00,-6.81,-1.37,-27.579343,-48.470822,6
3.45,63448.17,39.83,3777.56,-0.07,-0.90,0.07,5.68,-32.08,11.43,3.92,-0.50,-1.82,-27.579334,-48.470802,6
3.47,63476.95,38.87,3774.06,0.58,-0.37,-0.02,-5.79,-30.61,10.17,4.49,3.23,-6.22,-27.579325,-48.470782,8
3.49,63505.75,40.12,3770.56,-0.47,-0.37,-0.38,-14.70,-25.09,12.79,-0.82,4.45,-0.08,-27.579316,-48.470761,6
3.51,63534.56,38.97,3767.06,-0.28,0.24,-0.19,-23.85,-20.52,6.71,-6.10,-1.91,2.97,-27.579307,-48.470741,10
3.54,63563.38,40.40,3763.56,0.03,0.67,-0.88,-30.45,-9.18,4.97,-4.32,-4.21,6.21,-27.579298,-48.470721,7
3.56,63592.20,39.64,3760.06,-0.29,-0.66,-0.93,-28.51,6.56,7.66,0.53,-4.03,2.43,-27.579289,-48.470701,9
3.58,63621.04,38.60,3756.56,0.05,0.07,0.33,-24.66,21.61,5.14,7.29,1.83,-0.43,-27.579280,-48.470680,10
3.61,63649.89,40.61,3753.06,0.06,0.30,0.28,-14.46,28.79,6.05,7.58,5.28,-2.71,-27.579271,-48.470660,9
3.63,63678.75,40.79,3749.56,0.51,-0.35,0.87,-5.95,28.13,-1.18,-0.31,2.71,-4.28,-27.579262,-48.470640,10
3.65,63707.62,39.88,3746.06,-0.70,-0.18,0.19,8.17,32.07,-0.36,-2.00,-7.86,-1.06,-27.579254,-48.470619,6
3.67,63736.51,38.24,3742.56,0.01,-0.66,-0.23,17.04,25.44,-2.01,-7.99,-5.72,3.24,-27.579245,-48.470599,10
3.70,63765.40,36.66,3739.06,-0.46,-1.29,-0.30,22.82,17.23,-6.35,-3.13,-5.83,3.59,-27.579236,-48.470579,9
3.72,63794.30,39.57,3735.56,0.38,1.16,0.22,28.65,3.07,-7.59,2.31,5.66,4.95,-27.579227,-48.470559,6
3.74,63823.21,41.15,3732.06,-0.03,-0.28,-0.77,30.49,-7.57,-10.48,6.50,5.46,-0.96,-27.579218,-48.470538,9
3.76,63852.14,39.49,3728.56,0.07,0.15,0.34,28.44,-16.27,-11.66,4.10,-1.08,-4.08,-27.579209,-48.470518,8
3.79,63881.07,41.36,3725.06,-0.53,-0.10,0.19,13.96,-26.78,-13.07,-1.07,-6.39,-2.50,-27.579200,-48.470498,6
3.81,63910.02,39.50,3721.56,-0.00,0.24,0.07,0.92,-27.21,-11.34,-5.76,-6.77,-0.46,-27.579191,-48.470478,10
3.83,63938.97,38.63,3718.06,-0.71,0.56,0.11,-8.25,-29.01,-11.57,-3.15,1.33,4.51,-27.579182,-48.470457,8
3.86,63967.94,40.71,3714.56,0.11,1.17,0.23,-19.16,-24.36,-7.92,-2.09,4.20,5.27,-27.579173,-48.470437,9
3.88,63996.92,40.35,3711.06,-0.95,0.26,-0.04,-29.55,-14.65,-8.24,1.71,5.80,2.34,-27.579164,-48.470417,9
3.90,64025.91,41.23,3707.56,0.05,0.28,0.10,-30.04,-0.53,-9.91,2.08,-1.93,-1.29,-27.579155,-48.470396,7
3.92,64054.90,39.84,3704.06,0.14,0.11,-0.28,-25.17,12.08,-8.50,2.25,-4.30,-6.82,-27.579146,-48.470376,8
3.95,64083.91,39.56,3700.56,0.25,-0.11,0.16,-21.95,17.39,1.37,-4.13,-2.61,-7.54,-27.579137,-48.470356,9
3.97,64112.93,39.64,3697.06,0.04,0.32,-0.36,-14.44,24.80,-2.66,-7.63,2.42,-0.17,-27.579128,-48.470336,9
3.99,64141.96,40.13,3693.56,0.50,-0.57,-0.04,0.55,28.51,0.72,1.73,4.78,3.93,-27.579119,-48.470315,6
4.01,64171.01,42.22,3690.06,-0.36,-0.32,0.19,9.32,28.57,4.75,2.63,4.16,7.53,-27.579110,-48.470295,7
4.04,64200.06,41.19,3686.56,-0.41,0.09,-0.39,17.88,20.38,5.61,4.77,-3.79,3.10,-27.579101,-48.470275,10
4.06,64229.12,39.56,3683.06,0.16,0.28,-0.47,23.63,11.45,3.51,2.82,-5.97,-6.02,-27.579092,-48.470255,8
4.08,64258.19,41.38,3679.56,-0.53,0.23,-0.06,30.07,3.70,8.97,-4.44,-5.10,-1.32,-27.579083,-48.470234,9
4.11,64287.28,40.61,3676.06,0.18,0.07,0.11,26.76,-12.69,7.98,-5.77,0.34,-5.49,-27.579074,-48.470214,8
4.13,64316.37,39.92,3672.56,-0.36,0.80,0.14,22.69,-23.46,13.20,-3.43,6.38,0.57,-27.579065,-48.470194,6
4.15,64345.47,42.02,3669.06,-0.03,-0.21,0.63,11.67,-27.69,6.44,0.21,3.34,3.82,-27.579056,-48.470173,8
4.17,64374.59,41.79,3665.56,0.21,-0.82,0.24,0.22,-32.91,8.16,7.18,-4.58,6.52,-27.579047,-48.470153,10
4.20,64403.72,38.26,3662.06,0.27,0.44,-0.05,-11.60,-27.00,13.31,3.02,-4.94,2.76,-27.579038,-48.470133,10
4.22,64432.85,39.87,3658.56,-0.07,-0.28,0.21,-24.51,-20.94,11.11,-4.96,-1.99,-1.82,-27.579029,-48.470113,9
4.24,64462.00,41.69,3655.06,0.96,-1.23,-0.30,-25.85,-12.66,7.23,-4.78,3.37,-5.74,-27.579020,-48.470092,8
4.26,64491.16,41.40,3651.56,0.46,0.14,-0.34,-27.19,3.36,5.74,-0.97,2.77,-3.22,-27.579011,-48.470072,8
4.29,64520.33,40.27,3648.06,-0.40,0.35,0.64,-26.12,9.40,4.09,0.96,-2.13,2.76,-27.579002,-48.470052,6
4.31,64549.51,41.83,3644.56,-0.23,-0.47,0.97,-18.85,22.48,3.67,6.07,-8.39,4.24,-27.578993,-48.470032,7
4.33,64578.70,39.84,3641.06,-0.08,0.43,-0.09,-11.17,30.69,4.66,4.13,-5.25,6.64,-27.578984,-48.470011,7
4.36,64607.90,39.57,3637.56,-0.15,-1.35,0.38,1.79,30.00,-0.21,-4.04,-1.36,2.36,-27.578975,-48.469991,8
4.38,64637.11,39.61,3634.06,-0.85,0.12,0.26,10.76,26.23,1.02,-7.72,5.78,-2.51,-27.578966,-48.469971,10
4.40,64666.33,40.82,3630.56,-0.14,-0.20,0.01,23.11,16.66,-7.79,-5.74,4.20,-4.69,-27.578957,-48.469950,9
4.42,64695.57,41.56,3627.06,-0.27,-0.56,0.47,28.55,6.02,-5.00,0.93,-3.74,-4.84,-27.578948,-48.469930,10
4.45,64724.81,41.27,3623.56,0.11,0.41,-0.41,27.20,-2.64,-7.19,5.62,-4.84,1.35,-27.578939,-48.469910,8
4.47,64754.06,42.15,3620.06,0.42,-0.53,-0.05,20.12,-11.97,-8.79,6.98,-3.39,3.34,-27.578930,-48.469890,9
4.49,64783.33,41.15,3616.56,0.33,-0.27,-0.26,15.89,-21.41,-9.79,-0.90,3.99,5.31,-27.578921,-48.469869,9
4.52,64812.61,42.66,3613.06,-0.18,0.20,0.89,4.93,-26.42,-9.59,-6.82,3.38,1.89,-27.578912,-48.469849,8
4.54,64841.89,41.45,3609.56,-0.76,-0.12,0.46,-1.66,-31.45,-10.02,-6.33,0.39,-2.31,-27.578903,-48.469829,8
4.56,64871.19,40.46,3606.06,-0.67,-0.96,0.13,-15.81,-23.89,-7.97,-2.07,-5.11,-5.71,-27.578894,-48.469809,6
4.58,64900.50,41.09,3602.56,-0.80,0.02,-0.12,-19.36,-17.45,-9.14,1.10,-7.87,-3.42,-27.578885,-48.469788,10
4.61,64929.82,40.18,3599.06,-1.03,0.27,0.66,-28.26,-7.11,-7.93,6.08,0.39,0.49,-27.578876,-48.469768,10
4.63,64959.15,42.12,3595.56,0.97,-0.17,0.49,-30.73,3.31,-6.82,1.81,6.81,5.19,-27.578867,-48.469748,10
4.65,64988.49,41.41,3592.06,-0.35,0.56,0.71,-23.27,15.83,-8.37,-4.16,8.90,6.00,-27.578858,-48.469727,10
4.67,65017.84,40.25,3588.56,0.75,0.46,0.00,-16.88,20.85,-0.52,-8.31,-2.64,2.57,-27.578849,-48.469707,7
4.70,65047.20,40.83,3585.06,-0.68,0.45,0.43,-3.55,33.04,3.10,-4.97,-3.66,-4.88,-27.578840,-48.469687,10
4.72,65076.57,41.26,3581.56,-0.85,-0.60,-0.41,4.77,30.05,1.21,2.33,-6.63,-7.06,-27.578831,-48.469667,8
4.74,65105.95,40.75,3578.06,0.56,0.13,-0.61,18.68,26.65,-1.53,4.31,-1.43,-6.62,-27.578822,-48.469646,9
4.77,65135.35,40.65,3574.56,-1.13,-0.09,-0.72,22.01,17.28,1.97,2.36,8.31,-0.43,-27.578813,-48.469626,7
4.79,65164.75,41.82,3571.06,0.49,-0.39,-0.53,28.23,6.28,5.45,-0.35,3.36,3.81,-27.578804,-48.469606,8
4.81,65194.17,41.65,3567.56,-0.25,-0.36,0.38,29.53,-9.76,7.37,-9.13,-1.92,7.52,-27.578795,-48.469586,7
4.83,65223.59,42.37,3564.06,-0.17,-0.24,-0.07,23.76,-17.52,6.73,-0.91,-4.02,1.54,-27.578786,-48.469565,7
4.86,65253.03,42.36,3560.56,-0.52,-0.22,0.86,14.06,-30.97,7.76,2.09,-4.84,1.75,-27.578777,-48.469545,10
4.88,65282.48,41.11,3557.06,-0.03,-0.24,0.04,4.56,-27.92,9.66,5.19,2.41,-6.77,-27.578768,-48.469525,9
4.90,65311.94,42.09,3553.56,-0.17,0.32,-0.08,-5.51,-30.00,6.83,8.20,9.62,-6.89,-27.578759,-48.469504,6
4.92,65341.41,42.13,3550.06,0.95,0.01,-0.87,-18.65,-22.67,13.38,-0.34,0.87,1.36,-27.578750,-48.469484,9
4.95,65370.89,42.34,3546.56,0.23,0.32,-0.32,-24.58,-17.35,5.79,-5.55,-2.03,5.65,-27.578741,-48.469464,10
4.97,65400.38,42.90,3543.06,0.12,0.39,-0.55,-30.72,-2.63,5.80,-6.51,-4.55,7.11,-27.578732,-48.469444,8
4.99,65429.88,42.38,3539.56,-0.10,-0.23,0.51,-30.98,8.42,4.74,1.08,-2.16,0.27,-27.578723,-48.469423,10
5.02,65459.39,40.50,3536.06,0.24,-0.49,0.30,-23.51,19.37,6.07,4.78,5.60,-3.72,-27.578715,-48.469403,6
5.04,65488.91,42.44,3532.56,0.61,0.56,-0.48,-14.34,24.83,1.07,4.90,4.72,-5.56,-27.578706,-48.469383,10
5.06,65518.45,41.86,3529.06,0.32,0.40,0.04,-2.46,27.67,1.32,-0.35,2.38,-6.59,-27.578697,-48.469362,9
5.08,65547.99,43.76,3525.56,-1.14,0.19,-0.05,6.17,29.74,-0.06,-3.65,-4.61,-0.38,-27.578688,-48.469342,6
5.11,65577.55,41.80,3522.06,-0.51,0.67,0.61,19.56,18.46,-2.79,-8.91,-8.13,5.28,-27.578679,-48.469322,7
5.13,65607.11,42.61,3518.56,-0.32,-0.04,-0.24,25.34,13.28,-6.60,-3.12,-2.09,4.82,-27.578670,-48.469302,6
5.15,65636.69,40.50,3515.06,-0.12,0.48,-0.33,30.68,2.57,-8.15,3.71,6.08,1.18,-27.578661,-48.469281,6
5.17,65666.28,41.71,3511.56,-0.11,-0.46,0.32,30.20,-11.98,-7.21,5.91,4.43,-0.55,-27.578652,-48.469261,8
5.20,65695.88,41.74,3508.06,0.37,-0.26,0.01,24.75,-18.85,-6.93,4.73,0.09,-4.96,-27.578643,-48.469241,7
5.22,65725.49,41.08,3504.56,0.21,1.36,0.67,10.99,-22.44,-15.50,-5.14,-4.10,-3.02,-27.578634,-48.469221,7
5.24,65755.11,41.90,3501.06,0.20,0.01,0.40,2.67,-31.13,-12.69,-5.61,-3.87,0.09,-27.578625,-48.469200,8
5.27,65784.74,42.93,3497.56,0.20,-0.24,-0.50,-11.66,-27.16,-11.53,-3.55,2.97,4.73,-27.578616,-48.469180,7
5.29,65814.38,41.51,3494.06,0.11,0.90,-0.02,-20.60,-21.00,-11.43,3.46,5.45,5.77,-27.578607,-48.469160,6
5.31,65844.03,40.09,3490.56,-0.11,-0.10,0.27,-26.40,-9.94,-6.38,4.39,5.06,4.15,-27.578598,-48.469139,8
5.33,65873.70,40.53,3487.06,-0.01,-0.03,0.17,-27.11,0.93,-8.33,3.34,-4.45,-5.99,-27.578589,-48.469119,7
5.36,65903.37,42.65,3483.56,0.32,0.05,-0.45,-25.78,10.67,-4.32,1.12,-8.96,-8.40,-27.578580,-48.469099,10
5.38,65933.05,42.28,3480.06,-0.28,-0.18,0.18,-23.15,21.69,-3.24,-5.19,-5.15,-2.24,-27.578571,-48.469079,6
5.40,65962.75,41.44,3476.56,0.93,-1.29,0.45,-10.54,29.86,-2.16,-7.52,2.85,4.13,-27.578562,-48.469058,6
5.43,65992.46,43.13,3473.06,-0.59,-0.28,-0.64,4.03,30.34,-1.20,-0.76,5.32,0.23,-27.578553,-48.469038,8
5.45,66022.18,43.12,3469.56,-0.92,0.17,0.60,13.74,27.06,0.52,6.51,1.22,5.41,-27.578544,-48.469018,10
5.47,66051.90,41.69,3466.06,0.67,0.32,0.19,23.32,19.22,2.16,6.13,-4.79,6.06,-27.578535,-48.468998,6
5.49,66081.64,42.66,3462.56,0.76,0.22,1.10,28.14,9.46,5.57,1.61,-3.93,-1.18,-27.578526,-48.468977,8
5.52,66111.39,42.07,3459.06,-0.88,-0.36,0.31,27.91,-5.76,6.79,-6.56,-0.60,-6.07,-27.578517,-48.468957,10
5.54,66141.15,43.06,3455.56,1.58,-1.34,-0.18,24.83,-10.21,10.24,-4.60,2.36,-2.71,-27.578508,-48.468937,7
5.56,66170.93,40.33,3452.06,-0.55,-0.71,-0.12,17.82,-24.80,9.10,0.24,5.89,1.30,-27.578499,-48.468916,10
5.58,66200.71,42.57,3448.56,-0.30,-0.05,-0.53,9.86,-26.70,8.40,-0.43,0.18,5.78,-27.578490,-48.468896,10
5.61,66230.50,42.39,3445.06,-0.57,-0.94,-0.41,-5.13,-31.85,12.92,5.91,-5.07,2.70,-27.578481,-48.468876,7
5.63,66260.31,41.51,3441.56,-0.42,0.58,-0.44,-16.58,-29.24,9.17,1.05,-5.99,2.69,-27.578472,-48.468856,7
5.65,66290.12,42.57,3438.06,0.54,0.51,0.39,-22.87,-21.01,8.70,-2.61,3.07,-4.43,-27.578463,-48.468835,10
5.68,66319.95,41.50,3434.56,0.33,0.44,-0.32,-35.09,-9.96,7.18,-4.22,5.23,-5.24,-27.578454,-48.468815,8
5.70,66349.78,42.62,3431.06,-0.61,0.11,-0.65,-29.76,5.14,4.99,-2.85,1.82,-3.29,-27.578445,-48.468795,8
5.72,66379.63,42.01,3427.56,0.01,0.80,-0.20,-24.94,12.40,7.95,4.17,-0.26,2.41,-27.578436,-48.468775,7
5.74,66409.49,44.70,3424.06,0.06,1.17,0.35,-21.35,21.74,1.53,10.41,-8.44,6.99,-27.578427,-48.468754,8
5.77,66439.36,42.06,3420.56,0.31,-0.87,-0.42,-3.86,32.84,4.43,6.77,-4.53,5.96,-27.578418,-48.468734,9
5.79,66469.24,43.11,3417.06,-0.97,-0.50,-0.75,4.03,29.59,-0.99,-0.64,-0.97,4.68,-27.578409,-48.468714,7
5.81,66499.13,43.25,3413.56,-1.09,0.12,0.53,12.19,23.98,-2.93,-8.96,9.19,-5.03,-27.578400,-48.468693,8
5.83,66529.03,44.09,3410.06,0.09,0.17,0.86,26.61,17.24,-3.86,-3.62,1.87,-1.37,-27.578391,-48.468673,6
5.86,66558.95,44.11,3406.56,0.39,0.37,0.11,33.32,5.80,-9.93,1.55,-2.80,-3.87,-27.578382,-48.468653,9
5.88,66588.87,42.23,3403.06,0.34,0.81,-0.21,28.37,-3.06,-9.42,6.89,-4.83,0.74,-27.578373,-48.468633,8
5.90,66618.81,43.23,3399.56,-0.23,0.74,0.61,24.70,-12.99,-8.62,6.69,-1.81,7.79,-27.578364,-48.468612,8
5.93,66648.75,43.19,3396.06,-0.20,-0.00,-1.06,16.97,-27.42,-12.95,-1.20,1.05,2.46,-27.578355,-48.468592,9
5.95,66678.71,42.24,3392.56,-0.64,0.37,0.50,6.13,-30.72,-11.85,-1.59,7.75,3.94,-27.578346,-48.468572,7
5.97,66708.68,43.01,3389.06,-0.57,-1.03,-0.25,-1.37,-30.16,-9.28,-6.58,-1.09,-5.81,-27.578337,-48.468552,10
5.99,66738.65,44.07,3385.56,0.05,-0.10,-0.67,-18.94,-26.33,-7.51,1.42,-7.53,-5.99,-27.578328,-48.468531,8
6.02,66768.64,42.71,3382.06,-0.16,0.05,0.28,-25.76,-16.04,-8.03,4.43,-4.21,-5.81,-27.578319,-48.468511,7
6.04,66798.64,42.89,3378.56,-0.17,-0.67,0.67,-30.42,-5.12,-8.18,7.45,0.45,1.02,-27.578310,-48.468491,8
6.06,66828.65,44.86,3375.06,0.42,0.61,-0.64,-27.94,5.98,-6.62,0.40,4.73,4.16,-27.578301,-48.468470,7
6.08,66858.68,43.38,3371.56,0.13,0.33,0.09,-23.07,16.76,-4.69,-5.29,4.54,6.36,-27.578292,-48.468450,8
6.11,66888.71,45.25,3368.06,0.72,0.15,-0.22,-12.12,25.82,-4.39,-6.83,-1.45,-3.18,-27.578283,-48.468430,7
6.13,66918.75,44.00,3364.56,-0.57,0.12,0.18,-5.21,29.49,-2.31,-5.00,-6.14,-1.02,-27.578274,-48.468410,7
6.15,66948.81,44.61,3361.06,0.52,0.04,-0.93,7.75,29.35,2.31,4.14,-2.34,-5.32,-27.578265,-48.468389,6
6.18,66978.87,42.61,3357.56,0.47,-0.15,0.34,17.58,20.55,2.54,8.70,1.79,0.04,-27.578256,-48.468369,10
6.20,67008.95,43.20,3354.06,-0.59,0.10,0.57,24.80,14.66,6.85,1.31,7.42,-0.56,-27.578247,-48.468349,10
6.22,67039.04,43.82,3350.56,1.14,-0.41,-0.17,33.29,0.50,5.30,0.34,3.35,2.92,-27.578238,-48.468329,7
6.24,67069.14,43.57,3347.06,-0.10,0.90,0.68,28.10,-5.51,3.07,-7.03,0.35,5.89,-27.578229,-48.468308,9
6.27,67099.25,44.21,3343.56,0.47,-0.52,-0.79,21.36,-19.25,8.07,-3.50,-5.52,1.47,-27.578220,-48.468288,6
6.29,67129.37,43.19,3340.06,-0.21,0.19,-0.18,12.78,-24.91,12.15,2.88,-3.52,-3.92,-27.578211,-48.468268,10
6.31,67159.50,45.05,3336.56,0.76,0.62,-0.46,1.86,-29.79,8.41,9.09,2.63,-7.84,-27.578202,-48.468247,8
6.34,67189.64,44.15,3333.06,-0.89,0.89,0.67,-7.94,-27.38,10.52,3.54,9.73,-2.78,-27.578193,-48.468227,9
6.36,67219.79,43.56,3329.56,-0.04,0.15,0.10,-16.04,-24.56,5.36,0.39,2.37,1.50,-27.578185,-48.468207,10
6.38,67249.96,41.66,3326.06,-0.32,0.31,0.30,-25.78,-11.89,10.92,-4.92,-3.78,6.88,-27.578176,-48.468187,8
6.40,67280.13,43.25,3322.56,-0.46,-0.21,-0.54,-29.17,-1.19,7.24,-6.22,-8.83,9.38,-27.578167,-48.468166,7
6.43,67310.32,41.78,3319.06,0.79,-0.52,-0.57,-30.84,9.71,6.61,1.69,-3.00,1.36,-27.578158,-48.468146,6
6.45,67340.52,43.44,3315.56,0.29,0.78,-1.32,-20.37,21.21,10.17,4.00,5.08,-6.52,-27.578149,-48.468126,8
6.47,67370.73,44.84,3312.06,0.52,-0.41,0.27,-9.47,24.23,0.34,7.11,4.01,-3.53,-27.578140,-48.468106,8
6.49,67400.94,42.32,3308.56,0.07,-0.32,-0.92,-0.56,32.25,0.55,-2.27,1.73,-3.81,-27.578131,-48.468085,10
6.52,67431.17,43.59,3305.06,-0.03,-0.75,-0.56,10.15,30.42,-2.65,-5.88,-6.68,0.99,-27.578122,-48.468065,6
6.54,67461.42,43.81,3301.56,-0.49,-0.57,-0.83,21.13,23.12,-5.50,-5.55,-6.00,4.29,-27.578113,-48.468045,7
6.56,67491.67,43.32,3298.06,0.85,-0.58,0.61,29.23,10.22,-5.58,-4.34,2.65,5.39,-27.578104,-48.468024,6
6.59,67521.93,42.52,3294.56,0.12,-0.33,0.20,27.53,-2.79,-4.11,2.30,6.80,1.33,-27.578095,-48.468004,9
6.61,67552.20,44.02,3291.06,0.53,0.71,-0.18,27.40,-16.81,-7.35,7.79,2.88,0.56,-27.578086,-48.467984,6
6.63,67582.49,44.07,3287.56,0.31,0.73,0.11,20.04,-20.86,-5.19,1.71,3.56,-3.82,-27.578077,-48.467964,8
6.65,67612.79,44.80,3284.06,-0.35,-0.92,0.35,10.18,-28.16,-10.98,-4.82,-5.81,-1.47,-27.578068,-48.467943,6
6.68,67643.09,43.36,3280.56,-0.04,-0.52,-0.14,-4.43,-31.37,-7.18,-7.39,-3.23,1.21,-27.578059,-48.467923,7
6.70,67673.41,43.02,3277.06,0.20,0.30,-0.47,-13.36,-25.66,-11.80,-1.34,1.06,4.49,-27.578050,-48.467903,8
6.72,67703.74,43.56,3273.56,0.48,-0.20,-0.13,-19.73,-16.75,-8.29,1.81,5.75,5.30,-27.578041,-48.467883,7
6.74,67734.08,44.48,3270.06,0.35,0.17,0.66,-30.63,-12.15,-6.50,8.69,3.80,2.08,-27.578032,-48.467862,7
6.77,67764.43,43.71,3266.56,-0.66,0.25,0.48,-26.84,-2.19,-3.23,2.31,-4.47,-5.33,-27.578023,-48.467842,10
6.79,67794.79,43.80,3263.06,0.32,0.02,-0.81,-25.65,13.64,-6.21,-4.34,-3.01,-5.44,-27.578014,-48.467822,6
6.81,67825.17,43.59,3259.56,0.15,-0.62,1.49,-18.03,24.22,-1.37,-8.16,-1.33,-0.56,-27.578005,-48.467801,7
6.84,67855.55,42.71,3256.06,0.23,-1.03,-0.21,-9.86,29.75,-3.00,-3.80,2.63,1.17,-27.577996,-48.467781,10
6.86,67885.94,44.90,3252.56,-0.15,-0.51,0.06,3.02,28.17,-1.23,1.67,4.68,3.67,-27.577987,-48.467761,9
6.88,67916.35,43.68,3249.06,-0.65,-0.35,0.82,12.67,22.96,5.42,3.27,0.44,6.96,-27.577978,-48.467741,9
6.90,67946.77,43.98,3245.56,0.24,-0.93,0.50,21.80,21.35,4.05,7.59,-6.43,2.58,-27.577969,-48.467720,8
6.93,67977.20,43.85,3242.06,-0.38,0.31,0.58,29.19,7.15,7.73,-0.08,-5.87,-3.24,-27.577960,-48.467700,6
6.95,68007.64,42.85,3238.56,-0.18,-0.07,0.59,29.87,-5.45,9.10,-3.70,1.04,-2.94,-27.577951,-48.467680,9
6.97,68038.09,45.74,3235.06,0.63,-1.10,-0.54,28.66,-12.17,10.58,-2.83,6.54,-7.31,-27.577942,-48.467660,8
6.99,68068.55,45.24,3231.56,-0.07,0.02,-0.22,19.55,-24.89,9.52,-4.09,6.04,2.46,-27.577933,-48.467639,9
7.02,68099.02,45.61,3228.06,-0.28,-0.20,0.18,7.33,-29.34,11.05,5.48,-1.70,6.02,-27.577924,-48.467619,8
7.04,68129.50,44.63,3224.56,-0.59,-0.18,0.31,-2.12,-26.20,10.41,5.37,-7.35,4.84,-27.577915,-48.467599,9
7.06,68160.00,45.24,3221.06,0.07,0.19,-0.04,-12.72,-27.89,8.21,-1.58,-3.68,2.52,-27.577906,-48.467578,10
7.09,68190.50,44.21,3217.56,0.38,-0.05,-0.09,-25.33,-21.34,11.26,-1.92,1.59,-4.52,-27.577897,-48.467558,6
7.11,68221.02,44.06,3214.06,-0.13,0.28,-0.13,-28.18,-7.50,7.54,-7.04,3.06,-8.36,-27.577888,-48.467538,9
7.13,68251.55,43.05,3210.56,-0.18,0.29,-0.20,-30.81,8.03,6.67,-1.81,0.19,-1.52,-27.577879,-48.467518,8
7.15,68282.08,44.45,3207.06,0.50,0.40,-0.06,-23.91,13.57,1.91,4.30,0.43,0.30,-27.577870,-48.467497,7
7.18,68312.63,44.43,3203.56,0.24,0.35,-0.02,-17.16,21.63,2.81,6.68,-6.84,1.72,-27.577861,-48.467477,7
7.20,68343.20,45.62,3200.06,-0.17,-0.87,-0.50,-6.43,33.41,1.76,1.61,-2.27,3.98,-27.577852,-48.467457,10
7.22,68373.77,43.08,3196.56,-0.05,0.12,-0.20,9.61,27.20,0.65,-4.82,3.38,-2.07,-27.577843,-48.467437,10
7.25,68404.35,44.60,3193.06,-0.20,0.97,0.30,15.91,23.58,-5.47,-6.52,7.44,-3.39,-27.577834,-48.467416,6
7.27,68434.94,43.80,3189.56,-0.23,-0.50,-0.88,26.23,14.58,-3.42,-5.06,-0.92,-9.47,-27.577825,-48.467396,10
7.29,68465.55,44.50,3186.06,-0.53,-0.25,-0.72,27.51,6.44,-8.40,5.32,-3.12,-1.74,-27.577816,-48.467376,10
7.31,68496.17,42.70,3182.56,0.52,0.24,0.19,28.28,-4.08,-9.72,4.54,-5.00,3.04,-27.577807,-48.467355,7
7.34,68526.79,44.65,3179.06,-0.20,-0.45,-0.46,21.11,-20.49,-12.42,3.20,-2.58,5.14,-27.577798,-48.467335,9
7.36,68557.43,45.47,3175.56,-0.08,-0.30,0.43,14.99,-24.96,-11.09,2.34,5.37,6.72,-27.577789,-48.467315,7
7.38,68588.08,44.10,3172.06,0.19,0.18,-0.18,3.32,-30.84,-12.47,-5.52,4.97,4.17,-27.577780,-48.467295,6
7.40,68618.74,45.42,3168.56,0.19,0.44,-0.14,-10.08,-26.62,-12.54,-7.10,3.11,-1.08,-27.577771,-48.467274,7
7.43,68649.41,44.17,3165.06,0.34,-1.34,-0.20,-15.67,-25.50,-4.69,0.08,-6.47,-5.50,-27.577762,-48.467254,9
7.45,68680.09,44.84,3161.56,-0.51,0.35,-0.72,-28.55,-12.28,-7.22,3.13,-3.83,-2.71,-27.577753,-48.467234,9
7.47,68710.79,46.13,3158.06,0.34,1.59,0.01,-31.36,-5.66,-9.48,4.11,-2.44,-0.59,-27.577744,-48.467214,8
7.50,68741.49,44.15,3154.56,0.13,-0.17,-0.41,-31.09,8.08,-2.91,3.59,9.39,7.38,-27.577735,-48.467193,7
7.52,68772.21,46.49,3151.06,0.20,-0.68,-0.61,-23.28,20.41,-1.44,-5.45,6.99,4.98,-27.577726,-48.467173,9
7.54,68802.94,45.73,3147.56,-0.44,0.02,-0.09,-13.96,28.29,-1.95,-8.44,-2.06,-1.96,-27.577717,-48.467153,7
7.56,68833.67,44.97,3144.06,0.45,0.02,0.40,-3.68,28.44,0.48,1.73,-2.34,-5.09,-27.577708,-48.467132,8
7.59,68864.42,45.53,3140.56,-0.00,0.14,-0.70,9.93,27.92,0.92,4.32,-3.07,-5.37,-27.577699,-48.467112,9
7.61,68895.18,45.41,3137.06,0.16,0.26,0.22,20.64,20.66,1.53,6.26,1.73,-0.53,-27.577690,-48.467092,10
7.63,68925.96,45.42,3133.56,0.97,-0.10,-0.76,27.88,12.88,1.87,0.42,4.85,0.90,-27.577681,-48.467072,6
7.65,68956.74,45.26,3130.06,0.13,0.18,-0.03,29.24,1.27,5.90,-3.18,5.25,5.40,-27.577672,-48.467051,6
7.68,68987.53,43.82,3126.56,-0.70,0.82,-0.81,27.93,-11.76,6.11,-5.98,-0.24,4.02,-27.577663,-48.467031,6
7.70,69018.34,46.19,3123.06,-0.26,0.22,-0.06,22.62,-20.50,5.12,-1.07,-6.93,2.15,-27.577655,-48.467011,7
7.72,69049.15,44.59,3119.56,-0.76,0.29,-0.60,11.85,-26.56,7.77,3.41,-6.05,-8.96,-27.577646,-48.466991,8
7.75,69079.98,43.27,3116.06,-0.01,0.66,-0.23,2.85,-30.78,11.07,5.63,5.98,-9.41,-27.577637,-48.466970,8
7.77,69110.82,45.27,3112.56,0.77,-0.31,-0.37,-14.49,-25.05,10.76,2.53,4.25,-5.14,-27.577628,-48.466950,8
7.79,69141.67,46.53,3109.06,0.39,0.06,0.37,-22.40,-20.92,9.47,-4.25,0.70,0.47,-27.577619,-48.466930,7
7.81,69172.53,46.19,3105.56,-0.57,-0.18,-0.20,-30.94,-9.89,8.49,-8.10,-5.00,4.83,-27.577610,-48.466909,7
7.84,69203.40,45.66,3102.06,-0.25,0.50,-0.63,-33.28,1.62,4.57,-4.85,-1.49,3.91,-27.577601,-48.466889,6
7.86,69234.28,42.89,3098.56,0.51,-0.90,0.49,-29.78,7.67,5.81,0.95,-1.19,0.72,-27.577592,-48.466869,9
7.88,69265.18,45.36,3095.06,-0.65,0.37,-0.68,-18.84,22.51,3.30,5.18,-0.13,-6.07,-27.577583,-48.466849,7
7.90,69296.08,45.91,3091.56,0.63,0.22,-1.18,-4.28,26.72,-1.19,4.97,5.76,-10.09,-27.577574,-48.466828,10
7.93,69327.00,44.91,3088.06,-0.06,0.94,-0.44,-1.98,28.92,0.19,-0.94,1.15,-6.67,-27.577565,-48.466808,8
7.95,69357.93,44.67,3084.56,-0.39,0.13,0.11,13.22,24.29,-3.49,-9.24,-4.85,2.57,-27.577556,-48.466788,10
7.97,69388.87,46.20,3081.06,-0.42,1.02,1.00,23.50,21.51,-3.13,-2.78,-7.16,6.20,-27.577547,-48.466768,6
8.00,69419.82,45.82,3077.56,-0.27,0.49,0.45,30.53,7.06,-4.41,0.91,3.09,7.55,-27.577538,-48.466747,6
8.02,69450.78,44.56,3074.06,-0.08,-0.06,0.43,27.34,-3.06,-11.59,5.03,8.23,2.74,-27.577529,-48.466727,10
8.04,69481.75,46.58,3070.56,-0.03,0.03,-0.58,27.72,-13.44,-6.45,7.94,4.68,-5.00,-27.577520,-48.466707,8
8.06,69512.73,46.22,3067.06,-0.48,-0.21,-0.37,16.91,-22.70,-10.14,2.23,0.80,-0.68,-27.577511,-48.466686,10
8.09,69543.73,46.36,3063.56,0.33,0.57,-0.13,8.75,-31.87,-10.22,-0.68,-3.94,-4.44,-27.577502,-48.466666,6
8.11,69574.74,46.26,3060.06,-0.07,0.20,-0.44,-2.54,-32.36,-11.44,-5.63,-3.62,2.72,-27.577493,-48.466646,7
8.13,69605.75,43.82,3056.56,1.16,-0.35,-1.09,-16.48,-26.89,-9.03,-0.18,2.78,4.17,-27.577484,-48.466626,8
8.16,69636.78,46.18,3053.06,-0.23,-0.49,-1.00,-25.40,-17.80,-12.34,4.63,4.18,4.80,-27.577475,-48.466605,8
8.18,69667.82,46.82,3049.56,0.46,-0.74,-0.61,-30.96,-5.34,-5.43,5.08,1.67,-4.01,-27.577466,-48.466585,6
8.20,69698.87,46.17,3046.06,-0.62,-0.04,0.54,-30.91,6.08,-4.71,3.53,-1.80,-4.73,-27.577457,-48.466565,9
8.22,69729.93,46.53,3042.56,-0.70,-0.42,0.47,-28.72,15.31,-5.83,-6.00,-2.67,-7.08,-27.577448,-48.466545,6
8.25,69761.01,43.49,3039.06,0.34,0.50,-1.18,-15.28,21.42,-4.31,-6.65,1.81,-4.02,-27.577439,-48.466524,6
8.27,69792.09,46.11,3035.56,0.58,0.91,-0.08,-10.24,26.59,-2.41,-0.00,4.24,1.52,-27.577430,-48.466504,9
8.29,69823.19,46.20,3032.06,-0.13,0.18,0.36,6.46,25.44,-0.49,0.95,4.81,8.70,-27.577421,-48.466484,6
8.31,69854.29,45.27,3028.56,0.91,-0.21,0.32,15.03,21.59,2.36,5.96,-0.49,2.57,-27.577412,-48.466463,8
8.34,69885.41,45.86,3025.06,0.25,0.18,-1.11,21.38,18.06,3.93,3.72,-6.57,-0.40,-27.577403,-48.466443,7
8.36,69916.54,45.70,3021.56,-0.89,0.25,-0.33,30.57,8.01,9.87,-3.41,-5.92,-7.85,-27.577394,-48.466423,8
8.38,69947.68,46.82,3018.06,-0.16,0.13,0.55,32.40,-7.68,8.24,-5.37,2.85,-8.17,-27.577385,-48.466403,8
8.41,69978.83,45.41,3014.56,0.49,0.13,0.40,24.55,-14.48,9.99,-4.54,5.37,-0.44,-27.577376,-48.466382,7
8.43,70009.99,45.44,3011.06,0.51,-0.55,0.21,15.51,-21.86,11.20,1.27,3.28,-0.88,-27.577367,-48.466362,7
8.45,70041.17,46.15,3007.56,0.11,-1.06,0.51,4.18,-28.08,11.69,8.29,-3.50,2.46,-27.577358,-48.466342,7
8.47,70072.35,45.80,3004.06,0.69,0.36,0.34,-9.12,-31.62,12.74,4.74,-8.62,5.06,-27.577349,-48.466322,9
8.50,70103.55,47.23,3000.56,-0.11,-0.04,0.24,-16.40,-22.10,8.93,2.25,-3.80,-0.29,-27.577340,-48.466301,9
8.52,70134.76,47.37,2997.06,0.46,0.14,0.02,-25.60,-18.08,7.78,-5.92,2.77,-4.84,-27.577331,-48.466281,7
8.54,70165.98,46.62,2993.56,0.48,-0.04,0.56,-23.92,-4.40,4.81,-8.30,4.33,-4.59,-27.577322,-48.466261,10
8.56,70197.21,46.31,2990.06,-0.27,-0.00,0.56,-28.02,5.06,7.23,2.62,3.85,-0.23,-27.577313,-48.466240,6
8.59,70228.45,45.41,2986.56,-0.56,0.06,-0.25,-24.15,21.99,5.49,2.86,-1.83,2.93,-27.577304,-48.466220,8
8.61,70259.70,47.35,2983.06,-0.19,-0.37,0.19,-15.68,27.01,-0.79,5.23,-7.79,6.14,-27.577295,-48.466200,10
8.63,70290.97,47.46,2979.56,-0.49,-0.42,-0.16,-3.64,30.89,0.84,1.29,-3.46,6.23,-27.577286,-48.466180,6
8.66,70322.24,45.74,2976.06,0.18,0.10,-0.89,6.93,31.63,-0.08,-2.52,3.19,-5.16,-27.577277,-48.466159,6
8.68,70353.53,47.38,2972.56,-0.56,-0.04,-0.27,17.84,22.70,-8.63,-8.61,2.79,-5.32,-27.577268,-48.466139,7
8.70,70384.83,46.71,2969.06,-0.05,0.20,-0.69,23.69,13.83,-5.37,-0.48,-0.04,-6.91,-27.577259,-48.466119,9
8.72,70416.14,44.78,2965.56,-0.07,-0.33,-0.86,28.91,5.02,-11.79,0.80,-6.15,-3.35,-27.577250,-48.466099,8
8.75,70447.46,45.62,2962.06,0.21,0.46,0.04,31.00,-11.27,-8.81,6.29,-9.36,1.22,-27.577241,-48.466078,8
8.77,70478.79,45.65,2958.56,-0.09,0.28,0.27,20.38,-21.18,-6.70,1.19,2.44,5.99,-27.577232,-48.466058,8
8.79,70510.13,46.71,2955.06,0.57,0.17,-0.66,15.12,-29.71,-8.64,-3.19,5.17,4.71,-27.577223,-48.466038,8
8.81,70541.49,46.82,2951.56,-0.18,-0.65,0.57,2.04,-27.25,-6.22,-7.72,7.62,-1.41,-27.577214,-48.466017,6
8.84,70572.85,46.53,2948.06,0.18,1.26,0.38,-9.16,-27.30,-3.89,-5.42,2.72,-1.14,-27.577205,-48.465997,10
8.86,70604.23,45.80,2944.56,-0.12,-0.03,0.77,-20.48,-20.83,-9.80,0.43,-7.01,-2.48,-27.577196,-48.465977,7
8.88,70635.62,47.88,2941.06,0.36,0.60,-0.88,-24.92,-14.00,-7.40,5.30,-5.23,-5.75,-27.577187,-48.465957,10
8.91,70667.02,46.75,2937.56,-0.79,-0.00,0.35,-29.80,-2.45,-7.86,3.48,0.66,0.99,-27.577178,-48.465936,9
8.93,70698.43,47.07,2934.06,-0.04,0.09,-0.24,-25.26,8.56,-2.62,-0.81,4.48,4.71,-27.577169,-48.465916,8
8.95,70729.85,46.20,2930.56,-0.38,-0.69,0.77,-19.19,23.35,-5.29,-6.39,2.76,6.21,-27.577160,-48.465896,7
8.97,70761.28,47.26,2927.06,0.14,-0.04,0.01,-11.16,28.63,-1.64,-4.02,-0.87,-1.68,-27.577151,-48.465876,7
9.00,70792.73,47.73,2923.56,0.70,-0.33,-0.16,0.68,29.25,-0.73,-0.54,-4.38,-5.71,-27.577142,-48.465855,7
9.02,70824.18,47.16,2920.06,0.01,-0.37,0.43,11.63,27.48,2.42,7.17,-3.45,-3.92,-27.577133,-48.465835,10
9.04,70855.65,47.08,2916.56,-0.32,-0.18,0.07,20.17,21.17,0.54,7.50,5.38,-0.59,-27.577125,-48.465815,7
9.07,70887.13,45.75,2913.06,-0.24,1.02,-0.55,27.99,12.32,7.45,-0.56,6.80,3.30,-27.577116,-48.465794,6
9.09,70918.62,44.76,2909.56,-0.06,-0.32,0.88,27.47,-1.64,9.00,-3.24,0.91,7.02,-27.577107,-48.465774,6
9.11,70950.12,46.70,2906.06,0.68,-0.34,-0.84,27.10,-9.67,10.01,-5.35,-3.21,3.13,-27.577098,-48.465754,9
9.13,70981.63,47.50,2902.56,0.01,0.82,-0.20,19.10,-21.55,14.84,1.24,-3.14,-1.54,-27.577089,-48.465734,8
9.16,71013.16,46.71,2899.06,0.72,0.52,-0.16,7.92,-27.98,7.59,3.82,-3.12,-4.65,-27.577080,-48.465713,10
9.18,71044.69,47.11,2895.56,0.48,0.48,-0.62,-1.67,-30.41,8.89,7.56,4.99,-7.98,-27.577071,-48.465693,6
9.20,71076.24,46.85,2892.06,0.42,-0.56,-0.01,-8.34,-26.81,10.02,5.99,4.36,-1.60,-27.577062,-48.465673,8
9.22,71107.80,45.62,2888.56,0.93,0.28,-0.32,-24.46,-17.84,10.15,-2.69,0.53,2.35,-27.577053,-48.465652,9
9.25,71139.37,48.32,2885.06,-0.35,-0.60,-0.21,-29.21,-5.74,6.69,-3.85,-5.66,6.45,-27.577044,-48.465632,8
9.27,71170.95,46.78,2881.56,-0.16,0.38,0.01,-32.42,1.97,5.55,-4.59,-7.48,4.36,-27.577035,-48.465612,9
9.29,71202.54,49.57,2878.06,-0.76,0.37,0.31,-29.20,11.25,8.43,0.26,-1.07,-0.25,-27.577026,-48.465592,6
9.32,71234.14,45.41,2874.56,-0.04,0.59,0.28,-20.31,21.67,3.99,3.22,4.36,-5.63,-27.577017,-48.465571,10
9.34,71265.76,48.00,2871.06,0.98,0.09,0.46,-5.60,31.03,1.58,7.00,5.59,-3.55,-27.577008,-48.465551,8
9.36,71297.38,47.21,2867.56,1.53,-0.42,0.66,1.76,28.55,1.84,0.48,-4.09,-5.28,-27.576999,-48.465531,7
9.38,71329.02,45.87,2864.06,1.01,0.05,-0.24,15.02,25.63,-2.16,-5.13,-8.64,0.18,-27.576990,-48.465511,9
9.41,71360.67,49.68,2860.56,-0.22,0.59,0.42,27.30,23.98,-5.64,-8.18,-1.69,5.53,-27.576981,-48.465490,10
9.43,71392.33,45.99,2857.06,-0.02,-0.99,-0.29,31.76,7.41,-5.85,-1.19,1.13,5.70,-27.576972,-48.465470,8
9.45,71424.00,46.72,2853.56,-0.11,-0.10,0.37,25.87,-2.00,-7.85,3.09,6.81,-0.52,-27.576963,-48.465450,10
9.47,71455.69,45.50,2850.06,-0.23,0.53,-0.73,25.76,-15.61,-8.81,4.21,4.85,-5.26,-27.576954,-48.465429,7
9.50,71487.38,47.60,2846.56,-0.03,-1.72,-0.82,17.93,-24.30,-9.77,-0.35,-7.00,-5.60,-27.576945,-48.465409,8
9.52,71519.09,46.47,2843.06,0.02,0.04,-0.50,6.17,-24.22,-9.38,-4.12,-6.20,-1.50,-27.576936,-48.465389,7
9.54,71550.80,47.76,2839.56,0.75,-0.69,-0.46,-9.59,-28.26,-13.39,-4.77,-2.35,1.06,-27.576927,-48.465369,10
9.57,71582.53,46.29,2836.06,0.66,0.82,-0.04,-17.47,-26.79,-7.63,1.30,3.31,6.60,-27.576918,-48.465348,7
9.59,71614.27,49.68,2832.56,-0.26,1.13,0.29,-23.15,-13.71,-8.12,3.89,6.16,5.90,-27.576909,-48.465328,10
9.61,71646.02,48.56,2829.06,0.29,0.47,-0.53,-27.77,-5.25,-5.31,6.87,-0.99,-2.12,-27.576900,-48.465308,6
9.63,71677.79,48.35,2825.56,-0.03,0.24,0.10,-30.63,5.45,-4.71,1.33,-7.77,-5.07,-27.576891,-48.465288,9
9.66,71709.56,47.57,2822.06,0.42,0.41,-0.08,-26.05,12.66,-5.71,-4.06,-8.24,-7.26,-27.576882,-48.465267,6
9.68,71741.34,48.79,2818.56,-0.67,0.44,0.16,-17.06,26.24,-4.02,-7.40,-2.73,1.41,-27.576873,-48.465247,9
9.70,71773.14,48.56,2815.06,0.18,0.84,-0.60,-5.93,31.66,0.32,-1.41,5.19,2.75,-27.576864,-48.465227,6
9.72,71804.95,46.84,2811.56,0.02,0.35,0.78,5.35,30.61,-0.13,3.19,6.81,5.80,-27.576855,-48.465206,9
9.75,71836.77,46.44,2808.06,-0.04,-0.82,0.78,16.11,22.82,1.48,7.30,-1.90,5.58,-27.576846,-48.465186,6
9.77,71868.60,48.22,2804.56,-0.32,0.66,-0.26,25.99,14.83,6.07,-2.33,-1.80,-0.88,-27.576837,-48.465166,7
9.79,71900.44,47.24,2801.06,0.14,-0.23,-0.62,30.53,2.04,10.77,-2.30,-4.76,-3.67,-27.576828,-48.465146,10
9.82,71932.30,49.02,2797.56,-0.13,0.67,0.30,27.95,-11.40,3.42,-5.54,1.56,-4.83,-27.576819,-48.465125,8
9.84,71964.16,47.14,2794.06,-0.68,0.62,-0.53,26.86,-20.22,10.53,-4.13,7.97,-1.30,-27.576810,-48.465105,7
9.86,71996.04,48.18,2790.56,-0.94,0.02,0.71,15.09,-28.71,6.06,1.52,1.95,2.27,-27.576801,-48.465085,7
9.88,72027.93,47.57,2787.06,-0.76,0.03,0.30,7.05,-28.24,8.23,6.43,-2.87,4.50,-27.576792,-48.465065,9
9.91,72059.83,46.70,2783.56,0.58,0.39,-0.17,-9.70,-29.17,9.23,6.18,-3.91,4.26,-27.576783,-48.465044,8
9.93,72091.74,46.68,2780.06,0.22,0.17,-0.10,-21.99,-26.70,13.56,-1.20,-0.61,0.53,-27.576774,-48.465024,9
9.95,72123.66,48.13,2776.56,0.44,0.11,-0.72,-23.62,-14.95,6.25,-6.42,7.07,-5.36,-27.576765,-48.465004,9
9.98,72155.60,47.60,2773.06,0.58,-0.98,0.39,-30.14,1.71,7.70,-7.93,5.89,-6.14,-27.576756,-48.464983,8
10.00,72187.54,46.40,2769.56,-1.04,0.54,1.04,-30.17,11.56,7.12,-1.60,5.83,-0.55,-27.576747,-48.464963,9
10.02,72219.50,47.46,2766.06,-0.40,-0.15,0.00,-22.32,17.89,7.46,8.05,-2.25,2.17,-27.576738,-48.464943,6
10.04,72251.47,46.79,2762.56,0.69,-0.10,-0.93,-11.71,24.36,1.40,8.77,-6.64,6.39,-27.576729,-48.464923,7
10.07,72283.45,46.56,2759.06,-0.38,0.51,0.05,-0.87,28.46,2.18,0.26,0.78,5.98,-27.576720,-48.464902,7
10.09,72315.44,47.32,2755.56,-0.98,0.74,0.06,11.59,32.14,-2.61,-1.64,4.58,1.22,-27.576711,-48.464882,10
10.11,72347.44,47.39,2752.06,-0.14,0.13,-0.22,16.64,17.64,-4.77,-5.15,2.16,-3.30,-27.576702,-48.464862,8
10.13,72379.46,47.42,2748.56,-0.56,-0.48,0.46,25.46,12.64,-4.08,-0.31,-1.32,-3.80,-27.576693,-48.464842,9
10.16,72411.48,50.20,2745.06,0.49,-0.47,0.02,29.28,1.66,-5.96,3.65,-6.04,-4.93,-27.576684,-48.464821,10
10.18,72443.52,47.95,2741.56,-0.37,-0.43,-0.50,29.73,-13.17,-10.26,4.73,-5.25,2.17,-27.576675,-48.464801,6
10.20,72475.57,48.99,2738.06,0.28,0.59,0.06,21.39,-18.89,-10.41,2.70,3.57,8.36,-27.576666,-48.464781,6
10.23,72507.63,49.88,2734.56,-0.56,-0.73,0.01,12.34,-25.75,-7.04,0.03,5.31,5.95,-27.576657,-48.464760,9
10.25,72539.70,47.48,2731.06,-0.65,-0.11,0.88,0.82,-26.83,-12.83,-5.74,5.15,-3.16,-27.576648,-48.464740,8
10.27,72571.78,48.74,2727.56,-0.91,-0.10,0.64,-8.72,-25.13,-11.47,-3.77,-2.22,-4.68,-27.576639,-48.464720,8
10.29,72603.88,48.24,2724.06,-0.66,0.64,-0.54,-18.56,-20.81,-7.56,4.87,-7.16,-3.94,-27.576630,-48.464700,6
10.32,72635.98,48.43,2720.56,-0.27,0.68,0.57,-28.23,-11.17,-9.10,4.64,-4.78,0.71,-27.576621,-48.464679,9
10.34,72668.10,49.06,2717.06,0.82,-0.64,0.40,-31.21,2.67,-7.65,5.48,0.19,3.01,-27.576612,-48.464659,6
10.36,72700.23,48.70,2713.56,0.29,0.25,0.57,-23.95,13.26,-2.98,-1.55,4.90,7.03,-27.576603,-48.464639,7
10.38,72732.37,48.03,2710.06,-0.92,-0.44,0.56,-20.16,19.48,-5.49,-7.66,4.53,7.21,-27.576595,-48.464619,8
10.41,72764.52,49.39,2706.56,-0.29,-0.43,0.25,-11.05,32.85,2.91,-6.41,-2.74,-1.85,-27.576586,-48.464598,9
10.43,72796.69,49.40,2703.06,0.12,0.57,-0.39,3.03,27.87,3.30,-1.37,-5.08,-3.57,-27.576577,-48.464578,10
10.45,72828.86,49.75,2699.56,-0.56,0.16,0.15,11.24,30.16,1.11,8.39,-0.14,-3.88,-27.576568,-48.464558,9
10.48,72861.05,49.06,2696.06,-0.64,-0.20,-0.64,24.49,19.63,3.56,4.60,2.01,-1.66,-27.576559,-48.464537,9
10.50,72893.25,49.15,2692.56,-0.61,-0.63,0.29,30.04,9.25,5.39,2.66,2.91,0.13,-27.576550,-48.464517,6
10.52,72925.46,49.12,2689.06,-0.39,0.18,-0.42,28.62,-3.58,6.70,-9.14,0.75,6.72,-27.576541,-48.464497,10
10.54,72957.68,48.09,2685.56,-0.72,0.38,0.43,26.25,-14.94,8.77,-5.30,-4.10,6.71,-27.576532,-48.464477,10
10.57,72989.91,48.50,2682.06,0.40,-0.46,0.17,20.48,-23.54,7.20,-4.58,-5.27,0.91,-27.576523,-48.464456,6
10.59,73022.15,49.14,2678.56,0.41,0.30,0.55,7.87,-28.69,8.92,2.86,-0.57,-5.38,-27.576514,-48.464436,10
10.61,73054.41,48.12,2675.06,0.28,-0.50,0.20,-7.10,-30.26,10.35,6.20,2.18,-4.12,-27.576505,-48.464416,7
10.63,73086.68,50.54,2671.56,-0.37,-0.16,-0.05,-15.11,-26.73,10.43,0.90,2.84,-2.41,-27.576496,-48.464396,8
10.66,73118.96,49.12,2668.06,0.50,0.20,-0.11,-22.86,-16.91,8.60,-4.84,-1.05,3.40,-27.576487,-48.464375,8
10.68,73151.25,48.26,2664.56,-0.13,-0.94,0.10,-32.99,-11.99,8.21,-5.70,-6.17,10.38,-27.576478,-48.464355,7
10.70,73183.55,51.86,2661.06,-0.04,-0.50,-0.47,-26.39,6.22,5.25,-4.73,-5.34,1.40,-27.576469,-48.464335,8
10.73,73215.86,47.63,2657.56,-0.23,0.20,0.48,-24.12,14.26,3.70,1.11,0.90,-2.73,-27.576460,-48.464314,7
10.75,73248.19,49.62,2654.06,-0.27,0.87,-0.45,-18.75,26.46,2.49,1.75,6.42,-7.88,-27.576451,-48.464294,7
10.77,73280.52,46.59,2650.56,0.09,0.05,0.25,-7.14,28.98,-0.19,0.68,2.72,-3.72,-27.576442,-48.464274,10
10.79,73312.87,49.38,2647.06,-0.03,0.21,-0.19,4.92,30.55,0.80,-2.33,-1.10,-0.92,-27.576433,-48.464254,9
10.82,73345.23,47.20,2643.56,0.42,-0.20,0.13,11.83,24.28,-3.89,-3.07,-7.88,3.06,-27.576424,-48.464233,10
10.84,73377.60,47.63,2640.06,-0.04,0.54,0.01,27.47,16.88,-3.88,-5.96,-0.30,6.98,-27.576415,-48.464213,8
10.86,73409.98,47.67,2636.56,1.04,-0.02,0.85,31.37,4.68,-8.74,2.29,4.09,5.56,-27.576406,-48.464193,7
10.89,73442.38,49.04,2633.06,-0.24,0.07,1.14,29.98,-4.34,-7.75,5.86,4.87,-1.09,-27.576397,-48.464173,10
10.91,73474.79,50.36,2629.56,-0.03,-0.91,0.37,23.19,-18.30,-15.13,5.11,0.31,-4.57,-27.576388,-48.464152,6
10.93,73507.20,49.06,2626.06,0.29,0.08,0.19,16.54,-24.55,-9.19,-1.08,-5.03,-4.48,-27.576379,-48.464132,9
10.95,73539.63,49.10,2622.56,-0.92,0.35,0.08,3.96,-30.65,-9.94,-9.85,-5.23,-0.93,-27.576370,-48.464112,6
10.98,73572.07,46.91,2619.06,-0.05,-1.14,-0.06,-9.30,-31.72,-12.76,-6.32,1.25,0.64,-27.576361,-48.464091,9
11.00,73604.53,47.67,2615.56,-0.62,-0.19,0.25,-17.90,-26.90,-9.86,-1.97,5.20,8.20,-27.576352,-48.464071,7
11.02,73636.99,48.98,2612.06,-0.09,-0.47,0.98,-26.80,-14.64,-9.15,5.48,5.90,3.33,-27.576343,-48.464051,10
11.04,73669.46,49.97,2608.56,-0.51,0.97,0.21,-32.62,-0.56,-8.85,3.63,2.61,-1.64,-27.576334,-48.464031,10
11.07,73701.95,48.14,2605.06,-0.77,0.68,-0.47,-27.98,3.85,-5.82,0.70,-5.12,-7.40,-27.576325,-48.464010,6
11.09,73734.45,50.37,2601.56,-0.51,-0.33,0.92,-23.58,15.69,-4.42,-6.99,-5.28,-3.04,-27.576316,-48.463990,9
11.11,73766.96,50.09,2598.06,0.32,-0.38,-0.62,-14.37,29.29,-3.53,-5.79,2.97,-5.18,-27.576307,-48.463970,9
11.14,73799.48,48.89,2594.56,-0.68,0.12,0.37,-0.46,30.92,-0.30,-4.69,9.94,3.15,-27.576298,-48.463950,7
11.16,73832.02,49.69,2591.06,0.40,-0.23,0.06,6.69,28.99,1.89,6.18,6.22,8.16,-27.576289,-48.463929,10
11.18,73864.56,49.54,2587.56,-0.17,-0.06,-0.70,17.88,22.71,1.50,4.88,-0.76,5.24,-27.576280,-48.463909,10
11.20,73897.12,48.00,2584.06,-0.18,0.22,0.26,26.45,14.95,6.33,0.03,-6.73,0.18,-27.576271,-48.463889,8
11.23,73929.69,49.46,2580.56,0.22,-0.92,0.03,28.84,5.22,3.50,-3.00,-5.14,-7.18,-27.576262,-48.463868,10
11.25,73962.27,49.20,2577.06,-0.17,0.39,-0.43,30.59,-8.74,7.07,-7.86,4.16,-7.98,-27.576253,-48.463848,6
11.27,73994.86,49.21,2573.56,0.89,0.21,-0.33,22.36,-16.95,8.64,-2.65,3.04,-1.77,-27.576244,-48.463828,8
11.29,74027.46,49.97,2570.06,1.10,0.01,0.41,11.75,-28.60,10.05,3.10,0.13,5.63,-27.576235,-48.463808,7
11.32,74060.08,50.71,2566.56,-0.04,-0.20,-1.02,1.64,-26.84,11.54,8.25,-6.97,5.17,-27.576226,-48.463787,8
11.34,74092.70,50.46,2563.06,0.10,0.26,-0.79,-10.05,-25.68,7.04,5.99,-6.06,3.50,-27.576217,-48.463767,7
11.36,74125.34,50.51,2559.56,0.94,0.01,-0.35,-21.17,-21.76,10.80,1.52,-1.96,2.46,-27.576208,-48.463747,9
11.39,74157.99,50.38,2556.06,0.14,0.35,0.68,-29.99,-14.44,6.87,-7.49,3.04,-3.54,-27.576199,-48.463727,7
11.41,74190.65,49.76,2552.56,-0.12,0.78,-0.56,-26.36,1.40,6.49,-4.73,6.43,-2.21,-27.576190,-48.463706,9
11.43,74223.33,48.37,2549.06,-0.06,0.92,0.53,-31.69,12.14,5.15,1.15,3.72,-0.54,-27.576181,-48.463686,7
11.45,74256.01,49.83,2545.56,0.24,-0.11,0.57,-21.09,20.59,2.02,2.59,-5.60,8.94,-27.576172,-48.463666,10
11.48,74288.71,49.43,2542.06,0.29,0.06,-0.55,-11.64,23.47,4.04,5.75,-3.47,4.75,-27.576163,-48.463645,8
11.50,74321.41,49.48,2538.56,-0.24,-0.10,0.67,-0.52,31.81,-3.43,-1.65,1.31,1.83,-27.576154,-48.463625,7
11.52,74354.13,48.78,2535.06,0.73,-0.73,0.66,14.55,27.65,0.51,-4.85,4.21,0.55,-27.576145,-48.463605,7
11.54,74386.87,50.56,2531.56,-0.19,0.08,0.83,26.11,18.79,-2.91,-3.88,2.92,-5.79,-27.576136,-48.463585,7
11.57,74419.61,51.83,2528.06,0.21,-0.14,-0.33,27.98,15.76,-4.62,-3.56,0.17,-5.88,-27.576127,-48.463564,8
11.59,74452.36,50.86,2524.56,-0.12,0.05,0.76,30.65,-2.98,-4.91,2.63,-3.96,-2.80,-27.576118,-48.463544,10
11.61,74485.13,50.49,2521.06,-0.37,0.55,-1.72,27.49,-16.55,-8.06,2.49,-3.79,4.24,-27.576109,-48.463524,7
11.64,74517.91,51.39,2517.56,-0.04,0.62,0.36,20.67,-22.93,-10.39,0.98,1.66,6.91,-27.576100,-48.463504,8
11.66,74550.70,49.16,2514.06,0.79,-0.29,0.46,9.73,-27.11,-11.44,-6.48,6.60,2.11,-27.576091,-48.463483,9
11.68,74583.50,48.78,2510.56,0.15,-0.49,0.82,0.24,-32.32,-8.19,-4.05,4.47,-2.25,-27.576082,-48.463463,10
11.70,74616.31,49.34,2507.06,0.64,0.03,-0.38,-14.14,-28.95,-7.27,1.66,-1.39,-3.79,-27.576073,-48.463443,10
11.73,74649.14,49.65,2503.56,-0.44,-0.47,-0.71,-23.04,-15.33,-6.33,1.74,-6.47,-3.94,-27.576064,-48.463422,6
11.75,74681.97,49.39,2500.06,-0.30,-0.42,0.49,-26.39,-5.53,-9.42,3.70,-0.72,-1.46,-27.576056,-48.463402,6
11.77,74714.82,50.42,2496.56,0.29,0.05,-0.75,-29.37,4.47,-6.72,4.33,6.21,6.45,-27.576047,-48.463382,9
11.80,74747.68,50.76,2493.06,-0.26,-0.35,-0.42,-24.70,12.38,-5.26,-2.58,2.59,5.87,-27.576038,-48.463362,9
11.82,74780.55,51.26,2489.56,-0.09,0.18,-0.58,-18.04,21.10,-5.51,-5.02,0.47,0.95,-27.576029,-48.463341,6
11.84,74813.44,50.10,2486.06,-0.29,-0.05,0.20,-9.63,32.69,1.32,-3.44,-5.17,0.23,-27.576020,-48.463321,8
11.86,74846.33,48.89,2482.56,0.56,-0.25,-0.31,6.76,28.59,-1.57,6.18,-3.98,-5.22,-27.576011,-48.463301,10
11.89,74879.24,50.05,2479.06,-0.08,0.86,0.52,14.38,24.74,1.22,5.78,-0.86,-1.74,-27.576002,-48.463281,8
11.91,74912.16,48.80,2475.56,0.18,0.23,0.05,23.06,16.86,2.89,2.12,5.70,0.19,-27.575993,-48.463260,8
11.93,74945.09,49.76,2472.06,0.06,-0.68,-0.35,25.97,6.44,6.82,-1.90,5.84,4.79,-27.575984,-48.463240,6
11.95,74978.03,50.97,2468.56,-0.18,0.17,-0.77,33.31,-6.66,7.02,-1.56,0.61,5.45,-27.575975,-48.463220,6
11.98,75010.98,49.89,2465.06,0.36,-0.82,0.78,21.90,-18.42,10.65,-4.01,-8.55,3.94,-27.575966,-48.463199,9
12.00,75043.95,51.81,2461.56,0.28,0.97,0.68,19.24,-20.83,11.92,1.44,-5.07,-1.47,-27.575957,-48.463179,6
12.02,75076.92,50.91,2458.06,0.01,-0.13,0.07,6.60,-31.73,12.13,8.04,2.68,-7.58,-27.575948,-48.463159,7
12.05,75109.91,51.30,2454.56,-0.51,0.64,0.28,-6.59,-27.47,10.91,4.03,4.95,-4.55,-27.575939,-48.463139,9
12.07,75142.91,51.26,2451.06,-0.18,-0.25,0.12,-17.32,-24.85,7.74,-0.79,3.62,-2.61,-27.575930,-48.463118,7
12.09,75175.93,49.05,2447.56,0.28,-0.48,-0.62,-20.74,-15.31,8.21,-6.70,-3.83,5.87,-27.575921,-48.463098,9
12.11,75208.95,50.78,2444.06,0.35,0.76,-0.34,-27.86,-3.24,7.15,-5.09,-5.08,8.22,-27.575912,-48.463078,10
12.14,75241.99,49.91,2440.56,0.07,0.13,-0.08,-31.13,7.57,7.59,-0.94,-1.97,1.02,-27.575903,-48.463058,10
12.16,75275.03,50.54,2437.06,0.18,-0.49,-0.99,-26.14,18.13,3.81,4.13,2.43,-1.55,-27.575894,-48.463037,10
12.18,75308.09,50.04,2433.56,0.83,-0.25,0.53,-16.45,23.91,2.38,6.22,4.44,-7.39,-27.575885,-48.463017,10
12.20,75341.16,49.70,2430.06,-0.09,0.27,-0.25,-4.06,27.22,2.66,-0.77,4.64,-7.07,-27.575876,-48.462997,9
12.23,75374.25,52.65,2426.56,-0.22,0.36,0.03,6.49,26.46,-5.05,-2.03,-6.53,-0.74,-27.575867,-48.462976,10
12.25,75407.34,50.56,2423.06,0.34,-0.05,-0.44,17.49,22.25,-4.60,-7.79,-3.39,6.94,-27.575858,-48.462956,9
12.27,75440.45,52.25,2419.56,-0.16,-1.08,-0.40,24.57,16.76,-2.38,-0.85,-3.44,6.24,-27.575849,-48.462936,7
12.30,75473.57,48.37,2416.06,0.17,-0.37,-0.14,26.15,1.17,-6.90,5.96,5.02,5.70,-27.575840,-48.462916,10
12.32,75506.70,50.54,2412.56,1.14,0.65,0.14,28.84,-6.28,-8.63,6.16,1.74,-4.04,-27.575831,-48.462895,6
12.34,75539.84,49.53,2409.06,-0.28,-0.08,0.96,23.82,-19.28,-10.91,3.10,3.02,-2.71,-27.575822,-48.462875,6
12.36,75572.99,49.84,2405.56,-0.70,1.17,-0.20,14.52,-25.82,-10.82,0.53,-3.38,-5.41,-27.575813,-48.462855,7
12.39,75606.16,50.48,2402.06,-0.04,-0.07,-0.50,3.20,-28.55,-9.98,-3.07,-7.39,-0.25,-27.575804,-48.462835,8
12.41,75639.33,49.66,2398.56,-0.71,-0.53,0.38,-7.26,-29.93,-14.02,-7.91,-0.18,6.30,-27.575795,-48.462814,10
12.43,75672.52,52.05,2395.06,-0.65,-0.05,0.52,-20.86,-27.76,-9.09,0.26,8.25,10.76,-27.575786,-48.462794,10
12.45,75705.72,52.08,2391.56,0.36,0.13,0.36,-28.61,-16.74,-7.41,4.13,5.92,1.28,-27.575777,-48.462774,6
12.48,75738.93,51.37,2388.06,-0.34,-0.73,-0.69,-31.26,2.16,-6.51,3.97,-1.96,-2.41,-27.575768,-48.462753,10
12.50,75772.16,52.35,2384.56,-0.26,0.37,0.07,-28.68,9.61,-7.10,-1.03,-6.68,-4.13,-27.575759,-48.462733,9
12.52,75805.39,51.93,2381.06,0.33,-0.02,0.31,-23.55,23.77,-2.39,-3.65,-2.26,-5.20,-27.575750,-48.462713,9
12.55,75838.64,50.99,2377.56,0.37,0.15,1.48,-15.46,26.47,2.55,-4.30,-0.94,1.14,-27.575741,-48.462693,9
12.57,75871.90,50.42,2374.06,0.42,-0.21,0.63,-0.42,30.09,-0.63,1.62,4.72,4.82,-27.575732,-48.462672,7
12.59,75905.17,52.03,2370.56,-0.63,0.10,-0.37,14.03,27.70,2.96,2.62,3.54,6.24,-27.575723,-48.462652,10
12.61,75938.46,52.04,2367.06,-0.34,0.30,-0.35,23.41,22.17,3.06,5.66,-1.61,-0.73,-27.575714,-48.462632,8
12.64,75971.75,49.75,2363.56,0.46,0.42,-0.59,29.85,14.03,4.12,0.79,-6.48,-3.33,-27.575705,-48.462612,10
12.66,76005.06,52.08,2360.06,-0.17,0.97,-0.17,32.33,-3.84,5.65,-6.53,-2.55,-4.95,-27.575696,-48.462591,6
12.68,76038.38,51.39,2356.56,0.96,-1.11,0.36,27.12,-10.21,6.31,-5.61,2.23,-5.74,-27.575687,-48.462571,10
12.71,76071.71,51.98,2353.06,-0.87,-0.15,-1.07,21.25,-18.53,8.99,-1.28,5.32,1.85,-27.575678,-48.462551,9
12.73,76105.05,51.71,2349.56,0.57,-0.25,-0.20,11.14,-30.06,6.57,3.85,-0.96,4.79,-27.575669,-48.462530,7
12.75,76138.40,52.12,2346.06,1.06,-0.16,-0.52,-0.03,-31.32,11.83,5.08,-2.66,1.01,-27.575660,-48.462510,7
12.77,76171.77,51.52,2342.56,0.17,-0.80,-0.19,-12.32,-25.00,10.55,2.89,-8.99,4.73,-27.575651,-48.462490,8
12.80,76205.15,49.54,2339.06,-0.50,0.24,0.01,-18.00,-19.16,8.21,-1.56,1.24,-2.52,-27.575642,-48.462470,8
12.82,76238.54,52.26,2335.56,0.30,-0.31,-0.42,-28.59,-10.29,8.11,-7.49,4.41,-5.78,-27.575633,-48.462449,7
12.84,76271.94,51.52,2332.06,-0.27,-0.32,0.75,-32.01,1.98,10.11,-3.95,3.38,-2.17,-27.575624,-48.462429,8
12.86,76305.35,50.82,2328.56,-0.78,1.32,0.08,-26.57,14.32,3.72,-0.00,2.99,0.80,-27.575615,-48.462409,9
12.89,76338.78,52.53,2325.06,0.44,0.54,-0.06,-20.96,19.93,3.71,7.74,-5.68,0.59,-27.575606,-48.462389,10
12.91,76372.21,54.22,2321.56,-0.14,-0.46,-0.08,-7.94,26.55,2.12,0.14,-7.46,5.67,-27.575597,-48.462368,6
12.93,76405.66,52.34,2318.06,-0.27,0.28,-0.23,3.86,29.02,-3.04,-0.35,4.03,2.14,-27.575588,-48.462348,9
12.96,76439.12,50.25,2314.56,-0.19,0.15,1.23,13.77,27.82,-3.73,-2.94,8.62,-2.03,-27.575579,-48.462328,6
12.98,76472.60,50.33,2311.06,-0.00,-0.43,-0.15,20.78,21.15,-7.06,-0.91,1.54,-8.22,-27.575570,-48.462307,10
13.00,76506.08,51.64,2307.56,-0.53,-0.45,-0.17,29.51,8.47,-6.46,-0.11,-4.56,-4.16,-27.575561,-48.462287,9
13.02,76539.58,51.17,2304.06,1.41,1.18,0.26,27.51,-1.69,-7.57,5.65,-4.29,0.77,-27.575552,-48.462267,8
13.05,76573.08,50.61,2300.56,-0.39,0.19,-0.48,22.34,-13.39,-8.93,5.80,-0.89,3.88,-27.575543,-48.462247,7
13.07,76606.60,51.43,2297.06,-0.58,-0.05,-1.11,12.36,-20.39,-12.12,-1.24,5.21,5.84,-27.575534,-48.462226,6
13.09,76640.14,51.39,2293.56,0.33,0.66,0.87,9.07,-27.81,-9.97,-5.04,3.94,-0.34,-27.575526,-48.462206,7
13.11,76673.68,51.71,2290.06,0.20,0.19,0.41,-2.91,-30.85,-9.94,-6.39,1.81,-4.24,-27.575517,-48.462186,9
13.14,76707.24,51.44,2286.56,-0.06,0.09,-0.54,-14.15,-29.53,-8.52,-1.56,-5.14,-9.49,-27.575508,-48.462165,10
13.16,76740.80,52.34,2283.06,0.52,-0.57,-0.18,-21.90,-19.40,-9.62,4.65,-7.06,-3.99,-27.575499,-48.462145,7
13.18,76774.38,50.93,2279.56,1.06,0.18,0.04,-27.54,-7.18,-6.22,7.19,-1.79,0.90,-27.575490,-48.462125,10
13.21,76807.97,51.70,2276.06,-0.07,-0.00,0.39,-28.92,1.81,-5.15,5.74,4.33,6.01,-27.575481,-48.462105,9
13.23,76841.58,52.74,2272.56,-0.62,0.34,-0.11,-25.67,16.64,-2.45,-6.55,6.66,3.82,-27.575472,-48.462084,8
13.25,76875.19,53.31,2269.06,0.16,1.10,-0.39,-18.48,25.72,-4.53,-6.76,2.91,2.13,-27.575463,-48.462064,8
13.27,76908.82,49.40,2265.56,-0.25,0.67,-0.05,-6.28,28.36,0.58,-6.91,-2.45,-5.13,-27.575454,-48.462044,9
13.30,76942.46,54.02,2262.06,0.19,0.98,0.40,6.18,31.56,0.17,2.45,-4.23,-5.93,-27.575445,-48.462024,8
13.32,76976.11,51.76,2258.56,-0.30,0.23,0.66,18.12,24.96,3.39,4.87,0.68,-7.00,-27.575436,-48.462003,6
13.34,77009.77,51.86,2255.06,-0.78,-0.23,0.01,25.83,20.72,3.38,1.67,4.28,3.48,-27.575427,-48.461983,6
13.36,77043.45,53.03,2251.56,0.21,-0.73,-0.14,30.03,5.99,6.63,0.28,4.80,2.04,-27.575418,-48.461963,6
13.39,77077.13,54.00,2248.06,0.82,-0.21,-0.17,25.45,-12.83,6.12,-5.61,-0.91,5.63,-27.575409,-48.461942,9
13.41,77110.83,52.63,2244.56,0.39,-0.32,0.04,22.71,-18.81,13.91,-5.69,-6.31,6.67,-27.575400,-48.461922,7
13.43,77144.54,50.55,2241.06,0.14,0.14,0.16,16.72,-26.73,11.50,2.84,-3.90,-4.03,-27.575391,-48.461902,6
13.46,77178.27,51.75,2237.56,0.08,0.40,0.23,4.31,-29.41,8.55,5.32,0.75,-5.36,-27.575382,-48.461882,6
13.48,77212.00,52.40,2234.06,0.80,-0.01,0.61,-8.72,-27.90,8.87,3.54,10.30,-2.98,-27.575373,-48.461861,8
13.50,77245.75,52.26,2230.56,0.84,-0.51,-0.46,-17.74,-24.03,9.96,2.33,4.95,0.65,-27.575364,-48.461841,7
13.52,77279.51,51.87,2227.06,-0.50,-0.11,0.61,-25.19,-11.32,6.54,-4.31,-2.21,6.62,-27.575355,-48.461821,7
13.55,77313.28,52.87,2223.56,0.45,-0.40,-0.68,-32.06,-4.22,6.11,-4.86,-8.84,2.54,-27.575346,-48.461801,8
13.57,77347.06,52.88,2220.06,-0.44,0.44,-0.74,-30.34,6.41,6.14,-3.52,-2.25,2.22,-27.575337,-48.461780,7
13.59,77380.85,50.77,2216.56,0.45,0.36,-0.91,-25.28,20.30,2.82,5.39,2.29,-1.64,-27.575328,-48.461760,10
13.62,77414.66,53.03,2213.06,0.05,-0.53,-0.14,-12.93,26.78,1.62,1.84,6.17,-7.04,-27.575319,-48.461740,6
13.64,77448.48,53.04,2209.56,-0.20,0.05,0.18,-8.02,30.60,-0.31,2.97,0.35,-0.04,-27.575310,-48.461719,6
13.66,77482.31,53.23,2206.06,-0.13,0.11,0.38,5.00,25.57,-2.99,-4.86,-1.68,0.61,-27.575301,-48.461699,9
13.68,77516.15,52.53,2202.56,0.58,0.06,-0.17,20.87,22.22,-2.06,-6.12,-4.76,6.30,-27.575292,-48.461679,6
13.71,77550.00,52.12,2199.06,-0.65,-0.02,-0.39,24.53,14.58,-2.32,-1.75,0.26,5.40,-27.575283,-48.461659,9
13.73,77583.87,52.25,2195.56,-0.21,0.90,-0.21,32.53,2.78,-4.16,2.11,7.91,2.32,-27.575274,-48.461638,8
13.75,77617.75,51.99,2192.06,0.08,-0.38,0.07,28.06,-7.35,-7.37,8.39,4.69,-4.00,-27.575265,-48.461618,9
13.77,77651.64,53.98,2188.56,-0.15,0.30,-0.40,23.32,-19.01,-8.61,3.68,0.37,-8.86,-27.575256,-48.461598,9
13.80,77685.54,51.51,2185.06,-0.80,0.33,0.01,10.53,-28.05,-10.30,-0.78,-3.37,-2.95,-27.575247,-48.461578,7
13.82,77719.45,53.45,2181.56,0.26,-0.25,0.76,-1.18,-32.58,-5.33,-7.41,-7.26,-0.34,-27.575238,-48.461557,7
13.84,77753.38,51.15,2178.06,-0.45,0.89,0.06,-11.92,-32.91,-10.86,-2.71,1.75,6.94,-27.575229,-48.461537,9
13.87,77787.31,51.92,2174.56,0.08,-0.13,0.11,-24.79,-23.39,-5.05,0.39,4.21,6.45,-27.575220,-48.461517,9
13.89,77821.26,53.04,2171.06,0.55,0.08,0.48,-31.62,-13.72,-3.92,5.41,4.94,3.72,-27.575211,-48.461496,9
13.91,77855.23,51.44,2167.56,-0.19,0.31,-0.15,-30.40,4.33,-9.29,3.42,-0.69,-8.97,-27.575202,-48.461476,8
13.93,77889.20,50.87,2164.06,0.20,0.15,-0.40,-23.15,10.89,-6.00,-0.83,-4.67,-4.92,-27.575193,-48.461456,6
13.96,77923.19,53.23,2160.56,0.69,0.40,0.57,-22.67,21.92,-5.68,-7.66,-2.30,-1.86,-27.575184,-48.461436,7
13.98,77957.18,51.45,2157.06,-0.14,0.51,-0.48,-12.02,24.87,1.00,-8.65,1.06,-0.46,-27.575175,-48.461415,9
14.00,77991.19,51.23,2153.56,0.18,0.92,0.46,-0.77,30.38,0.74,-0.45,6.61,5.24,-27.575166,-48.461395,7
14.02,78025.22,51.34,2150.06,0.19,0.39,1.08,11.67,27.59,4.12,6.37,-1.29,7.55,-27.575157,-48.461375,8
14.05,78059.25,52.56,2146.56,-0.32,0.34,0.18,23.10,18.81,4.64,5.77,-4.67,0.97,-27.575148,-48.461355,8
14.07,78093.30,53.32,2143.06,-0.97,-0.62,0.82,27.06,10.12,5.45,-2.46,-4.91,0.32,-27.575139,-48.461334,7
14.09,78127.35,53.59,2139.56,-0.21,-0.02,1.07,32.00,-1.07,6.13,-5.04,-0.43,-3.97,-27.575130,-48.461314,10
14.12,78161.42,52.66,2136.06,-0.33,-0.29,-0.15,27.07,-12.77,9.67,-5.79,2.12,-4.04,-27.575121,-48.461294,6
14.14,78195.51,51.95,2132.56,0.25,-0.35,0.35,23.65,-23.11,7.76,0.14,3.80,0.61,-27.575112,-48.461273,9
14.16,78229.60,53.37,2129.06,-0.32,0.39,-0.12,8.11,-31.59,12.42,4.69,3.22,4.53,-27.575103,-48.461253,7
14.18,78263.71,51.97,2125.56,1.17,0.81,0.55,-2.57,-31.10,13.33,3.86,-5.44,9.73,-27.575094,-48.461233,8
14.21,78297.82,53.52,2122.06,-0.26,-0.37,1.17,-11.46,-24.45,14.88,0.94,-6.02,0.88,-27.575085,-48.461213,7
14.23,78331.95,51.93,2118.56,-0.84,-0.33,0.47,-23.39,-15.87,10.43,-7.70,-2.11,-5.84,-27.575076,-48.461192,6
14.25,78366.10,52.87,2115.06,-0.67,0.90,-0.54,-25.80,-11.32,6.46,-10.78,5.45,-7.82,-27.575067,-48.461172,9
14.27,78400.25,52.42,2111.56,-0.36,-0.32,-0.08,-30.69,1.26,4.30,-1.94,3.15,-5.00,-27.575058,-48.461152,7
14.30,78434.42,53.17,2108.06,-1.37,-0.53,-0.66,-23.56,13.64,7.38,1.61,-7.00,3.69,-27.575049,-48.461132,9
14.32,78468.59,53.55,2104.56,-0.34,-0.34,-0.59,-18.74,22.58,7.06,7.28,-4.59,3.21,-27.575040,-48.461111,9
14.34,78502.78,52.65,2101.06,0.38,-0.04,-1.05,-9.23,27.06,2.81,6.75,-5.53,3.29,-27.575031,-48.461091,7
14.37,78536.99,52.80,2097.56,0.39,0.30,0.42,1.39,31.70,-2.95,-0.02,2.28,3.39,-27.575022,-48.461071,10
14.39,78571.20,54.07,2094.06,-0.43,0.58,-0.81,15.00,28.48,-3.64,-4.57,7.61,-4.70,-27.575013,-48.461050,9
14.41,78605.43,53.37,2090.56,0.31,0.15,-0.07,25.53,16.43,-5.32,-6.69,4.14,-8.28,-27.575004,-48.461030,6
14.43,78639.67,51.88,2087.06,-0.21,-0.34,0.07,26.02,7.24,-7.34,0.75,-1.80,-6.27,-27.574996,-48.461010,10
14.46,78673.92,52.71,2083.56,-0.02,-0.55,0.17,31.24,-1.86,-8.67,5.47,-8.24,-2.98,-27.574987,-48.460990,9
14.48,78708.18,53.45,2080.06,-0.02,0.40,0.05,28.30,-14.38,-7.41,5.48,0.11,2.34,-27.574978,-48.460969,6
14.50,78742.46,53.31,2076.56,-0.06,0.47,-0.35,17.07,-22.47,-10.40,-0.65,5.12,5.66,-27.574969,-48.460949,8
14.53,78776.74,52.52,2073.06,-0.02,-0.23,-0.65,7.49,-30.70,-9.51,-4.34,7.32,1.54,-27.574960,-48.460929,8
14.55,78811.04,51.21,2069.56,-0.89,-0.13,0.55,-6.96,-30.05,-8.83,-5.78,-0.43,-4.26,-27.574951,-48.460909,8
14.57,78845.35,54.69,2066.06,-0.48,-0.64,0.49,-12.58,-27.52,-5.97,-0.22,-5.50,-6.63,-27.574942,-48.460888,8
14.59,78879.68,53.70,2062.56,-0.21,-0.33,0.20,-24.53,-13.50,-10.52,4.86,-4.42,-5.50,-27.574933,-48.460868,7
14.62,78914.01,55.60,2059.06,0.18,0.51,0.04,-29.01,-3.47,-5.59,6.03,-0.68,2.10,-27.574924,-48.460848,10
14.64,78948.36,54.78,2055.56,-0.15,-0.68,0.64,-29.64,7.63,-5.34,-0.28,3.72,3.48,-27.574915,-48.460827,8
14.66,78982.72,53.13,2052.06,0.04,0.52,0.84,-23.96,18.96,-3.97,-4.56,5.12,2.97,-27.574906,-48.460807,7
14.68,79017.09,54.69,2048.56,0.46,-0.06,-0.21,-13.01,28.02,-3.96,-3.54,-0.01,-0.14,-27.574897,-48.460787,9
14.71,79051.47,52.37,2045.06,-0.02,0.02,0.02,-2.23,26.45,-0.93,-1.56,-9.62,-6.79,-27.574888,-48.460767,7
14.73,79085.87,52.34,2041.56,-0.24,-0.43,0.26,7.42,28.39,1.10,2.69,-5.42,-2.90,-27.574879,-48.460746,8
14.75,79120.28,54.01,2038.06,0.24,-0.35,1.00,17.44,23.68,2.23,7.38,-1.04,-4.59,-27.574870,-48.460726,9
14.78,79154.70,53.80,2034.56,-0.72,0.52,0.11,25.51,15.80,7.90,3.35,5.34,3.22,-27.574861,-48.460706,7
14.80,79189.13,53.60,2031.06,0.51,-0.25,0.43,30.34,0.23,7.90,-2.06,6.87,3.71,-27.574852,-48.460686,8
14.82,79223.57,54.55,2027.56,-0.07,-0.20,-0.06,27.79,-10.54,7.36,-6.58,-3.32,5.73,-27.574843,-48.460665,9
14.84,79258.03,53.78,2024.06,0.08,-0.33,-0.37,24.58,-20.08,6.57,-0.84,-4.79,0.38,-27.574834,-48.460645,6
14.87,79292.50,52.53,2020.56,0.44,-0.12,-0.68,12.12,-24.80,9.89,0.92,-5.51,-6.57,-27.574825,-48.460625,6
14.89,79326.98,55.50,2017.06,0.42,0.10,0.94,1.32,-28.56,12.09,6.05,4.37,-5.18,-27.574816,-48.460604,7
14.91,79361.47,52.61,2013.56,-0.93,0.31,-0.06,-11.14,-24.99,11.25,2.71,6.75,-4.46,-27.574807,-48.460584,7
14.93,79395.98,54.85,2010.06,0.77,-0.26,-0.71,-21.35,-25.59,9.41,-1.27,-0.14,2.71,-27.574798,-48.460564,10
14.96,79430.50,52.79,2006.56,-0.33,0.48,0.23,-28.07,-8.52,12.11,-5.36,-3.92,5.82,-27.574789,-48.460544,6
14.98,79465.02,53.98,2003.06,0.37,0.51,0.42,-28.97,-1.17,3.50,-5.71,-5.99,5.35,-27.574780,-48.460523,7
15.00,79499.57,53.67,1999.56,1.05,0.54,0.32,-26.49,8.13,6.32,1.46,-0.90,0.10,-27.574771,-48.460503,6
15.03,79534.12,53.73,1996.06,0.28,-0.42,0.36,-24.35,18.32,5.44,4.01,5.10,-1.30,-27.574762,-48.460483,10
15.05,79568.69,54.19,1992.56,-0.16,0.71,-0.05,-13.29,25.64,0.74,4.05,4.21,-6.00,-27.574753,-48.460463,6
15.07,79603.26,53.79,1989.06,-0.03,-0.26,-0.04,-4.29,31.65,-1.51,-1.49,3.58,-4.55,-27.574744,-48.460442,9
15.09,79637.85,53.50,1985.56,-0.28,0.67,-0.24,10.78,28.96,-4.37,-2.12,-3.90,3.65,-27.574735,-48.460422,7
15.12,79672.46,52.99,1982.06,-0.31,0.27,0.73,20.90,24.45,-5.64,-7.20,-4.26,5.33,-27.574726,-48.460402,10
15.14,79707.07,53.23,1978.56,-0.16,-0.97,1.04,28.93,13.31,-4.32,-1.31,-2.53,7.17,-27.574717,-48.460381,9
15.16,79741.70,53.11,1975.06,-0.92,0.41,-0.13,30.07,5.07,-7.63,0.48,1.59,1.58,-27.574708,-48.460361,6
15.18,79776.34,54.63,1971.56,0.38,-0.47,-0.45,27.30,-10.87,-4.68,4.74,3.69,-5.16,-27.574699,-48.460341,9
15.21,79810.99,52.12,1968.06,0.35,0.66,0.88,19.15,-22.99,-10.57,5.37,1.85,-3.51,-27.574690,-48.460321,8
15.23,79845.65,53.71,1964.56,-0.53,-0.12,0.20,9.40,-25.58,-12.95,-3.76,-4.80,-6.08,-27.574681,-48.460300,9
15.25,79880.33,55.55,1961.06,-0.10,-0.80,0.34,-1.21,-30.79,-10.84,-7.80,-4.57,4.08,-27.574672,-48.460280,8
15.28,79915.01,52.51,1957.56,0.59,0.10,-0.08,-11.46,-27.98,-7.51,2.33,2.06,4.45,-27.574663,-48.460260,7
15.30,79949.71,54.82,1954.06,-1.10,0.45,0.55,-24.36,-20.96,-8.79,1.13,7.08,7.64,-27.574654,-48.460240,9
15.32,79984.43,55.11,1950.56,-0.24,-0.29,-0.89,-28.62,-9.68,-8.83,6.52,2.07,-0.10,-27.574645,-48.460219,6
15.34,80019.15,56.16,1947.06,0.17,0.26,0.54,-31.87,1.51,-4.53,3.59,-3.65,-4.03,-27.574636,-48.460199,7
15.37,80053.89,53.63,1943.56,0.11,0.90,0.15,-28.51,17.83,-3.15,-2.78,-2.65,-8.20,-27.574627,-48.460179,7
15.39,80088.63,53.48,1940.06,-0.61,-0.05,-0.39,-19.21,21.66,-1.68,-5.77,-1.08,-1.09,-27.574618,-48.460158,6
15.41,80123.40,54.14,1936.56,0.57,-0.40,0.21,-4.98,29.17,-0.99,-4.83,1.76,4.17,-27.574609,-48.460138,6
15.44,80158.17,53.42,1933.06,-0.46,-0.35,-0.72,0.61,29.22,-2.93,1.84,4.57,7.06,-27.574600,-48.460118,10
15.46,80192.95,55.73,1929.56,-0.76,0.35,0.21,13.18,26.83,4.00,8.00,1.85,6.23,-27.574591,-48.460098,6
15.48,80227.75,54.97,1926.06,-0.67,-0.45,-0.02,22.50,20.71,5.19,0.59,-2.90,-0.64,-27.574582,-48.460077,9
15.50,80262.56,54.48,1922.56,0.25,-0.29,0.11,30.90,7.30,5.82,0.35,-8.24,-5.32,-27.574573,-48.460057,8
15.53,80297.38,54.90,1919.06,0.48,-0.33,-0.11,28.79,-3.04,6.88,-1.97,1.20,-3.95,-27.574564,-48.460037,6
15.55,80332.22,55.68,1915.56,0.42,0.64,0.27,23.80,-12.08,11.03,-5.50,7.11,-6.12,-27.574555,-48.460017,7
15.57,80367.06,54.77,1912.06,0.72,0.30,-0.21,15.39,-21.21,12.03,-0.35,5.14,1.64,-27.574546,-48.459996,10
15.59,80401.92,54.19,1908.56,-0.03,0.27,0.07,7.32,-30.81,9.73,4.88,-1.98,6.56,-27.574537,-48.459976,6
15.62,80436.79,54.94,1905.06,0.08,-0.35,-0.34,-3.46,-29.03,8.62,6.49,-6.75,1.58,-27.574528,-48.459956,7
15.64,80471.68,54.07,1901.56,-0.94,-0.20,0.13,-15.17,-26.33,11.45,0.06,-2.52,1.55,-27.574519,-48.459935,7
15.66,80506.57,54.39,1898.06,0.26,-0.77,-0.52,-24.09,-15.21,8.21,-4.42,0.26,-6.03,-27.574510,-48.459915,10
15.69,80541.48,55.45,1894.56,-0.70,0.03,-0.23,-32.57,-2.99,10.57,-5.91,6.17,-6.71,-27.574501,-48.459895,10
15.71,80576.40,53.28,1891.06,0.85,-0.34,-0.61,-28.45,7.67,5.35,-0.30,4.93,-3.84,-27.574492,-48.459875,8
15.73,80611.33,55.92,1887.56,0.46,-0.60,0.59,-25.53,17.37,8.22,0.53,-3.29,7.59,-27.574483,-48.459854,7
15.75,80646.28,55.15,1884.06,0.19,-0.01,0.51,-13.68,24.28,1.88,2.82,-7.38,6.78,-27.574474,-48.459834,7
15.78,80681.23,54.70,1880.56,0.53,-0.16,0.83,-4.06,32.22,-0.24,0.91,-3.96,8.44,-27.574466,-48.459814,7
15.80,80716.20,55.45,1877.06,-0.28,0.09,0.04,6.18,29.43,-5.00,-2.68,4.58,1.95,-27.574457,-48.459794,9
15.82,80751.18,54.32,1873.56,0.82,0.32,0.25,18.40,25.60,-3.03,-5.99,5.86,-5.32,-27.574448,-48.459773,8
15.84,80786.18,53.20,1870.06,-0.60,0.10,0.16,24.30,14.52,-7.08,-5.34,1.81,-7.31,-27.574439,-48.459753,10
15.87,80821.18,56.32,1866.56,-0.30,-0.28,1.09,29.77,4.83,-8.75,6.32,-7.20,-0.13,-27.574430,-48.459733,8
15.89,80856.20,55.88,1863.06,-0.38,-0.30,0.30,27.84,-6.77,-5.38,8.12,-3.69,0.99,-27.574421,-48.459712,8
15.91,80891.23,54.53,1859.56,0.27,0.20,0.75,24.53,-15.67,-8.21,3.79,-3.38,7.41,-27.574412,-48.459692,10
15.94,80926.27,53.34,1856.06,-0.69,0.04,0.28,12.84,-26.49,-13.09,-1.29,4.00,7.04,-27.574403,-48.459672,9
15.96,80961.33,56.79,1852.56,0.43,-0.19,-0.99,1.11,-27.99,-7.83,-3.02,3.69,-2.53,-27.574394,-48.459652,8
15.98,80996.39,54.27,1849.06,-0.33,0.43,-0.43,-9.16,-31.23,-8.93,-2.46,-0.04,-4.59,-27.574385,-48.459631,9
16.00,81031.47,56.75,1845.56,-0.41,0.20,-0.90,-20.76,-22.33,-11.70,4.21,-2.39,-9.15,-27.574376,-48.459611,10
16.03,81066.57,56.51,1842.06,-0.01,0.41,-0.10,-26.92,-13.76,-9.71,7.72,-7.13,-1.57,-27.574367,-48.459591,8
16.05,81101.67,54.71,1838.56,-0.49,-0.51,-0.04,-30.15,-3.07,-7.24,7.50,-2.11,3.34,-27.574358,-48.459571,7
16.07,81136.79,54.65,1835.06,0.73,0.04,0.28,-28.99,7.81,-7.82,-0.12,5.93,7.28,-27.574349,-48.459550,10
16.09,81171.91,53.89,1831.56,0.48,0.12,-0.06,-21.90,21.74,-5.24,-1.90,4.72,4.97,-27.574340,-48.459530,9
16.12,81207.06,55.89,1828.06,0.23,0.48,-0.25,-15.35,26.92,-2.34,-3.25,-1.62,-0.07,-27.574331,-48.459510,8
16.14,81242.21,54.78,1824.56,-1.02,0.48,-0.33,-1.24,30.07,1.40,-0.89,-5.04,-1.14,-27.574322,-48.459489,7
16.16,81277.37,55.74,1821.06,-0.82,0.41,0.83,14.12,30.62,4.81,3.58,-5.69,-4.05,-27.574313,-48.459469,8
16.19,81312.55,55.21,1817.56,0.47,0.47,-0.44,21.15,25.60,2.54,6.81,4.12,-4.68,-27.574304,-48.459449,6
16.21,81347.74,54.02,1814.06,-0.31,0.34,-0.50,26.77,14.51,7.43,3.24,8.36,3.13,-27.574295,-48.459429,7
16.23,81382.95,55.91,1810.56,-0.73,-1.06,0.21,32.19,2.49,3.83,-0.13,3.30,2.75,-27.574286,-48.459408,9
16.25,81418.16,53.44,1807.06,0.53,1.10,-0.11,28.19,-7.77,10.96,-6.09,-5.05,4.81,-27.574277,-48.459388,7
16.28,81453.39,55.20,1803.56,0.29,-0.15,0.54,25.86,-18.51,13.10,-1.95,-4.82,-1.07,-27.574268,-48.459368,7
16.30,81488.63,56.92,1800.06,0.54,-0.56,-0.84,13.78,-27.14,9.20,2.04,-3.71,-6.80,-27.574259,-48.459348,7
16.32,81523.88,54.13,1796.56,0.50,-0.00,-0.24,-0.25,-31.39,12.08,4.81,0.76,-5.44,-27.574250,-48.459327,10
16.35,81559.14,57.08,1793.06,-0.42,0.44,0.45,-11.43,-26.58,6.94,1.19,5.07,1.27,-27.574241,-48.459307,6
16.37,81594.42,57.08,1789.56,-0.52,0.66,0.15,-23.45,-20.57,9.87,-2.02,0.65,2.20,-27.574232,-48.459287,9
16.39,81629.71,55.63,1786.06,-0.16,0.19,-0.11,-26.28,-10.08,8.51,-5.65,-6.70,5.32,-27.574223,-48.459266,6
16.41,81665.01,55.17,1782.56,0.19,-0.27,0.31,-31.71,3.33,4.12,-5.59,-7.42,4.12,-27.574214,-48.459246,8
16.44,81700.33,56.54,1779.06,0.30,-0.30,0.27,-24.12,11.06,4.74,3.06,1.02,0.58,-27.574205,-48.459226,7
16.46,81735.65,57.67,1775.56,-0.26,0.14,0.22,-20.92,21.19,-0.79,5.83,3.38,-4.16,-27.574196,-48.459206,8
16.48,81770.99,56.61,1772.06,0.37,0.21,0.56,-13.33,23.39,-0.14,5.11,9.65,-5.13,-27.574187,-48.459185,9
16.50,81806.34,55.78,1768.56,0.40,0.21,0.56,-0.75,28.13,-0.24,-1.82,2.77,-1.74,-27.574178,-48.459165,6
16.53,81841.70,55.09,1765.06,0.01,0.44,0.25,13.12,26.83,-4.54,-4.30,-6.09,6.55,-27.574169,-48.459145,7
16.55,81877.08,56.02,1761.56,0.07,0.10,0.22,27.36,20.32,-4.57,-6.47,-5.67,9.36,-27.574160,-48.459125,7
16.57,81912.47,55.10,1758.06,0.12,0.34,0.33,28.61,11.86,-8.40,-1.46,3.67,7.28,-27.574151,-48.459104,10
16.60,81947.87,55.60,1754.56,0.57,0.44,-0.38,30.78,-4.33,-8.39,7.40,3.75,-2.84,-27.574142,-48.459084,7
16.62,81983.28,57.24,1751.06,-0.71,0.02,-0.56,27.73,-11.77,-8.71,3.37,3.58,0.83,-27.574133,-48.459064,10
16.64,82018.71,55.50,1747.56,0.72,-0.07,0.57,20.37,-25.30,-8.35,3.71,-0.79,-6.16,-27.574124,-48.459043,7
16.66,82054.14,55.16,1744.06,0.32,0.54,-0.34,6.70,-27.38,-9.37,-4.06,-1.00,-0.44,-27.574115,-48.459023,7
16.69,82089.59,57.14,1740.56,-0.12,0.50,-0.41,-1.45,-29.54,-10.41,-7.83,-4.54,1.68,-27.574106,-48.459003,6
16.71,82125.06,56.30,1737.06,0.11,-0.74,0.16,-11.73,-26.93,-9.44,-1.61,2.10,6.35,-27.574097,-48.458983,10
16.73,82160.53,57.16,1733.56,0.10,-0.44,0.37,-26.44,-19.30,-5.43,3.95,5.34,1.33,-27.574088,-48.458962,7
16.75,82196.02,57.19,1730.06,0.24,0.08,0.10,-28.05,-4.25,-9.47,5.77,1.74,1.16,-27.574079,-48.458942,10
16.78,82231.52,56.48,1726.56,0.05,0.27,-0.16,-32.46,2.77,-10.43,0.63,-8.41,-5.80,-27.574070,-48.458922,7
16.80,82267.03,57.38,1723.06,-0.12,0.02,0.30,-25.41,12.61,-3.27,0.04,-6.78,-6.56,-27.574061,-48.458902,10
16.82,82302.55,55.72,1719.56,0.57,-0.53,1.49,-19.05,22.30,-5.67,-3.85,0.76,-3.54,-27.574052,-48.458881,10
16.85,82338.09,56.34,1716.06,0.60,-0.67,-0.12,-5.17,28.91,0.97,-3.13,2.88,1.77,-27.574043,-48.458861,9
16.87,82373.64,58.12,1712.56,0.37,-0.04,-0.19,3.57,31.58,-3.79,-0.50,6.12,6.62,-27.574034,-48.458841,9
16.89,82409.20,57.63,1709.06,-0.82,0.07,0.12,16.89,27.71,4.23,7.12,1.22,4.10,-27.574025,-48.458820,7
16.91,82444.78,54.66,1705.56,0.36,-0.38,1.36,25.17,13.44,5.80,1.41,-6.72,0.67,-27.574016,-48.458800,8
16.94,82480.36,57.10,1702.06,-0.70,-0.01,0.02,29.91,9.70,9.32,-3.29,-4.06,-5.30,-27.574007,-48.458780,6
16.96,82515.96,57.08,1698.56,-0.11,0.51,1.12,36.00,-6.92,8.16,-4.69,4.14,-2.97,-27.573998,-48.458760,9
16.98,82551.57,55.69,1695.06,-0.57,-1.09,0.68,25.99,-20.31,8.50,-4.60,5.44,-3.54,-27.573989,-48.458739,7
17.00,82587.20,54.22,1691.56,-0.88,-0.62,1.13,15.89,-21.34,6.82,-0.89,5.61,5.96,-27.573980,-48.458719,8
17.03,82622.83,56.38,1688.06,0.23,0.48,-0.35,3.21,-25.85,8.56,8.09,-2.47,7.38,-27.573971,-48.458699,8
17.05,82658.48,56.61,1684.56,0.05,0.04,0.27,-4.26,-29.54,10.09,7.45,-7.62,5.12,-27.573962,-48.458678,10
17.07,82694.14,55.53,1681.06,-0.45,-1.09,-0.16,-14.87,-26.64,8.47,-1.08,-4.27,2.02,-27.573953,-48.458658,9
17.10,82729.82,56.42,1677.56,-0.09,0.13,-0.19,-24.61,-15.17,4.52,-4.21,3.48,-1.66,-27.573944,-48.458638,6
17.12,82765.50,56.84,1674.06,-0.28,0.69,-0.87,-28.43,-6.61,8.30,-9.91,8.58,-4.16,-27.573936,-48.458618,9
17.14,82801.20,57.72,1670.56,-0.26,-0.16,-0.85,-30.08,9.29,8.50,-1.95,-0.11,-3.55,-27.573927,-48.458597,7
17.16,82836.91,55.39,1667.06,-0.42,-0.20,-0.13,-23.45,20.95,6.78,4.40,-3.23,-0.95,-27.573918,-48.458577,9
17.19,82872.64,56.74,1663.56,-0.31,-0.43,1.18,-15.34,21.89,3.98,2.64,-7.14,7.82,-27.573909,-48.458557,7
17.21,82908.37,58.37,1660.06,0.76,-0.18,0.70,-6.21,30.69,-0.22,1.82,-0.50,3.24,-27.573900,-48.458537,8
17.23,82944.12,57.22,1656.56,0.39,-0.26,0.35,11.30,30.03,-2.74,-2.36,3.85,0.86,-27.573891,-48.458516,10
17.26,82979.88,56.81,1653.06,-0.54,-0.40,0.09,22.36,24.16,-4.02,-7.61,5.87,-3.94,-27.573882,-48.458496,9
17.28,83015.66,57.72,1649.56,-0.03,0.15,-0.03,28.35,12.88,-5.50,-3.76,2.15,-6.35,-27.573873,-48.458476,10
17.30,83051.44,56.98,1646.06,-0.00,-0.17,0.32,30.25,-1.90,-8.18,4.76,-6.87,-2.69,-27.573864,-48.458455,6
17.32,83087.24,57.85,1642.56,-0.32,-0.00,0.08,24.14,-10.20,-10.11,5.82,-5.80,5.49,-27.573855,-48.458435,7
17.35,83123.05,59.37,1639.06,-0.08,0.22,0.19,24.57,-20.77,-7.50,-0.21,0.02,4.91,-27.573846,-48.458415,6
17.37,83158.87,57.91,1635.56,-0.35,-0.70,0.50,12.73,-27.17,-12.48,-1.73,4.63,7.67,-27.573837,-48.458395,10
17.39,83194.71,57.36,1632.06,0.26,-0.17,0.68,-0.25,-29.30,-9.51,-3.15,5.18,2.80,-27.573828,-48.458374,8
17.41,83230.56,56.50,1628.56,0.93,0.55,-1.09,-8.30,-25.61,-9.04,1.08,-2.60,-4.28,-27.573819,-48.458354,10
17.44,83266.42,58.34,1625.06,-1.13,-0.10,-0.05,-22.42,-24.42,-6.17,0.86,-8.58,-6.46,-27.573810,-48.458334,9
17.46,83302.29,55.92,1621.56,-0.76,0.64,0.09,-24.92,-11.14,-5.92,4.75,-3.34,-2.69,-27.573801,-48.458314,7
17.48,83338.18,58.18,1618.06,0.81,-0.77,0.14,-29.66,0.47,-10.39,4.30,2.00,3.21,-27.573792,-48.458293,6
17.51,83374.08,56.49,1614.56,0.04,-0.95,0.49,-27.84,11.82,-6.30,-2.70,5.67,5.70,-27.573783,-48.458273,9
17.53,83409.99,57.93,1611.06,0.61,0.27,-0.45,-22.00,24.00,-2.67,-3.66,1.85,4.35,-27.573774,-48.458253,8
17.55,83445.91,55.96,1607.56,0.44,0.49,0.41,-11.41,29.16,-1.95,-5.88,-3.90,1.34,-27.573765,-48.458232,8
17.57,83481.85,56.94,1604.06,0.16,0.73,-0.37,0.67,30.22,-1.77,-0.06,-5.70,-4.28,-27.573756,-48.458212,10
17.60,83517.80,57.63,1600.56,0.07,0.40,-0.02,8.01,26.69,1.32,5.05,-2.29,-5.32,-27.573747,-48.458192,8
17.62,83553.76,56.92,1597.06,0.54,0.02,-0.46,16.37,22.38,4.25,6.05,5.82,-4.12,-27.573738,-48.458172,10
17.64,83589.73,56.84,1593.56,0.41,0.43,-0.96,27.92,15.04,7.26,2.11,4.09,2.11,-27.573729,-48.458151,6
17.66,83625.72,56.84,1590.06,0.25,0.27,-0.24,30.28,-1.08,9.38,-4.32,4.68,4.07,-27.573720,-48.458131,7
17.69,83661.72,59.39,1586.56,0.09,-0.60,0.45,28.87,-14.17,6.88,-6.66,-5.28,5.81,-27.573711,-48.458111,7
17.71,83697.73,56.66,1583.06,0.71,-0.17,0.60,19.81,-19.25,7.90,-2.44,-5.97,-0.03,-27.573702,-48.458091,7
17.73,83733.75,57.69,1579.56,0.48,1.53,0.60,7.84,-28.79,12.21,3.02,1.07,-5.41,-27.573693,-48.458070,7
17.76,83769.79,59.18,1576.06,-0.72,0.57,0.02,1.51,-32.13,9.07,1.52,4.45,-7.10,-27.573684,-48.458050,6
17.78,83805.84,58.87,1572.56,0.15,0.37,-1.50,-14.20,-29.85,8.29,1.06,7.67,-4.78,-27.573675,-48.458030,6
17.80,83841.90,57.71,1569.06,0.15,0.05,0.34,-20.60,-18.85,12.00,-2.14,-2.05,7.67,-27.573666,-48.458009,6
17.82,83877.97,58.76,1565.56,0.06,0.01,0.07,-28.56,-6.98,9.65,-4.01,-3.97,5.91,-27.573657,-48.457989,9
17.85,83914.06,56.53,1562.06,-1.07,0.96,-0.57,-28.30,2.27,6.46,-4.32,-5.10,4.47,-27.573648,-48.457969,10
17.87,83950.16,58.21,1558.56,-0.06,-0.35,-0.34,-24.51,10.46,3.82,5.41,-0.12,-2.10,-27.573639,-48.457949,6
17.89,83986.27,56.77,1555.06,-0.35,0.04,0.19,-19.83,24.45,2.62,5.76,6.58,-6.45,-27.573630,-48.457928,10
17.91,84022.39,57.52,1551.56,0.53,0.54,0.69,-8.05,28.97,1.23,6.12,2.03,-4.64,-27.573621,-48.457908,8
17.94,84058.53,58.21,1548.06,-0.27,-0.67,-0.40,4.67,31.47,2.30,-2.81,0.83,-0.22,-27.573612,-48.457888,10
17.96,84094.68,59.12,1544.56,-0.06,-0.10,0.81,9.64,24.17,-4.62,-7.86,-7.10,6.20,-27.573603,-48.457868,9
17.98,84130.84,58.19,1541.06,-0.18,0.50,0.84,22.51,20.82,-4.16,-1.32,-2.24,5.44,-27.573594,-48.457847,8
18.01,84167.02,57.69,1537.56,0.11,0.09,0.09,33.45,5.65,-7.41,0.78,-0.01,5.12,-27.573585,-48.457827,9
18.03,84203.21,57.02,1534.06,0.15,0.30,0.19,32.08,-4.02,-4.86,4.99,9.24,-2.51,-27.573576,-48.457807,7
18.05,84239.40,58.02,1530.56,-0.34,0.13,-0.51,24.08,-15.64,-8.67,6.30,1.88,-6.64,-27.573567,-48.457786,7
18.07,84275.62,57.41,1527.06,0.52,0.67,-0.49,15.00,-19.20,-9.66,3.67,-3.20,-9.93,-27.573558,-48.457766,8
18.10,84311.84,55.82,1523.56,-0.39,-0.40,0.36,5.86,-28.24,-10.21,-7.21,-7.82,-3.52,-27.573549,-48.457746,9
18.12,84348.08,56.65,1520.06,-1.10,-0.30,0.53,-6.24,-32.24,-10.44,-5.61,-1.77,4.56,-27.573540,-48.457726,6
18.14,84384.33,56.59,1516.56,-0.70,0.53,0.36,-18.18,-28.04,-8.80,-2.72,4.39,4.12,-27.573531,-48.457705,8
18.17,84420.59,57.42,1513.06,-0.81,-0.41,-0.56,-26.43,-18.99,-9.62,1.12,3.78,2.45,-27.573522,-48.457685,6
18.19,84456.87,58.48,1509.56,-0.38,-0.25,-0.73,-32.63,-4.36,-8.77,5.86,0.34,-1.06,-27.573513,-48.457665,7
18.21,84493.16,59.90,1506.06,0.84,0.22,0.49,-28.89,5.33,-4.40,1.95,-1.30,-9.05,-27.573504,-48.457645,10
18.23,84529.46,57.43,1502.56,0.08,0.01,-0.03,-23.11,19.28,-3.10,-2.82,-8.59,-6.88,-27.573495,-48.457624,9
18.26,84565.77,55.92,1499.06,-0.13,-0.95,-0.37,-16.50,23.73,-3.43,-5.51,-0.16,-0.82,-27.573486,-48.457604,10
18.28,84602.10,59.07,1495.56,0.94,0.13,-0.52,-6.82,31.36,1.29,-2.53,5.52,3.83,-27.573477,-48.457584,8
18.30,84638.44,60.50,1492.06,-0.19,-0.40,0.26,7.54,26.61,2.10,2.65,5.66,5.95,-27.573468,-48.457563,7
18.32,84674.79,57.92,1488.56,-0.75,0.23,0.23,20.40,22.41,4.78,5.71,1.08,4.32,-27.573459,-48.457543,6
18.35,84711.15,57.51,1485.06,-0.41,1.11,-0.15,22.71,16.60,8.85,5.05,-3.49,0.96,-27.573450,-48.457523,10
18.37,84747.53,58.06,1481.56,0.36,0.30,0.45,28.76,6.07,5.39,-1.59,-5.49,-4.61,-27.573441,-48.457503,7
18.39,84783.92,57.13,1478.06,-0.43,0.59,-0.03,31.22,-11.28,10.83,-6.81,0.05,-5.96,-27.573432,-48.457482,10
18.42,84820.32,58.55,1474.56,-0.47,0.48,-0.60,24.61,-20.83,9.54,-4.92,7.49,-0.48,-27.573423,-48.457462,6
18.44,84856.73,59.17,1471.06,0.04,0.02,-0.24,14.88,-25.39,10.79,0.80,0.45,4.04,-27.573414,-48.457442,9
18.46,84893.16,56.15,1467.56,0.84,0.68,0.29,4.17,-29.97,7.35,9.26,-1.13,5.12,-27.573405,-48.457422,9
18.48,84929.60,57.87,1464.06,-0.60,-0.11,-0.02,-5.82,-31.03,7.86,5.11,-5.30,2.76,-27.573397,-48.457401,8
18.51,84966.05,59.81,1460.56,0.60,-0.08,1.03,-20.74,-21.46,10.30,-3.50,-2.42,0.27,-27.573388,-48.457381,6
18.53,85002.52,58.58,1457.06,1.07,-0.28,0.50,-26.83,-13.75,9.71,-3.67,3.86,-2.31,-27.573379,-48.457361,8
18.55,85039.00,57.52,1453.56,0.21,-0.81,0.27,-30.24,-2.10,8.08,-6.76,3.29,-3.91,-27.573370,-48.457340,9
18.57,85075.49,58.36,1450.06,-0.25,-0.15,1.00,-26.23,7.34,4.30,-4.30,0.58,-0.98,-27.573361,-48.457320,6
18.60,85111.99,57.44,1446.56,-0.78,0.26,-0.63,-24.68,18.96,5.10,6.72,-3.46,4.30,-27.573352,-48.457300,6
18.62,85148.51,56.80,1443.06,0.09,0.18,0.41,-13.74,24.92,4.08,4.84,-6.36,5.52,-27.573343,-48.457280,7
18.64,85185.04,57.94,1439.56,0.77,-0.67,0.23,-2.45,30.02,0.39,0.22,-3.90,4.64,-27.573334,-48.457259,9
18.67,85221.58,58.48,1436.06,0.97,0.07,-1.16,11.95,27.84,-3.26,-5.28,7.98,-0.94,-27.573325,-48.457239,8
18.69,85258.13,58.17,1432.56,0.48,1.52,0.20,20.76,22.27,-6.51,-8.65,6.66,-1.34,-27.573316,-48.457219,6
18.71,85294.70,60.66,1429.06,0.12,0.53,0.39,29.39,9.96,-4.03,-2.09,-0.26,-5.57,-27.573307,-48.457199,8
18.73,85331.28,58.60,1425.56,0.95,-0.29,0.30,29.93,-0.57,-6.59,3.87,-5.34,-0.80,-27.573298,-48.457178,7
18.76,85367.87,59.38,1422.06,0.12,0.28,-0.03,28.30,-12.74,-7.81,7.09,-6.27,3.34,-27.573289,-48.457158,10
18.78,85404.47,59.95,1418.56,0.55,-0.32,0.70,21.51,-20.85,-8.29,3.08,0.60,6.28,-27.573280,-48.457138,10
18.80,85441.09,58.79,1415.06,-0.18,-0.17,0.43,13.19,-25.66,-14.09,-4.47,2.02,2.05,-27.573271,-48.457117,8
18.82,85477.72,57.80,1411.56,-0.77,0.40,0.34,-0.36,-31.10,-11.77,-7.73,3.72,-2.57,-27.573262,-48.457097,6
18.85,85514.36,57.91,1408.06,0.20,-0.08,0.01,-13.04,-27.87,-9.42,-1.76,-2.53,-5.85,-27.573253,-48.457077,9
18.87,85551.02,58.13,1404.56,0.25,0.32,0.53,-20.71,-19.56,-11.66,4.27,-3.07,-4.05,-27.573244,-48.457057,6
18.89,85587.69,57.87,1401.06,0.35,0.62,-0.30,-27.37,-9.80,-6.34,9.31,0.65,-3.86,-27.573235,-48.457036,8
18.92,85624.37,58.18,1397.56,-0.36,0.69,-0.74,-32.88,1.29,-7.97,2.91,5.32,4.42,-27.573226,-48.457016,8
18.94,85661.06,60.01,1394.06,0.38,0.12,-0.17,-26.92,12.72,-6.90,-1.17,4.63,4.72,-27.573217,-48.456996,9
18.96,85697.77,56.82,1390.56,-0.19,0.33,1.02,-17.96,25.07,-4.84,-5.04,3.16,2.15,-27.573208,-48.456976,8
18.98,85734.49,58.95,1387.06,0.02,0.62,0.23,-7.57,25.95,-3.99,-6.82,-4.35,-1.52,-27.573199,-48.456955,9
19.01,85771.22,60.19,1383.56,0.40,-0.05,-0.09,1.14,28.80,0.21,2.30,-3.65,-7.08,-27.573190,-48.456935,7
19.03,85807.97,58.60,1380.06,0.06,0.18,-0.47,12.58,29.08,3.59,7.81,-4.17,-2.96,-27.573181,-48.456915,6
19.05,85844.72,60.26,1376.56,-0.20,-0.22,0.37,24.63,18.59,4.23,7.69,5.45,-4.55,-27.573172,-48.456894,10
19.08,85881.49,59.11,1373.06,-0.21,0.16,-0.54,26.50,8.70,3.68,-0.79,8.29,1.88,-27.573163,-48.456874,7
19.10,85918.28,59.50,1369.56,-0.38,-0.25,0.46,31.45,-2.54,9.27,-2.72,3.15,4.11,-27.573154,-48.456854,6
19.12,85955.07,59.23,1366.06,1.45,0.55,0.88,22.99,-11.53,6.95,-2.37,-1.51,4.74,-27.573145,-48.456834,9
19.14,85991.88,58.18,1362.56,-0.36,-0.20,-1.03,16.09,-21.94,11.09,-1.61,-3.15,-0.39,-27.573136,-48.456813,6
19.17,86028.70,59.66,1359.06,-0.74,-0.43,1.01,4.38,-31.11,10.16,3.29,1.17,-5.06,-27.573127,-48.456793,8
19.19,86065.54,60.17,1355.56,-0.34,0.02,-0.64,-3.38,-31.99,8.46,6.25,7.44,-9.50,-27.573118,-48.456773,9
19.21,86102.38,57.49,1352.06,-0.01,0.18,0.42,-14.75,-26.13,10.59,3.14,4.56,-1.62,-27.573109,-48.456753,9
19.23,86139.24,61.22,1348.56,-0.37,-0.77,0.09,-23.43,-20.00,6.14,-4.88,-4.25,2.31,-27.573100,-48.456732,6
19.26,86176.11,61.24,1345.06,0.43,-0.76,0.37,-25.20,-7.96,8.37,-2.49,-8.14,7.05,-27.573091,-48.456712,9
19.28,86213.00,58.55,1341.56,-0.42,-0.62,-0.03,-28.42,3.74,8.03,-3.44,-2.87,2.11,-27.573082,-48.456692,7
19.30,86249.90,59.20,1338.06,-0.22,-0.35,0.73,-25.49,18.01,3.72,2.43,2.18,-1.39,-27.573073,-48.456671,9
19.33,86286.81,59.76,1334.56,0.80,-0.57,0.30,-15.54,27.06,1.17,7.72,7.39,-4.41,-27.573064,-48.456651,6
19.35,86323.73,59.50,1331.06,-0.24,-0.56,0.59,-7.80,30.24,0.80,4.61,3.59,-5.05,-27.573055,-48.456631,9
19.37,86360.67,58.64,1327.56,0.60,0.36,-1.16,6.68,32.60,0.13,-2.43,-4.92,2.06,-27.573046,-48.456611,10
19.39,86397.62,57.47,1324.06,-1.04,-0.86,0.24,20.41,24.59,-5.59,-8.56,-11.66,1.81,-27.573037,-48.456590,8
19.42,86434.58,60.58,1320.56,0.68,-0.23,0.66,25.58,17.24,-4.90,-2.99,-4.93,8.65,-27.573028,-48.456570,6
19.44,86471.55,59.64,1317.06,0.09,-0.14,0.17,27.56,6.07,-2.19,2.39,1.67,1.59,-27.573019,-48.456550,9
19.46,86508.54,60.01,1313.56,0.18,-0.14,0.08,26.58,-5.28,-8.57,7.44,4.03,0.32,-27.573010,-48.456530,10
19.48,86545.54,58.13,1310.06,0.46,-0.07,0.04,20.51,-18.45,-6.47,3.81,2.33,-3.89,-27.573001,-48.456509,8
19.51,86582.55,57.72,1306.56,0.40,-0.16,-0.87,18.23,-25.20,-8.68,-0.56,-4.09,-10.09,-27.572992,-48.456489,8
19.53,86619.58,59.05,1303.06,-0.06,-0.47,-0.20,6.18,-31.84,-11.02,-7.92,-11.42,-4.08,-27.572983,-48.456469,9
19.55,86656.62,62.10,1299.56,-0.01,-0.04,0.10,-7.94,-32.73,-11.61,-2.56,-1.94,5.93,-27.572974,-48.456448,10
19.58,86693.67,57.74,1296.06,-0.85,0.56,-0.26,-20.20,-28.33,-10.04,-4.44,3.58,7.94,-27.572965,-48.456428,7
19.60,86730.74,57.41,1292.56,-0.10,0.20,-0.41,-22.97,-14.46,-5.22,0.83,7.21,6.42,-27.572956,-48.456408,6
19.62,86767.81,60.72,1289.06,-0.38,0.11,0.63,-31.58,-3.46,-9.22,4.10,0.24,1.72,-27.572947,-48.456388,10
19.64,86804.90,59.40,1285.56,0.66,-0.44,0.06,-29.32,6.90,-9.39,1.29,-8.93,-1.87,-27.572938,-48.456367,6
19.67,86842.01,59.34,1282.06,0.46,-0.72,-1.19,-26.26,16.60,-7.51,-4.56,-7.58,-6.97,-27.572929,-48.456347,9
19.69,86879.12,60.90,1278.56,-0.71,0.53,-0.18,-11.16,25.47,0.78,-9.39,3.94,0.33,-27.572920,-48.456327,6
19.71,86916.25,62.84,1275.06,-0.24,0.52,-0.75,-3.68,31.78,-0.29,-3.81,5.89,3.59,-27.572911,-48.456307,8
19.73,86953.39,59.79,1271.56,-0.54,-0.09,0.31,8.90,31.62,-0.24,1.68,2.74,7.46,-27.572902,-48.456286,6
19.76,86990.55,60.10,1268.06,-0.05,0.25,-0.56,16.95,23.74,3.70,6.91,-1.19,-1.48,-27.572893,-48.456266,6
19.78,87027.71,59.76,1264.56,-0.05,0.16,0.75,25.44,13.76,-0.96,3.17,-4.21,0.52,-27.572884,-48.456246,7
19.80,87064.89,60.89,1261.06,-0.89,-0.12,0.07,28.85,3.39,5.69,-4.76,-5.25,-4.64,-27.572875,-48.456225,8
19.83,87102.09,61.67,1257.56,0.61,-0.63,0.45,29.50,-9.51,8.12,-4.92,4.87,-5.59,-27.572867,-48.456205,6
19.85,87139.29,60.26,1254.06,0.42,0.33,0.42,21.31,-20.38,9.89,-1.55,5.37,1.55,-27.572858,-48.456185,7
19.87,87176.51,59.99,1250.56,-0.08,1.84,0.18,14.60,-27.52,9.74,2.84,6.20,4.86,-27.572849,-48.456165,7
19.89,87213.74,60.91,1247.06,-0.06,0.46,-0.40,0.90,-34.63,8.52,7.26,-4.19,4.46,-27.572840,-48.456144,9
19.92,87250.99,62.47,1243.56,-0.53,0.61,0.23,-14.75,-25.66,9.11,3.16,-5.47,2.06,-27.572831,-48.456124,7
19.94,87288.24,61.00,1240.06,0.05,0.30,-0.27,-20.23,-22.88,11.85,0.31,-1.22,-3.64,-27.572822,-48.456104,6
19.96,87325.51,59.95,1236.56,0.14,0.63,-0.60,-29.40,-12.79,9.42,-6.85,6.70,-3.90,-27.572813,-48.456084,8
19.99,87362.80,58.15,1233.06,0.45,-0.56,0.29,-32.41,-1.35,4.28,0.13,5.81,-4.01,-27.572804,-48.456063,7
20.01,87400.09,59.22,1229.56,1.10,0.61,0.64,-26.11,10.42,5.56,3.73,4.31,-1.08,-27.572795,-48.456043,9
20.03,87437.40,60.31,1226.06,-0.17,-0.56,0.39,-22.01,22.83,1.39,5.04,-6.69,4.05,-27.572786,-48.456023,8
20.05,87474.72,58.28,1222.56,-0.33,-0.22,0.21,-8.42,28.40,2.60,4.16,-3.78,4.69,-27.572777,-48.456002,6
20.08,87512.06,60.49,1219.06,0.66,-0.54,-0.04,-0.09,32.26,1.67,0.93,0.07,3.05,-27.572768,-48.455982,6
20.10,87549.41,60.64,1215.56,-0.16,0.42,-0.02,11.16,27.31,-3.99,-5.81,5.39,-1.01,-27.572759,-48.455962,10
20.12,87586.77,61.25,1212.06,1.11,0.66,0.42,18.87,15.44,-2.76,-5.94,4.10,-8.06,-27.572750,-48.455942,9
20.14,87624.14,59.35,1208.56,-0.08,0.17,0.18,28.71,10.04,-4.10,-3.89,4.26,-5.00,-27.572741,-48.455921,10
20.17,87661.52,58.90,1205.06,0.44,0.23,-0.75,33.45,2.21,-5.00,6.68,-6.78,-3.97,-27.572732,-48.455901,7
20.19,87698.92,59.70,1201.56,-0.28,-0.63,0.14,29.20,-11.44,-6.75,4.69,-6.94,3.71,-27.572723,-48.455881,8
20.21,87736.34,60.55,1198.06,0.23,-0.25,0.28,17.64,-23.37,-4.93,1.70,-3.23,5.17,-27.572714,-48.455861,7
20.24,87773.76,59.95,1194.56,0.09,-0.36,-0.02,10.28,-25.10,-6.61,-6.27,5.12,0.22,-27.572705,-48.455840,7
20.26,87811.20,61.23,1191.06,-0.47,0.35,-0.50,-5.79,-28.73,-14.81,-6.51,5.93,-0.59,-27.572696,-48.455820,8
20.28,87848.65,60.35,1187.56,-1.43,0.58,0.27,-14.02,-24.28,-7.09,-2.21,-2.41,-5.49,-27.572687,-48.455800,10
20.30,87886.11,62.14,1184.06,-0.49,0.92,-0.56,-23.21,-18.75,-9.68,1.94,-4.11,-3.90,-27.572678,-48.455779,10
20.33,87923.59,62.28,1180.56,-0.01,0.48,0.31,-26.49,-3.58,-10.01,4.88,-4.19,-1.36,-27.572669,-48.455759,7
20.35,87961.08,61.29,1177.06,-0.05,-0.64,-0.13,-33.93,3.40,-6.18,1.67,7.06,5.22,-27.572660,-48.455739,8
20.37,87998.58,59.47,1173.56,0.55,0.21,-0.28,-24.76,12.31,-8.38,-0.77,5.80,4.31,-27.572651,-48.455719,8
20.39,88036.10,61.09,1170.06,0.14,0.24,-0.33,-15.55,21.95,-2.82,-7.95,2.16,2.71,-27.572642,-48.455698,6
20.42,88073.63,60.15,1166.56,0.96,-0.54,-0.27,-8.49,26.91,1.14,-3.08,-4.02,-3.80,-27.572633,-48.455678,7
20.44,88111.17,61.75,1163.06,0.92,0.16,0.79,0.57,28.36,0.64,4.20,-2.74,-7.06,-27.572624,-48.455658,6
20.46,88148.72,62.06,1159.56,0.84,-0.39,-0.49,16.96,25.25,2.37,7.36,1.66,-3.15,-27.572615,-48.455638,9
20.49,88186.29,62.33,1156.06,0.38,0.64,-0.15,25.94,19.53,2.18,0.48,2.96,3.34,-27.572606,-48.455617,8
20.51,88223.87,59.86,1152.56,-0.75,-0.74,0.01,28.35,6.25,7.79,-4.97,4.28,0.24,-27.572597,-48.455597,10
20.53,88261.46,61.18,1149.06,-0.50,0.16,0.04,29.49,-2.69,7.42,-4.52,1.70,4.47,-27.572588,-48.455577,10
20.55,88299.07,60.18,1145.56,-0.79,-0.54,-0.28,23.49,-14.67,7.79,-5.93,-9.02,4.13,-27.572579,-48.455556,6
20.58,88336.69,60.63,1142.06,-0.17,-0.04,0.04,17.54,-25.17,8.90,-0.42,-5.32,-0.67,-27.572570,-48.455536,10
20.60,88374.32,60.71,1138.56,-0.33,-0.48,0.51,3.92,-27.66,9.09,7.23,-0.22,-5.51,-27.572561,-48.455516,7
20.62,88411.97,60.09,1135.06,-0.07,0.18,-0.39,-3.79,-29.37,10.35,7.64,5.87,-5.48,-27.572552,-48.455496,9
20.64,88449.62,60.37,1131.56,0.24,-0.18,0.25,-16.45,-26.06,8.34,0.10,4.19,2.55,-27.572543,-48.455475,9
20.67,88487.29,59.43,1128.06,0.63,1.04,0.30,-26.95,-18.30,10.04,-6.98,-2.92,4.23,-27.572534,-48.455455,6
20.69,88524.98,60.88,1124.56,0.36,-0.60,0.07,-33.60,-4.50,6.34,-6.65,-7.80,6.57,-27.572525,-48.455435,10
20.71,88562.68,60.65,1121.06,0.38,-0.35,0.53,-28.22,7.40,7.15,-0.61,-2.58,1.80,-27.572516,-48.455415,10
20.74,88600.39,60.73,1117.56,-0.61,-0.67,0.57,-22.06,14.69,8.52,6.83,-0.22,-5.06,-27.572507,-48.455394,9
20.76,88638.11,61.20,1114.06,-0.93,-0.20,1.36,-15.25,28.20,5.25,1.18,6.36,-7.22,-27.572498,-48.455374,6
20.78,88675.85,59.82,1110.56,-0.04,1.02,-0.53,-5.22,30.74,1.69,2.33,3.74,-10.00,-27.572489,-48.455354,8
20.80,88713.59,62.37,1107.06,-0.78,0.62,-0.14,7.73,28.48,-0.61,-4.63,-4.96,1.87,-27.572480,-48.455333,10
20.83,88751.36,62.64,1103.56,0.13,-0.26,0.34,19.81,26.53,-0.34,-7.64,-7.94,3.28,-27.572471,-48.455313,7
20.85,88789.13,62.52,1100.06,1.06,0.35,-0.36,24.41,12.90,-3.60,-1.87,-3.89,5.58,-27.572462,-48.455293,7
20.87,88826.92,62.05,1096.56,-0.27,-0.00,-0.05,34.60,3.89,-7.59,-3.52,6.16,3.58,-27.572453,-48.455273,6
20.90,88864.72,62.35,1093.06,0.53,0.04,0.64,29.07,-6.44,-6.86,3.16,6.10,-0.65,-27.572444,-48.455252,10
20.92,88902.54,60.31,1089.56,0.53,0.25,0.19,25.81,-19.33,-7.77,6.47,2.10,-7.62,-27.572435,-48.455232,10
20.94,88940.36,60.53,1086.06,-0.09,-0.89,-1.13,12.43,-23.98,-7.93,-0.27,-9.74,-4.50,-27.572426,-48.455212,9
20.96,88978.20,62.39,1082.56,0.40,0.22,-0.43,2.69,-30.37,-14.72,-4.88,-4.67,-3.37,-27.572417,-48.455191,9
20.99,89016.06,58.76,1079.06,-0.28,-0.07,0.47,-6.60,-25.33,-7.89,-5.99,0.27,4.96,-27.572408,-48.455171,10
21.01,89053.92,60.88,1075.56,0.02,-0.82,-0.99,-20.85,-21.71,-10.30,-0.66,4.79,5.35,-27.572399,-48.455151,7
21.03,89091.80,62.89,1072.06,-0.19,-0.10,-0.75,-27.46,-15.95,-6.89,9.09,7.01,2.47,-27.572390,-48.455131,8
21.05,89129.69,64.30,1068.56,-0.16,0.08,0.28,-30.96,-0.77,-8.87,6.40,-2.13,-4.00,-27.572381,-48.455110,8
21.08,89167.60,60.83,1065.06,-0.28,-0.00,-0.61,-32.28,8.93,-6.82,-1.71,-6.31,-5.10,-27.572372,-48.455090,10
21.10,89205.52,62.67,1061.56,0.80,0.35,0.28,-22.66,22.40,-3.87,-2.82,-4.76,-3.49,-27.572363,-48.455070,7
21.12,89243.45,61.23,1058.06,0.63,0.19,1.14,-13.97,25.62,-0.37,-7.42,-0.95,1.48,-27.572354,-48.455050,9
21.15,89281.39,61.52,1054.56,0.00,0.52,-0.21,3.18,32.04,1.89,-1.63,6.83,6.00,-27.572345,-48.455029,7
21.17,89319.35,59.91,1051.06,0.07,0.02,-0.80,8.07,31.57,1.55,2.62,3.68,4.97,-27.572337,-48.455009,10
21.19,89357.32,62.50,1047.56,-0.82,0.61,1.18,15.56,23.44,0.52,8.42,-6.70,-0.62,-27.572328,-48.454989,10
21.21,89395.31,62.39,1044.06,-0.55,-0.73,-0.32,27.15,16.32,7.22,3.25,-6.70,-2.96,-27.572319,-48.454968,7
21.24,89433.30,61.13,1040.56,-0.08,0.16,-0.27,32.79,-1.49,5.18,-5.66,-3.53,-7.73,-27.572310,-48.454948,9
21.26,89471.31,62.50,1037.06,0.08,-0.19,0.38,27.76,-8.60,8.27,-3.60,2.85,-3.77,-27.572301,-48.454928,6
21.28,89509.34,62.11,1033.56,0.18,0.55,-0.01,21.20,-22.13,8.01,0.17,6.26,-1.78,-27.572292,-48.454908,9
21.30,89547.37,60.62,1030.06,-0.11,0.01,0.26,9.61,-29.47,12.11,3.76,1.32,1.67,-27.572283,-48.454887,6
21.33,89585.42,62.52,1026.56,-0.48,0.39,0.00,-1.86,-28.42,13.83,3.94,-3.82,8.24,-27.572274,-48.454867,6
21.35,89623.48,61.60,1023.06,-0.07,-0.31,0.84,-9.73,-28.53,11.69,-0.34,-5.83,4.14,-27.572265,-48.454847,10
21.37,89661.56,62.79,1019.56,-0.36,-0.39,-0.03,-24.87,-21.60,9.04,-2.56,-2.76,-4.05,-27.572256,-48.454827,10
21.40,89699.65,61.87,1016.06,-0.22,-0.58,0.71,-27.47,-6.08,11.23,-5.90,3.21,-3.08,-27.572247,-48.454806,9
21.42,89737.75,61.69,1012.56,-0.05,-0.05,-0.23,-34.16,2.23,4.63,-2.11,6.05,-1.10,-27.572238,-48.454786,10
21.44,89775.87,63.63,1009.06,-0.27,0.88,-0.44,-21.90,12.43,5.80,2.59,0.78,0.66,-27.572229,-48.454766,9
21.46,89813.99,61.89,1005.56,-0.16,-0.14,-1.07,-21.09,24.30,-0.38,1.32,-5.21,3.70,-27.572220,-48.454745,8
21.49,89852.13,61.29,1002.06,0.25,-0.12,-1.97,-10.99,27.88,2.24,5.19,-3.63,3.98,-27.572211,-48.454725,9
21.51,89890.29,62.08,998.56,0.30,0.16,-0.48,0.58,29.11,0.43,-0.99,5.65,5.58,-27.572202,-48.454705,9
21.53,89928.46,63.01,995.06,0.21,-0.27,0.07,13.34,29.55,-0.77,1.78,-2.25,-0.14,-27.572193,-48.454685,11
21.54,89935.00,61.93,994.46,0.39,-0.17,-0.33,-2.97,8.96,1.64,1.08,-0.95,-0.69,-27.572191,-48.454680,9
21.54,89941.54,61.82,993.86,-0.15,0.02,0.43,-2.96,8.62,1.54,1.23,-1.44,0.83,-27.572189,-48.454675,10
21.54,89948.09,61.32,993.26,0.15,-0.04,0.33,-1.10,10.04,1.82,2.27,-1.61,1.32,-27.572187,-48.454669,10
21.55,89954.63,61.60,992.66,0.12,-0.16,0.82,-0.32,9.85,1.71,1.47,0.44,1.89,-27.572186,-48.454664,12
21.55,89961.18,61.35,992.06,0.49,0.54,0.25,1.15,11.07,0.93,2.26,0.62,1.15,-27.572184,-48.454659,11
21.56,89967.73,63.45,991.46,-0.97,0.05,-0.34,1.93,9.50,1.84,-1.20,0.33,0.98,-27.572182,-48.454654,12
21.56,89974.27,63.83,990.86,0.35,0.26,0.60,3.41,9.59,1.17,0.46,0.89,1.64,-27.572180,-48.454649,11
21.56,89980.82,63.22,990.26,-0.54,-0.24,0.15,5.76,8.50,0.50,-2.12,0.99,1.55,-27.572178,-48.454644,8
21.57,89987.37,62.98,989.66,-0.72,-0.22,-0.94,6.18,6.43,0.70,-2.00,1.52,0.20,-27.572177,-48.454639,8
21.57,89993.92,62.94,989.06,0.77,-0.61,0.21,7.49,5.89,0.71,-0.14,0.79,0.45,-27.572175,-48.454634,8
21.58,90000.46,62.37,988.46,0.56,0.01,0.09,8.45,4.23,1.12,-1.87,0.95,-0.49,-27.572173,-48.454629,10
21.58,90007.01,60.90,987.86,0.35,-0.34,-0.22,10.25,3.90,0.74,-0.50,0.62,-1.85,-27.572171,-48.454624,11
21.58,90013.56,61.23,987.26,-0.21,0.46,0.06,9.95,2.22,0.82,-1.12,0.06,-1.15,-27.572169,-48.454619,10
21.59,90020.11,61.93,986.66,-0.63,-0.51,-0.87,10.57,0.26,0.07,-1.35,-1.96,-2.78,-27.572168,-48.454614,9
21.59,90026.66,61.84,986.06,-0.21,0.35,-0.14,10.21,-1.23,0.33,-0.68,-1.85,-2.41,-27.572166,-48.454609,10
21.59,90033.21,62.29,985.46,-0.15,0.77,-1.02,9.17,-2.24,-0.37,0.40,-0.60,-2.04,-27.572164,-48.454604,9
21.60,90039.76,62.05,984.86,0.21,0.05,0.07,9.20,-4.10,-0.76,1.27,-1.67,-0.82,-27.572162,-48.454599,12
21.60,90046.31,63.13,984.26,-0.21,-0.41,-0.80,8.37,-4.86,-0.29,1.15,-0.88,-2.01,-27.572160,-48.454593,10
21.61,90052.86,62.04,983.66,-0.33,0.78,-0.19,8.79,-6.42,-1.17,0.85,-0.06,-0.36,-27.572159,-48.454588,8
21.61,90059.41,63.23,983.06,0.52,0.42,-0.88,7.85,-7.71,-0.16,1.43,0.15,0.40,-27.572157,-48.454583,10
21.61,90065.97,62.44,982.46,1.05,-0.14,-0.21,5.86,-7.53,-1.10,1.88,1.08,1.11,-27.572155,-48.454578,8
21.62,90072.52,63.67,981.86,0.05,0.81,-0.10,4.28,-8.71,-2.44,-0.19,2.26,2.11,-27.572153,-48.454573,12
21.62,90079.07,63.44,981.26,0.07,-0.09,0.84,3.31,-9.47,-1.79,-0.24,0.97,2.27,-27.572151,-48.454568,11
21.63,90085.62,62.80,980.66,-0.23,0.25,0.19,2.31,-9.36,-1.55,-1.41,2.28,1.86,-27.572150,-48.454563,9
21.63,90092.18,63.00,980.06,0.12,-0.50,0.45,-0.81,-9.85,-1.23,-0.64,1.07,0.64,-27.572148,-48.454558,8
21.63,90098.73,62.02,979.46,-0.70,0.09,-0.14,-1.75,-9.94,-1.25,-2.82,0.70,0.41,-27.572146,-48.454553,9
21.64,90105.29,63.60,978.86,0.66,0.23,-0.01,-3.55,-10.04,-2.55,-1.67,0.42,0.60,-27.572144,-48.454548,8
21.64,90111.84,63.50,978.26,0.29,0.15,-1.30,-4.84,-8.80,-1.98,-0.89,-0.90,-1.23,-27.572142,-48.454543,9
21.65,90118.40,61.89,977.66,0.06,-0.43,0.05,-6.73,-7.98,-2.03,-0.09,-1.50,-1.30,-27.572141,-48.454538,11
21.65,90124.95,61.90,977.06,0.68,0.82,-0.61,-7.57,-7.69,-1.75,0.36,-1.30,-1.98,-27.572139,-48.454533,12
21.65,90131.51,62.13,976.46,0.09,-0.57,0.16,-7.95,-5.84,-2.76,0.28,-1.14,-0.79,-27.572137,-48.454528,11
21.66,90138.06,61.69,975.86,0.27,-0.24,0.14,-9.21,-5.16,-1.63,1.25,-1.10,-1.03,-27.572135,-48.454522,10
21.66,90144.62,62.00,975.26,-0.42,-0.43,-0.63,-8.68,-3.19,-1.96,1.51,-1.14,-1.85,-27.572133,-48.454517,10
21.66,90151.18,62.03,974.66,0.09,0.22,-0.88,-9.62,-1.99,-2.36,1.20,0.63,-2.13,-27.572132,-48.454512,12
21.67,90157.73,61.80,974.06,-0.46,-0.08,0.46,-10.54,-0.16,-1.48,0.66,0.75,-0.64,-27.572130,-48.454507,10
21.67,90164.29,62.08,973.46,-0.30,-1.15,0.12,-10.65,0.44,-1.09,0.07,0.05,0.67,-27.572128,-48.454502,10
21.68,90170.85,61.26,972.86,-0.23,0.84,-0.38,-10.00,1.18,-1.33,1.02,2.42,0.77,-27.572126,-48.454497,10
21.68,90177.41,62.21,972.26,0.24,-0.55,-0.04,-8.38,3.44,-1.71,0.51,0.42,0.43,-27.572125,-48.454492,9
21.68,90183.97,60.07,971.66,0.24,-0.04,-0.29,-8.59,4.93,-1.07,-0.66,0.07,0.59,-27.572123,-48.454487,11
21.69,90190.53,59.88,971.06,-0.27,0.07,0.38,-7.72,6.72,-2.02,-1.34,0.36,2.38,-27.572121,-48.454482,12
21.69,90197.09,62.37,970.46,0.34,-0.90,1.20,-6.23,6.63,-0.55,0.11,-1.15,3.46,-27.572119,-48.454477,10
21.70,90203.65,63.66,969.86,-0.19,-0.04,0.82,-5.99,8.18,-1.85,-2.57,-2.01,2.38,-27.572117,-48.454472,12
21.70,90210.21,62.74,969.26,0.93,0.41,0.33,-4.45,9.34,-0.67,-0.40,-0.80,0.93,-27.572116,-48.454467,9
21.70,90216.77,63.84,968.66,0.53,0.29,-0.39,-2.53,9.30,-0.04,-1.23,-2.35,0.40,-27.572114,-48.454462,8
21.71,90223.33,62.70,968.06,-0.38,-0.52,-0.75,-1.31,10.28,-1.18,-0.62,-2.19,-0.40,-27.572112,-48.454457,8
21.71,90229.89,62.58,967.46,1.22,-0.10,0.24,-0.21,10.53,-0.07,1.28,-1.28,0.24,-27.572110,-48.454452,12
21.72,90236.45,62.76,966.86,0.25,0.30,0.04,2.19,10.26,0.53,0.55,-0.69,-0.56,-27.572108,-48.454446,9
21.72,90243.02,63.27,966.26,0.24,-0.33,-0.73,3.29,9.80,0.26,1.16,-0.41,-2.22,-27.572107,-48.454441,11
21.72,90249.58,60.67,965.66,-0.07,-0.33,0.19,4.73,9.63,0.19,2.09,-0.58,-1.58,-27.572105,-48.454436,9
21.73,90256.14,62.38,965.06,1.02,0.12,-0.25,5.90,8.66,0.61,2.24,1.27,-1.98,-27.572103,-48.454431,10
21.73,90262.70,61.77,964.46,0.20,0.34,0.12,7.33,7.31,1.49,1.35,2.18,-1.31,-27.572101,-48.454426,8
21.73,90269.27,62.45,963.86,-0.19,-0.62,0.34,8.14,6.06,1.63,1.06,0.17,-1.37,-27.572099,-48.454421,12
21.74,90275.83,62.88,963.26,0.05,-0.74,-0.44,8.48,3.56,0.84,0.63,0.27,-1.29,-27.572098,-48.454416,8
21.74,90282.40,62.67,962.66,-0.83,0.34,-0.41,9.22,3.79,0.55,-0.36,0.93,0.10,-27.572096,-48.454411,12
21.75,90288.96,62.43,962.06,-0.48,-0.10,0.36,10.49,1.51,0.67,-1.32,0.38,1.03,-27.572094,-48.454406,9
21.75,90295.53,61.71,961.46,-0.03,0.06,-0.26,10.66,-0.09,1.29,-0.64,-0.46,0.90,-27.572092,-48.454401,11
21.75,90302.09,61.66,960.86,-0.04,0.19,0.58,9.41,-0.12,2.13,-2.12,-0.70,1.07,-27.572090,-48.454396,12
21.76,90308.66,63.33,960.26,-0.03,-0.41,0.04,8.90,-2.39,2.08,-1.15,-1.29,1.42,-27.572089,-48.454391,11
21.76,90315.23,63.41,959.66,-0.93,0.07,-0.40,9.23,-4.33,1.89,-2.01,-1.80,1.05,-27.572087,-48.454386,11
21.77,90321.79,61.45,959.06,0.34,-0.06,0.40,9.15,-5.13,2.13,-0.16,-1.28,1.82,-27.572085,-48.454381,9
21.77,90328.36,61.80,958.46,0.12,0.29,-0.58,7.22,-6.32,2.20,-0.23,0.08,0.79,-27.572083,-48.454376,10
21.77,90334.93,62.47,957.86,-0.05,-0.06,0.28,6.80,-8.01,2.81,0.04,0.28,0.29,-27.572081,-48.454370,11
21.78,90341.50,61.58,957.26,0.50,-0.55,0.48,5.16,-8.34,2.24,1.35,0.50,-1.01,-27.572080,-48.454365,10
21.78,90348.07,61.01,956.66,0.24,0.44,-0.03,3.65,-9.45,1.58,1.90,1.92,-0.91,-27.572078,-48.454360,10
21.79,90354.64,60.20,956.06,-0.19,0.60,0.43,2.61,-9.62,1.69,0.78,2.09,-1.18,-27.572076,-48.454355,8
21.79,90361.20,62.79,955.46,-0.53,-0.32,-0.08,1.23,-9.81,1.83,0.68,0.85,-2.17,-27.572074,-48.454350,11
21.79,90367.77,62.67,954.86,0.10,-0.29,0.64,0.17,-10.23,1.54,0.45,1.31,-1.53,-27.572072,-48.454345,10
21.80,90374.34,62.28,954.26,-0.13,-0.20,0.79,-1.05,-9.42,2.04,-0.09,1.08,-0.75,-27.572071,-48.454340,12
21.80,90380.91,62.82,953.66,0.68,0.02,0.43,-3.19,-9.07,1.05,0.91,-0.29,-1.64,-27.572069,-48.454335,10
21.81,90387.49,62.70,953.06,-0.60,0.11,-0.10,-3.53,-9.13,0.21,-1.65,-0.96,-0.96,-27.572067,-48.454330,10
21.81,90394.06,63.30,952.46,0.12,0.43,-0.30,-6.01,-8.79,1.34,-0.96,-0.55,-0.63,-27.572065,-48.454325,12
21.81,90400.63,63.20,951.86,-0.84,0.40,0.01,-7.25,-7.41,1.39,-1.44,-1.11,0.32,-27.572063,-48.454320,11
21.82,90407.20,62.02,951.26,1.18,0.51,-1.15,-8.44,-6.54,1.17,-1.05,-1.27,-0.26,-27.572062,-48.454315,11
21.82,90413.77,62.53,950.66,0.26,-0.01,-0.05,-9.85,-4.94,0.42,-1.54,-1.40,1.72,-27.572060,-48.454310,9
21.82,90420.35,63.81,950.06,0.21,-0.13,0.46,-8.80,-3.16,0.57,-1.25,-0.87,2.83,-27.572058,-48.454305,10
21.83,90426.92,63.63,949.46,0.27,0.30,0.25,-9.40,-0.35,0.32,-0.85,0.25,2.01,-27.572056,-48.454299,11
21.83,90433.49,62.32,948.86,0.55,0.17,-0.25,-10.36,-0.34,0.44,0.45,0.74,1.24,-27.572054,-48.454294,8
21.84,90440.07,62.30,948.26,-0.39,-0.81,0.78,-10.70,0.98,-0.36,-0.73,0.08,1.60,-27.572053,-48.454289,8
21.84,90446.64,62.04,947.66,0.64,-0.01,-0.44,-9.32,1.87,0.07,1.85,0.90,0.82,-27.572051,-48.454284,10
21.84,90453.22,62.70,947.06,-0.07,-0.54,0.12,-9.02,3.38,0.26,0.95,0.42,0.27,-27.572049,-48.454279,10
21.85,90459.79,63.87,946.46,0.39,0.28,0.60,-8.51,4.79,-1.44,0.83,1.44,0.06,-27.572047,-48.454274,11
21.85,90466.37,63.41,945.86,0.09,-0.25,-0.23,-7.88,6.27,-1.34,1.20,1.21,-0.93,-27.572045,-48.454269,8
21.86,90472.94,61.58,945.26,0.04,-0.09,1.22,-6.34,7.28,-0.43,1.80,-0.15,-0.48,-27.572044,-48.454264,8
21.86,90479.52,61.46,944.66,0.20,0.06,1.24,-5.36,8.08,-1.10,1.53,1.12,-0.19,-27.572042,-48.454259,11
21.86,90486.10,60.63,944.06,-0.30,-0.22,-0.70,-4.04,9.30,-0.91,-0.23,-1.15,-2.12,-27.572040,-48.454254,10
21.87,90492.67,63.54,943.46,0.02,0.26,-1.23,-2.32,9.70,-1.15,-1.00,-1.36,-2.55,-27.572038,-48.454249,8
21.87,90499.25,61.08,942.86,0.16,0.30,-0.01,-0.72,10.33,-1.90,-1.58,-0.48,-1.09,-27.572036,-48.454244,11
21.88,90505.83,61.87,942.26,-0.21,-0.20,0.56,0.65,9.57,-0.82,-2.45,-1.92,-0.12,-27.572035,-48.454239,11
21.88,90512.41,63.36,941.66,0.87,0.22,-0.53,1.98,9.64,-1.88,-1.04,-1.52,-0.01,-27.572033,-48.454234,12
21.88,90518.99,60.81,941.06,0.21,1.15,-0.79,3.22,9.96,-1.46,-0.88,0.42,-1.00,-27.572031,-48.454229,9
21.89,90525.56,63.47,940.46,1.12,0.45,0.21,4.11,8.13,-2.53,-0.13,-0.13,1.41,-27.572029,-48.454223,11
21.89,90532.14,62.44,939.86,-0.81,-1.08,0.21,5.48,6.71,-1.62,-2.35,-1.57,1.95,-27.572027,-48.454218,10
21.89,90538.72,61.79,939.26,-0.56,0.53,0.67,6.73,7.63,-2.07,-0.35,1.64,2.09,-27.572026,-48.454213,8
21.90,90545.30,64.08,938.66,0.68,-0.66,0.58,7.13,6.39,-1.55,1.34,1.15,1.61,-27.572024,-48.454208,9
21.90,90551.88,62.16,938.06,0.31,0.02,-0.30,9.21,5.40,-1.73,2.23,0.91,0.97,-27.572022,-48.454203,9
21.91,90558.47,62.49,937.46,-0.10,-0.37,-1.08,8.69,3.53,-1.64,0.96,0.95,-0.65,-27.572020,-48.454198,8
21.91,90565.05,61.71,936.86,0.25,-0.66,-0.73,10.07,3.03,-1.79,1.19,-0.14,-1.39,-27.572019,-48.454193,9
21.91,90571.63,62.34,936.26,0.70,0.28,0.45,10.61,-0.55,-1.58,2.36,-0.18,-0.25,-27.572017,-48.454188,12
21.92,90578.21,60.98,935.66,-0.41,-0.59,0.35,9.72,-0.91,-0.72,0.64,-0.65,-0.73,-27.572015,-48.454183,10
21.92,90584.79,61.67,935.06,-0.01,-0.52,0.14,10.39,-2.12,-1.67,0.89,-1.93,-1.55,-27.572013,-48.454178,8
21.93,90591.38,62.79,934.46,0.88,0.53,-0.73,9.21,-4.15,-1.33,0.49,-0.87,-2.75,-27.572011,-48.454173,9
21.93,90597.96,64.67,933.86,0.04,0.16,0.26,8.82,-5.41,-2.10,-0.19,-1.95,-2.04,-27.572010,-48.454168,11
21.93,90604.54,61.29,933.26,0.13,0.31,0.44,8.69,-5.98,-0.41,-0.67,-0.64,-0.31,-27.572008,-48.454163,12
21.94,90611.13,63.42,932.66,0.37,0.07,-0.43,6.91,-8.77,-0.49,-0.60,-0.52,-1.51,-27.572006,-48.454158,12
21.94,90617.71,63.13,932.06,-0.08,0.20,-0.57,5.48,-9.15,-0.22,-1.26,0.10,-1.99,-27.572004,-48.454152,12
21.95,90624.30,62.41,931.46,-0.03,-0.17,0.26,3.97,-8.43,-0.47,-1.04,0.86,1.12,-27.572002,-48.454147,9
21.95,90630.88,61.16,930.86,0.44,0.41,-0.19,2.98,-10.44,-1.16,-0.22,2.43,0.95,-27.572001,-48.454142,9
21.95,90637.47,62.00,930.26,0.72,-0.30,0.35,1.74,-11.38,-0.14,1.17,0.82,1.34,-27.571999,-48.454137,12
21.96,90644.05,62.05,929.66,-0.40,-0.70,-0.13,-0.06,-9.63,-1.09,0.45,0.45,1.75,-27.571997,-48.454132,8
21.96,90650.64,61.21,929.06,0.80,-0.44,0.48,-1.84,-9.21,-0.54,1.65,0.81,2.17,-27.571995,-48.454127,10
21.97,90657.23,63.06,928.46,-0.67,0.38,0.55,-3.66,-9.61,0.91,1.20,1.04,2.18,-27.571993,-48.454122,12
21.97,90663.81,62.36,927.86,0.69,-0.48,0.77,-5.14,-8.23,0.53,1.92,0.10,1.78,-27.571992,-48.454117,8
21.97,90670.40,61.75,927.26,-0.34,-0.73,-0.34,-5.84,-8.47,0.39,1.09,-0.71,0.06,-27.571990,-48.454112,10
21.98,90676.99,62.65,926.66,-0.26,-0.60,-0.10,-7.12,-7.77,1.76,1.67,-2.08,0.47,-27.571988,-48.454107,12
21.98,90683.58,62.33,926.06,-0.59,0.81,0.16,-7.55,-5.98,1.63,0.21,-0.04,1.03,-27.571986,-48.454102,12
21.98,90690.17,63.50,925.46,0.28,0.70,0.98,-9.35,-4.54,1.44,0.87,-0.79,0.37,-27.571984,-48.454097,10
21.99,90696.76,63.37,924.86,0.06,0.73,0.41,-9.46,-3.08,1.38,-0.74,0.12,-1.10,-27.571983,-48.454092,9
21.99,90703.34,60.82,924.26,-0.33,-0.34,0.37,-10.10,-2.31,1.47,-1.10,-1.08,-1.66,-27.571981,-48.454087,8
22.00,90709.93,64.77,923.66,-0.29,-0.50,0.34,-10.41,-0.78,1.51,-1.72,-0.76,-1.88,-27.571979,-48.454082,9
22.00,90716.53,60.78,923.06,0.06,-0.56,-0.40,-9.27,0.75,2.53,-1.21,-0.49,-1.79,-27.571977,-48.454076,10
22.00,90723.12,62.02,922.46,-0.68,-0.43,-0.34,-9.66,2.46,1.42,-1.20,0.68,-1.27,-27.571975,-48.454071,9
22.01,90729.71,62.77,921.86,0.42,0.21,-0.08,-9.03,4.53,2.57,-0.78,1.30,-0.68,-27.571974,-48.454066,8
22.01,90736.30,60.04,921.26,-0.15,0.33,-0.49,-8.62,5.68,1.29,-1.67,2.35,-1.51,-27.571972,-48.454061,12
22.02,90742.89,63.05,920.66,0.18,0.08,-0.12,-6.36,6.23,2.55,-0.11,1.26,0.38,-27.571970,-48.454056,12
22.02,90749.48,62.88,920.06,0.12,-0.92,0.25,-6.98,8.23,2.01,0.52,-0.09,0.98,-27.571968,-48.454051,8
22.02,90756.07,62.79,919.46,0.76,-1.08,0.26,-5.52,8.47,1.57,2.10,-1.12,1.46,-27.571966,-48.454046,10
22.03,90762.67,63.60,918.86,1.14,0.49,0.33,-3.44,9.72,2.43,2.87,0.92,1.05,-27.571965,-48.454041,9
22.03,90769.26,61.85,918.26,0.38,-0.46,-0.55,-2.40,9.04,1.65,1.53,-1.33,1.15,-27.571963,-48.454036,8
22.04,90775.85,63.14,917.66,0.39,0.11,-0.73,-0.38,10.34,1.69,2.18,-1.76,0.77,-27.571961,-48.454031,10
22.04,90782.45,64.24,917.06,1.33,0.30,-0.73,0.60,9.98,0.73,2.28,-1.78,0.26,-27.571959,-48.454026,8
22.04,90789.04,62.47,916.46,-0.48,-0.37,-0.25,2.52,9.45,0.78,0.09,-1.72,0.65,-27.571957,-48.454021,10
22.05,90795.64,62.56,915.86,-0.09,-0.12,-0.19,3.21,9.19,1.84,0.01,-1.61,0.55,-27.571956,-48.454016,11
22.05,90802.23,62.58,915.26,0.39,0.07,-0.23,4.69,8.17,2.09,-0.02,-1.03,-0.84,-27.571954,-48.454011,10
22.05,90808.83,62.25,914.66,-0.17,0.57,-0.39,5.77,7.40,0.83,-0.85,0.16,-0.85,-27.571952,-48.454006,9
22.06,90815.43,62.56,914.06,0.17,-0.17,-0.61,6.72,7.13,2.03,-0.39,0.66,-1.80,-27.571950,-48.454000,9
22.06,90822.02,63.63,913.46,-0.03,-0.15,0.40,7.76,5.20,1.31,-0.69,0.93,-0.99,-27.571948,-48.453995,8
22.07,90828.62,62.97,912.86,-0.15,-0.48,-0.70,9.50,4.55,-0.18,-1.34,0.85,-2.47,-27.571947,-48.453990,10
22.07,90835.22,62.45,912.26,-0.22,-0.36,-0.56,8.07,3.05,1.14,-0.81,1.39,-1.40,-27.571945,-48.453985,11
22.07,90841.81,62.30,911.66,-0.56,0.59,-0.15,9.37,1.41,0.55,-1.35,1.90,-1.02,-27.571943,-48.453980,11
22.08,90848.41,63.32,911.06,-0.12,0.54,-0.61,10.15,-0.16,0.45,-0.01,0.44,-0.86,-27.571941,-48.453975,12
22.08,90855.01,61.33,910.46,0.18,0.21,-0.23,9.87,-1.07,-0.74,0.67,0.45,0.07,-27.571939,-48.453970,10
22.09,90861.61,63.70,909.86,-0.05,-0.16,0.08,9.99,-2.79,-0.21,1.22,-0.66,1.05,-27.571938,-48.453965,12
22.09,90868.21,62.84,909.26,0.16,-0.52,0.95,9.36,-4.55,-0.88,2.20,-1.74,1.98,-27.571936,-48.453960,11
22.09,90874.81,63.15,908.66,0.58,-0.71,-0.37,8.42,-4.68,-1.03,1.69,-3.06,1.48,-27.571934,-48.453955,11
22.10,90881.41,63.46,908.06,-0.24,0.40,0.40,7.72,-6.85,-1.04,1.33,-0.93,1.07,-27.571932,-48.453950,9
22.10,90888.01,62.44,907.46,-0.77,0.56,0.26,5.95,-6.99,-0.83,-0.27,-1.13,0.80,-27.571930,-48.453945,11
22.11,90894.61,61.89,906.86,-0.03,0.83,0.24,5.02,-9.38,-1.45,0.72,0.04,1.44,-27.571929,-48.453940,10
22.11,90901.21,62.75,906.26,0.48,-0.34,0.12,3.97,-9.48,-1.73,-0.21,0.04,0.70,-27.571927,-48.453935,9
22.11,90907.81,63.42,905.66,0.29,0.01,0.04,1.74,-9.78,-1.51,-0.47,0.59,0.76,-27.571925,-48.453929,12
22.12,90914.41,61.28,905.06,0.89,0.42,-0.10,1.19,-10.10,-1.53,-0.16,2.64,-0.38,-27.571923,-48.453924,9
22.12,90921.02,63.74,904.46,0.47,0.21,-0.45,-0.35,-9.90,-1.08,-1.17,1.26,-1.96,-27.571921,-48.453919,8
22.12,90927.62,63.94,903.86,0.20,0.16,0.03,-1.92,-10.98,-1.67,-0.36,1.81,-1.58,-27.571920,-48.453914,8
22.13,90934.22,63.17,903.26,0.30,0.24,0.17,-4.40,-9.31,-1.64,-1.05,1.45,-1.45,-27.571918,-48.453909,12
22.13,90940.83,61.82,902.66,0.75,0.27,-0.54,-4.72,-8.19,-2.91,0.09,1.35,-2.04,-27.571916,-48.453904,9
22.14,90947.43,63.49,902.06,-0.90,0.51,-0.72,-6.24,-7.29,-2.34,-1.50,0.14,-2.07,-27.571914,-48.453899,9
22.14,90954.03,61.52,901.46,-0.45,0.77,-0.30,-7.15,-7.49,-1.09,-0.55,0.60,-1.02,-27.571913,-48.453894,12
22.14,90960.64,62.24,900.86,-0.20,-0.25,-0.40,-7.91,-5.43,-2.50,0.67,-0.71,-1.04,-27.571911,-48.453889,12
22.15,90967.24,62.84,900.26,0.03,-1.06,0.20,-9.02,-4.84,-2.04,1.40,-3.07,-0.24,-27.571909,-48.453884,11
22.15,90973.85,62.24,899.66,-0.18,-0.07,-0.36,-9.65,-3.43,-1.64,1.38,-1.65,0.28,-27.571907,-48.453879,11
22.16,90980.45,62.07,899.06,-0.88,-0.11,-0.51,-10.42,-1.84,-2.28,0.46,-1.30,0.84,-27.571905,-48.453874,11
22.16,90987.06,60.72,898.46,0.10,-0.54,-0.15,-9.21,-0.28,-1.83,1.33,-1.97,0.51,-27.571904,-48.453869,11
22.16,90993.67,61.14,897.86,-0.24,0.36,1.22,-9.47,1.09,-1.33,0.85,0.24,2.82,-27.571902,-48.453864,11
22.17,91000.27,63.50,897.26,0.43,0.58,-0.63,-9.58,2.84,-2.05,0.13,1.22,0.77,-27.571900,-48.453859,10
22.17,91006.88,61.19,896.66,-0.00,0.07,-0.11,-8.99,4.06,-1.82,0.09,1.75,1.20,-27.571898,-48.453853,11
22.18,91013.49,63.87,896.06,0.11,-0.71,-0.30,-7.97,5.52,-0.68,-0.82,1.39,1.68,-27.571896,-48.453848,8
22.18,91020.10,61.98,895.46,-0.07,0.62,-0.04,-7.32,5.97,-0.93,-0.83,1.91,-0.62,-27.571895,-48.453843,12
22.18,91026.71,63.84,894.86,0.86,0.29,0.14,-5.52,8.61,-1.84,-0.06,0.93,0.42,-27.571893,-48.453838,8
22.19,91033.31,62.93,894.26,-0.01,0.03,0.32,-5.61,9.54,0.09,-2.08,1.26,-0.33,-27.571891,-48.453833,10
22.19,91039.92,63.97,893.66,1.19,0.05,-0.20,-2.86,9.57,-0.09,0.06,0.14,-0.41,-27.571889,-48.453828,12
22.20,91046.53,63.17,893.06,0.13,-0.51,0.49,-1.90,10.08,-0.53,-0.64,-1.01,-1.54,-27.571887,-48.453823,9
22.20,91053.14,63.27,892.46,-0.81,-0.62,-0.52,-0.95,10.20,1.00,-0.99,-1.48,-1.89,-27.571886,-48.453818,12
22.20,91059.75,62.72,891.86,-0.05,-0.04,0.05,0.67,9.81,-0.01,-0.14,-0.96,-1.20,-27.571884,-48.453813,8
22.21,91066.36,63.86,891.26,0.64,0.29,0.59,2.30,9.98,0.59,1.55,-1.29,-0.55,-27.571882,-48.453808,12
22.21,91072.98,62.86,890.66,0.83,0.75,-0.66,2.91,9.24,-0.12,2.60,-0.95,-1.16,-27.571880,-48.453803,12
22.21,91079.59,65.72,890.06,-0.06,-0.40,-0.40,4.32,8.19,0.96,2.34,-0.89,-1.29,-27.571878,-48.453798,8
22.22,91086.20,63.62,889.46,-0.52,0.08,-0.21,5.65,8.05,1.37,0.88,0.18,-0.38,-27.571877,-48.453793,11
22.22,91092.81,61.81,888.86,-0.59,-0.02,0.76,6.83,7.12,0.76,0.35,0.54,2.05,-27.571875,-48.453788,12
22.23,91099.42,63.78,888.26,0.12,0.07,-0.66,7.85,5.51,1.01,0.55,0.93,-0.14,-27.571873,-48.453783,8
22.23,91106.04,61.52,887.66,0.04,0.16,-0.22,9.52,5.24,1.49,0.92,1.00,1.88,-27.571871,-48.453777,9
22.23,91112.65,62.60,887.06,-0.83,-0.04,0.63,9.86,2.47,1.01,-1.25,2.00,2.79,-27.571869,-48.453772,10
22.24,91119.27,63.28,886.46,-0.58,-0.82,0.30,10.57,2.34,1.81,-1.28,1.17,1.48,-27.571868,-48.453767,8
22.24,91125.88,62.66,885.86,-0.54,1.03,-0.34,10.11,0.43,2.19,-1.51,2.00,0.40,-27.571866,-48.453762,11
22.25,91132.49,64.06,885.26,0.25,0.27,-0.03,9.73,-1.90,2.06,-1.51,0.46,0.30,-27.571864,-48.453757,11
22.25,91139.11,64.06,884.66,-0.39,-0.16,0.56,10.12,-2.55,2.25,-2.25,-0.56,1.92,-27.571862,-48.453752,11
22.25,91145.73,62.27,884.06,0.32,-0.33,0.52,8.37,-4.80,1.82,-0.69,-1.44,0.38,-27.571860,-48.453747,9
22.26,91152.34,62.03,883.46,-0.52,0.21,-0.64,7.48,-6.05,1.60,-0.12,-0.74,-1.52,-27.571859,-48.453742,11
22.26,91158.96,63.50,882.86,0.15,0.76,-0.37,7.70,-6.50,1.76,0.09,-1.44,-1.65,-27.571857,-48.453737,10
22.27,91165.57,63.57,882.26,0.18,-0.51,0.24,6.27,-8.20,1.82,1.23,-1.42,-1.75,-27.571855,-48.453732,11
22.27,91172.19,60.52,881.66,-0.02,0.29,-0.02,5.09,-7.80,1.83,2.40,-1.36,-1.08,-27.571853,-48.453727,8
22.27,91178.81,62.66,881.06,-0.10,0.50,0.28,4.01,-9.02,1.68,1.09,0.21,-1.25,-27.571851,-48.453722,12
22.28,91185.43,61.98,880.46,-0.02,-0.02,0.05,2.35,-9.45,2.13,1.56,0.94,-0.41,-27.571850,-48.453717,8
22.28,91192.04,62.04,879.86,-0.12,-0.36,0.55,0.48,-9.96,1.58,0.92,0.01,-0.98,-27.571848,-48.453712,11
22.28,91198.66,61.75,879.26,0.00,0.88,-0.98,-0.39,-9.83,1.39,1.00,2.03,-1.47,-27.571846,-48.453706,11
22.29,91205.28,61.69,878.66,-0.08,0.01,0.28,-1.38,-10.29,2.26,0.58,1.26,0.79,-27.571844,-48.453701,12
22.29,91211.90,63.52,878.06,-0.30,0.39,-0.15,-4.25,-10.63,1.67,0.01,1.81,1.07,-27.571842,-48.453696,12
22.30,91218.52,63.46,877.46,-0.58,0.12,0.63,-4.96,-10.13,1.37,-1.92,0.47,1.85,-27.571841,-48.453691,9
22.30,91225.14,63.26,876.86,1.01,0.21,0.15,-5.75,-7.98,1.37,-0.08,1.18,0.50,-27.571839,-48.453686,12
22.30,91231.76,64.22,876.26,0.50,-0.00,-0.07,-6.96,-7.87,0.16,-0.33,0.45,1.77,-27.571837,-48.453681,8
22.31,91238.38,62.72,875.66,0.47,-0.48,0.19,-8.49,-5.74,0.48,-1.26,-1.84,0.86,-27.571835,-48.453676,8
22.31,91245.00,63.88,875.06,1.20,0.46,-0.52,-9.67,-4.15,0.52,-0.08,-1.04,0.38,-27.571833,-48.453671,8
22.32,91251.63,63.77,874.46,-0.26,0.82,0.40,-9.64,-3.38,0.36,-1.74,-0.81,1.47,-27.571832,-48.453666,8
22.32,91258.25,63.58,873.86,-0.85,-1.12,-0.07,-9.96,-1.47,0.41,-1.66,-2.50,0.56,-27.571830,-48.453661,9
22.32,91264.87,62.73,873.26,-0.43,0.31,0.31,-9.96,0.70,0.47,0.05,-1.52,-0.43,-27.571828,-48.453656,8
22.33,91271.49,62.63,872.66,-0.24,0.01,0.10,-10.94,0.75,-0.06,-0.10,-0.28,-0.61,-27.571826,-48.453651,11
22.33,91278.12,64.31,872.06,0.88,-0.15,0.58,-10.38,2.86,0.06,2.21,-0.82,-1.34,-27.571824,-48.453646,8
22.34,91284.74,62.55,871.46,-0.13,0.36,-0.50,-9.35,3.87,-0.89,2.13,1.24,-1.90,-27.571823,-48.453641,10
22.34,91291.36,62.34,870.86,-0.38,-0.29,-0.62,-7.26,5.95,-0.20,1.21,1.18,-2.14,-27.571821,-48.453636,10
22.34,91297.99,61.76,870.26,0.02,-0.94,0.21,-6.61,5.47,-0.52,1.07,-0.03,-1.21,-27.571819,-48.453630,12
22.35,91304.61,64.15,869.66,-0.26,0.40,-0.15,-5.23,8.36,-1.32,1.70,1.94,-1.02,-27.571817,-48.453625,9
22.35,91311.24,64.33,869.06,0.22,-0.45,-0.06,-4.22,8.23,-1.69,0.57,1.25,-0.25,-27.571815,-48.453620,12
22.36,91317.87,64.10,868.46,-0.02,0.28,0.01,-3.63,9.69,-1.79,-0.63,0.57,-0.25,-27.571814,-48.453615,10
22.36,91324.49,63.32,867.86,-1.27,0.35,-0.48,-0.99,9.35,-1.59,-1.61,0.16,0.85,-27.571812,-48.453610,11
22.36,91331.12,63.00,867.26,0.60,-0.19,0.52,-1.31,9.28,-1.72,-0.86,-1.42,1.80,-27.571810,-48.453605,12
22.37,91337.74,64.24,866.66,0.52,-0.35,-0.65,1.19,10.86,-1.42,-1.46,-1.62,1.00,-27.571808,-48.453600,10
22.37,91344.37,63.99,866.06,0.94,0.37,0.45,2.66,9.42,-1.96,-0.51,-0.92,2.01,-27.571807,-48.453595,10
22.37,91351.00,63.07,865.46,-0.22,-0.21,0.65,2.84,9.27,-2.41,-1.63,-1.56,1.55,-27.571805,-48.453590,8
22.38,91357.63,63.91,864.86,-1.14,0.14,0.04,4.20,9.60,-2.42,-1.26,-1.84,0.59,-27.571803,-48.453585,8
22.38,91364.26,62.90,864.26,0.87,-1.42,0.09,6.70,8.31,-1.79,1.14,-3.04,0.54,-27.571801,-48.453580,8
22.39,91370.88,63.96,863.66,1.07,0.55,0.05,8.40,6.57,-1.77,1.91,0.39,-0.40,-27.571799,-48.453575,10
22.39,91377.51,63.10,863.06,-0.66,0.15,0.14,8.03,5.83,-1.70,-0.36,0.14,0.10,-27.571798,-48.453570,10
22.39,91384.14,63.91,862.46,0.45,0.17,0.36,8.65,5.17,-1.57,1.98,1.18,-0.58,-27.571796,-48.453565,10
22.40,91390.77,61.28,861.86,0.27,-1.82,-0.46,9.89,2.82,-1.35,1.25,-0.45,-1.62,-27.571794,-48.453560,11
22.40,91397.40,63.66,861.26,0.47,0.46,0.62,9.84,0.94,-1.25,1.80,1.25,-0.60,-27.571792,-48.453554,8
22.41,91404.03,64.22,860.66,0.06,-0.61,0.03,10.42,0.71,-0.91,1.14,1.13,-0.81,-27.571790,-48.453549,12
22.41,91410.66,63.58,860.06,-0.08,0.92,0.02,10.36,-1.44,-1.59,0.72,2.81,-1.05,-27.571789,-48.453544,8
22.41,91417.30,63.86,859.46,0.63,0.69,0.00,9.23,-3.29,-0.48,0.80,1.02,-0.57,-27.571787,-48.453539,12
22.42,91423.93,61.97,858.86,0.48,-0.03,0.50,9.39,-5.59,-0.58,0.20,-0.90,0.60,-27.571785,-48.453534,8
22.42,91430.56,64.33,858.26,0.07,0.36,0.45,7.54,-4.96,-0.78,-0.49,-0.92,0.18,-27.571783,-48.453529,8
22.43,91437.19,63.65,857.66,-0.10,0.60,-0.40,7.48,-6.33,-1.12,-0.91,-0.63,-0.88,-27.571781,-48.453524,12
22.43,91443.83,63.28,857.06,-0.85,0.54,-0.27,5.83,-7.32,-1.90,-2.66,-1.89,0.19,-27.571780,-48.453519,8
22.43,91450.46,63.18,856.46,-0.49,0.22,0.38,4.92,-8.74,-0.90,-2.16,-0.35,1.76,-27.571778,-48.453514,8
22.44,91457.09,65.11,855.86,0.11,-0.65,-0.63,3.90,-9.53,-1.26,-0.19,-1.04,1.08,-27.571776,-48.453509,9
22.44,91463.73,62.52,855.26,0.34,0.01,-0.21,1.93,-9.85,-0.68,0.02,-0.08,0.82,-27.571774,-48.453504,9
22.44,91470.36,64.23,854.66,-0.23,-0.07,-0.22,0.41,-9.69,0.09,-0.86,0.43,0.70,-27.571772,-48.453499,12
22.45,91477.00,63.28,854.06,0.49,-0.90,-0.72,-0.65,-10.49,-0.32,0.07,-0.51,0.09,-27.571771,-48.453494,9
22.45,91483.63,61.74,853.46,-0.46,0.57,0.74,-2.00,-9.75,0.29,0.24,1.93,1.01,-27.571769,-48.453489,10
22.46,91490.27,63.70,852.86,0.22,-1.39,-0.57,-3.63,-9.30,0.08,1.10,0.39,-0.75,-27.571767,-48.453483,10
22.46,91496.90,63.66,852.26,0.22,0.08,0.24,-5.08,-8.70,0.76,2.29,1.69,-0.11,-27.571765,-48.453478,10
22.46,91503.54,62.01,851.66,0.21,0.36,-0.81,-6.02,-7.82,1.04,1.56,1.76,-1.64,-27.571763,-48.453473,8
22.47,91510.18,64.11,851.06,-0.49,-0.38,-0.11,-7.67,-6.45,1.27,0.99,0.67,-2.12,-27.571762,-48.453468,10
22.47,91516.82,61.63,850.46,0.26,1.65,-0.74,-8.58,-5.35,1.17,1.67,1.68,-1.81,-27.571760,-48.453463,11
22.48,91523.45,63.89,849.86,-0.48,-0.26,-0.62,-8.87,-3.36,1.11,0.15,-1.10,-1.91,-27.571758,-48.453458,10
22.48,91530.09,62.04,849.26,0.23,0.47,-0.26,-8.79,-2.60,1.39,-1.00,-0.36,-1.55,-27.571756,-48.453453,12
22.48,91536.73,63.17,848.66,-0.11,1.00,-0.37,-10.40,-0.93,2.50,-1.00,-1.17,-0.66,-27.571754,-48.453448,12
22.49,91543.37,63.04,848.06,-0.47,-0.00,-0.59,-9.44,0.16,1.96,-1.75,-1.66,-0.63,-27.571753,-48.453443,8
22.49,91550.01,63.26,847.46,-0.23,-0.20,0.42,-10.39,0.68,1.62,-0.99,-1.46,0.78,-27.571751,-48.453438,9
22.50,91556.65,62.43,846.86,0.59,0.71,-0.30,-9.78,2.60,2.34,-0.82,0.38,0.18,-27.571749,-48.453433,8
22.50,91563.29,64.70,846.26,-0.70,1.15,0.05,-8.50,4.29,1.86,-0.92,0.98,1.32,-27.571747,-48.453428,10
22.50,91569.93,63.43,845.66,-0.33,0.18,-0.11,-7.99,5.78,2.06,-1.22,0.09,1.07,-27.571745,-48.453423,8
22.51,91576.57,65.25,845.06,-0.19,-0.27,-0.07,-6.38,6.73,2.27,-0.40,-0.05,1.67,-27.571744,-48.453418,8
22.51,91583.21,63.39,844.46,-0.34,-0.56,0.10,-5.51,7.64,3.15,-0.38,0.98,1.80,-27.571742,-48.453413,9
22.51,91589.85,63.55,843.86,-0.54,-0.22,-0.03,-4.01,8.10,1.74,0.27,1.59,1.18,-27.571740,-48.453407,9
22.52,91596.49,62.30,843.26,-0.08,0.58,-0.34,-2.57,9.42,1.93,1.71,2.24,0.78,-27.571738,-48.453402,11
22.52,91603.14,63.09,842.66,-0.84,0.29,-0.54,-1.99,9.31,2.43,0.57,1.05,0.76,-27.571736,-48.453397,10
22.53,91609.78,63.23,842.06,0.64,-0.45,-0.26,-0.56,9.26,1.21,1.81,0.13,-0.28,-27.571735,-48.453392,9
22.53,91616.42,63.23,841.46,-0.18,-0.59,-0.68,1.30,10.60,1.76,0.42,-1.02,-1.24,-27.571733,-48.453387,12
22.53,91623.07,63.14,840.86,0.38,0.15,0.27,2.69,9.67,2.15,1.19,-1.73,-1.06,-27.571731,-48.453382,11
22.54,91629.71,62.26,840.26,0.05,-0.13,0.55,4.32,9.03,1.23,0.07,-2.37,-0.76,-27.571729,-48.453377,12
22.54,91636.35,63.01,839.66,-0.55,0.52,-0.39,5.49,8.64,1.70,-1.34,-1.06,-1.95,-27.571727,-48.453372,8
22.55,91643.00,62.28,839.06,0.27,-0.28,-0.40,6.85,7.43,0.90,-0.85,-1.92,-1.38,-27.571726,-48.453367,10
22.55,91649.64,64.61,838.46,0.53,0.04,0.03,7.80,5.84,1.01,-1.46,-0.29,-0.81,-27.571724,-48.453362,11
22.55,91656.29,63.67,837.86,0.14,0.38,0.11,8.66,6.43,0.55,-2.18,0.34,-0.61,-27.571722,-48.453357,10
22.56,91662.93,61.99,837.26,-0.11,-0.61,-0.02,9.67,3.91,-0.23,-1.00,-0.69,-0.30,-27.571720,-48.453352,11
22.56,91669.58,63.56,836.66,0.55,-1.06,-0.02,9.48,2.53,0.32,-0.19,-0.58,0.57,-27.571718,-48.453347,12
22.57,91676.23,63.34,836.06,0.14,0.51,0.28,9.52,2.05,-0.12,0.67,2.22,1.33,-27.571717,-48.453342,11
22.57,91682.87,64.13,835.46,-1.07,0.83,-0.79,9.79,0.93,0.41,-1.28,2.31,0.28,-27.571715,-48.453336,9
22.57,91689.52,62.94,834.86,0.12,-0.02,0.04,10.51,-2.99,-0.16,1.70,0.69,1.25,-27.571713,-48.453331,9
22.58,91696.17,63.86,834.26,0.23,0.19,-0.45,9.30,-2.85,-0.35,1.69,0.20,1.14,-27.571711,-48.453326,10
22.58,91702.82,62.66,833.66,-0.08,0.06,-0.89,9.06,-5.36,-1.09,2.13,0.52,-0.53,-27.571709,-48.453321,10
22.59,91709.47,63.73,833.06,-0.14,0.67,-0.49,8.33,-5.11,-1.33,1.58,0.61,0.48,-27.571708,-48.453316,12
22.59,91716.12,63.73,832.46,-0.30,0.23,-0.82,7.02,-7.75,-0.87,0.69,-0.90,-0.26,-27.571706,-48.453311,11
22.59,91722.77,63.38,831.86,0.14,-0.56,0.20,5.94,-7.77,-1.10,0.85,-2.26,-0.09,-27.571704,-48.453306,12
22.60,91729.41,61.85,831.26,-0.03,0.74,0.48,4.64,-8.84,-1.35,-0.02,-0.42,-0.41,-27.571702,-48.453301,8
22.60,91736.07,62.46,830.66,0.18,-0.38,-0.21,3.47,-10.15,-1.13,0.35,-2.29,-1.28,-27.571701,-48.453296,11
22.60,91742.72,63.01,830.06,0.97,0.45,0.24,2.34,-9.14,-1.51,0.40,0.24,-1.98,-27.571699,-48.453291,10
22.61,91749.37,63.28,829.46,-0.14,-0.20,0.28,1.46,-9.67,-1.69,-1.38,0.15,-0.64,-27.571697,-48.453286,12
22.61,91756.02,60.99,828.86,-0.41,-0.83,0.66,-1.60,-11.04,-1.72,-2.02,-0.33,-0.81,-27.571695,-48.453281,10
22.62,91762.67,61.79,828.26,0.26,0.04,1.07,-2.28,-8.90,-2.94,-1.09,1.01,0.01,-27.571693,-48.453276,12
22.62,91769.32,63.89,827.66,0.46,0.16,0.72,-3.38,-8.43,-1.68,-1.21,0.79,-0.66,-27.571692,-48.453271,10
22.62,91775.97,63.49,827.06,-0.64,-0.81,0.16,-5.80,-9.41,-1.38,-0.92,1.04,0.37,-27.571690,-48.453266,11
22.63,91782.63,62.80,826.46,-0.12,0.19,0.67,-6.50,-7.32,-1.72,-0.89,1.29,1.23,-27.571688,-48.453260,11
22.63,91789.28,65.16,825.86,0.47,0.51,-0.12,-7.39,-5.47,-2.51,0.12,1.54,0.48,-27.571686,-48.453255,11
22.64,91795.93,64.88,825.26,0.63,1.19,0.39,-8.56,-5.54,-1.62,1.89,1.47,1.55,-27.571684,-48.453250,12
22.64,91802.59,62.58,824.66,-0.04,0.26,0.92,-8.38,-4.13,-2.32,2.01,0.38,1.84,-27.571683,-48.453245,10
22.64,91809.24,61.16,824.06,-0.03,-0.50,0.18,-9.08,-1.93,-2.04,0.93,-1.13,1.23,-27.571681,-48.453240,10
22.65,91815.90,63.49,823.46,-0.20,0.02,0.51,-10.18,-0.85,-2.67,1.36,-1.31,2.25,-27.571679,-48.453235,12
22.65,91822.55,62.46,822.86,0.27,0.38,0.67,-9.73,0.95,-2.35,1.04,-1.16,1.01,-27.571677,-48.453230,10
22.66,91829.21,63.76,822.26,0.60,0.46,-0.07,-9.41,1.43,-1.63,0.84,-1.12,0.56,-27.571675,-48.453225,8
22.66,91835.86,62.82,821.66,-0.67,0.62,-0.68,-9.34,3.05,-0.95,-0.18,-0.75,-0.37,-27.571674,-48.453220,9
22.66,91842.52,61.63,821.06,0.22,-0.62,0.03,-9.69,4.28,-0.95,-0.75,-1.53,-0.47,-27.571672,-48.453215,12
22.67,91849.18,64.95,820.46,-0.01,-0.04,1.01,-7.89,6.60,-1.33,-0.41,0.81,-0.18,-27.571670,-48.453210,10
22.67,91855.84,64.44,819.86,0.39,-0.81,-0.30,-7.35,7.09,-0.02,-0.68,0.64,-1.61,-27.571668,-48.453205,11
22.67,91862.49,63.35,819.26,-0.61,-0.00,-0.77,-6.03,7.54,-1.16,-2.25,1.27,-2.55,-27.571666,-48.453200,11
22.68,91869.15,62.97,818.66,0.07,-0.30,-0.07,-3.80,8.76,-0.95,-2.37,0.97,-1.09,-27.571665,-48.453195,8
22.68,91875.81,63.85,818.06,-0.17,0.86,0.18,-3.23,9.44,-0.36,-2.04,2.32,-1.27,-27.571663,-48.453190,9
22.69,91882.47,63.44,817.46,-0.01,0.41,-0.28,-2.44,10.64,-0.05,-0.96,1.78,-1.77,-27.571661,-48.453184,12
22.69,91889.13,62.69,816.86,0.49,-0.25,-0.37,0.02,10.35,-0.12,0.75,-0.34,-0.84,-27.571659,-48.453179,9
22.69,91895.79,62.32,816.26,-0.30,0.44,-0.42,0.89,10.14,-0.07,0.57,0.12,-0.83,-27.571657,-48.453174,9
22.70,91902.45,65.55,815.66,0.30,-0.03,1.16,2.86,9.54,0.13,0.93,-0.40,2.61,-27.571656,-48.453169,11
22.70,91909.11,64.03,815.06,0.23,-0.15,0.37,3.85,9.28,0.30,1.57,-1.52,1.11,-27.571654,-48.453164,10
22.71,91915.77,63.84,814.46,0.16,-0.33,-0.40,5.27,7.91,0.10,1.37,-1.43,1.37,-27.571652,-48.453159,8
22.71,91922.43,62.68,813.86,0.07,-0.79,-0.16,7.70,7.48,0.43,1.38,-2.82,1.14,-27.571650,-48.453154,12
22.71,91929.09,61.78,813.26,0.35,-0.38,-0.09,7.58,6.48,0.71,1.47,-1.90,2.13,-27.571648,-48.453149,8
22.72,91935.75,63.64,812.66,0.06,-0.05,0.36,7.72,5.33,1.79,0.26,-0.82,0.90,-27.571647,-48.453144,10
22.72,91942.41,63.30,812.06,0.25,-0.90,-0.64,9.12,4.01,1.82,0.67,-0.99,-0.02,-27.571645,-48.453139,8
22.73,91949.08,65.42,811.46,0.03,-0.14,0.21,9.56,2.28,2.08,-0.77,0.21,1.28,-27.571643,-48.453134,12
22.73,91955.74,62.80,810.86,-0.52,0.30,-0.70,9.86,1.52,1.09,-2.20,2.13,-1.49,-27.571641,-48.453129,8
22.73,91962.40,63.51,810.26,0.92,0.09,0.24,10.14,0.75,1.92,-1.09,1.37,-0.45,-27.571639,-48.453124,9
22.74,91969.07,63.83,809.66,-0.03,-0.63,-0.02,10.23,-1.41,1.02,-2.02,1.15,-1.98,-27.571638,-48.453119,10
22.74,91975.73,62.74,809.06,-0.32,0.34,0.46,9.68,-3.01,2.05,-1.90,2.06,-1.12,-27.571636,-48.453113,10
22.75,91982.40,63.65,808.46,0.04,0.62,0.08,8.88,-4.69,1.86,-1.02,1.70,-1.23,-27.571634,-48.453108,9
22.75,91989.06,63.52,807.86,1.09,-0.08,0.24,7.90,-6.34,2.00,1.09,0.37,-1.05,-27.571632,-48.453103,11
22.75,91995.73,64.04,807.26,0.08,0.84,0.88,7.58,-7.16,1.56,0.05,0.67,-0.56,-27.571630,-48.453098,12
22.76,92002.39,62.93,806.66,-0.29,-0.56,-1.03,6.27,-7.91,1.57,0.24,-2.68,-1.73,-27.571629,-48.453093,9
22.76,92009.06,64.80,806.06,1.26,-0.56,-0.19,4.39,-8.59,2.31,1.99,-2.25,-0.01,-27.571627,-48.453088,12
22.76,92015.73,65.20,805.46,0.06,0.47,-0.55,4.38,-8.02,1.96,1.80,-1.64,-0.57,-27.571625,-48.453083,11
22.77,92022.39,64.71,804.86,0.20,0.06,-0.30,1.81,-9.62,2.35,1.31,-1.36,0.77,-27.571623,-48.453078,8
22.77,92029.06,62.85,804.26,-0.50,0.85,0.07,-0.41,-9.86,1.86,0.66,-0.67,2.14,-27.571621,-48.453073,8
22.78,92035.73,62.64,803.66,-0.45,-0.15,0.21,-1.16,-8.71,1.96,0.37,-1.59,1.88,-27.571620,-48.453068,9
22.78,92042.40,64.07,803.06,-0.32,-0.57,0.67,-2.05,-9.73,0.86,-0.18,-0.94,1.91,-27.571618,-48.453063,12
22.78,92049.06,64.87,802.46,-0.25,-0.17,-0.31,-3.86,-8.50,0.93,-1.10,0.92,1.43,-27.571616,-48.453058,8
22.79,92055.73,65.44,801.86,0.55,0.43,0.28,-5.41,-8.37,1.08,-0.05,1.01,1.60,-27.571614,-48.453053,8
22.79,92062.40,62.55,801.26,0.20,-0.31,-0.24,-6.80,-7.55,0.68,-1.71,1.16,-0.17,-27.571612,-48.453048,12
22.80,92069.07,63.68,800.66,0.18,-0.54,-0.77,-8.20,-6.35,1.02,-0.79,0.44,0.46,-27.571611,-48.453043,12
22.80,92075.74,63.38,800.06,-0.53,-0.32,-0.25,-10.31,-5.30,-0.21,-2.06,-0.57,-0.57,-27.571609,-48.453037,11
22.80,92082.41,63.06,799.46,0.25,-0.03,0.17,-10.22,-3.93,0.96,-1.70,1.24,-1.04,-27.571607,-48.453032,10
22.81,92089.08,64.51,798.86,0.79,-0.18,-0.01,-9.40,-2.90,0.19,-0.41,-0.97,-0.87,-27.571605,-48.453027,8
22.81,92095.76,62.02,798.26,0.88,-0.63,0.41,-9.39,-0.71,-0.64,0.25,-2.21,-1.36,-27.571603,-48.453022,11
22.82,92102.43,62.50,797.66,-0.02,-0.22,0.52,-9.76,0.33,-0.54,-1.14,-2.24,-1.41,-27.571602,-48.453017,11
22.82,92109.10,63.02,797.06,-0.18,0.48,0.26,-10.50,2.37,-0.05,1.30,-2.03,-1.04,-27.571600,-48.453012,10
22.82,92115.77,63.41,796.46,0.11,0.10,0.36,-8.79,3.73,-0.48,1.26,-1.87,-0.81,-27.571598,-48.453007,10
22.83,92122.44,61.48,795.86,-0.20,-0.41,-0.53,-8.61,4.52,0.36,1.38,-1.03,-0.93,-27.571596,-48.453002,12
22.83,92129.12,65.61,795.26,-0.40,-0.08,-0.21,-8.18,6.59,-0.58,1.66,-1.22,0.38,-27.571595,-48.452997,10
22.83,92135.79,64.46,794.66,-0.29,-0.29,-0.50,-6.52,8.15,-0.11,0.82,-0.11,0.61,-27.571593,-48.452992,8
22.84,92142.47,62.99,794.06,-0.19,-0.79,-0.81,-6.27,8.24,-0.32,0.44,-0.13,-0.39,-27.571591,-48.452987,12
22.84,92149.14,64.05,793.46,0.67,0.44,0.30,-4.60,8.14,-1.58,0.55,0.73,1.81,-27.571589,-48.452982,12
22.85,92155.81,63.02,792.86,-0.36,0.07,1.03,-3.25,9.68,-0.89,-0.71,1.34,2.31,-27.571587,-48.452977,10
22.85,92162.49,62.70,792.26,0.12,-0.20,-0.36,-2.95,11.69,-1.61,-1.38,1.04,1.42,-27.571586,-48.452972,8
22.85,92169.17,62.89,791.66,0.41,-0.56,-0.90,-0.30,10.46,-1.58,-1.00,0.43,0.27,-27.571584,-48.452967,10
22.86,92175.84,64.64,791.06,0.26,-0.59,0.18,1.00,10.56,-2.81,-1.96,-0.49,0.85,-27.571582,-48.452961,10
22.86,92182.52,64.78,790.46,-0.25,-0.44,0.04,2.31,9.73,-2.28,-1.88,-1.12,-0.07,-27.571580,-48.452956,12
22.87,92189.19,61.79,789.86,-0.13,0.59,-1.21,4.66,9.39,-1.56,-1.93,0.72,-1.36,-27.571578,-48.452951,12
22.87,92195.87,62.80,789.26,0.47,0.96,-1.33,5.06,9.00,-1.81,0.20,-0.81,-1.52,-27.571577,-48.452946,9
22.87,92202.55,64.28,788.66,-0.05,-0.10,0.03,6.68,7.80,-1.80,-0.82,-1.42,-1.17,-27.571575,-48.452941,8
22.88,92209.23,64.21,788.06,-0.20,-0.22,0.59,8.20,6.00,-1.74,-0.19,-1.76,-1.45,-27.571573,-48.452936,12
22.88,92215.91,61.85,787.46,0.02,0.34,-0.44,8.01,5.02,-1.69,1.80,-1.00,-2.24,-27.571571,-48.452931,10
22.89,92222.58,64.25,786.86,-0.25,-0.25,0.77,9.52,3.16,-1.27,1.45,-0.74,-0.14,-27.571569,-48.452926,9
22.89,92229.26,63.92,786.26,0.19,0.01,0.36,10.02,2.36,-2.54,2.00,0.03,-0.79,-27.571568,-48.452921,12
22.89,92235.94,63.13,785.66,0.31,0.73,-0.40,10.31,0.99,-1.46,1.59,1.12,-1.95,-27.571566,-48.452916,12
22.90,92242.62,63.97,785.06,-0.51,-0.41,-0.12,10.34,-1.10,-2.10,1.45,0.55,-0.58,-27.571564,-48.452911,8
22.90,92249.30,65.28,784.46,0.46,0.06,-0.03,10.49,-1.90,-1.09,0.96,2.42,0.89,-27.571562,-48.452906,12
22.90,92255.98,64.70,783.86,-0.27,0.28,0.47,9.69,-3.01,-1.27,-0.83,1.79,0.80,-27.571560,-48.452901,12
22.91,92262.66,63.15,783.26,-0.19,0.97,-0.00,8.35,-4.40,-0.87,-0.92,1.43,1.75,-27.571559,-48.452896,8
22.91,92269.35,63.89,782.66,-0.30,0.45,0.02,7.98,-5.79,-1.31,-1.35,1.09,1.58,-27.571557,-48.452890,9
22.92,92276.03,63.00,782.06,0.79,0.61,0.06,6.89,-7.16,-0.98,-0.13,0.05,1.36,-27.571555,-48.452885,12
22.92,92282.71,63.06,781.46,0.59,0.18,0.08,5.08,-8.23,-1.25,-0.97,-0.12,1.01,-27.571553,-48.452880,11
22.92,92289.39,63.57,780.86,0.14,-0.15,-0.33,4.73,-9.46,-0.56,-1.58,-1.51,1.13,-27.571551,-48.452875,9
22.93,92296.08,64.79,780.26,-0.43,-0.68,-0.29,3.31,-9.60,-0.73,-1.68,-2.40,-0.46,-27.571550,-48.452870,8
22.93,92302.76,65.20,779.66,-0.16,-0.06,-0.41,1.81,-10.10,0.12,-0.87,-1.63,-0.39,-27.571548,-48.452865,8
22.94,92309.44,61.84,779.06,0.78,-0.45,0.00,0.05,-10.72,-0.17,0.43,-2.22,-0.26,-27.571546,-48.452860,9
22.94,92316.13,63.14,778.46,-0.48,0.27,0.22,-1.20,-9.72,0.05,-0.07,-1.02,-0.04,-27.571544,-48.452855,11
22.94,92322.81,62.79,777.86,1.17,0.80,0.08,-2.54,-10.51,0.01,2.10,0.61,-0.87,-27.571542,-48.452850,10
22.95,92329.50,64.19,777.26,-1.07,0.51,-0.45,-4.54,-9.14,0.03,0.81,0.82,-1.68,-27.571541,-48.452845,10
22.95,92336.18,62.54,776.66,0.35,0.61,-0.08,-5.60,-8.23,0.67,1.66,1.91,-1.56,-27.571539,-48.452840,10
22.96,92342.87,64.26,776.06,-0.36,-0.87,-0.95,-6.85,-7.92,0.65,0.85,-0.25,-0.97,-27.571537,-48.452835,10
22.96,92349.55,63.73,775.46,0.32,-0.52,-0.11,-7.38,-6.40,0.67,1.87,1.75,-1.27,-27.571535,-48.452830,8
22.96,92356.24,63.21,774.86,0.05,-0.65,-0.69,-8.84,-6.10,0.78,1.11,0.68,-1.00,-27.571533,-48.452825,8
22.97,92362.93,61.80,774.26,-0.65,-0.16,-0.59,-8.89,-4.47,0.55,-0.62,0.01,-1.02,-27.571532,-48.452820,12
22.97,92369.62,64.08,773.66,-1.16,-0.14,0.11,-10.47,-2.17,1.55,-1.93,0.63,1.52,-27.571530,-48.452814,10
22.98,92376.30,63.80,773.06,-0.20,0.21,0.39,-8.60,-0.69,1.76,-1.94,0.17,1.42,-27.571528,-48.452809,8
22.98,92382.99,63.11,772.46,-0.91,1.19,0.30,-10.05,0.60,1.22,-2.15,0.34,2.07,-27.571526,-48.452804,10
22.98,92389.68,63.56,771.86,-0.24,-0.74,-0.12,-9.23,2.52,1.63,-1.47,-2.10,1.32,-27.571524,-48.452799,11
22.99,92396.37,65.16,771.26,-0.56,-0.79,0.66,-9.06,3.76,1.13,-2.38,-1.33,2.70,-27.571523,-48.452794,9
22.99,92403.06,64.91,770.66,0.93,-0.79,0.74,-8.70,5.12,1.69,-0.20,-1.68,2.04,-27.571521,-48.452789,8
22.99,92409.75,63.33,770.06,0.61,0.04,-0.76,-7.57,6.02,2.41,0.42,-0.89,-0.15,-27.571519,-48.452784,12
23.00,92416.44,62.77,769.46,0.34,-0.48,-0.18,-6.52,7.84,2.82,-0.24,-0.97,0.62,-27.571517,-48.452779,12
23.00,92423.13,63.20,768.86,0.72,-0.73,-0.94,-5.32,8.43,1.45,1.39,0.00,-1.56,-27.571515,-48.452774,10
23.01,92429.82,65.44,768.26,-0.81,-0.55,0.47,-4.90,9.84,1.68,1.10,-0.05,-0.59,-27.571514,-48.452769,8
23.01,92436.51,64.36,767.66,-1.07,0.41,0.65,-3.02,9.50,1.92,0.68,1.91,-1.05,-27.571512,-48.452764,9
23.01,92443.20,64.42,767.06,-0.29,0.85,-0.90,-1.68,10.30,1.58,0.97,2.52,-3.12,-27.571510,-48.452759,8
23.02,92449.89,64.13,766.46,-0.38,-0.12,0.29,0.13,9.25,2.12,0.65,1.30,-1.59,-27.571508,-48.452754,11
23.02,92456.59,64.26,765.86,0.55,-0.42,-0.39,0.95,10.14,1.66,1.85,0.74,-2.02,-27.571506,-48.452749,12
23.03,92463.28,63.79,765.26,-0.05,-0.19,0.72,3.33,9.88,2.44,0.25,0.12,0.25,-27.571505,-48.452744,12
23.03,92469.97,64.11,764.66,0.08,0.12,-0.18,4.29,9.13,0.94,0.22,-0.62,-0.75,-27.571503,-48.452738,9
23.03,92476.67,64.30,764.06,0.74,-0.45,-0.06,5.60,7.42,0.92,0.33,-1.08,-0.01,-27.571501,-48.452733,11
23.04,92483.36,63.95,763.46,-1.50,-0.26,-0.27,7.29,6.70,0.60,-2.41,-2.35,0.69,-27.571499,-48.452728,12
23.04,92490.05,63.69,762.86,-0.95,0.15,0.61,8.77,6.36,1.11,-2.83,-1.60,1.15,-27.571497,-48.452723,9
23.05,92496.75,63.87,762.26,1.05,-0.58,-0.50,9.25,3.99,0.79,-0.60,-2.22,0.99,-27.571496,-48.452718,9
23.05,92503.44,64.72,761.66,-0.41,-0.05,-0.14,9.65,4.20,0.16,-2.53,-1.26,1.89,-27.571494,-48.452713,8
23.05,92510.14,64.17,761.06,0.01,0.32,0.52,10.16,2.22,-0.81,0.25,0.29,2.31,-27.571492,-48.452708,11
23.06,92516.84,64.90,760.46,-0.00,-0.44,-0.55,9.21,0.37,-0.04,-0.14,-0.06,1.05,-27.571490,-48.452703,10
23.06,92523.53,63.69,759.86,-0.07,0.10,-0.17,10.05,-0.52,0.21,0.26,1.05,1.81,-27.571489,-48.452698,12
23.06,92530.23,62.45,759.26,-0.78,-0.17,-0.56,9.16,-2.29,-0.97,0.28,0.55,0.11,-27.571487,-48.452693,8
23.07,92536.93,62.44,758.66,-0.31,-0.08,0.13,10.25,-3.75,-0.39,0.39,1.84,-0.10,-27.571485,-48.452688,11
23.07,92543.62,62.67,758.06,-0.40,-0.00,1.00,8.81,-5.01,-0.69,0.44,2.18,-0.05,-27.571483,-48.452683,10
23.08,92550.32,63.99,757.46,-0.07,0.39,-0.25,6.83,-5.62,-1.18,1.06,1.47,-0.71,-27.571481,-48.452678,10
23.08,92557.02,65.97,756.86,0.37,0.60,-0.21,7.39,-6.82,-2.01,1.52,2.20,-1.06,-27.571480,-48.452673,9
23.08,92563.72,62.77,756.26,0.17,-0.55,-0.44,5.25,-8.42,-0.44,0.25,-1.20,-2.16,-27.571478,-48.452667,9
23.09,92570.42,64.78,755.66,-0.34,-0.22,0.03,4.33,-8.72,-1.20,-0.26,-0.38,-1.51,-27.571476,-48.452662,8
23.09,92577.12,62.83,755.06,0.31,-0.01,-0.04,2.12,-9.06,-1.87,0.23,-1.51,-1.47,-27.571474,-48.452657,8
23.10,92583.82,63.31,754.46,-0.29,-0.05,1.28,0.94,-10.11,-1.69,-0.71,-1.14,0.74,-27.571472,-48.452652,8
23.10,92590.52,62.02,753.86,-1.11,0.81,-0.46,0.45,-9.97,-1.78,-2.95,-0.11,-0.28,-27.571471,-48.452647,11
23.10,92597.22,61.86,753.26,0.01,-1.15,-0.28,-1.67,-9.81,-2.85,-2.54,-2.39,-0.17,-27.571469,-48.452642,9
23.11,92603.92,64.70,752.66,-0.26,-0.61,0.24,-3.49,-9.50,-1.81,-1.20,-1.06,0.79,-27.571467,-48.452637,12
23.11,92610.62,64.30,752.06,0.03,-0.09,-0.51,-4.76,-9.95,-1.95,-0.85,-0.15,0.20,-27.571465,-48.452632,9
23.12,92617.32,63.49,751.46,-0.19,-0.40,-0.02,-5.62,-8.11,-2.80,-0.59,0.56,0.72,-27.571463,-48.452627,10
23.12,92624.03,62.67,750.86,1.00,0.05,-0.66,-7.33,-7.69,-1.69,1.18,0.97,0.12,-27.571462,-48.452622,8
23.12,92630.73,64.46,750.26,0.14,-0.49,0.12,-7.23,-6.64,-1.50,0.68,1.01,1.81,-27.571460,-48.452617,10
23.13,92637.43,66.18,749.66,-0.11,-0.59,-0.30,-8.70,-5.36,-3.01,0.53,1.21,0.50,-27.571458,-48.452612,8
23.13,92644.13,65.38,749.06,0.33,0.47,-0.08,-8.30,-3.53,-2.02,1.94,1.57,0.21,-27.571456,-48.452607,8
23.14,92650.84,64.42,748.46,-0.60,-0.82,-0.47,-9.71,-1.90,-1.07,1.24,0.53,-0.15,-27.571454,-48.452602,11
23.14,92657.54,64.59,747.86,-0.85,0.02,0.09,-8.93,-1.18,-1.59,0.82,0.88,-0.50,-27.571453,-48.452597,9
23.14,92664.25,64.22,747.26,0.19,-0.11,0.23,-9.65,0.84,-2.00,1.25,-0.90,-0.46,-27.571451,-48.452591,10
23.15,92670.95,63.96,746.66,0.32,0.57,0.33,-9.69,2.62,-1.80,1.60,-0.33,-0.26,-27.571449,-48.452586,12
23.15,92677.66,65.82,746.06,0.19,-0.19,-0.46,-8.84,3.09,-1.24,0.50,-2.21,-2.76,-27.571447,-48.452581,12
23.15,92684.36,65.83,745.46,0.19,-0.12,-0.26,-8.55,5.28,-1.65,0.44,-1.17,-1.35,-27.571445,-48.452576,10
23.16,92691.07,63.76,744.86,-0.29,0.09,0.24,-7.34,6.19,-1.36,-1.53,-1.65,-0.73,-27.571444,-48.452571,10
23.16,92697.78,62.33,744.26,0.44,-1.03,0.39,-5.71,6.62,-0.56,-1.23,-1.91,-1.28,-27.571442,-48.452566,10
23.17,92704.48,63.85,743.66,0.30,0.05,-0.72,-5.19,7.61,-0.73,-1.51,-0.45,-1.80,-27.571440,-48.452561,10
23.17,92711.19,63.81,743.06,1.15,0.04,0.05,-3.92,9.40,-0.61,0.29,-0.01,0.91,-27.571438,-48.452556,8
23.17,92717.90,63.92,742.46,-0.27,-0.84,0.20,-1.98,10.12,-0.63,-1.83,0.08,0.99,-27.571436,-48.452551,12
23.18,92724.61,65.42,741.86,0.45,0.30,0.25,-1.17,10.04,-0.34,-0.19,1.33,1.26,-27.571435,-48.452546,10
23.18,92731.32,63.08,741.26,0.01,0.82,-0.47,0.02,9.61,0.48,-0.31,2.74,0.91,-27.571433,-48.452541,10
23.19,92738.02,63.42,740.66,0.09,0.45,-0.12,1.16,10.83,-0.06,0.43,1.88,1.21,-27.571431,-48.452536,9
23.19,92744.73,63.80,740.06,-0.17,0.47,0.08,3.54,9.11,0.67,1.64,1.47,2.08,-27.571429,-48.452531,8
23.19,92751.44,63.67,739.46,0.11,0.99,-0.36,5.01,9.44,0.90,2.89,1.38,0.93,-27.571427,-48.452526,12
23.20,92758.15,64.68,738.86,-0.46,0.73,-0.22,5.85,7.95,0.08,0.52,0.56,0.02,-27.571426,-48.452520,12
23.20,92764.86,64.42,738.26,-0.10,-0.06,-0.42,6.84,7.82,0.51,1.40,-0.97,0.51,-27.571424,-48.452515,8
23.21,92771.57,65.78,737.66,-0.14,-0.15,-0.16,7.87,5.96,0.53,0.43,-0.55,-0.01,-27.571422,-48.452510,8
23.21,92778.29,63.72,737.06,-0.79,-0.36,-0.75,8.03,4.51,0.87,0.08,-1.28,-1.34,-27.571420,-48.452505,9
23.21,92785.00,64.62,736.46,0.87,-0.81,0.01,8.79,3.64,1.01,1.08,-1.77,-0.99,-27.571418,-48.452500,10
23.22,92791.71,63.38,735.86,-0.29,0.11,-0.09,10.17,1.64,1.57,-1.63,-1.98,-1.35,-27.571417,-48.452495,12
23.22,92798.42,63.75,735.26,-0.47,0.10,0.39,10.52,0.71,1.75,-1.71,-0.05,-0.94,-27.571415,-48.452490,10
23.22,92805.14,65.16,734.66,0.02,0.29,0.26,9.82,-1.18,1.92,-1.52,0.81,-0.48,-27.571413,-48.452485,11
23.23,92811.85,64.32,734.06,0.07,-0.15,0.70,9.29,-2.03,1.52,-1.69,-0.34,-0.07,-27.571411,-48.452480,12
23.23,92818.56,64.59,733.46,0.54,-0.29,1.33,9.55,-3.36,2.51,-0.81,0.86,-0.22,-27.571409,-48.452475,12
23.24,92825.28,63.52,732.86,-0.10,0.13,0.06,8.44,-5.27,2.85,0.01,1.91,0.45,-27.571408,-48.452470,9
23.24,92831.99,64.98,732.26,-0.02,0.32,-0.35,8.48,-6.06,2.57,-0.43,2.12,0.12,-27.571406,-48.452465,9
23.24,92838.71,63.65,731.66,0.41,-0.06,-0.16,7.74,-7.84,1.78,0.43,1.67,0.45,-27.571404,-48.452460,11
23.25,92845.42,63.29,731.06,-0.56,-0.01,0.34,5.51,-8.43,1.54,-0.53,0.30,1.15,-27.571402,-48.452455,10
23.25,92852.14,64.99,730.46,-0.36,-0.45,0.16,5.25,-9.67,1.84,0.36,0.49,1.83,-27.571400,-48.452450,11
23.26,92858.85,64.88,729.86,0.67,0.47,0.46,2.26,-9.61,2.47,1.82,0.06,1.17,-27.571399,-48.452444,11
23.26,92865.57,64.25,729.26,0.56,0.39,0.39,0.89,-9.86,2.82,1.51,0.17,1.27,-27.571397,-48.452439,12
23.26,92872.29,64.42,728.66,-0.23,-0.13,0.74,-0.69,-9.04,1.84,0.22,-1.94,1.95,-27.571395,-48.452434,12
23.27,92879.00,63.49,728.06,0.63,-0.15,-0.08,-2.00,-8.92,2.10,1.99,-2.26,1.30,-27.571393,-48.452429,12
23.27,92885.72,64.54,727.46,-0.52,0.90,0.26,-3.38,-8.06,0.51,-0.37,0.40,0.44,-27.571391,-48.452424,12
23.28,92892.44,66.07,726.86,-0.09,0.55,-0.03,-4.86,-8.99,0.79,-0.27,-0.67,-0.23,-27.571390,-48.452419,11
23.28,92899.16,63.82,726.26,-0.39,0.34,0.48,-5.26,-8.04,0.11,-1.33,0.64,0.20,-27.571388,-48.452414,8
23.28,92905.88,64.50,725.66,0.13,-0.62,-0.37,-7.25,-7.89,0.82,-1.23,0.24,-1.88,-27.571386,-48.452409,8
23.29,92912.59,64.91,725.06,-0.52,0.69,-0.29,-7.99,-5.83,0.11,-2.15,2.24,-1.73,-27.571384,-48.452404,9
23.29,92919.31,64.48,724.46,-0.10,-0.26,0.05,-8.32,-5.95,0.94,-1.66,0.80,-2.08,-27.571383,-48.452399,12
23.29,92926.03,65.21,723.86,-0.74,0.93,0.19,-9.15,-4.27,1.24,-0.61,2.21,-1.37,-27.571381,-48.452394,9
23.30,92932.75,64.57,723.26,0.42,-0.28,0.41,-9.69,-2.25,1.50,-0.01,0.96,-1.00,-27.571379,-48.452389,12
23.30,92939.48,64.14,722.66,-0.15,-0.44,0.06,-9.32,-1.01,-0.60,-0.64,0.25,-1.59,-27.571377,-48.452384,12
23.31,92946.20,65.46,722.06,0.04,0.54,0.73,-10.43,1.20,-0.78,0.36,0.06,0.25,-27.571375,-48.452379,12
23.31,92952.92,65.45,721.46,0.30,-0.43,0.87,-10.19,2.03,-0.27,2.18,-0.89,1.73,-27.571374,-48.452374,10
23.31,92959.64,63.91,720.86,-0.10,-0.15,-0.44,-8.64,3.73,-0.57,0.90,-1.71,0.52,-27.571372,-48.452368,11
23.32,92966.36,64.30,720.26,-0.58,0.60,-0.71,-8.36,5.24,-0.90,1.16,-1.13,0.77,-27.571370,-48.452363,11
23.32,92973.08,63.96,719.66,-0.89,0.49,0.58,-7.28,6.90,0.14,0.08,-0.64,2.85,-27.571368,-48.452358,11
23.33,92979.81,62.81,719.06,0.17,-1.24,0.16,-7.10,7.51,-1.44,2.14,-1.85,1.88,-27.571366,-48.452353,9
23.33,92986.53,64.79,718.46,0.12,0.59,0.34,-4.70,8.21,-1.40,1.39,-0.82,1.47,-27.571365,-48.452348,11
23.33,92993.26,63.50,717.86,-0.51,0.29,-0.04,-3.54,8.60,-1.63,-0.04,-0.21,1.03,-27.571363,-48.452343,12
23.34,92999.98,64.58,717.26,-0.15,0.60,0.11,-2.57,9.93,-2.05,-0.61,1.51,0.02,-27.571361,-48.452338,8
23.34,93006.70,65.17,716.66,-0.30,-0.01,0.18,-1.20,9.99,-1.80,-1.02,0.63,0.13,-27.571359,-48.452333,10
23.35,93013.43,64.80,716.06,0.52,0.14,-0.20,0.11,9.54,-2.36,-0.89,1.48,-0.49,-27.571357,-48.452328,12
23.35,93020.15,64.54,715.46,0.80,0.33,-0.36,2.02,10.41,-1.13,-0.36,1.63,-2.34,-27.571356,-48.452323,10
23.35,93026.88,63.37,714.86,0.22,-0.31,0.12,3.75,9.04,-2.67,-1.26,0.74,-1.45,-27.571354,-48.452318,10
23.36,93033.61,63.88,714.26,0.05,0.09,-1.01,4.62,8.52,-2.42,-0.63,1.12,-2.34,-27.571352,-48.452313,8
23.36,93040.33,64.86,713.66,-0.62,-0.22,-0.79,5.19,7.81,-2.02,-0.90,0.07,-2.10,-27.571350,-48.452308,8
23.37,93047.06,64.15,713.06,-1.06,1.22,-0.10,6.82,7.23,-1.42,-2.01,0.87,-1.26,-27.571348,-48.452303,10
23.37,93053.79,62.31,712.46,-0.29,0.80,0.96,6.56,6.93,-1.46,-0.16,0.09,0.22,-27.571347,-48.452297,12
23.37,93060.52,63.41,711.86,-0.81,0.28,-0.61,8.75,5.11,-2.18,0.17,-1.35,-1.01,-27.571345,-48.452292,12
23.38,93067.24,64.62,711.26,0.30,0.14,-0.10,8.69,3.44,-1.17,2.16,-1.62,-0.34,-27.571343,-48.452287,12
23.38,93073.97,65.66,710.66,-0.42,1.09,0.32,9.25,1.98,-1.33,1.13,-0.35,0.60,-27.571341,-48.452282,9
23.38,93080.70,64.03,710.06,0.44,0.02,-0.14,10.70,0.28,-0.81,2.01,-0.44,1.10,-27.571339,-48.452277,9
23.39,93087.43,64.49,709.46,0.24,-0.43,-0.03,10.16,-1.01,-0.87,1.40,-0.32,1.52,-27.571338,-48.452272,12
23.39,93094.16,63.53,708.86,-0.26,0.15,0.07,9.12,-2.23,-1.37,-0.01,0.20,1.57,-27.571336,-48.452267,11
23.40,93100.89,63.00,708.26,-0.90,0.23,-0.30,8.41,-3.69,-2.14,-0.34,1.55,1.78,-27.571334,-48.452262,10
23.40,93107.62,63.77,707.66,0.02,0.38,0.47,8.03,-5.65,-0.98,-0.65,1.50,1.21,-27.571332,-48.452257,10
23.40,93114.35,66.61,707.06,-0.25,-0.65,0.67,8.21,-5.61,-0.40,-0.80,1.03,1.37,-27.571330,-48.452252,9
23.41,93121.08,62.23,706.46,-1.12,-0.41,0.07,6.30,-8.25,-1.06,-3.13,1.04,0.19,-27.571329,-48.452247,11
23.41,93127.82,64.34,705.86,0.19,0.24,0.40,4.87,-7.66,-0.57,-1.59,1.55,0.14,-27.571327,-48.452242,12
23.42,93134.55,66.86,705.26,1.42,0.60,0.00,3.69,-9.61,-0.26,0.04,1.36,-0.85,-27.571325,-48.452237,11
23.42,93141.28,65.53,704.66,-0.19,0.74,0.57,1.90,-9.02,-0.70,-1.46,0.27,-0.66,-27.571323,-48.452232,10
23.42,93148.01,63.54,704.06,-0.23,0.39,-0.31,0.69,-10.06,0.21,-0.79,-0.85,-1.68,-27.571321,-48.452227,8
23.43,93154.75,65.07,703.46,-0.18,1.07,-0.08,0.18,-10.04,0.23,0.75,-0.73,-1.40,-27.571320,-48.452221,12
23.43,93161.48,65.61,702.86,0.92,-0.29,0.03,-2.08,-9.24,-0.02,0.67,-2.01,-1.27,-27.571318,-48.452216,12
23.44,93168.21,63.39,702.26,-0.73,-0.63,-0.69,-3.75,-9.25,-0.03,0.18,-1.84,-0.86,-27.571316,-48.452211,12
23.44,93174.95,63.45,701.66,0.57,-1.02,-0.58,-3.59,-8.53,0.47,1.97,-2.10,-1.76,-27.571314,-48.452206,8
23.44,93181.68,64.34,701.06,0.17,-1.02,-0.23,-5.79,-7.84,1.01,1.91,-2.10,0.34,-27.571312,-48.452201,10
23.45,93188.42,64.60,700.46,0.93,0.40,-0.77,-7.68,-6.55,1.04,2.78,0.32,-0.58,-27.571311,-48.452196,8
23.45,93195.15,63.41,699.86,-0.39,-0.20,-0.23,-7.40,-6.11,1.91,0.15,0.47,1.11,-27.571309,-48.452191,9
23.45,93201.89,64.20,699.26,-0.56,-0.34,-1.11,-9.36,-4.77,1.61,-0.14,1.12,0.31,-27.571307,-48.452186,12
23.46,93208.63,64.43,698.66,-0.25,0.47,0.26,-8.66,-3.40,1.23,-0.51,1.99,1.51,-27.571305,-48.452181,10
23.46,93215.36,65.22,698.06,-0.18,-0.14,-1.09,-9.43,-1.86,1.98,-0.71,1.01,-0.10,-27.571303,-48.452176,11
23.47,93222.10,65.51,697.46,-0.31,0.45,0.36,-10.14,0.02,1.00,-1.96,1.52,0.78,-27.571302,-48.452171,8
23.47,93228.84,65.00,696.86,-0.87,0.08,0.72,-8.82,1.38,2.59,-2.08,0.38,1.71,-27.571300,-48.452166,12
23.47,93235.58,64.11,696.26,0.03,-0.35,0.49,-8.78,2.59,1.40,-0.64,-0.16,1.24,-27.571298,-48.452161,12
23.48,93242.32,66.18,695.66,0.15,-0.30,-0.21,-9.72,3.84,2.74,-1.96,-1.16,-0.14,-27.571296,-48.452156,11
23.48,93249.05,64.49,695.06,-1.18,-0.05,-0.19,-8.94,5.88,2.16,-2.85,-0.63,-0.77,-27.571294,-48.452151,8
23.49,93255.79,64.33,694.46,0.23,-0.25,-0.27,-7.70,6.94,2.06,-0.43,-1.37,-1.55,-27.571293,-48.452145,9
23.49,93262.53,63.22,693.86,-0.13,-0.09,0.68,-6.07,7.51,1.32,1.11,-1.29,-0.85,-27.571291,-48.452140,10
23.49,93269.27,64.08,693.26,0.09,0.04,-0.79,-4.67,8.73,1.71,1.85,-0.57,-2.12,-27.571289,-48.452135,8
23.50,93276.01,64.45,692.66,-0.15,0.75,0.50,-3.77,8.79,2.38,1.39,1.06,-1.43,-27.571287,-48.452130,8
23.50,93282.75,65.97,692.06,-0.28,0.12,0.06,-2.44,9.19,1.91,1.33,0.10,0.52,-27.571285,-48.452125,10
23.51,93289.50,64.07,691.46,0.49,0.26,1.24,-0.74,9.73,1.97,1.44,1.30,0.43,-27.571284,-48.452120,10
23.51,93296.24,64.04,690.86,1.05,0.24,-0.09,0.73,10.00,2.72,2.16,1.80,-0.48,-27.571282,-48.452115,8
23.51,93302.98,63.99,690.26,-0.23,1.38,0.30,2.23,9.24,1.50,0.43,3.32,0.94,-27.571280,-48.452110,10
23.52,93309.72,64.96,689.66,-0.50,-0.56,-0.34,3.93,8.91,1.32,-0.63,0.03,0.73,-27.571278,-48.452105,9
23.52,93316.47,64.01,689.06,-0.66,-0.44,-0.44,4.52,9.80,2.11,-0.99,1.27,0.52,-27.571277,-48.452100,11
23.53,93323.21,64.39,688.46,0.01,0.67,0.19,6.05,8.06,1.58,-0.43,1.54,1.84,-27.571275,-48.452095,9
23.53,93329.95,63.27,687.86,0.10,0.62,0.41,6.91,6.98,0.86,-0.98,0.30,2.53,-27.571273,-48.452090,10
23.53,93336.70,63.56,687.26,-0.08,0.44,-0.81,7.92,6.31,0.42,-1.98,-0.00,-0.43,-27.571271,-48.452085,10
23.54,93343.44,63.41,686.66,0.59,-0.20,0.18,8.19,4.85,-0.00,-1.03,-1.74,1.13,-27.571269,-48.452080,11
23.54,93350.18,63.64,686.06,-0.47,-0.05,0.05,10.23,3.95,-0.42,-1.75,-1.28,0.96,-27.571268,-48.452074,10
23.54,93356.93,65.36,685.46,0.06,0.13,-0.87,10.38,1.77,0.69,0.02,-0.87,-0.30,-27.571266,-48.452069,9
23.55,93363.68,64.25,684.86,0.29,-0.33,-0.16,10.04,0.21,-0.20,-0.14,-1.51,0.20,-27.571264,-48.452064,9
23.55,93370.42,65.01,684.26,-0.27,0.35,-0.16,9.88,-1.36,-0.36,0.80,-0.02,-0.72,-27.571262,-48.452059,8
23.56,93377.17,64.53,683.66,-0.43,-0.87,-0.37,9.41,-3.55,-0.56,0.12,-1.57,-1.50,-27.571260,-48.452054,9
23.56,93383.91,65.39,683.06,-0.69,0.91,-0.57,9.04,-3.88,-0.75,1.05,1.57,-1.94,-27.571259,-48.452049,8
23.56,93390.66,62.90,682.46,0.34,0.49,0.27,8.20,-5.61,-1.09,1.58,0.98,-1.22,-27.571257,-48.452044,9
23.57,93397.41,64.87,681.86,0.98,-0.02,0.49,7.22,-6.87,0.15,2.94,2.39,-0.88,-27.571255,-48.452039,9
23.57,93404.16,66.54,681.26,0.22,0.26,0.18,7.02,-8.45,-0.99,1.34,2.12,-0.27,-27.571253,-48.452034,9
23.58,93410.91,63.00,680.66,-0.38,0.97,0.15,4.93,-9.47,-1.15,0.73,2.04,-0.69,-27.571251,-48.452029,8
23.58,93417.65,63.62,680.06,0.57,0.22,0.55,3.95,-9.04,-0.81,-0.42,0.77,0.30,-27.571250,-48.452024,9
23.58,93424.40,64.70,679.46,0.40,-0.01,1.17,1.35,-9.44,-0.75,0.17,0.59,3.04,-27.571248,-48.452019,8
23.59,93431.15,65.27,678.86,0.45,0.44,0.74,1.07,-9.84,-1.87,-0.32,0.50,1.55,-27.571246,-48.452014,8
23.59,93437.90,65.56,678.26,0.47,-0.30,-0.20,-0.94,-9.02,-0.68,-1.25,-0.47,1.13,-27.571244,-48.452009,8
23.60,93444.65,64.53,677.66,0.77,-0.98,-0.89,-2.45,-9.55,-1.47,-1.16,-1.42,1.11,-27.571242,-48.452004,12
23.60,93451.40,65.93,677.06,0.08,-0.25,0.26,-3.23,-9.72,-2.99,-0.71,-0.82,1.35,-27.571241,-48.451998,8
23.60,93458.16,63.62,676.46,0.08,0.18,0.90,-4.87,-9.06,-2.00,-0.97,-1.42,1.87,-27.571239,-48.451993,10
23.61,93464.91,64.34,675.86,0.17,0.08,0.34,-6.53,-7.17,-2.24,0.12,0.04,0.73,-27.571237,-48.451988,11
23.61,93471.66,64.39,675.26,0.58,-0.06,0.52,-8.16,-6.54,-2.10,0.48,-0.36,1.57,-27.571235,-48.451983,9
23.61,93478.41,64.13,674.66,-0.08,0.26,0.04,-8.05,-5.34,-2.47,0.73,0.61,-0.47,-27.571233,-48.451978,9
23.62,93485.16,64.54,674.06,-0.64,0.34,0.23,-9.02,-4.90,-1.48,0.48,0.85,-0.87,-27.571232,-48.451973,8
23.62,93491.92,64.57,673.46,0.06,-0.04,-1.21,-9.66,-2.26,-0.75,1.85,1.21,-2.42,-27.571230,-48.451968,8
23.63,93498.67,64.97,672.86,-0.28,0.42,-0.32,-10.00,-2.32,-1.97,1.26,2.12,-2.56,-27.571228,-48.451963,10
23.63,93505.42,63.12,672.26,0.10,-1.04,-0.10,-9.28,0.79,-1.73,1.26,0.59,-1.54,-27.571226,-48.451958,9
23.63,93512.18,65.63,671.66,-0.17,-1.01,-0.42,-10.42,1.68,-1.57,1.10,-0.45,-1.22,-27.571224,-48.451953,10
23.64,93518.93,64.87,671.06,0.96,-1.46,-0.68,-8.81,3.16,-1.47,1.13,-1.05,-1.67,-27.571223,-48.451948,9
23.64,93525.69,65.51,670.46,-0.35,-0.24,0.15,-9.27,4.00,-1.36,-0.84,-0.60,-0.04,-27.571221,-48.451943,10
23.65,93532.44,65.06,669.86,-0.43,-0.25,0.48,-8.36,5.41,-1.05,-1.50,-2.05,0.43,-27.571219,-48.451938,11
23.65,93539.20,64.41,669.26,-0.52,-0.13,0.55,-6.42,6.28,-1.11,-1.31,-2.29,0.95,-27.571217,-48.451933,11
23.65,93545.96,64.67,668.66,0.77,-0.38,-0.62,-6.40,7.34,-0.91,-0.38,-2.46,0.32,-27.571215,-48.451928,9
23.66,93552.71,65.26,668.06,-0.76,0.83,-0.41,-5.63,9.63,0.20,-2.76,-0.92,0.84,-27.571214,-48.451922,10
23.66,93559.47,64.11,667.46,-0.28,-0.06,-0.37,-4.10,9.49,-1.09,-1.58,-1.74,2.07,-27.571212,-48.451917,10
23.67,93566.23,64.82,666.86,-0.09,0.24,0.21,-2.22,11.02,-0.08,-0.36,0.21,1.23,-27.571210,-48.451912,9
23.67,93572.98,63.89,666.26,0.42,0.73,0.11,-1.07,9.65,-0.33,0.63,0.44,1.24,-27.571208,-48.451907,9
23.67,93579.74,65.00,665.66,0.86,0.40,0.47,-0.42,10.48,0.40,0.80,0.85,2.20,-27.571206,-48.451902,10
23.68,93586.50,65.52,665.06,0.39,-0.30,0.82,2.82,9.49,-0.01,0.75,0.09,0.87,-27.571205,-48.451897,8
23.68,93593.26,65.70,664.46,0.00,-0.29,0.78,3.41,9.55,0.70,1.65,1.73,0.82,-27.571203,-48.451892,12
23.68,93600.02,64.57,663.86,0.28,-0.23,0.26,5.68,9.75,0.67,0.89,1.65,-0.76,-27.571201,-48.451887,10
23.69,93606.78,65.42,663.26,0.31,-0.35,0.55,5.53,7.35,0.87,1.83,0.65,-0.46,-27.571199,-48.451882,11
23.69,93613.54,65.64,662.66,-0.21,0.00,0.59,7.34,7.35,1.24,0.57,0.37,-1.82,-27.571197,-48.451877,12
23.70,93620.30,66.06,662.06,-0.50,-0.62,-0.61,8.47,5.88,0.52,1.09,-1.45,-2.50,-27.571196,-48.451872,12
23.70,93627.06,64.68,661.46,0.53,0.73,0.02,9.41,4.08,1.56,0.27,0.21,-1.81,-27.571194,-48.451867,12
23.70,93633.82,64.45,660.86,0.37,-0.23,-0.07,9.65,3.33,1.05,-0.31,-0.77,-1.67,-27.571192,-48.451862,10
23.71,93640.58,63.73,660.26,0.36,0.27,0.17,9.41,1.56,2.47,-0.72,-1.16,-0.76,-27.571190,-48.451857,8
23.71,93647.35,63.87,659.66,0.50,0.56,-0.28,10.06,0.08,0.86,-1.50,-1.22,-0.39,-27.571188,-48.451851,11
23.72,93654.11,66.87,659.06,-0.11,0.30,-0.20,9.80,-1.59,1.53,-1.25,-0.93,0.38,-27.571187,-48.451846,9
23.72,93660.87,64.45,658.46,-0.39,0.02,0.47,9.68,-3.34,1.55,-1.68,-0.40,1.21,-27.571185,-48.451841,12
23.72,93667.63,62.15,657.86,-0.03,-0.05,-0.06,8.83,-3.56,1.73,-0.28,0.59,1.39,-27.571183,-48.451836,11
23.73,93674.40,64.68,657.26,-0.48,0.48,-0.96,8.19,-6.28,2.03,-0.19,0.80,0.94,-27.571181,-48.451831,11
23.73,93681.16,64.78,656.66,0.32,0.20,0.45,7.66,-6.61,0.76,-0.03,1.13,2.24,-27.571179,-48.451826,12
23.74,93687.93,62.39,656.06,-0.39,-0.43,0.34,6.05,-7.66,0.93,-0.09,0.37,1.85,-27.571178,-48.451821,11
23.74,93694.69,63.94,655.46,-0.26,0.02,-0.52,5.04,-9.17,2.29,0.59,1.11,0.68,-27.571176,-48.451816,12
23.74,93701.46,65.83,654.86,-0.39,0.41,0.55,4.28,-10.52,2.25,1.05,1.81,0.56,-27.571174,-48.451811,10
23.75,93708.22,64.05,654.26,0.28,0.64,-0.51,1.92,-10.14,1.48,2.30,1.79,-0.20,-27.571172,-48.451806,12
23.75,93714.99,65.59,653.66,-0.93,0.06,0.04,0.52,-10.31,1.49,0.66,0.82,-0.67,-27.571170,-48.451801,9
23.76,93721.76,63.33,653.06,-0.02,0.22,-0.36,0.23,-8.54,1.25,0.55,0.76,-1.00,-27.571169,-48.451796,8
23.76,93728.52,64.89,652.46,0.52,-0.72,0.05,-1.86,-9.62,0.85,1.20,-2.41,-0.50,-27.571167,-48.451791,12
23.76,93735.29,62.17,651.86,-0.11,-0.01,0.43,-4.28,-9.45,2.03,-0.51,-1.03,-1.40,-27.571165,-48.451786,10
23.77,93742.06,64.57,651.26,-0.35,-0.16,-0.25,-5.01,-8.67,1.66,-0.84,-1.10,-1.89,-27.571163,-48.451781,11
23.77,93748.83,65.26,650.66,-0.21,0.73,0.44,-5.93,-8.37,0.97,-1.43,-0.45,-0.95,-27.571162,-48.451775,12
23.77,93755.59,64.06,650.06,0.00,-0.54,0.02,-7.83,-6.97,1.13,-1.45,-1.35,-1.21,-27.571160,-48.451770,9
23.78,93762.36,63.08,649.46,0.34,0.01,-0.69,-7.73,-5.68,1.02,-1.47,-0.88,-1.33,-27.571158,-48.451765,11
23.78,93769.13,63.81,648.86,-0.36,1.14,-0.10,-10.09,-3.80,1.43,-1.15,2.48,-0.06,-27.571156,-48.451760,12
23.79,93775.90,63.73,648.26,-1.39,-0.76,-0.62,-10.02,-3.40,-0.03,-2.54,-0.52,0.44,-27.571154,-48.451755,9
23.79,93782.67,63.80,647.66,-0.74,-0.53,0.48,-9.82,-0.41,0.74,-0.89,1.01,0.77,-27.571153,-48.451750,11
23.79,93789.44,65.59,647.06,-0.24,0.31,-0.05,-10.19,0.07,-0.51,0.01,2.23,0.84,-27.571151,-48.451745,12
23.80,93796.21,63.48,646.46,-0.08,0.02,-0.14,-9.75,1.45,0.37,0.14,1.02,1.10,-27.571149,-48.451740,12
23.80,93802.98,62.88,645.86,-0.52,0.07,-0.04,-8.29,3.23,0.28,1.16,1.09,0.95,-27.571147,-48.451735,9
23.81,93809.76,66.22,645.26,0.02,-0.34,0.56,-9.73,5.17,-1.73,1.37,0.90,2.14,-27.571145,-48.451730,8
23.81,93816.53,64.18,644.66,1.24,-0.30,0.74,-8.59,5.66,-0.92,3.47,-0.13,1.55,-27.571144,-48.451725,9
23.81,93823.30,64.65,644.06,0.33,-0.40,-0.41,-7.47,6.58,-0.72,1.25,-1.96,0.62,-27.571142,-48.451720,10
23.82,93830.07,61.98,643.46,0.44,0.28,-0.70,-6.10,7.53,-0.42,1.17,-0.40,0.07,-27.571140,-48.451715,11
23.82,93836.85,65.62,642.86,-0.75,-0.99,-0.72,-5.22,7.75,-1.60,-0.22,-2.43,-1.53,-27.571138,-48.451710,9
23.83,93843.62,64.70,642.26,-0.07,-0.75,-0.11,-3.93,9.33,-1.10,0.26,-2.76,-1.93,-27.571136,-48.451705,11
23.83,93850.39,66.00,641.66,-0.17,-0.72,0.31,-1.95,9.84,-2.23,-0.54,-1.55,-0.74,-27.571135,-48.451699,8
23.83,93857.17,65.27,641.06,-0.22,0.14,0.94,-1.23,10.24,-2.12,-0.86,0.34,-0.91,-27.571133,-48.451694,10
23.84,93863.94,64.22,640.46,-1.68,0.17,0.05,0.59,9.34,-2.12,-2.55,0.45,-1.09,-27.571131,-48.451689,8
23.84,93870.72,64.25,639.86,-0.28,0.34,0.26,1.77,9.52,-2.02,-1.07,0.91,-0.75,-27.571129,-48.451684,9
23.84,93877.49,64.46,639.26,-0.82,0.45,0.54,3.65,8.59,-1.72,-2.65,1.18,-0.12,-27.571127,-48.451679,10
23.85,93884.27,64.70,638.66,-0.30,0.84,0.17,5.52,9.25,-1.76,-1.56,2.53,0.83,-27.571126,-48.451674,9
23.85,93891.05,65.45,638.06,-0.18,0.52,0.80,6.40,7.71,-2.31,-0.57,2.27,0.88,-27.571124,-48.451669,10
23.86,93897.82,63.23,637.46,-0.15,-0.90,-0.02,7.36,8.06,-1.49,-0.38,-0.15,0.90,-27.571122,-48.451664,12
23.86,93904.60,65.54,636.86,0.82,0.24,-0.19,8.78,6.56,-2.23,0.67,0.95,1.11,-27.571120,-48.451659,10
23.86,93911.38,63.90,636.26,0.25,-0.92,0.22,9.62,4.22,-2.42,0.56,-1.03,2.50,-27.571118,-48.451654,10
23.87,93918.16,65.58,635.66,-0.44,-0.15,-0.46,11.02,3.25,-2.18,1.00,-1.16,1.40,-27.571117,-48.451649,11
23.87,93924.94,62.48,635.06,-0.01,-0.23,0.05,10.47,1.64,-1.99,1.31,-0.56,1.03,-27.571115,-48.451644,8
23.88,93931.71,65.50,634.46,0.16,-0.91,0.02,9.06,0.41,-1.71,2.45,-2.32,1.12,-27.571113,-48.451639,9
23.88,93938.49,63.13,633.86,-0.75,-0.68,0.38,10.52,-2.10,-1.97,0.27,-2.76,1.98,-27.571111,-48.451634,8
23.88,93945.27,65.88,633.26,-0.02,-0.02,0.37,9.59,-3.00,-1.28,0.19,-1.39,0.70,-27.571109,-48.451628,10
23.89,93952.05,64.28,632.66,-0.33,-0.16,-0.58,8.63,-4.48,-1.78,-0.63,-0.92,-0.09,-27.571108,-48.451623,10
23.89,93958.83,66.10,632.06,-0.13,0.76,-0.32,8.83,-5.55,-0.94,-0.66,0.47,-1.54,-27.571106,-48.451618,12
23.90,93965.61,64.91,631.46,-0.36,-0.08,0.83,7.31,-6.61,-1.75,-2.00,1.12,0.49,-27.571104,-48.451613,8
23.90,93972.39,64.42,630.86,0.05,-0.77,-0.90,5.72,-7.62,-0.05,-1.25,-0.13,-2.12,-27.571102,-48.451608,12
23.90,93979.18,66.09,630.26,-0.51,0.85,0.20,4.68,-9.02,-0.22,-1.80,2.66,-1.39,-27.571100,-48.451603,9
23.91,93985.96,63.52,629.66,0.59,-0.30,0.62,3.30,-9.80,-0.77,-0.77,1.21,-1.03,-27.571099,-48.451598,10
23.91,93992.74,67.83,629.06,0.17,-0.23,0.24,1.34,-9.50,1.23,-0.51,0.68,-0.75,-27.571097,-48.451593,12
23.92,93999.52,63.73,628.46,0.29,0.05,-0.13,0.50,-9.39,0.11,-0.24,1.59,0.34,-27.571095,-48.451588,8
23.92,94006.31,65.09,627.86,-0.09,-0.10,0.78,-1.06,-10.98,0.64,-0.07,0.02,0.55,-27.571093,-48.451583,12
23.92,94013.09,63.92,627.26,-0.34,-0.46,-0.62,-1.51,-9.59,0.25,0.68,-0.51,-0.56,-27.571091,-48.451578,12
23.93,94019.87,65.49,626.66,0.84,0.05,0.98,-4.37,-10.16,1.02,1.40,-1.20,3.06,-27.571090,-48.451573,10
23.93,94026.66,64.65,626.06,0.66,0.36,0.56,-5.63,-8.31,1.69,2.09,-0.70,1.00,-27.571088,-48.451568,8
23.93,94033.44,65.15,625.46,0.54,-0.80,-0.02,-7.48,-8.10,1.63,1.98,-1.92,1.82,-27.571086,-48.451563,12
23.94,94040.23,65.45,624.86,0.43,-0.45,0.54,-7.33,-7.24,1.71,1.22,-1.37,2.11,-27.571084,-48.451558,11
23.94,94047.01,63.92,624.26,-0.48,-0.15,-0.26,-6.98,-5.08,1.29,0.34,-0.61,1.53,-27.571082,-48.451552,10
23.95,94053.80,64.32,623.66,-0.19,0.38,-0.02,-8.98,-3.42,1.88,0.02,-0.33,1.83,-27.571081,-48.451547,9
23.95,94060.59,64.87,623.06,0.07,-0.11,-0.33,-9.43,-2.38,1.41,-0.57,-0.22,0.48,-27.571079,-48.451542,9
23.95,94067.37,64.83,622.46,0.12,0.56,-0.80,-8.70,-0.79,1.83,-1.53,1.39,-1.54,-27.571077,-48.451537,9
23.96,94074.16,65.56,621.86,0.19,-0.00,-0.73,-9.99,-0.43,2.12,-1.36,1.46,-1.63,-27.571075,-48.451532,8
23.96,94080.95,65.99,621.26,0.72,0.19,-0.25,-9.39,1.06,1.83,-0.83,2.00,-1.16,-27.571073,-48.451527,8
23.97,94087.74,65.41,620.66,-0.09,0.40,0.11,-8.80,2.76,3.31,-1.98,1.07,-0.80,-27.571072,-48.451522,8
23.97,94094.52,63.29,620.06,0.40,0.65,-1.24,-8.23,4.38,1.08,-0.74,1.78,-3.06,-27.571070,-48.451517,10
23.97,94101.31,66.03,619.46,-0.91,-0.21,-0.07,-8.57,6.12,2.54,-0.72,0.89,-1.41,-27.571068,-48.451512,11
23.98,94108.10,64.66,618.86,0.05,-0.03,-0.52,-6.99,6.96,2.54,0.89,-0.23,-1.69,-27.571066,-48.451507,9
23.98,94114.89,64.31,618.26,-0.15,-0.16,0.78,-5.37,6.98,2.39,-0.38,-1.40,-0.61,-27.571064,-48.451502,11
23.99,94121.68,62.12,617.66,0.22,-0.59,-0.13,-4.95,9.18,1.67,1.18,-2.32,-0.21,-27.571063,-48.451497,9
23.99,94128.47,65.91,617.06,1.04,0.35,-0.49,-3.35,9.23,1.86,2.33,-1.02,-0.42,-27.571061,-48.451492,9
23.99,94135.26,64.24,616.46,0.06,0.58,-0.14,-2.70,9.99,1.50,2.13,-0.75,0.74,-27.571059,-48.451487,9
24.00,94142.05,63.71,615.86,0.28,0.20,-0.18,0.08,10.85,2.07,1.55,-1.43,1.55,-27.571057,-48.451481,11
24.00,94148.84,65.66,615.26,-0.88,-0.17,0.54,1.47,9.91,2.06,-0.85,-0.67,1.62,-27.571056,-48.451476,8
24.00,94155.64,65.01,614.66,0.95,1.01,0.14,1.35,9.79,1.33,1.26,1.32,1.70,-27.571054,-48.451471,9
24.01,94162.43,65.11,614.06,-0.27,0.74,0.68,3.85,8.91,0.91,-0.48,1.33,1.75,-27.571052,-48.451466,12
24.01,94169.22,63.30,613.46,0.12,-0.28,0.58,6.20,9.04,1.15,-0.16,0.11,2.04,-27.571050,-48.451461,12
24.02,94176.01,63.34,612.86,0.24,-0.67,-0.50,5.85,7.33,0.70,-1.12,0.99,-0.31,-27.571048,-48.451456,11
24.02,94182.81,63.76,612.26,0.18,0.51,0.06,7.61,5.77,-0.19,-1.41,1.85,0.67,-27.571047,-48.451451,10
24.02,94189.60,66.78,611.66,1.07,-0.81,0.19,8.33,4.72,-0.04,0.38,1.13,-0.44,-27.571045,-48.451446,12
24.03,94196.40,65.84,611.06,0.09,0.83,-0.55,9.16,3.50,-0.36,-1.26,1.44,-1.21,-27.571043,-48.451441,12
24.03,94203.19,66.38,610.46,-0.70,-1.10,0.42,8.87,3.12,0.43,-1.32,-1.60,-0.54,-27.571041,-48.451436,11
24.04,94209.99,65.02,609.86,-0.83,0.32,0.08,10.45,1.89,0.31,-2.05,0.01,-1.62,-27.571039,-48.451431,12
24.04,94216.78,66.26,609.26,1.09,-0.04,0.00,9.96,-0.39,-0.24,0.87,-1.64,-1.27,-27.571038,-48.451426,10
24.04,94223.58,66.40,608.66,-0.59,0.03,0.40,10.04,-2.49,-0.17,0.62,-2.00,0.02,-27.571036,-48.451421,10
24.05,94230.37,63.51,608.06,-0.23,-0.11,-0.42,9.69,-3.15,-0.53,0.56,-1.44,-1.38,-27.571034,-48.451416,9
24.05,94237.17,65.39,607.46,-0.64,-0.06,1.24,9.38,-5.17,-0.23,1.12,-1.08,1.02,-27.571032,-48.451411,9
24.06,94243.97,64.92,606.86,-0.30,0.73,0.51,8.50,-6.79,-0.29,1.00,0.37,0.72,-27.571030,-48.451405,9
24.06,94250.76,63.47,606.26,-0.73,0.20,-0.07,7.07,-7.92,-0.88,0.56,-0.42,0.79,-27.571029,-48.451400,9
24.06,94257.56,65.29,605.66,0.19,0.04,0.43,5.23,-7.91,-0.27,1.08,0.07,1.48,-27.571027,-48.451395,9
24.07,94264.36,64.67,605.06,0.19,0.03,-0.48,4.97,-8.89,-1.92,1.25,1.50,0.61,-27.571025,-48.451390,11
24.07,94271.16,65.29,604.46,0.19,-0.09,-0.09,2.85,-8.40,-0.71,-0.87,0.99,0.74,-27.571023,-48.451385,11
24.07,94277.96,65.20,603.86,0.09,0.57,0.66,1.90,-9.31,-2.07,-0.74,2.52,1.79,-27.571021,-48.451380,10
